ISO-10303-21;
HEADER;
FILE_DESCRIPTION (( 'STEP AP214' ),
    '1' );
FILE_NAME ('73391-0060.STEP',
    '2022-01-10T04:06:36',
    ( '' ),
    ( '' ),
    'SwSTEP 2.0',
    'SolidWorks 2017',
    '' );
FILE_SCHEMA (( 'AUTOMOTIVE_DESIGN' ));
ENDSEC;

DATA;
#1 = DIRECTION ( 'NONE',  ( -0.0000000000000000000, -1.000000000000000000, -0.0000000000000000000 ) ) ;
#2 = ORIENTED_EDGE ( 'NONE', *, *, #4812, .T. ) ;
#3 = CARTESIAN_POINT ( 'NONE',  ( -1.974866646252330800E-016, 7.615625000963502700, -3.225201989058902100 ) ) ;
#4 = DIRECTION ( 'NONE',  ( 0.0000000000000000000, 0.0000000000000000000, -1.000000000000000000 ) ) ;
#5 = CARTESIAN_POINT ( 'NONE',  ( -0.3150987235112563400, 3.000000000000000000, -2.697642543859652100 ) ) ;
#6 = ORIENTED_EDGE ( 'NONE', *, *, #3301, .F. ) ;
#7 = CARTESIAN_POINT ( 'NONE',  ( 1.293713046754688700, 4.525001125089585400, -2.899471387166683300 ) ) ;
#8 = CARTESIAN_POINT ( 'NONE',  ( -2.793106854861110200, 3.793865741704244500, 1.612600994529452600 ) ) ;
#9 = CARTESIAN_POINT ( 'NONE',  ( 0.0000000000000000000, 0.0000000000000000000, 0.0000000000000000000 ) ) ;
#10 = CARTESIAN_POINT ( 'NONE',  ( 3.178818931451388600, 7.838315972212586600, -3.892930429470952600E-016 ) ) ;
#11 = CARTESIAN_POINT ( 'NONE',  ( 3.175000000000001200, 6.454398150075155300, 1.833087104677060500 ) ) ;
#12 = CARTESIAN_POINT ( 'NONE',  ( -1.974866646252330800E-016, 5.675347223185726300, -3.225201989058902100 ) ) ;
#13 = CARTESIAN_POINT ( 'NONE',  ( -2.718822822103702700, 2.674981698795714500, -0.08167460948806321000 ) ) ;
#14 = PLANE ( 'NONE',  #989 ) ;
#15 = EDGE_CURVE ( 'NONE', #4852, #3486, #3283, .T. ) ;
#16 = CARTESIAN_POINT ( 'NONE',  ( -0.1781494192096830000, 3.297385858539014800, 2.744932634449706500 ) ) ;
#17 = EDGE_LOOP ( 'NONE', ( #314, #841 ) ) ;
#18 = CARTESIAN_POINT ( 'NONE',  ( -2.793106854861110700, 7.086458334296836800, 0.0000000000000000000 ) ) ;
#19 = CARTESIAN_POINT ( 'NONE',  ( -2.725348722510357600, 3.095092443928611800, -0.3673890659218747000 ) ) ;
#20 = ORIENTED_EDGE ( 'NONE', *, *, #1617, .T. ) ;
#21 = ORIENTED_EDGE ( 'NONE', *, *, #1822, .F. ) ;
#22 = CARTESIAN_POINT ( 'NONE',  ( -1.396553427430555500, 3.617476852815355100, -2.418901491794176900 ) ) ;
#23 = EDGE_CURVE ( 'NONE', #3891, #2895, #4943, .T. ) ;
#24 = CARTESIAN_POINT ( 'NONE',  ( -2.825048672147084000, 1.600000000000000100, 3.040000000000000500 ) ) ;
#25 = CARTESIAN_POINT ( 'NONE',  ( 3.175000000000001200, 4.249537037037038400, 1.833087104677060500 ) ) ;
#26 = CARTESIAN_POINT ( 'NONE',  ( -1.587499999999997500, 8.394675927852929900, 2.749630657015593700 ) ) ;
#27 = AXIS2_PLACEMENT_3D ( 'NONE', #4398, #3207, #4821 ) ;
#28 = ORIENTED_EDGE ( 'NONE', *, *, #4634, .F. ) ;
#29 = CARTESIAN_POINT ( 'NONE',  ( -3.174999999999999800, 8.835648148148148800, -1.833087104677061400 ) ) ;
#30 = CARTESIAN_POINT ( 'NONE',  ( -2.744965553210206600, 2.702211990849673100, 0.1777639208845253900 ) ) ;
#31 = DIRECTION ( 'NONE',  ( 0.0000000000000000000, 0.0000000000000000000, 1.000000000000000000 ) ) ;
#32 = CARTESIAN_POINT ( 'NONE',  ( -2.697642543859576100, 2.916159197737783000, 0.3150987235118656300 ) ) ;
#33 = AXIS2_PLACEMENT_3D ( 'NONE', #692, #665, #2206 ) ;
#34 = CARTESIAN_POINT ( 'NONE',  ( -1.396553427430553300, 6.498495371333873100, 2.418901491794178200 ) ) ;
#35 = EDGE_LOOP ( 'NONE', ( #331, #2867, #4242, #2117, #2787, #1844, #311, #78 ) ) ;
#36 = CARTESIAN_POINT ( 'NONE',  ( -3.039999999999998700, -4.129999999999999900, -2.825048672147085300 ) ) ;
#37 = LINE ( 'NONE', #2411, #3772 ) ;
#38 = DIRECTION ( 'NONE',  ( -0.0000000000000000000, -1.000000000000000000, -0.0000000000000000000 ) ) ;
#39 = CARTESIAN_POINT ( 'NONE',  ( 1.396553427430554700, 7.734999121333872900, -2.418901491794177300 ) ) ;
#40 = CARTESIAN_POINT ( 'NONE',  ( 0.4717840607735703800, 7.340000000000001600, -0.1016000000000000100 ) ) ;
#41 = VERTEX_POINT ( 'NONE', #4373 ) ;
#42 = CARTESIAN_POINT ( 'NONE',  ( -3.174999999999998900, 3.308796296296297800, 1.833087104677063400 ) ) ;
#43 = CARTESIAN_POINT ( 'NONE',  ( 1.587499999999999200, 8.747453705630709600, -2.749630657015592800 ) ) ;
#44 = CARTESIAN_POINT ( 'NONE',  ( -3.174999999999999800, 8.894444444444445700, 0.0000000000000000000 ) ) ;
#45 = VERTEX_POINT ( 'NONE', #4686 ) ;
#46 = CYLINDRICAL_SURFACE ( 'NONE', #2175, 3.174999999999999800 ) ;
#47 = DIRECTION ( 'NONE',  ( 0.0000000000000000000, 1.000000000000000000, 0.0000000000000000000 ) ) ;
#48 = ORIENTED_EDGE ( 'NONE', *, *, #3808, .T. ) ;
#49 = DIRECTION ( 'NONE',  ( -0.0000000000000000000, 1.000000000000000000, -0.0000000000000000000 ) ) ;
#50 = VECTOR ( 'NONE', #1704, 1000.000000000000000 ) ;
#51 = CARTESIAN_POINT ( 'NONE',  ( 1.587500000000001700, 4.896296296296299000, 2.749630657015592000 ) ) ;
#52 = CARTESIAN_POINT ( 'NONE',  ( -3.147463178057772600, 8.174996876044582800, -0.4172627955599315100 ) ) ;
#53 = B_SPLINE_CURVE_WITH_KNOTS ( 'NONE', 3,
 ( #3443, #2267, #1040, #1110, #3105, #3092, #4681, #4271, #3463, #237 ),
 .UNSPECIFIED., .F., .F.,
 ( 4, 2, 2, 2, 4 ),
 ( 0.001017242831404107900, 0.001270501134050712200, 0.001523759436697316700, 0.001777017739343921000, 0.002030276041990525300 ),
 .UNSPECIFIED. ) ;
#54 = CARTESIAN_POINT ( 'NONE',  ( 1.468861837396032900, 8.331765195103674400, 2.643710414976503400 ) ) ;
#55 = EDGE_CURVE ( 'NONE', #3749, #4652, #838, .T. ) ;
#56 = VECTOR ( 'NONE', #2251, 1000.000000000000000 ) ;
#57 = EDGE_CURVE ( 'NONE', #3867, #4586, #2035, .T. ) ;
#58 = CARTESIAN_POINT ( 'NONE',  ( -1.587500000000297900, 6.895370370370717000, 2.749630657016113800 ) ) ;
#59 = CARTESIAN_POINT ( 'NONE',  ( 0.8507386859572913000, 5.574564395776198100, 3.175000000006656300 ) ) ;
#60 = CARTESIAN_POINT ( 'NONE',  ( -2.793106854861111100, 5.794721343556096500, -1.612600994529450800 ) ) ;
#61 = UNCERTAINTY_MEASURE_WITH_UNIT (LENGTH_MEASURE( 1.000000000000000100E-005 ), #4618, 'distance_accuracy_value', 'NONE');
#62 = ORIENTED_EDGE ( 'NONE', *, *, #1254, .T. ) ;
#63 = CARTESIAN_POINT ( 'NONE',  ( -1.589409465725694700, 8.779056712953329000, -2.752937948667806700 ) ) ;
#64 = CARTESIAN_POINT ( 'NONE',  ( -2.793106854861110700, 9.203125000963503100, 0.0000000000000000000 ) ) ;
#65 = CARTESIAN_POINT ( 'NONE',  ( 1.587499999999999200, 8.659259259259259900, -2.749630657015592800 ) ) ;
#66 = CARTESIAN_POINT ( 'NONE',  ( -2.725347158856263400, 2.905793455769302800, 0.3674006858998034000 ) ) ;
#67 = VERTEX_POINT ( 'NONE', #1154 ) ;
#68 = CARTESIAN_POINT ( 'NONE',  ( -0.1912030574094109600, 3.331313600193750400, -2.744198712723973100 ) ) ;
#69 = CARTESIAN_POINT ( 'NONE',  ( -2.850000000000000100, 3.000000000000000000, 0.0000000000000000000 ) ) ;
#70 = ADVANCED_FACE ( 'NONE', ( #2160, #1022 ), #651, .T. ) ;
#71 = CARTESIAN_POINT ( 'NONE',  ( -2.306658106603503800E-014, 5.190277777777779100, -3.174999999999998900 ) ) ;
#72 = ORIENTED_EDGE ( 'NONE', *, *, #2672, .T. ) ;
#73 = CARTESIAN_POINT ( 'NONE',  ( 0.0000000000000000000, 0.0000000000000000000, 0.0000000000000000000 ) ) ;
#74 = CARTESIAN_POINT ( 'NONE',  ( 0.7593489434846525400, 8.314272171301095000, 2.945471920794851000 ) ) ;
#75 = CARTESIAN_POINT ( 'NONE',  ( 3.039999999999999600, 1.600000000000000100, -2.825048672147085300 ) ) ;
#76 = CARTESIAN_POINT ( 'NONE',  ( -2.793106854861110700, 7.264628750963503900, 0.0000000000000000000 ) ) ;
#77 = DIRECTION ( 'NONE',  ( -1.000000000000000000, 0.0000000000000000000, 1.535127069738579100E-016 ) ) ;
#78 = ORIENTED_EDGE ( 'NONE', *, *, #4423, .F. ) ;
#79 = CARTESIAN_POINT ( 'NONE',  ( -3.178818931451389100, 9.543408564805179900, -1.835291965778537400 ) ) ;
#80 = CARTESIAN_POINT ( 'NONE',  ( 2.793106854861110700, 8.909143519482020300, -1.612600994529452200 ) ) ;
#81 = CARTESIAN_POINT ( 'NONE',  ( 0.0000000000000000000, 6.383128419472075000, 0.0000000000000000000 ) ) ;
#82 = CARTESIAN_POINT ( 'NONE',  ( 0.6268193041060558000, 4.770000000000001400, -0.1016000000000000100 ) ) ;
#83 = DIRECTION ( 'NONE',  ( -0.0000000000000000000, 1.000000000000000000, 0.0000000000000000000 ) ) ;
#84 = ORIENTED_EDGE ( 'NONE', *, *, #1552, .T. ) ;
#85 = CARTESIAN_POINT ( 'NONE',  ( -1.587500000000052500, 6.748379631556574900, -2.749630657015683000 ) ) ;
#86 = EDGE_CURVE ( 'NONE', #1929, #3236, #2782, .T. ) ;
#87 = CARTESIAN_POINT ( 'NONE',  ( -2.449626233515164400, 8.235111043016287300, -1.956907176969735300 ) ) ;
#88 = ORIENTED_EDGE ( 'NONE', *, *, #5010, .F. ) ;
#89 = CARTESIAN_POINT ( 'NONE',  ( 3.175000000000336900, 6.513194446371255900, -3.888253587293258300E-016 ) ) ;
#90 = CARTESIAN_POINT ( 'NONE',  ( 2.822918649610548100, 4.414443810144515400, 1.243297724846696500 ) ) ;
#91 = CARTESIAN_POINT ( 'NONE',  ( -1.974866646252330800E-016, 6.382684306519058400, -3.225201989058902100 ) ) ;
#92 = ADVANCED_FACE ( 'NONE', ( #5217 ), #2030, .F. ) ;
#93 = CARTESIAN_POINT ( 'NONE',  ( 0.0000000000000000000, 4.770000000000001400, 0.0000000000000000000 ) ) ;
#94 = CARTESIAN_POINT ( 'NONE',  ( 3.178818931451389900, 4.957297453694069500, 1.835291965778536500 ) ) ;
#95 = CARTESIAN_POINT ( 'NONE',  ( 6.734652765903158200E-016, 4.220138890815894300, 3.666174209354123200 ) ) ;
#96 = ORIENTED_EDGE ( 'NONE', *, *, #23, .T. ) ;
#97 = FACE_BOUND ( 'NONE', #1220, .T. ) ;
#98 = CARTESIAN_POINT ( 'NONE',  ( -0.4914219711087960400, 8.532281636110091900, -2.777306877383586900 ) ) ;
#99 = CARTESIAN_POINT ( 'NONE',  ( -0.3274897295624500400, 3.193693618664621900, -2.731288278653448900 ) ) ;
#100 = CARTESIAN_POINT ( 'NONE',  ( 0.0000000000000000000, 0.0000000000000000000, 0.0000000000000000000 ) ) ;
#101 = VERTEX_POINT ( 'NONE', #1874 ) ;
#102 = VECTOR ( 'NONE', #248, 1000.000000000000000 ) ;
#103 = CARTESIAN_POINT ( 'NONE',  ( 2.793106854861111100, 4.558217593556095800, 1.612600994529450200 ) ) ;
#104 = AXIS2_PLACEMENT_3D ( 'NONE', #1635, #5262, #2811 ) ;
#105 = VERTEX_POINT ( 'NONE', #3431 ) ;
#106 = CARTESIAN_POINT ( 'NONE',  ( -0.3150919155324293800, 3.002137639031063000, -2.697643460050254600 ) ) ;
#107 = ORIENTED_EDGE ( 'NONE', *, *, #3575, .T. ) ;
#108 = EDGE_LOOP ( 'NONE', ( #2926, #262, #2851, #3865 ) ) ;
#109 = CIRCLE ( 'NONE', #245, 0.4825999999999999200 ) ;
#110 = CARTESIAN_POINT ( 'NONE',  ( -1.972050935027874500, 8.174999986357733000, -2.488300646952155100 ) ) ;
#111 = CARTESIAN_POINT ( 'NONE',  ( 5.924599938756993300E-016, 7.441017639852392000, 3.225201989058902100 ) ) ;
#112 = PLANE ( 'NONE',  #1166 ) ;
#113 = VECTOR ( 'NONE', #2279, 1000.000000000000000 ) ;
#114 = CARTESIAN_POINT ( 'NONE',  ( -2.247584431391540000E-016, 6.603593749990365900, -3.670583931557075200 ) ) ;
#115 = CARTESIAN_POINT ( 'NONE',  ( -3.174999999999998900, 3.396990742667746600, 1.833087104677063400 ) ) ;
#116 = DIRECTION ( 'NONE',  ( 0.0000000000000000000, 0.0000000000000000000, -1.000000000000000000 ) ) ;
#117 = VECTOR ( 'NONE', #2941, 1000.000000000000000 ) ;
#118 = EDGE_CURVE ( 'NONE', #4510, #4866, #1913, .T. ) ;
#119 = CARTESIAN_POINT ( 'NONE',  ( -2.039999999999998700, -4.129999999999999900, -3.040000000000000500 ) ) ;
#120 = CARTESIAN_POINT ( 'NONE',  ( -3.175000000000103300, 6.924768520445463900, 1.833087104677123800 ) ) ;
#121 = CARTESIAN_POINT ( 'NONE',  ( -1.974866646252330800E-016, 4.087847223185725000, -3.225201989058902100 ) ) ;
#122 = CARTESIAN_POINT ( 'NONE',  ( 5.924599938756992300E-016, 5.146180556519058600, 3.225201989058902500 ) ) ;
#123 = ADVANCED_FACE ( 'NONE', ( #2096 ), #1010, .F. ) ;
#124 = CARTESIAN_POINT ( 'NONE',  ( -0.3667740874847577600, 2.997624060207209100, 2.725431483040754000 ) ) ;
#125 = DIRECTION ( 'NONE',  ( 0.0000000000000000000, 1.000000000000000000, 0.0000000000000000000 ) ) ;
#126 = EDGE_CURVE ( 'NONE', #5201, #2895, #956, .T. ) ;
#127 = VERTEX_POINT ( 'NONE', #2784 ) ;
#128 = ORIENTED_EDGE ( 'NONE', *, *, #447, .F. ) ;
#129 = ORIENTED_EDGE ( 'NONE', *, *, #1722, .F. ) ;
#130 = CARTESIAN_POINT ( 'NONE',  ( 8.522840243913050700E-012, 5.278472224148911700, -3.174999999999998900 ) ) ;
#131 = CARTESIAN_POINT ( 'NONE',  ( -2.793106854861110200, 4.501202825037578800, 1.612600994529452600 ) ) ;
#132 = CARTESIAN_POINT ( 'NONE',  ( 1.589409465725695900, 3.487390046286662900, 2.752937948667805800 ) ) ;
#133 = CARTESIAN_POINT ( 'NONE',  ( -2.244884255301052700E-016, 5.278472224149227900, -3.666174209354123200 ) ) ;
#134 = ORIENTED_EDGE ( 'NONE', *, *, #621, .F. ) ;
#135 = FILL_AREA_STYLE ('',( #3256 ) ) ;
#136 = CARTESIAN_POINT ( 'NONE',  ( 0.0000000000000000000, 0.5000000000000000000, 0.0000000000000000000 ) ) ;
#137 = CARTESIAN_POINT ( 'NONE',  ( -2.793106854861110200, 7.145254630593133700, 1.612600994529452600 ) ) ;
#138 = CARTESIAN_POINT ( 'NONE',  ( -2.793106854861109300, 7.145254630593133700, 1.612600994529452800 ) ) ;
#139 = CARTESIAN_POINT ( 'NONE',  ( 0.3150919155356902700, 3.002137639031074100, 2.697643460049957500 ) ) ;
#140 = CARTESIAN_POINT ( 'NONE',  ( -2.697643410430466700, 2.997921052681319600, -0.3150922842482610800 ) ) ;
#141 = ORIENTED_EDGE ( 'NONE', *, *, #1395, .T. ) ;
#142 = CARTESIAN_POINT ( 'NONE',  ( -2.793106854861111100, 9.142564815778319700, -1.612600994529450800 ) ) ;
#143 = CARTESIAN_POINT ( 'NONE',  ( -2.793106854861110200, 3.090091713926466500, 1.612600994529452600 ) ) ;
#144 = ADVANCED_FACE ( 'NONE', ( #3922 ), #1468, .T. ) ;
#145 = PLANE ( 'NONE',  #2778 ) ;
#146 = CARTESIAN_POINT ( 'NONE',  ( 6.742753294174620500E-016, 4.134149305545922600, 3.670583931557075200 ) ) ;
#147 = CARTESIAN_POINT ( 'NONE',  ( 1.396553427430556700, 8.027199075037577500, 2.418901491794176500 ) ) ;
#148 = VERTEX_POINT ( 'NONE', #789 ) ;
#149 = CARTESIAN_POINT ( 'NONE',  ( -2.734844753573981300, 3.174456244555753100, 0.2965936593521364400 ) ) ;
#150 = PLANE ( 'NONE',  #3308 ) ;
#151 = CARTESIAN_POINT ( 'NONE',  ( 1.396553427430554700, 7.556828704667206700, -2.418901491794177300 ) ) ;
#152 = ORIENTED_EDGE ( 'NONE', *, *, #1966, .T. ) ;
#153 = CARTESIAN_POINT ( 'NONE',  ( 2.793106854861110700, 7.439236112074614700, -3.420569369482190000E-016 ) ) ;
#154 =( BOUNDED_SURFACE ( )  B_SPLINE_SURFACE ( 3, 2, ( 
 ( #4310, #2305, #2709 ),
 ( #291, #4450, #2176 ),
 ( #265, #2668, #1847 ),
 ( #1069, #1531, #316 ),
 ( #745, #2306, #3123 ),
 ( #3949, #3552, #4742 ),
 ( #3537, #4344, #4293 ),
 ( #696, #3106, #3892 ),
 ( #4717, #728, #3143 ),
 ( #2730, #1147, #4326 ) ),
 .UNSPECIFIED., .F., .F., .F. ) 
 B_SPLINE_SURFACE_WITH_KNOTS ( ( 4, 2, 2, 2, 4 ),
 ( 3, 3 ),
 ( 0.001143620354774592000, 0.001429525443469639500, 0.001715430532164686900, 0.002001335620859734200, 0.002287240709554781500 ),
 ( 0.0000000000000000000, 1.000000000000000000 ),
 .UNSPECIFIED. ) 
 GEOMETRIC_REPRESENTATION_ITEM ( )  RATIONAL_B_SPLINE_SURFACE ( (
 ( 1.000000000000000000, 0.8097361779316900600, 1.000000000000000000),
 ( 1.000000000000000000, 0.8094872429586889000, 1.000000000000000000),
 ( 1.000000000000000000, 0.8141397624411226300, 1.000000000000000000),
 ( 1.000000000000000000, 0.8243446324510643700, 1.000000000000000000),
 ( 1.000000000000000000, 0.8290883232386125900, 1.000000000000000000),
 ( 1.000000000000000000, 0.8292224073961913500, 1.000000000000000000),
 ( 1.000000000000000000, 0.8245731960316380300, 1.000000000000000000),
 ( 1.000000000000000000, 0.8144331032207436900, 1.000000000000000000),
 ( 1.000000000000000000, 0.8095766370074495300, 1.000000000000000000),
 ( 1.000000000000000000, 0.8097361317306209800, 1.000000000000000000) ) ) 
 REPRESENTATION_ITEM ( '' )  SURFACE ( )  );
#155 = EDGE_CURVE ( 'NONE', #3486, #4429, #1781, .T. ) ;
#156 = DIRECTION ( 'NONE',  ( 0.0000000000000000000, 0.0000000000000000000, 1.000000000000000000 ) ) ;
#157 = EDGE_CURVE ( 'NONE', #2499, #3581, #403, .T. ) ;
#158 = EDGE_CURVE ( 'NONE', #1285, #3998, #1146, .T. ) ;
#159 = ORIENTED_EDGE ( 'NONE', *, *, #722, .F. ) ;
#160 = VECTOR ( 'NONE', #3874, 1000.000000000000000 ) ;
#161 = CARTESIAN_POINT ( 'NONE',  ( 2.750081041641975400, 2.628578512043561000, 0.09426976511620702200 ) ) ;
#162 = CARTESIAN_POINT ( 'NONE',  ( -2.793106854861111100, 3.678054676889429800, -1.612600994529450800 ) ) ;
#163 = DIRECTION ( 'NONE',  ( 0.0000000000000000000, 0.0000000000000000000, -1.000000000000000000 ) ) ;
#164 = CARTESIAN_POINT ( 'NONE',  ( 1.589409465725695900, 6.309612268508884000, 2.752937948667805800 ) ) ;
#165 = CARTESIAN_POINT ( 'NONE',  ( -2.793106854861110700, 7.792013889852391600, 0.0000000000000000000 ) ) ;
#166 = EDGE_LOOP ( 'NONE', ( #4184, #2169, #2004, #1589 ) ) ;
#167 = LINE ( 'NONE', #82, #2076 ) ;
#168 = ORIENTED_EDGE ( 'NONE', *, *, #2899, .T. ) ;
#169 = DIRECTION ( 'NONE',  ( 0.0000000000000000000, 0.0000000000000000000, -1.000000000000000000 ) ) ;
#170 = FILL_AREA_STYLE_COLOUR ( '', #386 ) ;
#171 = CARTESIAN_POINT ( 'NONE',  ( 2.793106854861110700, 7.439236112074614700, -3.420569369482190000E-016 ) ) ;
#172 = LINE ( 'NONE', #1863, #2153 ) ;
#173 = CARTESIAN_POINT ( 'NONE',  ( -1.396553427430553300, 7.204050926889428800, 2.418901491794178200 ) ) ;
#174 = ADVANCED_FACE ( 'NONE', ( #323 ), #1648, .T. ) ;
#175 = VECTOR ( 'NONE', #3070, 1000.000000000000000 ) ;
#176 = ORIENTED_EDGE ( 'NONE', *, *, #4703, .T. ) ;
#177 = DIRECTION ( 'NONE',  ( -8.881784197001252300E-016, 0.0000000000000000000, 1.000000000000000000 ) ) ;
#178 = CARTESIAN_POINT ( 'NONE',  ( -9.950721815702931600E-015, 3.000000000000000000, 2.850000000000000100 ) ) ;
#179 = CIRCLE ( 'NONE', #4473, 1.729999999999999300 ) ;
#180 = LINE ( 'NONE', #5028, #5065 ) ;
#181 = DIRECTION ( 'NONE',  ( -0.0000000000000000000, -1.000000000000000000, -0.0000000000000000000 ) ) ;
#182 = CARTESIAN_POINT ( 'NONE',  ( -0.08465487690383630100, 3.324085523749163300, 2.718701449063481300 ) ) ;
#183 = CARTESIAN_POINT ( 'NONE',  ( 5.924599938756993300E-016, 3.913239862074615200, 3.225201989058902100 ) ) ;
#184 = CARTESIAN_POINT ( 'NONE',  ( 0.3667736582917401300, 3.002443016035500500, 2.725431540799235100 ) ) ;
#185 = CARTESIAN_POINT ( 'NONE',  ( 2.793106854861110700, 9.026736112074614100, -3.420569369482190000E-016 ) ) ;
#186 = FACE_OUTER_BOUND ( 'NONE', #2102, .T. ) ;
#187 = CARTESIAN_POINT ( 'NONE',  ( 2.718822822103702700, 2.674981698795714500, 0.08167460948806321000 ) ) ;
#188 = DIRECTION ( 'NONE',  ( 0.0000000000000000000, 0.0000000000000000000, -1.000000000000000000 ) ) ;
#189 = EDGE_CURVE ( 'NONE', #2220, #4754, #2532, .T. ) ;
#190 = EDGE_CURVE ( 'NONE', #597, #1009, #4881, .T. ) ;
#191 = EDGE_LOOP ( 'NONE', ( #2991, #2418, #4606, #2972 ) ) ;
#192 = DIRECTION ( 'NONE',  ( 0.0000000000000000000, 0.0000000000000000000, 1.000000000000000000 ) ) ;
#193 = CARTESIAN_POINT ( 'NONE',  ( 2.547265342226494500E-016, 0.1999999999999992300, 2.080000000000000100 ) ) ;
#194 = EDGE_CURVE ( 'NONE', #4646, #1097, #588, .T. ) ;
#195 = CARTESIAN_POINT ( 'NONE',  ( 2.793106854861111500, 5.263773149111651500, 1.612600994529450200 ) ) ;
#196 = ORIENTED_EDGE ( 'NONE', *, *, #2065, .F. ) ;
#197 = CARTESIAN_POINT ( 'NONE',  ( -1.408858256457239800, 8.556885313284775300, -2.411755442801859500 ) ) ;
#198 = EDGE_LOOP ( 'NONE', ( #3683, #4090 ) ) ;
#199 = CARTESIAN_POINT ( 'NONE',  ( 0.0000000000000000000, 0.2000000000000000100, 0.0000000000000000000 ) ) ;
#200 = CARTESIAN_POINT ( 'NONE',  ( -0.3667736582917212100, 3.002443016035500900, -2.725431540799237800 ) ) ;
#201 = VERTEX_POINT ( 'NONE', #1542 ) ;
#202 = ORIENTED_EDGE ( 'NONE', *, *, #374, .T. ) ;
#203 = AXIS2_PLACEMENT_3D ( 'NONE', #2244, #4641, #3421 ) ;
#204 = CARTESIAN_POINT ( 'NONE',  ( 2.725431540799233800, 3.002443016035500500, -0.3667736582917495700 ) ) ;
#205 = DIRECTION ( 'NONE',  ( 0.0000000000000000000, 0.0000000000000000000, 1.000000000000000000 ) ) ;
#206 = ADVANCED_FACE ( 'NONE', ( #395 ), #725, .F. ) ;
#207 = CARTESIAN_POINT ( 'NONE',  ( 2.793106854861110700, 9.085532408370911000, -1.612600994529452200 ) ) ;
#208 = CARTESIAN_POINT ( 'NONE',  ( -1.589409465725694700, 3.134612268508884600, -2.752937948667806700 ) ) ;
#209 = CARTESIAN_POINT ( 'NONE',  ( 0.3667740874847767500, 2.997624060207209100, -2.725431483040751300 ) ) ;
#210 = CARTESIAN_POINT ( 'NONE',  ( -1.396553427430553300, 2.970717593556095900, 2.418901491794178200 ) ) ;
#211 = VERTEX_POINT ( 'NONE', #4287 ) ;
#212 = CARTESIAN_POINT ( 'NONE',  ( 3.178818931451388200, 7.275341437121825000, -1.835291965778538900 ) ) ;
#213 = CARTESIAN_POINT ( 'NONE',  ( -2.021968893500190900, 4.278701633656758900, 2.142996164473517200 ) ) ;
#214 = DIRECTION ( 'NONE',  ( 0.0000000000000000000, -1.000000000000000000, 0.0000000000000000000 ) ) ;
#215 = CARTESIAN_POINT ( 'NONE',  ( 0.0000000000000000000, 0.2000000000000000100, 0.0000000000000000000 ) ) ;
#216 = ORIENTED_EDGE ( 'NONE', *, *, #5265, .F. ) ;
#217 = DIRECTION ( 'NONE',  ( 0.0000000000000000000, -1.000000000000000000, -0.0000000000000000000 ) ) ;
#218 = ORIENTED_EDGE ( 'NONE', *, *, #1355, .F. ) ;
#219 = DIRECTION ( 'NONE',  ( 0.0000000000000000000, 0.0000000000000000000, -1.000000000000000000 ) ) ;
#220 = DIRECTION ( 'NONE',  ( -0.0000000000000000000, -1.000000000000000000, -0.0000000000000000000 ) ) ;
#221 = CARTESIAN_POINT ( 'NONE',  ( 0.3150922842482892800, 2.997921052681319600, -2.697643410430463600 ) ) ;
#222 = CARTESIAN_POINT ( 'NONE',  ( 2.793106854861111500, 8.967939815778319000, 1.612600994529450200 ) ) ;
#223 = CARTESIAN_POINT ( 'NONE',  ( 3.039999999999999600, -4.129999999999999900, -2.825048672147085300 ) ) ;
#224 = LINE ( 'NONE', #4255, #364 ) ;
#225 = ADVANCED_FACE ( 'NONE', ( #186 ), #2359, .F. ) ;
#226 = DIRECTION ( 'NONE',  ( -0.0000000000000000000, -1.000000000000000000, -0.0000000000000000000 ) ) ;
#227 = DIRECTION ( 'NONE',  ( -1.000000000000000000, 0.0000000000000000000, 0.0000000000000000000 ) ) ;
#228 = CARTESIAN_POINT ( 'NONE',  ( -2.793106854861110200, 5.028587963926466600, 1.612600994529452600 ) ) ;
#229 = ORIENTED_EDGE ( 'NONE', *, *, #2866, .T. ) ;
#230 = CARTESIAN_POINT ( 'NONE',  ( -3.178818931451388200, 7.628119214899602900, 1.835291965778539400 ) ) ;
#231 = CIRCLE ( 'NONE', #1846, 2.299999999999999400 ) ;
#232 = CARTESIAN_POINT ( 'NONE',  ( 0.3150941848614337600, 3.001781369355274600, 2.697643154656387000 ) ) ;
#233 = DIRECTION ( 'NONE',  ( 1.000000000000000000, 0.0000000000000000000, -1.535127069738579100E-016 ) ) ;
#234 = EDGE_LOOP ( 'NONE', ( #3417, #4932 ) ) ;
#235 = EDGE_CURVE ( 'NONE', #5011, #2330, #1501, .T. ) ;
#236 = FILL_AREA_STYLE ('',( #658 ) ) ;
#237 = CARTESIAN_POINT ( 'NONE',  ( 0.3150987235113129600, 3.000000000000000000, -2.697642543859645900 ) ) ;
#238 = ORIENTED_EDGE ( 'NONE', *, *, #582, .F. ) ;
#239 = ORIENTED_EDGE ( 'NONE', *, *, #126, .T. ) ;
#240 = CARTESIAN_POINT ( 'NONE',  ( -1.974866646252330800E-016, 9.024972223185724100, -3.225201989058902100 ) ) ;
#241 = CARTESIAN_POINT ( 'NONE',  ( -0.1920104674178858800, 2.669343211099911800, 2.744129689651053200 ) ) ;
#242 = LINE ( 'NONE', #2667, #102 ) ;
#243 = ORIENTED_EDGE ( 'NONE', *, *, #3232, .T. ) ;
#244 = AXIS2_PLACEMENT_3D ( 'NONE', #3653, #2515, #4490 ) ;
#245 = AXIS2_PLACEMENT_3D ( 'NONE', #1374, #930, #4164 ) ;
#246 = LINE ( 'NONE', #4169, #3270 ) ;
#247 = CONICAL_SURFACE ( 'NONE', #527, 2.080000000000000100, 0.7853981633974492800 ) ;
#248 = DIRECTION ( 'NONE',  ( -1.000000000000000000, -0.0000000000000000000, -0.0000000000000000000 ) ) ;
#249 = CARTESIAN_POINT ( 'NONE',  ( -1.974866646252330800E-016, 5.498958334296836400, -3.225201989058902100 ) ) ;
#250 = CARTESIAN_POINT ( 'NONE',  ( -2.725431540799233800, 3.002443016035500500, 0.3667736582917495700 ) ) ;
#251 = CARTESIAN_POINT ( 'NONE',  ( -2.481975134390645500, 4.183310592705742800, -1.403942496368138800 ) ) ;
#252 = CARTESIAN_POINT ( 'NONE',  ( 0.0000000000000000000, 8.802396902521437000, 0.4825999999999999200 ) ) ;
#253 = CARTESIAN_POINT ( 'NONE',  ( -2.697643460050251000, 3.002137639031063000, 0.3150919155324575800 ) ) ;
#254 = APPLICATION_PROTOCOL_DEFINITION ( 'draft international standard', 'automotive_design', 1998, #5168 ) ;
#255 = CARTESIAN_POINT ( 'NONE',  ( -0.6268193041060558000, 8.802396902521437000, -0.1016000000000000200 ) ) ;
#256 = CARTESIAN_POINT ( 'NONE',  ( -0.4717840607735703800, 4.770000000000001400, -0.1015999999999999400 ) ) ;
#257 = ADVANCED_FACE ( 'NONE', ( #3093 ), #457, .F. ) ;
#258 = CARTESIAN_POINT ( 'NONE',  ( 5.924599938756993300E-016, 8.672194445407948000, 3.225201989058902100 ) ) ;
#259 = CARTESIAN_POINT ( 'NONE',  ( 2.793106854861110700, 8.321180556519058400, -3.420569369482190000E-016 ) ) ;
#260 = CARTESIAN_POINT ( 'NONE',  ( -0.5397642066753534100, 7.406611245059271400, -0.1016000000000000100 ) ) ;
#261 = VERTEX_POINT ( 'NONE', #4773 ) ;
#262 = ORIENTED_EDGE ( 'NONE', *, *, #3273, .F. ) ;
#263 = EDGE_CURVE ( 'NONE', #898, #3239, #4302, .T. ) ;
#264 = DIRECTION ( 'NONE',  ( -0.0000000000000000000, -0.0000000000000000000, 1.000000000000000000 ) ) ;
#265 = CARTESIAN_POINT ( 'NONE',  ( -0.2837130184387128300, 2.834767502255481000, -2.702368370366949400 ) ) ;
#266 = EDGE_CURVE ( 'NONE', #660, #2552, #3280, .T. ) ;
#267 = CARTESIAN_POINT ( 'NONE',  ( 1.396553427430556700, 3.793865741704244500, 2.418901491794176500 ) ) ;
#268 = ADVANCED_BREP_SHAPE_REPRESENTATION ( '73391-0060', ( #5102, #1890, #2753, #4131, #3820, #2354 ), #4513 ) ;
#269 = ORIENTED_EDGE ( 'NONE', *, *, #882, .F. ) ;
#270 = CARTESIAN_POINT ( 'NONE',  ( -3.178818931451389100, 8.921637733418123200, -1.835291965778537400 ) ) ;
#271 = CARTESIAN_POINT ( 'NONE',  ( 1.133736984950449600E-011, 4.331725801403461400, 2.981725801403460900 ) ) ;
#272 = CARTESIAN_POINT ( 'NONE',  ( -3.175000000000336000, 6.101620372297182000, -1.833087104677255000 ) ) ;
#273 = CARTESIAN_POINT ( 'NONE',  ( -3.174999999999999800, 4.661111111111112300, 0.0000000000000000000 ) ) ;
#274 = CARTESIAN_POINT ( 'NONE',  ( 0.4717840607735703800, 8.802396902521437000, 0.1016000000000000100 ) ) ;
#275 = CARTESIAN_POINT ( 'NONE',  ( -0.3308644510438006300, 3.002210142976473200, -2.730264005351163100 ) ) ;
#276 = AXIS2_PLACEMENT_3D ( 'NONE', #1887, #3856, #4714 ) ;
#277 = AXIS2_PLACEMENT_3D ( 'NONE', #3597, #2803, #404 ) ;
#278 = CARTESIAN_POINT ( 'NONE',  ( 2.793106854861110700, 6.790712963926467600, -1.612600994529452200 ) ) ;
#279 = B_SPLINE_CURVE_WITH_KNOTS ( 'NONE', 3,
 ( #3284, #4916, #2850, #3268, #3300 ),
 .UNSPECIFIED., .F., .F.,
 ( 4, 1, 4 ),
 ( 0.0000000000000000000, 1.039478735821726600E-006, 2.078957471643453100E-006 ),
 .UNSPECIFIED. ) ;
#280 = ORIENTED_EDGE ( 'NONE', *, *, #4083, .F. ) ;
#281 = CARTESIAN_POINT ( 'NONE',  ( -0.3150976502947029400, 2.998960519572021300, 2.697642688291166800 ) ) ;
#282 = CARTESIAN_POINT ( 'NONE',  ( 2.793106854861110700, 9.085532408370911000, -1.612600994529452200 ) ) ;
#283 = AXIS2_PLACEMENT_3D ( 'NONE', #4666, #1817, #2954 ) ;
#284 = CARTESIAN_POINT ( 'NONE',  ( 1.589409465725695900, 7.098952548232937000, 2.752937948667805800 ) ) ;
#285 = VERTEX_POINT ( 'NONE', #2019 ) ;
#286 = DIRECTION ( 'NONE',  ( 0.0000000000000000000, -1.000000000000000000, 0.0000000000000000000 ) ) ;
#287 = DIRECTION ( 'NONE',  ( -1.000000000000000000, 0.0000000000000000000, 0.0000000000000000000 ) ) ;
#288 = CARTESIAN_POINT ( 'NONE',  ( -3.174999999999999800, 7.424537037037039200, -1.833087104677061400 ) ) ;
#289 = SURFACE_STYLE_USAGE ( .BOTH. , #2707 ) ;
#290 = DIRECTION ( 'NONE',  ( -0.0000000000000000000, -1.000000000000000000, -0.0000000000000000000 ) ) ;
#291 = CARTESIAN_POINT ( 'NONE',  ( -0.3156305897191027900, 2.917569302466273700, -2.697570967612548600 ) ) ;
#292 = EDGE_LOOP ( 'NONE', ( #438, #3138, #5249, #2743 ) ) ;
#293 = CARTESIAN_POINT ( 'NONE',  ( -2.725346938750956100, 2.905541518100002400, 0.3674023214652714600 ) ) ;
#294 = EDGE_LOOP ( 'NONE', ( #2451, #72, #5173, #399 ) ) ;
#295 = CIRCLE ( 'NONE', #1273, 0.04999999999999969700 ) ;
#296 = VERTEX_POINT ( 'NONE', #3644 ) ;
#297 = CARTESIAN_POINT ( 'NONE',  ( -2.793106854861111100, 7.731453704667207400, -1.612600994529450800 ) ) ;
#298 = DIRECTION ( 'NONE',  ( -0.0000000000000000000, -1.000000000000000000, -0.0000000000000000000 ) ) ;
#299 = CARTESIAN_POINT ( 'NONE',  ( -2.249999999999999600, 7.570000000000002100, 0.0000000000000000000 ) ) ;
#300 = EDGE_CURVE ( 'NONE', #2769, #1264, #2277, .T. ) ;
#301 = ORIENTED_EDGE ( 'NONE', *, *, #3541, .F. ) ;
#302 = LINE ( 'NONE', #75, #5052 ) ;
#303 =( NAMED_UNIT ( * ) PLANE_ANGLE_UNIT ( ) SI_UNIT ( $, .RADIAN. ) );
#304 = CARTESIAN_POINT ( 'NONE',  ( 2.793106854861111500, 7.556828704667209400, 1.612600994529450200 ) ) ;
#305 = ORIENTED_EDGE ( 'NONE', *, *, #4318, .F. ) ;
#306 = CARTESIAN_POINT ( 'NONE',  ( 3.178818931451389900, 2.924415511195900500, 1.835291965778536500 ) ) ;
#307 = DIRECTION ( 'NONE',  ( 0.0000000000000000000, 1.000000000000000000, 0.0000000000000000000 ) ) ;
#308 = EDGE_LOOP ( 'NONE', ( #963, #3010, #5030 ) ) ;
#309 = CARTESIAN_POINT ( 'NONE',  ( 1.587500000000001500, 5.601851851851853000, 2.749630657015591500 ) ) ;
#310 = EDGE_CURVE ( 'NONE', #261, #3144, #5273, .T. ) ;
#311 = ORIENTED_EDGE ( 'NONE', *, *, #3259, .F. ) ;
#312 = AXIS2_PLACEMENT_3D ( 'NONE', #1735, #2876, #4893 ) ;
#313 = DIRECTION ( 'NONE',  ( -0.0000000000000000000, -1.000000000000000000, -0.0000000000000000000 ) ) ;
#314 = ORIENTED_EDGE ( 'NONE', *, *, #3359, .T. ) ;
#315 = VECTOR ( 'NONE', #2398, 1000.000000000000000 ) ;
#316 = CARTESIAN_POINT ( 'NONE',  ( -0.1959596816727237900, 2.671530293052242700, -2.743838513611205300 ) ) ;
#317 = VERTEX_POINT ( 'NONE', #1120 ) ;
#318 = CARTESIAN_POINT ( 'NONE',  ( 2.793106854861110700, 6.026361112074614100, -3.420569369482190000E-016 ) ) ;
#319 = CARTESIAN_POINT ( 'NONE',  ( -2.793106854861110700, 6.498495371333873100, -1.612600994529450800 ) ) ;
#320 = DIRECTION ( 'NONE',  ( 0.0000000000000000000, -1.000000000000000000, -0.0000000000000000000 ) ) ;
#321 = VECTOR ( 'NONE', #1495, 1000.000000000000000 ) ;
#322 = B_SPLINE_CURVE_WITH_KNOTS ( 'NONE', 3,
 ( #4017, #5196, #3970, #2012, #410, #1585 ),
 .UNSPECIFIED., .F., .F.,
 ( 4, 2, 4 ),
 ( 0.001731535802642223500, 0.002018995479156550400, 0.002306455155670877000 ),
 .UNSPECIFIED. ) ;
#323 = FACE_OUTER_BOUND ( 'NONE', #5157, .T. ) ;
#324 = CARTESIAN_POINT ( 'NONE',  ( 0.0000000000000000000, 6.383128419472075000, 0.0000000000000000000 ) ) ;
#325 = CARTESIAN_POINT ( 'NONE',  ( -2.793106854861110200, 7.321643519482022600, 1.612600994529452600 ) ) ;
#326 = CARTESIAN_POINT ( 'NONE',  ( -1.589409465725694700, 6.040619214899603400, -2.752937948667806700 ) ) ;
#327 = DIRECTION ( 'NONE',  ( 0.0000000000000000000, 0.0000000000000000000, -1.000000000000000000 ) ) ;
#328 = CARTESIAN_POINT ( 'NONE',  ( 0.0000000000000000000, 0.0000000000000000000, 0.0000000000000000000 ) ) ;
#329 = CARTESIAN_POINT ( 'NONE',  ( -3.174999999999998900, 5.425462962962964900, 1.833087104677063400 ) ) ;
#330 = VERTEX_POINT ( 'NONE', #4337 ) ;
#331 = ORIENTED_EDGE ( 'NONE', *, *, #2965, .T. ) ;
#332 = CARTESIAN_POINT ( 'NONE',  ( -1.045051813104034100, 2.720733838793381000, -2.621841043446182500 ) ) ;
#333 = ORIENTED_EDGE ( 'NONE', *, *, #3605, .T. ) ;
#334 = CARTESIAN_POINT ( 'NONE',  ( 0.3667740874847769700, 2.997624060207222400, -2.725431483040750900 ) ) ;
#335 = EDGE_LOOP ( 'NONE', ( #1591, #168, #4407 ) ) ;
#336 = DIRECTION ( 'NONE',  ( 0.0000000000000000000, 0.0000000000000000000, -1.000000000000000000 ) ) ;
#337 = CARTESIAN_POINT ( 'NONE',  ( -1.974866646252330800E-016, 3.380527778741281100, -3.225201989058902100 ) ) ;
#338 = CARTESIAN_POINT ( 'NONE',  ( -1.974866646252331000E-016, 4.264236112074614800, -3.225201989058902500 ) ) ;
#339 = EDGE_LOOP ( 'NONE', ( #1456, #3505, #2355, #3179, #3043 ) ) ;
#340 = CARTESIAN_POINT ( 'NONE',  ( 2.547239376217945100, 8.368194099687965300, 1.562101221824671300 ) ) ;
#341 = CARTESIAN_POINT ( 'NONE',  ( 0.08583375948350677200, 2.676115002977288000, 2.718675347363460400 ) ) ;
#342 = EDGE_CURVE ( 'NONE', #148, #4905, #733, .T. ) ;
#343 = CARTESIAN_POINT ( 'NONE',  ( -1.974866646252330800E-016, 5.675347223185726300, -3.225201989058902100 ) ) ;
#344 = EDGE_CURVE ( 'NONE', #719, #902, #2310, .T. ) ;
#345 = CARTESIAN_POINT ( 'NONE',  ( -3.178818931451389100, 3.982748844529233200, -1.835291965778537400 ) ) ;
#346 = CARTESIAN_POINT ( 'NONE',  ( 6.734652765903158200E-016, 7.659722222222223200, 3.666174209354123200 ) ) ;
#347 = CARTESIAN_POINT ( 'NONE',  ( 9.592676408066461500E-014, 6.601388888888887000, -3.174999999999998900 ) ) ;
#348 = ORIENTED_EDGE ( 'NONE', *, *, #4052, .T. ) ;
#349 = CARTESIAN_POINT ( 'NONE',  ( 0.0000000000000000000, 8.802396902521437000, -0.6350000000000000100 ) ) ;
#350 = CARTESIAN_POINT ( 'NONE',  ( -0.6268193041060558000, 7.440000000000002200, 0.1016000000000000200 ) ) ;
#351 = DIRECTION ( 'NONE',  ( -0.0000000000000000000, -1.000000000000000000, -0.0000000000000000000 ) ) ;
#352 = AXIS2_PLACEMENT_3D ( 'NONE', #136, #941, #3759 ) ;
#353 = ORIENTED_EDGE ( 'NONE', *, *, #23, .F. ) ;
#354 = CARTESIAN_POINT ( 'NONE',  ( -2.793106854861111100, 9.144328704667207900, -1.612600994529450800 ) ) ;
#355 = CARTESIAN_POINT ( 'NONE',  ( -1.974866646252331000E-016, 7.792013889852391600, -3.225201989058902500 ) ) ;
#356 = DIRECTION ( 'NONE',  ( 0.0000000000000000000, 0.006194679779830681600, -0.9999808127871381300 ) ) ;
#357 = CARTESIAN_POINT ( 'NONE',  ( -0.1741987322033897400, 2.700196921253411800, 2.745201315327580300 ) ) ;
#358 = VERTEX_POINT ( 'NONE', #638 ) ;
#359 = ORIENTED_EDGE ( 'NONE', *, *, #118, .T. ) ;
#360 = CARTESIAN_POINT ( 'NONE',  ( -1.587499999999997700, 4.866898150075154000, 2.749630657015594200 ) ) ;
#361 = CARTESIAN_POINT ( 'NONE',  ( -2.697715328398548400, 3.085978592127085500, 0.3145578742817056200 ) ) ;
#362 = CARTESIAN_POINT ( 'NONE',  ( -2.793106854861110200, 6.616087963926466900, 1.612600994529452600 ) ) ;
#363 = CARTESIAN_POINT ( 'NONE',  ( 3.178818931451389900, 3.629971066751456200, 1.835291965778536500 ) ) ;
#364 = VECTOR ( 'NONE', #3461, 1000.000000000000000 ) ;
#365 = CARTESIAN_POINT ( 'NONE',  ( 2.793106854861110700, 4.793402778741280700, -3.420569369482190000E-016 ) ) ;
#366 = DIRECTION ( 'NONE',  ( 0.0000000000000000000, -1.000000000000000000, 0.0000000000000000000 ) ) ;
#367 = CARTESIAN_POINT ( 'NONE',  ( 0.0000000000000000000, 0.0000000000000000000, 0.0000000000000000000 ) ) ;
#368 = EDGE_LOOP ( 'NONE', ( #2236, #3122, #786, #4771 ) ) ;
#369 = FACE_OUTER_BOUND ( 'NONE', #878, .T. ) ;
#370 = EDGE_LOOP ( 'NONE', ( #3384, #4364, #2715, #4101, #128, #4446 ) ) ;
#371 = DIRECTION ( 'NONE',  ( -0.0000000000000000000, 1.000000000000000000, -0.0000000000000000000 ) ) ;
#372 = CARTESIAN_POINT ( 'NONE',  ( -2.793106854861110700, 9.203125000963503100, 0.0000000000000000000 ) ) ;
#373 = CARTESIAN_POINT ( 'NONE',  ( -2.793106854861109300, 7.321643519482022600, 1.612600994529452800 ) ) ;
#374 = EDGE_CURVE ( 'NONE', #4754, #3369, #2211, .T. ) ;
#375 = CARTESIAN_POINT ( 'NONE',  ( 0.09050617933534568800, 2.663501698747668300, 2.749929480410240800 ) ) ;
#376 = ORIENTED_EDGE ( 'NONE', *, *, #691, .T. ) ;
#377 = FACE_OUTER_BOUND ( 'NONE', #1891, .T. ) ;
#378 = CARTESIAN_POINT ( 'NONE',  ( -3.175000000000000300, 4.749305557482561100, 0.0000000000000000000 ) ) ;
#379 = CARTESIAN_POINT ( 'NONE',  ( -2.697642543859649400, 3.000000000000000000, -0.3150987235112847100 ) ) ;
#380 = CARTESIAN_POINT ( 'NONE',  ( 1.396553427430554700, 7.027662038000540800, -2.418901491794177300 ) ) ;
#381 = EDGE_LOOP ( 'NONE', ( #2520, #3662, #3972, #159 ) ) ;
#382 = CARTESIAN_POINT ( 'NONE',  ( -3.178818931451389100, 3.277193288973677500, -1.835291965778537400 ) ) ;
#383 = ORIENTED_EDGE ( 'NONE', *, *, #4348, .T. ) ;
#384 = FACE_OUTER_BOUND ( 'NONE', #335, .T. ) ;
#385 = CARTESIAN_POINT ( 'NONE',  ( 1.396553427430554700, 4.205439815778317900, -2.418901491794177300 ) ) ;
#386 = COLOUR_RGB ( '',1.000000000000000000, 0.8117647058823529400, 0.5019607843137254800 ) ;
#387 = CARTESIAN_POINT ( 'NONE',  ( 0.0000000000000000000, 12.46317892581091000, 0.0000000000000000000 ) ) ;
#388 = AXIS2_PLACEMENT_3D ( 'NONE', #1538, #2722, #2785 ) ;
#389 = CARTESIAN_POINT ( 'NONE',  ( 0.2647196916347593400, 4.405786392706862600, -3.055786392709242300 ) ) ;
#390 = LINE ( 'NONE', #1212, #5266 ) ;
#391 = CARTESIAN_POINT ( 'NONE',  ( 0.0000000000000000000, 8.599999999999999600, 0.0000000000000000000 ) ) ;
#392 = CARTESIAN_POINT ( 'NONE',  ( -2.793106854861110200, 2.910157408370911200, 1.612600994529452600 ) ) ;
#393 = CARTESIAN_POINT ( 'NONE',  ( -2.793106854861110700, 5.792939815778318300, -1.612600994529450800 ) ) ;
#394 = DIRECTION ( 'NONE',  ( 0.0008336467998354202900, -0.9999804653102517500, -0.006194677627279511300 ) ) ;
#395 = FACE_OUTER_BOUND ( 'NONE', #3184, .T. ) ;
#396 = CARTESIAN_POINT ( 'NONE',  ( -0.3667740874847579800, 2.997624060207222400, 2.725431483040753600 ) ) ;
#397 = PRESENTATION_LAYER_ASSIGNMENT (  '', '', ( #4440 ) ) ;
#398 = CARTESIAN_POINT ( 'NONE',  ( 2.793106854861110700, 9.028517639852390500, -3.420569369482190000E-016 ) ) ;
#399 = ORIENTED_EDGE ( 'NONE', *, *, #3678, .F. ) ;
#400 = CARTESIAN_POINT ( 'NONE',  ( -3.174999999999999800, 8.982638890815893600, 0.0000000000000000000 ) ) ;
#401 = ORIENTED_EDGE ( 'NONE', *, *, #2190, .F. ) ;
#402 = CARTESIAN_POINT ( 'NONE',  ( -2.793106854861110700, 3.735069445407948100, 0.0000000000000000000 ) ) ;
#403 =( BOUNDED_CURVE ( )  B_SPLINE_CURVE ( 2, ( #5232, #2765, #360, #3166, #378, #775, #1171, #3990, #5166 ),
 .UNSPECIFIED., .F., .T. ) 
 B_SPLINE_CURVE_WITH_KNOTS ( ( 3, 2, 2, 2, 3 ),
 ( 0.09166161549964481300, 0.09331946307076526000, 0.09663515821305535000, 0.09995085335534548100, 0.1016087009264719500 ),
 .UNSPECIFIED. ) 
 CURVE ( )  GEOMETRIC_REPRESENTATION_ITEM ( )  RATIONAL_B_SPLINE_CURVE ( ( 0.9330127018922193000, 0.9330127018932139500, 1.000000000000000000, 0.8660254037844387100, 1.000000000000000000, 0.8660254037844387100, 1.000000000000000000, 0.9330127018929699200, 0.9330127018922194100 ) ) 
 REPRESENTATION_ITEM ( '' )  );
#404 = DIRECTION ( 'NONE',  ( 0.0000000000000000000, 0.0000000000000000000, 1.000000000000000000 ) ) ;
#405 = ORIENTED_EDGE ( 'NONE', *, *, #3921, .F. ) ;
#406 = EDGE_CURVE ( 'NONE', #3144, #1640, #3110, .T. ) ;
#407 = CARTESIAN_POINT ( 'NONE',  ( 0.3667740874847767500, 2.997624060207209100, -2.725431483040751300 ) ) ;
#408 = CARTESIAN_POINT ( 'NONE',  ( 1.396553427430554700, 3.321731482444984600, -2.418901491794177300 ) ) ;
#409 = CARTESIAN_POINT ( 'NONE',  ( 2.850000000000000100, 3.000000000000000000, 0.0000000000000000000 ) ) ;
#410 = CARTESIAN_POINT ( 'NONE',  ( 0.3661614899558685600, 2.900533028376191900, -2.725513923161170900 ) ) ;
#411 = CARTESIAN_POINT ( 'NONE',  ( 2.744325312141159000, 3.332404209561768700, -0.1896044198088507300 ) ) ;
#412 = CARTESIAN_POINT ( 'NONE',  ( 2.793106854861111500, 4.734606482444984700, 1.612600994529450200 ) ) ;
#413 = EDGE_CURVE ( 'NONE', #4947, #201, #4869, .T. ) ;
#414 = CARTESIAN_POINT ( 'NONE',  ( -3.174999999999999800, 8.923842594519598500, -1.833087104677061400 ) ) ;
#415 = VERTEX_POINT ( 'NONE', #197 ) ;
#416 = ORIENTED_EDGE ( 'NONE', *, *, #1183, .F. ) ;
#417 = CARTESIAN_POINT ( 'NONE',  ( 2.793106854861110700, 5.498958334296836400, -3.420569369482190000E-016 ) ) ;
#418 = CARTESIAN_POINT ( 'NONE',  ( 0.3150919155324480900, 3.002137639031063000, 2.697643460050251900 ) ) ;
#419 = CARTESIAN_POINT ( 'NONE',  ( 2.734844753573981300, 3.174456244555753100, -0.2965936593521364400 ) ) ;
#420 = CARTESIAN_POINT ( 'NONE',  ( 0.0000000000000000000, -3.979999999975099000, 0.0000000000000000000 ) ) ;
#421 = ORIENTED_EDGE ( 'NONE', *, *, #157, .F. ) ;
#422 = CARTESIAN_POINT ( 'NONE',  ( -2.750081041641975400, 2.628578512043561000, -0.09426976511620702200 ) ) ;
#423 = CARTESIAN_POINT ( 'NONE',  ( -1.974866646252330800E-016, 6.910069445407947900, -3.225201989058902100 ) ) ;
#424 = CARTESIAN_POINT ( 'NONE',  ( 2.697642543859649000, 3.000000000000000000, -0.3150987235112844800 ) ) ;
#425 = ORIENTED_EDGE ( 'NONE', *, *, #1901, .F. ) ;
#426 = CARTESIAN_POINT ( 'NONE',  ( -2.725431483040755300, 2.997624060207209100, -0.3667740874847482100 ) ) ;
#427 = CIRCLE ( 'NONE', #2180, 0.6350000000000000100 ) ;
#428 = CARTESIAN_POINT ( 'NONE',  ( 2.697642543859649400, 3.000000000000000000, 0.3150987235112847100 ) ) ;
#429 = CARTESIAN_POINT ( 'NONE',  ( -2.793106854861110200, 3.088310186148688800, 1.612600994529452600 ) ) ;
#430 = CARTESIAN_POINT ( 'NONE',  ( 2.816687638038912100E-016, 0.0000000000000000000, 2.299999999999999800 ) ) ;
#431 = ORIENTED_EDGE ( 'NONE', *, *, #1462, .T. ) ;
#432 = CARTESIAN_POINT ( 'NONE',  ( -1.187934020858740800, 3.117608667439213400, -2.980320182631814400 ) ) ;
#433 = CARTESIAN_POINT ( 'NONE',  ( -3.174999999999999800, 6.865972224149228300, 0.0000000000000000000 ) ) ;
#434 = ORIENTED_EDGE ( 'NONE', *, *, #1288, .T. ) ;
#435 = CIRCLE ( 'NONE', #2543, 1.730000000000000000 ) ;
#436 = CARTESIAN_POINT ( 'NONE',  ( 2.793106854861111500, 5.440162038000539500, 1.612600994529450200 ) ) ;
#437 = DIRECTION ( 'NONE',  ( -0.0000000000000000000, -1.000000000000000000, 0.0000000000000000000 ) ) ;
#438 = ORIENTED_EDGE ( 'NONE', *, *, #1354, .F. ) ;
#439 = VECTOR ( 'NONE', #3886, 1000.000000000000000 ) ;
#440 = ORIENTED_EDGE ( 'NONE', *, *, #2227, .T. ) ;
#441 = CARTESIAN_POINT ( 'NONE',  ( -1.396553427430553300, 7.909606482444984500, 2.418901491794178200 ) ) ;
#442 = CARTESIAN_POINT ( 'NONE',  ( -2.697642543859649000, 3.000000000000000000, 0.3150987235112844800 ) ) ;
#443 = LINE ( 'NONE', #2327, #4760 ) ;
#444 = CARTESIAN_POINT ( 'NONE',  ( 1.587500000000002100, 4.984490742667745200, 2.749630657015592800 ) ) ;
#445 = CIRCLE ( 'NONE', #1364, 2.249999999999999600 ) ;
#446 = AXIS2_PLACEMENT_3D ( 'NONE', #3030, #3077, #3451 ) ;
#447 = EDGE_CURVE ( 'NONE', #2141, #2979, #4762, .T. ) ;
#448 = ORIENTED_EDGE ( 'NONE', *, *, #2999, .T. ) ;
#449 = VECTOR ( 'NONE', #1657, 1000.000000000000000 ) ;
#450 = CARTESIAN_POINT ( 'NONE',  ( 0.0000000000000000000, 7.440000000000002200, 0.0000000000000000000 ) ) ;
#451 = CARTESIAN_POINT ( 'NONE',  ( 5.924599938756993300E-016, 8.852128750963501600, 3.225201989058902100 ) ) ;
#452 = CARTESIAN_POINT ( 'NONE',  ( 0.8507386859688195200, 5.952518939483711700, -3.175000000000008700 ) ) ;
#453 = LINE ( 'NONE', #1461, #113 ) ;
#454 = CARTESIAN_POINT ( 'NONE',  ( 3.174999999999999800, 3.602777777777779200, -3.888253587292846100E-016 ) ) ;
#455 = CARTESIAN_POINT ( 'NONE',  ( 3.174999999999999800, 6.513194446371450400, -3.888253587292846100E-016 ) ) ;
#456 = CARTESIAN_POINT ( 'NONE',  ( -1.974866646252330800E-016, 3.558680556519059100, -3.225201989058902100 ) ) ;
#457 = CYLINDRICAL_SURFACE ( 'NONE', #662, 0.4825999999999999200 ) ;
#458 = CARTESIAN_POINT ( 'NONE',  ( 0.6268193041060558000, 7.440000000000002200, -0.1016000000000000100 ) ) ;
#459 = AXIS2_PLACEMENT_3D ( 'NONE', #2689, #1449, #5154 ) ;
#460 = CARTESIAN_POINT ( 'NONE',  ( -3.175000000000098000, 7.483333333333391100, 0.0000000000000000000 ) ) ;
#461 = CARTESIAN_POINT ( 'NONE',  ( 3.175000000000000300, 5.013888888888891100, -3.888253587292846600E-016 ) ) ;
#462 = EDGE_LOOP ( 'NONE', ( #3286, #2731, #243, #865 ) ) ;
#463 = CARTESIAN_POINT ( 'NONE',  ( 2.793106854861110700, 6.028125000963503200, -3.420569369482190000E-016 ) ) ;
#464 = DIRECTION ( 'NONE',  ( 1.224646799147353200E-016, -1.000000000000000000, 0.0000000000000000000 ) ) ;
#465 = CARTESIAN_POINT ( 'NONE',  ( 1.587499999999999900, 5.219675927852931000, -2.749630657015594200 ) ) ;
#466 = VERTEX_POINT ( 'NONE', #5183 ) ;
#467 = ORIENTED_EDGE ( 'NONE', *, *, #3882, .T. ) ;
#468 = DIRECTION ( 'NONE',  ( -0.0000000000000000000, -1.000000000000000000, -0.0000000000000000000 ) ) ;
#469 = CARTESIAN_POINT ( 'NONE',  ( -2.793106854861110700, 4.442406528741281100, 0.0000000000000000000 ) ) ;
#471 =( BOUNDED_CURVE ( )  B_SPLINE_CURVE ( 2, ( #1734, #3726, #2910, #1317, #2111 ),
 .UNSPECIFIED., .F., .F. ) 
 B_SPLINE_CURVE_WITH_KNOTS ( ( 3, 2, 3 ),
 ( 4.081211187063404300E-017, 0.0004739217653657542600, 0.002119478510983060700 ),
 .UNSPECIFIED. ) 
 CURVE ( )  GEOMETRIC_REPRESENTATION_ITEM ( )  RATIONAL_B_SPLINE_CURVE ( ( 0.9669714282775707700, 0.9807076002329863100, 1.000000000000000000, 0.9330127018934084600, 0.9330127018922193000 ) ) 
 REPRESENTATION_ITEM ( '' )  );
#470 = CARTESIAN_POINT ( 'NONE',  ( 0.0000000000000000000, 4.770000000000001400, 0.4825999999999999200 ) ) ;
#472 = CARTESIAN_POINT ( 'NONE',  ( -3.178818931451388200, 8.249890046286660400, 1.835291965778539400 ) ) ;
#473 = CARTESIAN_POINT ( 'NONE',  ( 1.587499999999999200, 5.925231483408487600, -2.749630657015592800 ) ) ;
#474 = CARTESIAN_POINT ( 'NONE',  ( 3.175000000000001200, 8.482870370370372700, 1.833087104677060500 ) ) ;
#475 = DIRECTION ( 'NONE',  ( -0.0000000000000000000, -1.000000000000000000, -0.0000000000000000000 ) ) ;
#476 = CARTESIAN_POINT ( 'NONE',  ( -3.147463178057772600, 8.174996876044582800, -0.4172627955599315100 ) ) ;
#477 = CARTESIAN_POINT ( 'NONE',  ( -0.8507386859688056400, 6.217102270890046100, 3.175000000000007800 ) ) ;
#478 = EDGE_CURVE ( 'NONE', #3948, #1030, #5145, .T. ) ;
#479 = EDGE_CURVE ( 'NONE', #4947, #3995, #4161, .T. ) ;
#480 = CARTESIAN_POINT ( 'NONE',  ( 3.039999999999999600, 1.600000000000000100, -2.825048672147085300 ) ) ;
#481 = ORIENTED_EDGE ( 'NONE', *, *, #4181, .F. ) ;
#482 = DIRECTION ( 'NONE',  ( 1.000000000000000000, 0.0000000000000000000, 0.0000000000000000000 ) ) ;
#483 = B_SPLINE_CURVE_WITH_KNOTS ( 'NONE', 3,
 ( #2509, #4505, #68, #99, #2494, #3704 ),
 .UNSPECIFIED., .F., .F.,
 ( 4, 2, 4 ),
 ( 0.0005775389953063788200, 0.0008647515508550111000, 0.001151964106403643400 ),
 .UNSPECIFIED. ) ;
#484 = CARTESIAN_POINT ( 'NONE',  ( 0.0000000000000000000, 12.46317892581091000, 0.0000000000000000000 ) ) ;
#485 = ORIENTED_EDGE ( 'NONE', *, *, #552, .T. ) ;
#486 = CARTESIAN_POINT ( 'NONE',  ( 4.096206461348792800E-014, 7.747916668593674700, 3.175000000000000700 ) ) ;
#487 = CARTESIAN_POINT ( 'NONE',  ( -2.793106854861111100, 5.089165788000541600, -1.612600994529450800 ) ) ;
#488 = CARTESIAN_POINT ( 'NONE',  ( -3.178818931451389100, 8.132297453694070200, -1.835291965778537400 ) ) ;
#489 = CARTESIAN_POINT ( 'NONE',  ( 1.587500000000001500, 2.867824076001080200, 2.749630657015591500 ) ) ;
#490 = VERTEX_POINT ( 'NONE', #1537 ) ;
#491 = CARTESIAN_POINT ( 'NONE',  ( -3.174999999999998900, 8.247685185185185100, 1.833087104677063400 ) ) ;
#492 = CARTESIAN_POINT ( 'NONE',  ( -2.749929480410240800, 2.663501698747668300, 0.09050617933535551300 ) ) ;
#493 = CARTESIAN_POINT ( 'NONE',  ( -0.8756499943537828800, 8.274397203960990800, 2.956520221107951800 ) ) ;
#494 = DIRECTION ( 'NONE',  ( -0.0000000000000000000, -1.000000000000000000, 0.0000000000000000000 ) ) ;
#495 = CARTESIAN_POINT ( 'NONE',  ( -0.2982636067970496100, 3.170952097473390000, 2.734631108496846900 ) ) ;
#496 = CARTESIAN_POINT ( 'NONE',  ( -2.693249336271418900, 8.283443605359956100, -1.477186997775455900 ) ) ;
#497 = LINE ( 'NONE', #3411, #4978 ) ;
#498 = DIRECTION ( 'NONE',  ( 0.0000000000000000000, 0.0000000000000000000, -1.000000000000000000 ) ) ;
#499 = DIRECTION ( 'NONE',  ( 0.0000000000000000000, 0.0000000000000000000, 1.000000000000000000 ) ) ;
#500 = ORIENTED_EDGE ( 'NONE', *, *, #4637, .F. ) ;
#501 = CYLINDRICAL_SURFACE ( 'NONE', #2200, 3.174999999999999800 ) ;
#502 = CARTESIAN_POINT ( 'NONE',  ( -3.175000000000631300, 7.571527779704419800, 0.0000000000000000000 ) ) ;
#503 = CARTESIAN_POINT ( 'NONE',  ( -2.793106854861110700, 6.559073195407947300, 0.0000000000000000000 ) ) ;
#504 = CARTESIAN_POINT ( 'NONE',  ( 6.734652765903158200E-016, 3.426388888888889800, 3.666174209354123200 ) ) ;
#505 = CARTESIAN_POINT ( 'NONE',  ( -1.587499999999997500, 5.572453705630709700, 2.749630657015593700 ) ) ;
#506 = LINE ( 'NONE', #3333, #4870 ) ;
#507 = EDGE_LOOP ( 'NONE', ( #741, #4496, #481, #4126, #3760, #2390, #5034, #3414 ) ) ;
#508 = CARTESIAN_POINT ( 'NONE',  ( -2.046836076646136400, 8.245262839726518000, 2.345007654836842400 ) ) ;
#509 = CARTESIAN_POINT ( 'NONE',  ( -0.3150987235112563400, 3.000000000000000000, -2.697642543859652100 ) ) ;
#510 = FACE_OUTER_BOUND ( 'NONE', #1548, .T. ) ;
#511 = ADVANCED_FACE ( 'NONE', ( #3596 ), #1819, .T. ) ;
#512 = CARTESIAN_POINT ( 'NONE',  ( -9.621146495528316200E-013, 4.837499999999964800, 3.174999999999998900 ) ) ;
#513 = DIRECTION ( 'NONE',  ( 0.0000000000000000000, 1.000000000000000000, 0.0000000000000000000 ) ) ;
#514 = CARTESIAN_POINT ( 'NONE',  ( 3.175000000000336900, 6.454398150074959000, 1.833087104677254600 ) ) ;
#515 = CIRCLE ( 'NONE', #2075, 1.729999999999999300 ) ;
#516 = EDGE_CURVE ( 'NONE', #201, #3111, #2114, .T. ) ;
#517 = CARTESIAN_POINT ( 'NONE',  ( 1.897844448947728600, 4.510587884835565800, -2.551637764217831200 ) ) ;
#518 = CARTESIAN_POINT ( 'NONE',  ( -2.793106854861110200, 5.206758380593133700, 1.612600994529452600 ) ) ;
#519 = DIRECTION ( 'NONE',  ( 0.0000000000000000000, 0.0000000000000000000, -1.000000000000000000 ) ) ;
#520 = LINE ( 'NONE', #4788, #4687 ) ;
#521 = CARTESIAN_POINT ( 'NONE',  ( -3.178818931451388600, 6.779982638879254800, 0.0000000000000000000 ) ) ;
#522 = CARTESIAN_POINT ( 'NONE',  ( -1.587500000000000400, 3.220601853778857700, -2.749630657015592400 ) ) ;
#523 = DIRECTION ( 'NONE',  ( 0.0000000000000000000, 0.0000000000000000000, -1.000000000000000000 ) ) ;
#524 = CARTESIAN_POINT ( 'NONE',  ( 0.0000000000000000000, 4.770000000000001400, -0.6350000000000000100 ) ) ;
#525 = ORIENTED_EDGE ( 'NONE', *, *, #4911, .F. ) ;
#526 = CARTESIAN_POINT ( 'NONE',  ( -1.495553928454883300, 8.259546574950880100, 2.713485102991868300 ) ) ;
#527 = AXIS2_PLACEMENT_3D ( 'NONE', #3727, #1753, #3309 ) ;
#528 = CARTESIAN_POINT ( 'NONE',  ( 0.0000000000000000000, 9.370000000000001000, 0.0000000000000000000 ) ) ;
#529 = AXIS2_PLACEMENT_3D ( 'NONE', #3469, #1132, #2735 ) ;
#530 = ORIENTED_EDGE ( 'NONE', *, *, #4759, .T. ) ;
#531 = CARTESIAN_POINT ( 'NONE',  ( 1.396553427430556700, 5.204976852815354600, 2.418901491794176500 ) ) ;
#532 = DIRECTION ( 'NONE',  ( 0.0000000000000000000, -1.000000000000000000, 0.0000000000000000000 ) ) ;
#533 = EDGE_LOOP ( 'NONE', ( #5132, #1496, #4663, #4432, #657 ) ) ;
#534 = CARTESIAN_POINT ( 'NONE',  ( -2.903766602419612000, 8.439135651293293300, 0.2700273805955820100 ) ) ;
#535 = CARTESIAN_POINT ( 'NONE',  ( 3.175000000000001600, 5.778240740740743700, -1.833087104677064000 ) ) ;
#536 = CARTESIAN_POINT ( 'NONE',  ( -1.974866646252330800E-016, 5.677128750963503600, -3.225201989058902100 ) ) ;
#537 = ADVANCED_FACE ( 'NONE', ( #3215 ), #2967, .F. ) ;
#538 = DIRECTION ( 'NONE',  ( 0.0000000000000000000, 0.0000000000000000000, 1.000000000000000000 ) ) ;
#539 = CARTESIAN_POINT ( 'NONE',  ( 3.178818931451388600, 5.016093749990365500, -3.892930429470952600E-016 ) ) ;
#540 = CARTESIAN_POINT ( 'NONE',  ( -3.174999999999998900, 4.808101853778858000, 1.833087104677063400 ) ) ;
#541 = CARTESIAN_POINT ( 'NONE',  ( 7.776507174585692900E-017, 0.5000000000000000000, 0.6350000000000000100 ) ) ;
#542 =( LENGTH_UNIT ( ) NAMED_UNIT ( * ) SI_UNIT ( .MILLI., .METRE. ) );
#543 = CARTESIAN_POINT ( 'NONE',  ( 2.039999999999999600, -4.129999999999999900, 3.040000000000000500 ) ) ;
#544 = EDGE_LOOP ( 'NONE', ( #3876, #2666, #2536, #1676 ) ) ;
#545 = CARTESIAN_POINT ( 'NONE',  ( -3.175000000000104200, 6.865972224149168700, 0.0000000000000000000 ) ) ;
#546 = CARTESIAN_POINT ( 'NONE',  ( 2.793106854861110700, 3.970254630593133000, -1.612600994529452200 ) ) ;
#547 = ORIENTED_EDGE ( 'NONE', *, *, #266, .F. ) ;
#548 = CARTESIAN_POINT ( 'NONE',  ( 5.924599938756992300E-016, 7.262847223185725700, 3.225201989058902500 ) ) ;
#549 = EDGE_CURVE ( 'NONE', #4923, #285, #2157, .T. ) ;
#550 = CARTESIAN_POINT ( 'NONE',  ( 0.1911229743717807200, 3.331495007823372500, 2.744211041005416400 ) ) ;
#551 = EDGE_LOOP ( 'NONE', ( #1003, #3118 ) ) ;
#552 = EDGE_CURVE ( 'NONE', #1823, #554, #3525, .T. ) ;
#553 = CARTESIAN_POINT ( 'NONE',  ( -2.039999999999998700, -4.129999999999999900, 3.040000000000000500 ) ) ;
#554 = VERTEX_POINT ( 'NONE', #3428 ) ;
#555 = ORIENTED_EDGE ( 'NONE', *, *, #2294, .F. ) ;
#556 = EDGE_LOOP ( 'NONE', ( #2914, #416, #3410, #1943 ) ) ;
#557 = CARTESIAN_POINT ( 'NONE',  ( 1.587500000000002800, 5.601851851851853900, 2.749630657015593700 ) ) ;
#558 = CARTESIAN_POINT ( 'NONE',  ( 4.336808689942017700E-016, -4.129999999999999900, 0.0000000000000000000 ) ) ;
#559 = DIRECTION ( 'NONE',  ( -0.0000000000000000000, -1.000000000000000000, 0.0000000000000000000 ) ) ;
#560 = CARTESIAN_POINT ( 'NONE',  ( 3.178818931451389900, 7.073964120360735700, 1.835291965778536500 ) ) ;
#561 = CARTESIAN_POINT ( 'NONE',  ( -3.174999999999999800, 4.690509261186265100, -1.833087104677061400 ) ) ;
#562 = ORIENTED_EDGE ( 'NONE', *, *, #4644, .F. ) ;
#563 = AXIS2_PLACEMENT_3D ( 'NONE', #2000, #2742, #811 ) ;
#564 = FACE_OUTER_BOUND ( 'NONE', #3297, .T. ) ;
#565 = CARTESIAN_POINT ( 'NONE',  ( -2.750098094277363600, 3.371550167569981500, 0.09432456536109444500 ) ) ;
#566 = CARTESIAN_POINT ( 'NONE',  ( -2.793106854861110700, 7.086458334296836800, 0.0000000000000000000 ) ) ;
#567 = LINE ( 'NONE', #2920, #2445 ) ;
#568 = CARTESIAN_POINT ( 'NONE',  ( 5.924599938756992300E-016, 6.557291667630170000, 3.225201989058902500 ) ) ;
#569 = ADVANCED_FACE ( 'NONE', ( #2841, #4555 ), #2203, .T. ) ;
#570 = CARTESIAN_POINT ( 'NONE',  ( -3.040000000000000500, 1.600000000000000100, -2.825048672147083600 ) ) ;
#571 = AXIS2_PLACEMENT_3D ( 'NONE', #4438, #1289, #3633 ) ;
#572 = CYLINDRICAL_SURFACE ( 'NONE', #3999, 0.6350000000000000100 ) ;
#573 = LINE ( 'NONE', #3613, #1387 ) ;
#574 = CARTESIAN_POINT ( 'NONE',  ( 0.0000000000000000000, 8.802396902521437000, 0.0000000000000000000 ) ) ;
#575 = CARTESIAN_POINT ( 'NONE',  ( 0.0000000000000000000, 7.440000000000002200, 0.0000000000000000000 ) ) ;
#576 = DIRECTION ( 'NONE',  ( 0.0000000000000000000, -1.000000000000000000, 0.0000000000000000000 ) ) ;
#577 = CARTESIAN_POINT ( 'NONE',  ( 1.589409465725693600, 6.544797453694069800, -2.752937948667807200 ) ) ;
#578 = CARTESIAN_POINT ( 'NONE',  ( -1.396553427430553300, 7.909606482444984500, 2.418901491794178200 ) ) ;
#579 = ORIENTED_EDGE ( 'NONE', *, *, #1288, .F. ) ;
#580 = LINE ( 'NONE', #2034, #1904 ) ;
#581 = LINE ( 'NONE', #4309, #5003 ) ;
#582 = EDGE_CURVE ( 'NONE', #4923, #148, #4225, .T. ) ;
#583 = SURFACE_STYLE_USAGE ( .BOTH. , #3000 ) ;
#584 = CARTESIAN_POINT ( 'NONE',  ( 2.459687735397008400, 4.143112011693018500, -1.323397454823874700 ) ) ;
#585 = CARTESIAN_POINT ( 'NONE',  ( -2.793106854861110200, 5.028587963926466600, 1.612600994529452600 ) ) ;
#586 = CARTESIAN_POINT ( 'NONE',  ( -1.396553427430555500, 6.263310186148688200, -2.418901491794176900 ) ) ;
#587 = CARTESIAN_POINT ( 'NONE',  ( 1.220802081167363500E-013, 2.629190075645214900, -2.750000000000000000 ) ) ;
#588 = LINE ( 'NONE', #2300, #3340 ) ;
#589 = DIRECTION ( 'NONE',  ( 1.000000000000000000, 0.0000000000000000000, 0.0000000000000000000 ) ) ;
#590 = EDGE_CURVE ( 'NONE', #1419, #105, #1086, .T. ) ;
#591 = EDGE_LOOP ( 'NONE', ( #3563, #3816 ) ) ;
#592 = DIRECTION ( 'NONE',  ( 0.0000000000000000000, 1.000000000000000000, 0.0000000000000000000 ) ) ;
#593 = CARTESIAN_POINT ( 'NONE',  ( 0.1648036405449567200, 3.289629710262989400, 2.713728062832658300 ) ) ;
#594 = ADVANCED_FACE ( 'NONE', ( #4042 ), #3801, .F. ) ;
#595 = DIRECTION ( 'NONE',  ( 0.0000000000000000000, 0.0000000000000000000, 1.000000000000000000 ) ) ;
#596 = CARTESIAN_POINT ( 'NONE',  ( 3.178818931451388200, 5.780445601842218100, -1.835291965778538900 ) ) ;
#597 = VERTEX_POINT ( 'NONE', #1148 ) ;
#598 = ORIENTED_EDGE ( 'NONE', *, *, #720, .F. ) ;
#599 = CARTESIAN_POINT ( 'NONE',  ( -2.697642543859649400, 3.000000000000000000, -0.3150987235112847100 ) ) ;
#600 = CARTESIAN_POINT ( 'NONE',  ( 2.793106854861110700, 4.675810186148687800, -1.612600994529452200 ) ) ;
#601 = CARTESIAN_POINT ( 'NONE',  ( 1.396553427430554700, 4.734606482444984700, -2.418901491794177300 ) ) ;
#602 = PLANE ( 'NONE',  #4362 ) ;
#603 = CARTESIAN_POINT ( 'NONE',  ( 3.175000000000631800, 7.865509261185901700, 1.833087104677424900 ) ) ;
#604 = CARTESIAN_POINT ( 'NONE',  ( -0.9096638962296709200, 4.509870368027377700, -3.031686806556357400 ) ) ;
#605 = VERTEX_POINT ( 'NONE', #768 ) ;
#606 = CARTESIAN_POINT ( 'NONE',  ( 0.0000000000000000000, 4.525000000000001200, 0.0000000000000000000 ) ) ;
#607 = CARTESIAN_POINT ( 'NONE',  ( 1.396553427430556700, 3.266480602815355900, 2.418901491794176500 ) ) ;
#608 = DIRECTION ( 'NONE',  ( 0.0000000000000000000, 1.000000000000000000, 0.0000000000000000000 ) ) ;
#609 = CARTESIAN_POINT ( 'NONE',  ( -2.793106854861110700, 7.968402778741280600, 0.0000000000000000000 ) ) ;
#610 = CARTESIAN_POINT ( 'NONE',  ( -3.178818931451389100, 3.193408564805181100, -1.835291965778537400 ) ) ;
#611 = ORIENTED_EDGE ( 'NONE', *, *, #4975, .F. ) ;
#612 = ORIENTED_EDGE ( 'NONE', *, *, #1899, .F. ) ;
#613 = DIRECTION ( 'NONE',  ( -0.0000000000000000000, -1.000000000000000000, -0.0000000000000000000 ) ) ;
#614 = CARTESIAN_POINT ( 'NONE',  ( -2.039999999999998700, -4.129999999999999900, -3.040000000000000500 ) ) ;
#615 = CARTESIAN_POINT ( 'NONE',  ( -2.793106854861110200, 4.323032408370910900, 1.612600994529452600 ) ) ;
#616 = VERTEX_POINT ( 'NONE', #2344 ) ;
#617 = DIRECTION ( 'NONE',  ( 1.000000000000000000, -0.0000000000000000000, 1.748315655815669100E-016 ) ) ;
#618 = ADVANCED_FACE ( 'NONE', ( #715 ), #1909, .F. ) ;
#619 = EDGE_CURVE ( 'NONE', #2561, #4266, #1399, .T. ) ;
#620 = DIRECTION ( 'NONE',  ( -0.0000000000000000000, 1.000000000000000000, -0.0000000000000000000 ) ) ;
#621 = EDGE_CURVE ( 'NONE', #4741, #5061, #2342, .T. ) ;
#622 = VECTOR ( 'NONE', #4736, 1000.000000000000000 ) ;
#623 = CARTESIAN_POINT ( 'NONE',  ( 0.1930191184553036200, 2.669598054883986400, 2.744069739355903300 ) ) ;
#624 = ORIENTED_EDGE ( 'NONE', *, *, #1588, .F. ) ;
#625 = EDGE_LOOP ( 'NONE', ( #2182, #2367 ) ) ;
#626 = DIRECTION ( 'NONE',  ( -0.0000000000000000000, -1.000000000000000000, 0.0000000000000000000 ) ) ;
#627 = CARTESIAN_POINT ( 'NONE',  ( -2.793106854861110200, 3.795647269482022200, 1.612600994529452600 ) ) ;
#628 = CARTESIAN_POINT ( 'NONE',  ( -2.793106854861110700, 9.379513889852392000, 0.0000000000000000000 ) ) ;
#629 = AXIS2_PLACEMENT_3D ( 'NONE', #1513, #2247, #1923 ) ;
#630 = AXIS2_PLACEMENT_3D ( 'NONE', #3634, #2831, #498 ) ;
#631 = CARTESIAN_POINT ( 'NONE',  ( 0.0000000000000000000, 0.5000000000000000000, 0.0000000000000000000 ) ) ;
#632 = ORIENTED_EDGE ( 'NONE', *, *, #4173, .F. ) ;
#633 = CYLINDRICAL_SURFACE ( 'NONE', #3723, 2.080000000000000100 ) ;
#634 = CARTESIAN_POINT ( 'NONE',  ( 0.3673919734629159700, 3.095553262237096700, -2.725348331228933500 ) ) ;
#635 = CARTESIAN_POINT ( 'NONE',  ( 1.396553427430556700, 4.499421297259799800, 2.418901491794176500 ) ) ;
#636 = ORIENTED_EDGE ( 'NONE', *, *, #3432, .T. ) ;
#637 = CARTESIAN_POINT ( 'NONE',  ( -2.247584431391540000E-016, 6.687378474158863100, -3.670583931557075200 ) ) ;
#638 = CARTESIAN_POINT ( 'NONE',  ( 3.039999999999999600, -4.129999999999999900, 2.039999999999999100 ) ) ;
#639 = VECTOR ( 'NONE', #2362, 1000.000000000000000 ) ;
#640 = DIRECTION ( 'NONE',  ( -0.9999797141137741800, -0.006369565207636761700, 0.0000000000000000000 ) ) ;
#641 = CARTESIAN_POINT ( 'NONE',  ( 2.039999999999999100, 0.0000000000000000000, -3.040000000000000500 ) ) ;
#642 = CARTESIAN_POINT ( 'NONE',  ( 2.985216544710878700E-014, 3.000000000000000000, -2.850000000000000100 ) ) ;
#643 = DIRECTION ( 'NONE',  ( -0.0000000000000000000, -1.000000000000000000, -0.0000000000000000000 ) ) ;
#644 = FACE_OUTER_BOUND ( 'NONE', #5114, .T. ) ;
#645 = CARTESIAN_POINT ( 'NONE',  ( -0.3661702374178171200, 2.901936884535622200, 2.725512745974222100 ) ) ;
#646 = DIRECTION ( 'NONE',  ( 0.0000000000000000000, 1.000000000000000000, 0.0000000000000000000 ) ) ;
#647 = CARTESIAN_POINT ( 'NONE',  ( -0.3267908567596801200, 2.805600347210687900, 2.731354498153114800 ) ) ;
#648 = FACE_OUTER_BOUND ( 'NONE', #3516, .T. ) ;
#649 = CARTESIAN_POINT ( 'NONE',  ( 2.743838513611203100, 2.671530293052220900, -0.1959596816727552900 ) ) ;
#650 = AXIS2_PLACEMENT_3D ( 'NONE', #328, #3910, #1122 ) ;
#651 = CYLINDRICAL_SURFACE ( 'NONE', #446, 2.750000000000000000 ) ;
#652 = CARTESIAN_POINT ( 'NONE',  ( 0.3150987235118560300, 2.916159197737784300, 2.697642543859577000 ) ) ;
#653 = CARTESIAN_POINT ( 'NONE',  ( 2.793106854861110700, 3.970254630593133000, -1.612600994529452200 ) ) ;
#654 = CARTESIAN_POINT ( 'NONE',  ( -3.178818931451389100, 8.216082177862565700, -1.835291965778537400 ) ) ;
#655 = CARTESIAN_POINT ( 'NONE',  ( -0.6342929647876980300, 4.315801599636244200, 2.914934642483617100 ) ) ;
#656 = CARTESIAN_POINT ( 'NONE',  ( -2.412708507134121200, 8.556885216022410000, 1.407225483806616700 ) ) ;
#657 = ORIENTED_EDGE ( 'NONE', *, *, #2033, .T. ) ;
#658 = FILL_AREA_STYLE_COLOUR ( '', #2145 ) ;
#659 = ORIENTED_EDGE ( 'NONE', *, *, #4181, .T. ) ;
#660 = VERTEX_POINT ( 'NONE', #4124 ) ;
#661 = AXIS2_PLACEMENT_3D ( 'NONE', #3909, #3852, #233 ) ;
#662 = AXIS2_PLACEMENT_3D ( 'NONE', #2319, #3532, #3945 ) ;
#663 = CARTESIAN_POINT ( 'NONE',  ( 1.396553427430556700, 5.908768519482022100, 2.418901491794176500 ) ) ;
#664 = CARTESIAN_POINT ( 'NONE',  ( -2.941924953376434400, 8.121460183458578900, -1.967653045586971400 ) ) ;
#665 = DIRECTION ( 'NONE',  ( 0.0000000000000000000, 0.0000000000000000000, -1.000000000000000000 ) ) ;
#666 = CARTESIAN_POINT ( 'NONE',  ( 2.718713774577940200, 2.675819741821063400, -0.08457094613660837100 ) ) ;
#667 = CARTESIAN_POINT ( 'NONE',  ( -0.3150987235112940300, 2.999653505395890400, 2.697642543859647600 ) ) ;
#668 = DIRECTION ( 'NONE',  ( -0.0000000000000000000, 0.0000000000000000000, -1.000000000000000000 ) ) ;
#669 = CARTESIAN_POINT ( 'NONE',  ( 2.793106854861111500, 4.558217593556095800, 1.612600994529450200 ) ) ;
#670 = AXIS2_PLACEMENT_3D ( 'NONE', #2930, #125, #4583 ) ;
#671 = CARTESIAN_POINT ( 'NONE',  ( 3.178818931451388600, 8.627656251936640400, -3.892930429470952600E-016 ) ) ;
#672 = CARTESIAN_POINT ( 'NONE',  ( 0.5397642066753534100, 7.406611245059271400, 0.1016000000000000100 ) ) ;
#673 = DIRECTION ( 'NONE',  ( 0.0000000000000000000, 1.000000000000000000, -0.0000000000000000000 ) ) ;
#674 = FILL_AREA_STYLE_COLOUR ( '', #2878 ) ;
#675 = ORIENTED_EDGE ( 'NONE', *, *, #4012, .F. ) ;
#676 = CARTESIAN_POINT ( 'NONE',  ( 0.3291510380560138100, 2.808929894163195900, 2.731086726686775500 ) ) ;
#677 = CARTESIAN_POINT ( 'NONE',  ( -0.1911229743717688400, 3.331495007823392900, -2.744211041005417200 ) ) ;
#678 = ORIENTED_EDGE ( 'NONE', *, *, #2698, .T. ) ;
#679 = CARTESIAN_POINT ( 'NONE',  ( 1.396553427430556700, 8.730990741704243200, 2.418901491794176500 ) ) ;
#680 = CARTESIAN_POINT ( 'NONE',  ( 0.0000000000000000000, 0.2000000000000000100, -2.080000000000000100 ) ) ;
#681 = EDGE_CURVE ( 'NONE', #3315, #1914, #4424, .T. ) ;
#682 = VERTEX_POINT ( 'NONE', #886 ) ;
#683 = CARTESIAN_POINT ( 'NONE',  ( -1.087655310226462600, 4.525005752230611300, -2.982889693927044400 ) ) ;
#684 = CARTESIAN_POINT ( 'NONE',  ( 2.793106854861110700, 3.205902778741281700, -3.420569369482190000E-016 ) ) ;
#685 = EDGE_LOOP ( 'NONE', ( #3604, #4491, #202, #4123 ) ) ;
#686 = CARTESIAN_POINT ( 'NONE',  ( -3.178818931451388600, 7.569322918603306900, 0.0000000000000000000 ) ) ;
#687 = FACE_OUTER_BOUND ( 'NONE', #4746, .T. ) ;
#688 = CARTESIAN_POINT ( 'NONE',  ( -2.776564096989026200, 8.556893145138891700, -0.3544166613328425500 ) ) ;
#689 = CARTESIAN_POINT ( 'NONE',  ( -0.8507386859689074500, 6.015536619925656600, -3.175000000000334200 ) ) ;
#690 = CARTESIAN_POINT ( 'NONE',  ( 3.174999999999999800, 4.308333333333334500, -3.888253587292846100E-016 ) ) ;
#691 = EDGE_CURVE ( 'NONE', #4404, #3064, #3406, .T. ) ;
#692 = CARTESIAN_POINT ( 'NONE',  ( -3.039999999999998700, -4.129999999999999900, -2.039999999999999100 ) ) ;
#693 = CARTESIAN_POINT ( 'NONE',  ( -2.039999999999998700, 0.0000000000000000000, 3.040000000000000500 ) ) ;
#694 = VECTOR ( 'NONE', #5161, 1000.000000000000000 ) ;
#695 = ORIENTED_EDGE ( 'NONE', *, *, #1157, .F. ) ;
#696 = CARTESIAN_POINT ( 'NONE',  ( 0.2811653687899637900, 2.830474209633939300, -2.702685374714263800 ) ) ;
#697 = CARTESIAN_POINT ( 'NONE',  ( 2.793106854861110700, 6.731916667630169800, -3.420569369482190000E-016 ) ) ;
#698 = CARTESIAN_POINT ( 'NONE',  ( -2.825048672147083100, 1.600000000000000100, 3.040000000000001400 ) ) ;
#699 = DIRECTION ( 'NONE',  ( 0.0000000000000000000, 0.0000000000000000000, -1.000000000000000000 ) ) ;
#700 = B_SPLINE_CURVE_WITH_KNOTS ( 'NONE', 3,
 ( #1464, #3054, #1488, #1477 ),
 .UNSPECIFIED., .F., .F.,
 ( 4, 4 ),
 ( 0.0000000000000000000, 0.0001427629685589020500 ),
 .UNSPECIFIED. ) ;
#701 = ORIENTED_EDGE ( 'NONE', *, *, #3630, .F. ) ;
#702 = ORIENTED_EDGE ( 'NONE', *, *, #4425, .F. ) ;
#703 = CYLINDRICAL_SURFACE ( 'NONE', #4227, 3.174999999999999800 ) ;
#704 = VECTOR ( 'NONE', #4178, 1000.000000000000000 ) ;
#705 = CARTESIAN_POINT ( 'NONE',  ( 5.924599938756993300E-016, 7.439236112074613800, 3.225201989058902100 ) ) ;
#706 = CARTESIAN_POINT ( 'NONE',  ( 1.589409465725693600, 8.039693288973678500, -2.752937948667807200 ) ) ;
#707 = CARTESIAN_POINT ( 'NONE',  ( 2.793106854861111100, 8.085995371333874400, 1.612600994529450200 ) ) ;
#708 = DIRECTION ( 'NONE',  ( -0.0000000000000000000, -1.000000000000000000, -0.0000000000000000000 ) ) ;
#709 = LINE ( 'NONE', #3668, #3918 ) ;
#710 = DIRECTION ( 'NONE',  ( 1.748315655815669100E-016, 0.0000000000000000000, 1.000000000000000000 ) ) ;
#711 = CARTESIAN_POINT ( 'NONE',  ( -1.587499999999997500, 6.189814814814816700, 2.749630657015593700 ) ) ;
#712 = PRODUCT_DEFINITION ( 'UNKNOWN', '', #2853, #2478 ) ;
#713 = PRODUCT_CONTEXT ( 'NONE', #1922, 'mechanical' ) ;
#714 = CARTESIAN_POINT ( 'NONE',  ( 3.039999999999999600, 1.600000000000000100, 2.825048672147085300 ) ) ;
#715 = FACE_OUTER_BOUND ( 'NONE', #1849, .T. ) ;
#716 = CARTESIAN_POINT ( 'NONE',  ( 2.793106854861110700, 8.907379630593133900, -1.612600994529452200 ) ) ;
#717 = CARTESIAN_POINT ( 'NONE',  ( -2.793106854861109300, 8.027199075037577500, 1.612600994529452800 ) ) ;
#718 = CARTESIAN_POINT ( 'NONE',  ( 0.0000000000000000000, 7.440000000000002200, 0.0000000000000000000 ) ) ;
#719 = VERTEX_POINT ( 'NONE', #4386 ) ;
#720 = EDGE_CURVE ( 'NONE', #2303, #3669, #1177, .T. ) ;
#721 = CARTESIAN_POINT ( 'NONE',  ( 2.793106854861111500, 6.851273149111651000, 1.612600994529450200 ) ) ;
#722 = EDGE_CURVE ( 'NONE', #4088, #3733, #2339, .T. ) ;
#723 = VERTEX_POINT ( 'NONE', #2758 ) ;
#724 = CARTESIAN_POINT ( 'NONE',  ( -1.589409465725694700, 4.629508103788492900, -2.752937948667806700 ) ) ;
#725 = PLANE ( 'NONE',  #1460 ) ;
#726 = CARTESIAN_POINT ( 'NONE',  ( -2.244884255301052700E-016, 7.306944444444445400, -3.666174209354123200 ) ) ;
#727 = CARTESIAN_POINT ( 'NONE',  ( -2.770499743798392800E-011, 4.429701754572296800, -3.079701754572293100 ) ) ;
#728 = CARTESIAN_POINT ( 'NONE',  ( 0.3303250404541707700, 2.911322944190378100, -2.730328506153054700 ) ) ;
#729 = AXIS2_PLACEMENT_3D ( 'NONE', #4603, #592, #336 ) ;
#730 = CARTESIAN_POINT ( 'NONE',  ( -2.793106854861110200, 6.437935186148688000, 1.612600994529452600 ) ) ;
#731 = CARTESIAN_POINT ( 'NONE',  ( 1.396553427430554700, 5.616550926889429400, -2.418901491794177300 ) ) ;
#732 = CARTESIAN_POINT ( 'NONE',  ( 0.5736725546860332900, 7.440000000000002200, -0.1016000000000000100 ) ) ;
#733 = B_SPLINE_CURVE_WITH_KNOTS ( 'NONE', 3,
 ( #3035, #672, #3477, #1018 ),
 .UNSPECIFIED., .F., .F.,
 ( 4, 4 ),
 ( 0.0000000000000000000, 0.0001427629685589020800 ),
 .UNSPECIFIED. ) ;
#734 = EDGE_LOOP ( 'NONE', ( #2680, #3499, #2164, #4831 ) ) ;
#735 = CARTESIAN_POINT ( 'NONE',  ( -0.3150922842482706300, 2.997921052681319600, 2.697643410430465800 ) ) ;
#736 = ORIENTED_EDGE ( 'NONE', *, *, #4678, .F. ) ;
#737 = ORIENTED_EDGE ( 'NONE', *, *, #751, .F. ) ;
#738 = CARTESIAN_POINT ( 'NONE',  ( 0.0000000000000000000, 0.0000000000000000000, 0.0000000000000000000 ) ) ;
#739 = CARTESIAN_POINT ( 'NONE',  ( -1.974866646252330800E-016, 7.086458334296837700, -3.225201989058902100 ) ) ;
#740 = CARTESIAN_POINT ( 'NONE',  ( 3.178818931451389900, 5.746637733418121600, 1.835291965778536500 ) ) ;
#741 = ORIENTED_EDGE ( 'NONE', *, *, #4348, .F. ) ;
#742 = CARTESIAN_POINT ( 'NONE',  ( 3.175000000000001200, 6.366203703703704700, 1.833087104677060500 ) ) ;
#743 = DIRECTION ( 'NONE',  ( 0.0000000000000000000, 1.000000000000000000, 0.0000000000000000000 ) ) ;
#744 = ORIENTED_EDGE ( 'NONE', *, *, #3164, .F. ) ;
#745 = CARTESIAN_POINT ( 'NONE',  ( -0.08583375948348816200, 2.676115002977288400, -2.718675347363460400 ) ) ;
#746 = CARTESIAN_POINT ( 'NONE',  ( -1.396553427430553300, 4.380064815778318600, 2.418901491794178200 ) ) ;
#747 = CARTESIAN_POINT ( 'NONE',  ( -2.793106854861109300, 4.499421297259799800, 1.612600994529452800 ) ) ;
#748 = EDGE_CURVE ( 'NONE', #1990, #5112, #520, .T. ) ;
#749 = CARTESIAN_POINT ( 'NONE',  ( 2.226046452002967200, 8.457490907129999500, -1.857162203096669000 ) ) ;
#750 = EDGE_CURVE ( 'NONE', #1764, #845, #2976, .T. ) ;
#751 = EDGE_CURVE ( 'NONE', #1030, #1217, #5274, .T. ) ;
#752 = VECTOR ( 'NONE', #4607, 1000.000000000000000 ) ;
#753 = CARTESIAN_POINT ( 'NONE',  ( 0.0000000000000000000, 7.620000000000002800, 0.0000000000000000000 ) ) ;
#754 = ORIENTED_EDGE ( 'NONE', *, *, #5021, .T. ) ;
#755 = CARTESIAN_POINT ( 'NONE',  ( -2.697643460050251000, 3.002137639031063000, 0.3150919155324575800 ) ) ;
#756 = CARTESIAN_POINT ( 'NONE',  ( 2.793106854861110700, 8.379976852815355300, -1.612600994529452200 ) ) ;
#757 = ORIENTED_EDGE ( 'NONE', *, *, #912, .T. ) ;
#758 = CARTESIAN_POINT ( 'NONE',  ( 6.742753294174620500E-016, 4.923489585269973800, 3.670583931557075200 ) ) ;
#759 = FACE_OUTER_BOUND ( 'NONE', #4892, .T. ) ;
#760 = CARTESIAN_POINT ( 'NONE',  ( -3.174999999999999800, 6.718981481481481700, -1.833087104677061400 ) ) ;
#761 = ORIENTED_EDGE ( 'NONE', *, *, #1723, .F. ) ;
#762 = CARTESIAN_POINT ( 'NONE',  ( -4.357666448243396400E-015, 7.659722222222223200, 3.175000000000000700 ) ) ;
#763 = ORIENTED_EDGE ( 'NONE', *, *, #1553, .F. ) ;
#764 = CARTESIAN_POINT ( 'NONE',  ( 2.650048032947014600E-011, 6.954166666667649800, 3.175000000000000700 ) ) ;
#765 = FACE_OUTER_BOUND ( 'NONE', #1046, .T. ) ;
#766 = CARTESIAN_POINT ( 'NONE',  ( 0.0000000000000000000, 7.340000000000001600, 0.0000000000000000000 ) ) ;
#767 = ORIENTED_EDGE ( 'NONE', *, *, #2835, .F. ) ;
#768 = CARTESIAN_POINT ( 'NONE',  ( -3.843461807350674400E-013, 8.519283426555960000, -2.830716573444035200 ) ) ;
#769 = CARTESIAN_POINT ( 'NONE',  ( 1.396553427430554700, 4.027287038000539900, -2.418901491794177300 ) ) ;
#770 = CARTESIAN_POINT ( 'NONE',  ( 5.924599938756992300E-016, 7.439236112074613800, 3.225201989058902500 ) ) ;
#771 = SPHERICAL_SURFACE ( 'NONE', #5060, 0.3499999999999999800 ) ;
#772 = CARTESIAN_POINT ( 'NONE',  ( 1.481296765109340900, 8.480940945315932600, -2.464572797037459100 ) ) ;
#773 = VECTOR ( 'NONE', #1793, 1000.000000000000000 ) ;
#774 = CARTESIAN_POINT ( 'NONE',  ( 0.3150919155356744500, 3.002137639033551700, 2.697643460049959300 ) ) ;
#775 = CARTESIAN_POINT ( 'NONE',  ( -3.175000000000000300, 4.690509261186265100, -1.833087104677061600 ) ) ;
#776 = CARTESIAN_POINT ( 'NONE',  ( 2.793106854861111500, 8.262384260222763300, 1.612600994529450200 ) ) ;
#777 = CARTESIAN_POINT ( 'NONE',  ( 6.742753294174620500E-016, 3.512378474158862800, 3.670583931557075200 ) ) ;
#778 = CARTESIAN_POINT ( 'NONE',  ( -1.396553427430553300, 4.558217593556096700, 2.418901491794178200 ) ) ;
#779 = ORIENTED_EDGE ( 'NONE', *, *, #1651, .F. ) ;
#780 = DIRECTION ( 'NONE',  ( 0.0000000000000000000, 0.0000000000000000000, -1.000000000000000000 ) ) ;
#781 = CARTESIAN_POINT ( 'NONE',  ( 3.039999999999999600, 0.0000000000000000000, -2.039999999999999100 ) ) ;
#782 = DIRECTION ( 'NONE',  ( -0.0000000000000000000, -1.000000000000000000, -0.0000000000000000000 ) ) ;
#783 = ORIENTED_EDGE ( 'NONE', *, *, #4114, .F. ) ;
#784 = CARTESIAN_POINT ( 'NONE',  ( 1.396553427430556700, 3.792101852815355800, 2.418901491794176500 ) ) ;
#785 = CARTESIAN_POINT ( 'NONE',  ( 2.793106854861111100, 6.851273149111651900, 1.612600994529450200 ) ) ;
#786 = ORIENTED_EDGE ( 'NONE', *, *, #1352, .T. ) ;
#787 = DIRECTION ( 'NONE',  ( 0.0000000000000000000, 0.0000000000000000000, 1.000000000000000000 ) ) ;
#788 = EDGE_LOOP ( 'NONE', ( #2374, #5018 ) ) ;
#789 = CARTESIAN_POINT ( 'NONE',  ( 0.5736725546860332900, 7.440000000000002200, 0.1016000000000000100 ) ) ;
#790 = CARTESIAN_POINT ( 'NONE',  ( 1.396553427430556700, 8.910925047259798500, 2.418901491794176500 ) ) ;
#791 = EDGE_CURVE ( 'NONE', #4586, #2597, #1338, .T. ) ;
#792 = CARTESIAN_POINT ( 'NONE',  ( -3.178818931451388600, 4.041545140825530100, 0.0000000000000000000 ) ) ;
#793 = DIRECTION ( 'NONE',  ( -0.0000000000000000000, -1.000000000000000000, -0.0000000000000000000 ) ) ;
#794 = CARTESIAN_POINT ( 'NONE',  ( 2.793106854861110700, 4.087847223185725900, -3.420569369482190000E-016 ) ) ;
#795 =( BOUNDED_CURVE ( )  B_SPLINE_CURVE ( 2, ( #486, #2903, #4515, #4098, #502, #1677, #4149, #4569, #2154 ),
 .UNSPECIFIED., .F., .F. ) 
 B_SPLINE_CURVE_WITH_KNOTS ( ( 3, 2, 2, 2, 3 ),
 ( 0.01206866013503782800, 0.01372704850978965000, 0.01704382525929319700, 0.02036060200879674000, 0.02201899038354849000 ),
 .UNSPECIFIED. ) 
 CURVE ( )  GEOMETRIC_REPRESENTATION_ITEM ( )  RATIONAL_B_SPLINE_CURVE ( ( 0.9330127018922191900, 0.9330127018922171900, 0.9999999999999998900, 0.8660254037844386000, 0.9999999999999998900, 0.8660254037844386000, 0.9999999999999998900, 0.9330127018922200800, 0.9330127018922191900 ) ) 
 REPRESENTATION_ITEM ( '' )  );
#796 = CARTESIAN_POINT ( 'NONE',  ( 2.718834267048633200, 3.325106404609732300, -0.08103337654774557500 ) ) ;
#797 = CARTESIAN_POINT ( 'NONE',  ( -2.697643410430466700, 2.997921052681319600, -0.3150922842482610800 ) ) ;
#798 = CARTESIAN_POINT ( 'NONE',  ( 0.0000000000000000000, 0.0000000000000000000, -2.750000000000000000 ) ) ;
#799 = STYLED_ITEM ( 'NONE', ( #2270 ), #2753 ) ;
#800 = AXIS2_PLACEMENT_3D ( 'NONE', #718, #1942, #3062 ) ;
#801 = EDGE_LOOP ( 'NONE', ( #4697, #3430, #754, #1191 ) ) ;
#802 = CARTESIAN_POINT ( 'NONE',  ( 5.924599938756993300E-016, 4.438861112074614600, 3.225201989058902100 ) ) ;
#803 = CARTESIAN_POINT ( 'NONE',  ( 1.396553427430554700, 6.322106482444985100, -2.418901491794177300 ) ) ;
#804 = CARTESIAN_POINT ( 'NONE',  ( 2.675878183349105200, 2.997624060207222400, 0.3601054677122984500 ) ) ;
#805 = ORIENTED_EDGE ( 'NONE', *, *, #1553, .T. ) ;
#806 = CARTESIAN_POINT ( 'NONE',  ( -0.6268193041060558000, 7.440000000000002200, -0.1016000000000000200 ) ) ;
#807 = CARTESIAN_POINT ( 'NONE',  ( -2.793106854861111100, 8.616943565778317500, -1.612600994529450800 ) ) ;
#808 = CARTESIAN_POINT ( 'NONE',  ( 3.175000000000001200, 7.865509261186264000, 1.833087104677060500 ) ) ;
#809 = ORIENTED_EDGE ( 'NONE', *, *, #2566, .F. ) ;
#810 = CARTESIAN_POINT ( 'NONE',  ( -1.396553427430555500, 3.617476852815355100, -2.418901491794176900 ) ) ;
#811 = DIRECTION ( 'NONE',  ( 0.0000000000000000000, 0.0000000000000000000, -1.000000000000000000 ) ) ;
#812 = CARTESIAN_POINT ( 'NONE',  ( 0.0000000000000000000, 12.46317892581091000, 0.0000000000000000000 ) ) ;
#813 = CARTESIAN_POINT ( 'NONE',  ( 2.459687735397008400, 4.143112011693018500, -1.323397454823874700 ) ) ;
#814 = ORIENTED_EDGE ( 'NONE', *, *, #1993, .T. ) ;
#815 = CARTESIAN_POINT ( 'NONE',  ( -1.682587979217670800E-011, 6.689583335260961100, -3.174999999999998900 ) ) ;
#816 = CARTESIAN_POINT ( 'NONE',  ( 2.793106854861110700, 8.850347223185725200, -3.420569369482190000E-016 ) ) ;
#817 = VECTOR ( 'NONE', #38, 1000.000000000000000 ) ;
#818 = EDGE_CURVE ( 'NONE', #3236, #3714, #1711, .T. ) ;
#819 = FACE_OUTER_BOUND ( 'NONE', #294, .T. ) ;
#820 = CARTESIAN_POINT ( 'NONE',  ( 0.3513250752098836000, 4.340490148213315400, 2.974865340037179600 ) ) ;
#821 = CARTESIAN_POINT ( 'NONE',  ( 2.793106854861110700, 8.322962084296836600, -3.420569369482190000E-016 ) ) ;
#822 = ORIENTED_EDGE ( 'NONE', *, *, #3434, .F. ) ;
#823 = CARTESIAN_POINT ( 'NONE',  ( 6.734652765903158200E-016, 7.747916668593672000, 3.666174209354123200 ) ) ;
#824 = CARTESIAN_POINT ( 'NONE',  ( 1.396553427430556700, 4.675810186148689600, 2.418901491794176500 ) ) ;
#825 = CIRCLE ( 'NONE', #244, 2.080000000000000100 ) ;
#826 = DIRECTION ( 'NONE',  ( 0.0000000000000000000, 0.0000000000000000000, -1.000000000000000000 ) ) ;
#827 = CARTESIAN_POINT ( 'NONE',  ( 3.175000000000599800, 6.483796296296644900, -1.833087104677409800 ) ) ;
#828 = CARTESIAN_POINT ( 'NONE',  ( 5.287301957201986300E-015, 7.306944444444444500, -3.174999999999998900 ) ) ;
#829 = VECTOR ( 'NONE', #4043, 1000.000000000000000 ) ;
#830 = ADVANCED_FACE ( 'NONE', ( #2152 ), #3782, .T. ) ;
#831 = CARTESIAN_POINT ( 'NONE',  ( -2.725514256720772200, 2.900140189971723200, -0.3661590113351959100 ) ) ;
#832 = CARTESIAN_POINT ( 'NONE',  ( -1.396553427430555500, 6.968865741704243900, -2.418901491794176900 ) ) ;
#833 = CARTESIAN_POINT ( 'NONE',  ( 0.3150922842482892800, 2.997921052681319600, -2.697643410430463600 ) ) ;
#834 = VECTOR ( 'NONE', #3494, 1000.000000000000000 ) ;
#835 = PLANE ( 'NONE',  #1936 ) ;
#836 = CARTESIAN_POINT ( 'NONE',  ( -1.045047765402551200, 2.897122557269988800, -2.621843380387722800 ) ) ;
#837 = CARTESIAN_POINT ( 'NONE',  ( 0.0000000000000000000, 0.0000000000000000000, 0.0000000000000000000 ) ) ;
#838 = LINE ( 'NONE', #2255, #4229 ) ;
#839 = CARTESIAN_POINT ( 'NONE',  ( 1.589409465725693600, 8.661464120360735200, -2.752937948667807200 ) ) ;
#840 = CARTESIAN_POINT ( 'NONE',  ( -3.174999999999998900, 6.924768520445524300, 1.833087104677063400 ) ) ;
#841 = ORIENTED_EDGE ( 'NONE', *, *, #2429, .T. ) ;
#842 = ORIENTED_EDGE ( 'NONE', *, *, #1934, .F. ) ;
#843 = CARTESIAN_POINT ( 'NONE',  ( 2.793106854861110700, 6.263310186148689100, -1.612600994529452200 ) ) ;
#844 = CARTESIAN_POINT ( 'NONE',  ( -0.6268193041060558000, 8.802396902521437000, 0.1016000000000000200 ) ) ;
#845 = VERTEX_POINT ( 'NONE', #2341 ) ;
#846 = DIRECTION ( 'NONE',  ( 0.0000000000000000000, 0.0000000000000000000, -1.000000000000000000 ) ) ;
#847 = CARTESIAN_POINT ( 'NONE',  ( -3.175000000000002500, 6.072222222222225500, 0.0000000000000000000 ) ) ;
#848 = EDGE_CURVE ( 'NONE', #2454, #3749, #390, .T. ) ;
#849 = CARTESIAN_POINT ( 'NONE',  ( 5.924599938756993300E-016, 7.262847223185725700, 3.225201989058902100 ) ) ;
#850 = DIRECTION ( 'NONE',  ( 0.0000000000000000000, 0.0000000000000000000, -1.000000000000000000 ) ) ;
#851 = CARTESIAN_POINT ( 'NONE',  ( 2.793106854861110700, 3.441087963926466200, -1.612600994529452200 ) ) ;
#852 = EDGE_CURVE ( 'NONE', #2552, #976, #3468, .T. ) ;
#853 = CARTESIAN_POINT ( 'NONE',  ( 3.175000000000010500, 5.807638890815888500, -3.888253587292859400E-016 ) ) ;
#854 = CARTESIAN_POINT ( 'NONE',  ( 3.174999999999998900, 3.661574074074074800, -1.833087104677063200 ) ) ;
#855 = CARTESIAN_POINT ( 'NONE',  ( -3.174999999999999800, 6.101620372297375600, -1.833087104677061400 ) ) ;
#856 = AXIS2_PLACEMENT_3D ( 'NONE', #4654, #226, #5066 ) ;
#857 = CARTESIAN_POINT ( 'NONE',  ( -1.587500000000000400, 9.482407407407407600, -2.749630657015592400 ) ) ;
#858 = CARTESIAN_POINT ( 'NONE',  ( -0.3601054677123078400, 2.997624060207222400, 2.675878183349103900 ) ) ;
#859 = CARTESIAN_POINT ( 'NONE',  ( 0.0000000000000000000, 8.599999999999999600, 0.0000000000000000000 ) ) ;
#860 = CARTESIAN_POINT ( 'NONE',  ( 3.039999999999999600, 1.600000000000000100, 2.825048672147085300 ) ) ;
#861 = ORIENTED_EDGE ( 'NONE', *, *, #3630, .T. ) ;
#862 = CARTESIAN_POINT ( 'NONE',  ( 0.0000000000000000000, 0.2000000000000000100, -0.6350000000000000100 ) ) ;
#863 = CARTESIAN_POINT ( 'NONE',  ( 5.924599938756993300E-016, 7.968402778741280600, 3.225201989058902100 ) ) ;
#864 = DIRECTION ( 'NONE',  ( 8.659560562354955000E-017, 0.7071067811865456900, -0.7071067811865493500 ) ) ;
#865 = ORIENTED_EDGE ( 'NONE', *, *, #4052, .F. ) ;
#866 = CARTESIAN_POINT ( 'NONE',  ( -2.731087048746746700, 3.190851049416290500, -0.3289356214074893300 ) ) ;
#867 = ORIENTED_EDGE ( 'NONE', *, *, #5021, .F. ) ;
#868 = DIRECTION ( 'NONE',  ( 0.0000000000000000000, 0.0000000000000000000, -1.000000000000000000 ) ) ;
#869 = CARTESIAN_POINT ( 'NONE',  ( -1.396553427430555500, 4.324813936148688100, -2.418901491794176900 ) ) ;
#870 = CARTESIAN_POINT ( 'NONE',  ( 1.587500000000001500, 3.485185185185186700, 2.749630657015591500 ) ) ;
#871 = CARTESIAN_POINT ( 'NONE',  ( 3.174999999999998900, 5.866435187112190700, -1.833087104677063200 ) ) ;
#872 = FACE_OUTER_BOUND ( 'NONE', #308, .T. ) ;
#873 = CARTESIAN_POINT ( 'NONE',  ( -3.174999999999999800, 9.600000000000001400, 0.0000000000000000000 ) ) ;
#874 = CARTESIAN_POINT ( 'NONE',  ( 0.0000000000000000000, 4.670000000000001700, 0.0000000000000000000 ) ) ;
#875 = CARTESIAN_POINT ( 'NONE',  ( -3.171976494323238200, 8.179836743408442200, -0.1955433592177674200 ) ) ;
#876 = DIRECTION ( 'NONE',  ( 0.0000000000000000000, -1.000000000000000000, 0.0000000000000000000 ) ) ;
#877 = CYLINDRICAL_SURFACE ( 'NONE', #3278, 1.729999999999999300 ) ;
#878 = EDGE_LOOP ( 'NONE', ( #1558, #4016, #1653, #4594 ) ) ;
#879 = B_SPLINE_CURVE_WITH_KNOTS ( 'NONE', 3,
 ( #2584, #5033, #4959, #2149, #2929, #587 ),
 .UNSPECIFIED., .F., .F.,
 ( 4, 2, 4 ),
 ( 0.001151964106403643400, 0.001441749954522933500, 0.001731535802642223500 ),
 .UNSPECIFIED. ) ;
#880 = CARTESIAN_POINT ( 'NONE',  ( 0.1938177131297244300, 8.300361960065071500, 3.049638039934806900 ) ) ;
#881 = EDGE_CURVE ( 'NONE', #4602, #3714, #4156, .T. ) ;
#882 = EDGE_CURVE ( 'NONE', #3912, #3437, #5140, .T. ) ;
#883 = ORIENTED_EDGE ( 'NONE', *, *, #1798, .F. ) ;
#884 = ORIENTED_EDGE ( 'NONE', *, *, #4600, .F. ) ;
#885 = CYLINDRICAL_SURFACE ( 'NONE', #4793, 0.6350000000000000100 ) ;
#886 = CARTESIAN_POINT ( 'NONE',  ( -2.825048672147084400, 1.600000000000000100, -3.039999999999999600 ) ) ;
#887 = CARTESIAN_POINT ( 'NONE',  ( 2.793106854861111500, 6.853054676889429200, 1.612600994529450200 ) ) ;
#888 = DIRECTION ( 'NONE',  ( 0.0000000000000000000, 0.0000000000000000000, -1.000000000000000000 ) ) ;
#889 = CARTESIAN_POINT ( 'NONE',  ( 3.178818931451389900, 7.779519675916292300, 1.835291965778536500 ) ) ;
#890 = CARTESIAN_POINT ( 'NONE',  ( -2.793106854861111100, 9.144328704667207900, -1.612600994529450800 ) ) ;
#891 = CARTESIAN_POINT ( 'NONE',  ( -3.174999999999998900, 8.953240740740740800, 1.833087104677063400 ) ) ;
#892 = LINE ( 'NONE', #1331, #3983 ) ;
#893 = CARTESIAN_POINT ( 'NONE',  ( 3.039999999999999600, -4.129999999999999900, 2.825048672147085300 ) ) ;
#894 = CARTESIAN_POINT ( 'NONE',  ( -0.2225619283030389800, 8.290199008769869600, 3.059800991230290400 ) ) ;
#895 = AXIS2_PLACEMENT_3D ( 'NONE', #2151, #984, #4127 ) ;
#896 = CARTESIAN_POINT ( 'NONE',  ( -0.3298286988961522400, 3.189269158032670000, 2.730971514616338200 ) ) ;
#897 = VERTEX_POINT ( 'NONE', #893 ) ;
#898 = VERTEX_POINT ( 'NONE', #1281 ) ;
#899 = CARTESIAN_POINT ( 'NONE',  ( -3.039999999999998700, -4.129999999999999900, 2.039999999999999100 ) ) ;
#900 = CARTESIAN_POINT ( 'NONE',  ( 1.133736984950449600E-011, 4.331725801403461400, 2.981725801403460900 ) ) ;
#901 = AXIS2_PLACEMENT_3D ( 'NONE', #5153, #1885, #3104 ) ;
#902 = VERTEX_POINT ( 'NONE', #418 ) ;
#903 = CARTESIAN_POINT ( 'NONE',  ( -1.974866646252330800E-016, 4.971573195407947000, -3.225201989058902100 ) ) ;
#904 = ADVANCED_FACE ( 'NONE', ( #5213 ), #1963, .T. ) ;
#905 = DIRECTION ( 'NONE',  ( 0.0000000000000000000, 0.0000000000000000000, -1.000000000000000000 ) ) ;
#906 = CARTESIAN_POINT ( 'NONE',  ( -3.178818931451388600, 7.485538194434811400, 0.0000000000000000000 ) ) ;
#907 = CARTESIAN_POINT ( 'NONE',  ( -3.174999999999998900, 2.691435187112190900, 1.833087104677063400 ) ) ;
#908 = ORIENTED_EDGE ( 'NONE', *, *, #4883, .F. ) ;
#909 = CARTESIAN_POINT ( 'NONE',  ( -0.9702755422471638400, 8.545057403139811200, -2.643410506616163100 ) ) ;
#910 = CARTESIAN_POINT ( 'NONE',  ( -2.507931367388508200, 8.229790941387001600, 1.869326933828447300 ) ) ;
#911 = CARTESIAN_POINT ( 'NONE',  ( 0.0000000000000000000, 0.0000000000000000000, 0.0000000000000000000 ) ) ;
#912 = EDGE_CURVE ( 'NONE', #1609, #3458, #709, .T. ) ;
#913 = DIRECTION ( 'NONE',  ( 0.0000000000000000000, 1.000000000000000000, 0.0000000000000000000 ) ) ;
#914 = EDGE_LOOP ( 'NONE', ( #4541, #4208, #1438, #983 ) ) ;
#915 = DIRECTION ( 'NONE',  ( -0.0000000000000000000, -1.000000000000000000, -0.0000000000000000000 ) ) ;
#916 = CARTESIAN_POINT ( 'NONE',  ( -2.793106854861110700, 5.147962084296836800, 0.0000000000000000000 ) ) ;
#917 = DIRECTION ( 'NONE',  ( -1.000000000000000000, 0.0000000000000000000, -0.0000000000000000000 ) ) ;
#918 = CARTESIAN_POINT ( 'NONE',  ( -1.589409465725694700, 3.840167824064440300, -2.752937948667806700 ) ) ;
#919 = CARTESIAN_POINT ( 'NONE',  ( -3.174999999999999800, 5.396064816741819900, -1.833087104677061400 ) ) ;
#920 = AXIS2_PLACEMENT_3D ( 'NONE', #1930, #5179, #3167 ) ;
#921 = ORIENTED_EDGE ( 'NONE', *, *, #619, .T. ) ;
#922 = CARTESIAN_POINT ( 'NONE',  ( -3.084593547706042200, 8.198566998117382100, 0.6823625832641901900 ) ) ;
#923 = CARTESIAN_POINT ( 'NONE',  ( 2.713728062832659200, 3.289629710262989000, -0.1648036405449663000 ) ) ;
#924 = VERTEX_POINT ( 'NONE', #2479 ) ;
#925 = CARTESIAN_POINT ( 'NONE',  ( -1.396553427430553300, 4.381828704667207800, 2.418901491794178200 ) ) ;
#926 = ADVANCED_FACE ( 'NONE', ( #1082 ), #2718, .T. ) ;
#927 = AXIS2_PLACEMENT_3D ( 'NONE', #199, #4661, #4694 ) ;
#928 = PLANE ( 'NONE',  #2447 ) ;
#929 = FACE_OUTER_BOUND ( 'NONE', #198, .T. ) ;
#930 = DIRECTION ( 'NONE',  ( 0.0000000000000000000, 1.000000000000000000, -0.0000000000000000000 ) ) ;
#931 = VECTOR ( 'NONE', #5103, 1000.000000000000000 ) ;
#932 = CARTESIAN_POINT ( 'NONE',  ( 2.452772798444471400, 4.397273521955211700, 1.842179303492244500 ) ) ;
#933 = CARTESIAN_POINT ( 'NONE',  ( 2.793106854861110700, 5.500739862074613700, -3.420569369482190000E-016 ) ) ;
#934 = CARTESIAN_POINT ( 'NONE',  ( -1.589409465725694700, 5.251278935175551300, -2.752937948667806700 ) ) ;
#935 = CARTESIAN_POINT ( 'NONE',  ( 3.175000000000001200, 2.926620372297376700, 1.833087104677060500 ) ) ;
#936 = LINE ( 'NONE', #3513, #3075 ) ;
#937 = CARTESIAN_POINT ( 'NONE',  ( 5.924599938756993300E-016, 7.439236112074613800, 3.225201989058902100 ) ) ;
#938 = EDGE_CURVE ( 'NONE', #1408, #3409, #515, .T. ) ;
#939 = EDGE_LOOP ( 'NONE', ( #2318, #2569, #3836, #2570 ) ) ;
#940 = CARTESIAN_POINT ( 'NONE',  ( -2.702633716797997900, 3.168990094592328200, 0.2817358206250754600 ) ) ;
#941 = DIRECTION ( 'NONE',  ( 0.0000000000000000000, -1.000000000000000000, 0.0000000000000000000 ) ) ;
#942 = ORIENTED_EDGE ( 'NONE', *, *, #1522, .T. ) ;
#943 = CARTESIAN_POINT ( 'NONE',  ( -2.793106854861110700, 5.675347223185726300, 0.0000000000000000000 ) ) ;
#944 = VECTOR ( 'NONE', #2664, 1000.000000000000000 ) ;
#945 = CARTESIAN_POINT ( 'NONE',  ( 1.396553427430554700, 5.440162038000540400, -2.418901491794177300 ) ) ;
#946 =( BOUNDED_SURFACE ( )  B_SPLINE_SURFACE ( 3, 2, ( 
 ( #1283, #3401, #4968 ),
 ( #991, #3809, #974 ),
 ( #4190, #2961, #5027 ),
 ( #4210, #2942, #4174 ),
 ( #1792, #2578, #2207 ),
 ( #1774, #4991, #565 ),
 ( #1807, #3019, #4592 ),
 ( #940, #149, #1417 ),
 ( #4230, #3792, #4617 ),
 ( #3758, #3360, #4635 ) ),
 .UNSPECIFIED., .F., .F., .F. ) 
 B_SPLINE_SURFACE_WITH_KNOTS ( ( 4, 2, 2, 2, 4 ),
 ( 3, 3 ),
 ( 0.0000000000000000000, 0.0002859050886943506200, 0.0005718101773887012400, 0.0008577152660830518600, 0.001143620354777402500 ),
 ( 0.0000000000000000000, 1.000000000000000000 ),
 .UNSPECIFIED. ) 
 GEOMETRIC_REPRESENTATION_ITEM ( )  RATIONAL_B_SPLINE_SURFACE ( (
 ( 1.000000000000000000, 0.8097361317306208700, 1.000000000000000000),
 ( 1.000000000000000000, 0.8094476173959236400, 1.000000000000000000),
 ( 1.000000000000000000, 0.8141714793987960800, 1.000000000000000000),
 ( 1.000000000000000000, 0.8243118371004168900, 1.000000000000000000),
 ( 1.000000000000000000, 0.8290773132979587500, 1.000000000000000000),
 ( 1.000000000000000000, 0.8292328263518722300, 1.000000000000000000),
 ( 1.000000000000000000, 0.8246374382475737400, 1.000000000000000000),
 ( 1.000000000000000000, 0.8143856057760524600, 1.000000000000000000),
 ( 1.000000000000000000, 0.8096332840003753800, 1.000000000000000000),
 ( 1.000000000000000000, 0.8097361779316860600, 1.000000000000000000) ) ) 
 REPRESENTATION_ITEM ( '' )  SURFACE ( )  );
#947 = VECTOR ( 'NONE', #620, 1000.000000000000000 ) ;
#948 = CARTESIAN_POINT ( 'NONE',  ( 0.3308644510438194000, 3.002210142976474000, 2.730264005351160000 ) ) ;
#949 = CARTESIAN_POINT ( 'NONE',  ( -2.039999999999998700, -0.0000000000000000000, -3.040000000000000500 ) ) ;
#950 = VECTOR ( 'NONE', #3293, 999.9999999999998900 ) ;
#951 = EDGE_CURVE ( 'NONE', #3219, #2597, #4550, .T. ) ;
#952 = LINE ( 'NONE', #4157, #1962 ) ;
#953 = DIRECTION ( 'NONE',  ( -1.000000000000000000, 0.0000000000000000000, -1.748315655815669100E-016 ) ) ;
#954 = ADVANCED_FACE ( 'NONE', ( #2959 ), #1401, .T. ) ;
#955 = CARTESIAN_POINT ( 'NONE',  ( -3.020286994833636600E-011, 8.100694446372569900, -3.174999999999999800 ) ) ;
#956 = LINE ( 'NONE', #1573, #5007 ) ;
#957 = CARTESIAN_POINT ( 'NONE',  ( 3.178818931451389900, 6.368408564805181800, 1.835291965778536500 ) ) ;
#958 = CARTESIAN_POINT ( 'NONE',  ( -1.587500000000000400, 2.515046298223301900, -2.749630657015592400 ) ) ;
#959 = ORIENTED_EDGE ( 'NONE', *, *, #2368, .F. ) ;
#960 = CARTESIAN_POINT ( 'NONE',  ( 2.697643460050251000, 3.002137639031063000, -0.3150919155324575800 ) ) ;
#961 = AXIS2_PLACEMENT_3D ( 'NONE', #2919, #3747, #589 ) ;
#962 = CARTESIAN_POINT ( 'NONE',  ( 2.793106854861110700, 6.792476852815355800, -1.612600994529452200 ) ) ;
#963 = ORIENTED_EDGE ( 'NONE', *, *, #344, .T. ) ;
#964 = CARTESIAN_POINT ( 'NONE',  ( -2.793106854861110700, 4.910995371333873600, -1.612600994529450800 ) ) ;
#965 = CARTESIAN_POINT ( 'NONE',  ( -0.09055064498973192100, 3.336400696876051300, 2.749918040417039100 ) ) ;
#966 = EDGE_LOOP ( 'NONE', ( #2312, #1535, #176, #3131, #2575 ) ) ;
#967 = CARTESIAN_POINT ( 'NONE',  ( -2.725516129407469500, 3.099329119973952100, 0.3661450949953746800 ) ) ;
#968 = CARTESIAN_POINT ( 'NONE',  ( 2.697643410430466700, 2.997921052681319600, 0.3150922842482610800 ) ) ;
#969 = CARTESIAN_POINT ( 'NONE',  ( 2.118638962524921300E-016, 7.570000000000002100, 1.730000000000000200 ) ) ;
#970 = CARTESIAN_POINT ( 'NONE',  ( 4.336808689942017700E-016, 1.600000000000000100, 0.0000000000000000000 ) ) ;
#971 = CARTESIAN_POINT ( 'NONE',  ( 0.0000000000000000000, 9.370000000000001000, 0.0000000000000000000 ) ) ;
#972 = CARTESIAN_POINT ( 'NONE',  ( 1.589409465725695900, 4.192945601842218700, 2.752937948667805800 ) ) ;
#973 = CARTESIAN_POINT ( 'NONE',  ( -2.793106854861111100, 8.438773149111652200, -1.612600994529450800 ) ) ;
#974 = CARTESIAN_POINT ( 'NONE',  ( -2.725350217933773000, 3.093349064841359700, -0.3673779537026693500 ) ) ;
#975 = CARTESIAN_POINT ( 'NONE',  ( 0.08457094613659914300, 2.675819741821063400, 2.718713774577941100 ) ) ;
#976 = VERTEX_POINT ( 'NONE', #1702 ) ;
#977 = CARTESIAN_POINT ( 'NONE',  ( 2.793106854861111500, 5.969328704667206300, 1.612600994529450200 ) ) ;
#978 = CARTESIAN_POINT ( 'NONE',  ( 1.396553427430556700, 5.910532408370910300, 2.418901491794176500 ) ) ;
#979 = ADVANCED_FACE ( 'NONE', ( #3725 ), #4941, .F. ) ;
#980 = EDGE_CURVE ( 'NONE', #415, #605, #4297, .T. ) ;
#981 = CARTESIAN_POINT ( 'NONE',  ( -0.09996019339007439200, 3.370047892855425200, 2.749899018421579500 ) ) ;
#982 = EDGE_CURVE ( 'NONE', #4468, #1242, #471, .T. ) ;
#983 = ORIENTED_EDGE ( 'NONE', *, *, #1015, .F. ) ;
#984 = DIRECTION ( 'NONE',  ( 0.0000000000000000000, -1.000000000000000000, 0.0000000000000000000 ) ) ;
#985 = ORIENTED_EDGE ( 'NONE', *, *, #2302, .T. ) ;
#986 = CARTESIAN_POINT ( 'NONE',  ( -1.396553427430553300, 3.854443565778318700, 2.418901491794178200 ) ) ;
#987 = CARTESIAN_POINT ( 'NONE',  ( -2.793106854861111100, 7.909606482444983700, -1.612600994529450800 ) ) ;
#988 = CARTESIAN_POINT ( 'NONE',  ( 1.589409465725695900, 4.898501157397774400, 2.752937948667805800 ) ) ;
#989 = AXIS2_PLACEMENT_3D ( 'NONE', #4957, #4138, #2511 ) ;
#990 = SURFACE_STYLE_FILL_AREA ( #1850 ) ;
#991 = CARTESIAN_POINT ( 'NONE',  ( -2.697573555868107300, 3.081680271883187100, -0.3156111424033489800 ) ) ;
#992 = DIRECTION ( 'NONE',  ( -0.0000000000000000000, -1.000000000000000000, -0.0000000000000000000 ) ) ;
#993 = ORIENTED_EDGE ( 'NONE', *, *, #4143, .F. ) ;
#994 = CARTESIAN_POINT ( 'NONE',  ( 2.793106854861111500, 4.558217593556095800, 1.612600994529450200 ) ) ;
#995 = CIRCLE ( 'NONE', #3730, 2.279999999999999800 ) ;
#996 = CARTESIAN_POINT ( 'NONE',  ( 2.793106854861110700, 4.617013889852391800, -3.420569369482190000E-016 ) ) ;
#997 = DIRECTION ( 'NONE',  ( -0.9999797141137741800, 0.006369565207636761700, 0.0000000000000000000 ) ) ;
#998 = AXIS2_PLACEMENT_3D ( 'NONE', #1767, #5005, #2571 ) ;
#999 = DIRECTION ( 'NONE',  ( -0.0000000000000000000, -1.000000000000000000, 0.0000000000000000000 ) ) ;
#1000 =( NAMED_UNIT ( * ) SI_UNIT ( $, .STERADIAN. ) SOLID_ANGLE_UNIT ( ) );
#1001 = LINE ( 'NONE', #252, #439 ) ;
#1002 = EDGE_LOOP ( 'NONE', ( #3901, #3326, #3735, #4739, #4732 ) ) ;
#1003 = ORIENTED_EDGE ( 'NONE', *, *, #5163, .F. ) ;
#1004 = DIRECTION ( 'NONE',  ( -1.000000000000000000, 0.0000000000000000000, 0.0000000000000000000 ) ) ;
#1005 = ADVANCED_FACE ( 'NONE', ( #648 ), #4756, .T. ) ;
#1006 = CARTESIAN_POINT ( 'NONE',  ( -0.1919006998655420300, 2.669391191541532500, 2.744132609775645500 ) ) ;
#1007 = CONICAL_SURFACE ( 'NONE', #3582, 2.750000000000000000, 0.7853981633974543900 ) ;
#1008 = CARTESIAN_POINT ( 'NONE',  ( 2.750068779050939500, 2.662313287775323300, 0.08610668738604065900 ) ) ;
#1009 = VERTEX_POINT ( 'NONE', #524 ) ;
#1010 = PLANE ( 'NONE',  #3130 ) ;
#1011 = FACE_OUTER_BOUND ( 'NONE', #1867, .T. ) ;
#1012 = VECTOR ( 'NONE', #1775, 1000.000000000000000 ) ;
#1013 = EDGE_CURVE ( 'NONE', #1720, #2282, #2404, .T. ) ;
#1014 = DIRECTION ( 'NONE',  ( 0.0000000000000000000, 0.0000000000000000000, 1.000000000000000000 ) ) ;
#1015 = EDGE_CURVE ( 'NONE', #1914, #1097, #1334, .T. ) ;
#1016 = CARTESIAN_POINT ( 'NONE',  ( 2.793106854861111500, 8.967939815778319000, 1.612600994529450200 ) ) ;
#1017 = CARTESIAN_POINT ( 'NONE',  ( -1.396553427430553300, 5.087384260222762600, 2.418901491794178200 ) ) ;
#1018 = CARTESIAN_POINT ( 'NONE',  ( 0.4717840607735703800, 7.340000000000001600, 0.1016000000000000100 ) ) ;
#1019 = CARTESIAN_POINT ( 'NONE',  ( -1.087655310226462600, 4.525005752230611300, -2.982889693927044400 ) ) ;
#1020 = VERTEX_POINT ( 'NONE', #541 ) ;
#1021 = SURFACE_SIDE_STYLE ('',( #990 ) ) ;
#1022 = FACE_OUTER_BOUND ( 'NONE', #1200, .T. ) ;
#1023 = CLOSED_SHELL ( 'NONE', ( #926, #4554, #594, #3218, #4527, #225, #1330, #3427, #1481 ) ) ;
#1024 = DIRECTION ( 'NONE',  ( 0.0000000000000000000, 0.0000000000000000000, 1.000000000000000000 ) ) ;
#1025 = CARTESIAN_POINT ( 'NONE',  ( -0.6503186963367703100, 2.882285596384390700, -2.716345246073660100 ) ) ;
#1026 = CARTESIAN_POINT ( 'NONE',  ( -2.793106854861110200, 8.732754630593131400, 1.612600994529452600 ) ) ;
#1027 = CARTESIAN_POINT ( 'NONE',  ( 2.725347158856263400, 2.905793455769302800, -0.3674006858998034000 ) ) ;
#1028 = ORIENTED_EDGE ( 'NONE', *, *, #3807, .F. ) ;
#1029 = ADVANCED_FACE ( 'NONE', ( #3853 ), #3651, .T. ) ;
#1030 = VERTEX_POINT ( 'NONE', #2450 ) ;
#1031 = CARTESIAN_POINT ( 'NONE',  ( 0.3285370450593319000, 3.191773358864603300, -2.731148745707032700 ) ) ;
#1032 = DIRECTION ( 'NONE',  ( 1.000000000000000000, 0.0000000000000000000, 0.0000000000000000000 ) ) ;
#1033 = CARTESIAN_POINT ( 'NONE',  ( -1.396553427430555500, 2.735532408370910500, -2.418901491794176900 ) ) ;
#1034 = AXIS2_PLACEMENT_3D ( 'NONE', #4198, #999, #177 ) ;
#1035 = ORIENTED_EDGE ( 'NONE', *, *, #4946, .F. ) ;
#1036 = DIRECTION ( 'NONE',  ( 0.0000000000000000000, 0.0000000000000000000, 1.000000000000000000 ) ) ;
#1037 = CARTESIAN_POINT ( 'NONE',  ( 0.3150975888422927200, 3.001068826507608200, 2.697642696561278100 ) ) ;
#1038 = ADVANCED_FACE ( 'NONE', ( #5002 ), #1206, .F. ) ;
#1039 = CARTESIAN_POINT ( 'NONE',  ( 2.039999999999999600, -4.129999999999999900, -3.040000000000000500 ) ) ;
#1040 = CARTESIAN_POINT ( 'NONE',  ( -0.2818662692025588100, 3.168652965569821700, -2.702611963329598000 ) ) ;
#1041 = CARTESIAN_POINT ( 'NONE',  ( 0.0000000000000000000, 6.383128419472075000, -2.080000000000000100 ) ) ;
#1042 = CARTESIAN_POINT ( 'NONE',  ( 3.039999999999999600, 1.600000000000000100, -2.825048672147085300 ) ) ;
#1043 = CARTESIAN_POINT ( 'NONE',  ( 5.924599938756993300E-016, 8.144791667630171300, 3.225201989058902100 ) ) ;
#1044 = DIRECTION ( 'NONE',  ( 0.0000000000000000000, 0.0000000000000000000, 1.000000000000000000 ) ) ;
#1045 = ORIENTED_EDGE ( 'NONE', *, *, #3779, .F. ) ;
#1046 = EDGE_LOOP ( 'NONE', ( #4539, #2605, #2352, #598 ) ) ;
#1047 = CARTESIAN_POINT ( 'NONE',  ( 1.316317701184875100E-014, 3.370809924354782900, -2.750000000000000000 ) ) ;
#1048 =( NAMED_UNIT ( * ) PLANE_ANGLE_UNIT ( ) SI_UNIT ( $, .RADIAN. ) );
#1049 = CARTESIAN_POINT ( 'NONE',  ( -2.793106854861110700, 4.264236112074614800, 0.0000000000000000000 ) ) ;
#1050 = UNCERTAINTY_MEASURE_WITH_UNIT (LENGTH_MEASURE( 1.000000000000000100E-005 ), #3517, 'distance_accuracy_value', 'NONE');
#1051 = CARTESIAN_POINT ( 'NONE',  ( 3.178818931451388600, 7.922100696381086500, -3.892930429470952600E-016 ) ) ;
#1052 = ORIENTED_EDGE ( 'NONE', *, *, #848, .T. ) ;
#1053 = CARTESIAN_POINT ( 'NONE',  ( -2.830478841938428100, 4.208033507652905800, -0.5102533925090381200 ) ) ;
#1054 = CARTESIAN_POINT ( 'NONE',  ( -2.608311491827848300, 8.556893145138891700, -1.062986651667916500 ) ) ;
#1055 = EDGE_CURVE ( 'NONE', #45, #2040, #1641, .T. ) ;
#1056 = DIRECTION ( 'NONE',  ( 0.0000000000000000000, -1.000000000000000000, 0.0000000000000000000 ) ) ;
#1057 = DIRECTION ( 'NONE',  ( -0.0000000000000000000, -1.000000000000000000, -0.0000000000000000000 ) ) ;
#1058 = ADVANCED_FACE ( 'NONE', ( #2775 ), #3661, .F. ) ;
#1059 = ORIENTED_EDGE ( 'NONE', *, *, #5195, .T. ) ;
#1060 = FACE_OUTER_BOUND ( 'NONE', #2817, .T. ) ;
#1061 = CARTESIAN_POINT ( 'NONE',  ( 1.396553427430554700, 8.260620371333873300, -2.418901491794177300 ) ) ;
#1062 = CARTESIAN_POINT ( 'NONE',  ( -1.587500000000178200, 8.071296296296502200, -2.749630657015899700 ) ) ;
#1063 = CARTESIAN_POINT ( 'NONE',  ( -0.4717840607735703800, 7.340000000000001600, -0.1015999999999999400 ) ) ;
#1064 = VERTEX_POINT ( 'NONE', #40 ) ;
#1065 = DIRECTION ( 'NONE',  ( -0.0000000000000000000, -1.000000000000000000, 0.0000000000000000000 ) ) ;
#1066 = VECTOR ( 'NONE', #1503, 1000.000000000000000 ) ;
#1067 = DIRECTION ( 'NONE',  ( 8.659560562354941500E-017, -0.7071067811865466800, 0.7071067811865483500 ) ) ;
#1068 = CARTESIAN_POINT ( 'NONE',  ( -1.045047765402551200, 2.720733668381099400, -2.621843380387722800 ) ) ;
#1069 = CARTESIAN_POINT ( 'NONE',  ( -0.1683472049376286100, 2.712588980220986400, -2.713456682661177700 ) ) ;
#1070 = CARTESIAN_POINT ( 'NONE',  ( -2.793106854861110700, 4.264236112074614800, 0.0000000000000000000 ) ) ;
#1071 = LINE ( 'NONE', #4575, #2950 ) ;
#1072 = STYLED_ITEM ( 'NONE', ( #3827 ), #268 ) ;
#1073 = EDGE_LOOP ( 'NONE', ( #3625, #1035 ) ) ;
#1074 = FILL_AREA_STYLE ('',( #674 ) ) ;
#1075 = DIRECTION ( 'NONE',  ( 0.0000000000000000000, 0.0000000000000000000, -1.000000000000000000 ) ) ;
#1076 = CARTESIAN_POINT ( 'NONE',  ( 2.725350217933773000, 3.093349064841359700, 0.3673779537026693500 ) ) ;
#1077 = LINE ( 'NONE', #1426, #5263 ) ;
#1078 = SURFACE_STYLE_FILL_AREA ( #3032 ) ;
#1079 = CARTESIAN_POINT ( 'NONE',  ( 0.08587489335448088300, 3.323791898262499000, -2.718663252497277100 ) ) ;
#1080 = CARTESIAN_POINT ( 'NONE',  ( -1.974866646252330800E-016, 7.613861112074614500, -3.225201989058902100 ) ) ;
#1081 = CARTESIAN_POINT ( 'NONE',  ( 2.793106854861111100, 8.262384260222763300, 1.612600994529450200 ) ) ;
#1082 = FACE_OUTER_BOUND ( 'NONE', #1681, .T. ) ;
#1083 = VECTOR ( 'NONE', #1608, 1000.000000000000000 ) ;
#1084 = ADVANCED_FACE ( 'NONE', ( #2275 ), #3088, .T. ) ;
#1085 = EDGE_CURVE ( 'NONE', #2188, #5152, #2025, .T. ) ;
#1086 = CIRCLE ( 'NONE', #2440, 0.5826000000000000100 ) ;
#1087 = CARTESIAN_POINT ( 'NONE',  ( 0.0000000000000000000, 1.600000000000000100, -2.750000000000000000 ) ) ;
#1088 = CARTESIAN_POINT ( 'NONE',  ( 5.924599938756993300E-016, 3.029513889852392800, 3.225201989058902100 ) ) ;
#1089 = EDGE_CURVE ( 'NONE', #4110, #2907, #2091, .T. ) ;
#1090 = DIRECTION ( 'NONE',  ( 0.0000000000000000000, -0.7071067811865432400, -0.7071067811865517900 ) ) ;
#1091 = CARTESIAN_POINT ( 'NONE',  ( -2.888061148666984000, 4.223060568435521100, 0.1311232238037661200 ) ) ;
#1092 = CARTESIAN_POINT ( 'NONE',  ( 5.287301957201986300E-015, 5.984027779704783600, -3.175000000000000700 ) ) ;
#1093 = CARTESIAN_POINT ( 'NONE',  ( 3.175000000000001200, 7.777314814814815200, 1.833087104677060500 ) ) ;
#1094 = ORIENTED_EDGE ( 'NONE', *, *, #2798, .F. ) ;
#1095 =( NAMED_UNIT ( * ) PLANE_ANGLE_UNIT ( ) SI_UNIT ( $, .RADIAN. ) );
#1096 = DIRECTION ( 'NONE',  ( -0.0000000000000000000, -1.000000000000000000, -0.0000000000000000000 ) ) ;
#1097 = VERTEX_POINT ( 'NONE', #2888 ) ;
#1098 = CARTESIAN_POINT ( 'NONE',  ( 2.793106854861110700, 8.201824075037576400, -1.612600994529452200 ) ) ;
#1099 = CARTESIAN_POINT ( 'NONE',  ( 4.336808689942017700E-016, 1.600000000000000100, 0.0000000000000000000 ) ) ;
#1100 = DIRECTION ( 'NONE',  ( -0.0000000000000000000, 1.000000000000000000, -0.0000000000000000000 ) ) ;
#1101 = B_SPLINE_CURVE_WITH_KNOTS ( 'NONE', 3,
 ( #727, #389, #3189, #3535, #3947, #1530, #4341, #1232, #3257, #813 ),
 .UNSPECIFIED., .F., .F.,
 ( 4, 2, 2, 2, 4 ),
 ( 0.001096475808628855200, 0.001890286276096613200, 0.002684096743564371100, 0.003477907211032129000, 0.004271717678499886000 ),
 .UNSPECIFIED. ) ;
#1102 = CARTESIAN_POINT ( 'NONE',  ( 2.039999999999999600, -4.129999999999999900, -2.039999999999999100 ) ) ;
#1103 = CARTESIAN_POINT ( 'NONE',  ( -2.793106854861111100, 7.204050926889429700, -1.612600994529450800 ) ) ;
#1104 = AXIS2_PLACEMENT_3D ( 'NONE', #553, #3746, #1323 ) ;
#1105 = CARTESIAN_POINT ( 'NONE',  ( -1.589409465725694700, 7.451730326010713900, -2.752937948667806700 ) ) ;
#1106 = DIRECTION ( 'NONE',  ( 0.0000000000000000000, 0.0000000000000000000, -1.000000000000000000 ) ) ;
#1107 = DIRECTION ( 'NONE',  ( -0.0000000000000000000, -1.000000000000000000, -0.0000000000000000000 ) ) ;
#1108 = CARTESIAN_POINT ( 'NONE',  ( 3.174999999999999800, 7.836111111111111200, -3.888253587292846100E-016 ) ) ;
#1109 = ORIENTED_EDGE ( 'NONE', *, *, #722, .T. ) ;
#1110 = CARTESIAN_POINT ( 'NONE',  ( -0.1648036405449376500, 3.289629710262989000, -2.713728062832660100 ) ) ;
#1111 = CARTESIAN_POINT ( 'NONE',  ( 0.09996019339009409900, 3.370047892855425200, -2.749899018421578600 ) ) ;
#1112 = ORIENTED_EDGE ( 'NONE', *, *, #4975, .T. ) ;
#1113 = CARTESIAN_POINT ( 'NONE',  ( -2.793106854861111100, 7.025898149111651700, -1.612600994529450800 ) ) ;
#1114 = ORIENTED_EDGE ( 'NONE', *, *, #1225, .F. ) ;
#1115 = CARTESIAN_POINT ( 'NONE',  ( 0.0000000000000000000, 0.0000000000000000000, 0.0000000000000000000 ) ) ;
#1116 = EDGE_CURVE ( 'NONE', #3239, #41, #3987, .T. ) ;
#1117 = ORIENTED_EDGE ( 'NONE', *, *, #1826, .F. ) ;
#1118 = CARTESIAN_POINT ( 'NONE',  ( -2.793106854861110200, 8.027199075037577500, 1.612600994529452600 ) ) ;
#1119 = CARTESIAN_POINT ( 'NONE',  ( 3.178818931451388600, 4.394322918603307000, -3.892930429470952600E-016 ) ) ;
#1120 = CARTESIAN_POINT ( 'NONE',  ( -2.039999999999998700, -0.0000000000000000000, -2.039999999999999100 ) ) ;
#1121 = ORIENTED_EDGE ( 'NONE', *, *, #2033, .F. ) ;
#1122 = DIRECTION ( 'NONE',  ( 0.0000000000000000000, 0.0000000000000000000, -1.000000000000000000 ) ) ;
#1123 = CARTESIAN_POINT ( 'NONE',  ( -3.174999999999999800, 5.366666666666668000, 0.0000000000000000000 ) ) ;
#1124 = EDGE_CURVE ( 'NONE', #3175, #1929, #4875, .T. ) ;
#1125 = AXIS2_PLACEMENT_3D ( 'NONE', #1384, #5012, #169 ) ;
#1126 = CARTESIAN_POINT ( 'NONE',  ( -2.793106854861110200, 3.617476852815355100, 1.612600994529452600 ) ) ;
#1127 = CIRCLE ( 'NONE', #1540, 0.3500000000000000300 ) ;
#1128 = CARTESIAN_POINT ( 'NONE',  ( -0.3145528060913045400, 3.086774381422166400, -2.697716012081482300 ) ) ;
#1129 = CARTESIAN_POINT ( 'NONE',  ( 5.924599938756993300E-016, 8.673958334296836300, 3.225201989058902100 ) ) ;
#1130 = CARTESIAN_POINT ( 'NONE',  ( -2.793106854861110700, 5.851736112074615200, 0.0000000000000000000 ) ) ;
#1131 = SURFACE_STYLE_FILL_AREA ( #135 ) ;
#1132 = DIRECTION ( 'NONE',  ( -0.0000000000000000000, -1.000000000000000000, -0.0000000000000000000 ) ) ;
#1133 = B_SPLINE_CURVE_WITH_KNOTS ( 'NONE', 3,
 ( #2197, #604, #4218, #4257, #4643, #3008 ),
 .UNSPECIFIED., .F., .F.,
 ( 4, 2, 4 ),
 ( 4.336808689942017700E-019, 0.0005482379043144278400, 0.001096475808628855200 ),
 .UNSPECIFIED. ) ;
#1134 = CARTESIAN_POINT ( 'NONE',  ( -0.3308648348763580900, 2.997850539453666300, 2.730263959453997900 ) ) ;
#1135 = LINE ( 'NONE', #2881, #1769 ) ;
#1136 = SURFACE_SIDE_STYLE ('',( #1450 ) ) ;
#1137 = CARTESIAN_POINT ( 'NONE',  ( -2.793106854861110700, 5.851736112074615200, 0.0000000000000000000 ) ) ;
#1138 = ORIENTED_EDGE ( 'NONE', *, *, #720, .T. ) ;
#1139 = CARTESIAN_POINT ( 'NONE',  ( 3.178818931451388600, 5.099878474158862800, -3.892930429470952600E-016 ) ) ;
#1140 = CARTESIAN_POINT ( 'NONE',  ( 0.0000000000000000000, 7.340000000000001600, 0.0000000000000000000 ) ) ;
#1141 = VECTOR ( 'NONE', #1746, 1000.000000000000000 ) ;
#1142 = CARTESIAN_POINT ( 'NONE',  ( 0.0000000000000000000, 12.46317892581091000, -0.6350000000000000100 ) ) ;
#1143 = CARTESIAN_POINT ( 'NONE',  ( -1.587499999999997500, 5.484259259259260900, 2.749630657015593700 ) ) ;
#1144 = LINE ( 'NONE', #193, #2898 ) ;
#1145 = CARTESIAN_POINT ( 'NONE',  ( -1.396553427430553300, 3.676273149111651600, 2.418901491794178200 ) ) ;
#1146 = LINE ( 'NONE', #2385, #834 ) ;
#1147 = CARTESIAN_POINT ( 'NONE',  ( 0.3308648348763772500, 2.997850539453666800, -2.730263959453994400 ) ) ;
#1148 = CARTESIAN_POINT ( 'NONE',  ( 0.0000000000000000000, 7.440000000000002200, -0.6350000000000000100 ) ) ;
#1149 = CARTESIAN_POINT ( 'NONE',  ( -1.396553427430553300, 3.674509260222762900, 2.418901491794178200 ) ) ;
#1150 = CARTESIAN_POINT ( 'NONE',  ( 5.924599938756992300E-016, 6.028125000963503200, 3.225201989058902500 ) ) ;
#1151 = CARTESIAN_POINT ( 'NONE',  ( 2.731300420485038800, 2.806256251493461000, 0.3272824258659053400 ) ) ;
#1152 = EDGE_LOOP ( 'NONE', ( #1783, #3337 ) ) ;
#1153 = CARTESIAN_POINT ( 'NONE',  ( -0.09507097383126227000, 2.628550485413095200, 2.750084751017985300 ) ) ;
#1154 = CARTESIAN_POINT ( 'NONE',  ( -9.621146495528316200E-013, 4.837499999999964800, 3.174999999999998900 ) ) ;
#1155 = DIRECTION ( 'NONE',  ( -0.0008336467998354202900, -0.9999804653102517500, 0.006194677627279511300 ) ) ;
#1156 = CARTESIAN_POINT ( 'NONE',  ( 1.396553427430556700, 8.203587963926466400, 2.418901491794176500 ) ) ;
#1157 = EDGE_CURVE ( 'NONE', #3064, #3818, #4684, .T. ) ;
#1158 = ORIENTED_EDGE ( 'NONE', *, *, #881, .T. ) ;
#1159 = CARTESIAN_POINT ( 'NONE',  ( -2.247584431391540000E-016, 3.865156251936640700, -3.670583931557075200 ) ) ;
#1160 = VERTEX_POINT ( 'NONE', #470 ) ;
#1161 = CARTESIAN_POINT ( 'NONE',  ( 1.587499999999999200, 7.953703703703704200, -2.749630657015592800 ) ) ;
#1162 = CARTESIAN_POINT ( 'NONE',  ( -1.587500000000000600, 5.249074074074075100, -2.749630657015592800 ) ) ;
#1163 = ORIENTED_EDGE ( 'NONE', *, *, #2602, .T. ) ;
#1164 = DIRECTION ( 'NONE',  ( -0.0000000000000000000, -1.000000000000000000, -0.0000000000000000000 ) ) ;
#1165 = AXIS2_PLACEMENT_3D ( 'NONE', #2059, #4125, #3690 ) ;
#1166 = AXIS2_PLACEMENT_3D ( 'NONE', #2594, #3356, #595 ) ;
#1167 = CARTESIAN_POINT ( 'NONE',  ( 5.924599938756993300E-016, 5.144416667630169500, 3.225201989058902100 ) ) ;
#1168 = CARTESIAN_POINT ( 'NONE',  ( 1.396553427430554700, 4.205439815778317900, -2.418901491794177300 ) ) ;
#1169 = DIRECTION ( 'NONE',  ( 0.0000000000000000000, 1.000000000000000000, 0.0000000000000000000 ) ) ;
#1170 = CARTESIAN_POINT ( 'NONE',  ( 0.2986458422351510000, 2.829446573492144800, 2.734598471358057100 ) ) ;
#1171 = CARTESIAN_POINT ( 'NONE',  ( -1.587500000000000600, 4.631712964889969100, -2.749630657015592800 ) ) ;
#1172 = FILL_AREA_STYLE_COLOUR ( '', #3766 ) ;
#1173 = CARTESIAN_POINT ( 'NONE',  ( -1.396553427430553300, 5.969328704667208100, 2.418901491794178200 ) ) ;
#1174 = CARTESIAN_POINT ( 'NONE',  ( -1.589409465725691900, 4.159137733418122100, 2.752937948667808100 ) ) ;
#1175 = EDGE_LOOP ( 'NONE', ( #1876, #2882, #5178, #744 ) ) ;
#1176 = CARTESIAN_POINT ( 'NONE',  ( -2.793106854861110700, 5.851736112074615200, 0.0000000000000000000 ) ) ;
#1177 =( BOUNDED_CURVE ( )  B_SPLINE_CURVE ( 2, ( #5218, #3706, #58, #4168, #1452, #4801, #3206, #1593, #347 ),
 .UNSPECIFIED., .F., .F. ) 
 B_SPLINE_CURVE_WITH_KNOTS ( ( 3, 2, 2, 2, 3 ),
 ( 0.03440094505350132400, 0.03605933288866944300, 0.03937610855895405000, 0.04269288422923864900, 0.04435127206438105300 ),
 .UNSPECIFIED. ) 
 CURVE ( )  GEOMETRIC_REPRESENTATION_ITEM ( )  RATIONAL_B_SPLINE_CURVE ( ( 0.9330127018922193000, 0.9330127018911764700, 1.000000000000000000, 0.8660254037844387100, 1.000000000000000000, 0.8660254037844387100, 1.000000000000000000, 0.9330127018922151900, 0.9330127018922194100 ) ) 
 REPRESENTATION_ITEM ( '' )  );
#1178 = CARTESIAN_POINT ( 'NONE',  ( -3.174999999999999400, 5.425462962962965800, 1.833087104677063600 ) ) ;
#1179 = CARTESIAN_POINT ( 'NONE',  ( 2.793106854861110700, 3.264699075037577300, -1.612600994529452200 ) ) ;
#1180 = ORIENTED_EDGE ( 'NONE', *, *, #3038, .F. ) ;
#1181 = CARTESIAN_POINT ( 'NONE',  ( -2.793106854861111100, 3.498120371333873500, -1.612600994529450800 ) ) ;
#1182 = CARTESIAN_POINT ( 'NONE',  ( 2.793106854861111100, 6.145717593556096100, 1.612600994529450200 ) ) ;
#1183 = EDGE_CURVE ( 'NONE', #4652, #2931, #580, .T. ) ;
#1184 = ORIENTED_EDGE ( 'NONE', *, *, #4678, .T. ) ;
#1185 = FACE_OUTER_BOUND ( 'NONE', #2535, .T. ) ;
#1186 = VERTEX_POINT ( 'NONE', #1621 ) ;
#1187 = CARTESIAN_POINT ( 'NONE',  ( -2.713513538828960400, 3.287730269970731400, -0.1674755140622155600 ) ) ;
#1188 = CARTESIAN_POINT ( 'NONE',  ( 2.793106854861110700, 3.382291667630170600, -3.420569369482190000E-016 ) ) ;
#1189 = ORIENTED_EDGE ( 'NONE', *, *, #4599, .T. ) ;
#1190 = CARTESIAN_POINT ( 'NONE',  ( 1.589409465725693600, 3.100804400084788500, -2.752937948667807200 ) ) ;
#1191 = ORIENTED_EDGE ( 'NONE', *, *, #4021, .F. ) ;
#1192 = CIRCLE ( 'NONE', #4718, 2.750000000000000000 ) ;
#1193 = CARTESIAN_POINT ( 'NONE',  ( 1.396553427430556700, 6.792476852815355000, 2.418901491794176500 ) ) ;
#1194 = CARTESIAN_POINT ( 'NONE',  ( 0.0000000000000000000, 4.770000000000001400, 0.0000000000000000000 ) ) ;
#1195 = DIRECTION ( 'NONE',  ( -0.0000000000000000000, -1.000000000000000000, -0.0000000000000000000 ) ) ;
#1196 = AXIS2_PLACEMENT_3D ( 'NONE', #2265, #673, #3478 ) ;
#1197 = CARTESIAN_POINT ( 'NONE',  ( -1.396553427430555500, 3.441087963926466200, -2.418901491794176900 ) ) ;
#1198 = CYLINDRICAL_SURFACE ( 'NONE', #312, 1.729999999999999800 ) ;
#1199 = ORIENTED_EDGE ( 'NONE', *, *, #1899, .T. ) ;
#1200 = EDGE_LOOP ( 'NONE', ( #383, #1511, #485, #1199, #152, #1614, #767, #942, #3396, #1944 ) ) ;
#1201 = CARTESIAN_POINT ( 'NONE',  ( -2.793106854861110700, 4.262472223185725700, 0.0000000000000000000 ) ) ;
#1202 = CARTESIAN_POINT ( 'NONE',  ( -2.793106854861109300, 5.204976852815355500, 1.612600994529452800 ) ) ;
#1203 = CARTESIAN_POINT ( 'NONE',  ( 1.308000080399644500, 8.485237465468449300, -2.555984351602490700 ) ) ;
#1204 = VECTOR ( 'NONE', #5104, 1000.000000000000000 ) ;
#1205 = AXIS2_PLACEMENT_3D ( 'NONE', #1518, #2663, #2274 ) ;
#1206 = CYLINDRICAL_SURFACE ( 'NONE', #3724, 0.4825999999999999200 ) ;
#1207 = CARTESIAN_POINT ( 'NONE',  ( -2.793106854861110700, 7.970184306519058700, 0.0000000000000000000 ) ) ;
#1208 = CIRCLE ( 'NONE', #1598, 4.150000000000001200 ) ;
#1209 = CARTESIAN_POINT ( 'NONE',  ( -2.244884255301052700E-016, 7.395138890815894200, -3.666174209354123200 ) ) ;
#1210 = CARTESIAN_POINT ( 'NONE',  ( -1.396553427430555500, 5.734143519482022300, -2.418901491794176900 ) ) ;
#1211 = VECTOR ( 'NONE', #617, 1000.000000000000000 ) ;
#1212 = CARTESIAN_POINT ( 'NONE',  ( -3.039999999999998700, -4.129999999999999900, 2.039999999999999100 ) ) ;
#1213 = CARTESIAN_POINT ( 'NONE',  ( 9.592676408066461500E-014, 6.601388888888887000, -3.174999999999998900 ) ) ;
#1214 = CARTESIAN_POINT ( 'NONE',  ( -0.8507386859688418300, 7.628213382001211700, 3.175000000000097100 ) ) ;
#1215 = EDGE_CURVE ( 'NONE', #3891, #4387, #2833, .T. ) ;
#1216 = CARTESIAN_POINT ( 'NONE',  ( 0.0000000000000000000, 0.0000000000000000000, -2.299999999999999800 ) ) ;
#1217 = VERTEX_POINT ( 'NONE', #2068 ) ;
#1218 = CARTESIAN_POINT ( 'NONE',  ( 2.793106854861110700, 7.439236112074614700, -3.420569369482190000E-016 ) ) ;
#1219 = CARTESIAN_POINT ( 'NONE',  ( 7.776507174585692900E-017, -3.979999999975099000, -0.6350000000000000100 ) ) ;
#1220 = EDGE_LOOP ( 'NONE', ( #4948, #3965 ) ) ;
#1221 = CARTESIAN_POINT ( 'NONE',  ( 1.950719398564238400, 8.467235393197274400, -2.131373033762487900 ) ) ;
#1222 = EDGE_LOOP ( 'NONE', ( #434, #2373, #1315, #4215 ) ) ;
#1223 = CARTESIAN_POINT ( 'NONE',  ( 2.725431540799233800, 3.002443016035500500, -0.3667736582917495700 ) ) ;
#1224 = CARTESIAN_POINT ( 'NONE',  ( 2.793106854861111500, 4.029050926889429900, 1.612600994529450200 ) ) ;
#1225 = EDGE_CURVE ( 'NONE', #3175, #1976, #4286, .T. ) ;
#1226 = ADVANCED_FACE ( 'NONE', ( #1772 ), #3719, .T. ) ;
#1227 = CARTESIAN_POINT ( 'NONE',  ( 3.175000000000009600, 5.866435187112185400, -1.833087104677068900 ) ) ;
#1228 = CARTESIAN_POINT ( 'NONE',  ( -3.178818931451389100, 2.571637733418122200, -1.835291965778537400 ) ) ;
#1229 = CARTESIAN_POINT ( 'NONE',  ( -2.793106854861110200, 5.204976852815356400, 1.612600994529452600 ) ) ;
#1230 = CARTESIAN_POINT ( 'NONE',  ( 0.0000000000000000000, 7.570000000000002100, 0.0000000000000000000 ) ) ;
#1231 = CARTESIAN_POINT ( 'NONE',  ( 2.718663252497277100, 3.323791898262498500, 0.08587489335445229500 ) ) ;
#1232 = CARTESIAN_POINT ( 'NONE',  ( 2.219753364960589600, 4.195549334211684700, -1.799567900309195800 ) ) ;
#1233 = ORIENTED_EDGE ( 'NONE', *, *, #3637, .T. ) ;
#1234 = CARTESIAN_POINT ( 'NONE',  ( -1.396553427430555500, 6.263310186148688200, -2.418901491794176900 ) ) ;
#1235 = ORIENTED_EDGE ( 'NONE', *, *, #2700, .T. ) ;
#1236 = VERTEX_POINT ( 'NONE', #4951 ) ;
#1237 = CARTESIAN_POINT ( 'NONE',  ( 0.1755342318420731200, 4.336114602925969800, 2.986114602925302700 ) ) ;
#1238 = CARTESIAN_POINT ( 'NONE',  ( -1.396553427430553300, 4.558217593556096700, 2.418901491794178200 ) ) ;
#1239 = DIRECTION ( 'NONE',  ( -0.0000000000000000000, -1.000000000000000000, -0.0000000000000000000 ) ) ;
#1240 = CARTESIAN_POINT ( 'NONE',  ( -2.247584431391540000E-016, 8.720260416657032100, -3.670583931557075200 ) ) ;
#1241 = CARTESIAN_POINT ( 'NONE',  ( -3.174999999999999800, 7.512731483408486200, -1.833087104677061400 ) ) ;
#1242 = VERTEX_POINT ( 'NONE', #955 ) ;
#1243 = CARTESIAN_POINT ( 'NONE',  ( 1.396553427430556700, 6.086921297259799200, 2.418901491794176500 ) ) ;
#1244 = CARTESIAN_POINT ( 'NONE',  ( -2.697713183867172800, 2.914194618473032100, -0.3145736031785838500 ) ) ;
#1245 = CARTESIAN_POINT ( 'NONE',  ( 2.702633716797997900, 3.168990094592328200, -0.2817358206250754600 ) ) ;
#1246 = CARTESIAN_POINT ( 'NONE',  ( -2.192063099458564700E-011, 5.895833333334146600, -3.174999999999998900 ) ) ;
#1247 = FACE_OUTER_BOUND ( 'NONE', #1339, .T. ) ;
#1248 = DIRECTION ( 'NONE',  ( 0.0000000000000000000, -0.0000000000000000000, 1.000000000000000000 ) ) ;
#1249 = CARTESIAN_POINT ( 'NONE',  ( 1.396553427430556700, 6.616087963926466000, 2.418901491794176500 ) ) ;
#1250 = CONICAL_SURFACE ( 'NONE', #2724, 3.174999999999999400, 0.7853981633974466100 ) ;
#1251 = B_SPLINE_CURVE_WITH_KNOTS ( 'NONE', 3,
 ( #1861, #3848, #4672, #2652, #4636, #975, #2222, #4191, #652, #4655 ),
 .UNSPECIFIED., .F., .F.,
 ( 4, 2, 2, 2, 4 ),
 ( 2.078957471643452700E-006, 0.0002553318341866977700, 0.0005085847109017521500, 0.0007618375876168064700, 0.001015090464331860700 ),
 .UNSPECIFIED. ) ;
#1252 = DIRECTION ( 'NONE',  ( 0.0000000000000000000, -1.000000000000000000, 0.0000000000000000000 ) ) ;
#1253 = EDGE_CURVE ( 'NONE', #3544, #4429, #5073, .T. ) ;
#1254 = EDGE_CURVE ( 'NONE', #2040, #616, #3029, .T. ) ;
#1255 = CYLINDRICAL_SURFACE ( 'NONE', #4154, 2.750000000000000000 ) ;
#1256 = CARTESIAN_POINT ( 'NONE',  ( -2.793106854861110200, 8.734536158370909600, 1.612600994529452600 ) ) ;
#1257 = CARTESIAN_POINT ( 'NONE',  ( -3.178818931451388600, 8.896649305545921000, 0.0000000000000000000 ) ) ;
#1258 = CARTESIAN_POINT ( 'NONE',  ( 3.174999999999999800, 7.218750001927006100, -3.888253587292846100E-016 ) ) ;
#1259 = ORIENTED_EDGE ( 'NONE', *, *, #1055, .F. ) ;
#1260 = FACE_OUTER_BOUND ( 'NONE', #591, .T. ) ;
#1261 = CARTESIAN_POINT ( 'NONE',  ( 5.924599938756993300E-016, 3.205902778741281700, 3.225201989058902100 ) ) ;
#1262 = FACE_OUTER_BOUND ( 'NONE', #1832, .T. ) ;
#1263 = CARTESIAN_POINT ( 'NONE',  ( -2.749913118203503700, 2.629845745185723800, 0.09991231245029111300 ) ) ;
#1264 = VERTEX_POINT ( 'NONE', #1729 ) ;
#1265 = DIRECTION ( 'NONE',  ( 1.000000000000000000, -0.0000000000000000000, -0.0000000000000000000 ) ) ;
#1266 = FACE_OUTER_BOUND ( 'NONE', #533, .T. ) ;
#1267 = VECTOR ( 'NONE', #2599, 1000.000000000000000 ) ;
#1268 = CARTESIAN_POINT ( 'NONE',  ( -0.3667740874847579800, 2.997624060207222400, 2.725431483040753600 ) ) ;
#1269 = CARTESIAN_POINT ( 'NONE',  ( 1.396553427430556700, 8.027199075037577500, 2.418901491794176500 ) ) ;
#1270 = DIRECTION ( 'NONE',  ( -0.0000000000000000000, -1.000000000000000000, -0.0000000000000000000 ) ) ;
#1271 = CARTESIAN_POINT ( 'NONE',  ( -2.743914023420275700, 3.328950661484060300, -0.1948613428581821300 ) ) ;
#1272 = VECTOR ( 'NONE', #3573, 1000.000000000000000 ) ;
#1273 = AXIS2_PLACEMENT_3D ( 'NONE', #4977, #2550, #4944 ) ;
#1274 = CARTESIAN_POINT ( 'NONE',  ( -2.039999999999998700, -4.129999999999999900, -2.039999999999999100 ) ) ;
#1275 = CARTESIAN_POINT ( 'NONE',  ( 1.396553427430554700, 4.207221343556095200, -2.418901491794177300 ) ) ;
#1276 = ADVANCED_FACE ( 'NONE', ( #4814 ), #4589, .T. ) ;
#1277 = ORIENTED_EDGE ( 'NONE', *, *, #2797, .F. ) ;
#1278 = CARTESIAN_POINT ( 'NONE',  ( -1.587499999999997500, 3.367592592592593800, 2.749630657015593700 ) ) ;
#1279 = CARTESIAN_POINT ( 'NONE',  ( -1.587500000000000400, 8.865046298223301600, -2.749630657015592400 ) ) ;
#1280 = CARTESIAN_POINT ( 'NONE',  ( 1.587500000000001500, 8.424074074074075800, 2.749630657015591500 ) ) ;
#1281 = CARTESIAN_POINT ( 'NONE',  ( -3.105418366566518100E-011, 6.336805557481410400, 3.174999999999998900 ) ) ;
#1282 = ORIENTED_EDGE ( 'NONE', *, *, #194, .F. ) ;
#1283 = CARTESIAN_POINT ( 'NONE',  ( -2.697643410430466700, 2.997921052681319600, -0.3150922842482611300 ) ) ;
#1284 = CARTESIAN_POINT ( 'NONE',  ( 1.830219908262226500E-014, 6.248611111111113600, 3.175000000000000700 ) ) ;
#1285 = VERTEX_POINT ( 'NONE', #3769 ) ;
#1286 = EDGE_CURVE ( 'NONE', #1236, #4372, #3591, .T. ) ;
#1287 = CARTESIAN_POINT ( 'NONE',  ( -0.1933549141620982100, 3.329983274502593900, 2.744034245107516600 ) ) ;
#1288 = EDGE_CURVE ( 'NONE', #682, #466, #892, .T. ) ;
#1289 = DIRECTION ( 'NONE',  ( 0.0000000000000000000, -1.000000000000000000, 0.0000000000000000000 ) ) ;
#1290 = B_SPLINE_CURVE_WITH_KNOTS ( 'NONE', 3,
 ( #2925, #894, #2912, #493, #1301, #526, #1703, #508, #3307, #910, #2126, #1719, #2528, #922, #1335, #1668, #875, #476 ),
 .UNSPECIFIED., .F., .F.,
 ( 4, 2, 2, 2, 2, 2, 2, 2, 4 ),
 ( 0.01068817569834752700, 0.01134899643756194000, 0.01200981717677635300, 0.01267063791599076800, 0.01333145865520518100, 0.01399227939441959400, 0.01465310013363400900, 0.01531392087284842200, 0.01597474161206283500 ),
 .UNSPECIFIED. ) ;
#1291 = CARTESIAN_POINT ( 'NONE',  ( -0.3150987235118369900, 2.916159197737783000, -2.697642543859579700 ) ) ;
#1292 = DIRECTION ( 'NONE',  ( -0.0000000000000000000, -0.0000000000000000000, -1.000000000000000000 ) ) ;
#1293 = CARTESIAN_POINT ( 'NONE',  ( 1.396553427430556700, 6.794258380593132300, 2.418901491794176500 ) ) ;
#1294 = ORIENTED_EDGE ( 'NONE', *, *, #2500, .F. ) ;
#1295 = CARTESIAN_POINT ( 'NONE',  ( 3.175000000000001200, 3.543981481481483200, 1.833087104677060500 ) ) ;
#1296 = CARTESIAN_POINT ( 'NONE',  ( -2.244884255301052700E-016, 3.867361113038116900, -3.666174209354123200 ) ) ;
#1297 = ORIENTED_EDGE ( 'NONE', *, *, #621, .T. ) ;
#1298 = AXIS2_PLACEMENT_3D ( 'NONE', #2612, #192, #2161 ) ;
#1299 = CARTESIAN_POINT ( 'NONE',  ( -1.587499999999997500, 9.012037037037037700, 2.749630657015593700 ) ) ;
#1300 = CARTESIAN_POINT ( 'NONE',  ( -2.702685374714269200, 2.830474209633923700, -0.2811653687899213200 ) ) ;
#1301 = CARTESIAN_POINT ( 'NONE',  ( -1.090419439730124800, 8.269236835002265800, 2.889786792990665500 ) ) ;
#1302 = EDGE_LOOP ( 'NONE', ( #1472, #2399, #4378, #3840, #4104 ) ) ;
#1303 = CARTESIAN_POINT ( 'NONE',  ( -0.3285370450593155200, 3.191773358864597100, 2.731148745707034000 ) ) ;
#1304 = CARTESIAN_POINT ( 'NONE',  ( -2.817772488143811300, 8.471016785394249700, 0.6167224384345432200 ) ) ;
#1305 = ORIENTED_EDGE ( 'NONE', *, *, #1525, .T. ) ;
#1306 = CARTESIAN_POINT ( 'NONE',  ( 0.3844103364006401000, 8.305035900134749100, 3.026682551402068500 ) ) ;
#1307 = LINE ( 'NONE', #5019, #3247 ) ;
#1308 = ORIENTED_EDGE ( 'NONE', *, *, #1089, .F. ) ;
#1309 = CARTESIAN_POINT ( 'NONE',  ( 3.888253587292846100E-016, 0.0000000000000000000, 3.174999999999999800 ) ) ;
#1310 = CARTESIAN_POINT ( 'NONE',  ( 2.793106854861110700, 4.853980602815354900, -1.612600994529452200 ) ) ;
#1311 = DIRECTION ( 'NONE',  ( 0.0000000000000000000, 0.0000000000000000000, 1.000000000000000000 ) ) ;
#1312 = CARTESIAN_POINT ( 'NONE',  ( -3.178818931451389100, 7.426741898138515400, -1.835291965778537400 ) ) ;
#1313 = CARTESIAN_POINT ( 'NONE',  ( 6.734652765903158200E-016, 4.925694446371450000, 3.666174209354123200 ) ) ;
#1314 = FACE_OUTER_BOUND ( 'NONE', #17, .T. ) ;
#1315 = ORIENTED_EDGE ( 'NONE', *, *, #3368, .F. ) ;
#1316 = ORIENTED_EDGE ( 'NONE', *, *, #2933, .F. ) ;
#1317 = CARTESIAN_POINT ( 'NONE',  ( -0.8507386859828318700, 8.132203286593036000, -3.174999999991906700 ) ) ;
#1318 = CARTESIAN_POINT ( 'NONE',  ( -2.039999999999998700, -4.129999999999999900, 2.039999999999999100 ) ) ;
#1319 = DIRECTION ( 'NONE',  ( 0.0000000000000000000, 0.0000000000000000000, -1.000000000000000000 ) ) ;
#1320 = LINE ( 'NONE', #1898, #1066 ) ;
#1321 = CARTESIAN_POINT ( 'NONE',  ( -0.3150922842482706300, 2.997921052681319600, 2.697643410430465800 ) ) ;
#1322 = ORIENTED_EDGE ( 'NONE', *, *, #3549, .F. ) ;
#1323 = DIRECTION ( 'NONE',  ( -0.0000000000000000000, 0.0000000000000000000, 1.000000000000000000 ) ) ;
#1324 = DIRECTION ( 'NONE',  ( 0.0000000000000000000, 1.000000000000000000, 0.0000000000000000000 ) ) ;
#1325 = FACE_OUTER_BOUND ( 'NONE', #191, .T. ) ;
#1326 = EDGE_CURVE ( 'NONE', #285, #4586, #2526, .T. ) ;
#1327 = CIRCLE ( 'NONE', #630, 0.3500000000000000300 ) ;
#1328 = CARTESIAN_POINT ( 'NONE',  ( -2.192063099458564700E-011, 5.895833333334146600, -3.174999999999998900 ) ) ;
#1329 = CARTESIAN_POINT ( 'NONE',  ( 1.396553427430556700, 4.677591713926466900, 2.418901491794176500 ) ) ;
#1330 = ADVANCED_FACE ( 'NONE', ( #4036 ), #885, .T. ) ;
#1331 = CARTESIAN_POINT ( 'NONE',  ( -2.825048672147084400, 1.600000000000000100, -3.039999999999999600 ) ) ;
#1332 = CARTESIAN_POINT ( 'NONE',  ( 3.178818931451388600, 7.132760416657032600, -3.892930429470952600E-016 ) ) ;
#1333 = CARTESIAN_POINT ( 'NONE',  ( 3.174999999999998900, 4.455324076001079300, -1.833087104677063200 ) ) ;
#1334 = CIRCLE ( 'NONE', #1365, 1.729999999999999300 ) ;
#1335 = CARTESIAN_POINT ( 'NONE',  ( -3.130112251909883200, 8.193566832373123900, 0.4623819324909530000 ) ) ;
#1336 = CARTESIAN_POINT ( 'NONE',  ( 2.713513538828960400, 3.287730269970731400, 0.1674755140622155600 ) ) ;
#1337 = CARTESIAN_POINT ( 'NONE',  ( 0.08103337654773547200, 3.325106404609731800, 2.718834267048633200 ) ) ;
#1338 = CIRCLE ( 'NONE', #2714, 0.6350000000000000100 ) ;
#1339 = EDGE_LOOP ( 'NONE', ( #2747, #1724, #4189, #1356 ) ) ;
#1340 = ORIENTED_EDGE ( 'NONE', *, *, #3479, .T. ) ;
#1341 = CARTESIAN_POINT ( 'NONE',  ( 2.953132407834621300, 4.422809099608177700, 0.9191380911525304200 ) ) ;
#1342 = CARTESIAN_POINT ( 'NONE',  ( 5.924599938756993300E-016, 6.029906528741281400, 3.225201989058902100 ) ) ;
#1343 = DIRECTION ( 'NONE',  ( -0.0000000000000000000, -1.000000000000000000, -0.0000000000000000000 ) ) ;
#1344 = CARTESIAN_POINT ( 'NONE',  ( -1.589409465725691900, 4.780908564805181400, 2.752937948667808100 ) ) ;
#1345 = CARTESIAN_POINT ( 'NONE',  ( 6.734652765903158200E-016, 2.809027779704783800, 3.666174209354123200 ) ) ;
#1346 = CLOSED_SHELL ( 'NONE', ( #979, #3504, #4117, #5122, #3404, #1610 ) ) ;
#1347 = DIRECTION ( 'NONE',  ( 0.0000000000000000000, 0.0000000000000000000, -1.000000000000000000 ) ) ;
#1348 = CARTESIAN_POINT ( 'NONE',  ( -1.682587979217670800E-011, 6.689583335260961100, -3.174999999999998900 ) ) ;
#1349 = CARTESIAN_POINT ( 'NONE',  ( 1.396553427430554700, 5.440162038000540400, -2.418901491794177300 ) ) ;
#1350 = CARTESIAN_POINT ( 'NONE',  ( -1.974866646252331000E-016, 6.204513889852392200, -3.225201989058902500 ) ) ;
#1351 = ADVANCED_FACE ( 'NONE', ( #2902 ), #112, .F. ) ;
#1352 = EDGE_CURVE ( 'NONE', #3302, #1785, #4809, .T. ) ;
#1353 = CARTESIAN_POINT ( 'NONE',  ( 0.2965936593521496000, 3.174456244555726500, 2.734844753573959500 ) ) ;
#1354 = EDGE_CURVE ( 'NONE', #898, #4147, #4413, .T. ) ;
#1355 = EDGE_CURVE ( 'NONE', #4387, #45, #246, .T. ) ;
#1356 = ORIENTED_EDGE ( 'NONE', *, *, #2697, .F. ) ;
#1357 = EDGE_LOOP ( 'NONE', ( #4874, #1938, #5043, #2990, #1121 ) ) ;
#1358 = CARTESIAN_POINT ( 'NONE',  ( -0.3150987235112939800, 3.084419846495047000, 2.697642543859648100 ) ) ;
#1359 = DIRECTION ( 'NONE',  ( -0.0000000000000000000, 1.000000000000000000, -0.0000000000000000000 ) ) ;
#1360 = DIRECTION ( 'NONE',  ( -0.0000000000000000000, -1.000000000000000000, 0.0000000000000000000 ) ) ;
#1361 = CARTESIAN_POINT ( 'NONE',  ( 3.888253587292846100E-016, 0.0000000000000000000, 3.174999999999999800 ) ) ;
#1362 = CARTESIAN_POINT ( 'NONE',  ( 3.178818931451388600, 5.721649305545921200, -3.892930429470952600E-016 ) ) ;
#1363 = CARTESIAN_POINT ( 'NONE',  ( -3.174999999999999800, 3.984953705630709800, -1.833087104677061400 ) ) ;
#1364 = AXIS2_PLACEMENT_3D ( 'NONE', #5214, #4855, #1611 ) ;
#1365 = AXIS2_PLACEMENT_3D ( 'NONE', #1626, #1691, #499 ) ;
#1366 = VERTEX_POINT ( 'NONE', #3320 ) ;
#1367 =( NAMED_UNIT ( * ) PLANE_ANGLE_UNIT ( ) SI_UNIT ( $, .RADIAN. ) );
#1368 = CARTESIAN_POINT ( 'NONE',  ( 4.336808689942017700E-016, -4.129999999999999900, 0.0000000000000000000 ) ) ;
#1369 = CARTESIAN_POINT ( 'NONE',  ( 1.396553427430554700, 6.145717593556096100, -2.418901491794177300 ) ) ;
#1370 = ORIENTED_EDGE ( 'NONE', *, *, #5010, .T. ) ;
#1371 = CARTESIAN_POINT ( 'NONE',  ( -1.396553427430553300, 6.498495371333873100, 2.418901491794178200 ) ) ;
#1372 = MECHANICAL_DESIGN_GEOMETRIC_PRESENTATION_REPRESENTATION (  '', ( #4440 ), #4335 ) ;
#1373 = PLANE ( 'NONE',  #1104 ) ;
#1374 = CARTESIAN_POINT ( 'NONE',  ( 0.0000000000000000000, 4.770000000000001400, 0.0000000000000000000 ) ) ;
#1375 = VECTOR ( 'NONE', #4843, 1000.000000000000000 ) ;
#1376 = DIRECTION ( 'NONE',  ( -3.491481338843134100E-015, 0.0000000000000000000, 1.000000000000000000 ) ) ;
#1377 = ADVANCED_FACE ( 'NONE', ( #2587 ), #145, .F. ) ;
#1378 = DIRECTION ( 'NONE',  ( 0.0000000000000000000, -0.006369565207636761700, 0.9999797141137741800 ) ) ;
#1379 = CARTESIAN_POINT ( 'NONE',  ( -1.589409465725694700, 5.956834490731107000, -2.752937948667806700 ) ) ;
#1380 = CARTESIAN_POINT ( 'NONE',  ( -2.793106854861110200, 8.556365741704242500, 1.612600994529452600 ) ) ;
#1381 = CYLINDRICAL_SURFACE ( 'NONE', #4462, 1.729999999999999300 ) ;
#1382 = EDGE_CURVE ( 'NONE', #924, #3437, #2721, .T. ) ;
#1383 = ORIENTED_EDGE ( 'NONE', *, *, #86, .T. ) ;
#1384 = CARTESIAN_POINT ( 'NONE',  ( 4.336808689942017700E-016, 1.600000000000000100, 0.0000000000000000000 ) ) ;
#1385 = CARTESIAN_POINT ( 'NONE',  ( 2.816687638038912100E-016, 9.370000000000001000, -2.299999999999999800 ) ) ;
#1386 = CARTESIAN_POINT ( 'NONE',  ( -2.793106854861111100, 4.910995371333873600, -1.612600994529450800 ) ) ;
#1387 = VECTOR ( 'NONE', #2806, 1000.000000000000000 ) ;
#1388 = CARTESIAN_POINT ( 'NONE',  ( -2.793106854861110700, 7.086458334296836800, 0.0000000000000000000 ) ) ;
#1389 = LINE ( 'NONE', #1216, #1572 ) ;
#1390 = CARTESIAN_POINT ( 'NONE',  ( 0.09432456536108410600, 3.371550167569981500, 2.750098094277364100 ) ) ;
#1391 = DIRECTION ( 'NONE',  ( -0.0000000000000000000, -1.000000000000000000, -0.0000000000000000000 ) ) ;
#1392 = EDGE_LOOP ( 'NONE', ( #2619, #4853, #141, #1815, #107, #2567 ) ) ;
#1393 = CARTESIAN_POINT ( 'NONE',  ( -1.278714224939198400E-014, 3.370809924354782900, 2.750000000000000000 ) ) ;
#1394 = CONICAL_SURFACE ( 'NONE', #1705, 0.4825999999999999200, 0.7853981633974472800 ) ;
#1395 = EDGE_CURVE ( 'NONE', #2597, #3741, #3716, .T. ) ;
#1396 = LINE ( 'NONE', #714, #321 ) ;
#1397 = CARTESIAN_POINT ( 'NONE',  ( 0.6268193041060558000, 7.440000000000002200, 0.1016000000000000100 ) ) ;
#1398 = CARTESIAN_POINT ( 'NONE',  ( -1.974866646252330800E-016, 7.792013889852391600, -3.225201989058902100 ) ) ;
#1399 = LINE ( 'NONE', #1706, #3472 ) ;
#1400 = CARTESIAN_POINT ( 'NONE',  ( -0.7401239889494881700, 3.103195039903242000, -3.091456983355137300 ) ) ;
#1401 =( BOUNDED_SURFACE ( )  B_SPLINE_SURFACE ( 3, 2, ( 
 ( #4074, #2875, #3685 ),
 ( #2842, #4089, #66 ),
 ( #2458, #3255, #4871 ),
 ( #1683, #30, #4467 ),
 ( #4504, #492, #1263 ),
 ( #13, #3703, #4926 ),
 ( #2092, #3647, #2894 ),
 ( #1300, #4107, #4431 ),
 ( #1244, #2022, #4849 ),
 ( #2822, #1717, #3757 ) ),
 .UNSPECIFIED., .F., .F., .F. ) 
 B_SPLINE_SURFACE_WITH_KNOTS ( ( 4, 2, 2, 2, 4 ),
 ( 3, 3 ),
 ( 0.001143620354774592200, 0.001429525443469639500, 0.001715430532164687100, 0.002001335620859734600, 0.002287240709554782000 ),
 ( 0.0000000000000000000, 1.000000000000000000 ),
 .UNSPECIFIED. ) 
 GEOMETRIC_REPRESENTATION_ITEM ( )  RATIONAL_B_SPLINE_SURFACE ( (
 ( 1.000000000000000000, 0.8097361779316899500, 1.000000000000000000),
 ( 1.000000000000000000, 0.8094872429587300900, 1.000000000000000000),
 ( 1.000000000000000000, 0.8141397624410672300, 1.000000000000000000),
 ( 1.000000000000000000, 0.8243446324511160000, 1.000000000000000000),
 ( 1.000000000000000000, 0.8290883232386125900, 1.000000000000000000),
 ( 1.000000000000000000, 0.8292224073961913500, 1.000000000000000000),
 ( 1.000000000000000000, 0.8245731960316348100, 1.000000000000000000),
 ( 1.000000000000000000, 0.8144331032207404700, 1.000000000000000000),
 ( 1.000000000000000000, 0.8095766370074525300, 1.000000000000000000),
 ( 1.000000000000000000, 0.8097361317306208700, 1.000000000000000000) ) ) 
 REPRESENTATION_ITEM ( '' )  SURFACE ( )  );
#1402 = ORIENTED_EDGE ( 'NONE', *, *, #3332, .T. ) ;
#1403 = DIRECTION ( 'NONE',  ( -1.224646799147353200E-016, -1.000000000000000000, 0.0000000000000000000 ) ) ;
#1404 = CARTESIAN_POINT ( 'NONE',  ( 1.396553427430556700, 5.204976852815354600, 2.418901491794176500 ) ) ;
#1405 = CARTESIAN_POINT ( 'NONE',  ( -2.793106854861110700, 4.969791667630170600, 0.0000000000000000000 ) ) ;
#1406 = ADVANCED_FACE ( 'NONE', ( #510 ), #2880, .T. ) ;
#1407 = CARTESIAN_POINT ( 'NONE',  ( 0.2817358206250839500, 3.168990094592300600, 2.702633716797982400 ) ) ;
#1408 = VERTEX_POINT ( 'NONE', #3826 ) ;
#1409 = CARTESIAN_POINT ( 'NONE',  ( -3.039999999999998700, -4.129999999999999900, 2.825048672147085300 ) ) ;
#1410 = DIRECTION ( 'NONE',  ( -0.0000000000000000000, -1.000000000000000000, -0.0000000000000000000 ) ) ;
#1411 = ORIENTED_EDGE ( 'NONE', *, *, #4528, .F. ) ;
#1412 = EDGE_LOOP ( 'NONE', ( #4781, #5099, #1052, #5089, #3640 ) ) ;
#1413 = DIRECTION ( 'NONE',  ( 0.0000000000000000000, 0.0000000000000000000, -1.000000000000000000 ) ) ;
#1414 = CARTESIAN_POINT ( 'NONE',  ( -1.396553427430555500, 2.913702825037577600, -2.418901491794176900 ) ) ;
#1415 = CARTESIAN_POINT ( 'NONE',  ( 2.718675347363460400, 2.676115002977288000, -0.08583375948351644500 ) ) ;
#1416 = DIRECTION ( 'NONE',  ( 0.0000000000000000000, 0.0000000000000000000, -1.000000000000000000 ) ) ;
#1417 = CARTESIAN_POINT ( 'NONE',  ( -2.731240254687411300, 3.193131571555690900, 0.3279464896652938300 ) ) ;
#1418 = CARTESIAN_POINT ( 'NONE',  ( 5.924599938756993300E-016, 8.850347223185723400, 3.225201989058902100 ) ) ;
#1419 = VERTEX_POINT ( 'NONE', #5041 ) ;
#1420 = CARTESIAN_POINT ( 'NONE',  ( -1.396553427430555500, 4.146643519482021900, -2.418901491794176900 ) ) ;
#1421 = EDGE_CURVE ( 'NONE', #2911, #4725, #3149, .T. ) ;
#1422 = CARTESIAN_POINT ( 'NONE',  ( -2.747111229735768000, 8.556893145138889900, -0.5364435510564674600 ) ) ;
#1423 = EDGE_CURVE ( 'NONE', #4072, #1285, #4093, .T. ) ;
#1424 = CARTESIAN_POINT ( 'NONE',  ( 1.587500000000317000, 7.806712964889605600, 2.749630657016138200 ) ) ;
#1425 = ORIENTED_EDGE ( 'NONE', *, *, #982, .F. ) ;
#1426 = CARTESIAN_POINT ( 'NONE',  ( 7.776507174585692900E-017, 12.46317892581091000, 0.6350000000000000100 ) ) ;
#1427 = ORIENTED_EDGE ( 'NONE', *, *, #3134, .T. ) ;
#1428 = CARTESIAN_POINT ( 'NONE',  ( 2.725514256720772200, 2.900140189971723200, 0.3661590113351959100 ) ) ;
#1429 = CARTESIAN_POINT ( 'NONE',  ( -0.08167460948807313300, 2.674981698795714500, 2.718822822103702700 ) ) ;
#1430 = CARTESIAN_POINT ( 'NONE',  ( 2.793106854861110700, 3.384073195407948400, -3.420569369482190000E-016 ) ) ;
#1431 = ADVANCED_FACE ( 'NONE', ( #4933 ), #4702, .T. ) ;
#1432 = CARTESIAN_POINT ( 'NONE',  ( 2.793106854861111500, 8.262384260222763300, 1.612600994529450200 ) ) ;
#1433 = CARTESIAN_POINT ( 'NONE',  ( 2.730264005351161300, 3.002210142979034700, -0.3308644510438127400 ) ) ;
#1434 = AXIS2_PLACEMENT_3D ( 'NONE', #3296, #1709, #4896 ) ;
#1435 = AXIS2_PLACEMENT_3D ( 'NONE', #4625, #3056, #4680 ) ;
#1436 = CIRCLE ( 'NONE', #3905, 4.150000000000001200 ) ;
#1437 = ORIENTED_EDGE ( 'NONE', *, *, #2166, .F. ) ;
#1438 = ORIENTED_EDGE ( 'NONE', *, *, #194, .T. ) ;
#1439 = CARTESIAN_POINT ( 'NONE',  ( 2.697642543859649000, 3.000000000000000000, -0.3150987235112844800 ) ) ;
#1440 = DIRECTION ( 'NONE',  ( -0.0008571809050108209800, 0.9999793467416074900, -0.006369562867591167800 ) ) ;
#1441 = CARTESIAN_POINT ( 'NONE',  ( 4.336808689942017700E-016, 1.600000000000000100, 0.0000000000000000000 ) ) ;
#1442 = CARTESIAN_POINT ( 'NONE',  ( -2.793106854861111100, 8.615162038000541100, -1.612600994529450800 ) ) ;
#1443 = ORIENTED_EDGE ( 'NONE', *, *, #1722, .T. ) ;
#1444 = CARTESIAN_POINT ( 'NONE',  ( 1.589409465725695900, 7.804508103788492700, 2.752937948667805800 ) ) ;
#1445 = CIRCLE ( 'NONE', #1475, 0.6350000000000000100 ) ;
#1446 = CARTESIAN_POINT ( 'NONE',  ( 3.175000000000048700, 7.189351851851880900, -1.833087104677091600 ) ) ;
#1447 = DIRECTION ( 'NONE',  ( -1.000000000000000000, 0.0000000000000000000, 1.748315655815669100E-016 ) ) ;
#1448 =( LENGTH_UNIT ( ) NAMED_UNIT ( * ) SI_UNIT ( .MILLI., .METRE. ) );
#1449 = DIRECTION ( 'NONE',  ( 0.0000000000000000000, 1.000000000000000000, 0.0000000000000000000 ) ) ;
#1450 = SURFACE_STYLE_FILL_AREA ( #3132 ) ;
#1451 = CARTESIAN_POINT ( 'NONE',  ( -2.793106854861111100, 5.614787038000540200, -1.612600994529450800 ) ) ;
#1452 = CARTESIAN_POINT ( 'NONE',  ( -3.175000000000600700, 6.777777777778125000, 0.0000000000000000000 ) ) ;
#1453 = CARTESIAN_POINT ( 'NONE',  ( -1.408858256457239800, 8.556885313284775300, -2.411755442801859500 ) ) ;
#1454 = VECTOR ( 'NONE', #782, 1000.000000000000000 ) ;
#1455 = CARTESIAN_POINT ( 'NONE',  ( 2.749929480410240800, 2.663501698747668300, -0.09050617933535551300 ) ) ;
#1456 = ORIENTED_EDGE ( 'NONE', *, *, #2094, .F. ) ;
#1457 = EDGE_LOOP ( 'NONE', ( #632, #1554, #4081 ) ) ;
#1458 = DIRECTION ( 'NONE',  ( -0.0000000000000000000, -1.000000000000000000, -0.0000000000000000000 ) ) ;
#1459 = FACE_OUTER_BOUND ( 'NONE', #2557, .T. ) ;
#1460 = AXIS2_PLACEMENT_3D ( 'NONE', #3514, #5150, #287 ) ;
#1461 = CARTESIAN_POINT ( 'NONE',  ( 0.0000000000000000000, 0.0000000000000000000, -2.750000000000000000 ) ) ;
#1462 = EDGE_CURVE ( 'NONE', #4510, #1571, #1960, .T. ) ;
#1463 = CARTESIAN_POINT ( 'NONE',  ( 2.793106854861111500, 3.852662038000540500, 1.612600994529450200 ) ) ;
#1464 = CARTESIAN_POINT ( 'NONE',  ( -0.4717840607735703800, 7.340000000000001600, 0.1015999999999999400 ) ) ;
#1465 = CARTESIAN_POINT ( 'NONE',  ( -1.600801971184304900, 4.150705259049765100, -2.320607615104167500 ) ) ;
#1466 = CARTESIAN_POINT ( 'NONE',  ( -1.567826053939313600, 8.556893145138889900, -2.318892339844266000 ) ) ;
#1467 = VECTOR ( 'NONE', #4443, 1000.000000000000000 ) ;
#1468 = CYLINDRICAL_SURFACE ( 'NONE', #3405, 0.6350000000000000100 ) ;
#1469 = CARTESIAN_POINT ( 'NONE',  ( 2.793106854861111500, 6.673120371333873800, 1.612600994529450200 ) ) ;
#1470 = ORIENTED_EDGE ( 'NONE', *, *, #3957, .F. ) ;
#1471 = CARTESIAN_POINT ( 'NONE',  ( 2.702479914824322800, 2.833229320649552000, -0.2828344669465956400 ) ) ;
#1472 = ORIENTED_EDGE ( 'NONE', *, *, #5087, .T. ) ;
#1473 = CARTESIAN_POINT ( 'NONE',  ( 0.0000000000000000000, 0.5000000000000000000, -2.080000000000000100 ) ) ;
#1474 = CARTESIAN_POINT ( 'NONE',  ( -1.396553427430555500, 3.441087963926466200, -2.418901491794176900 ) ) ;
#1475 = AXIS2_PLACEMENT_3D ( 'NONE', #2325, #3467, #5117 ) ;
#1476 = EDGE_LOOP ( 'NONE', ( #2324, #1969, #2728, #2791, #4584, #2483, #425, #1544, #4976, #1957 ) ) ;
#1477 = CARTESIAN_POINT ( 'NONE',  ( -0.5736725546860332900, 7.440000000000002200, 0.1016000000000000100 ) ) ;
#1478 = CARTESIAN_POINT ( 'NONE',  ( -1.312805636532841800, 4.143117653710570300, -2.465357431156733000 ) ) ;
#1479 = CARTESIAN_POINT ( 'NONE',  ( 1.587500000000026300, 7.012962962962993700, 2.749630657015635000 ) ) ;
#1480 = CARTESIAN_POINT ( 'NONE',  ( -0.8507386859833105900, 6.305296717260766600, 3.174999999992017800 ) ) ;
#1481 = ADVANCED_FACE ( 'NONE', ( #1266 ), #1394, .F. ) ;
#1482 = CARTESIAN_POINT ( 'NONE',  ( -1.974866646252330800E-016, 6.908305556519059600, -3.225201989058902100 ) ) ;
#1483 = CARTESIAN_POINT ( 'NONE',  ( -0.5736725546860332900, 7.440000000000002200, -0.1016000000000000100 ) ) ;
#1484 = EDGE_CURVE ( 'NONE', #2282, #4340, #2084, .T. ) ;
#1485 = EDGE_LOOP ( 'NONE', ( #4165, #2097, #5036, #3884 ) ) ;
#1486 = DIRECTION ( 'NONE',  ( -0.0000000000000000000, -1.000000000000000000, -0.0000000000000000000 ) ) ;
#1487 = CARTESIAN_POINT ( 'NONE',  ( 1.396553427430554700, 5.440162038000540400, -2.418901491794177300 ) ) ;
#1488 = CARTESIAN_POINT ( 'NONE',  ( -0.5397642066753534100, 7.406611245059271400, 0.1016000000000000100 ) ) ;
#1489 = EDGE_LOOP ( 'NONE', ( #4463, #2696, #4767, #2054, #1180 ) ) ;
#1490 = CARTESIAN_POINT ( 'NONE',  ( 1.587500000000022800, 7.336342594519570600, -2.749630657015633700 ) ) ;
#1491 = CARTESIAN_POINT ( 'NONE',  ( -3.174999999999999800, 7.483333333333335200, 0.0000000000000000000 ) ) ;
#1492 = EDGE_CURVE ( 'NONE', #3867, #4923, #2650, .T. ) ;
#1493 = DIRECTION ( 'NONE',  ( -0.0000000000000000000, 1.000000000000000000, -0.0000000000000000000 ) ) ;
#1494 = DIRECTION ( 'NONE',  ( 0.0000000000000000000, 1.000000000000000000, 0.0000000000000000000 ) ) ;
#1495 = DIRECTION ( 'NONE',  ( -0.0000000000000000000, -1.000000000000000000, -0.0000000000000000000 ) ) ;
#1496 = ORIENTED_EDGE ( 'NONE', *, *, #5131, .T. ) ;
#1497 = CARTESIAN_POINT ( 'NONE',  ( 0.1963931590005713900, 3.328022963529719400, -2.743797024446080100 ) ) ;
#1498 = CARTESIAN_POINT ( 'NONE',  ( 1.396553427430554700, 6.849509260222762700, -2.418901491794177300 ) ) ;
#1499 = CARTESIAN_POINT ( 'NONE',  ( 1.396553427430554700, 8.438773149111652200, -2.418901491794177300 ) ) ;
#1500 = DIRECTION ( 'NONE',  ( -0.0000000000000000000, -1.000000000000000000, -0.0000000000000000000 ) ) ;
#1501 = B_SPLINE_CURVE_WITH_KNOTS ( 'NONE', 3,
 ( #1948, #5209, #3928, #3119, #253 ),
 .UNSPECIFIED., .F., .F.,
 ( 4, 1, 4 ),
 ( 0.001015090464331861100, 0.001016166647867984500, 0.001017242831404107900 ),
 .UNSPECIFIED. ) ;
#1502 = AXIS2_PLACEMENT_3D ( 'NONE', #3352, #4567, #2517 ) ;
#1503 = DIRECTION ( 'NONE',  ( -0.0000000000000000000, -1.000000000000000000, -0.0000000000000000000 ) ) ;
#1504 = CARTESIAN_POINT ( 'NONE',  ( -1.974866646252330800E-016, 4.969791667630169700, -3.225201989058902100 ) ) ;
#1505 = EDGE_LOOP ( 'NONE', ( #216, #3162, #3367, #6 ) ) ;
#1506 = CARTESIAN_POINT ( 'NONE',  ( -3.178818931451388200, 6.922563659344048000, 1.835291965778539400 ) ) ;
#1507 = CARTESIAN_POINT ( 'NONE',  ( 1.396553427430556700, 8.027199075037577500, 2.418901491794176500 ) ) ;
#1508 = CIRCLE ( 'NONE', #2805, 4.150000000000001200 ) ;
#1509 = CARTESIAN_POINT ( 'NONE',  ( -3.174999999999999800, 6.777777777777778600, 0.0000000000000000000 ) ) ;
#1510 = MECHANICAL_DESIGN_GEOMETRIC_PRESENTATION_REPRESENTATION (  '', ( #1072 ), #4237 ) ;
#1511 = ORIENTED_EDGE ( 'NONE', *, *, #2168, .T. ) ;
#1512 = DIRECTION ( 'NONE',  ( 1.000000000000000000, 0.0000000000000000000, 0.0000000000000000000 ) ) ;
#1513 = CARTESIAN_POINT ( 'NONE',  ( 0.0000000000000000000, 0.0000000000000000000, 0.0000000000000000000 ) ) ;
#1514 = CIRCLE ( 'NONE', #1435, 0.4825999999999999200 ) ;
#1515 = CIRCLE ( 'NONE', #1434, 2.080000000000000100 ) ;
#1516 = CARTESIAN_POINT ( 'NONE',  ( 0.1781494192097038100, 3.297385858539033000, -2.744932634449725600 ) ) ;
#1517 = CARTESIAN_POINT ( 'NONE',  ( 2.793106854861111500, 7.378675926889429500, 1.612600994529450200 ) ) ;
#1518 = CARTESIAN_POINT ( 'NONE',  ( 4.336808689942017700E-016, -4.129999999999999900, 0.0000000000000000000 ) ) ;
#1519 = PRESENTATION_STYLE_ASSIGNMENT (( #4240 ) ) ;
#1520 = CARTESIAN_POINT ( 'NONE',  ( -3.040000000000000500, 0.0000000000000000000, -2.039999999999999100 ) ) ;
#1521 = FACE_OUTER_BOUND ( 'NONE', #1675, .T. ) ;
#1522 = EDGE_CURVE ( 'NONE', #101, #3178, #322, .T. ) ;
#1523 = DIRECTION ( 'NONE',  ( 0.0000000000000000000, 0.0000000000000000000, -1.000000000000000000 ) ) ;
#1524 = CARTESIAN_POINT ( 'NONE',  ( -1.396553427430555500, 5.734143519482022300, -2.418901491794176900 ) ) ;
#1525 = EDGE_CURVE ( 'NONE', #605, #4340, #4766, .T. ) ;
#1526 = CARTESIAN_POINT ( 'NONE',  ( -2.247584431391540000E-016, 5.276267363047751700, -3.670583931557075200 ) ) ;
#1527 = DIRECTION ( 'NONE',  ( 0.0000000000000000000, 0.0000000000000000000, -1.000000000000000000 ) ) ;
#1528 = CARTESIAN_POINT ( 'NONE',  ( 3.174999999999998900, 7.189351851851853300, -1.833087104677063200 ) ) ;
#1529 = ORIENTED_EDGE ( 'NONE', *, *, #3009, .T. ) ;
#1530 = CARTESIAN_POINT ( 'NONE',  ( 1.691062144396635200, 4.268610643734622700, -2.393255610369636100 ) ) ;
#1531 = CARTESIAN_POINT ( 'NONE',  ( -0.1777639208844893600, 2.702211990849670000, -2.744965553210190200 ) ) ;
#1532 = ORIENTED_EDGE ( 'NONE', *, *, #4946, .T. ) ;
#1533 = CARTESIAN_POINT ( 'NONE',  ( -2.793106854861110700, 8.497569445407949100, 0.0000000000000000000 ) ) ;
#1534 = CARTESIAN_POINT ( 'NONE',  ( -2.793106854861110700, 7.262847223185726600, 0.0000000000000000000 ) ) ;
#1535 = ORIENTED_EDGE ( 'NONE', *, *, #2132, .T. ) ;
#1536 = CARTESIAN_POINT ( 'NONE',  ( 0.0000000000000000000, 0.0000000000000000000, 0.0000000000000000000 ) ) ;
#1537 = CARTESIAN_POINT ( 'NONE',  ( 4.096206461348792800E-014, 7.747916668593673800, 3.175000000000000700 ) ) ;
#1538 = CARTESIAN_POINT ( 'NONE',  ( 0.0000000000000000000, 8.802396902521437000, 0.0000000000000000000 ) ) ;
#1539 = CARTESIAN_POINT ( 'NONE',  ( 2.793106854861110700, 5.498958334296836400, -3.420569369482190000E-016 ) ) ;
#1540 = AXIS2_PLACEMENT_3D ( 'NONE', #409, #464, #482 ) ;
#1541 = CARTESIAN_POINT ( 'NONE',  ( -3.178818931451388200, 4.805896992677380900, 1.835291965778539400 ) ) ;
#1542 = CARTESIAN_POINT ( 'NONE',  ( 7.030368536499343100E-015, 7.042361113038117200, 3.174999999999998900 ) ) ;
#1543 = CARTESIAN_POINT ( 'NONE',  ( 6.734652765903158200E-016, 4.837500000000001200, 3.666174209354123200 ) ) ;
#1544 = ORIENTED_EDGE ( 'NONE', *, *, #1966, .F. ) ;
#1545 = ORIENTED_EDGE ( 'NONE', *, *, #1157, .T. ) ;
#1546 = CARTESIAN_POINT ( 'NONE',  ( 5.924599938756993300E-016, 3.029513889852392800, 3.225201989058902100 ) ) ;
#1547 = CARTESIAN_POINT ( 'NONE',  ( 0.3673779537026901600, 3.093349064841372600, -2.725350217933769900 ) ) ;
#1548 = EDGE_LOOP ( 'NONE', ( #2242, #4658, #4585, #4134, #1305, #48, #530, #4273, #3003, #4400, #1138, #4961, #1633, #1954, #1109, #1402, #1738 ) ) ;
#1549 = CARTESIAN_POINT ( 'NONE',  ( -1.396553427430553300, 8.615162038000539400, 2.418901491794178200 ) ) ;
#1550 = CARTESIAN_POINT ( 'NONE',  ( -2.793106854861110700, 6.557291667630170000, 0.0000000000000000000 ) ) ;
#1551 = CARTESIAN_POINT ( 'NONE',  ( 2.944706658773045900, 8.409764447711975100, -0.1027693785042102000 ) ) ;
#1552 = EDGE_CURVE ( 'NONE', #4806, #2622, #3941, .T. ) ;
#1553 = EDGE_CURVE ( 'NONE', #3486, #682, #4349, .T. ) ;
#1554 = ORIENTED_EDGE ( 'NONE', *, *, #4360, .T. ) ;
#1555 = CARTESIAN_POINT ( 'NONE',  ( 2.793106854861111500, 5.440162038000539500, 1.612600994529450200 ) ) ;
#1556 = CARTESIAN_POINT ( 'NONE',  ( 3.178818931451388200, 3.747563659344047300, -1.835291965778538900 ) ) ;
#1557 = PRESENTATION_STYLE_ASSIGNMENT (( #2228 ) ) ;
#1558 = ORIENTED_EDGE ( 'NONE', *, *, #3230, .F. ) ;
#1560 = CARTESIAN_POINT ( 'NONE',  ( -1.587500000000000400, 4.543518518518519400, -2.749630657015592400 ) ) ;
#1559 =( BOUNDED_CURVE ( )  B_SPLINE_CURVE ( 2, ( #1453, #3108, #1912, #4683, #1499, #4312, #259, #1081, #4744, #3522, #2252, #717, #3898, #4295, #2763, #355, #1975, #4840, #4421, #4808, #2401, #770, #4368, #373, #1534, #4383, #2381, #4796, #2780, #3177, #2795, #785, #4347, #3968, #3148, #5193, #1550, #319, #5247, #1989, #803, #2010, #3584, #1182, #4827, #1150, #3126, #5229, #1130, #393, #1569, #1584, #731, #1941, #4405, #3194, #4004, #3161, #3603, #1202, #4015, #1600, #2416, #3952, #2364, #3986, #2733, #3569, #3539, #4779, #5216, #747, #3555, #2348, #2749, #338, #1168, #1959, #1655 ),
 .UNSPECIFIED., .F., .F. ) 
 B_SPLINE_CURVE_WITH_KNOTS ( ( 3, 2, 2, 2, 2, 2, 2, 2, 2, 2, 2, 2, 2, 2, 2, 2, 2, 2, 2, 2, 2, 2, 2, 2, 2, 2, 2, 2, 2, 2, 2, 2, 2, 2, 2, 2, 2, 2, 2, 3 ),
 ( 0.1165818166728001700, 0.1166666666666666700, 0.1333333333333333300, 0.1499999999999999900, 0.1666666666666666600, 0.1833333333333333200, 0.2000000000000000100, 0.2166666666666666700, 0.2333333333333333400, 0.2500000000000000000, 0.2666666666666666600, 0.2833333333333333300, 0.2999999999999999900, 0.3166666666666666500, 0.3333333333333333700, 0.3500000000000000300, 0.3666666666666666400, 0.3833333333333333600, 0.4000000000000000200, 0.4166666666666666900, 0.4333333333333333500, 0.4500000000000000100, 0.4666666666666666700, 0.4833333333333333400, 0.5000000000000000000, 0.5166666666666668300, 0.5333333333333333300, 0.5500000000000001600, 0.5666666666666666500, 0.5833333333333333700, 0.5999999999999999800, 0.6166666666666667000, 0.6333333333333333000, 0.6500000000000000200, 0.6666666666666666300, 0.6833333333333333500, 0.6999999999999999600, 0.7166666666666666700, 0.7333333333333332800, 0.7421330265152578100 ),
 .UNSPECIFIED. ) 
 CURVE ( )  GEOMETRIC_REPRESENTATION_ITEM ( )  RATIONAL_B_SPLINE_CURVE ( ( 0.9986428155414002200, 0.9993179353799706000, 1.000000000000000000, 0.8660254037844387100, 1.000000000000000000, 0.8660254037844387100, 1.000000000000000000, 0.8660254037844387100, 1.000000000000000000, 0.8660254037844387100, 1.000000000000000000, 0.8660254037844387100, 1.000000000000000000, 0.8660254037844387100, 1.000000000000000000, 0.8660254037844387100, 1.000000000000000000, 0.8660254037844387100, 1.000000000000000000, 0.8660254037844387100, 1.000000000000000000, 0.8660254037844387100, 1.000000000000000000, 0.8660254037844387100, 1.000000000000000000, 0.8660254037844387100, 1.000000000000000000, 0.8660254037844387100, 1.000000000000000000, 0.8660254037844387100, 1.000000000000000000, 0.8660254037844387100, 1.000000000000000000, 0.8660254037844387100, 1.000000000000000000, 0.8660254037844387100, 1.000000000000000000, 0.8660254037844387100, 1.000000000000000000, 0.8660254037844387100, 1.000000000000000000, 0.8660254037844387100, 1.000000000000000000, 0.8660254037844387100, 1.000000000000000000, 0.8660254037844387100, 1.000000000000000000, 0.8660254037844387100, 1.000000000000000000, 0.8660254037844387100, 1.000000000000000000, 0.8660254037844387100, 1.000000000000000000, 0.8660254037844387100, 1.000000000000000000, 0.8660254037844387100, 1.000000000000000000, 0.8660254037844387100, 1.000000000000000000, 0.8660254037844387100, 1.000000000000000000, 0.8660254037844387100, 1.000000000000000000, 0.8660254037844387100, 1.000000000000000000, 0.8660254037844387100, 1.000000000000000000, 0.8660254037844387100, 1.000000000000000000, 0.8660254037844387100, 1.000000000000000000, 0.8660254037844387100, 1.000000000000000000, 0.8660254037844387100, 1.000000000000000000, 0.8660254037844387100, 1.000000000000000000, 0.9292638795478502800, 0.9332224979187292400 ) ) 
 REPRESENTATION_ITEM ( '' )  );
#1561 =( BOUNDED_SURFACE ( )  B_SPLINE_SURFACE ( 1, 2, ( 
 ( #4319, #270, #2241, #5090, #4691, #3067, #671, #3906, #2262, #1880, #3850, #5107, #1902, #654, #3476, #4730, #706, #2281, #1051, #2683, #1444, #3085, #2655, #230, #686, #2225, #1105, #4657, #2297, #212, #5148, #2701, #284, #3512, #3925, #1506, #5069, #2636, #3034, #637, #4376, #4356, #5206, #2336, #5223, #4799, #3116, #2739, #4392, #5182, #326, #1981, #1967, #3530, #3135, #740, #4336, #3545, #4753, #3977, #4785, #3944, #1932, #1526, #3994, #1919, #1139, #3958, #1577, #758, #3154, #1541, #1590, #2315, #724, #4772, #2372, #1946, #1119, #4817, #2356, #5236, #1174, #2755, #792, #345, #3562, #1159, #2770, #1556, #2389, #363, #3169, #777, #4006, #3576, #2788, #382, #3183, #3594, #1190, #5164, #2725, #306, #5253, #3252, #4412, #2872, #2408, #1228, #2453, #4058, #4461 ),
 ( #400, #414, #1279, #2053, #43, #3235, #1646, #1623, #2435, #4846, #26, #4890, #3202, #5271, #1665, #2421, #2820, #4485, #2856, #808, #3220, #823, #1604, #3624, #1996, #1241, #2037, #1209, #4428, #4022, #1258, #4833, #4040, #4445, #4071, #840, #433, #4865, #4085, #2800, #3609, #2017, #455, #11, #2839, #2070, #3642, #2476, #3665, #855, #3277, #4904, #473, #871, #3682, #4953, #4573, #2525, #505, #3722, #3771, #919, #3755, #133, #1716, #4537, #2923, #1699, #2958, #1313, #2492, #540, #1680, #561, #4921, #4119, #4966, #1333, #1731, #3740, #2159, #95, #2541, #2891, #2909, #1363, #4557, #1296, #3290, #4103, #3306, #2123, #4133, #3358, #4502, #115, #4519, #2107, #522, #3322, #2137, #3342, #2938, #935, #489, #1345, #4153, #907, #1748, #4985, #958, #2556, #2089 ),
 ( #64, #890, #3699, #4939, #2505, #80, #4186, #5026, #4591, #2978, #4611, #1380, #2596, #973, #2187, #1771, #3789, #2174, #5009, #2574, #147, #3375, #578, #1790, #165, #4171, #4619, #4596, #151, #2560, #171, #5031, #3346, #2963, #4638, #137, #566, #2209, #2192, #3761, #3362, #962, #4579, #3775, #4971, #4193, #5013, #4158, #2163, #1754, #4212, #2144, #1369, #4176, #1809, #977, #3381, #1777, #1828, #2547, #943, #4994, #2600, #2178, #1349, #5044, #2580, #195, #1404, #2984, #1017, #585, #3794, #1386, #3002, #1794, #2615, #600, #3402, #994, #4234, #3812, #3020, #615, #3420, #3831, #1420, #121, #2945, #546, #4422, #3127, #1820, #4399, #1145, #1126, #2744, #1970, #1197, #4010, #3963, #1179, #1937, #5257, #5242, #1546, #1985, #3551, #4417, #2378, #1596, #332, #2792 ) ),
 .UNSPECIFIED., .F., .F., .F. ) 
 B_SPLINE_SURFACE_WITH_KNOTS ( ( 2, 1, 2 ),
 ( 3, 2, 2, 2, 2, 2, 2, 2, 2, 2, 2, 2, 2, 2, 2, 2, 2, 2, 2, 2, 2, 2, 2, 2, 2, 2, 2, 2, 2, 2, 2, 2, 2, 2, 2, 2, 2, 2, 2, 2, 2, 2, 2, 2, 2, 2, 2, 2, 2, 2, 2, 2, 2, 2, 2, 2, 3 ),
 ( -0.01000000000000000000, 0.0000000000000000000, 1.000000000000000000 ),
 ( 0.0000000000000000000, 0.01666666666666666600, 0.03333333333333333300, 0.05000000000000000300, 0.06666666666666666600, 0.08333333333333332900, 0.1000000000000000100, 0.1166666666666666700, 0.1333333333333333300, 0.1499999999999999900, 0.1666666666666666600, 0.1833333333333333200, 0.2000000000000000100, 0.2166666666666666700, 0.2333333333333333400, 0.2500000000000000000, 0.2666666666666666600, 0.2833333333333333300, 0.2999999999999999900, 0.3166666666666666500, 0.3333333333333333100, 0.3499999999999999800, 0.3666666666666666400, 0.3833333333333333600, 0.4000000000000000200, 0.4166666666666666900, 0.4333333333333333500, 0.4500000000000000100, 0.4666666666666666700, 0.4833333333333333400, 0.5000000000000000000, 0.5166666666666667200, 0.5333333333333333300, 0.5500000000000000400, 0.5666666666666666500, 0.5833333333333333700, 0.5999999999999999800, 0.6166666666666667000, 0.6333333333333333000, 0.6500000000000000200, 0.6666666666666666300, 0.6833333333333333500, 0.6999999999999999600, 0.7166666666666666700, 0.7333333333333332800, 0.7500000000000000000, 0.7666666666666667200, 0.7833333333333333300, 0.8000000000000000400, 0.8166666666666666500, 0.8333333333333333700, 0.8499999999999999800, 0.8666666666666667000, 0.8833333333333333000, 0.9000000000000000200, 0.9166666666666666300, 0.9213289504771737800 ),
 .UNSPECIFIED. ) 
 GEOMETRIC_REPRESENTATION_ITEM ( )  RATIONAL_B_SPLINE_SURFACE ( (
 ( 1.000000000000000000, 0.8660254037844387100, 1.000000000000000000, 0.8660254037844387100, 1.000000000000000000, 0.8660254037844387100, 1.000000000000000000, 0.8660254037844387100, 1.000000000000000000, 0.8660254037844387100, 1.000000000000000000, 0.8660254037844387100, 1.000000000000000000, 0.8660254037844387100, 1.000000000000000000, 0.8660254037844387100, 1.000000000000000000, 0.8660254037844387100, 1.000000000000000000, 0.8660254037844387100, 1.000000000000000000, 0.8660254037844387100, 1.000000000000000000, 0.8660254037844387100, 1.000000000000000000, 0.8660254037844387100, 1.000000000000000000, 0.8660254037844387100, 1.000000000000000000, 0.8660254037844387100, 1.000000000000000000, 0.8660254037844387100, 1.000000000000000000, 0.8660254037844387100, 1.000000000000000000, 0.8660254037844387100, 1.000000000000000000, 0.8660254037844387100, 1.000000000000000000, 0.8660254037844387100, 1.000000000000000000, 0.8660254037844387100, 1.000000000000000000, 0.8660254037844387100, 1.000000000000000000, 0.8660254037844387100, 1.000000000000000000, 0.8660254037844387100, 1.000000000000000000, 0.8660254037844387100, 1.000000000000000000, 0.8660254037844387100, 1.000000000000000000, 0.8660254037844387100, 1.000000000000000000, 0.8660254037844387100, 1.000000000000000000, 0.8660254037844387100, 1.000000000000000000, 0.8660254037844387100, 1.000000000000000000, 0.8660254037844387100, 1.000000000000000000, 0.8660254037844387100, 1.000000000000000000, 0.8660254037844387100, 1.000000000000000000, 0.8660254037844387100, 1.000000000000000000, 0.8660254037844387100, 1.000000000000000000, 0.8660254037844387100, 1.000000000000000000, 0.8660254037844387100, 1.000000000000000000, 0.8660254037844387100, 1.000000000000000000, 0.8660254037844387100, 1.000000000000000000, 0.8660254037844387100, 1.000000000000000000, 0.8660254037844387100, 1.000000000000000000, 0.8660254037844387100, 1.000000000000000000, 0.8660254037844387100, 1.000000000000000000, 0.8660254037844387100, 1.000000000000000000, 0.8660254037844387100, 1.000000000000000000, 0.8660254037844387100, 1.000000000000000000, 0.8660254037844387100, 1.000000000000000000, 0.8660254037844387100, 1.000000000000000000, 0.8660254037844387100, 1.000000000000000000, 0.8660254037844387100, 1.000000000000000000, 0.8660254037844387100, 1.000000000000000000, 0.8660254037844387100, 1.000000000000000000, 0.8660254037844387100, 1.000000000000000000, 0.8660254037844387100, 1.000000000000000000, 0.8660254037844387100, 1.000000000000000000, 0.9625223445426974700, 0.9460124650407164500),
 ( 1.000000000000000000, 0.8660254037844387100, 1.000000000000000000, 0.8660254037844387100, 1.000000000000000000, 0.8660254037844387100, 1.000000000000000000, 0.8660254037844387100, 1.000000000000000000, 0.8660254037844387100, 1.000000000000000000, 0.8660254037844387100, 1.000000000000000000, 0.8660254037844387100, 1.000000000000000000, 0.8660254037844387100, 1.000000000000000000, 0.8660254037844387100, 1.000000000000000000, 0.8660254037844387100, 1.000000000000000000, 0.8660254037844387100, 1.000000000000000000, 0.8660254037844387100, 1.000000000000000000, 0.8660254037844387100, 1.000000000000000000, 0.8660254037844387100, 1.000000000000000000, 0.8660254037844387100, 1.000000000000000000, 0.8660254037844387100, 1.000000000000000000, 0.8660254037844387100, 1.000000000000000000, 0.8660254037844387100, 1.000000000000000000, 0.8660254037844387100, 1.000000000000000000, 0.8660254037844387100, 1.000000000000000000, 0.8660254037844387100, 1.000000000000000000, 0.8660254037844387100, 1.000000000000000000, 0.8660254037844387100, 1.000000000000000000, 0.8660254037844387100, 1.000000000000000000, 0.8660254037844387100, 1.000000000000000000, 0.8660254037844387100, 1.000000000000000000, 0.8660254037844387100, 1.000000000000000000, 0.8660254037844387100, 1.000000000000000000, 0.8660254037844387100, 1.000000000000000000, 0.8660254037844387100, 1.000000000000000000, 0.8660254037844387100, 1.000000000000000000, 0.8660254037844387100, 1.000000000000000000, 0.8660254037844387100, 1.000000000000000000, 0.8660254037844387100, 1.000000000000000000, 0.8660254037844387100, 1.000000000000000000, 0.8660254037844387100, 1.000000000000000000, 0.8660254037844387100, 1.000000000000000000, 0.8660254037844387100, 1.000000000000000000, 0.8660254037844387100, 1.000000000000000000, 0.8660254037844387100, 1.000000000000000000, 0.8660254037844387100, 1.000000000000000000, 0.8660254037844387100, 1.000000000000000000, 0.8660254037844387100, 1.000000000000000000, 0.8660254037844387100, 1.000000000000000000, 0.8660254037844387100, 1.000000000000000000, 0.8660254037844387100, 1.000000000000000000, 0.8660254037844387100, 1.000000000000000000, 0.8660254037844387100, 1.000000000000000000, 0.8660254037844387100, 1.000000000000000000, 0.8660254037844387100, 1.000000000000000000, 0.8660254037844387100, 1.000000000000000000, 0.8660254037844387100, 1.000000000000000000, 0.8660254037844387100, 1.000000000000000000, 0.8660254037844387100, 1.000000000000000000, 0.8660254037844387100, 1.000000000000000000, 0.9625223445426974700, 0.9460124650407164500),
 ( 1.000000000000000000, 0.8660254037844387100, 1.000000000000000000, 0.8660254037844387100, 1.000000000000000000, 0.8660254037844387100, 1.000000000000000000, 0.8660254037844387100, 1.000000000000000000, 0.8660254037844387100, 1.000000000000000000, 0.8660254037844387100, 1.000000000000000000, 0.8660254037844387100, 1.000000000000000000, 0.8660254037844387100, 1.000000000000000000, 0.8660254037844387100, 1.000000000000000000, 0.8660254037844387100, 1.000000000000000000, 0.8660254037844387100, 1.000000000000000000, 0.8660254037844387100, 1.000000000000000000, 0.8660254037844387100, 1.000000000000000000, 0.8660254037844387100, 1.000000000000000000, 0.8660254037844387100, 1.000000000000000000, 0.8660254037844387100, 1.000000000000000000, 0.8660254037844387100, 1.000000000000000000, 0.8660254037844387100, 1.000000000000000000, 0.8660254037844387100, 1.000000000000000000, 0.8660254037844387100, 1.000000000000000000, 0.8660254037844387100, 1.000000000000000000, 0.8660254037844387100, 1.000000000000000000, 0.8660254037844387100, 1.000000000000000000, 0.8660254037844387100, 1.000000000000000000, 0.8660254037844387100, 1.000000000000000000, 0.8660254037844387100, 1.000000000000000000, 0.8660254037844387100, 1.000000000000000000, 0.8660254037844387100, 1.000000000000000000, 0.8660254037844387100, 1.000000000000000000, 0.8660254037844387100, 1.000000000000000000, 0.8660254037844387100, 1.000000000000000000, 0.8660254037844387100, 1.000000000000000000, 0.8660254037844387100, 1.000000000000000000, 0.8660254037844387100, 1.000000000000000000, 0.8660254037844387100, 1.000000000000000000, 0.8660254037844387100, 1.000000000000000000, 0.8660254037844387100, 1.000000000000000000, 0.8660254037844387100, 1.000000000000000000, 0.8660254037844387100, 1.000000000000000000, 0.8660254037844387100, 1.000000000000000000, 0.8660254037844387100, 1.000000000000000000, 0.8660254037844387100, 1.000000000000000000, 0.8660254037844387100, 1.000000000000000000, 0.8660254037844387100, 1.000000000000000000, 0.8660254037844387100, 1.000000000000000000, 0.8660254037844387100, 1.000000000000000000, 0.8660254037844387100, 1.000000000000000000, 0.8660254037844387100, 1.000000000000000000, 0.8660254037844387100, 1.000000000000000000, 0.8660254037844387100, 1.000000000000000000, 0.8660254037844387100, 1.000000000000000000, 0.8660254037844387100, 1.000000000000000000, 0.8660254037844387100, 1.000000000000000000, 0.8660254037844387100, 1.000000000000000000, 0.8660254037844387100, 1.000000000000000000, 0.9625223445426974700, 0.9460124650407164500) ) ) 
 REPRESENTATION_ITEM ( '' )  SURFACE ( )  );
#1562 = DIRECTION ( 'NONE',  ( 0.0000000000000000000, 0.0000000000000000000, -1.000000000000000000 ) ) ;
#1563 = DIRECTION ( 'NONE',  ( 0.0000000000000000000, 0.0000000000000000000, -1.000000000000000000 ) ) ;
#1564 = ORIENTED_EDGE ( 'NONE', *, *, #2094, .T. ) ;
#1565 = VECTOR ( 'NONE', #915, 1000.000000000000000 ) ;
#1566 = DIRECTION ( 'NONE',  ( 0.0000000000000000000, 0.0000000000000000000, 1.000000000000000000 ) ) ;
#1567 = CARTESIAN_POINT ( 'NONE',  ( -2.793106854861110700, 3.556916667630170000, 0.0000000000000000000 ) ) ;
#1568 = ORIENTED_EDGE ( 'NONE', *, *, #1286, .F. ) ;
#1569 = CARTESIAN_POINT ( 'NONE',  ( -1.396553427430555500, 5.734143519482022300, -2.418901491794176900 ) ) ;
#1570 = CARTESIAN_POINT ( 'NONE',  ( -3.843461807350674400E-013, 8.519283426555960000, -2.830716573444035200 ) ) ;
#1571 = VERTEX_POINT ( 'NONE', #3163 ) ;
#1572 = VECTOR ( 'NONE', #3631, 1000.000000000000000 ) ;
#1573 = CARTESIAN_POINT ( 'NONE',  ( -2.825048672147084400, 0.0000000000000000000, -3.039999999999999600 ) ) ;
#1574 = DIRECTION ( 'NONE',  ( 0.0000000000000000000, 0.0000000000000000000, -1.000000000000000000 ) ) ;
#1575 = CARTESIAN_POINT ( 'NONE',  ( -2.793106854861110700, 6.557291667630170000, 0.0000000000000000000 ) ) ;
#1576 = ORIENTED_EDGE ( 'NONE', *, *, #4012, .T. ) ;
#1577 = CARTESIAN_POINT ( 'NONE',  ( 1.589409465725695900, 4.982285881566269800, 2.752937948667805800 ) ) ;
#1578 = CIRCLE ( 'NONE', #1776, 2.429999999999999700 ) ;
#1579 = CARTESIAN_POINT ( 'NONE',  ( 1.396553427430554700, 4.910995371333873600, -2.418901491794177300 ) ) ;
#1580 = LINE ( 'NONE', #3295, #50 ) ;
#1581 = CARTESIAN_POINT ( 'NONE',  ( -0.8507386859803381900, 5.511546715334063200, 3.174999999993346900 ) ) ;
#1582 = CARTESIAN_POINT ( 'NONE',  ( 3.175000000000600700, 6.425000000000348000, -3.888253587293582200E-016 ) ) ;
#1583 = CARTESIAN_POINT ( 'NONE',  ( -2.793106854861110700, 2.851361112074614700, 0.0000000000000000000 ) ) ;
#1584 = CARTESIAN_POINT ( 'NONE',  ( -1.974866646252331000E-016, 5.675347223185726300, -3.225201989058902500 ) ) ;
#1585 = CARTESIAN_POINT ( 'NONE',  ( 0.3667740874847767500, 2.997624060207209100, -2.725431483040751300 ) ) ;
#1586 = DIRECTION ( 'NONE',  ( -1.000000000000000000, 0.0000000000000000000, -1.748315655815669100E-016 ) ) ;
#1587 = CARTESIAN_POINT ( 'NONE',  ( -1.396553427430553300, 8.087776899111650800, 2.418901491794178200 ) ) ;
#1588 = EDGE_CURVE ( 'NONE', #3542, #719, #1327, .T. ) ;
#1589 = ORIENTED_EDGE ( 'NONE', *, *, #4559, .T. ) ;
#1590 = CARTESIAN_POINT ( 'NONE',  ( -3.178818931451388600, 4.747100696381085800, 0.0000000000000000000 ) ) ;
#1591 = ORIENTED_EDGE ( 'NONE', *, *, #2189, .T. ) ;
#1592 = CARTESIAN_POINT ( 'NONE',  ( 1.396553427430556700, 3.970254630593133400, 2.418901491794176500 ) ) ;
#1593 = CARTESIAN_POINT ( 'NONE',  ( -0.8507386859689258800, 6.632897729110300800, -3.175000000000629100 ) ) ;
#1594 = ORIENTED_EDGE ( 'NONE', *, *, #938, .F. ) ;
#1595 = CARTESIAN_POINT ( 'NONE',  ( 2.730971514616340900, 3.189269158032690800, 0.3298286988961343100 ) ) ;
#1596 = CARTESIAN_POINT ( 'NONE',  ( -1.396553427430555500, 2.735532408370910500, -2.418901491794176900 ) ) ;
#1597 = CARTESIAN_POINT ( 'NONE',  ( -2.725431483040755300, 2.997624060207209100, -0.3667740874847482100 ) ) ;
#1598 = AXIS2_PLACEMENT_3D ( 'NONE', #3599, #2412, #3121 ) ;
#1599 = CARTESIAN_POINT ( 'NONE',  ( 1.396553427430554700, 8.967939815778317200, -2.418901491794177300 ) ) ;
#1600 = CARTESIAN_POINT ( 'NONE',  ( -2.793106854861110700, 5.087384260222762600, -1.612600994529450800 ) ) ;
#1601 = CARTESIAN_POINT ( 'NONE',  ( 3.367778697655221000E-016, 8.599999999999999600, 2.750000000000000000 ) ) ;
#1602 = CARTESIAN_POINT ( 'NONE',  ( 1.133736984950449600E-011, 4.331725801403461400, 2.981725801403460900 ) ) ;
#1603 = CARTESIAN_POINT ( 'NONE',  ( 2.793106854861110700, 4.087847223185725900, -3.420569369482190000E-016 ) ) ;
#1604 = CARTESIAN_POINT ( 'NONE',  ( -1.587499999999997500, 7.689120372297376000, 2.749630657015593700 ) ) ;
#1605 = ORIENTED_EDGE ( 'NONE', *, *, #3231, .T. ) ;
#1606 = CARTESIAN_POINT ( 'NONE',  ( -2.793106854861111100, 7.204050926889429700, -1.612600994529450800 ) ) ;
#1607 = CARTESIAN_POINT ( 'NONE',  ( 1.587500000000299700, 6.542592592592940900, -2.749630657016113300 ) ) ;
#1608 = DIRECTION ( 'NONE',  ( -1.000000000000000000, 0.0000000000000000000, 0.0000000000000000000 ) ) ;
#1609 = VERTEX_POINT ( 'NONE', #4476 ) ;
#1610 = ADVANCED_FACE ( 'NONE', ( #1011, #2337 ), #4051, .F. ) ;
#1611 = DIRECTION ( 'NONE',  ( 0.0000000000000000000, 0.0000000000000000000, -1.000000000000000000 ) ) ;
#1612 = CARTESIAN_POINT ( 'NONE',  ( -2.793106854861110200, 7.145254630593133700, 1.612600994529452600 ) ) ;
#1613 = DIRECTION ( 'NONE',  ( -0.0000000000000000000, -1.000000000000000000, -0.0000000000000000000 ) ) ;
#1614 = ORIENTED_EDGE ( 'NONE', *, *, #4288, .F. ) ;
#1615 = DIRECTION ( 'NONE',  ( 8.659560562354985900E-017, -0.7071067811865432400, 0.7071067811865517900 ) ) ;
#1616 = EDGE_CURVE ( 'NONE', #4986, #4806, #279, .T. ) ;
#1617 = EDGE_CURVE ( 'NONE', #1869, #2499, #3753, .T. ) ;
#1618 = ORIENTED_EDGE ( 'NONE', *, *, #4974, .T. ) ;
#1619 = CARTESIAN_POINT ( 'NONE',  ( 2.725431540799233800, 3.002443016035500500, -0.3667736582917495700 ) ) ;
#1620 = CARTESIAN_POINT ( 'NONE',  ( -2.793106854861111100, 2.970717593556095900, -1.612600994529450800 ) ) ;
#1621 = CARTESIAN_POINT ( 'NONE',  ( 2.547265342226494900E-016, 0.5000000000000000000, 2.080000000000000100 ) ) ;
#1622 = CARTESIAN_POINT ( 'NONE',  ( -1.589409465725694700, 7.367945601842218500, -2.752937948667806700 ) ) ;
#1623 = CARTESIAN_POINT ( 'NONE',  ( 3.175000000000001200, 8.571064816741820600, 1.833087104677060500 ) ) ;
#1624 = FACE_OUTER_BOUND ( 'NONE', #966, .T. ) ;
#1625 = CARTESIAN_POINT ( 'NONE',  ( -2.793106854861111100, 5.792939815778318300, -1.612600994529450800 ) ) ;
#1626 = CARTESIAN_POINT ( 'NONE',  ( 0.0000000000000000000, 4.670000000000001700, 0.0000000000000000000 ) ) ;
#1627 = EDGE_LOOP ( 'NONE', ( #238, #2425, #1879, #4560, #2386 ) ) ;
#1628 = CARTESIAN_POINT ( 'NONE',  ( 2.697643460049956100, 3.002137639031074100, -0.3150919155356997600 ) ) ;
#1629 = AXIS2_PLACEMENT_3D ( 'NONE', #2793, #3729, #1248 ) ;
#1630 = CARTESIAN_POINT ( 'NONE',  ( -2.697642543859649000, 3.000000000000000000, 0.3150987235112844800 ) ) ;
#1631 = AXIS2_PLACEMENT_3D ( 'NONE', #81, #2125, #2924 ) ;
#1632 = CIRCLE ( 'NONE', #4822, 0.05000000000000001000 ) ;
#1633 = ORIENTED_EDGE ( 'NONE', *, *, #2471, .T. ) ;
#1634 = CARTESIAN_POINT ( 'NONE',  ( 2.793106854861110700, 8.144791667630169500, -3.420569369482190000E-016 ) ) ;
#1635 = CARTESIAN_POINT ( 'NONE',  ( 0.0000000000000000000, 0.0000000000000000000, 0.0000000000000000000 ) ) ;
#1636 = CIRCLE ( 'NONE', #4792, 0.4849999999750982400 ) ;
#1637 = CARTESIAN_POINT ( 'NONE',  ( 0.3145693417179237200, 2.913504663918391000, -2.697713785257560100 ) ) ;
#1638 = LINE ( 'NONE', #2531, #947 ) ;
#1639 = AXIS2_PLACEMENT_3D ( 'NONE', #3024, #1391, #3422 ) ;
#1640 = VERTEX_POINT ( 'NONE', #900 ) ;
#1641 = LINE ( 'NONE', #1697, #3151 ) ;
#1642 = DIRECTION ( 'NONE',  ( 0.0000000000000000000, 0.0000000000000000000, -1.000000000000000000 ) ) ;
#1643 = CARTESIAN_POINT ( 'NONE',  ( -2.793106854861110700, 9.381295417630170200, 0.0000000000000000000 ) ) ;
#1644 = CIRCLE ( 'NONE', #4031, 0.6350000000000000100 ) ;
#1645 = CARTESIAN_POINT ( 'NONE',  ( 1.589409465725695900, 7.720723379619995400, 2.752937948667805800 ) ) ;
#1646 = CARTESIAN_POINT ( 'NONE',  ( 3.174999999999999800, 8.629861113038115800, -3.888253587292846100E-016 ) ) ;
#1647 = CARTESIAN_POINT ( 'NONE',  ( 1.396553427430554700, 5.616550926889429400, -2.418901491794177300 ) ) ;
#1648 = CYLINDRICAL_SURFACE ( 'NONE', #650, 3.174999999999999800 ) ;
#1649 = CARTESIAN_POINT ( 'NONE',  ( 0.0000000000000000000, 8.802396902521437000, 0.0000000000000000000 ) ) ;
#1650 = CARTESIAN_POINT ( 'NONE',  ( -3.039999999999998700, -4.129999999999999900, 2.039999999999999100 ) ) ;
#1651 = EDGE_CURVE ( 'NONE', #723, #4110, #2269, .T. ) ;
#1652 = CARTESIAN_POINT ( 'NONE',  ( -0.3667740874847577600, 2.997624060207209100, 2.725431483040754000 ) ) ;
#1653 = ORIENTED_EDGE ( 'NONE', *, *, #1692, .F. ) ;
#1654 = CARTESIAN_POINT ( 'NONE',  ( 1.396553427430556700, 5.910532408370910300, 2.418901491794176500 ) ) ;
#1655 = CARTESIAN_POINT ( 'NONE',  ( 2.459687735397007900, 4.143112011693018500, -1.323397454823874700 ) ) ;
#1656 = B_SPLINE_CURVE_WITH_KNOTS ( 'NONE', 3,
 ( #4067, #4457, #3248, #4900, #4884, #3199, #411, #2014, #4019, #1223 ),
 .UNSPECIFIED., .F., .F.,
 ( 4, 2, 2, 2, 4 ),
 ( 0.002306455155670876600, 0.002595032066705185800, 0.002883608977739495400, 0.003172185888773804700, 0.003460762799808113900 ),
 .UNSPECIFIED. ) ;
#1657 = DIRECTION ( 'NONE',  ( -1.000000000000000000, -0.0000000000000000000, 1.535127069738579100E-016 ) ) ;
#1658 = ORIENTED_EDGE ( 'NONE', *, *, #4076, .F. ) ;
#1659 = ORIENTED_EDGE ( 'NONE', *, *, #1798, .T. ) ;
#1660 = DIRECTION ( 'NONE',  ( -0.0000000000000000000, -1.000000000000000000, -0.0000000000000000000 ) ) ;
#1661 = CARTESIAN_POINT ( 'NONE',  ( 5.924599938756993300E-016, 4.617013889852392700, 3.225201989058902100 ) ) ;
#1662 = EDGE_CURVE ( 'NONE', #4967, #2177, #4724, .T. ) ;
#1663 = CARTESIAN_POINT ( 'NONE',  ( 0.0000000000000000000, 7.440000000000002200, 0.0000000000000000000 ) ) ;
#1664 = CARTESIAN_POINT ( 'NONE',  ( 3.178818931451388600, 8.543871527768143200, -3.892930429470952600E-016 ) ) ;
#1665 = CARTESIAN_POINT ( 'NONE',  ( -1.587500000000000400, 8.159490742667747700, -2.749630657015592400 ) ) ;
#1666 = AXIS2_PLACEMENT_3D ( 'NONE', #4523, #4928, #3670 ) ;
#1667 = CARTESIAN_POINT ( 'NONE',  ( 3.175000000000001200, 9.188425925925926700, 1.833087104677060500 ) ) ;
#1668 = CARTESIAN_POINT ( 'NONE',  ( -3.173313525947570700, 8.184214013746936800, 0.02473047006993647100 ) ) ;
#1669 = CARTESIAN_POINT ( 'NONE',  ( -2.697713785257563700, 2.913504663918391000, -0.3145693417178955800 ) ) ;
#1670 = ADVANCED_FACE ( 'NONE', ( #1833 ), #5064, .F. ) ;
#1671 = ORIENTED_EDGE ( 'NONE', *, *, #2406, .T. ) ;
#1672 = ORIENTED_EDGE ( 'NONE', *, *, #2602, .F. ) ;
#1673 = CARTESIAN_POINT ( 'NONE',  ( -3.040000000000000500, 1.600000000000000100, -2.825048672147083600 ) ) ;
#1674 = CARTESIAN_POINT ( 'NONE',  ( 3.175000000000002500, 5.043287038964043000, 1.833087104677061200 ) ) ;
#1675 = EDGE_LOOP ( 'NONE', ( #4749, #3996, #4112, #4086 ) ) ;
#1676 = ORIENTED_EDGE ( 'NONE', *, *, #1897, .T. ) ;
#1677 = CARTESIAN_POINT ( 'NONE',  ( -3.175000000000630900, 7.512731483408122900, -1.833087104677425500 ) ) ;
#1678 = CARTESIAN_POINT ( 'NONE',  ( 1.396553427430556700, 5.383147269482021700, 2.418901491794176500 ) ) ;
#1679 = CARTESIAN_POINT ( 'NONE',  ( 3.178818931451388600, 9.249427083323697100, -3.892930429470952600E-016 ) ) ;
#1680 = CARTESIAN_POINT ( 'NONE',  ( -3.174999999999999800, 4.749305557482561100, 0.0000000000000000000 ) ) ;
#1681 = EDGE_LOOP ( 'NONE', ( #5198, #2414, #2641, #1693 ) ) ;
#1682 = CARTESIAN_POINT ( 'NONE',  ( 2.793106854861111500, 3.323495371333874200, 1.612600994529450200 ) ) ;
#1683 = CARTESIAN_POINT ( 'NONE',  ( -2.713456682661199400, 2.712588980220970400, 0.1683472049376561200 ) ) ;
#1684 = DIRECTION ( 'NONE',  ( 0.0000000000000000000, 0.0000000000000000000, 1.000000000000000000 ) ) ;
#1685 = SURFACE_STYLE_FILL_AREA ( #1074 ) ;
#1686 = ORIENTED_EDGE ( 'NONE', *, *, #1395, .F. ) ;
#1687 = DIRECTION ( 'NONE',  ( 0.0000000000000000000, -1.000000000000000000, 0.0000000000000000000 ) ) ;
#1688 = FACE_OUTER_BOUND ( 'NONE', #1485, .T. ) ;
#1689 = B_SPLINE_CURVE_WITH_KNOTS ( 'NONE', 3,
 ( #960, #4576, #3774, #923, #2943, #3742, #1336, #2546, #3327, #2962 ),
 .UNSPECIFIED., .F., .F.,
 ( 4, 2, 2, 2, 4 ),
 ( 0.001017242831404107900, 0.001270501134050712200, 0.001523759436697316300, 0.001777017739343920400, 0.002030276041990524500 ),
 .UNSPECIFIED. ) ;
#1690 = CARTESIAN_POINT ( 'NONE',  ( 2.056586154693643300E-012, 8.295631277335513000, 3.054368722664488900 ) ) ;
#1691 = DIRECTION ( 'NONE',  ( -0.0000000000000000000, -1.000000000000000000, -0.0000000000000000000 ) ) ;
#1692 = EDGE_CURVE ( 'NONE', #3741, #1160, #109, .T. ) ;
#1693 = ORIENTED_EDGE ( 'NONE', *, *, #549, .F. ) ;
#1694 = CIRCLE ( 'NONE', #856, 2.429999999999999700 ) ;
#1695 = CARTESIAN_POINT ( 'NONE',  ( 2.793106854861110700, 5.559536158370911500, -1.612600994529452200 ) ) ;
#1696 = ADVANCED_FACE ( 'NONE', ( #5208 ), #3531, .F. ) ;
#1697 = CARTESIAN_POINT ( 'NONE',  ( -3.039999999999998700, -4.129999999999999900, -2.039999999999999100 ) ) ;
#1698 = CARTESIAN_POINT ( 'NONE',  ( 1.589409465725695900, 8.426278935175551200, 2.752937948667805800 ) ) ;
#1699 = CARTESIAN_POINT ( 'NONE',  ( 3.175000000000001200, 5.043287038964042100, 1.833087104677060500 ) ) ;
#1700 = CARTESIAN_POINT ( 'NONE',  ( 1.396553427430556700, 3.264699075037578200, 2.418901491794176500 ) ) ;
#1701 = LINE ( 'NONE', #798, #1454 ) ;
#1702 = CARTESIAN_POINT ( 'NONE',  ( 3.420568789156240100E-016, 4.143106380989011400, -2.793106380989011300 ) ) ;
#1703 = CARTESIAN_POINT ( 'NONE',  ( -1.686743457663536300, 8.255086516571326500, 2.604340985635011900 ) ) ;
#1704 = DIRECTION ( 'NONE',  ( -0.0000000000000000000, 1.000000000000000000, -0.0000000000000000000 ) ) ;
#1705 = AXIS2_PLACEMENT_3D ( 'NONE', #4841, #1169, #2813 ) ;
#1706 = CARTESIAN_POINT ( 'NONE',  ( 2.039999999999999600, -4.129999999999999900, 3.040000000000000500 ) ) ;
#1707 = VECTOR ( 'NONE', #1615, 1000.000000000000000 ) ;
#1708 = VECTOR ( 'NONE', #2613, 1000.000000000000000 ) ;
#1709 = DIRECTION ( 'NONE',  ( 0.0000000000000000000, -1.000000000000000000, 0.0000000000000000000 ) ) ;
#1710 = CARTESIAN_POINT ( 'NONE',  ( 0.0000000000000000000, 0.2000000000000000100, 0.0000000000000000000 ) ) ;
#1711 = CIRCLE ( 'NONE', #277, 0.04999999999999969700 ) ;
#1712 = CARTESIAN_POINT ( 'NONE',  ( -1.587500000000005500, 5.337268520445519500, -2.749630657015601300 ) ) ;
#1713 = CARTESIAN_POINT ( 'NONE',  ( -2.793106854861111100, 7.205832454667207900, -1.612600994529450800 ) ) ;
#1714 = ORIENTED_EDGE ( 'NONE', *, *, #2366, .F. ) ;
#1715 = CARTESIAN_POINT ( 'NONE',  ( -2.247584431391540000E-016, 4.486927083323699600, -3.670583931557075200 ) ) ;
#1716 = CARTESIAN_POINT ( 'NONE',  ( 1.587499999999999200, 5.219675927852931900, -2.749630657015592800 ) ) ;
#1717 = CARTESIAN_POINT ( 'NONE',  ( -2.730263959453998800, 2.997850539453667600, -0.3308648348763486600 ) ) ;
#1718 = VERTEX_POINT ( 'NONE', #140 ) ;
#1719 = CARTESIAN_POINT ( 'NONE',  ( -2.860529684645054100, 8.213924498403057900, 1.304359023507776000 ) ) ;
#1720 = VERTEX_POINT ( 'NONE', #1782 ) ;
#1721 =( BOUNDED_CURVE ( )  B_SPLINE_CURVE ( 2, ( #4055, #2868, #7 ),
 .UNSPECIFIED., .F., .F. ) 
 B_SPLINE_CURVE_WITH_KNOTS ( ( 3, 3 ),
 ( 0.1016087009264719500, 0.1029352773689815300 ),
 .UNSPECIFIED. ) 
 CURVE ( )  GEOMETRIC_REPRESENTATION_ITEM ( )  RATIONAL_B_SPLINE_CURVE ( ( 0.9330127018922194100, 0.9330127018916227800, 0.9753327771376106800 ) ) 
 REPRESENTATION_ITEM ( '' )  );
#1722 = EDGE_CURVE ( 'NONE', #3023, #4729, #1578, .T. ) ;
#1723 = EDGE_CURVE ( 'NONE', #3409, #1408, #179, .T. ) ;
#1724 = ORIENTED_EDGE ( 'NONE', *, *, #2331, .F. ) ;
#1725 = DIRECTION ( 'NONE',  ( -0.0000000000000000000, 0.0000000000000000000, 1.000000000000000000 ) ) ;
#1726 = CARTESIAN_POINT ( 'NONE',  ( 0.8507386859544982000, 6.368314397702899800, 3.175000000008652900 ) ) ;
#1727 = CARTESIAN_POINT ( 'NONE',  ( -2.249999999999999600, 7.440000000000002200, 0.0000000000000000000 ) ) ;
#1728 = CARTESIAN_POINT ( 'NONE',  ( 2.793106854861110700, 6.206295417630169500, -3.420569369482190000E-016 ) ) ;
#1729 = CARTESIAN_POINT ( 'NONE',  ( -0.4717840607735703800, 7.340000000000001600, -0.1015999999999999400 ) ) ;
#1730 = CARTESIAN_POINT ( 'NONE',  ( -1.589409465725691900, 5.486464120360737200, 2.752937948667808100 ) ) ;
#1731 = CARTESIAN_POINT ( 'NONE',  ( 3.174999999999999800, 4.396527779704783300, -3.888253587292846100E-016 ) ) ;
#1732 = AXIS2_PLACEMENT_3D ( 'NONE', #4060, #4802, #5256 ) ;
#1733 = AXIS2_PLACEMENT_3D ( 'NONE', #858, #4487, #2073 ) ;
#1734 = CARTESIAN_POINT ( 'NONE',  ( -1.972050935027874500, 8.174999986357733000, -2.488300646952155100 ) ) ;
#1735 = CARTESIAN_POINT ( 'NONE',  ( 0.0000000000000000000, 0.0000000000000000000, 0.0000000000000000000 ) ) ;
#1736 = PRODUCT ( '73391-0060', '73391-0060', '', ( #713 ) ) ;
#1737 = DIRECTION ( 'NONE',  ( -0.0000000000000000000, -1.000000000000000000, -0.0000000000000000000 ) ) ;
#1738 = ORIENTED_EDGE ( 'NONE', *, *, #4075, .T. ) ;
#1739 = CARTESIAN_POINT ( 'NONE',  ( 2.793106854861111100, 6.674884260222762000, 1.612600994529450200 ) ) ;
#1740 = DIRECTION ( 'NONE',  ( -0.0000000000000000000, -1.000000000000000000, -0.0000000000000000000 ) ) ;
#1741 = DIRECTION ( 'NONE',  ( -0.0000000000000000000, -1.000000000000000000, -0.0000000000000000000 ) ) ;
#1742 = VERTEX_POINT ( 'NONE', #4145 ) ;
#1743 = ORIENTED_EDGE ( 'NONE', *, *, #2899, .F. ) ;
#1744 = CARTESIAN_POINT ( 'NONE',  ( 5.924599938756993300E-016, 5.324350973185724800, 3.225201989058902100 ) ) ;
#1745 = ADVANCED_FACE ( 'NONE', ( #3845 ), #2116, .T. ) ;
#1746 = DIRECTION ( 'NONE',  ( -0.0000000000000000000, -1.000000000000000000, -0.0000000000000000000 ) ) ;
#1747 = CARTESIAN_POINT ( 'NONE',  ( 3.178818931451389900, 4.251741898138514700, 1.835291965778536500 ) ) ;
#1748 = CARTESIAN_POINT ( 'NONE',  ( -3.174999999999999800, 2.632638890815894900, 0.0000000000000000000 ) ) ;
#1749 = EDGE_LOOP ( 'NONE', ( #3664, #4526, #3546, #1233, #4427, #822 ) ) ;
#1750 = CIRCLE ( 'NONE', #4265, 2.080000000000000100 ) ;
#1751 = CARTESIAN_POINT ( 'NONE',  ( -1.408858256457239800, 8.556885313284775300, -2.411755442801859500 ) ) ;
#1752 = EDGE_CURVE ( 'NONE', #4754, #2220, #2771, .T. ) ;
#1753 = DIRECTION ( 'NONE',  ( 0.0000000000000000000, -1.000000000000000000, 0.0000000000000000000 ) ) ;
#1754 = CARTESIAN_POINT ( 'NONE',  ( -2.793106854861111100, 6.322106482444984200, -1.612600994529450800 ) ) ;
#1755 = CYLINDRICAL_SURFACE ( 'NONE', #388, 0.6350000000000000100 ) ;
#1756 = CARTESIAN_POINT ( 'NONE',  ( 1.396553427430556700, 6.616087963926466000, 2.418901491794176500 ) ) ;
#1757 = CARTESIAN_POINT ( 'NONE',  ( 0.0000000000000000000, 9.500000000000001800, -2.750000000000000000 ) ) ;
#1758 = ORIENTED_EDGE ( 'NONE', *, *, #2798, .T. ) ;
#1759 = DIRECTION ( 'NONE',  ( 0.0000000000000000000, 0.0000000000000000000, -1.000000000000000000 ) ) ;
#1760 = DIRECTION ( 'NONE',  ( 0.0000000000000000000, 0.0000000000000000000, -1.000000000000000000 ) ) ;
#1761 = SPHERICAL_SURFACE ( 'NONE', #1666, 0.3499999999999999800 ) ;
#1762 = EDGE_CURVE ( 'NONE', #2895, #317, #3585, .T. ) ;
#1763 = VERTEX_POINT ( 'NONE', #3781 ) ;
#1764 = VERTEX_POINT ( 'NONE', #5001 ) ;
#1765 = CYLINDRICAL_SURFACE ( 'NONE', #1873, 2.299999999999999800 ) ;
#1766 = CARTESIAN_POINT ( 'NONE',  ( 0.2818662692025775700, 3.168652965569821700, 2.702611963329596200 ) ) ;
#1767 = CARTESIAN_POINT ( 'NONE',  ( -2.750000000000000000, 9.500000000000001800, 0.0000000000000000000 ) ) ;
#1768 = CARTESIAN_POINT ( 'NONE',  ( 4.336808689942017700E-016, -4.129999999999999900, 0.0000000000000000000 ) ) ;
#1769 = VECTOR ( 'NONE', #4877, 1000.000000000000000 ) ;
#1770 = CARTESIAN_POINT ( 'NONE',  ( 3.178818931451389900, 3.546186342582959400, 1.835291965778536500 ) ) ;
#1771 = CARTESIAN_POINT ( 'NONE',  ( -1.974866646252330800E-016, 8.321180556519060200, -3.225201989058902100 ) ) ;
#1772 = FACE_OUTER_BOUND ( 'NONE', #2335, .T. ) ;
#1773 = CIRCLE ( 'NONE', #1992, 0.6350000000000000100 ) ;
#1774 = CARTESIAN_POINT ( 'NONE',  ( -2.718834267048633200, 3.325106404609732300, 0.08103337654774557500 ) ) ;
#1775 = DIRECTION ( 'NONE',  ( 0.0000000000000000000, 0.7071067811865456900, 0.7071067811865493500 ) ) ;
#1776 = AXIS2_PLACEMENT_3D ( 'NONE', #2989, #4531, #2971 ) ;
#1777 = CARTESIAN_POINT ( 'NONE',  ( 5.924599938756993300E-016, 5.851736112074615200, 3.225201989058902100 ) ) ;
#1778 = CARTESIAN_POINT ( 'NONE',  ( 2.793106854861110700, 6.028125000963503200, -3.420569369482190000E-016 ) ) ;
#1779 = ADVANCED_FACE ( 'NONE', ( #3203 ), #4544, .T. ) ;
#1780 = CARTESIAN_POINT ( 'NONE',  ( 0.1734078351710372800, 3.300559062894158100, 2.745266016216829600 ) ) ;
#1781 = LINE ( 'NONE', #3590, #1272 ) ;
#1782 = CARTESIAN_POINT ( 'NONE',  ( 3.367778697655221000E-016, 9.500000000000001800, 2.750000000000000000 ) ) ;
#1783 = ORIENTED_EDGE ( 'NONE', *, *, #938, .T. ) ;
#1784 = DIRECTION ( 'NONE',  ( 0.0000000000000000000, 0.0000000000000000000, -1.000000000000000000 ) ) ;
#1785 = VERTEX_POINT ( 'NONE', #3386 ) ;
#1786 = CARTESIAN_POINT ( 'NONE',  ( 0.08192297340081894400, 3.324825773792291700, 2.718797761166939600 ) ) ;
#1787 = PLANE ( 'NONE',  #998 ) ;
#1788 = CARTESIAN_POINT ( 'NONE',  ( -3.040000000000000500, 0.0000000000000000000, -2.825048672147083600 ) ) ;
#1789 = CARTESIAN_POINT ( 'NONE',  ( -1.589409465725691900, 6.192019675916292900, 2.752937948667808100 ) ) ;
#1790 = CARTESIAN_POINT ( 'NONE',  ( -2.793106854861110200, 7.850810186148688500, 1.612600994529452600 ) ) ;
#1791 = ORIENTED_EDGE ( 'NONE', *, *, #681, .T. ) ;
#1792 = CARTESIAN_POINT ( 'NONE',  ( -2.718663252497277100, 3.323791898262498500, -0.08587489335445229500 ) ) ;
#1793 = DIRECTION ( 'NONE',  ( -0.0000000000000000000, -1.000000000000000000, -0.0000000000000000000 ) ) ;
#1794 = CARTESIAN_POINT ( 'NONE',  ( -1.974866646252330800E-016, 4.793402778741281600, -3.225201989058902100 ) ) ;
#1795 = CARTESIAN_POINT ( 'NONE',  ( -2.793106854861110700, 5.616550926889429400, -1.612600994529450800 ) ) ;
#1796 = AXIS2_PLACEMENT_3D ( 'NONE', #4358, #3547, #3136 ) ;
#1797 = CARTESIAN_POINT ( 'NONE',  ( 0.3145528060913001000, 3.086774381422162400, 2.697716012081432500 ) ) ;
#1798 = EDGE_CURVE ( 'NONE', #3111, #898, #2814, .T. ) ;
#1799 =( NAMED_UNIT ( * ) SI_UNIT ( $, .STERADIAN. ) SOLID_ANGLE_UNIT ( ) );
#1800 = EDGE_LOOP ( 'NONE', ( #1973, #3762, #3519, #421, #3262, #2183, #3989, #4565, #883, #3978, #2007, #3128, #3005, #1425, #1370, #3686 ) ) ;
#1801 = CARTESIAN_POINT ( 'NONE',  ( 0.0000000000000000000, 4.770000000000001400, 0.6350000000000000100 ) ) ;
#1802 = CARTESIAN_POINT ( 'NONE',  ( 5.924599938756993300E-016, 3.207684306519059900, 3.225201989058902100 ) ) ;
#1803 = ADVANCED_FACE ( 'NONE', ( #384 ), #4278, .F. ) ;
#1804 = DIRECTION ( 'NONE',  ( 1.000000000000000000, 0.0000000000000000000, -1.748315655815669100E-016 ) ) ;
#1805 = CARTESIAN_POINT ( 'NONE',  ( 2.713706856266284300, 2.710675320135277100, 0.1649544349856866000 ) ) ;
#1806 = AXIS2_PLACEMENT_3D ( 'NONE', #1230, #4448, #3222 ) ;
#1807 = CARTESIAN_POINT ( 'NONE',  ( -2.713776714501746000, 3.290058162364333700, 0.1641920371158988900 ) ) ;
#1808 = SURFACE_SIDE_STYLE ('',( #1078 ) ) ;
#1809 = CARTESIAN_POINT ( 'NONE',  ( 2.793106854861110700, 6.028125000963503200, -3.420569369482190000E-016 ) ) ;
#1810 = EDGE_LOOP ( 'NONE', ( #1411, #5222, #5187, #4066, #269, #675 ) ) ;
#1811 = CARTESIAN_POINT ( 'NONE',  ( -2.793106854861110700, 6.380902778741280200, 0.0000000000000000000 ) ) ;
#1812 = CARTESIAN_POINT ( 'NONE',  ( 0.0000000000000000000, 4.670000000000001700, 0.0000000000000000000 ) ) ;
#1813 = SHAPE_DEFINITION_REPRESENTATION ( #4246, #268 ) ;
#1814 = EDGE_LOOP ( 'NONE', ( #4063, #4209, #1998, #96 ) ) ;
#1815 = ORIENTED_EDGE ( 'NONE', *, *, #1692, .T. ) ;
#1816 = VECTOR ( 'NONE', #1270, 1000.000000000000000 ) ;
#1817 = DIRECTION ( 'NONE',  ( -0.0000000000000000000, 1.000000000000000000, -0.0000000000000000000 ) ) ;
#1819 =( BOUNDED_SURFACE ( )  B_SPLINE_SURFACE ( 3, 2, ( 
 ( #774, #2383, #3954 ),
 ( #5199, #1857, #5231 ),
 ( #5097, #1170, #2351 ),
 ( #2783, #4813, #4371 ),
 ( #341, #375, #3589 ),
 ( #1429, #3557, #1153 ),
 ( #2662, #357, #241 ),
 ( #4243, #1837, #3060 ),
 ( #2231, #5078, #645 ),
 ( #735, #1134, #396 ) ),
 .UNSPECIFIED., .F., .F., .F. ) 
 B_SPLINE_SURFACE_WITH_KNOTS ( ( 4, 2, 2, 2, 4 ),
 ( 3, 3 ),
 ( 0.001143620354774592000, 0.001429525443469639100, 0.001715430532164686400, 0.002001335620859733800, 0.002287240709554781100 ),
 ( 0.0000000000000000000, 1.000000000000000000 ),
 .UNSPECIFIED. ) 
 GEOMETRIC_REPRESENTATION_ITEM ( )  RATIONAL_B_SPLINE_SURFACE ( (
 ( 1.000000000000000000, 0.8097361779316882800, 1.000000000000000000),
 ( 1.000000000000000000, 0.8094872429587014500, 1.000000000000000000),
 ( 1.000000000000000000, 0.8141397624411054200, 1.000000000000000000),
 ( 1.000000000000000000, 0.8243446324510793600, 1.000000000000000000),
 ( 1.000000000000000000, 0.8290883232386125900, 1.000000000000000000),
 ( 1.000000000000000000, 0.8292224073961913500, 1.000000000000000000),
 ( 1.000000000000000000, 0.8245731960316264900, 1.000000000000000000),
 ( 1.000000000000000000, 0.8144331032207428000, 1.000000000000000000),
 ( 1.000000000000000000, 0.8095766370074537500, 1.000000000000000000),
 ( 1.000000000000000000, 0.8097361317306176500, 1.000000000000000000) ) ) 
 REPRESENTATION_ITEM ( '' )  SURFACE ( )  );
#1818 = CARTESIAN_POINT ( 'NONE',  ( -2.793106854861111100, 9.320717593556096900, -1.612600994529450800 ) ) ;
#1820 = CARTESIAN_POINT ( 'NONE',  ( 1.396553427430556700, 3.793865741704244500, 2.418901491794176500 ) ) ;
#1821 = EDGE_LOOP ( 'NONE', ( #134, #5050, #1594, #4007 ) ) ;
#1822 = EDGE_CURVE ( 'NONE', #4404, #2141, #2521, .T. ) ;
#1823 = VERTEX_POINT ( 'NONE', #1393 ) ;
#1824 = CARTESIAN_POINT ( 'NONE',  ( -0.3150944306706426300, 2.998267540516768500, 2.697643121576347900 ) ) ;
#1825 = DIRECTION ( 'NONE',  ( 0.0000000000000000000, 0.0000000000000000000, -1.000000000000000000 ) ) ;
#1826 = EDGE_CURVE ( 'NONE', #3511, #4578, #1133, .T. ) ;
#1827 = CARTESIAN_POINT ( 'NONE',  ( -1.974866646252330800E-016, 4.793402778741281600, -3.225201989058902100 ) ) ;
#1828 = CARTESIAN_POINT ( 'NONE',  ( -1.396553427430553300, 5.792939815778318300, 2.418901491794178200 ) ) ;
#1829 = ORIENTED_EDGE ( 'NONE', *, *, #4703, .F. ) ;
#1830 = ADVANCED_FACE ( 'NONE', ( #4219 ), #771, .F. ) ;
#1831 = CYLINDRICAL_SURFACE ( 'NONE', #629, 3.174999999999999800 ) ;
#1832 = EDGE_LOOP ( 'NONE', ( #20, #4298, #3361, #4325 ) ) ;
#1833 = FACE_OUTER_BOUND ( 'NONE', #3773, .T. ) ;
#1834 = VECTOR ( 'NONE', #3489, 1000.000000000000000 ) ;
#1835 = AXIS2_PLACEMENT_3D ( 'NONE', #3433, #1440, #3903 ) ;
#1836 = CARTESIAN_POINT ( 'NONE',  ( 2.985216544710878700E-014, 3.000000000000000000, -2.850000000000000100 ) ) ;
#1837 = CARTESIAN_POINT ( 'NONE',  ( -0.2959868757059658800, 2.824977002174811100, 2.734893847609630100 ) ) ;
#1838 = CARTESIAN_POINT ( 'NONE',  ( -2.793106854861110700, 3.031295417630170100, 0.0000000000000000000 ) ) ;
#1839 = CARTESIAN_POINT ( 'NONE',  ( 2.793106854861110700, 8.379976852815355300, -1.612600994529452200 ) ) ;
#1840 = CARTESIAN_POINT ( 'NONE',  ( -3.178818931451388200, 3.311001157397773600, 1.835291965778539400 ) ) ;
#1841 = DIRECTION ( 'NONE',  ( 1.000000000000000000, 0.0000000000000000000, 0.0000000000000000000 ) ) ;
#1842 = ORIENTED_EDGE ( 'NONE', *, *, #691, .F. ) ;
#1843 = CARTESIAN_POINT ( 'NONE',  ( 0.0000000000000000000, 0.5000000000000004400, -2.080000000000000100 ) ) ;
#1844 = ORIENTED_EDGE ( 'NONE', *, *, #1423, .F. ) ;
#1845 = CARTESIAN_POINT ( 'NONE',  ( 2.793106854861110700, 4.675810186148687800, -1.612600994529452200 ) ) ;
#1846 = AXIS2_PLACEMENT_3D ( 'NONE', #4665, #3447, #4221 ) ;
#1847 = CARTESIAN_POINT ( 'NONE',  ( -0.3302479857493690900, 2.811162829778115500, -2.730931389384564600 ) ) ;
#1848 = CARTESIAN_POINT ( 'NONE',  ( -1.238850295509565500, 4.300442971646906400, 2.696953110638344900 ) ) ;
#1849 = EDGE_LOOP ( 'NONE', ( #867, #1758, #3798, #1658 ) ) ;
#1850 = FILL_AREA_STYLE ('',( #4642 ) ) ;
#1851 = DIRECTION ( 'NONE',  ( -1.000000000000000000, 0.0000000000000000000, 0.0000000000000000000 ) ) ;
#1852 = CARTESIAN_POINT ( 'NONE',  ( 0.0000000000000000000, -3.979999999975099000, 0.0000000000000000000 ) ) ;
#1853 = ADVANCED_FACE ( 'NONE', ( #644 ), #4148, .F. ) ;
#1854 = ORIENTED_EDGE ( 'NONE', *, *, #3549, .T. ) ;
#1855 = ORIENTED_EDGE ( 'NONE', *, *, #619, .F. ) ;
#1856 = CARTESIAN_POINT ( 'NONE',  ( -1.396553427430555500, 8.378212963926465300, -2.418901491794176900 ) ) ;
#1857 = CARTESIAN_POINT ( 'NONE',  ( 0.3314250551584032600, 2.914798146740664700, 2.730196970682345000 ) ) ;
#1858 = CARTESIAN_POINT ( 'NONE',  ( 2.697642543859649000, 3.000000000000000000, -0.3150987235112844800 ) ) ;
#1859 = CARTESIAN_POINT ( 'NONE',  ( 2.697713785257563700, 2.913504663918391000, 0.3145693417178955800 ) ) ;
#1860 = CARTESIAN_POINT ( 'NONE',  ( 3.039999999999999600, 0.0000000000000000000, -2.825048672147085300 ) ) ;
#1861 = CARTESIAN_POINT ( 'NONE',  ( -0.3150922842482704600, 2.997921052681319600, 2.697643410430465800 ) ) ;
#1862 = CARTESIAN_POINT ( 'NONE',  ( 2.793106854861111500, 3.147106482444984800, 1.612600994529450200 ) ) ;
#1863 = CARTESIAN_POINT ( 'NONE',  ( 0.0000000000000000000, 8.599999999999999600, -2.750000000000000000 ) ) ;
#1864 = CARTESIAN_POINT ( 'NONE',  ( -1.396553427430555500, 4.146643519482021900, -2.418901491794176900 ) ) ;
#1865 = CARTESIAN_POINT ( 'NONE',  ( -1.906444209774899500E-011, 4.572916668594378300, -3.174999999999998900 ) ) ;
#1866 = EDGE_CURVE ( 'NONE', #211, #330, #1077, .T. ) ;
#1867 = EDGE_LOOP ( 'NONE', ( #1605, #814 ) ) ;
#1868 = CARTESIAN_POINT ( 'NONE',  ( 0.0000000000000000000, 7.620000000000001900, 0.0000000000000000000 ) ) ;
#1869 = VERTEX_POINT ( 'NONE', #3817 ) ;
#1870 = CARTESIAN_POINT ( 'NONE',  ( 1.396553427430554700, 6.143953704667207000, -2.418901491794177300 ) ) ;
#1871 = CARTESIAN_POINT ( 'NONE',  ( 0.0000000000000000000, 0.0000000000000000000, 0.0000000000000000000 ) ) ;
#1872 = DIRECTION ( 'NONE',  ( 0.0000000000000000000, 0.0000000000000000000, -1.000000000000000000 ) ) ;
#1873 = AXIS2_PLACEMENT_3D ( 'NONE', #3982, #1164, #1563 ) ;
#1874 = CARTESIAN_POINT ( 'NONE',  ( 1.220802081167363500E-013, 2.629190075645214900, -2.750000000000000000 ) ) ;
#1875 = ADVANCED_FACE ( 'NONE', ( #1459 ), #4615, .F. ) ;
#1876 = ORIENTED_EDGE ( 'NONE', *, *, #2026, .T. ) ;
#1877 = DIRECTION ( 'NONE',  ( 0.0000000000000000000, -0.0000000000000000000, -1.000000000000000000 ) ) ;
#1878 = CARTESIAN_POINT ( 'NONE',  ( -2.793106854861110200, 2.911921297259799900, 1.612600994529452600 ) ) ;
#1879 = ORIENTED_EDGE ( 'NONE', *, *, #2826, .F. ) ;
#1880 = CARTESIAN_POINT ( 'NONE',  ( 6.742753294174620500E-016, 8.451267363047751500, 3.670583931557075200 ) ) ;
#1881 = CARTESIAN_POINT ( 'NONE',  ( -2.583515321384011600, 4.254396152890493000, 1.365534504854389700 ) ) ;
#1882 = CARTESIAN_POINT ( 'NONE',  ( 2.697643410430466700, 2.997921052681319600, 0.3150922842482611300 ) ) ;
#1883 = CARTESIAN_POINT ( 'NONE',  ( -1.587500000000165300, 6.278009261186070100, 2.749630657015884600 ) ) ;
#1884 = ORIENTED_EDGE ( 'NONE', *, *, #3407, .T. ) ;
#1885 = DIRECTION ( 'NONE',  ( 0.0000000000000000000, -1.000000000000000000, -0.0000000000000000000 ) ) ;
#1886 = CARTESIAN_POINT ( 'NONE',  ( 2.896289679983490500E-016, 9.370000000000001000, -2.299999999999999800 ) ) ;
#1887 = CARTESIAN_POINT ( 'NONE',  ( 4.336808689942017700E-016, -4.129999999999999900, 0.0000000000000000000 ) ) ;
#1888 = CONICAL_SURFACE ( 'NONE', #920, 3.174999999999999400, 0.7853981633974466100 ) ;
#1889 = UNCERTAINTY_MEASURE_WITH_UNIT (LENGTH_MEASURE( 1.000000000000000100E-005 ), #4239, 'distance_accuracy_value', 'NONE');
#1890 = MANIFOLD_SOLID_BREP ( 'Chamfer3', #4679 ) ;
#1891 = EDGE_LOOP ( 'NONE', ( #4712, #467, #4366, #783, #3791 ) ) ;
#1892 = CARTESIAN_POINT ( 'NONE',  ( -0.1641920371158413500, 3.290058162364365700, -2.713776714501754000 ) ) ;
#1893 = CARTESIAN_POINT ( 'NONE',  ( 2.793106854861110700, 7.437472223185725500, -3.420569369482190000E-016 ) ) ;
#1894 = CIRCLE ( 'NONE', #203, 4.150000000000001200 ) ;
#1895 = ORIENTED_EDGE ( 'NONE', *, *, #5120, .F. ) ;
#1896 = CONICAL_SURFACE ( 'NONE', #4958, 2.299999999999999800, 0.7853981633974482800 ) ;
#1897 = EDGE_CURVE ( 'NONE', #2979, #3302, #1514, .T. ) ;
#1898 = CARTESIAN_POINT ( 'NONE',  ( 0.0000000000000000000, 0.5000000000000000000, -2.080000000000000100 ) ) ;
#1899 = EDGE_CURVE ( 'NONE', #554, #924, #3900, .T. ) ;
#1900 = CARTESIAN_POINT ( 'NONE',  ( 1.396553427430554700, 4.734606482444984700, -2.418901491794177300 ) ) ;
#1901 = EDGE_CURVE ( 'NONE', #1971, #2815, #3920, .T. ) ;
#1902 = CARTESIAN_POINT ( 'NONE',  ( -3.178818931451388600, 8.274878474158864300, 0.0000000000000000000 ) ) ;
#1903 = CARTESIAN_POINT ( 'NONE',  ( 0.3601054677123264900, 2.997624060207222400, -2.675878183349101200 ) ) ;
#1904 = VECTOR ( 'NONE', #4500, 1000.000000000000000 ) ;
#1905 = CARTESIAN_POINT ( 'NONE',  ( 1.587499999999999200, 5.837037037037037900, -2.749630657015592800 ) ) ;
#1906 = LINE ( 'NONE', #274, #2018 ) ;
#1907 = DIRECTION ( 'NONE',  ( -0.0000000000000000000, -1.000000000000000000, 0.0000000000000000000 ) ) ;
#1908 = ADVANCED_FACE ( 'NONE', ( #3783 ), #3481, .F. ) ;
#1909 = CONICAL_SURFACE ( 'NONE', #3416, 2.080000000000000100, 0.7853981633974492800 ) ;
#1910 = CARTESIAN_POINT ( 'NONE',  ( -0.2817358206250761300, 3.168990094592296200, -2.702633716797994400 ) ) ;
#1911 = CARTESIAN_POINT ( 'NONE',  ( -1.396553427430555500, 5.555990741704244200, -2.418901491794176900 ) ) ;
#1912 = CARTESIAN_POINT ( 'NONE',  ( -1.396553427430555500, 8.556365741704244200, -2.418901491794176900 ) ) ;
#1913 = B_SPLINE_CURVE_WITH_KNOTS ( 'NONE', 3,
 ( #3016, #1859, #4228, #2221, #4653, #666, #3877, #1471, #2276, #1439 ),
 .UNSPECIFIED., .F., .F.,
 ( 4, 2, 2, 2, 4 ),
 ( 2.078957471643452700E-006, 0.0002553318341866979900, 0.0005085847109017525800, 0.0007618375876168069000, 0.001015090464331861100 ),
 .UNSPECIFIED. ) ;
#1914 = VERTEX_POINT ( 'NONE', #2607 ) ;
#1915 = DIRECTION ( 'NONE',  ( -0.0000000000000000000, -1.000000000000000000, -0.0000000000000000000 ) ) ;
#1916 = CARTESIAN_POINT ( 'NONE',  ( -1.396553427430553300, 6.674884260222762000, 2.418901491794178200 ) ) ;
#1917 = AXIS2_PLACEMENT_3D ( 'NONE', #215, #1056, #2585 ) ;
#1918 = VERTEX_POINT ( 'NONE', #200 ) ;
#1919 = CARTESIAN_POINT ( 'NONE',  ( 3.178818931451388200, 5.158674770455158800, -1.835291965778538900 ) ) ;
#1920 = CARTESIAN_POINT ( 'NONE',  ( -1.396553427430553300, 7.909606482444984500, 2.418901491794178200 ) ) ;
#1921 = CARTESIAN_POINT ( 'NONE',  ( -3.174999999999998900, 6.836574074074074600, 1.833087104677063400 ) ) ;
#1922 = APPLICATION_CONTEXT ( 'automotive_design' ) ;
#1923 = DIRECTION ( 'NONE',  ( 0.0000000000000000000, 0.0000000000000000000, -1.000000000000000000 ) ) ;
#1924 = CARTESIAN_POINT ( 'NONE',  ( 0.3308648348763772500, 2.997850539453666800, -2.730263959453994400 ) ) ;
#1925 = CARTESIAN_POINT ( 'NONE',  ( -1.396553427430553300, 7.907842593556094500, 2.418901491794178200 ) ) ;
#1926 = EDGE_CURVE ( 'NONE', #1009, #330, #4748, .T. ) ;
#1927 = CARTESIAN_POINT ( 'NONE',  ( 0.0000000000000000000, 0.5000000000000004400, 0.0000000000000000000 ) ) ;
#1928 = EDGE_CURVE ( 'NONE', #4905, #2201, #1906, .T. ) ;
#1929 = VERTEX_POINT ( 'NONE', #4737 ) ;
#1930 = CARTESIAN_POINT ( 'NONE',  ( 0.0000000000000000000, 4.525000000000001200, 0.0000000000000000000 ) ) ;
#1931 = CARTESIAN_POINT ( 'NONE',  ( -1.396553427430553300, 8.085995371333874400, 2.418901491794178200 ) ) ;
#1932 = CARTESIAN_POINT ( 'NONE',  ( -1.589409465725694700, 5.335063659344048600, -2.752937948667806700 ) ) ;
#1933 = CARTESIAN_POINT ( 'NONE',  ( 3.174999999999998900, 5.072685185185186200, -1.833087104677063200 ) ) ;
#1934 = EDGE_CURVE ( 'NONE', #3219, #3867, #1644, .T. ) ;
#1935 = DIRECTION ( 'NONE',  ( 1.000000000000000000, 0.0000000000000000000, 0.0000000000000000000 ) ) ;
#1936 = AXIS2_PLACEMENT_3D ( 'NONE', #4410, #3216, #1586 ) ;
#1937 = CARTESIAN_POINT ( 'NONE',  ( 2.793106854861110700, 3.205902778741281700, -3.420569369482190000E-016 ) ) ;
#1938 = ORIENTED_EDGE ( 'NONE', *, *, #1934, .T. ) ;
#1939 = FACE_OUTER_BOUND ( 'NONE', #556, .T. ) ;
#1940 = CARTESIAN_POINT ( 'NONE',  ( -1.396553427430555500, 8.379976852815355300, -2.418901491794176900 ) ) ;
#1941 = CARTESIAN_POINT ( 'NONE',  ( 2.793106854861110200, 5.557754630593133300, -1.612600994529452200 ) ) ;
#1942 = DIRECTION ( 'NONE',  ( -0.0000000000000000000, -1.000000000000000000, -0.0000000000000000000 ) ) ;
#1943 = ORIENTED_EDGE ( 'NONE', *, *, #5160, .T. ) ;
#1944 = ORIENTED_EDGE ( 'NONE', *, *, #2533, .F. ) ;
#1945 = CARTESIAN_POINT ( 'NONE',  ( 2.793106854861111500, 6.145717593556096100, 1.612600994529450200 ) ) ;
#1946 = CARTESIAN_POINT ( 'NONE',  ( 3.178818931451388200, 4.453119214899603100, -1.835291965778538900 ) ) ;
#1947 = CARTESIAN_POINT ( 'NONE',  ( -2.793106854861110700, 8.438773149111652200, -1.612600994529450800 ) ) ;
#1948 = CARTESIAN_POINT ( 'NONE',  ( -2.697642543859649000, 3.000000000000000000, 0.3150987235112844800 ) ) ;
#1950 = CARTESIAN_POINT ( 'NONE',  ( -2.244884255301052700E-016, 5.190277777777779100, -3.666174209354123200 ) ) ;
#1949 =( BOUNDED_SURFACE ( )  B_SPLINE_SURFACE ( 1, 2, ( 
 ( #2171, #142, #2625, #240, #3466, #716, #3858, #5116, #679, #258, #4260, #3487, #2676, #3538, #1856, #2661, #1061, #1098, #3873, #5096, #3939, #3074, #1925, #3107, #3521, #297, #2250, #1080, #5138, #3917, #1893, #1517, #2694, #3897, #4274, #4699, #3095, #1113, #2323, #1482, #1498, #278, #697, #1469, #2732, #5158, #2308, #730, #4764, #3059, #2273, #4330, #1870, #5174, #318, #3125, #663, #4294, #3502, #4311, #4721, #1451, #1911, #2291, #4743, #2716, #4682, #3193, #4839, #1167, #4003, #2380, #2779, #3554, #5261, #2400, #4826, #3212, #4420, #2748, #1958, #802, #746, #5246, #1201, #3160, #2363, #2794, #769, #4778, #2415, #4795, #784, #3583, #1149, #2762, #1567, #1181, #3985, #337, #408, #5228, #3967, #3568, #1974, #4382, #3602, #392, #1583, #5192, #2009, #4807, #4403 ),
 ( #372, #354, #4014, #2347, #1599, #2810, #816, #1988, #3176, #1129, #1549, #3951, #1533, #4346, #1940, #3147, #4367, #5215, #1634, #2848, #1269, #863, #441, #4897, #2060, #3674, #2828, #3, #3243, #3618, #1218, #4454, #2046, #849, #4032, #1612, #18, #4437, #832, #423, #3227, #2028, #2466, #2442, #1249, #4857, #34, #2861, #2426, #3655, #1234, #3264, #4878, #3632, #463, #4048, #1654, #4064, #4474, #2332, #4128, #4285, #5240, #249, #1487, #5068, #4253, #3083, #3033, #2280, #3490, #228, #4673, #5125, #3053, #1827, #1900, #1845, #3066, #669, #635, #5088, #3866, #3475, #1049, #2634, #2699, #2260, #3435, #653, #4264, #1463, #267, #2682, #3883, #2223, #4304, #3455, #1474, #4727, #4282, #2240, #684, #1862, #5147, #1088, #210, #1878, #2653, #4690, #1033, #1068, #3099 ),
 ( #4706, #2296, #2669, #5105, #3904, #282, #3419, #1016, #3830, #1418, #4233, #4656, #3849, #1442, #2353, #5205, #2738, #756, #3561, #776, #1156, #2314, #1931, #1118, #3115, #4770, #3509, #3168, #5221, #3992, #5162, #304, #2767, #705, #2333, #325, #5180, #1103, #3133, #739, #380, #3924, #4752, #721, #3153, #3529, #1916, #362, #1575, #2754, #4816, #3574, #2371, #4317, #3543, #1945, #3975, #3956, #1173, #4783, #1137, #3943, #1524, #343, #4390, #1980, #1539, #1555, #4375, #1965, #4334, #2388, #4798, #5234, #2786, #1504, #2723, #4355, #4068, #412, #3636, #1661, #1238, #4020, #4885, #5268, #4901, #2449, #4832, #4056, #1603, #1224, #1995, #2834, #2869, #8, #4005, #4863, #22, #4481, #2405, #851, #1188, #4038, #2852, #2432, #2032, #429, #3217, #1620, #4844, #836, #5252 ),
 ( #1643, #3249, #3233, #2799, #4426, #3608, #398, #2015, #790, #451, #3660, #1256, #3200, #807, #2067, #3182, #2420, #2819, #821, #3593, #3623, #4442, #1587, #4411, #1207, #4458, #2050, #2470, #39, #4963, #3751, #2523, #4570, #111, #2134, #4082, #76, #1713, #2921, #3718, #3339, #4533, #2904, #887, #1293, #4950, #2538, #4150, #503, #3318, #2119, #91, #2887, #2155, #1728, #4129, #2554, #1342, #2085, #4099, #2936, #60, #4553, #536, #2502, #1695, #933, #3304, #1678, #1744, #4516, #518, #916, #487, #2104, #903, #3737, #1310, #4919, #4981, #1329, #3288, #4116, #131, #469, #3272, #869, #3679, #1275, #4498, #2488, #3695, #4935, #183, #986, #627, #4204, #162, #3371, #3785, #2202, #5054, #1430, #2992, #607, #1802, #4628, #143, #1838, #4222, #1414, #5079, #1025 ) ),
 .UNSPECIFIED., .F., .F., .F. ) 
 B_SPLINE_SURFACE_WITH_KNOTS ( ( 2, 1, 1, 2 ),
 ( 3, 2, 2, 2, 2, 2, 2, 2, 2, 2, 2, 2, 2, 2, 2, 2, 2, 2, 2, 2, 2, 2, 2, 2, 2, 2, 2, 2, 2, 2, 2, 2, 2, 2, 2, 2, 2, 2, 2, 2, 2, 2, 2, 2, 2, 2, 2, 2, 2, 2, 2, 2, 2, 2, 2, 2, 3 ),
 ( -0.01000000000000000000, 0.0000000000000000000, 1.000000000000000000, 1.010100000000000000 ),
 ( 0.0000000000000000000, 0.01666666666666666600, 0.03333333333333333300, 0.05000000000000000300, 0.06666666666666666600, 0.08333333333333332900, 0.1000000000000000100, 0.1166666666666666700, 0.1333333333333333300, 0.1499999999999999900, 0.1666666666666666600, 0.1833333333333333200, 0.2000000000000000100, 0.2166666666666666700, 0.2333333333333333400, 0.2500000000000000000, 0.2666666666666666600, 0.2833333333333333300, 0.2999999999999999900, 0.3166666666666666500, 0.3333333333333333100, 0.3499999999999999800, 0.3666666666666666400, 0.3833333333333333600, 0.4000000000000000200, 0.4166666666666666900, 0.4333333333333333500, 0.4500000000000000100, 0.4666666666666666700, 0.4833333333333333400, 0.5000000000000000000, 0.5166666666666667200, 0.5333333333333333300, 0.5500000000000000400, 0.5666666666666666500, 0.5833333333333333700, 0.5999999999999999800, 0.6166666666666667000, 0.6333333333333333000, 0.6500000000000000200, 0.6666666666666666300, 0.6833333333333333500, 0.6999999999999999600, 0.7166666666666666700, 0.7333333333333332800, 0.7500000000000000000, 0.7666666666666667200, 0.7833333333333333300, 0.8000000000000000400, 0.8166666666666666500, 0.8333333333333333700, 0.8499999999999999800, 0.8666666666666667000, 0.8833333333333333000, 0.9000000000000000200, 0.9166666666666666300, 0.9213290021533644400 ),
 .UNSPECIFIED. ) 
 GEOMETRIC_REPRESENTATION_ITEM ( )  RATIONAL_B_SPLINE_SURFACE ( (
 ( 1.000000000000000000, 0.8660254037844387100, 1.000000000000000000, 0.8660254037844387100, 1.000000000000000000, 0.8660254037844387100, 1.000000000000000000, 0.8660254037844387100, 1.000000000000000000, 0.8660254037844387100, 1.000000000000000000, 0.8660254037844387100, 1.000000000000000000, 0.8660254037844387100, 1.000000000000000000, 0.8660254037844387100, 1.000000000000000000, 0.8660254037844387100, 1.000000000000000000, 0.8660254037844387100, 1.000000000000000000, 0.8660254037844387100, 1.000000000000000000, 0.8660254037844387100, 1.000000000000000000, 0.8660254037844387100, 1.000000000000000000, 0.8660254037844387100, 1.000000000000000000, 0.8660254037844387100, 1.000000000000000000, 0.8660254037844387100, 1.000000000000000000, 0.8660254037844387100, 1.000000000000000000, 0.8660254037844387100, 1.000000000000000000, 0.8660254037844387100, 1.000000000000000000, 0.8660254037844387100, 1.000000000000000000, 0.8660254037844387100, 1.000000000000000000, 0.8660254037844387100, 1.000000000000000000, 0.8660254037844387100, 1.000000000000000000, 0.8660254037844387100, 1.000000000000000000, 0.8660254037844387100, 1.000000000000000000, 0.8660254037844387100, 1.000000000000000000, 0.8660254037844387100, 1.000000000000000000, 0.8660254037844387100, 1.000000000000000000, 0.8660254037844387100, 1.000000000000000000, 0.8660254037844387100, 1.000000000000000000, 0.8660254037844387100, 1.000000000000000000, 0.8660254037844387100, 1.000000000000000000, 0.8660254037844387100, 1.000000000000000000, 0.8660254037844387100, 1.000000000000000000, 0.8660254037844387100, 1.000000000000000000, 0.8660254037844387100, 1.000000000000000000, 0.8660254037844387100, 1.000000000000000000, 0.8660254037844387100, 1.000000000000000000, 0.8660254037844387100, 1.000000000000000000, 0.8660254037844387100, 1.000000000000000000, 0.8660254037844387100, 1.000000000000000000, 0.8660254037844387100, 1.000000000000000000, 0.8660254037844387100, 1.000000000000000000, 0.8660254037844387100, 1.000000000000000000, 0.8660254037844387100, 1.000000000000000000, 0.8660254037844387100, 1.000000000000000000, 0.8660254037844387100, 1.000000000000000000, 0.8660254037844387100, 1.000000000000000000, 0.8660254037844387100, 1.000000000000000000, 0.8660254037844387100, 1.000000000000000000, 0.8660254037844387100, 1.000000000000000000, 0.8660254037844387100, 1.000000000000000000, 0.8660254037844387100, 1.000000000000000000, 0.8660254037844387100, 1.000000000000000000, 0.8660254037844387100, 1.000000000000000000, 0.9625219291448907600, 0.9460120990562714800),
 ( 1.000000000000000000, 0.8660254037844387100, 1.000000000000000000, 0.8660254037844387100, 1.000000000000000000, 0.8660254037844387100, 1.000000000000000000, 0.8660254037844387100, 1.000000000000000000, 0.8660254037844387100, 1.000000000000000000, 0.8660254037844387100, 1.000000000000000000, 0.8660254037844387100, 1.000000000000000000, 0.8660254037844387100, 1.000000000000000000, 0.8660254037844387100, 1.000000000000000000, 0.8660254037844387100, 1.000000000000000000, 0.8660254037844387100, 1.000000000000000000, 0.8660254037844387100, 1.000000000000000000, 0.8660254037844387100, 1.000000000000000000, 0.8660254037844387100, 1.000000000000000000, 0.8660254037844387100, 1.000000000000000000, 0.8660254037844387100, 1.000000000000000000, 0.8660254037844387100, 1.000000000000000000, 0.8660254037844387100, 1.000000000000000000, 0.8660254037844387100, 1.000000000000000000, 0.8660254037844387100, 1.000000000000000000, 0.8660254037844387100, 1.000000000000000000, 0.8660254037844387100, 1.000000000000000000, 0.8660254037844387100, 1.000000000000000000, 0.8660254037844387100, 1.000000000000000000, 0.8660254037844387100, 1.000000000000000000, 0.8660254037844387100, 1.000000000000000000, 0.8660254037844387100, 1.000000000000000000, 0.8660254037844387100, 1.000000000000000000, 0.8660254037844387100, 1.000000000000000000, 0.8660254037844387100, 1.000000000000000000, 0.8660254037844387100, 1.000000000000000000, 0.8660254037844387100, 1.000000000000000000, 0.8660254037844387100, 1.000000000000000000, 0.8660254037844387100, 1.000000000000000000, 0.8660254037844387100, 1.000000000000000000, 0.8660254037844387100, 1.000000000000000000, 0.8660254037844387100, 1.000000000000000000, 0.8660254037844387100, 1.000000000000000000, 0.8660254037844387100, 1.000000000000000000, 0.8660254037844387100, 1.000000000000000000, 0.8660254037844387100, 1.000000000000000000, 0.8660254037844387100, 1.000000000000000000, 0.8660254037844387100, 1.000000000000000000, 0.8660254037844387100, 1.000000000000000000, 0.8660254037844387100, 1.000000000000000000, 0.8660254037844387100, 1.000000000000000000, 0.8660254037844387100, 1.000000000000000000, 0.8660254037844387100, 1.000000000000000000, 0.8660254037844387100, 1.000000000000000000, 0.8660254037844387100, 1.000000000000000000, 0.8660254037844387100, 1.000000000000000000, 0.8660254037844387100, 1.000000000000000000, 0.8660254037844387100, 1.000000000000000000, 0.8660254037844387100, 1.000000000000000000, 0.8660254037844387100, 1.000000000000000000, 0.9625219291448907600, 0.9460120990562714800),
 ( 1.000000000000000000, 0.8660254037844387100, 1.000000000000000000, 0.8660254037844387100, 1.000000000000000000, 0.8660254037844387100, 1.000000000000000000, 0.8660254037844387100, 1.000000000000000000, 0.8660254037844387100, 1.000000000000000000, 0.8660254037844387100, 1.000000000000000000, 0.8660254037844387100, 1.000000000000000000, 0.8660254037844387100, 1.000000000000000000, 0.8660254037844387100, 1.000000000000000000, 0.8660254037844387100, 1.000000000000000000, 0.8660254037844387100, 1.000000000000000000, 0.8660254037844387100, 1.000000000000000000, 0.8660254037844387100, 1.000000000000000000, 0.8660254037844387100, 1.000000000000000000, 0.8660254037844387100, 1.000000000000000000, 0.8660254037844387100, 1.000000000000000000, 0.8660254037844387100, 1.000000000000000000, 0.8660254037844387100, 1.000000000000000000, 0.8660254037844387100, 1.000000000000000000, 0.8660254037844387100, 1.000000000000000000, 0.8660254037844387100, 1.000000000000000000, 0.8660254037844387100, 1.000000000000000000, 0.8660254037844387100, 1.000000000000000000, 0.8660254037844387100, 1.000000000000000000, 0.8660254037844387100, 1.000000000000000000, 0.8660254037844387100, 1.000000000000000000, 0.8660254037844387100, 1.000000000000000000, 0.8660254037844387100, 1.000000000000000000, 0.8660254037844387100, 1.000000000000000000, 0.8660254037844387100, 1.000000000000000000, 0.8660254037844387100, 1.000000000000000000, 0.8660254037844387100, 1.000000000000000000, 0.8660254037844387100, 1.000000000000000000, 0.8660254037844387100, 1.000000000000000000, 0.8660254037844387100, 1.000000000000000000, 0.8660254037844387100, 1.000000000000000000, 0.8660254037844387100, 1.000000000000000000, 0.8660254037844387100, 1.000000000000000000, 0.8660254037844387100, 1.000000000000000000, 0.8660254037844387100, 1.000000000000000000, 0.8660254037844387100, 1.000000000000000000, 0.8660254037844387100, 1.000000000000000000, 0.8660254037844387100, 1.000000000000000000, 0.8660254037844387100, 1.000000000000000000, 0.8660254037844387100, 1.000000000000000000, 0.8660254037844387100, 1.000000000000000000, 0.8660254037844387100, 1.000000000000000000, 0.8660254037844387100, 1.000000000000000000, 0.8660254037844387100, 1.000000000000000000, 0.8660254037844387100, 1.000000000000000000, 0.8660254037844387100, 1.000000000000000000, 0.8660254037844387100, 1.000000000000000000, 0.8660254037844387100, 1.000000000000000000, 0.8660254037844387100, 1.000000000000000000, 0.8660254037844387100, 1.000000000000000000, 0.9625219291448907600, 0.9460120990562714800),
 ( 1.000000000000000000, 0.8660254037844387100, 1.000000000000000000, 0.8660254037844387100, 1.000000000000000000, 0.8660254037844387100, 1.000000000000000000, 0.8660254037844387100, 1.000000000000000000, 0.8660254037844387100, 1.000000000000000000, 0.8660254037844387100, 1.000000000000000000, 0.8660254037844387100, 1.000000000000000000, 0.8660254037844387100, 1.000000000000000000, 0.8660254037844387100, 1.000000000000000000, 0.8660254037844387100, 1.000000000000000000, 0.8660254037844387100, 1.000000000000000000, 0.8660254037844387100, 1.000000000000000000, 0.8660254037844387100, 1.000000000000000000, 0.8660254037844387100, 1.000000000000000000, 0.8660254037844387100, 1.000000000000000000, 0.8660254037844387100, 1.000000000000000000, 0.8660254037844387100, 1.000000000000000000, 0.8660254037844387100, 1.000000000000000000, 0.8660254037844387100, 1.000000000000000000, 0.8660254037844387100, 1.000000000000000000, 0.8660254037844387100, 1.000000000000000000, 0.8660254037844387100, 1.000000000000000000, 0.8660254037844387100, 1.000000000000000000, 0.8660254037844387100, 1.000000000000000000, 0.8660254037844387100, 1.000000000000000000, 0.8660254037844387100, 1.000000000000000000, 0.8660254037844387100, 1.000000000000000000, 0.8660254037844387100, 1.000000000000000000, 0.8660254037844387100, 1.000000000000000000, 0.8660254037844387100, 1.000000000000000000, 0.8660254037844387100, 1.000000000000000000, 0.8660254037844387100, 1.000000000000000000, 0.8660254037844387100, 1.000000000000000000, 0.8660254037844387100, 1.000000000000000000, 0.8660254037844387100, 1.000000000000000000, 0.8660254037844387100, 1.000000000000000000, 0.8660254037844387100, 1.000000000000000000, 0.8660254037844387100, 1.000000000000000000, 0.8660254037844387100, 1.000000000000000000, 0.8660254037844387100, 1.000000000000000000, 0.8660254037844387100, 1.000000000000000000, 0.8660254037844387100, 1.000000000000000000, 0.8660254037844387100, 1.000000000000000000, 0.8660254037844387100, 1.000000000000000000, 0.8660254037844387100, 1.000000000000000000, 0.8660254037844387100, 1.000000000000000000, 0.8660254037844387100, 1.000000000000000000, 0.8660254037844387100, 1.000000000000000000, 0.8660254037844387100, 1.000000000000000000, 0.8660254037844387100, 1.000000000000000000, 0.8660254037844387100, 1.000000000000000000, 0.8660254037844387100, 1.000000000000000000, 0.8660254037844387100, 1.000000000000000000, 0.8660254037844387100, 1.000000000000000000, 0.8660254037844387100, 1.000000000000000000, 0.9625219291448907600, 0.9460120990562714800) ) ) 
 REPRESENTATION_ITEM ( '' )  SURFACE ( )  );
#1951 =( BOUNDED_CURVE ( )  B_SPLINE_CURVE ( 2, ( #1284, #477, #2844, #4092, #847, #2056, #3649, #4507, #1246 ),
 .UNSPECIFIED., .F., .F. ) 
 B_SPLINE_CURVE_WITH_KNOTS ( ( 3, 2, 2, 2, 3 ),
 ( 0.05430041870879549100, 0.05595828963662436600, 0.05927403149228207400, 0.06258977334793980300, 0.06424764427574729300 ),
 .UNSPECIFIED. ) 
 CURVE ( )  GEOMETRIC_REPRESENTATION_ITEM ( )  RATIONAL_B_SPLINE_CURVE ( ( 0.9330127018922194100, 0.9330127018922187400, 1.000000000000000000, 0.8660254037844387100, 1.000000000000000000, 0.8660254037844387100, 1.000000000000000000, 0.9330127018930822700, 0.9330127018922193000 ) ) 
 REPRESENTATION_ITEM ( '' )  );
#1952 = ORIENTED_EDGE ( 'NONE', *, *, #158, .F. ) ;
#1953 = CARTESIAN_POINT ( 'NONE',  ( -0.8507386859688254000, 5.221786617998846600, -3.174999999999993200 ) ) ;
#1954 = ORIENTED_EDGE ( 'NONE', *, *, #4494, .T. ) ;
#1955 = FACE_OUTER_BOUND ( 'NONE', #2480, .T. ) ;
#1956 = CARTESIAN_POINT ( 'NONE',  ( 0.2982636067970706500, 3.170952097473365600, -2.734631108496824200 ) ) ;
#1957 = ORIENTED_EDGE ( 'NONE', *, *, #3260, .T. ) ;
#1958 = CARTESIAN_POINT ( 'NONE',  ( 1.396553427430556700, 4.497657408370911500, 2.418901491794176500 ) ) ;
#1959 = CARTESIAN_POINT ( 'NONE',  ( 2.083729312565951300, 4.176509023617772900, -2.022160309530636600 ) ) ;
#1960 = CIRCLE ( 'NONE', #3310, 0.04999999999999999600 ) ;
#1961 = CARTESIAN_POINT ( 'NONE',  ( 2.844045365897306200, 8.387389799645662300, 0.8520539489654014300 ) ) ;
#1962 = VECTOR ( 'NONE', #1737, 1000.000000000000000 ) ;
#1963 = CYLINDRICAL_SURFACE ( 'NONE', #4435, 3.174999999999999800 ) ;
#1964 = DIRECTION ( 'NONE',  ( 0.0000000000000000000, 1.000000000000000000, 0.0000000000000000000 ) ) ;
#1965 = CARTESIAN_POINT ( 'NONE',  ( 5.924599938756993300E-016, 5.322569445407947500, 3.225201989058902100 ) ) ;
#1966 = EDGE_CURVE ( 'NONE', #924, #1971, #581, .T. ) ;
#1967 = CARTESIAN_POINT ( 'NONE',  ( 1.589409465725693600, 5.923026622307011400, -2.752937948667807200 ) ) ;
#1968 = CARTESIAN_POINT ( 'NONE',  ( 1.587499999999999200, 4.425925925925926500, -2.749630657015592800 ) ) ;
#1969 = ORIENTED_EDGE ( 'NONE', *, *, #266, .T. ) ;
#1970 = CARTESIAN_POINT ( 'NONE',  ( -2.793106854861111100, 3.499884260222762700, -1.612600994529450800 ) ) ;
#1971 = VERTEX_POINT ( 'NONE', #3091 ) ;
#1972 = CARTESIAN_POINT ( 'NONE',  ( -2.743961735842773900, 2.670534372832256600, 0.1943638332212443700 ) ) ;
#1973 = ORIENTED_EDGE ( 'NONE', *, *, #406, .T. ) ;
#1974 = CARTESIAN_POINT ( 'NONE',  ( 1.396553427430556700, 3.086546297259800100, 2.418901491794176500 ) ) ;
#1975 = CARTESIAN_POINT ( 'NONE',  ( 1.396553427430554700, 7.733217593556095600, -2.418901491794177300 ) ) ;
#1976 = VERTEX_POINT ( 'NONE', #1886 ) ;
#1977 = CARTESIAN_POINT ( 'NONE',  ( 0.9506440954685914100, 8.494457166464819400, -2.699528943095718300 ) ) ;
#1978 = EDGE_LOOP ( 'NONE', ( #4529, #4030, #4838, #4477 ) ) ;
#1979 = CARTESIAN_POINT ( 'NONE',  ( 0.0000000000000000000, 4.143106380989011400, 0.0000000000000000000 ) ) ;
#1980 = CARTESIAN_POINT ( 'NONE',  ( 2.793106854861110700, 5.557754630593134200, -1.612600994529452200 ) ) ;
#1981 = CARTESIAN_POINT ( 'NONE',  ( -2.247584431391540000E-016, 5.981822918603308300, -3.670583931557075200 ) ) ;
#1982 = CARTESIAN_POINT ( 'NONE',  ( 5.924599938756993300E-016, 6.028125000963503200, 3.225201989058902100 ) ) ;
#1983 = CARTESIAN_POINT ( 'NONE',  ( -1.587499999999997700, 5.484259259259260900, 2.749630657015594200 ) ) ;
#1984 = CARTESIAN_POINT ( 'NONE',  ( 2.750098094277363600, 3.371550167569981500, -0.09432456536109444500 ) ) ;
#1985 = CARTESIAN_POINT ( 'NONE',  ( -1.396553427430553300, 2.970717593556095900, 2.418901491794178200 ) ) ;
#1986 = DIRECTION ( 'NONE',  ( 0.0000000000000000000, 0.0000000000000000000, -1.000000000000000000 ) ) ;
#1987 = VERTEX_POINT ( 'NONE', #680 ) ;
#1988 = CARTESIAN_POINT ( 'NONE',  ( 2.793106854861111500, 8.791550926889428300, 1.612600994529450200 ) ) ;
#1989 = CARTESIAN_POINT ( 'NONE',  ( -1.974866646252331000E-016, 6.380902778741281100, -3.225201989058902500 ) ) ;
#1990 = VERTEX_POINT ( 'NONE', #4291 ) ;
#1991 = CARTESIAN_POINT ( 'NONE',  ( 2.697713183867172800, 2.914194618473032100, 0.3145736031785838500 ) ) ;
#1992 = AXIS2_PLACEMENT_3D ( 'NONE', #420, #49, #2460 ) ;
#1993 = EDGE_CURVE ( 'NONE', #2358, #3948, #4867, .T. ) ;
#1994 = ORIENTED_EDGE ( 'NONE', *, *, #1354, .T. ) ;
#1995 = CARTESIAN_POINT ( 'NONE',  ( 1.396553427430556700, 3.970254630593133400, 2.418901491794176500 ) ) ;
#1996 = CARTESIAN_POINT ( 'NONE',  ( -3.174999999999999800, 7.571527779704783100, 0.0000000000000000000 ) ) ;
#1997 = ORIENTED_EDGE ( 'NONE', *, *, #748, .F. ) ;
#1998 = ORIENTED_EDGE ( 'NONE', *, *, #1215, .F. ) ;
#1999 = CARTESIAN_POINT ( 'NONE',  ( -1.396553427430553300, 3.852662038000541000, 2.418901491794178200 ) ) ;
#2000 = CARTESIAN_POINT ( 'NONE',  ( 4.336808689942017700E-016, 1.600000000000000100, 0.0000000000000000000 ) ) ;
#2001 = CARTESIAN_POINT ( 'NONE',  ( 9.592676408066461500E-014, 6.601388888888887000, -3.174999999999998900 ) ) ;
#2002 = AXIS2_PLACEMENT_3D ( 'NONE', #3592, #2313, #3528 ) ;
#2003 = CARTESIAN_POINT ( 'NONE',  ( 0.0000000000000000000, 7.620000000000001900, 0.0000000000000000000 ) ) ;
#2004 = ORIENTED_EDGE ( 'NONE', *, *, #3103, .T. ) ;
#2005 = AXIS2_PLACEMENT_3D ( 'NONE', #4009, #366, #1562 ) ;
#2006 = LINE ( 'NONE', #3061, #160 ) ;
#2007 = ORIENTED_EDGE ( 'NONE', *, *, #413, .F. ) ;
#2008 = CARTESIAN_POINT ( 'NONE',  ( 2.697643410430466700, 2.997921052681319600, 0.3150922842482610800 ) ) ;
#2009 = CARTESIAN_POINT ( 'NONE',  ( -1.396553427430555500, 2.733768519482021800, -2.418901491794176900 ) ) ;
#2010 = CARTESIAN_POINT ( 'NONE',  ( 2.793106854861110200, 6.263310186148689100, -1.612600994529452200 ) ) ;
#2011 = LINE ( 'NONE', #1860, #3707 ) ;
#2012 = CARTESIAN_POINT ( 'NONE',  ( 0.3267908567596969900, 2.805600347210683400, -2.731354498153113900 ) ) ;
#2013 = FACE_OUTER_BOUND ( 'NONE', #914, .T. ) ;
#2014 = CARTESIAN_POINT ( 'NONE',  ( 2.731345721981591100, 3.194561178425888900, -0.3271418681284714000 ) ) ;
#2015 = CARTESIAN_POINT ( 'NONE',  ( 2.793106854861111500, 8.969721343556095400, 1.612600994529450200 ) ) ;
#2016 = EDGE_LOOP ( 'NONE', ( #1294, #2077, #3971, #3496, #5126 ) ) ;
#2017 = CARTESIAN_POINT ( 'NONE',  ( 3.174999999999998900, 6.571990742667747300, -1.833087104677063200 ) ) ;
#2018 = VECTOR ( 'NONE', #1907, 1000.000000000000000 ) ;
#2019 = CARTESIAN_POINT ( 'NONE',  ( 0.6268193041060558000, 4.770000000000001400, 0.1016000000000000100 ) ) ;
#2020 = CARTESIAN_POINT ( 'NONE',  ( 5.924599938756993300E-016, 6.733680556519058900, 3.225201989058902100 ) ) ;
#2021 = LINE ( 'NONE', #3474, #1204 ) ;
#2022 = CARTESIAN_POINT ( 'NONE',  ( -2.730328506153141300, 2.911322944190394900, -0.3303250404540599700 ) ) ;
#2023 = CARTESIAN_POINT ( 'NONE',  ( 0.8507386859689792800, 6.280119951332526500, 3.175000000000599300 ) ) ;
#2024 = CARTESIAN_POINT ( 'NONE',  ( -2.713660721199270900, 2.711078805617734800, -0.1655363980149475700 ) ) ;
#2025 = CIRCLE ( 'NONE', #3445, 3.174999999999999400 ) ;
#2026 = EDGE_CURVE ( 'NONE', #3400, #1720, #5270, .T. ) ;
#2027 = CARTESIAN_POINT ( 'NONE',  ( 0.6268193041060558000, 8.802396902521437000, 0.1016000000000000100 ) ) ;
#2028 = CARTESIAN_POINT ( 'NONE',  ( 2.793106854861110700, 6.792476852815355800, -1.612600994529452200 ) ) ;
#2029 = DIRECTION ( 'NONE',  ( -0.0000000000000000000, -1.000000000000000000, -0.0000000000000000000 ) ) ;
#2030 = CYLINDRICAL_SURFACE ( 'NONE', #3507, 0.6350000000000000100 ) ;
#2031 = CARTESIAN_POINT ( 'NONE',  ( 3.039999999999999600, -4.129999999999999900, 2.039999999999999100 ) ) ;
#2032 = CARTESIAN_POINT ( 'NONE',  ( -1.396553427430553300, 3.147106482444985300, 2.418901491794178200 ) ) ;
#2033 = EDGE_CURVE ( 'NONE', #2229, #148, #4039, .T. ) ;
#2034 = CARTESIAN_POINT ( 'NONE',  ( -2.039999999999998700, -4.129999999999999900, 3.040000000000000500 ) ) ;
#2035 = LINE ( 'NONE', #3050, #3156 ) ;
#2036 = CARTESIAN_POINT ( 'NONE',  ( 1.589409465725693600, 7.250353009249625600, -2.752937948667807200 ) ) ;
#2037 = CARTESIAN_POINT ( 'NONE',  ( -1.587500000000000400, 7.453935187112190200, -2.749630657015592400 ) ) ;
#2038 = CARTESIAN_POINT ( 'NONE',  ( -1.974866646252330800E-016, 7.086458334296837700, -3.225201989058902100 ) ) ;
#2039 = DIRECTION ( 'NONE',  ( -0.0000000000000000000, -1.000000000000000000, -0.0000000000000000000 ) ) ;
#2040 = VERTEX_POINT ( 'NONE', #1520 ) ;
#2041 = CARTESIAN_POINT ( 'NONE',  ( 2.743797024446081000, 3.328022963529698500, 0.1963931590005562900 ) ) ;
#2042 = CARTESIAN_POINT ( 'NONE',  ( -4.357666448243396400E-015, 7.659722222222223200, 3.175000000000000700 ) ) ;
#2043 = ADVANCED_FACE ( 'NONE', ( #4342 ), #5142, .T. ) ;
#2044 = CARTESIAN_POINT ( 'NONE',  ( 2.669730022141229500E-016, 0.2000000000000000100, 2.080000000000000100 ) ) ;
#2045 =( GEOMETRIC_REPRESENTATION_CONTEXT ( 3 ) GLOBAL_UNCERTAINTY_ASSIGNED_CONTEXT ( ( #3042 ) ) GLOBAL_UNIT_ASSIGNED_CONTEXT ( ( #1448, #5051, #1000 ) ) REPRESENTATION_CONTEXT ( 'NONE', 'WORKASPACE' ) );
#2046 = CARTESIAN_POINT ( 'NONE',  ( 1.396553427430556700, 7.321643519482021700, 2.418901491794176500 ) ) ;
#2047 = CARTESIAN_POINT ( 'NONE',  ( 7.776507174585692900E-017, -3.979999999975099000, 0.6350000000000000100 ) ) ;
#2048 = CARTESIAN_POINT ( 'NONE',  ( 0.9455700276807533800, 8.318881269544814200, 2.886300096943731600 ) ) ;
#2049 = DIRECTION ( 'NONE',  ( -0.0000000000000000000, -1.000000000000000000, -0.0000000000000000000 ) ) ;
#2050 = CARTESIAN_POINT ( 'NONE',  ( -1.396553427430555500, 7.852591713926465800, -2.418901491794176900 ) ) ;
#2051 = DIRECTION ( 'NONE',  ( -0.0000000000000000000, -1.000000000000000000, -0.0000000000000000000 ) ) ;
#2052 = CARTESIAN_POINT ( 'NONE',  ( -1.587499999999997500, 4.073148148148149500, 2.749630657015593700 ) ) ;
#2053 = CARTESIAN_POINT ( 'NONE',  ( -2.244884255301052700E-016, 8.806250001927004700, -3.666174209354123200 ) ) ;
#2054 = ORIENTED_EDGE ( 'NONE', *, *, #4114, .T. ) ;
#2055 = CARTESIAN_POINT ( 'NONE',  ( -1.396553427430555500, 5.028587963926466600, -2.418901491794176900 ) ) ;
#2056 = CARTESIAN_POINT ( 'NONE',  ( -3.175000000000002900, 6.013425925925927700, -1.833087104677063200 ) ) ;
#2057 = ORIENTED_EDGE ( 'NONE', *, *, #4494, .F. ) ;
#2058 = ORIENTED_EDGE ( 'NONE', *, *, #4634, .T. ) ;
#2059 = CARTESIAN_POINT ( 'NONE',  ( 0.0000000000000000000, 0.0000000000000000000, 0.0000000000000000000 ) ) ;
#2060 = CARTESIAN_POINT ( 'NONE',  ( -2.793106854861110700, 7.792013889852391600, 0.0000000000000000000 ) ) ;
#2061 = B_SPLINE_CURVE_WITH_KNOTS ( 'NONE', 3,
 ( #204, #2973, #2589, #4605, #5023, #161, #5004, #3839, #1428, #2644 ),
 .UNSPECIFIED., .F., .F.,
 ( 4, 2, 2, 2, 4 ),
 ( 0.001151964106403643600, 0.001440586868720451900, 0.001729209631037260000, 0.002017832393354068300, 0.002306455155670876600 ),
 .UNSPECIFIED. ) ;
#2062 = ORIENTED_EDGE ( 'NONE', *, *, #4352, .F. ) ;
#2063 = CARTESIAN_POINT ( 'NONE',  ( 3.175000000000001200, 5.102083335260339000, -3.888253587292847600E-016 ) ) ;
#2064 = EDGE_CURVE ( 'NONE', #1097, #1914, #2581, .T. ) ;
#2065 = EDGE_CURVE ( 'NONE', #3998, #3245, #443, .T. ) ;
#2066 = CIRCLE ( 'NONE', #1639, 3.174999999999999800 ) ;
#2067 = CARTESIAN_POINT ( 'NONE',  ( -1.396553427430555500, 8.558147269482022400, -2.418901491794176900 ) ) ;
#2068 = CARTESIAN_POINT ( 'NONE',  ( 2.547265342226494900E-016, 0.2000000000000000100, 2.080000000000000100 ) ) ;
#2069 = CARTESIAN_POINT ( 'NONE',  ( 3.178818931451389900, 8.485075231471848100, 1.835291965778536500 ) ) ;
#2070 = CARTESIAN_POINT ( 'NONE',  ( 6.734652765903158200E-016, 6.336805557482560600, 3.666174209354123200 ) ) ;
#2071 = VECTOR ( 'NONE', #2974, 1000.000000000000000 ) ;
#2072 = CARTESIAN_POINT ( 'NONE',  ( -2.244884255301052700E-016, 9.423611111111110700, -3.666174209354123200 ) ) ;
#2073 = DIRECTION ( 'NONE',  ( 0.9999808127871381300, 0.006194679779830681600, 0.0000000000000000000 ) ) ;
#2074 = CARTESIAN_POINT ( 'NONE',  ( -2.718713774577940200, 2.675819741821063400, 0.08457094613660837100 ) ) ;
#2075 = AXIS2_PLACEMENT_3D ( 'NONE', #874, #47, #2858 ) ;
#2076 = VECTOR ( 'NONE', #1265, 1000.000000000000000 ) ;
#2077 = ORIENTED_EDGE ( 'NONE', *, *, #1286, .T. ) ;
#2078 = CARTESIAN_POINT ( 'NONE',  ( 0.4717840607735703800, 7.340000000000001600, 0.1016000000000000100 ) ) ;
#2079 = CARTESIAN_POINT ( 'NONE',  ( 0.2813140366446328900, 2.830825155549731700, -2.702662159080269500 ) ) ;
#2080 = ORIENTED_EDGE ( 'NONE', *, *, #3710, .F. ) ;
#2081 = CIRCLE ( 'NONE', #3415, 3.174999999999999400 ) ;
#2082 = AXIS2_PLACEMENT_3D ( 'NONE', #1727, #3390, #1413 ) ;
#2083 = ORIENTED_EDGE ( 'NONE', *, *, #4883, .T. ) ;
#2084 = LINE ( 'NONE', #1601, #1707 ) ;
#2085 = CARTESIAN_POINT ( 'NONE',  ( -1.396553427430553300, 5.971110232444985400, 2.418901491794178200 ) ) ;
#2086 = CARTESIAN_POINT ( 'NONE',  ( 2.793106854861110700, 7.674421297259800500, -1.612600994529452200 ) ) ;
#2087 = VECTOR ( 'NONE', #2162, 1000.000000000000000 ) ;
#2088 = CARTESIAN_POINT ( 'NONE',  ( 1.587500000000001500, 4.190740740740742400, 2.749630657015591500 ) ) ;
#2089 = CARTESIAN_POINT ( 'NONE',  ( -0.7392449464905216400, 2.483629444389617600, -3.087740583191571600 ) ) ;
#2090 = CARTESIAN_POINT ( 'NONE',  ( -1.045047765915990700, 2.897122557291604400, -2.621843380091287900 ) ) ;
#2091 = LINE ( 'NONE', #2836, #2658 ) ;
#2092 = CARTESIAN_POINT ( 'NONE',  ( -2.713706856266284300, 2.710675320135277100, -0.1649544349856866000 ) ) ;
#2093 = ADVANCED_FACE ( 'NONE', ( #3652 ), #2960, .F. ) ;
#2094 = EDGE_CURVE ( 'NONE', #105, #1064, #4331, .T. ) ;
#2095 = DIRECTION ( 'NONE',  ( 0.0000000000000000000, 0.0000000000000000000, -1.000000000000000000 ) ) ;
#2096 = FACE_OUTER_BOUND ( 'NONE', #4277, .T. ) ;
#2097 = ORIENTED_EDGE ( 'NONE', *, *, #2999, .F. ) ;
#2098 = CARTESIAN_POINT ( 'NONE',  ( 0.0000000000000000000, 0.0000000000000000000, 0.0000000000000000000 ) ) ;
#2099 = B_SPLINE_CURVE_WITH_KNOTS ( 'NONE', 3,
 ( #5156, #293, #5244, #1972, #3211, #422, #4453, #5259, #831, #1597 ),
 .UNSPECIFIED., .F., .F.,
 ( 4, 2, 2, 2, 4 ),
 ( 0.001151964106403643600, 0.001440586868720451900, 0.001729209631037260000, 0.002017832393354068300, 0.002306455155670876600 ),
 .UNSPECIFIED. ) ;
#2100 = CARTESIAN_POINT ( 'NONE',  ( -0.08457094613657989400, 2.675819741821063400, -2.718713774577941500 ) ) ;
#2101 = ORIENTED_EDGE ( 'NONE', *, *, #4423, .T. ) ;
#2102 = EDGE_LOOP ( 'NONE', ( #1884, #1686, #2436, #3425, #401 ) ) ;
#2103 = CARTESIAN_POINT ( 'NONE',  ( 3.023293346210466700, 4.461547343798796000, -0.8153654796748449600 ) ) ;
#2104 = CARTESIAN_POINT ( 'NONE',  ( -1.396553427430555500, 5.030369491704243900, -2.418901491794176900 ) ) ;
#2105 = CARTESIAN_POINT ( 'NONE',  ( 1.587500000000006600, 5.690046298223296400, 2.749630657015600800 ) ) ;
#2106 = CARTESIAN_POINT ( 'NONE',  ( -3.178818931451388600, 8.191093749990365300, 0.0000000000000000000 ) ) ;
#2107 = CARTESIAN_POINT ( 'NONE',  ( -3.174999999999999800, 3.279398150075153700, -1.833087104677061400 ) ) ;
#2108 = ORIENTED_EDGE ( 'NONE', *, *, #344, .F. ) ;
#2109 = AXIS2_PLACEMENT_3D ( 'NONE', #2370, #1155, #4354 ) ;
#2110 = CARTESIAN_POINT ( 'NONE',  ( 3.174999999999998900, 8.600462962962964800, -1.833087104677063200 ) ) ;
#2111 = CARTESIAN_POINT ( 'NONE',  ( -3.020286994833636600E-011, 8.100694446372569900, -3.174999999999999400 ) ) ;
#2112 = CARTESIAN_POINT ( 'NONE',  ( -0.4717840607735703800, 4.770000000000001400, 0.1015999999999999400 ) ) ;
#2113 = DIRECTION ( 'NONE',  ( -0.0000000000000000000, -1.000000000000000000, -0.0000000000000000000 ) ) ;
#2114 =( BOUNDED_CURVE ( )  B_SPLINE_CURVE ( 2, ( #3329, #3743, #2927, #120, #545, #3311, #85, #2913, #1348 ),
 .UNSPECIFIED., .F., .F. ) 
 B_SPLINE_CURVE_WITH_KNOTS ( ( 3, 2, 2, 2, 3 ),
 ( 0.03196688316458414600, 0.03362493146081675700, 0.03694102805328197700, 0.04025712464574719000, 0.04191517294196340400 ),
 .UNSPECIFIED. ) 
 CURVE ( )  GEOMETRIC_REPRESENTATION_ITEM ( )  RATIONAL_B_SPLINE_CURVE ( ( 0.9330127018922194100, 0.9330127018922191900, 1.000000000000000000, 0.8660254037844387100, 1.000000000000000000, 0.8660254037844387100, 1.000000000000000000, 0.9330127018928817700, 0.9330127018922194100 ) ) 
 REPRESENTATION_ITEM ( '' )  );
#2115 = DIRECTION ( 'NONE',  ( -0.0000000000000000000, -1.000000000000000000, -0.0000000000000000000 ) ) ;
#2116 = PLANE ( 'NONE',  #895 ) ;
#2117 = ORIENTED_EDGE ( 'NONE', *, *, #3988, .T. ) ;
#2118 = CARTESIAN_POINT ( 'NONE',  ( -0.8507386859594288100, 5.599741161706280200, 3.175000000005429700 ) ) ;
#2119 = CARTESIAN_POINT ( 'NONE',  ( -1.396553427430555500, 6.441480602815354400, -2.418901491794176900 ) ) ;
#2120 = ADVANCED_FACE ( 'NONE', ( #1260, #3210 ), #2719, .F. ) ;
#2121 = DIRECTION ( 'NONE',  ( -0.0000000000000000000, -1.000000000000000000, -0.0000000000000000000 ) ) ;
#2122 = CARTESIAN_POINT ( 'NONE',  ( -3.178818931451389100, 6.015630787027403900, -1.835291965778537400 ) ) ;
#2123 = CARTESIAN_POINT ( 'NONE',  ( 3.175000000000001200, 3.632175927852932400, 1.833087104677060500 ) ) ;
#2124 = EDGE_LOOP ( 'NONE', ( #2350, #678, #129, #5082 ) ) ;
#2125 = DIRECTION ( 'NONE',  ( 0.0000000000000000000, -1.000000000000000000, 0.0000000000000000000 ) ) ;
#2126 = CARTESIAN_POINT ( 'NONE',  ( -2.639654411232750200, 8.224464539222719100, 1.688256346963011600 ) ) ;
#2127 = CARTESIAN_POINT ( 'NONE',  ( 2.825048672147084400, 1.600000000000000100, -3.040000000000000500 ) ) ;
#2128 = VERTEX_POINT ( 'NONE', #3953 ) ;
#2129 = CARTESIAN_POINT ( 'NONE',  ( 2.039999999999999600, -4.129999999999999900, -3.040000000000000500 ) ) ;
#2130 = LINE ( 'NONE', #4183, #3832 ) ;
#2131 = CARTESIAN_POINT ( 'NONE',  ( 3.175000000000335100, 6.571990742667551000, -1.833087104677257200 ) ) ;
#2132 = EDGE_CURVE ( 'NONE', #1264, #1419, #5177, .T. ) ;
#2133 = VECTOR ( 'NONE', #5267, 1000.000000000000000 ) ;
#2134 = CARTESIAN_POINT ( 'NONE',  ( -1.396553427430553300, 7.382221343556095100, 2.418901491794178200 ) ) ;
#2135 = DIRECTION ( 'NONE',  ( 0.0000000000000000000, 0.0000000000000000000, 1.000000000000000000 ) ) ;
#2136 = CARTESIAN_POINT ( 'NONE',  ( 3.178818931451388200, 6.486001157397773800, -1.835291965778538900 ) ) ;
#2137 = CARTESIAN_POINT ( 'NONE',  ( 1.587499999999999200, 3.103009261186264700, -2.749630657015592800 ) ) ;
#2138 = ORIENTED_EDGE ( 'NONE', *, *, #2566, .T. ) ;
#2139 = CIRCLE ( 'NONE', #1835, 0.05000000000000001000 ) ;
#2140 = DIRECTION ( 'NONE',  ( 0.0000000000000000000, 0.0000000000000000000, 1.000000000000000000 ) ) ;
#2141 = VERTEX_POINT ( 'NONE', #3076 ) ;
#2142 = CARTESIAN_POINT ( 'NONE',  ( -2.697643121576349200, 2.998267540516768500, -0.3150944306706333100 ) ) ;
#2143 = CARTESIAN_POINT ( 'NONE',  ( 0.0000000000000000000, 4.100000000000000500, -2.750000000000000000 ) ) ;
#2144 = CARTESIAN_POINT ( 'NONE',  ( -1.974866646252330800E-016, 6.204513889852392200, -3.225201989058902100 ) ) ;
#2145 = COLOUR_RGB ( '',1.000000000000000000, 0.8117647058823529400, 0.5019607843137254800 ) ;
#2146 = CARTESIAN_POINT ( 'NONE',  ( -2.793106854861110700, 5.675347223185726300, 0.0000000000000000000 ) ) ;
#2147 = ADVANCED_FACE ( 'NONE', ( #2837 ), #703, .T. ) ;
#2148 = LINE ( 'NONE', #4263, #4811 ) ;
#2149 = CARTESIAN_POINT ( 'NONE',  ( -0.1930191184552957600, 2.669598054883993000, -2.744069739355903700 ) ) ;
#2150 = CARTESIAN_POINT ( 'NONE',  ( -2.758805158533433700, 8.487450212932412100, 0.7838226479600995900 ) ) ;
#2151 = CARTESIAN_POINT ( 'NONE',  ( 4.336808689942017700E-016, -4.129999999999999900, 0.0000000000000000000 ) ) ;
#2152 = FACE_OUTER_BOUND ( 'NONE', #1222, .T. ) ;
#2153 = VECTOR ( 'NONE', #1090, 1000.000000000000000 ) ;
#2154 = CARTESIAN_POINT ( 'NONE',  ( -6.100733027540753200E-015, 7.395138890815894200, -3.174999999999998900 ) ) ;
#2155 = CARTESIAN_POINT ( 'NONE',  ( 2.793106854861110700, 6.265091713926466400, -1.612600994529452200 ) ) ;
#2156 = DIRECTION ( 'NONE',  ( -0.0000000000000000000, -1.000000000000000000, -0.0000000000000000000 ) ) ;
#2157 = LINE ( 'NONE', #3392, #4622 ) ;
#2158 = CARTESIAN_POINT ( 'NONE',  ( -3.178818931451388600, 5.368871527768144200, 0.0000000000000000000 ) ) ;
#2159 = CARTESIAN_POINT ( 'NONE',  ( 1.587500000000001500, 4.278935187112191200, 2.749630657015591500 ) ) ;
#2160 = FACE_BOUND ( 'NONE', #2512, .T. ) ;
#2161 = DIRECTION ( 'NONE',  ( 1.000000000000000000, 0.0000000000000000000, -0.0000000000000000000 ) ) ;
#2162 = DIRECTION ( 'NONE',  ( -0.0000000000000000000, -1.000000000000000000, -0.0000000000000000000 ) ) ;
#2163 = CARTESIAN_POINT ( 'NONE',  ( -2.793106854861110700, 6.380902778741280200, 0.0000000000000000000 ) ) ;
#2164 = ORIENTED_EDGE ( 'NONE', *, *, #818, .T. ) ;
#2165 = CARTESIAN_POINT ( 'NONE',  ( -2.793106854861110700, 7.027662038000540800, -1.612600994529450800 ) ) ;
#2166 = EDGE_CURVE ( 'NONE', #211, #597, #4289, .T. ) ;
#2167 = CARTESIAN_POINT ( 'NONE',  ( 2.118638962524920500E-016, 4.670000000000001700, 1.729999999999999300 ) ) ;
#2168 = EDGE_CURVE ( 'NONE', #660, #1823, #3643, .T. ) ;
#2169 = ORIENTED_EDGE ( 'NONE', *, *, #2631, .F. ) ;
#2170 = DIRECTION ( 'NONE',  ( 0.0000000000000000000, -1.000000000000000000, 0.0000000000000000000 ) ) ;
#2171 = CARTESIAN_POINT ( 'NONE',  ( -2.793106854861110700, 9.201361112074613000, 0.0000000000000000000 ) ) ;
#2172 = ADVANCED_FACE ( 'NONE', ( #5135 ), #2586, .F. ) ;
#2173 = CARTESIAN_POINT ( 'NONE',  ( -2.247584431391540000E-016, 5.192482638879255300, -3.670583931557075200 ) ) ;
#2174 = CARTESIAN_POINT ( 'NONE',  ( 2.793106854861110700, 8.203587963926466400, -1.612600994529452200 ) ) ;
#2175 = AXIS2_PLACEMENT_3D ( 'NONE', #911, #1740, #4564 ) ;
#2176 = CARTESIAN_POINT ( 'NONE',  ( -0.3674006858997694300, 2.905793455769319200, -2.725347158856268300 ) ) ;
#2177 = VERTEX_POINT ( 'NONE', #250 ) ;
#2178 = CARTESIAN_POINT ( 'NONE',  ( -1.974866646252330800E-016, 5.498958334296836400, -3.225201989058902100 ) ) ;
#2179 = CARTESIAN_POINT ( 'NONE',  ( 0.0000000000000000000, -4.129999999999999900, 0.0000000000000000000 ) ) ;
#2180 = AXIS2_PLACEMENT_3D ( 'NONE', #3871, #3385, #3799 ) ;
#2181 = CARTESIAN_POINT ( 'NONE',  ( -2.609506014675585700, 8.521396888525627500, 1.105742503650652500 ) ) ;
#2182 = ORIENTED_EDGE ( 'NONE', *, *, #4288, .T. ) ;
#2183 = ORIENTED_EDGE ( 'NONE', *, *, #4493, .F. ) ;
#2184 = DIRECTION ( 'NONE',  ( 0.0000000000000000000, 0.0000000000000000000, 1.000000000000000000 ) ) ;
#2185 = CARTESIAN_POINT ( 'NONE',  ( 2.825048672147084400, -4.129999999999999900, -3.040000000000000500 ) ) ;
#2186 = CARTESIAN_POINT ( 'NONE',  ( -3.178818931451389100, 4.604519675916292500, -1.835291965778537400 ) ) ;
#2187 = CARTESIAN_POINT ( 'NONE',  ( -1.396553427430555500, 8.379976852815355300, -2.418901491794176900 ) ) ;
#2188 = VERTEX_POINT ( 'NONE', #3868 ) ;
#2189 = EDGE_CURVE ( 'NONE', #2622, #5058, #5143, .T. ) ;
#2190 = EDGE_CURVE ( 'NONE', #2128, #2229, #700, .T. ) ;
#2191 = CARTESIAN_POINT ( 'NONE',  ( 0.0000000000000000000, 0.0000000000000000000, -3.174999999999999800 ) ) ;
#2192 = CARTESIAN_POINT ( 'NONE',  ( -1.396553427430555500, 6.968865741704243900, -2.418901491794176900 ) ) ;
#2193 = LINE ( 'NONE', #3768, #3382 ) ;
#2194 = CARTESIAN_POINT ( 'NONE',  ( 2.793106854861110200, 6.792476852815355000, -1.612600994529452200 ) ) ;
#2195 = ADVANCED_FACE ( 'NONE', ( #2952 ), #1896, .F. ) ;
#2196 = CARTESIAN_POINT ( 'NONE',  ( -2.192063099458564700E-011, 5.895833333334146600, -3.174999999999998900 ) ) ;
#2197 = CARTESIAN_POINT ( 'NONE',  ( -1.087655310226462600, 4.525005752230611300, -2.982889693927044400 ) ) ;
#2198 = EDGE_CURVE ( 'NONE', #1742, #605, #172, .T. ) ;
#2199 = ORIENTED_EDGE ( 'NONE', *, *, #3103, .F. ) ;
#2200 = AXIS2_PLACEMENT_3D ( 'NONE', #738, #1915, #1574 ) ;
#2201 = VERTEX_POINT ( 'NONE', #3457 ) ;
#2202 = CARTESIAN_POINT ( 'NONE',  ( 1.396553427430554700, 3.501665788000540400, -2.418901491794177300 ) ) ;
#2203 = PLANE ( 'NONE',  #4719 ) ;
#2204 = CARTESIAN_POINT ( 'NONE',  ( -2.793106854861110700, 8.673958334296838000, 0.0000000000000000000 ) ) ;
#2205 = LINE ( 'NONE', #4738, #175 ) ;
#2206 = DIRECTION ( 'NONE',  ( -1.000000000000000000, 0.0000000000000000000, -0.0000000000000000000 ) ) ;
#2207 = CARTESIAN_POINT ( 'NONE',  ( -2.749899018421579900, 3.370047892855425200, -0.09996019339006524700 ) ) ;
#2208 = CARTESIAN_POINT ( 'NONE',  ( -2.850000000000000100, 3.000000000000000000, 0.0000000000000000000 ) ) ;
#2209 = CARTESIAN_POINT ( 'NONE',  ( -2.793106854861111100, 7.027662038000540800, -1.612600994529450800 ) ) ;
#2210 = CARTESIAN_POINT ( 'NONE',  ( 2.793106854861111100, 5.263773149111651500, 1.612600994529450200 ) ) ;
#2211 = LINE ( 'NONE', #3869, #3787 ) ;
#2212 = CARTESIAN_POINT ( 'NONE',  ( 1.316317701184875100E-014, 3.370809924354782900, -2.750000000000000000 ) ) ;
#2213 = CARTESIAN_POINT ( 'NONE',  ( -2.249999999999999600, 7.440000000000002200, 0.0000000000000000000 ) ) ;
#2214 = ORIENTED_EDGE ( 'NONE', *, *, #2700, .F. ) ;
#2215 = DIRECTION ( 'NONE',  ( -0.0000000000000000000, -1.000000000000000000, -0.0000000000000000000 ) ) ;
#2216 = ADVANCED_FACE ( 'NONE', ( #3914 ), #1561, .T. ) ;
#2217 = CARTESIAN_POINT ( 'NONE',  ( -1.278714224939198400E-014, 3.370809924354782900, 2.750000000000000000 ) ) ;
#2218 = CARTESIAN_POINT ( 'NONE',  ( -1.396553427430553300, 8.791550926889428300, 2.418901491794178200 ) ) ;
#2219 = CARTESIAN_POINT ( 'NONE',  ( -2.825048672147084000, 1.600000000000000100, 3.040000000000000500 ) ) ;
#2220 = VERTEX_POINT ( 'NONE', #4836 ) ;
#2221 = CARTESIAN_POINT ( 'NONE',  ( 2.713660721199270900, 2.711078805617734800, 0.1655363980149475700 ) ) ;
#2222 = CARTESIAN_POINT ( 'NONE',  ( 0.1670203789153279800, 2.711803264060454100, 2.713556586326118400 ) ) ;
#2223 = CARTESIAN_POINT ( 'NONE',  ( -2.793106854861110200, 3.617476852815355100, 1.612600994529452600 ) ) ;
#2224 = ORIENTED_EDGE ( 'NONE', *, *, #3779, .T. ) ;
#2225 = CARTESIAN_POINT ( 'NONE',  ( -3.178818931451389100, 7.510526622307010800, -1.835291965778537400 ) ) ;
#2226 = CARTESIAN_POINT ( 'NONE',  ( -2.598219468777476200, 8.556893145138891700, 1.089164248792013500 ) ) ;
#2227 = EDGE_CURVE ( 'NONE', #4259, #3621, #2830, .T. ) ;
#2228 = SURFACE_STYLE_USAGE ( .BOTH. , #1021 ) ;
#2229 = VERTEX_POINT ( 'NONE', #4363 ) ;
#2230 = CARTESIAN_POINT ( 'NONE',  ( -2.483166838645085600E-011, 5.543055555554635900, 3.175000000000000700 ) ) ;
#2231 = CARTESIAN_POINT ( 'NONE',  ( -0.3145736031786243200, 2.914194618473035600, 2.697713183867235900 ) ) ;
#2232 = CARTESIAN_POINT ( 'NONE',  ( -1.396553427430555500, 8.556365741704244200, -2.418901491794176900 ) ) ;
#2233 = AXIS2_PLACEMENT_3D ( 'NONE', #3765, #1324, #5020 ) ;
#2234 = ORIENTED_EDGE ( 'NONE', *, *, #2530, .T. ) ;
#2235 = ADVANCED_FACE ( 'NONE', ( #3267 ), #1765, .F. ) ;
#2236 = ORIENTED_EDGE ( 'NONE', *, *, #5084, .T. ) ;
#2237 = EDGE_LOOP ( 'NONE', ( #2996, #842, #4582, #2764 ) ) ;
#2238 = CARTESIAN_POINT ( 'NONE',  ( -1.587500000000500200, 4.543518518519096700, -2.749630657016457900 ) ) ;
#2239 = CARTESIAN_POINT ( 'NONE',  ( 0.0000000000000000000, 7.440000000000002200, 0.0000000000000000000 ) ) ;
#2240 = CARTESIAN_POINT ( 'NONE',  ( 2.793106854861110700, 3.264699075037577300, -1.612600994529452200 ) ) ;
#2241 = CARTESIAN_POINT ( 'NONE',  ( -1.589409465725694700, 8.862841437121826300, -2.752937948667806700 ) ) ;
#2242 = ORIENTED_EDGE ( 'NONE', *, *, #1826, .T. ) ;
#2243 = CARTESIAN_POINT ( 'NONE',  ( -1.856521309961044300, 4.158286755612349900, -2.131548780782200700 ) ) ;
#2244 = CARTESIAN_POINT ( 'NONE',  ( 4.336808689942017700E-016, -4.129999999999999900, 0.0000000000000000000 ) ) ;
#2245 = CARTESIAN_POINT ( 'NONE',  ( 4.096206461348792800E-014, 7.747916668593672900, 3.175000000000000700 ) ) ;
#2246 = DIRECTION ( 'NONE',  ( -0.0000000000000000000, -1.000000000000000000, -0.0000000000000000000 ) ) ;
#2247 = DIRECTION ( 'NONE',  ( -0.0000000000000000000, -1.000000000000000000, -0.0000000000000000000 ) ) ;
#2248 = VERTEX_POINT ( 'NONE', #4379 ) ;
#2249 = FACE_OUTER_BOUND ( 'NONE', #1476, .T. ) ;
#2250 = CARTESIAN_POINT ( 'NONE',  ( -1.396553427430555500, 7.672657408370910500, -2.418901491794176900 ) ) ;
#2251 = DIRECTION ( 'NONE',  ( 0.0000000000000000000, -1.000000000000000000, 0.0000000000000000000 ) ) ;
#2252 = CARTESIAN_POINT ( 'NONE',  ( -1.396553427430553300, 8.085995371333874400, 2.418901491794178200 ) ) ;
#2253 = EDGE_LOOP ( 'NONE', ( #333, #1529, #2328, #4819, #5237 ) ) ;
#2254 = DIRECTION ( 'NONE',  ( -0.0000000000000000000, -1.000000000000000000, -0.0000000000000000000 ) ) ;
#2255 = CARTESIAN_POINT ( 'NONE',  ( -2.039999999999998700, -4.129999999999999900, 3.040000000000000500 ) ) ;
#2256 = LINE ( 'NONE', #4480, #2133 ) ;
#2257 = AXIS2_PLACEMENT_3D ( 'NONE', #4757, #710, #5184 ) ;
#2258 = CARTESIAN_POINT ( 'NONE',  ( 2.039999999999999600, 0.0000000000000000000, 2.039999999999999100 ) ) ;
#2259 = CARTESIAN_POINT ( 'NONE',  ( 2.039999999999999600, -4.129999999999999900, 2.039999999999999100 ) ) ;
#2260 = CARTESIAN_POINT ( 'NONE',  ( -1.974866646252330800E-016, 4.087847223185725000, -3.225201989058902100 ) ) ;
#2261 = ORIENTED_EDGE ( 'NONE', *, *, #1089, .T. ) ;
#2262 = CARTESIAN_POINT ( 'NONE',  ( 1.589409465725695900, 8.510063659344048400, 2.752937948667805800 ) ) ;
#2263 = EDGE_LOOP ( 'NONE', ( #3285, #3932, #959, #809 ) ) ;
#2264 = CYLINDRICAL_SURFACE ( 'NONE', #5022, 2.080000000000000100 ) ;
#2265 = CARTESIAN_POINT ( 'NONE',  ( 0.0000000000000000000, 4.770000000000001400, 0.0000000000000000000 ) ) ;
#2266 = DIRECTION ( 'NONE',  ( 0.0000000000000000000, 0.0000000000000000000, -1.000000000000000000 ) ) ;
#2267 = CARTESIAN_POINT ( 'NONE',  ( -0.3145578742816773600, 3.085978592127084100, -2.697715328398551500 ) ) ;
#2268 = ADVANCED_FACE ( 'NONE', ( #4995 ), #4876, .F. ) ;
#2269 = LINE ( 'NONE', #3676, #2897 ) ;
#2270 = PRESENTATION_STYLE_ASSIGNMENT (( #3052 ) ) ;
#2271 = AXIS2_PLACEMENT_3D ( 'NONE', #450, #1660, #1642 ) ;
#2272 = AXIS2_PLACEMENT_3D ( 'NONE', #2527, #4558, #2140 ) ;
#2273 = CARTESIAN_POINT ( 'NONE',  ( -1.396553427430555500, 6.261546297259799100, -2.418901491794176900 ) ) ;
#2274 = DIRECTION ( 'NONE',  ( 0.0000000000000000000, 0.0000000000000000000, 1.000000000000000000 ) ) ;
#2275 = FACE_OUTER_BOUND ( 'NONE', #1175, .T. ) ;
#2276 = CARTESIAN_POINT ( 'NONE',  ( 2.697642543859576100, 2.916159197737783000, -0.3150987235118656300 ) ) ;
#2277 = CIRCLE ( 'NONE', #3790, 0.4825999999999999200 ) ;
#2278 = CARTESIAN_POINT ( 'NONE',  ( -1.587500000000497300, 4.778703703704281700, 2.749630657016459300 ) ) ;
#2279 = DIRECTION ( 'NONE',  ( -0.0000000000000000000, -1.000000000000000000, -0.0000000000000000000 ) ) ;
#2280 = CARTESIAN_POINT ( 'NONE',  ( 5.924599938756993300E-016, 5.146180556519058600, 3.225201989058902100 ) ) ;
#2281 = CARTESIAN_POINT ( 'NONE',  ( 3.178818931451388200, 7.980896992677383400, -1.835291965778538900 ) ) ;
#2282 = VERTEX_POINT ( 'NONE', #5186 ) ;
#2283 = DIRECTION ( 'NONE',  ( 0.0000000000000000000, -1.000000000000000000, 0.0000000000000000000 ) ) ;
#2284 = CARTESIAN_POINT ( 'NONE',  ( 5.287301957201986300E-015, 7.306944444444444500, -3.174999999999998900 ) ) ;
#2285 = ORIENTED_EDGE ( 'NONE', *, *, #2697, .T. ) ;
#2286 = CARTESIAN_POINT ( 'NONE',  ( 2.547265342226494900E-016, 6.383128419472075000, 2.080000000000000100 ) ) ;
#2287 = DIRECTION ( 'NONE',  ( 0.0000000000000000000, 0.0000000000000000000, 1.000000000000000000 ) ) ;
#2288 = CARTESIAN_POINT ( 'NONE',  ( 2.702402810281062000, 3.165610529434005600, 0.2833528547632951900 ) ) ;
#2289 = ORIENTED_EDGE ( 'NONE', *, *, #1183, .T. ) ;
#2290 = ORIENTED_EDGE ( 'NONE', *, *, #5200, .T. ) ;
#2291 = CARTESIAN_POINT ( 'NONE',  ( -1.974866646252330800E-016, 5.497194445407948200, -3.225201989058902100 ) ) ;
#2292 = PLANE ( 'NONE',  #1205 ) ;
#2293 = DIRECTION ( 'NONE',  ( -0.0000000000000000000, -1.000000000000000000, -0.0000000000000000000 ) ) ;
#2294 = EDGE_CURVE ( 'NONE', #3018, #3245, #2455, .T. ) ;
#2295 = CARTESIAN_POINT ( 'NONE',  ( -0.3150987235112940300, 3.000000000000000000, 2.697642543859648100 ) ) ;
#2296 = CARTESIAN_POINT ( 'NONE',  ( -2.793106854861111100, 9.320717593556096900, -1.612600994529450800 ) ) ;
#2297 = CARTESIAN_POINT ( 'NONE',  ( 1.589409465725693600, 7.334137733418121900, -2.752937948667807200 ) ) ;
#2298 = CARTESIAN_POINT ( 'NONE',  ( 2.793106854861110200, 8.203587963926466400, -1.612600994529452200 ) ) ;
#2299 = DIRECTION ( 'NONE',  ( 0.9999808127871381300, -0.006194679779830681600, 0.0000000000000000000 ) ) ;
#2300 = CARTESIAN_POINT ( 'NONE',  ( 0.0000000000000000000, 12.46317892581091000, -1.729999999999999300 ) ) ;
#2301 = CARTESIAN_POINT ( 'NONE',  ( 3.175000000000001200, 5.660648148148149000, 1.833087104677060500 ) ) ;
#2302 = EDGE_CURVE ( 'NONE', #3064, #3621, #3776, .T. ) ;
#2303 = VERTEX_POINT ( 'NONE', #764 ) ;
#2304 = CARTESIAN_POINT ( 'NONE',  ( 0.0000000000000000000, 4.770000000000001400, 0.0000000000000000000 ) ) ;
#2305 = CARTESIAN_POINT ( 'NONE',  ( -0.3308644510437843700, 3.002210142979036000, -2.730264005351165300 ) ) ;
#2306 = CARTESIAN_POINT ( 'NONE',  ( -0.09050617933532687000, 2.663501698747668300, -2.749929480410240800 ) ) ;
#2307 = ORIENTED_EDGE ( 'NONE', *, *, #190, .T. ) ;
#2308 = CARTESIAN_POINT ( 'NONE',  ( -1.396553427430553300, 6.496731482444984900, 2.418901491794178200 ) ) ;
#2309 = CARTESIAN_POINT ( 'NONE',  ( 0.0000000000000000000, 0.5000000000000004400, -0.6350000000000000100 ) ) ;
#2310 = B_SPLINE_CURVE_WITH_KNOTS ( 'NONE', 3,
 ( #4675, #4708, #1037, #232, #3885 ),
 .UNSPECIFIED., .F., .F.,
 ( 4, 1, 4 ),
 ( 0.001015090464331860700, 0.001016166647867983900, 0.001017242831404107000 ),
 .UNSPECIFIED. ) ;
#2311 = AXIS2_PLACEMENT_3D ( 'NONE', #4695, #1057, #3889 ) ;
#2312 = ORIENTED_EDGE ( 'NONE', *, *, #3819, .F. ) ;
#2313 = DIRECTION ( 'NONE',  ( -0.0000000000000000000, -1.000000000000000000, -0.0000000000000000000 ) ) ;
#2314 = CARTESIAN_POINT ( 'NONE',  ( 5.924599938756993300E-016, 8.144791667630171300, 3.225201989058902100 ) ) ;
#2315 = CARTESIAN_POINT ( 'NONE',  ( -3.178818931451389100, 4.688304400084788900, -1.835291965778537400 ) ) ;
#2316 = FACE_OUTER_BOUND ( 'NONE', #339, .T. ) ;
#2317 = CARTESIAN_POINT ( 'NONE',  ( -2.793106854861110700, 7.792013889852391600, 0.0000000000000000000 ) ) ;
#2318 = ORIENTED_EDGE ( 'NONE', *, *, #3708, .T. ) ;
#2319 = CARTESIAN_POINT ( 'NONE',  ( 0.0000000000000000000, 8.802396902521437000, 0.0000000000000000000 ) ) ;
#2320 = CARTESIAN_POINT ( 'NONE',  ( 1.587499999999999200, 6.542592592592593600, -2.749630657015592800 ) ) ;
#2321 = CARTESIAN_POINT ( 'NONE',  ( 0.0000000000000000000, 0.5000000000000000000, 0.0000000000000000000 ) ) ;
#2322 = CYLINDRICAL_SURFACE ( 'NONE', #2654, 0.4825999999999999200 ) ;
#2323 = CARTESIAN_POINT ( 'NONE',  ( -1.396553427430555500, 6.967101852815355700, -2.418901491794176900 ) ) ;
#2324 = ORIENTED_EDGE ( 'NONE', *, *, #2168, .F. ) ;
#2325 = CARTESIAN_POINT ( 'NONE',  ( 0.0000000000000000000, 7.440000000000002200, 0.0000000000000000000 ) ) ;
#2326 = VECTOR ( 'NONE', #2982, 1000.000000000000000 ) ;
#2327 = CARTESIAN_POINT ( 'NONE',  ( 2.039999999999999600, -4.129999999999999900, -2.039999999999999100 ) ) ;
#2328 = ORIENTED_EDGE ( 'NONE', *, *, #1215, .T. ) ;
#2329 = CIRCLE ( 'NONE', #3862, 0.6350000000000000100 ) ;
#2330 = VERTEX_POINT ( 'NONE', #2396 ) ;
#2331 = EDGE_CURVE ( 'NONE', #1366, #5112, #1208, .T. ) ;
#2332 = CARTESIAN_POINT ( 'NONE',  ( -2.793106854861110200, 5.734143519482022300, 1.612600994529452600 ) ) ;
#2333 = CARTESIAN_POINT ( 'NONE',  ( -1.396553427430553300, 7.380439815778317800, 2.418901491794178200 ) ) ;
#2334 = EDGE_CURVE ( 'NONE', #4578, #2684, #1101, .T. ) ;
#2335 = EDGE_LOOP ( 'NONE', ( #4385, #2577 ) ) ;
#2336 = CARTESIAN_POINT ( 'NONE',  ( 3.178818931451389900, 6.452193288973678200, 1.835291965778536500 ) ) ;
#2337 = FACE_BOUND ( 'NONE', #3364, .T. ) ;
#2338 = CARTESIAN_POINT ( 'NONE',  ( -2.244884255301052700E-016, 6.601388888888890500, -3.666174209354123200 ) ) ;
#2339 =( BOUNDED_CURVE ( )  B_SPLINE_CURVE ( 2, ( #5239, #1581, #1983, #1178, #4835, #4820, #1162, #1953, #2410 ),
 .UNSPECIFIED., .F., .F. ) 
 B_SPLINE_CURVE_WITH_KNOTS ( ( 3, 2, 2, 2, 3 ),
 ( 0.07419767843590316400, 0.07585597927382675700, 0.07917258094972230700, 0.08248918262561789900, 0.08414748346356565300 ),
 .UNSPECIFIED. ) 
 CURVE ( )  GEOMETRIC_REPRESENTATION_ITEM ( )  RATIONAL_B_SPLINE_CURVE ( ( 0.9330127018922194100, 0.9330127018931970700, 1.000000000000000000, 0.8660254037844387100, 1.000000000000000000, 0.8660254037844387100, 1.000000000000000000, 0.9330127018922203000, 0.9330127018922194100 ) ) 
 REPRESENTATION_ITEM ( '' )  );
#2340 = FACE_OUTER_BOUND ( 'NONE', #1814, .T. ) ;
#2341 = CARTESIAN_POINT ( 'NONE',  ( -4.357666448243396400E-015, 7.659722222222223200, 3.175000000000000700 ) ) ;
#2342 = CIRCLE ( 'NONE', #4988, 1.730000000000000000 ) ;
#2343 = CARTESIAN_POINT ( 'NONE',  ( 3.039999999999999600, 0.0000000000000000000, -2.039999999999999100 ) ) ;
#2344 = CARTESIAN_POINT ( 'NONE',  ( -3.039999999999998700, 0.0000000000000000000, 2.039999999999999100 ) ) ;
#2345 = AXIS2_PLACEMENT_3D ( 'NONE', #3810, #5086, #1825 ) ;
#2346 = AXIS2_PLACEMENT_3D ( 'NONE', #3397, #4188, #116 ) ;
#2347 = CARTESIAN_POINT ( 'NONE',  ( -1.974866646252330800E-016, 9.026736112074614100, -3.225201989058902100 ) ) ;
#2348 = CARTESIAN_POINT ( 'NONE',  ( -2.793106854861110700, 4.381828704667207800, -1.612600994529450800 ) ) ;
#2349 = CARTESIAN_POINT ( 'NONE',  ( 2.921687295236741600, 8.396725238167775300, 0.4723409189487003400 ) ) ;
#2350 = ORIENTED_EDGE ( 'NONE', *, *, #1225, .T. ) ;
#2351 = CARTESIAN_POINT ( 'NONE',  ( 0.3302479857493955100, 2.811162829778135900, 2.730931389384561900 ) ) ;
#2352 = ORIENTED_EDGE ( 'NONE', *, *, #3097, .T. ) ;
#2353 = CARTESIAN_POINT ( 'NONE',  ( -1.396553427430555500, 8.556365741704244200, -2.418901491794176900 ) ) ;
#2354 = AXIS2_PLACEMENT_3D ( 'NONE', #2688, #3933, #1512 ) ;
#2355 = ORIENTED_EDGE ( 'NONE', *, *, #2132, .F. ) ;
#2356 = CARTESIAN_POINT ( 'NONE',  ( 1.589409465725695900, 4.276730326010715000, 2.752937948667805800 ) ) ;
#2357 = CARTESIAN_POINT ( 'NONE',  ( -1.974866646252331000E-016, 8.321180556519058400, -3.225201989058902500 ) ) ;
#2358 = VERTEX_POINT ( 'NONE', #4776 ) ;
#2359 = PLANE ( 'NONE',  #2257 ) ;
#2360 = CARTESIAN_POINT ( 'NONE',  ( -3.174999999999998900, 6.131018518518520600, 1.833087104677063400 ) ) ;
#2361 = CARTESIAN_POINT ( 'NONE',  ( 3.175000000000354600, 7.836111111111318200, -3.888253587293280900E-016 ) ) ;
#2362 = DIRECTION ( 'NONE',  ( -0.0000000000000000000, -1.000000000000000000, -0.0000000000000000000 ) ) ;
#2363 = CARTESIAN_POINT ( 'NONE',  ( -1.396553427430555500, 4.144879630593132800, -2.418901491794176900 ) ) ;
#2364 = CARTESIAN_POINT ( 'NONE',  ( 1.396553427430554700, 4.910995371333873600, -2.418901491794177300 ) ) ;
#2365 = CARTESIAN_POINT ( 'NONE',  ( 2.697643410430466700, 2.997921052681319600, 0.3150922842482611300 ) ) ;
#2366 = EDGE_CURVE ( 'NONE', #358, #2907, #573, .T. ) ;
#2367 = ORIENTED_EDGE ( 'NONE', *, *, #1901, .T. ) ;
#2368 = EDGE_CURVE ( 'NONE', #4915, #3458, #1773, .T. ) ;
#2369 = ORIENTED_EDGE ( 'NONE', *, *, #2672, .F. ) ;
#2370 = CARTESIAN_POINT ( 'NONE',  ( -2.675878183349105200, 2.997624060207222400, -0.3601054677122984500 ) ) ;
#2371 = CARTESIAN_POINT ( 'NONE',  ( 1.396553427430554700, 6.322106482444985100, -2.418901491794177300 ) ) ;
#2372 = CARTESIAN_POINT ( 'NONE',  ( 1.589409465725693600, 4.511915511195900000, -2.752937948667807200 ) ) ;
#2373 = ORIENTED_EDGE ( 'NONE', *, *, #3605, .F. ) ;
#2374 = ORIENTED_EDGE ( 'NONE', *, *, #1662, .T. ) ;
#2375 = CARTESIAN_POINT ( 'NONE',  ( 2.793106854861110700, 6.204513889852392200, -3.420569369482190000E-016 ) ) ;
#2376 = CARTESIAN_POINT ( 'NONE',  ( 0.8507386859689116700, 7.980991159779137900, -3.175000000000353300 ) ) ;
#2377 = CARTESIAN_POINT ( 'NONE',  ( 2.713776714501746000, 3.290058162364333700, -0.1641920371158988900 ) ) ;
#2378 = CARTESIAN_POINT ( 'NONE',  ( -2.793106854861111100, 2.794328704667207000, -1.612600994529450800 ) ) ;
#2379 = VERTEX_POINT ( 'NONE', #860 ) ;
#2380 = CARTESIAN_POINT ( 'NONE',  ( -2.793106854861110200, 5.026824075037577400, 1.612600994529452600 ) ) ;
#2381 = CARTESIAN_POINT ( 'NONE',  ( -1.396553427430555500, 7.145254630593133700, -2.418901491794176900 ) ) ;
#2382 = CARTESIAN_POINT ( 'NONE',  ( 2.941620159577787800, 8.401200009800069400, 0.2813644743222792900 ) ) ;
#2383 = CARTESIAN_POINT ( 'NONE',  ( 0.3308644510438031900, 3.002210142979035100, 2.730264005351161800 ) ) ;
#2384 = CYLINDRICAL_SURFACE ( 'NONE', #4162, 0.4825999999999999200 ) ;
#2385 = CARTESIAN_POINT ( 'NONE',  ( 3.039999999999999600, -4.129999999999999900, -2.039999999999999100 ) ) ;
#2386 = ORIENTED_EDGE ( 'NONE', *, *, #342, .F. ) ;
#2387 = CARTESIAN_POINT ( 'NONE',  ( -2.702519219310490300, 3.167196111375425000, -0.2824184657896438600 ) ) ;
#2388 = CARTESIAN_POINT ( 'NONE',  ( -2.793106854861110200, 5.204976852815356400, 1.612600994529452600 ) ) ;
#2389 = CARTESIAN_POINT ( 'NONE',  ( 3.178818931451388600, 3.688767363047751300, -3.892930429470952600E-016 ) ) ;
#2390 = ORIENTED_EDGE ( 'NONE', *, *, #1085, .T. ) ;
#2391 = EDGE_LOOP ( 'NONE', ( #1443, #348 ) ) ;
#2392 = PRESENTATION_STYLE_ASSIGNMENT (( #4751 ) ) ;
#2393 = CARTESIAN_POINT ( 'NONE',  ( 1.396553427430556700, 5.381365741704243500, 2.418901491794176500 ) ) ;
#2394 = CARTESIAN_POINT ( 'NONE',  ( 3.175000000000356000, 7.777314814815019500, 1.833087104677265400 ) ) ;
#2395 = CARTESIAN_POINT ( 'NONE',  ( 2.725431483040754900, 2.997624060207222400, 0.3667740874847484300 ) ) ;
#2396 = CARTESIAN_POINT ( 'NONE',  ( -2.697643460050251000, 3.002137639031063000, 0.3150919155324575800 ) ) ;
#2397 = CONICAL_SURFACE ( 'NONE', #3612, 2.750000000000000000, 0.7853981633974543900 ) ;
#2398 = DIRECTION ( 'NONE',  ( 0.0000000000000000000, 0.7071067811865475700, 0.7071067811865474600 ) ) ;
#2399 = ORIENTED_EDGE ( 'NONE', *, *, #1253, .T. ) ;
#2400 = CARTESIAN_POINT ( 'NONE',  ( -1.974866646252330800E-016, 4.791638889852393400, -3.225201989058902100 ) ) ;
#2401 = CARTESIAN_POINT ( 'NONE',  ( 1.396553427430556700, 7.498032408370910700, 2.418901491794176500 ) ) ;
#2402 = CARTESIAN_POINT ( 'NONE',  ( 0.0000000000000000000, 7.440000000000002200, 0.0000000000000000000 ) ) ;
#2403 = SPHERICAL_SURFACE ( 'NONE', #4327, 0.3499999999999999800 ) ;
#2404 = LINE ( 'NONE', #2544, #117 ) ;
#2405 = CARTESIAN_POINT ( 'NONE',  ( 1.396553427430554700, 3.499884260222762700, -2.418901491794177300 ) ) ;
#2406 = EDGE_CURVE ( 'NONE', #1718, #5011, #3266, .T. ) ;
#2407 = ORIENTED_EDGE ( 'NONE', *, *, #2302, .F. ) ;
#2408 = CARTESIAN_POINT ( 'NONE',  ( -3.178818931451388600, 2.630434029714418600, 0.0000000000000000000 ) ) ;
#2409 = CARTESIAN_POINT ( 'NONE',  ( -2.793106854861110700, 4.440625000963503800, 0.0000000000000000000 ) ) ;
#2410 = CARTESIAN_POINT ( 'NONE',  ( -2.306658106603503800E-014, 5.190277777777779100, -3.174999999999998900 ) ) ;
#2411 = CARTESIAN_POINT ( 'NONE',  ( 7.776507174585692900E-017, 0.5000000000000000000, 0.6350000000000000100 ) ) ;
#2412 = DIRECTION ( 'NONE',  ( 0.0000000000000000000, -1.000000000000000000, 0.0000000000000000000 ) ) ;
#2413 = DIRECTION ( 'NONE',  ( -0.0000000000000000000, -0.0000000000000000000, -1.000000000000000000 ) ) ;
#2414 = ORIENTED_EDGE ( 'NONE', *, *, #57, .T. ) ;
#2415 = CARTESIAN_POINT ( 'NONE',  ( 2.793106854861110700, 3.909694445407947400, -3.420569369482190000E-016 ) ) ;
#2416 = CARTESIAN_POINT ( 'NONE',  ( -1.396553427430555500, 5.028587963926466600, -2.418901491794176900 ) ) ;
#2417 = DIRECTION ( 'NONE',  ( 0.0000000000000000000, 1.000000000000000000, -0.0000000000000000000 ) ) ;
#2418 = ORIENTED_EDGE ( 'NONE', *, *, #3540, .F. ) ;
#2419 = CARTESIAN_POINT ( 'NONE',  ( 2.056586154693643300E-012, 8.295631277335513000, 3.054368722664488900 ) ) ;
#2420 = CARTESIAN_POINT ( 'NONE',  ( 1.396553427430554700, 8.440554676889428600, -2.418901491794177300 ) ) ;
#2421 = CARTESIAN_POINT ( 'NONE',  ( -2.244884255301052700E-016, 8.100694446371450800, -3.666174209354123200 ) ) ;
#2422 = CARTESIAN_POINT ( 'NONE',  ( 2.793106854861111500, 4.734606482444984700, 1.612600994529450200 ) ) ;
#2423 = CARTESIAN_POINT ( 'NONE',  ( 0.0000000000000000000, 0.0000000000000000000, 0.0000000000000000000 ) ) ;
#2424 = CARTESIAN_POINT ( 'NONE',  ( 1.830219908262226500E-014, 6.248611111111113600, 3.175000000000000700 ) ) ;
#2425 = ORIENTED_EDGE ( 'NONE', *, *, #549, .T. ) ;
#2426 = CARTESIAN_POINT ( 'NONE',  ( -2.793106854861110700, 6.380902778741280200, 0.0000000000000000000 ) ) ;
#2427 = CARTESIAN_POINT ( 'NONE',  ( 2.697642543859576600, 3.000356276667893100, -0.3150987235118651900 ) ) ;
#2428 =( BOUNDED_CURVE ( )  B_SPLINE_CURVE ( 2, ( #3767, #2118, #3717, #2886, #3287, #4115, #1712, #3736, #130 ),
 .UNSPECIFIED., .F., .F. ) 
 B_SPLINE_CURVE_WITH_KNOTS ( ( 3, 2, 2, 2, 3 ),
 ( 0.07176183214865219900, 0.07342019494886641000, 0.07673692054925541900, 0.08005364614964444200, 0.08171200894984724500 ),
 .UNSPECIFIED. ) 
 CURVE ( )  GEOMETRIC_REPRESENTATION_ITEM ( )  RATIONAL_B_SPLINE_CURVE ( ( 0.9330127018922194100, 0.9330127018914231600, 1.000000000000000000, 0.8660254037844388200, 1.000000000000000000, 0.8660254037844388200, 1.000000000000000000, 0.9330127018918839000, 0.9330127018922194100 ) ) 
 REPRESENTATION_ITEM ( '' )  );
#2429 = EDGE_CURVE ( 'NONE', #127, #2248, #1636, .T. ) ;
#2430 = EDGE_CURVE ( 'NONE', #3818, #105, #2720, .T. ) ;
#2431 = ORIENTED_EDGE ( 'NONE', *, *, #4644, .T. ) ;
#2432 = CARTESIAN_POINT ( 'NONE',  ( 5.924599938756993300E-016, 3.205902778741281700, 3.225201989058902100 ) ) ;
#2433 = DIRECTION ( 'NONE',  ( -1.535127069738579100E-016, 0.0000000000000000000, -1.000000000000000000 ) ) ;
#2434 = CARTESIAN_POINT ( 'NONE',  ( -1.589409465725694700, 9.484612268508882900, -2.752937948667806700 ) ) ;
#2435 = CARTESIAN_POINT ( 'NONE',  ( 1.587500000000001500, 8.512268520445523700, 2.749630657015591500 ) ) ;
#2436 = ORIENTED_EDGE ( 'NONE', *, *, #951, .F. ) ;
#2437 = CARTESIAN_POINT ( 'NONE',  ( 2.793106854861110700, 6.910069445407947900, -3.420569369482190000E-016 ) ) ;
#2438 = CARTESIAN_POINT ( 'NONE',  ( 2.745266016216808800, 3.300559062894141200, -0.1734078351710607300 ) ) ;
#2439 = AXIS2_PLACEMENT_3D ( 'NONE', #2603, #532, #4581 ) ;
#2440 = AXIS2_PLACEMENT_3D ( 'NONE', #2609, #181, #1784 ) ;
#2441 = CARTESIAN_POINT ( 'NONE',  ( -0.3156111424033469200, 3.081680271883185700, 2.697573555868082000 ) ) ;
#2442 = CARTESIAN_POINT ( 'NONE',  ( 2.793106854861111500, 6.674884260222762000, 1.612600994529450200 ) ) ;
#2443 = EDGE_LOOP ( 'NONE', ( #3938, #4562, #2057, #4320 ) ) ;
#2444 = CARTESIAN_POINT ( 'NONE',  ( 0.0000000000000000000, 0.5000000000000000000, 0.0000000000000000000 ) ) ;
#2445 = VECTOR ( 'NONE', #4497, 1000.000000000000000 ) ;
#2446 = CARTESIAN_POINT ( 'NONE',  ( 0.0000000000000000000, 0.5000000000000000000, 0.0000000000000000000 ) ) ;
#2447 = AXIS2_PLACEMENT_3D ( 'NONE', #899, #1725, #2918 ) ;
#2448 = DIRECTION ( 'NONE',  ( 0.0000000000000000000, 0.0000000000000000000, -1.000000000000000000 ) ) ;
#2449 = CARTESIAN_POINT ( 'NONE',  ( -1.974866646252330800E-016, 4.264236112074614800, -3.225201989058902100 ) ) ;
#2450 = CARTESIAN_POINT ( 'NONE',  ( 0.0000000000000000000, 0.2000000000000000100, -2.080000000000000100 ) ) ;
#2451 = ORIENTED_EDGE ( 'NONE', *, *, #1013, .F. ) ;
#2452 = CARTESIAN_POINT ( 'NONE',  ( 1.587499999999999200, 3.720370370370371200, -2.749630657015592800 ) ) ;
#2453 = CARTESIAN_POINT ( 'NONE',  ( -1.589409465725694700, 2.512841437121825700, -2.752937948667806700 ) ) ;
#2454 = VERTEX_POINT ( 'NONE', #1650 ) ;
#2455 = LINE ( 'NONE', #781, #4604 ) ;
#2456 = CARTESIAN_POINT ( 'NONE',  ( 1.396553427430554700, 3.499884260222762700, -2.418901491794177300 ) ) ;
#2457 = CIRCLE ( 'NONE', #276, 4.150000000000001200 ) ;
#2458 = CARTESIAN_POINT ( 'NONE',  ( -2.702368370366923200, 2.834767502255495200, 0.2837130184387413000 ) ) ;
#2459 = DIRECTION ( 'NONE',  ( 0.0000000000000000000, 1.000000000000000000, 0.0000000000000000000 ) ) ;
#2460 = DIRECTION ( 'NONE',  ( 0.0000000000000000000, 0.0000000000000000000, 1.000000000000000000 ) ) ;
#2461 = ORIENTED_EDGE ( 'NONE', *, *, #1866, .T. ) ;
#2462 = EDGE_CURVE ( 'NONE', #845, #3995, #3197, .T. ) ;
#2463 = CIRCLE ( 'NONE', #459, 0.6350000000000000100 ) ;
#2464 = EDGE_CURVE ( 'NONE', #1609, #1020, #2329, .T. ) ;
#2465 = CARTESIAN_POINT ( 'NONE',  ( 1.587499999999999500, 5.131481481481483100, -2.749630657015593300 ) ) ;
#2466 = CARTESIAN_POINT ( 'NONE',  ( 2.793106854861110700, 6.733680556519058900, -3.420569369482190000E-016 ) ) ;
#2467 = B_SPLINE_CURVE_WITH_KNOTS ( 'NONE', 3,
 ( #424, #2427, #4049, #3213, #2485 ),
 .UNSPECIFIED., .F., .F.,
 ( 4, 1, 4 ),
 ( 0.001015090464331861100, 0.001016166647867984500, 0.001017242831404107900 ),
 .UNSPECIFIED. ) ;
#2468 = DIRECTION ( 'NONE',  ( 0.0000000000000000000, -0.0000000000000000000, -1.000000000000000000 ) ) ;
#2469 = CARTESIAN_POINT ( 'NONE',  ( 0.0000000000000000000, 4.100000000000000500, 0.0000000000000000000 ) ) ;
#2470 = CARTESIAN_POINT ( 'NONE',  ( -1.974866646252330800E-016, 7.793795417630168900, -3.225201989058902100 ) ) ;
#2471 = EDGE_CURVE ( 'NONE', #4147, #5118, #1951, .T. ) ;
#2472 = CARTESIAN_POINT ( 'NONE',  ( 2.023845554112507400E-011, 5.631250001927755400, 3.174999999999998900 ) ) ;
#2473 = ORIENTED_EDGE ( 'NONE', *, *, #2026, .F. ) ;
#2474 = CARTESIAN_POINT ( 'NONE',  ( 6.742753294174620500E-016, 9.073038194434810000, 3.670583931557075200 ) ) ;
#2475 = ORIENTED_EDGE ( 'NONE', *, *, #2968, .T. ) ;
#2476 = CARTESIAN_POINT ( 'NONE',  ( -3.174999999999998900, 6.219212964889968600, 1.833087104677063400 ) ) ;
#2477 = CARTESIAN_POINT ( 'NONE',  ( 6.734652765903158200E-016, 9.070833333333332900, 3.666174209354123200 ) ) ;
#2478 = PRODUCT_DEFINITION_CONTEXT ( 'detailed design', #5168, 'design' ) ;
#2479 = CARTESIAN_POINT ( 'NONE',  ( -1.214571548689835400E-013, 2.629190075645214900, 2.750000000000000000 ) ) ;
#2480 = EDGE_LOOP ( 'NONE', ( #1743, #636, #1028, #280, #3031, #3558 ) ) ;
#2481 = CARTESIAN_POINT ( 'NONE',  ( -2.306658106603503800E-014, 5.190277777777779100, -3.174999999999998900 ) ) ;
#2482 = CARTESIAN_POINT ( 'NONE',  ( 0.0000000000000000000, 0.5000000000000000000, 0.0000000000000000000 ) ) ;
#2483 = ORIENTED_EDGE ( 'NONE', *, *, #2835, .T. ) ;
#2484 = CARTESIAN_POINT ( 'NONE',  ( -0.3673779537026711800, 3.093349064841372600, 2.725350217933772500 ) ) ;
#2485 = CARTESIAN_POINT ( 'NONE',  ( 2.697643460050251000, 3.002137639031063000, -0.3150919155324575800 ) ) ;
#2486 = CARTESIAN_POINT ( 'NONE',  ( -2.749903043765181000, 3.370078259447971900, -0.09899358917932728200 ) ) ;
#2487 = CARTESIAN_POINT ( 'NONE',  ( 2.825048672147084400, -4.129999999999999900, -3.040000000000000500 ) ) ;
#2488 = CARTESIAN_POINT ( 'NONE',  ( 2.793106854861110700, 4.089628750963503200, -3.420569369482190000E-016 ) ) ;
#2489 = ADVANCED_FACE ( 'NONE', ( #2710 ), #14, .F. ) ;
#2490 = CARTESIAN_POINT ( 'NONE',  ( -2.039999999999998700, -4.129999999999999900, -3.040000000000000500 ) ) ;
#2491 = CARTESIAN_POINT ( 'NONE',  ( -1.589409465725691900, 9.014241898138513100, 2.752937948667808100 ) ) ;
#2492 = CARTESIAN_POINT ( 'NONE',  ( -1.587499999999997500, 4.866898150075154000, 2.749630657015593700 ) ) ;
#2493 = CARTESIAN_POINT ( 'NONE',  ( -3.174999999999999800, 9.541203703703704500, -1.833087104677061400 ) ) ;
#2494 = CARTESIAN_POINT ( 'NONE',  ( -0.3661480667638865600, 3.098871054611340300, -2.725515729483130000 ) ) ;
#2495 = EDGE_LOOP ( 'NONE', ( #229, #4908, #3263, #2752 ) ) ;
#2496 = UNCERTAINTY_MEASURE_WITH_UNIT (LENGTH_MEASURE( 1.000000000000000100E-005 ), #542, 'distance_accuracy_value', 'NONE');
#2497 = CARTESIAN_POINT ( 'NONE',  ( -0.3314047362195330400, 3.084427154647284100, 2.730199400263168700 ) ) ;
#2498 = B_SPLINE_CURVE_WITH_KNOTS ( 'NONE', 3,
 ( #656, #2226, #3835, #2686, #3460, #688, #1422, #1054, #3493, #4236, #2639, #3037, #1466, #4692 ),
 .UNSPECIFIED., .F., .F.,
 ( 4, 2, 2, 2, 2, 2, 4 ),
 ( 0.0000000000000000000, 0.001102366066987248900, 0.001653549100480873400, 0.002204732133974497300, 0.003307098200961746000, 0.003858281234455369500, 0.004409464267948993800 ),
 .UNSPECIFIED. ) ;
#2499 = VERTEX_POINT ( 'NONE', #4969 ) ;
#2500 = EDGE_CURVE ( 'NONE', #1236, #4272, #1689, .T. ) ;
#2501 = LINE ( 'NONE', #2286, #622 ) ;
#2502 = CARTESIAN_POINT ( 'NONE',  ( 1.396553427430554700, 5.618332454667206700, -2.418901491794177300 ) ) ;
#2503 = DIRECTION ( 'NONE',  ( -0.0000000000000000000, -1.000000000000000000, -0.0000000000000000000 ) ) ;
#2504 = CARTESIAN_POINT ( 'NONE',  ( 6.742753294174620500E-016, 7.661927083323699400, 3.670583931557075200 ) ) ;
#2505 = CARTESIAN_POINT ( 'NONE',  ( 1.396553427430554700, 8.967939815778317200, -2.418901491794177300 ) ) ;
#2506 = ORIENTED_EDGE ( 'NONE', *, *, #2558, .T. ) ;
#2507 = VECTOR ( 'NONE', #5175, 1000.000000000000000 ) ;
#2508 = CARTESIAN_POINT ( 'NONE',  ( 1.587499999999999200, 9.364814814814815600, -2.749630657015592800 ) ) ;
#2509 = CARTESIAN_POINT ( 'NONE',  ( 1.316317701184875100E-014, 3.370809924354782900, -2.750000000000000000 ) ) ;
#2510 = AXIS2_PLACEMENT_3D ( 'NONE', #2321, #5111, #3890 ) ;
#2511 = DIRECTION ( 'NONE',  ( 0.0000000000000000000, -0.0000000000000000000, 1.000000000000000000 ) ) ;
#2512 = EDGE_LOOP ( 'NONE', ( #5134, #1189 ) ) ;
#2513 = VECTOR ( 'NONE', #3081, 999.9999999999998900 ) ;
#2514 = ADVANCED_FACE ( 'NONE', ( #3389 ), #247, .F. ) ;
#2515 = DIRECTION ( 'NONE',  ( 0.0000000000000000000, -1.000000000000000000, 0.0000000000000000000 ) ) ;
#2516 = CARTESIAN_POINT ( 'NONE',  ( 0.0000000000000000000, 7.570000000000002100, -1.730000000000000000 ) ) ;
#2517 = DIRECTION ( 'NONE',  ( 0.0000000000000000000, 0.0000000000000000000, -1.000000000000000000 ) ) ;
#2518 = ORIENTED_EDGE ( 'NONE', *, *, #4912, .F. ) ;
#2519 = LINE ( 'NONE', #3174, #639 ) ;
#2520 = ORIENTED_EDGE ( 'NONE', *, *, #4459, .F. ) ;
#2521 = LINE ( 'NONE', #255, #3026 ) ;
#2522 = PLANE ( 'NONE',  #2082 ) ;
#2523 = CARTESIAN_POINT ( 'NONE',  ( 2.793106854861111500, 7.558610232444985800, 1.612600994529450200 ) ) ;
#2524 = CARTESIAN_POINT ( 'NONE',  ( -3.178818931451389100, 3.898964120360736800, -1.835291965778537400 ) ) ;
#2525 = CARTESIAN_POINT ( 'NONE',  ( 6.734652765903158200E-016, 5.631250001927006600, 3.666174209354123200 ) ) ;
#2526 = CIRCLE ( 'NONE', #4613, 0.6350000000000000100 ) ;
#2527 = CARTESIAN_POINT ( 'NONE',  ( 0.0000000000000000000, -3.979999999975099000, 0.0000000000000000000 ) ) ;
#2528 = CARTESIAN_POINT ( 'NONE',  ( -2.949462193412078400, 8.208746224931790200, 1.103156440966988300 ) ) ;
#2529 = CARTESIAN_POINT ( 'NONE',  ( 2.793106854861110200, 5.381365741704244400, -1.612600994529452200 ) ) ;
#2530 = EDGE_CURVE ( 'NONE', #490, #845, #952, .T. ) ;
#2531 = CARTESIAN_POINT ( 'NONE',  ( 2.039999999999999600, -4.129999999999999900, -3.040000000000000500 ) ) ;
#2532 = CIRCLE ( 'NONE', #1796, 0.6350000000000000100 ) ;
#2533 = EDGE_CURVE ( 'NONE', #2552, #5108, #3275, .T. ) ;
#2534 = CARTESIAN_POINT ( 'NONE',  ( -2.725431540799233800, 3.002443016035500500, 0.3667736582917495700 ) ) ;
#2535 = EDGE_LOOP ( 'NONE', ( #376, #985, #4054, #21 ) ) ;
#2536 = ORIENTED_EDGE ( 'NONE', *, *, #3819, .T. ) ;
#2537 = CARTESIAN_POINT ( 'NONE',  ( 3.113443558099875400, 4.445829763636964100, -0.1184389544509649900 ) ) ;
#2538 = CARTESIAN_POINT ( 'NONE',  ( -1.396553427430553300, 6.676665788000540200, 2.418901491794178200 ) ) ;
#2539 = CARTESIAN_POINT ( 'NONE',  ( 2.675878240057282000, 3.002443016035522200, -0.3601050463261220000 ) ) ;
#2540 = CARTESIAN_POINT ( 'NONE',  ( -1.589409465725691900, 6.897575231471847700, 2.752937948667808100 ) ) ;
#2541 = CARTESIAN_POINT ( 'NONE',  ( -1.587499999999997500, 4.161342594519598300, 2.749630657015593700 ) ) ;
#2542 = ORIENTED_EDGE ( 'NONE', *, *, #4318, .T. ) ;
#2543 = AXIS2_PLACEMENT_3D ( 'NONE', #4037, #468, #2448 ) ;
#2544 = CARTESIAN_POINT ( 'NONE',  ( 3.367778697655221000E-016, 0.0000000000000000000, 2.750000000000000000 ) ) ;
#2545 = CARTESIAN_POINT ( 'NONE',  ( -2.697643410430466700, 2.997921052681319600, -0.3150922842482610800 ) ) ;
#2546 = CARTESIAN_POINT ( 'NONE',  ( 2.702519219310490300, 3.167196111375425000, 0.2824184657896438600 ) ) ;
#2547 = CARTESIAN_POINT ( 'NONE',  ( -2.793106854861110200, 5.734143519482022300, 1.612600994529452600 ) ) ;
#2548 = CARTESIAN_POINT ( 'NONE',  ( -1.396553427430555500, 5.557754630593133300, -2.418901491794176900 ) ) ;
#2549 = CARTESIAN_POINT ( 'NONE',  ( -0.3601050463260940200, 3.002443016035522700, -2.675878240057286000 ) ) ;
#2550 = DIRECTION ( 'NONE',  ( 1.000000000000000000, 0.0000000000000000000, -1.224646799147353200E-016 ) ) ;
#2551 = DIRECTION ( 'NONE',  ( 0.0000000000000000000, 0.0000000000000000000, 1.000000000000000000 ) ) ;
#2552 = VERTEX_POINT ( 'NONE', #2143 ) ;
#2553 = CARTESIAN_POINT ( 'NONE',  ( 3.175000000000002500, 5.719444444444446800, -3.888253587292849000E-016 ) ) ;
#2554 = CARTESIAN_POINT ( 'NONE',  ( 1.396553427430556700, 6.088702825037576500, 2.418901491794176500 ) ) ;
#2555 = CARTESIAN_POINT ( 'NONE',  ( 3.178818931451388600, 3.604982638879255400, -3.892930429470952600E-016 ) ) ;
#2556 = CARTESIAN_POINT ( 'NONE',  ( -1.187938621406698900, 2.500247728645772000, -2.980317526504213900 ) ) ;
#2557 = EDGE_LOOP ( 'NONE', ( #2214, #2630, #1671 ) ) ;
#2558 = EDGE_CURVE ( 'NONE', #1186, #3936, #3720, .T. ) ;
#2559 = CARTESIAN_POINT ( 'NONE',  ( -0.6268193041060558000, 4.770000000000001400, 0.1016000000000000200 ) ) ;
#2560 = CARTESIAN_POINT ( 'NONE',  ( 2.793106854861110700, 7.498032408370910700, -1.612600994529452200 ) ) ;
#2561 = VERTEX_POINT ( 'NONE', #543 ) ;
#2562 = ADVANCED_FACE ( 'NONE', ( #4279 ), #4545, .F. ) ;
#2563 = DIRECTION ( 'NONE',  ( 0.0000000000000000000, -1.000000000000000000, 0.0000000000000000000 ) ) ;
#2564 = EDGE_LOOP ( 'NONE', ( #3113, #4495, #4241, #3165 ) ) ;
#2565 = DIRECTION ( 'NONE',  ( 0.0000000000000000000, 0.0000000000000000000, -1.000000000000000000 ) ) ;
#2566 = EDGE_CURVE ( 'NONE', #2248, #4915, #4094, .T. ) ;
#2567 = ORIENTED_EDGE ( 'NONE', *, *, #2826, .T. ) ;
#2568 = FACE_OUTER_BOUND ( 'NONE', #1505, .T. ) ;
#2569 = ORIENTED_EDGE ( 'NONE', *, *, #1484, .T. ) ;
#2570 = ORIENTED_EDGE ( 'NONE', *, *, #2198, .F. ) ;
#2571 = DIRECTION ( 'NONE',  ( 0.0000000000000000000, 0.0000000000000000000, -1.000000000000000000 ) ) ;
#2572 = DIRECTION ( 'NONE',  ( 0.0000000000000000000, 0.0000000000000000000, -1.000000000000000000 ) ) ;
#2573 = CARTESIAN_POINT ( 'NONE',  ( 1.589409465725693600, 5.839241898138514100, -2.752937948667807200 ) ) ;
#2574 = CARTESIAN_POINT ( 'NONE',  ( 2.793106854861111500, 8.085995371333874400, 1.612600994529450200 ) ) ;
#2575 = ORIENTED_EDGE ( 'NONE', *, *, #447, .T. ) ;
#2576 = CIRCLE ( 'NONE', #4258, 2.793106380989011300 ) ;
#2577 = ORIENTED_EDGE ( 'NONE', *, *, #2933, .T. ) ;
#2578 = CARTESIAN_POINT ( 'NONE',  ( -2.749918040417039100, 3.336400696876051300, -0.09055064498972266500 ) ) ;
#2579 = ORIENTED_EDGE ( 'NONE', *, *, #1124, .T. ) ;
#2580 = CARTESIAN_POINT ( 'NONE',  ( 2.793106854861110700, 5.322569445407947500, -3.420569369482190000E-016 ) ) ;
#2581 = CIRCLE ( 'NONE', #529, 1.729999999999999300 ) ;
#2582 = CARTESIAN_POINT ( 'NONE',  ( -1.396553427430555500, 6.968865741704243900, -2.418901491794176900 ) ) ;
#2583 = LINE ( 'NONE', #480, #3022 ) ;
#2584 = CARTESIAN_POINT ( 'NONE',  ( -0.3667736582917212100, 3.002443016035500900, -2.725431540799237800 ) ) ;
#2585 = DIRECTION ( 'NONE',  ( 0.0000000000000000000, 0.0000000000000000000, -1.000000000000000000 ) ) ;
#2586 = PLANE ( 'NONE',  #33 ) ;
#2587 = FACE_OUTER_BOUND ( 'NONE', #4470, .T. ) ;
#2588 = DIRECTION ( 'NONE',  ( 0.0000000000000000000, -0.0000000000000000000, 1.000000000000000000 ) ) ;
#2589 = CARTESIAN_POINT ( 'NONE',  ( 2.731038449828450800, 2.809673460673118400, -0.3294423970777893300 ) ) ;
#2590 =( BOUNDED_CURVE ( )  B_SPLINE_CURVE ( 2, ( #2677, #664, #1062, #4722, #5159 ),
 .UNSPECIFIED., .F., .F. ) 
 B_SPLINE_CURVE_WITH_KNOTS ( ( 3, 2, 3 ),
 ( 0.0000000000000000000, 0.002892583217422504700, 0.004554414554640937000 ),
 .UNSPECIFIED. ) 
 CURVE ( )  GEOMETRIC_REPRESENTATION_ITEM ( )  RATIONAL_B_SPLINE_CURVE ( ( 0.9697544308037211500, 0.8834019253654401500, 1.000000000000000000, 0.9330127018922191900, 0.9330127018922194100 ) ) 
 REPRESENTATION_ITEM ( '' )  );
#2591 = ADVANCED_FACE ( 'NONE', ( #3399 ), #4993, .F. ) ;
#2592 = CARTESIAN_POINT ( 'NONE',  ( 0.1912030574094194000, 3.331313600193758400, 2.744198712723971800 ) ) ;
#2594 = CARTESIAN_POINT ( 'NONE',  ( 3.039999999999999600, 1.600000000000000100, -2.825048672147085300 ) ) ;
#2593 =( BOUNDED_CURVE ( )  B_SPLINE_CURVE ( 2, ( #2284, #2657, #3439, #1446, #2618, #3870, #1479, #3087, #4677 ),
 .UNSPECIFIED., .F., .F. ) 
 B_SPLINE_CURVE_WITH_KNOTS ( ( 3, 2, 2, 2, 3 ),
 ( 0.02445303041447913200, 0.02611101618765379600, 0.02942698773400313100, 0.03274295928035247200, 0.03440094505350132400 ),
 .UNSPECIFIED. ) 
 CURVE ( )  GEOMETRIC_REPRESENTATION_ITEM ( )  RATIONAL_B_SPLINE_CURVE ( ( 0.9330127018922194100, 0.9330127018922196300, 1.000000000000000000, 0.8660254037844387100, 1.000000000000000000, 0.8660254037844387100, 1.000000000000000000, 0.9330127018932625700, 0.9330127018922193000 ) ) 
 REPRESENTATION_ITEM ( '' )  );
#2595 = CARTESIAN_POINT ( 'NONE',  ( 6.742753294174620500E-016, 6.956371527768143700, 3.670583931557075200 ) ) ;
#2596 = CARTESIAN_POINT ( 'NONE',  ( -2.793106854861110700, 8.497569445407949100, 0.0000000000000000000 ) ) ;
#2597 = VERTEX_POINT ( 'NONE', #2559 ) ;
#2598 = CARTESIAN_POINT ( 'NONE',  ( 0.0000000000000000000, 7.440000000000002200, 0.6350000000000000100 ) ) ;
#2599 = DIRECTION ( 'NONE',  ( 8.659560562354931600E-017, 0.7071067811865475700, -0.7071067811865474600 ) ) ;
#2600 = CARTESIAN_POINT ( 'NONE',  ( -1.396553427430555500, 5.557754630593133300, -2.418901491794176900 ) ) ;
#2601 = CARTESIAN_POINT ( 'NONE',  ( -1.974866646252331000E-016, 4.793402778741280700, -3.225201989058902500 ) ) ;
#2602 = EDGE_CURVE ( 'NONE', #2931, #723, #4220, .T. ) ;
#2603 = CARTESIAN_POINT ( 'NONE',  ( 0.0000000000000000000, 6.383128419472075000, 0.0000000000000000000 ) ) ;
#2604 = EDGE_CURVE ( 'NONE', #2454, #616, #1580, .T. ) ;
#2605 = ORIENTED_EDGE ( 'NONE', *, *, #516, .T. ) ;
#2606 = CARTESIAN_POINT ( 'NONE',  ( 1.587500000000314800, 8.041898150074789700, -2.749630657016139100 ) ) ;
#2607 = CARTESIAN_POINT ( 'NONE',  ( 2.118638962524920300E-016, 4.670000000000001700, 1.729999999999999300 ) ) ;
#2608 = ORIENTED_EDGE ( 'NONE', *, *, #2604, .F. ) ;
#2609 = CARTESIAN_POINT ( 'NONE',  ( 0.0000000000000000000, 7.440000000000002200, 0.0000000000000000000 ) ) ;
#2610 = CARTESIAN_POINT ( 'NONE',  ( 2.744965553210206600, 2.702211990849673100, -0.1777639208845253900 ) ) ;
#2611 = DIRECTION ( 'NONE',  ( -0.0000000000000000000, -0.0000000000000000000, 1.000000000000000000 ) ) ;
#2612 = CARTESIAN_POINT ( 'NONE',  ( 3.039999999999999600, -4.129999999999999900, 2.039999999999999100 ) ) ;
#2613 = DIRECTION ( 'NONE',  ( -0.0000000000000000000, 1.000000000000000000, -0.0000000000000000000 ) ) ;
#2614 = EDGE_LOOP ( 'NONE', ( #3098, #4693, #5121, #4217 ) ) ;
#2615 = CARTESIAN_POINT ( 'NONE',  ( 1.396553427430554700, 4.734606482444984700, -2.418901491794177300 ) ) ;
#2616 = CARTESIAN_POINT ( 'NONE',  ( 7.030368536499343100E-015, 7.042361113038117200, 3.174999999999998900 ) ) ;
#2617 = ADVANCED_FACE ( 'NONE', ( #2773 ), #2403, .F. ) ;
#2618 = CARTESIAN_POINT ( 'NONE',  ( 3.175000000000049600, 7.130555555555585700, -3.888253587292907200E-016 ) ) ;
#2619 = ORIENTED_EDGE ( 'NONE', *, *, #1326, .T. ) ;
#2620 = ORIENTED_EDGE ( 'NONE', *, *, #980, .F. ) ;
#2621 = PLANE ( 'NONE',  #927 ) ;
#2622 = VERTEX_POINT ( 'NONE', #509 ) ;
#2623 = DIRECTION ( 'NONE',  ( 1.047444401652938900E-014, 0.0000000000000000000, -1.000000000000000000 ) ) ;
#2624 = EDGE_LOOP ( 'NONE', ( #659, #2224, #4614, #1854, #3141 ) ) ;
#2625 = CARTESIAN_POINT ( 'NONE',  ( -1.396553427430555500, 9.083768519482021000, -2.418901491794176900 ) ) ;
#2626 = PLANE ( 'NONE',  #2916 ) ;
#2627 = CARTESIAN_POINT ( 'NONE',  ( -2.793106854861111100, 8.615162038000541100, -1.612600994529450800 ) ) ;
#2628 = CARTESIAN_POINT ( 'NONE',  ( 2.697643460049958400, 3.002137639033551700, -0.3150919155356838900 ) ) ;
#2629 = CIRCLE ( 'NONE', #670, 0.4825999999999999200 ) ;
#2630 = ORIENTED_EDGE ( 'NONE', *, *, #3879, .T. ) ;
#2631 = EDGE_CURVE ( 'NONE', #1976, #3175, #5211, .T. ) ;
#2632 = DIRECTION ( 'NONE',  ( -0.0000000000000000000, -1.000000000000000000, -0.0000000000000000000 ) ) ;
#2633 = EDGE_CURVE ( 'NONE', #3315, #4646, #3588, .T. ) ;
#2634 = CARTESIAN_POINT ( 'NONE',  ( -2.793106854861111100, 4.205439815778317900, -1.612600994529450800 ) ) ;
#2635 = ORIENTED_EDGE ( 'NONE', *, *, #3334, .F. ) ;
#2636 = CARTESIAN_POINT ( 'NONE',  ( -3.178818931451389100, 6.804971066751455100, -1.835291965778537400 ) ) ;
#2637 = FACE_OUTER_BOUND ( 'NONE', #3344, .T. ) ;
#2638 = CARTESIAN_POINT ( 'NONE',  ( -2.749081235081298300, 4.200073948217511300, -0.8179731409620607500 ) ) ;
#2639 = CARTESIAN_POINT ( 'NONE',  ( -1.989380179020021200, 8.556893145138893400, -1.969075780324032200 ) ) ;
#2640 =( NAMED_UNIT ( * ) PLANE_ANGLE_UNIT ( ) SI_UNIT ( $, .RADIAN. ) );
#2641 = ORIENTED_EDGE ( 'NONE', *, *, #1326, .F. ) ;
#2642 = FACE_OUTER_BOUND ( 'NONE', #2564, .T. ) ;
#2643 = PRESENTATION_LAYER_ASSIGNMENT (  '', '', ( #5212 ) ) ;
#2644 = CARTESIAN_POINT ( 'NONE',  ( 2.725431483040755300, 2.997624060207209100, 0.3667740874847482100 ) ) ;
#2645 = CARTESIAN_POINT ( 'NONE',  ( -3.039999999999998700, -4.129999999999999900, 2.825048672147085300 ) ) ;
#2646 = CARTESIAN_POINT ( 'NONE',  ( -0.4717840607735703800, 4.770000000000001400, 0.1016000000000000100 ) ) ;
#2647 = CARTESIAN_POINT ( 'NONE',  ( 2.713456682661199400, 2.712588980220970400, -0.1683472049376561200 ) ) ;
#2648 = ORIENTED_EDGE ( 'NONE', *, *, #2734, .T. ) ;
#2649 = DIRECTION ( 'NONE',  ( -0.0000000000000000000, 1.000000000000000000, -0.0000000000000000000 ) ) ;
#2650 = CIRCLE ( 'NONE', #3379, 0.6350000000000000100 ) ;
#2651 = LINE ( 'NONE', #1385, #1267 ) ;
#2652 = CARTESIAN_POINT ( 'NONE',  ( -0.1655363980149570400, 2.711078805617734000, 2.713660721199268700 ) ) ;
#2653 = CARTESIAN_POINT ( 'NONE',  ( -2.793106854861110700, 2.853125000963503400, 0.0000000000000000000 ) ) ;
#2654 = AXIS2_PLACEMENT_3D ( 'NONE', #574, #626, #3426 ) ;
#2655 = CARTESIAN_POINT ( 'NONE',  ( -1.589409465725691900, 7.686915511195899800, 2.752937948667808100 ) ) ;
#2656 = CARTESIAN_POINT ( 'NONE',  ( -2.709077561201776800, 4.246265111200134600, 1.073669806884161200 ) ) ;
#2657 = CARTESIAN_POINT ( 'NONE',  ( 0.8507386859688299600, 7.275435604223408100, -3.175000000000049100 ) ) ;
#2658 = VECTOR ( 'NONE', #2906, 1000.000000000000000 ) ;
#2659 = CARTESIAN_POINT ( 'NONE',  ( -3.020286994833636600E-011, 8.100694446372569900, -3.174999999999999800 ) ) ;
#2660 = UNCERTAINTY_MEASURE_WITH_UNIT (LENGTH_MEASURE( 1.000000000000000100E-005 ), #3114, 'distance_accuracy_value', 'NONE');
#2661 = CARTESIAN_POINT ( 'NONE',  ( -1.974866646252330800E-016, 8.319416667630172000, -3.225201989058902100 ) ) ;
#2662 = CARTESIAN_POINT ( 'NONE',  ( -0.1649544349856976200, 2.710675320135278500, 2.713706856266283800 ) ) ;
#2663 = DIRECTION ( 'NONE',  ( -0.0000000000000000000, 1.000000000000000000, 0.0000000000000000000 ) ) ;
#2664 = DIRECTION ( 'NONE',  ( -0.0000000000000000000, -1.000000000000000000, -0.0000000000000000000 ) ) ;
#2665 = ORIENTED_EDGE ( 'NONE', *, *, #1651, .T. ) ;
#2666 = ORIENTED_EDGE ( 'NONE', *, *, #300, .T. ) ;
#2667 = CARTESIAN_POINT ( 'NONE',  ( -3.039999999999998700, -0.0000000000000000000, -2.039999999999999100 ) ) ;
#2668 = CARTESIAN_POINT ( 'NONE',  ( -0.2986458422351205800, 2.829446573492165200, -2.734598471358038000 ) ) ;
#2669 = CARTESIAN_POINT ( 'NONE',  ( -1.396553427430555500, 9.261921297259800000, -2.418901491794176900 ) ) ;
#2670 = ORIENTED_EDGE ( 'NONE', *, *, #852, .F. ) ;
#2671 = CARTESIAN_POINT ( 'NONE',  ( -0.3150987235112563400, 3.000000000000000000, -2.697642543859652100 ) ) ;
#2672 = EDGE_CURVE ( 'NONE', #1720, #3400, #3027, .T. ) ;
#2673 = CARTESIAN_POINT ( 'NONE',  ( 0.3674048548385904200, 2.905151026526905200, 2.725346597823441900 ) ) ;
#2674 = CARTESIAN_POINT ( 'NONE',  ( -3.040000000000000500, 1.600000000000000100, -2.825048672147083600 ) ) ;
#2675 = CARTESIAN_POINT ( 'NONE',  ( -0.08103337654771743100, 3.325106404609731800, -2.718834267048633200 ) ) ;
#2676 = CARTESIAN_POINT ( 'NONE',  ( -2.793106854861110700, 8.495805556519059100, 0.0000000000000000000 ) ) ;
#2677 = CARTESIAN_POINT ( 'NONE',  ( -3.147463178057772600, 8.174996876044582800, -0.4172627955599315100 ) ) ;
#2678 = CARTESIAN_POINT ( 'NONE',  ( -0.5058127770397510300, 7.373266071162393400, -0.1015999999999999400 ) ) ;
#2679 = AXIS2_PLACEMENT_3D ( 'NONE', #642, #4270, #2623 ) ;
#2680 = ORIENTED_EDGE ( 'NONE', *, *, #5047, .F. ) ;
#2681 = CARTESIAN_POINT ( 'NONE',  ( -3.039999999999998700, 0.0000000000000000000, 2.039999999999999100 ) ) ;
#2682 = CARTESIAN_POINT ( 'NONE',  ( 5.924599938756993300E-016, 3.735069445407948500, 3.225201989058902100 ) ) ;
#2683 = CARTESIAN_POINT ( 'NONE',  ( 3.178818931451389900, 7.863304400084787800, 1.835291965778536500 ) ) ;
#2684 = VERTEX_POINT ( 'NONE', #584 ) ;
#2685 = CARTESIAN_POINT ( 'NONE',  ( -6.100733027540753200E-015, 7.395138890815894200, -3.174999999999998900 ) ) ;
#2686 = CARTESIAN_POINT ( 'NONE',  ( -2.792414941803446700, 8.556893145138902300, 0.1922480318832777100 ) ) ;
#2687 = CARTESIAN_POINT ( 'NONE',  ( 6.734652765903158200E-016, 5.543055555555557000, 3.666174209354123200 ) ) ;
#2688 = CARTESIAN_POINT ( 'NONE',  ( 0.0000000000000000000, 0.0000000000000000000, 0.0000000000000000000 ) ) ;
#2689 = CARTESIAN_POINT ( 'NONE',  ( 0.0000000000000000000, 4.770000000000001400, 0.0000000000000000000 ) ) ;
#2690 = ADVANCED_FACE ( 'NONE', ( #2340 ), #5067, .F. ) ;
#2691 = ORIENTED_EDGE ( 'NONE', *, *, #1616, .T. ) ;
#2692 = CARTESIAN_POINT ( 'NONE',  ( -0.3303034960501672300, 3.089677256771644000, -2.730331082275081000 ) ) ;
#2693 = ORIENTED_EDGE ( 'NONE', *, *, #4276, .F. ) ;
#2694 = CARTESIAN_POINT ( 'NONE',  ( 1.396553427430556700, 7.319879630593132600, 2.418901491794176500 ) ) ;
#2695 = CARTESIAN_POINT ( 'NONE',  ( 2.975891721928067900E-016, 9.500000000000001800, -2.429999999999999700 ) ) ;
#2696 = ORIENTED_EDGE ( 'NONE', *, *, #235, .F. ) ;
#2697 = EDGE_CURVE ( 'NONE', #1990, #2911, #3205, .T. ) ;
#2698 = EDGE_CURVE ( 'NONE', #1976, #4729, #2651, .T. ) ;
#2699 = CARTESIAN_POINT ( 'NONE',  ( -1.396553427430555500, 4.146643519482021900, -2.418901491794176900 ) ) ;
#2700 = EDGE_CURVE ( 'NONE', #1763, #5011, #5264, .T. ) ;
#2701 = CARTESIAN_POINT ( 'NONE',  ( 3.178818931451389900, 7.157748844529233000, 1.835291965778536500 ) ) ;
#2702 = CARTESIAN_POINT ( 'NONE',  ( 2.793106854861110700, 8.144791667630169500, -3.420569369482190000E-016 ) ) ;
#2703 = CIRCLE ( 'NONE', #1732, 2.750000000000000000 ) ;
#2704 = DIRECTION ( 'NONE',  ( -0.0000000000000000000, -1.000000000000000000, -0.0000000000000000000 ) ) ;
#2705 = CARTESIAN_POINT ( 'NONE',  ( 1.587500000000001500, 7.012962962962963500, 2.749630657015591500 ) ) ;
#2706 = ORIENTED_EDGE ( 'NONE', *, *, #479, .F. ) ;
#2707 = SURFACE_SIDE_STYLE ('',( #1685 ) ) ;
#2708 = CARTESIAN_POINT ( 'NONE',  ( 0.0000000000000000000, 7.440000000000002200, 0.0000000000000000000 ) ) ;
#2709 = CARTESIAN_POINT ( 'NONE',  ( -0.3667736582950766300, 3.002443016038342600, -2.725431540799084600 ) ) ;
#2710 = FACE_OUTER_BOUND ( 'NONE', #370, .T. ) ;
#2711 = FACE_OUTER_BOUND ( 'NONE', #1749, .T. ) ;
#2712 = CARTESIAN_POINT ( 'NONE',  ( -0.08542947505392223300, 3.337779045401848800, -2.750079601185813100 ) ) ;
#2713 = AXIS2_PLACEMENT_3D ( 'NONE', #3345, #2113, #1347 ) ;
#2714 = AXIS2_PLACEMENT_3D ( 'NONE', #1194, #3171, #3186 ) ;
#2715 = ORIENTED_EDGE ( 'NONE', *, *, #1352, .F. ) ;
#2716 = CARTESIAN_POINT ( 'NONE',  ( 2.793106854861110700, 5.379601852815355300, -1.612600994529452200 ) ) ;
#2717 = DIRECTION ( 'NONE',  ( 0.0000000000000000000, 0.0000000000000000000, 1.000000000000000000 ) ) ;
#2718 = CYLINDRICAL_SURFACE ( 'NONE', #3895, 0.6350000000000000100 ) ;
#2719 = PLANE ( 'NONE',  #5029 ) ;
#2720 = LINE ( 'NONE', #3238, #1083 ) ;
#2721 = B_SPLINE_CURVE_WITH_KNOTS ( 'NONE', 3,
 ( #4668, #5055, #1006, #647, #5080, #3429 ),
 .UNSPECIFIED., .F., .F.,
 ( 4, 2, 4 ),
 ( 0.001731535802642242400, 0.002018995479156559900, 0.002306455155670877500 ),
 .UNSPECIFIED. ) ;
#2722 = DIRECTION ( 'NONE',  ( -0.0000000000000000000, -1.000000000000000000, -0.0000000000000000000 ) ) ;
#2723 = CARTESIAN_POINT ( 'NONE',  ( 1.396553427430554700, 4.910995371333873600, -2.418901491794177300 ) ) ;
#2724 = AXIS2_PLACEMENT_3D ( 'NONE', #606, #5053, #1024 ) ;
#2725 = CARTESIAN_POINT ( 'NONE',  ( 3.178818931451388600, 2.983211807492196900, -3.892930429470952600E-016 ) ) ;
#2726 = CARTESIAN_POINT ( 'NONE',  ( -1.396553427430555500, 7.674421297259798700, -2.418901491794176900 ) ) ;
#2727 = CARTESIAN_POINT ( 'NONE',  ( 3.174999999999999800, 5.719444444444445000, -3.888253587292846100E-016 ) ) ;
#2728 = ORIENTED_EDGE ( 'NONE', *, *, #2533, .T. ) ;
#2729 = DIRECTION ( 'NONE',  ( 0.0000000000000000000, 0.7071067811865487900, 0.7071067811865463500 ) ) ;
#2730 = CARTESIAN_POINT ( 'NONE',  ( 0.3150922842482893900, 2.997921052681319600, -2.697643410430463600 ) ) ;
#2731 = ORIENTED_EDGE ( 'NONE', *, *, #2631, .T. ) ;
#2732 = CARTESIAN_POINT ( 'NONE',  ( 1.396553427430556700, 6.614324075037576900, 2.418901491794176500 ) ) ;
#2733 = CARTESIAN_POINT ( 'NONE',  ( 2.793106854861110700, 4.793402778741280700, -3.420569369482190000E-016 ) ) ;
#2734 = EDGE_CURVE ( 'NONE', #1064, #1785, #2148, .T. ) ;
#2735 = DIRECTION ( 'NONE',  ( 0.0000000000000000000, 0.0000000000000000000, 1.000000000000000000 ) ) ;
#2736 = EDGE_CURVE ( 'NONE', #358, #897, #180, .T. ) ;
#2737 = PLANE ( 'NONE',  #4434 ) ;
#2738 = CARTESIAN_POINT ( 'NONE',  ( 1.396553427430554700, 8.438773149111652200, -2.418901491794177300 ) ) ;
#2739 = CARTESIAN_POINT ( 'NONE',  ( -3.178818931451388200, 6.217008103788491400, 1.835291965778539400 ) ) ;
#2740 = CARTESIAN_POINT ( 'NONE',  ( 1.587500000000001500, 6.307407407407408700, 2.749630657015591500 ) ) ;
#2741 = EDGE_CURVE ( 'NONE', #1186, #3072, #3465, .T. ) ;
#2742 = DIRECTION ( 'NONE',  ( -0.0000000000000000000, -1.000000000000000000, -0.0000000000000000000 ) ) ;
#2743 = ORIENTED_EDGE ( 'NONE', *, *, #2471, .F. ) ;
#2744 = CARTESIAN_POINT ( 'NONE',  ( -2.793106854861110700, 3.558680556519059100, 0.0000000000000000000 ) ) ;
#2745 = CARTESIAN_POINT ( 'NONE',  ( 0.3156111424033753400, 3.081680271883195000, -2.697573555868099300 ) ) ;
#2746 = DIRECTION ( 'NONE',  ( 0.0000000000000000000, -1.000000000000000000, 0.0000000000000000000 ) ) ;
#2747 = ORIENTED_EDGE ( 'NONE', *, *, #748, .T. ) ;
#2748 = CARTESIAN_POINT ( 'NONE',  ( 2.793106854861111500, 4.556453704667207600, 1.612600994529450200 ) ) ;
#2749 = CARTESIAN_POINT ( 'NONE',  ( -1.396553427430555500, 4.323032408370910900, -2.418901491794176900 ) ) ;
#2750 = CARTESIAN_POINT ( 'NONE',  ( 2.786843002277903400, 8.382616781234739600, 1.037112840523396900 ) ) ;
#2751 = CARTESIAN_POINT ( 'NONE',  ( 0.0000000000000000000, 0.0000000000000000000, -3.174999999999999800 ) ) ;
#2752 = ORIENTED_EDGE ( 'NONE', *, *, #2604, .T. ) ;
#2753 = MANIFOLD_SOLID_BREP ( 'Mirror1', #1023 ) ;
#2754 = CARTESIAN_POINT ( 'NONE',  ( -2.793106854861111100, 6.498495371333873100, -1.612600994529450800 ) ) ;
#2755 = CARTESIAN_POINT ( 'NONE',  ( -3.178818931451388200, 4.100341437121826100, 1.835291965778539400 ) ) ;
#2756 = CARTESIAN_POINT ( 'NONE',  ( -1.587499999999997500, 7.600925925925927200, 2.749630657015593700 ) ) ;
#2758 = CARTESIAN_POINT ( 'NONE',  ( 2.039999999999999600, 0.0000000000000000000, 3.040000000000000500 ) ) ;
#2757 = UNCERTAINTY_MEASURE_WITH_UNIT (LENGTH_MEASURE( 1.000000000000000100E-005 ), #3888, 'distance_accuracy_value', 'NONE');
#2759 = DIRECTION ( 'NONE',  ( -0.0000000000000000000, -1.000000000000000000, -0.0000000000000000000 ) ) ;
#2760 = VECTOR ( 'NONE', #3448, 1000.000000000000000 ) ;
#2761 = CARTESIAN_POINT ( 'NONE',  ( -3.039999999999998700, -4.129999999999999900, -2.825048672147085300 ) ) ;
#2762 = CARTESIAN_POINT ( 'NONE',  ( -2.793106854861110200, 3.615712963926466500, 1.612600994529452600 ) ) ;
#2763 = CARTESIAN_POINT ( 'NONE',  ( -1.396553427430555500, 7.850810186148688500, -2.418901491794176900 ) ) ;
#2764 = ORIENTED_EDGE ( 'NONE', *, *, #791, .F. ) ;
#2765 = CARTESIAN_POINT ( 'NONE',  ( -0.8507386859805381500, 4.894185606149949100, 3.174999999993231900 ) ) ;
#2766 = CARTESIAN_POINT ( 'NONE',  ( 1.830219908262226500E-014, 6.248611111111112700, 3.175000000000000700 ) ) ;
#2767 = CARTESIAN_POINT ( 'NONE',  ( 1.396553427430556700, 7.498032408370910700, 2.418901491794176500 ) ) ;
#2768 = EDGE_CURVE ( 'NONE', #3912, #719, #1251, .T. ) ;
#2769 = VERTEX_POINT ( 'NONE', #4689 ) ;
#2770 = CARTESIAN_POINT ( 'NONE',  ( 1.589409465725693600, 3.806359955640344200, -2.752937948667807200 ) ) ;
#2771 = CIRCLE ( 'NONE', #1502, 0.6350000000000000100 ) ;
#2772 = CARTESIAN_POINT ( 'NONE',  ( -1.974866646252330800E-016, 4.969791667630169700, -3.225201989058902100 ) ) ;
#2773 = FACE_OUTER_BOUND ( 'NONE', #3838, .T. ) ;
#2774 = DIRECTION ( 'NONE',  ( -0.0000000000000000000, -1.000000000000000000, -0.0000000000000000000 ) ) ;
#2775 = FACE_OUTER_BOUND ( 'NONE', #3955, .T. ) ;
#2776 = PLANE ( 'NONE',  #1629 ) ;
#2777 = AXIS2_PLACEMENT_3D ( 'NONE', #4111, #2115, #2095 ) ;
#2778 = AXIS2_PLACEMENT_3D ( 'NONE', #4535, #519, #917 ) ;
#2779 = CARTESIAN_POINT ( 'NONE',  ( -2.793106854861110700, 4.968027778741281400, 0.0000000000000000000 ) ) ;
#2780 = CARTESIAN_POINT ( 'NONE',  ( 1.396553427430554700, 7.027662038000540800, -2.418901491794177300 ) ) ;
#2781 = CARTESIAN_POINT ( 'NONE',  ( 2.725431483040754900, 2.997624060207222400, 0.3667740874847484300 ) ) ;
#2782 = CIRCLE ( 'NONE', #4141, 2.299999999999999400 ) ;
#2783 = CARTESIAN_POINT ( 'NONE',  ( 0.1683472049376305600, 2.712588980220977900, 2.713456682661162600 ) ) ;
#2784 = CARTESIAN_POINT ( 'NONE',  ( 6.858022075072699400E-017, -4.129999999999999900, -0.4849999999750982400 ) ) ;
#2785 = DIRECTION ( 'NONE',  ( 0.0000000000000000000, 0.0000000000000000000, -1.000000000000000000 ) ) ;
#2786 = CARTESIAN_POINT ( 'NONE',  ( -1.396553427430555500, 5.028587963926466600, -2.418901491794176900 ) ) ;
#2787 = ORIENTED_EDGE ( 'NONE', *, *, #5235, .F. ) ;
#2788 = CARTESIAN_POINT ( 'NONE',  ( -3.178818931451388600, 3.335989585269973900, 0.0000000000000000000 ) ) ;
#2789 = CARTESIAN_POINT ( 'NONE',  ( -2.793106854861111100, 4.381828704667206900, -1.612600994529450800 ) ) ;
#2790 = CARTESIAN_POINT ( 'NONE',  ( 2.697573555868107300, 3.081680271883187100, 0.3156111424033489800 ) ) ;
#2791 = ORIENTED_EDGE ( 'NONE', *, *, #3807, .T. ) ;
#2792 = CARTESIAN_POINT ( 'NONE',  ( -0.6503275992012946800, 2.704115554537226200, -2.716343114628415800 ) ) ;
#2793 = CARTESIAN_POINT ( 'NONE',  ( 4.336808689942017700E-016, 0.0000000000000000000, 0.0000000000000000000 ) ) ;
#2794 = CARTESIAN_POINT ( 'NONE',  ( -1.974866646252330800E-016, 4.086083334296836800, -3.225201989058902100 ) ) ;
#2795 = CARTESIAN_POINT ( 'NONE',  ( 2.793106854861110700, 6.910069445407947900, -3.420569369482190000E-016 ) ) ;
#2796 = CARTESIAN_POINT ( 'NONE',  ( 0.3864999787655550900, 8.509132181497310700, -2.821058017558286200 ) ) ;
#2797 = EDGE_CURVE ( 'NONE', #4266, #4110, #4415, .T. ) ;
#2798 = EDGE_CURVE ( 'NONE', #3072, #4301, #1144, .T. ) ;
#2799 = CARTESIAN_POINT ( 'NONE',  ( -1.974866646252330800E-016, 9.204906528741283000, -3.225201989058902100 ) ) ;
#2800 = CARTESIAN_POINT ( 'NONE',  ( -2.244884255301052700E-016, 6.689583335260339300, -3.666174209354123200 ) ) ;
#2801 = ORIENTED_EDGE ( 'NONE', *, *, #2064, .F. ) ;
#2802 = CARTESIAN_POINT ( 'NONE',  ( -2.793106854861110200, 3.793865741704244500, 1.612600994529452600 ) ) ;
#2803 = DIRECTION ( 'NONE',  ( -1.000000000000000000, 0.0000000000000000000, 0.0000000000000000000 ) ) ;
#2804 = CARTESIAN_POINT ( 'NONE',  ( 2.713421071003422100, 3.287020076934697300, 0.1687195595222946200 ) ) ;
#2805 = AXIS2_PLACEMENT_3D ( 'NONE', #4709, #286, #3101 ) ;
#2806 = DIRECTION ( 'NONE',  ( -0.0000000000000000000, 1.000000000000000000, -0.0000000000000000000 ) ) ;
#2807 = AXIS2_PLACEMENT_3D ( 'NONE', #24, #2433, #77 ) ;
#2808 = ORIENTED_EDGE ( 'NONE', *, *, #2430, .T. ) ;
#2809 = DIRECTION ( 'NONE',  ( -1.000000000000000000, 0.0000000000000000000, 0.0000000000000000000 ) ) ;
#2810 = CARTESIAN_POINT ( 'NONE',  ( 2.793106854861110700, 8.909143519482020300, -1.612600994529452200 ) ) ;
#2811 = DIRECTION ( 'NONE',  ( 0.0000000000000000000, 0.0000000000000000000, 1.000000000000000000 ) ) ;
#2812 = EDGE_LOOP ( 'NONE', ( #624, #1576, #4011 ) ) ;
#2813 = DIRECTION ( 'NONE',  ( 0.0000000000000000000, 0.0000000000000000000, -1.000000000000000000 ) ) ;
#2814 =( BOUNDED_CURVE ( )  B_SPLINE_CURVE ( 2, ( #2949, #3800, #4945, #2131, #89, #514, #3314, #1726, #4549 ),
 .UNSPECIFIED., .F., .F. ) 
 B_SPLINE_CURVE_WITH_KNOTS ( ( 3, 2, 2, 2, 3 ),
 ( 0.04191517294196340400, 0.04357356956224062900, 0.04689036280276226400, 0.05020715604328389300, 0.05186555266357497500 ),
 .UNSPECIFIED. ) 
 CURVE ( )  GEOMETRIC_REPRESENTATION_ITEM ( )  RATIONAL_B_SPLINE_CURVE ( ( 0.9330127018922194100, 0.9330127018915566100, 1.000000000000000000, 0.8660254037844388200, 1.000000000000000000, 0.8660254037844388200, 1.000000000000000000, 0.9330127018909972800, 0.9330127018922194100 ) ) 
 REPRESENTATION_ITEM ( '' )  );
#2815 = VERTEX_POINT ( 'NONE', #1087 ) ;
#2816 = SPHERICAL_SURFACE ( 'NONE', #901, 0.3499999999999999800 ) ;
#2817 = EDGE_LOOP ( 'NONE', ( #2473, #2369 ) ) ;
#2818 = CARTESIAN_POINT ( 'NONE',  ( 0.0000000000000000000, 1.600000000000000100, 0.0000000000000000000 ) ) ;
#2819 = CARTESIAN_POINT ( 'NONE',  ( 2.793106854861110700, 8.381758380593131700, -1.612600994529452200 ) ) ;
#2820 = CARTESIAN_POINT ( 'NONE',  ( 1.587499999999999200, 8.041898150075153900, -2.749630657015592800 ) ) ;
#2821 = CARTESIAN_POINT ( 'NONE',  ( -2.793106854861110200, 7.321643519482022600, 1.612600994529452600 ) ) ;
#2822 = CARTESIAN_POINT ( 'NONE',  ( -2.697643410430466700, 2.997921052681319600, -0.3150922842482611300 ) ) ;
#2823 = CARTESIAN_POINT ( 'NONE',  ( 2.731240254687411300, 3.193131571555690900, -0.3279464896652938300 ) ) ;
#2824 = CARTESIAN_POINT ( 'NONE',  ( -3.175000000000098000, 7.424537037037096000, -1.833087104677117800 ) ) ;
#2825 = ADVANCED_FACE ( 'NONE', ( #4616, #3981 ), #150, .T. ) ;
#2826 = EDGE_CURVE ( 'NONE', #2201, #285, #2021, .T. ) ;
#2827 = DIRECTION ( 'NONE',  ( 0.0000000000000000000, 0.0000000000000000000, 1.000000000000000000 ) ) ;
#2828 = CARTESIAN_POINT ( 'NONE',  ( -1.396553427430555500, 7.674421297259798700, -2.418901491794176900 ) ) ;
#2829 = CARTESIAN_POINT ( 'NONE',  ( -1.972050935027874500, 8.174999986357733000, -2.488300646952155100 ) ) ;
#2830 = CIRCLE ( 'NONE', #3654, 0.6350000000000000100 ) ;
#2831 = DIRECTION ( 'NONE',  ( -4.275831445896958600E-031, -1.000000000000000000, 1.224646799147353200E-016 ) ) ;
#2832 = FACE_OUTER_BOUND ( 'NONE', #1457, .T. ) ;
#2833 = LINE ( 'NONE', #2490, #1467 ) ;
#2834 = CARTESIAN_POINT ( 'NONE',  ( 5.924599938756993300E-016, 3.911458334296837000, 3.225201989058902100 ) ) ;
#2835 = EDGE_CURVE ( 'NONE', #101, #2815, #453, .T. ) ;
#2836 = CARTESIAN_POINT ( 'NONE',  ( 3.039999999999999600, 0.0000000000000000000, 2.039999999999999100 ) ) ;
#2837 = FACE_OUTER_BOUND ( 'NONE', #3480, .T. ) ;
#2838 = CARTESIAN_POINT ( 'NONE',  ( -3.174999999999999800, 3.250000000000001300, 0.0000000000000000000 ) ) ;
#2839 = CARTESIAN_POINT ( 'NONE',  ( 1.587500000000001500, 6.395601853778857500, 2.749630657015591500 ) ) ;
#2840 = CARTESIAN_POINT ( 'NONE',  ( -2.793106854861110700, 7.262847223185726600, 0.0000000000000000000 ) ) ;
#2841 = FACE_BOUND ( 'NONE', #625, .T. ) ;
#2842 = CARTESIAN_POINT ( 'NONE',  ( -2.697570967612529500, 2.917569302466263400, 0.3156305897191232800 ) ) ;
#2843 = CARTESIAN_POINT ( 'NONE',  ( 2.734631108496826900, 3.170952097473388200, 0.2982636067970276300 ) ) ;
#2844 = CARTESIAN_POINT ( 'NONE',  ( -1.587499999999998800, 6.189814814814817500, 2.749630657015596400 ) ) ;
#2845 = CARTESIAN_POINT ( 'NONE',  ( 3.174999999999999400, 5.072685185185186200, -1.833087104677063200 ) ) ;
#2846 = ORIENTED_EDGE ( 'NONE', *, *, #1484, .F. ) ;
#2847 = AXIS2_PLACEMENT_3D ( 'NONE', #484, #4860, #1760 ) ;
#2848 = CARTESIAN_POINT ( 'NONE',  ( 2.793106854861111500, 8.085995371333874400, 1.612600994529450200 ) ) ;
#2849 = CARTESIAN_POINT ( 'NONE',  ( 0.6268193041060558000, 8.802396902521437000, -0.1016000000000000100 ) ) ;
#2850 = CARTESIAN_POINT ( 'NONE',  ( 0.3150976502947221400, 2.998960519572021300, -2.697642688291164600 ) ) ;
#2851 = ORIENTED_EDGE ( 'NONE', *, *, #4021, .T. ) ;
#2852 = CARTESIAN_POINT ( 'NONE',  ( 1.396553427430556700, 3.264699075037578200, 2.418901491794176500 ) ) ;
#2853 = PRODUCT_DEFINITION_FORMATION_WITH_SPECIFIED_SOURCE ( 'ANY', '', #1736, .NOT_KNOWN. ) ;
#2854 = DIRECTION ( 'NONE',  ( 0.0000000000000000000, 0.0000000000000000000, -1.000000000000000000 ) ) ;
#2855 = CARTESIAN_POINT ( 'NONE',  ( -3.174999999999998900, 4.014351851851853500, 1.833087104677063400 ) ) ;
#2856 = CARTESIAN_POINT ( 'NONE',  ( 3.174999999999999800, 7.924305557482561800, -3.888253587292846100E-016 ) ) ;
#2857 = CARTESIAN_POINT ( 'NONE',  ( -1.587500000000000400, 8.071296296296296200, -2.749630657015592400 ) ) ;
#2858 = DIRECTION ( 'NONE',  ( 0.0000000000000000000, 0.0000000000000000000, 1.000000000000000000 ) ) ;
#2859 = CARTESIAN_POINT ( 'NONE',  ( 0.0000000000000000000, -4.129999999999999900, 0.0000000000000000000 ) ) ;
#2860 = CARTESIAN_POINT ( 'NONE',  ( 0.0000000000000000000, 4.770000000000001400, -0.4825999999999999200 ) ) ;
#2861 = CARTESIAN_POINT ( 'NONE',  ( -2.793106854861110200, 6.439699075037576200, 1.612600994529452600 ) ) ;
#2862 = DIRECTION ( 'NONE',  ( -0.0000000000000000000, -1.000000000000000000, -0.0000000000000000000 ) ) ;
#2863 = B_SPLINE_CURVE_WITH_KNOTS ( 'NONE', 3,
 ( #1602, #1237, #820, #4552, #3353, #3303, #4949, #3694, #932, #90, #1341, #4934, #2537, #2103, #3317, #3750, #4918, #517, #3338, #4980 ),
 .UNSPECIFIED., .F., .F.,
 ( 4, 2, 2, 2, 2, 2, 2, 2, 2, 4 ),
 ( 0.007628179542487068800, 0.008150277147997696600, 0.008672374753508323500, 0.009716569964529577300, 0.01076076517555083300, 0.01180496038657208700, 0.01284915559759334200, 0.01389335080861459400, 0.01493754601963585000, 0.01598174123065710200 ),
 .UNSPECIFIED. ) ;
#2864 = CARTESIAN_POINT ( 'NONE',  ( 0.8507386859727701400, 5.246963383928013900, -3.174999999997717200 ) ) ;
#2865 = AXIS2_PLACEMENT_3D ( 'NONE', #3864, #5062, #3559 ) ;
#2866 = EDGE_CURVE ( 'NONE', #616, #2917, #4483, .T. ) ;
#2867 = ORIENTED_EDGE ( 'NONE', *, *, #2736, .F. ) ;
#2868 = CARTESIAN_POINT ( 'NONE',  ( 0.6761968870699838200, 4.547872339442932300, -3.175000000004060600 ) ) ;
#2869 = CARTESIAN_POINT ( 'NONE',  ( -1.396553427430553300, 3.852662038000541000, 2.418901491794178200 ) ) ;
#2870 = CARTESIAN_POINT ( 'NONE',  ( 0.8507386859782051200, 5.662758842148415200, 3.174999999994589900 ) ) ;
#2871 = CARTESIAN_POINT ( 'NONE',  ( -1.587500000000000400, 3.837962962962964100, -2.749630657015592400 ) ) ;
#2872 = CARTESIAN_POINT ( 'NONE',  ( -3.178818931451388200, 2.689230326010714700, 1.835291965778539400 ) ) ;
#2873 = ORIENTED_EDGE ( 'NONE', *, *, #4782, .F. ) ;
#2874 = CARTESIAN_POINT ( 'NONE',  ( -2.244884255301052700E-016, 8.718055555555556800, -3.666174209354123200 ) ) ;
#2875 = CARTESIAN_POINT ( 'NONE',  ( -2.730264005351161300, 3.002210142979034700, 0.3308644510438127400 ) ) ;
#2876 = DIRECTION ( 'NONE',  ( -0.0000000000000000000, -1.000000000000000000, -0.0000000000000000000 ) ) ;
#2877 = CARTESIAN_POINT ( 'NONE',  ( -3.175000000000096600, 7.542129629629688000, 1.833087104677120000 ) ) ;
#2878 = COLOUR_RGB ( '',0.7921568627450980000, 0.8196078431372548800, 0.9333333333333333500 ) ;
#2879 = ADVANCED_FACE ( 'NONE', ( #1521 ), #4705, .F. ) ;
#2880 =( BOUNDED_SURFACE ( )  B_SPLINE_SURFACE ( 1, 2, ( 
 ( #628, #1818, #4629, #5040, #3842, #207, #185, #222, #4650, #4244, #2218, #1026, #2204, #2627, #2232, #3413, #3028, #1839, #3046, #1432, #3449, #1043, #3014, #3859, #609, #987, #3805, #1398, #4205, #2086, #5006, #4775, #5275, #937, #3325, #2821, #2840, #1606, #4868, #2038, #4059, #4430, #2437, #4447, #1193, #2020, #4041, #4024, #4834, #3626, #5272, #5238, #3610, #843, #2375, #5255, #1243, #1982, #3997, #3578, #1176, #1625, #1210, #12, #1647, #3221, #417, #436, #2393, #3237, #4465, #1229, #3645, #4848, #2055, #2772, #1579, #5225, #365, #2422, #824, #3170, #778, #4395, #2409, #2789, #3595, #4818, #385, #3185, #794, #4008, #1592, #4414, #1999, #2802, #402, #3204, #810, #456, #2456, #2892, #3254, #1682, #1700, #1261, #3292, #3684, #4906, #4521, #3702, #2090, #4073 ),
 ( #873, #2493, #857, #2072, #2508, #4503, #3667, #1667, #4486, #2477, #1299, #891, #44, #29, #4105, #2874, #65, #2110, #4925, #474, #1280, #3279, #4087, #491, #4940, #4891, #2857, #3137, #1161, #4758, #1108, #1093, #3980, #346, #2756, #3548, #1491, #288, #3495, #726, #3946, #1528, #3911, #5151, #2705, #3929, #3120, #1921, #1509, #760, #4339, #2338, #2320, #3533, #3102, #742, #2740, #4308, #711, #2360, #3515, #4322, #5210, #5185, #1905, #5167, #2727, #2301, #309, #2687, #1143, #329, #1123, #4359, #4735, #1950, #5130, #1933, #4774, #4787, #3961, #1543, #3155, #4800, #273, #3564, #1560, #4377, #1968, #3090, #690, #25, #2088, #4070, #2052, #2855, #4938, #3698, #2871, #4102, #2452, #854, #454, #1295, #870, #504, #1278, #42, #2838, #4864, #2890, #432, #3681 ),
 ( #3251, #79, #2434, #3663, #4920, #4084, #1679, #4501, #4518, #2474, #2491, #3234, #1257, #3721, #63, #1240, #839, #4057, #1664, #2069, #1698, #4484, #4903, #472, #2106, #488, #3305, #3289, #3276, #3641, #10, #889, #1645, #2504, #2908, #4460, #906, #1312, #1622, #4444, #2036, #4889, #1332, #560, #5025, #2595, #2540, #5008, #521, #3806, #3788, #114, #577, #2136, #2995, #957, #164, #4132, #1789, #3374, #3321, #2122, #1379, #2937, #2573, #596, #1362, #4572, #2957, #4556, #1730, #4590, #2158, #4152, #934, #2173, #3394, #3754, #539, #94, #988, #4610, #1344, #4118, #3770, #2186, #4965, #1715, #4984, #4185, #2922, #1747, #972, #146, #4536, #3357, #4952, #2524, #918, #4170, #3739, #3341, #2555, #1770, #132, #2977, #4651, #1840, #3844, #610, #208, #3450, #1400 ) ),
 .UNSPECIFIED., .F., .F., .F. ) 
 B_SPLINE_SURFACE_WITH_KNOTS ( ( 2, 1, 2 ),
 ( 3, 2, 2, 2, 2, 2, 2, 2, 2, 2, 2, 2, 2, 2, 2, 2, 2, 2, 2, 2, 2, 2, 2, 2, 2, 2, 2, 2, 2, 2, 2, 2, 2, 2, 2, 2, 2, 2, 2, 2, 2, 2, 2, 2, 2, 2, 2, 2, 2, 2, 2, 2, 2, 2, 2, 2, 3 ),
 ( 0.0000000000000000000, 1.000000000000000000, 1.010000000000000000 ),
 ( 0.0000000000000000000, 0.01666666666666666600, 0.03333333333333333300, 0.05000000000000000300, 0.06666666666666666600, 0.08333333333333332900, 0.1000000000000000100, 0.1166666666666666700, 0.1333333333333333300, 0.1499999999999999900, 0.1666666666666666600, 0.1833333333333333200, 0.2000000000000000100, 0.2166666666666666700, 0.2333333333333333400, 0.2500000000000000000, 0.2666666666666666600, 0.2833333333333333300, 0.2999999999999999900, 0.3166666666666666500, 0.3333333333333333100, 0.3499999999999999800, 0.3666666666666666400, 0.3833333333333333600, 0.4000000000000000200, 0.4166666666666666900, 0.4333333333333333500, 0.4500000000000000100, 0.4666666666666666700, 0.4833333333333333400, 0.5000000000000000000, 0.5166666666666667200, 0.5333333333333333300, 0.5500000000000000400, 0.5666666666666666500, 0.5833333333333333700, 0.5999999999999999800, 0.6166666666666667000, 0.6333333333333333000, 0.6500000000000000200, 0.6666666666666666300, 0.6833333333333333500, 0.6999999999999999600, 0.7166666666666666700, 0.7333333333333332800, 0.7500000000000000000, 0.7666666666666667200, 0.7833333333333333300, 0.8000000000000000400, 0.8166666666666666500, 0.8333333333333333700, 0.8499999999999999800, 0.8666666666666667000, 0.8833333333333333000, 0.9000000000000000200, 0.9166666666666666300, 0.9213290021468094600 ),
 .UNSPECIFIED. ) 
 GEOMETRIC_REPRESENTATION_ITEM ( )  RATIONAL_B_SPLINE_SURFACE ( (
 ( 1.000000000000000000, 0.8660254037844387100, 1.000000000000000000, 0.8660254037844387100, 1.000000000000000000, 0.8660254037844387100, 1.000000000000000000, 0.8660254037844387100, 1.000000000000000000, 0.8660254037844387100, 1.000000000000000000, 0.8660254037844387100, 1.000000000000000000, 0.8660254037844387100, 1.000000000000000000, 0.8660254037844387100, 1.000000000000000000, 0.8660254037844387100, 1.000000000000000000, 0.8660254037844387100, 1.000000000000000000, 0.8660254037844387100, 1.000000000000000000, 0.8660254037844387100, 1.000000000000000000, 0.8660254037844387100, 1.000000000000000000, 0.8660254037844387100, 1.000000000000000000, 0.8660254037844387100, 1.000000000000000000, 0.8660254037844387100, 1.000000000000000000, 0.8660254037844387100, 1.000000000000000000, 0.8660254037844387100, 1.000000000000000000, 0.8660254037844387100, 1.000000000000000000, 0.8660254037844387100, 1.000000000000000000, 0.8660254037844387100, 1.000000000000000000, 0.8660254037844387100, 1.000000000000000000, 0.8660254037844387100, 1.000000000000000000, 0.8660254037844387100, 1.000000000000000000, 0.8660254037844387100, 1.000000000000000000, 0.8660254037844387100, 1.000000000000000000, 0.8660254037844387100, 1.000000000000000000, 0.8660254037844387100, 1.000000000000000000, 0.8660254037844387100, 1.000000000000000000, 0.8660254037844387100, 1.000000000000000000, 0.8660254037844387100, 1.000000000000000000, 0.8660254037844387100, 1.000000000000000000, 0.8660254037844387100, 1.000000000000000000, 0.8660254037844387100, 1.000000000000000000, 0.8660254037844387100, 1.000000000000000000, 0.8660254037844387100, 1.000000000000000000, 0.8660254037844387100, 1.000000000000000000, 0.8660254037844387100, 1.000000000000000000, 0.8660254037844387100, 1.000000000000000000, 0.8660254037844387100, 1.000000000000000000, 0.8660254037844387100, 1.000000000000000000, 0.8660254037844387100, 1.000000000000000000, 0.8660254037844387100, 1.000000000000000000, 0.8660254037844387100, 1.000000000000000000, 0.8660254037844387100, 1.000000000000000000, 0.8660254037844387100, 1.000000000000000000, 0.8660254037844387100, 1.000000000000000000, 0.8660254037844387100, 1.000000000000000000, 0.8660254037844387100, 1.000000000000000000, 0.8660254037844387100, 1.000000000000000000, 0.8660254037844387100, 1.000000000000000000, 0.8660254037844387100, 1.000000000000000000, 0.8660254037844387100, 1.000000000000000000, 0.8660254037844387100, 1.000000000000000000, 0.8660254037844387100, 1.000000000000000000, 0.9625219291975828400, 0.9460120991026954600),
 ( 1.000000000000000000, 0.8660254037844387100, 1.000000000000000000, 0.8660254037844387100, 1.000000000000000000, 0.8660254037844387100, 1.000000000000000000, 0.8660254037844387100, 1.000000000000000000, 0.8660254037844387100, 1.000000000000000000, 0.8660254037844387100, 1.000000000000000000, 0.8660254037844387100, 1.000000000000000000, 0.8660254037844387100, 1.000000000000000000, 0.8660254037844387100, 1.000000000000000000, 0.8660254037844387100, 1.000000000000000000, 0.8660254037844387100, 1.000000000000000000, 0.8660254037844387100, 1.000000000000000000, 0.8660254037844387100, 1.000000000000000000, 0.8660254037844387100, 1.000000000000000000, 0.8660254037844387100, 1.000000000000000000, 0.8660254037844387100, 1.000000000000000000, 0.8660254037844387100, 1.000000000000000000, 0.8660254037844387100, 1.000000000000000000, 0.8660254037844387100, 1.000000000000000000, 0.8660254037844387100, 1.000000000000000000, 0.8660254037844387100, 1.000000000000000000, 0.8660254037844387100, 1.000000000000000000, 0.8660254037844387100, 1.000000000000000000, 0.8660254037844387100, 1.000000000000000000, 0.8660254037844387100, 1.000000000000000000, 0.8660254037844387100, 1.000000000000000000, 0.8660254037844387100, 1.000000000000000000, 0.8660254037844387100, 1.000000000000000000, 0.8660254037844387100, 1.000000000000000000, 0.8660254037844387100, 1.000000000000000000, 0.8660254037844387100, 1.000000000000000000, 0.8660254037844387100, 1.000000000000000000, 0.8660254037844387100, 1.000000000000000000, 0.8660254037844387100, 1.000000000000000000, 0.8660254037844387100, 1.000000000000000000, 0.8660254037844387100, 1.000000000000000000, 0.8660254037844387100, 1.000000000000000000, 0.8660254037844387100, 1.000000000000000000, 0.8660254037844387100, 1.000000000000000000, 0.8660254037844387100, 1.000000000000000000, 0.8660254037844387100, 1.000000000000000000, 0.8660254037844387100, 1.000000000000000000, 0.8660254037844387100, 1.000000000000000000, 0.8660254037844387100, 1.000000000000000000, 0.8660254037844387100, 1.000000000000000000, 0.8660254037844387100, 1.000000000000000000, 0.8660254037844387100, 1.000000000000000000, 0.8660254037844387100, 1.000000000000000000, 0.8660254037844387100, 1.000000000000000000, 0.8660254037844387100, 1.000000000000000000, 0.8660254037844387100, 1.000000000000000000, 0.8660254037844387100, 1.000000000000000000, 0.8660254037844387100, 1.000000000000000000, 0.8660254037844387100, 1.000000000000000000, 0.8660254037844387100, 1.000000000000000000, 0.9625219291975828400, 0.9460120991026954600),
 ( 1.000000000000000000, 0.8660254037844387100, 1.000000000000000000, 0.8660254037844387100, 1.000000000000000000, 0.8660254037844387100, 1.000000000000000000, 0.8660254037844387100, 1.000000000000000000, 0.8660254037844387100, 1.000000000000000000, 0.8660254037844387100, 1.000000000000000000, 0.8660254037844387100, 1.000000000000000000, 0.8660254037844387100, 1.000000000000000000, 0.8660254037844387100, 1.000000000000000000, 0.8660254037844387100, 1.000000000000000000, 0.8660254037844387100, 1.000000000000000000, 0.8660254037844387100, 1.000000000000000000, 0.8660254037844387100, 1.000000000000000000, 0.8660254037844387100, 1.000000000000000000, 0.8660254037844387100, 1.000000000000000000, 0.8660254037844387100, 1.000000000000000000, 0.8660254037844387100, 1.000000000000000000, 0.8660254037844387100, 1.000000000000000000, 0.8660254037844387100, 1.000000000000000000, 0.8660254037844387100, 1.000000000000000000, 0.8660254037844387100, 1.000000000000000000, 0.8660254037844387100, 1.000000000000000000, 0.8660254037844387100, 1.000000000000000000, 0.8660254037844387100, 1.000000000000000000, 0.8660254037844387100, 1.000000000000000000, 0.8660254037844387100, 1.000000000000000000, 0.8660254037844387100, 1.000000000000000000, 0.8660254037844387100, 1.000000000000000000, 0.8660254037844387100, 1.000000000000000000, 0.8660254037844387100, 1.000000000000000000, 0.8660254037844387100, 1.000000000000000000, 0.8660254037844387100, 1.000000000000000000, 0.8660254037844387100, 1.000000000000000000, 0.8660254037844387100, 1.000000000000000000, 0.8660254037844387100, 1.000000000000000000, 0.8660254037844387100, 1.000000000000000000, 0.8660254037844387100, 1.000000000000000000, 0.8660254037844387100, 1.000000000000000000, 0.8660254037844387100, 1.000000000000000000, 0.8660254037844387100, 1.000000000000000000, 0.8660254037844387100, 1.000000000000000000, 0.8660254037844387100, 1.000000000000000000, 0.8660254037844387100, 1.000000000000000000, 0.8660254037844387100, 1.000000000000000000, 0.8660254037844387100, 1.000000000000000000, 0.8660254037844387100, 1.000000000000000000, 0.8660254037844387100, 1.000000000000000000, 0.8660254037844387100, 1.000000000000000000, 0.8660254037844387100, 1.000000000000000000, 0.8660254037844387100, 1.000000000000000000, 0.8660254037844387100, 1.000000000000000000, 0.8660254037844387100, 1.000000000000000000, 0.8660254037844387100, 1.000000000000000000, 0.8660254037844387100, 1.000000000000000000, 0.8660254037844387100, 1.000000000000000000, 0.9625219291975828400, 0.9460120991026954600) ) ) 
 REPRESENTATION_ITEM ( '' )  SURFACE ( )  );
#2881 = CARTESIAN_POINT ( 'NONE',  ( 2.825048672147085300, 1.600000000000000100, 3.039999999999999600 ) ) ;
#2882 = ORIENTED_EDGE ( 'NONE', *, *, #1013, .T. ) ;
#2883 = LINE ( 'NONE', #4511, #3011 ) ;
#2884 = CARTESIAN_POINT ( 'NONE',  ( 1.788092926878692700, 8.340223411322586600, 2.428682218142828000 ) ) ;
#2885 = EDGE_LOOP ( 'NONE', ( #1114, #2579, #1383, #2199 ) ) ;
#2886 = CARTESIAN_POINT ( 'NONE',  ( -3.175000000000008700, 5.513657409334405700, 1.833087104677068900 ) ) ;
#2887 = CARTESIAN_POINT ( 'NONE',  ( 1.396553427430554700, 6.323888010222762400, -2.418901491794177300 ) ) ;
#2888 = CARTESIAN_POINT ( 'NONE',  ( 0.0000000000000000000, 4.670000000000001700, -1.729999999999999300 ) ) ;
#2889 = ORIENTED_EDGE ( 'NONE', *, *, #4745, .T. ) ;
#2890 = CARTESIAN_POINT ( 'NONE',  ( -1.587500000000000400, 3.132407407407408400, -2.749630657015592400 ) ) ;
#2891 = CARTESIAN_POINT ( 'NONE',  ( -3.174999999999998900, 4.102546298223302300, 1.833087104677063400 ) ) ;
#2892 = CARTESIAN_POINT ( 'NONE',  ( 2.793106854861110700, 3.441087963926466200, -1.612600994529452200 ) ) ;
#2893 = CIRCLE ( 'NONE', #5276, 0.05000000000000001000 ) ;
#2894 = CARTESIAN_POINT ( 'NONE',  ( -2.744129689651054500, 2.669343211099911800, -0.1920104674178710600 ) ) ;
#2895 = VERTEX_POINT ( 'NONE', #4324 ) ;
#2896 = DIRECTION ( 'NONE',  ( 1.000000000000000000, 0.0000000000000000000, -1.535127069738579100E-016 ) ) ;
#2897 = VECTOR ( 'NONE', #850, 1000.000000000000000 ) ;
#2898 = VECTOR ( 'NONE', #1067, 1000.000000000000000 ) ;
#2899 = EDGE_CURVE ( 'NONE', #5058, #4986, #53, .T. ) ;
#2900 = B_SPLINE_CURVE_WITH_KNOTS ( 'NONE', 3,
 ( #2295, #667, #281, #1824, #4688 ),
 .UNSPECIFIED., .F., .F.,
 ( 4, 1, 4 ),
 ( 0.0000000000000000000, 1.039478735821726400E-006, 2.078957471643452700E-006 ),
 .UNSPECIFIED. ) ;
#2901 = CARTESIAN_POINT ( 'NONE',  ( -0.2828344669465673900, 2.833229320649552000, -2.702479914824326400 ) ) ;
#2902 = FACE_OUTER_BOUND ( 'NONE', #35, .T. ) ;
#2903 = CARTESIAN_POINT ( 'NONE',  ( -0.8507386859689584100, 7.716407828372241300, 3.175000000000645100 ) ) ;
#2904 = CARTESIAN_POINT ( 'NONE',  ( 2.793106854861110700, 6.911850973185725200, -3.420569369482190000E-016 ) ) ;
#2905 = ADVANCED_FACE ( 'NONE', ( #4937 ), #3534, .F. ) ;
#2906 = DIRECTION ( 'NONE',  ( 1.000000000000000000, -0.0000000000000000000, -0.0000000000000000000 ) ) ;
#2907 = VERTEX_POINT ( 'NONE', #3935 ) ;
#2908 = CARTESIAN_POINT ( 'NONE',  ( -1.589409465725691900, 7.603130787027402500, 2.752937948667808100 ) ) ;
#2909 = CARTESIAN_POINT ( 'NONE',  ( -3.174999999999999800, 4.043750001927006300, 0.0000000000000000000 ) ) ;
#2910 = CARTESIAN_POINT ( 'NONE',  ( -1.587500000000000400, 8.159490742667747700, -2.749630657015592400 ) ) ;
#2911 = VERTEX_POINT ( 'NONE', #3040 ) ;
#2912 = CARTESIAN_POINT ( 'NONE',  ( -0.4434925551932932300, 8.284835794115240400, 3.040886077108829100 ) ) ;
#2913 = CARTESIAN_POINT ( 'NONE',  ( -0.8507386859766517000, 6.721092175481635100, -3.174999999995595800 ) ) ;
#2914 = ORIENTED_EDGE ( 'NONE', *, *, #3921, .T. ) ;
#2915 = CARTESIAN_POINT ( 'NONE',  ( 3.175000000000001600, 4.955092592592594200, 1.833087104677060700 ) ) ;
#2916 = AXIS2_PLACEMENT_3D ( 'NONE', #558, #3354, #205 ) ;
#2917 = VERTEX_POINT ( 'NONE', #3057 ) ;
#2918 = DIRECTION ( 'NONE',  ( 1.000000000000000000, 0.0000000000000000000, 0.0000000000000000000 ) ) ;
#2919 = CARTESIAN_POINT ( 'NONE',  ( 2.850000000000000100, 3.000000000000000000, 0.0000000000000000000 ) ) ;
#2920 = CARTESIAN_POINT ( 'NONE',  ( 0.0000000000000000000, 0.0000000000000000000, -3.174999999999999800 ) ) ;
#2921 = CARTESIAN_POINT ( 'NONE',  ( -1.396553427430555500, 7.147036158370911000, -2.418901491794176900 ) ) ;
#2922 = CARTESIAN_POINT ( 'NONE',  ( 3.178818931451388600, 4.310538194434810700, -3.892930429470952600E-016 ) ) ;
#2923 = CARTESIAN_POINT ( 'NONE',  ( 3.174999999999999800, 5.102083335260339000, -3.888253587292846100E-016 ) ) ;
#2924 = DIRECTION ( 'NONE',  ( 0.0000000000000000000, 0.0000000000000000000, -1.000000000000000000 ) ) ;
#2925 = CARTESIAN_POINT ( 'NONE',  ( 2.056586154693643300E-012, 8.295631277335513000, 3.054368722664488900 ) ) ;
#2926 = ORIENTED_EDGE ( 'NONE', *, *, #2741, .F. ) ;
#2927 = CARTESIAN_POINT ( 'NONE',  ( -1.587500000000049900, 6.983564816741760800, 2.749630657015684300 ) ) ;
#2928 = CARTESIAN_POINT ( 'NONE',  ( 5.924599938756992300E-016, 4.440625000963503800, 3.225201989058902500 ) ) ;
#2929 = CARTESIAN_POINT ( 'NONE',  ( -0.09694536779433712800, 2.629190075644611400, -2.750000000000008400 ) ) ;
#2930 = CARTESIAN_POINT ( 'NONE',  ( 0.0000000000000000000, 7.340000000000001600, 0.0000000000000000000 ) ) ;
#2931 = VERTEX_POINT ( 'NONE', #693 ) ;
#2932 = CARTESIAN_POINT ( 'NONE',  ( -2.731345721981591100, 3.194561178425888900, 0.3271418681284714000 ) ) ;
#2933 = EDGE_CURVE ( 'NONE', #330, #1009, #2463, .T. ) ;
#2934 = ORIENTED_EDGE ( 'NONE', *, *, #4599, .F. ) ;
#2935 = CARTESIAN_POINT ( 'NONE',  ( 1.587500000000000600, 5.837037037037039700, -2.749630657015595100 ) ) ;
#2936 = CARTESIAN_POINT ( 'NONE',  ( -2.793106854861110700, 5.853517639852392500, 0.0000000000000000000 ) ) ;
#2937 = CARTESIAN_POINT ( 'NONE',  ( -2.247584431391540000E-016, 5.898038194434811000, -3.670583931557075200 ) ) ;
#2938 = CARTESIAN_POINT ( 'NONE',  ( 3.174999999999999800, 2.985416668593672700, -3.888253587292846100E-016 ) ) ;
#2939 = VERTEX_POINT ( 'NONE', #2674 ) ;
#2940 = CYLINDRICAL_SURFACE ( 'NONE', #4728, 2.750000000000000000 ) ;
#2941 = DIRECTION ( 'NONE',  ( -0.0000000000000000000, -1.000000000000000000, -0.0000000000000000000 ) ) ;
#2942 = CARTESIAN_POINT ( 'NONE',  ( -2.744932634449728200, 3.297385858539013000, -0.1781494192096893500 ) ) ;
#2943 = CARTESIAN_POINT ( 'NONE',  ( 2.718797761166939600, 3.324825773792292200, -0.08192297340082822800 ) ) ;
#2944 = AXIS2_PLACEMENT_3D ( 'NONE', #2213, #217, #1075 ) ;
#2945 = CARTESIAN_POINT ( 'NONE',  ( 1.396553427430554700, 4.029050926889429000, -2.418901491794177300 ) ) ;
#2946 = CIRCLE ( 'NONE', #2271, 1.729999999999999300 ) ;
#2947 = CARTESIAN_POINT ( 'NONE',  ( 0.0000000000000000000, -3.979999999975099000, -0.6350000000000000100 ) ) ;
#2948 = CARTESIAN_POINT ( 'NONE',  ( -2.948871783824890300, 8.394655442879935600, -0.2636810035185261900 ) ) ;
#2949 = CARTESIAN_POINT ( 'NONE',  ( -1.682587979217670800E-011, 6.689583335260961100, -3.174999999999998900 ) ) ;
#2950 = VECTOR ( 'NONE', #264, 1000.000000000000000 ) ;
#2951 = PRODUCT_RELATED_PRODUCT_CATEGORY ( 'part', '', ( #1736 ) ) ;
#2952 = FACE_OUTER_BOUND ( 'NONE', #2124, .T. ) ;
#2953 = CARTESIAN_POINT ( 'NONE',  ( 3.175000000000003400, 5.660648148148150800, 1.833087104677062000 ) ) ;
#2954 = DIRECTION ( 'NONE',  ( 0.0000000000000000000, 0.0000000000000000000, 1.000000000000000000 ) ) ;
#2955 = ADVANCED_FACE ( 'NONE', ( #3846 ), #5056, .T. ) ;
#2956 = FACE_OUTER_BOUND ( 'NONE', #3861, .T. ) ;
#2957 = CARTESIAN_POINT ( 'NONE',  ( 1.589409465725695900, 5.604056712953329200, 2.752937948667805800 ) ) ;
#2958 = CARTESIAN_POINT ( 'NONE',  ( 1.587500000000001500, 4.984490742667746100, 2.749630657015591500 ) ) ;
#2959 = FACE_OUTER_BOUND ( 'NONE', #1489, .T. ) ;
#2960 = CONICAL_SURFACE ( 'NONE', #4856, 2.299999999999999800, 0.7853981633974482800 ) ;
#2961 = CARTESIAN_POINT ( 'NONE',  ( -2.734631108496826900, 3.170952097473388200, -0.2982636067970276300 ) ) ;
#2962 = CARTESIAN_POINT ( 'NONE',  ( 2.697642543859649400, 3.000000000000000000, 0.3150987235112847100 ) ) ;
#2963 = CARTESIAN_POINT ( 'NONE',  ( 5.924599938756993300E-016, 7.262847223185725700, 3.225201989058902100 ) ) ;
#2964 = CARTESIAN_POINT ( 'NONE',  ( 5.924599938756992300E-016, 5.851736112074615200, 3.225201989058902500 ) ) ;
#2965 = EDGE_CURVE ( 'NONE', #2379, #897, #1396, .T. ) ;
#2966 = CARTESIAN_POINT ( 'NONE',  ( 0.3279464896653125900, 3.193131571555670100, 2.731240254687409900 ) ) ;
#2967 = CYLINDRICAL_SURFACE ( 'NONE', #5277, 2.299999999999999800 ) ;
#2968 = EDGE_CURVE ( 'NONE', #3511, #2188, #2081, .T. ) ;
#2969 = EDGE_CURVE ( 'NONE', #660, #1640, #3915, .T. ) ;
#2970 = DIRECTION ( 'NONE',  ( 0.0000000000000000000, 0.0000000000000000000, -1.000000000000000000 ) ) ;
#2971 = DIRECTION ( 'NONE',  ( 0.0000000000000000000, 0.0000000000000000000, -1.000000000000000000 ) ) ;
#2972 = ORIENTED_EDGE ( 'NONE', *, *, #15, .F. ) ;
#2973 = CARTESIAN_POINT ( 'NONE',  ( 2.725346938750956100, 2.905541518100002400, -0.3674023214652714600 ) ) ;
#2974 = DIRECTION ( 'NONE',  ( 0.0000000000000000000, 0.0000000000000000000, -1.000000000000000000 ) ) ;
#2975 = CARTESIAN_POINT ( 'NONE',  ( 0.3661480667639057100, 3.098871054611343400, 2.725515729483126900 ) ) ;
#2976 =( BOUNDED_CURVE ( )  B_SPLINE_CURVE ( 2, ( #4396, #2376, #3579, #4025, #2361, #2394, #3157, #3139, #762 ),
 .UNSPECIFIED., .F., .F. ) 
 B_SPLINE_CURVE_WITH_KNOTS ( ( 3, 2, 2, 2, 3 ),
 ( 0.004554414554640937000, 0.006212809214971039800, 0.009529598535631256600, 0.01284638785629147400, 0.01450478251662159900 ),
 .UNSPECIFIED. ) 
 CURVE ( )  GEOMETRIC_REPRESENTATION_ITEM ( )  RATIONAL_B_SPLINE_CURVE ( ( 0.9330127018922194100, 0.9330127018922196300, 1.000000000000000000, 0.8660254037844387100, 1.000000000000000000, 0.8660254037844387100, 1.000000000000000000, 0.9330127018922187400, 0.9330127018922194100 ) ) 
 REPRESENTATION_ITEM ( '' )  );
#2977 = CARTESIAN_POINT ( 'NONE',  ( 6.742753294174620500E-016, 3.428593749990366500, 3.670583931557075200 ) ) ;
#2978 = CARTESIAN_POINT ( 'NONE',  ( 5.924599938756993300E-016, 8.673958334296836300, 3.225201989058902100 ) ) ;
#2979 = VERTEX_POINT ( 'NONE', #256 ) ;
#2980 =( GEOMETRIC_REPRESENTATION_CONTEXT ( 3 ) GLOBAL_UNCERTAINTY_ASSIGNED_CONTEXT ( ( #61 ) ) GLOBAL_UNIT_ASSIGNED_CONTEXT ( ( #4618, #1048, #3001 ) ) REPRESENTATION_CONTEXT ( 'NONE', 'WORKASPACE' ) );
#2981 = AXIS2_PLACEMENT_3D ( 'NONE', #1663, #2503, #905 ) ;
#2982 = DIRECTION ( 'NONE',  ( -0.0000000000000000000, 1.000000000000000000, -0.0000000000000000000 ) ) ;
#2983 = DIRECTION ( 'NONE',  ( 0.0000000000000000000, 0.0000000000000000000, -1.000000000000000000 ) ) ;
#2984 = CARTESIAN_POINT ( 'NONE',  ( 5.924599938756993300E-016, 5.146180556519058600, 3.225201989058902100 ) ) ;
#2985 = ADVANCED_FACE ( 'NONE', ( #1262 ), #1831, .T. ) ;
#2986 = DIRECTION ( 'NONE',  ( 0.006369562867592307500, 0.9999793467416073800, -0.0008571809050109064100 ) ) ;
#2987 = AXIS2_PLACEMENT_3D ( 'NONE', #3711, #513, #3731 ) ;
#2988 = CARTESIAN_POINT ( 'NONE',  ( 0.8507386859690082600, 7.779425508814375300, 3.175000000000616200 ) ) ;
#2989 = CARTESIAN_POINT ( 'NONE',  ( 0.0000000000000000000, 9.500000000000001800, 0.0000000000000000000 ) ) ;
#2990 = ORIENTED_EDGE ( 'NONE', *, *, #582, .T. ) ;
#2991 = ORIENTED_EDGE ( 'NONE', *, *, #3259, .T. ) ;
#2992 = CARTESIAN_POINT ( 'NONE',  ( 2.793106854861111500, 3.325276899111651900, 1.612600994529450200 ) ) ;
#2993 = CARTESIAN_POINT ( 'NONE',  ( 0.0000000000000000000, 4.770000000000001400, 0.0000000000000000000 ) ) ;
#2994 = ORIENTED_EDGE ( 'NONE', *, *, #2500, .T. ) ;
#2995 = CARTESIAN_POINT ( 'NONE',  ( 3.178818931451388600, 6.427204861101476900, -3.892930429470952600E-016 ) ) ;
#2996 = ORIENTED_EDGE ( 'NONE', *, *, #57, .F. ) ;
#2997 = EDGE_LOOP ( 'NONE', ( #908, #1427, #359 ) ) ;
#2998 = EDGE_CURVE ( 'NONE', #2499, #67, #4035, .T. ) ;
#2999 = EDGE_CURVE ( 'NONE', #897, #5083, #2457, .T. ) ;
#3000 = SURFACE_SIDE_STYLE ('',( #1131 ) ) ;
#3001 =( NAMED_UNIT ( * ) SI_UNIT ( $, .STERADIAN. ) SOLID_ANGLE_UNIT ( ) );
#3002 = CARTESIAN_POINT ( 'NONE',  ( -1.396553427430555500, 4.852199075037577600, -2.418901491794176900 ) ) ;
#3003 = ORIENTED_EDGE ( 'NONE', *, *, #2462, .T. ) ;
#3004 = CARTESIAN_POINT ( 'NONE',  ( -2.793106854861109300, 6.439699075037576200, 1.612600994529452800 ) ) ;
#3005 = ORIENTED_EDGE ( 'NONE', *, *, #5195, .F. ) ;
#3006 = CARTESIAN_POINT ( 'NONE',  ( 3.175000000000630900, 7.924305557482196800, -3.888253587293619200E-016 ) ) ;
#3007 = CYLINDRICAL_SURFACE ( 'NONE', #4623, 4.150000000000001200 ) ;
#3008 = CARTESIAN_POINT ( 'NONE',  ( -2.770499743798392800E-011, 4.429701754572296800, -3.079701754572293100 ) ) ;
#3009 = EDGE_CURVE ( 'NONE', #466, #3891, #2205, .T. ) ;
#3010 = ORIENTED_EDGE ( 'NONE', *, *, #4528, .T. ) ;
#3011 = VECTOR ( 'NONE', #1613, 1000.000000000000000 ) ;
#3012 = CARTESIAN_POINT ( 'NONE',  ( 0.0000000000000000000, 0.0000000000000000000, -3.174999999999999800 ) ) ;
#3013 = ADVANCED_FACE ( 'NONE', ( #2711 ), #154, .T. ) ;
#3014 = CARTESIAN_POINT ( 'NONE',  ( -1.396553427430553300, 8.085995371333874400, 2.418901491794178200 ) ) ;
#3015 = CARTESIAN_POINT ( 'NONE',  ( 2.697570967612529500, 2.917569302466263400, -0.3156305897191232800 ) ) ;
#3016 = CARTESIAN_POINT ( 'NONE',  ( 2.697643410430466700, 2.997921052681319600, 0.3150922842482610800 ) ) ;
#3017 = CIRCLE ( 'NONE', #1196, 0.4825999999999999200 ) ;
#3018 = VERTEX_POINT ( 'NONE', #2343 ) ;
#3019 = CARTESIAN_POINT ( 'NONE',  ( -2.745266016216808800, 3.300559062894141200, 0.1734078351710607300 ) ) ;
#3020 = CARTESIAN_POINT ( 'NONE',  ( -1.396553427430553300, 4.381828704667207800, 2.418901491794178200 ) ) ;
#3021 = CARTESIAN_POINT ( 'NONE',  ( -2.793106854861109300, 4.323032408370910900, 1.612600994529452800 ) ) ;
#3022 = VECTOR ( 'NONE', #4062, 1000.000000000000000 ) ;
#3023 = VERTEX_POINT ( 'NONE', #3937 ) ;
#3024 = CARTESIAN_POINT ( 'NONE',  ( 0.0000000000000000000, 8.175000000000006000, 0.0000000000000000000 ) ) ;
#3025 = DIRECTION ( 'NONE',  ( -0.0000000000000000000, -1.000000000000000000, -0.0000000000000000000 ) ) ;
#3026 = VECTOR ( 'NONE', #1410, 1000.000000000000000 ) ;
#3027 = CIRCLE ( 'NONE', #2345, 2.750000000000000000 ) ;
#3028 = CARTESIAN_POINT ( 'NONE',  ( 1.396553427430554700, 8.438773149111652200, -2.418901491794177300 ) ) ;
#3029 = LINE ( 'NONE', #1788, #3209 ) ;
#3030 = CARTESIAN_POINT ( 'NONE',  ( 0.0000000000000000000, 0.0000000000000000000, 0.0000000000000000000 ) ) ;
#3031 = ORIENTED_EDGE ( 'NONE', *, *, #3637, .F. ) ;
#3032 = FILL_AREA_STYLE ('',( #170 ) ) ;
#3033 = CARTESIAN_POINT ( 'NONE',  ( 1.396553427430556700, 5.204976852815354600, 2.418901491794176500 ) ) ;
#3034 = CARTESIAN_POINT ( 'NONE',  ( -1.589409465725694700, 6.746174770455159100, -2.752937948667806700 ) ) ;
#3035 = CARTESIAN_POINT ( 'NONE',  ( 0.5736725546860332900, 7.440000000000002200, 0.1016000000000000100 ) ) ;
#3036 = ADVANCED_FACE ( 'NONE', ( #1955 ), #4534, .T. ) ;
#3037 = CARTESIAN_POINT ( 'NONE',  ( -1.715635938785708300, 8.556893145138889900, -2.211670466159754600 ) ) ;
#3038 = EDGE_CURVE ( 'NONE', #2177, #4967, #2099, .T. ) ;
#3039 = ORIENTED_EDGE ( 'NONE', *, *, #882, .T. ) ;
#3040 = CARTESIAN_POINT ( 'NONE',  ( -2.825048672147083100, 1.600000000000000100, 3.040000000000001400 ) ) ;
#3041 = EDGE_LOOP ( 'NONE', ( #3811, #1532, #757, #2431 ) ) ;
#3042 = UNCERTAINTY_MEASURE_WITH_UNIT (LENGTH_MEASURE( 1.000000000000000100E-005 ), #1448, 'distance_accuracy_value', 'NONE');
#3043 = ORIENTED_EDGE ( 'NONE', *, *, #5084, .F. ) ;
#3044 = CARTESIAN_POINT ( 'NONE',  ( 2.786071468060227700E-016, 7.570000000000002100, 2.249999999999999600 ) ) ;
#3045 = DIRECTION ( 'NONE',  ( 0.0000000000000000000, 1.000000000000000000, 0.0000000000000000000 ) ) ;
#3046 = CARTESIAN_POINT ( 'NONE',  ( 2.793106854861110700, 8.321180556519058400, -3.420569369482190000E-016 ) ) ;
#3047 = CARTESIAN_POINT ( 'NONE',  ( 2.702368370366923200, 2.834767502255495200, -0.2837130184387413000 ) ) ;
#3048 = AXIS2_PLACEMENT_3D ( 'NONE', #614, #227, #1014 ) ;
#3049 = AXIS2_PLACEMENT_3D ( 'NONE', #5092, #5110, #1851 ) ;
#3050 = CARTESIAN_POINT ( 'NONE',  ( 0.0000000000000000000, 8.802396902521437000, 0.6350000000000000100 ) ) ;
#3051 = CARTESIAN_POINT ( 'NONE',  ( -1.347747116694598700, 4.534638782100362400, -2.888052048732109500 ) ) ;
#3052 = SURFACE_STYLE_USAGE ( .BOTH. , #1808 ) ;
#3053 = CARTESIAN_POINT ( 'NONE',  ( -1.396553427430555500, 4.852199075037577600, -2.418901491794176900 ) ) ;
#3054 = CARTESIAN_POINT ( 'NONE',  ( -0.5058127770397510300, 7.373266071162393400, 0.1015999999999999400 ) ) ;
#3055 = ORIENTED_EDGE ( 'NONE', *, *, #1752, .T. ) ;
#3056 = DIRECTION ( 'NONE',  ( -0.0000000000000000000, -1.000000000000000000, -0.0000000000000000000 ) ) ;
#3057 = CARTESIAN_POINT ( 'NONE',  ( -2.039999999999998700, 0.0000000000000000000, 2.039999999999999100 ) ) ;
#3058 = ORIENTED_EDGE ( 'NONE', *, *, #2294, .T. ) ;
#3059 = CARTESIAN_POINT ( 'NONE',  ( -2.793106854861111100, 6.320342593556096000, -1.612600994529450800 ) ) ;
#3060 = CARTESIAN_POINT ( 'NONE',  ( -0.3272824258659097200, 2.806256251493461000, 2.731300420485038400 ) ) ;
#3061 = CARTESIAN_POINT ( 'NONE',  ( 0.0000000000000000000, 8.802396902521437000, -0.4825999999999999200 ) ) ;
#3062 = DIRECTION ( 'NONE',  ( 0.0000000000000000000, 0.0000000000000000000, -1.000000000000000000 ) ) ;
#3063 = CARTESIAN_POINT ( 'NONE',  ( 0.0000000000000000000, 12.46317892581091000, 0.0000000000000000000 ) ) ;
#3064 = VERTEX_POINT ( 'NONE', #5190 ) ;
#3065 = EDGE_CURVE ( 'NONE', #3714, #4602, #445, .T. ) ;
#3066 = CARTESIAN_POINT ( 'NONE',  ( 2.793106854861110700, 4.617013889852391800, -3.420569369482190000E-016 ) ) ;
#3067 = CARTESIAN_POINT ( 'NONE',  ( 3.178818931451388200, 8.686452548232935600, -1.835291965778538900 ) ) ;
#3068 = FACE_BOUND ( 'NONE', #2391, .T. ) ;
#3069 = SURFACE_SIDE_STYLE ('',( #3079 ) ) ;
#3070 = DIRECTION ( 'NONE',  ( 1.000000000000000000, 0.0000000000000000000, 0.0000000000000000000 ) ) ;
#3071 = FACE_OUTER_BOUND ( 'NONE', #3993, .T. ) ;
#3072 = VERTEX_POINT ( 'NONE', #2044 ) ;
#3073 = CARTESIAN_POINT ( 'NONE',  ( -0.09432456536106594000, 3.371550167569981500, -2.750098094277365000 ) ) ;
#3074 = CARTESIAN_POINT ( 'NONE',  ( 5.924599938756993300E-016, 7.966638889852393200, 3.225201989058902100 ) ) ;
#3075 = VECTOR ( 'NONE', #3187, 1000.000000000000000 ) ;
#3076 = CARTESIAN_POINT ( 'NONE',  ( -0.6268193041060558000, 4.770000000000001400, -0.1016000000000000200 ) ) ;
#3077 = DIRECTION ( 'NONE',  ( -0.0000000000000000000, -1.000000000000000000, -0.0000000000000000000 ) ) ;
#3078 = ADVANCED_FACE ( 'NONE', ( #2956 ), #1007, .T. ) ;
#3079 = SURFACE_STYLE_FILL_AREA ( #236 ) ;
#3080 = VECTOR ( 'NONE', #2896, 1000.000000000000000 ) ;
#3081 = DIRECTION ( 'NONE',  ( 8.659560562354919300E-017, 0.7071067811865487900, -0.7071067811865463500 ) ) ;
#3082 = DIRECTION ( 'NONE',  ( 0.0000000000000000000, -1.000000000000000000, 0.0000000000000000000 ) ) ;
#3083 = CARTESIAN_POINT ( 'NONE',  ( 2.793106854861111500, 5.263773149111651500, 1.612600994529450200 ) ) ;
#3084 = AXIS2_PLACEMENT_3D ( 'NONE', #1673, #3619, #4879 ) ;
#3085 = CARTESIAN_POINT ( 'NONE',  ( 6.742753294174620500E-016, 7.745711807492195800, 3.670583931557075200 ) ) ;
#3086 = CARTESIAN_POINT ( 'NONE',  ( -0.4717840607735703800, 4.770000000000001400, -0.1016000000000000100 ) ) ;
#3087 = CARTESIAN_POINT ( 'NONE',  ( 0.8507386859811274500, 6.985675506888219900, 3.174999999992949000 ) ) ;
#3088 = CYLINDRICAL_SURFACE ( 'NONE', #4328, 2.750000000000000000 ) ;
#3089 = CARTESIAN_POINT ( 'NONE',  ( -1.587500000000168200, 6.042824076000886000, -2.749630657015883300 ) ) ;
#3090 = CARTESIAN_POINT ( 'NONE',  ( 3.174999999999998900, 4.367129629629630500, -1.833087104677063200 ) ) ;
#3091 = CARTESIAN_POINT ( 'NONE',  ( 3.367778697655221000E-016, 1.600000000000000100, 2.750000000000000000 ) ) ;
#3092 = CARTESIAN_POINT ( 'NONE',  ( 0.08465487690385556400, 3.324085523749164200, -2.718701449063481800 ) ) ;
#3093 = FACE_OUTER_BOUND ( 'NONE', #368, .T. ) ;
#3094 = CARTESIAN_POINT ( 'NONE',  ( -0.3667736582950951200, 3.002443016035510200, -2.725431540799081900 ) ) ;
#3095 = CARTESIAN_POINT ( 'NONE',  ( -2.793106854861110700, 7.084694445407948600, 0.0000000000000000000 ) ) ;
#3096 = CARTESIAN_POINT ( 'NONE',  ( 7.776507174585692900E-017, 6.383128419472075000, 0.6350000000000000100 ) ) ;
#3097 = EDGE_CURVE ( 'NONE', #3111, #3669, #2519, .T. ) ;
#3098 = ORIENTED_EDGE ( 'NONE', *, *, #3606, .F. ) ;
#3099 = CARTESIAN_POINT ( 'NONE',  ( -0.6503186963367703100, 2.704115179717724100, -2.716345246073660100 ) ) ;
#3100 = ORIENTED_EDGE ( 'NONE', *, *, #235, .T. ) ;
#3101 = DIRECTION ( 'NONE',  ( 0.0000000000000000000, 0.0000000000000000000, 1.000000000000000000 ) ) ;
#3102 = CARTESIAN_POINT ( 'NONE',  ( 3.174999999999999800, 6.425000000000000700, -3.888253587292846100E-016 ) ) ;
#3103 = EDGE_CURVE ( 'NONE', #1976, #3236, #1389, .T. ) ;
#3104 = DIRECTION ( 'NONE',  ( 1.000000000000000000, 0.0000000000000000000, 0.0000000000000000000 ) ) ;
#3105 = CARTESIAN_POINT ( 'NONE',  ( -0.08192297340079962600, 3.324825773792292200, -2.718797761166940500 ) ) ;
#3106 = CARTESIAN_POINT ( 'NONE',  ( 0.2959868757059961900, 2.824977002174852400, -2.734893847609628700 ) ) ;
#3107 = CARTESIAN_POINT ( 'NONE',  ( -2.793106854861110200, 7.849046297259800300, 1.612600994529452600 ) ) ;
#3108 = CARTESIAN_POINT ( 'NONE',  ( -1.402714943284797800, 8.556625147685199600, -2.415344138957114000 ) ) ;
#3109 = CARTESIAN_POINT ( 'NONE',  ( 0.5058127770397510300, 7.373266071162393400, -0.1016000000000000100 ) ) ;
#3110 = B_SPLINE_CURVE_WITH_KNOTS ( 'NONE', 3,
 ( #1478, #1465, #2243, #4284, #251, #2638, #1053, #1091, #5046, #2656, #1881, #4659, #213, #4235, #1848, #655, #5127, #271 ),
 .UNSPECIFIED., .F., .F.,
 ( 4, 2, 2, 2, 2, 2, 2, 2, 4 ),
 ( 0.0000000000000000000, 0.0009535224428108836100, 0.001907044885621767200, 0.002860567328432650900, 0.003814089771243534400, 0.004767612214054418400, 0.005721134656865301800, 0.006674657099676185300, 0.007628179542487068800 ),
 .UNSPECIFIED. ) ;
#3111 = VERTEX_POINT ( 'NONE', #815 ) ;
#3112 = AXIS2_PLACEMENT_3D ( 'NONE', #1115, #1500, #4701 ) ;
#3113 = ORIENTED_EDGE ( 'NONE', *, *, #982, .T. ) ;
#3114 =( LENGTH_UNIT ( ) NAMED_UNIT ( * ) SI_UNIT ( .MILLI., .METRE. ) );
#3115 = CARTESIAN_POINT ( 'NONE',  ( -2.793106854861110700, 7.968402778741280600, 0.0000000000000000000 ) ) ;
#3116 = CARTESIAN_POINT ( 'NONE',  ( -1.589409465725691900, 6.275804400084788300, 2.752937948667808100 ) ) ;
#3117 = EDGE_LOOP ( 'NONE', ( #779, #1672, #405, #3223, #3950, #1470, #3601, #4645, #2693, #555, #4720, #1308 ) ) ;
#3118 = ORIENTED_EDGE ( 'NONE', *, *, #5200, .F. ) ;
#3119 = CARTESIAN_POINT ( 'NONE',  ( -2.697643154656386600, 3.001781369355274600, 0.3150941848614433600 ) ) ;
#3120 = CARTESIAN_POINT ( 'NONE',  ( -1.587499999999997500, 6.895370370370371500, 2.749630657015593700 ) ) ;
#3121 = DIRECTION ( 'NONE',  ( 0.0000000000000000000, 0.0000000000000000000, -1.000000000000000000 ) ) ;
#3122 = ORIENTED_EDGE ( 'NONE', *, *, #4784, .T. ) ;
#3123 = CARTESIAN_POINT ( 'NONE',  ( -0.09991231245026251100, 2.629845745185723800, -2.749913118203504600 ) ) ;
#3124 = LINE ( 'NONE', #2129, #3764 ) ;
#3125 = CARTESIAN_POINT ( 'NONE',  ( 2.793106854861111500, 5.967564815778318100, 1.612600994529450200 ) ) ;
#3126 = CARTESIAN_POINT ( 'NONE',  ( -1.396553427430553300, 5.969328704667208100, 2.418901491794178200 ) ) ;
#3127 = CARTESIAN_POINT ( 'NONE',  ( 2.793106854861111500, 3.852662038000540500, 1.612600994529450200 ) ) ;
#3128 = ORIENTED_EDGE ( 'NONE', *, *, #4452, .F. ) ;
#3129 = LINE ( 'NONE', #1309, #1565 ) ;
#3130 = AXIS2_PLACEMENT_3D ( 'NONE', #3828, #1841, #4247 ) ;
#3131 = ORIENTED_EDGE ( 'NONE', *, *, #1822, .T. ) ;
#3132 = FILL_AREA_STYLE ('',( #1172 ) ) ;
#3133 = CARTESIAN_POINT ( 'NONE',  ( -1.396553427430555500, 7.145254630593133700, -2.418901491794176900 ) ) ;
#3134 = EDGE_CURVE ( 'NONE', #4272, #4510, #4079, .T. ) ;
#3135 = CARTESIAN_POINT ( 'NONE',  ( 3.178818931451388600, 5.805434029714418500, -3.892930429470952600E-016 ) ) ;
#3136 = DIRECTION ( 'NONE',  ( 0.0000000000000000000, 0.0000000000000000000, -1.000000000000000000 ) ) ;
#3137 = CARTESIAN_POINT ( 'NONE',  ( -2.244884255301052700E-016, 8.012500000000001100, -3.666174209354123200 ) ) ;
#3138 = ORIENTED_EDGE ( 'NONE', *, *, #263, .T. ) ;
#3139 = CARTESIAN_POINT ( 'NONE',  ( 0.8507386859689027900, 7.691231062443495000, 3.175000000000357800 ) ) ;
#3140 = DIRECTION ( 'NONE',  ( 0.0000000000000000000, 0.0000000000000000000, 1.000000000000000000 ) ) ;
#3141 = ORIENTED_EDGE ( 'NONE', *, *, #4880, .T. ) ;
#3142 = CIRCLE ( 'NONE', #4506, 0.4825999999999999200 ) ;
#3143 = CARTESIAN_POINT ( 'NONE',  ( 0.3661702374178436600, 2.901936884535605300, -2.725512745974219000 ) ) ;
#3144 = VERTEX_POINT ( 'NONE', #3226 ) ;
#3145 = DIRECTION ( 'NONE',  ( 0.0000000000000000000, 0.0000000000000000000, -1.000000000000000000 ) ) ;
#3146 = AXIS2_PLACEMENT_3D ( 'NONE', #1852, #3498, #3872 ) ;
#3147 = CARTESIAN_POINT ( 'NONE',  ( -1.974866646252330800E-016, 8.321180556519060200, -3.225201989058902100 ) ) ;
#3148 = CARTESIAN_POINT ( 'NONE',  ( -1.396553427430553300, 6.674884260222762000, 2.418901491794178200 ) ) ;
#3149 = LINE ( 'NONE', #2219, #3398 ) ;
#3150 = CARTESIAN_POINT ( 'NONE',  ( 2.331905842934523000, 8.358576755012588700, 1.883680017992578600 ) ) ;
#3151 = VECTOR ( 'NONE', #4887, 1000.000000000000000 ) ;
#3152 = CARTESIAN_POINT ( 'NONE',  ( 0.0000000000000000000, 0.0000000000000000000, -3.174999999999999800 ) ) ;
#3153 = CARTESIAN_POINT ( 'NONE',  ( 1.396553427430556700, 6.792476852815355000, 2.418901491794176500 ) ) ;
#3154 = CARTESIAN_POINT ( 'NONE',  ( -1.589409465725691900, 4.864693288973677800, 2.752937948667808100 ) ) ;
#3155 = CARTESIAN_POINT ( 'NONE',  ( -1.587499999999997500, 4.778703703703705200, 2.749630657015593700 ) ) ;
#3156 = VECTOR ( 'NONE', #1065, 1000.000000000000000 ) ;
#3157 = CARTESIAN_POINT ( 'NONE',  ( 1.587500000000178900, 7.718518518518725300, 2.749630657015898800 ) ) ;
#3158 = CARTESIAN_POINT ( 'NONE',  ( 0.0000000000000000000, 0.5000000000000004400, 0.0000000000000000000 ) ) ;
#3159 = ORIENTED_EDGE ( 'NONE', *, *, #4076, .T. ) ;
#3160 = CARTESIAN_POINT ( 'NONE',  ( -2.793106854861111100, 4.203675926889429700, -1.612600994529450800 ) ) ;
#3161 = CARTESIAN_POINT ( 'NONE',  ( 5.924599938756992300E-016, 5.322569445407947500, 3.225201989058902500 ) ) ;
#3162 = ORIENTED_EDGE ( 'NONE', *, *, #3231, .F. ) ;
#3163 = CARTESIAN_POINT ( 'NONE',  ( 2.725431483040755300, 2.997624060207209100, 0.3667740874847482100 ) ) ;
#3164 = EDGE_CURVE ( 'NONE', #3400, #1742, #1701, .T. ) ;
#3165 = ORIENTED_EDGE ( 'NONE', *, *, #5120, .T. ) ;
#3166 = CARTESIAN_POINT ( 'NONE',  ( -3.174999999999999400, 4.808101853778856200, 1.833087104677063600 ) ) ;
#3167 = DIRECTION ( 'NONE',  ( 0.0000000000000000000, 0.0000000000000000000, 1.000000000000000000 ) ) ;
#3168 = CARTESIAN_POINT ( 'NONE',  ( -1.974866646252330800E-016, 7.792013889852391600, -3.225201989058902100 ) ) ;
#3169 = CARTESIAN_POINT ( 'NONE',  ( 1.589409465725695900, 3.571174770455159700, 2.752937948667805800 ) ) ;
#3170 = CARTESIAN_POINT ( 'NONE',  ( 5.924599938756993300E-016, 4.617013889852392700, 3.225201989058902100 ) ) ;
#3171 = DIRECTION ( 'NONE',  ( -0.0000000000000000000, -1.000000000000000000, -0.0000000000000000000 ) ) ;
#3172 = DIRECTION ( 'NONE',  ( -0.0000000000000000000, -1.000000000000000000, -0.0000000000000000000 ) ) ;
#3173 = AXIS2_PLACEMENT_3D ( 'NONE', #4251, #5146, #3923 ) ;
#3174 = CARTESIAN_POINT ( 'NONE',  ( 0.0000000000000000000, 0.0000000000000000000, -3.174999999999999800 ) ) ;
#3175 = VERTEX_POINT ( 'NONE', #4002 ) ;
#3176 = CARTESIAN_POINT ( 'NONE',  ( 1.396553427430556700, 8.732754630593131400, 2.418901491794176500 ) ) ;
#3177 = CARTESIAN_POINT ( 'NONE',  ( 2.793106854861110200, 6.968865741704243900, -1.612600994529452200 ) ) ;
#3178 = VERTEX_POINT ( 'NONE', #407 ) ;
#3179 = ORIENTED_EDGE ( 'NONE', *, *, #300, .F. ) ;
#3180 = CARTESIAN_POINT ( 'NONE',  ( 0.0000000000000000000, 7.570000000000002100, 0.0000000000000000000 ) ) ;
#3181 = CARTESIAN_POINT ( 'NONE',  ( 0.6268193041060558000, 4.770000000000001400, -0.1016000000000000100 ) ) ;
#3182 = CARTESIAN_POINT ( 'NONE',  ( -1.974866646252330800E-016, 8.499350973185725500, -3.225201989058902100 ) ) ;
#3183 = CARTESIAN_POINT ( 'NONE',  ( -1.589409465725694700, 3.218396992677381400, -2.752937948667806700 ) ) ;
#3184 = EDGE_LOOP ( 'NONE', ( #3058, #196, #1952, #4716 ) ) ;
#3185 = CARTESIAN_POINT ( 'NONE',  ( 2.793106854861110700, 4.146643519482021900, -1.612600994529452200 ) ) ;
#3186 = DIRECTION ( 'NONE',  ( 0.0000000000000000000, 0.0000000000000000000, -1.000000000000000000 ) ) ;
#3187 = DIRECTION ( 'NONE',  ( 0.0000000000000000000, 0.0000000000000000000, 1.000000000000000000 ) ) ;
#3188 = CARTESIAN_POINT ( 'NONE',  ( 2.697716012081472900, 3.086774381422139800, -0.3145528060913299100 ) ) ;
#3189 = CARTESIAN_POINT ( 'NONE',  ( 0.5219344901422444700, 4.381991644842620400, -2.998431962127256200 ) ) ;
#3190 = FACE_OUTER_BOUND ( 'NONE', #2624, .T. ) ;
#3191 = ORIENTED_EDGE ( 'NONE', *, *, #3368, .T. ) ;
#3192 = DIRECTION ( 'NONE',  ( 0.0000000000000000000, 0.0000000000000000000, -1.000000000000000000 ) ) ;
#3193 = CARTESIAN_POINT ( 'NONE',  ( 2.793106854861111500, 5.262009260222763300, 1.612600994529450200 ) ) ;
#3194 = CARTESIAN_POINT ( 'NONE',  ( 2.793106854861111100, 5.440162038000540400, 1.612600994529450200 ) ) ;
#3195 = CIRCLE ( 'NONE', #3821, 2.793106380989011300 ) ;
#3196 = CARTESIAN_POINT ( 'NONE',  ( 0.7663595709113034700, 8.499233677238741800, -2.752595546910916500 ) ) ;
#3197 =( BOUNDED_CURVE ( )  B_SPLINE_CURVE ( 2, ( #2042, #1214, #3688, #2877, #460, #2824, #4873, #3225, #828 ),
 .UNSPECIFIED., .F., .F. ) 
 B_SPLINE_CURVE_WITH_KNOTS ( ( 3, 2, 2, 2, 3 ),
 ( 0.01450478251662159900, 0.01616282383293118200, 0.01947890646555035900, 0.02279498909816953700, 0.02445303041447913200 ),
 .UNSPECIFIED. ) 
 CURVE ( )  GEOMETRIC_REPRESENTATION_ITEM ( )  RATIONAL_B_SPLINE_CURVE ( ( 0.9330127018922194100, 0.9330127018922196300, 1.000000000000000000, 0.8660254037844387100, 1.000000000000000000, 0.8660254037844387100, 1.000000000000000000, 0.9330127018922191900, 0.9330127018922194100 ) ) 
 REPRESENTATION_ITEM ( '' )  );
#3198 = LINE ( 'NONE', #2191, #3452 ) ;
#3199 = CARTESIAN_POINT ( 'NONE',  ( 2.750094243954242400, 3.371521121743266600, -0.09353143951287570800 ) ) ;
#3200 = CARTESIAN_POINT ( 'NONE',  ( -2.793106854861110700, 8.675739862074614500, 0.0000000000000000000 ) ) ;
#3201 = EDGE_CURVE ( 'NONE', #45, #4888, #4609, .T. ) ;
#3202 = CARTESIAN_POINT ( 'NONE',  ( -3.174999999999999800, 8.277083335260339700, 0.0000000000000000000 ) ) ;
#3203 = FACE_OUTER_BOUND ( 'NONE', #507, .T. ) ;
#3204 = CARTESIAN_POINT ( 'NONE',  ( -2.793106854861111100, 3.676273149111651600, -1.612600994529450800 ) ) ;
#3205 = CIRCLE ( 'NONE', #4121, 4.150000000000001200 ) ;
#3206 = CARTESIAN_POINT ( 'NONE',  ( -1.587500000000300800, 6.660185185185532000, -2.749630657016112400 ) ) ;
#3207 = DIRECTION ( 'NONE',  ( -0.0000000000000000000, -1.000000000000000000, -0.0000000000000000000 ) ) ;
#3208 = CARTESIAN_POINT ( 'NONE',  ( -2.702662159080271700, 2.830825155549731700, -0.2813140366446044100 ) ) ;
#3209 = VECTOR ( 'NONE', #538, 1000.000000000000000 ) ;
#3210 = FACE_BOUND ( 'NONE', #4394, .T. ) ;
#3211 = CARTESIAN_POINT ( 'NONE',  ( -2.749916975406575800, 2.629816603016792000, 0.09894014647467312700 ) ) ;
#3212 = CARTESIAN_POINT ( 'NONE',  ( 2.793106854861110700, 4.674046297259799600, -1.612600994529452200 ) ) ;
#3213 = CARTESIAN_POINT ( 'NONE',  ( 2.697643154656386600, 3.001781369355274600, -0.3150941848614433600 ) ) ;
#3214 = CARTESIAN_POINT ( 'NONE',  ( 0.1917289527705568800, 8.514233987513176100, -2.835766012486848500 ) ) ;
#3215 = FACE_OUTER_BOUND ( 'NONE', #2885, .T. ) ;
#3216 = DIRECTION ( 'NONE',  ( 1.748315655815669100E-016, 0.0000000000000000000, -1.000000000000000000 ) ) ;
#3217 = CARTESIAN_POINT ( 'NONE',  ( -2.793106854861110700, 3.029513889852392300, 0.0000000000000000000 ) ) ;
#3218 = ADVANCED_FACE ( 'NONE', ( #3646 ), #4419, .F. ) ;
#3219 = VERTEX_POINT ( 'NONE', #350 ) ;
#3220 = CARTESIAN_POINT ( 'NONE',  ( 1.587500000000001500, 7.806712964889968900, 2.749630657015591500 ) ) ;
#3221 = CARTESIAN_POINT ( 'NONE',  ( 2.793106854861110700, 5.557754630593134200, -1.612600994529452200 ) ) ;
#3222 = DIRECTION ( 'NONE',  ( 0.0000000000000000000, 0.0000000000000000000, -1.000000000000000000 ) ) ;
#3223 = ORIENTED_EDGE ( 'NONE', *, *, #2866, .F. ) ;
#3224 = CARTESIAN_POINT ( 'NONE',  ( 0.0000000000000000000, 7.570000000000002100, -2.249999999999999600 ) ) ;
#3225 = CARTESIAN_POINT ( 'NONE',  ( -0.8507386859688385000, 7.338453284665568800, -3.175000000000099300 ) ) ;
#3226 = CARTESIAN_POINT ( 'NONE',  ( -1.312805636532841800, 4.143117653710570300, -2.465357431156733000 ) ) ;
#3227 = CARTESIAN_POINT ( 'NONE',  ( 1.396553427430554700, 6.851273149111651900, -2.418901491794177300 ) ) ;
#3228 = CARTESIAN_POINT ( 'NONE',  ( -2.235145023706038200, 8.204224730447316800, -2.242500666038233200 ) ) ;
#3229 = CARTESIAN_POINT ( 'NONE',  ( 0.08253476684304669700, 2.675266262614601800, -2.718785786688882500 ) ) ;
#3230 = EDGE_CURVE ( 'NONE', #4674, #2128, #3142, .T. ) ;
#3231 = EDGE_CURVE ( 'NONE', #3948, #2358, #3973, .T. ) ;
#3232 = EDGE_CURVE ( 'NONE', #3175, #3023, #4931, .T. ) ;
#3233 = CARTESIAN_POINT ( 'NONE',  ( -1.396553427430555500, 9.263702825037576400, -2.418901491794176900 ) ) ;
#3234 = CARTESIAN_POINT ( 'NONE',  ( -3.178818931451388200, 8.955445601842217900, 1.835291965778539400 ) ) ;
#3235 = CARTESIAN_POINT ( 'NONE',  ( 3.174999999999998900, 8.688657409334412700, -1.833087104677063200 ) ) ;
#3236 = VERTEX_POINT ( 'NONE', #4402 ) ;
#3237 = CARTESIAN_POINT ( 'NONE',  ( 5.924599938756993300E-016, 5.322569445407947500, 3.225201989058902100 ) ) ;
#3238 = CARTESIAN_POINT ( 'NONE',  ( 0.6268193041060558000, 7.440000000000002200, -0.1016000000000000100 ) ) ;
#3239 = VERTEX_POINT ( 'NONE', #3600 ) ;
#3240 = ORIENTED_EDGE ( 'NONE', *, *, #1752, .F. ) ;
#3241 = ADVANCED_FACE ( 'NONE', ( #3843, #3527 ), #2776, .F. ) ;
#3242 = CARTESIAN_POINT ( 'NONE',  ( -0.1963931590005576200, 3.328022963529719400, 2.743797024446081000 ) ) ;
#3243 = CARTESIAN_POINT ( 'NONE',  ( 1.396553427430554700, 7.556828704667206700, -2.418901491794177300 ) ) ;
#3244 = ORIENTED_EDGE ( 'NONE', *, *, #5049, .T. ) ;
#3245 = VERTEX_POINT ( 'NONE', #3616 ) ;
#3246 = AXIS2_PLACEMENT_3D ( 'NONE', #3503, #3045, #5139 ) ;
#3247 = VECTOR ( 'NONE', #1447, 1000.000000000000000 ) ;
#3248 = CARTESIAN_POINT ( 'NONE',  ( 2.731087048746746700, 3.190851049416290500, 0.3289356214074893300 ) ) ;
#3249 = CARTESIAN_POINT ( 'NONE',  ( -2.793106854861111100, 9.322499121333875000, -1.612600994529450800 ) ) ;
#3250 = DIRECTION ( 'NONE',  ( -0.0000000000000000000, -1.000000000000000000, -0.0000000000000000000 ) ) ;
#3251 = CARTESIAN_POINT ( 'NONE',  ( -3.178818931451388600, 9.602204861101476800, 0.0000000000000000000 ) ) ;
#3252 = CARTESIAN_POINT ( 'NONE',  ( 6.742753294174620500E-016, 2.806822918603307100, 3.670583931557075200 ) ) ;
#3253 = CIRCLE ( 'NONE', #3456, 0.3500000000000000300 ) ;
#3254 = CARTESIAN_POINT ( 'NONE',  ( 2.793106854861110700, 3.382291667630170600, -3.420569369482190000E-016 ) ) ;
#3255 = CARTESIAN_POINT ( 'NONE',  ( -2.734598471358014000, 2.829446573492168300, 0.2986458422351488400 ) ) ;
#3256 = FILL_AREA_STYLE_COLOUR ( '', #3523 ) ;
#3257 = CARTESIAN_POINT ( 'NONE',  ( 2.357058675331130000, 4.169602129506747800, -1.570066681172581000 ) ) ;
#3258 = FACE_OUTER_BOUND ( 'NONE', #939, .T. ) ;
#3259 = EDGE_CURVE ( 'NONE', #4852, #4072, #2583, .T. ) ;
#3260 = EDGE_CURVE ( 'NONE', #3437, #1823, #4492, .T. ) ;
#3261 = CARTESIAN_POINT ( 'NONE',  ( 0.8507386859683686600, 4.869008840221053600, 3.175000000000257400 ) ) ;
#3262 = ORIENTED_EDGE ( 'NONE', *, *, #1617, .F. ) ;
#3263 = ORIENTED_EDGE ( 'NONE', *, *, #848, .F. ) ;
#3264 = CARTESIAN_POINT ( 'NONE',  ( -1.974866646252330800E-016, 6.204513889852392200, -3.225201989058902100 ) ) ;
#3265 = CARTESIAN_POINT ( 'NONE',  ( -6.100733027540753200E-015, 7.395138890815894200, -3.174999999999998900 ) ) ;
#3266 = B_SPLINE_CURVE_WITH_KNOTS ( 'NONE', 3,
 ( #797, #1669, #3208, #2024, #4489, #2074, #4469, #4851, #32, #1630 ),
 .UNSPECIFIED., .F., .F.,
 ( 4, 2, 2, 2, 4 ),
 ( 2.078957471643452700E-006, 0.0002553318341866979900, 0.0005085847109017525800, 0.0007618375876168069000, 0.001015090464331861100 ),
 .UNSPECIFIED. ) ;
#3267 = FACE_OUTER_BOUND ( 'NONE', #166, .T. ) ;
#3268 = CARTESIAN_POINT ( 'NONE',  ( 0.3150944306706615100, 2.998267540516768500, -2.697643121576346100 ) ) ;
#3269 = VECTOR ( 'NONE', #643, 1000.000000000000000 ) ;
#3270 = VECTOR ( 'NONE', #4571, 1000.000000000000000 ) ;
#3271 = DIRECTION ( 'NONE',  ( 0.0000000000000000000, 0.0000000000000000000, -1.000000000000000000 ) ) ;
#3272 = CARTESIAN_POINT ( 'NONE',  ( -2.793106854861111100, 4.383610232444984200, -1.612600994529450800 ) ) ;
#3273 = EDGE_CURVE ( 'NONE', #3936, #1186, #825, .T. ) ;
#3274 = ADVANCED_FACE ( 'NONE', ( #2832 ), #3393, .T. ) ;
#3275 = LINE ( 'NONE', #4524, #2087 ) ;
#3276 = CARTESIAN_POINT ( 'NONE',  ( 1.589409465725693600, 7.955908564805179500, -2.752937948667807200 ) ) ;
#3277 = CARTESIAN_POINT ( 'NONE',  ( -1.587500000000000400, 6.042824076001078700, -2.749630657015592400 ) ) ;
#3278 = AXIS2_PLACEMENT_3D ( 'NONE', #387, #2774, #846 ) ;
#3279 = CARTESIAN_POINT ( 'NONE',  ( 6.734652765903158200E-016, 8.365277777777778900, 3.666174209354123200 ) ) ;
#3280 = CIRCLE ( 'NONE', #2346, 2.750000000000000000 ) ;
#3281 = DIRECTION ( 'NONE',  ( 0.0000000000000000000, -1.000000000000000000, 0.0000000000000000000 ) ) ;
#3282 = CARTESIAN_POINT ( 'NONE',  ( 0.8507386859688035300, 5.158768937556711600, -3.175000000000006500 ) ) ;
#3283 = CIRCLE ( 'NONE', #2865, 4.150000000000001200 ) ;
#3284 = CARTESIAN_POINT ( 'NONE',  ( 0.3150987235113129600, 3.000000000000000000, -2.697642543859645900 ) ) ;
#3285 = ORIENTED_EDGE ( 'NONE', *, *, #2429, .F. ) ;
#3286 = ORIENTED_EDGE ( 'NONE', *, *, #2698, .F. ) ;
#3287 = CARTESIAN_POINT ( 'NONE',  ( -3.175000000000010000, 5.454861113038111500, 0.0000000000000000000 ) ) ;
#3288 = CARTESIAN_POINT ( 'NONE',  ( 5.924599938756993300E-016, 4.618795417630170900, 3.225201989058902100 ) ) ;
#3289 = CARTESIAN_POINT ( 'NONE',  ( -2.247584431391540000E-016, 8.014704861101478200, -3.670583931557075200 ) ) ;
#3290 = CARTESIAN_POINT ( 'NONE',  ( 1.587499999999999200, 3.808564816741820500, -2.749630657015592800 ) ) ;
#3291 = ORIENTED_EDGE ( 'NONE', *, *, #3201, .F. ) ;
#3292 = CARTESIAN_POINT ( 'NONE',  ( -1.396553427430553300, 3.147106482444985300, 2.418901491794178200 ) ) ;
#3293 = DIRECTION ( 'NONE',  ( 8.659560562354919300E-017, 0.7071067811865487900, -0.7071067811865463500 ) ) ;
#3294 = CARTESIAN_POINT ( 'NONE',  ( 0.0000000000000000000, 4.143106380989011400, 0.0000000000000000000 ) ) ;
#3295 = CARTESIAN_POINT ( 'NONE',  ( -3.039999999999998700, -4.129999999999999900, 2.039999999999999100 ) ) ;
#3296 = CARTESIAN_POINT ( 'NONE',  ( 0.0000000000000000000, 0.2000000000000000100, 0.0000000000000000000 ) ) ;
#3297 = EDGE_LOOP ( 'NONE', ( #3822, #3571 ) ) ;
#3298 = CARTESIAN_POINT ( 'NONE',  ( -2.412708507134121200, 8.556885216022410000, 1.407225483806616700 ) ) ;
#3299 = B_SPLINE_CURVE_WITH_KNOTS ( 'NONE', 3,
 ( #755, #361, #3991, #4389, #4333, #4815, #1187, #2387, #5233, #379 ),
 .UNSPECIFIED., .F., .F.,
 ( 4, 2, 2, 2, 4 ),
 ( 0.001017242831404107900, 0.001270501134050712200, 0.001523759436697316300, 0.001777017739343920400, 0.002030276041990524500 ),
 .UNSPECIFIED. ) ;
#3300 = CARTESIAN_POINT ( 'NONE',  ( 0.3150922842482892800, 2.997921052681319600, -2.697643410430463600 ) ) ;
#3301 = EDGE_CURVE ( 'NONE', #1217, #1030, #1515, .T. ) ;
#3302 = VERTEX_POINT ( 'NONE', #2860 ) ;
#3303 = CARTESIAN_POINT ( 'NONE',  ( 1.364442566466322900, 4.365480716710695000, 2.712047303802231900 ) ) ;
#3304 = CARTESIAN_POINT ( 'NONE',  ( 2.793106854861111500, 5.441943565778316800, 1.612600994529450200 ) ) ;
#3305 = CARTESIAN_POINT ( 'NONE',  ( -1.589409465725694700, 8.073501157397771500, -2.752937948667806700 ) ) ;
#3306 = CARTESIAN_POINT ( 'NONE',  ( 3.174999999999999800, 3.690972224149227500, -3.888253587292846100E-016 ) ) ;
#3307 = CARTESIAN_POINT ( 'NONE',  ( -2.212983018674809200, 8.240136873081326000, 2.195985698232662200 ) ) ;
#3308 = AXIS2_PLACEMENT_3D ( 'NONE', #4281, #3082, #1877 ) ;
#3309 = DIRECTION ( 'NONE',  ( 0.0000000000000000000, 0.0000000000000000000, -1.000000000000000000 ) ) ;
#3310 = AXIS2_PLACEMENT_3D ( 'NONE', #804, #394, #356 ) ;
#3311 = CARTESIAN_POINT ( 'NONE',  ( -3.175000000000104200, 6.807175927852870100, -1.833087104677121800 ) ) ;
#3312 = CARTESIAN_POINT ( 'NONE',  ( -2.929802150491476600, 8.424132951489456300, 0.09093053552723502600 ) ) ;
#3313 = LINE ( 'NONE', #3096, #2507 ) ;
#3314 = CARTESIAN_POINT ( 'NONE',  ( 1.587500000000170000, 6.395601853778663900, 2.749630657015882800 ) ) ;
#3315 = VERTEX_POINT ( 'NONE', #4095 ) ;
#3316 = FACE_OUTER_BOUND ( 'NONE', #108, .T. ) ;
#3317 = CARTESIAN_POINT ( 'NONE',  ( 2.921129229517665800, 4.469752269775288100, -1.150276157470071700 ) ) ;
#3318 = CARTESIAN_POINT ( 'NONE',  ( -2.793106854861111100, 6.500276899111652200, -1.612600994529450800 ) ) ;
#3319 = ADVANCED_FACE ( 'NONE', ( #765 ), #4997, .T. ) ;
#3320 = CARTESIAN_POINT ( 'NONE',  ( -2.825048672147084000, -4.129999999999999900, 3.040000000000000500 ) ) ;
#3321 = CARTESIAN_POINT ( 'NONE',  ( -3.178818931451388600, 6.074427083323700000, 0.0000000000000000000 ) ) ;
#3322 = CARTESIAN_POINT ( 'NONE',  ( -2.244884255301052700E-016, 3.161805557482561200, -3.666174209354123200 ) ) ;
#3323 = EDGE_LOOP ( 'NONE', ( #3629, #4455, #737, #4825 ) ) ;
#3324 = FACE_OUTER_BOUND ( 'NONE', #4050, .T. ) ;
#3325 = CARTESIAN_POINT ( 'NONE',  ( -1.396553427430553300, 7.380439815778317800, 2.418901491794178200 ) ) ;
#3326 = ORIENTED_EDGE ( 'NONE', *, *, #157, .T. ) ;
#3327 = CARTESIAN_POINT ( 'NONE',  ( 2.697642543859650300, 3.084419846495048300, 0.3150987235112848200 ) ) ;
#3328 = ORIENTED_EDGE ( 'NONE', *, *, #2198, .T. ) ;
#3329 = CARTESIAN_POINT ( 'NONE',  ( 7.030368536499343100E-015, 7.042361113038117200, 3.174999999999998900 ) ) ;
#3330 = VECTOR ( 'NONE', #1044, 1000.000000000000000 ) ;
#3331 = CARTESIAN_POINT ( 'NONE',  ( 1.396553427430554700, 7.556828704667206700, -2.418901491794177300 ) ) ;
#3332 = EDGE_CURVE ( 'NONE', #3733, #67, #4370, .T. ) ;
#3333 = CARTESIAN_POINT ( 'NONE',  ( -0.4717840607735703800, 8.802396902521437000, 0.1015999999999999400 ) ) ;
#3334 = EDGE_CURVE ( 'NONE', #4725, #5083, #1135, .T. ) ;
#3335 = DIRECTION ( 'NONE',  ( -0.0000000000000000000, -0.0000000000000000000, -1.000000000000000000 ) ) ;
#3336 = CARTESIAN_POINT ( 'NONE',  ( 0.0000000000000000000, 4.670000000000001700, 0.0000000000000000000 ) ) ;
#3337 = ORIENTED_EDGE ( 'NONE', *, *, #1723, .T. ) ;
#3338 = CARTESIAN_POINT ( 'NONE',  ( 1.612381687967634000, 4.517446086313865900, -2.749012636485108200 ) ) ;
#3339 = CARTESIAN_POINT ( 'NONE',  ( 1.396553427430554700, 7.029443565778318100, -2.418901491794177300 ) ) ;
#3340 = VECTOR ( 'NONE', #2704, 1000.000000000000000 ) ;
#3341 = CARTESIAN_POINT ( 'NONE',  ( 3.178818931451388200, 3.663778935175551000, -1.835291965778538900 ) ) ;
#3342 = CARTESIAN_POINT ( 'NONE',  ( 3.174999999999998900, 3.044212964889968700, -1.833087104677063200 ) ) ;
#3343 = CARTESIAN_POINT ( 'NONE',  ( -0.1233199564716309200, 8.522531222957919500, -2.827468777042065500 ) ) ;
#3344 = EDGE_LOOP ( 'NONE', ( #5243, #1117, #2475 ) ) ;
#3345 = CARTESIAN_POINT ( 'NONE',  ( 0.0000000000000000000, 0.0000000000000000000, 0.0000000000000000000 ) ) ;
#3346 = CARTESIAN_POINT ( 'NONE',  ( 1.396553427430556700, 7.321643519482021700, 2.418901491794176500 ) ) ;
#3347 = CARTESIAN_POINT ( 'NONE',  ( 1.396553427430554700, 6.145717593556096100, -2.418901491794177300 ) ) ;
#3348 = ADVANCED_FACE ( 'NONE', ( #3715 ), #4466, .T. ) ;
#3349 = AXIS2_PLACEMENT_3D ( 'NONE', #2444, #1687, #4033 ) ;
#3350 = ORIENTED_EDGE ( 'NONE', *, *, #3097, .F. ) ;
#3351 = DIRECTION ( 'NONE',  ( 0.0000000000000000000, 1.000000000000000000, 0.0000000000000000000 ) ) ;
#3352 = CARTESIAN_POINT ( 'NONE',  ( 0.0000000000000000000, 0.5000000000000004400, 0.0000000000000000000 ) ) ;
#3353 = CARTESIAN_POINT ( 'NONE',  ( 0.8644843774012405100, 4.353191204903630800, 2.881452621515360400 ) ) ;
#3354 = DIRECTION ( 'NONE',  ( -0.0000000000000000000, 1.000000000000000000, 0.0000000000000000000 ) ) ;
#3356 = DIRECTION ( 'NONE',  ( -1.000000000000000000, 0.0000000000000000000, 0.0000000000000000000 ) ) ;
#3355 =( BOUNDED_CURVE ( )  B_SPLINE_CURVE ( 2, ( #1213, #4027, #1607, #827, #1582, #3598, #3648, #2023, #2424 ),
 .UNSPECIFIED., .F., .F. ) 
 B_SPLINE_CURVE_WITH_KNOTS ( ( 3, 2, 2, 2, 3 ),
 ( 0.04435127206438105300, 0.04600946317178337300, 0.04932584538658822000, 0.05264222760139307400, 0.05430041870879549100 ),
 .UNSPECIFIED. ) 
 CURVE ( )  GEOMETRIC_REPRESENTATION_ITEM ( )  RATIONAL_B_SPLINE_CURVE ( ( 0.9330127018922194100, 0.9330127018922236300, 1.000000000000000000, 0.8660254037844387100, 1.000000000000000000, 0.8660254037844387100, 1.000000000000000000, 0.9330127018922196300, 0.9330127018922194100 ) ) 
 REPRESENTATION_ITEM ( '' )  );
#3357 = CARTESIAN_POINT ( 'NONE',  ( -3.178818931451388200, 4.016556712953328800, 1.835291965778539400 ) ) ;
#3358 = CARTESIAN_POINT ( 'NONE',  ( 6.734652765903158200E-016, 3.514583335260339500, 3.666174209354123200 ) ) ;
#3359 = EDGE_CURVE ( 'NONE', #2248, #127, #4343, .T. ) ;
#3360 = CARTESIAN_POINT ( 'NONE',  ( -2.730264005351159500, 3.002210142976472700, 0.3308644510438292800 ) ) ;
#3361 = ORIENTED_EDGE ( 'NONE', *, *, #3332, .F. ) ;
#3362 = CARTESIAN_POINT ( 'NONE',  ( 1.396553427430554700, 6.851273149111651900, -2.418901491794177300 ) ) ;
#3363 = CARTESIAN_POINT ( 'NONE',  ( -2.793106854861109300, 5.028587963926466600, 1.612600994529452800 ) ) ;
#3364 = EDGE_LOOP ( 'NONE', ( #3240, #4408 ) ) ;
#3365 = CARTESIAN_POINT ( 'NONE',  ( 0.3303034960502651600, 3.089677256771624400, 2.730331082275077900 ) ) ;
#3366 = DIRECTION ( 'NONE',  ( 0.0000000000000000000, 0.0000000000000000000, 1.000000000000000000 ) ) ;
#3367 = ORIENTED_EDGE ( 'NONE', *, *, #478, .T. ) ;
#3368 = EDGE_CURVE ( 'NONE', #2939, #4888, #4676, .T. ) ;
#3369 = VERTEX_POINT ( 'NONE', #862 ) ;
#3370 = CARTESIAN_POINT ( 'NONE',  ( 0.3150919155324480900, 3.002137639031063000, 2.697643460050251900 ) ) ;
#3371 = CARTESIAN_POINT ( 'NONE',  ( -1.396553427430555500, 3.619258380593133300, -2.418901491794176900 ) ) ;
#3372 = ADVANCED_FACE ( 'NONE', ( #3580 ), #46, .T. ) ;
#3373 = DIRECTION ( 'NONE',  ( -0.0000000000000000000, -1.000000000000000000, -0.0000000000000000000 ) ) ;
#3374 = CARTESIAN_POINT ( 'NONE',  ( -3.178818931451388200, 6.133223379619996000, 1.835291965778539400 ) ) ;
#3375 = CARTESIAN_POINT ( 'NONE',  ( 5.924599938756993300E-016, 7.968402778741280600, 3.225201989058902100 ) ) ;
#3376 = CYLINDRICAL_SURFACE ( 'NONE', #4547, 3.174999999999999800 ) ;
#3377 =( NAMED_UNIT ( * ) SI_UNIT ( $, .STERADIAN. ) SOLID_ANGLE_UNIT ( ) );
#3378 = DIRECTION ( 'NONE',  ( 0.0000000000000000000, 0.0000000000000000000, 1.000000000000000000 ) ) ;
#3379 = AXIS2_PLACEMENT_3D ( 'NONE', #2402, #2417, #787 ) ;
#3380 = EDGE_LOOP ( 'NONE', ( #5189, #2506 ) ) ;
#3381 = CARTESIAN_POINT ( 'NONE',  ( 1.396553427430556700, 5.910532408370910300, 2.418901491794176500 ) ) ;
#3382 = VECTOR ( 'NONE', #1359, 1000.000000000000000 ) ;
#3383 = CARTESIAN_POINT ( 'NONE',  ( -2.793106854861110700, 6.322106482444984200, -1.612600994529450800 ) ) ;
#3384 = ORIENTED_EDGE ( 'NONE', *, *, #2227, .F. ) ;
#3385 = DIRECTION ( 'NONE',  ( 0.0000000000000000000, -1.000000000000000000, 0.0000000000000000000 ) ) ;
#3386 = CARTESIAN_POINT ( 'NONE',  ( 0.4717840607735703800, 4.770000000000001400, -0.1016000000000000100 ) ) ;
#3387 = VECTOR ( 'NONE', #4488, 1000.000000000000000 ) ;
#3388 = EDGE_LOOP ( 'NONE', ( #5014, #1618, #4256, #2706 ) ) ;
#3389 = FACE_OUTER_BOUND ( 'NONE', #5076, .T. ) ;
#3390 = DIRECTION ( 'NONE',  ( 0.0000000000000000000, -1.000000000000000000, -0.0000000000000000000 ) ) ;
#3391 = CARTESIAN_POINT ( 'NONE',  ( 0.0000000000000000000, 7.440000000000002200, -1.729999999999999300 ) ) ;
#3392 = CARTESIAN_POINT ( 'NONE',  ( 0.6268193041060558000, 8.802396902521437000, 0.1016000000000000100 ) ) ;
#3393 = CYLINDRICAL_SURFACE ( 'NONE', #1165, 3.174999999999999800 ) ;
#3394 = CARTESIAN_POINT ( 'NONE',  ( 1.589409465725693600, 5.133686342582958400, -2.752937948667807200 ) ) ;
#3395 = ORIENTED_EDGE ( 'NONE', *, *, #1421, .T. ) ;
#3396 = ORIENTED_EDGE ( 'NONE', *, *, #4083, .T. ) ;
#3397 = CARTESIAN_POINT ( 'NONE',  ( 0.0000000000000000000, 4.100000000000000500, 0.0000000000000000000 ) ) ;
#3398 = VECTOR ( 'NONE', #3860, 1000.000000000000000 ) ;
#3399 = FACE_OUTER_BOUND ( 'NONE', #2253, .T. ) ;
#3400 = VERTEX_POINT ( 'NONE', #1757 ) ;
#3401 = CARTESIAN_POINT ( 'NONE',  ( -2.730263959453998800, 2.997850539453667600, -0.3308648348763486600 ) ) ;
#3402 = CARTESIAN_POINT ( 'NONE',  ( 2.793106854861110700, 4.617013889852391800, -3.420569369482190000E-016 ) ) ;
#3403 = CARTESIAN_POINT ( 'NONE',  ( 2.793106854861110200, 4.675810186148687800, -1.612600994529452200 ) ) ;
#3404 = ADVANCED_FACE ( 'NONE', ( #4213 ), #4804, .F. ) ;
#3405 = AXIS2_PLACEMENT_3D ( 'NONE', #631, #1458, #4388 ) ;
#3406 = CIRCLE ( 'NONE', #3689, 0.6350000000000000100 ) ;
#3407 = EDGE_CURVE ( 'NONE', #2128, #3741, #506, .T. ) ;
#3408 = DIRECTION ( 'NONE',  ( -0.0000000000000000000, -1.000000000000000000, 0.0000000000000000000 ) ) ;
#3409 = VERTEX_POINT ( 'NONE', #2167 ) ;
#3410 = ORIENTED_EDGE ( 'NONE', *, *, #55, .F. ) ;
#3411 = CARTESIAN_POINT ( 'NONE',  ( 2.825048672147084400, -4.129999999999999900, 3.040000000000000500 ) ) ;
#3412 = CARTESIAN_POINT ( 'NONE',  ( 0.3274897295624668600, 3.193693618664627200, 2.731288278653447100 ) ) ;
#3413 = CARTESIAN_POINT ( 'NONE',  ( -1.974866646252330800E-016, 8.497569445407949100, -3.225201989058902100 ) ) ;
#3414 = ORIENTED_EDGE ( 'NONE', *, *, #2969, .F. ) ;
#3415 = AXIS2_PLACEMENT_3D ( 'NONE', #4696, #1096, #3482 ) ;
#3416 = AXIS2_PLACEMENT_3D ( 'NONE', #5191, #2746, #3145 ) ;
#3417 = ORIENTED_EDGE ( 'NONE', *, *, #4837, .T. ) ;
#3418 = CARTESIAN_POINT ( 'NONE',  ( -2.697642688291167300, 2.998960519572021300, -0.3150976502946936100 ) ) ;
#3419 = CARTESIAN_POINT ( 'NONE',  ( 2.793106854861110700, 9.026736112074614100, -3.420569369482190000E-016 ) ) ;
#3420 = CARTESIAN_POINT ( 'NONE',  ( -2.793106854861110700, 4.264236112074614800, 0.0000000000000000000 ) ) ;
#3421 = DIRECTION ( 'NONE',  ( 0.0000000000000000000, 0.0000000000000000000, -1.000000000000000000 ) ) ;
#3422 = DIRECTION ( 'NONE',  ( 0.0000000000000000000, 0.0000000000000000000, -1.000000000000000000 ) ) ;
#3423 = DIRECTION ( 'NONE',  ( -3.491481338843134100E-015, 0.0000000000000000000, 1.000000000000000000 ) ) ;
#3424 =( BOUNDED_SURFACE ( )  B_SPLINE_SURFACE ( 3, 2, ( 
 ( #1882, #4397, #2395 ),
 ( #2790, #4805, #1076 ),
 ( #2288, #2843, #1595 ),
 ( #2804, #3628, #2041 ),
 ( #1231, #4872, #4850 ),
 ( #796, #5241, #1984 ),
 ( #2377, #2438, #4044 ),
 ( #1245, #419, #2823 ),
 ( #3188, #5227, #4433 ),
 ( #1628, #3611, #4449 ) ),
 .UNSPECIFIED., .F., .F., .F. ) 
 B_SPLINE_SURFACE_WITH_KNOTS ( ( 4, 2, 2, 2, 4 ),
 ( 3, 3 ),
 ( 0.0000000000000000000, 0.0002859050886943506200, 0.0005718101773887012400, 0.0008577152660830518600, 0.001143620354777402500 ),
 ( 0.0000000000000000000, 1.000000000000000000 ),
 .UNSPECIFIED. ) 
 GEOMETRIC_REPRESENTATION_ITEM ( )  RATIONAL_B_SPLINE_SURFACE ( (
 ( 1.000000000000000000, 0.8097361317306208700, 1.000000000000000000),
 ( 1.000000000000000000, 0.8094476173959236400, 1.000000000000000000),
 ( 1.000000000000000000, 0.8141714793987960800, 1.000000000000000000),
 ( 1.000000000000000000, 0.8243118371004168900, 1.000000000000000000),
 ( 1.000000000000000000, 0.8290773132979587500, 1.000000000000000000),
 ( 1.000000000000000000, 0.8292328263518722300, 1.000000000000000000),
 ( 1.000000000000000000, 0.8246374382475737400, 1.000000000000000000),
 ( 1.000000000000000000, 0.8143856057760524600, 1.000000000000000000),
 ( 1.000000000000000000, 0.8096332840003753800, 1.000000000000000000),
 ( 1.000000000000000000, 0.8097361779316860600, 1.000000000000000000) ) ) 
 REPRESENTATION_ITEM ( '' )  SURFACE ( )  );
#3425 = ORIENTED_EDGE ( 'NONE', *, *, #5197, .F. ) ;
#3426 = DIRECTION ( 'NONE',  ( 0.0000000000000000000, 0.0000000000000000000, 1.000000000000000000 ) ) ;
#3427 = ADVANCED_FACE ( 'NONE', ( #5203 ), #602, .F. ) ;
#3428 = CARTESIAN_POINT ( 'NONE',  ( 0.3667736582917401300, 3.002443016035500500, 2.725431540799235100 ) ) ;
#3429 = CARTESIAN_POINT ( 'NONE',  ( -0.3667740874847577600, 2.997624060207209100, 2.725431483040754000 ) ) ;
#3430 = ORIENTED_EDGE ( 'NONE', *, *, #2741, .T. ) ;
#3431 = CARTESIAN_POINT ( 'NONE',  ( 0.5736725546860332900, 7.440000000000002200, -0.1016000000000000100 ) ) ;
#3432 = EDGE_CURVE ( 'NONE', #5058, #1918, #2893, .T. ) ;
#3433 = CARTESIAN_POINT ( 'NONE',  ( -2.675878240057282000, 3.002443016035522200, 0.3601050463261220000 ) ) ;
#3434 = EDGE_CURVE ( 'NONE', #1918, #101, #879, .T. ) ;
#3435 = CARTESIAN_POINT ( 'NONE',  ( 1.396553427430554700, 4.029050926889429000, -2.418901491794177300 ) ) ;
#3436 = CARTESIAN_POINT ( 'NONE',  ( -0.3150919155324293800, 3.002137639031063000, -2.697643460050254600 ) ) ;
#3437 = VERTEX_POINT ( 'NONE', #124 ) ;
#3438 = CARTESIAN_POINT ( 'NONE',  ( 1.587500000000024800, 7.101157409334386500, 2.749630657015632400 ) ) ;
#3439 = CARTESIAN_POINT ( 'NONE',  ( 1.587500000000024100, 7.248148148148178600, -2.749630657015636400 ) ) ;
#3440 = CARTESIAN_POINT ( 'NONE',  ( 3.039999999999999600, -4.129999999999999900, -2.039999999999999100 ) ) ;
#3441 = CYLINDRICAL_SURFACE ( 'NONE', #5106, 0.6350000000000000100 ) ;
#3442 = CARTESIAN_POINT ( 'NONE',  ( 0.3667736582917401300, 3.002443016035500500, 2.725431540799235100 ) ) ;
#3443 = CARTESIAN_POINT ( 'NONE',  ( -0.3150919155324293800, 3.002137639031063000, -2.697643460050254600 ) ) ;
#3444 = STYLED_ITEM ( 'NONE', ( #2392 ), #4131 ) ;
#3445 = AXIS2_PLACEMENT_3D ( 'NONE', #4482, #3250, #2854 ) ;
#3446 = LINE ( 'NONE', #3012, #5115 ) ;
#3447 = DIRECTION ( 'NONE',  ( -0.0000000000000000000, -1.000000000000000000, -0.0000000000000000000 ) ) ;
#3448 = DIRECTION ( 'NONE',  ( -0.0000000000000000000, -1.000000000000000000, -0.0000000000000000000 ) ) ;
#3449 = CARTESIAN_POINT ( 'NONE',  ( 1.396553427430556700, 8.203587963926466400, 2.418901491794176500 ) ) ;
#3450 = CARTESIAN_POINT ( 'NONE',  ( -1.189362883408168600, 3.119813528540689200, -2.983904950657219900 ) ) ;
#3451 = DIRECTION ( 'NONE',  ( 0.0000000000000000000, 0.0000000000000000000, -1.000000000000000000 ) ) ;
#3452 = VECTOR ( 'NONE', #1486, 1000.000000000000000 ) ;
#3453 = CARTESIAN_POINT ( 'NONE',  ( 0.0000000000000000000, 0.1999999999999992300, -2.080000000000000100 ) ) ;
#3454 = CARTESIAN_POINT ( 'NONE',  ( 2.547265342226494900E-016, 0.5000000000000000000, 2.080000000000000100 ) ) ;
#3455 = CARTESIAN_POINT ( 'NONE',  ( -2.793106854861111100, 3.499884260222762700, -1.612600994529450800 ) ) ;
#3456 = AXIS2_PLACEMENT_3D ( 'NONE', #1836, #4203, #219 ) ;
#3457 = CARTESIAN_POINT ( 'NONE',  ( 0.4717840607735703800, 4.770000000000001400, 0.1016000000000000100 ) ) ;
#3458 = VERTEX_POINT ( 'NONE', #2947 ) ;
#3459 = FACE_OUTER_BOUND ( 'NONE', #4361, .T. ) ;
#3460 = CARTESIAN_POINT ( 'NONE',  ( -2.799071738289796500, 8.556893145138891700, 0.01080548130062409700 ) ) ;
#3461 = DIRECTION ( 'NONE',  ( -0.0000000000000000000, 1.000000000000000000, -0.0000000000000000000 ) ) ;
#3462 = ORIENTED_EDGE ( 'NONE', *, *, #1382, .F. ) ;
#3463 = CARTESIAN_POINT ( 'NONE',  ( 0.3150987235113129600, 3.084419846495047900, -2.697642543859645900 ) ) ;
#3464 = VECTOR ( 'NONE', #1804, 1000.000000000000000 ) ;
#3465 = LINE ( 'NONE', #3454, #773 ) ;
#3466 = CARTESIAN_POINT ( 'NONE',  ( 1.396553427430554700, 8.966175926889427200, -2.418901491794177300 ) ) ;
#3467 = DIRECTION ( 'NONE',  ( -0.0000000000000000000, -1.000000000000000000, -0.0000000000000000000 ) ) ;
#3468 = LINE ( 'NONE', #3962, #950 ) ;
#3469 = CARTESIAN_POINT ( 'NONE',  ( 0.0000000000000000000, 4.670000000000001700, 0.0000000000000000000 ) ) ;
#3470 = EDGE_LOOP ( 'NONE', ( #3501, #2994, #2083 ) ) ;
#3471 = DIRECTION ( 'NONE',  ( -0.0000000000000000000, -1.000000000000000000, -0.0000000000000000000 ) ) ;
#3472 = VECTOR ( 'NONE', #1527, 1000.000000000000000 ) ;
#3473 = CARTESIAN_POINT ( 'NONE',  ( -9.621146495528316200E-013, 4.837499999999964800, 3.174999999999998900 ) ) ;
#3474 = CARTESIAN_POINT ( 'NONE',  ( 0.6268193041060558000, 4.770000000000001400, 0.1016000000000000100 ) ) ;
#3475 = CARTESIAN_POINT ( 'NONE',  ( -2.793106854861110200, 4.323032408370910900, 1.612600994529452600 ) ) ;
#3476 = CARTESIAN_POINT ( 'NONE',  ( -1.589409465725694700, 8.157285881566272300, -2.752937948667806700 ) ) ;
#3477 = CARTESIAN_POINT ( 'NONE',  ( 0.5058127770397510300, 7.373266071162393400, 0.1016000000000000100 ) ) ;
#3478 = DIRECTION ( 'NONE',  ( 0.0000000000000000000, 0.0000000000000000000, -1.000000000000000000 ) ) ;
#3479 = EDGE_CURVE ( 'NONE', #3544, #5201, #1638, .T. ) ;
#3480 = EDGE_LOOP ( 'NONE', ( #1659, #1994, #2080, #3350 ) ) ;
#3481 = PLANE ( 'NONE',  #2944 ) ;
#3482 = DIRECTION ( 'NONE',  ( 0.0000000000000000000, 0.0000000000000000000, -1.000000000000000000 ) ) ;
#3483 = ADVANCED_FACE ( 'NONE', ( #5136 ), #5109, .F. ) ;
#3484 = ORIENTED_EDGE ( 'NONE', *, *, #118, .F. ) ;
#3485 = CARTESIAN_POINT ( 'NONE',  ( -0.3279464896652866100, 3.193131571555648800, -2.731240254687412600 ) ) ;
#3486 = VERTEX_POINT ( 'NONE', #2127 ) ;
#3487 = CARTESIAN_POINT ( 'NONE',  ( -2.793106854861110200, 8.554601852815354200, 1.612600994529452600 ) ) ;
#3488 = AXIS2_PLACEMENT_3D ( 'NONE', #2304, #1494, #4713 ) ;
#3489 = DIRECTION ( 'NONE',  ( 1.000000000000000000, 0.0000000000000000000, 0.0000000000000000000 ) ) ;
#3490 = CARTESIAN_POINT ( 'NONE',  ( -1.396553427430553300, 5.087384260222762600, 2.418901491794178200 ) ) ;
#3491 = CARTESIAN_POINT ( 'NONE',  ( -0.3150987235118366500, 3.000356276667893100, -2.697642543859579200 ) ) ;
#3492 = CARTESIAN_POINT ( 'NONE',  ( -1.355077809628013600, 4.144897354483611600, -2.442847450897280400 ) ) ;
#3493 = CARTESIAN_POINT ( 'NONE',  ( -2.444483589439224900, 8.556893145138893400, -1.399253008642905600 ) ) ;
#3494 = DIRECTION ( 'NONE',  ( -1.000000000000000000, 0.0000000000000000000, 0.0000000000000000000 ) ) ;
#3495 = CARTESIAN_POINT ( 'NONE',  ( -1.587500000000000400, 7.365740740740742300, -2.749630657015592400 ) ) ;
#3496 = ORIENTED_EDGE ( 'NONE', *, *, #1462, .F. ) ;
#3497 = DIRECTION ( 'NONE',  ( 0.0000000000000000000, 1.000000000000000000, -0.0000000000000000000 ) ) ;
#3498 = DIRECTION ( 'NONE',  ( -0.0000000000000000000, 1.000000000000000000, -0.0000000000000000000 ) ) ;
#3499 = ORIENTED_EDGE ( 'NONE', *, *, #4559, .F. ) ;
#3500 = CARTESIAN_POINT ( 'NONE',  ( -0.3661461268603844500, 3.099170666430452100, -2.725515990544584300 ) ) ;
#3501 = ORIENTED_EDGE ( 'NONE', *, *, #4909, .T. ) ;
#3502 = CARTESIAN_POINT ( 'NONE',  ( -1.396553427430553300, 5.791175926889430100, 2.418901491794178200 ) ) ;
#3503 = CARTESIAN_POINT ( 'NONE',  ( 4.336808689942017700E-016, 1.600000000000000100, 0.0000000000000000000 ) ) ;
#3504 = ADVANCED_FACE ( 'NONE', ( #4750 ), #2264, .T. ) ;
#3505 = ORIENTED_EDGE ( 'NONE', *, *, #590, .F. ) ;
#3506 = EDGE_LOOP ( 'NONE', ( #4108, #4929, #1340, #239, #353, #4238, #579, #763 ) ) ;
#3507 = AXIS2_PLACEMENT_3D ( 'NONE', #3063, #613, #188 ) ;
#3508 = CARTESIAN_POINT ( 'NONE',  ( -2.483166838645085600E-011, 5.543055555554635900, 3.175000000000000700 ) ) ;
#3509 = CARTESIAN_POINT ( 'NONE',  ( -1.396553427430555500, 7.850810186148688500, -2.418901491794176900 ) ) ;
#3510 = EDGE_CURVE ( 'NONE', #3995, #2303, #2593, .T. ) ;
#3511 = VERTEX_POINT ( 'NONE', #1019 ) ;
#3512 = CARTESIAN_POINT ( 'NONE',  ( 6.742753294174620500E-016, 7.040156251936641000, 3.670583931557075200 ) ) ;
#3513 = CARTESIAN_POINT ( 'NONE',  ( -3.040000000000000500, 1.600000000000000100, -2.825048672147083600 ) ) ;
#3514 = CARTESIAN_POINT ( 'NONE',  ( 3.039999999999999600, -4.129999999999999900, -2.039999999999999100 ) ) ;
#3515 = CARTESIAN_POINT ( 'NONE',  ( -3.174999999999999800, 6.072222222222223700, 0.0000000000000000000 ) ) ;
#3516 = EDGE_LOOP ( 'NONE', ( #525, #3908, #2138, #562 ) ) ;
#3517 =( LENGTH_UNIT ( ) NAMED_UNIT ( * ) SI_UNIT ( .MILLI., .METRE. ) );
#3518 = CIRCLE ( 'NONE', #2109, 0.04999999999999999600 ) ;
#3519 = ORIENTED_EDGE ( 'NONE', *, *, #4360, .F. ) ;
#3520 = AXIS2_PLACEMENT_3D ( 'NONE', #528, #4252, #4231 ) ;
#3521 = CARTESIAN_POINT ( 'NONE',  ( -2.793106854861110700, 7.790250000963503400, 0.0000000000000000000 ) ) ;
#3522 = CARTESIAN_POINT ( 'NONE',  ( 5.924599938756992300E-016, 8.144791667630169500, 3.225201989058902500 ) ) ;
#3523 = COLOUR_RGB ( '',1.000000000000000000, 1.000000000000000000, 1.000000000000000000 ) ;
#3524 = DIRECTION ( 'NONE',  ( 0.0000000000000000000, 0.0000000000000000000, 1.000000000000000000 ) ) ;
#3525 = B_SPLINE_CURVE_WITH_KNOTS ( 'NONE', 3,
 ( #2217, #5039, #2592, #3412, #2975, #184 ),
 .UNSPECIFIED., .F., .F.,
 ( 4, 2, 4 ),
 ( 0.0005775389953063599500, 0.0008647515508550018900, 0.001151964106403643800 ),
 .UNSPECIFIED. ) ;
#3526 = ORIENTED_EDGE ( 'NONE', *, *, #4882, .F. ) ;
#3527 = FACE_OUTER_BOUND ( 'NONE', #3117, .T. ) ;
#3528 = DIRECTION ( 'NONE',  ( 0.0000000000000000000, 0.0000000000000000000, -1.000000000000000000 ) ) ;
#3529 = CARTESIAN_POINT ( 'NONE',  ( 5.924599938756993300E-016, 6.733680556519058900, 3.225201989058902100 ) ) ;
#3530 = CARTESIAN_POINT ( 'NONE',  ( 3.178818931451388200, 5.864230326010713600, -1.835291965778538900 ) ) ;
#3531 = SPHERICAL_SURFACE ( 'NONE', #961, 0.3499999999999999800 ) ;
#3532 = DIRECTION ( 'NONE',  ( -0.0000000000000000000, -1.000000000000000000, -0.0000000000000000000 ) ) ;
#3533 = CARTESIAN_POINT ( 'NONE',  ( 3.174999999999998900, 6.483796296296296700, -1.833087104677063200 ) ) ;
#3534 = CYLINDRICAL_SURFACE ( 'NONE', #2510, 2.080000000000000100 ) ;
#3535 = CARTESIAN_POINT ( 'NONE',  ( 1.021377886989402400, 4.334677995518026300, -2.816935650313911100 ) ) ;
#3536 = VECTOR ( 'NONE', #1107, 1000.000000000000000 ) ;
#3537 = CARTESIAN_POINT ( 'NONE',  ( 0.1649544349857007500, 2.710675320135262000, -2.713706856266285200 ) ) ;
#3538 = CARTESIAN_POINT ( 'NONE',  ( -2.793106854861111100, 8.437009260222764000, -1.612600994529450800 ) ) ;
#3539 = CARTESIAN_POINT ( 'NONE',  ( 1.396553427430556700, 4.675810186148689600, 2.418901491794176500 ) ) ;
#3540 = EDGE_CURVE ( 'NONE', #4429, #4072, #1894, .T. ) ;
#3541 = EDGE_CURVE ( 'NONE', #902, #554, #1632, .T. ) ;
#3542 = VERTEX_POINT ( 'NONE', #5128 ) ;
#3543 = CARTESIAN_POINT ( 'NONE',  ( 2.793106854861110700, 6.204513889852392200, -3.420569369482190000E-016 ) ) ;
#3544 = VERTEX_POINT ( 'NONE', #1039 ) ;
#3545 = CARTESIAN_POINT ( 'NONE',  ( 6.742753294174620500E-016, 5.629045140825530400, 3.670583931557075200 ) ) ;
#3546 = ORIENTED_EDGE ( 'NONE', *, *, #1552, .F. ) ;
#3547 = DIRECTION ( 'NONE',  ( -0.0000000000000000000, 1.000000000000000000, -0.0000000000000000000 ) ) ;
#3548 = CARTESIAN_POINT ( 'NONE',  ( -3.174999999999998900, 7.542129629629632100, 1.833087104677063400 ) ) ;
#3549 = EDGE_CURVE ( 'NONE', #261, #415, #2498, .T. ) ;
#3550 = MECHANICAL_DESIGN_GEOMETRIC_PRESENTATION_REPRESENTATION (  '', ( #3444 ), #5094 ) ;
#3551 = CARTESIAN_POINT ( 'NONE',  ( -2.793106854861110200, 2.911921297259799900, 1.612600994529452600 ) ) ;
#3552 = CARTESIAN_POINT ( 'NONE',  ( 0.08610668738606951100, 2.662313287775323300, -2.750068779050939500 ) ) ;
#3553 = DIRECTION ( 'NONE',  ( 0.0000000000000000000, 0.0000000000000000000, -1.000000000000000000 ) ) ;
#3554 = CARTESIAN_POINT ( 'NONE',  ( -2.793106854861111100, 4.909231482444985400, -1.612600994529450800 ) ) ;
#3555 = CARTESIAN_POINT ( 'NONE',  ( -2.793106854861110700, 4.440625000963503800, 0.0000000000000000000 ) ) ;
#3556 = CARTESIAN_POINT ( 'NONE',  ( 2.639001590109864900, 8.373052739434864800, 1.390905962277105400 ) ) ;
#3557 = CARTESIAN_POINT ( 'NONE',  ( -0.08610668738605069300, 2.662313287775323300, 2.750068779050939500 ) ) ;
#3558 = ORIENTED_EDGE ( 'NONE', *, *, #1616, .F. ) ;
#3559 = DIRECTION ( 'NONE',  ( 0.0000000000000000000, 0.0000000000000000000, 1.000000000000000000 ) ) ;
#3560 = DIRECTION ( 'NONE',  ( 0.0000000000000000000, 1.000000000000000000, 0.0000000000000000000 ) ) ;
#3561 = CARTESIAN_POINT ( 'NONE',  ( 2.793106854861110700, 8.321180556519058400, -3.420569369482190000E-016 ) ) ;
#3562 = CARTESIAN_POINT ( 'NONE',  ( -1.589409465725694700, 3.923952548232937200, -2.752937948667806700 ) ) ;
#3563 = ORIENTED_EDGE ( 'NONE', *, *, #3065, .F. ) ;
#3564 = CARTESIAN_POINT ( 'NONE',  ( -3.174999999999999800, 4.602314814814816300, -1.833087104677061400 ) ) ;
#3565 = DIRECTION ( 'NONE',  ( -1.000000000000000000, 0.0000000000000000000, 0.0000000000000000000 ) ) ;
#3566 = ORIENTED_EDGE ( 'NONE', *, *, #818, .F. ) ;
#3567 = FACE_BOUND ( 'NONE', #551, .T. ) ;
#3568 = CARTESIAN_POINT ( 'NONE',  ( 2.793106854861111500, 3.145342593556096100, 1.612600994529450200 ) ) ;
#3569 = CARTESIAN_POINT ( 'NONE',  ( 2.793106854861111100, 4.734606482444984700, 1.612600994529450200 ) ) ;
#3570 = CARTESIAN_POINT ( 'NONE',  ( 2.348187202288494200, 8.452577745393488900, -1.708167768313454800 ) ) ;
#3571 = ORIENTED_EDGE ( 'NONE', *, *, #3301, .T. ) ;
#3572 = CIRCLE ( 'NONE', #3349, 0.6350000000000000100 ) ;
#3573 = DIRECTION ( 'NONE',  ( -0.0000000000000000000, -1.000000000000000000, -0.0000000000000000000 ) ) ;
#3574 = CARTESIAN_POINT ( 'NONE',  ( -1.974866646252330800E-016, 6.380902778741281100, -3.225201989058902100 ) ) ;
#3575 = EDGE_CURVE ( 'NONE', #1160, #2201, #3017, .T. ) ;
#3576 = CARTESIAN_POINT ( 'NONE',  ( -3.178818931451388200, 3.394785881566270800, 1.835291965778539400 ) ) ;
#3577 = LINE ( 'NONE', #2031, #1375 ) ;
#3578 = CARTESIAN_POINT ( 'NONE',  ( -2.793106854861110200, 5.910532408370911200, 1.612600994529452600 ) ) ;
#3579 = CARTESIAN_POINT ( 'NONE',  ( 1.587500000000176700, 7.953703703703908400, -2.749630657015900100 ) ) ;
#3580 = FACE_OUTER_BOUND ( 'NONE', #1978, .T. ) ;
#3581 = VERTEX_POINT ( 'NONE', #1865 ) ;
#3582 = AXIS2_PLACEMENT_3D ( 'NONE', #391, #1, #3192 ) ;
#3583 = CARTESIAN_POINT ( 'NONE',  ( 5.924599938756993300E-016, 3.733305556519058900, 3.225201989058902100 ) ) ;
#3584 = CARTESIAN_POINT ( 'NONE',  ( 2.793106854861110700, 6.204513889852392200, -3.420569369482190000E-016 ) ) ;
#3585 = LINE ( 'NONE', #949, #3979 ) ;
#3586 = CARTESIAN_POINT ( 'NONE',  ( 2.725512745974223900, 2.901936884535622200, 0.3661702374178055800 ) ) ;
#3587 =( BOUNDED_CURVE ( )  B_SPLINE_CURVE ( 2, ( #3473, #4704, #2278, #4726, #5123, #4262, #2238, #3051, #683 ),
 .UNSPECIFIED., .F., .F. ) 
 B_SPLINE_CURVE_WITH_KNOTS ( ( 3, 2, 2, 2, 3 ),
 ( 0.09409457587488871700, 0.09574957456028253300, 0.09905957193107205200, 0.1023695693018616000, 0.1029336186568456800 ),
 .UNSPECIFIED. ) 
 CURVE ( )  GEOMETRIC_REPRESENTATION_ITEM ( )  RATIONAL_B_SPLINE_CURVE ( ( 0.9330127018922194100, 0.9330127018922581600, 1.000000000000000000, 0.8660254037844387100, 1.000000000000000000, 0.8660254037844387100, 1.000000000000000000, 0.9771696844092613300, 0.9621202963181523200 ) ) 
 REPRESENTATION_ITEM ( '' )  );
#3588 = CIRCLE ( 'NONE', #4987, 1.729999999999999300 ) ;
#3589 = CARTESIAN_POINT ( 'NONE',  ( 0.09991231245028127400, 2.629845745185723800, 2.749913118203504100 ) ) ;
#3590 = CARTESIAN_POINT ( 'NONE',  ( 2.825048672147084400, 1.600000000000000100, -3.040000000000000500 ) ) ;
#3591 = CIRCLE ( 'NONE', #4155, 0.05000000000000001000 ) ;
#3592 = CARTESIAN_POINT ( 'NONE',  ( 0.0000000000000000000, 0.5000000000000000000, 0.0000000000000000000 ) ) ;
#3593 = CARTESIAN_POINT ( 'NONE',  ( 2.793106854861111500, 8.264165788000539700, 1.612600994529450200 ) ) ;
#3594 = CARTESIAN_POINT ( 'NONE',  ( -2.247584431391540000E-016, 3.159600696381085000, -3.670583931557075200 ) ) ;
#3595 = CARTESIAN_POINT ( 'NONE',  ( -1.396553427430555500, 4.323032408370910900, -2.418901491794176900 ) ) ;
#3596 = FACE_OUTER_BOUND ( 'NONE', #5224, .T. ) ;
#3597 = CARTESIAN_POINT ( 'NONE',  ( 0.0000000000000000000, 7.620000000000001900, -2.249999999999999600 ) ) ;
#3598 = CARTESIAN_POINT ( 'NONE',  ( 3.175000000000602000, 6.366203703704051100, 1.833087104677407100 ) ) ;
#3599 = CARTESIAN_POINT ( 'NONE',  ( 4.336808689942017700E-016, -4.129999999999999900, 0.0000000000000000000 ) ) ;
#3600 = CARTESIAN_POINT ( 'NONE',  ( 5.287301957201986300E-015, 5.984027779704783600, -3.175000000000000700 ) ) ;
#3601 = ORIENTED_EDGE ( 'NONE', *, *, #1762, .F. ) ;
#3602 = CARTESIAN_POINT ( 'NONE',  ( -1.396553427430553300, 2.968953704667207200, 2.418901491794178200 ) ) ;
#3603 = CARTESIAN_POINT ( 'NONE',  ( -1.396553427430553300, 5.263773149111652400, 2.418901491794178200 ) ) ;
#3604 = ORIENTED_EDGE ( 'NONE', *, *, #4745, .F. ) ;
#3605 = EDGE_CURVE ( 'NONE', #4888, #466, #1508, .T. ) ;
#3606 = EDGE_CURVE ( 'NONE', #4674, #1160, #1001, .T. ) ;
#3607 = ORIENTED_EDGE ( 'NONE', *, *, #590, .T. ) ;
#3608 = CARTESIAN_POINT ( 'NONE',  ( 2.793106854861110700, 9.087313936148689200, -1.612600994529452200 ) ) ;
#3609 = CARTESIAN_POINT ( 'NONE',  ( 1.587499999999999200, 6.630787038964043300, -2.749630657015592800 ) ) ;
#3610 = CARTESIAN_POINT ( 'NONE',  ( 1.396553427430554700, 6.322106482444985100, -2.418901491794177300 ) ) ;
#3611 = CARTESIAN_POINT ( 'NONE',  ( 2.730264005351159500, 3.002210142976472700, -0.3308644510438292800 ) ) ;
#3612 = AXIS2_PLACEMENT_3D ( 'NONE', #859, #4955, #4091 ) ;
#3613 = CARTESIAN_POINT ( 'NONE',  ( 3.039999999999999600, -4.129999999999999900, 2.039999999999999100 ) ) ;
#3614 = AXIS2_PLACEMENT_3D ( 'NONE', #971, #3373, #163 ) ;
#3615 = ADVANCED_FACE ( 'NONE', ( #4861 ), #572, .T. ) ;
#3616 = CARTESIAN_POINT ( 'NONE',  ( 2.039999999999999600, 0.0000000000000000000, -2.039999999999999100 ) ) ;
#3617 = ORIENTED_EDGE ( 'NONE', *, *, #4214, .T. ) ;
#3618 = CARTESIAN_POINT ( 'NONE',  ( 2.793106854861110700, 7.498032408370910700, -1.612600994529452200 ) ) ;
#3619 = DIRECTION ( 'NONE',  ( 1.000000000000000000, 0.0000000000000000000, 0.0000000000000000000 ) ) ;
#3620 = CARTESIAN_POINT ( 'NONE',  ( 1.801611710048931500, 8.471924674067763000, -2.252636709926910000 ) ) ;
#3621 = VERTEX_POINT ( 'NONE', #3927 ) ;
#3622 = CARTESIAN_POINT ( 'NONE',  ( 2.039999999999999600, -4.129999999999999900, 2.039999999999999100 ) ) ;
#3623 = CARTESIAN_POINT ( 'NONE',  ( 1.396553427430556700, 8.205369491704244600, 2.418901491794176500 ) ) ;
#3624 = CARTESIAN_POINT ( 'NONE',  ( -3.174999999999998900, 7.630324076001080000, 1.833087104677063400 ) ) ;
#3625 = ORIENTED_EDGE ( 'NONE', *, *, #2464, .F. ) ;
#3626 = CARTESIAN_POINT ( 'NONE',  ( -2.793106854861111100, 6.498495371333873100, -1.612600994529450800 ) ) ;
#3627 = DIRECTION ( 'NONE',  ( 0.0000000000000000000, 0.0000000000000000000, 1.000000000000000000 ) ) ;
#3628 = CARTESIAN_POINT ( 'NONE',  ( 2.744932634449728200, 3.297385858539013000, 0.1781494192096893500 ) ) ;
#3629 = ORIENTED_EDGE ( 'NONE', *, *, #1993, .F. ) ;
#3630 = EDGE_CURVE ( 'NONE', #2939, #1990, #936, .T. ) ;
#3631 = DIRECTION ( 'NONE',  ( -0.0000000000000000000, -1.000000000000000000, -0.0000000000000000000 ) ) ;
#3632 = CARTESIAN_POINT ( 'NONE',  ( 2.793106854861110700, 6.086921297259800100, -1.612600994529452200 ) ) ;
#3633 = DIRECTION ( 'NONE',  ( 0.0000000000000000000, 0.0000000000000000000, -1.000000000000000000 ) ) ;
#3634 = CARTESIAN_POINT ( 'NONE',  ( -9.950721815702931600E-015, 3.000000000000000000, 2.850000000000000100 ) ) ;
#3635 = FACE_OUTER_BOUND ( 'NONE', #4345, .T. ) ;
#3636 = CARTESIAN_POINT ( 'NONE',  ( 1.396553427430556700, 4.675810186148689600, 2.418901491794176500 ) ) ;
#3637 = EDGE_CURVE ( 'NONE', #4806, #3178, #4338, .T. ) ;
#3638 = ADVANCED_FACE ( 'NONE', ( #5258 ), #3424, .T. ) ;
#3639 = DIRECTION ( 'NONE',  ( 0.0000000000000000000, 0.0000000000000000000, -1.000000000000000000 ) ) ;
#3640 = ORIENTED_EDGE ( 'NONE', *, *, #4143, .T. ) ;
#3641 = CARTESIAN_POINT ( 'NONE',  ( 3.178818931451388200, 7.897112268508885300, -1.835291965778538900 ) ) ;
#3642 = CARTESIAN_POINT ( 'NONE',  ( -1.587499999999997500, 6.278009261186264600, 2.749630657015593700 ) ) ;
#3643 = LINE ( 'NONE', #4350, #944 ) ;
#3644 = CARTESIAN_POINT ( 'NONE',  ( 7.776507174585692900E-017, 0.2000000000000000100, 0.6350000000000000100 ) ) ;
#3645 = CARTESIAN_POINT ( 'NONE',  ( -2.793106854861110700, 5.146180556519059500, 0.0000000000000000000 ) ) ;
#3646 = FACE_OUTER_BOUND ( 'NONE', #1627, .T. ) ;
#3647 = CARTESIAN_POINT ( 'NONE',  ( -2.745201315327581600, 2.700196921253391400, -0.1741987322033780600 ) ) ;
#3648 = CARTESIAN_POINT ( 'NONE',  ( 1.587500000000301700, 6.307407407407755100, 2.749630657016112000 ) ) ;
#3649 = CARTESIAN_POINT ( 'NONE',  ( -1.587500000000001700, 5.954629629629632600, -2.749630657015595100 ) ) ;
#3650 = ORIENTED_EDGE ( 'NONE', *, *, #1015, .T. ) ;
#3651 = CYLINDRICAL_SURFACE ( 'NONE', #5095, 3.174999999999999800 ) ;
#3652 = FACE_OUTER_BOUND ( 'NONE', #462, .T. ) ;
#3653 = CARTESIAN_POINT ( 'NONE',  ( 0.0000000000000000000, 0.5000000000000000000, 0.0000000000000000000 ) ) ;
#3654 = AXIS2_PLACEMENT_3D ( 'NONE', #4789, #743, #3140 ) ;
#3655 = CARTESIAN_POINT ( 'NONE',  ( -2.793106854861111100, 6.322106482444984200, -1.612600994529450800 ) ) ;
#3656 = CARTESIAN_POINT ( 'NONE',  ( 0.6268193041060558000, 7.440000000000002200, 0.1016000000000000100 ) ) ;
#3657 = CARTESIAN_POINT ( 'NONE',  ( -0.1670203789153085500, 2.711803264060453200, -2.713556586326118800 ) ) ;
#3658 = VECTOR ( 'NONE', #5035, 1000.000000000000000 ) ;
#3659 = CARTESIAN_POINT ( 'NONE',  ( 0.0000000000000000000, 0.0000000000000000000, -2.279999999999999800 ) ) ;
#3660 = CARTESIAN_POINT ( 'NONE',  ( -1.396553427430553300, 8.793332454667206500, 2.418901491794178200 ) ) ;
#3661 = PLANE ( 'NONE',  #2807 ) ;
#3662 = ORIENTED_EDGE ( 'NONE', *, *, #4493, .T. ) ;
#3663 = CARTESIAN_POINT ( 'NONE',  ( -2.247584431391540000E-016, 9.425815972212587800, -3.670583931557075200 ) ) ;
#3664 = ORIENTED_EDGE ( 'NONE', *, *, #3432, .F. ) ;
#3665 = CARTESIAN_POINT ( 'NONE',  ( -3.174999999999999800, 6.160416668593671700, 0.0000000000000000000 ) ) ;
#3666 = ORIENTED_EDGE ( 'NONE', *, *, #1926, .F. ) ;
#3667 = CARTESIAN_POINT ( 'NONE',  ( 3.174999999999999800, 9.247222222222221800, -3.888253587292846100E-016 ) ) ;
#3668 = CARTESIAN_POINT ( 'NONE',  ( 0.0000000000000000000, 0.5000000000000000000, -0.6350000000000000100 ) ) ;
#3669 = VERTEX_POINT ( 'NONE', #2001 ) ;
#3670 = DIRECTION ( 'NONE',  ( 1.047444401652938900E-014, 0.0000000000000000000, -1.000000000000000000 ) ) ;
#3671 = EDGE_LOOP ( 'NONE', ( #3784, #305, #4316, #761 ) ) ;
#3672 = ADVANCED_FACE ( 'NONE', ( #2013 ), #877, .T. ) ;
#3673 = CARTESIAN_POINT ( 'NONE',  ( -0.3308648348763580900, 2.997850539453666300, 2.730263959453997900 ) ) ;
#3674 = CARTESIAN_POINT ( 'NONE',  ( -2.793106854861111100, 7.733217593556095600, -1.612600994529450800 ) ) ;
#3675 = B_SPLINE_CURVE_WITH_KNOTS ( 'NONE', 3,
 ( #3370, #5037, #1766, #593, #1786, #182, #4166, #3802, #1358, #4587 ),
 .UNSPECIFIED., .F., .F.,
 ( 4, 2, 2, 2, 4 ),
 ( 0.001017242831404107000, 0.001270501134050710900, 0.001523759436697314800, 0.001777017739343918600, 0.002030276041990522300 ),
 .UNSPECIFIED. ) ;
#3676 = CARTESIAN_POINT ( 'NONE',  ( 2.039999999999999600, 0.0000000000000000000, 3.040000000000000500 ) ) ;
#3677 = EDGE_CURVE ( 'NONE', #1020, #4915, #37, .T. ) ;
#3678 = EDGE_CURVE ( 'NONE', #2282, #1742, #2703, .T. ) ;
#3679 = CARTESIAN_POINT ( 'NONE',  ( -1.974866646252330800E-016, 4.266017639852392100, -3.225201989058902100 ) ) ;
#3680 = DIRECTION ( 'NONE',  ( -0.0000000000000000000, -1.000000000000000000, -0.0000000000000000000 ) ) ;
#3681 = CARTESIAN_POINT ( 'NONE',  ( -0.7392348276476722300, 3.100990178801766600, -3.087743005755613900 ) ) ;
#3682 = CARTESIAN_POINT ( 'NONE',  ( 3.174999999999999800, 5.807638890815894700, -3.888253587292846100E-016 ) ) ;
#3683 = ORIENTED_EDGE ( 'NONE', *, *, #4249, .F. ) ;
#3684 = CARTESIAN_POINT ( 'NONE',  ( -2.793106854861110200, 3.088310186148688800, 1.612600994529452600 ) ) ;
#3685 = CARTESIAN_POINT ( 'NONE',  ( -2.725431540799080600, 3.002443016038342200, 0.3667736582951051600 ) ) ;
#3686 = ORIENTED_EDGE ( 'NONE', *, *, #310, .T. ) ;
#3687 = CARTESIAN_POINT ( 'NONE',  ( 0.0000000000000000000, 4.770000000000001400, 0.0000000000000000000 ) ) ;
#3688 = CARTESIAN_POINT ( 'NONE',  ( -1.587500000000046500, 7.600925925925983200, 2.749630657015678500 ) ) ;
#3689 = AXIS2_PLACEMENT_3D ( 'NONE', #575, #351, #3553 ) ;
#3690 = DIRECTION ( 'NONE',  ( 0.0000000000000000000, 0.0000000000000000000, -1.000000000000000000 ) ) ;
#3691 = DIRECTION ( 'NONE',  ( 0.0000000000000000000, 0.0000000000000000000, -1.000000000000000000 ) ) ;
#3692 = ORIENTED_EDGE ( 'NONE', *, *, #3957, .T. ) ;
#3693 = CARTESIAN_POINT ( 'NONE',  ( 3.175000000000000300, 5.160879631556635000, -1.833087104677063600 ) ) ;
#3694 = CARTESIAN_POINT ( 'NONE',  ( 2.221472605236888500, 4.388860679148324500, 2.103329042752828800 ) ) ;
#3695 = CARTESIAN_POINT ( 'NONE',  ( 2.793106854861111500, 4.030832454667207200, 1.612600994529450200 ) ) ;
#3696 = ADVANCED_FACE ( 'NONE', ( #819 ), #1255, .T. ) ;
#3697 = DIRECTION ( 'NONE',  ( 0.0000000000000000000, 0.0000000000000000000, -1.000000000000000000 ) ) ;
#3698 = CARTESIAN_POINT ( 'NONE',  ( -3.174999999999999800, 3.896759259259260100, -1.833087104677061400 ) ) ;
#3699 = CARTESIAN_POINT ( 'NONE',  ( -1.396553427430555500, 9.085532408370911000, -2.418901491794176900 ) ) ;
#3700 = ORIENTED_EDGE ( 'NONE', *, *, #15, .T. ) ;
#3701 = LINE ( 'NONE', #4649, #752 ) ;
#3702 = CARTESIAN_POINT ( 'NONE',  ( -1.396553427430555500, 2.911921297259799900, -2.418901491794176900 ) ) ;
#3703 = CARTESIAN_POINT ( 'NONE',  ( -2.750068779050939500, 2.662313287775323300, -0.08610668738604065900 ) ) ;
#3704 = CARTESIAN_POINT ( 'NONE',  ( -0.3667736582917212100, 3.002443016035500900, -2.725431540799237800 ) ) ;
#3705 = DIRECTION ( 'NONE',  ( -1.000000000000000000, 0.0000000000000000000, 0.0000000000000000000 ) ) ;
#3706 = CARTESIAN_POINT ( 'NONE',  ( -0.8507386859566807800, 6.922657826446401200, 3.175000000007698100 ) ) ;
#3707 = VECTOR ( 'NONE', #3880, 1000.000000000000000 ) ;
#3708 = EDGE_CURVE ( 'NONE', #1742, #2282, #5194, .T. ) ;
#3709 = CARTESIAN_POINT ( 'NONE',  ( -0.3673919734628974300, 3.095553262237092300, 2.725348331228935300 ) ) ;
#3710 = EDGE_CURVE ( 'NONE', #3669, #4147, #3355, .T. ) ;
#3711 = CARTESIAN_POINT ( 'NONE',  ( 0.0000000000000000000, 7.340000000000001600, 0.0000000000000000000 ) ) ;
#3712 = B_SPLINE_CURVE_WITH_KNOTS ( 'NONE', 3,
 ( #209, #634, #1031, #3847, #5085, #1047 ),
 .UNSPECIFIED., .F., .F.,
 ( 4, 2, 4 ),
 ( 0.002306455155670877000, 0.002596396422190862900, 0.002886337688710848900 ),
 .UNSPECIFIED. ) ;
#3713 = CARTESIAN_POINT ( 'NONE',  ( 1.939152191662485200, 8.344730818113847100, 2.303946510682274500 ) ) ;
#3714 = VERTEX_POINT ( 'NONE', #3224 ) ;
#3715 = FACE_OUTER_BOUND ( 'NONE', #1810, .T. ) ;
#3716 = LINE ( 'NONE', #2646, #3464 ) ;
#3717 = CARTESIAN_POINT ( 'NONE',  ( -1.587500000000002600, 5.572453705630704400, 2.749630657015602200 ) ) ;
#3718 = CARTESIAN_POINT ( 'NONE',  ( -1.974866646252330800E-016, 7.088239862074615000, -3.225201989058902100 ) ) ;
#3719 = PLANE ( 'NONE',  #4001 ) ;
#3720 = CIRCLE ( 'NONE', #352, 2.080000000000000100 ) ;
#3721 = CARTESIAN_POINT ( 'NONE',  ( -3.178818931451389100, 8.837853009249625900, -1.835291965778537400 ) ) ;
#3722 = CARTESIAN_POINT ( 'NONE',  ( -3.174999999999998900, 5.513657409334413700, 1.833087104677063400 ) ) ;
#3723 = AXIS2_PLACEMENT_3D ( 'NONE', #324, #4769, #1523 ) ;
#3724 = AXIS2_PLACEMENT_3D ( 'NONE', #4936, #1239, #888 ) ;
#3725 = FACE_OUTER_BOUND ( 'NONE', #4451, .T. ) ;
#3726 = CARTESIAN_POINT ( 'NONE',  ( -1.789368529964419300, 8.166967354888651400, -2.633081806899721500 ) ) ;
#3727 = CARTESIAN_POINT ( 'NONE',  ( 0.0000000000000000000, 0.1999999999999992300, 0.0000000000000000000 ) ) ;
#3728 = ADVANCED_FACE ( 'NONE', ( #3635 ), #1381, .T. ) ;
#3729 = DIRECTION ( 'NONE',  ( 0.0000000000000000000, 1.000000000000000000, 0.0000000000000000000 ) ) ;
#3730 = AXIS2_PLACEMENT_3D ( 'NONE', #1871, #646, #2717 ) ;
#3731 = DIRECTION ( 'NONE',  ( 0.0000000000000000000, 0.0000000000000000000, 1.000000000000000000 ) ) ;
#3732 = DIRECTION ( 'NONE',  ( 0.0000000000000000000, 0.0000000000000000000, 1.000000000000000000 ) ) ;
#3733 = VERTEX_POINT ( 'NONE', #2481 ) ;
#3734 = ORIENTED_EDGE ( 'NONE', *, *, #4845, .T. ) ;
#3735 = ORIENTED_EDGE ( 'NONE', *, *, #4173, .T. ) ;
#3736 = CARTESIAN_POINT ( 'NONE',  ( -0.8507386859648616900, 5.309981064370143500, -3.175000000002293500 ) ) ;
#3737 = CARTESIAN_POINT ( 'NONE',  ( 1.396553427430554700, 4.912776899111650900, -2.418901491794177300 ) ) ;
#3738 = DIRECTION ( 'NONE',  ( 0.0000000000000000000, -0.0000000000000000000, -1.000000000000000000 ) ) ;
#3739 = CARTESIAN_POINT ( 'NONE',  ( 1.589409465725693600, 3.722575231471847400, -2.752937948667807200 ) ) ;
#3740 = CARTESIAN_POINT ( 'NONE',  ( 3.175000000000001200, 4.337731483408487200, 1.833087104677060500 ) ) ;
#3741 = VERTEX_POINT ( 'NONE', #2112 ) ;
#3742 = CARTESIAN_POINT ( 'NONE',  ( 2.718701449063482700, 3.324085523749165100, 0.08465487690382687800 ) ) ;
#3743 = CARTESIAN_POINT ( 'NONE',  ( -0.8507386859688383900, 7.010852272816989300, 3.175000000000106000 ) ) ;
#3744 = CARTESIAN_POINT ( 'NONE',  ( -1.974866646252331000E-016, 5.498958334296836400, -3.225201989058902500 ) ) ;
#3745 = DIRECTION ( 'NONE',  ( 0.0000000000000000000, 0.0000000000000000000, 1.000000000000000000 ) ) ;
#3746 = DIRECTION ( 'NONE',  ( -1.000000000000000000, 0.0000000000000000000, -0.0000000000000000000 ) ) ;
#3747 = DIRECTION ( 'NONE',  ( 0.0000000000000000000, -1.000000000000000000, -0.0000000000000000000 ) ) ;
#3748 = EDGE_CURVE ( 'NONE', #3621, #2141, #4989, .T. ) ;
#3749 = VERTEX_POINT ( 'NONE', #1318 ) ;
#3750 = CARTESIAN_POINT ( 'NONE',  ( 2.607160733628399700, 4.486476744132663600, -1.778616390549064800 ) ) ;
#3751 = CARTESIAN_POINT ( 'NONE',  ( 2.793106854861110700, 7.617406528741280900, -3.420569369482190000E-016 ) ) ;
#3752 = ADVANCED_FACE ( 'NONE', ( #3258 ), #2397, .T. ) ;
#3753 =( BOUNDED_CURVE ( )  B_SPLINE_CURVE ( 2, ( #4065, #2864, #465, #3693, #2063, #1674, #444, #4899, #4512 ),
 .UNSPECIFIED., .F., .F. ) 
 B_SPLINE_CURVE_WITH_KNOTS ( ( 3, 2, 2, 2, 3 ),
 ( 0.08171200894984724500, 0.08337027670813580700, 0.08668681222472957000, 0.09000334774132330600, 0.09166161549964481300 ),
 .UNSPECIFIED. ) 
 CURVE ( )  GEOMETRIC_REPRESENTATION_ITEM ( )  RATIONAL_B_SPLINE_CURVE ( ( 0.9330127018922194100, 0.9330127018925549200, 1.000000000000000000, 0.8660254037844387100, 1.000000000000000000, 0.8660254037844387100, 1.000000000000000000, 0.9330127018912246500, 0.9330127018922193000 ) ) 
 REPRESENTATION_ITEM ( '' )  );
#3754 = CARTESIAN_POINT ( 'NONE',  ( 3.178818931451388200, 5.074890046286662400, -1.835291965778538900 ) ) ;
#3755 = CARTESIAN_POINT ( 'NONE',  ( -1.587500000000000400, 5.337268520445524800, -2.749630657015592400 ) ) ;
#3756 = ORIENTED_EDGE ( 'NONE', *, *, #2797, .T. ) ;
#3757 = CARTESIAN_POINT ( 'NONE',  ( -2.725431483040754900, 2.997624060207222400, -0.3667740874847484300 ) ) ;
#3758 = CARTESIAN_POINT ( 'NONE',  ( -2.697643460049956100, 3.002137639031074100, 0.3150919155356997600 ) ) ;
#3759 = DIRECTION ( 'NONE',  ( 0.0000000000000000000, 0.0000000000000000000, -1.000000000000000000 ) ) ;
#3760 = ORIENTED_EDGE ( 'NONE', *, *, #4053, .T. ) ;
#3761 = CARTESIAN_POINT ( 'NONE',  ( -1.974866646252330800E-016, 6.910069445407947900, -3.225201989058902100 ) ) ;
#3762 = ORIENTED_EDGE ( 'NONE', *, *, #4391, .T. ) ;
#3763 = CARTESIAN_POINT ( 'NONE',  ( 2.793106854861110700, 6.733680556519058900, -3.420569369482190000E-016 ) ) ;
#3764 = VECTOR ( 'NONE', #3335, 1000.000000000000000 ) ;
#3765 = CARTESIAN_POINT ( 'NONE',  ( 0.0000000000000000000, 4.525000000000001200, 0.0000000000000000000 ) ) ;
#3766 = COLOUR_RGB ( '',1.000000000000000000, 0.8117647058823529400, 0.5019607843137254800 ) ;
#3767 = CARTESIAN_POINT ( 'NONE',  ( 2.023845554112507400E-011, 5.631250001927755400, 3.174999999999998900 ) ) ;
#3768 = CARTESIAN_POINT ( 'NONE',  ( 2.039999999999999600, -4.129999999999999900, 3.040000000000000500 ) ) ;
#3769 = CARTESIAN_POINT ( 'NONE',  ( 3.039999999999999600, -4.129999999999999900, -2.039999999999999100 ) ) ;
#3770 = CARTESIAN_POINT ( 'NONE',  ( -3.178818931451388600, 4.663315972212588500, 0.0000000000000000000 ) ) ;
#3771 = CARTESIAN_POINT ( 'NONE',  ( -3.174999999999999800, 5.454861113038116800, 0.0000000000000000000 ) ) ;
#3772 = VECTOR ( 'NONE', #1195, 1000.000000000000000 ) ;
#3773 = EDGE_LOOP ( 'NONE', ( #4172, #2873, #2307, #1316 ) ) ;
#3774 = CARTESIAN_POINT ( 'NONE',  ( 2.702611963329595700, 3.168652965569822600, -0.2818662692025872800 ) ) ;
#3775 = CARTESIAN_POINT ( 'NONE',  ( 2.793106854861111500, 6.674884260222762000, 1.612600994529450200 ) ) ;
#3776 = LINE ( 'NONE', #349, #4475 ) ;
#3777 = ADVANCED_FACE ( 'NONE', ( #3459 ), #1761, .F. ) ;
#3778 = VECTOR ( 'NONE', #2413, 1000.000000000000000 ) ;
#3779 = EDGE_CURVE ( 'NONE', #976, #3144, #2576, .T. ) ;
#3780 = EDGE_CURVE ( 'NONE', #1785, #4259, #167, .T. ) ;
#3781 = CARTESIAN_POINT ( 'NONE',  ( -2.697642543859649400, 3.000000000000000000, -0.3150987235112847100 ) ) ;
#3782 = CYLINDRICAL_SURFACE ( 'NONE', #563, 4.150000000000001200 ) ;
#3783 = FACE_OUTER_BOUND ( 'NONE', #5226, .T. ) ;
#3784 = ORIENTED_EDGE ( 'NONE', *, *, #4632, .F. ) ;
#3785 = CARTESIAN_POINT ( 'NONE',  ( -1.974866646252330800E-016, 3.560462084296836400, -3.225201989058902100 ) ) ;
#3786 = DIRECTION ( 'NONE',  ( 0.0000000000000000000, -0.0000000000000000000, 1.000000000000000000 ) ) ;
#3787 = VECTOR ( 'NONE', #2283, 1000.000000000000000 ) ;
#3788 = CARTESIAN_POINT ( 'NONE',  ( -1.589409465725694700, 6.662390046286661900, -2.752937948667806700 ) ) ;
#3789 = CARTESIAN_POINT ( 'NONE',  ( 1.396553427430554700, 8.262384260222763300, -2.418901491794177300 ) ) ;
#3790 = AXIS2_PLACEMENT_3D ( 'NONE', #1140, #307, #327 ) ;
#3791 = ORIENTED_EDGE ( 'NONE', *, *, #3879, .F. ) ;
#3792 = CARTESIAN_POINT ( 'NONE',  ( -2.730331082275014400, 3.089677256771611100, 0.3303034960502515000 ) ) ;
#3793 = DIRECTION ( 'NONE',  ( -0.0000000000000000000, -0.0000000000000000000, 1.000000000000000000 ) ) ;
#3794 = CARTESIAN_POINT ( 'NONE',  ( -2.793106854861110700, 4.969791667630170600, 0.0000000000000000000 ) ) ;
#3795 = CARTESIAN_POINT ( 'NONE',  ( -1.396553427430553300, 5.792939815778318300, 2.418901491794178200 ) ) ;
#3796 = CARTESIAN_POINT ( 'NONE',  ( 0.08542947505394048200, 3.337779045401848800, 2.750079601185813100 ) ) ;
#3797 = AXIS2_PLACEMENT_3D ( 'NONE', #1099, #298, #4700 ) ;
#3798 = ORIENTED_EDGE ( 'NONE', *, *, #4837, .F. ) ;
#3799 = DIRECTION ( 'NONE',  ( 0.0000000000000000000, 0.0000000000000000000, -1.000000000000000000 ) ) ;
#3800 = CARTESIAN_POINT ( 'NONE',  ( 0.8507386859610902600, 6.658074495039366900, -3.175000000004847900 ) ) ;
#3801 = PLANE ( 'NONE',  #729 ) ;
#3802 = CARTESIAN_POINT ( 'NONE',  ( -0.2824184657896529600, 3.167196111375425900, 2.702519219310488600 ) ) ;
#3803 = CARTESIAN_POINT ( 'NONE',  ( -2.039999999999998700, -4.129999999999999900, 3.040000000000000500 ) ) ;
#3804 = ADVANCED_FACE ( 'NONE', ( #4028 ), #1198, .F. ) ;
#3805 = CARTESIAN_POINT ( 'NONE',  ( -1.396553427430555500, 7.850810186148688500, -2.418901491794176900 ) ) ;
#3806 = CARTESIAN_POINT ( 'NONE',  ( -3.178818931451389100, 6.721186342582957900, -1.835291965778537400 ) ) ;
#3807 = EDGE_CURVE ( 'NONE', #5108, #1918, #483, .T. ) ;
#3808 = EDGE_CURVE ( 'NONE', #4340, #4927, #1290, .T. ) ;
#3809 = CARTESIAN_POINT ( 'NONE',  ( -2.730199400263232600, 3.084427154647283200, -0.3314047362195213200 ) ) ;
#3810 = CARTESIAN_POINT ( 'NONE',  ( 0.0000000000000000000, 9.500000000000001800, 0.0000000000000000000 ) ) ;
#3811 = ORIENTED_EDGE ( 'NONE', *, *, #3677, .F. ) ;
#3812 = CARTESIAN_POINT ( 'NONE',  ( 5.924599938756993300E-016, 4.440625000963503800, 3.225201989058902100 ) ) ;
#3813 = CARTESIAN_POINT ( 'NONE',  ( 1.396553427430556700, 4.499421297259799800, 2.418901491794176500 ) ) ;
#3814 = DIRECTION ( 'NONE',  ( -0.0000000000000000000, -1.000000000000000000, 0.0000000000000000000 ) ) ;
#3815 = CARTESIAN_POINT ( 'NONE',  ( 3.175000000000630000, 7.983101853778495500, -1.833087104677427100 ) ) ;
#3816 = ORIENTED_EDGE ( 'NONE', *, *, #881, .F. ) ;
#3817 = CARTESIAN_POINT ( 'NONE',  ( 8.522840243913050700E-012, 5.278472224148911700, -3.174999999999998900 ) ) ;
#3818 = VERTEX_POINT ( 'NONE', #458 ) ;
#3819 = EDGE_CURVE ( 'NONE', #1264, #2979, #4275, .T. ) ;
#3820 = MANIFOLD_SOLID_BREP ( 'Boss-Extrude6', #3931 ) ;
#3821 = AXIS2_PLACEMENT_3D ( 'NONE', #1979, #3560, #3974 ) ;
#3822 = ORIENTED_EDGE ( 'NONE', *, *, #751, .T. ) ;
#3823 = CARTESIAN_POINT ( 'NONE',  ( -2.770499743798392800E-011, 4.429701754572296800, -3.079701754572293100 ) ) ;
#3824 = CARTESIAN_POINT ( 'NONE',  ( 0.0000000000000000000, 7.340000000000001600, 0.4825999999999999200 ) ) ;
#3825 = CARTESIAN_POINT ( 'NONE',  ( 2.744129689651054500, 2.669343211099911800, 0.1920104674178710600 ) ) ;
#3826 = CARTESIAN_POINT ( 'NONE',  ( 0.0000000000000000000, 4.670000000000001700, -1.729999999999999300 ) ) ;
#3827 = PRESENTATION_STYLE_ASSIGNMENT (( #289 ) ) ;
#3828 = CARTESIAN_POINT ( 'NONE',  ( 2.039999999999999600, -4.129999999999999900, 3.040000000000000500 ) ) ;
#3829 = CARTESIAN_POINT ( 'NONE',  ( -0.3150922842482704600, 2.997921052681319600, 2.697643410430465800 ) ) ;
#3830 = CARTESIAN_POINT ( 'NONE',  ( 1.396553427430556700, 8.909143519482022100, 2.418901491794176500 ) ) ;
#3831 = CARTESIAN_POINT ( 'NONE',  ( -2.793106854861111100, 4.205439815778317900, -1.612600994529450800 ) ) ;
#3832 = VECTOR ( 'NONE', #953, 1000.000000000000000 ) ;
#3833 = CARTESIAN_POINT ( 'NONE',  ( -2.793106854861110700, 4.205439815778317900, -1.612600994529450800 ) ) ;
#3834 = ADVANCED_FACE ( 'NONE', ( #377 ), #946, .T. ) ;
#3835 = CARTESIAN_POINT ( 'NONE',  ( -2.719622313787950100, 8.556893145138900500, 0.7331294662000782400 ) ) ;
#3836 = ORIENTED_EDGE ( 'NONE', *, *, #1525, .F. ) ;
#3837 = DIRECTION ( 'NONE',  ( 0.0000000000000000000, 1.000000000000000000, 0.0000000000000000000 ) ) ;
#3838 = EDGE_LOOP ( 'NONE', ( #3100, #3617, #1235 ) ) ;
#3839 = CARTESIAN_POINT ( 'NONE',  ( 2.731407343582813200, 2.804824063397917600, 0.3264483438533887800 ) ) ;
#3840 = ORIENTED_EDGE ( 'NONE', *, *, #1423, .T. ) ;
#3841 = CARTESIAN_POINT ( 'NONE',  ( -9.950721815702931600E-015, 3.000000000000000000, 2.850000000000000100 ) ) ;
#3842 = CARTESIAN_POINT ( 'NONE',  ( 1.396553427430554700, 9.144328704667206200, -2.418901491794177300 ) ) ;
#3843 = FACE_BOUND ( 'NONE', #234, .T. ) ;
#3844 = CARTESIAN_POINT ( 'NONE',  ( -3.178818931451388600, 3.252204861101477100, 0.0000000000000000000 ) ) ;
#3845 = FACE_OUTER_BOUND ( 'NONE', #1302, .T. ) ;
#3846 = FACE_OUTER_BOUND ( 'NONE', #2263, .T. ) ;
#3847 = CARTESIAN_POINT ( 'NONE',  ( 0.1933549141621069300, 3.329983274502601000, -2.744034245107516600 ) ) ;
#3848 = CARTESIAN_POINT ( 'NONE',  ( -0.3145693417179049600, 2.913504663918391000, 2.697713785257562300 ) ) ;
#3849 = CARTESIAN_POINT ( 'NONE',  ( -2.793106854861110700, 8.673958334296838000, 0.0000000000000000000 ) ) ;
#3850 = CARTESIAN_POINT ( 'NONE',  ( -1.589409465725691900, 8.392471066751454600, 2.752937948667808100 ) ) ;
#3851 = CARTESIAN_POINT ( 'NONE',  ( 0.8507386859688308400, 7.073869953259158000, 3.175000000000044700 ) ) ;
#3852 = DIRECTION ( 'NONE',  ( 1.535127069738579100E-016, -0.0000000000000000000, 1.000000000000000000 ) ) ;
#3853 = FACE_OUTER_BOUND ( 'NONE', #381, .T. ) ;
#3854 = EDGE_CURVE ( 'NONE', #4387, #317, #4409, .T. ) ;
#3855 = CARTESIAN_POINT ( 'NONE',  ( -1.214571548689835400E-013, 2.629190075645214900, 2.750000000000000000 ) ) ;
#3856 = DIRECTION ( 'NONE',  ( 0.0000000000000000000, -1.000000000000000000, 0.0000000000000000000 ) ) ;
#3857 = ADVANCED_FACE ( 'NONE', ( #1325 ), #4471, .T. ) ;
#3858 = CARTESIAN_POINT ( 'NONE',  ( 2.793106854861110700, 8.848583334296835200, -3.420569369482190000E-016 ) ) ;
#3859 = CARTESIAN_POINT ( 'NONE',  ( -2.793106854861110200, 8.027199075037577500, 1.612600994529452600 ) ) ;
#3860 = DIRECTION ( 'NONE',  ( 1.000000000000000000, 0.0000000000000000000, -1.535127069738579100E-016 ) ) ;
#3861 = EDGE_LOOP ( 'NONE', ( #2846, #4999, #3328, #2620, #1322, #88, #1895, #4972 ) ) ;
#3862 = AXIS2_PLACEMENT_3D ( 'NONE', #2482, #3281, #4895 ) ;
#3863 = STYLED_ITEM ( 'NONE', ( #1519 ), #1890 ) ;
#3864 = CARTESIAN_POINT ( 'NONE',  ( 4.336808689942017700E-016, 1.600000000000000100, 0.0000000000000000000 ) ) ;
#3865 = ORIENTED_EDGE ( 'NONE', *, *, #4912, .T. ) ;
#3866 = CARTESIAN_POINT ( 'NONE',  ( -1.396553427430553300, 4.381828704667207800, 2.418901491794178200 ) ) ;
#3867 = VERTEX_POINT ( 'NONE', #2598 ) ;
#3868 = CARTESIAN_POINT ( 'NONE',  ( 3.888253587292845600E-016, 4.525000000000001200, -3.174999999999999400 ) ) ;
#3869 = CARTESIAN_POINT ( 'NONE',  ( 0.0000000000000000000, 6.383128419472075000, -0.6350000000000000100 ) ) ;
#3870 = CARTESIAN_POINT ( 'NONE',  ( 3.175000000000050900, 7.071759259259289700, 1.833087104677089400 ) ) ;
#3871 = CARTESIAN_POINT ( 'NONE',  ( 0.0000000000000000000, 0.2000000000000000100, 0.0000000000000000000 ) ) ;
#3872 = DIRECTION ( 'NONE',  ( 0.0000000000000000000, 0.0000000000000000000, 1.000000000000000000 ) ) ;
#3873 = CARTESIAN_POINT ( 'NONE',  ( 2.793106854861110700, 8.143027778741281300, -3.420569369482190000E-016 ) ) ;
#3874 = DIRECTION ( 'NONE',  ( -0.0000000000000000000, -1.000000000000000000, -0.0000000000000000000 ) ) ;
#3875 = CARTESIAN_POINT ( 'NONE',  ( 0.4717840607735703800, 7.340000000000001600, -0.1016000000000000100 ) ) ;
#3876 = ORIENTED_EDGE ( 'NONE', *, *, #4784, .F. ) ;
#3877 = CARTESIAN_POINT ( 'NONE',  ( 2.713556586326117100, 2.711803264060453200, -0.1670203789153371100 ) ) ;
#3878 = ADVANCED_FACE ( 'NONE', ( #3324 ), #5042, .F. ) ;
#3879 = EDGE_CURVE ( 'NONE', #1763, #1718, #4914, .T. ) ;
#3880 = DIRECTION ( 'NONE',  ( -0.0000000000000000000, -0.0000000000000000000, -1.000000000000000000 ) ) ;
#3881 = DIRECTION ( 'NONE',  ( 1.000000000000000000, 0.0000000000000000000, -0.0000000000000000000 ) ) ;
#3882 = EDGE_CURVE ( 'NONE', #2330, #2177, #2139, .T. ) ;
#3883 = CARTESIAN_POINT ( 'NONE',  ( -1.396553427430553300, 3.676273149111651600, 2.418901491794178200 ) ) ;
#3884 = ORIENTED_EDGE ( 'NONE', *, *, #4845, .F. ) ;
#3885 = CARTESIAN_POINT ( 'NONE',  ( 0.3150919155324480900, 3.002137639031063000, 2.697643460050251900 ) ) ;
#3886 = DIRECTION ( 'NONE',  ( -0.0000000000000000000, -1.000000000000000000, 0.0000000000000000000 ) ) ;
#3887 = CARTESIAN_POINT ( 'NONE',  ( -3.105418366566518100E-011, 6.336805557481410400, 3.174999999999998900 ) ) ;
#3888 =( LENGTH_UNIT ( ) NAMED_UNIT ( * ) SI_UNIT ( .MILLI., .METRE. ) );
#3889 = DIRECTION ( 'NONE',  ( 0.0000000000000000000, 0.0000000000000000000, -1.000000000000000000 ) ) ;
#3890 = DIRECTION ( 'NONE',  ( 0.0000000000000000000, 0.0000000000000000000, -1.000000000000000000 ) ) ;
#3891 = VERTEX_POINT ( 'NONE', #119 ) ;
#3892 = CARTESIAN_POINT ( 'NONE',  ( 0.3272824258659415300, 2.806256251493481500, -2.731300420485035300 ) ) ;
#3893 = MECHANICAL_DESIGN_GEOMETRIC_PRESENTATION_REPRESENTATION (  '', ( #5212 ), #4538 ) ;
#3894 = ORIENTED_EDGE ( 'NONE', *, *, #3854, .T. ) ;
#3895 = AXIS2_PLACEMENT_3D ( 'NONE', #1649, #437, #3627 ) ;
#3896 = VECTOR ( 'NONE', #1493, 1000.000000000000000 ) ;
#3897 = CARTESIAN_POINT ( 'NONE',  ( 5.924599938756993300E-016, 7.261083334296837500, 3.225201989058902100 ) ) ;
#3898 = CARTESIAN_POINT ( 'NONE',  ( -2.793106854861110700, 7.968402778741280600, 0.0000000000000000000 ) ) ;
#3899 = CARTESIAN_POINT ( 'NONE',  ( 0.5397642066753534100, 7.406611245059271400, -0.1016000000000000100 ) ) ;
#3900 = B_SPLINE_CURVE_WITH_KNOTS ( 'NONE', 3,
 ( #3442, #2673, #676, #623, #5075, #3855 ),
 .UNSPECIFIED., .F., .F.,
 ( 4, 2, 4 ),
 ( 0.001151964106403643800, 0.001441749954522943100, 0.001731535802642242400 ),
 .UNSPECIFIED. ) ;
#3901 = ORIENTED_EDGE ( 'NONE', *, *, #2998, .F. ) ;
#3902 = CIRCLE ( 'NONE', #4647, 2.750000000000000000 ) ;
#3903 = DIRECTION ( 'NONE',  ( 0.0000000000000000000, 0.006369565207636761700, 0.9999797141137741800 ) ) ;
#3904 = CARTESIAN_POINT ( 'NONE',  ( 1.396553427430554700, 9.144328704667206200, -2.418901491794177300 ) ) ;
#3905 = AXIS2_PLACEMENT_3D ( 'NONE', #4960, #3351, #3366 ) ;
#3906 = CARTESIAN_POINT ( 'NONE',  ( 3.178818931451389900, 8.568859955640341800, 1.835291965778536500 ) ) ;
#3907 = CARTESIAN_POINT ( 'NONE',  ( 0.8507386859688213000, 7.363630050594799100, -3.175000000000049600 ) ) ;
#3908 = ORIENTED_EDGE ( 'NONE', *, *, #3359, .F. ) ;
#3909 = CARTESIAN_POINT ( 'NONE',  ( -2.825048672147084400, 1.600000000000000100, -3.039999999999999600 ) ) ;
#3910 = DIRECTION ( 'NONE',  ( -0.0000000000000000000, -1.000000000000000000, -0.0000000000000000000 ) ) ;
#3911 = CARTESIAN_POINT ( 'NONE',  ( 3.174999999999999800, 7.130555555555556400, -3.888253587292846100E-016 ) ) ;
#3912 = VERTEX_POINT ( 'NONE', #3829 ) ;
#3913 = CARTESIAN_POINT ( 'NONE',  ( 0.0000000000000000000, 4.525000000000001200, 3.174999999999999400 ) ) ;
#3914 = FACE_OUTER_BOUND ( 'NONE', #1800, .T. ) ;
#3915 = LINE ( 'NONE', #3913, #4478 ) ;
#3916 = CARTESIAN_POINT ( 'NONE',  ( 0.3298286988961762800, 3.189269158032670000, -2.730971514616335600 ) ) ;
#3917 = CARTESIAN_POINT ( 'NONE',  ( 2.793106854861110700, 7.496268519482022400, -1.612600994529452200 ) ) ;
#3918 = VECTOR ( 'NONE', #2039, 1000.000000000000000 ) ;
#3919 = CARTESIAN_POINT ( 'NONE',  ( 0.0000000000000000000, 7.440000000000002200, 0.0000000000000000000 ) ) ;
#3920 = CIRCLE ( 'NONE', #2311, 2.750000000000000000 ) ;
#3921 = EDGE_CURVE ( 'NONE', #2917, #2931, #1071, .T. ) ;
#3922 = FACE_OUTER_BOUND ( 'NONE', #3041, .T. ) ;
#3923 = DIRECTION ( 'NONE',  ( 0.0000000000000000000, 0.0000000000000000000, -1.000000000000000000 ) ) ;
#3924 = CARTESIAN_POINT ( 'NONE',  ( 2.793106854861110700, 6.968865741704243900, -1.612600994529452200 ) ) ;
#3925 = CARTESIAN_POINT ( 'NONE',  ( -1.589409465725691900, 6.981359955640344100, 2.752937948667808100 ) ) ;
#3926 = CARTESIAN_POINT ( 'NONE',  ( -2.793106854861110700, 8.497569445407949100, 0.0000000000000000000 ) ) ;
#3927 = CARTESIAN_POINT ( 'NONE',  ( 0.0000000000000000000, 4.770000000000001400, -0.6350000000000000100 ) ) ;
#3928 = CARTESIAN_POINT ( 'NONE',  ( -2.697642696561277600, 3.001068826507606400, 0.3150975888423024900 ) ) ;
#3929 = CARTESIAN_POINT ( 'NONE',  ( 6.734652765903158200E-016, 6.954166666666667500, 3.666174209354123200 ) ) ;
#3930 = EDGE_CURVE ( 'NONE', #3239, #5118, #3198, .T. ) ;
#3931 = CLOSED_SHELL ( 'NONE', ( #92, #3728, #3672, #1670, #4499, #1226, #5155 ) ) ;
#3932 = ORIENTED_EDGE ( 'NONE', *, *, #4911, .T. ) ;
#3933 = DIRECTION ( 'NONE',  ( 0.0000000000000000000, 0.0000000000000000000, 1.000000000000000000 ) ) ;
#3934 = AXIS2_PLACEMENT_3D ( 'NONE', #3687, #2459, #1684 ) ;
#3935 = CARTESIAN_POINT ( 'NONE',  ( 3.039999999999999600, 0.0000000000000000000, 2.039999999999999100 ) ) ;
#3936 = VERTEX_POINT ( 'NONE', #1473 ) ;
#3937 = CARTESIAN_POINT ( 'NONE',  ( 0.0000000000000000000, 9.500000000000001800, 2.429999999999999700 ) ) ;
#3938 = ORIENTED_EDGE ( 'NONE', *, *, #1116, .T. ) ;
#3939 = CARTESIAN_POINT ( 'NONE',  ( 1.396553427430556700, 8.025435186148687400, 2.418901491794176500 ) ) ;
#3940 = DIRECTION ( 'NONE',  ( 0.0000000000000000000, 0.0000000000000000000, 1.000000000000000000 ) ) ;
#3941 = B_SPLINE_CURVE_WITH_KNOTS ( 'NONE', 3,
 ( #833, #1637, #2079, #4456, #3229, #2100, #3657, #2901, #1291, #5 ),
 .UNSPECIFIED., .F., .F.,
 ( 4, 2, 2, 2, 4 ),
 ( 2.078957471643453100E-006, 0.0002553318341866979900, 0.0005085847109017525800, 0.0007618375876168069000, 0.001015090464331861100 ),
 .UNSPECIFIED. ) ;
#3942 = DIRECTION ( 'NONE',  ( 0.0000000000000000000, -0.0000000000000000000, 1.000000000000000000 ) ) ;
#3943 = CARTESIAN_POINT ( 'NONE',  ( -2.793106854861111100, 5.792939815778318300, -1.612600994529450800 ) ) ;
#3944 = CARTESIAN_POINT ( 'NONE',  ( -3.178818931451389100, 5.393859955640343700, -1.835291965778537400 ) ) ;
#3945 = DIRECTION ( 'NONE',  ( 0.0000000000000000000, 0.0000000000000000000, -1.000000000000000000 ) ) ;
#3946 = CARTESIAN_POINT ( 'NONE',  ( 1.587499999999999200, 7.248148148148149300, -2.749630657015592800 ) ) ;
#3947 = CARTESIAN_POINT ( 'NONE',  ( 1.257921301917876800, 4.311731037027215900, -2.694171530717298000 ) ) ;
#3948 = VERTEX_POINT ( 'NONE', #1843 ) ;
#3949 = CARTESIAN_POINT ( 'NONE',  ( 0.08167460948809177100, 2.674981698795714000, -2.718822822103702700 ) ) ;
#3950 = ORIENTED_EDGE ( 'NONE', *, *, #1254, .F. ) ;
#3951 = CARTESIAN_POINT ( 'NONE',  ( -2.793106854861110200, 8.556365741704242500, 1.612600994529452600 ) ) ;
#3952 = CARTESIAN_POINT ( 'NONE',  ( -1.974866646252331000E-016, 4.969791667630170600, -3.225201989058902500 ) ) ;
#3953 = CARTESIAN_POINT ( 'NONE',  ( -0.4717840607735703800, 7.340000000000001600, 0.1015999999999999400 ) ) ;
#3954 = CARTESIAN_POINT ( 'NONE',  ( 0.3667736582950956200, 3.002443016038342200, 2.725431540799081900 ) ) ;
#3955 = EDGE_LOOP ( 'NONE', ( #2, #993, #2289, #1163, #736, #28, #2635, #4828 ) ) ;
#3956 = CARTESIAN_POINT ( 'NONE',  ( 5.924599938756993300E-016, 6.028125000963503200, 3.225201989058902100 ) ) ;
#3957 = EDGE_CURVE ( 'NONE', #317, #2040, #242, .T. ) ;
#3958 = CARTESIAN_POINT ( 'NONE',  ( 3.178818931451389900, 5.041082177862566700, 1.835291965778536500 ) ) ;
#3959 = CIRCLE ( 'NONE', #1034, 0.4825999999999999200 ) ;
#3960 = CARTESIAN_POINT ( 'NONE',  ( -2.412708507134121200, 8.556885216022410000, 1.407225483806616700 ) ) ;
#3961 = CARTESIAN_POINT ( 'NONE',  ( 1.587500000000001500, 4.896296296296298100, 2.749630657015591500 ) ) ;
#3962 = CARTESIAN_POINT ( 'NONE',  ( 3.888253587292845600E-016, 4.525000000000001200, -3.174999999999999400 ) ) ;
#3963 = CARTESIAN_POINT ( 'NONE',  ( 1.396553427430554700, 3.323495371333873300, -2.418901491794177300 ) ) ;
#3964 = LINE ( 'NONE', #2849, #1816 ) ;
#3965 = ORIENTED_EDGE ( 'NONE', *, *, #2166, .T. ) ;
#3966 = CARTESIAN_POINT ( 'NONE',  ( 0.3150922842482893900, 2.997921052681319600, -2.697643410430463600 ) ) ;
#3967 = CARTESIAN_POINT ( 'NONE',  ( 2.793106854861110700, 3.204138889852392600, -3.420569369482190000E-016 ) ) ;
#3968 = CARTESIAN_POINT ( 'NONE',  ( 5.924599938756992300E-016, 6.733680556519058900, 3.225201989058902500 ) ) ;
#3969 = LINE ( 'NONE', #3453, #931 ) ;
#3970 = CARTESIAN_POINT ( 'NONE',  ( 0.1919006998655511700, 2.669391191541525400, -2.744132609775646400 ) ) ;
#3971 = ORIENTED_EDGE ( 'NONE', *, *, #4315, .F. ) ;
#3972 = ORIENTED_EDGE ( 'NONE', *, *, #4568, .T. ) ;
#3973 = CIRCLE ( 'NONE', #4061, 2.080000000000000100 ) ;
#3974 = DIRECTION ( 'NONE',  ( 0.0000000000000000000, 0.0000000000000000000, 1.000000000000000000 ) ) ;
#3975 = CARTESIAN_POINT ( 'NONE',  ( 1.396553427430556700, 6.086921297259799200, 2.418901491794176500 ) ) ;
#3976 = PRESENTATION_LAYER_ASSIGNMENT (  '', '', ( #1072 ) ) ;
#3977 = CARTESIAN_POINT ( 'NONE',  ( -3.178818931451388200, 5.511452548232937500, 1.835291965778539400 ) ) ;
#3978 = ORIENTED_EDGE ( 'NONE', *, *, #516, .F. ) ;
#3979 = VECTOR ( 'NONE', #2551, 1000.000000000000000 ) ;
#3980 = CARTESIAN_POINT ( 'NONE',  ( 1.587500000000001500, 7.718518518518519200, 2.749630657015591500 ) ) ;
#3981 = FACE_OUTER_BOUND ( 'NONE', #3380, .T. ) ;
#3982 = CARTESIAN_POINT ( 'NONE',  ( 0.0000000000000000000, 0.0000000000000000000, 0.0000000000000000000 ) ) ;
#3983 = VECTOR ( 'NONE', #2121, 1000.000000000000000 ) ;
#3984 = DIRECTION ( 'NONE',  ( -0.0000000000000000000, -1.000000000000000000, 0.0000000000000000000 ) ) ;
#3985 = CARTESIAN_POINT ( 'NONE',  ( -1.396553427430555500, 3.439324075037577500, -2.418901491794176900 ) ) ;
#3986 = CARTESIAN_POINT ( 'NONE',  ( 2.793106854861110200, 4.852199075037576700, -1.612600994529452200 ) ) ;
#3987 =( BOUNDED_CURVE ( )  B_SPLINE_CURVE ( 2, ( #4100, #452, #4517, #1227, #853, #4069, #2105, #2870, #2472 ),
 .UNSPECIFIED., .F., .F. ) 
 B_SPLINE_CURVE_WITH_KNOTS ( ( 3, 2, 2, 2, 3 ),
 ( 0.06181441447454362500, 0.06347231742023166900, 0.06678812331160775800, 0.07010392920298386100, 0.07176183214865219900 ),
 .UNSPECIFIED. ) 
 CURVE ( )  GEOMETRIC_REPRESENTATION_ITEM ( )  RATIONAL_B_SPLINE_CURVE ( ( 0.9330127018922194100, 0.9330127018922196300, 1.000000000000000000, 0.8660254037844387100, 1.000000000000000000, 0.8660254037844387100, 1.000000000000000000, 0.9330127018930156600, 0.9330127018922194100 ) ) 
 REPRESENTATION_ITEM ( '' )  );
#3988 = EDGE_CURVE ( 'NONE', #2907, #3018, #2011, .T. ) ;
#3989 = ORIENTED_EDGE ( 'NONE', *, *, #1116, .F. ) ;
#3990 = CARTESIAN_POINT ( 'NONE',  ( -0.8507386859776626700, 4.604425508815067400, -3.174999999994892400 ) ) ;
#3991 = CARTESIAN_POINT ( 'NONE',  ( -2.702611963329595700, 3.168652965569822600, 0.2818662692025872800 ) ) ;
#3992 = CARTESIAN_POINT ( 'NONE',  ( 2.793106854861110700, 7.674421297259800500, -1.612600994529452200 ) ) ;
#3993 = EDGE_LOOP ( 'NONE', ( #2407, #1545, #1112, #440 ) ) ;
#3994 = CARTESIAN_POINT ( 'NONE',  ( 1.589409465725693600, 5.217471066751455700, -2.752937948667807200 ) ) ;
#3995 = VERTEX_POINT ( 'NONE', #4280 ) ;
#3996 = ORIENTED_EDGE ( 'NONE', *, *, #3479, .F. ) ;
#3997 = CARTESIAN_POINT ( 'NONE',  ( -1.396553427430553300, 5.969328704667208100, 2.418901491794178200 ) ) ;
#3998 = VERTEX_POINT ( 'NONE', #1102 ) ;
#3999 = AXIS2_PLACEMENT_3D ( 'NONE', #5149, #708, #1106 ) ;
#4000 = DIRECTION ( 'NONE',  ( 0.0000000000000000000, 0.0000000000000000000, -1.000000000000000000 ) ) ;
#4001 = AXIS2_PLACEMENT_3D ( 'NONE', #4964, #4130, #3786 ) ;
#4002 = CARTESIAN_POINT ( 'NONE',  ( 0.0000000000000000000, 9.370000000000001000, 2.299999999999999800 ) ) ;
#4003 = CARTESIAN_POINT ( 'NONE',  ( -1.396553427430553300, 5.085620371333874300, 2.418901491794178200 ) ) ;
#4004 = CARTESIAN_POINT ( 'NONE',  ( 1.396553427430556700, 5.381365741704243500, 2.418901491794176500 ) ) ;
#4005 = CARTESIAN_POINT ( 'NONE',  ( -2.793106854861110700, 3.735069445407948100, 0.0000000000000000000 ) ) ;
#4006 = CARTESIAN_POINT ( 'NONE',  ( -1.589409465725691900, 3.453582177862566800, 2.752937948667808100 ) ) ;
#4007 = ORIENTED_EDGE ( 'NONE', *, *, #4351, .F. ) ;
#4008 = CARTESIAN_POINT ( 'NONE',  ( 2.793106854861111500, 4.029050926889429900, 1.612600994529450200 ) ) ;
#4009 = CARTESIAN_POINT ( 'NONE',  ( 0.0000000000000000000, 0.2000000000000000100, 0.0000000000000000000 ) ) ;
#4010 = CARTESIAN_POINT ( 'NONE',  ( -1.974866646252330800E-016, 3.382291667630170200, -3.225201989058902100 ) ) ;
#4011 = ORIENTED_EDGE ( 'NONE', *, *, #2768, .T. ) ;
#4012 = EDGE_CURVE ( 'NONE', #3542, #3912, #2900, .T. ) ;
#4013 = CARTESIAN_POINT ( 'NONE',  ( 2.697642688291167300, 2.998960519572021300, 0.3150976502946936100 ) ) ;
#4014 = CARTESIAN_POINT ( 'NONE',  ( -1.396553427430555500, 9.085532408370911000, -2.418901491794176900 ) ) ;
#4015 = CARTESIAN_POINT ( 'NONE',  ( -2.793106854861110700, 5.146180556519059500, 0.0000000000000000000 ) ) ;
#4016 = ORIENTED_EDGE ( 'NONE', *, *, #3606, .T. ) ;
#4017 = CARTESIAN_POINT ( 'NONE',  ( 1.220802081167363500E-013, 2.629190075645214900, -2.750000000000000000 ) ) ;
#4018 = LINE ( 'NONE', #1219, #4268 ) ;
#4019 = CARTESIAN_POINT ( 'NONE',  ( 2.725516129407469500, 3.099329119973952100, -0.3661450949953746800 ) ) ;
#4020 = CARTESIAN_POINT ( 'NONE',  ( -2.793106854861110200, 4.499421297259800700, 1.612600994529452600 ) ) ;
#4021 = EDGE_CURVE ( 'NONE', #3936, #1987, #1320, .T. ) ;
#4022 = CARTESIAN_POINT ( 'NONE',  ( 3.174999999999998900, 7.277546298223302100, -1.833087104677063200 ) ) ;
#4023 = LINE ( 'NONE', #5220, #4740 ) ;
#4024 = CARTESIAN_POINT ( 'NONE',  ( -2.793106854861110200, 6.616087963926466900, 1.612600994529452600 ) ) ;
#4025 = CARTESIAN_POINT ( 'NONE',  ( 3.175000000000354200, 7.894907407407614200, -1.833087104677267700 ) ) ;
#4026 = ORIENTED_EDGE ( 'NONE', *, *, #190, .F. ) ;
#4027 = CARTESIAN_POINT ( 'NONE',  ( 0.8507386859690249100, 6.569880048668167700, -3.175000000000571800 ) ) ;
#4028 = FACE_OUTER_BOUND ( 'NONE', #3671, .T. ) ;
#4029 = CARTESIAN_POINT ( 'NONE',  ( 2.697642543859649400, 3.000000000000000000, 0.3150987235112847100 ) ) ;
#4030 = ORIENTED_EDGE ( 'NONE', *, *, #4452, .T. ) ;
#4031 = AXIS2_PLACEMENT_3D ( 'NONE', #2708, #3497, #2287 ) ;
#4032 = CARTESIAN_POINT ( 'NONE',  ( -1.396553427430553300, 7.204050926889428800, 2.418901491794178200 ) ) ;
#4033 = DIRECTION ( 'NONE',  ( 0.0000000000000000000, 0.0000000000000000000, -1.000000000000000000 ) ) ;
#4034 = CARTESIAN_POINT ( 'NONE',  ( 2.561129294827032800, 8.442735066242935500, -1.389089871260892100 ) ) ;
#4035 = LINE ( 'NONE', #4761, #3269 ) ;
#4036 = FACE_OUTER_BOUND ( 'NONE', #2237, .T. ) ;
#4037 = CARTESIAN_POINT ( 'NONE',  ( 0.0000000000000000000, 7.570000000000002100, 0.0000000000000000000 ) ) ;
#4038 = CARTESIAN_POINT ( 'NONE',  ( 2.793106854861111500, 3.323495371333874200, 1.612600994529450200 ) ) ;
#4039 = CIRCLE ( 'NONE', #4577, 0.5826000000000000100 ) ;
#4040 = CARTESIAN_POINT ( 'NONE',  ( 1.587500000000001500, 7.101157409334413200, 2.749630657015591500 ) ) ;
#4041 = CARTESIAN_POINT ( 'NONE',  ( -1.396553427430553300, 6.674884260222762000, 2.418901491794178200 ) ) ;
#4042 = FACE_OUTER_BOUND ( 'NONE', #1392, .T. ) ;
#4043 = DIRECTION ( 'NONE',  ( -0.0000000000000000000, -1.000000000000000000, 0.0000000000000000000 ) ) ;
#4044 = CARTESIAN_POINT ( 'NONE',  ( 2.744211041005413200, 3.331495007823350700, -0.1911229743718190800 ) ) ;
#4045 = DIRECTION ( 'NONE',  ( 0.0000000000000000000, 0.0000000000000000000, 1.000000000000000000 ) ) ;
#4046 = ADVANCED_FACE ( 'NONE', ( #2642 ), #5254, .T. ) ;
#4047 = VECTOR ( 'NONE', #2649, 1000.000000000000000 ) ;
#4048 = CARTESIAN_POINT ( 'NONE',  ( 2.793106854861111500, 5.969328704667206300, 1.612600994529450200 ) ) ;
#4049 = CARTESIAN_POINT ( 'NONE',  ( 2.697642696561277600, 3.001068826507606400, -0.3150975888423024900 ) ) ;
#4050 = EDGE_LOOP ( 'NONE', ( #2261, #1714, #2062, #3756 ) ) ;
#4051 = PLANE ( 'NONE',  #4192 ) ;
#4052 = EDGE_CURVE ( 'NONE', #4729, #3023, #1694, .T. ) ;
#4053 = EDGE_CURVE ( 'NONE', #4578, #2188, #4859, .T. ) ;
#4054 = ORIENTED_EDGE ( 'NONE', *, *, #3748, .T. ) ;
#4055 = CARTESIAN_POINT ( 'NONE',  ( -1.906444209774899500E-011, 4.572916668594378300, -3.174999999999998900 ) ) ;
#4056 = CARTESIAN_POINT ( 'NONE',  ( 2.793106854861110700, 4.146643519482021900, -1.612600994529452200 ) ) ;
#4057 = CARTESIAN_POINT ( 'NONE',  ( 3.178818931451388200, 8.602667824064441900, -1.835291965778538900 ) ) ;
#4058 = CARTESIAN_POINT ( 'NONE',  ( -1.189367489489725500, 2.498042867544296300, -2.983902291334793700 ) ) ;
#4059 = CARTESIAN_POINT ( 'NONE',  ( 1.396553427430554700, 7.027662038000540800, -2.418901491794177300 ) ) ;
#4060 = CARTESIAN_POINT ( 'NONE',  ( 0.0000000000000000000, 8.599999999999999600, 0.0000000000000000000 ) ) ;
#4061 = AXIS2_PLACEMENT_3D ( 'NONE', #3158, #371, #1986 ) ;
#4062 = DIRECTION ( 'NONE',  ( -0.0000000000000000000, -1.000000000000000000, -0.0000000000000000000 ) ) ;
#4063 = ORIENTED_EDGE ( 'NONE', *, *, #1762, .T. ) ;
#4064 = CARTESIAN_POINT ( 'NONE',  ( 5.924599938756993300E-016, 5.851736112074615200, 3.225201989058902100 ) ) ;
#4065 = CARTESIAN_POINT ( 'NONE',  ( 8.522840243913050700E-012, 5.278472224148911700, -3.174999999999998900 ) ) ;
#4066 = ORIENTED_EDGE ( 'NONE', *, *, #3260, .F. ) ;
#4067 = CARTESIAN_POINT ( 'NONE',  ( 2.725431483040755300, 2.997624060207209100, 0.3667740874847482100 ) ) ;
#4068 = CARTESIAN_POINT ( 'NONE',  ( 2.793106854861110700, 4.793402778741280700, -3.420569369482190000E-016 ) ) ;
#4069 = CARTESIAN_POINT ( 'NONE',  ( 3.175000000000011400, 5.748842594519593300, 1.833087104677066700 ) ) ;
#4070 = CARTESIAN_POINT ( 'NONE',  ( 6.734652765903158200E-016, 4.131944444444445500, 3.666174209354123200 ) ) ;
#4071 = CARTESIAN_POINT ( 'NONE',  ( -1.587499999999997500, 6.983564816741820300, 2.749630657015593700 ) ) ;
#4072 = VERTEX_POINT ( 'NONE', #4303 ) ;
#4073 = CARTESIAN_POINT ( 'NONE',  ( -0.6503186974660739600, 2.880504068654157600, -2.716345245803292800 ) ) ;
#4074 = CARTESIAN_POINT ( 'NONE',  ( -2.697643460049958400, 3.002137639033551700, 0.3150919155356838900 ) ) ;
#4075 = EDGE_CURVE ( 'NONE', #67, #3511, #3587, .T. ) ;
#4076 = EDGE_CURVE ( 'NONE', #1987, #4250, #3969, .T. ) ;
#4077 = CARTESIAN_POINT ( 'NONE',  ( -0.1687195595222940900, 3.287020076934695100, 2.713421071003401700 ) ) ;
#4078 = FACE_OUTER_BOUND ( 'NONE', #4543, .T. ) ;
#4079 = B_SPLINE_CURVE_WITH_KNOTS ( 'NONE', 3,
 ( #4029, #4436, #4013, #4380, #2008 ),
 .UNSPECIFIED., .F., .F.,
 ( 4, 1, 4 ),
 ( 0.0000000000000000000, 1.039478735821726400E-006, 2.078957471643452700E-006 ),
 .UNSPECIFIED. ) ;
#4080 = CARTESIAN_POINT ( 'NONE',  ( -2.825048672147084400, 1.600000000000000100, -3.039999999999999600 ) ) ;
#4081 = ORIENTED_EDGE ( 'NONE', *, *, #1085, .F. ) ;
#4082 = CARTESIAN_POINT ( 'NONE',  ( -2.793106854861110200, 7.323425047259799900, 1.612600994529452600 ) ) ;
#4083 = EDGE_CURVE ( 'NONE', #3178, #5108, #3712, .T. ) ;
#4084 = CARTESIAN_POINT ( 'NONE',  ( 3.178818931451388200, 9.308223379619994000, -1.835291965778538900 ) ) ;
#4085 = CARTESIAN_POINT ( 'NONE',  ( -1.587500000000000400, 6.748379631556635300, -2.749630657015592400 ) ) ;
#4086 = ORIENTED_EDGE ( 'NONE', *, *, #2065, .T. ) ;
#4087 = CARTESIAN_POINT ( 'NONE',  ( -1.587499999999997500, 8.306481481481482000, 2.749630657015593700 ) ) ;
#4088 = VERTEX_POINT ( 'NONE', #3508 ) ;
#4089 = CARTESIAN_POINT ( 'NONE',  ( -2.730196970682260200, 2.914798146740650500, 0.3314250551583553000 ) ) ;
#4090 = ORIENTED_EDGE ( 'NONE', *, *, #2633, .F. ) ;
#4091 = DIRECTION ( 'NONE',  ( 0.0000000000000000000, 0.0000000000000000000, -1.000000000000000000 ) ) ;
#4092 = CARTESIAN_POINT ( 'NONE',  ( -3.175000000000002000, 6.131018518518520600, 1.833087104677064900 ) ) ;
#4093 = LINE ( 'NONE', #223, #3330 ) ;
#4094 = LINE ( 'NONE', #4175, #1012 ) ;
#4095 = CARTESIAN_POINT ( 'NONE',  ( 2.118638962524920300E-016, 7.440000000000002200, 1.729999999999999300 ) ) ;
#4096 = CARTESIAN_POINT ( 'NONE',  ( 1.300274562406781300, 8.327698549790552500, 2.735094566380713600 ) ) ;
#4097 = VECTOR ( 'NONE', #4902, 1000.000000000000000 ) ;
#4098 = CARTESIAN_POINT ( 'NONE',  ( -3.175000000000630000, 7.630324076000715800, 1.833087104677427700 ) ) ;
#4099 = CARTESIAN_POINT ( 'NONE',  ( -2.793106854861110200, 5.912313936148688500, 1.612600994529452600 ) ) ;
#4100 = CARTESIAN_POINT ( 'NONE',  ( 5.287301957201986300E-015, 5.984027779704783600, -3.175000000000000700 ) ) ;
#4101 = ORIENTED_EDGE ( 'NONE', *, *, #1897, .F. ) ;
#4102 = CARTESIAN_POINT ( 'NONE',  ( -2.244884255301052700E-016, 3.779166666666667700, -3.666174209354123200 ) ) ;
#4103 = CARTESIAN_POINT ( 'NONE',  ( 3.174999999999998900, 3.749768520445524000, -1.833087104677063200 ) ) ;
#4104 = ORIENTED_EDGE ( 'NONE', *, *, #158, .T. ) ;
#4105 = CARTESIAN_POINT ( 'NONE',  ( -1.587500000000000400, 8.776851851851853700, -2.749630657015592400 ) ) ;
#4106 =( BOUNDED_CURVE ( )  B_SPLINE_CURVE ( 2, ( #1328, #4962, #2935, #535, #2553, #2953, #557, #59, #2230 ),
 .UNSPECIFIED., .F., .F. ) 
 B_SPLINE_CURVE_WITH_KNOTS ( ( 3, 2, 2, 2, 3 ),
 ( 0.06424764427574729300, 0.06590598330245370200, 0.06922266135582382000, 0.07253933940919390900, 0.07419767843590316400 ),
 .UNSPECIFIED. ) 
 CURVE ( )  GEOMETRIC_REPRESENTATION_ITEM ( )  RATIONAL_B_SPLINE_CURVE ( ( 0.9330127018922193000, 0.9330127018913563200, 1.000000000000000000, 0.8660254037844387100, 1.000000000000000000, 0.8660254037844387100, 1.000000000000000000, 0.9330127018912417500, 0.9330127018922194100 ) ) 
 REPRESENTATION_ITEM ( '' )  );
#4107 = CARTESIAN_POINT ( 'NONE',  ( -2.734893847609630900, 2.824977002174831500, -0.2959868757059596100 ) ) ;
#4108 = ORIENTED_EDGE ( 'NONE', *, *, #155, .T. ) ;
#4109 = DIRECTION ( 'NONE',  ( 0.0000000000000000000, 0.0000000000000000000, 1.000000000000000000 ) ) ;
#4110 = VERTEX_POINT ( 'NONE', #2258 ) ;
#4111 = CARTESIAN_POINT ( 'NONE',  ( 0.0000000000000000000, 0.0000000000000000000, 0.0000000000000000000 ) ) ;
#4112 = ORIENTED_EDGE ( 'NONE', *, *, #5087, .F. ) ;
#4113 = CARTESIAN_POINT ( 'NONE',  ( -2.943084930326865100, 8.379379153346437900, -0.4411117995961233400 ) ) ;
#4114 = EDGE_CURVE ( 'NONE', #1718, #4967, #3518, .T. ) ;
#4115 = CARTESIAN_POINT ( 'NONE',  ( -3.175000000000009600, 5.396064816741813700, -1.833087104677066900 ) ) ;
#4116 = CARTESIAN_POINT ( 'NONE',  ( -1.396553427430553300, 4.559999121333874000, 2.418901491794178200 ) ) ;
#4117 = ADVANCED_FACE ( 'NONE', ( #2568 ), #633, .T. ) ;
#4118 = CARTESIAN_POINT ( 'NONE',  ( -3.178818931451388200, 4.722112268508885400, 1.835291965778539400 ) ) ;
#4119 = CARTESIAN_POINT ( 'NONE',  ( -2.244884255301052700E-016, 4.572916668593672200, -3.666174209354123200 ) ) ;
#4120 = CARTESIAN_POINT ( 'NONE',  ( -0.4717840607735703800, 8.802396902521437000, -0.1015999999999999400 ) ) ;
#4121 = AXIS2_PLACEMENT_3D ( 'NONE', #1441, #4211, #3378 ) ;
#4122 = PRESENTATION_LAYER_ASSIGNMENT (  '', '', ( #3863 ) ) ;
#4123 = ORIENTED_EDGE ( 'NONE', *, *, #5163, .T. ) ;
#4124 = CARTESIAN_POINT ( 'NONE',  ( 3.367778697655221000E-016, 4.100000000000000500, 2.750000000000000000 ) ) ;
#4125 = DIRECTION ( 'NONE',  ( -0.0000000000000000000, -1.000000000000000000, -0.0000000000000000000 ) ) ;
#4126 = ORIENTED_EDGE ( 'NONE', *, *, #2334, .F. ) ;
#4127 = DIRECTION ( 'NONE',  ( 0.0000000000000000000, -0.0000000000000000000, -1.000000000000000000 ) ) ;
#4128 = CARTESIAN_POINT ( 'NONE',  ( -2.793106854861110700, 5.675347223185726300, 0.0000000000000000000 ) ) ;
#4129 = CARTESIAN_POINT ( 'NONE',  ( 2.793106854861111500, 6.147499121333874300, 1.612600994529450200 ) ) ;
#4131 = MANIFOLD_SOLID_BREP ( 'Cut-Extrude3', #4990 ) ;
#4130 = DIRECTION ( 'NONE',  ( 0.0000000000000000000, 1.000000000000000000, 0.0000000000000000000 ) ) ;
#4132 = CARTESIAN_POINT ( 'NONE',  ( 6.742753294174620500E-016, 6.250815972212588900, 3.670583931557075200 ) ) ;
#4133 = CARTESIAN_POINT ( 'NONE',  ( 1.587500000000001500, 3.573379631556636000, 2.749630657015591500 ) ) ;
#4134 = ORIENTED_EDGE ( 'NONE', *, *, #980, .T. ) ;
#4135 = SPHERICAL_SURFACE ( 'NONE', #4830, 0.3499999999999999800 ) ;
#4136 = CARTESIAN_POINT ( 'NONE',  ( -0.6140628307584192800, 8.535545466111669200, -2.749439734541987400 ) ) ;
#4137 = DIRECTION ( 'NONE',  ( -0.0000000000000000000, -1.000000000000000000, -0.0000000000000000000 ) ) ;
#4138 = DIRECTION ( 'NONE',  ( 0.0000000000000000000, 1.000000000000000000, 0.0000000000000000000 ) ) ;
#4139 = CARTESIAN_POINT ( 'NONE',  ( -1.974866646252331000E-016, 6.910069445407947900, -3.225201989058902500 ) ) ;
#4140 = ADVANCED_FACE ( 'NONE', ( #3071 ), #1755, .T. ) ;
#4141 = AXIS2_PLACEMENT_3D ( 'NONE', #753, #3471, #1416 ) ;
#4142 = CARTESIAN_POINT ( 'NONE',  ( 0.1641920371158710800, 3.290058162364361200, 2.713776714501763700 ) ) ;
#4143 = EDGE_CURVE ( 'NONE', #4652, #1366, #4023, .T. ) ;
#4144 = CARTESIAN_POINT ( 'NONE',  ( 4.336808689942017700E-016, 1.600000000000000100, 0.0000000000000000000 ) ) ;
#4145 = CARTESIAN_POINT ( 'NONE',  ( 0.0000000000000000000, 8.599999999999999600, -2.750000000000000000 ) ) ;
#4146 = PRESENTATION_STYLE_ASSIGNMENT (( #583 ) ) ;
#4147 = VERTEX_POINT ( 'NONE', #2766 ) ;
#4148 = TOROIDAL_SURFACE ( 'NONE', #5144, 2.249999999999999600, 0.04999999999999991300 ) ;
#4149 = CARTESIAN_POINT ( 'NONE',  ( -1.587500000000316100, 7.453935187111826900, -2.749630657016139100 ) ) ;
#4150 = CARTESIAN_POINT ( 'NONE',  ( -2.793106854861110200, 6.617869491704244200, 1.612600994529452600 ) ) ;
#4151 = CARTESIAN_POINT ( 'NONE',  ( 0.0000000000000000000, 8.802396902521437000, 0.0000000000000000000 ) ) ;
#4152 = CARTESIAN_POINT ( 'NONE',  ( -3.178818931451389100, 5.310075231471847300, -1.835291965778537400 ) ) ;
#4153 = CARTESIAN_POINT ( 'NONE',  ( -1.587499999999997500, 2.750231483408487300, 2.749630657015593700 ) ) ;
#4154 = AXIS2_PLACEMENT_3D ( 'NONE', #367, #3172, #780 ) ;
#4155 = AXIS2_PLACEMENT_3D ( 'NONE', #2539, #5024, #1378 ) ;
#4156 = CIRCLE ( 'NONE', #1806, 2.249999999999999600 ) ;
#4157 = CARTESIAN_POINT ( 'NONE',  ( 3.888253587292846100E-016, 0.0000000000000000000, 3.174999999999999800 ) ) ;
#4158 = CARTESIAN_POINT ( 'NONE',  ( -2.793106854861110200, 6.439699075037576200, 1.612600994529452600 ) ) ;
#4159 = CARTESIAN_POINT ( 'NONE',  ( -1.396553427430553300, 5.087384260222762600, 2.418901491794178200 ) ) ;
#4160 = CARTESIAN_POINT ( 'NONE',  ( 0.3667736582951140500, 3.002443016035510700, 2.725431540799079700 ) ) ;
#4161 = LINE ( 'NONE', #2751, #4292 ) ;
#4162 = AXIS2_PLACEMENT_3D ( 'NONE', #5077, #4648, #2184 ) ;
#4163 = CARTESIAN_POINT ( 'NONE',  ( -2.900147873092835800, 8.347815671556594100, -0.7962370051897893500 ) ) ;
#4164 = DIRECTION ( 'NONE',  ( 0.0000000000000000000, 0.0000000000000000000, -1.000000000000000000 ) ) ;
#4165 = ORIENTED_EDGE ( 'NONE', *, *, #3334, .T. ) ;
#4166 = CARTESIAN_POINT ( 'NONE',  ( -0.1674755140622245200, 3.287730269970731400, 2.713513538828959100 ) ) ;
#4167 = ADVANCED_FACE ( 'NONE', ( #4406 ), #501, .T. ) ;
#4168 = CARTESIAN_POINT ( 'NONE',  ( -3.175000000000599300, 6.836574074074421900, 1.833087104677410200 ) ) ;
#4169 = CARTESIAN_POINT ( 'NONE',  ( -3.039999999999998700, -4.129999999999999900, -2.039999999999999100 ) ) ;
#4170 = CARTESIAN_POINT ( 'NONE',  ( -2.247584431391540000E-016, 3.781371527768143900, -3.670583931557075200 ) ) ;
#4171 = CARTESIAN_POINT ( 'NONE',  ( -2.793106854861111100, 7.733217593556095600, -1.612600994529450800 ) ) ;
#4172 = ORIENTED_EDGE ( 'NONE', *, *, #1866, .F. ) ;
#4173 = EDGE_CURVE ( 'NONE', #3581, #2188, #4532, .T. ) ;
#4174 = CARTESIAN_POINT ( 'NONE',  ( -2.743797024446081000, 3.328022963529698500, -0.1963931590005562900 ) ) ;
#4175 = CARTESIAN_POINT ( 'NONE',  ( 0.0000000000000000000, -3.979999999975099000, 0.6350000000000000100 ) ) ;
#4176 = CARTESIAN_POINT ( 'NONE',  ( 2.793106854861110700, 6.086921297259800100, -1.612600994529452200 ) ) ;
#4177 = CARTESIAN_POINT ( 'NONE',  ( 1.396553427430556700, 7.321643519482021700, 2.418901491794176500 ) ) ;
#4178 = DIRECTION ( 'NONE',  ( -0.0000000000000000000, -1.000000000000000000, -0.0000000000000000000 ) ) ;
#4179 = CARTESIAN_POINT ( 'NONE',  ( -2.862846986962904500, 8.331641417536390600, -0.9725512336099653200 ) ) ;
#4180 = CARTESIAN_POINT ( 'NONE',  ( -2.744325312141159000, 3.332404209561768700, 0.1896044198088507300 ) ) ;
#4181 = EDGE_CURVE ( 'NONE', #2684, #976, #3195, .T. ) ;
#4182 = PRESENTATION_LAYER_ASSIGNMENT (  '', '', ( #3444 ) ) ;
#4183 = CARTESIAN_POINT ( 'NONE',  ( -0.4717840607735703800, 7.440000000000002200, -0.1016000000000000100 ) ) ;
#4184 = ORIENTED_EDGE ( 'NONE', *, *, #1124, .F. ) ;
#4185 = CARTESIAN_POINT ( 'NONE',  ( 3.178818931451388200, 4.369334490731106700, -1.835291965778538900 ) ) ;
#4186 = CARTESIAN_POINT ( 'NONE',  ( 2.793106854861110700, 8.850347223185725200, -3.420569369482190000E-016 ) ) ;
#4187 = ORIENTED_EDGE ( 'NONE', *, *, #3677, .T. ) ;
#4188 = DIRECTION ( 'NONE',  ( -0.0000000000000000000, -1.000000000000000000, -0.0000000000000000000 ) ) ;
#4189 = ORIENTED_EDGE ( 'NONE', *, *, #4812, .F. ) ;
#4190 = CARTESIAN_POINT ( 'NONE',  ( -2.702402810281062000, 3.165610529434005600, -0.2833528547632951900 ) ) ;
#4191 = CARTESIAN_POINT ( 'NONE',  ( 0.2828344669465865400, 2.833229320649553400, 2.702479914824324600 ) ) ;
#4192 = AXIS2_PLACEMENT_3D ( 'NONE', #2446, #1252, #2468 ) ;
#4193 = CARTESIAN_POINT ( 'NONE',  ( 5.924599938756993300E-016, 6.557291667630170000, 3.225201989058902100 ) ) ;
#4194 = ORIENTED_EDGE ( 'NONE', *, *, #4352, .T. ) ;
#4195 = CARTESIAN_POINT ( 'NONE',  ( 2.793106854861111100, 7.380439815778317800, 1.612600994529450200 ) ) ;
#4196 = ADVANCED_FACE ( 'NONE', ( #4670 ), #2737, .T. ) ;
#4197 = CARTESIAN_POINT ( 'NONE',  ( -0.08587489335446142600, 3.323791898262499000, 2.718663252497277100 ) ) ;
#4198 = CARTESIAN_POINT ( 'NONE',  ( 0.0000000000000000000, 7.340000000000001600, 0.0000000000000000000 ) ) ;
#4199 = FACE_OUTER_BOUND ( 'NONE', #292, .T. ) ;
#4200 = CARTESIAN_POINT ( 'NONE',  ( -2.750094243954242400, 3.371521121743266600, 0.09353143951287570800 ) ) ;
#4201 = CARTESIAN_POINT ( 'NONE',  ( 2.118638962524920300E-016, 12.46317892581091000, 1.729999999999999300 ) ) ;
#4202 = LINE ( 'NONE', #698, #2760 ) ;
#4203 = DIRECTION ( 'NONE',  ( 1.282749433769087600E-030, -1.000000000000000000, -1.224646799147353200E-016 ) ) ;
#4204 = CARTESIAN_POINT ( 'NONE',  ( -2.793106854861110700, 3.736850973185725800, 0.0000000000000000000 ) ) ;
#4205 = CARTESIAN_POINT ( 'NONE',  ( 1.396553427430554700, 7.733217593556095600, -2.418901491794177300 ) ) ;
#4206 = ORIENTED_EDGE ( 'NONE', *, *, #2768, .F. ) ;
#4207 = CARTESIAN_POINT ( 'NONE',  ( 2.750084751017985800, 2.628550485413095200, 0.09507097383125222300 ) ) ;
#4208 = ORIENTED_EDGE ( 'NONE', *, *, #2633, .T. ) ;
#4209 = ORIENTED_EDGE ( 'NONE', *, *, #3854, .F. ) ;
#4210 = CARTESIAN_POINT ( 'NONE',  ( -2.713421071003422100, 3.287020076934697300, -0.1687195595222946200 ) ) ;
#4211 = DIRECTION ( 'NONE',  ( 0.0000000000000000000, 1.000000000000000000, 0.0000000000000000000 ) ) ;
#4212 = CARTESIAN_POINT ( 'NONE',  ( -1.396553427430555500, 6.263310186148688200, -2.418901491794176900 ) ) ;
#4213 = FACE_OUTER_BOUND ( 'NONE', #685, .T. ) ;
#4214 = EDGE_CURVE ( 'NONE', #2330, #1763, #3299, .T. ) ;
#4215 = ORIENTED_EDGE ( 'NONE', *, *, #5049, .F. ) ;
#4216 = CARTESIAN_POINT ( 'NONE',  ( 1.293713046754688700, 4.525001125089585400, -2.899471387166683300 ) ) ;
#4217 = ORIENTED_EDGE ( 'NONE', *, *, #3575, .F. ) ;
#4218 = CARTESIAN_POINT ( 'NONE',  ( -0.7299529936675637200, 4.494371244729085100, -3.063843842648445100 ) ) ;
#4219 = FACE_OUTER_BOUND ( 'NONE', #2812, .T. ) ;
#4220 = LINE ( 'NONE', #4593, #3080 ) ;
#4221 = DIRECTION ( 'NONE',  ( 0.0000000000000000000, 0.0000000000000000000, -1.000000000000000000 ) ) ;
#4222 = CARTESIAN_POINT ( 'NONE',  ( -2.793106854861111100, 2.972499121333874100, -1.612600994529450800 ) ) ;
#4223 = ADVANCED_FACE ( 'NONE', ( #759 ), #1888, .T. ) ;
#4224 = CARTESIAN_POINT ( 'NONE',  ( 2.702685374714269200, 2.830474209633923700, 0.2811653687899213200 ) ) ;
#4225 = LINE ( 'NONE', #1397, #3658 ) ;
#4226 = AXIS2_PLACEMENT_3D ( 'NONE', #2027, #2827, #2809 ) ;
#4227 = AXIS2_PLACEMENT_3D ( 'NONE', #1536, #2254, #4296 ) ;
#4228 = CARTESIAN_POINT ( 'NONE',  ( 2.702662159080271700, 2.830825155549731700, 0.2813140366446044100 ) ) ;
#4229 = VECTOR ( 'NONE', #2611, 1000.000000000000000 ) ;
#4230 = CARTESIAN_POINT ( 'NONE',  ( -2.697716012081472900, 3.086774381422139800, 0.3145528060913299100 ) ) ;
#4231 = DIRECTION ( 'NONE',  ( 0.0000000000000000000, 0.0000000000000000000, -1.000000000000000000 ) ) ;
#4232 = EDGE_LOOP ( 'NONE', ( #448, #2058, #921, #4194, #4803 ) ) ;
#4233 = CARTESIAN_POINT ( 'NONE',  ( -1.396553427430553300, 8.791550926889428300, 2.418901491794178200 ) ) ;
#4234 = CARTESIAN_POINT ( 'NONE',  ( 1.396553427430556700, 4.499421297259799800, 2.418901491794176500 ) ) ;
#4235 = CARTESIAN_POINT ( 'NONE',  ( -1.517631204359415100, 4.293746851285462200, 2.542820984704677700 ) ) ;
#4236 = CARTESIAN_POINT ( 'NONE',  ( -2.115055408772059200, 8.556893145138895200, -1.833296837704312800 ) ) ;
#4237 =( GEOMETRIC_REPRESENTATION_CONTEXT ( 3 ) GLOBAL_UNCERTAINTY_ASSIGNED_CONTEXT ( ( #1050 ) ) GLOBAL_UNIT_ASSIGNED_CONTEXT ( ( #3517, #1095, #4290 ) ) REPRESENTATION_CONTEXT ( 'NONE', 'WORKASPACE' ) );
#4238 = ORIENTED_EDGE ( 'NONE', *, *, #3009, .F. ) ;
#4239 =( LENGTH_UNIT ( ) NAMED_UNIT ( * ) SI_UNIT ( .MILLI., .METRE. ) );
#4240 = SURFACE_STYLE_USAGE ( .BOTH. , #3069 ) ;
#4241 = ORIENTED_EDGE ( 'NONE', *, *, #4759, .F. ) ;
#4242 = ORIENTED_EDGE ( 'NONE', *, *, #2366, .T. ) ;
#4243 = CARTESIAN_POINT ( 'NONE',  ( -0.2811653687899293200, 2.830474209633922400, 2.702685374714267800 ) ) ;
#4244 = CARTESIAN_POINT ( 'NONE',  ( 5.924599938756993300E-016, 8.850347223185723400, 3.225201989058902100 ) ) ;
#4245 = CARTESIAN_POINT ( 'NONE',  ( 2.734598471358014000, 2.829446573492168300, -0.2986458422351488400 ) ) ;
#4246 = PRODUCT_DEFINITION_SHAPE ( 'NONE', 'NONE',  #712 ) ;
#4247 = DIRECTION ( 'NONE',  ( 0.0000000000000000000, 0.0000000000000000000, -1.000000000000000000 ) ) ;
#4248 = ADVANCED_FACE ( 'NONE', ( #3316 ), #4979, .F. ) ;
#4249 = EDGE_CURVE ( 'NONE', #4646, #3315, #2946, .T. ) ;
#4250 = VERTEX_POINT ( 'NONE', #3659 ) ;
#4251 = CARTESIAN_POINT ( 'NONE',  ( 0.0000000000000000000, 0.0000000000000000000, 0.0000000000000000000 ) ) ;
#4252 = DIRECTION ( 'NONE',  ( -0.0000000000000000000, -1.000000000000000000, -0.0000000000000000000 ) ) ;
#4253 = CARTESIAN_POINT ( 'NONE',  ( 2.793106854861110700, 5.322569445407947500, -3.420569369482190000E-016 ) ) ;
#4254 = DIRECTION ( 'NONE',  ( 0.0000000000000000000, 1.000000000000000000, 0.0000000000000000000 ) ) ;
#4255 = CARTESIAN_POINT ( 'NONE',  ( -2.039999999999998700, -4.129999999999999900, 2.039999999999999100 ) ) ;
#4256 = ORIENTED_EDGE ( 'NONE', *, *, #3510, .F. ) ;
#4257 = CARTESIAN_POINT ( 'NONE',  ( -0.3672374856732000800, 4.462609072189722200, -3.096186655519026500 ) ) ;
#4258 = AXIS2_PLACEMENT_3D ( 'NONE', #3294, #4907, #31 ) ;
#4259 = VERTEX_POINT ( 'NONE', #3181 ) ;
#4260 = CARTESIAN_POINT ( 'NONE',  ( -1.396553427430553300, 8.613398149111649400, 2.418901491794178200 ) ) ;
#4261 = CARTESIAN_POINT ( 'NONE',  ( 2.749913118203503700, 2.629845745185723800, -0.09991231245029111300 ) ) ;
#4262 = CARTESIAN_POINT ( 'NONE',  ( -3.175000000000999500, 4.602314814815392700, -1.833087104677638500 ) ) ;
#4263 = CARTESIAN_POINT ( 'NONE',  ( 0.4717840607735703800, 8.802396902521437000, -0.1016000000000000100 ) ) ;
#4264 = CARTESIAN_POINT ( 'NONE',  ( 2.793106854861110700, 3.911458334296836500, -3.420569369482190000E-016 ) ) ;
#4265 = AXIS2_PLACEMENT_3D ( 'NONE', #1710, #2170, #2565 ) ;
#4266 = VERTEX_POINT ( 'NONE', #3622 ) ;
#4267 = CARTESIAN_POINT ( 'NONE',  ( -0.3150975888422739600, 3.001068826507606400, -2.697642696561279400 ) ) ;
#4268 = VECTOR ( 'NONE', #864, 1000.000000000000000 ) ;
#4269 = PLANE ( 'NONE',  #5181 ) ;
#4270 = DIRECTION ( 'NONE',  ( 0.0000000000000000000, -1.000000000000000000, 0.0000000000000000000 ) ) ;
#4271 = CARTESIAN_POINT ( 'NONE',  ( 0.2824184657896721700, 3.167196111375425000, -2.702519219310487200 ) ) ;
#4272 = VERTEX_POINT ( 'NONE', #428 ) ;
#4273 = ORIENTED_EDGE ( 'NONE', *, *, #750, .T. ) ;
#4274 = CARTESIAN_POINT ( 'NONE',  ( -1.396553427430553300, 7.202287038000539700, 2.418901491794178200 ) ) ;
#4275 = LINE ( 'NONE', #4120, #3387 ) ;
#4276 = EDGE_CURVE ( 'NONE', #3245, #5201, #2256, .T. ) ;
#4277 = EDGE_LOOP ( 'NONE', ( #2665, #1277, #1855, #1184 ) ) ;
#4278 = SPHERICAL_SURFACE ( 'NONE', #2679, 0.3499999999999999800 ) ;
#4279 = FACE_OUTER_BOUND ( 'NONE', #1821, .T. ) ;
#4280 = CARTESIAN_POINT ( 'NONE',  ( 5.287301957201986300E-015, 7.306944444444444500, -3.174999999999998900 ) ) ;
#4281 = CARTESIAN_POINT ( 'NONE',  ( 0.0000000000000000000, 0.5000000000000000000, 0.0000000000000000000 ) ) ;
#4282 = CARTESIAN_POINT ( 'NONE',  ( 1.396553427430554700, 3.323495371333873300, -2.418901491794177300 ) ) ;
#4283 = CARTESIAN_POINT ( 'NONE',  ( -0.3150941848614150500, 3.001781369355274600, -2.697643154656390200 ) ) ;
#4284 = CARTESIAN_POINT ( 'NONE',  ( -2.303122962468806500, 4.174935483064333000, -1.667207899654582300 ) ) ;
#4285 = CARTESIAN_POINT ( 'NONE',  ( -2.793106854861111100, 5.616550926889429400, -1.612600994529450800 ) ) ;
#4286 = CIRCLE ( 'NONE', #3614, 2.299999999999999800 ) ;
#4287 = CARTESIAN_POINT ( 'NONE',  ( 7.776507174585692900E-017, 7.440000000000002200, 0.6350000000000000100 ) ) ;
#4288 = EDGE_CURVE ( 'NONE', #2815, #1971, #3902, .T. ) ;
#4289 = CIRCLE ( 'NONE', #800, 0.6350000000000000100 ) ;
#4290 =( NAMED_UNIT ( * ) SI_UNIT ( $, .STERADIAN. ) SOLID_ANGLE_UNIT ( ) );
#4291 = CARTESIAN_POINT ( 'NONE',  ( -3.040000000000000500, 1.600000000000000100, 2.825048672147083600 ) ) ;
#4292 = VECTOR ( 'NONE', #220, 1000.000000000000000 ) ;
#4293 = CARTESIAN_POINT ( 'NONE',  ( 0.1920104674178920400, 2.669343211099891400, -2.744129689651053200 ) ) ;
#4294 = CARTESIAN_POINT ( 'NONE',  ( 5.924599938756993300E-016, 5.849972223185727000, 3.225201989058902100 ) ) ;
#4295 = CARTESIAN_POINT ( 'NONE',  ( -2.793106854861110700, 7.909606482444984500, -1.612600994529450800 ) ) ;
#4296 = DIRECTION ( 'NONE',  ( 0.0000000000000000000, 0.0000000000000000000, -1.000000000000000000 ) ) ;
#4297 = B_SPLINE_CURVE_WITH_KNOTS ( 'NONE', 3,
 ( #1751, #4574, #909, #4136, #98, #4522, #3343, #4540 ),
 .UNSPECIFIED., .F., .F.,
 ( 4, 2, 2, 4 ),
 ( 0.0000000000000000000, 0.0007402900500713724000, 0.001110435075107058500, 0.001480580100142744800 ),
 .UNSPECIFIED. ) ;
#4298 = ORIENTED_EDGE ( 'NONE', *, *, #2998, .T. ) ;
#4299 = AXIS2_PLACEMENT_3D ( 'NONE', #1927, #5119, #4765 ) ;
#4300 = ADVANCED_FACE ( 'NONE', ( #1624 ), #835, .F. ) ;
#4301 = VERTEX_POINT ( 'NONE', #5251 ) ;
#4302 =( BOUNDED_CURVE ( )  B_SPLINE_CURVE ( 2, ( #3887, #1480, #1883, #4710, #5129, #272, #3089, #689, #1092 ),
 .UNSPECIFIED., .F., .F. ) 
 B_SPLINE_CURVE_WITH_KNOTS ( ( 3, 2, 2, 2, 3 ),
 ( 0.05186555266357497500, 0.05352369629871121100, 0.05683998356904417700, 0.06015627083937714900, 0.06181441447454362500 ),
 .UNSPECIFIED. ) 
 CURVE ( )  GEOMETRIC_REPRESENTATION_ITEM ( )  RATIONAL_B_SPLINE_CURVE ( ( 0.9330127018922194100, 0.9330127018934415400, 1.000000000000000000, 0.8660254037844387100, 1.000000000000000000, 0.8660254037844387100, 1.000000000000000000, 0.9330127018922196300, 0.9330127018922194100 ) ) 
 REPRESENTATION_ITEM ( '' )  );
#4303 = CARTESIAN_POINT ( 'NONE',  ( 3.039999999999999600, -4.129999999999999900, -2.825048672147085300 ) ) ;
#4304 = CARTESIAN_POINT ( 'NONE',  ( -2.793106854861110700, 3.558680556519059100, 0.0000000000000000000 ) ) ;
#4305 = ORIENTED_EDGE ( 'NONE', *, *, #2368, .T. ) ;
#4306 = CARTESIAN_POINT ( 'NONE',  ( 3.175000000000046000, 7.277546298223275500, -1.833087104677089800 ) ) ;
#4307 = CARTESIAN_POINT ( 'NONE',  ( 0.0000000000000000000, 6.383128419472075000, 0.0000000000000000000 ) ) ;
#4308 = CARTESIAN_POINT ( 'NONE',  ( 6.734652765903158200E-016, 6.248611111111112700, 3.666174209354123200 ) ) ;
#4309 = CARTESIAN_POINT ( 'NONE',  ( 3.367778697655221000E-016, 0.0000000000000000000, 2.750000000000000000 ) ) ;
#4310 = CARTESIAN_POINT ( 'NONE',  ( -0.3150919155356556300, 3.002137639033552100, -2.697643460049961500 ) ) ;
#4311 = CARTESIAN_POINT ( 'NONE',  ( -2.793106854861110200, 5.732379630593134000, 1.612600994529452600 ) ) ;
#4312 = CARTESIAN_POINT ( 'NONE',  ( 2.793106854861110200, 8.379976852815355300, -1.612600994529452200 ) ) ;
#4313 = DIRECTION ( 'NONE',  ( 0.0000000000000000000, 1.000000000000000000, 0.0000000000000000000 ) ) ;
#4314 = ORIENTED_EDGE ( 'NONE', *, *, #5047, .T. ) ;
#4315 = EDGE_CURVE ( 'NONE', #1571, #4372, #1656, .T. ) ;
#4316 = ORIENTED_EDGE ( 'NONE', *, *, #4351, .T. ) ;
#4317 = CARTESIAN_POINT ( 'NONE',  ( 2.793106854861110700, 6.263310186148689100, -1.612600994529452200 ) ) ;
#4318 = EDGE_CURVE ( 'NONE', #5061, #4741, #435, .T. ) ;
#4319 = CARTESIAN_POINT ( 'NONE',  ( -3.178818931451388600, 8.980434029714418300, 0.0000000000000000000 ) ) ;
#4320 = ORIENTED_EDGE ( 'NONE', *, *, #3930, .F. ) ;
#4321 = CARTESIAN_POINT ( 'NONE',  ( 5.924599938756992300E-016, 7.968402778741280600, 3.225201989058902500 ) ) ;
#4322 = CARTESIAN_POINT ( 'NONE',  ( -3.174999999999999800, 6.013425925925926800, -1.833087104677061400 ) ) ;
#4323 =( NAMED_UNIT ( * ) SI_UNIT ( $, .STERADIAN. ) SOLID_ANGLE_UNIT ( ) );
#4324 = CARTESIAN_POINT ( 'NONE',  ( -2.039999999999998700, 0.0000000000000000000, -3.039999999999999600 ) ) ;
#4325 = ORIENTED_EDGE ( 'NONE', *, *, #4568, .F. ) ;
#4326 = CARTESIAN_POINT ( 'NONE',  ( 0.3667740874847769700, 2.997624060207222400, -2.725431483040750900 ) ) ;
#4327 = AXIS2_PLACEMENT_3D ( 'NONE', #69, #494, #3705 ) ;
#4328 = AXIS2_PLACEMENT_3D ( 'NONE', #9, #2051, #3697 ) ;
#4329 = CIRCLE ( 'NONE', #1917, 0.6350000000000000100 ) ;
#4330 = CARTESIAN_POINT ( 'NONE',  ( -1.974866646252330800E-016, 6.202750000963503900, -3.225201989058902100 ) ) ;
#4331 = B_SPLINE_CURVE_WITH_KNOTS ( 'NONE', 3,
 ( #732, #3899, #3109, #3875 ),
 .UNSPECIFIED., .F., .F.,
 ( 4, 4 ),
 ( 0.0000000000000000000, 0.0001427629685589020800 ),
 .UNSPECIFIED. ) ;
#4332 = CIRCLE ( 'NONE', #104, 2.279999999999999800 ) ;
#4333 = CARTESIAN_POINT ( 'NONE',  ( -2.718797761166939600, 3.324825773792292200, 0.08192297340082822800 ) ) ;
#4334 = CARTESIAN_POINT ( 'NONE',  ( -1.396553427430553300, 5.263773149111652400, 2.418901491794178200 ) ) ;
#4335 =( GEOMETRIC_REPRESENTATION_CONTEXT ( 3 ) GLOBAL_UNCERTAINTY_ASSIGNED_CONTEXT ( ( #1889 ) ) GLOBAL_UNIT_ASSIGNED_CONTEXT ( ( #4239, #2640, #1799 ) ) REPRESENTATION_CONTEXT ( 'NONE', 'WORKASPACE' ) );
#4336 = CARTESIAN_POINT ( 'NONE',  ( 1.589409465725695900, 5.687841437121825500, 2.752937948667805800 ) ) ;
#4337 = CARTESIAN_POINT ( 'NONE',  ( 7.776507174585692900E-017, 4.770000000000001400, 0.6350000000000000100 ) ) ;
#4338 = CIRCLE ( 'NONE', #4922, 0.04999999999999999600 ) ;
#4339 = CARTESIAN_POINT ( 'NONE',  ( -1.587500000000000400, 6.660185185185185700, -2.749630657015592400 ) ) ;
#4340 = VERTEX_POINT ( 'NONE', #2419 ) ;
#4341 = CARTESIAN_POINT ( 'NONE',  ( 1.889188122953501900, 4.244756760282063700, -2.208887401597165100 ) ) ;
#4342 = FACE_OUTER_BOUND ( 'NONE', #2443, .T. ) ;
#4343 = CIRCLE ( 'NONE', #4894, 0.4849999999750982400 ) ;
#4344 = CARTESIAN_POINT ( 'NONE',  ( 0.1741987322033992400, 2.700196921253371000, -2.745201315327578100 ) ) ;
#4345 = EDGE_LOOP ( 'NONE', ( #4381, #1791, #2801, #1282 ) ) ;
#4346 = CARTESIAN_POINT ( 'NONE',  ( -2.793106854861111100, 8.438773149111652200, -1.612600994529450800 ) ) ;
#4347 = CARTESIAN_POINT ( 'NONE',  ( 1.396553427430556700, 6.792476852815355000, 2.418901491794176500 ) ) ;
#4348 = EDGE_CURVE ( 'NONE', #2552, #660, #1192, .T. ) ;
#4349 = LINE ( 'NONE', #4080, #449 ) ;
#4350 = CARTESIAN_POINT ( 'NONE',  ( 3.367778697655221000E-016, 0.0000000000000000000, 2.750000000000000000 ) ) ;
#4351 = EDGE_CURVE ( 'NONE', #5061, #1408, #4597, .T. ) ;
#4352 = EDGE_CURVE ( 'NONE', #4266, #358, #3577, .T. ) ;
#4353 = VECTOR ( 'NONE', #4627, 1000.000000000000000 ) ;
#4354 = DIRECTION ( 'NONE',  ( 0.0000000000000000000, -0.006194679779830681600, -0.9999808127871381300 ) ) ;
#4355 = CARTESIAN_POINT ( 'NONE',  ( 2.793106854861110700, 4.852199075037576700, -1.612600994529452200 ) ) ;
#4356 = CARTESIAN_POINT ( 'NONE',  ( 3.178818931451388200, 6.569785881566270200, -1.835291965778538900 ) ) ;
#4357 = CARTESIAN_POINT ( 'NONE',  ( -2.793106854861109800, 8.525098134302153200, 0.7550269980472473800 ) ) ;
#4358 = CARTESIAN_POINT ( 'NONE',  ( 0.0000000000000000000, 0.5000000000000004400, 0.0000000000000000000 ) ) ;
#4359 = CARTESIAN_POINT ( 'NONE',  ( -3.174999999999999800, 5.307870370370371100, -1.833087104677061400 ) ) ;
#4360 = EDGE_CURVE ( 'NONE', #3581, #5152, #1721, .T. ) ;
#4361 = EDGE_LOOP ( 'NONE', ( #884, #2691, #84 ) ) ;
#4362 = AXIS2_PLACEMENT_3D ( 'NONE', #5017, #2563, #156 ) ;
#4363 = CARTESIAN_POINT ( 'NONE',  ( -0.5736725546860332900, 7.440000000000002200, 0.1016000000000000100 ) ) ;
#4364 = ORIENTED_EDGE ( 'NONE', *, *, #3780, .F. ) ;
#4365 = CARTESIAN_POINT ( 'NONE',  ( 0.2833528547633452600, 3.165610529433993600, -2.702402810281074900 ) ) ;
#4366 = ORIENTED_EDGE ( 'NONE', *, *, #1662, .F. ) ;
#4367 = CARTESIAN_POINT ( 'NONE',  ( 1.396553427430554700, 8.262384260222763300, -2.418901491794177300 ) ) ;
#4368 = CARTESIAN_POINT ( 'NONE',  ( -1.396553427430553300, 7.380439815778317800, 2.418901491794178200 ) ) ;
#4369 = CARTESIAN_POINT ( 'NONE',  ( 2.210156152711041600, 8.353886283584214900, 2.031931365289712000 ) ) ;
#4370 =( BOUNDED_CURVE ( )  B_SPLINE_CURVE ( 2, ( #71, #3282, #2465, #2845, #461, #2915, #51, #3261, #512 ),
 .UNSPECIFIED., .F., .F. ) 
 B_SPLINE_CURVE_WITH_KNOTS ( ( 3, 2, 2, 2, 3 ),
 ( 0.08414748346356565300, 0.08580533219878602700, 0.08912102966922673400, 0.09243672713966742700, 0.09409457587488871700 ),
 .UNSPECIFIED. ) 
 CURVE ( )  GEOMETRIC_REPRESENTATION_ITEM ( )  RATIONAL_B_SPLINE_CURVE ( ( 0.9330127018922194100, 0.9330127018922185200, 1.000000000000000000, 0.8660254037844387100, 1.000000000000000000, 0.8660254037844387100, 1.000000000000000000, 0.9330127018921814400, 0.9330127018922194100 ) ) 
 REPRESENTATION_ITEM ( '' )  );
#4371 = CARTESIAN_POINT ( 'NONE',  ( 0.1959596816727348600, 2.671530293052221300, 2.743838513611204900 ) ) ;
#4372 = VERTEX_POINT ( 'NONE', #1619 ) ;
#4373 = CARTESIAN_POINT ( 'NONE',  ( 2.023845554112507400E-011, 5.631250001927755400, 3.174999999999998900 ) ) ;
#4374 = CARTESIAN_POINT ( 'NONE',  ( 0.0000000000000000000, 4.670000000000001700, 0.0000000000000000000 ) ) ;
#4375 = CARTESIAN_POINT ( 'NONE',  ( 1.396553427430556700, 5.381365741704243500, 2.418901491794176500 ) ) ;
#4376 = CARTESIAN_POINT ( 'NONE',  ( 1.589409465725693600, 6.628582177862567100, -2.752937948667807200 ) ) ;
#4377 = CARTESIAN_POINT ( 'NONE',  ( -2.244884255301052700E-016, 4.484722222222223400, -3.666174209354123200 ) ) ;
#4378 = ORIENTED_EDGE ( 'NONE', *, *, #3540, .T. ) ;
#4379 = CARTESIAN_POINT ( 'NONE',  ( 0.0000000000000000000, -4.129999999999999900, 0.4849999999750982400 ) ) ;
#4380 = CARTESIAN_POINT ( 'NONE',  ( 2.697643121576349200, 2.998267540516768500, 0.3150944306706333100 ) ) ;
#4381 = ORIENTED_EDGE ( 'NONE', *, *, #4249, .T. ) ;
#4382 = CARTESIAN_POINT ( 'NONE',  ( 5.924599938756993300E-016, 3.027750000963503200, 3.225201989058902100 ) ) ;
#4383 = CARTESIAN_POINT ( 'NONE',  ( -2.793106854861110700, 7.204050926889429700, -1.612600994529450800 ) ) ;
#4384 = CARTESIAN_POINT ( 'NONE',  ( 2.652946273307155600, 8.437741493629843600, -1.216690783479773600 ) ) ;
#4385 = ORIENTED_EDGE ( 'NONE', *, *, #1926, .T. ) ;
#4386 = CARTESIAN_POINT ( 'NONE',  ( 0.3150987235112751600, 3.000000000000000400, 2.697642543859650300 ) ) ;
#4387 = VERTEX_POINT ( 'NONE', #1274 ) ;
#4388 = DIRECTION ( 'NONE',  ( 0.0000000000000000000, 0.0000000000000000000, -1.000000000000000000 ) ) ;
#4389 = CARTESIAN_POINT ( 'NONE',  ( -2.713728062832659200, 3.289629710262989000, 0.1648036405449663000 ) ) ;
#4390 = CARTESIAN_POINT ( 'NONE',  ( 1.396553427430554700, 5.616550926889429400, -2.418901491794177300 ) ) ;
#4391 = EDGE_CURVE ( 'NONE', #1640, #5152, #2863, .T. ) ;
#4392 = CARTESIAN_POINT ( 'NONE',  ( -3.178818931451388600, 6.158211807492195400, 0.0000000000000000000 ) ) ;
#4393 = CONICAL_SURFACE ( 'NONE', #2987, 0.4825999999999999200, 0.7853981633974472800 ) ;
#4394 = EDGE_LOOP ( 'NONE', ( #2542, #1297 ) ) ;
#4395 = CARTESIAN_POINT ( 'NONE',  ( -2.793106854861110200, 4.499421297259800700, 1.612600994529452600 ) ) ;
#4396 = CARTESIAN_POINT ( 'NONE',  ( -4.067155351693835700E-016, 8.012500000000001100, -3.175000000000000700 ) ) ;
#4397 = CARTESIAN_POINT ( 'NONE',  ( 2.730263959453998800, 2.997850539453667600, 0.3308648348763486600 ) ) ;
#4398 = CARTESIAN_POINT ( 'NONE',  ( 0.0000000000000000000, 8.599999999999999600, 0.0000000000000000000 ) ) ;
#4399 = CARTESIAN_POINT ( 'NONE',  ( 5.924599938756993300E-016, 3.735069445407948500, 3.225201989058902100 ) ) ;
#4400 = ORIENTED_EDGE ( 'NONE', *, *, #3510, .T. ) ;
#4401 = CYLINDRICAL_SURFACE ( 'NONE', #3797, 4.150000000000001200 ) ;
#4402 = CARTESIAN_POINT ( 'NONE',  ( 0.0000000000000000000, 7.620000000000002800, -2.299999999999999400 ) ) ;
#4403 = CARTESIAN_POINT ( 'NONE',  ( -0.6503186963367703100, 2.702351290828835000, -2.716345246073660100 ) ) ;
#4404 = VERTEX_POINT ( 'NONE', #806 ) ;
#4405 = CARTESIAN_POINT ( 'NONE',  ( 2.793106854861110700, 5.498958334296836400, -3.420569369482190000E-016 ) ) ;
#4406 = FACE_OUTER_BOUND ( 'NONE', #3388, .T. ) ;
#4407 = ORIENTED_EDGE ( 'NONE', *, *, #4600, .T. ) ;
#4408 = ORIENTED_EDGE ( 'NONE', *, *, #189, .F. ) ;
#4409 = LINE ( 'NONE', #4542, #2326 ) ;
#4410 = CARTESIAN_POINT ( 'NONE',  ( -0.4717840607735703800, 8.802396902521437000, -0.1016000000000000100 ) ) ;
#4411 = CARTESIAN_POINT ( 'NONE',  ( -2.793106854861110200, 8.028980602815353900, 1.612600994529452600 ) ) ;
#4412 = CARTESIAN_POINT ( 'NONE',  ( -1.589409465725691900, 2.748026622307011100, 2.752937948667808100 ) ) ;
#4413 = LINE ( 'NONE', #1361, #1141 ) ;
#4414 = CARTESIAN_POINT ( 'NONE',  ( 5.924599938756993300E-016, 3.911458334296837000, 3.225201989058902100 ) ) ;
#4415 = LINE ( 'NONE', #2259, #1708 ) ;
#4416 = DIRECTION ( 'NONE',  ( -0.0000000000000000000, -1.000000000000000000, -0.0000000000000000000 ) ) ;
#4417 = CARTESIAN_POINT ( 'NONE',  ( -2.793106854861110700, 2.853125000963503400, 0.0000000000000000000 ) ) ;
#4418 = VECTOR ( 'NONE', #4983, 1000.000000000000000 ) ;
#4419 = PLANE ( 'NONE',  #4226 ) ;
#4420 = CARTESIAN_POINT ( 'NONE',  ( 2.793106854861110700, 4.615250000963503600, -3.420569369482190000E-016 ) ) ;
#4421 = CARTESIAN_POINT ( 'NONE',  ( 2.793106854861110700, 7.615625000963503600, -3.420569369482190000E-016 ) ) ;
#4422 = CARTESIAN_POINT ( 'NONE',  ( 2.793106854861110700, 3.911458334296836500, -3.420569369482190000E-016 ) ) ;
#4423 = EDGE_CURVE ( 'NONE', #2379, #4852, #302, .T. ) ;
#4424 = LINE ( 'NONE', #4201, #4353 ) ;
#4425 = EDGE_CURVE ( 'NONE', #1242, #1764, #567, .T. ) ;
#4426 = CARTESIAN_POINT ( 'NONE',  ( 1.396553427430554700, 9.146110232444984300, -2.418901491794177300 ) ) ;
#4427 = ORIENTED_EDGE ( 'NONE', *, *, #1522, .F. ) ;
#4428 = CARTESIAN_POINT ( 'NONE',  ( 1.587499999999999200, 7.336342594519597200, -2.749630657015592800 ) ) ;
#4429 = VERTEX_POINT ( 'NONE', #2487 ) ;
#4430 = CARTESIAN_POINT ( 'NONE',  ( 2.793106854861110700, 6.968865741704243900, -1.612600994529452200 ) ) ;
#4431 = CARTESIAN_POINT ( 'NONE',  ( -2.731300420485038800, 2.806256251493461000, -0.3272824258659053400 ) ) ;
#4432 = ORIENTED_EDGE ( 'NONE', *, *, #2190, .T. ) ;
#4433 = CARTESIAN_POINT ( 'NONE',  ( 2.725515990544581200, 3.099170666430420600, -0.3661461268604079800 ) ) ;
#4434 = AXIS2_PLACEMENT_3D ( 'NONE', #4374, #1964, #3942 ) ;
#4435 = AXIS2_PLACEMENT_3D ( 'NONE', #2423, #475, #826 ) ;
#4436 = CARTESIAN_POINT ( 'NONE',  ( 2.697642543859648500, 2.999653505395890400, 0.3150987235112846500 ) ) ;
#4437 = CARTESIAN_POINT ( 'NONE',  ( -2.793106854861111100, 7.027662038000540800, -1.612600994529450800 ) ) ;
#4438 = CARTESIAN_POINT ( 'NONE',  ( 0.0000000000000000000, 0.2000000000000000100, 0.0000000000000000000 ) ) ;
#4439 = CARTESIAN_POINT ( 'NONE',  ( 2.854104043068667700, 8.423284003686863000, -0.6758456666215941800 ) ) ;
#4440 = STYLED_ITEM ( 'NONE', ( #1557 ), #5102 ) ;
#4441 = DIRECTION ( 'NONE',  ( -0.0000000000000000000, -1.000000000000000000, -0.0000000000000000000 ) ) ;
#4442 = CARTESIAN_POINT ( 'NONE',  ( 5.924599938756993300E-016, 8.146573195407947700, 3.225201989058902100 ) ) ;
#4443 = DIRECTION ( 'NONE',  ( 0.0000000000000000000, 0.0000000000000000000, 1.000000000000000000 ) ) ;
#4444 = CARTESIAN_POINT ( 'NONE',  ( -2.247584431391540000E-016, 7.309149305545921600, -3.670583931557075200 ) ) ;
#4445 = CARTESIAN_POINT ( 'NONE',  ( 6.734652765903158200E-016, 7.042361113038117200, 3.666174209354123200 ) ) ;
#4446 = ORIENTED_EDGE ( 'NONE', *, *, #3748, .F. ) ;
#4447 = CARTESIAN_POINT ( 'NONE',  ( 2.793106854861111500, 6.851273149111651000, 1.612600994529450200 ) ) ;
#4448 = DIRECTION ( 'NONE',  ( -0.0000000000000000000, -1.000000000000000000, -0.0000000000000000000 ) ) ;
#4449 = CARTESIAN_POINT ( 'NONE',  ( 2.725431540799078300, 3.002443016035510700, -0.3667736582951236500 ) ) ;
#4450 = CARTESIAN_POINT ( 'NONE',  ( -0.3314250551583710600, 2.914798146740650100, -2.730196970682222000 ) ) ;
#4451 = EDGE_LOOP ( 'NONE', ( #3055, #2889, #2290, #4479 ) ) ;
#4452 = EDGE_CURVE ( 'NONE', #490, #4947, #795, .T. ) ;
#4453 = CARTESIAN_POINT ( 'NONE',  ( -2.744234854729882000, 2.668516873495785400, -0.1906034099075886400 ) ) ;
#4454 = CARTESIAN_POINT ( 'NONE',  ( 2.793106854861111500, 7.380439815778317800, 1.612600994529450200 ) ) ;
#4455 = ORIENTED_EDGE ( 'NONE', *, *, #5265, .T. ) ;
#4456 = CARTESIAN_POINT ( 'NONE',  ( 0.1655363980149761300, 2.711078805617734800, -2.713660721199267800 ) ) ;
#4457 = CARTESIAN_POINT ( 'NONE',  ( 2.725348722510357600, 3.095092443928611800, 0.3673890659218747000 ) ) ;
#4458 = CARTESIAN_POINT ( 'NONE',  ( -2.793106854861111100, 7.911388010222760900, -1.612600994529450800 ) ) ;
#4459 = EDGE_CURVE ( 'NONE', #41, #4088, #3129, .T. ) ;
#4460 = CARTESIAN_POINT ( 'NONE',  ( -3.178818931451388200, 7.544334490731107400, 1.835291965778539400 ) ) ;
#4461 = CARTESIAN_POINT ( 'NONE',  ( -0.7401341199634139400, 2.481424583288141400, -3.091454557877202800 ) ) ;
#4462 = AXIS2_PLACEMENT_3D ( 'NONE', #812, #4137, #4942 ) ;
#4463 = ORIENTED_EDGE ( 'NONE', *, *, #3882, .F. ) ;
#4464 = FACE_OUTER_BOUND ( 'NONE', #2614, .T. ) ;
#4465 = CARTESIAN_POINT ( 'NONE',  ( -1.396553427430553300, 5.263773149111652400, 2.418901491794178200 ) ) ;
#4466 =( BOUNDED_SURFACE ( )  B_SPLINE_SURFACE ( 3, 2, ( 
 ( #1321, #3673, #1268 ),
 ( #2441, #2497, #2484 ),
 ( #4546, #495, #896 ),
 ( #4077, #16, #3242 ),
 ( #4197, #965, #981 ),
 ( #1337, #3796, #1390 ),
 ( #4142, #1780, #550 ),
 ( #1407, #1353, #2966 ),
 ( #1797, #3365, #4621 ),
 ( #139, #948, #4160 ) ),
 .UNSPECIFIED., .F., .F., .F. ) 
 B_SPLINE_SURFACE_WITH_KNOTS ( ( 4, 2, 2, 2, 4 ),
 ( 3, 3 ),
 ( 0.0000000000000000000, 0.0002859050886943505600, 0.0005718101773887011300, 0.0008577152660830516400, 0.001143620354777402300 ),
 ( 0.0000000000000000000, 1.000000000000000000 ),
 .UNSPECIFIED. ) 
 GEOMETRIC_REPRESENTATION_ITEM ( )  RATIONAL_B_SPLINE_SURFACE ( (
 ( 1.000000000000000000, 0.8097361317306176500, 1.000000000000000000),
 ( 1.000000000000000000, 0.8094476173959038700, 1.000000000000000000),
 ( 1.000000000000000000, 0.8141714793988243900, 1.000000000000000000),
 ( 1.000000000000000000, 0.8243118371003921300, 1.000000000000000000),
 ( 1.000000000000000000, 0.8290773132979587500, 1.000000000000000000),
 ( 1.000000000000000000, 0.8292328263518722300, 1.000000000000000000),
 ( 1.000000000000000000, 0.8246374382476364700, 1.000000000000000000),
 ( 1.000000000000000000, 0.8143856057759970600, 1.000000000000000000),
 ( 1.000000000000000000, 0.8096332840004163400, 1.000000000000000000),
 ( 1.000000000000000000, 0.8097361779316844000, 1.000000000000000000) ) ) 
 REPRESENTATION_ITEM ( '' )  SURFACE ( )  );
#4467 = CARTESIAN_POINT ( 'NONE',  ( -2.743838513611203100, 2.671530293052220900, 0.1959596816727552900 ) ) ;
#4468 = VERTEX_POINT ( 'NONE', #110 ) ;
#4469 = CARTESIAN_POINT ( 'NONE',  ( -2.713556586326117100, 2.711803264060453200, 0.1670203789153371100 ) ) ;
#4470 = EDGE_LOOP ( 'NONE', ( #2808, #1564, #2648, #4698, #611 ) ) ;
#4471 = CYLINDRICAL_SURFACE ( 'NONE', #1125, 4.150000000000001200 ) ;
#4472 = CARTESIAN_POINT ( 'NONE',  ( -0.09674399875365261000, 3.370809924360721700, 2.749999999999997300 ) ) ;
#4473 = AXIS2_PLACEMENT_3D ( 'NONE', #3336, #913, #3732 ) ;
#4474 = CARTESIAN_POINT ( 'NONE',  ( -1.396553427430553300, 5.792939815778318300, 2.418901491794178200 ) ) ;
#4475 = VECTOR ( 'NONE', #313, 1000.000000000000000 ) ;
#4476 = CARTESIAN_POINT ( 'NONE',  ( 0.0000000000000000000, 0.5000000000000000000, -0.6350000000000000100 ) ) ;
#4477 = ORIENTED_EDGE ( 'NONE', *, *, #2462, .F. ) ;
#4478 = VECTOR ( 'NONE', #2729, 999.9999999999998900 ) ;
#4479 = ORIENTED_EDGE ( 'NONE', *, *, #374, .F. ) ;
#4480 = CARTESIAN_POINT ( 'NONE',  ( 2.039999999999999600, 0.0000000000000000000, -3.040000000000000500 ) ) ;
#4481 = CARTESIAN_POINT ( 'NONE',  ( -1.974866646252330800E-016, 3.558680556519059100, -3.225201989058902100 ) ) ;
#4482 = CARTESIAN_POINT ( 'NONE',  ( 0.0000000000000000000, 4.525000000000001200, 0.0000000000000000000 ) ) ;
#4483 = LINE ( 'NONE', #2681, #1834 ) ;
#4484 = CARTESIAN_POINT ( 'NONE',  ( 6.742753294174620500E-016, 8.367482638879256000, 3.670583931557075200 ) ) ;
#4485 = CARTESIAN_POINT ( 'NONE',  ( 3.174999999999998900, 7.983101853778857800, -1.833087104677063200 ) ) ;
#4486 = CARTESIAN_POINT ( 'NONE',  ( 1.587500000000001500, 9.129629629629629800, 2.749630657015591500 ) ) ;
#4487 = DIRECTION ( 'NONE',  ( 0.006194677627279507000, -0.9999804653102517500, 0.0008336467998354418600 ) ) ;
#4488 = DIRECTION ( 'NONE',  ( -0.0000000000000000000, -1.000000000000000000, -0.0000000000000000000 ) ) ;
#4489 = CARTESIAN_POINT ( 'NONE',  ( -2.718785786688882900, 2.675266262614601800, -0.08253476684301824800 ) ) ;
#4490 = DIRECTION ( 'NONE',  ( 0.0000000000000000000, 0.0000000000000000000, -1.000000000000000000 ) ) ;
#4491 = ORIENTED_EDGE ( 'NONE', *, *, #189, .T. ) ;
#4492 = B_SPLINE_CURVE_WITH_KNOTS ( 'NONE', 3,
 ( #1652, #3709, #1303, #1287, #4472, #4509 ),
 .UNSPECIFIED., .F., .F.,
 ( 4, 2, 4 ),
 ( 0.002306455155670877500, 0.002596396422190854300, 0.002886337688710830700 ),
 .UNSPECIFIED. ) ;
#4493 = EDGE_CURVE ( 'NONE', #41, #1869, #2428, .T. ) ;
#4494 = EDGE_CURVE ( 'NONE', #5118, #4088, #4106, .T. ) ;
#4495 = ORIENTED_EDGE ( 'NONE', *, *, #4425, .T. ) ;
#4496 = ORIENTED_EDGE ( 'NONE', *, *, #852, .T. ) ;
#4497 = DIRECTION ( 'NONE',  ( -0.0000000000000000000, -1.000000000000000000, -0.0000000000000000000 ) ) ;
#4498 = CARTESIAN_POINT ( 'NONE',  ( 2.793106854861110700, 4.148425047259800100, -1.612600994529452200 ) ) ;
#4499 = ADVANCED_FACE ( 'NONE', ( #97, #929 ), #2522, .F. ) ;
#4500 = DIRECTION ( 'NONE',  ( -0.0000000000000000000, 1.000000000000000000, -0.0000000000000000000 ) ) ;
#4501 = CARTESIAN_POINT ( 'NONE',  ( 3.178818931451389900, 9.190630787027402000, 1.835291965778536500 ) ) ;
#4502 = CARTESIAN_POINT ( 'NONE',  ( -1.587499999999997500, 3.455787038964043000, 2.749630657015593700 ) ) ;
#4503 = CARTESIAN_POINT ( 'NONE',  ( 3.174999999999998900, 9.306018518518518700, -1.833087104677063200 ) ) ;
#4504 = CARTESIAN_POINT ( 'NONE',  ( -2.718675347363460400, 2.676115002977288000, 0.08583375948351644500 ) ) ;
#4505 = CARTESIAN_POINT ( 'NONE',  ( -0.09583351638558337800, 3.370809924360830900, -2.750000000000013800 ) ) ;
#4506 = AXIS2_PLACEMENT_3D ( 'NONE', #766, #3984, #1566 ) ;
#4507 = CARTESIAN_POINT ( 'NONE',  ( -0.8507386859789888300, 5.927342173554782400, -3.174999999994129400 ) ) ;
#4508 = AXIS2_PLACEMENT_3D ( 'NONE', #4723, #2293, #1872 ) ;
#4509 = CARTESIAN_POINT ( 'NONE',  ( -1.278714224939198400E-014, 3.370809924354782900, 2.750000000000000000 ) ) ;
#4510 = VERTEX_POINT ( 'NONE', #968 ) ;
#4511 = CARTESIAN_POINT ( 'NONE',  ( 3.888253587292846100E-016, 0.0000000000000000000, 3.174999999999999800 ) ) ;
#4512 = CARTESIAN_POINT ( 'NONE',  ( -2.526243824041454000E-011, 4.925694446370513900, 3.174999999999998900 ) ) ;
#4513 =( GEOMETRIC_REPRESENTATION_CONTEXT ( 3 ) GLOBAL_UNCERTAINTY_ASSIGNED_CONTEXT ( ( #2757 ) ) GLOBAL_UNIT_ASSIGNED_CONTEXT ( ( #3888, #5133, #4323 ) ) REPRESENTATION_CONTEXT ( 'NONE', 'WORKASPACE' ) );
#4514 = ORIENTED_EDGE ( 'NONE', *, *, #2464, .T. ) ;
#4515 = CARTESIAN_POINT ( 'NONE',  ( -1.587500000000313200, 7.689120372297012700, 2.749630657016140000 ) ) ;
#4516 = CARTESIAN_POINT ( 'NONE',  ( -1.396553427430553300, 5.265554676889429700, 2.418901491794178200 ) ) ;
#4517 = CARTESIAN_POINT ( 'NONE',  ( 1.587500000000004600, 5.925231483408482300, -2.749630657015602200 ) ) ;
#4518 = CARTESIAN_POINT ( 'NONE',  ( 1.589409465725695900, 9.131834490731105100, 2.752937948667805800 ) ) ;
#4519 = CARTESIAN_POINT ( 'NONE',  ( -3.174999999999999800, 3.338194446371450100, 0.0000000000000000000 ) ) ;
#4520 = EDGE_LOOP ( 'NONE', ( #4514, #4187, #4305, #5169 ) ) ;
#4521 = CARTESIAN_POINT ( 'NONE',  ( -2.793106854861111100, 2.970717593556095900, -1.612600994529450800 ) ) ;
#4522 = CARTESIAN_POINT ( 'NONE',  ( -0.2462710296192382700, 8.525780483649532100, -2.816195789208084700 ) ) ;
#4523 = CARTESIAN_POINT ( 'NONE',  ( 2.985216544710878700E-014, 3.000000000000000000, -2.850000000000000100 ) ) ;
#4524 = CARTESIAN_POINT ( 'NONE',  ( 0.0000000000000000000, 0.0000000000000000000, -2.750000000000000000 ) ) ;
#4525 = COLOUR_RGB ( '',1.000000000000000000, 1.000000000000000000, 1.000000000000000000 ) ;
#4526 = ORIENTED_EDGE ( 'NONE', *, *, #2189, .F. ) ;
#4527 = ADVANCED_FACE ( 'NONE', ( #4464 ), #2322, .F. ) ;
#4528 = EDGE_CURVE ( 'NONE', #902, #3542, #3675, .T. ) ;
#4529 = ORIENTED_EDGE ( 'NONE', *, *, #2530, .F. ) ;
#4530 = CIRCLE ( 'NONE', #3246, 4.150000000000001200 ) ;
#4531 = DIRECTION ( 'NONE',  ( -0.0000000000000000000, -1.000000000000000000, -0.0000000000000000000 ) ) ;
#4532 = LINE ( 'NONE', #3152, #694 ) ;
#4533 = CARTESIAN_POINT ( 'NONE',  ( 2.793106854861110700, 6.970647269482022100, -1.612600994529452200 ) ) ;
#4535 = CARTESIAN_POINT ( 'NONE',  ( 0.6268193041060558000, 8.802396902521437000, -0.1016000000000000100 ) ) ;
#4534 =( BOUNDED_SURFACE ( )  B_SPLINE_SURFACE ( 3, 2, ( 
 ( #3966, #1924, #334 ),
 ( #2745, #4777, #1547 ),
 ( #4365, #1956, #3916 ),
 ( #4791, #1516, #1497 ),
 ( #1079, #5113, #1111 ),
 ( #2675, #2712, #3073 ),
 ( #1892, #5137, #677 ),
 ( #1910, #4763, #3485 ),
 ( #1128, #2692, #3500 ),
 ( #5170, #275, #3094 ) ),
 .UNSPECIFIED., .F., .F., .F. ) 
 B_SPLINE_SURFACE_WITH_KNOTS ( ( 4, 2, 2, 2, 4 ),
 ( 3, 3 ),
 ( 0.0000000000000000000, 0.0002859050886943507300, 0.0005718101773887014500, 0.0008577152660830521800, 0.001143620354777402900 ),
 ( 0.0000000000000000000, 1.000000000000000000 ),
 .UNSPECIFIED. ) 
 GEOMETRIC_REPRESENTATION_ITEM ( )  RATIONAL_B_SPLINE_SURFACE ( (
 ( 1.000000000000000000, 0.8097361317306209800, 1.000000000000000000),
 ( 1.000000000000000000, 0.8094476173959293000, 1.000000000000000000),
 ( 1.000000000000000000, 0.8141714793987888700, 1.000000000000000000),
 ( 1.000000000000000000, 0.8243118371004201100, 1.000000000000000000),
 ( 1.000000000000000000, 0.8290773132979586400, 1.000000000000000000),
 ( 1.000000000000000000, 0.8292328263518721200, 1.000000000000000000),
 ( 1.000000000000000000, 0.8246374382477579300, 1.000000000000000000),
 ( 1.000000000000000000, 0.8143856057758718200, 1.000000000000000000),
 ( 1.000000000000000000, 0.8096332840005082700, 1.000000000000000000),
 ( 1.000000000000000000, 0.8097361779316861700, 1.000000000000000000) ) ) 
 REPRESENTATION_ITEM ( '' )  SURFACE ( )  );
#4536 = CARTESIAN_POINT ( 'NONE',  ( -1.589409465725691900, 4.075353009249625700, 2.752937948667808100 ) ) ;
#4537 = CARTESIAN_POINT ( 'NONE',  ( 3.174999999999998900, 5.160879631556635900, -1.833087104677063200 ) ) ;
#4538 =( GEOMETRIC_REPRESENTATION_CONTEXT ( 3 ) GLOBAL_UNCERTAINTY_ASSIGNED_CONTEXT ( ( #2496 ) ) GLOBAL_UNIT_ASSIGNED_CONTEXT ( ( #542, #1367, #3377 ) ) REPRESENTATION_CONTEXT ( 'NONE', 'WORKASPACE' ) );
#4539 = ORIENTED_EDGE ( 'NONE', *, *, #4974, .F. ) ;
#4540 = CARTESIAN_POINT ( 'NONE',  ( -3.843461807350674400E-013, 8.519283426555960000, -2.830716573444035200 ) ) ;
#4541 = ORIENTED_EDGE ( 'NONE', *, *, #681, .F. ) ;
#4542 = CARTESIAN_POINT ( 'NONE',  ( -2.039999999999998700, -4.129999999999999900, -2.039999999999999100 ) ) ;
#4543 = EDGE_LOOP ( 'NONE', ( #3191, #3291, #4847, #62, #2608, #500, #1997, #701 ) ) ;
#4544 = CONICAL_SURFACE ( 'NONE', #2233, 3.174999999999999400, 0.7853981633974466100 ) ;
#4545 = CYLINDRICAL_SURFACE ( 'NONE', #2713, 1.729999999999999800 ) ;
#4546 = CARTESIAN_POINT ( 'NONE',  ( -0.2833528547633147300, 3.165610529434007800, 2.702402810281080600 ) ) ;
#4547 = AXIS2_PLACEMENT_3D ( 'NONE', #73, #5000, #1759 ) ;
#4548 = CARTESIAN_POINT ( 'NONE',  ( -2.759473120180787800, 8.299525119816570000, -1.312236767529766600 ) ) ;
#4549 = CARTESIAN_POINT ( 'NONE',  ( -3.105418366566518100E-011, 6.336805557481410400, 3.174999999999998900 ) ) ;
#4550 = LINE ( 'NONE', #844, #829 ) ;
#4551 = ORIENTED_EDGE ( 'NONE', *, *, #2969, .T. ) ;
#4552 = CARTESIAN_POINT ( 'NONE',  ( 0.6951542506873864500, 4.349012294108294300, 2.922508696518936000 ) ) ;
#4553 = CARTESIAN_POINT ( 'NONE',  ( -1.396553427430555500, 5.735925047259799600, -2.418901491794176900 ) ) ;
#4554 = ADVANCED_FACE ( 'NONE', ( #369 ), #2384, .F. ) ;
#4555 = FACE_OUTER_BOUND ( 'NONE', #4917, .T. ) ;
#4556 = CARTESIAN_POINT ( 'NONE',  ( 6.742753294174620500E-016, 5.545260416657032300, 3.670583931557075200 ) ) ;
#4557 = CARTESIAN_POINT ( 'NONE',  ( -1.587500000000000400, 3.926157409334413400, -2.749630657015592400 ) ) ;
#4558 = DIRECTION ( 'NONE',  ( -0.0000000000000000000, 1.000000000000000000, -0.0000000000000000000 ) ) ;
#4559 = EDGE_CURVE ( 'NONE', #3236, #1929, #231, .T. ) ;
#4560 = ORIENTED_EDGE ( 'NONE', *, *, #1928, .F. ) ;
#4561 = CARTESIAN_POINT ( 'NONE',  ( -2.697642543859648500, 2.999653505395890400, -0.3150987235112846500 ) ) ;
#4562 = ORIENTED_EDGE ( 'NONE', *, *, #4459, .T. ) ;
#4563 = CARTESIAN_POINT ( 'NONE',  ( 2.793106854861110700, 5.322569445407947500, -3.420569369482190000E-016 ) ) ;
#4564 = DIRECTION ( 'NONE',  ( 0.0000000000000000000, 0.0000000000000000000, -1.000000000000000000 ) ) ;
#4565 = ORIENTED_EDGE ( 'NONE', *, *, #263, .F. ) ;
#4566 = CARTESIAN_POINT ( 'NONE',  ( -2.518345071564455800, 8.539038321661815100, 1.261549263014707400 ) ) ;
#4567 = DIRECTION ( 'NONE',  ( -0.0000000000000000000, 1.000000000000000000, -0.0000000000000000000 ) ) ;
#4568 = EDGE_CURVE ( 'NONE', #1869, #3733, #3446, .T. ) ;
#4569 = CARTESIAN_POINT ( 'NONE',  ( -0.8507386859689944900, 7.426647731036598400, -3.175000000000623800 ) ) ;
#4570 = CARTESIAN_POINT ( 'NONE',  ( 1.396553427430556700, 7.499813936148688000, 2.418901491794176500 ) ) ;
#4571 = DIRECTION ( 'NONE',  ( -1.000000000000000000, -0.0000000000000000000, -0.0000000000000000000 ) ) ;
#4572 = CARTESIAN_POINT ( 'NONE',  ( 3.178818931451389900, 5.662853009249624300, 1.835291965778536500 ) ) ;
#4573 = CARTESIAN_POINT ( 'NONE',  ( 1.587500000000001500, 5.690046298223301800, 2.749630657015591500 ) ) ;
#4574 = CARTESIAN_POINT ( 'NONE',  ( -1.195762461461225900, 8.551088287988951800, -2.542960855687354600 ) ) ;
#4575 = CARTESIAN_POINT ( 'NONE',  ( -2.039999999999998700, 0.0000000000000000000, 3.040000000000000500 ) ) ;
#4576 = CARTESIAN_POINT ( 'NONE',  ( 2.697715328398548400, 3.085978592127085500, -0.3145578742817056200 ) ) ;
#4577 = AXIS2_PLACEMENT_3D ( 'NONE', #3919, #5141, #3524 ) ;
#4578 = VERTEX_POINT ( 'NONE', #3823 ) ;
#4579 = CARTESIAN_POINT ( 'NONE',  ( 2.793106854861110700, 6.733680556519058900, -3.420569369482190000E-016 ) ) ;
#4580 = ADVANCED_FACE ( 'NONE', ( #2637 ), #1250, .T. ) ;
#4581 = DIRECTION ( 'NONE',  ( 0.0000000000000000000, 0.0000000000000000000, -1.000000000000000000 ) ) ;
#4582 = ORIENTED_EDGE ( 'NONE', *, *, #951, .T. ) ;
#4583 = DIRECTION ( 'NONE',  ( -8.881784197001252300E-016, 0.0000000000000000000, -1.000000000000000000 ) ) ;
#4584 = ORIENTED_EDGE ( 'NONE', *, *, #3434, .T. ) ;
#4585 = ORIENTED_EDGE ( 'NONE', *, *, #4880, .F. ) ;
#4586 = VERTEX_POINT ( 'NONE', #1801 ) ;
#4587 = CARTESIAN_POINT ( 'NONE',  ( -0.3150987235112940300, 3.000000000000000000, 2.697642543859648100 ) ) ;
#4588 = DIRECTION ( 'NONE',  ( -0.0000000000000000000, -1.000000000000000000, 0.0000000000000000000 ) ) ;
#4589 = PLANE ( 'NONE',  #4823 ) ;
#4590 = CARTESIAN_POINT ( 'NONE',  ( -3.178818931451388200, 5.427667824064441100, 1.835291965778539400 ) ) ;
#4591 = CARTESIAN_POINT ( 'NONE',  ( 1.396553427430556700, 8.732754630593131400, 2.418901491794176500 ) ) ;
#4592 = CARTESIAN_POINT ( 'NONE',  ( -2.744211041005413200, 3.331495007823350700, 0.1911229743718190800 ) ) ;
#4593 = CARTESIAN_POINT ( 'NONE',  ( -2.825048672147084000, 0.0000000000000000000, 3.040000000000000500 ) ) ;
#4594 = ORIENTED_EDGE ( 'NONE', *, *, #3407, .F. ) ;
#4595 = EDGE_LOOP ( 'NONE', ( #3692, #1259, #218, #3894 ) ) ;
#4596 = CARTESIAN_POINT ( 'NONE',  ( -1.974866646252330800E-016, 7.615625000963502700, -3.225201989058902100 ) ) ;
#4597 = LINE ( 'NONE', #4862, #817 ) ;
#4598 = CARTESIAN_POINT ( 'NONE',  ( 2.793106854861111100, 5.969328704667207200, 1.612600994529450200 ) ) ;
#4599 = EDGE_CURVE ( 'NONE', #4372, #1571, #2061, .T. ) ;
#4600 = EDGE_CURVE ( 'NONE', #4986, #2622, #3253, .T. ) ;
#4601 = CARTESIAN_POINT ( 'NONE',  ( 2.825048672147084400, -4.129999999999999900, 3.040000000000000500 ) ) ;
#4602 = VERTEX_POINT ( 'NONE', #3044 ) ;
#4603 = CARTESIAN_POINT ( 'NONE',  ( 0.0000000000000000000, 4.770000000000001400, 0.0000000000000000000 ) ) ;
#4604 = VECTOR ( 'NONE', #3565, 1000.000000000000000 ) ;
#4605 = CARTESIAN_POINT ( 'NONE',  ( 2.743961735842773900, 2.670534372832256600, -0.1943638332212443700 ) ) ;
#4606 = ORIENTED_EDGE ( 'NONE', *, *, #155, .F. ) ;
#4607 = DIRECTION ( 'NONE',  ( -0.0000000000000000000, -1.000000000000000000, -0.0000000000000000000 ) ) ;
#4608 = ADVANCED_FACE ( 'NONE', ( #3190 ), #1949, .T. ) ;
#4609 = LINE ( 'NONE', #2761, #3778 ) ;
#4610 = CARTESIAN_POINT ( 'NONE',  ( 6.742753294174620500E-016, 4.839704861101477500, 3.670583931557075200 ) ) ;
#4611 = CARTESIAN_POINT ( 'NONE',  ( -1.396553427430553300, 8.615162038000539400, 2.418901491794178200 ) ) ;
#4612 = AXIS2_PLACEMENT_3D ( 'NONE', #5124, #3881, #668 ) ;
#4613 = AXIS2_PLACEMENT_3D ( 'NONE', #2993, #1343, #2572 ) ;
#4614 = ORIENTED_EDGE ( 'NONE', *, *, #310, .F. ) ;
#4615 = SPHERICAL_SURFACE ( 'NONE', #3049, 0.3499999999999999800 ) ;
#4616 = FACE_BOUND ( 'NONE', #1073, .T. ) ;
#4617 = CARTESIAN_POINT ( 'NONE',  ( -2.725515990544581200, 3.099170666430420600, 0.3661461268604079800 ) ) ;
#4618 =( LENGTH_UNIT ( ) NAMED_UNIT ( * ) SI_UNIT ( .MILLI., .METRE. ) );
#4619 = CARTESIAN_POINT ( 'NONE',  ( -1.396553427430555500, 7.674421297259798700, -2.418901491794176900 ) ) ;
#4620 = CARTESIAN_POINT ( 'NONE',  ( 2.793106854861110200, 6.086921297259798400, -1.612600994529452200 ) ) ;
#4621 = CARTESIAN_POINT ( 'NONE',  ( 0.3661461268604189200, 3.099170666430433900, 2.725515990544579400 ) ) ;
#4622 = VECTOR ( 'NONE', #1360, 1000.000000000000000 ) ;
#4623 = AXIS2_PLACEMENT_3D ( 'NONE', #4144, #1741, #2970 ) ;
#4624 = DIRECTION ( 'NONE',  ( 0.0000000000000000000, -0.0000000000000000000, 1.000000000000000000 ) ) ;
#4625 = CARTESIAN_POINT ( 'NONE',  ( 0.0000000000000000000, 4.770000000000001400, 0.0000000000000000000 ) ) ;
#4626 = ORIENTED_EDGE ( 'NONE', *, *, #406, .F. ) ;
#4627 = DIRECTION ( 'NONE',  ( -0.0000000000000000000, -1.000000000000000000, -0.0000000000000000000 ) ) ;
#4628 = CARTESIAN_POINT ( 'NONE',  ( -1.396553427430553300, 3.148888010222763000, 2.418901491794178200 ) ) ;
#4629 = CARTESIAN_POINT ( 'NONE',  ( -1.396553427430555500, 9.261921297259800000, -2.418901491794176900 ) ) ;
#4630 = CARTESIAN_POINT ( 'NONE',  ( 2.745201315327581600, 2.700196921253391400, 0.1741987322033780600 ) ) ;
#4631 = ORIENTED_EDGE ( 'NONE', *, *, #86, .F. ) ;
#4632 = EDGE_CURVE ( 'NONE', #4741, #3409, #3701, .T. ) ;
#4633 = ORIENTED_EDGE ( 'NONE', *, *, #2064, .T. ) ;
#4634 = EDGE_CURVE ( 'NONE', #5083, #2561, #497, .T. ) ;
#4635 = CARTESIAN_POINT ( 'NONE',  ( -2.725431540799078300, 3.002443016035510700, 0.3667736582951236500 ) ) ;
#4636 = CARTESIAN_POINT ( 'NONE',  ( -0.08253476684302772600, 2.675266262614601800, 2.718785786688882900 ) ) ;
#4637 = EDGE_CURVE ( 'NONE', #5112, #2454, #5045, .T. ) ;
#4638 = CARTESIAN_POINT ( 'NONE',  ( -1.396553427430553300, 7.204050926889428800, 2.418901491794178200 ) ) ;
#4639 = CARTESIAN_POINT ( 'NONE',  ( -2.793106854861109300, 5.734143519482022300, 1.612600994529452800 ) ) ;
#4640 = ADVANCED_FACE ( 'NONE', ( #872 ), #4135, .F. ) ;
#4641 = DIRECTION ( 'NONE',  ( 0.0000000000000000000, -1.000000000000000000, 0.0000000000000000000 ) ) ;
#4642 = FILL_AREA_STYLE_COLOUR ( '', #4525 ) ;
#4643 = CARTESIAN_POINT ( 'NONE',  ( -0.1828262223257696700, 4.446218679464774200, -3.096218679463127900 ) ) ;
#4644 = EDGE_CURVE ( 'NONE', #3458, #4915, #4924, .T. ) ;
#4645 = ORIENTED_EDGE ( 'NONE', *, *, #126, .F. ) ;
#4646 = VERTEX_POINT ( 'NONE', #3391 ) ;
#4647 = AXIS2_PLACEMENT_3D ( 'NONE', #2818, #2049, #868 ) ;
#4648 = DIRECTION ( 'NONE',  ( -0.0000000000000000000, -1.000000000000000000, 0.0000000000000000000 ) ) ;
#4649 = CARTESIAN_POINT ( 'NONE',  ( 2.118638962524920800E-016, 0.0000000000000000000, 1.729999999999999800 ) ) ;
#4650 = CARTESIAN_POINT ( 'NONE',  ( 1.396553427430556700, 8.909143519482022100, 2.418901491794176500 ) ) ;
#4651 = CARTESIAN_POINT ( 'NONE',  ( -1.589409465725691900, 3.369797453694070000, 2.752937948667808100 ) ) ;
#4652 = VERTEX_POINT ( 'NONE', #3803 ) ;
#4653 = CARTESIAN_POINT ( 'NONE',  ( 2.718785786688882900, 2.675266262614601800, 0.08253476684301824800 ) ) ;
#4654 = CARTESIAN_POINT ( 'NONE',  ( 0.0000000000000000000, 9.500000000000001800, 0.0000000000000000000 ) ) ;
#4655 = CARTESIAN_POINT ( 'NONE',  ( 0.3150987235112751600, 3.000000000000000400, 2.697642543859650300 ) ) ;
#4656 = CARTESIAN_POINT ( 'NONE',  ( -2.793106854861110200, 8.732754630593131400, 1.612600994529452600 ) ) ;
#4657 = CARTESIAN_POINT ( 'NONE',  ( -2.247584431391540000E-016, 7.392934029714418800, -3.670583931557075200 ) ) ;
#4658 = ORIENTED_EDGE ( 'NONE', *, *, #2334, .T. ) ;
#4659 = CARTESIAN_POINT ( 'NONE',  ( -2.235200706738201600, 4.270838620249895400, 1.907588774602407200 ) ) ;
#4660 = CARTESIAN_POINT ( 'NONE',  ( 0.3601050463261126200, 3.002443016035522200, 2.675878240057283400 ) ) ;
#4661 = DIRECTION ( 'NONE',  ( 0.0000000000000000000, -1.000000000000000000, 0.0000000000000000000 ) ) ;
#4662 = FACE_OUTER_BOUND ( 'NONE', #2495, .T. ) ;
#4663 = ORIENTED_EDGE ( 'NONE', *, *, #3230, .T. ) ;
#4664 = CIRCLE ( 'NONE', #571, 2.080000000000000100 ) ;
#4665 = CARTESIAN_POINT ( 'NONE',  ( 0.0000000000000000000, 7.620000000000002800, 0.0000000000000000000 ) ) ;
#4666 = CARTESIAN_POINT ( 'NONE',  ( 0.0000000000000000000, -3.979999999975099000, 0.0000000000000000000 ) ) ;
#4667 = ADVANCED_FACE ( 'NONE', ( #1314 ), #2626, .F. ) ;
#4668 = CARTESIAN_POINT ( 'NONE',  ( -1.214571548689835400E-013, 2.629190075645214900, 2.750000000000000000 ) ) ;
#4669 = CARTESIAN_POINT ( 'NONE',  ( 2.730196970682260200, 2.914798146740650500, -0.3314250551583553000 ) ) ;
#4670 = FACE_OUTER_BOUND ( 'NONE', #1152, .T. ) ;
#4671 = CARTESIAN_POINT ( 'NONE',  ( 3.888253587292845600E-016, 4.525000000000001200, -3.174999999999999400 ) ) ;
#4672 = CARTESIAN_POINT ( 'NONE',  ( -0.2813140366446139600, 2.830825155549731700, 2.702662159080272200 ) ) ;
#4673 = CARTESIAN_POINT ( 'NONE',  ( -2.793106854861110700, 4.969791667630170600, 0.0000000000000000000 ) ) ;
#4674 = VERTEX_POINT ( 'NONE', #3824 ) ;
#4675 = CARTESIAN_POINT ( 'NONE',  ( 0.3150987235112751600, 3.000000000000000400, 2.697642543859650300 ) ) ;
#4676 = LINE ( 'NONE', #570, #704 ) ;
#4677 = CARTESIAN_POINT ( 'NONE',  ( 2.650048032947014600E-011, 6.954166666667649800, 3.175000000000000700 ) ) ;
#4678 = EDGE_CURVE ( 'NONE', #2561, #723, #2193, .T. ) ;
#4679 = CLOSED_SHELL ( 'NONE', ( #4982, #257, #2489, #1377, #1038, #4300, #4140, #1908, #5063 ) ) ;
#4680 = DIRECTION ( 'NONE',  ( 0.0000000000000000000, 0.0000000000000000000, 1.000000000000000000 ) ) ;
#4681 = CARTESIAN_POINT ( 'NONE',  ( 0.1674755140622439000, 3.287730269970731400, -2.713513538828958600 ) ) ;
#4682 = CARTESIAN_POINT ( 'NONE',  ( 2.793106854861110700, 5.320805556519058400, -3.420569369482190000E-016 ) ) ;
#4683 = CARTESIAN_POINT ( 'NONE',  ( -1.974866646252331000E-016, 8.497569445407949100, -3.225201989058902500 ) ) ;
#4684 = CIRCLE ( 'NONE', #2981, 0.6350000000000000100 ) ;
#4685 = MECHANICAL_DESIGN_GEOMETRIC_PRESENTATION_REPRESENTATION (  '', ( #799 ), #2980 ) ;
#4686 = CARTESIAN_POINT ( 'NONE',  ( -3.039999999999998700, -4.129999999999999900, -2.039999999999999100 ) ) ;
#4687 = VECTOR ( 'NONE', #4416, 1000.000000000000000 ) ;
#4688 = CARTESIAN_POINT ( 'NONE',  ( -0.3150922842482704600, 2.997921052681319600, 2.697643410430465800 ) ) ;
#4689 = CARTESIAN_POINT ( 'NONE',  ( 0.0000000000000000000, 7.340000000000001600, -0.4825999999999999200 ) ) ;
#4690 = CARTESIAN_POINT ( 'NONE',  ( -2.793106854861111100, 2.794328704667207000, -1.612600994529450800 ) ) ;
#4691 = CARTESIAN_POINT ( 'NONE',  ( 1.589409465725693600, 8.745248844529234200, -2.752937948667807200 ) ) ;
#4692 = CARTESIAN_POINT ( 'NONE',  ( -1.408858256457239800, 8.556885313284775300, -2.411755442801859500 ) ) ;
#4693 = ORIENTED_EDGE ( 'NONE', *, *, #5131, .F. ) ;
#4694 = DIRECTION ( 'NONE',  ( 0.0000000000000000000, -0.0000000000000000000, -1.000000000000000000 ) ) ;
#4695 = CARTESIAN_POINT ( 'NONE',  ( 0.0000000000000000000, 1.600000000000000100, 0.0000000000000000000 ) ) ;
#4696 = CARTESIAN_POINT ( 'NONE',  ( 0.0000000000000000000, 4.525000000000001200, 0.0000000000000000000 ) ) ;
#4697 = ORIENTED_EDGE ( 'NONE', *, *, #2558, .F. ) ;
#4698 = ORIENTED_EDGE ( 'NONE', *, *, #3780, .T. ) ;
#4699 = CARTESIAN_POINT ( 'NONE',  ( -2.793106854861110200, 7.143490741704245500, 1.612600994529452600 ) ) ;
#4700 = DIRECTION ( 'NONE',  ( 0.0000000000000000000, 0.0000000000000000000, -1.000000000000000000 ) ) ;
#4701 = DIRECTION ( 'NONE',  ( 0.0000000000000000000, 0.0000000000000000000, -1.000000000000000000 ) ) ;
#4702 =( BOUNDED_SURFACE ( )  B_SPLINE_SURFACE ( 3, 2, ( 
 ( #2628, #1433, #5057 ),
 ( #3015, #4669, #1027 ),
 ( #3047, #4245, #5081 ),
 ( #2647, #2610, #649 ),
 ( #1415, #1455, #4261 ),
 ( #187, #1008, #4207 ),
 ( #1805, #4630, #3825 ),
 ( #4224, #4829, #1151 ),
 ( #1991, #5230, #3586 ),
 ( #2365, #5248, #2781 ) ),
 .UNSPECIFIED., .F., .F., .F. ) 
 B_SPLINE_SURFACE_WITH_KNOTS ( ( 4, 2, 2, 2, 4 ),
 ( 3, 3 ),
 ( 0.001143620354774592200, 0.001429525443469639500, 0.001715430532164687100, 0.002001335620859734600, 0.002287240709554782000 ),
 ( 0.0000000000000000000, 1.000000000000000000 ),
 .UNSPECIFIED. ) 
 GEOMETRIC_REPRESENTATION_ITEM ( )  RATIONAL_B_SPLINE_SURFACE ( (
 ( 1.000000000000000000, 0.8097361779316899500, 1.000000000000000000),
 ( 1.000000000000000000, 0.8094872429587300900, 1.000000000000000000),
 ( 1.000000000000000000, 0.8141397624410672300, 1.000000000000000000),
 ( 1.000000000000000000, 0.8243446324511160000, 1.000000000000000000),
 ( 1.000000000000000000, 0.8290883232386125900, 1.000000000000000000),
 ( 1.000000000000000000, 0.8292224073961913500, 1.000000000000000000),
 ( 1.000000000000000000, 0.8245731960316348100, 1.000000000000000000),
 ( 1.000000000000000000, 0.8144331032207404700, 1.000000000000000000),
 ( 1.000000000000000000, 0.8095766370074525300, 1.000000000000000000),
 ( 1.000000000000000000, 0.8097361317306208700, 1.000000000000000000) ) ) 
 REPRESENTATION_ITEM ( '' )  SURFACE ( )  );
#4703 = EDGE_CURVE ( 'NONE', #1419, #4404, #2130, .T. ) ;
#4704 = CARTESIAN_POINT ( 'NONE',  ( -0.8507386859695383900, 4.805991159779494200, 3.175000000000735200 ) ) ;
#4705 = PLANE ( 'NONE',  #4612 ) ;
#4706 = CARTESIAN_POINT ( 'NONE',  ( -2.793106854861110700, 9.379513889852392000, 0.0000000000000000000 ) ) ;
#4707 = CARTESIAN_POINT ( 'NONE',  ( 0.0000000000000000000, 9.370000000000001000, 0.0000000000000000000 ) ) ;
#4708 = CARTESIAN_POINT ( 'NONE',  ( 0.3150987235118554200, 3.000356276667893100, 2.697642543859577500 ) ) ;
#4709 = CARTESIAN_POINT ( 'NONE',  ( 4.336808689942017700E-016, -4.129999999999999900, 0.0000000000000000000 ) ) ;
#4710 = CARTESIAN_POINT ( 'NONE',  ( -3.175000000000335100, 6.219212964889775800, 1.833087104677257000 ) ) ;
#4711 = APPLICATION_PROTOCOL_DEFINITION ( 'draft international standard', 'automotive_design', 1998, #1922 ) ;
#4712 = ORIENTED_EDGE ( 'NONE', *, *, #4214, .F. ) ;
#4713 = DIRECTION ( 'NONE',  ( 0.0000000000000000000, 0.0000000000000000000, 1.000000000000000000 ) ) ;
#4714 = DIRECTION ( 'NONE',  ( 0.0000000000000000000, 0.0000000000000000000, 1.000000000000000000 ) ) ;
#4715 = ADVANCED_FACE ( 'NONE', ( #1060, #3068 ), #1787, .F. ) ;
#4716 = ORIENTED_EDGE ( 'NONE', *, *, #5235, .T. ) ;
#4717 = CARTESIAN_POINT ( 'NONE',  ( 0.3145736031786119400, 2.914194618473021400, -2.697713183867169300 ) ) ;
#4718 = AXIS2_PLACEMENT_3D ( 'NONE', #2469, #4441, #3271 ) ;
#4719 = AXIS2_PLACEMENT_3D ( 'NONE', #970, #608, #2588 ) ;
#4720 = ORIENTED_EDGE ( 'NONE', *, *, #3988, .F. ) ;
#4721 = CARTESIAN_POINT ( 'NONE',  ( -2.793106854861110700, 5.673583334296837100, 0.0000000000000000000 ) ) ;
#4722 = CARTESIAN_POINT ( 'NONE',  ( -0.8507386859689075600, 8.044008840221273700, -3.175000000000356400 ) ) ;
#4723 = CARTESIAN_POINT ( 'NONE',  ( 0.0000000000000000000, 9.500000000000001800, 0.0000000000000000000 ) ) ;
#4724 = B_SPLINE_CURVE_WITH_KNOTS ( 'NONE', 3,
 ( #426, #19, #866, #1271, #2486, #4200, #4180, #2932, #967, #2534 ),
 .UNSPECIFIED., .F., .F.,
 ( 4, 2, 2, 2, 4 ),
 ( 0.002306455155670876600, 0.002595032066705185800, 0.002883608977739495400, 0.003172185888773804700, 0.003460762799808113900 ),
 .UNSPECIFIED. ) ;
#4725 = VERTEX_POINT ( 'NONE', #5098 ) ;
#4726 = CARTESIAN_POINT ( 'NONE',  ( -3.175000000000998100, 4.719907407407986500, 1.833087104677640500 ) ) ;
#4727 = CARTESIAN_POINT ( 'NONE',  ( -1.974866646252330800E-016, 3.382291667630170200, -3.225201989058902100 ) ) ;
#4728 = AXIS2_PLACEMENT_3D ( 'NONE', #2098, #2862, #3691 ) ;
#4729 = VERTEX_POINT ( 'NONE', #2695 ) ;
#4730 = CARTESIAN_POINT ( 'NONE',  ( -2.247584431391540000E-016, 8.098489585269975400, -3.670583931557075200 ) ) ;
#4731 = FACE_OUTER_BOUND ( 'NONE', #2997, .T. ) ;
#4732 = ORIENTED_EDGE ( 'NONE', *, *, #4075, .F. ) ;
#4733 = CARTESIAN_POINT ( 'NONE',  ( 3.175000000000046900, 7.218750001926978600, -3.888253587292904300E-016 ) ) ;
#4734 = DIRECTION ( 'NONE',  ( -0.006194677627279502600, -0.9999804653102517500, -0.0008336467998354851200 ) ) ;
#4735 = CARTESIAN_POINT ( 'NONE',  ( -1.587500000000000400, 5.249074074074075100, -2.749630657015592400 ) ) ;
#4736 = DIRECTION ( 'NONE',  ( 0.0000000000000000000, -1.000000000000000000, 0.0000000000000000000 ) ) ;
#4737 = CARTESIAN_POINT ( 'NONE',  ( 2.816687638038911600E-016, 7.620000000000002800, 2.299999999999999400 ) ) ;
#4738 = CARTESIAN_POINT ( 'NONE',  ( -2.825048672147084000, -4.129999999999999900, -3.040000000000000500 ) ) ;
#4739 = ORIENTED_EDGE ( 'NONE', *, *, #2968, .F. ) ;
#4740 = VECTOR ( 'NONE', #5204, 1000.000000000000000 ) ;
#4741 = VERTEX_POINT ( 'NONE', #969 ) ;
#4742 = CARTESIAN_POINT ( 'NONE',  ( 0.09507097383128107500, 2.628550485413095200, -2.750084751017984900 ) ) ;
#4743 = CARTESIAN_POINT ( 'NONE',  ( 1.396553427430554700, 5.438398149111651300, -2.418901491794177300 ) ) ;
#4744 = CARTESIAN_POINT ( 'NONE',  ( 1.396553427430556700, 8.203587963926466400, 2.418901491794176500 ) ) ;
#4745 = EDGE_CURVE ( 'NONE', #2220, #296, #3313, .T. ) ;
#4746 = EDGE_LOOP ( 'NONE', ( #4633, #3650 ) ) ;
#4747 = ADVANCED_FACE ( 'NONE', ( #5250 ), #2292, .F. ) ;
#4748 = CIRCLE ( 'NONE', #3488, 0.6350000000000000100 ) ;
#4749 = ORIENTED_EDGE ( 'NONE', *, *, #4276, .T. ) ;
#4750 = FACE_OUTER_BOUND ( 'NONE', #3323, .T. ) ;
#4751 = SURFACE_STYLE_USAGE ( .BOTH. , #1136 ) ;
#4752 = CARTESIAN_POINT ( 'NONE',  ( 2.793106854861110700, 6.910069445407947900, -3.420569369482190000E-016 ) ) ;
#4753 = CARTESIAN_POINT ( 'NONE',  ( -1.589409465725691900, 5.570248844529233500, 2.752937948667808100 ) ) ;
#4754 = VERTEX_POINT ( 'NONE', #2309 ) ;
#4755 = CARTESIAN_POINT ( 'NONE',  ( -2.793106854861109300, 7.850810186148688500, 1.612600994529452800 ) ) ;
#4756 = CONICAL_SURFACE ( 'NONE', #2272, 0.6350000000000000100, 0.7853981633974509400 ) ;
#4757 = CARTESIAN_POINT ( 'NONE',  ( -0.4717840607735703800, 8.802396902521437000, 0.1016000000000000100 ) ) ;
#4758 = CARTESIAN_POINT ( 'NONE',  ( 3.174999999999998900, 7.894907407407407300, -1.833087104677063200 ) ) ;
#4759 = EDGE_CURVE ( 'NONE', #4927, #1764, #2590, .T. ) ;
#4760 = VECTOR ( 'NONE', #1100, 1000.000000000000000 ) ;
#4761 = CARTESIAN_POINT ( 'NONE',  ( 3.888253587292846100E-016, 0.0000000000000000000, 3.174999999999999800 ) ) ;
#4762 = LINE ( 'NONE', #3086, #1211 ) ;
#4763 = CARTESIAN_POINT ( 'NONE',  ( -0.2965936593521269500, 3.174456244555675400, -2.734844753574003500 ) ) ;
#4764 = CARTESIAN_POINT ( 'NONE',  ( -2.793106854861110700, 6.379138889852392000, 0.0000000000000000000 ) ) ;
#4765 = DIRECTION ( 'NONE',  ( 0.0000000000000000000, 0.0000000000000000000, -1.000000000000000000 ) ) ;
#4766 = B_SPLINE_CURVE_WITH_KNOTS ( 'NONE', 3,
 ( #1570, #3214, #2796, #3196, #1977, #1203, #772, #3620, #1221, #749, #3570, #4034, #4384, #4810, #4439, #4780, #1551, #2382, #2349, #1961, #2750, #3556, #340, #3150, #4369, #3713, #2884, #54, #4096, #2048, #74, #1306, #880, #1690 ),
 .UNSPECIFIED., .F., .F.,
 ( 4, 2, 2, 2, 2, 2, 2, 2, 2, 2, 2, 2, 2, 2, 2, 2, 4 ),
 ( 0.001480580100142744800, 0.002056054825030543800, 0.002631529549918342300, 0.003207004274806141200, 0.003782478999693940200, 0.004357953724581739600, 0.004933428449469538100, 0.005508903174357336600, 0.006084377899245136900, 0.006659852624132935400, 0.007235327349020733900, 0.007810802073908532400, 0.008386276798796332700, 0.008961751523684131200, 0.009537226248571929700, 0.01011270097345972800, 0.01068817569834752700 ),
 .UNSPECIFIED. ) ;
#4767 = ORIENTED_EDGE ( 'NONE', *, *, #2406, .F. ) ;
#4768 = MECHANICAL_DESIGN_GEOMETRIC_PRESENTATION_REPRESENTATION (  '', ( #3863 ), #2045 ) ;
#4769 = DIRECTION ( 'NONE',  ( 0.0000000000000000000, -1.000000000000000000, 0.0000000000000000000 ) ) ;
#4770 = CARTESIAN_POINT ( 'NONE',  ( -2.793106854861111100, 7.909606482444983700, -1.612600994529450800 ) ) ;
#4771 = ORIENTED_EDGE ( 'NONE', *, *, #2734, .F. ) ;
#4772 = CARTESIAN_POINT ( 'NONE',  ( -2.247584431391540000E-016, 4.570711807492196000, -3.670583931557075200 ) ) ;
#4773 = CARTESIAN_POINT ( 'NONE',  ( -2.412708507134121200, 8.556885216022410000, 1.407225483806616700 ) ) ;
#4774 = CARTESIAN_POINT ( 'NONE',  ( 3.174999999999999800, 5.013888888888890200, -3.888253587292846100E-016 ) ) ;
#4775 = CARTESIAN_POINT ( 'NONE',  ( 2.793106854861111500, 7.556828704667209400, 1.612600994529450200 ) ) ;
#4776 = CARTESIAN_POINT ( 'NONE',  ( 2.547265342226494900E-016, 0.5000000000000004400, 2.080000000000000100 ) ) ;
#4777 = CARTESIAN_POINT ( 'NONE',  ( 0.3314047362195341500, 3.084427154647299700, -2.730199400263228200 ) ) ;
#4778 = CARTESIAN_POINT ( 'NONE',  ( 2.793106854861110700, 3.968490741704243900, -1.612600994529452200 ) ) ;
#4779 = CARTESIAN_POINT ( 'NONE',  ( 5.924599938756992300E-016, 4.617013889852392700, 3.225201989058902500 ) ) ;
#4780 = CARTESIAN_POINT ( 'NONE',  ( 2.927056560262315500, 8.414114488270769200, -0.2979502671317181800 ) ) ;
#4781 = ORIENTED_EDGE ( 'NONE', *, *, #2331, .T. ) ;
#4782 = EDGE_CURVE ( 'NONE', #597, #211, #1445, .T. ) ;
#4783 = CARTESIAN_POINT ( 'NONE',  ( -2.793106854861110200, 5.910532408370911200, 1.612600994529452600 ) ) ;
#4784 = EDGE_CURVE ( 'NONE', #2769, #3302, #2006, .T. ) ;
#4785 = CARTESIAN_POINT ( 'NONE',  ( -3.178818931451388600, 5.452656251936640600, 0.0000000000000000000 ) ) ;
#4786 = CARTESIAN_POINT ( 'NONE',  ( -1.396553427430555500, 8.379976852815355300, -2.418901491794176900 ) ) ;
#4787 = CARTESIAN_POINT ( 'NONE',  ( 3.175000000000001200, 4.955092592592593300, 1.833087104677060500 ) ) ;
#4788 = CARTESIAN_POINT ( 'NONE',  ( -3.040000000000000500, 1.600000000000000100, 2.825048672147083600 ) ) ;
#4789 = CARTESIAN_POINT ( 'NONE',  ( 0.0000000000000000000, 4.770000000000001400, 0.0000000000000000000 ) ) ;
#4790 = EDGE_LOOP ( 'NONE', ( #1437, #2461, #3666, #4026 ) ) ;
#4791 = CARTESIAN_POINT ( 'NONE',  ( 0.1687195595223010000, 3.287020076934708900, -2.713421071003404800 ) ) ;
#4792 = AXIS2_PLACEMENT_3D ( 'NONE', #2859, #876, #4045 ) ;
#4793 = AXIS2_PLACEMENT_3D ( 'NONE', #4151, #559, #2135 ) ;
#4794 = LINE ( 'NONE', #3440, #3896 ) ;
#4795 = CARTESIAN_POINT ( 'NONE',  ( 2.793106854861111500, 3.850898149111651800, 1.612600994529450200 ) ) ;
#4796 = CARTESIAN_POINT ( 'NONE',  ( -1.974866646252331000E-016, 7.086458334296836800, -3.225201989058902500 ) ) ;
#4797 =( NAMED_UNIT ( * ) SI_UNIT ( $, .STERADIAN. ) SOLID_ANGLE_UNIT ( ) );
#4798 = CARTESIAN_POINT ( 'NONE',  ( -2.793106854861110700, 5.146180556519059500, 0.0000000000000000000 ) ) ;
#4799 = CARTESIAN_POINT ( 'NONE',  ( 6.742753294174620500E-016, 6.334600696381084400, 3.670583931557075200 ) ) ;
#4800 = CARTESIAN_POINT ( 'NONE',  ( -3.174999999999998900, 4.719907407407408300, 1.833087104677063400 ) ) ;
#4801 = CARTESIAN_POINT ( 'NONE',  ( -3.175000000000601100, 6.718981481481828900, -1.833087104677408200 ) ) ;
#4802 = DIRECTION ( 'NONE',  ( -0.0000000000000000000, -1.000000000000000000, -0.0000000000000000000 ) ) ;
#4803 = ORIENTED_EDGE ( 'NONE', *, *, #2736, .T. ) ;
#4804 = CYLINDRICAL_SURFACE ( 'NONE', #2439, 0.6350000000000000100 ) ;
#4805 = CARTESIAN_POINT ( 'NONE',  ( 2.730199400263232600, 3.084427154647283200, 0.3314047362195213200 ) ) ;
#4806 = VERTEX_POINT ( 'NONE', #221 ) ;
#4807 = CARTESIAN_POINT ( 'NONE',  ( -1.045047765402551200, 2.718969779492210700, -2.621843380387722800 ) ) ;
#4808 = CARTESIAN_POINT ( 'NONE',  ( 2.793106854861111100, 7.556828704667209400, 1.612600994529450200 ) ) ;
#4809 = CIRCLE ( 'NONE', #5172, 0.4825999999999999200 ) ;
#4810 = CARTESIAN_POINT ( 'NONE',  ( 2.799342863143509300, 8.428007381538355600, -0.8596110635894871300 ) ) ;
#4811 = VECTOR ( 'NONE', #2632, 1000.000000000000000 ) ;
#4812 = EDGE_CURVE ( 'NONE', #2911, #1366, #4202, .T. ) ;
#4813 = CARTESIAN_POINT ( 'NONE',  ( 0.1777639208844990200, 2.702211990849691300, 2.744965553210167600 ) ) ;
#4814 = FACE_OUTER_BOUND ( 'NONE', #1412, .T. ) ;
#4815 = CARTESIAN_POINT ( 'NONE',  ( -2.718701449063482700, 3.324085523749165100, -0.08465487690382687800 ) ) ;
#4816 = CARTESIAN_POINT ( 'NONE',  ( -1.396553427430555500, 6.439699075037577100, -2.418901491794176900 ) ) ;
#4817 = CARTESIAN_POINT ( 'NONE',  ( 3.178818931451389900, 4.335526622307011000, 1.835291965778536500 ) ) ;
#4818 = CARTESIAN_POINT ( 'NONE',  ( -1.974866646252330800E-016, 4.264236112074614800, -3.225201989058902100 ) ) ;
#4819 = ORIENTED_EDGE ( 'NONE', *, *, #1355, .T. ) ;
#4820 = CARTESIAN_POINT ( 'NONE',  ( -3.175000000000000300, 5.307870370370372900, -1.833087104677061600 ) ) ;
#4821 = DIRECTION ( 'NONE',  ( 0.0000000000000000000, 0.0000000000000000000, -1.000000000000000000 ) ) ;
#4822 = AXIS2_PLACEMENT_3D ( 'NONE', #4660, #5072, #640 ) ;
#4823 = AXIS2_PLACEMENT_3D ( 'NONE', #1768, #576, #3738 ) ;
#4824 = CARTESIAN_POINT ( 'NONE',  ( 0.0000000000000000000, 9.370000000000001000, 2.299999999999999800 ) ) ;
#4825 = ORIENTED_EDGE ( 'NONE', *, *, #478, .F. ) ;
#4826 = CARTESIAN_POINT ( 'NONE',  ( 1.396553427430554700, 4.732842593556095600, -2.418901491794177300 ) ) ;
#4827 = CARTESIAN_POINT ( 'NONE',  ( 1.396553427430556700, 6.086921297259799200, 2.418901491794176500 ) ) ;
#4828 = ORIENTED_EDGE ( 'NONE', *, *, #1421, .F. ) ;
#4829 = CARTESIAN_POINT ( 'NONE',  ( 2.734893847609630900, 2.824977002174831500, 0.2959868757059596100 ) ) ;
#4830 = AXIS2_PLACEMENT_3D ( 'NONE', #3841, #4588, #1376 ) ;
#4831 = ORIENTED_EDGE ( 'NONE', *, *, #3065, .T. ) ;
#4832 = CARTESIAN_POINT ( 'NONE',  ( 1.396553427430554700, 4.205439815778317900, -2.418901491794177300 ) ) ;
#4833 = CARTESIAN_POINT ( 'NONE',  ( 3.175000000000001200, 7.159953705630709200, 1.833087104677060500 ) ) ;
#4834 = CARTESIAN_POINT ( 'NONE',  ( -2.793106854861110700, 6.557291667630170000, 0.0000000000000000000 ) ) ;
#4835 = CARTESIAN_POINT ( 'NONE',  ( -3.175000000000000300, 5.366666666666668000, 0.0000000000000000000 ) ) ;
#4836 = CARTESIAN_POINT ( 'NONE',  ( 7.776507174585692900E-017, 0.5000000000000004400, 0.6350000000000000100 ) ) ;
#4837 = EDGE_CURVE ( 'NONE', #4250, #4301, #995, .T. ) ;
#4838 = ORIENTED_EDGE ( 'NONE', *, *, #479, .T. ) ;
#4839 = CARTESIAN_POINT ( 'NONE',  ( 1.396553427430556700, 5.203212963926466400, 2.418901491794176500 ) ) ;
#4840 = CARTESIAN_POINT ( 'NONE',  ( 2.793106854861110200, 7.674421297259799600, -1.612600994529452200 ) ) ;
#4841 = CARTESIAN_POINT ( 'NONE',  ( 0.0000000000000000000, 7.340000000000001600, 0.0000000000000000000 ) ) ;
#4842 = EDGE_LOOP ( 'NONE', ( #1568, #5260, #3484, #431, #2934 ) ) ;
#4843 = DIRECTION ( 'NONE',  ( 1.000000000000000000, -0.0000000000000000000, -0.0000000000000000000 ) ) ;
#4844 = CARTESIAN_POINT ( 'NONE',  ( -1.396553427430555500, 2.911921297259799900, -2.418901491794176900 ) ) ;
#4845 = EDGE_CURVE ( 'NONE', #4725, #2379, #4530, .T. ) ;
#4846 = CARTESIAN_POINT ( 'NONE',  ( 6.734652765903158200E-016, 8.453472224149226800, 3.666174209354123200 ) ) ;
#4847 = ORIENTED_EDGE ( 'NONE', *, *, #1055, .T. ) ;
#4848 = CARTESIAN_POINT ( 'NONE',  ( -2.793106854861111100, 5.087384260222763500, -1.612600994529450800 ) ) ;
#4849 = CARTESIAN_POINT ( 'NONE',  ( -2.725512745974223900, 2.901936884535622200, -0.3661702374178055800 ) ) ;
#4850 = CARTESIAN_POINT ( 'NONE',  ( 2.749899018421579900, 3.370047892855425200, 0.09996019339006524700 ) ) ;
#4851 = CARTESIAN_POINT ( 'NONE',  ( -2.702479914824322800, 2.833229320649552000, 0.2828344669465956400 ) ) ;
#4852 = VERTEX_POINT ( 'NONE', #1042 ) ;
#4853 = ORIENTED_EDGE ( 'NONE', *, *, #791, .T. ) ;
#4854 = ADVANCED_FACE ( 'NONE', ( #1688 ), #4401, .T. ) ;
#4855 = DIRECTION ( 'NONE',  ( -0.0000000000000000000, -1.000000000000000000, -0.0000000000000000000 ) ) ;
#4856 = AXIS2_PLACEMENT_3D ( 'NONE', #5176, #4313, #3940 ) ;
#4857 = CARTESIAN_POINT ( 'NONE',  ( 5.924599938756993300E-016, 6.557291667630170000, 3.225201989058902100 ) ) ;
#4858 = CARTESIAN_POINT ( 'NONE',  ( 0.0000000000000000000, 8.802396902521437000, 0.0000000000000000000 ) ) ;
#4859 = LINE ( 'NONE', #4671, #2513 ) ;
#4860 = DIRECTION ( 'NONE',  ( -0.0000000000000000000, -1.000000000000000000, -0.0000000000000000000 ) ) ;
#4861 = FACE_OUTER_BOUND ( 'NONE', #4520, .T. ) ;
#4862 = CARTESIAN_POINT ( 'NONE',  ( 0.0000000000000000000, 0.0000000000000000000, -1.729999999999999800 ) ) ;
#4863 = CARTESIAN_POINT ( 'NONE',  ( -2.793106854861111100, 3.676273149111651600, -1.612600994529450800 ) ) ;
#4864 = CARTESIAN_POINT ( 'NONE',  ( -3.174999999999999800, 3.191203703703704400, -1.833087104677061400 ) ) ;
#4865 = CARTESIAN_POINT ( 'NONE',  ( -3.174999999999999800, 6.807175927852931400, -1.833087104677061400 ) ) ;
#4866 = VERTEX_POINT ( 'NONE', #1858 ) ;
#4867 = CIRCLE ( 'NONE', #4299, 2.080000000000000100 ) ;
#4868 = CARTESIAN_POINT ( 'NONE',  ( -1.396553427430555500, 7.145254630593133700, -2.418901491794176900 ) ) ;
#4869 =( BOUNDED_CURVE ( )  B_SPLINE_CURVE ( 2, ( #2685, #3907, #1490, #4306, #4733, #5091, #3438, #3851, #2616 ),
 .UNSPECIFIED., .F., .F. ) 
 B_SPLINE_CURVE_WITH_KNOTS ( ( 3, 2, 2, 2, 3 ),
 ( 0.02201899038354849000, 0.02367697251372110800, 0.02699293677406632700, 0.03030890103441154200, 0.03196688316458414600 ),
 .UNSPECIFIED. ) 
 CURVE ( )  GEOMETRIC_REPRESENTATION_ITEM ( )  RATIONAL_B_SPLINE_CURVE ( ( 0.9330127018922194100, 0.9330127018922189700, 1.000000000000000000, 0.8660254037844387100, 1.000000000000000000, 0.8660254037844387100, 1.000000000000000000, 0.9330127018922196300, 0.9330127018922194100 ) ) 
 REPRESENTATION_ITEM ( '' )  );
#4870 = VECTOR ( 'NONE', #3814, 1000.000000000000000 ) ;
#4871 = CARTESIAN_POINT ( 'NONE',  ( -2.730931389384561900, 2.811162829778135500, 0.3302479857493940700 ) ) ;
#4872 = CARTESIAN_POINT ( 'NONE',  ( 2.749918040417039100, 3.336400696876051300, 0.09055064498972266500 ) ) ;
#4873 = CARTESIAN_POINT ( 'NONE',  ( -1.587500000000049400, 7.365740740740798200, -2.749630657015677200 ) ) ;
#4874 = ORIENTED_EDGE ( 'NONE', *, *, #5197, .T. ) ;
#4875 = LINE ( 'NONE', #430, #4097 ) ;
#4876 = TOROIDAL_SURFACE ( 'NONE', #5245, 2.249999999999999600, 0.04999999999999991300 ) ;
#4877 = DIRECTION ( 'NONE',  ( -0.0000000000000000000, -1.000000000000000000, -0.0000000000000000000 ) ) ;
#4878 = CARTESIAN_POINT ( 'NONE',  ( 1.396553427430554700, 6.145717593556096100, -2.418901491794177300 ) ) ;
#4879 = DIRECTION ( 'NONE',  ( 0.0000000000000000000, 0.0000000000000000000, -1.000000000000000000 ) ) ;
#4880 = EDGE_CURVE ( 'NONE', #415, #2684, #1559, .T. ) ;
#4881 = LINE ( 'NONE', #1142, #3536 ) ;
#4882 = EDGE_CURVE ( 'NONE', #4301, #4250, #4332, .T. ) ;
#4883 = EDGE_CURVE ( 'NONE', #4272, #4866, #1127, .T. ) ;
#4884 = CARTESIAN_POINT ( 'NONE',  ( 2.749903043765181000, 3.370078259447971900, 0.09899358917932728200 ) ) ;
#4885 = CARTESIAN_POINT ( 'NONE',  ( -2.793106854861110700, 4.440625000963503800, 0.0000000000000000000 ) ) ;
#4886 = ADVANCED_FACE ( 'NONE', ( #2249, #5188 ), #2940, .T. ) ;
#4887 = DIRECTION ( 'NONE',  ( -0.0000000000000000000, 1.000000000000000000, -0.0000000000000000000 ) ) ;
#4888 = VERTEX_POINT ( 'NONE', #36 ) ;
#4889 = CARTESIAN_POINT ( 'NONE',  ( 3.178818931451388200, 7.191556712953329500, -1.835291965778538900 ) ) ;
#4890 = CARTESIAN_POINT ( 'NONE',  ( -3.174999999999998900, 8.335879631556634800, 1.833087104677063400 ) ) ;
#4891 = CARTESIAN_POINT ( 'NONE',  ( -3.174999999999999800, 8.130092592592593100, -1.833087104677061400 ) ) ;
#4892 = EDGE_LOOP ( 'NONE', ( #2670, #547, #4551, #4626, #1045 ) ) ;
#4893 = DIRECTION ( 'NONE',  ( 0.0000000000000000000, 0.0000000000000000000, -1.000000000000000000 ) ) ;
#4894 = AXIS2_PLACEMENT_3D ( 'NONE', #2179, #4998, #3745 ) ;
#4895 = DIRECTION ( 'NONE',  ( 0.0000000000000000000, 0.0000000000000000000, -1.000000000000000000 ) ) ;
#4896 = DIRECTION ( 'NONE',  ( 0.0000000000000000000, 0.0000000000000000000, -1.000000000000000000 ) ) ;
#4897 = CARTESIAN_POINT ( 'NONE',  ( -2.793106854861110200, 7.850810186148688500, 1.612600994529452600 ) ) ;
#4898 = CARTESIAN_POINT ( 'NONE',  ( -2.725431483040755300, 2.997624060207209100, -0.3667740874847482100 ) ) ;
#4899 = CARTESIAN_POINT ( 'NONE',  ( 0.8507386859570911200, 4.957203286592082300, 3.175000000006770000 ) ) ;
#4900 = CARTESIAN_POINT ( 'NONE',  ( 2.743914023420275700, 3.328950661484060300, 0.1948613428581821300 ) ) ;
#4901 = CARTESIAN_POINT ( 'NONE',  ( -1.396553427430555500, 4.323032408370910900, -2.418901491794176900 ) ) ;
#4902 = DIRECTION ( 'NONE',  ( -0.0000000000000000000, -1.000000000000000000, -0.0000000000000000000 ) ) ;
#4903 = CARTESIAN_POINT ( 'NONE',  ( -1.589409465725691900, 8.308686342582957400, 2.752937948667808100 ) ) ;
#4904 = CARTESIAN_POINT ( 'NONE',  ( -2.244884255301052700E-016, 5.984027779704783600, -3.666174209354123200 ) ) ;
#4905 = VERTEX_POINT ( 'NONE', #2078 ) ;
#4906 = CARTESIAN_POINT ( 'NONE',  ( -2.793106854861110700, 3.029513889852392300, 0.0000000000000000000 ) ) ;
#4907 = DIRECTION ( 'NONE',  ( 0.0000000000000000000, 1.000000000000000000, 0.0000000000000000000 ) ) ;
#4908 = ORIENTED_EDGE ( 'NONE', *, *, #5160, .F. ) ;
#4909 = EDGE_CURVE ( 'NONE', #4866, #1236, #2467, .T. ) ;
#4910 = ADVANCED_FACE ( 'NONE', ( #4078 ), #4913, .F. ) ;
#4911 = EDGE_CURVE ( 'NONE', #127, #3458, #4018, .T. ) ;
#4912 = EDGE_CURVE ( 'NONE', #1987, #3072, #4664, .T. ) ;
#4913 = PLANE ( 'NONE',  #3084 ) ;
#4914 = B_SPLINE_CURVE_WITH_KNOTS ( 'NONE', 3,
 ( #599, #4561, #3418, #2142, #2545 ),
 .UNSPECIFIED., .F., .F.,
 ( 4, 1, 4 ),
 ( 0.0000000000000000000, 1.039478735821726400E-006, 2.078957471643452700E-006 ),
 .UNSPECIFIED. ) ;
#4915 = VERTEX_POINT ( 'NONE', #2047 ) ;
#4916 = CARTESIAN_POINT ( 'NONE',  ( 0.3150987235113129600, 2.999653505395890400, -2.697642543859645400 ) ) ;
#4917 = EDGE_LOOP ( 'NONE', ( #3244, #861, #2285, #3395, #3734, #2101, #3700, #805 ) ) ;
#4918 = CARTESIAN_POINT ( 'NONE',  ( 2.400894543926035400, 4.494704766541013400, -2.061122633922322300 ) ) ;
#4919 = CARTESIAN_POINT ( 'NONE',  ( 2.793106854861110700, 4.795184306519058900, -3.420569369482190000E-016 ) ) ;
#4920 = CARTESIAN_POINT ( 'NONE',  ( 1.589409465725693600, 9.367019675916290900, -2.752937948667807200 ) ) ;
#4921 = CARTESIAN_POINT ( 'NONE',  ( -1.587500000000000400, 4.631712964889969100, -2.749630657015592400 ) ) ;
#4922 = AXIS2_PLACEMENT_3D ( 'NONE', #1903, #4734, #2299 ) ;
#4923 = VERTEX_POINT ( 'NONE', #3656 ) ;
#4924 = CIRCLE ( 'NONE', #283, 0.6350000000000000100 ) ;
#4925 = CARTESIAN_POINT ( 'NONE',  ( 3.174999999999999800, 8.541666666666667900, -3.888253587292846100E-016 ) ) ;
#4926 = CARTESIAN_POINT ( 'NONE',  ( -2.750084751017985800, 2.628550485413095200, -0.09507097383125222300 ) ) ;
#4927 = VERTEX_POINT ( 'NONE', #52 ) ;
#4928 = DIRECTION ( 'NONE',  ( 0.0000000000000000000, -1.000000000000000000, 0.0000000000000000000 ) ) ;
#4929 = ORIENTED_EDGE ( 'NONE', *, *, #1253, .F. ) ;
#4930 = CARTESIAN_POINT ( 'NONE',  ( 0.3150987235113129600, 3.000000000000000000, -2.697642543859645900 ) ) ;
#4931 = LINE ( 'NONE', #4824, #315 ) ;
#4932 = ORIENTED_EDGE ( 'NONE', *, *, #4882, .T. ) ;
#4933 = FACE_OUTER_BOUND ( 'NONE', #4842, .T. ) ;
#4934 = CARTESIAN_POINT ( 'NONE',  ( 3.100216763845960800, 4.438876624717689600, 0.2312247955380844200 ) ) ;
#4935 = CARTESIAN_POINT ( 'NONE',  ( 1.396553427430556700, 3.972036158370911200, 2.418901491794176500 ) ) ;
#4936 = CARTESIAN_POINT ( 'NONE',  ( 0.0000000000000000000, 8.802396902521437000, 0.0000000000000000000 ) ) ;
#4937 = FACE_OUTER_BOUND ( 'NONE', #801, .T. ) ;
#4938 = CARTESIAN_POINT ( 'NONE',  ( -3.174999999999999800, 3.955555555555556600, 0.0000000000000000000 ) ) ;
#4939 = CARTESIAN_POINT ( 'NONE',  ( -1.974866646252330800E-016, 9.026736112074614100, -3.225201989058902100 ) ) ;
#4940 = CARTESIAN_POINT ( 'NONE',  ( -3.174999999999999800, 8.188888888888890000, 0.0000000000000000000 ) ) ;
#4941 = CYLINDRICAL_SURFACE ( 'NONE', #1631, 0.6350000000000000100 ) ;
#4942 = DIRECTION ( 'NONE',  ( 0.0000000000000000000, 0.0000000000000000000, -1.000000000000000000 ) ) ;
#4943 = LINE ( 'NONE', #5100, #4047 ) ;
#4944 = DIRECTION ( 'NONE',  ( -1.224646799147353900E-016, 0.0000000000000000000, -1.000000000000000000 ) ) ;
#4945 = CARTESIAN_POINT ( 'NONE',  ( 1.587500000000167800, 6.630787038963849700, -2.749630657015884200 ) ) ;
#4946 = EDGE_CURVE ( 'NONE', #1020, #1609, #3572, .T. ) ;
#4947 = VERTEX_POINT ( 'NONE', #3265 ) ;
#4948 = ORIENTED_EDGE ( 'NONE', *, *, #4782, .T. ) ;
#4949 = CARTESIAN_POINT ( 'NONE',  ( 1.670534157986077300, 4.372569828775818100, 2.543521843322619900 ) ) ;
#4950 = CARTESIAN_POINT ( 'NONE',  ( 5.924599938756993300E-016, 6.735462084296836200, 3.225201989058902100 ) ) ;
#4951 = CARTESIAN_POINT ( 'NONE',  ( 2.697643460050251000, 3.002137639031063000, -0.3150919155324575800 ) ) ;
#4952 = CARTESIAN_POINT ( 'NONE',  ( -3.178818931451388600, 3.957760416657032800, 0.0000000000000000000 ) ) ;
#4953 = CARTESIAN_POINT ( 'NONE',  ( 3.175000000000001200, 5.748842594519597800, 1.833087104677060500 ) ) ;
#4954 = ORIENTED_EDGE ( 'NONE', *, *, #2430, .F. ) ;
#4955 = DIRECTION ( 'NONE',  ( -0.0000000000000000000, -1.000000000000000000, -0.0000000000000000000 ) ) ;
#4956 = AXIS2_PLACEMENT_3D ( 'NONE', #2208, #1403, #1032 ) ;
#4957 = CARTESIAN_POINT ( 'NONE',  ( 0.0000000000000000000, 4.770000000000001400, 0.0000000000000000000 ) ) ;
#4958 = AXIS2_PLACEMENT_3D ( 'NONE', #4707, #4254, #1036 ) ;
#4959 = CARTESIAN_POINT ( 'NONE',  ( -0.3291510380559973800, 2.808929894163201700, -2.731086726686778200 ) ) ;
#4960 = CARTESIAN_POINT ( 'NONE',  ( 4.336808689942017700E-016, 1.600000000000000100, 0.0000000000000000000 ) ) ;
#4961 = ORIENTED_EDGE ( 'NONE', *, *, #3710, .T. ) ;
#4962 = CARTESIAN_POINT ( 'NONE',  ( 0.8507386859586416600, 5.864324493112647500, -3.175000000005876500 ) ) ;
#4963 = CARTESIAN_POINT ( 'NONE',  ( 2.793106854861110700, 7.676202825037577800, -1.612600994529452200 ) ) ;
#4964 = CARTESIAN_POINT ( 'NONE',  ( 0.0000000000000000000, 4.770000000000001400, 0.0000000000000000000 ) ) ;
#4965 = CARTESIAN_POINT ( 'NONE',  ( -1.589409465725694700, 4.545723379619995600, -2.752937948667806700 ) ) ;
#4966 = CARTESIAN_POINT ( 'NONE',  ( 1.587499999999999200, 4.514120372297376200, -2.749630657015592800 ) ) ;
#4967 = VERTEX_POINT ( 'NONE', #4898 ) ;
#4968 = CARTESIAN_POINT ( 'NONE',  ( -2.725431483040754900, 2.997624060207222400, -0.3667740874847484300 ) ) ;
#4969 = CARTESIAN_POINT ( 'NONE',  ( -2.526243824041454300E-011, 4.925694446370513900, 3.174999999999998900 ) ) ;
#4970 = DIRECTION ( 'NONE',  ( -0.0000000000000000000, -1.000000000000000000, -0.0000000000000000000 ) ) ;
#4971 = CARTESIAN_POINT ( 'NONE',  ( 1.396553427430556700, 6.616087963926466000, 2.418901491794176500 ) ) ;
#4972 = ORIENTED_EDGE ( 'NONE', *, *, #3808, .F. ) ;
#4973 = CARTESIAN_POINT ( 'NONE',  ( -1.974866646252331000E-016, 7.615625000963502700, -3.225201989058902500 ) ) ;
#4974 = EDGE_CURVE ( 'NONE', #201, #2303, #2883, .T. ) ;
#4975 = EDGE_CURVE ( 'NONE', #3818, #4259, #3964, .T. ) ;
#4976 = ORIENTED_EDGE ( 'NONE', *, *, #1382, .T. ) ;
#4977 = CARTESIAN_POINT ( 'NONE',  ( 2.755455298081543800E-016, 7.620000000000001900, 2.249999999999999600 ) ) ;
#4978 = VECTOR ( 'NONE', #1004, 1000.000000000000000 ) ;
#4979 = CYLINDRICAL_SURFACE ( 'NONE', #2002, 2.080000000000000100 ) ;
#4980 = CARTESIAN_POINT ( 'NONE',  ( 1.293713046754688700, 4.525001125089585400, -2.899471387166683300 ) ) ;
#4981 = CARTESIAN_POINT ( 'NONE',  ( 2.793106854861111500, 4.736388010222762900, 1.612600994529450200 ) ) ;
#4982 = ADVANCED_FACE ( 'NONE', ( #1185 ), #3441, .T. ) ;
#4983 = DIRECTION ( 'NONE',  ( 1.000000000000000000, -0.0000000000000000000, -0.0000000000000000000 ) ) ;
#4984 = CARTESIAN_POINT ( 'NONE',  ( 1.589409465725693600, 4.428130787027402700, -2.752937948667807200 ) ) ;
#4985 = CARTESIAN_POINT ( 'NONE',  ( -3.174999999999999800, 2.573842594519598800, -1.833087104677061400 ) ) ;
#4986 = VERTEX_POINT ( 'NONE', #4930 ) ;
#4987 = AXIS2_PLACEMENT_3D ( 'NONE', #2239, #992, #2983 ) ;
#4988 = AXIS2_PLACEMENT_3D ( 'NONE', #3180, #793, #523 ) ;
#4989 = CIRCLE ( 'NONE', #3934, 0.6350000000000000100 ) ;
#4990 = CLOSED_SHELL ( 'NONE', ( #3036, #3834, #3348, #1803, #2617, #4640, #3638, #1696, #2562, #1853, #537, #2195, #1084, #174, #4167, #2147, #2043, #2985, #4046, #3372, #3319, #5016, #1029, #904, #2955, #3615, #2905, #618, #3752, #1779, #4223, #70, #4886, #4580, #3078, #3241, #830, #4910, #5093, #1058, #4854, #1351, #3857, #3483, #569, #2690, #2172, #2591, #2879, #206, #1745, #5038, #5071, #1276, #123, #3878, #4747, #2514, #4248, #2825, #144, #4667, #1005, #3274, #3696, #4715, #2093, #2235, #2268, #2120, #3804, #1406, #4608, #2216, #5269, #1431, #1830, #1875, #3777, #511, #954, #3013, #4196 ) ) ;
#4991 = CARTESIAN_POINT ( 'NONE',  ( -2.750079601185813100, 3.337779045401848800, 0.08542947505395071000 ) ) ;
#4992 = B_SPLINE_CURVE_WITH_KNOTS ( 'NONE', 3,
 ( #2829, #3228, #87, #496, #4548, #4179, #4163, #4113, #2948, #3312, #534, #1304, #2150, #2181, #4566, #3298 ),
 .UNSPECIFIED., .F., .F.,
 ( 4, 2, 2, 2, 2, 2, 2, 4 ),
 ( 2.168404344971008900E-018, 0.001069100167284510400, 0.001603650250926764000, 0.002138200334569017700, 0.002672750418211271400, 0.003207300501853525100, 0.003741850585495778300, 0.004276400669138031100 ),
 .UNSPECIFIED. ) ;
#4993 = PLANE ( 'NONE',  #5171 ) ;
#4994 = CARTESIAN_POINT ( 'NONE',  ( -2.793106854861111100, 5.616550926889429400, -1.612600994529450800 ) ) ;
#4995 = FACE_OUTER_BOUND ( 'NONE', #734, .T. ) ;
#4996 = CARTESIAN_POINT ( 'NONE',  ( 1.396553427430554700, 6.851273149111651900, -2.418901491794177300 ) ) ;
#4997 = CYLINDRICAL_SURFACE ( 'NONE', #2777, 3.174999999999999800 ) ;
#4998 = DIRECTION ( 'NONE',  ( 0.0000000000000000000, -1.000000000000000000, 0.0000000000000000000 ) ) ;
#4999 = ORIENTED_EDGE ( 'NONE', *, *, #3678, .T. ) ;
#5000 = DIRECTION ( 'NONE',  ( -0.0000000000000000000, -1.000000000000000000, -0.0000000000000000000 ) ) ;
#5001 = CARTESIAN_POINT ( 'NONE',  ( -4.067155351693835700E-016, 8.012500000000001100, -3.175000000000000700 ) ) ;
#5002 = FACE_OUTER_BOUND ( 'NONE', #544, .T. ) ;
#5003 = VECTOR ( 'NONE', #290, 1000.000000000000000 ) ;
#5004 = CARTESIAN_POINT ( 'NONE',  ( 2.744234854729882000, 2.668516873495785400, 0.1906034099075886400 ) ) ;
#5005 = DIRECTION ( 'NONE',  ( 0.0000000000000000000, -1.000000000000000000, -0.0000000000000000000 ) ) ;
#5006 = CARTESIAN_POINT ( 'NONE',  ( 2.793106854861110700, 7.615625000963503600, -3.420569369482190000E-016 ) ) ;
#5007 = VECTOR ( 'NONE', #5219, 1000.000000000000000 ) ;
#5008 = CARTESIAN_POINT ( 'NONE',  ( -3.178818931451388200, 6.838778935175551700, 1.835291965778539400 ) ) ;
#5009 = CARTESIAN_POINT ( 'NONE',  ( 2.793106854861110700, 8.144791667630169500, -3.420569369482190000E-016 ) ) ;
#5010 = EDGE_CURVE ( 'NONE', #4468, #261, #4992, .T. ) ;
#5011 = VERTEX_POINT ( 'NONE', #442 ) ;
#5012 = DIRECTION ( 'NONE',  ( -0.0000000000000000000, -1.000000000000000000, -0.0000000000000000000 ) ) ;
#5013 = CARTESIAN_POINT ( 'NONE',  ( -1.396553427430553300, 6.498495371333873100, 2.418901491794178200 ) ) ;
#5014 = ORIENTED_EDGE ( 'NONE', *, *, #413, .T. ) ;
#5015 = CARTESIAN_POINT ( 'NONE',  ( 2.793106854861110200, 7.498032408370910700, -1.612600994529452200 ) ) ;
#5016 = ADVANCED_FACE ( 'NONE', ( #4199 ), #3376, .T. ) ;
#5017 = CARTESIAN_POINT ( 'NONE',  ( -2.249999999999999600, 7.440000000000002200, 0.0000000000000000000 ) ) ;
#5018 = ORIENTED_EDGE ( 'NONE', *, *, #3038, .T. ) ;
#5019 = CARTESIAN_POINT ( 'NONE',  ( -0.4717840607735703800, 7.440000000000002200, 0.1016000000000000100 ) ) ;
#5020 = DIRECTION ( 'NONE',  ( 0.0000000000000000000, 0.0000000000000000000, 1.000000000000000000 ) ) ;
#5021 = EDGE_CURVE ( 'NONE', #3072, #1987, #1750, .T. ) ;
#5022 = AXIS2_PLACEMENT_3D ( 'NONE', #4307, #214, #5048 ) ;
#5023 = CARTESIAN_POINT ( 'NONE',  ( 2.749916975406575800, 2.629816603016792000, -0.09894014647467312700 ) ) ;
#5024 = DIRECTION ( 'NONE',  ( 0.0008571809050108209800, 0.9999793467416074900, 0.006369562867591167800 ) ) ;
#5025 = CARTESIAN_POINT ( 'NONE',  ( 1.589409465725695900, 7.015167824064439700, 2.752937948667805800 ) ) ;
#5026 = CARTESIAN_POINT ( 'NONE',  ( 2.793106854861111500, 8.791550926889428300, 1.612600994529450200 ) ) ;
#5027 = CARTESIAN_POINT ( 'NONE',  ( -2.730971514616340900, 3.189269158032690800, -0.3298286988961343100 ) ) ;
#5028 = CARTESIAN_POINT ( 'NONE',  ( 3.039999999999999600, -4.129999999999999900, 2.825048672147085300 ) ) ;
#5029 = AXIS2_PLACEMENT_3D ( 'NONE', #299, #320, #699 ) ;
#5030 = ORIENTED_EDGE ( 'NONE', *, *, #1588, .T. ) ;
#5031 = CARTESIAN_POINT ( 'NONE',  ( 2.793106854861111500, 7.380439815778317800, 1.612600994529450200 ) ) ;
#5032 = CARTESIAN_POINT ( 'NONE',  ( -1.396553427430555500, 4.852199075037577600, -2.418901491794176900 ) ) ;
#5033 = CARTESIAN_POINT ( 'NONE',  ( -0.3674048548385715500, 2.905151026526908700, -2.725346597823444600 ) ) ;
#5034 = ORIENTED_EDGE ( 'NONE', *, *, #4391, .F. ) ;
#5035 = DIRECTION ( 'NONE',  ( -1.000000000000000000, 0.0000000000000000000, 0.0000000000000000000 ) ) ;
#5036 = ORIENTED_EDGE ( 'NONE', *, *, #2965, .F. ) ;
#5037 = CARTESIAN_POINT ( 'NONE',  ( 0.3145578742816962900, 3.085978592127085000, 2.697715328398548900 ) ) ;
#5038 = ADVANCED_FACE ( 'NONE', ( #4662 ), #928, .F. ) ;
#5039 = CARTESIAN_POINT ( 'NONE',  ( 0.09583351638558688900, 3.370809924360835800, 2.750000000000014700 ) ) ;
#5040 = CARTESIAN_POINT ( 'NONE',  ( -1.974866646252330800E-016, 9.203125000963504800, -3.225201989058902100 ) ) ;
#5041 = CARTESIAN_POINT ( 'NONE',  ( -0.5736725546860332900, 7.440000000000002200, -0.1016000000000000100 ) ) ;
#5042 = PLANE ( 'NONE',  #1298 ) ;
#5043 = ORIENTED_EDGE ( 'NONE', *, *, #1492, .T. ) ;
#5044 = CARTESIAN_POINT ( 'NONE',  ( 2.793106854861110700, 5.381365741704244400, -1.612600994529452200 ) ) ;
#5045 = LINE ( 'NONE', #2645, #2071 ) ;
#5046 = CARTESIAN_POINT ( 'NONE',  ( -2.863168882286830600, 4.230200779767213400, 0.4487058900243569600 ) ) ;
#5047 = EDGE_CURVE ( 'NONE', #1929, #4602, #295, .T. ) ;
#5048 = DIRECTION ( 'NONE',  ( 0.0000000000000000000, 0.0000000000000000000, -1.000000000000000000 ) ) ;
#5049 = EDGE_CURVE ( 'NONE', #682, #2939, #1436, .T. ) ;
#5050 = ORIENTED_EDGE ( 'NONE', *, *, #4632, .T. ) ;
#5051 =( NAMED_UNIT ( * ) PLANE_ANGLE_UNIT ( ) SI_UNIT ( $, .RADIAN. ) );
#5052 = VECTOR ( 'NONE', #1292, 1000.000000000000000 ) ;
#5053 = DIRECTION ( 'NONE',  ( 0.0000000000000000000, 1.000000000000000000, 0.0000000000000000000 ) ) ;
#5054 = CARTESIAN_POINT ( 'NONE',  ( 2.793106854861110700, 3.442869491704244400, -1.612600994529452200 ) ) ;
#5055 = CARTESIAN_POINT ( 'NONE',  ( -0.09616716705346269000, 2.629190075644689100, 2.749999999999996900 ) ) ;
#5056 = CONICAL_SURFACE ( 'NONE', #3146, 0.6350000000000000100, 0.7853981633974509400 ) ;
#5057 = CARTESIAN_POINT ( 'NONE',  ( 2.725431540799080600, 3.002443016038342200, -0.3667736582951051600 ) ) ;
#5058 = VERTEX_POINT ( 'NONE', #106 ) ;
#5059 = PRESENTATION_LAYER_ASSIGNMENT (  '', '', ( #799 ) ) ;
#5060 = AXIS2_PLACEMENT_3D ( 'NONE', #178, #3408, #3423 ) ;
#5061 = VERTEX_POINT ( 'NONE', #2516 ) ;
#5062 = DIRECTION ( 'NONE',  ( 0.0000000000000000000, 1.000000000000000000, 0.0000000000000000000 ) ) ;
#5063 = ADVANCED_FACE ( 'NONE', ( #2316 ), #4393, .F. ) ;
#5064 = CYLINDRICAL_SURFACE ( 'NONE', #2847, 0.6350000000000000100 ) ;
#5065 = VECTOR ( 'NONE', #3793, 1000.000000000000000 ) ;
#5066 = DIRECTION ( 'NONE',  ( 0.0000000000000000000, 0.0000000000000000000, -1.000000000000000000 ) ) ;
#5067 = PLANE ( 'NONE',  #3048 ) ;
#5068 = CARTESIAN_POINT ( 'NONE',  ( 2.793106854861110700, 5.381365741704244400, -1.612600994529452200 ) ) ;
#5069 = CARTESIAN_POINT ( 'NONE',  ( -3.178818931451388600, 6.863767363047752000, 0.0000000000000000000 ) ) ;
#5070 = CARTESIAN_POINT ( 'NONE',  ( -1.312805636532841800, 4.143117653710570300, -2.465357431156733000 ) ) ;
#5071 = ADVANCED_FACE ( 'NONE', ( #1939 ), #1373, .F. ) ;
#5072 = DIRECTION ( 'NONE',  ( -0.006369562867591170400, 0.9999793467416074900, 0.0008571809050107987500 ) ) ;
#5073 = LINE ( 'NONE', #2185, #4418 ) ;
#5074 = CARTESIAN_POINT ( 'NONE',  ( 0.8507386859549596100, 8.069185606150538700, -3.175000000008727500 ) ) ;
#5075 = CARTESIAN_POINT ( 'NONE',  ( 0.09694536779434032000, 2.629190075644606900, 2.750000000000008400 ) ) ;
#5076 = EDGE_LOOP ( 'NONE', ( #1094, #2518, #3159, #3526 ) ) ;
#5077 = CARTESIAN_POINT ( 'NONE',  ( 0.0000000000000000000, 8.802396902521437000, 0.0000000000000000000 ) ) ;
#5078 = CARTESIAN_POINT ( 'NONE',  ( -0.3303250404541855400, 2.911322944190409600, 2.730328506153056900 ) ) ;
#5079 = CARTESIAN_POINT ( 'NONE',  ( -1.045047765402551200, 2.898904085047766500, -2.621843380387722800 ) ) ;
#5080 = CARTESIAN_POINT ( 'NONE',  ( -0.3661614899558494100, 2.900533028376194100, 2.725513923161175400 ) ) ;
#5081 = CARTESIAN_POINT ( 'NONE',  ( 2.730931389384561900, 2.811162829778135500, -0.3302479857493940700 ) ) ;
#5082 = ORIENTED_EDGE ( 'NONE', *, *, #3232, .F. ) ;
#5083 = VERTEX_POINT ( 'NONE', #4601 ) ;
#5084 = EDGE_CURVE ( 'NONE', #1064, #2769, #2629, .T. ) ;
#5085 = CARTESIAN_POINT ( 'NONE',  ( 0.09674399875365608000, 3.370809924360727000, -2.749999999999996900 ) ) ;
#5086 = DIRECTION ( 'NONE',  ( -0.0000000000000000000, -1.000000000000000000, -0.0000000000000000000 ) ) ;
#5087 = EDGE_CURVE ( 'NONE', #3998, #3544, #3124, .T. ) ;
#5088 = CARTESIAN_POINT ( 'NONE',  ( 5.924599938756993300E-016, 4.440625000963503800, 3.225201989058902100 ) ) ;
#5089 = ORIENTED_EDGE ( 'NONE', *, *, #55, .T. ) ;
#5090 = CARTESIAN_POINT ( 'NONE',  ( -2.247584431391540000E-016, 8.804045140825527600, -3.670583931557075200 ) ) ;
#5091 = CARTESIAN_POINT ( 'NONE',  ( 3.175000000000048200, 7.159953705630682600, 1.833087104677087800 ) ) ;
#5092 = CARTESIAN_POINT ( 'NONE',  ( -2.850000000000000100, 3.000000000000000000, 0.0000000000000000000 ) ) ;
#5093 = ADVANCED_FACE ( 'NONE', ( #1247 ), #3007, .T. ) ;
#5094 =( GEOMETRIC_REPRESENTATION_CONTEXT ( 3 ) GLOBAL_UNCERTAINTY_ASSIGNED_CONTEXT ( ( #2660 ) ) GLOBAL_UNIT_ASSIGNED_CONTEXT ( ( #3114, #303, #4797 ) ) REPRESENTATION_CONTEXT ( 'NONE', 'WORKASPACE' ) );
#5095 = AXIS2_PLACEMENT_3D ( 'NONE', #837, #3680, #3639 ) ;
#5096 = CARTESIAN_POINT ( 'NONE',  ( 2.793106854861111500, 8.084231482444986100, 1.612600994529450200 ) ) ;
#5097 = CARTESIAN_POINT ( 'NONE',  ( 0.2837130184387480200, 2.834767502255488600, 2.702368370366960500 ) ) ;
#5098 = CARTESIAN_POINT ( 'NONE',  ( 2.825048672147085300, 1.600000000000000100, 3.039999999999999600 ) ) ;
#5099 = ORIENTED_EDGE ( 'NONE', *, *, #4637, .T. ) ;
#5100 = CARTESIAN_POINT ( 'NONE',  ( -2.039999999999998700, -4.129999999999999900, -3.040000000000000500 ) ) ;
#5101 =( BOUNDED_CURVE ( )  B_SPLINE_CURVE ( 2, ( #2659, #5074, #2606, #3815, #3006, #603, #1424, #2988, #2245 ),
 .UNSPECIFIED., .F., .F. ) 
 B_SPLINE_CURVE_WITH_KNOTS ( ( 3, 2, 2, 2, 3 ),
 ( 0.002119478510983060700, 0.003777675448350070000, 0.007094069323025193100, 0.01041046319770031600, 0.01206866013503782800 ),
 .UNSPECIFIED. ) 
 CURVE ( )  GEOMETRIC_REPRESENTATION_ITEM ( )  RATIONAL_B_SPLINE_CURVE ( ( 0.9330127018922194100, 0.9330127018910296900, 1.000000000000000000, 0.8660254037844387100, 1.000000000000000000, 0.8660254037844387100, 1.000000000000000000, 0.9330127018922214100, 0.9330127018922194100 ) ) 
 REPRESENTATION_ITEM ( '' )  );
#5102 = MANIFOLD_SOLID_BREP ( 'Boss-Extrude3', #1346 ) ;
#5103 = DIRECTION ( 'NONE',  ( 0.0000000000000000000, -0.7071067811865466800, -0.7071067811865483500 ) ) ;
#5104 = DIRECTION ( 'NONE',  ( 1.000000000000000000, 0.0000000000000000000, 0.0000000000000000000 ) ) ;
#5105 = CARTESIAN_POINT ( 'NONE',  ( -1.974866646252330800E-016, 9.203125000963504800, -3.225201989058902100 ) ) ;
#5106 = AXIS2_PLACEMENT_3D ( 'NONE', #4858, #2029, #4 ) ;
#5107 = CARTESIAN_POINT ( 'NONE',  ( -3.178818931451388200, 8.333674770455159500, 1.835291965778539400 ) ) ;
#5108 = VERTEX_POINT ( 'NONE', #2212 ) ;
#5109 = PLANE ( 'NONE',  #661 ) ;
#5110 = DIRECTION ( 'NONE',  ( -0.0000000000000000000, -1.000000000000000000, 0.0000000000000000000 ) ) ;
#5111 = DIRECTION ( 'NONE',  ( -0.0000000000000000000, -1.000000000000000000, -0.0000000000000000000 ) ) ;
#5112 = VERTEX_POINT ( 'NONE', #1409 ) ;
#5113 = CARTESIAN_POINT ( 'NONE',  ( 0.09055064498975157200, 3.336400696876051800, -2.749918040417038700 ) ) ;
#5114 = EDGE_LOOP ( 'NONE', ( #4631, #4314, #1158, #3566 ) ) ;
#5115 = VECTOR ( 'NONE', #2215, 1000.000000000000000 ) ;
#5116 = CARTESIAN_POINT ( 'NONE',  ( 2.793106854861111500, 8.789787038000540100, 1.612600994529450200 ) ) ;
#5117 = DIRECTION ( 'NONE',  ( 0.0000000000000000000, 0.0000000000000000000, -1.000000000000000000 ) ) ;
#5118 = VERTEX_POINT ( 'NONE', #2196 ) ;
#5119 = DIRECTION ( 'NONE',  ( -0.0000000000000000000, 1.000000000000000000, -0.0000000000000000000 ) ) ;
#5120 = EDGE_CURVE ( 'NONE', #4927, #4468, #2066, .T. ) ;
#5121 = ORIENTED_EDGE ( 'NONE', *, *, #1928, .T. ) ;
#5122 = ADVANCED_FACE ( 'NONE', ( #3567, #564 ), #2621, .T. ) ;
#5123 = CARTESIAN_POINT ( 'NONE',  ( -3.175000000000999500, 4.661111111111689600, 0.0000000000000000000 ) ) ;
#5124 = CARTESIAN_POINT ( 'NONE',  ( 2.039999999999999600, -4.129999999999999900, -3.040000000000000500 ) ) ;
#5125 = CARTESIAN_POINT ( 'NONE',  ( -2.793106854861111100, 4.910995371333873600, -1.612600994529450800 ) ) ;
#5126 = ORIENTED_EDGE ( 'NONE', *, *, #3134, .F. ) ;
#5127 = CARTESIAN_POINT ( 'NONE',  ( -0.3205834076993275800, 4.323710402166643300, 2.973710402167862600 ) ) ;
#5128 = CARTESIAN_POINT ( 'NONE',  ( -0.3150987235112940300, 3.000000000000000000, 2.697642543859648100 ) ) ;
#5129 = CARTESIAN_POINT ( 'NONE',  ( -3.175000000000335600, 6.160416668593478900, 0.0000000000000000000 ) ) ;
#5130 = CARTESIAN_POINT ( 'NONE',  ( 1.587499999999999200, 5.131481481481482200, -2.749630657015592800 ) ) ;
#5131 = EDGE_CURVE ( 'NONE', #4905, #4674, #3959, .T. ) ;
#5132 = ORIENTED_EDGE ( 'NONE', *, *, #342, .T. ) ;
#5133 =( NAMED_UNIT ( * ) PLANE_ANGLE_UNIT ( ) SI_UNIT ( $, .RADIAN. ) );
#5134 = ORIENTED_EDGE ( 'NONE', *, *, #4315, .T. ) ;
#5135 = FACE_OUTER_BOUND ( 'NONE', #4595, .T. ) ;
#5136 = FACE_OUTER_BOUND ( 'NONE', #3506, .T. ) ;
#5137 = CARTESIAN_POINT ( 'NONE',  ( -0.1734078351710404400, 3.300559062894190100, -2.745266016216788300 ) ) ;
#5138 = CARTESIAN_POINT ( 'NONE',  ( 1.396553427430554700, 7.555064815778317600, -2.418901491794177300 ) ) ;
#5139 = DIRECTION ( 'NONE',  ( 0.0000000000000000000, 0.0000000000000000000, 1.000000000000000000 ) ) ;
#5140 = CIRCLE ( 'NONE', #1733, 0.04999999999999999600 ) ;
#5141 = DIRECTION ( 'NONE',  ( 0.0000000000000000000, 1.000000000000000000, -0.0000000000000000000 ) ) ;
#5142 = CYLINDRICAL_SURFACE ( 'NONE', #3112, 3.174999999999999800 ) ;
#5143 = B_SPLINE_CURVE_WITH_KNOTS ( 'NONE', 3,
 ( #2671, #3491, #4267, #4283, #3436 ),
 .UNSPECIFIED., .F., .F.,
 ( 4, 1, 4 ),
 ( 0.001015090464331861100, 0.001016166647867984500, 0.001017242831404107900 ),
 .UNSPECIFIED. ) ;
#5144 = AXIS2_PLACEMENT_3D ( 'NONE', #1868, #2246, #2266 ) ;
#5145 = LINE ( 'NONE', #1041, #56 ) ;
#5146 = DIRECTION ( 'NONE',  ( -0.0000000000000000000, -1.000000000000000000, -0.0000000000000000000 ) ) ;
#5147 = CARTESIAN_POINT ( 'NONE',  ( 1.396553427430556700, 3.088310186148688800, 2.418901491794176500 ) ) ;
#5148 = CARTESIAN_POINT ( 'NONE',  ( 3.178818931451388600, 7.216545140825529900, -3.892930429470952600E-016 ) ) ;
#5149 = CARTESIAN_POINT ( 'NONE',  ( 0.0000000000000000000, 0.5000000000000000000, 0.0000000000000000000 ) ) ;
#5150 = DIRECTION ( 'NONE',  ( -0.0000000000000000000, 0.0000000000000000000, -1.000000000000000000 ) ) ;
#5151 = CARTESIAN_POINT ( 'NONE',  ( 3.175000000000001200, 7.071759259259260400, 1.833087104677060500 ) ) ;
#5152 = VERTEX_POINT ( 'NONE', #4216 ) ;
#5153 = CARTESIAN_POINT ( 'NONE',  ( 2.850000000000000100, 3.000000000000000000, 0.0000000000000000000 ) ) ;
#5154 = DIRECTION ( 'NONE',  ( 0.0000000000000000000, 0.0000000000000000000, 1.000000000000000000 ) ) ;
#5155 = ADVANCED_FACE ( 'NONE', ( #687 ), #4269, .F. ) ;
#5156 = CARTESIAN_POINT ( 'NONE',  ( -2.725431540799233800, 3.002443016035500500, 0.3667736582917495700 ) ) ;
#5157 = EDGE_LOOP ( 'NONE', ( #1059, #2234, #5202, #702 ) ) ;
#5158 = CARTESIAN_POINT ( 'NONE',  ( 5.924599938756993300E-016, 6.555527778741280900, 3.225201989058902100 ) ) ;
#5159 = CARTESIAN_POINT ( 'NONE',  ( -4.067155351693835700E-016, 8.012500000000001100, -3.175000000000000700 ) ) ;
#5160 = EDGE_CURVE ( 'NONE', #3749, #2917, #224, .T. ) ;
#5161 = DIRECTION ( 'NONE',  ( -0.0000000000000000000, -1.000000000000000000, -0.0000000000000000000 ) ) ;
#5162 = CARTESIAN_POINT ( 'NONE',  ( 2.793106854861110700, 7.615625000963503600, -3.420569369482190000E-016 ) ) ;
#5163 = EDGE_CURVE ( 'NONE', #3369, #296, #4329, .T. ) ;
#5164 = CARTESIAN_POINT ( 'NONE',  ( 3.178818931451388200, 3.042008103788492100, -1.835291965778538900 ) ) ;
#5165 = CARTESIAN_POINT ( 'NONE',  ( -2.793106854861110700, 7.733217593556095600, -1.612600994529450800 ) ) ;
#5166 = CARTESIAN_POINT ( 'NONE',  ( -1.906444209774899500E-011, 4.572916668594378300, -3.174999999999998900 ) ) ;
#5167 = CARTESIAN_POINT ( 'NONE',  ( 3.174999999999998900, 5.778240740740741000, -1.833087104677063200 ) ) ;
#5168 = APPLICATION_CONTEXT ( 'automotive_design' ) ;
#5169 = ORIENTED_EDGE ( 'NONE', *, *, #912, .F. ) ;
#5170 = CARTESIAN_POINT ( 'NONE',  ( -0.3150919155356715100, 3.002137639031074100, -2.697643460049959700 ) ) ;
#5171 = AXIS2_PLACEMENT_3D ( 'NONE', #1368, #83, #4109 ) ;
#5172 = AXIS2_PLACEMENT_3D ( 'NONE', #93, #2156, #1311 ) ;
#5173 = ORIENTED_EDGE ( 'NONE', *, *, #3164, .T. ) ;
#5174 = CARTESIAN_POINT ( 'NONE',  ( 2.793106854861110700, 6.085157408370910100, -1.612600994529452200 ) ) ;
#5175 = DIRECTION ( 'NONE',  ( 0.0000000000000000000, -1.000000000000000000, 0.0000000000000000000 ) ) ;
#5176 = CARTESIAN_POINT ( 'NONE',  ( 0.0000000000000000000, 9.370000000000001000, 0.0000000000000000000 ) ) ;
#5177 = B_SPLINE_CURVE_WITH_KNOTS ( 'NONE', 3,
 ( #1063, #2678, #260, #1483 ),
 .UNSPECIFIED., .F., .F.,
 ( 4, 4 ),
 ( 0.0000000000000000000, 0.0001427629685589020500 ),
 .UNSPECIFIED. ) ;
#5178 = ORIENTED_EDGE ( 'NONE', *, *, #3708, .F. ) ;
#5179 = DIRECTION ( 'NONE',  ( 0.0000000000000000000, 1.000000000000000000, 0.0000000000000000000 ) ) ;
#5180 = CARTESIAN_POINT ( 'NONE',  ( -2.793106854861110700, 7.262847223185726600, 0.0000000000000000000 ) ) ;
#5181 = AXIS2_PLACEMENT_3D ( 'NONE', #1812, #3837, #4624 ) ;
#5182 = CARTESIAN_POINT ( 'NONE',  ( -3.178818931451389100, 6.099415511195899400, -1.835291965778537400 ) ) ;
#5183 = CARTESIAN_POINT ( 'NONE',  ( -2.825048672147084000, -4.129999999999999900, -3.040000000000000500 ) ) ;
#5184 = DIRECTION ( 'NONE',  ( -1.000000000000000000, 0.0000000000000000000, 1.748315655815669100E-016 ) ) ;
#5185 = CARTESIAN_POINT ( 'NONE',  ( -2.244884255301052700E-016, 5.895833333333334800, -3.666174209354123200 ) ) ;
#5186 = CARTESIAN_POINT ( 'NONE',  ( 3.629585880595513600E-016, 8.599999999999999600, 2.750000000000000000 ) ) ;
#5187 = ORIENTED_EDGE ( 'NONE', *, *, #552, .F. ) ;
#5188 = FACE_BOUND ( 'NONE', #788, .T. ) ;
#5189 = ORIENTED_EDGE ( 'NONE', *, *, #3273, .T. ) ;
#5190 = CARTESIAN_POINT ( 'NONE',  ( 0.0000000000000000000, 7.440000000000002200, -0.6350000000000000100 ) ) ;
#5191 = CARTESIAN_POINT ( 'NONE',  ( 0.0000000000000000000, 0.1999999999999992300, 0.0000000000000000000 ) ) ;
#5192 = CARTESIAN_POINT ( 'NONE',  ( -2.793106854861111100, 2.792564815778317800, -1.612600994529450800 ) ) ;
#5193 = CARTESIAN_POINT ( 'NONE',  ( -2.793106854861109300, 6.616087963926465100, 1.612600994529452800 ) ) ;
#5194 = CIRCLE ( 'NONE', #27, 2.750000000000000000 ) ;
#5195 = EDGE_CURVE ( 'NONE', #1242, #490, #5101, .T. ) ;
#5196 = CARTESIAN_POINT ( 'NONE',  ( 0.09616716705346684000, 2.629190075644684700, -2.749999999999996400 ) ) ;
#5197 = EDGE_CURVE ( 'NONE', #2229, #3219, #1307, .T. ) ;
#5198 = ORIENTED_EDGE ( 'NONE', *, *, #1492, .F. ) ;
#5199 = CARTESIAN_POINT ( 'NONE',  ( 0.3156305897191128400, 2.917569302466267400, 2.697570967612528100 ) ) ;
#5200 = EDGE_CURVE ( 'NONE', #296, #3369, #427, .T. ) ;
#5201 = VERTEX_POINT ( 'NONE', #641 ) ;
#5202 = ORIENTED_EDGE ( 'NONE', *, *, #750, .F. ) ;
#5203 = FACE_OUTER_BOUND ( 'NONE', #1357, .T. ) ;
#5204 = DIRECTION ( 'NONE',  ( -1.000000000000000000, -0.0000000000000000000, -0.0000000000000000000 ) ) ;
#5205 = CARTESIAN_POINT ( 'NONE',  ( -1.974866646252330800E-016, 8.497569445407949100, -3.225201989058902100 ) ) ;
#5206 = CARTESIAN_POINT ( 'NONE',  ( 3.178818931451388600, 6.510989585269974200, -3.892930429470952600E-016 ) ) ;
#5207 = CARTESIAN_POINT ( 'NONE',  ( 1.396553427430554700, 8.262384260222763300, -2.418901491794177300 ) ) ;
#5208 = FACE_OUTER_BOUND ( 'NONE', #3470, .T. ) ;
#5209 = CARTESIAN_POINT ( 'NONE',  ( -2.697642543859576600, 3.000356276667893100, 0.3150987235118651900 ) ) ;
#5210 = CARTESIAN_POINT ( 'NONE',  ( -1.587500000000000400, 5.954629629629630800, -2.749630657015592400 ) ) ;
#5211 = CIRCLE ( 'NONE', #3520, 2.299999999999999800 ) ;
#5212 = STYLED_ITEM ( 'NONE', ( #4146 ), #3820 ) ;
#5213 = FACE_OUTER_BOUND ( 'NONE', #1002, .T. ) ;
#5214 = CARTESIAN_POINT ( 'NONE',  ( 0.0000000000000000000, 7.570000000000002100, 0.0000000000000000000 ) ) ;
#5215 = CARTESIAN_POINT ( 'NONE',  ( 2.793106854861110700, 8.203587963926466400, -1.612600994529452200 ) ) ;
#5216 = CARTESIAN_POINT ( 'NONE',  ( -1.396553427430553300, 4.558217593556096700, 2.418901491794178200 ) ) ;
#5217 = FACE_OUTER_BOUND ( 'NONE', #4790, .T. ) ;
#5218 = CARTESIAN_POINT ( 'NONE',  ( 2.650048032947014600E-011, 6.954166666667649800, 3.175000000000000700 ) ) ;
#5219 = DIRECTION ( 'NONE',  ( -1.000000000000000000, -0.0000000000000000000, 1.535127069738579100E-016 ) ) ;
#5220 = CARTESIAN_POINT ( 'NONE',  ( -2.825048672147084000, -4.129999999999999900, 3.040000000000000500 ) ) ;
#5221 = CARTESIAN_POINT ( 'NONE',  ( 1.396553427430554700, 7.733217593556095600, -2.418901491794177300 ) ) ;
#5222 = ORIENTED_EDGE ( 'NONE', *, *, #3541, .T. ) ;
#5223 = CARTESIAN_POINT ( 'NONE',  ( 1.589409465725695900, 6.393396992677381300, 2.752937948667805800 ) ) ;
#5224 = EDGE_LOOP ( 'NONE', ( #301, #2108, #4206, #3039, #3462, #612 ) ) ;
#5225 = CARTESIAN_POINT ( 'NONE',  ( 2.793106854861110700, 4.852199075037576700, -1.612600994529452200 ) ) ;
#5226 = EDGE_LOOP ( 'NONE', ( #1829, #3607, #4954, #695, #1842 ) ) ;
#5227 = CARTESIAN_POINT ( 'NONE',  ( 2.730331082275014400, 3.089677256771611100, -0.3303034960502515000 ) ) ;
#5228 = CARTESIAN_POINT ( 'NONE',  ( 2.793106854861110700, 3.262935186148687700, -1.612600994529452200 ) ) ;
#5229 = CARTESIAN_POINT ( 'NONE',  ( -2.793106854861109300, 5.910532408370911200, 1.612600994529452800 ) ) ;
#5230 = CARTESIAN_POINT ( 'NONE',  ( 2.730328506153141300, 2.911322944190394900, 0.3303250404540599700 ) ) ;
#5231 = CARTESIAN_POINT ( 'NONE',  ( 0.3674006858997851400, 2.905793455769302800, 2.725347158856265700 ) ) ;
#5232 = CARTESIAN_POINT ( 'NONE',  ( -2.526243824041454000E-011, 4.925694446370513900, 3.174999999999998900 ) ) ;
#5233 = CARTESIAN_POINT ( 'NONE',  ( -2.697642543859650300, 3.084419846495048300, -0.3150987235112848200 ) ) ;
#5234 = CARTESIAN_POINT ( 'NONE',  ( -2.793106854861111100, 5.087384260222763500, -1.612600994529450800 ) ) ;
#5235 = EDGE_CURVE ( 'NONE', #1285, #3018, #4794, .T. ) ;
#5236 = CARTESIAN_POINT ( 'NONE',  ( 6.742753294174620500E-016, 4.217934029714419000, 3.670583931557075200 ) ) ;
#5237 = ORIENTED_EDGE ( 'NONE', *, *, #3201, .T. ) ;
#5238 = CARTESIAN_POINT ( 'NONE',  ( -1.974866646252330800E-016, 6.380902778741281100, -3.225201989058902100 ) ) ;
#5239 = CARTESIAN_POINT ( 'NONE',  ( -2.483166838645085600E-011, 5.543055555554635900, 3.175000000000000700 ) ) ;
#5240 = CARTESIAN_POINT ( 'NONE',  ( -1.396553427430555500, 5.557754630593133300, -2.418901491794176900 ) ) ;
#5241 = CARTESIAN_POINT ( 'NONE',  ( 2.750079601185813100, 3.337779045401848800, -0.08542947505395071000 ) ) ;
#5242 = CARTESIAN_POINT ( 'NONE',  ( 1.396553427430556700, 3.088310186148688800, 2.418901491794176500 ) ) ;
#5243 = ORIENTED_EDGE ( 'NONE', *, *, #4053, .F. ) ;
#5244 = CARTESIAN_POINT ( 'NONE',  ( -2.731038449828450800, 2.809673460673118400, 0.3294423970777893300 ) ) ;
#5245 = AXIS2_PLACEMENT_3D ( 'NONE', #2003, #2759, #4000 ) ;
#5246 = CARTESIAN_POINT ( 'NONE',  ( -2.793106854861110200, 4.321268519482022600, 1.612600994529452600 ) ) ;
#5247 = CARTESIAN_POINT ( 'NONE',  ( -1.396553427430555500, 6.439699075037577100, -2.418901491794176900 ) ) ;
#5248 = CARTESIAN_POINT ( 'NONE',  ( 2.730263959453998800, 2.997850539453667600, 0.3308648348763486600 ) ) ;
#5249 = ORIENTED_EDGE ( 'NONE', *, *, #3930, .T. ) ;
#5250 = FACE_OUTER_BOUND ( 'NONE', #4232, .T. ) ;
#5251 = CARTESIAN_POINT ( 'NONE',  ( 2.792194702055964600E-016, 0.0000000000000000000, 2.279999999999999800 ) ) ;
#5252 = CARTESIAN_POINT ( 'NONE',  ( -0.6503186963367703100, 2.880504068606613000, -2.716345246073660100 ) ) ;
#5253 = CARTESIAN_POINT ( 'NONE',  ( 1.589409465725695900, 2.865619214899604000, 2.752937948667805800 ) ) ;
#5254 = CYLINDRICAL_SURFACE ( 'NONE', #3173, 3.174999999999999800 ) ;
#5255 = CARTESIAN_POINT ( 'NONE',  ( 2.793106854861111500, 6.145717593556096100, 1.612600994529450200 ) ) ;
#5256 = DIRECTION ( 'NONE',  ( 0.0000000000000000000, 0.0000000000000000000, -1.000000000000000000 ) ) ;
#5257 = CARTESIAN_POINT ( 'NONE',  ( 2.793106854861111500, 3.147106482444984800, 1.612600994529450200 ) ) ;
#5258 = FACE_OUTER_BOUND ( 'NONE', #2016, .T. ) ;
#5259 = CARTESIAN_POINT ( 'NONE',  ( -2.731407343582813200, 2.804824063397917600, -0.3264483438533887800 ) ) ;
#5260 = ORIENTED_EDGE ( 'NONE', *, *, #4909, .F. ) ;
#5261 = CARTESIAN_POINT ( 'NONE',  ( -1.396553427430555500, 4.850435186148688500, -2.418901491794176900 ) ) ;
#5262 = DIRECTION ( 'NONE',  ( 0.0000000000000000000, 1.000000000000000000, 0.0000000000000000000 ) ) ;
#5263 = VECTOR ( 'NONE', #3025, 1000.000000000000000 ) ;
#5264 = CIRCLE ( 'NONE', #4956, 0.3500000000000000300 ) ;
#5265 = EDGE_CURVE ( 'NONE', #2358, #1217, #2501, .T. ) ;
#5266 = VECTOR ( 'NONE', #1935, 1000.000000000000000 ) ;
#5267 = DIRECTION ( 'NONE',  ( -0.0000000000000000000, -0.0000000000000000000, -1.000000000000000000 ) ) ;
#5268 = CARTESIAN_POINT ( 'NONE',  ( -2.793106854861111100, 4.381828704667206900, -1.612600994529450800 ) ) ;
#5269 = ADVANCED_FACE ( 'NONE', ( #4731 ), #2816, .F. ) ;
#5270 = CIRCLE ( 'NONE', #4508, 2.750000000000000000 ) ;
#5271 = CARTESIAN_POINT ( 'NONE',  ( -3.174999999999999800, 8.218287038964042800, -1.833087104677061400 ) ) ;
#5272 = CARTESIAN_POINT ( 'NONE',  ( -1.396553427430555500, 6.439699075037577100, -2.418901491794176900 ) ) ;
#5273 =( BOUNDED_CURVE ( )  B_SPLINE_CURVE ( 2, ( #3960, #4357, #3926, #1947, #4786, #2357, #5207, #2298, #2702, #707, #1507, #4321, #1920, #4755, #2317, #5165, #2726, #4973, #3331, #5015, #153, #4195, #4177, #548, #173, #138, #1388, #2165, #2582, #4139, #4996, #2194, #3763, #1739, #1756, #568, #1371, #3004, #1811, #3383, #586, #1350, #3347, #4620, #1778, #4598, #978, #2964, #3795, #4639, #2146, #1795, #2548, #3744, #945, #2529, #4563, #2210, #531, #122, #4159, #3363, #1405, #964, #5032, #2601, #601, #3403, #996, #103, #3813, #2928, #925, #3021, #1070, #3833, #1864, #3492, #5070 ),
 .UNSPECIFIED., .F., .F. ) 
 B_SPLINE_CURVE_WITH_KNOTS ( ( 3, 2, 2, 2, 2, 2, 2, 2, 2, 2, 2, 2, 2, 2, 2, 2, 2, 2, 2, 2, 2, 2, 2, 2, 2, 2, 2, 2, 2, 2, 2, 2, 2, 2, 2, 2, 2, 2, 2, 3 ),
 ( 0.09159797207586165000, 0.1000000000000000100, 0.1166666666666666700, 0.1333333333333333300, 0.1499999999999999900, 0.1666666666666666600, 0.1833333333333333200, 0.2000000000000000100, 0.2166666666666666700, 0.2333333333333333400, 0.2500000000000000000, 0.2666666666666666600, 0.2833333333333333300, 0.2999999999999999300, 0.3166666666666666500, 0.3333333333333333100, 0.3499999999999999800, 0.3666666666666665900, 0.3833333333333333000, 0.4000000000000000200, 0.4166666666666666300, 0.4333333333333333500, 0.4499999999999999600, 0.4666666666666666700, 0.4833333333333332800, 0.5000000000000000000, 0.5166666666666667200, 0.5333333333333334400, 0.5500000000000001600, 0.5666666666666666500, 0.5833333333333333700, 0.5999999999999999800, 0.6166666666666667000, 0.6333333333333333000, 0.6500000000000000200, 0.6666666666666666300, 0.6833333333333333500, 0.6999999999999999600, 0.7166666666666666700, 0.7172356017056302800 ),
 .UNSPECIFIED. ) 
 CURVE ( )  GEOMETRIC_REPRESENTATION_ITEM ( )  RATIONAL_B_SPLINE_CURVE ( ( 0.9330172538689681700, 0.9324605020883016700, 1.000000000000000000, 0.8660254037844387100, 1.000000000000000000, 0.8660254037844387100, 1.000000000000000000, 0.8660254037844387100, 1.000000000000000000, 0.8660254037844387100, 1.000000000000000000, 0.8660254037844387100, 1.000000000000000000, 0.8660254037844387100, 1.000000000000000000, 0.8660254037844387100, 1.000000000000000000, 0.8660254037844387100, 1.000000000000000000, 0.8660254037844387100, 1.000000000000000000, 0.8660254037844387100, 1.000000000000000000, 0.8660254037844387100, 1.000000000000000000, 0.8660254037844387100, 1.000000000000000000, 0.8660254037844387100, 1.000000000000000000, 0.8660254037844387100, 1.000000000000000000, 0.8660254037844387100, 1.000000000000000000, 0.8660254037844387100, 1.000000000000000000, 0.8660254037844387100, 1.000000000000000000, 0.8660254037844387100, 1.000000000000000000, 0.8660254037844387100, 1.000000000000000000, 0.8660254037844387100, 1.000000000000000000, 0.8660254037844387100, 1.000000000000000000, 0.8660254037844387100, 1.000000000000000000, 0.8660254037844387100, 1.000000000000000000, 0.8660254037844387100, 1.000000000000000000, 0.8660254037844387100, 1.000000000000000000, 0.8660254037844387100, 1.000000000000000000, 0.8660254037844387100, 1.000000000000000000, 0.8660254037844387100, 1.000000000000000000, 0.8660254037844387100, 1.000000000000000000, 0.8660254037844387100, 1.000000000000000000, 0.8660254037844387100, 1.000000000000000000, 0.8660254037844387100, 1.000000000000000000, 0.8660254037844387100, 1.000000000000000000, 0.8660254037844387100, 1.000000000000000000, 0.8660254037844387100, 1.000000000000000000, 0.8660254037844387100, 1.000000000000000000, 0.8660254037844387100, 1.000000000000000000, 0.9954266294729180500, 0.9911654930345185100 ) ) 
 REPRESENTATION_ITEM ( '' )  );
#5274 = CIRCLE ( 'NONE', #2005, 2.080000000000000100 ) ;
#5275 = CARTESIAN_POINT ( 'NONE',  ( 1.396553427430556700, 7.498032408370910700, 2.418901491794176500 ) ) ;
#5276 = AXIS2_PLACEMENT_3D ( 'NONE', #2549, #2986, #997 ) ;
#5277 = AXIS2_PLACEMENT_3D ( 'NONE', #100, #4970, #1319 ) ;
ENDSEC;
END-ISO-10303-21;
