ISO-10303-21;
HEADER;
/* Generated by software containing ST-Developer
 * from STEP Tools, Inc. (www.steptools.com) 
 */
/* OPTION: strings as raw bytes, not using required /X/ escapes */

FILE_DESCRIPTION(
/* description */ ('Unknown'),
/* implementation_level */ '2;1');

FILE_NAME(
/* name */ '74430820xxA',
/* time_stamp */ '2019-08-23T07:21:07+02:00',
/* author */ ('Unknown'),
/* organization */ ('Unknown'),
/* preprocessor_version */ 'ST-DEVELOPER v16.7',
/* originating_system */ 'DEX',
/* authorisation */ $);

FILE_SCHEMA (('AUTOMOTIVE_DESIGN {1 0 10303 214 3 1 1}'));
ENDSEC;

DATA;
#10=PROPERTY_DEFINITION_REPRESENTATION(#14,#12);
#11=PROPERTY_DEFINITION_REPRESENTATION(#15,#13);
#12=REPRESENTATION('',(#16),#5193);
#13=REPRESENTATION('',(#17),#5193);
#14=PROPERTY_DEFINITION('pmi validation property','',#5198);
#15=PROPERTY_DEFINITION('pmi validation property','',#5198);
#16=VALUE_REPRESENTATION_ITEM('number of annotations',COUNT_MEASURE(0.));
#17=VALUE_REPRESENTATION_ITEM('number of views',COUNT_MEASURE(0.));
#18=B_SPLINE_SURFACE_WITH_KNOTS('',3,1,((#4295,#4296),(#4297,#4298),(#4299,
#4300),(#4301,#4302),(#4303,#4304),(#4305,#4306)),
 .SURF_OF_LINEAR_EXTRUSION.,.F.,.F.,.F.,(4,1,1,4),(2,2),(0.149069852529666,
0.205269041541305,0.233368636047124,0.261468230552944),(0.,1.),
 .UNSPECIFIED.);
#19=B_SPLINE_SURFACE_WITH_KNOTS('',3,1,((#4316,#4317),(#4318,#4319),(#4320,
#4321),(#4322,#4323),(#4324,#4325),(#4326,#4327)),
 .SURF_OF_LINEAR_EXTRUSION.,.F.,.F.,.F.,(4,1,1,4),(2,2),(0.261468230552944,
0.289661200214341,0.317854169875738,0.374240109198532),(0.,1.),
 .UNSPECIFIED.);
#20=B_SPLINE_SURFACE_WITH_KNOTS('',3,1,((#4392,#4393),(#4394,#4395),(#4396,
#4397),(#4398,#4399)),.SURF_OF_LINEAR_EXTRUSION.,.F.,.F.,.F.,(4,4),(2,2),
(0.973259864798146,1.),(0.,1.),.PIECEWISE_BEZIER_KNOTS.);
#21=B_SPLINE_SURFACE_WITH_KNOTS('',3,1,((#4408,#4409),(#4410,#4411),(#4412,
#4413),(#4414,#4415),(#4416,#4417),(#4418,#4419),(#4420,#4421),(#4422,#4423),
(#4424,#4425),(#4426,#4427),(#4428,#4429),(#4430,#4431)),
 .SURF_OF_LINEAR_EXTRUSION.,.F.,.F.,.F.,(4,1,1,1,1,1,1,1,1,4),(2,2),(0.,
0.0452342624448546,0.0904685248897092,0.135702787334564,0.180937049779418,
0.226171312224273,0.271405574669128,0.294022705891555,0.316639837113982,
0.361874099558837),(0.,1.),.UNSPECIFIED.);
#22=B_SPLINE_SURFACE_WITH_KNOTS('',3,1,((#4459,#4460),(#4461,#4462),(#4463,
#4464),(#4465,#4466),(#4467,#4468),(#4469,#4470),(#4471,#4472),(#4473,#4474),
(#4475,#4476),(#4477,#4478),(#4479,#4480)),.SURF_OF_LINEAR_EXTRUSION.,.F.,
 .F.,.F.,(4,1,1,1,1,1,1,1,4),(2,2),(0.361874099558837,0.371647795630619,
0.3814214917024,0.400968883845964,0.420516275989528,0.440063668133091,0.459611060276655,
0.479158452420218,0.518253236707346),(0.,1.),.UNSPECIFIED.);
#23=B_SPLINE_SURFACE_WITH_KNOTS('',3,1,((#4505,#4506),(#4507,#4508),(#4509,
#4510),(#4511,#4512),(#4513,#4514),(#4515,#4516),(#4517,#4518),(#4519,#4520),
(#4521,#4522),(#4523,#4524),(#4525,#4526),(#4527,#4528),(#4529,#4530),(#4531,
#4532)),.SURF_OF_LINEAR_EXTRUSION.,.F.,.F.,.F.,(4,1,1,1,1,1,1,1,1,1,1,4),
(2,2),(0.55270373426795,0.64897662022508,0.697113063203645,0.721181284692927,
0.745249506182209,0.769317727671492,0.793385949160774,0.817454170650056,
0.841522392139339,0.889658835117904,0.913727056607186,0.937795278096469),
(0.,1.),.UNSPECIFIED.);
#24=B_SPLINE_SURFACE_WITH_KNOTS('',3,1,((#4564,#4565),(#4566,#4567),(#4568,
#4569),(#4570,#4571),(#4572,#4573),(#4574,#4575),(#4576,#4577)),
 .SURF_OF_LINEAR_EXTRUSION.,.F.,.F.,.F.,(4,1,1,1,4),(2,2),(0.499265096298639,
0.624448822223979,0.74963254814932,0.87481627407466,1.),(0.,1.),
 .UNSPECIFIED.);
#25=B_SPLINE_SURFACE_WITH_KNOTS('',3,1,((#4616,#4617),(#4618,#4619),(#4620,
#4621),(#4622,#4623),(#4624,#4625),(#4626,#4627),(#4628,#4629),(#4630,#4631)),
 .SURF_OF_LINEAR_EXTRUSION.,.F.,.F.,.F.,(4,1,1,1,1,4),(2,2),(0.,0.12481627407466,
0.24963254814932,0.312040685186649,0.374448822223979,0.499265096298639),
(0.,1.),.UNSPECIFIED.);
#26=B_SPLINE_SURFACE_WITH_KNOTS('',3,1,((#4699,#4700),(#4701,#4702),(#4703,
#4704),(#4705,#4706),(#4707,#4708)),.SURF_OF_LINEAR_EXTRUSION.,.F.,.F.,
 .F.,(4,1,4),(2,2),(0.409840806187227,0.484167983146907,0.558495160106587),
(0.,1.),.UNSPECIFIED.);
#27=B_SPLINE_SURFACE_WITH_KNOTS('',3,1,((#4727,#4728),(#4729,#4730),(#4731,
#4732),(#4733,#4734),(#4735,#4736),(#4737,#4738),(#4739,#4740)),
 .SURF_OF_LINEAR_EXTRUSION.,.F.,.F.,.F.,(4,1,1,1,4),(2,2),(0.610615742799227,
0.694766721326679,0.778917699854131,0.863068678381582,0.947219656909034),
(0.,1.),.UNSPECIFIED.);
#28=B_SPLINE_SURFACE_WITH_KNOTS('',3,1,((#4890,#4891),(#4892,#4893),(#4894,
#4895),(#4896,#4897),(#4898,#4899),(#4900,#4901),(#4902,#4903),(#4904,#4905),
(#4906,#4907),(#4908,#4909)),.SURF_OF_LINEAR_EXTRUSION.,.F.,.F.,.F.,(4,
1,1,1,1,1,1,4),(2,2),(0.245640314251374,0.32179757190239,0.359876200727898,
0.397954829553406,0.41699414396616,0.436033458378914,0.474112087204422,
0.550269344855437),(0.,1.),.UNSPECIFIED.);
#29=B_SPLINE_SURFACE_WITH_KNOTS('',3,1,((#4937,#4938),(#4939,#4940),(#4941,
#4942),(#4943,#4944),(#4945,#4946),(#4947,#4948),(#4949,#4950),(#4951,#4952),
(#4953,#4954),(#4955,#4956),(#4957,#4958),(#4959,#4960),(#4961,#4962),(#4963,
#4964),(#4965,#4966)),.SURF_OF_LINEAR_EXTRUSION.,.F.,.F.,.F.,(4,1,1,1,1,
1,1,1,1,1,1,1,4),(2,2),(0.582301816735134,0.63051003065828,0.678718244581427,
0.726926458504573,0.751030565466146,0.775134672427719,0.799238779389292,
0.823342886350865,0.847446993312438,0.871551100274011,0.895655207235584,
0.919759314197157,0.967967528120303),(0.,1.),.UNSPECIFIED.);
#30=B_SPLINE_SURFACE_WITH_KNOTS('',3,1,((#4988,#4989),(#4990,#4991),(#4992,
#4993),(#4994,#4995),(#4996,#4997),(#4998,#4999),(#5000,#5001),(#5002,#5003),
(#5004,#5005),(#5006,#5007),(#5008,#5009),(#5010,#5011)),
 .SURF_OF_LINEAR_EXTRUSION.,.F.,.F.,.F.,(4,1,1,1,1,1,1,1,1,4),(2,2),(0.606665047240643,
0.704998785430482,0.754165654525402,0.778749089072862,0.803332523620322,
0.827915958167781,0.852499392715241,0.901666261810161,0.95083313090508,
1.),(0.,1.),.UNSPECIFIED.);
#31=B_SPLINE_SURFACE_WITH_KNOTS('',3,1,((#5040,#5041),(#5042,#5043),(#5044,
#5045),(#5046,#5047),(#5048,#5049),(#5050,#5051),(#5052,#5053)),
 .SURF_OF_LINEAR_EXTRUSION.,.F.,.F.,.F.,(4,1,1,1,4),(2,2),(0.0289427784437562,
0.0674168280312652,0.105890877618774,0.144364927206283,0.182838976793792),
(0.,1.),.UNSPECIFIED.);
#32=B_SPLINE_SURFACE_WITH_KNOTS('',3,1,((#5070,#5071),(#5072,#5073),(#5074,
#5075),(#5076,#5077),(#5078,#5079),(#5080,#5081),(#5082,#5083)),
 .SURF_OF_LINEAR_EXTRUSION.,.F.,.F.,.F.,(4,1,1,1,4),(2,2),(0.182838976793792,
0.276841790440202,0.370844604086612,0.464847417733022,0.558850231379432),
(0.,1.),.UNSPECIFIED.);
#33=B_SPLINE_SURFACE_WITH_KNOTS('',3,1,((#5111,#5112),(#5113,#5114),(#5115,
#5116),(#5117,#5118),(#5119,#5120),(#5121,#5122),(#5123,#5124),(#5125,#5126),
(#5127,#5128),(#5129,#5130),(#5131,#5132),(#5133,#5134),(#5135,#5136),(#5137,
#5138)),.SURF_OF_LINEAR_EXTRUSION.,.T.,.F.,.F.,(1,1,1,1,1,1,1,1,1,1,1,1,
1,1,1,1,1,1),(2,2),(-0.251582888458847,-0.144967905741347,-0.0724839528706738,
0.,0.0427851746614527,0.0855703493229053,0.171140698645811,0.342281397291621,
0.486744640093717,0.558976261494765,0.631207882895814,0.748417111541153,
0.855032094258653,0.927516047129326,1.,1.04278517466145,1.08557034932291,
1.17114069864581),(0.,1.),.UNSPECIFIED.);
#34=DRAUGHTING_PRE_DEFINED_COLOUR('white');
#35=B_SPLINE_CURVE_WITH_KNOTS('',3,(#3870,#3871,#3872,#3873,#3874,#3875,
#3876,#3877,#3878,#3879,#3880,#3881,#3882,#3883,#3884,#3885,#3886,#3887,
#3888,#3889),.UNSPECIFIED.,.F.,.F.,(4,3,3,2,3,2,3,4),(0.582301816735134,
0.697897258735781,0.727682193021292,0.749965873996903,0.772249554972514,
0.818209178399425,0.864168801826335,0.967967528120303),.UNSPECIFIED.);
#36=B_SPLINE_CURVE_WITH_KNOTS('',3,(#3892,#3893,#3894,#3895),
 .UNSPECIFIED.,.F.,.F.,(4,4),(0.967967528120303,1.),.UNSPECIFIED.);
#37=B_SPLINE_CURVE_WITH_KNOTS('',3,(#3897,#3898,#3899,#3900),
 .UNSPECIFIED.,.F.,.F.,(4,4),(0.,0.189757577982989),.UNSPECIFIED.);
#38=B_SPLINE_CURVE_WITH_KNOTS('',3,(#3902,#3903,#3904,#3905),
 .UNSPECIFIED.,.F.,.F.,(4,4),(0.189757577982989,0.218656438483151),
 .UNSPECIFIED.);
#39=B_SPLINE_CURVE_WITH_KNOTS('',3,(#3907,#3908,#3909,#3910),
 .UNSPECIFIED.,.F.,.F.,(4,4),(0.218656438483151,0.245640314251374),
 .UNSPECIFIED.);
#40=B_SPLINE_CURVE_WITH_KNOTS('',3,(#3912,#3913,#3914,#3915,#3916,#3917,
#3918,#3919,#3920,#3921,#3922,#3923,#3924,#3925,#3926,#3927,#3928,#3929),
 .UNSPECIFIED.,.F.,.F.,(4,2,3,3,3,3,4),(0.245640314251374,0.317563337196489,
0.348999890271838,0.376335385920031,0.402372375392432,0.433633459013527,
0.550269344855437),.UNSPECIFIED.);
#41=B_SPLINE_CURVE_WITH_KNOTS('',3,(#3931,#3932,#3933,#3934),
 .UNSPECIFIED.,.F.,.F.,(4,4),(0.550269344855437,0.582301816735134),
 .UNSPECIFIED.);
#42=B_SPLINE_CURVE_WITH_KNOTS('',1,(#3935,#3936),.UNSPECIFIED.,.F.,.F.,
(2,2),(0.5,0.767088607594936),.UNSPECIFIED.);
#43=B_SPLINE_CURVE_WITH_KNOTS('',1,(#3939,#3940),.UNSPECIFIED.,.F.,.F.,
(2,2),(0.767088607594936,1.),.UNSPECIFIED.);
#44=B_SPLINE_CURVE_WITH_KNOTS('',1,(#3942,#3943),.UNSPECIFIED.,.F.,.F.,
(2,2),(0.,0.267088607594936),.UNSPECIFIED.);
#45=B_SPLINE_CURVE_WITH_KNOTS('',1,(#3945,#3946),.UNSPECIFIED.,.F.,.F.,
(2,2),(0.267088607594936,0.5),.UNSPECIFIED.);
#46=B_SPLINE_CURVE_WITH_KNOTS('',3,(#3947,#3948,#3949,#3950,#3951,#3952,
#3953,#3954,#3955,#3956,#3957,#3958,#3959,#3960,#3961),.UNSPECIFIED.,.F.,
 .F.,(4,2,3,3,3,4),(0.610615742799227,0.649515610191698,0.683995038107752,
0.719625121518288,0.782799083170768,0.947219656909034),.UNSPECIFIED.);
#47=B_SPLINE_CURVE_WITH_KNOTS('',3,(#3964,#3965,#3966,#3967),
 .UNSPECIFIED.,.F.,.F.,(4,4),(0.947219656909034,1.),.UNSPECIFIED.);
#48=B_SPLINE_CURVE_WITH_KNOTS('',3,(#3969,#3970,#3971,#3972),
 .UNSPECIFIED.,.F.,.F.,(4,4),(0.,0.314374721142911),.UNSPECIFIED.);
#49=B_SPLINE_CURVE_WITH_KNOTS('',3,(#3974,#3975,#3976,#3977),
 .UNSPECIFIED.,.F.,.F.,(4,4),(0.314374721142911,0.362251972252749),
 .UNSPECIFIED.);
#50=B_SPLINE_CURVE_WITH_KNOTS('',3,(#3979,#3980,#3981,#3982),
 .UNSPECIFIED.,.F.,.F.,(4,4),(0.362251972252749,0.409840806187227),
 .UNSPECIFIED.);
#51=B_SPLINE_CURVE_WITH_KNOTS('',3,(#3984,#3985,#3986,#3987,#3988,#3989,
#3990,#3991,#3992),.UNSPECIFIED.,.F.,.F.,(4,3,2,4),(0.409840806187227,0.465242072542819,
0.502901973289724,0.558495160106587),.UNSPECIFIED.);
#52=B_SPLINE_CURVE_WITH_KNOTS('',3,(#3994,#3995,#3996,#3997),
 .UNSPECIFIED.,.F.,.F.,(4,4),(0.558495160106587,0.610615742799227),
 .UNSPECIFIED.);
#53=B_SPLINE_CURVE_WITH_KNOTS('',3,(#3998,#3999,#4000,#4001),
 .UNSPECIFIED.,.F.,.F.,(4,4),(0.878124202881752,0.984247345950703),
 .UNSPECIFIED.);
#54=B_SPLINE_CURVE_WITH_KNOTS('',3,(#4004,#4005,#4006,#4007),
 .UNSPECIFIED.,.F.,.F.,(4,4),(0.984247345950703,1.),.UNSPECIFIED.);
#55=B_SPLINE_CURVE_WITH_KNOTS('',3,(#4009,#4010,#4011,#4012),
 .UNSPECIFIED.,.F.,.F.,(4,4),(0.,0.124528875694971),.UNSPECIFIED.);
#56=B_SPLINE_CURVE_WITH_KNOTS('',3,(#4014,#4015,#4016,#4017),
 .UNSPECIFIED.,.F.,.F.,(4,4),(0.124528875694971,0.149069852529666),
 .UNSPECIFIED.);
#57=B_SPLINE_CURVE_WITH_KNOTS('',3,(#4019,#4020,#4021,#4022,#4023,#4024,
#4025),.UNSPECIFIED.,.F.,.F.,(4,3,4),(0.149069852529666,0.242039240282829,
0.261468230552944),.UNSPECIFIED.);
#58=B_SPLINE_CURVE_WITH_KNOTS('',3,(#4027,#4028,#4029,#4030,#4031,#4032,
#4033),.UNSPECIFIED.,.F.,.F.,(4,3,4),(0.261468230552944,0.28252187520109,
0.374240109198532),.UNSPECIFIED.);
#59=B_SPLINE_CURVE_WITH_KNOTS('',3,(#4035,#4036,#4037,#4038),
 .UNSPECIFIED.,.F.,.F.,(4,4),(0.374240109198532,0.396128007456503),
 .UNSPECIFIED.);
#60=B_SPLINE_CURVE_WITH_KNOTS('',3,(#4040,#4041,#4042,#4043),
 .UNSPECIFIED.,.F.,.F.,(4,4),(0.396128007456503,0.520656883151474),
 .UNSPECIFIED.);
#61=B_SPLINE_CURVE_WITH_KNOTS('',3,(#4045,#4046,#4047,#4048),
 .UNSPECIFIED.,.F.,.F.,(4,4),(0.520656883151474,0.536492445906294),
 .UNSPECIFIED.);
#62=B_SPLINE_CURVE_WITH_KNOTS('',3,(#4050,#4051,#4052,#4053),
 .UNSPECIFIED.,.F.,.F.,(4,4),(0.536492445906294,0.640874506159269),
 .UNSPECIFIED.);
#63=B_SPLINE_CURVE_WITH_KNOTS('',3,(#4055,#4056,#4057,#4058),
 .UNSPECIFIED.,.F.,.F.,(4,4),(0.640874506159269,0.751474905777646),
 .UNSPECIFIED.);
#64=B_SPLINE_CURVE_WITH_KNOTS('',3,(#4060,#4061,#4062,#4063),
 .UNSPECIFIED.,.F.,.F.,(4,4),(0.751474905777646,0.766066837949627),
 .UNSPECIFIED.);
#65=B_SPLINE_CURVE_WITH_KNOTS('',3,(#4065,#4066,#4067,#4068),
 .UNSPECIFIED.,.F.,.F.,(4,4),(0.766066837949627,0.878124202881752),
 .UNSPECIFIED.);
#66=B_SPLINE_CURVE_WITH_KNOTS('',3,(#4069,#4070,#4071,#4072),
 .UNSPECIFIED.,.F.,.F.,(4,4),(0.937795278096469,0.973259864798146),
 .UNSPECIFIED.);
#67=B_SPLINE_CURVE_WITH_KNOTS('',3,(#4075,#4076,#4077,#4078),
 .UNSPECIFIED.,.F.,.F.,(4,4),(0.973259864798146,1.),.UNSPECIFIED.);
#68=B_SPLINE_CURVE_WITH_KNOTS('',3,(#4080,#4081,#4082,#4083,#4084,#4085,
#4086,#4087,#4088,#4089,#4090,#4091,#4092,#4093,#4094,#4095,#4096,#4097,
#4098,#4099,#4100,#4101,#4102,#4103,#4104),.UNSPECIFIED.,.F.,.F.,(4,3,2,
3,2,2,3,3,3,4),(0.,0.0435638216839925,0.0792759739261166,0.137980881721388,
0.185553075564697,0.212958795930951,0.240364516297205,0.267788989284262,
0.299022718295815,0.361874099558837),.UNSPECIFIED.);
#69=B_SPLINE_CURVE_WITH_KNOTS('',3,(#4106,#4107,#4108,#4109,#4110,#4111,
#4112,#4113,#4114,#4115,#4116,#4117,#4118,#4119,#4120),.UNSPECIFIED.,.F.,
 .F.,(4,2,3,3,3,4),(0.361874099558837,0.365413816403879,0.40333935402933,
0.445351932389542,0.482793293465244,0.518253236707346),.UNSPECIFIED.);
#70=B_SPLINE_CURVE_WITH_KNOTS('',3,(#4122,#4123,#4124,#4125),
 .UNSPECIFIED.,.F.,.F.,(4,4),(0.518253236707346,0.55270373426795),
 .UNSPECIFIED.);
#71=B_SPLINE_CURVE_WITH_KNOTS('',3,(#4127,#4128,#4129,#4130,#4131,#4132,
#4133,#4134,#4135,#4136,#4137,#4138,#4139,#4140,#4141,#4142,#4143,#4144,
#4145,#4146,#4147,#4148,#4149,#4150,#4151,#4152,#4153,#4154,#4155),
 .UNSPECIFIED.,.F.,.F.,(4,3,3,2,3,2,3,3,3,3,4),(0.55270373426795,0.591087798597977,
0.628264512461586,0.673559569258794,0.718372763749648,0.745662116123218,
0.772951468496788,0.804970043029894,0.851074147843539,0.911992415995526,
0.937795278096469),.UNSPECIFIED.);
#72=B_SPLINE_CURVE_WITH_KNOTS('',1,(#4156,#4157),.UNSPECIFIED.,.F.,.F.,
(2,2),(0.905318389752371,0.971672493844612),.UNSPECIFIED.);
#73=B_SPLINE_CURVE_WITH_KNOTS('',1,(#4160,#4161),.UNSPECIFIED.,.F.,.F.,
(2,2),(0.971672493844612,1.),.UNSPECIFIED.);
#74=B_SPLINE_CURVE_WITH_KNOTS('',1,(#4163,#4164),.UNSPECIFIED.,.F.,.F.,
(2,2),(0.,0.231238664377135),.UNSPECIFIED.);
#75=B_SPLINE_CURVE_WITH_KNOTS('',1,(#4166,#4167),.UNSPECIFIED.,.F.,.F.,
(2,2),(0.231238664377135,0.259566170532524),.UNSPECIFIED.);
#76=B_SPLINE_CURVE_WITH_KNOTS('',1,(#4169,#4170),.UNSPECIFIED.,.F.,.F.,
(2,2),(0.259566170532524,0.391042748014597),.UNSPECIFIED.);
#77=B_SPLINE_CURVE_WITH_KNOTS('',1,(#4172,#4173),.UNSPECIFIED.,.F.,.F.,
(2,2),(0.391042748014597,0.486950552238425),.UNSPECIFIED.);
#78=B_SPLINE_CURVE_WITH_KNOTS('',1,(#4175,#4176),.UNSPECIFIED.,.F.,.F.,
(2,2),(0.486950552238425,0.52389947331067),.UNSPECIFIED.);
#79=B_SPLINE_CURVE_WITH_KNOTS('',1,(#4178,#4179),.UNSPECIFIED.,.F.,.F.,
(2,2),(0.52389947331067,0.613611110426538),.UNSPECIFIED.);
#80=B_SPLINE_CURVE_WITH_KNOTS('',1,(#4181,#4182),.UNSPECIFIED.,.F.,.F.,
(2,2),(0.613611110426538,0.740513905775974),.UNSPECIFIED.);
#81=B_SPLINE_CURVE_WITH_KNOTS('',1,(#4184,#4185),.UNSPECIFIED.,.F.,.F.,
(2,2),(0.740513905775974,0.775615380794607),.UNSPECIFIED.);
#82=B_SPLINE_CURVE_WITH_KNOTS('',1,(#4187,#4188),.UNSPECIFIED.,.F.,.F.,
(2,2),(0.775615380794607,0.877881759759685),.UNSPECIFIED.);
#83=B_SPLINE_CURVE_WITH_KNOTS('',1,(#4190,#4191),.UNSPECIFIED.,.F.,.F.,
(2,2),(0.877881759759685,0.905318389752371),.UNSPECIFIED.);
#84=B_SPLINE_CURVE_WITH_KNOTS('',1,(#4192,#4193),.UNSPECIFIED.,.F.,.F.,
(2,2),(0.5,0.92778649921507),.UNSPECIFIED.);
#85=B_SPLINE_CURVE_WITH_KNOTS('',1,(#4196,#4197),.UNSPECIFIED.,.F.,.F.,
(2,2),(0.92778649921507,1.),.UNSPECIFIED.);
#86=B_SPLINE_CURVE_WITH_KNOTS('',1,(#4199,#4200),.UNSPECIFIED.,.F.,.F.,
(2,2),(0.,0.42778649921507),.UNSPECIFIED.);
#87=B_SPLINE_CURVE_WITH_KNOTS('',1,(#4202,#4203),.UNSPECIFIED.,.F.,.F.,
(2,2),(0.42778649921507,0.5),.UNSPECIFIED.);
#88=B_SPLINE_CURVE_WITH_KNOTS('',3,(#4204,#4205,#4206,#4207),
 .UNSPECIFIED.,.F.,.F.,(4,4),(0.58020751579744,0.606665047240643),
 .UNSPECIFIED.);
#89=B_SPLINE_CURVE_WITH_KNOTS('',3,(#4210,#4211,#4212,#4213,#4214,#4215,
#4216,#4217,#4218,#4219,#4220,#4221,#4222,#4223,#4224,#4225,#4226),
 .UNSPECIFIED.,.F.,.F.,(4,3,3,2,2,3,4),(0.606665047240643,0.756803569044848,
0.815199863785842,0.858155349706571,0.9011108356273,0.951876409897253,1.),
 .UNSPECIFIED.);
#90=B_SPLINE_CURVE_WITH_KNOTS('',3,(#4228,#4229,#4230,#4231),
 .UNSPECIFIED.,.F.,.F.,(4,4),(0.,0.0289427784437562),.UNSPECIFIED.);
#91=B_SPLINE_CURVE_WITH_KNOTS('',3,(#4233,#4234,#4235,#4236,#4237,#4238,
#4239,#4240,#4241,#4242,#4243,#4244,#4245,#4246),.UNSPECIFIED.,.F.,.F.,
(4,3,2,2,3,4),(0.0289427784437562,0.0517557706347695,0.0811537898240827,
0.11312413569246,0.145094481560838,0.182838976793792),.UNSPECIFIED.);
#92=B_SPLINE_CURVE_WITH_KNOTS('',3,(#4248,#4249,#4250,#4251,#4252,#4253,
#4254,#4255,#4256,#4257,#4258,#4259,#4260,#4261,#4262,#4263,#4264,#4265),
 .UNSPECIFIED.,.F.,.F.,(4,2,3,2,3,2,2,4),(0.182838976793792,0.235524243111121,
0.301819869893759,0.369369061871496,0.415142527487989,0.458299330204613,
0.501456132921239,0.558850231379432),.UNSPECIFIED.);
#93=B_SPLINE_CURVE_WITH_KNOTS('',3,(#4267,#4268,#4269,#4270),
 .UNSPECIFIED.,.F.,.F.,(4,4),(0.558850231379432,0.58020751579744),
 .UNSPECIFIED.);
#94=B_SPLINE_CURVE_WITH_KNOTS('',3,(#4275,#4276,#4277,#4278),
 .UNSPECIFIED.,.F.,.F.,(4,4),(0.984247345950703,1.),.UNSPECIFIED.);
#95=B_SPLINE_CURVE_WITH_KNOTS('',3,(#4282,#4283,#4284,#4285),
 .UNSPECIFIED.,.F.,.F.,(4,4),(0.,0.124528875694971),.UNSPECIFIED.);
#96=B_SPLINE_CURVE_WITH_KNOTS('',3,(#4289,#4290,#4291,#4292),
 .UNSPECIFIED.,.F.,.F.,(4,4),(0.124528875694971,0.149069852529666),
 .UNSPECIFIED.);
#97=B_SPLINE_CURVE_WITH_KNOTS('',3,(#4307,#4308,#4309,#4310,#4311,#4312,
#4313),.UNSPECIFIED.,.F.,.F.,(4,3,4),(0.149069852529666,0.242039240282829,
0.261468230552944),.UNSPECIFIED.);
#98=B_SPLINE_CURVE_WITH_KNOTS('',3,(#4328,#4329,#4330,#4331,#4332,#4333,
#4334),.UNSPECIFIED.,.F.,.F.,(4,3,4),(0.261468230552944,0.28252187520109,
0.374240109198532),.UNSPECIFIED.);
#99=B_SPLINE_CURVE_WITH_KNOTS('',3,(#4338,#4339,#4340,#4341),
 .UNSPECIFIED.,.F.,.F.,(4,4),(0.374240109198532,0.396128007456503),
 .UNSPECIFIED.);
#100=B_SPLINE_CURVE_WITH_KNOTS('',3,(#4345,#4346,#4347,#4348),
 .UNSPECIFIED.,.F.,.F.,(4,4),(0.396128007456503,0.520656883151474),
 .UNSPECIFIED.);
#101=B_SPLINE_CURVE_WITH_KNOTS('',3,(#4352,#4353,#4354,#4355),
 .UNSPECIFIED.,.F.,.F.,(4,4),(0.520656883151474,0.536492445906294),
 .UNSPECIFIED.);
#102=B_SPLINE_CURVE_WITH_KNOTS('',3,(#4359,#4360,#4361,#4362),
 .UNSPECIFIED.,.F.,.F.,(4,4),(0.536492445906294,0.640874506159269),
 .UNSPECIFIED.);
#103=B_SPLINE_CURVE_WITH_KNOTS('',3,(#4366,#4367,#4368,#4369),
 .UNSPECIFIED.,.F.,.F.,(4,4),(0.640874506159269,0.751474905777646),
 .UNSPECIFIED.);
#104=B_SPLINE_CURVE_WITH_KNOTS('',3,(#4373,#4374,#4375,#4376),
 .UNSPECIFIED.,.F.,.F.,(4,4),(0.751474905777646,0.766066837949627),
 .UNSPECIFIED.);
#105=B_SPLINE_CURVE_WITH_KNOTS('',3,(#4380,#4381,#4382,#4383),
 .UNSPECIFIED.,.F.,.F.,(4,4),(0.766066837949627,0.878124202881752),
 .UNSPECIFIED.);
#106=B_SPLINE_CURVE_WITH_KNOTS('',3,(#4387,#4388,#4389,#4390),
 .UNSPECIFIED.,.F.,.F.,(4,4),(0.878124202881752,0.984247345950703),
 .UNSPECIFIED.);
#107=B_SPLINE_CURVE_WITH_KNOTS('',3,(#4402,#4403,#4404,#4405),
 .UNSPECIFIED.,.F.,.F.,(4,4),(0.973259864798146,1.),.UNSPECIFIED.);
#108=B_SPLINE_CURVE_WITH_KNOTS('',3,(#4432,#4433,#4434,#4435,#4436,#4437,
#4438,#4439,#4440,#4441,#4442,#4443,#4444,#4445,#4446,#4447,#4448,#4449,
#4450,#4451,#4452,#4453,#4454,#4455,#4456),.UNSPECIFIED.,.F.,.F.,(4,3,2,
3,2,2,3,3,3,4),(0.,0.0435638216839925,0.0792759739261166,0.137980881721388,
0.185553075564697,0.212958795930951,0.240364516297205,0.267788989284262,
0.299022718295815,0.361874099558837),.UNSPECIFIED.);
#109=B_SPLINE_CURVE_WITH_KNOTS('',3,(#4481,#4482,#4483,#4484,#4485,#4486,
#4487,#4488,#4489,#4490,#4491,#4492,#4493,#4494,#4495),.UNSPECIFIED.,.F.,
 .F.,(4,2,3,3,3,4),(0.361874099558837,0.365413816403879,0.40333935402933,
0.445351932389542,0.482793293465244,0.518253236707346),.UNSPECIFIED.);
#110=B_SPLINE_CURVE_WITH_KNOTS('',3,(#4499,#4500,#4501,#4502),
 .UNSPECIFIED.,.F.,.F.,(4,4),(0.518253236707346,0.55270373426795),
 .UNSPECIFIED.);
#111=B_SPLINE_CURVE_WITH_KNOTS('',3,(#4533,#4534,#4535,#4536,#4537,#4538,
#4539,#4540,#4541,#4542,#4543,#4544,#4545,#4546,#4547,#4548,#4549,#4550,
#4551,#4552,#4553,#4554,#4555,#4556,#4557,#4558,#4559,#4560,#4561),
 .UNSPECIFIED.,.F.,.F.,(4,3,3,2,3,2,3,3,3,3,4),(0.55270373426795,0.591087798597977,
0.628264512461586,0.673559569258794,0.718372763749648,0.745662116123218,
0.772951468496788,0.804970043029894,0.851074147843539,0.911992415995526,
0.937795278096469),.UNSPECIFIED.);
#112=B_SPLINE_CURVE_WITH_KNOTS('',3,(#4578,#4579,#4580,#4581,#4582,#4583,
#4584,#4585,#4586,#4587,#4588,#4589,#4590,#4591,#4592,#4593),
 .UNSPECIFIED.,.F.,.F.,(4,3,3,3,3,4),(0.499265096298639,0.607595818716467,
0.730441237094497,0.841672752430367,0.958533283835743,1.),
 .PIECEWISE_BEZIER_KNOTS.);
#113=B_SPLINE_CURVE_WITH_KNOTS('',3,(#4598,#4599,#4600,#4601,#4602,#4603,
#4604,#4605,#4606,#4607,#4608,#4609,#4610,#4611,#4612,#4613),
 .UNSPECIFIED.,.F.,.F.,(4,3,3,3,3,4),(0.499265096298639,0.607595818716467,
0.730441237094497,0.841672752430367,0.958533283835743,1.),
 .PIECEWISE_BEZIER_KNOTS.);
#114=B_SPLINE_CURVE_WITH_KNOTS('',3,(#4632,#4633,#4634,#4635,#4636,#4637,
#4638,#4639,#4640,#4641,#4642,#4643,#4644,#4645,#4646),.UNSPECIFIED.,.F.,
 .F.,(4,3,3,3,2,4),(0.,0.192720247722041,0.295769340488981,0.355183468830475,
0.411410445403417,0.499265096298639),.UNSPECIFIED.);
#115=B_SPLINE_CURVE_WITH_KNOTS('',3,(#4647,#4648,#4649,#4650,#4651,#4652,
#4653,#4654,#4655,#4656,#4657,#4658,#4659,#4660,#4661),.UNSPECIFIED.,.F.,
 .F.,(4,3,3,3,2,4),(0.,0.192720247722041,0.295769340488981,0.355183468830475,
0.411410445403417,0.499265096298639),.UNSPECIFIED.);
#116=B_SPLINE_CURVE_WITH_KNOTS('',3,(#4663,#4664,#4665,#4666),
 .UNSPECIFIED.,.F.,.F.,(4,4),(0.937795278096469,0.973259864798146),
 .UNSPECIFIED.);
#117=B_SPLINE_CURVE_WITH_KNOTS('',3,(#4672,#4673,#4674,#4675),
 .UNSPECIFIED.,.F.,.F.,(4,4),(0.947219656909034,1.),.UNSPECIFIED.);
#118=B_SPLINE_CURVE_WITH_KNOTS('',3,(#4679,#4680,#4681,#4682),
 .UNSPECIFIED.,.F.,.F.,(4,4),(0.,0.314374721142911),.UNSPECIFIED.);
#119=B_SPLINE_CURVE_WITH_KNOTS('',3,(#4686,#4687,#4688,#4689),
 .UNSPECIFIED.,.F.,.F.,(4,4),(0.314374721142911,0.362251972252749),
 .UNSPECIFIED.);
#120=B_SPLINE_CURVE_WITH_KNOTS('',3,(#4693,#4694,#4695,#4696),
 .UNSPECIFIED.,.F.,.F.,(4,4),(0.362251972252749,0.409840806187227),
 .UNSPECIFIED.);
#121=B_SPLINE_CURVE_WITH_KNOTS('',3,(#4709,#4710,#4711,#4712,#4713,#4714,
#4715,#4716,#4717),.UNSPECIFIED.,.F.,.F.,(4,3,2,4),(0.409840806187227,0.465242072542819,
0.502901973289724,0.558495160106587),.UNSPECIFIED.);
#122=B_SPLINE_CURVE_WITH_KNOTS('',3,(#4721,#4722,#4723,#4724),
 .UNSPECIFIED.,.F.,.F.,(4,4),(0.558495160106587,0.610615742799227),
 .UNSPECIFIED.);
#123=B_SPLINE_CURVE_WITH_KNOTS('',3,(#4741,#4742,#4743,#4744,#4745,#4746,
#4747,#4748,#4749,#4750,#4751,#4752,#4753,#4754,#4755),.UNSPECIFIED.,.F.,
 .F.,(4,2,3,3,3,4),(0.610615742799227,0.649515610191698,0.683995038107752,
0.719625121518288,0.782799083170768,0.947219656909034),.UNSPECIFIED.);
#124=B_SPLINE_CURVE_WITH_KNOTS('',1,(#4760,#4761),.UNSPECIFIED.,.F.,.F.,
(2,2),(0.971672493844612,1.),.UNSPECIFIED.);
#125=B_SPLINE_CURVE_WITH_KNOTS('',1,(#4765,#4766),.UNSPECIFIED.,.F.,.F.,
(2,2),(0.,0.231238664377135),.UNSPECIFIED.);
#126=B_SPLINE_CURVE_WITH_KNOTS('',1,(#4770,#4771),.UNSPECIFIED.,.F.,.F.,
(2,2),(0.231238664377135,0.259566170532524),.UNSPECIFIED.);
#127=B_SPLINE_CURVE_WITH_KNOTS('',1,(#4775,#4776),.UNSPECIFIED.,.F.,.F.,
(2,2),(0.259566170532524,0.391042748014597),.UNSPECIFIED.);
#128=B_SPLINE_CURVE_WITH_KNOTS('',1,(#4780,#4781),.UNSPECIFIED.,.F.,.F.,
(2,2),(0.391042748014597,0.486950552238425),.UNSPECIFIED.);
#129=B_SPLINE_CURVE_WITH_KNOTS('',1,(#4785,#4786),.UNSPECIFIED.,.F.,.F.,
(2,2),(0.486950552238425,0.52389947331067),.UNSPECIFIED.);
#130=B_SPLINE_CURVE_WITH_KNOTS('',1,(#4790,#4791),.UNSPECIFIED.,.F.,.F.,
(2,2),(0.52389947331067,0.613611110426538),.UNSPECIFIED.);
#131=B_SPLINE_CURVE_WITH_KNOTS('',1,(#4795,#4796),.UNSPECIFIED.,.F.,.F.,
(2,2),(0.613611110426538,0.740513905775974),.UNSPECIFIED.);
#132=B_SPLINE_CURVE_WITH_KNOTS('',1,(#4800,#4801),.UNSPECIFIED.,.F.,.F.,
(2,2),(0.740513905775974,0.775615380794607),.UNSPECIFIED.);
#133=B_SPLINE_CURVE_WITH_KNOTS('',1,(#4805,#4806),.UNSPECIFIED.,.F.,.F.,
(2,2),(0.775615380794607,0.877881759759685),.UNSPECIFIED.);
#134=B_SPLINE_CURVE_WITH_KNOTS('',1,(#4810,#4811),.UNSPECIFIED.,.F.,.F.,
(2,2),(0.877881759759685,0.905318389752371),.UNSPECIFIED.);
#135=B_SPLINE_CURVE_WITH_KNOTS('',1,(#4815,#4816),.UNSPECIFIED.,.F.,.F.,
(2,2),(0.905318389752371,0.971672493844612),.UNSPECIFIED.);
#136=B_SPLINE_CURVE_WITH_KNOTS('',1,(#4821,#4822),.UNSPECIFIED.,.F.,.F.,
(2,2),(0.767088607594936,1.),.UNSPECIFIED.);
#137=B_SPLINE_CURVE_WITH_KNOTS('',1,(#4826,#4827),.UNSPECIFIED.,.F.,.F.,
(2,2),(0.,0.267088607594936),.UNSPECIFIED.);
#138=B_SPLINE_CURVE_WITH_KNOTS('',1,(#4831,#4832),.UNSPECIFIED.,.F.,.F.,
(2,2),(0.267088607594936,0.5),.UNSPECIFIED.);
#139=B_SPLINE_CURVE_WITH_KNOTS('',1,(#4836,#4837),.UNSPECIFIED.,.F.,.F.,
(2,2),(0.5,0.767088607594936),.UNSPECIFIED.);
#140=B_SPLINE_CURVE_WITH_KNOTS('',1,(#4842,#4843),.UNSPECIFIED.,.F.,.F.,
(2,2),(0.92778649921507,1.),.UNSPECIFIED.);
#141=B_SPLINE_CURVE_WITH_KNOTS('',1,(#4847,#4848),.UNSPECIFIED.,.F.,.F.,
(2,2),(0.,0.42778649921507),.UNSPECIFIED.);
#142=B_SPLINE_CURVE_WITH_KNOTS('',1,(#4852,#4853),.UNSPECIFIED.,.F.,.F.,
(2,2),(0.42778649921507,0.5),.UNSPECIFIED.);
#143=B_SPLINE_CURVE_WITH_KNOTS('',1,(#4857,#4858),.UNSPECIFIED.,.F.,.F.,
(2,2),(0.5,0.92778649921507),.UNSPECIFIED.);
#144=B_SPLINE_CURVE_WITH_KNOTS('',3,(#4863,#4864,#4865,#4866),
 .UNSPECIFIED.,.F.,.F.,(4,4),(0.967967528120303,1.),.UNSPECIFIED.);
#145=B_SPLINE_CURVE_WITH_KNOTS('',3,(#4870,#4871,#4872,#4873),
 .UNSPECIFIED.,.F.,.F.,(4,4),(0.,0.189757577982989),.UNSPECIFIED.);
#146=B_SPLINE_CURVE_WITH_KNOTS('',3,(#4877,#4878,#4879,#4880),
 .UNSPECIFIED.,.F.,.F.,(4,4),(0.189757577982989,0.218656438483151),
 .UNSPECIFIED.);
#147=B_SPLINE_CURVE_WITH_KNOTS('',3,(#4884,#4885,#4886,#4887),
 .UNSPECIFIED.,.F.,.F.,(4,4),(0.218656438483151,0.245640314251374),
 .UNSPECIFIED.);
#148=B_SPLINE_CURVE_WITH_KNOTS('',3,(#4910,#4911,#4912,#4913,#4914,#4915,
#4916,#4917,#4918,#4919,#4920,#4921,#4922,#4923,#4924,#4925,#4926,#4927),
 .UNSPECIFIED.,.F.,.F.,(4,2,3,3,3,3,4),(0.245640314251374,0.317563337196489,
0.348999890271838,0.376335385920031,0.402372375392432,0.433633459013527,
0.550269344855437),.UNSPECIFIED.);
#149=B_SPLINE_CURVE_WITH_KNOTS('',3,(#4931,#4932,#4933,#4934),
 .UNSPECIFIED.,.F.,.F.,(4,4),(0.550269344855437,0.582301816735134),
 .UNSPECIFIED.);
#150=B_SPLINE_CURVE_WITH_KNOTS('',3,(#4967,#4968,#4969,#4970,#4971,#4972,
#4973,#4974,#4975,#4976,#4977,#4978,#4979,#4980,#4981,#4982,#4983,#4984,
#4985,#4986),.UNSPECIFIED.,.F.,.F.,(4,3,3,2,3,2,3,4),(0.582301816735134,
0.697897258735781,0.727682193021292,0.749965873996903,0.772249554972514,
0.818209178399425,0.864168801826335,0.967967528120303),.UNSPECIFIED.);
#151=B_SPLINE_CURVE_WITH_KNOTS('',3,(#5014,#5015,#5016,#5017,#5018,#5019,
#5020,#5021,#5022,#5023,#5024,#5025,#5026,#5027,#5028,#5029,#5030),
 .UNSPECIFIED.,.F.,.F.,(4,3,3,2,2,3,4),(0.606665047240643,0.756803569044848,
0.815199863785842,0.858155349706571,0.9011108356273,0.951876409897253,1.),
 .UNSPECIFIED.);
#152=B_SPLINE_CURVE_WITH_KNOTS('',3,(#5034,#5035,#5036,#5037),
 .UNSPECIFIED.,.F.,.F.,(4,4),(0.,0.0289427784437562),.UNSPECIFIED.);
#153=B_SPLINE_CURVE_WITH_KNOTS('',3,(#5054,#5055,#5056,#5057,#5058,#5059,
#5060,#5061,#5062,#5063,#5064,#5065,#5066,#5067),.UNSPECIFIED.,.F.,.F.,
(4,3,2,2,3,4),(0.0289427784437562,0.0517557706347695,0.0811537898240827,
0.11312413569246,0.145094481560838,0.182838976793792),.UNSPECIFIED.);
#154=B_SPLINE_CURVE_WITH_KNOTS('',3,(#5084,#5085,#5086,#5087,#5088,#5089,
#5090,#5091,#5092,#5093,#5094,#5095,#5096,#5097,#5098,#5099,#5100,#5101),
 .UNSPECIFIED.,.F.,.F.,(4,2,3,2,3,2,2,4),(0.182838976793792,0.235524243111121,
0.301819869893759,0.369369061871496,0.415142527487989,0.458299330204613,
0.501456132921239,0.558850231379432),.UNSPECIFIED.);
#155=B_SPLINE_CURVE_WITH_KNOTS('',3,(#5105,#5106,#5107,#5108),
 .UNSPECIFIED.,.F.,.F.,(4,4),(0.558850231379432,0.58020751579744),
 .UNSPECIFIED.);
#156=B_SPLINE_CURVE_WITH_KNOTS('',3,(#5139,#5140,#5141,#5142,#5143,#5144,
#5145,#5146,#5147,#5148,#5149,#5150,#5151,#5152,#5153,#5154,#5155,#5156,
#5157,#5158,#5159,#5160),.UNSPECIFIED.,.T.,.F.,(4,2,2,3,2,3,3,3,4),(0.,
0.119629600204721,0.23925920040944,0.360296207675391,0.506488056325201,
0.646414540032876,0.75458601831196,0.860643409138521,1.),.UNSPECIFIED.);
#157=B_SPLINE_CURVE_WITH_KNOTS('',3,(#5162,#5163,#5164,#5165,#5166,#5167,
#5168,#5169,#5170,#5171,#5172,#5173,#5174,#5175,#5176,#5177,#5178,#5179,
#5180,#5181,#5182,#5183),.UNSPECIFIED.,.T.,.F.,(4,2,2,3,2,3,3,3,4),(0.,
0.119629600204721,0.23925920040944,0.360296207675391,0.506488056325201,
0.646414540032876,0.75458601831196,0.860643409138521,1.),.UNSPECIFIED.);
#158=B_SPLINE_CURVE_WITH_KNOTS('',3,(#5186,#5187,#5188,#5189),
 .UNSPECIFIED.,.F.,.F.,(4,4),(0.58020751579744,0.606665047240643),
 .UNSPECIFIED.);
#159=SHAPE_REPRESENTATION_RELATIONSHIP('','',#3053,#160);
#160=ADVANCED_BREP_SHAPE_REPRESENTATION('',(#3050,#3051),#5193);
#161=CIRCLE('',#3058,0.5);
#162=CIRCLE('',#3059,0.5);
#163=CIRCLE('',#3062,0.5);
#164=CIRCLE('',#3063,0.5);
#165=CIRCLE('',#3065,0.1);
#166=CIRCLE('',#3066,0.1);
#167=CIRCLE('',#3069,0.25);
#168=CIRCLE('',#3070,0.25);
#169=CIRCLE('',#3073,0.25);
#170=CIRCLE('',#3074,0.25);
#171=CIRCLE('',#3077,0.1);
#172=CIRCLE('',#3078,0.1);
#173=CIRCLE('',#3080,0.5);
#174=CIRCLE('',#3081,0.5);
#175=CIRCLE('',#3084,0.5);
#176=CIRCLE('',#3085,0.5);
#177=CYLINDRICAL_SURFACE('',#3057,0.5);
#178=CYLINDRICAL_SURFACE('',#3061,0.5);
#179=CYLINDRICAL_SURFACE('',#3064,0.1);
#180=CYLINDRICAL_SURFACE('',#3068,0.25);
#181=CYLINDRICAL_SURFACE('',#3072,0.25);
#182=CYLINDRICAL_SURFACE('',#3076,0.1);
#183=CYLINDRICAL_SURFACE('',#3079,0.5);
#184=CYLINDRICAL_SURFACE('',#3083,0.5);
#185=ORIENTED_EDGE('',*,*,#819,.F.);
#186=ORIENTED_EDGE('',*,*,#820,.F.);
#187=ORIENTED_EDGE('',*,*,#821,.T.);
#188=ORIENTED_EDGE('',*,*,#822,.T.);
#189=ORIENTED_EDGE('',*,*,#823,.F.);
#190=ORIENTED_EDGE('',*,*,#822,.F.);
#191=ORIENTED_EDGE('',*,*,#824,.T.);
#192=ORIENTED_EDGE('',*,*,#825,.T.);
#193=ORIENTED_EDGE('',*,*,#826,.F.);
#194=ORIENTED_EDGE('',*,*,#825,.F.);
#195=ORIENTED_EDGE('',*,*,#827,.T.);
#196=ORIENTED_EDGE('',*,*,#828,.T.);
#197=ORIENTED_EDGE('',*,*,#829,.F.);
#198=ORIENTED_EDGE('',*,*,#828,.F.);
#199=ORIENTED_EDGE('',*,*,#830,.T.);
#200=ORIENTED_EDGE('',*,*,#831,.T.);
#201=ORIENTED_EDGE('',*,*,#832,.F.);
#202=ORIENTED_EDGE('',*,*,#831,.F.);
#203=ORIENTED_EDGE('',*,*,#833,.T.);
#204=ORIENTED_EDGE('',*,*,#834,.T.);
#205=ORIENTED_EDGE('',*,*,#835,.F.);
#206=ORIENTED_EDGE('',*,*,#836,.F.);
#207=ORIENTED_EDGE('',*,*,#837,.T.);
#208=ORIENTED_EDGE('',*,*,#838,.T.);
#209=ORIENTED_EDGE('',*,*,#839,.F.);
#210=ORIENTED_EDGE('',*,*,#838,.F.);
#211=ORIENTED_EDGE('',*,*,#840,.T.);
#212=ORIENTED_EDGE('',*,*,#841,.T.);
#213=ORIENTED_EDGE('',*,*,#842,.F.);
#214=ORIENTED_EDGE('',*,*,#841,.F.);
#215=ORIENTED_EDGE('',*,*,#843,.T.);
#216=ORIENTED_EDGE('',*,*,#844,.T.);
#217=ORIENTED_EDGE('',*,*,#845,.F.);
#218=ORIENTED_EDGE('',*,*,#844,.F.);
#219=ORIENTED_EDGE('',*,*,#846,.T.);
#220=ORIENTED_EDGE('',*,*,#820,.T.);
#221=ORIENTED_EDGE('',*,*,#847,.T.);
#222=ORIENTED_EDGE('',*,*,#848,.F.);
#223=ORIENTED_EDGE('',*,*,#849,.F.);
#224=ORIENTED_EDGE('',*,*,#850,.T.);
#225=ORIENTED_EDGE('',*,*,#851,.T.);
#226=ORIENTED_EDGE('',*,*,#850,.F.);
#227=ORIENTED_EDGE('',*,*,#852,.F.);
#228=ORIENTED_EDGE('',*,*,#853,.T.);
#229=ORIENTED_EDGE('',*,*,#854,.T.);
#230=ORIENTED_EDGE('',*,*,#853,.F.);
#231=ORIENTED_EDGE('',*,*,#855,.F.);
#232=ORIENTED_EDGE('',*,*,#856,.T.);
#233=ORIENTED_EDGE('',*,*,#857,.T.);
#234=ORIENTED_EDGE('',*,*,#858,.F.);
#235=ORIENTED_EDGE('',*,*,#859,.F.);
#236=ORIENTED_EDGE('',*,*,#860,.T.);
#237=ORIENTED_EDGE('',*,*,#861,.T.);
#238=ORIENTED_EDGE('',*,*,#860,.F.);
#239=ORIENTED_EDGE('',*,*,#862,.F.);
#240=ORIENTED_EDGE('',*,*,#863,.T.);
#241=ORIENTED_EDGE('',*,*,#864,.T.);
#242=ORIENTED_EDGE('',*,*,#863,.F.);
#243=ORIENTED_EDGE('',*,*,#865,.F.);
#244=ORIENTED_EDGE('',*,*,#866,.T.);
#245=ORIENTED_EDGE('',*,*,#867,.T.);
#246=ORIENTED_EDGE('',*,*,#866,.F.);
#247=ORIENTED_EDGE('',*,*,#868,.F.);
#248=ORIENTED_EDGE('',*,*,#869,.T.);
#249=ORIENTED_EDGE('',*,*,#870,.T.);
#250=ORIENTED_EDGE('',*,*,#869,.F.);
#251=ORIENTED_EDGE('',*,*,#871,.F.);
#252=ORIENTED_EDGE('',*,*,#872,.T.);
#253=ORIENTED_EDGE('',*,*,#873,.T.);
#254=ORIENTED_EDGE('',*,*,#872,.F.);
#255=ORIENTED_EDGE('',*,*,#874,.F.);
#256=ORIENTED_EDGE('',*,*,#848,.T.);
#257=ORIENTED_EDGE('',*,*,#875,.F.);
#258=ORIENTED_EDGE('',*,*,#834,.F.);
#259=ORIENTED_EDGE('',*,*,#876,.T.);
#260=ORIENTED_EDGE('',*,*,#877,.T.);
#261=ORIENTED_EDGE('',*,*,#845,.T.);
#262=ORIENTED_EDGE('',*,*,#819,.T.);
#263=ORIENTED_EDGE('',*,*,#823,.T.);
#264=ORIENTED_EDGE('',*,*,#826,.T.);
#265=ORIENTED_EDGE('',*,*,#829,.T.);
#266=ORIENTED_EDGE('',*,*,#832,.T.);
#267=ORIENTED_EDGE('',*,*,#875,.T.);
#268=ORIENTED_EDGE('',*,*,#878,.T.);
#269=ORIENTED_EDGE('',*,*,#879,.T.);
#270=ORIENTED_EDGE('',*,*,#835,.T.);
#271=ORIENTED_EDGE('',*,*,#839,.T.);
#272=ORIENTED_EDGE('',*,*,#842,.T.);
#273=ORIENTED_EDGE('',*,*,#879,.F.);
#274=ORIENTED_EDGE('',*,*,#880,.F.);
#275=ORIENTED_EDGE('',*,*,#881,.T.);
#276=ORIENTED_EDGE('',*,*,#836,.T.);
#277=ORIENTED_EDGE('',*,*,#846,.F.);
#278=ORIENTED_EDGE('',*,*,#843,.F.);
#279=ORIENTED_EDGE('',*,*,#840,.F.);
#280=ORIENTED_EDGE('',*,*,#837,.F.);
#281=ORIENTED_EDGE('',*,*,#881,.F.);
#282=ORIENTED_EDGE('',*,*,#882,.F.);
#283=ORIENTED_EDGE('',*,*,#876,.F.);
#284=ORIENTED_EDGE('',*,*,#833,.F.);
#285=ORIENTED_EDGE('',*,*,#830,.F.);
#286=ORIENTED_EDGE('',*,*,#827,.F.);
#287=ORIENTED_EDGE('',*,*,#824,.F.);
#288=ORIENTED_EDGE('',*,*,#821,.F.);
#289=ORIENTED_EDGE('',*,*,#883,.F.);
#290=ORIENTED_EDGE('',*,*,#884,.F.);
#291=ORIENTED_EDGE('',*,*,#885,.T.);
#292=ORIENTED_EDGE('',*,*,#886,.T.);
#293=ORIENTED_EDGE('',*,*,#887,.F.);
#294=ORIENTED_EDGE('',*,*,#888,.F.);
#295=ORIENTED_EDGE('',*,*,#889,.T.);
#296=ORIENTED_EDGE('',*,*,#884,.T.);
#297=ORIENTED_EDGE('',*,*,#890,.F.);
#298=ORIENTED_EDGE('',*,*,#891,.F.);
#299=ORIENTED_EDGE('',*,*,#892,.T.);
#300=ORIENTED_EDGE('',*,*,#888,.T.);
#301=ORIENTED_EDGE('',*,*,#893,.T.);
#302=ORIENTED_EDGE('',*,*,#856,.F.);
#303=ORIENTED_EDGE('',*,*,#894,.F.);
#304=ORIENTED_EDGE('',*,*,#895,.T.);
#305=ORIENTED_EDGE('',*,*,#873,.F.);
#306=ORIENTED_EDGE('',*,*,#847,.F.);
#307=ORIENTED_EDGE('',*,*,#851,.F.);
#308=ORIENTED_EDGE('',*,*,#854,.F.);
#309=ORIENTED_EDGE('',*,*,#893,.F.);
#310=ORIENTED_EDGE('',*,*,#896,.F.);
#311=ORIENTED_EDGE('',*,*,#897,.F.);
#312=ORIENTED_EDGE('',*,*,#857,.F.);
#313=ORIENTED_EDGE('',*,*,#861,.F.);
#314=ORIENTED_EDGE('',*,*,#864,.F.);
#315=ORIENTED_EDGE('',*,*,#867,.F.);
#316=ORIENTED_EDGE('',*,*,#870,.F.);
#317=ORIENTED_EDGE('',*,*,#897,.T.);
#318=ORIENTED_EDGE('',*,*,#898,.F.);
#319=ORIENTED_EDGE('',*,*,#899,.F.);
#320=ORIENTED_EDGE('',*,*,#858,.T.);
#321=ORIENTED_EDGE('',*,*,#874,.T.);
#322=ORIENTED_EDGE('',*,*,#871,.T.);
#323=ORIENTED_EDGE('',*,*,#868,.T.);
#324=ORIENTED_EDGE('',*,*,#865,.T.);
#325=ORIENTED_EDGE('',*,*,#862,.T.);
#326=ORIENTED_EDGE('',*,*,#859,.T.);
#327=ORIENTED_EDGE('',*,*,#899,.T.);
#328=ORIENTED_EDGE('',*,*,#900,.T.);
#329=ORIENTED_EDGE('',*,*,#894,.T.);
#330=ORIENTED_EDGE('',*,*,#855,.T.);
#331=ORIENTED_EDGE('',*,*,#852,.T.);
#332=ORIENTED_EDGE('',*,*,#849,.T.);
#333=ORIENTED_EDGE('',*,*,#901,.T.);
#334=ORIENTED_EDGE('',*,*,#902,.T.);
#335=ORIENTED_EDGE('',*,*,#903,.F.);
#336=ORIENTED_EDGE('',*,*,#904,.T.);
#337=ORIENTED_EDGE('',*,*,#905,.F.);
#338=ORIENTED_EDGE('',*,*,#886,.F.);
#339=ORIENTED_EDGE('',*,*,#906,.T.);
#340=ORIENTED_EDGE('',*,*,#907,.T.);
#341=ORIENTED_EDGE('',*,*,#908,.F.);
#342=ORIENTED_EDGE('',*,*,#909,.F.);
#343=ORIENTED_EDGE('',*,*,#910,.F.);
#344=ORIENTED_EDGE('',*,*,#911,.T.);
#345=ORIENTED_EDGE('',*,*,#891,.T.);
#346=ORIENTED_EDGE('',*,*,#912,.F.);
#347=ORIENTED_EDGE('',*,*,#913,.F.);
#348=ORIENTED_EDGE('',*,*,#914,.T.);
#349=ORIENTED_EDGE('',*,*,#915,.F.);
#350=ORIENTED_EDGE('',*,*,#916,.F.);
#351=ORIENTED_EDGE('',*,*,#914,.F.);
#352=ORIENTED_EDGE('',*,*,#917,.F.);
#353=ORIENTED_EDGE('',*,*,#918,.T.);
#354=ORIENTED_EDGE('',*,*,#919,.T.);
#355=ORIENTED_EDGE('',*,*,#920,.T.);
#356=ORIENTED_EDGE('',*,*,#912,.T.);
#357=ORIENTED_EDGE('',*,*,#890,.T.);
#358=ORIENTED_EDGE('',*,*,#887,.T.);
#359=ORIENTED_EDGE('',*,*,#883,.T.);
#360=ORIENTED_EDGE('',*,*,#905,.T.);
#361=ORIENTED_EDGE('',*,*,#921,.T.);
#362=ORIENTED_EDGE('',*,*,#922,.T.);
#363=ORIENTED_EDGE('',*,*,#923,.T.);
#364=ORIENTED_EDGE('',*,*,#903,.T.);
#365=ORIENTED_EDGE('',*,*,#924,.F.);
#366=ORIENTED_EDGE('',*,*,#925,.F.);
#367=ORIENTED_EDGE('',*,*,#901,.F.);
#368=ORIENTED_EDGE('',*,*,#926,.F.);
#369=ORIENTED_EDGE('',*,*,#900,.F.);
#370=ORIENTED_EDGE('',*,*,#898,.T.);
#371=ORIENTED_EDGE('',*,*,#896,.T.);
#372=ORIENTED_EDGE('',*,*,#895,.F.);
#373=ORIENTED_EDGE('',*,*,#925,.T.);
#374=ORIENTED_EDGE('',*,*,#927,.T.);
#375=ORIENTED_EDGE('',*,*,#921,.F.);
#376=ORIENTED_EDGE('',*,*,#902,.F.);
#377=ORIENTED_EDGE('',*,*,#923,.F.);
#378=ORIENTED_EDGE('',*,*,#928,.T.);
#379=ORIENTED_EDGE('',*,*,#918,.F.);
#380=ORIENTED_EDGE('',*,*,#904,.F.);
#381=ORIENTED_EDGE('',*,*,#929,.F.);
#382=ORIENTED_EDGE('',*,*,#930,.F.);
#383=ORIENTED_EDGE('',*,*,#906,.F.);
#384=ORIENTED_EDGE('',*,*,#885,.F.);
#385=ORIENTED_EDGE('',*,*,#889,.F.);
#386=ORIENTED_EDGE('',*,*,#892,.F.);
#387=ORIENTED_EDGE('',*,*,#911,.F.);
#388=ORIENTED_EDGE('',*,*,#931,.F.);
#389=ORIENTED_EDGE('',*,*,#930,.T.);
#390=ORIENTED_EDGE('',*,*,#932,.T.);
#391=ORIENTED_EDGE('',*,*,#926,.T.);
#392=ORIENTED_EDGE('',*,*,#907,.F.);
#393=ORIENTED_EDGE('',*,*,#933,.T.);
#394=ORIENTED_EDGE('',*,*,#934,.T.);
#395=ORIENTED_EDGE('',*,*,#935,.T.);
#396=ORIENTED_EDGE('',*,*,#909,.T.);
#397=ORIENTED_EDGE('',*,*,#935,.F.);
#398=ORIENTED_EDGE('',*,*,#936,.F.);
#399=ORIENTED_EDGE('',*,*,#931,.T.);
#400=ORIENTED_EDGE('',*,*,#910,.T.);
#401=ORIENTED_EDGE('',*,*,#920,.F.);
#402=ORIENTED_EDGE('',*,*,#937,.F.);
#403=ORIENTED_EDGE('',*,*,#917,.T.);
#404=ORIENTED_EDGE('',*,*,#913,.T.);
#405=ORIENTED_EDGE('',*,*,#882,.T.);
#406=ORIENTED_EDGE('',*,*,#880,.T.);
#407=ORIENTED_EDGE('',*,*,#878,.F.);
#408=ORIENTED_EDGE('',*,*,#877,.F.);
#409=ORIENTED_EDGE('',*,*,#938,.F.);
#410=ORIENTED_EDGE('',*,*,#933,.F.);
#411=ORIENTED_EDGE('',*,*,#908,.T.);
#412=ORIENTED_EDGE('',*,*,#916,.T.);
#413=ORIENTED_EDGE('',*,*,#924,.T.);
#414=ORIENTED_EDGE('',*,*,#932,.F.);
#415=ORIENTED_EDGE('',*,*,#929,.T.);
#416=ORIENTED_EDGE('',*,*,#936,.T.);
#417=ORIENTED_EDGE('',*,*,#934,.F.);
#418=ORIENTED_EDGE('',*,*,#938,.T.);
#419=ORIENTED_EDGE('',*,*,#915,.T.);
#420=ORIENTED_EDGE('',*,*,#937,.T.);
#421=ORIENTED_EDGE('',*,*,#919,.F.);
#422=ORIENTED_EDGE('',*,*,#928,.F.);
#423=ORIENTED_EDGE('',*,*,#922,.F.);
#424=ORIENTED_EDGE('',*,*,#927,.F.);
#425=ORIENTED_EDGE('',*,*,#939,.T.);
#426=ORIENTED_EDGE('',*,*,#940,.T.);
#427=ORIENTED_EDGE('',*,*,#941,.F.);
#428=ORIENTED_EDGE('',*,*,#942,.F.);
#429=ORIENTED_EDGE('',*,*,#943,.F.);
#430=ORIENTED_EDGE('',*,*,#944,.F.);
#431=ORIENTED_EDGE('',*,*,#945,.T.);
#432=ORIENTED_EDGE('',*,*,#946,.T.);
#433=ORIENTED_EDGE('',*,*,#947,.F.);
#434=ORIENTED_EDGE('',*,*,#939,.F.);
#435=ORIENTED_EDGE('',*,*,#948,.F.);
#436=ORIENTED_EDGE('',*,*,#945,.F.);
#437=ORIENTED_EDGE('',*,*,#941,.T.);
#438=ORIENTED_EDGE('',*,*,#949,.T.);
#439=ORIENTED_EDGE('',*,*,#943,.T.);
#440=ORIENTED_EDGE('',*,*,#950,.T.);
#441=ORIENTED_EDGE('',*,*,#951,.T.);
#442=ORIENTED_EDGE('',*,*,#952,.T.);
#443=ORIENTED_EDGE('',*,*,#953,.T.);
#444=ORIENTED_EDGE('',*,*,#954,.T.);
#445=ORIENTED_EDGE('',*,*,#955,.T.);
#446=ORIENTED_EDGE('',*,*,#956,.T.);
#447=ORIENTED_EDGE('',*,*,#957,.T.);
#448=ORIENTED_EDGE('',*,*,#958,.T.);
#449=ORIENTED_EDGE('',*,*,#959,.T.);
#450=ORIENTED_EDGE('',*,*,#960,.T.);
#451=ORIENTED_EDGE('',*,*,#961,.T.);
#452=ORIENTED_EDGE('',*,*,#962,.T.);
#453=ORIENTED_EDGE('',*,*,#963,.T.);
#454=ORIENTED_EDGE('',*,*,#964,.T.);
#455=ORIENTED_EDGE('',*,*,#965,.T.);
#456=ORIENTED_EDGE('',*,*,#966,.T.);
#457=ORIENTED_EDGE('',*,*,#967,.T.);
#458=ORIENTED_EDGE('',*,*,#968,.T.);
#459=ORIENTED_EDGE('',*,*,#969,.T.);
#460=ORIENTED_EDGE('',*,*,#970,.T.);
#461=ORIENTED_EDGE('',*,*,#971,.T.);
#462=ORIENTED_EDGE('',*,*,#972,.T.);
#463=ORIENTED_EDGE('',*,*,#973,.T.);
#464=ORIENTED_EDGE('',*,*,#974,.T.);
#465=ORIENTED_EDGE('',*,*,#975,.T.);
#466=ORIENTED_EDGE('',*,*,#976,.T.);
#467=ORIENTED_EDGE('',*,*,#977,.T.);
#468=ORIENTED_EDGE('',*,*,#978,.T.);
#469=ORIENTED_EDGE('',*,*,#979,.T.);
#470=ORIENTED_EDGE('',*,*,#980,.T.);
#471=ORIENTED_EDGE('',*,*,#981,.T.);
#472=ORIENTED_EDGE('',*,*,#950,.F.);
#473=ORIENTED_EDGE('',*,*,#946,.F.);
#474=ORIENTED_EDGE('',*,*,#948,.T.);
#475=ORIENTED_EDGE('',*,*,#942,.T.);
#476=ORIENTED_EDGE('',*,*,#982,.T.);
#477=ORIENTED_EDGE('',*,*,#983,.T.);
#478=ORIENTED_EDGE('',*,*,#984,.T.);
#479=ORIENTED_EDGE('',*,*,#985,.T.);
#480=ORIENTED_EDGE('',*,*,#986,.T.);
#481=ORIENTED_EDGE('',*,*,#987,.T.);
#482=ORIENTED_EDGE('',*,*,#988,.T.);
#483=ORIENTED_EDGE('',*,*,#989,.T.);
#484=ORIENTED_EDGE('',*,*,#990,.T.);
#485=ORIENTED_EDGE('',*,*,#991,.T.);
#486=ORIENTED_EDGE('',*,*,#992,.T.);
#487=ORIENTED_EDGE('',*,*,#993,.T.);
#488=ORIENTED_EDGE('',*,*,#994,.T.);
#489=ORIENTED_EDGE('',*,*,#995,.T.);
#490=ORIENTED_EDGE('',*,*,#996,.T.);
#491=ORIENTED_EDGE('',*,*,#997,.T.);
#492=ORIENTED_EDGE('',*,*,#998,.T.);
#493=ORIENTED_EDGE('',*,*,#999,.T.);
#494=ORIENTED_EDGE('',*,*,#1000,.T.);
#495=ORIENTED_EDGE('',*,*,#1001,.T.);
#496=ORIENTED_EDGE('',*,*,#1002,.T.);
#497=ORIENTED_EDGE('',*,*,#1003,.T.);
#498=ORIENTED_EDGE('',*,*,#1004,.T.);
#499=ORIENTED_EDGE('',*,*,#1005,.T.);
#500=ORIENTED_EDGE('',*,*,#1006,.T.);
#501=ORIENTED_EDGE('',*,*,#1007,.T.);
#502=ORIENTED_EDGE('',*,*,#1008,.T.);
#503=ORIENTED_EDGE('',*,*,#1009,.T.);
#504=ORIENTED_EDGE('',*,*,#947,.T.);
#505=ORIENTED_EDGE('',*,*,#944,.T.);
#506=ORIENTED_EDGE('',*,*,#949,.F.);
#507=ORIENTED_EDGE('',*,*,#940,.F.);
#508=ORIENTED_EDGE('',*,*,#970,.F.);
#509=ORIENTED_EDGE('',*,*,#1010,.F.);
#510=ORIENTED_EDGE('',*,*,#1011,.T.);
#511=ORIENTED_EDGE('',*,*,#1012,.T.);
#512=ORIENTED_EDGE('',*,*,#971,.F.);
#513=ORIENTED_EDGE('',*,*,#1012,.F.);
#514=ORIENTED_EDGE('',*,*,#1013,.T.);
#515=ORIENTED_EDGE('',*,*,#1014,.T.);
#516=ORIENTED_EDGE('',*,*,#972,.F.);
#517=ORIENTED_EDGE('',*,*,#1014,.F.);
#518=ORIENTED_EDGE('',*,*,#1015,.T.);
#519=ORIENTED_EDGE('',*,*,#1016,.T.);
#520=ORIENTED_EDGE('',*,*,#973,.F.);
#521=ORIENTED_EDGE('',*,*,#1016,.F.);
#522=ORIENTED_EDGE('',*,*,#1017,.T.);
#523=ORIENTED_EDGE('',*,*,#1018,.T.);
#524=ORIENTED_EDGE('',*,*,#974,.F.);
#525=ORIENTED_EDGE('',*,*,#1018,.F.);
#526=ORIENTED_EDGE('',*,*,#1019,.T.);
#527=ORIENTED_EDGE('',*,*,#1020,.T.);
#528=ORIENTED_EDGE('',*,*,#975,.F.);
#529=ORIENTED_EDGE('',*,*,#1020,.F.);
#530=ORIENTED_EDGE('',*,*,#1021,.T.);
#531=ORIENTED_EDGE('',*,*,#1022,.T.);
#532=ORIENTED_EDGE('',*,*,#976,.F.);
#533=ORIENTED_EDGE('',*,*,#1022,.F.);
#534=ORIENTED_EDGE('',*,*,#1023,.T.);
#535=ORIENTED_EDGE('',*,*,#1024,.T.);
#536=ORIENTED_EDGE('',*,*,#977,.F.);
#537=ORIENTED_EDGE('',*,*,#1024,.F.);
#538=ORIENTED_EDGE('',*,*,#1025,.T.);
#539=ORIENTED_EDGE('',*,*,#1026,.T.);
#540=ORIENTED_EDGE('',*,*,#978,.F.);
#541=ORIENTED_EDGE('',*,*,#1026,.F.);
#542=ORIENTED_EDGE('',*,*,#1027,.T.);
#543=ORIENTED_EDGE('',*,*,#1028,.T.);
#544=ORIENTED_EDGE('',*,*,#979,.F.);
#545=ORIENTED_EDGE('',*,*,#1028,.F.);
#546=ORIENTED_EDGE('',*,*,#1029,.T.);
#547=ORIENTED_EDGE('',*,*,#1030,.T.);
#548=ORIENTED_EDGE('',*,*,#980,.F.);
#549=ORIENTED_EDGE('',*,*,#1030,.F.);
#550=ORIENTED_EDGE('',*,*,#1031,.T.);
#551=ORIENTED_EDGE('',*,*,#1032,.T.);
#552=ORIENTED_EDGE('',*,*,#981,.F.);
#553=ORIENTED_EDGE('',*,*,#1032,.F.);
#554=ORIENTED_EDGE('',*,*,#1033,.T.);
#555=ORIENTED_EDGE('',*,*,#1034,.T.);
#556=ORIENTED_EDGE('',*,*,#969,.F.);
#557=ORIENTED_EDGE('',*,*,#1034,.F.);
#558=ORIENTED_EDGE('',*,*,#1035,.T.);
#559=ORIENTED_EDGE('',*,*,#1010,.T.);
#560=ORIENTED_EDGE('',*,*,#1011,.F.);
#561=ORIENTED_EDGE('',*,*,#1035,.F.);
#562=ORIENTED_EDGE('',*,*,#1033,.F.);
#563=ORIENTED_EDGE('',*,*,#1031,.F.);
#564=ORIENTED_EDGE('',*,*,#1029,.F.);
#565=ORIENTED_EDGE('',*,*,#1027,.F.);
#566=ORIENTED_EDGE('',*,*,#1025,.F.);
#567=ORIENTED_EDGE('',*,*,#1023,.F.);
#568=ORIENTED_EDGE('',*,*,#1021,.F.);
#569=ORIENTED_EDGE('',*,*,#1019,.F.);
#570=ORIENTED_EDGE('',*,*,#1017,.F.);
#571=ORIENTED_EDGE('',*,*,#1015,.F.);
#572=ORIENTED_EDGE('',*,*,#1013,.F.);
#573=ORIENTED_EDGE('',*,*,#983,.F.);
#574=ORIENTED_EDGE('',*,*,#1036,.F.);
#575=ORIENTED_EDGE('',*,*,#1037,.T.);
#576=ORIENTED_EDGE('',*,*,#1038,.T.);
#577=ORIENTED_EDGE('',*,*,#984,.F.);
#578=ORIENTED_EDGE('',*,*,#1038,.F.);
#579=ORIENTED_EDGE('',*,*,#1039,.T.);
#580=ORIENTED_EDGE('',*,*,#1040,.T.);
#581=ORIENTED_EDGE('',*,*,#985,.F.);
#582=ORIENTED_EDGE('',*,*,#1040,.F.);
#583=ORIENTED_EDGE('',*,*,#1041,.T.);
#584=ORIENTED_EDGE('',*,*,#1042,.T.);
#585=ORIENTED_EDGE('',*,*,#986,.F.);
#586=ORIENTED_EDGE('',*,*,#1042,.F.);
#587=ORIENTED_EDGE('',*,*,#1043,.T.);
#588=ORIENTED_EDGE('',*,*,#1044,.T.);
#589=ORIENTED_EDGE('',*,*,#987,.F.);
#590=ORIENTED_EDGE('',*,*,#1044,.F.);
#591=ORIENTED_EDGE('',*,*,#1045,.T.);
#592=ORIENTED_EDGE('',*,*,#1046,.T.);
#593=ORIENTED_EDGE('',*,*,#1047,.F.);
#594=ORIENTED_EDGE('',*,*,#1048,.F.);
#595=ORIENTED_EDGE('',*,*,#1049,.T.);
#596=ORIENTED_EDGE('',*,*,#1050,.T.);
#597=ORIENTED_EDGE('',*,*,#1051,.F.);
#598=ORIENTED_EDGE('',*,*,#1050,.F.);
#599=ORIENTED_EDGE('',*,*,#1052,.T.);
#600=ORIENTED_EDGE('',*,*,#1048,.T.);
#601=ORIENTED_EDGE('',*,*,#982,.F.);
#602=ORIENTED_EDGE('',*,*,#1046,.F.);
#603=ORIENTED_EDGE('',*,*,#1053,.T.);
#604=ORIENTED_EDGE('',*,*,#1036,.T.);
#605=ORIENTED_EDGE('',*,*,#1049,.F.);
#606=ORIENTED_EDGE('',*,*,#1052,.F.);
#607=ORIENTED_EDGE('',*,*,#1037,.F.);
#608=ORIENTED_EDGE('',*,*,#1053,.F.);
#609=ORIENTED_EDGE('',*,*,#1045,.F.);
#610=ORIENTED_EDGE('',*,*,#1043,.F.);
#611=ORIENTED_EDGE('',*,*,#1041,.F.);
#612=ORIENTED_EDGE('',*,*,#1039,.F.);
#613=ORIENTED_EDGE('',*,*,#1051,.T.);
#614=ORIENTED_EDGE('',*,*,#1047,.T.);
#615=ORIENTED_EDGE('',*,*,#963,.F.);
#616=ORIENTED_EDGE('',*,*,#1054,.F.);
#617=ORIENTED_EDGE('',*,*,#1055,.T.);
#618=ORIENTED_EDGE('',*,*,#1056,.T.);
#619=ORIENTED_EDGE('',*,*,#964,.F.);
#620=ORIENTED_EDGE('',*,*,#1056,.F.);
#621=ORIENTED_EDGE('',*,*,#1057,.T.);
#622=ORIENTED_EDGE('',*,*,#1058,.T.);
#623=ORIENTED_EDGE('',*,*,#965,.F.);
#624=ORIENTED_EDGE('',*,*,#1058,.F.);
#625=ORIENTED_EDGE('',*,*,#1059,.T.);
#626=ORIENTED_EDGE('',*,*,#1060,.T.);
#627=ORIENTED_EDGE('',*,*,#966,.F.);
#628=ORIENTED_EDGE('',*,*,#1060,.F.);
#629=ORIENTED_EDGE('',*,*,#1061,.T.);
#630=ORIENTED_EDGE('',*,*,#1062,.T.);
#631=ORIENTED_EDGE('',*,*,#967,.F.);
#632=ORIENTED_EDGE('',*,*,#1062,.F.);
#633=ORIENTED_EDGE('',*,*,#1063,.T.);
#634=ORIENTED_EDGE('',*,*,#1064,.T.);
#635=ORIENTED_EDGE('',*,*,#968,.F.);
#636=ORIENTED_EDGE('',*,*,#1064,.F.);
#637=ORIENTED_EDGE('',*,*,#1065,.T.);
#638=ORIENTED_EDGE('',*,*,#1066,.T.);
#639=ORIENTED_EDGE('',*,*,#962,.F.);
#640=ORIENTED_EDGE('',*,*,#1066,.F.);
#641=ORIENTED_EDGE('',*,*,#1067,.T.);
#642=ORIENTED_EDGE('',*,*,#1054,.T.);
#643=ORIENTED_EDGE('',*,*,#1055,.F.);
#644=ORIENTED_EDGE('',*,*,#1067,.F.);
#645=ORIENTED_EDGE('',*,*,#1065,.F.);
#646=ORIENTED_EDGE('',*,*,#1063,.F.);
#647=ORIENTED_EDGE('',*,*,#1061,.F.);
#648=ORIENTED_EDGE('',*,*,#1059,.F.);
#649=ORIENTED_EDGE('',*,*,#1057,.F.);
#650=ORIENTED_EDGE('',*,*,#989,.F.);
#651=ORIENTED_EDGE('',*,*,#1068,.F.);
#652=ORIENTED_EDGE('',*,*,#1069,.T.);
#653=ORIENTED_EDGE('',*,*,#1070,.T.);
#654=ORIENTED_EDGE('',*,*,#990,.F.);
#655=ORIENTED_EDGE('',*,*,#1070,.F.);
#656=ORIENTED_EDGE('',*,*,#1071,.T.);
#657=ORIENTED_EDGE('',*,*,#1072,.T.);
#658=ORIENTED_EDGE('',*,*,#991,.F.);
#659=ORIENTED_EDGE('',*,*,#1072,.F.);
#660=ORIENTED_EDGE('',*,*,#1073,.T.);
#661=ORIENTED_EDGE('',*,*,#1074,.T.);
#662=ORIENTED_EDGE('',*,*,#992,.F.);
#663=ORIENTED_EDGE('',*,*,#1074,.F.);
#664=ORIENTED_EDGE('',*,*,#1075,.T.);
#665=ORIENTED_EDGE('',*,*,#1076,.T.);
#666=ORIENTED_EDGE('',*,*,#993,.F.);
#667=ORIENTED_EDGE('',*,*,#1076,.F.);
#668=ORIENTED_EDGE('',*,*,#1077,.T.);
#669=ORIENTED_EDGE('',*,*,#1078,.T.);
#670=ORIENTED_EDGE('',*,*,#994,.F.);
#671=ORIENTED_EDGE('',*,*,#1078,.F.);
#672=ORIENTED_EDGE('',*,*,#1079,.T.);
#673=ORIENTED_EDGE('',*,*,#1080,.T.);
#674=ORIENTED_EDGE('',*,*,#995,.F.);
#675=ORIENTED_EDGE('',*,*,#1080,.F.);
#676=ORIENTED_EDGE('',*,*,#1081,.T.);
#677=ORIENTED_EDGE('',*,*,#1082,.T.);
#678=ORIENTED_EDGE('',*,*,#996,.F.);
#679=ORIENTED_EDGE('',*,*,#1082,.F.);
#680=ORIENTED_EDGE('',*,*,#1083,.T.);
#681=ORIENTED_EDGE('',*,*,#1084,.T.);
#682=ORIENTED_EDGE('',*,*,#997,.F.);
#683=ORIENTED_EDGE('',*,*,#1084,.F.);
#684=ORIENTED_EDGE('',*,*,#1085,.T.);
#685=ORIENTED_EDGE('',*,*,#1086,.T.);
#686=ORIENTED_EDGE('',*,*,#998,.F.);
#687=ORIENTED_EDGE('',*,*,#1086,.F.);
#688=ORIENTED_EDGE('',*,*,#1087,.T.);
#689=ORIENTED_EDGE('',*,*,#1088,.T.);
#690=ORIENTED_EDGE('',*,*,#999,.F.);
#691=ORIENTED_EDGE('',*,*,#1088,.F.);
#692=ORIENTED_EDGE('',*,*,#1089,.T.);
#693=ORIENTED_EDGE('',*,*,#1090,.T.);
#694=ORIENTED_EDGE('',*,*,#988,.F.);
#695=ORIENTED_EDGE('',*,*,#1090,.F.);
#696=ORIENTED_EDGE('',*,*,#1091,.T.);
#697=ORIENTED_EDGE('',*,*,#1068,.T.);
#698=ORIENTED_EDGE('',*,*,#1069,.F.);
#699=ORIENTED_EDGE('',*,*,#1091,.F.);
#700=ORIENTED_EDGE('',*,*,#1089,.F.);
#701=ORIENTED_EDGE('',*,*,#1087,.F.);
#702=ORIENTED_EDGE('',*,*,#1085,.F.);
#703=ORIENTED_EDGE('',*,*,#1083,.F.);
#704=ORIENTED_EDGE('',*,*,#1081,.F.);
#705=ORIENTED_EDGE('',*,*,#1079,.F.);
#706=ORIENTED_EDGE('',*,*,#1077,.F.);
#707=ORIENTED_EDGE('',*,*,#1075,.F.);
#708=ORIENTED_EDGE('',*,*,#1073,.F.);
#709=ORIENTED_EDGE('',*,*,#1071,.F.);
#710=ORIENTED_EDGE('',*,*,#959,.F.);
#711=ORIENTED_EDGE('',*,*,#1092,.F.);
#712=ORIENTED_EDGE('',*,*,#1093,.T.);
#713=ORIENTED_EDGE('',*,*,#1094,.T.);
#714=ORIENTED_EDGE('',*,*,#960,.F.);
#715=ORIENTED_EDGE('',*,*,#1094,.F.);
#716=ORIENTED_EDGE('',*,*,#1095,.T.);
#717=ORIENTED_EDGE('',*,*,#1096,.T.);
#718=ORIENTED_EDGE('',*,*,#961,.F.);
#719=ORIENTED_EDGE('',*,*,#1096,.F.);
#720=ORIENTED_EDGE('',*,*,#1097,.T.);
#721=ORIENTED_EDGE('',*,*,#1098,.T.);
#722=ORIENTED_EDGE('',*,*,#958,.F.);
#723=ORIENTED_EDGE('',*,*,#1098,.F.);
#724=ORIENTED_EDGE('',*,*,#1099,.T.);
#725=ORIENTED_EDGE('',*,*,#1092,.T.);
#726=ORIENTED_EDGE('',*,*,#1093,.F.);
#727=ORIENTED_EDGE('',*,*,#1099,.F.);
#728=ORIENTED_EDGE('',*,*,#1097,.F.);
#729=ORIENTED_EDGE('',*,*,#1095,.F.);
#730=ORIENTED_EDGE('',*,*,#1001,.F.);
#731=ORIENTED_EDGE('',*,*,#1100,.F.);
#732=ORIENTED_EDGE('',*,*,#1101,.T.);
#733=ORIENTED_EDGE('',*,*,#1102,.T.);
#734=ORIENTED_EDGE('',*,*,#1002,.F.);
#735=ORIENTED_EDGE('',*,*,#1102,.F.);
#736=ORIENTED_EDGE('',*,*,#1103,.T.);
#737=ORIENTED_EDGE('',*,*,#1104,.T.);
#738=ORIENTED_EDGE('',*,*,#1003,.F.);
#739=ORIENTED_EDGE('',*,*,#1104,.F.);
#740=ORIENTED_EDGE('',*,*,#1105,.T.);
#741=ORIENTED_EDGE('',*,*,#1106,.T.);
#742=ORIENTED_EDGE('',*,*,#1000,.F.);
#743=ORIENTED_EDGE('',*,*,#1106,.F.);
#744=ORIENTED_EDGE('',*,*,#1107,.T.);
#745=ORIENTED_EDGE('',*,*,#1100,.T.);
#746=ORIENTED_EDGE('',*,*,#1101,.F.);
#747=ORIENTED_EDGE('',*,*,#1107,.F.);
#748=ORIENTED_EDGE('',*,*,#1105,.F.);
#749=ORIENTED_EDGE('',*,*,#1103,.F.);
#750=ORIENTED_EDGE('',*,*,#952,.F.);
#751=ORIENTED_EDGE('',*,*,#1108,.F.);
#752=ORIENTED_EDGE('',*,*,#1109,.T.);
#753=ORIENTED_EDGE('',*,*,#1110,.T.);
#754=ORIENTED_EDGE('',*,*,#953,.F.);
#755=ORIENTED_EDGE('',*,*,#1110,.F.);
#756=ORIENTED_EDGE('',*,*,#1111,.T.);
#757=ORIENTED_EDGE('',*,*,#1112,.T.);
#758=ORIENTED_EDGE('',*,*,#954,.F.);
#759=ORIENTED_EDGE('',*,*,#1112,.F.);
#760=ORIENTED_EDGE('',*,*,#1113,.T.);
#761=ORIENTED_EDGE('',*,*,#1114,.T.);
#762=ORIENTED_EDGE('',*,*,#955,.F.);
#763=ORIENTED_EDGE('',*,*,#1114,.F.);
#764=ORIENTED_EDGE('',*,*,#1115,.T.);
#765=ORIENTED_EDGE('',*,*,#1116,.T.);
#766=ORIENTED_EDGE('',*,*,#956,.F.);
#767=ORIENTED_EDGE('',*,*,#1116,.F.);
#768=ORIENTED_EDGE('',*,*,#1117,.T.);
#769=ORIENTED_EDGE('',*,*,#1118,.T.);
#770=ORIENTED_EDGE('',*,*,#957,.F.);
#771=ORIENTED_EDGE('',*,*,#1118,.F.);
#772=ORIENTED_EDGE('',*,*,#1119,.T.);
#773=ORIENTED_EDGE('',*,*,#1120,.T.);
#774=ORIENTED_EDGE('',*,*,#951,.F.);
#775=ORIENTED_EDGE('',*,*,#1120,.F.);
#776=ORIENTED_EDGE('',*,*,#1121,.T.);
#777=ORIENTED_EDGE('',*,*,#1108,.T.);
#778=ORIENTED_EDGE('',*,*,#1109,.F.);
#779=ORIENTED_EDGE('',*,*,#1121,.F.);
#780=ORIENTED_EDGE('',*,*,#1119,.F.);
#781=ORIENTED_EDGE('',*,*,#1117,.F.);
#782=ORIENTED_EDGE('',*,*,#1115,.F.);
#783=ORIENTED_EDGE('',*,*,#1113,.F.);
#784=ORIENTED_EDGE('',*,*,#1111,.F.);
#785=ORIENTED_EDGE('',*,*,#1005,.F.);
#786=ORIENTED_EDGE('',*,*,#1122,.F.);
#787=ORIENTED_EDGE('',*,*,#1123,.T.);
#788=ORIENTED_EDGE('',*,*,#1124,.T.);
#789=ORIENTED_EDGE('',*,*,#1006,.F.);
#790=ORIENTED_EDGE('',*,*,#1124,.F.);
#791=ORIENTED_EDGE('',*,*,#1125,.T.);
#792=ORIENTED_EDGE('',*,*,#1126,.T.);
#793=ORIENTED_EDGE('',*,*,#1007,.F.);
#794=ORIENTED_EDGE('',*,*,#1126,.F.);
#795=ORIENTED_EDGE('',*,*,#1127,.T.);
#796=ORIENTED_EDGE('',*,*,#1128,.T.);
#797=ORIENTED_EDGE('',*,*,#1008,.F.);
#798=ORIENTED_EDGE('',*,*,#1128,.F.);
#799=ORIENTED_EDGE('',*,*,#1129,.T.);
#800=ORIENTED_EDGE('',*,*,#1130,.T.);
#801=ORIENTED_EDGE('',*,*,#1009,.F.);
#802=ORIENTED_EDGE('',*,*,#1130,.F.);
#803=ORIENTED_EDGE('',*,*,#1131,.T.);
#804=ORIENTED_EDGE('',*,*,#1132,.T.);
#805=ORIENTED_EDGE('',*,*,#1133,.T.);
#806=ORIENTED_EDGE('',*,*,#1134,.F.);
#807=ORIENTED_EDGE('',*,*,#1004,.F.);
#808=ORIENTED_EDGE('',*,*,#1132,.F.);
#809=ORIENTED_EDGE('',*,*,#1135,.T.);
#810=ORIENTED_EDGE('',*,*,#1122,.T.);
#811=ORIENTED_EDGE('',*,*,#1133,.F.);
#812=ORIENTED_EDGE('',*,*,#1123,.F.);
#813=ORIENTED_EDGE('',*,*,#1135,.F.);
#814=ORIENTED_EDGE('',*,*,#1131,.F.);
#815=ORIENTED_EDGE('',*,*,#1129,.F.);
#816=ORIENTED_EDGE('',*,*,#1127,.F.);
#817=ORIENTED_EDGE('',*,*,#1125,.F.);
#818=ORIENTED_EDGE('',*,*,#1134,.T.);
#819=EDGE_CURVE('',#1136,#1137,#1348,.T.);
#820=EDGE_CURVE('',#1138,#1136,#1349,.T.);
#821=EDGE_CURVE('',#1138,#1139,#1350,.T.);
#822=EDGE_CURVE('',#1139,#1137,#1351,.T.);
#823=EDGE_CURVE('',#1137,#1140,#1352,.T.);
#824=EDGE_CURVE('',#1139,#1141,#1353,.T.);
#825=EDGE_CURVE('',#1141,#1140,#1354,.T.);
#826=EDGE_CURVE('',#1140,#1142,#161,.T.);
#827=EDGE_CURVE('',#1141,#1143,#162,.T.);
#828=EDGE_CURVE('',#1143,#1142,#1355,.T.);
#829=EDGE_CURVE('',#1142,#1144,#1356,.T.);
#830=EDGE_CURVE('',#1143,#1145,#1357,.T.);
#831=EDGE_CURVE('',#1145,#1144,#1358,.T.);
#832=EDGE_CURVE('',#1144,#1146,#163,.T.);
#833=EDGE_CURVE('',#1145,#1147,#164,.T.);
#834=EDGE_CURVE('',#1147,#1146,#1359,.T.);
#835=EDGE_CURVE('',#1148,#1149,#165,.T.);
#836=EDGE_CURVE('',#1150,#1148,#1360,.T.);
#837=EDGE_CURVE('',#1150,#1151,#166,.T.);
#838=EDGE_CURVE('',#1151,#1149,#1361,.T.);
#839=EDGE_CURVE('',#1149,#1152,#1362,.T.);
#840=EDGE_CURVE('',#1151,#1153,#1363,.T.);
#841=EDGE_CURVE('',#1153,#1152,#1364,.T.);
#842=EDGE_CURVE('',#1152,#1154,#167,.T.);
#843=EDGE_CURVE('',#1153,#1155,#168,.T.);
#844=EDGE_CURVE('',#1155,#1154,#1365,.T.);
#845=EDGE_CURVE('',#1154,#1136,#1366,.T.);
#846=EDGE_CURVE('',#1155,#1138,#1367,.T.);
#847=EDGE_CURVE('',#1156,#1157,#169,.T.);
#848=EDGE_CURVE('',#1158,#1157,#1368,.T.);
#849=EDGE_CURVE('',#1159,#1158,#170,.T.);
#850=EDGE_CURVE('',#1159,#1156,#1369,.T.);
#851=EDGE_CURVE('',#1160,#1156,#1370,.T.);
#852=EDGE_CURVE('',#1161,#1159,#1371,.T.);
#853=EDGE_CURVE('',#1161,#1160,#1372,.T.);
#854=EDGE_CURVE('',#1162,#1160,#171,.T.);
#855=EDGE_CURVE('',#1163,#1161,#172,.T.);
#856=EDGE_CURVE('',#1163,#1162,#1373,.T.);
#857=EDGE_CURVE('',#1164,#1165,#173,.T.);
#858=EDGE_CURVE('',#1166,#1165,#1374,.T.);
#859=EDGE_CURVE('',#1167,#1166,#174,.T.);
#860=EDGE_CURVE('',#1167,#1164,#1375,.T.);
#861=EDGE_CURVE('',#1168,#1164,#1376,.T.);
#862=EDGE_CURVE('',#1169,#1167,#1377,.T.);
#863=EDGE_CURVE('',#1169,#1168,#1378,.T.);
#864=EDGE_CURVE('',#1170,#1168,#175,.T.);
#865=EDGE_CURVE('',#1171,#1169,#176,.T.);
#866=EDGE_CURVE('',#1171,#1170,#1379,.T.);
#867=EDGE_CURVE('',#1172,#1170,#1380,.T.);
#868=EDGE_CURVE('',#1173,#1171,#1381,.T.);
#869=EDGE_CURVE('',#1173,#1172,#1382,.T.);
#870=EDGE_CURVE('',#1174,#1172,#1383,.T.);
#871=EDGE_CURVE('',#1175,#1173,#1384,.T.);
#872=EDGE_CURVE('',#1175,#1174,#1385,.T.);
#873=EDGE_CURVE('',#1157,#1174,#1386,.T.);
#874=EDGE_CURVE('',#1158,#1175,#1387,.T.);
#875=EDGE_CURVE('',#1146,#1176,#1388,.T.);
#876=EDGE_CURVE('',#1147,#1177,#1389,.T.);
#877=EDGE_CURVE('',#1177,#1176,#1390,.T.);
#878=EDGE_CURVE('',#1176,#1178,#1391,.T.);
#879=EDGE_CURVE('',#1178,#1148,#1392,.T.);
#880=EDGE_CURVE('',#1179,#1178,#1393,.T.);
#881=EDGE_CURVE('',#1179,#1150,#1394,.T.);
#882=EDGE_CURVE('',#1177,#1179,#1395,.T.);
#883=EDGE_CURVE('',#1180,#1181,#1396,.T.);
#884=EDGE_CURVE('',#1182,#1180,#1397,.T.);
#885=EDGE_CURVE('',#1182,#1183,#1398,.T.);
#886=EDGE_CURVE('',#1183,#1181,#1399,.T.);
#887=EDGE_CURVE('',#1184,#1180,#1400,.T.);
#888=EDGE_CURVE('',#1185,#1184,#1401,.T.);
#889=EDGE_CURVE('',#1185,#1182,#1402,.T.);
#890=EDGE_CURVE('',#1186,#1184,#1403,.T.);
#891=EDGE_CURVE('',#1187,#1186,#1404,.T.);
#892=EDGE_CURVE('',#1187,#1185,#1405,.T.);
#893=EDGE_CURVE('',#1188,#1162,#1406,.T.);
#894=EDGE_CURVE('',#1189,#1163,#1407,.T.);
#895=EDGE_CURVE('',#1189,#1188,#1408,.T.);
#896=EDGE_CURVE('',#1190,#1188,#1409,.T.);
#897=EDGE_CURVE('',#1165,#1190,#1410,.T.);
#898=EDGE_CURVE('',#1191,#1190,#1411,.T.);
#899=EDGE_CURVE('',#1166,#1191,#1412,.T.);
#900=EDGE_CURVE('',#1191,#1189,#1413,.T.);
#901=EDGE_CURVE('',#1192,#1193,#1414,.T.);
#902=EDGE_CURVE('',#1193,#1194,#1415,.T.);
#903=EDGE_CURVE('',#1195,#1194,#1416,.T.);
#904=EDGE_CURVE('',#1195,#1196,#1417,.T.);
#905=EDGE_CURVE('',#1181,#1196,#1418,.T.);
#906=EDGE_CURVE('',#1183,#1197,#1419,.T.);
#907=EDGE_CURVE('',#1197,#1192,#1420,.T.);
#908=EDGE_CURVE('',#1198,#1199,#1421,.T.);
#909=EDGE_CURVE('',#1200,#1198,#1422,.T.);
#910=EDGE_CURVE('',#1201,#1200,#1423,.T.);
#911=EDGE_CURVE('',#1201,#1187,#1424,.T.);
#912=EDGE_CURVE('',#1202,#1186,#1425,.T.);
#913=EDGE_CURVE('',#1203,#1202,#1426,.T.);
#914=EDGE_CURVE('',#1203,#1199,#1427,.T.);
#915=EDGE_CURVE('',#1204,#1205,#1428,.T.);
#916=EDGE_CURVE('',#1199,#1204,#1429,.T.);
#917=EDGE_CURVE('',#1205,#1203,#1430,.T.);
#918=EDGE_CURVE('',#1196,#1206,#1431,.T.);
#919=EDGE_CURVE('',#1206,#1207,#1432,.T.);
#920=EDGE_CURVE('',#1207,#1202,#1433,.T.);
#921=EDGE_CURVE('',#1194,#1208,#1434,.T.);
#922=EDGE_CURVE('',#1208,#1209,#1435,.T.);
#923=EDGE_CURVE('',#1209,#1195,#1436,.T.);
#924=EDGE_CURVE('',#1210,#1211,#1437,.T.);
#925=EDGE_CURVE('',#1193,#1210,#1438,.T.);
#926=EDGE_CURVE('',#1211,#1192,#1439,.T.);
#927=EDGE_CURVE('',#1210,#1208,#1440,.T.);
#928=EDGE_CURVE('',#1209,#1206,#1441,.T.);
#929=EDGE_CURVE('',#1212,#1213,#1442,.T.);
#930=EDGE_CURVE('',#1197,#1212,#1443,.T.);
#931=EDGE_CURVE('',#1213,#1201,#1444,.T.);
#932=EDGE_CURVE('',#1212,#1211,#1445,.T.);
#933=EDGE_CURVE('',#1198,#1214,#1446,.T.);
#934=EDGE_CURVE('',#1214,#1215,#1447,.T.);
#935=EDGE_CURVE('',#1215,#1200,#1448,.T.);
#936=EDGE_CURVE('',#1213,#1215,#1449,.T.);
#937=EDGE_CURVE('',#1205,#1207,#1450,.T.);
#938=EDGE_CURVE('',#1214,#1204,#1451,.T.);
#939=EDGE_CURVE('',#1216,#1217,#1452,.T.);
#940=EDGE_CURVE('',#1217,#1218,#1453,.T.);
#941=EDGE_CURVE('',#1219,#1218,#1454,.T.);
#942=EDGE_CURVE('',#1216,#1219,#1455,.T.);
#943=EDGE_CURVE('',#1220,#1221,#1456,.T.);
#944=EDGE_CURVE('',#1222,#1220,#1457,.T.);
#945=EDGE_CURVE('',#1222,#1223,#1458,.T.);
#946=EDGE_CURVE('',#1223,#1221,#1459,.T.);
#947=EDGE_CURVE('',#1217,#1222,#1460,.T.);
#948=EDGE_CURVE('',#1223,#1216,#1461,.T.);
#949=EDGE_CURVE('',#1218,#1220,#1462,.T.);
#950=EDGE_CURVE('',#1221,#1219,#1463,.T.);
#951=EDGE_CURVE('',#1224,#1225,#35,.T.);
#952=EDGE_CURVE('',#1225,#1226,#36,.T.);
#953=EDGE_CURVE('',#1226,#1227,#37,.T.);
#954=EDGE_CURVE('',#1227,#1228,#38,.T.);
#955=EDGE_CURVE('',#1228,#1229,#39,.T.);
#956=EDGE_CURVE('',#1229,#1230,#40,.T.);
#957=EDGE_CURVE('',#1230,#1224,#41,.T.);
#958=EDGE_CURVE('',#1231,#1232,#42,.T.);
#959=EDGE_CURVE('',#1232,#1233,#43,.T.);
#960=EDGE_CURVE('',#1233,#1234,#44,.T.);
#961=EDGE_CURVE('',#1234,#1231,#45,.T.);
#962=EDGE_CURVE('',#1235,#1236,#46,.T.);
#963=EDGE_CURVE('',#1236,#1237,#47,.T.);
#964=EDGE_CURVE('',#1237,#1238,#48,.T.);
#965=EDGE_CURVE('',#1238,#1239,#49,.T.);
#966=EDGE_CURVE('',#1239,#1240,#50,.T.);
#967=EDGE_CURVE('',#1240,#1241,#51,.T.);
#968=EDGE_CURVE('',#1241,#1235,#52,.T.);
#969=EDGE_CURVE('',#1242,#1243,#53,.T.);
#970=EDGE_CURVE('',#1243,#1244,#54,.T.);
#971=EDGE_CURVE('',#1244,#1245,#55,.T.);
#972=EDGE_CURVE('',#1245,#1246,#56,.T.);
#973=EDGE_CURVE('',#1246,#1247,#57,.T.);
#974=EDGE_CURVE('',#1247,#1248,#58,.T.);
#975=EDGE_CURVE('',#1248,#1249,#59,.T.);
#976=EDGE_CURVE('',#1249,#1250,#60,.T.);
#977=EDGE_CURVE('',#1250,#1251,#61,.T.);
#978=EDGE_CURVE('',#1251,#1252,#62,.T.);
#979=EDGE_CURVE('',#1252,#1253,#63,.T.);
#980=EDGE_CURVE('',#1253,#1254,#64,.T.);
#981=EDGE_CURVE('',#1254,#1242,#65,.T.);
#982=EDGE_CURVE('',#1255,#1256,#66,.T.);
#983=EDGE_CURVE('',#1256,#1257,#67,.T.);
#984=EDGE_CURVE('',#1257,#1258,#68,.T.);
#985=EDGE_CURVE('',#1258,#1259,#69,.T.);
#986=EDGE_CURVE('',#1259,#1260,#70,.T.);
#987=EDGE_CURVE('',#1260,#1255,#71,.T.);
#988=EDGE_CURVE('',#1261,#1262,#72,.T.);
#989=EDGE_CURVE('',#1262,#1263,#73,.T.);
#990=EDGE_CURVE('',#1263,#1264,#74,.T.);
#991=EDGE_CURVE('',#1264,#1265,#75,.T.);
#992=EDGE_CURVE('',#1265,#1266,#76,.T.);
#993=EDGE_CURVE('',#1266,#1267,#77,.T.);
#994=EDGE_CURVE('',#1267,#1268,#78,.T.);
#995=EDGE_CURVE('',#1268,#1269,#79,.T.);
#996=EDGE_CURVE('',#1269,#1270,#80,.T.);
#997=EDGE_CURVE('',#1270,#1271,#81,.T.);
#998=EDGE_CURVE('',#1271,#1272,#82,.T.);
#999=EDGE_CURVE('',#1272,#1261,#83,.T.);
#1000=EDGE_CURVE('',#1273,#1274,#84,.T.);
#1001=EDGE_CURVE('',#1274,#1275,#85,.T.);
#1002=EDGE_CURVE('',#1275,#1276,#86,.T.);
#1003=EDGE_CURVE('',#1276,#1273,#87,.T.);
#1004=EDGE_CURVE('',#1277,#1278,#88,.T.);
#1005=EDGE_CURVE('',#1278,#1279,#89,.T.);
#1006=EDGE_CURVE('',#1279,#1280,#90,.T.);
#1007=EDGE_CURVE('',#1280,#1281,#91,.T.);
#1008=EDGE_CURVE('',#1281,#1282,#92,.T.);
#1009=EDGE_CURVE('',#1282,#1277,#93,.T.);
#1010=EDGE_CURVE('',#1283,#1243,#1464,.T.);
#1011=EDGE_CURVE('',#1283,#1284,#94,.T.);
#1012=EDGE_CURVE('',#1284,#1244,#1465,.T.);
#1013=EDGE_CURVE('',#1284,#1285,#95,.T.);
#1014=EDGE_CURVE('',#1285,#1245,#1466,.T.);
#1015=EDGE_CURVE('',#1285,#1286,#96,.T.);
#1016=EDGE_CURVE('',#1286,#1246,#1467,.T.);
#1017=EDGE_CURVE('',#1286,#1287,#97,.T.);
#1018=EDGE_CURVE('',#1287,#1247,#1468,.T.);
#1019=EDGE_CURVE('',#1287,#1288,#98,.T.);
#1020=EDGE_CURVE('',#1288,#1248,#1469,.T.);
#1021=EDGE_CURVE('',#1288,#1289,#99,.T.);
#1022=EDGE_CURVE('',#1289,#1249,#1470,.T.);
#1023=EDGE_CURVE('',#1289,#1290,#100,.T.);
#1024=EDGE_CURVE('',#1290,#1250,#1471,.T.);
#1025=EDGE_CURVE('',#1290,#1291,#101,.T.);
#1026=EDGE_CURVE('',#1291,#1251,#1472,.T.);
#1027=EDGE_CURVE('',#1291,#1292,#102,.T.);
#1028=EDGE_CURVE('',#1292,#1252,#1473,.T.);
#1029=EDGE_CURVE('',#1292,#1293,#103,.T.);
#1030=EDGE_CURVE('',#1293,#1253,#1474,.T.);
#1031=EDGE_CURVE('',#1293,#1294,#104,.T.);
#1032=EDGE_CURVE('',#1294,#1254,#1475,.T.);
#1033=EDGE_CURVE('',#1294,#1295,#105,.T.);
#1034=EDGE_CURVE('',#1295,#1242,#1476,.T.);
#1035=EDGE_CURVE('',#1295,#1283,#106,.T.);
#1036=EDGE_CURVE('',#1296,#1256,#1477,.T.);
#1037=EDGE_CURVE('',#1296,#1297,#107,.T.);
#1038=EDGE_CURVE('',#1297,#1257,#1478,.T.);
#1039=EDGE_CURVE('',#1297,#1298,#108,.T.);
#1040=EDGE_CURVE('',#1298,#1258,#1479,.T.);
#1041=EDGE_CURVE('',#1298,#1299,#109,.T.);
#1042=EDGE_CURVE('',#1299,#1259,#1480,.T.);
#1043=EDGE_CURVE('',#1299,#1300,#110,.T.);
#1044=EDGE_CURVE('',#1300,#1260,#1481,.T.);
#1045=EDGE_CURVE('',#1300,#1301,#111,.T.);
#1046=EDGE_CURVE('',#1301,#1255,#1482,.T.);
#1047=EDGE_CURVE('',#1302,#1303,#112,.T.);
#1048=EDGE_CURVE('',#1304,#1302,#1483,.T.);
#1049=EDGE_CURVE('',#1304,#1305,#113,.T.);
#1050=EDGE_CURVE('',#1305,#1303,#1484,.T.);
#1051=EDGE_CURVE('',#1303,#1302,#114,.T.);
#1052=EDGE_CURVE('',#1305,#1304,#115,.T.);
#1053=EDGE_CURVE('',#1301,#1296,#116,.T.);
#1054=EDGE_CURVE('',#1306,#1236,#1485,.T.);
#1055=EDGE_CURVE('',#1306,#1307,#117,.T.);
#1056=EDGE_CURVE('',#1307,#1237,#1486,.T.);
#1057=EDGE_CURVE('',#1307,#1308,#118,.T.);
#1058=EDGE_CURVE('',#1308,#1238,#1487,.T.);
#1059=EDGE_CURVE('',#1308,#1309,#119,.T.);
#1060=EDGE_CURVE('',#1309,#1239,#1488,.T.);
#1061=EDGE_CURVE('',#1309,#1310,#120,.T.);
#1062=EDGE_CURVE('',#1310,#1240,#1489,.T.);
#1063=EDGE_CURVE('',#1310,#1311,#121,.T.);
#1064=EDGE_CURVE('',#1311,#1241,#1490,.T.);
#1065=EDGE_CURVE('',#1311,#1312,#122,.T.);
#1066=EDGE_CURVE('',#1312,#1235,#1491,.T.);
#1067=EDGE_CURVE('',#1312,#1306,#123,.T.);
#1068=EDGE_CURVE('',#1313,#1262,#1492,.T.);
#1069=EDGE_CURVE('',#1313,#1314,#124,.T.);
#1070=EDGE_CURVE('',#1314,#1263,#1493,.T.);
#1071=EDGE_CURVE('',#1314,#1315,#125,.T.);
#1072=EDGE_CURVE('',#1315,#1264,#1494,.T.);
#1073=EDGE_CURVE('',#1315,#1316,#126,.T.);
#1074=EDGE_CURVE('',#1316,#1265,#1495,.T.);
#1075=EDGE_CURVE('',#1316,#1317,#127,.T.);
#1076=EDGE_CURVE('',#1317,#1266,#1496,.T.);
#1077=EDGE_CURVE('',#1317,#1318,#128,.T.);
#1078=EDGE_CURVE('',#1318,#1267,#1497,.T.);
#1079=EDGE_CURVE('',#1318,#1319,#129,.T.);
#1080=EDGE_CURVE('',#1319,#1268,#1498,.T.);
#1081=EDGE_CURVE('',#1319,#1320,#130,.T.);
#1082=EDGE_CURVE('',#1320,#1269,#1499,.T.);
#1083=EDGE_CURVE('',#1320,#1321,#131,.T.);
#1084=EDGE_CURVE('',#1321,#1270,#1500,.T.);
#1085=EDGE_CURVE('',#1321,#1322,#132,.T.);
#1086=EDGE_CURVE('',#1322,#1271,#1501,.T.);
#1087=EDGE_CURVE('',#1322,#1323,#133,.T.);
#1088=EDGE_CURVE('',#1323,#1272,#1502,.T.);
#1089=EDGE_CURVE('',#1323,#1324,#134,.T.);
#1090=EDGE_CURVE('',#1324,#1261,#1503,.T.);
#1091=EDGE_CURVE('',#1324,#1313,#135,.T.);
#1092=EDGE_CURVE('',#1325,#1232,#1504,.T.);
#1093=EDGE_CURVE('',#1325,#1326,#136,.T.);
#1094=EDGE_CURVE('',#1326,#1233,#1505,.T.);
#1095=EDGE_CURVE('',#1326,#1327,#137,.T.);
#1096=EDGE_CURVE('',#1327,#1234,#1506,.T.);
#1097=EDGE_CURVE('',#1327,#1328,#138,.T.);
#1098=EDGE_CURVE('',#1328,#1231,#1507,.T.);
#1099=EDGE_CURVE('',#1328,#1325,#139,.T.);
#1100=EDGE_CURVE('',#1329,#1274,#1508,.T.);
#1101=EDGE_CURVE('',#1329,#1330,#140,.T.);
#1102=EDGE_CURVE('',#1330,#1275,#1509,.T.);
#1103=EDGE_CURVE('',#1330,#1331,#141,.T.);
#1104=EDGE_CURVE('',#1331,#1276,#1510,.T.);
#1105=EDGE_CURVE('',#1331,#1332,#142,.T.);
#1106=EDGE_CURVE('',#1332,#1273,#1511,.T.);
#1107=EDGE_CURVE('',#1332,#1329,#143,.T.);
#1108=EDGE_CURVE('',#1333,#1225,#1512,.T.);
#1109=EDGE_CURVE('',#1333,#1334,#144,.T.);
#1110=EDGE_CURVE('',#1334,#1226,#1513,.T.);
#1111=EDGE_CURVE('',#1334,#1335,#145,.T.);
#1112=EDGE_CURVE('',#1335,#1227,#1514,.T.);
#1113=EDGE_CURVE('',#1335,#1336,#146,.T.);
#1114=EDGE_CURVE('',#1336,#1228,#1515,.T.);
#1115=EDGE_CURVE('',#1336,#1337,#147,.T.);
#1116=EDGE_CURVE('',#1337,#1229,#1516,.T.);
#1117=EDGE_CURVE('',#1337,#1338,#148,.T.);
#1118=EDGE_CURVE('',#1338,#1230,#1517,.T.);
#1119=EDGE_CURVE('',#1338,#1339,#149,.T.);
#1120=EDGE_CURVE('',#1339,#1224,#1518,.T.);
#1121=EDGE_CURVE('',#1339,#1333,#150,.T.);
#1122=EDGE_CURVE('',#1340,#1278,#1519,.T.);
#1123=EDGE_CURVE('',#1340,#1341,#151,.T.);
#1124=EDGE_CURVE('',#1341,#1279,#1520,.T.);
#1125=EDGE_CURVE('',#1341,#1342,#152,.T.);
#1126=EDGE_CURVE('',#1342,#1280,#1521,.T.);
#1127=EDGE_CURVE('',#1342,#1343,#153,.T.);
#1128=EDGE_CURVE('',#1343,#1281,#1522,.T.);
#1129=EDGE_CURVE('',#1343,#1344,#154,.T.);
#1130=EDGE_CURVE('',#1344,#1282,#1523,.T.);
#1131=EDGE_CURVE('',#1344,#1345,#155,.T.);
#1132=EDGE_CURVE('',#1345,#1277,#1524,.T.);
#1133=EDGE_CURVE('',#1346,#1346,#156,.T.);
#1134=EDGE_CURVE('',#1347,#1347,#157,.T.);
#1135=EDGE_CURVE('',#1345,#1340,#158,.T.);
#1136=VERTEX_POINT('',#3603);
#1137=VERTEX_POINT('',#3604);
#1138=VERTEX_POINT('',#3606);
#1139=VERTEX_POINT('',#3608);
#1140=VERTEX_POINT('',#3612);
#1141=VERTEX_POINT('',#3614);
#1142=VERTEX_POINT('',#3618);
#1143=VERTEX_POINT('',#3620);
#1144=VERTEX_POINT('',#3624);
#1145=VERTEX_POINT('',#3626);
#1146=VERTEX_POINT('',#3630);
#1147=VERTEX_POINT('',#3632);
#1148=VERTEX_POINT('',#3636);
#1149=VERTEX_POINT('',#3637);
#1150=VERTEX_POINT('',#3639);
#1151=VERTEX_POINT('',#3641);
#1152=VERTEX_POINT('',#3645);
#1153=VERTEX_POINT('',#3647);
#1154=VERTEX_POINT('',#3651);
#1155=VERTEX_POINT('',#3653);
#1156=VERTEX_POINT('',#3660);
#1157=VERTEX_POINT('',#3661);
#1158=VERTEX_POINT('',#3663);
#1159=VERTEX_POINT('',#3665);
#1160=VERTEX_POINT('',#3669);
#1161=VERTEX_POINT('',#3671);
#1162=VERTEX_POINT('',#3675);
#1163=VERTEX_POINT('',#3677);
#1164=VERTEX_POINT('',#3681);
#1165=VERTEX_POINT('',#3682);
#1166=VERTEX_POINT('',#3684);
#1167=VERTEX_POINT('',#3686);
#1168=VERTEX_POINT('',#3690);
#1169=VERTEX_POINT('',#3692);
#1170=VERTEX_POINT('',#3696);
#1171=VERTEX_POINT('',#3698);
#1172=VERTEX_POINT('',#3702);
#1173=VERTEX_POINT('',#3704);
#1174=VERTEX_POINT('',#3708);
#1175=VERTEX_POINT('',#3710);
#1176=VERTEX_POINT('',#3717);
#1177=VERTEX_POINT('',#3719);
#1178=VERTEX_POINT('',#3723);
#1179=VERTEX_POINT('',#3727);
#1180=VERTEX_POINT('',#3733);
#1181=VERTEX_POINT('',#3734);
#1182=VERTEX_POINT('',#3736);
#1183=VERTEX_POINT('',#3738);
#1184=VERTEX_POINT('',#3742);
#1185=VERTEX_POINT('',#3744);
#1186=VERTEX_POINT('',#3748);
#1187=VERTEX_POINT('',#3750);
#1188=VERTEX_POINT('',#3754);
#1189=VERTEX_POINT('',#3756);
#1190=VERTEX_POINT('',#3760);
#1191=VERTEX_POINT('',#3764);
#1192=VERTEX_POINT('',#3770);
#1193=VERTEX_POINT('',#3771);
#1194=VERTEX_POINT('',#3773);
#1195=VERTEX_POINT('',#3775);
#1196=VERTEX_POINT('',#3777);
#1197=VERTEX_POINT('',#3780);
#1198=VERTEX_POINT('',#3784);
#1199=VERTEX_POINT('',#3785);
#1200=VERTEX_POINT('',#3787);
#1201=VERTEX_POINT('',#3789);
#1202=VERTEX_POINT('',#3792);
#1203=VERTEX_POINT('',#3794);
#1204=VERTEX_POINT('',#3798);
#1205=VERTEX_POINT('',#3799);
#1206=VERTEX_POINT('',#3804);
#1207=VERTEX_POINT('',#3806);
#1208=VERTEX_POINT('',#3810);
#1209=VERTEX_POINT('',#3812);
#1210=VERTEX_POINT('',#3816);
#1211=VERTEX_POINT('',#3817);
#1212=VERTEX_POINT('',#3826);
#1213=VERTEX_POINT('',#3827);
#1214=VERTEX_POINT('',#3834);
#1215=VERTEX_POINT('',#3836);
#1216=VERTEX_POINT('',#3847);
#1217=VERTEX_POINT('',#3848);
#1218=VERTEX_POINT('',#3850);
#1219=VERTEX_POINT('',#3852);
#1220=VERTEX_POINT('',#3856);
#1221=VERTEX_POINT('',#3857);
#1222=VERTEX_POINT('',#3859);
#1223=VERTEX_POINT('',#3861);
#1224=VERTEX_POINT('',#3890);
#1225=VERTEX_POINT('',#3891);
#1226=VERTEX_POINT('',#3896);
#1227=VERTEX_POINT('',#3901);
#1228=VERTEX_POINT('',#3906);
#1229=VERTEX_POINT('',#3911);
#1230=VERTEX_POINT('',#3930);
#1231=VERTEX_POINT('',#3937);
#1232=VERTEX_POINT('',#3938);
#1233=VERTEX_POINT('',#3941);
#1234=VERTEX_POINT('',#3944);
#1235=VERTEX_POINT('',#3962);
#1236=VERTEX_POINT('',#3963);
#1237=VERTEX_POINT('',#3968);
#1238=VERTEX_POINT('',#3973);
#1239=VERTEX_POINT('',#3978);
#1240=VERTEX_POINT('',#3983);
#1241=VERTEX_POINT('',#3993);
#1242=VERTEX_POINT('',#4002);
#1243=VERTEX_POINT('',#4003);
#1244=VERTEX_POINT('',#4008);
#1245=VERTEX_POINT('',#4013);
#1246=VERTEX_POINT('',#4018);
#1247=VERTEX_POINT('',#4026);
#1248=VERTEX_POINT('',#4034);
#1249=VERTEX_POINT('',#4039);
#1250=VERTEX_POINT('',#4044);
#1251=VERTEX_POINT('',#4049);
#1252=VERTEX_POINT('',#4054);
#1253=VERTEX_POINT('',#4059);
#1254=VERTEX_POINT('',#4064);
#1255=VERTEX_POINT('',#4073);
#1256=VERTEX_POINT('',#4074);
#1257=VERTEX_POINT('',#4079);
#1258=VERTEX_POINT('',#4105);
#1259=VERTEX_POINT('',#4121);
#1260=VERTEX_POINT('',#4126);
#1261=VERTEX_POINT('',#4158);
#1262=VERTEX_POINT('',#4159);
#1263=VERTEX_POINT('',#4162);
#1264=VERTEX_POINT('',#4165);
#1265=VERTEX_POINT('',#4168);
#1266=VERTEX_POINT('',#4171);
#1267=VERTEX_POINT('',#4174);
#1268=VERTEX_POINT('',#4177);
#1269=VERTEX_POINT('',#4180);
#1270=VERTEX_POINT('',#4183);
#1271=VERTEX_POINT('',#4186);
#1272=VERTEX_POINT('',#4189);
#1273=VERTEX_POINT('',#4194);
#1274=VERTEX_POINT('',#4195);
#1275=VERTEX_POINT('',#4198);
#1276=VERTEX_POINT('',#4201);
#1277=VERTEX_POINT('',#4208);
#1278=VERTEX_POINT('',#4209);
#1279=VERTEX_POINT('',#4227);
#1280=VERTEX_POINT('',#4232);
#1281=VERTEX_POINT('',#4247);
#1282=VERTEX_POINT('',#4266);
#1283=VERTEX_POINT('',#4274);
#1284=VERTEX_POINT('',#4279);
#1285=VERTEX_POINT('',#4286);
#1286=VERTEX_POINT('',#4293);
#1287=VERTEX_POINT('',#4314);
#1288=VERTEX_POINT('',#4335);
#1289=VERTEX_POINT('',#4342);
#1290=VERTEX_POINT('',#4349);
#1291=VERTEX_POINT('',#4356);
#1292=VERTEX_POINT('',#4363);
#1293=VERTEX_POINT('',#4370);
#1294=VERTEX_POINT('',#4377);
#1295=VERTEX_POINT('',#4384);
#1296=VERTEX_POINT('',#4401);
#1297=VERTEX_POINT('',#4406);
#1298=VERTEX_POINT('',#4457);
#1299=VERTEX_POINT('',#4496);
#1300=VERTEX_POINT('',#4503);
#1301=VERTEX_POINT('',#4562);
#1302=VERTEX_POINT('',#4594);
#1303=VERTEX_POINT('',#4595);
#1304=VERTEX_POINT('',#4597);
#1305=VERTEX_POINT('',#4614);
#1306=VERTEX_POINT('',#4671);
#1307=VERTEX_POINT('',#4676);
#1308=VERTEX_POINT('',#4683);
#1309=VERTEX_POINT('',#4690);
#1310=VERTEX_POINT('',#4697);
#1311=VERTEX_POINT('',#4718);
#1312=VERTEX_POINT('',#4725);
#1313=VERTEX_POINT('',#4759);
#1314=VERTEX_POINT('',#4762);
#1315=VERTEX_POINT('',#4767);
#1316=VERTEX_POINT('',#4772);
#1317=VERTEX_POINT('',#4777);
#1318=VERTEX_POINT('',#4782);
#1319=VERTEX_POINT('',#4787);
#1320=VERTEX_POINT('',#4792);
#1321=VERTEX_POINT('',#4797);
#1322=VERTEX_POINT('',#4802);
#1323=VERTEX_POINT('',#4807);
#1324=VERTEX_POINT('',#4812);
#1325=VERTEX_POINT('',#4820);
#1326=VERTEX_POINT('',#4823);
#1327=VERTEX_POINT('',#4828);
#1328=VERTEX_POINT('',#4833);
#1329=VERTEX_POINT('',#4841);
#1330=VERTEX_POINT('',#4844);
#1331=VERTEX_POINT('',#4849);
#1332=VERTEX_POINT('',#4854);
#1333=VERTEX_POINT('',#4862);
#1334=VERTEX_POINT('',#4867);
#1335=VERTEX_POINT('',#4874);
#1336=VERTEX_POINT('',#4881);
#1337=VERTEX_POINT('',#4888);
#1338=VERTEX_POINT('',#4928);
#1339=VERTEX_POINT('',#4935);
#1340=VERTEX_POINT('',#5013);
#1341=VERTEX_POINT('',#5031);
#1342=VERTEX_POINT('',#5038);
#1343=VERTEX_POINT('',#5068);
#1344=VERTEX_POINT('',#5102);
#1345=VERTEX_POINT('',#5109);
#1346=VERTEX_POINT('',#5161);
#1347=VERTEX_POINT('',#5184);
#1348=LINE('',#3602,#1525);
#1349=LINE('',#3605,#1526);
#1350=LINE('',#3607,#1527);
#1351=LINE('',#3609,#1528);
#1352=LINE('',#3611,#1529);
#1353=LINE('',#3613,#1530);
#1354=LINE('',#3615,#1531);
#1355=LINE('',#3621,#1532);
#1356=LINE('',#3623,#1533);
#1357=LINE('',#3625,#1534);
#1358=LINE('',#3627,#1535);
#1359=LINE('',#3633,#1536);
#1360=LINE('',#3638,#1537);
#1361=LINE('',#3642,#1538);
#1362=LINE('',#3644,#1539);
#1363=LINE('',#3646,#1540);
#1364=LINE('',#3648,#1541);
#1365=LINE('',#3654,#1542);
#1366=LINE('',#3656,#1543);
#1367=LINE('',#3657,#1544);
#1368=LINE('',#3662,#1545);
#1369=LINE('',#3666,#1546);
#1370=LINE('',#3668,#1547);
#1371=LINE('',#3670,#1548);
#1372=LINE('',#3672,#1549);
#1373=LINE('',#3678,#1550);
#1374=LINE('',#3683,#1551);
#1375=LINE('',#3687,#1552);
#1376=LINE('',#3689,#1553);
#1377=LINE('',#3691,#1554);
#1378=LINE('',#3693,#1555);
#1379=LINE('',#3699,#1556);
#1380=LINE('',#3701,#1557);
#1381=LINE('',#3703,#1558);
#1382=LINE('',#3705,#1559);
#1383=LINE('',#3707,#1560);
#1384=LINE('',#3709,#1561);
#1385=LINE('',#3711,#1562);
#1386=LINE('',#3713,#1563);
#1387=LINE('',#3714,#1564);
#1388=LINE('',#3716,#1565);
#1389=LINE('',#3718,#1566);
#1390=LINE('',#3720,#1567);
#1391=LINE('',#3722,#1568);
#1392=LINE('',#3724,#1569);
#1393=LINE('',#3726,#1570);
#1394=LINE('',#3728,#1571);
#1395=LINE('',#3730,#1572);
#1396=LINE('',#3732,#1573);
#1397=LINE('',#3735,#1574);
#1398=LINE('',#3737,#1575);
#1399=LINE('',#3739,#1576);
#1400=LINE('',#3741,#1577);
#1401=LINE('',#3743,#1578);
#1402=LINE('',#3745,#1579);
#1403=LINE('',#3747,#1580);
#1404=LINE('',#3749,#1581);
#1405=LINE('',#3751,#1582);
#1406=LINE('',#3753,#1583);
#1407=LINE('',#3755,#1584);
#1408=LINE('',#3757,#1585);
#1409=LINE('',#3759,#1586);
#1410=LINE('',#3761,#1587);
#1411=LINE('',#3763,#1588);
#1412=LINE('',#3765,#1589);
#1413=LINE('',#3767,#1590);
#1414=LINE('',#3769,#1591);
#1415=LINE('',#3772,#1592);
#1416=LINE('',#3774,#1593);
#1417=LINE('',#3776,#1594);
#1418=LINE('',#3778,#1595);
#1419=LINE('',#3779,#1596);
#1420=LINE('',#3781,#1597);
#1421=LINE('',#3783,#1598);
#1422=LINE('',#3786,#1599);
#1423=LINE('',#3788,#1600);
#1424=LINE('',#3790,#1601);
#1425=LINE('',#3791,#1602);
#1426=LINE('',#3793,#1603);
#1427=LINE('',#3795,#1604);
#1428=LINE('',#3797,#1605);
#1429=LINE('',#3800,#1606);
#1430=LINE('',#3801,#1607);
#1431=LINE('',#3803,#1608);
#1432=LINE('',#3805,#1609);
#1433=LINE('',#3807,#1610);
#1434=LINE('',#3809,#1611);
#1435=LINE('',#3811,#1612);
#1436=LINE('',#3813,#1613);
#1437=LINE('',#3815,#1614);
#1438=LINE('',#3818,#1615);
#1439=LINE('',#3819,#1616);
#1440=LINE('',#3821,#1617);
#1441=LINE('',#3823,#1618);
#1442=LINE('',#3825,#1619);
#1443=LINE('',#3828,#1620);
#1444=LINE('',#3829,#1621);
#1445=LINE('',#3831,#1622);
#1446=LINE('',#3833,#1623);
#1447=LINE('',#3835,#1624);
#1448=LINE('',#3837,#1625);
#1449=LINE('',#3839,#1626);
#1450=LINE('',#3841,#1627);
#1451=LINE('',#3843,#1628);
#1452=LINE('',#3846,#1629);
#1453=LINE('',#3849,#1630);
#1454=LINE('',#3851,#1631);
#1455=LINE('',#3853,#1632);
#1456=LINE('',#3855,#1633);
#1457=LINE('',#3858,#1634);
#1458=LINE('',#3860,#1635);
#1459=LINE('',#3862,#1636);
#1460=LINE('',#3864,#1637);
#1461=LINE('',#3865,#1638);
#1462=LINE('',#3867,#1639);
#1463=LINE('',#3868,#1640);
#1464=LINE('',#4273,#1641);
#1465=LINE('',#4280,#1642);
#1466=LINE('',#4287,#1643);
#1467=LINE('',#4294,#1644);
#1468=LINE('',#4315,#1645);
#1469=LINE('',#4336,#1646);
#1470=LINE('',#4343,#1647);
#1471=LINE('',#4350,#1648);
#1472=LINE('',#4357,#1649);
#1473=LINE('',#4364,#1650);
#1474=LINE('',#4371,#1651);
#1475=LINE('',#4378,#1652);
#1476=LINE('',#4385,#1653);
#1477=LINE('',#4400,#1654);
#1478=LINE('',#4407,#1655);
#1479=LINE('',#4458,#1656);
#1480=LINE('',#4497,#1657);
#1481=LINE('',#4504,#1658);
#1482=LINE('',#4563,#1659);
#1483=LINE('',#4596,#1660);
#1484=LINE('',#4615,#1661);
#1485=LINE('',#4670,#1662);
#1486=LINE('',#4677,#1663);
#1487=LINE('',#4684,#1664);
#1488=LINE('',#4691,#1665);
#1489=LINE('',#4698,#1666);
#1490=LINE('',#4719,#1667);
#1491=LINE('',#4726,#1668);
#1492=LINE('',#4758,#1669);
#1493=LINE('',#4763,#1670);
#1494=LINE('',#4768,#1671);
#1495=LINE('',#4773,#1672);
#1496=LINE('',#4778,#1673);
#1497=LINE('',#4783,#1674);
#1498=LINE('',#4788,#1675);
#1499=LINE('',#4793,#1676);
#1500=LINE('',#4798,#1677);
#1501=LINE('',#4803,#1678);
#1502=LINE('',#4808,#1679);
#1503=LINE('',#4813,#1680);
#1504=LINE('',#4819,#1681);
#1505=LINE('',#4824,#1682);
#1506=LINE('',#4829,#1683);
#1507=LINE('',#4834,#1684);
#1508=LINE('',#4840,#1685);
#1509=LINE('',#4845,#1686);
#1510=LINE('',#4850,#1687);
#1511=LINE('',#4855,#1688);
#1512=LINE('',#4861,#1689);
#1513=LINE('',#4868,#1690);
#1514=LINE('',#4875,#1691);
#1515=LINE('',#4882,#1692);
#1516=LINE('',#4889,#1693);
#1517=LINE('',#4929,#1694);
#1518=LINE('',#4936,#1695);
#1519=LINE('',#5012,#1696);
#1520=LINE('',#5032,#1697);
#1521=LINE('',#5039,#1698);
#1522=LINE('',#5069,#1699);
#1523=LINE('',#5103,#1700);
#1524=LINE('',#5110,#1701);
#1525=VECTOR('',#3181,1000.);
#1526=VECTOR('',#3182,1000.);
#1527=VECTOR('',#3183,1000.);
#1528=VECTOR('',#3184,1000.);
#1529=VECTOR('',#3187,1000.);
#1530=VECTOR('',#3188,1000.);
#1531=VECTOR('',#3189,1000.);
#1532=VECTOR('',#3196,1000.);
#1533=VECTOR('',#3199,1000.);
#1534=VECTOR('',#3200,1000.);
#1535=VECTOR('',#3201,1000.);
#1536=VECTOR('',#3208,1000.);
#1537=VECTOR('',#3213,1000.);
#1538=VECTOR('',#3216,1000.);
#1539=VECTOR('',#3219,1000.);
#1540=VECTOR('',#3220,1000.);
#1541=VECTOR('',#3221,1000.);
#1542=VECTOR('',#3228,1000.);
#1543=VECTOR('',#3231,1000.);
#1544=VECTOR('',#3232,1000.);
#1545=VECTOR('',#3237,1000.);
#1546=VECTOR('',#3240,1000.);
#1547=VECTOR('',#3243,1000.);
#1548=VECTOR('',#3244,1000.);
#1549=VECTOR('',#3245,1000.);
#1550=VECTOR('',#3252,1000.);
#1551=VECTOR('',#3257,1000.);
#1552=VECTOR('',#3260,1000.);
#1553=VECTOR('',#3263,1000.);
#1554=VECTOR('',#3264,1000.);
#1555=VECTOR('',#3265,1000.);
#1556=VECTOR('',#3272,1000.);
#1557=VECTOR('',#3275,1000.);
#1558=VECTOR('',#3276,1000.);
#1559=VECTOR('',#3277,1000.);
#1560=VECTOR('',#3280,1000.);
#1561=VECTOR('',#3281,1000.);
#1562=VECTOR('',#3282,1000.);
#1563=VECTOR('',#3285,1000.);
#1564=VECTOR('',#3286,1000.);
#1565=VECTOR('',#3289,1000.);
#1566=VECTOR('',#3290,1000.);
#1567=VECTOR('',#3291,1000.);
#1568=VECTOR('',#3294,1000.);
#1569=VECTOR('',#3295,1000.);
#1570=VECTOR('',#3298,1000.);
#1571=VECTOR('',#3299,1000.);
#1572=VECTOR('',#3302,1000.);
#1573=VECTOR('',#3305,1000.);
#1574=VECTOR('',#3306,1000.);
#1575=VECTOR('',#3307,1000.);
#1576=VECTOR('',#3308,1000.);
#1577=VECTOR('',#3311,1000.);
#1578=VECTOR('',#3312,1000.);
#1579=VECTOR('',#3313,1000.);
#1580=VECTOR('',#3316,1000.);
#1581=VECTOR('',#3317,1000.);
#1582=VECTOR('',#3318,1000.);
#1583=VECTOR('',#3321,1000.);
#1584=VECTOR('',#3322,1000.);
#1585=VECTOR('',#3323,1000.);
#1586=VECTOR('',#3326,1000.);
#1587=VECTOR('',#3327,1000.);
#1588=VECTOR('',#3330,1000.);
#1589=VECTOR('',#3331,1000.);
#1590=VECTOR('',#3334,1000.);
#1591=VECTOR('',#3337,1000.);
#1592=VECTOR('',#3338,1000.);
#1593=VECTOR('',#3339,1000.);
#1594=VECTOR('',#3340,1000.);
#1595=VECTOR('',#3341,1000.);
#1596=VECTOR('',#3342,1000.);
#1597=VECTOR('',#3343,1000.);
#1598=VECTOR('',#3346,1000.);
#1599=VECTOR('',#3347,1000.);
#1600=VECTOR('',#3348,1000.);
#1601=VECTOR('',#3349,1000.);
#1602=VECTOR('',#3350,1000.);
#1603=VECTOR('',#3351,1000.);
#1604=VECTOR('',#3352,1000.);
#1605=VECTOR('',#3355,1000.);
#1606=VECTOR('',#3356,1000.);
#1607=VECTOR('',#3357,1000.);
#1608=VECTOR('',#3360,1000.);
#1609=VECTOR('',#3361,1000.);
#1610=VECTOR('',#3362,1000.);
#1611=VECTOR('',#3365,1000.);
#1612=VECTOR('',#3366,1000.);
#1613=VECTOR('',#3367,1000.);
#1614=VECTOR('',#3370,1000.);
#1615=VECTOR('',#3371,1000.);
#1616=VECTOR('',#3372,1000.);
#1617=VECTOR('',#3375,1000.);
#1618=VECTOR('',#3378,1000.);
#1619=VECTOR('',#3381,1000.);
#1620=VECTOR('',#3382,1000.);
#1621=VECTOR('',#3383,1000.);
#1622=VECTOR('',#3386,1000.);
#1623=VECTOR('',#3389,1000.);
#1624=VECTOR('',#3390,1000.);
#1625=VECTOR('',#3391,1000.);
#1626=VECTOR('',#3394,1000.);
#1627=VECTOR('',#3397,1000.);
#1628=VECTOR('',#3400,1000.);
#1629=VECTOR('',#3405,1000.);
#1630=VECTOR('',#3406,1000.);
#1631=VECTOR('',#3407,1000.);
#1632=VECTOR('',#3408,1000.);
#1633=VECTOR('',#3411,1000.);
#1634=VECTOR('',#3412,1000.);
#1635=VECTOR('',#3413,1000.);
#1636=VECTOR('',#3414,1000.);
#1637=VECTOR('',#3417,1000.);
#1638=VECTOR('',#3418,1000.);
#1639=VECTOR('',#3421,1000.);
#1640=VECTOR('',#3422,1000.);
#1641=VECTOR('',#3429,1000.);
#1642=VECTOR('',#3430,1000.);
#1643=VECTOR('',#3433,1000.);
#1644=VECTOR('',#3436,1000.);
#1645=VECTOR('',#3437,1000.);
#1646=VECTOR('',#3438,1000.);
#1647=VECTOR('',#3441,1000.);
#1648=VECTOR('',#3444,1000.);
#1649=VECTOR('',#3447,1000.);
#1650=VECTOR('',#3450,1000.);
#1651=VECTOR('',#3453,1000.);
#1652=VECTOR('',#3456,1000.);
#1653=VECTOR('',#3459,1000.);
#1654=VECTOR('',#3464,1000.);
#1655=VECTOR('',#3465,1000.);
#1656=VECTOR('',#3466,1000.);
#1657=VECTOR('',#3467,1000.);
#1658=VECTOR('',#3470,1000.);
#1659=VECTOR('',#3471,1000.);
#1660=VECTOR('',#3472,1000.);
#1661=VECTOR('',#3473,1000.);
#1662=VECTOR('',#3482,1000.);
#1663=VECTOR('',#3483,1000.);
#1664=VECTOR('',#3486,1000.);
#1665=VECTOR('',#3489,1000.);
#1666=VECTOR('',#3492,1000.);
#1667=VECTOR('',#3493,1000.);
#1668=VECTOR('',#3496,1000.);
#1669=VECTOR('',#3501,1000.);
#1670=VECTOR('',#3502,1000.);
#1671=VECTOR('',#3505,1000.);
#1672=VECTOR('',#3508,1000.);
#1673=VECTOR('',#3511,1000.);
#1674=VECTOR('',#3514,1000.);
#1675=VECTOR('',#3517,1000.);
#1676=VECTOR('',#3520,1000.);
#1677=VECTOR('',#3523,1000.);
#1678=VECTOR('',#3526,1000.);
#1679=VECTOR('',#3529,1000.);
#1680=VECTOR('',#3532,1000.);
#1681=VECTOR('',#3539,1000.);
#1682=VECTOR('',#3540,1000.);
#1683=VECTOR('',#3543,1000.);
#1684=VECTOR('',#3546,1000.);
#1685=VECTOR('',#3553,1000.);
#1686=VECTOR('',#3554,1000.);
#1687=VECTOR('',#3557,1000.);
#1688=VECTOR('',#3560,1000.);
#1689=VECTOR('',#3567,1000.);
#1690=VECTOR('',#3568,1000.);
#1691=VECTOR('',#3571,1000.);
#1692=VECTOR('',#3574,1000.);
#1693=VECTOR('',#3577,1000.);
#1694=VECTOR('',#3578,1000.);
#1695=VECTOR('',#3581,1000.);
#1696=VECTOR('',#3584,1000.);
#1697=VECTOR('',#3585,1000.);
#1698=VECTOR('',#3588,1000.);
#1699=VECTOR('',#3589,1000.);
#1700=VECTOR('',#3590,1000.);
#1701=VECTOR('',#3593,1000.);
#1702=EDGE_LOOP('',(#185,#186,#187,#188));
#1703=EDGE_LOOP('',(#189,#190,#191,#192));
#1704=EDGE_LOOP('',(#193,#194,#195,#196));
#1705=EDGE_LOOP('',(#197,#198,#199,#200));
#1706=EDGE_LOOP('',(#201,#202,#203,#204));
#1707=EDGE_LOOP('',(#205,#206,#207,#208));
#1708=EDGE_LOOP('',(#209,#210,#211,#212));
#1709=EDGE_LOOP('',(#213,#214,#215,#216));
#1710=EDGE_LOOP('',(#217,#218,#219,#220));
#1711=EDGE_LOOP('',(#221,#222,#223,#224));
#1712=EDGE_LOOP('',(#225,#226,#227,#228));
#1713=EDGE_LOOP('',(#229,#230,#231,#232));
#1714=EDGE_LOOP('',(#233,#234,#235,#236));
#1715=EDGE_LOOP('',(#237,#238,#239,#240));
#1716=EDGE_LOOP('',(#241,#242,#243,#244));
#1717=EDGE_LOOP('',(#245,#246,#247,#248));
#1718=EDGE_LOOP('',(#249,#250,#251,#252));
#1719=EDGE_LOOP('',(#253,#254,#255,#256));
#1720=EDGE_LOOP('',(#257,#258,#259,#260));
#1721=EDGE_LOOP('',(#261,#262,#263,#264,#265,#266,#267,#268,#269,#270,#271,
#272));
#1722=EDGE_LOOP('',(#273,#274,#275,#276));
#1723=EDGE_LOOP('',(#277,#278,#279,#280,#281,#282,#283,#284,#285,#286,#287,
#288));
#1724=EDGE_LOOP('',(#289,#290,#291,#292));
#1725=EDGE_LOOP('',(#293,#294,#295,#296));
#1726=EDGE_LOOP('',(#297,#298,#299,#300));
#1727=EDGE_LOOP('',(#301,#302,#303,#304));
#1728=EDGE_LOOP('',(#305,#306,#307,#308,#309,#310,#311,#312,#313,#314,#315,
#316));
#1729=EDGE_LOOP('',(#317,#318,#319,#320));
#1730=EDGE_LOOP('',(#321,#322,#323,#324,#325,#326,#327,#328,#329,#330,#331,
#332));
#1731=EDGE_LOOP('',(#333,#334,#335,#336,#337,#338,#339,#340));
#1732=EDGE_LOOP('',(#341,#342,#343,#344,#345,#346,#347,#348));
#1733=EDGE_LOOP('',(#349,#350,#351,#352));
#1734=EDGE_LOOP('',(#353,#354,#355,#356,#357,#358,#359,#360));
#1735=EDGE_LOOP('',(#361,#362,#363,#364));
#1736=EDGE_LOOP('',(#365,#366,#367,#368));
#1737=EDGE_LOOP('',(#369,#370,#371,#372));
#1738=EDGE_LOOP('',(#373,#374,#375,#376));
#1739=EDGE_LOOP('',(#377,#378,#379,#380));
#1740=EDGE_LOOP('',(#381,#382,#383,#384,#385,#386,#387,#388));
#1741=EDGE_LOOP('',(#389,#390,#391,#392));
#1742=EDGE_LOOP('',(#393,#394,#395,#396));
#1743=EDGE_LOOP('',(#397,#398,#399,#400));
#1744=EDGE_LOOP('',(#401,#402,#403,#404));
#1745=EDGE_LOOP('',(#405,#406,#407,#408));
#1746=EDGE_LOOP('',(#409,#410,#411,#412));
#1747=EDGE_LOOP('',(#413,#414,#415,#416,#417,#418,#419,#420,#421,#422,#423,
#424));
#1748=EDGE_LOOP('',(#425,#426,#427,#428));
#1749=EDGE_LOOP('',(#429,#430,#431,#432));
#1750=EDGE_LOOP('',(#433,#434,#435,#436));
#1751=EDGE_LOOP('',(#437,#438,#439,#440));
#1752=EDGE_LOOP('',(#441,#442,#443,#444,#445,#446,#447));
#1753=EDGE_LOOP('',(#448,#449,#450,#451));
#1754=EDGE_LOOP('',(#452,#453,#454,#455,#456,#457,#458));
#1755=EDGE_LOOP('',(#459,#460,#461,#462,#463,#464,#465,#466,#467,#468,#469,
#470,#471));
#1756=EDGE_LOOP('',(#472,#473,#474,#475));
#1757=EDGE_LOOP('',(#476,#477,#478,#479,#480,#481));
#1758=EDGE_LOOP('',(#482,#483,#484,#485,#486,#487,#488,#489,#490,#491,#492,
#493));
#1759=EDGE_LOOP('',(#494,#495,#496,#497));
#1760=EDGE_LOOP('',(#498,#499,#500,#501,#502,#503));
#1761=EDGE_LOOP('',(#504,#505,#506,#507));
#1762=EDGE_LOOP('',(#508,#509,#510,#511));
#1763=EDGE_LOOP('',(#512,#513,#514,#515));
#1764=EDGE_LOOP('',(#516,#517,#518,#519));
#1765=EDGE_LOOP('',(#520,#521,#522,#523));
#1766=EDGE_LOOP('',(#524,#525,#526,#527));
#1767=EDGE_LOOP('',(#528,#529,#530,#531));
#1768=EDGE_LOOP('',(#532,#533,#534,#535));
#1769=EDGE_LOOP('',(#536,#537,#538,#539));
#1770=EDGE_LOOP('',(#540,#541,#542,#543));
#1771=EDGE_LOOP('',(#544,#545,#546,#547));
#1772=EDGE_LOOP('',(#548,#549,#550,#551));
#1773=EDGE_LOOP('',(#552,#553,#554,#555));
#1774=EDGE_LOOP('',(#556,#557,#558,#559));
#1775=EDGE_LOOP('',(#560,#561,#562,#563,#564,#565,#566,#567,#568,#569,#570,
#571,#572));
#1776=EDGE_LOOP('',(#573,#574,#575,#576));
#1777=EDGE_LOOP('',(#577,#578,#579,#580));
#1778=EDGE_LOOP('',(#581,#582,#583,#584));
#1779=EDGE_LOOP('',(#585,#586,#587,#588));
#1780=EDGE_LOOP('',(#589,#590,#591,#592));
#1781=EDGE_LOOP('',(#593,#594,#595,#596));
#1782=EDGE_LOOP('',(#597,#598,#599,#600));
#1783=EDGE_LOOP('',(#601,#602,#603,#604));
#1784=EDGE_LOOP('',(#605,#606));
#1785=EDGE_LOOP('',(#607,#608,#609,#610,#611,#612));
#1786=EDGE_LOOP('',(#613,#614));
#1787=EDGE_LOOP('',(#615,#616,#617,#618));
#1788=EDGE_LOOP('',(#619,#620,#621,#622));
#1789=EDGE_LOOP('',(#623,#624,#625,#626));
#1790=EDGE_LOOP('',(#627,#628,#629,#630));
#1791=EDGE_LOOP('',(#631,#632,#633,#634));
#1792=EDGE_LOOP('',(#635,#636,#637,#638));
#1793=EDGE_LOOP('',(#639,#640,#641,#642));
#1794=EDGE_LOOP('',(#643,#644,#645,#646,#647,#648,#649));
#1795=EDGE_LOOP('',(#650,#651,#652,#653));
#1796=EDGE_LOOP('',(#654,#655,#656,#657));
#1797=EDGE_LOOP('',(#658,#659,#660,#661));
#1798=EDGE_LOOP('',(#662,#663,#664,#665));
#1799=EDGE_LOOP('',(#666,#667,#668,#669));
#1800=EDGE_LOOP('',(#670,#671,#672,#673));
#1801=EDGE_LOOP('',(#674,#675,#676,#677));
#1802=EDGE_LOOP('',(#678,#679,#680,#681));
#1803=EDGE_LOOP('',(#682,#683,#684,#685));
#1804=EDGE_LOOP('',(#686,#687,#688,#689));
#1805=EDGE_LOOP('',(#690,#691,#692,#693));
#1806=EDGE_LOOP('',(#694,#695,#696,#697));
#1807=EDGE_LOOP('',(#698,#699,#700,#701,#702,#703,#704,#705,#706,#707,#708,
#709));
#1808=EDGE_LOOP('',(#710,#711,#712,#713));
#1809=EDGE_LOOP('',(#714,#715,#716,#717));
#1810=EDGE_LOOP('',(#718,#719,#720,#721));
#1811=EDGE_LOOP('',(#722,#723,#724,#725));
#1812=EDGE_LOOP('',(#726,#727,#728,#729));
#1813=EDGE_LOOP('',(#730,#731,#732,#733));
#1814=EDGE_LOOP('',(#734,#735,#736,#737));
#1815=EDGE_LOOP('',(#738,#739,#740,#741));
#1816=EDGE_LOOP('',(#742,#743,#744,#745));
#1817=EDGE_LOOP('',(#746,#747,#748,#749));
#1818=EDGE_LOOP('',(#750,#751,#752,#753));
#1819=EDGE_LOOP('',(#754,#755,#756,#757));
#1820=EDGE_LOOP('',(#758,#759,#760,#761));
#1821=EDGE_LOOP('',(#762,#763,#764,#765));
#1822=EDGE_LOOP('',(#766,#767,#768,#769));
#1823=EDGE_LOOP('',(#770,#771,#772,#773));
#1824=EDGE_LOOP('',(#774,#775,#776,#777));
#1825=EDGE_LOOP('',(#778,#779,#780,#781,#782,#783,#784));
#1826=EDGE_LOOP('',(#785,#786,#787,#788));
#1827=EDGE_LOOP('',(#789,#790,#791,#792));
#1828=EDGE_LOOP('',(#793,#794,#795,#796));
#1829=EDGE_LOOP('',(#797,#798,#799,#800));
#1830=EDGE_LOOP('',(#801,#802,#803,#804));
#1831=EDGE_LOOP('',(#805));
#1832=EDGE_LOOP('',(#806));
#1833=EDGE_LOOP('',(#807,#808,#809,#810));
#1834=EDGE_LOOP('',(#811));
#1835=EDGE_LOOP('',(#812,#813,#814,#815,#816,#817));
#1836=EDGE_LOOP('',(#818));
#1837=FACE_BOUND('',#1702,.T.);
#1838=FACE_BOUND('',#1703,.T.);
#1839=FACE_BOUND('',#1704,.T.);
#1840=FACE_BOUND('',#1705,.T.);
#1841=FACE_BOUND('',#1706,.T.);
#1842=FACE_BOUND('',#1707,.T.);
#1843=FACE_BOUND('',#1708,.T.);
#1844=FACE_BOUND('',#1709,.T.);
#1845=FACE_BOUND('',#1710,.T.);
#1846=FACE_BOUND('',#1711,.T.);
#1847=FACE_BOUND('',#1712,.T.);
#1848=FACE_BOUND('',#1713,.T.);
#1849=FACE_BOUND('',#1714,.T.);
#1850=FACE_BOUND('',#1715,.T.);
#1851=FACE_BOUND('',#1716,.T.);
#1852=FACE_BOUND('',#1717,.T.);
#1853=FACE_BOUND('',#1718,.T.);
#1854=FACE_BOUND('',#1719,.T.);
#1855=FACE_BOUND('',#1720,.T.);
#1856=FACE_BOUND('',#1721,.T.);
#1857=FACE_BOUND('',#1722,.T.);
#1858=FACE_BOUND('',#1723,.T.);
#1859=FACE_BOUND('',#1724,.T.);
#1860=FACE_BOUND('',#1725,.T.);
#1861=FACE_BOUND('',#1726,.T.);
#1862=FACE_BOUND('',#1727,.T.);
#1863=FACE_BOUND('',#1728,.T.);
#1864=FACE_BOUND('',#1729,.T.);
#1865=FACE_BOUND('',#1730,.T.);
#1866=FACE_BOUND('',#1731,.T.);
#1867=FACE_BOUND('',#1732,.T.);
#1868=FACE_BOUND('',#1733,.T.);
#1869=FACE_BOUND('',#1734,.T.);
#1870=FACE_BOUND('',#1735,.T.);
#1871=FACE_BOUND('',#1736,.T.);
#1872=FACE_BOUND('',#1737,.T.);
#1873=FACE_BOUND('',#1738,.T.);
#1874=FACE_BOUND('',#1739,.T.);
#1875=FACE_BOUND('',#1740,.T.);
#1876=FACE_BOUND('',#1741,.T.);
#1877=FACE_BOUND('',#1742,.T.);
#1878=FACE_BOUND('',#1743,.T.);
#1879=FACE_BOUND('',#1744,.T.);
#1880=FACE_BOUND('',#1745,.T.);
#1881=FACE_BOUND('',#1746,.T.);
#1882=FACE_BOUND('',#1747,.T.);
#1883=FACE_BOUND('',#1748,.T.);
#1884=FACE_BOUND('',#1749,.T.);
#1885=FACE_BOUND('',#1750,.T.);
#1886=FACE_BOUND('',#1751,.T.);
#1887=FACE_BOUND('',#1752,.T.);
#1888=FACE_BOUND('',#1753,.T.);
#1889=FACE_BOUND('',#1754,.T.);
#1890=FACE_BOUND('',#1755,.T.);
#1891=FACE_BOUND('',#1756,.T.);
#1892=FACE_BOUND('',#1757,.T.);
#1893=FACE_BOUND('',#1758,.T.);
#1894=FACE_BOUND('',#1759,.T.);
#1895=FACE_BOUND('',#1760,.T.);
#1896=FACE_BOUND('',#1761,.T.);
#1897=FACE_BOUND('',#1762,.T.);
#1898=FACE_BOUND('',#1763,.T.);
#1899=FACE_BOUND('',#1764,.T.);
#1900=FACE_BOUND('',#1765,.T.);
#1901=FACE_BOUND('',#1766,.T.);
#1902=FACE_BOUND('',#1767,.T.);
#1903=FACE_BOUND('',#1768,.T.);
#1904=FACE_BOUND('',#1769,.T.);
#1905=FACE_BOUND('',#1770,.T.);
#1906=FACE_BOUND('',#1771,.T.);
#1907=FACE_BOUND('',#1772,.T.);
#1908=FACE_BOUND('',#1773,.T.);
#1909=FACE_BOUND('',#1774,.T.);
#1910=FACE_BOUND('',#1775,.T.);
#1911=FACE_BOUND('',#1776,.T.);
#1912=FACE_BOUND('',#1777,.T.);
#1913=FACE_BOUND('',#1778,.T.);
#1914=FACE_BOUND('',#1779,.T.);
#1915=FACE_BOUND('',#1780,.T.);
#1916=FACE_BOUND('',#1781,.T.);
#1917=FACE_BOUND('',#1782,.T.);
#1918=FACE_BOUND('',#1783,.T.);
#1919=FACE_BOUND('',#1784,.T.);
#1920=FACE_BOUND('',#1785,.T.);
#1921=FACE_BOUND('',#1786,.T.);
#1922=FACE_BOUND('',#1787,.T.);
#1923=FACE_BOUND('',#1788,.T.);
#1924=FACE_BOUND('',#1789,.T.);
#1925=FACE_BOUND('',#1790,.T.);
#1926=FACE_BOUND('',#1791,.T.);
#1927=FACE_BOUND('',#1792,.T.);
#1928=FACE_BOUND('',#1793,.T.);
#1929=FACE_BOUND('',#1794,.T.);
#1930=FACE_BOUND('',#1795,.T.);
#1931=FACE_BOUND('',#1796,.T.);
#1932=FACE_BOUND('',#1797,.T.);
#1933=FACE_BOUND('',#1798,.T.);
#1934=FACE_BOUND('',#1799,.T.);
#1935=FACE_BOUND('',#1800,.T.);
#1936=FACE_BOUND('',#1801,.T.);
#1937=FACE_BOUND('',#1802,.T.);
#1938=FACE_BOUND('',#1803,.T.);
#1939=FACE_BOUND('',#1804,.T.);
#1940=FACE_BOUND('',#1805,.T.);
#1941=FACE_BOUND('',#1806,.T.);
#1942=FACE_BOUND('',#1807,.T.);
#1943=FACE_BOUND('',#1808,.T.);
#1944=FACE_BOUND('',#1809,.T.);
#1945=FACE_BOUND('',#1810,.T.);
#1946=FACE_BOUND('',#1811,.T.);
#1947=FACE_BOUND('',#1812,.T.);
#1948=FACE_BOUND('',#1813,.T.);
#1949=FACE_BOUND('',#1814,.T.);
#1950=FACE_BOUND('',#1815,.T.);
#1951=FACE_BOUND('',#1816,.T.);
#1952=FACE_BOUND('',#1817,.T.);
#1953=FACE_BOUND('',#1818,.T.);
#1954=FACE_BOUND('',#1819,.T.);
#1955=FACE_BOUND('',#1820,.T.);
#1956=FACE_BOUND('',#1821,.T.);
#1957=FACE_BOUND('',#1822,.T.);
#1958=FACE_BOUND('',#1823,.T.);
#1959=FACE_BOUND('',#1824,.T.);
#1960=FACE_BOUND('',#1825,.T.);
#1961=FACE_BOUND('',#1826,.T.);
#1962=FACE_BOUND('',#1827,.T.);
#1963=FACE_BOUND('',#1828,.T.);
#1964=FACE_BOUND('',#1829,.T.);
#1965=FACE_BOUND('',#1830,.T.);
#1966=FACE_BOUND('',#1831,.T.);
#1967=FACE_BOUND('',#1832,.T.);
#1968=FACE_BOUND('',#1833,.T.);
#1969=FACE_BOUND('',#1834,.T.);
#1970=FACE_BOUND('',#1835,.T.);
#1971=FACE_BOUND('',#1836,.T.);
#1972=PLANE('',#3055);
#1973=PLANE('',#3056);
#1974=PLANE('',#3060);
#1975=PLANE('',#3067);
#1976=PLANE('',#3071);
#1977=PLANE('',#3075);
#1978=PLANE('',#3082);
#1979=PLANE('',#3086);
#1980=PLANE('',#3087);
#1981=PLANE('',#3088);
#1982=PLANE('',#3089);
#1983=PLANE('',#3090);
#1984=PLANE('',#3091);
#1985=PLANE('',#3092);
#1986=PLANE('',#3093);
#1987=PLANE('',#3094);
#1988=PLANE('',#3095);
#1989=PLANE('',#3096);
#1990=PLANE('',#3097);
#1991=PLANE('',#3098);
#1992=PLANE('',#3099);
#1993=PLANE('',#3100);
#1994=PLANE('',#3101);
#1995=PLANE('',#3102);
#1996=PLANE('',#3103);
#1997=PLANE('',#3104);
#1998=PLANE('',#3105);
#1999=PLANE('',#3106);
#2000=PLANE('',#3107);
#2001=PLANE('',#3108);
#2002=PLANE('',#3109);
#2003=PLANE('',#3110);
#2004=PLANE('',#3111);
#2005=PLANE('',#3112);
#2006=PLANE('',#3113);
#2007=PLANE('',#3114);
#2008=PLANE('',#3115);
#2009=PLANE('',#3116);
#2010=PLANE('',#3117);
#2011=PLANE('',#3118);
#2012=PLANE('',#3119);
#2013=PLANE('',#3120);
#2014=PLANE('',#3121);
#2015=PLANE('',#3122);
#2016=PLANE('',#3123);
#2017=PLANE('',#3124);
#2018=PLANE('',#3125);
#2019=PLANE('',#3126);
#2020=PLANE('',#3127);
#2021=PLANE('',#3128);
#2022=PLANE('',#3129);
#2023=PLANE('',#3130);
#2024=PLANE('',#3131);
#2025=PLANE('',#3132);
#2026=PLANE('',#3133);
#2027=PLANE('',#3134);
#2028=PLANE('',#3135);
#2029=PLANE('',#3136);
#2030=PLANE('',#3137);
#2031=PLANE('',#3138);
#2032=PLANE('',#3139);
#2033=PLANE('',#3140);
#2034=PLANE('',#3141);
#2035=PLANE('',#3142);
#2036=PLANE('',#3143);
#2037=PLANE('',#3144);
#2038=PLANE('',#3145);
#2039=PLANE('',#3146);
#2040=PLANE('',#3147);
#2041=PLANE('',#3148);
#2042=PLANE('',#3149);
#2043=PLANE('',#3150);
#2044=PLANE('',#3151);
#2045=PLANE('',#3152);
#2046=PLANE('',#3153);
#2047=PLANE('',#3154);
#2048=PLANE('',#3155);
#2049=PLANE('',#3156);
#2050=PLANE('',#3157);
#2051=PLANE('',#3158);
#2052=PLANE('',#3159);
#2053=PLANE('',#3160);
#2054=PLANE('',#3161);
#2055=PLANE('',#3162);
#2056=PLANE('',#3163);
#2057=PLANE('',#3164);
#2058=PLANE('',#3165);
#2059=PLANE('',#3166);
#2060=PLANE('',#3167);
#2061=PLANE('',#3168);
#2062=PLANE('',#3169);
#2063=PLANE('',#3170);
#2064=PLANE('',#3171);
#2065=PLANE('',#3172);
#2066=PLANE('',#3173);
#2067=PLANE('',#3174);
#2068=PLANE('',#3175);
#2069=PLANE('',#3176);
#2070=STYLED_ITEM('',(#2192),#2926);
#2071=STYLED_ITEM('',(#2193),#2927);
#2072=STYLED_ITEM('',(#2194),#2928);
#2073=STYLED_ITEM('',(#2195),#2929);
#2074=STYLED_ITEM('',(#2196),#2930);
#2075=STYLED_ITEM('',(#2197),#2931);
#2076=STYLED_ITEM('',(#2198),#2932);
#2077=STYLED_ITEM('',(#2199),#2933);
#2078=STYLED_ITEM('',(#2200),#2934);
#2079=STYLED_ITEM('',(#2201),#2935);
#2080=STYLED_ITEM('',(#2202),#2936);
#2081=STYLED_ITEM('',(#2203),#2937);
#2082=STYLED_ITEM('',(#2204),#2938);
#2083=STYLED_ITEM('',(#2205),#2939);
#2084=STYLED_ITEM('',(#2206),#2940);
#2085=STYLED_ITEM('',(#2207),#2941);
#2086=STYLED_ITEM('',(#2208),#2942);
#2087=STYLED_ITEM('',(#2209),#2943);
#2088=STYLED_ITEM('',(#2210),#2944);
#2089=STYLED_ITEM('',(#2211),#2945);
#2090=STYLED_ITEM('',(#2212),#2946);
#2091=STYLED_ITEM('',(#2213),#2947);
#2092=STYLED_ITEM('',(#2214),#2948);
#2093=STYLED_ITEM('',(#2215),#2949);
#2094=STYLED_ITEM('',(#2216),#2950);
#2095=STYLED_ITEM('',(#2217),#2951);
#2096=STYLED_ITEM('',(#2218),#2952);
#2097=STYLED_ITEM('',(#2219),#2953);
#2098=STYLED_ITEM('',(#2220),#2954);
#2099=STYLED_ITEM('',(#2221),#2955);
#2100=STYLED_ITEM('',(#2222),#2956);
#2101=STYLED_ITEM('',(#2223),#2957);
#2102=STYLED_ITEM('',(#2224),#2958);
#2103=STYLED_ITEM('',(#2225),#2959);
#2104=STYLED_ITEM('',(#2226),#2960);
#2105=STYLED_ITEM('',(#2227),#2961);
#2106=STYLED_ITEM('',(#2228),#2962);
#2107=STYLED_ITEM('',(#2229),#2963);
#2108=STYLED_ITEM('',(#2230),#2964);
#2109=STYLED_ITEM('',(#2231),#2965);
#2110=STYLED_ITEM('',(#2232),#2966);
#2111=STYLED_ITEM('',(#2233),#2967);
#2112=STYLED_ITEM('',(#2234),#2968);
#2113=STYLED_ITEM('',(#2235),#2969);
#2114=STYLED_ITEM('',(#2236),#2970);
#2115=STYLED_ITEM('',(#2237),#2971);
#2116=STYLED_ITEM('',(#2238),#2972);
#2117=STYLED_ITEM('',(#2239),#2973);
#2118=STYLED_ITEM('',(#2240),#2974);
#2119=STYLED_ITEM('',(#2241),#2975);
#2120=STYLED_ITEM('',(#2242),#2976);
#2121=STYLED_ITEM('',(#2243),#2977);
#2122=STYLED_ITEM('',(#2244),#2978);
#2123=STYLED_ITEM('',(#2245),#2979);
#2124=STYLED_ITEM('',(#2246),#2980);
#2125=STYLED_ITEM('',(#2247),#2981);
#2126=STYLED_ITEM('',(#2248),#2982);
#2127=STYLED_ITEM('',(#2249),#2983);
#2128=STYLED_ITEM('',(#2250),#2984);
#2129=STYLED_ITEM('',(#2251),#2985);
#2130=STYLED_ITEM('',(#2252),#2986);
#2131=STYLED_ITEM('',(#2253),#2987);
#2132=STYLED_ITEM('',(#2254),#2988);
#2133=STYLED_ITEM('',(#2255),#2989);
#2134=STYLED_ITEM('',(#2256),#2990);
#2135=STYLED_ITEM('',(#2257),#2991);
#2136=STYLED_ITEM('',(#2258),#2992);
#2137=STYLED_ITEM('',(#2259),#2993);
#2138=STYLED_ITEM('',(#2260),#2994);
#2139=STYLED_ITEM('',(#2261),#2995);
#2140=STYLED_ITEM('',(#2262),#2996);
#2141=STYLED_ITEM('',(#2263),#2997);
#2142=STYLED_ITEM('',(#2264),#2998);
#2143=STYLED_ITEM('',(#2265),#2999);
#2144=STYLED_ITEM('',(#2266),#3000);
#2145=STYLED_ITEM('',(#2267),#3001);
#2146=STYLED_ITEM('',(#2268),#3002);
#2147=STYLED_ITEM('',(#2269),#3003);
#2148=STYLED_ITEM('',(#2270),#3004);
#2149=STYLED_ITEM('',(#2271),#3005);
#2150=STYLED_ITEM('',(#2272),#3006);
#2151=STYLED_ITEM('',(#2273),#3007);
#2152=STYLED_ITEM('',(#2274),#3008);
#2153=STYLED_ITEM('',(#2275),#3009);
#2154=STYLED_ITEM('',(#2276),#3010);
#2155=STYLED_ITEM('',(#2277),#3011);
#2156=STYLED_ITEM('',(#2278),#3012);
#2157=STYLED_ITEM('',(#2279),#3013);
#2158=STYLED_ITEM('',(#2280),#3014);
#2159=STYLED_ITEM('',(#2281),#3015);
#2160=STYLED_ITEM('',(#2282),#3016);
#2161=STYLED_ITEM('',(#2283),#3017);
#2162=STYLED_ITEM('',(#2284),#3018);
#2163=STYLED_ITEM('',(#2285),#3019);
#2164=STYLED_ITEM('',(#2286),#3020);
#2165=STYLED_ITEM('',(#2287),#3021);
#2166=STYLED_ITEM('',(#2288),#3022);
#2167=STYLED_ITEM('',(#2289),#3023);
#2168=STYLED_ITEM('',(#2290),#3024);
#2169=STYLED_ITEM('',(#2291),#3025);
#2170=STYLED_ITEM('',(#2292),#3026);
#2171=STYLED_ITEM('',(#2293),#3027);
#2172=STYLED_ITEM('',(#2294),#3028);
#2173=STYLED_ITEM('',(#2295),#3029);
#2174=STYLED_ITEM('',(#2296),#3030);
#2175=STYLED_ITEM('',(#2297),#3031);
#2176=STYLED_ITEM('',(#2298),#3032);
#2177=STYLED_ITEM('',(#2299),#3033);
#2178=STYLED_ITEM('',(#2300),#3034);
#2179=STYLED_ITEM('',(#2301),#3035);
#2180=STYLED_ITEM('',(#2302),#3036);
#2181=STYLED_ITEM('',(#2303),#3037);
#2182=STYLED_ITEM('',(#2304),#3038);
#2183=STYLED_ITEM('',(#2305),#3039);
#2184=STYLED_ITEM('',(#2306),#3040);
#2185=STYLED_ITEM('',(#2307),#3041);
#2186=STYLED_ITEM('',(#2308),#3042);
#2187=STYLED_ITEM('',(#2309),#3043);
#2188=STYLED_ITEM('',(#2310),#3044);
#2189=STYLED_ITEM('',(#2311),#3045);
#2190=STYLED_ITEM('',(#2312),#3046);
#2191=STYLED_ITEM('',(#2313),#3047);
#2192=PRESENTATION_STYLE_ASSIGNMENT((#2314));
#2193=PRESENTATION_STYLE_ASSIGNMENT((#2315));
#2194=PRESENTATION_STYLE_ASSIGNMENT((#2316));
#2195=PRESENTATION_STYLE_ASSIGNMENT((#2317));
#2196=PRESENTATION_STYLE_ASSIGNMENT((#2318));
#2197=PRESENTATION_STYLE_ASSIGNMENT((#2319));
#2198=PRESENTATION_STYLE_ASSIGNMENT((#2320));
#2199=PRESENTATION_STYLE_ASSIGNMENT((#2321));
#2200=PRESENTATION_STYLE_ASSIGNMENT((#2322));
#2201=PRESENTATION_STYLE_ASSIGNMENT((#2323));
#2202=PRESENTATION_STYLE_ASSIGNMENT((#2324));
#2203=PRESENTATION_STYLE_ASSIGNMENT((#2325));
#2204=PRESENTATION_STYLE_ASSIGNMENT((#2326));
#2205=PRESENTATION_STYLE_ASSIGNMENT((#2327));
#2206=PRESENTATION_STYLE_ASSIGNMENT((#2328));
#2207=PRESENTATION_STYLE_ASSIGNMENT((#2329));
#2208=PRESENTATION_STYLE_ASSIGNMENT((#2330));
#2209=PRESENTATION_STYLE_ASSIGNMENT((#2331));
#2210=PRESENTATION_STYLE_ASSIGNMENT((#2332));
#2211=PRESENTATION_STYLE_ASSIGNMENT((#2333));
#2212=PRESENTATION_STYLE_ASSIGNMENT((#2334));
#2213=PRESENTATION_STYLE_ASSIGNMENT((#2335));
#2214=PRESENTATION_STYLE_ASSIGNMENT((#2336));
#2215=PRESENTATION_STYLE_ASSIGNMENT((#2337));
#2216=PRESENTATION_STYLE_ASSIGNMENT((#2338));
#2217=PRESENTATION_STYLE_ASSIGNMENT((#2339));
#2218=PRESENTATION_STYLE_ASSIGNMENT((#2340));
#2219=PRESENTATION_STYLE_ASSIGNMENT((#2341));
#2220=PRESENTATION_STYLE_ASSIGNMENT((#2342));
#2221=PRESENTATION_STYLE_ASSIGNMENT((#2343));
#2222=PRESENTATION_STYLE_ASSIGNMENT((#2344));
#2223=PRESENTATION_STYLE_ASSIGNMENT((#2345));
#2224=PRESENTATION_STYLE_ASSIGNMENT((#2346));
#2225=PRESENTATION_STYLE_ASSIGNMENT((#2347));
#2226=PRESENTATION_STYLE_ASSIGNMENT((#2348));
#2227=PRESENTATION_STYLE_ASSIGNMENT((#2349));
#2228=PRESENTATION_STYLE_ASSIGNMENT((#2350));
#2229=PRESENTATION_STYLE_ASSIGNMENT((#2351));
#2230=PRESENTATION_STYLE_ASSIGNMENT((#2352));
#2231=PRESENTATION_STYLE_ASSIGNMENT((#2353));
#2232=PRESENTATION_STYLE_ASSIGNMENT((#2354));
#2233=PRESENTATION_STYLE_ASSIGNMENT((#2355));
#2234=PRESENTATION_STYLE_ASSIGNMENT((#2356));
#2235=PRESENTATION_STYLE_ASSIGNMENT((#2357));
#2236=PRESENTATION_STYLE_ASSIGNMENT((#2358));
#2237=PRESENTATION_STYLE_ASSIGNMENT((#2359));
#2238=PRESENTATION_STYLE_ASSIGNMENT((#2360));
#2239=PRESENTATION_STYLE_ASSIGNMENT((#2361));
#2240=PRESENTATION_STYLE_ASSIGNMENT((#2362));
#2241=PRESENTATION_STYLE_ASSIGNMENT((#2363));
#2242=PRESENTATION_STYLE_ASSIGNMENT((#2364));
#2243=PRESENTATION_STYLE_ASSIGNMENT((#2365));
#2244=PRESENTATION_STYLE_ASSIGNMENT((#2366));
#2245=PRESENTATION_STYLE_ASSIGNMENT((#2367));
#2246=PRESENTATION_STYLE_ASSIGNMENT((#2368));
#2247=PRESENTATION_STYLE_ASSIGNMENT((#2369));
#2248=PRESENTATION_STYLE_ASSIGNMENT((#2370));
#2249=PRESENTATION_STYLE_ASSIGNMENT((#2371));
#2250=PRESENTATION_STYLE_ASSIGNMENT((#2372));
#2251=PRESENTATION_STYLE_ASSIGNMENT((#2373));
#2252=PRESENTATION_STYLE_ASSIGNMENT((#2374));
#2253=PRESENTATION_STYLE_ASSIGNMENT((#2375));
#2254=PRESENTATION_STYLE_ASSIGNMENT((#2376));
#2255=PRESENTATION_STYLE_ASSIGNMENT((#2377));
#2256=PRESENTATION_STYLE_ASSIGNMENT((#2378));
#2257=PRESENTATION_STYLE_ASSIGNMENT((#2379));
#2258=PRESENTATION_STYLE_ASSIGNMENT((#2380));
#2259=PRESENTATION_STYLE_ASSIGNMENT((#2381));
#2260=PRESENTATION_STYLE_ASSIGNMENT((#2382));
#2261=PRESENTATION_STYLE_ASSIGNMENT((#2383));
#2262=PRESENTATION_STYLE_ASSIGNMENT((#2384));
#2263=PRESENTATION_STYLE_ASSIGNMENT((#2385));
#2264=PRESENTATION_STYLE_ASSIGNMENT((#2386));
#2265=PRESENTATION_STYLE_ASSIGNMENT((#2387));
#2266=PRESENTATION_STYLE_ASSIGNMENT((#2388));
#2267=PRESENTATION_STYLE_ASSIGNMENT((#2389));
#2268=PRESENTATION_STYLE_ASSIGNMENT((#2390));
#2269=PRESENTATION_STYLE_ASSIGNMENT((#2391));
#2270=PRESENTATION_STYLE_ASSIGNMENT((#2392));
#2271=PRESENTATION_STYLE_ASSIGNMENT((#2393));
#2272=PRESENTATION_STYLE_ASSIGNMENT((#2394));
#2273=PRESENTATION_STYLE_ASSIGNMENT((#2395));
#2274=PRESENTATION_STYLE_ASSIGNMENT((#2396));
#2275=PRESENTATION_STYLE_ASSIGNMENT((#2397));
#2276=PRESENTATION_STYLE_ASSIGNMENT((#2398));
#2277=PRESENTATION_STYLE_ASSIGNMENT((#2399));
#2278=PRESENTATION_STYLE_ASSIGNMENT((#2400));
#2279=PRESENTATION_STYLE_ASSIGNMENT((#2401));
#2280=PRESENTATION_STYLE_ASSIGNMENT((#2402));
#2281=PRESENTATION_STYLE_ASSIGNMENT((#2403));
#2282=PRESENTATION_STYLE_ASSIGNMENT((#2404));
#2283=PRESENTATION_STYLE_ASSIGNMENT((#2405));
#2284=PRESENTATION_STYLE_ASSIGNMENT((#2406));
#2285=PRESENTATION_STYLE_ASSIGNMENT((#2407));
#2286=PRESENTATION_STYLE_ASSIGNMENT((#2408));
#2287=PRESENTATION_STYLE_ASSIGNMENT((#2409));
#2288=PRESENTATION_STYLE_ASSIGNMENT((#2410));
#2289=PRESENTATION_STYLE_ASSIGNMENT((#2411));
#2290=PRESENTATION_STYLE_ASSIGNMENT((#2412));
#2291=PRESENTATION_STYLE_ASSIGNMENT((#2413));
#2292=PRESENTATION_STYLE_ASSIGNMENT((#2414));
#2293=PRESENTATION_STYLE_ASSIGNMENT((#2415));
#2294=PRESENTATION_STYLE_ASSIGNMENT((#2416));
#2295=PRESENTATION_STYLE_ASSIGNMENT((#2417));
#2296=PRESENTATION_STYLE_ASSIGNMENT((#2418));
#2297=PRESENTATION_STYLE_ASSIGNMENT((#2419));
#2298=PRESENTATION_STYLE_ASSIGNMENT((#2420));
#2299=PRESENTATION_STYLE_ASSIGNMENT((#2421));
#2300=PRESENTATION_STYLE_ASSIGNMENT((#2422));
#2301=PRESENTATION_STYLE_ASSIGNMENT((#2423));
#2302=PRESENTATION_STYLE_ASSIGNMENT((#2424));
#2303=PRESENTATION_STYLE_ASSIGNMENT((#2425));
#2304=PRESENTATION_STYLE_ASSIGNMENT((#2426));
#2305=PRESENTATION_STYLE_ASSIGNMENT((#2427));
#2306=PRESENTATION_STYLE_ASSIGNMENT((#2428));
#2307=PRESENTATION_STYLE_ASSIGNMENT((#2429));
#2308=PRESENTATION_STYLE_ASSIGNMENT((#2430));
#2309=PRESENTATION_STYLE_ASSIGNMENT((#2431));
#2310=PRESENTATION_STYLE_ASSIGNMENT((#2432));
#2311=PRESENTATION_STYLE_ASSIGNMENT((#2433));
#2312=PRESENTATION_STYLE_ASSIGNMENT((#2434));
#2313=PRESENTATION_STYLE_ASSIGNMENT((#2435));
#2314=SURFACE_STYLE_USAGE(.BOTH.,#2436);
#2315=SURFACE_STYLE_USAGE(.BOTH.,#2437);
#2316=SURFACE_STYLE_USAGE(.BOTH.,#2438);
#2317=SURFACE_STYLE_USAGE(.BOTH.,#2439);
#2318=SURFACE_STYLE_USAGE(.BOTH.,#2440);
#2319=SURFACE_STYLE_USAGE(.BOTH.,#2441);
#2320=SURFACE_STYLE_USAGE(.BOTH.,#2442);
#2321=SURFACE_STYLE_USAGE(.BOTH.,#2443);
#2322=SURFACE_STYLE_USAGE(.BOTH.,#2444);
#2323=SURFACE_STYLE_USAGE(.BOTH.,#2445);
#2324=SURFACE_STYLE_USAGE(.BOTH.,#2446);
#2325=SURFACE_STYLE_USAGE(.BOTH.,#2447);
#2326=SURFACE_STYLE_USAGE(.BOTH.,#2448);
#2327=SURFACE_STYLE_USAGE(.BOTH.,#2449);
#2328=SURFACE_STYLE_USAGE(.BOTH.,#2450);
#2329=SURFACE_STYLE_USAGE(.BOTH.,#2451);
#2330=SURFACE_STYLE_USAGE(.BOTH.,#2452);
#2331=SURFACE_STYLE_USAGE(.BOTH.,#2453);
#2332=SURFACE_STYLE_USAGE(.BOTH.,#2454);
#2333=SURFACE_STYLE_USAGE(.BOTH.,#2455);
#2334=SURFACE_STYLE_USAGE(.BOTH.,#2456);
#2335=SURFACE_STYLE_USAGE(.BOTH.,#2457);
#2336=SURFACE_STYLE_USAGE(.BOTH.,#2458);
#2337=SURFACE_STYLE_USAGE(.BOTH.,#2459);
#2338=SURFACE_STYLE_USAGE(.BOTH.,#2460);
#2339=SURFACE_STYLE_USAGE(.BOTH.,#2461);
#2340=SURFACE_STYLE_USAGE(.BOTH.,#2462);
#2341=SURFACE_STYLE_USAGE(.BOTH.,#2463);
#2342=SURFACE_STYLE_USAGE(.BOTH.,#2464);
#2343=SURFACE_STYLE_USAGE(.BOTH.,#2465);
#2344=SURFACE_STYLE_USAGE(.BOTH.,#2466);
#2345=SURFACE_STYLE_USAGE(.BOTH.,#2467);
#2346=SURFACE_STYLE_USAGE(.BOTH.,#2468);
#2347=SURFACE_STYLE_USAGE(.BOTH.,#2469);
#2348=SURFACE_STYLE_USAGE(.BOTH.,#2470);
#2349=SURFACE_STYLE_USAGE(.BOTH.,#2471);
#2350=SURFACE_STYLE_USAGE(.BOTH.,#2472);
#2351=SURFACE_STYLE_USAGE(.BOTH.,#2473);
#2352=SURFACE_STYLE_USAGE(.BOTH.,#2474);
#2353=SURFACE_STYLE_USAGE(.BOTH.,#2475);
#2354=SURFACE_STYLE_USAGE(.BOTH.,#2476);
#2355=SURFACE_STYLE_USAGE(.BOTH.,#2477);
#2356=SURFACE_STYLE_USAGE(.BOTH.,#2478);
#2357=SURFACE_STYLE_USAGE(.BOTH.,#2479);
#2358=SURFACE_STYLE_USAGE(.BOTH.,#2480);
#2359=SURFACE_STYLE_USAGE(.BOTH.,#2481);
#2360=SURFACE_STYLE_USAGE(.BOTH.,#2482);
#2361=SURFACE_STYLE_USAGE(.BOTH.,#2483);
#2362=SURFACE_STYLE_USAGE(.BOTH.,#2484);
#2363=SURFACE_STYLE_USAGE(.BOTH.,#2485);
#2364=SURFACE_STYLE_USAGE(.BOTH.,#2486);
#2365=SURFACE_STYLE_USAGE(.BOTH.,#2487);
#2366=SURFACE_STYLE_USAGE(.BOTH.,#2488);
#2367=SURFACE_STYLE_USAGE(.BOTH.,#2489);
#2368=SURFACE_STYLE_USAGE(.BOTH.,#2490);
#2369=SURFACE_STYLE_USAGE(.BOTH.,#2491);
#2370=SURFACE_STYLE_USAGE(.BOTH.,#2492);
#2371=SURFACE_STYLE_USAGE(.BOTH.,#2493);
#2372=SURFACE_STYLE_USAGE(.BOTH.,#2494);
#2373=SURFACE_STYLE_USAGE(.BOTH.,#2495);
#2374=SURFACE_STYLE_USAGE(.BOTH.,#2496);
#2375=SURFACE_STYLE_USAGE(.BOTH.,#2497);
#2376=SURFACE_STYLE_USAGE(.BOTH.,#2498);
#2377=SURFACE_STYLE_USAGE(.BOTH.,#2499);
#2378=SURFACE_STYLE_USAGE(.BOTH.,#2500);
#2379=SURFACE_STYLE_USAGE(.BOTH.,#2501);
#2380=SURFACE_STYLE_USAGE(.BOTH.,#2502);
#2381=SURFACE_STYLE_USAGE(.BOTH.,#2503);
#2382=SURFACE_STYLE_USAGE(.BOTH.,#2504);
#2383=SURFACE_STYLE_USAGE(.BOTH.,#2505);
#2384=SURFACE_STYLE_USAGE(.BOTH.,#2506);
#2385=SURFACE_STYLE_USAGE(.BOTH.,#2507);
#2386=SURFACE_STYLE_USAGE(.BOTH.,#2508);
#2387=SURFACE_STYLE_USAGE(.BOTH.,#2509);
#2388=SURFACE_STYLE_USAGE(.BOTH.,#2510);
#2389=SURFACE_STYLE_USAGE(.BOTH.,#2511);
#2390=SURFACE_STYLE_USAGE(.BOTH.,#2512);
#2391=SURFACE_STYLE_USAGE(.BOTH.,#2513);
#2392=SURFACE_STYLE_USAGE(.BOTH.,#2514);
#2393=SURFACE_STYLE_USAGE(.BOTH.,#2515);
#2394=SURFACE_STYLE_USAGE(.BOTH.,#2516);
#2395=SURFACE_STYLE_USAGE(.BOTH.,#2517);
#2396=SURFACE_STYLE_USAGE(.BOTH.,#2518);
#2397=SURFACE_STYLE_USAGE(.BOTH.,#2519);
#2398=SURFACE_STYLE_USAGE(.BOTH.,#2520);
#2399=SURFACE_STYLE_USAGE(.BOTH.,#2521);
#2400=SURFACE_STYLE_USAGE(.BOTH.,#2522);
#2401=SURFACE_STYLE_USAGE(.BOTH.,#2523);
#2402=SURFACE_STYLE_USAGE(.BOTH.,#2524);
#2403=SURFACE_STYLE_USAGE(.BOTH.,#2525);
#2404=SURFACE_STYLE_USAGE(.BOTH.,#2526);
#2405=SURFACE_STYLE_USAGE(.BOTH.,#2527);
#2406=SURFACE_STYLE_USAGE(.BOTH.,#2528);
#2407=SURFACE_STYLE_USAGE(.BOTH.,#2529);
#2408=SURFACE_STYLE_USAGE(.BOTH.,#2530);
#2409=SURFACE_STYLE_USAGE(.BOTH.,#2531);
#2410=SURFACE_STYLE_USAGE(.BOTH.,#2532);
#2411=SURFACE_STYLE_USAGE(.BOTH.,#2533);
#2412=SURFACE_STYLE_USAGE(.BOTH.,#2534);
#2413=SURFACE_STYLE_USAGE(.BOTH.,#2535);
#2414=SURFACE_STYLE_USAGE(.BOTH.,#2536);
#2415=SURFACE_STYLE_USAGE(.BOTH.,#2537);
#2416=SURFACE_STYLE_USAGE(.BOTH.,#2538);
#2417=SURFACE_STYLE_USAGE(.BOTH.,#2539);
#2418=SURFACE_STYLE_USAGE(.BOTH.,#2540);
#2419=SURFACE_STYLE_USAGE(.BOTH.,#2541);
#2420=SURFACE_STYLE_USAGE(.BOTH.,#2542);
#2421=SURFACE_STYLE_USAGE(.BOTH.,#2543);
#2422=SURFACE_STYLE_USAGE(.BOTH.,#2544);
#2423=SURFACE_STYLE_USAGE(.BOTH.,#2545);
#2424=SURFACE_STYLE_USAGE(.BOTH.,#2546);
#2425=SURFACE_STYLE_USAGE(.BOTH.,#2547);
#2426=SURFACE_STYLE_USAGE(.BOTH.,#2548);
#2427=SURFACE_STYLE_USAGE(.BOTH.,#2549);
#2428=SURFACE_STYLE_USAGE(.BOTH.,#2550);
#2429=SURFACE_STYLE_USAGE(.BOTH.,#2551);
#2430=SURFACE_STYLE_USAGE(.BOTH.,#2552);
#2431=SURFACE_STYLE_USAGE(.BOTH.,#2553);
#2432=SURFACE_STYLE_USAGE(.BOTH.,#2554);
#2433=SURFACE_STYLE_USAGE(.BOTH.,#2555);
#2434=SURFACE_STYLE_USAGE(.BOTH.,#2556);
#2435=SURFACE_STYLE_USAGE(.BOTH.,#2557);
#2436=SURFACE_SIDE_STYLE('',(#2558));
#2437=SURFACE_SIDE_STYLE('',(#2559));
#2438=SURFACE_SIDE_STYLE('',(#2560));
#2439=SURFACE_SIDE_STYLE('',(#2561));
#2440=SURFACE_SIDE_STYLE('',(#2562));
#2441=SURFACE_SIDE_STYLE('',(#2563));
#2442=SURFACE_SIDE_STYLE('',(#2564));
#2443=SURFACE_SIDE_STYLE('',(#2565));
#2444=SURFACE_SIDE_STYLE('',(#2566));
#2445=SURFACE_SIDE_STYLE('',(#2567));
#2446=SURFACE_SIDE_STYLE('',(#2568));
#2447=SURFACE_SIDE_STYLE('',(#2569));
#2448=SURFACE_SIDE_STYLE('',(#2570));
#2449=SURFACE_SIDE_STYLE('',(#2571));
#2450=SURFACE_SIDE_STYLE('',(#2572));
#2451=SURFACE_SIDE_STYLE('',(#2573));
#2452=SURFACE_SIDE_STYLE('',(#2574));
#2453=SURFACE_SIDE_STYLE('',(#2575));
#2454=SURFACE_SIDE_STYLE('',(#2576));
#2455=SURFACE_SIDE_STYLE('',(#2577));
#2456=SURFACE_SIDE_STYLE('',(#2578));
#2457=SURFACE_SIDE_STYLE('',(#2579));
#2458=SURFACE_SIDE_STYLE('',(#2580));
#2459=SURFACE_SIDE_STYLE('',(#2581));
#2460=SURFACE_SIDE_STYLE('',(#2582));
#2461=SURFACE_SIDE_STYLE('',(#2583));
#2462=SURFACE_SIDE_STYLE('',(#2584));
#2463=SURFACE_SIDE_STYLE('',(#2585));
#2464=SURFACE_SIDE_STYLE('',(#2586));
#2465=SURFACE_SIDE_STYLE('',(#2587));
#2466=SURFACE_SIDE_STYLE('',(#2588));
#2467=SURFACE_SIDE_STYLE('',(#2589));
#2468=SURFACE_SIDE_STYLE('',(#2590));
#2469=SURFACE_SIDE_STYLE('',(#2591));
#2470=SURFACE_SIDE_STYLE('',(#2592));
#2471=SURFACE_SIDE_STYLE('',(#2593));
#2472=SURFACE_SIDE_STYLE('',(#2594));
#2473=SURFACE_SIDE_STYLE('',(#2595));
#2474=SURFACE_SIDE_STYLE('',(#2596));
#2475=SURFACE_SIDE_STYLE('',(#2597));
#2476=SURFACE_SIDE_STYLE('',(#2598));
#2477=SURFACE_SIDE_STYLE('',(#2599));
#2478=SURFACE_SIDE_STYLE('',(#2600));
#2479=SURFACE_SIDE_STYLE('',(#2601));
#2480=SURFACE_SIDE_STYLE('',(#2602));
#2481=SURFACE_SIDE_STYLE('',(#2603));
#2482=SURFACE_SIDE_STYLE('',(#2604));
#2483=SURFACE_SIDE_STYLE('',(#2605));
#2484=SURFACE_SIDE_STYLE('',(#2606));
#2485=SURFACE_SIDE_STYLE('',(#2607));
#2486=SURFACE_SIDE_STYLE('',(#2608));
#2487=SURFACE_SIDE_STYLE('',(#2609));
#2488=SURFACE_SIDE_STYLE('',(#2610));
#2489=SURFACE_SIDE_STYLE('',(#2611));
#2490=SURFACE_SIDE_STYLE('',(#2612));
#2491=SURFACE_SIDE_STYLE('',(#2613));
#2492=SURFACE_SIDE_STYLE('',(#2614));
#2493=SURFACE_SIDE_STYLE('',(#2615));
#2494=SURFACE_SIDE_STYLE('',(#2616));
#2495=SURFACE_SIDE_STYLE('',(#2617));
#2496=SURFACE_SIDE_STYLE('',(#2618));
#2497=SURFACE_SIDE_STYLE('',(#2619));
#2498=SURFACE_SIDE_STYLE('',(#2620));
#2499=SURFACE_SIDE_STYLE('',(#2621));
#2500=SURFACE_SIDE_STYLE('',(#2622));
#2501=SURFACE_SIDE_STYLE('',(#2623));
#2502=SURFACE_SIDE_STYLE('',(#2624));
#2503=SURFACE_SIDE_STYLE('',(#2625));
#2504=SURFACE_SIDE_STYLE('',(#2626));
#2505=SURFACE_SIDE_STYLE('',(#2627));
#2506=SURFACE_SIDE_STYLE('',(#2628));
#2507=SURFACE_SIDE_STYLE('',(#2629));
#2508=SURFACE_SIDE_STYLE('',(#2630));
#2509=SURFACE_SIDE_STYLE('',(#2631));
#2510=SURFACE_SIDE_STYLE('',(#2632));
#2511=SURFACE_SIDE_STYLE('',(#2633));
#2512=SURFACE_SIDE_STYLE('',(#2634));
#2513=SURFACE_SIDE_STYLE('',(#2635));
#2514=SURFACE_SIDE_STYLE('',(#2636));
#2515=SURFACE_SIDE_STYLE('',(#2637));
#2516=SURFACE_SIDE_STYLE('',(#2638));
#2517=SURFACE_SIDE_STYLE('',(#2639));
#2518=SURFACE_SIDE_STYLE('',(#2640));
#2519=SURFACE_SIDE_STYLE('',(#2641));
#2520=SURFACE_SIDE_STYLE('',(#2642));
#2521=SURFACE_SIDE_STYLE('',(#2643));
#2522=SURFACE_SIDE_STYLE('',(#2644));
#2523=SURFACE_SIDE_STYLE('',(#2645));
#2524=SURFACE_SIDE_STYLE('',(#2646));
#2525=SURFACE_SIDE_STYLE('',(#2647));
#2526=SURFACE_SIDE_STYLE('',(#2648));
#2527=SURFACE_SIDE_STYLE('',(#2649));
#2528=SURFACE_SIDE_STYLE('',(#2650));
#2529=SURFACE_SIDE_STYLE('',(#2651));
#2530=SURFACE_SIDE_STYLE('',(#2652));
#2531=SURFACE_SIDE_STYLE('',(#2653));
#2532=SURFACE_SIDE_STYLE('',(#2654));
#2533=SURFACE_SIDE_STYLE('',(#2655));
#2534=SURFACE_SIDE_STYLE('',(#2656));
#2535=SURFACE_SIDE_STYLE('',(#2657));
#2536=SURFACE_SIDE_STYLE('',(#2658));
#2537=SURFACE_SIDE_STYLE('',(#2659));
#2538=SURFACE_SIDE_STYLE('',(#2660));
#2539=SURFACE_SIDE_STYLE('',(#2661));
#2540=SURFACE_SIDE_STYLE('',(#2662));
#2541=SURFACE_SIDE_STYLE('',(#2663));
#2542=SURFACE_SIDE_STYLE('',(#2664));
#2543=SURFACE_SIDE_STYLE('',(#2665));
#2544=SURFACE_SIDE_STYLE('',(#2666));
#2545=SURFACE_SIDE_STYLE('',(#2667));
#2546=SURFACE_SIDE_STYLE('',(#2668));
#2547=SURFACE_SIDE_STYLE('',(#2669));
#2548=SURFACE_SIDE_STYLE('',(#2670));
#2549=SURFACE_SIDE_STYLE('',(#2671));
#2550=SURFACE_SIDE_STYLE('',(#2672));
#2551=SURFACE_SIDE_STYLE('',(#2673));
#2552=SURFACE_SIDE_STYLE('',(#2674));
#2553=SURFACE_SIDE_STYLE('',(#2675));
#2554=SURFACE_SIDE_STYLE('',(#2676));
#2555=SURFACE_SIDE_STYLE('',(#2677));
#2556=SURFACE_SIDE_STYLE('',(#2678));
#2557=SURFACE_SIDE_STYLE('',(#2679));
#2558=SURFACE_STYLE_FILL_AREA(#2680);
#2559=SURFACE_STYLE_FILL_AREA(#2681);
#2560=SURFACE_STYLE_FILL_AREA(#2682);
#2561=SURFACE_STYLE_FILL_AREA(#2683);
#2562=SURFACE_STYLE_FILL_AREA(#2684);
#2563=SURFACE_STYLE_FILL_AREA(#2685);
#2564=SURFACE_STYLE_FILL_AREA(#2686);
#2565=SURFACE_STYLE_FILL_AREA(#2687);
#2566=SURFACE_STYLE_FILL_AREA(#2688);
#2567=SURFACE_STYLE_FILL_AREA(#2689);
#2568=SURFACE_STYLE_FILL_AREA(#2690);
#2569=SURFACE_STYLE_FILL_AREA(#2691);
#2570=SURFACE_STYLE_FILL_AREA(#2692);
#2571=SURFACE_STYLE_FILL_AREA(#2693);
#2572=SURFACE_STYLE_FILL_AREA(#2694);
#2573=SURFACE_STYLE_FILL_AREA(#2695);
#2574=SURFACE_STYLE_FILL_AREA(#2696);
#2575=SURFACE_STYLE_FILL_AREA(#2697);
#2576=SURFACE_STYLE_FILL_AREA(#2698);
#2577=SURFACE_STYLE_FILL_AREA(#2699);
#2578=SURFACE_STYLE_FILL_AREA(#2700);
#2579=SURFACE_STYLE_FILL_AREA(#2701);
#2580=SURFACE_STYLE_FILL_AREA(#2702);
#2581=SURFACE_STYLE_FILL_AREA(#2703);
#2582=SURFACE_STYLE_FILL_AREA(#2704);
#2583=SURFACE_STYLE_FILL_AREA(#2705);
#2584=SURFACE_STYLE_FILL_AREA(#2706);
#2585=SURFACE_STYLE_FILL_AREA(#2707);
#2586=SURFACE_STYLE_FILL_AREA(#2708);
#2587=SURFACE_STYLE_FILL_AREA(#2709);
#2588=SURFACE_STYLE_FILL_AREA(#2710);
#2589=SURFACE_STYLE_FILL_AREA(#2711);
#2590=SURFACE_STYLE_FILL_AREA(#2712);
#2591=SURFACE_STYLE_FILL_AREA(#2713);
#2592=SURFACE_STYLE_FILL_AREA(#2714);
#2593=SURFACE_STYLE_FILL_AREA(#2715);
#2594=SURFACE_STYLE_FILL_AREA(#2716);
#2595=SURFACE_STYLE_FILL_AREA(#2717);
#2596=SURFACE_STYLE_FILL_AREA(#2718);
#2597=SURFACE_STYLE_FILL_AREA(#2719);
#2598=SURFACE_STYLE_FILL_AREA(#2720);
#2599=SURFACE_STYLE_FILL_AREA(#2721);
#2600=SURFACE_STYLE_FILL_AREA(#2722);
#2601=SURFACE_STYLE_FILL_AREA(#2723);
#2602=SURFACE_STYLE_FILL_AREA(#2724);
#2603=SURFACE_STYLE_FILL_AREA(#2725);
#2604=SURFACE_STYLE_FILL_AREA(#2726);
#2605=SURFACE_STYLE_FILL_AREA(#2727);
#2606=SURFACE_STYLE_FILL_AREA(#2728);
#2607=SURFACE_STYLE_FILL_AREA(#2729);
#2608=SURFACE_STYLE_FILL_AREA(#2730);
#2609=SURFACE_STYLE_FILL_AREA(#2731);
#2610=SURFACE_STYLE_FILL_AREA(#2732);
#2611=SURFACE_STYLE_FILL_AREA(#2733);
#2612=SURFACE_STYLE_FILL_AREA(#2734);
#2613=SURFACE_STYLE_FILL_AREA(#2735);
#2614=SURFACE_STYLE_FILL_AREA(#2736);
#2615=SURFACE_STYLE_FILL_AREA(#2737);
#2616=SURFACE_STYLE_FILL_AREA(#2738);
#2617=SURFACE_STYLE_FILL_AREA(#2739);
#2618=SURFACE_STYLE_FILL_AREA(#2740);
#2619=SURFACE_STYLE_FILL_AREA(#2741);
#2620=SURFACE_STYLE_FILL_AREA(#2742);
#2621=SURFACE_STYLE_FILL_AREA(#2743);
#2622=SURFACE_STYLE_FILL_AREA(#2744);
#2623=SURFACE_STYLE_FILL_AREA(#2745);
#2624=SURFACE_STYLE_FILL_AREA(#2746);
#2625=SURFACE_STYLE_FILL_AREA(#2747);
#2626=SURFACE_STYLE_FILL_AREA(#2748);
#2627=SURFACE_STYLE_FILL_AREA(#2749);
#2628=SURFACE_STYLE_FILL_AREA(#2750);
#2629=SURFACE_STYLE_FILL_AREA(#2751);
#2630=SURFACE_STYLE_FILL_AREA(#2752);
#2631=SURFACE_STYLE_FILL_AREA(#2753);
#2632=SURFACE_STYLE_FILL_AREA(#2754);
#2633=SURFACE_STYLE_FILL_AREA(#2755);
#2634=SURFACE_STYLE_FILL_AREA(#2756);
#2635=SURFACE_STYLE_FILL_AREA(#2757);
#2636=SURFACE_STYLE_FILL_AREA(#2758);
#2637=SURFACE_STYLE_FILL_AREA(#2759);
#2638=SURFACE_STYLE_FILL_AREA(#2760);
#2639=SURFACE_STYLE_FILL_AREA(#2761);
#2640=SURFACE_STYLE_FILL_AREA(#2762);
#2641=SURFACE_STYLE_FILL_AREA(#2763);
#2642=SURFACE_STYLE_FILL_AREA(#2764);
#2643=SURFACE_STYLE_FILL_AREA(#2765);
#2644=SURFACE_STYLE_FILL_AREA(#2766);
#2645=SURFACE_STYLE_FILL_AREA(#2767);
#2646=SURFACE_STYLE_FILL_AREA(#2768);
#2647=SURFACE_STYLE_FILL_AREA(#2769);
#2648=SURFACE_STYLE_FILL_AREA(#2770);
#2649=SURFACE_STYLE_FILL_AREA(#2771);
#2650=SURFACE_STYLE_FILL_AREA(#2772);
#2651=SURFACE_STYLE_FILL_AREA(#2773);
#2652=SURFACE_STYLE_FILL_AREA(#2774);
#2653=SURFACE_STYLE_FILL_AREA(#2775);
#2654=SURFACE_STYLE_FILL_AREA(#2776);
#2655=SURFACE_STYLE_FILL_AREA(#2777);
#2656=SURFACE_STYLE_FILL_AREA(#2778);
#2657=SURFACE_STYLE_FILL_AREA(#2779);
#2658=SURFACE_STYLE_FILL_AREA(#2780);
#2659=SURFACE_STYLE_FILL_AREA(#2781);
#2660=SURFACE_STYLE_FILL_AREA(#2782);
#2661=SURFACE_STYLE_FILL_AREA(#2783);
#2662=SURFACE_STYLE_FILL_AREA(#2784);
#2663=SURFACE_STYLE_FILL_AREA(#2785);
#2664=SURFACE_STYLE_FILL_AREA(#2786);
#2665=SURFACE_STYLE_FILL_AREA(#2787);
#2666=SURFACE_STYLE_FILL_AREA(#2788);
#2667=SURFACE_STYLE_FILL_AREA(#2789);
#2668=SURFACE_STYLE_FILL_AREA(#2790);
#2669=SURFACE_STYLE_FILL_AREA(#2791);
#2670=SURFACE_STYLE_FILL_AREA(#2792);
#2671=SURFACE_STYLE_FILL_AREA(#2793);
#2672=SURFACE_STYLE_FILL_AREA(#2794);
#2673=SURFACE_STYLE_FILL_AREA(#2795);
#2674=SURFACE_STYLE_FILL_AREA(#2796);
#2675=SURFACE_STYLE_FILL_AREA(#2797);
#2676=SURFACE_STYLE_FILL_AREA(#2798);
#2677=SURFACE_STYLE_FILL_AREA(#2799);
#2678=SURFACE_STYLE_FILL_AREA(#2800);
#2679=SURFACE_STYLE_FILL_AREA(#2801);
#2680=FILL_AREA_STYLE('',(#2802));
#2681=FILL_AREA_STYLE('',(#2803));
#2682=FILL_AREA_STYLE('',(#2804));
#2683=FILL_AREA_STYLE('',(#2805));
#2684=FILL_AREA_STYLE('',(#2806));
#2685=FILL_AREA_STYLE('',(#2807));
#2686=FILL_AREA_STYLE('',(#2808));
#2687=FILL_AREA_STYLE('',(#2809));
#2688=FILL_AREA_STYLE('',(#2810));
#2689=FILL_AREA_STYLE('',(#2811));
#2690=FILL_AREA_STYLE('',(#2812));
#2691=FILL_AREA_STYLE('',(#2813));
#2692=FILL_AREA_STYLE('',(#2814));
#2693=FILL_AREA_STYLE('',(#2815));
#2694=FILL_AREA_STYLE('',(#2816));
#2695=FILL_AREA_STYLE('',(#2817));
#2696=FILL_AREA_STYLE('',(#2818));
#2697=FILL_AREA_STYLE('',(#2819));
#2698=FILL_AREA_STYLE('',(#2820));
#2699=FILL_AREA_STYLE('',(#2821));
#2700=FILL_AREA_STYLE('',(#2822));
#2701=FILL_AREA_STYLE('',(#2823));
#2702=FILL_AREA_STYLE('',(#2824));
#2703=FILL_AREA_STYLE('',(#2825));
#2704=FILL_AREA_STYLE('',(#2826));
#2705=FILL_AREA_STYLE('',(#2827));
#2706=FILL_AREA_STYLE('',(#2828));
#2707=FILL_AREA_STYLE('',(#2829));
#2708=FILL_AREA_STYLE('',(#2830));
#2709=FILL_AREA_STYLE('',(#2831));
#2710=FILL_AREA_STYLE('',(#2832));
#2711=FILL_AREA_STYLE('',(#2833));
#2712=FILL_AREA_STYLE('',(#2834));
#2713=FILL_AREA_STYLE('',(#2835));
#2714=FILL_AREA_STYLE('',(#2836));
#2715=FILL_AREA_STYLE('',(#2837));
#2716=FILL_AREA_STYLE('',(#2838));
#2717=FILL_AREA_STYLE('',(#2839));
#2718=FILL_AREA_STYLE('',(#2840));
#2719=FILL_AREA_STYLE('',(#2841));
#2720=FILL_AREA_STYLE('',(#2842));
#2721=FILL_AREA_STYLE('',(#2843));
#2722=FILL_AREA_STYLE('',(#2844));
#2723=FILL_AREA_STYLE('',(#2845));
#2724=FILL_AREA_STYLE('',(#2846));
#2725=FILL_AREA_STYLE('',(#2847));
#2726=FILL_AREA_STYLE('',(#2848));
#2727=FILL_AREA_STYLE('',(#2849));
#2728=FILL_AREA_STYLE('',(#2850));
#2729=FILL_AREA_STYLE('',(#2851));
#2730=FILL_AREA_STYLE('',(#2852));
#2731=FILL_AREA_STYLE('',(#2853));
#2732=FILL_AREA_STYLE('',(#2854));
#2733=FILL_AREA_STYLE('',(#2855));
#2734=FILL_AREA_STYLE('',(#2856));
#2735=FILL_AREA_STYLE('',(#2857));
#2736=FILL_AREA_STYLE('',(#2858));
#2737=FILL_AREA_STYLE('',(#2859));
#2738=FILL_AREA_STYLE('',(#2860));
#2739=FILL_AREA_STYLE('',(#2861));
#2740=FILL_AREA_STYLE('',(#2862));
#2741=FILL_AREA_STYLE('',(#2863));
#2742=FILL_AREA_STYLE('',(#2864));
#2743=FILL_AREA_STYLE('',(#2865));
#2744=FILL_AREA_STYLE('',(#2866));
#2745=FILL_AREA_STYLE('',(#2867));
#2746=FILL_AREA_STYLE('',(#2868));
#2747=FILL_AREA_STYLE('',(#2869));
#2748=FILL_AREA_STYLE('',(#2870));
#2749=FILL_AREA_STYLE('',(#2871));
#2750=FILL_AREA_STYLE('',(#2872));
#2751=FILL_AREA_STYLE('',(#2873));
#2752=FILL_AREA_STYLE('',(#2874));
#2753=FILL_AREA_STYLE('',(#2875));
#2754=FILL_AREA_STYLE('',(#2876));
#2755=FILL_AREA_STYLE('',(#2877));
#2756=FILL_AREA_STYLE('',(#2878));
#2757=FILL_AREA_STYLE('',(#2879));
#2758=FILL_AREA_STYLE('',(#2880));
#2759=FILL_AREA_STYLE('',(#2881));
#2760=FILL_AREA_STYLE('',(#2882));
#2761=FILL_AREA_STYLE('',(#2883));
#2762=FILL_AREA_STYLE('',(#2884));
#2763=FILL_AREA_STYLE('',(#2885));
#2764=FILL_AREA_STYLE('',(#2886));
#2765=FILL_AREA_STYLE('',(#2887));
#2766=FILL_AREA_STYLE('',(#2888));
#2767=FILL_AREA_STYLE('',(#2889));
#2768=FILL_AREA_STYLE('',(#2890));
#2769=FILL_AREA_STYLE('',(#2891));
#2770=FILL_AREA_STYLE('',(#2892));
#2771=FILL_AREA_STYLE('',(#2893));
#2772=FILL_AREA_STYLE('',(#2894));
#2773=FILL_AREA_STYLE('',(#2895));
#2774=FILL_AREA_STYLE('',(#2896));
#2775=FILL_AREA_STYLE('',(#2897));
#2776=FILL_AREA_STYLE('',(#2898));
#2777=FILL_AREA_STYLE('',(#2899));
#2778=FILL_AREA_STYLE('',(#2900));
#2779=FILL_AREA_STYLE('',(#2901));
#2780=FILL_AREA_STYLE('',(#2902));
#2781=FILL_AREA_STYLE('',(#2903));
#2782=FILL_AREA_STYLE('',(#2904));
#2783=FILL_AREA_STYLE('',(#2905));
#2784=FILL_AREA_STYLE('',(#2906));
#2785=FILL_AREA_STYLE('',(#2907));
#2786=FILL_AREA_STYLE('',(#2908));
#2787=FILL_AREA_STYLE('',(#2909));
#2788=FILL_AREA_STYLE('',(#2910));
#2789=FILL_AREA_STYLE('',(#2911));
#2790=FILL_AREA_STYLE('',(#2912));
#2791=FILL_AREA_STYLE('',(#2913));
#2792=FILL_AREA_STYLE('',(#2914));
#2793=FILL_AREA_STYLE('',(#2915));
#2794=FILL_AREA_STYLE('',(#2916));
#2795=FILL_AREA_STYLE('',(#2917));
#2796=FILL_AREA_STYLE('',(#2918));
#2797=FILL_AREA_STYLE('',(#2919));
#2798=FILL_AREA_STYLE('',(#2920));
#2799=FILL_AREA_STYLE('',(#2921));
#2800=FILL_AREA_STYLE('',(#2922));
#2801=FILL_AREA_STYLE('',(#2923));
#2802=FILL_AREA_STYLE_COLOUR('',#2924);
#2803=FILL_AREA_STYLE_COLOUR('',#2924);
#2804=FILL_AREA_STYLE_COLOUR('',#2924);
#2805=FILL_AREA_STYLE_COLOUR('',#2924);
#2806=FILL_AREA_STYLE_COLOUR('',#2924);
#2807=FILL_AREA_STYLE_COLOUR('',#2924);
#2808=FILL_AREA_STYLE_COLOUR('',#2924);
#2809=FILL_AREA_STYLE_COLOUR('',#2924);
#2810=FILL_AREA_STYLE_COLOUR('',#2924);
#2811=FILL_AREA_STYLE_COLOUR('',#2924);
#2812=FILL_AREA_STYLE_COLOUR('',#2924);
#2813=FILL_AREA_STYLE_COLOUR('',#2924);
#2814=FILL_AREA_STYLE_COLOUR('',#2924);
#2815=FILL_AREA_STYLE_COLOUR('',#2924);
#2816=FILL_AREA_STYLE_COLOUR('',#2924);
#2817=FILL_AREA_STYLE_COLOUR('',#2924);
#2818=FILL_AREA_STYLE_COLOUR('',#2924);
#2819=FILL_AREA_STYLE_COLOUR('',#2924);
#2820=FILL_AREA_STYLE_COLOUR('',#2924);
#2821=FILL_AREA_STYLE_COLOUR('',#2924);
#2822=FILL_AREA_STYLE_COLOUR('',#2924);
#2823=FILL_AREA_STYLE_COLOUR('',#2924);
#2824=FILL_AREA_STYLE_COLOUR('',#2925);
#2825=FILL_AREA_STYLE_COLOUR('',#2925);
#2826=FILL_AREA_STYLE_COLOUR('',#2925);
#2827=FILL_AREA_STYLE_COLOUR('',#2924);
#2828=FILL_AREA_STYLE_COLOUR('',#2924);
#2829=FILL_AREA_STYLE_COLOUR('',#2924);
#2830=FILL_AREA_STYLE_COLOUR('',#2924);
#2831=FILL_AREA_STYLE_COLOUR('',#2925);
#2832=FILL_AREA_STYLE_COLOUR('',#2925);
#2833=FILL_AREA_STYLE_COLOUR('',#2925);
#2834=FILL_AREA_STYLE_COLOUR('',#2925);
#2835=FILL_AREA_STYLE_COLOUR('',#2925);
#2836=FILL_AREA_STYLE_COLOUR('',#2925);
#2837=FILL_AREA_STYLE_COLOUR('',#2925);
#2838=FILL_AREA_STYLE_COLOUR('',#2925);
#2839=FILL_AREA_STYLE_COLOUR('',#2925);
#2840=FILL_AREA_STYLE_COLOUR('',#2925);
#2841=FILL_AREA_STYLE_COLOUR('',#2925);
#2842=FILL_AREA_STYLE_COLOUR('',#2925);
#2843=FILL_AREA_STYLE_COLOUR('',#2925);
#2844=FILL_AREA_STYLE_COLOUR('',#2925);
#2845=FILL_AREA_STYLE_COLOUR('',#2925);
#2846=FILL_AREA_STYLE_COLOUR('',#2925);
#2847=FILL_AREA_STYLE_COLOUR('',#2925);
#2848=FILL_AREA_STYLE_COLOUR('',#2925);
#2849=FILL_AREA_STYLE_COLOUR('',#2925);
#2850=FILL_AREA_STYLE_COLOUR('',#2925);
#2851=FILL_AREA_STYLE_COLOUR('',#2925);
#2852=FILL_AREA_STYLE_COLOUR('',#34);
#2853=FILL_AREA_STYLE_COLOUR('',#34);
#2854=FILL_AREA_STYLE_COLOUR('',#34);
#2855=FILL_AREA_STYLE_COLOUR('',#34);
#2856=FILL_AREA_STYLE_COLOUR('',#34);
#2857=FILL_AREA_STYLE_COLOUR('',#34);
#2858=FILL_AREA_STYLE_COLOUR('',#34);
#2859=FILL_AREA_STYLE_COLOUR('',#34);
#2860=FILL_AREA_STYLE_COLOUR('',#34);
#2861=FILL_AREA_STYLE_COLOUR('',#34);
#2862=FILL_AREA_STYLE_COLOUR('',#34);
#2863=FILL_AREA_STYLE_COLOUR('',#34);
#2864=FILL_AREA_STYLE_COLOUR('',#34);
#2865=FILL_AREA_STYLE_COLOUR('',#34);
#2866=FILL_AREA_STYLE_COLOUR('',#34);
#2867=FILL_AREA_STYLE_COLOUR('',#34);
#2868=FILL_AREA_STYLE_COLOUR('',#34);
#2869=FILL_AREA_STYLE_COLOUR('',#34);
#2870=FILL_AREA_STYLE_COLOUR('',#34);
#2871=FILL_AREA_STYLE_COLOUR('',#34);
#2872=FILL_AREA_STYLE_COLOUR('',#34);
#2873=FILL_AREA_STYLE_COLOUR('',#34);
#2874=FILL_AREA_STYLE_COLOUR('',#34);
#2875=FILL_AREA_STYLE_COLOUR('',#2925);
#2876=FILL_AREA_STYLE_COLOUR('',#34);
#2877=FILL_AREA_STYLE_COLOUR('',#34);
#2878=FILL_AREA_STYLE_COLOUR('',#34);
#2879=FILL_AREA_STYLE_COLOUR('',#34);
#2880=FILL_AREA_STYLE_COLOUR('',#34);
#2881=FILL_AREA_STYLE_COLOUR('',#34);
#2882=FILL_AREA_STYLE_COLOUR('',#34);
#2883=FILL_AREA_STYLE_COLOUR('',#34);
#2884=FILL_AREA_STYLE_COLOUR('',#34);
#2885=FILL_AREA_STYLE_COLOUR('',#34);
#2886=FILL_AREA_STYLE_COLOUR('',#34);
#2887=FILL_AREA_STYLE_COLOUR('',#34);
#2888=FILL_AREA_STYLE_COLOUR('',#34);
#2889=FILL_AREA_STYLE_COLOUR('',#34);
#2890=FILL_AREA_STYLE_COLOUR('',#34);
#2891=FILL_AREA_STYLE_COLOUR('',#34);
#2892=FILL_AREA_STYLE_COLOUR('',#34);
#2893=FILL_AREA_STYLE_COLOUR('',#34);
#2894=FILL_AREA_STYLE_COLOUR('',#34);
#2895=FILL_AREA_STYLE_COLOUR('',#34);
#2896=FILL_AREA_STYLE_COLOUR('',#34);
#2897=FILL_AREA_STYLE_COLOUR('',#34);
#2898=FILL_AREA_STYLE_COLOUR('',#34);
#2899=FILL_AREA_STYLE_COLOUR('',#34);
#2900=FILL_AREA_STYLE_COLOUR('',#34);
#2901=FILL_AREA_STYLE_COLOUR('',#34);
#2902=FILL_AREA_STYLE_COLOUR('',#34);
#2903=FILL_AREA_STYLE_COLOUR('',#34);
#2904=FILL_AREA_STYLE_COLOUR('',#34);
#2905=FILL_AREA_STYLE_COLOUR('',#34);
#2906=FILL_AREA_STYLE_COLOUR('',#34);
#2907=FILL_AREA_STYLE_COLOUR('',#34);
#2908=FILL_AREA_STYLE_COLOUR('',#34);
#2909=FILL_AREA_STYLE_COLOUR('',#34);
#2910=FILL_AREA_STYLE_COLOUR('',#34);
#2911=FILL_AREA_STYLE_COLOUR('',#34);
#2912=FILL_AREA_STYLE_COLOUR('',#34);
#2913=FILL_AREA_STYLE_COLOUR('',#34);
#2914=FILL_AREA_STYLE_COLOUR('',#34);
#2915=FILL_AREA_STYLE_COLOUR('',#34);
#2916=FILL_AREA_STYLE_COLOUR('',#34);
#2917=FILL_AREA_STYLE_COLOUR('',#34);
#2918=FILL_AREA_STYLE_COLOUR('',#34);
#2919=FILL_AREA_STYLE_COLOUR('',#34);
#2920=FILL_AREA_STYLE_COLOUR('',#34);
#2921=FILL_AREA_STYLE_COLOUR('',#34);
#2922=FILL_AREA_STYLE_COLOUR('',#34);
#2923=FILL_AREA_STYLE_COLOUR('',#2925);
#2924=COLOUR_RGB('',0.699999988079071,0.699999988079071,0.699999988079071);
#2925=COLOUR_RGB('',0.119999997317791,0.119999997317791,0.119999997317791);
#2926=ADVANCED_FACE('',(#1837),#1972,.T.);
#2927=ADVANCED_FACE('',(#1838),#1973,.T.);
#2928=ADVANCED_FACE('',(#1839),#177,.T.);
#2929=ADVANCED_FACE('',(#1840),#1974,.T.);
#2930=ADVANCED_FACE('',(#1841),#178,.T.);
#2931=ADVANCED_FACE('',(#1842),#179,.F.);
#2932=ADVANCED_FACE('',(#1843),#1975,.T.);
#2933=ADVANCED_FACE('',(#1844),#180,.F.);
#2934=ADVANCED_FACE('',(#1845),#1976,.T.);
#2935=ADVANCED_FACE('',(#1846),#181,.F.);
#2936=ADVANCED_FACE('',(#1847),#1977,.F.);
#2937=ADVANCED_FACE('',(#1848),#182,.F.);
#2938=ADVANCED_FACE('',(#1849),#183,.T.);
#2939=ADVANCED_FACE('',(#1850),#1978,.F.);
#2940=ADVANCED_FACE('',(#1851),#184,.T.);
#2941=ADVANCED_FACE('',(#1852),#1979,.F.);
#2942=ADVANCED_FACE('',(#1853),#1980,.F.);
#2943=ADVANCED_FACE('',(#1854),#1981,.F.);
#2944=ADVANCED_FACE('',(#1855),#1982,.T.);
#2945=ADVANCED_FACE('',(#1856),#1983,.T.);
#2946=ADVANCED_FACE('',(#1857),#1984,.T.);
#2947=ADVANCED_FACE('',(#1858),#1985,.F.);
#2948=ADVANCED_FACE('',(#1859),#1986,.T.);
#2949=ADVANCED_FACE('',(#1860),#1987,.T.);
#2950=ADVANCED_FACE('',(#1861),#1988,.T.);
#2951=ADVANCED_FACE('',(#1862),#1989,.F.);
#2952=ADVANCED_FACE('',(#1863),#1990,.F.);
#2953=ADVANCED_FACE('',(#1864),#1991,.F.);
#2954=ADVANCED_FACE('',(#1865),#1992,.T.);
#2955=ADVANCED_FACE('',(#1866),#1993,.T.);
#2956=ADVANCED_FACE('',(#1867),#1994,.T.);
#2957=ADVANCED_FACE('',(#1868),#1995,.F.);
#2958=ADVANCED_FACE('',(#1869),#1996,.T.);
#2959=ADVANCED_FACE('',(#1870),#1997,.T.);
#2960=ADVANCED_FACE('',(#1871),#1998,.F.);
#2961=ADVANCED_FACE('',(#1872,#1873),#1999,.T.);
#2962=ADVANCED_FACE('',(#1874),#2000,.T.);
#2963=ADVANCED_FACE('',(#1875),#2001,.F.);
#2964=ADVANCED_FACE('',(#1876),#2002,.T.);
#2965=ADVANCED_FACE('',(#1877),#2003,.T.);
#2966=ADVANCED_FACE('',(#1878),#2004,.T.);
#2967=ADVANCED_FACE('',(#1879),#2005,.T.);
#2968=ADVANCED_FACE('',(#1880,#1881),#2006,.F.);
#2969=ADVANCED_FACE('',(#1882),#2007,.T.);
#2970=ADVANCED_FACE('',(#1883),#2008,.T.);
#2971=ADVANCED_FACE('',(#1884),#2009,.T.);
#2972=ADVANCED_FACE('',(#1885),#2010,.F.);
#2973=ADVANCED_FACE('',(#1886),#2011,.T.);
#2974=ADVANCED_FACE('',(#1887,#1888,#1889,#1890,#1891,#1892,#1893,#1894,
#1895),#2012,.T.);
#2975=ADVANCED_FACE('',(#1896),#2013,.T.);
#2976=ADVANCED_FACE('',(#1897),#2014,.T.);
#2977=ADVANCED_FACE('',(#1898),#2015,.T.);
#2978=ADVANCED_FACE('',(#1899),#2016,.T.);
#2979=ADVANCED_FACE('',(#1900),#18,.T.);
#2980=ADVANCED_FACE('',(#1901),#19,.T.);
#2981=ADVANCED_FACE('',(#1902),#2017,.T.);
#2982=ADVANCED_FACE('',(#1903),#2018,.T.);
#2983=ADVANCED_FACE('',(#1904),#2019,.T.);
#2984=ADVANCED_FACE('',(#1905),#2020,.T.);
#2985=ADVANCED_FACE('',(#1906),#2021,.T.);
#2986=ADVANCED_FACE('',(#1907),#2022,.T.);
#2987=ADVANCED_FACE('',(#1908),#2023,.T.);
#2988=ADVANCED_FACE('',(#1909),#2024,.T.);
#2989=ADVANCED_FACE('',(#1910),#2025,.T.);
#2990=ADVANCED_FACE('',(#1911),#20,.T.);
#2991=ADVANCED_FACE('',(#1912),#21,.T.);
#2992=ADVANCED_FACE('',(#1913),#22,.T.);
#2993=ADVANCED_FACE('',(#1914),#2026,.T.);
#2994=ADVANCED_FACE('',(#1915),#23,.T.);
#2995=ADVANCED_FACE('',(#1916),#24,.T.);
#2996=ADVANCED_FACE('',(#1917),#25,.T.);
#2997=ADVANCED_FACE('',(#1918),#2027,.T.);
#2998=ADVANCED_FACE('',(#1919,#1920),#2028,.T.);
#2999=ADVANCED_FACE('',(#1921),#2029,.T.);
#3000=ADVANCED_FACE('',(#1922),#2030,.T.);
#3001=ADVANCED_FACE('',(#1923),#2031,.T.);
#3002=ADVANCED_FACE('',(#1924),#2032,.T.);
#3003=ADVANCED_FACE('',(#1925),#2033,.T.);
#3004=ADVANCED_FACE('',(#1926),#26,.T.);
#3005=ADVANCED_FACE('',(#1927),#2034,.T.);
#3006=ADVANCED_FACE('',(#1928),#27,.T.);
#3007=ADVANCED_FACE('',(#1929),#2035,.T.);
#3008=ADVANCED_FACE('',(#1930),#2036,.T.);
#3009=ADVANCED_FACE('',(#1931),#2037,.T.);
#3010=ADVANCED_FACE('',(#1932),#2038,.T.);
#3011=ADVANCED_FACE('',(#1933),#2039,.T.);
#3012=ADVANCED_FACE('',(#1934),#2040,.T.);
#3013=ADVANCED_FACE('',(#1935),#2041,.T.);
#3014=ADVANCED_FACE('',(#1936),#2042,.T.);
#3015=ADVANCED_FACE('',(#1937),#2043,.T.);
#3016=ADVANCED_FACE('',(#1938),#2044,.T.);
#3017=ADVANCED_FACE('',(#1939),#2045,.T.);
#3018=ADVANCED_FACE('',(#1940),#2046,.T.);
#3019=ADVANCED_FACE('',(#1941),#2047,.T.);
#3020=ADVANCED_FACE('',(#1942),#2048,.T.);
#3021=ADVANCED_FACE('',(#1943),#2049,.T.);
#3022=ADVANCED_FACE('',(#1944),#2050,.T.);
#3023=ADVANCED_FACE('',(#1945),#2051,.T.);
#3024=ADVANCED_FACE('',(#1946),#2052,.T.);
#3025=ADVANCED_FACE('',(#1947),#2053,.T.);
#3026=ADVANCED_FACE('',(#1948),#2054,.T.);
#3027=ADVANCED_FACE('',(#1949),#2055,.T.);
#3028=ADVANCED_FACE('',(#1950),#2056,.T.);
#3029=ADVANCED_FACE('',(#1951),#2057,.T.);
#3030=ADVANCED_FACE('',(#1952),#2058,.T.);
#3031=ADVANCED_FACE('',(#1953),#2059,.T.);
#3032=ADVANCED_FACE('',(#1954),#2060,.T.);
#3033=ADVANCED_FACE('',(#1955),#2061,.T.);
#3034=ADVANCED_FACE('',(#1956),#2062,.T.);
#3035=ADVANCED_FACE('',(#1957),#28,.T.);
#3036=ADVANCED_FACE('',(#1958),#2063,.T.);
#3037=ADVANCED_FACE('',(#1959),#29,.T.);
#3038=ADVANCED_FACE('',(#1960),#2064,.T.);
#3039=ADVANCED_FACE('',(#1961),#30,.T.);
#3040=ADVANCED_FACE('',(#1962),#2065,.T.);
#3041=ADVANCED_FACE('',(#1963),#31,.T.);
#3042=ADVANCED_FACE('',(#1964),#32,.T.);
#3043=ADVANCED_FACE('',(#1965),#2066,.T.);
#3044=ADVANCED_FACE('',(#1966,#1967),#33,.T.);
#3045=ADVANCED_FACE('',(#1968),#2067,.T.);
#3046=ADVANCED_FACE('',(#1969,#1970),#2068,.T.);
#3047=ADVANCED_FACE('',(#1971),#2069,.T.);
#3048=CLOSED_SHELL('',(#2926,#2927,#2928,#2929,#2930,#2931,#2932,#2933,
#2934,#2935,#2936,#2937,#2938,#2939,#2940,#2941,#2942,#2943,#2944,#2945,
#2946,#2947,#2948,#2949,#2950,#2951,#2952,#2953,#2954,#2955,#2956,#2957,
#2958,#2959,#2960,#2961,#2962,#2963,#2964,#2965,#2966,#2967,#2968,#2969));
#3049=CLOSED_SHELL('',(#2970,#2971,#2972,#2973,#2974,#2975,#2976,#2977,
#2978,#2979,#2980,#2981,#2982,#2983,#2984,#2985,#2986,#2987,#2988,#2989,
#2990,#2991,#2992,#2993,#2994,#2995,#2996,#2997,#2998,#2999,#3000,#3001,
#3002,#3003,#3004,#3005,#3006,#3007,#3008,#3009,#3010,#3011,#3012,#3013,
#3014,#3015,#3016,#3017,#3018,#3019,#3020,#3021,#3022,#3023,#3024,#3025,
#3026,#3027,#3028,#3029,#3030,#3031,#3032,#3033,#3034,#3035,#3036,#3037,
#3038,#3039,#3040,#3041,#3042,#3043,#3044,#3045,#3046,#3047));
#3050=MANIFOLD_SOLID_BREP('',#3048);
#3051=MANIFOLD_SOLID_BREP('',#3049);
#3052=SHAPE_DEFINITION_REPRESENTATION(#5198,#3053);
#3053=SHAPE_REPRESENTATION('74430820xxA',(#3054),#5193);
#3054=AXIS2_PLACEMENT_3D('',#3600,#3177,#3178);
#3055=AXIS2_PLACEMENT_3D('',#3601,#3179,#3180);
#3056=AXIS2_PLACEMENT_3D('',#3610,#3185,#3186);
#3057=AXIS2_PLACEMENT_3D('',#3616,#3190,#3191);
#3058=AXIS2_PLACEMENT_3D('',#3617,#3192,#3193);
#3059=AXIS2_PLACEMENT_3D('',#3619,#3194,#3195);
#3060=AXIS2_PLACEMENT_3D('',#3622,#3197,#3198);
#3061=AXIS2_PLACEMENT_3D('',#3628,#3202,#3203);
#3062=AXIS2_PLACEMENT_3D('',#3629,#3204,#3205);
#3063=AXIS2_PLACEMENT_3D('',#3631,#3206,#3207);
#3064=AXIS2_PLACEMENT_3D('',#3634,#3209,#3210);
#3065=AXIS2_PLACEMENT_3D('',#3635,#3211,#3212);
#3066=AXIS2_PLACEMENT_3D('',#3640,#3214,#3215);
#3067=AXIS2_PLACEMENT_3D('',#3643,#3217,#3218);
#3068=AXIS2_PLACEMENT_3D('',#3649,#3222,#3223);
#3069=AXIS2_PLACEMENT_3D('',#3650,#3224,#3225);
#3070=AXIS2_PLACEMENT_3D('',#3652,#3226,#3227);
#3071=AXIS2_PLACEMENT_3D('',#3655,#3229,#3230);
#3072=AXIS2_PLACEMENT_3D('',#3658,#3233,#3234);
#3073=AXIS2_PLACEMENT_3D('',#3659,#3235,#3236);
#3074=AXIS2_PLACEMENT_3D('',#3664,#3238,#3239);
#3075=AXIS2_PLACEMENT_3D('',#3667,#3241,#3242);
#3076=AXIS2_PLACEMENT_3D('',#3673,#3246,#3247);
#3077=AXIS2_PLACEMENT_3D('',#3674,#3248,#3249);
#3078=AXIS2_PLACEMENT_3D('',#3676,#3250,#3251);
#3079=AXIS2_PLACEMENT_3D('',#3679,#3253,#3254);
#3080=AXIS2_PLACEMENT_3D('',#3680,#3255,#3256);
#3081=AXIS2_PLACEMENT_3D('',#3685,#3258,#3259);
#3082=AXIS2_PLACEMENT_3D('',#3688,#3261,#3262);
#3083=AXIS2_PLACEMENT_3D('',#3694,#3266,#3267);
#3084=AXIS2_PLACEMENT_3D('',#3695,#3268,#3269);
#3085=AXIS2_PLACEMENT_3D('',#3697,#3270,#3271);
#3086=AXIS2_PLACEMENT_3D('',#3700,#3273,#3274);
#3087=AXIS2_PLACEMENT_3D('',#3706,#3278,#3279);
#3088=AXIS2_PLACEMENT_3D('',#3712,#3283,#3284);
#3089=AXIS2_PLACEMENT_3D('',#3715,#3287,#3288);
#3090=AXIS2_PLACEMENT_3D('',#3721,#3292,#3293);
#3091=AXIS2_PLACEMENT_3D('',#3725,#3296,#3297);
#3092=AXIS2_PLACEMENT_3D('',#3729,#3300,#3301);
#3093=AXIS2_PLACEMENT_3D('',#3731,#3303,#3304);
#3094=AXIS2_PLACEMENT_3D('',#3740,#3309,#3310);
#3095=AXIS2_PLACEMENT_3D('',#3746,#3314,#3315);
#3096=AXIS2_PLACEMENT_3D('',#3752,#3319,#3320);
#3097=AXIS2_PLACEMENT_3D('',#3758,#3324,#3325);
#3098=AXIS2_PLACEMENT_3D('',#3762,#3328,#3329);
#3099=AXIS2_PLACEMENT_3D('',#3766,#3332,#3333);
#3100=AXIS2_PLACEMENT_3D('',#3768,#3335,#3336);
#3101=AXIS2_PLACEMENT_3D('',#3782,#3344,#3345);
#3102=AXIS2_PLACEMENT_3D('',#3796,#3353,#3354);
#3103=AXIS2_PLACEMENT_3D('',#3802,#3358,#3359);
#3104=AXIS2_PLACEMENT_3D('',#3808,#3363,#3364);
#3105=AXIS2_PLACEMENT_3D('',#3814,#3368,#3369);
#3106=AXIS2_PLACEMENT_3D('',#3820,#3373,#3374);
#3107=AXIS2_PLACEMENT_3D('',#3822,#3376,#3377);
#3108=AXIS2_PLACEMENT_3D('',#3824,#3379,#3380);
#3109=AXIS2_PLACEMENT_3D('',#3830,#3384,#3385);
#3110=AXIS2_PLACEMENT_3D('',#3832,#3387,#3388);
#3111=AXIS2_PLACEMENT_3D('',#3838,#3392,#3393);
#3112=AXIS2_PLACEMENT_3D('',#3840,#3395,#3396);
#3113=AXIS2_PLACEMENT_3D('',#3842,#3398,#3399);
#3114=AXIS2_PLACEMENT_3D('',#3844,#3401,#3402);
#3115=AXIS2_PLACEMENT_3D('',#3845,#3403,#3404);
#3116=AXIS2_PLACEMENT_3D('',#3854,#3409,#3410);
#3117=AXIS2_PLACEMENT_3D('',#3863,#3415,#3416);
#3118=AXIS2_PLACEMENT_3D('',#3866,#3419,#3420);
#3119=AXIS2_PLACEMENT_3D('',#3869,#3423,#3424);
#3120=AXIS2_PLACEMENT_3D('',#4271,#3425,#3426);
#3121=AXIS2_PLACEMENT_3D('',#4272,#3427,#3428);
#3122=AXIS2_PLACEMENT_3D('',#4281,#3431,#3432);
#3123=AXIS2_PLACEMENT_3D('',#4288,#3434,#3435);
#3124=AXIS2_PLACEMENT_3D('',#4337,#3439,#3440);
#3125=AXIS2_PLACEMENT_3D('',#4344,#3442,#3443);
#3126=AXIS2_PLACEMENT_3D('',#4351,#3445,#3446);
#3127=AXIS2_PLACEMENT_3D('',#4358,#3448,#3449);
#3128=AXIS2_PLACEMENT_3D('',#4365,#3451,#3452);
#3129=AXIS2_PLACEMENT_3D('',#4372,#3454,#3455);
#3130=AXIS2_PLACEMENT_3D('',#4379,#3457,#3458);
#3131=AXIS2_PLACEMENT_3D('',#4386,#3460,#3461);
#3132=AXIS2_PLACEMENT_3D('',#4391,#3462,#3463);
#3133=AXIS2_PLACEMENT_3D('',#4498,#3468,#3469);
#3134=AXIS2_PLACEMENT_3D('',#4662,#3474,#3475);
#3135=AXIS2_PLACEMENT_3D('',#4667,#3476,#3477);
#3136=AXIS2_PLACEMENT_3D('',#4668,#3478,#3479);
#3137=AXIS2_PLACEMENT_3D('',#4669,#3480,#3481);
#3138=AXIS2_PLACEMENT_3D('',#4678,#3484,#3485);
#3139=AXIS2_PLACEMENT_3D('',#4685,#3487,#3488);
#3140=AXIS2_PLACEMENT_3D('',#4692,#3490,#3491);
#3141=AXIS2_PLACEMENT_3D('',#4720,#3494,#3495);
#3142=AXIS2_PLACEMENT_3D('',#4756,#3497,#3498);
#3143=AXIS2_PLACEMENT_3D('',#4757,#3499,#3500);
#3144=AXIS2_PLACEMENT_3D('',#4764,#3503,#3504);
#3145=AXIS2_PLACEMENT_3D('',#4769,#3506,#3507);
#3146=AXIS2_PLACEMENT_3D('',#4774,#3509,#3510);
#3147=AXIS2_PLACEMENT_3D('',#4779,#3512,#3513);
#3148=AXIS2_PLACEMENT_3D('',#4784,#3515,#3516);
#3149=AXIS2_PLACEMENT_3D('',#4789,#3518,#3519);
#3150=AXIS2_PLACEMENT_3D('',#4794,#3521,#3522);
#3151=AXIS2_PLACEMENT_3D('',#4799,#3524,#3525);
#3152=AXIS2_PLACEMENT_3D('',#4804,#3527,#3528);
#3153=AXIS2_PLACEMENT_3D('',#4809,#3530,#3531);
#3154=AXIS2_PLACEMENT_3D('',#4814,#3533,#3534);
#3155=AXIS2_PLACEMENT_3D('',#4817,#3535,#3536);
#3156=AXIS2_PLACEMENT_3D('',#4818,#3537,#3538);
#3157=AXIS2_PLACEMENT_3D('',#4825,#3541,#3542);
#3158=AXIS2_PLACEMENT_3D('',#4830,#3544,#3545);
#3159=AXIS2_PLACEMENT_3D('',#4835,#3547,#3548);
#3160=AXIS2_PLACEMENT_3D('',#4838,#3549,#3550);
#3161=AXIS2_PLACEMENT_3D('',#4839,#3551,#3552);
#3162=AXIS2_PLACEMENT_3D('',#4846,#3555,#3556);
#3163=AXIS2_PLACEMENT_3D('',#4851,#3558,#3559);
#3164=AXIS2_PLACEMENT_3D('',#4856,#3561,#3562);
#3165=AXIS2_PLACEMENT_3D('',#4859,#3563,#3564);
#3166=AXIS2_PLACEMENT_3D('',#4860,#3565,#3566);
#3167=AXIS2_PLACEMENT_3D('',#4869,#3569,#3570);
#3168=AXIS2_PLACEMENT_3D('',#4876,#3572,#3573);
#3169=AXIS2_PLACEMENT_3D('',#4883,#3575,#3576);
#3170=AXIS2_PLACEMENT_3D('',#4930,#3579,#3580);
#3171=AXIS2_PLACEMENT_3D('',#4987,#3582,#3583);
#3172=AXIS2_PLACEMENT_3D('',#5033,#3586,#3587);
#3173=AXIS2_PLACEMENT_3D('',#5104,#3591,#3592);
#3174=AXIS2_PLACEMENT_3D('',#5185,#3594,#3595);
#3175=AXIS2_PLACEMENT_3D('',#5190,#3596,#3597);
#3176=AXIS2_PLACEMENT_3D('',#5191,#3598,#3599);
#3177=DIRECTION('',(0.,0.,1.));
#3178=DIRECTION('',(1.,0.,0.));
#3179=DIRECTION('',(-1.,0.,0.));
#3180=DIRECTION('',(0.,0.,1.));
#3181=DIRECTION('',(0.,0.,-1.));
#3182=DIRECTION('',(0.,-1.,0.));
#3183=DIRECTION('',(0.,0.,-1.));
#3184=DIRECTION('',(0.,-1.,0.));
#3185=DIRECTION('',(0.,0.,-1.));
#3186=DIRECTION('',(-1.,0.,0.));
#3187=DIRECTION('',(1.,0.,0.));
#3188=DIRECTION('',(1.,0.,0.));
#3189=DIRECTION('',(0.,-1.,0.));
#3190=DIRECTION('',(0.,-1.,0.));
#3191=DIRECTION('',(0.,0.,-1.));
#3192=DIRECTION('',(0.,-1.,0.));
#3193=DIRECTION('',(-1.,0.,0.));
#3194=DIRECTION('',(0.,-1.,0.));
#3195=DIRECTION('',(-1.,0.,0.));
#3196=DIRECTION('',(0.,-1.,0.));
#3197=DIRECTION('',(1.,0.,6.8475926683295E-16));
#3198=DIRECTION('',(6.8475926683295E-16,0.,-1.));
#3199=DIRECTION('',(-6.8475926683295E-16,0.,1.));
#3200=DIRECTION('',(-6.8475926683295E-16,0.,1.));
#3201=DIRECTION('',(0.,-1.,0.));
#3202=DIRECTION('',(0.,-1.,0.));
#3203=DIRECTION('',(0.,0.,-1.));
#3204=DIRECTION('',(0.,-1.,0.));
#3205=DIRECTION('',(-1.,0.,0.));
#3206=DIRECTION('',(0.,-1.,0.));
#3207=DIRECTION('',(-1.,0.,0.));
#3208=DIRECTION('',(0.,-1.,0.));
#3209=DIRECTION('',(0.,-1.,0.));
#3210=DIRECTION('',(0.,0.,-1.));
#3211=DIRECTION('',(0.,1.,0.));
#3212=DIRECTION('',(-1.,0.,0.));
#3213=DIRECTION('',(0.,-1.,0.));
#3214=DIRECTION('',(0.,1.,0.));
#3215=DIRECTION('',(-1.,0.,0.));
#3216=DIRECTION('',(0.,-1.,0.));
#3217=DIRECTION('',(-1.,0.,0.));
#3218=DIRECTION('',(0.,0.,1.));
#3219=DIRECTION('',(0.,0.,-1.));
#3220=DIRECTION('',(0.,0.,-1.));
#3221=DIRECTION('',(0.,-1.,0.));
#3222=DIRECTION('',(0.,-1.,0.));
#3223=DIRECTION('',(0.,0.,-1.));
#3224=DIRECTION('',(0.,1.,0.));
#3225=DIRECTION('',(-1.,0.,0.));
#3226=DIRECTION('',(0.,1.,0.));
#3227=DIRECTION('',(-1.,0.,0.));
#3228=DIRECTION('',(0.,-1.,0.));
#3229=DIRECTION('',(0.,0.,1.));
#3230=DIRECTION('',(1.,0.,0.));
#3231=DIRECTION('',(-1.,0.,0.));
#3232=DIRECTION('',(-1.,0.,0.));
#3233=DIRECTION('',(0.,-1.,0.));
#3234=DIRECTION('',(0.,0.,-1.));
#3235=DIRECTION('',(0.,-1.,0.));
#3236=DIRECTION('',(1.,0.,0.));
#3237=DIRECTION('',(0.,-1.,0.));
#3238=DIRECTION('',(0.,-1.,0.));
#3239=DIRECTION('',(1.,0.,0.));
#3240=DIRECTION('',(0.,-1.,0.));
#3241=DIRECTION('',(-1.,0.,0.));
#3242=DIRECTION('',(0.,0.,1.));
#3243=DIRECTION('',(0.,0.,-1.));
#3244=DIRECTION('',(0.,0.,-1.));
#3245=DIRECTION('',(0.,-1.,0.));
#3246=DIRECTION('',(0.,-1.,0.));
#3247=DIRECTION('',(0.,0.,-1.));
#3248=DIRECTION('',(0.,-1.,0.));
#3249=DIRECTION('',(1.,0.,0.));
#3250=DIRECTION('',(0.,-1.,0.));
#3251=DIRECTION('',(1.,0.,0.));
#3252=DIRECTION('',(0.,-1.,0.));
#3253=DIRECTION('',(0.,-1.,0.));
#3254=DIRECTION('',(0.,0.,-1.));
#3255=DIRECTION('',(0.,1.,0.));
#3256=DIRECTION('',(-1.,0.,0.));
#3257=DIRECTION('',(0.,-1.,0.));
#3258=DIRECTION('',(0.,1.,0.));
#3259=DIRECTION('',(-1.,0.,0.));
#3260=DIRECTION('',(0.,-1.,0.));
#3261=DIRECTION('',(1.,0.,-6.8475926683295E-16));
#3262=DIRECTION('',(-6.8475926683295E-16,0.,-1.));
#3263=DIRECTION('',(6.8475926683295E-16,0.,1.));
#3264=DIRECTION('',(6.8475926683295E-16,0.,1.));
#3265=DIRECTION('',(0.,-1.,0.));
#3266=DIRECTION('',(0.,-1.,0.));
#3267=DIRECTION('',(0.,0.,-1.));
#3268=DIRECTION('',(0.,1.,0.));
#3269=DIRECTION('',(1.,0.,0.));
#3270=DIRECTION('',(0.,1.,0.));
#3271=DIRECTION('',(1.,0.,0.));
#3272=DIRECTION('',(0.,-1.,0.));
#3273=DIRECTION('',(0.,0.,1.));
#3274=DIRECTION('',(1.,0.,0.));
#3275=DIRECTION('',(-1.,0.,0.));
#3276=DIRECTION('',(-1.,0.,0.));
#3277=DIRECTION('',(0.,-1.,0.));
#3278=DIRECTION('',(-1.,0.,0.));
#3279=DIRECTION('',(0.,0.,1.));
#3280=DIRECTION('',(0.,0.,-1.));
#3281=DIRECTION('',(0.,0.,-1.));
#3282=DIRECTION('',(0.,-1.,0.));
#3283=DIRECTION('',(0.,0.,-1.));
#3284=DIRECTION('',(-1.,0.,0.));
#3285=DIRECTION('',(1.,0.,0.));
#3286=DIRECTION('',(1.,0.,0.));
#3287=DIRECTION('',(2.04085114820801E-15,0.,1.));
#3288=DIRECTION('',(1.,0.,-2.04085114820801E-15));
#3289=DIRECTION('',(-1.,0.,2.04085114820801E-15));
#3290=DIRECTION('',(-1.,0.,2.04085114820801E-15));
#3291=DIRECTION('',(0.,-1.,0.));
#3292=DIRECTION('',(0.,-1.,0.));
#3293=DIRECTION('',(0.,0.,-1.));
#3294=DIRECTION('',(0.,0.,-1.));
#3295=DIRECTION('',(1.,0.,2.89120579329469E-15));
#3296=DIRECTION('',(2.89120579329469E-15,0.,-1.));
#3297=DIRECTION('',(-1.,0.,-2.89120579329469E-15));
#3298=DIRECTION('',(0.,-1.,0.));
#3299=DIRECTION('',(1.,0.,2.89120579329469E-15));
#3300=DIRECTION('',(0.,-1.,0.));
#3301=DIRECTION('',(0.,0.,-1.));
#3302=DIRECTION('',(0.,0.,-1.));
#3303=DIRECTION('',(-1.,0.,0.));
#3304=DIRECTION('',(0.,0.,1.));
#3305=DIRECTION('',(0.,0.,1.));
#3306=DIRECTION('',(0.,1.,0.));
#3307=DIRECTION('',(0.,0.,1.));
#3308=DIRECTION('',(0.,1.,0.));
#3309=DIRECTION('',(0.,0.,-1.));
#3310=DIRECTION('',(-1.,0.,0.));
#3311=DIRECTION('',(-1.,0.,0.));
#3312=DIRECTION('',(0.,1.,0.));
#3313=DIRECTION('',(-1.,0.,0.));
#3314=DIRECTION('',(1.,0.,0.));
#3315=DIRECTION('',(0.,0.,-1.));
#3316=DIRECTION('',(0.,0.,-1.));
#3317=DIRECTION('',(0.,1.,0.));
#3318=DIRECTION('',(0.,0.,-1.));
#3319=DIRECTION('',(2.89120579329469E-15,0.,1.));
#3320=DIRECTION('',(1.,0.,-2.89120579329469E-15));
#3321=DIRECTION('',(-1.,0.,2.89120579329469E-15));
#3322=DIRECTION('',(-1.,0.,2.89120579329469E-15));
#3323=DIRECTION('',(0.,-1.,0.));
#3324=DIRECTION('',(0.,1.,0.));
#3325=DIRECTION('',(0.,0.,1.));
#3326=DIRECTION('',(0.,0.,-1.));
#3327=DIRECTION('',(1.,0.,2.04085114820801E-15));
#3328=DIRECTION('',(2.04085114820801E-15,0.,-1.));
#3329=DIRECTION('',(-1.,0.,-2.04085114820801E-15));
#3330=DIRECTION('',(0.,-1.,0.));
#3331=DIRECTION('',(1.,0.,2.04085114820801E-15));
#3332=DIRECTION('',(0.,1.,0.));
#3333=DIRECTION('',(0.,0.,1.));
#3334=DIRECTION('',(0.,0.,-1.));
#3335=DIRECTION('',(2.33520467919955E-16,0.,-1.));
#3336=DIRECTION('',(-1.,0.,-2.33520467919955E-16));
#3337=DIRECTION('',(1.,0.,7.74430123203932E-17));
#3338=DIRECTION('',(0.,1.,0.));
#3339=DIRECTION('',(1.,0.,7.74430123203932E-17));
#3340=DIRECTION('',(0.,1.,0.));
#3341=DIRECTION('',(-1.,0.,-2.33520467919955E-16));
#3342=DIRECTION('',(-1.,0.,-2.33520467919955E-16));
#3343=DIRECTION('',(0.,1.,0.));
#3344=DIRECTION('',(-2.33520467919955E-16,0.,-1.));
#3345=DIRECTION('',(-1.,0.,2.33520467919955E-16));
#3346=DIRECTION('',(0.,1.,0.));
#3347=DIRECTION('',(-1.,0.,7.74430123203932E-17));
#3348=DIRECTION('',(0.,1.,0.));
#3349=DIRECTION('',(-1.,0.,2.33520467919955E-16));
#3350=DIRECTION('',(-1.,0.,2.33520467919955E-16));
#3351=DIRECTION('',(0.,1.,0.));
#3352=DIRECTION('',(-1.,0.,7.74430123203932E-17));
#3353=DIRECTION('',(0.,1.,0.));
#3354=DIRECTION('',(0.,0.,1.));
#3355=DIRECTION('',(1.,0.,-1.27553196763001E-16));
#3356=DIRECTION('',(0.,0.,1.));
#3357=DIRECTION('',(0.,0.,-1.));
#3358=DIRECTION('',(0.,1.,0.));
#3359=DIRECTION('',(0.,0.,1.));
#3360=DIRECTION('',(0.,0.,1.));
#3361=DIRECTION('',(1.,0.,-1.27553196763001E-16));
#3362=DIRECTION('',(0.,0.,-1.));
#3363=DIRECTION('',(0.,-1.,0.));
#3364=DIRECTION('',(0.,0.,-1.));
#3365=DIRECTION('',(0.,0.,1.));
#3366=DIRECTION('',(-1.,0.,1.27553196763001E-16));
#3367=DIRECTION('',(0.,0.,-1.));
#3368=DIRECTION('',(0.,-1.,0.));
#3369=DIRECTION('',(0.,0.,-1.));
#3370=DIRECTION('',(-1.,0.,1.27553196763001E-16));
#3371=DIRECTION('',(0.,0.,1.));
#3372=DIRECTION('',(0.,0.,-1.));
#3373=DIRECTION('',(-1.,0.,0.));
#3374=DIRECTION('',(0.,0.,1.));
#3375=DIRECTION('',(0.,1.,0.));
#3376=DIRECTION('',(-1.,0.,0.));
#3377=DIRECTION('',(0.,0.,1.));
#3378=DIRECTION('',(0.,1.,0.));
#3379=DIRECTION('',(0.,1.,0.));
#3380=DIRECTION('',(0.,0.,1.));
#3381=DIRECTION('',(1.,0.,-1.27553196763001E-16));
#3382=DIRECTION('',(0.,0.,1.));
#3383=DIRECTION('',(0.,0.,-1.));
#3384=DIRECTION('',(-1.,0.,0.));
#3385=DIRECTION('',(0.,0.,1.));
#3386=DIRECTION('',(0.,1.,0.));
#3387=DIRECTION('',(0.,1.,0.));
#3388=DIRECTION('',(0.,0.,1.));
#3389=DIRECTION('',(0.,0.,1.));
#3390=DIRECTION('',(1.,0.,-1.27553196763001E-16));
#3391=DIRECTION('',(0.,0.,-1.));
#3392=DIRECTION('',(1.,0.,0.));
#3393=DIRECTION('',(0.,0.,-1.));
#3394=DIRECTION('',(0.,1.,0.));
#3395=DIRECTION('',(1.,0.,0.));
#3396=DIRECTION('',(0.,0.,-1.));
#3397=DIRECTION('',(0.,1.,0.));
#3398=DIRECTION('',(-1.,0.,0.));
#3399=DIRECTION('',(0.,0.,1.));
#3400=DIRECTION('',(0.,1.,0.));
#3401=DIRECTION('',(1.27553196763001E-16,0.,1.));
#3402=DIRECTION('',(1.,0.,-1.27553196763001E-16));
#3403=DIRECTION('',(1.,0.,0.));
#3404=DIRECTION('',(0.,0.,-1.));
#3405=DIRECTION('',(0.,0.,-1.));
#3406=DIRECTION('',(0.,1.,0.));
#3407=DIRECTION('',(0.,0.,-1.));
#3408=DIRECTION('',(0.,1.,0.));
#3409=DIRECTION('',(-1.,0.,0.));
#3410=DIRECTION('',(0.,0.,1.));
#3411=DIRECTION('',(0.,0.,1.));
#3412=DIRECTION('',(0.,1.,0.));
#3413=DIRECTION('',(0.,0.,1.));
#3414=DIRECTION('',(0.,1.,0.));
#3415=DIRECTION('',(0.,1.,0.));
#3416=DIRECTION('',(0.,0.,1.));
#3417=DIRECTION('',(-1.,0.,0.));
#3418=DIRECTION('',(1.,0.,0.));
#3419=DIRECTION('',(0.,1.,0.));
#3420=DIRECTION('',(0.,0.,1.));
#3421=DIRECTION('',(-1.,0.,0.));
#3422=DIRECTION('',(1.,0.,0.));
#3423=DIRECTION('',(0.,0.,1.));
#3424=DIRECTION('',(1.,0.,0.));
#3425=DIRECTION('',(0.,0.,-1.));
#3426=DIRECTION('',(-1.,0.,0.));
#3427=DIRECTION('',(0.,1.,0.));
#3428=DIRECTION('',(0.,0.,1.));
#3429=DIRECTION('',(0.,0.,1.));
#3430=DIRECTION('',(0.,0.,1.));
#3431=DIRECTION('',(1.,0.,0.));
#3432=DIRECTION('',(0.,0.,-1.));
#3433=DIRECTION('',(0.,0.,1.));
#3434=DIRECTION('',(7.59429900096829E-16,-1.,0.));
#3435=DIRECTION('',(1.,7.59429900096829E-16,0.));
#3436=DIRECTION('',(0.,0.,1.));
#3437=DIRECTION('',(0.,0.,1.));
#3438=DIRECTION('',(0.,0.,1.));
#3439=DIRECTION('',(0.,-1.,0.));
#3440=DIRECTION('',(0.,0.,-1.));
#3441=DIRECTION('',(0.,0.,1.));
#3442=DIRECTION('',(-1.,-5.98645140955157E-16,0.));
#3443=DIRECTION('',(5.98645140955157E-16,-1.,0.));
#3444=DIRECTION('',(0.,0.,1.));
#3445=DIRECTION('',(0.,1.,0.));
#3446=DIRECTION('',(0.,0.,1.));
#3447=DIRECTION('',(0.,0.,1.));
#3448=DIRECTION('',(1.,0.,0.));
#3449=DIRECTION('',(0.,0.,-1.));
#3450=DIRECTION('',(0.,0.,1.));
#3451=DIRECTION('',(-0.943776519914421,0.330584150343336,0.));
#3452=DIRECTION('',(-0.330584150343336,-0.943776519914421,0.));
#3453=DIRECTION('',(0.,0.,1.));
#3454=DIRECTION('',(0.,1.,0.));
#3455=DIRECTION('',(0.,0.,1.));
#3456=DIRECTION('',(0.,0.,1.));
#3457=DIRECTION('',(0.94704300010294,0.321106767222404,0.));
#3458=DIRECTION('',(-0.321106767222404,0.94704300010294,0.));
#3459=DIRECTION('',(0.,0.,1.));
#3460=DIRECTION('',(-1.,0.,0.));
#3461=DIRECTION('',(0.,0.,1.));
#3462=DIRECTION('',(0.,0.,1.));
#3463=DIRECTION('',(1.,0.,0.));
#3464=DIRECTION('',(0.,0.,1.));
#3465=DIRECTION('',(0.,0.,1.));
#3466=DIRECTION('',(0.,0.,1.));
#3467=DIRECTION('',(0.,0.,1.));
#3468=DIRECTION('',(0.130034036800186,0.99150953060142,0.));
#3469=DIRECTION('',(-0.99150953060142,0.130034036800186,0.));
#3470=DIRECTION('',(0.,0.,1.));
#3471=DIRECTION('',(0.,0.,1.));
#3472=DIRECTION('',(0.,0.,1.));
#3473=DIRECTION('',(0.,0.,1.));
#3474=DIRECTION('',(0.,1.,0.));
#3475=DIRECTION('',(0.,0.,1.));
#3476=DIRECTION('',(0.,0.,1.));
#3477=DIRECTION('',(1.,0.,0.));
#3478=DIRECTION('',(0.,0.,1.));
#3479=DIRECTION('',(1.,0.,0.));
#3480=DIRECTION('',(-6.14183744340605E-16,1.,0.));
#3481=DIRECTION('',(-1.,-6.14183744340605E-16,0.));
#3482=DIRECTION('',(0.,0.,1.));
#3483=DIRECTION('',(0.,0.,1.));
#3484=DIRECTION('',(1.,1.03115252490212E-16,0.));
#3485=DIRECTION('',(-1.03115252490212E-16,1.,0.));
#3486=DIRECTION('',(0.,0.,1.));
#3487=DIRECTION('',(0.,-1.,0.));
#3488=DIRECTION('',(0.,0.,-1.));
#3489=DIRECTION('',(0.,0.,1.));
#3490=DIRECTION('',(-1.,-6.81185607359579E-16,0.));
#3491=DIRECTION('',(6.81185607359579E-16,-1.,0.));
#3492=DIRECTION('',(0.,0.,1.));
#3493=DIRECTION('',(0.,0.,1.));
#3494=DIRECTION('',(-0.935187216216636,0.354153738685586,0.));
#3495=DIRECTION('',(-0.354153738685586,-0.935187216216636,0.));
#3496=DIRECTION('',(0.,0.,1.));
#3497=DIRECTION('',(0.,0.,1.));
#3498=DIRECTION('',(1.,0.,0.));
#3499=DIRECTION('',(-6.10845789208316E-16,1.,0.));
#3500=DIRECTION('',(-1.,-6.10845789208316E-16,0.));
#3501=DIRECTION('',(0.,0.,1.));
#3502=DIRECTION('',(0.,0.,1.));
#3503=DIRECTION('',(1.,1.23938251838372E-16,0.));
#3504=DIRECTION('',(-1.23938251838372E-16,1.,0.));
#3505=DIRECTION('',(0.,0.,1.));
#3506=DIRECTION('',(0.,-1.,0.));
#3507=DIRECTION('',(0.,0.,-1.));
#3508=DIRECTION('',(0.,0.,1.));
#3509=DIRECTION('',(-1.,-9.87081017690257E-17,0.));
#3510=DIRECTION('',(9.87081017690257E-17,-1.,0.));
#3511=DIRECTION('',(0.,0.,1.));
#3512=DIRECTION('',(0.709510522722879,-0.704694840441952,0.));
#3513=DIRECTION('',(0.704694840441952,0.709510522722879,0.));
#3514=DIRECTION('',(0.,0.,1.));
#3515=DIRECTION('',(0.,-1.,0.));
#3516=DIRECTION('',(0.,0.,-1.));
#3517=DIRECTION('',(0.,0.,1.));
#3518=DIRECTION('',(-0.696735230307812,0.717328389824298,0.));
#3519=DIRECTION('',(-0.717328389824298,-0.696735230307812,0.));
#3520=DIRECTION('',(0.,0.,1.));
#3521=DIRECTION('',(-0.829803825565358,-0.558055204327579,0.));
#3522=DIRECTION('',(0.558055204327579,-0.829803825565358,0.));
#3523=DIRECTION('',(0.,0.,1.));
#3524=DIRECTION('',(0.,1.,0.));
#3525=DIRECTION('',(0.,0.,1.));
#3526=DIRECTION('',(0.,0.,1.));
#3527=DIRECTION('',(0.83550802173943,0.549478248531336,0.));
#3528=DIRECTION('',(-0.549478248531336,0.83550802173943,0.));
#3529=DIRECTION('',(0.,0.,1.));
#3530=DIRECTION('',(-0.695795215827014,0.718240222789172,0.));
#3531=DIRECTION('',(-0.718240222789172,-0.695795215827014,0.));
#3532=DIRECTION('',(0.,0.,1.));
#3533=DIRECTION('',(-1.,-6.51946781985677E-17,0.));
#3534=DIRECTION('',(6.51946781985677E-17,-1.,0.));
#3535=DIRECTION('',(0.,0.,1.));
#3536=DIRECTION('',(1.,0.,0.));
#3537=DIRECTION('',(0.,1.,0.));
#3538=DIRECTION('',(0.,0.,1.));
#3539=DIRECTION('',(0.,0.,1.));
#3540=DIRECTION('',(0.,0.,1.));
#3541=DIRECTION('',(1.,0.,0.));
#3542=DIRECTION('',(0.,0.,-1.));
#3543=DIRECTION('',(0.,0.,1.));
#3544=DIRECTION('',(0.,-1.,0.));
#3545=DIRECTION('',(0.,0.,-1.));
#3546=DIRECTION('',(0.,0.,1.));
#3547=DIRECTION('',(-1.,1.06536137643915E-15,0.));
#3548=DIRECTION('',(-1.06536137643915E-15,-1.,0.));
#3549=DIRECTION('',(0.,0.,1.));
#3550=DIRECTION('',(1.,0.,0.));
#3551=DIRECTION('',(-6.10845789208316E-16,1.,0.));
#3552=DIRECTION('',(-1.,-6.10845789208316E-16,0.));
#3553=DIRECTION('',(0.,0.,1.));
#3554=DIRECTION('',(0.,0.,1.));
#3555=DIRECTION('',(1.,2.06230504980423E-16,0.));
#3556=DIRECTION('',(-2.06230504980423E-16,1.,0.));
#3557=DIRECTION('',(0.,0.,1.));
#3558=DIRECTION('',(0.,-1.,0.));
#3559=DIRECTION('',(0.,0.,-1.));
#3560=DIRECTION('',(0.,0.,1.));
#3561=DIRECTION('',(-1.,-4.12461009960846E-16,0.));
#3562=DIRECTION('',(4.12461009960846E-16,-1.,0.));
#3563=DIRECTION('',(0.,0.,1.));
#3564=DIRECTION('',(1.,0.,0.));
#3565=DIRECTION('',(0.,1.,0.));
#3566=DIRECTION('',(0.,0.,1.));
#3567=DIRECTION('',(0.,0.,1.));
#3568=DIRECTION('',(0.,0.,1.));
#3569=DIRECTION('',(1.,4.12461009960846E-16,0.));
#3570=DIRECTION('',(-4.12461009960846E-16,1.,0.));
#3571=DIRECTION('',(0.,0.,1.));
#3572=DIRECTION('',(0.,-1.,0.));
#3573=DIRECTION('',(0.,0.,-1.));
#3574=DIRECTION('',(0.,0.,1.));
#3575=DIRECTION('',(-1.,1.45026613179782E-15,0.));
#3576=DIRECTION('',(-1.45026613179782E-15,-1.,0.));
#3577=DIRECTION('',(0.,0.,1.));
#3578=DIRECTION('',(0.,0.,1.));
#3579=DIRECTION('',(0.,1.,0.));
#3580=DIRECTION('',(0.,0.,1.));
#3581=DIRECTION('',(0.,0.,1.));
#3582=DIRECTION('',(0.,0.,1.));
#3583=DIRECTION('',(1.,0.,0.));
#3584=DIRECTION('',(0.,0.,1.));
#3585=DIRECTION('',(0.,0.,1.));
#3586=DIRECTION('',(-0.132163720091017,-0.991227900682635,0.));
#3587=DIRECTION('',(0.991227900682635,-0.132163720091017,0.));
#3588=DIRECTION('',(0.,0.,1.));
#3589=DIRECTION('',(0.,0.,1.));
#3590=DIRECTION('',(0.,0.,1.));
#3591=DIRECTION('',(1.,-6.71018657996003E-15,0.));
#3592=DIRECTION('',(6.71018657996003E-15,1.,0.));
#3593=DIRECTION('',(0.,0.,1.));
#3594=DIRECTION('',(6.77082079604408E-16,-1.,0.));
#3595=DIRECTION('',(1.,6.77082079604408E-16,0.));
#3596=DIRECTION('',(0.,0.,1.));
#3597=DIRECTION('',(1.,0.,0.));
#3598=DIRECTION('',(0.,0.,1.));
#3599=DIRECTION('',(1.,0.,0.));
#3600=CARTESIAN_POINT('',(0.,0.,0.));
#3601=CARTESIAN_POINT('',(2.55,1.1,0.649999999999999));
#3602=CARTESIAN_POINT('',(2.55,-1.1,0.649999999999999));
#3603=CARTESIAN_POINT('',(2.55,-1.1,0.649999999999999));
#3604=CARTESIAN_POINT('',(2.55,-1.1,-0.400000000000001));
#3605=CARTESIAN_POINT('',(2.55,1.1,0.649999999999999));
#3606=CARTESIAN_POINT('',(2.55,1.1,0.649999999999999));
#3607=CARTESIAN_POINT('',(2.55,1.1,0.649999999999999));
#3608=CARTESIAN_POINT('',(2.55,1.1,-0.400000000000001));
#3609=CARTESIAN_POINT('',(2.55,1.1,-0.400000000000001));
#3610=CARTESIAN_POINT('',(4.55,1.1,-0.400000000000001));
#3611=CARTESIAN_POINT('',(4.55,-1.1,-0.400000000000001));
#3612=CARTESIAN_POINT('',(4.55,-1.1,-0.400000000000001));
#3613=CARTESIAN_POINT('',(4.55,1.1,-0.400000000000001));
#3614=CARTESIAN_POINT('',(4.55,1.1,-0.400000000000001));
#3615=CARTESIAN_POINT('',(4.55,1.1,-0.400000000000001));
#3616=CARTESIAN_POINT('',(4.55,1.1,0.0999999999999987));
#3617=CARTESIAN_POINT('',(4.55,-1.1,0.0999999999999987));
#3618=CARTESIAN_POINT('',(5.05,-1.1,0.0999999999999987));
#3619=CARTESIAN_POINT('',(4.55,1.1,0.0999999999999987));
#3620=CARTESIAN_POINT('',(5.05,1.1,0.0999999999999987));
#3621=CARTESIAN_POINT('',(5.05,1.1,0.0999999999999987));
#3622=CARTESIAN_POINT('',(5.05,1.1,3.9));
#3623=CARTESIAN_POINT('',(5.05,-1.1,3.9));
#3624=CARTESIAN_POINT('',(5.05,-1.1,3.9));
#3625=CARTESIAN_POINT('',(5.05,1.1,3.9));
#3626=CARTESIAN_POINT('',(5.05,1.1,3.9));
#3627=CARTESIAN_POINT('',(5.05,1.1,3.9));
#3628=CARTESIAN_POINT('',(4.55,1.1,3.9));
#3629=CARTESIAN_POINT('',(4.55,-1.1,3.9));
#3630=CARTESIAN_POINT('',(4.55,-1.1,4.4));
#3631=CARTESIAN_POINT('',(4.55,1.1,3.9));
#3632=CARTESIAN_POINT('',(4.55,1.1,4.4));
#3633=CARTESIAN_POINT('',(4.55,1.1,4.4));
#3634=CARTESIAN_POINT('',(3.85,1.1,3.2));
#3635=CARTESIAN_POINT('',(3.85,-1.1,3.2));
#3636=CARTESIAN_POINT('',(3.85,-1.1,3.3));
#3637=CARTESIAN_POINT('',(3.95,-1.1,3.2));
#3638=CARTESIAN_POINT('',(3.85,1.1,3.3));
#3639=CARTESIAN_POINT('',(3.85,1.1,3.3));
#3640=CARTESIAN_POINT('',(3.85,1.1,3.2));
#3641=CARTESIAN_POINT('',(3.95,1.1,3.2));
#3642=CARTESIAN_POINT('',(3.95,1.1,3.2));
#3643=CARTESIAN_POINT('',(3.95,1.1,0.899999999999999));
#3644=CARTESIAN_POINT('',(3.95,-1.1,0.899999999999999));
#3645=CARTESIAN_POINT('',(3.95,-1.1,0.899999999999999));
#3646=CARTESIAN_POINT('',(3.95,1.1,0.899999999999999));
#3647=CARTESIAN_POINT('',(3.95,1.1,0.899999999999999));
#3648=CARTESIAN_POINT('',(3.95,1.1,0.899999999999999));
#3649=CARTESIAN_POINT('',(3.7,1.1,0.899999999999999));
#3650=CARTESIAN_POINT('',(3.7,-1.1,0.899999999999999));
#3651=CARTESIAN_POINT('',(3.7,-1.1,0.649999999999999));
#3652=CARTESIAN_POINT('',(3.7,1.1,0.899999999999999));
#3653=CARTESIAN_POINT('',(3.7,1.1,0.649999999999999));
#3654=CARTESIAN_POINT('',(3.7,1.1,0.649999999999999));
#3655=CARTESIAN_POINT('',(2.55,1.1,0.649999999999999));
#3656=CARTESIAN_POINT('',(2.55,-1.1,0.649999999999999));
#3657=CARTESIAN_POINT('',(2.55,1.1,0.649999999999999));
#3658=CARTESIAN_POINT('',(-3.7,1.1,0.899999999999999));
#3659=CARTESIAN_POINT('',(-3.7,-1.1,0.899999999999999));
#3660=CARTESIAN_POINT('',(-3.95,-1.1,0.899999999999999));
#3661=CARTESIAN_POINT('',(-3.7,-1.1,0.649999999999999));
#3662=CARTESIAN_POINT('',(-3.7,1.1,0.649999999999999));
#3663=CARTESIAN_POINT('',(-3.7,1.1,0.649999999999999));
#3664=CARTESIAN_POINT('',(-3.7,1.1,0.899999999999999));
#3665=CARTESIAN_POINT('',(-3.95,1.1,0.899999999999999));
#3666=CARTESIAN_POINT('',(-3.95,1.1,0.899999999999999));
#3667=CARTESIAN_POINT('',(-3.95,1.1,0.899999999999999));
#3668=CARTESIAN_POINT('',(-3.95,-1.1,0.899999999999999));
#3669=CARTESIAN_POINT('',(-3.95,-1.1,3.2));
#3670=CARTESIAN_POINT('',(-3.95,1.1,0.899999999999999));
#3671=CARTESIAN_POINT('',(-3.95,1.1,3.2));
#3672=CARTESIAN_POINT('',(-3.95,1.1,3.2));
#3673=CARTESIAN_POINT('',(-3.85,1.1,3.2));
#3674=CARTESIAN_POINT('',(-3.85,-1.1,3.2));
#3675=CARTESIAN_POINT('',(-3.85,-1.1,3.3));
#3676=CARTESIAN_POINT('',(-3.85,1.1,3.2));
#3677=CARTESIAN_POINT('',(-3.85,1.1,3.3));
#3678=CARTESIAN_POINT('',(-3.85,1.1,3.3));
#3679=CARTESIAN_POINT('',(-4.55,1.1,3.9));
#3680=CARTESIAN_POINT('',(-4.55,-1.1,3.9));
#3681=CARTESIAN_POINT('',(-5.05,-1.1,3.9));
#3682=CARTESIAN_POINT('',(-4.55,-1.1,4.4));
#3683=CARTESIAN_POINT('',(-4.55,1.1,4.4));
#3684=CARTESIAN_POINT('',(-4.55,1.1,4.4));
#3685=CARTESIAN_POINT('',(-4.55,1.1,3.9));
#3686=CARTESIAN_POINT('',(-5.05,1.1,3.9));
#3687=CARTESIAN_POINT('',(-5.05,1.1,3.9));
#3688=CARTESIAN_POINT('',(-5.05,1.1,3.9));
#3689=CARTESIAN_POINT('',(-5.05,-1.1,3.9));
#3690=CARTESIAN_POINT('',(-5.05,-1.1,0.0999999999999987));
#3691=CARTESIAN_POINT('',(-5.05,1.1,3.9));
#3692=CARTESIAN_POINT('',(-5.05,1.1,0.0999999999999987));
#3693=CARTESIAN_POINT('',(-5.05,1.1,0.0999999999999987));
#3694=CARTESIAN_POINT('',(-4.55,1.1,0.0999999999999987));
#3695=CARTESIAN_POINT('',(-4.55,-1.1,0.0999999999999987));
#3696=CARTESIAN_POINT('',(-4.55,-1.1,-0.400000000000001));
#3697=CARTESIAN_POINT('',(-4.55,1.1,0.0999999999999987));
#3698=CARTESIAN_POINT('',(-4.55,1.1,-0.400000000000001));
#3699=CARTESIAN_POINT('',(-4.55,1.1,-0.400000000000001));
#3700=CARTESIAN_POINT('',(-4.55,1.1,-0.400000000000001));
#3701=CARTESIAN_POINT('',(-4.55,-1.1,-0.400000000000001));
#3702=CARTESIAN_POINT('',(-2.55,-1.1,-0.400000000000001));
#3703=CARTESIAN_POINT('',(-4.55,1.1,-0.400000000000001));
#3704=CARTESIAN_POINT('',(-2.55,1.1,-0.400000000000001));
#3705=CARTESIAN_POINT('',(-2.55,1.1,-0.400000000000001));
#3706=CARTESIAN_POINT('',(-2.55,1.1,0.649999999999999));
#3707=CARTESIAN_POINT('',(-2.55,-1.1,0.649999999999999));
#3708=CARTESIAN_POINT('',(-2.55,-1.1,0.649999999999999));
#3709=CARTESIAN_POINT('',(-2.55,1.1,0.649999999999999));
#3710=CARTESIAN_POINT('',(-2.55,1.1,0.649999999999999));
#3711=CARTESIAN_POINT('',(-2.55,1.1,0.649999999999999));
#3712=CARTESIAN_POINT('',(-2.55,1.1,0.649999999999999));
#3713=CARTESIAN_POINT('',(-2.55,-1.1,0.649999999999999));
#3714=CARTESIAN_POINT('',(-2.55,1.1,0.649999999999999));
#3715=CARTESIAN_POINT('',(3.7,1.1,4.4));
#3716=CARTESIAN_POINT('',(3.7,-1.1,4.4));
#3717=CARTESIAN_POINT('',(3.7,-1.1,4.4));
#3718=CARTESIAN_POINT('',(3.7,1.1,4.4));
#3719=CARTESIAN_POINT('',(3.7,1.1,4.4));
#3720=CARTESIAN_POINT('',(3.7,1.1,4.4));
#3721=CARTESIAN_POINT('',(4.55,-1.1,0.0999999999999987));
#3722=CARTESIAN_POINT('',(3.7,-1.1,4.4));
#3723=CARTESIAN_POINT('',(3.7,-1.1,3.3));
#3724=CARTESIAN_POINT('',(3.85,-1.1,3.3));
#3725=CARTESIAN_POINT('',(3.85,1.1,3.3));
#3726=CARTESIAN_POINT('',(3.7,1.1,3.3));
#3727=CARTESIAN_POINT('',(3.7,1.1,3.3));
#3728=CARTESIAN_POINT('',(3.85,1.1,3.3));
#3729=CARTESIAN_POINT('',(4.55,1.1,0.0999999999999987));
#3730=CARTESIAN_POINT('',(3.7,1.1,4.4));
#3731=CARTESIAN_POINT('',(-1.85,-4.05,-5.14351655641888E-16));
#3732=CARTESIAN_POINT('',(-1.85,4.05,-5.14351655641888E-16));
#3733=CARTESIAN_POINT('',(-1.85,4.05,-5.14351655641888E-16));
#3734=CARTESIAN_POINT('',(-1.85,4.05,0.699999999999999));
#3735=CARTESIAN_POINT('',(-1.85,-4.05,-5.14351655641888E-16));
#3736=CARTESIAN_POINT('',(-1.85,-4.05,-5.14351655641888E-16));
#3737=CARTESIAN_POINT('',(-1.85,-4.05,-5.14351655641888E-16));
#3738=CARTESIAN_POINT('',(-1.85,-4.05,0.699999999999999));
#3739=CARTESIAN_POINT('',(-1.85,-4.05,0.699999999999999));
#3740=CARTESIAN_POINT('',(1.85,-4.05,-5.14351655641888E-16));
#3741=CARTESIAN_POINT('',(1.85,4.05,-5.14351655641888E-16));
#3742=CARTESIAN_POINT('',(1.85,4.05,-5.14351655641888E-16));
#3743=CARTESIAN_POINT('',(1.85,-4.05,-5.14351655641888E-16));
#3744=CARTESIAN_POINT('',(1.85,-4.05,-5.14351655641888E-16));
#3745=CARTESIAN_POINT('',(1.85,-4.05,-5.14351655641888E-16));
#3746=CARTESIAN_POINT('',(1.85,-4.05,-5.14351655641888E-16));
#3747=CARTESIAN_POINT('',(1.85,4.05,-5.14351655641888E-16));
#3748=CARTESIAN_POINT('',(1.85,4.05,0.699999999999999));
#3749=CARTESIAN_POINT('',(1.85,-4.05,0.699999999999999));
#3750=CARTESIAN_POINT('',(1.85,-4.05,0.699999999999999));
#3751=CARTESIAN_POINT('',(1.85,-4.05,-5.14351655641888E-16));
#3752=CARTESIAN_POINT('',(-3.85,1.1,3.3));
#3753=CARTESIAN_POINT('',(-3.85,-1.1,3.3));
#3754=CARTESIAN_POINT('',(-3.7,-1.1,3.3));
#3755=CARTESIAN_POINT('',(-3.85,1.1,3.3));
#3756=CARTESIAN_POINT('',(-3.7,1.1,3.3));
#3757=CARTESIAN_POINT('',(-3.7,1.1,3.3));
#3758=CARTESIAN_POINT('',(-4.55,-1.1,0.0999999999999987));
#3759=CARTESIAN_POINT('',(-3.7,-1.1,4.4));
#3760=CARTESIAN_POINT('',(-3.7,-1.1,4.4));
#3761=CARTESIAN_POINT('',(-3.7,-1.1,4.4));
#3762=CARTESIAN_POINT('',(-3.7,1.1,4.4));
#3763=CARTESIAN_POINT('',(-3.7,1.1,4.4));
#3764=CARTESIAN_POINT('',(-3.7,1.1,4.4));
#3765=CARTESIAN_POINT('',(-3.7,1.1,4.4));
#3766=CARTESIAN_POINT('',(-4.55,1.1,0.0999999999999987));
#3767=CARTESIAN_POINT('',(-3.7,1.1,4.4));
#3768=CARTESIAN_POINT('',(-1.85,-4.05,0.699999999999999));
#3769=CARTESIAN_POINT('',(-5.1,-1.15,0.699999999999999));
#3770=CARTESIAN_POINT('',(-5.1,-1.15,0.699999999999999));
#3771=CARTESIAN_POINT('',(-3.7,-1.15,0.699999999999999));
#3772=CARTESIAN_POINT('',(-3.7,-1.15,0.699999999999999));
#3773=CARTESIAN_POINT('',(-3.7,1.15,0.699999999999999));
#3774=CARTESIAN_POINT('',(-5.1,1.15,0.699999999999999));
#3775=CARTESIAN_POINT('',(-5.1,1.15,0.699999999999999));
#3776=CARTESIAN_POINT('',(-5.1,-4.05,0.699999999999999));
#3777=CARTESIAN_POINT('',(-5.1,4.05,0.699999999999999));
#3778=CARTESIAN_POINT('',(-1.85,4.05,0.699999999999999));
#3779=CARTESIAN_POINT('',(-1.85,-4.05,0.699999999999999));
#3780=CARTESIAN_POINT('',(-5.1,-4.05,0.699999999999999));
#3781=CARTESIAN_POINT('',(-5.1,-4.05,0.699999999999999));
#3782=CARTESIAN_POINT('',(1.85,-4.05,0.699999999999999));
#3783=CARTESIAN_POINT('',(3.7,-1.15,0.699999999999999));
#3784=CARTESIAN_POINT('',(3.7,-1.15,0.699999999999999));
#3785=CARTESIAN_POINT('',(3.7,1.15,0.699999999999999));
#3786=CARTESIAN_POINT('',(5.1,-1.15,0.699999999999999));
#3787=CARTESIAN_POINT('',(5.1,-1.15,0.699999999999999));
#3788=CARTESIAN_POINT('',(5.1,-4.05,0.699999999999998));
#3789=CARTESIAN_POINT('',(5.1,-4.05,0.699999999999998));
#3790=CARTESIAN_POINT('',(1.85,-4.05,0.699999999999999));
#3791=CARTESIAN_POINT('',(1.85,4.05,0.699999999999999));
#3792=CARTESIAN_POINT('',(5.1,4.05,0.699999999999998));
#3793=CARTESIAN_POINT('',(5.1,-4.05,0.699999999999998));
#3794=CARTESIAN_POINT('',(5.1,1.15,0.699999999999999));
#3795=CARTESIAN_POINT('',(5.1,1.15,0.699999999999999));
#3796=CARTESIAN_POINT('',(0.,1.15,0.));
#3797=CARTESIAN_POINT('',(6.24883110941939E-16,1.15,4.899));
#3798=CARTESIAN_POINT('',(3.7,1.15,4.899));
#3799=CARTESIAN_POINT('',(5.1,1.15,4.899));
#3800=CARTESIAN_POINT('',(3.7,1.15,0.699999999999999));
#3801=CARTESIAN_POINT('',(5.1,1.15,4.9));
#3802=CARTESIAN_POINT('',(0.,4.05,0.));
#3803=CARTESIAN_POINT('',(-5.1,4.05,0.699999999999999));
#3804=CARTESIAN_POINT('',(-5.1,4.05,4.899));
#3805=CARTESIAN_POINT('',(-5.1,4.05,4.899));
#3806=CARTESIAN_POINT('',(5.1,4.05,4.899));
#3807=CARTESIAN_POINT('',(5.1,4.05,7.6));
#3808=CARTESIAN_POINT('',(0.,1.15,0.));
#3809=CARTESIAN_POINT('',(-3.7,1.15,0.699999999999999));
#3810=CARTESIAN_POINT('',(-3.7,1.15,4.899));
#3811=CARTESIAN_POINT('',(6.24883110941939E-16,1.15,4.899));
#3812=CARTESIAN_POINT('',(-5.1,1.15,4.899));
#3813=CARTESIAN_POINT('',(-5.1,1.15,4.9));
#3814=CARTESIAN_POINT('',(0.,-1.15,0.));
#3815=CARTESIAN_POINT('',(6.24883110941939E-16,-1.15,4.899));
#3816=CARTESIAN_POINT('',(-3.7,-1.15,4.899));
#3817=CARTESIAN_POINT('',(-5.1,-1.15,4.899));
#3818=CARTESIAN_POINT('',(-3.7,-1.15,0.699999999999999));
#3819=CARTESIAN_POINT('',(-5.1,-1.15,4.9));
#3820=CARTESIAN_POINT('',(-3.7,-1.15,0.699999999999999));
#3821=CARTESIAN_POINT('',(-3.7,-1.15,4.899));
#3822=CARTESIAN_POINT('',(-5.1,-4.05,0.699999999999999));
#3823=CARTESIAN_POINT('',(-5.1,-4.05,4.899));
#3824=CARTESIAN_POINT('',(0.,-4.05,0.));
#3825=CARTESIAN_POINT('',(-5.1,-4.05,4.899));
#3826=CARTESIAN_POINT('',(-5.1,-4.05,4.899));
#3827=CARTESIAN_POINT('',(5.1,-4.05,4.899));
#3828=CARTESIAN_POINT('',(-5.1,-4.05,0.699999999999999));
#3829=CARTESIAN_POINT('',(5.1,-4.05,7.6));
#3830=CARTESIAN_POINT('',(-5.1,-4.05,0.699999999999999));
#3831=CARTESIAN_POINT('',(-5.1,-4.05,4.899));
#3832=CARTESIAN_POINT('',(0.,-1.15,0.));
#3833=CARTESIAN_POINT('',(3.7,-1.15,0.699999999999999));
#3834=CARTESIAN_POINT('',(3.7,-1.15,4.899));
#3835=CARTESIAN_POINT('',(6.24883110941939E-16,-1.15,4.899));
#3836=CARTESIAN_POINT('',(5.1,-1.15,4.899));
#3837=CARTESIAN_POINT('',(5.1,-1.15,4.9));
#3838=CARTESIAN_POINT('',(5.1,-4.05,7.6));
#3839=CARTESIAN_POINT('',(5.1,-4.05,4.899));
#3840=CARTESIAN_POINT('',(5.1,-4.05,7.6));
#3841=CARTESIAN_POINT('',(5.1,-4.05,4.899));
#3842=CARTESIAN_POINT('',(3.7,-1.15,0.699999999999999));
#3843=CARTESIAN_POINT('',(3.7,-1.15,4.899));
#3844=CARTESIAN_POINT('',(-5.1,-4.05,4.899));
#3845=CARTESIAN_POINT('',(5.1,-4.05,7.6));
#3846=CARTESIAN_POINT('',(5.1,-4.05,7.6));
#3847=CARTESIAN_POINT('',(5.1,-4.05,7.6));
#3848=CARTESIAN_POINT('',(5.1,-4.05,4.9));
#3849=CARTESIAN_POINT('',(5.1,-1.15,4.9));
#3850=CARTESIAN_POINT('',(5.1,4.05,4.9));
#3851=CARTESIAN_POINT('',(5.1,4.05,7.6));
#3852=CARTESIAN_POINT('',(5.1,4.05,7.6));
#3853=CARTESIAN_POINT('',(5.1,-4.05,7.6));
#3854=CARTESIAN_POINT('',(-5.1,-4.05,0.699999999999999));
#3855=CARTESIAN_POINT('',(-5.1,4.05,0.699999999999999));
#3856=CARTESIAN_POINT('',(-5.1,4.05,4.9));
#3857=CARTESIAN_POINT('',(-5.1,4.05,7.6));
#3858=CARTESIAN_POINT('',(-5.1,-1.15,4.9));
#3859=CARTESIAN_POINT('',(-5.1,-4.05,4.9));
#3860=CARTESIAN_POINT('',(-5.1,-4.05,0.699999999999999));
#3861=CARTESIAN_POINT('',(-5.1,-4.05,7.6));
#3862=CARTESIAN_POINT('',(-5.1,-4.05,7.6));
#3863=CARTESIAN_POINT('',(0.,-4.05,0.));
#3864=CARTESIAN_POINT('',(5.1,-4.05,4.9));
#3865=CARTESIAN_POINT('',(-5.1,-4.05,7.6));
#3866=CARTESIAN_POINT('',(0.,4.05,0.));
#3867=CARTESIAN_POINT('',(5.1,4.05,4.9));
#3868=CARTESIAN_POINT('',(-5.1,4.05,7.6));
#3869=CARTESIAN_POINT('',(-5.1,-4.05,7.6));
#3870=CARTESIAN_POINT('',(2.1491961414791,-0.511736334405144,7.6));
#3871=CARTESIAN_POINT('',(2.1491961414791,-0.298231511254019,7.6));
#3872=CARTESIAN_POINT('',(2.1491961414791,-0.0847266881028936,7.6));
#3873=CARTESIAN_POINT('',(2.1491961414791,0.128778135048232,7.6));
#3874=CARTESIAN_POINT('',(2.1491961414791,0.201125401929261,7.6));
#3875=CARTESIAN_POINT('',(2.14244372990354,0.255144694533762,7.6));
#3876=CARTESIAN_POINT('',(2.12893890675241,0.291800643086817,7.6));
#3877=CARTESIAN_POINT('',(2.1156317151596,0.327920163124461,7.6));
#3878=CARTESIAN_POINT('',(2.0903536977492,0.356430868167203,7.6));
#3879=CARTESIAN_POINT('',(2.01897106109325,0.39887459807074,7.6));
#3880=CARTESIAN_POINT('',(1.97749196141479,0.409485530546624,7.6));
#3881=CARTESIAN_POINT('',(1.92926045016077,0.410450160771704,7.6));
#3882=CARTESIAN_POINT('',(1.85310441739703,0.411973281426979,7.6));
#3883=CARTESIAN_POINT('',(1.78745980707396,0.385369774919614,7.6));
#3884=CARTESIAN_POINT('',(1.67749196141479,0.288906752411576,7.6));
#3885=CARTESIAN_POINT('',(1.64951768488746,0.197266881028939,7.6));
#3886=CARTESIAN_POINT('',(1.64951768488746,0.0631832797427655,7.6));
#3887=CARTESIAN_POINT('',(1.64951768488746,-0.128456591639871,7.6));
#3888=CARTESIAN_POINT('',(1.64951768488746,-0.320096463022508,7.6));
#3889=CARTESIAN_POINT('',(1.64951768488746,-0.511736334405144,7.6));
#3890=CARTESIAN_POINT('',(2.1491961414791,-0.511736334405144,7.6));
#3891=CARTESIAN_POINT('',(1.64951768488746,-0.511736334405144,7.6));
#3892=CARTESIAN_POINT('',(1.64951768488746,-0.511736334405144,7.6));
#3893=CARTESIAN_POINT('',(1.5903536977492,-0.511736334405144,7.6));
#3894=CARTESIAN_POINT('',(1.53118971061093,-0.511736334405144,7.6));
#3895=CARTESIAN_POINT('',(1.47202572347267,-0.511736334405144,7.6));
#3896=CARTESIAN_POINT('',(1.47202572347267,-0.511736334405144,7.6));
#3897=CARTESIAN_POINT('',(1.47202572347267,-0.511736334405144,7.6));
#3898=CARTESIAN_POINT('',(1.47202572347267,-0.161254019292604,7.6));
#3899=CARTESIAN_POINT('',(1.47202572347267,0.189228295819936,7.6));
#3900=CARTESIAN_POINT('',(1.47202572347267,0.539710610932476,7.6));
#3901=CARTESIAN_POINT('',(1.47202572347267,0.539710610932476,7.6));
#3902=CARTESIAN_POINT('',(1.47202572347267,0.539710610932476,7.6));
#3903=CARTESIAN_POINT('',(1.52540192926045,0.539710610932476,7.6));
#3904=CARTESIAN_POINT('',(1.57877813504823,0.539710610932476,7.6));
#3905=CARTESIAN_POINT('',(1.63215434083601,0.539710610932476,7.6));
#3906=CARTESIAN_POINT('',(1.63215434083601,0.539710610932476,7.6));
#3907=CARTESIAN_POINT('',(1.63215434083601,0.539710610932476,7.6));
#3908=CARTESIAN_POINT('',(1.63215434083601,0.489871382636656,7.6));
#3909=CARTESIAN_POINT('',(1.63215434083601,0.440032154340836,7.6));
#3910=CARTESIAN_POINT('',(1.63215434083601,0.390192926045016,7.6));
#3911=CARTESIAN_POINT('',(1.63215434083601,0.390192926045016,7.6));
#3912=CARTESIAN_POINT('',(1.63215434083601,0.390192926045016,7.6));
#3913=CARTESIAN_POINT('',(1.70932475884244,0.504983922829582,7.6));
#3914=CARTESIAN_POINT('',(1.82122186495177,0.562861736334405,7.6));
#3915=CARTESIAN_POINT('',(2.03054662379421,0.562861736334405,7.6));
#3916=CARTESIAN_POINT('',(2.08842443729904,0.551286173633441,7.6));
#3917=CARTESIAN_POINT('',(2.14147909967846,0.529099678456592,7.6));
#3918=CARTESIAN_POINT('',(2.1948771096197,0.50676960157207,7.6));
#3919=CARTESIAN_POINT('',(2.23504823151125,0.476045016077171,7.6));
#3920=CARTESIAN_POINT('',(2.26109324758842,0.439389067524116,7.6));
#3921=CARTESIAN_POINT('',(2.28759372183906,0.402092103763966,7.6));
#3922=CARTESIAN_POINT('',(2.3064308681672,0.358360128617364,7.6));
#3923=CARTESIAN_POINT('',(2.31607717041801,0.307234726688103,7.6));
#3924=CARTESIAN_POINT('',(2.32228475990357,0.274334502414616,7.6));
#3925=CARTESIAN_POINT('',(2.32668810289389,0.216559485530547,7.6));
#3926=CARTESIAN_POINT('',(2.32668810289389,0.134565916398714,7.6));
#3927=CARTESIAN_POINT('',(2.32668810289389,-0.080868167202572,7.6));
#3928=CARTESIAN_POINT('',(2.32668810289389,-0.296302250803858,7.6));
#3929=CARTESIAN_POINT('',(2.32668810289389,-0.511736334405144,7.6));
#3930=CARTESIAN_POINT('',(2.32668810289389,-0.511736334405144,7.6));
#3931=CARTESIAN_POINT('',(2.32668810289389,-0.511736334405144,7.6));
#3932=CARTESIAN_POINT('',(2.26752411575563,-0.511736334405144,7.6));
#3933=CARTESIAN_POINT('',(2.20836012861736,-0.511736334405144,7.6));
#3934=CARTESIAN_POINT('',(2.1491961414791,-0.511736334405144,7.6));
#3935=CARTESIAN_POINT('',(1.20385852090032,0.937138263665595,7.6));
#3936=CARTESIAN_POINT('',(1.20385852090032,0.733601286173634,7.6));
#3937=CARTESIAN_POINT('',(1.20385852090032,0.937138263665595,7.6));
#3938=CARTESIAN_POINT('',(1.20385852090032,0.733601286173634,7.6));
#3939=CARTESIAN_POINT('',(1.20385852090032,0.733601286173634,7.6));
#3940=CARTESIAN_POINT('',(1.02636655948553,0.733601286173634,7.6));
#3941=CARTESIAN_POINT('',(1.02636655948553,0.733601286173634,7.6));
#3942=CARTESIAN_POINT('',(1.02636655948553,0.733601286173634,7.6));
#3943=CARTESIAN_POINT('',(1.02636655948553,0.937138263665595,7.6));
#3944=CARTESIAN_POINT('',(1.02636655948553,0.937138263665595,7.6));
#3945=CARTESIAN_POINT('',(1.02636655948553,0.937138263665595,7.6));
#3946=CARTESIAN_POINT('',(1.20385852090032,0.937138263665595,7.6));
#3947=CARTESIAN_POINT('',(-0.162057877813505,0.342926045016077,7.6));
#3948=CARTESIAN_POINT('',(-0.204501607717042,0.367041800643087,7.6));
#3949=CARTESIAN_POINT('',(-0.247909967845659,0.379581993569132,7.6));
#3950=CARTESIAN_POINT('',(-0.327974276527331,0.379581993569132,7.6));
#3951=CARTESIAN_POINT('',(-0.362700964630226,0.368006430868167,7.6));
#3952=CARTESIAN_POINT('',(-0.392604501607717,0.343890675241158,7.6));
#3953=CARTESIAN_POINT('',(-0.422621166720055,0.319683687247337,7.6));
#3954=CARTESIAN_POINT('',(-0.444694533762058,0.287942122186495,7.6));
#3955=CARTESIAN_POINT('',(-0.458199356913184,0.246463022508039,7.6));
#3956=CARTESIAN_POINT('',(-0.478790084827711,0.183220072484847,7.6));
#3957=CARTESIAN_POINT('',(-0.488102893890676,0.113344051446945,7.6));
#3958=CARTESIAN_POINT('',(-0.488102893890676,0.0381028938906751,7.6));
#3959=CARTESIAN_POINT('',(-0.488102893890676,-0.145176848874598,7.6));
#3960=CARTESIAN_POINT('',(-0.488102893890676,-0.328456591639871,7.6));
#3961=CARTESIAN_POINT('',(-0.488102893890676,-0.511736334405145,7.6));
#3962=CARTESIAN_POINT('',(-0.162057877813505,0.342926045016077,7.6));
#3963=CARTESIAN_POINT('',(-0.488102893890676,-0.511736334405145,7.6));
#3964=CARTESIAN_POINT('',(-0.488102893890676,-0.511736334405145,7.6));
#3965=CARTESIAN_POINT('',(-0.54694533762058,-0.511736334405145,7.6));
#3966=CARTESIAN_POINT('',(-0.605787781350483,-0.511736334405145,7.6));
#3967=CARTESIAN_POINT('',(-0.664630225080386,-0.511736334405145,7.6));
#3968=CARTESIAN_POINT('',(-0.664630225080386,-0.511736334405145,7.6));
#3969=CARTESIAN_POINT('',(-0.664630225080386,-0.511736334405145,7.6));
#3970=CARTESIAN_POINT('',(-0.664630225080386,-0.161254019292605,7.6));
#3971=CARTESIAN_POINT('',(-0.664630225080387,0.189228295819936,7.6));
#3972=CARTESIAN_POINT('',(-0.664630225080387,0.539710610932476,7.6));
#3973=CARTESIAN_POINT('',(-0.664630225080387,0.539710610932476,7.6));
#3974=CARTESIAN_POINT('',(-0.664630225080387,0.539710610932476,7.6));
#3975=CARTESIAN_POINT('',(-0.611254019292605,0.539710610932476,7.6));
#3976=CARTESIAN_POINT('',(-0.557877813504824,0.539710610932476,7.6));
#3977=CARTESIAN_POINT('',(-0.504501607717042,0.539710610932476,7.6));
#3978=CARTESIAN_POINT('',(-0.504501607717042,0.539710610932476,7.6));
#3979=CARTESIAN_POINT('',(-0.504501607717042,0.539710610932476,7.6));
#3980=CARTESIAN_POINT('',(-0.504501607717042,0.486655948553055,7.6));
#3981=CARTESIAN_POINT('',(-0.504501607717042,0.433601286173633,7.6));
#3982=CARTESIAN_POINT('',(-0.504501607717042,0.380546623794212,7.6));
#3983=CARTESIAN_POINT('',(-0.504501607717042,0.380546623794212,7.6));
#3984=CARTESIAN_POINT('',(-0.504501607717042,0.380546623794212,7.6));
#3985=CARTESIAN_POINT('',(-0.463987138263666,0.454823151125402,7.6));
#3986=CARTESIAN_POINT('',(-0.427331189710612,0.504019292604502,7.6));
#3987=CARTESIAN_POINT('',(-0.393569131832798,0.527170418006431,7.6));
#3988=CARTESIAN_POINT('',(-0.358701043186083,0.551079964507035,7.6));
#3989=CARTESIAN_POINT('',(-0.321221864951769,0.562861736334405,7.6));
#3990=CARTESIAN_POINT('',(-0.220900321543408,0.562861736334405,7.6));
#3991=CARTESIAN_POINT('',(-0.161093247588425,0.543569131832797,7.6));
#3992=CARTESIAN_POINT('',(-0.100321543408361,0.505948553054662,7.6));
#3993=CARTESIAN_POINT('',(-0.100321543408361,0.505948553054662,7.6));
#3994=CARTESIAN_POINT('',(-0.100321543408361,0.505948553054662,7.6));
#3995=CARTESIAN_POINT('',(-0.120900321543409,0.451607717041801,7.6));
#3996=CARTESIAN_POINT('',(-0.141479099678457,0.397266881028939,7.6));
#3997=CARTESIAN_POINT('',(-0.162057877813505,0.342926045016077,7.6));
#3998=CARTESIAN_POINT('',(-3.27491961414791,0.722990353697749,7.6));
#3999=CARTESIAN_POINT('',(-3.27491961414791,0.311414790996784,7.6));
#4000=CARTESIAN_POINT('',(-3.27491961414791,-0.100160771704181,7.6));
#4001=CARTESIAN_POINT('',(-3.27491961414791,-0.511736334405145,7.6));
#4002=CARTESIAN_POINT('',(-3.27491961414791,0.722990353697749,7.6));
#4003=CARTESIAN_POINT('',(-3.27491961414791,-0.511736334405145,7.6));
#4004=CARTESIAN_POINT('',(-3.27491961414791,-0.511736334405145,7.6));
#4005=CARTESIAN_POINT('',(-3.33601286173633,-0.511736334405145,7.6));
#4006=CARTESIAN_POINT('',(-3.39710610932476,-0.511736334405145,7.6));
#4007=CARTESIAN_POINT('',(-3.45819935691318,-0.511736334405145,7.6));
#4008=CARTESIAN_POINT('',(-3.45819935691318,-0.511736334405145,7.6));
#4009=CARTESIAN_POINT('',(-3.45819935691318,-0.511736334405145,7.6));
#4010=CARTESIAN_POINT('',(-3.45819935691318,-0.0287781350482319,7.6));
#4011=CARTESIAN_POINT('',(-3.45819935691318,0.454180064308681,7.6));
#4012=CARTESIAN_POINT('',(-3.45819935691318,0.937138263665594,7.6));
#4013=CARTESIAN_POINT('',(-3.45819935691318,0.937138263665594,7.6));
#4014=CARTESIAN_POINT('',(-3.45819935691318,0.937138263665594,7.6));
#4015=CARTESIAN_POINT('',(-3.36302250803858,0.937138263665595,7.6));
#4016=CARTESIAN_POINT('',(-3.26784565916399,0.937138263665594,7.6));
#4017=CARTESIAN_POINT('',(-3.17266881028939,0.937138263665595,7.6));
#4018=CARTESIAN_POINT('',(-3.17266881028939,0.937138263665595,7.6));
#4019=CARTESIAN_POINT('',(-3.17266881028939,0.937138263665595,7.6));
#4020=CARTESIAN_POINT('',(-3.05787781350482,0.595337620578778,7.6));
#4021=CARTESIAN_POINT('',(-2.94308681672026,0.253536977491961,7.6));
#4022=CARTESIAN_POINT('',(-2.82829581993569,-0.0882636655948557,7.6));
#4023=CARTESIAN_POINT('',(-2.79595660809527,-0.184556612895597,7.6));
#4024=CARTESIAN_POINT('',(-2.77331189710611,-0.256109324758843,7.6));
#4025=CARTESIAN_POINT('',(-2.7588424437299,-0.303376205787782,7.6));
#4026=CARTESIAN_POINT('',(-2.7588424437299,-0.303376205787782,7.6));
#4027=CARTESIAN_POINT('',(-2.7588424437299,-0.303376205787782,7.6));
#4028=CARTESIAN_POINT('',(-2.74244372990354,-0.25032154340836,7.6));
#4029=CARTESIAN_POINT('',(-2.71639871382637,-0.17315112540193,7.6));
#4030=CARTESIAN_POINT('',(-2.68167202572347,-0.0709003215434086,7.6));
#4031=CARTESIAN_POINT('',(-2.56728529305813,0.265905057971208,7.6));
#4032=CARTESIAN_POINT('',(-2.44823151125402,0.60112540192926,7.6));
#4033=CARTESIAN_POINT('',(-2.33151125401929,0.937138263665595,7.6));
#4034=CARTESIAN_POINT('',(-2.33151125401929,0.937138263665595,7.6));
#4035=CARTESIAN_POINT('',(-2.33151125401929,0.937138263665595,7.6));
#4036=CARTESIAN_POINT('',(-2.24662379421222,0.937138263665594,7.6));
#4037=CARTESIAN_POINT('',(-2.16173633440514,0.937138263665595,7.6));
#4038=CARTESIAN_POINT('',(-2.07684887459807,0.937138263665595,7.6));
#4039=CARTESIAN_POINT('',(-2.07684887459807,0.937138263665595,7.6));
#4040=CARTESIAN_POINT('',(-2.07684887459807,0.937138263665595,7.6));
#4041=CARTESIAN_POINT('',(-2.07684887459807,0.454180064308682,7.6));
#4042=CARTESIAN_POINT('',(-2.07684887459807,-0.0287781350482317,7.6));
#4043=CARTESIAN_POINT('',(-2.07684887459807,-0.511736334405145,7.6));
#4044=CARTESIAN_POINT('',(-2.07684887459807,-0.511736334405145,7.6));
#4045=CARTESIAN_POINT('',(-2.07684887459807,-0.511736334405145,7.6));
#4046=CARTESIAN_POINT('',(-2.13826366559486,-0.511736334405145,7.6));
#4047=CARTESIAN_POINT('',(-2.19967845659164,-0.511736334405145,7.6));
#4048=CARTESIAN_POINT('',(-2.26109324758842,-0.511736334405145,7.6));
#4049=CARTESIAN_POINT('',(-2.26109324758842,-0.511736334405145,7.6));
#4050=CARTESIAN_POINT('',(-2.26109324758842,-0.511736334405145,7.6));
#4051=CARTESIAN_POINT('',(-2.26109324758842,-0.106913183279743,7.6));
#4052=CARTESIAN_POINT('',(-2.26109324758842,0.297909967845659,7.6));
#4053=CARTESIAN_POINT('',(-2.26109324758842,0.702733118971061,7.6));
#4054=CARTESIAN_POINT('',(-2.26109324758842,0.702733118971061,7.6));
#4055=CARTESIAN_POINT('',(-2.26109324758842,0.702733118971061,7.6));
#4056=CARTESIAN_POINT('',(-2.40289389067524,0.297909967845659,7.6));
#4057=CARTESIAN_POINT('',(-2.54469453376206,-0.106913183279743,7.6));
#4058=CARTESIAN_POINT('',(-2.68649517684887,-0.511736334405145,7.6));
#4059=CARTESIAN_POINT('',(-2.68649517684887,-0.511736334405145,7.6));
#4060=CARTESIAN_POINT('',(-2.68649517684887,-0.511736334405145,7.6));
#4061=CARTESIAN_POINT('',(-2.74308681672026,-0.511736334405145,7.6));
#4062=CARTESIAN_POINT('',(-2.79967845659164,-0.511736334405145,7.6));
#4063=CARTESIAN_POINT('',(-2.85627009646302,-0.511736334405145,7.6));
#4064=CARTESIAN_POINT('',(-2.85627009646302,-0.511736334405145,7.6));
#4065=CARTESIAN_POINT('',(-2.85627009646302,-0.511736334405145,7.6));
#4066=CARTESIAN_POINT('',(-2.99581993569132,-0.10016077170418,7.6));
#4067=CARTESIAN_POINT('',(-3.13536977491961,0.311414790996784,7.6));
#4068=CARTESIAN_POINT('',(-3.27491961414791,0.722990353697749,7.6));
#4069=CARTESIAN_POINT('',(-0.882636655948554,-0.511736334405145,7.6));
#4070=CARTESIAN_POINT('',(-0.943729903536978,-0.511736334405145,7.6));
#4071=CARTESIAN_POINT('',(-1.0048231511254,-0.511736334405145,7.6));
#4072=CARTESIAN_POINT('',(-1.06591639871383,-0.511736334405145,7.6));
#4073=CARTESIAN_POINT('',(-0.882636655948554,-0.511736334405145,7.6));
#4074=CARTESIAN_POINT('',(-1.06591639871383,-0.511736334405145,7.6));
#4075=CARTESIAN_POINT('',(-1.06591639871383,-0.511736334405145,7.6));
#4076=CARTESIAN_POINT('',(-1.08520900321543,-0.47508038585209,7.6));
#4077=CARTESIAN_POINT('',(-1.09774919614148,-0.430707395498392,7.6));
#4078=CARTESIAN_POINT('',(-1.10353697749196,-0.379581993569132,7.6));
#4079=CARTESIAN_POINT('',(-1.10353697749196,-0.379581993569132,7.6));
#4080=CARTESIAN_POINT('',(-1.10353697749196,-0.379581993569132,7.6));
#4081=CARTESIAN_POINT('',(-1.16720257234727,-0.436495176848875,7.6));
#4082=CARTESIAN_POINT('',(-1.22990353697749,-0.477009646302251,7.6));
#4083=CARTESIAN_POINT('',(-1.29163987138264,-0.501125401929261,7.6));
#4084=CARTESIAN_POINT('',(-1.35221235623005,-0.524786528822781,7.6));
#4085=CARTESIAN_POINT('',(-1.41800643086817,-0.535852090032155,7.6));
#4086=CARTESIAN_POINT('',(-1.60418006430868,-0.535852090032155,7.6));
#4087=CARTESIAN_POINT('',(-1.69292604501608,-0.507877813504823,7.6));
#4088=CARTESIAN_POINT('',(-1.7556270096463,-0.45096463022508,7.6));
#4089=CARTESIAN_POINT('',(-1.81731903064635,-0.394967257317345,7.6));
#4090=CARTESIAN_POINT('',(-1.8491961414791,-0.32363344051447,7.6));
#4091=CARTESIAN_POINT('',(-1.8491961414791,-0.183762057877814,7.6));
#4092=CARTESIAN_POINT('',(-1.83665594855305,-0.136495176848875,7.6));
#4093=CARTESIAN_POINT('',(-1.7903536977492,-0.0516077170418009,7.6));
#4094=CARTESIAN_POINT('',(-1.75948553054662,-0.0178456591639873,7.6));
#4095=CARTESIAN_POINT('',(-1.72090032154341,0.00819935691318302,7.6));
#4096=CARTESIAN_POINT('',(-1.68342512069958,0.0334951174827663,7.6));
#4097=CARTESIAN_POINT('',(-1.63987138263666,0.0535369774919612,7.6));
#4098=CARTESIAN_POINT('',(-1.59260450160772,0.0670418006430867,7.6));
#4099=CARTESIAN_POINT('',(-1.55820542376995,0.0768701085967355,7.6));
#4100=CARTESIAN_POINT('',(-1.5048231511254,0.0844051446945336,7.6));
#4101=CARTESIAN_POINT('',(-1.43344051446945,0.093086816720257,7.6));
#4102=CARTESIAN_POINT('',(-1.28972467158539,0.110565770584535,7.6));
#4103=CARTESIAN_POINT('',(-1.18263665594855,0.130707395498392,7.6));
#4104=CARTESIAN_POINT('',(-1.11511254019293,0.154823151125402,7.6));
#4105=CARTESIAN_POINT('',(-1.11511254019293,0.154823151125402,7.6));
#4106=CARTESIAN_POINT('',(-1.11511254019293,0.154823151125402,7.6));
#4107=CARTESIAN_POINT('',(-1.11414790996785,0.178938906752412,7.6));
#4108=CARTESIAN_POINT('',(-1.11414790996785,0.195337620578778,7.6));
#4109=CARTESIAN_POINT('',(-1.11414790996785,0.27443729903537,7.6));
#4110=CARTESIAN_POINT('',(-1.13054662379421,0.32556270096463,7.6));
#4111=CARTESIAN_POINT('',(-1.16430868167203,0.356430868167202,7.6));
#4112=CARTESIAN_POINT('',(-1.20917964254209,0.39745574667698,7.6));
#4113=CARTESIAN_POINT('',(-1.27813504823151,0.416237942122186,7.6));
#4114=CARTESIAN_POINT('',(-1.36784565916399,0.417202572347267,7.6));
#4115=CARTESIAN_POINT('',(-1.45078389680873,0.418094381354199,7.6));
#4116=CARTESIAN_POINT('',(-1.51254019292604,0.401768488745981,7.6));
#4117=CARTESIAN_POINT('',(-1.55305466237942,0.372829581993569,7.6));
#4118=CARTESIAN_POINT('',(-1.59338663422265,0.344021030676979,7.6));
#4119=CARTESIAN_POINT('',(-1.62250803858521,0.290836012861736,7.6));
#4120=CARTESIAN_POINT('',(-1.64180064308682,0.216559485530546,7.6));
#4121=CARTESIAN_POINT('',(-1.64180064308682,0.216559485530546,7.6));
#4122=CARTESIAN_POINT('',(-1.64180064308682,0.216559485530546,7.6));
#4123=CARTESIAN_POINT('',(-1.70064308681672,0.224276527331189,7.6));
#4124=CARTESIAN_POINT('',(-1.75948553054662,0.231993569131833,7.6));
#4125=CARTESIAN_POINT('',(-1.81832797427653,0.239710610932476,7.6));
#4126=CARTESIAN_POINT('',(-1.81832797427653,0.239710610932476,7.6));
#4127=CARTESIAN_POINT('',(-1.81832797427653,0.239710610932476,7.6));
#4128=CARTESIAN_POINT('',(-1.80289389067524,0.313987138263665,7.6));
#4129=CARTESIAN_POINT('',(-1.77684887459807,0.373794212218649,7.6));
#4130=CARTESIAN_POINT('',(-1.74019292604502,0.420096463022508,7.6));
#4131=CARTESIAN_POINT('',(-1.70400642400491,0.465805728757374,7.6));
#4132=CARTESIAN_POINT('',(-1.65144694533762,0.50112540192926,7.6));
#4133=CARTESIAN_POINT('',(-1.58295819935691,0.52620578778135,7.6));
#4134=CARTESIAN_POINT('',(-1.51393036057069,0.551483587900249,7.6));
#4135=CARTESIAN_POINT('',(-1.43440514469453,0.562861736334405,7.6));
#4136=CARTESIAN_POINT('',(-1.2540192926045,0.562861736334405,7.6));
#4137=CARTESIAN_POINT('',(-1.18167202572347,0.552250803858521,7.6));
#4138=CARTESIAN_POINT('',(-1.12475884244373,0.531028938906752,7.6));
#4139=CARTESIAN_POINT('',(-1.0686925388143,0.510122859587305,7.6));
#4140=CARTESIAN_POINT('',(-1.02733118971061,0.483762057877813,7.6));
#4141=CARTESIAN_POINT('',(-0.975241157556271,0.420096463022508,7.6));
#4142=CARTESIAN_POINT('',(-0.956913183279743,0.379581993569132,7.6));
#4143=CARTESIAN_POINT('',(-0.946302250803859,0.331350482315112,7.6));
#4144=CARTESIAN_POINT('',(-0.939513035328064,0.300490411970591,7.6));
#4145=CARTESIAN_POINT('',(-0.936655948553055,0.245498392282958,7.6));
#4146=CARTESIAN_POINT('',(-0.936655948553055,0.166398713826367,7.6));
#4147=CARTESIAN_POINT('',(-0.936655948553055,0.0869774919614146,7.6));
#4148=CARTESIAN_POINT('',(-0.936655948553055,0.00755627009646293,7.6));
#4149=CARTESIAN_POINT('',(-0.936655948553055,-0.0718649517684888,7.6));
#4150=CARTESIAN_POINT('',(-0.936655948553055,-0.237781350482315,7.6));
#4151=CARTESIAN_POINT('',(-0.932797427652734,-0.341961414790997,7.6));
#4152=CARTESIAN_POINT('',(-0.92604501607717,-0.386334405144695,7.6));
#4153=CARTESIAN_POINT('',(-0.919414241476872,-0.429908066803799,7.6));
#4154=CARTESIAN_POINT('',(-0.903858520900322,-0.472186495176849,7.6));
#4155=CARTESIAN_POINT('',(-0.882636655948554,-0.511736334405145,7.6));
#4156=CARTESIAN_POINT('',(0.188102893890675,-0.0959807073954983,7.6));
#4157=CARTESIAN_POINT('',(0.188102893890675,-0.511736334405145,7.6));
#4158=CARTESIAN_POINT('',(0.188102893890675,-0.0959807073954983,7.6));
#4159=CARTESIAN_POINT('',(0.188102893890676,-0.511736334405144,7.6));
#4160=CARTESIAN_POINT('',(0.188102893890675,-0.511736334405145,7.6));
#4161=CARTESIAN_POINT('',(0.0106109324758838,-0.511736334405145,7.6));
#4162=CARTESIAN_POINT('',(0.0106109324758838,-0.511736334405145,7.6));
#4163=CARTESIAN_POINT('',(0.0106109324758838,-0.511736334405145,7.6));
#4164=CARTESIAN_POINT('',(0.0106109324758836,0.937138263665595,7.6));
#4165=CARTESIAN_POINT('',(0.0106109324758836,0.937138263665595,7.6));
#4166=CARTESIAN_POINT('',(0.0106109324758836,0.937138263665595,7.6));
#4167=CARTESIAN_POINT('',(0.188102893890675,0.937138263665595,7.6));
#4168=CARTESIAN_POINT('',(0.188102893890675,0.937138263665595,7.6));
#4169=CARTESIAN_POINT('',(0.188102893890675,0.937138263665595,7.6));
#4170=CARTESIAN_POINT('',(0.188102893890675,0.113344051446945,7.6));
#4171=CARTESIAN_POINT('',(0.188102893890675,0.113344051446945,7.6));
#4172=CARTESIAN_POINT('',(0.188102893890675,0.113344051446945,7.6));
#4173=CARTESIAN_POINT('',(0.611575562700963,0.539710610932476,7.6));
#4174=CARTESIAN_POINT('',(0.611575562700963,0.539710610932476,7.6));
#4175=CARTESIAN_POINT('',(0.611575562700963,0.539710610932476,7.6));
#4176=CARTESIAN_POINT('',(0.843086816720257,0.539710610932476,7.6));
#4177=CARTESIAN_POINT('',(0.843086816720257,0.539710610932476,7.6));
#4178=CARTESIAN_POINT('',(0.843086816720257,0.539710610932476,7.6));
#4179=CARTESIAN_POINT('',(0.439871382636656,0.148070739549839,7.6));
#4180=CARTESIAN_POINT('',(0.439871382636656,0.148070739549839,7.6));
#4181=CARTESIAN_POINT('',(0.439871382636656,0.148070739549839,7.6));
#4182=CARTESIAN_POINT('',(0.883601286173633,-0.511736334405145,7.6));
#4183=CARTESIAN_POINT('',(0.883601286173633,-0.511736334405145,7.6));
#4184=CARTESIAN_POINT('',(0.883601286173633,-0.511736334405145,7.6));
#4185=CARTESIAN_POINT('',(0.663665594855305,-0.511736334405145,7.6));
#4186=CARTESIAN_POINT('',(0.663665594855305,-0.511736334405145,7.6));
#4187=CARTESIAN_POINT('',(0.663665594855305,-0.511736334405145,7.6));
#4188=CARTESIAN_POINT('',(0.311575562700964,0.0236334405144695,7.6));
#4189=CARTESIAN_POINT('',(0.311575562700964,0.0236334405144695,7.6));
#4190=CARTESIAN_POINT('',(0.311575562700964,0.0236334405144695,7.6));
#4191=CARTESIAN_POINT('',(0.188102893890675,-0.0959807073954983,7.6));
#4192=CARTESIAN_POINT('',(1.20385852090032,0.539710610932476,7.6));
#4193=CARTESIAN_POINT('',(1.20385852090032,-0.511736334405144,7.6));
#4194=CARTESIAN_POINT('',(1.20385852090032,0.539710610932476,7.6));
#4195=CARTESIAN_POINT('',(1.20385852090032,-0.511736334405144,7.6));
#4196=CARTESIAN_POINT('',(1.20385852090032,-0.511736334405144,7.6));
#4197=CARTESIAN_POINT('',(1.02636655948553,-0.511736334405145,7.6));
#4198=CARTESIAN_POINT('',(1.02636655948553,-0.511736334405145,7.6));
#4199=CARTESIAN_POINT('',(1.02636655948553,-0.511736334405145,7.6));
#4200=CARTESIAN_POINT('',(1.02636655948553,0.539710610932476,7.6));
#4201=CARTESIAN_POINT('',(1.02636655948553,0.539710610932476,7.6));
#4202=CARTESIAN_POINT('',(1.02636655948553,0.539710610932476,7.6));
#4203=CARTESIAN_POINT('',(1.20385852090032,0.539710610932476,7.6));
#4204=CARTESIAN_POINT('',(3.29807073954984,0.539710610932476,7.6));
#4205=CARTESIAN_POINT('',(3.35144694533762,0.539710610932477,7.6));
#4206=CARTESIAN_POINT('',(3.4048231511254,0.539710610932477,7.6));
#4207=CARTESIAN_POINT('',(3.45819935691318,0.539710610932477,7.6));
#4208=CARTESIAN_POINT('',(3.29807073954984,0.539710610932476,7.6));
#4209=CARTESIAN_POINT('',(3.45819935691318,0.539710610932476,7.6));
#4210=CARTESIAN_POINT('',(3.45819935691318,0.539710610932477,7.6));
#4211=CARTESIAN_POINT('',(3.45819935691318,0.236816720257235,7.6));
#4212=CARTESIAN_POINT('',(3.45819935691318,-0.066077170418006,7.6));
#4213=CARTESIAN_POINT('',(3.45819935691318,-0.368971061093247,7.6));
#4214=CARTESIAN_POINT('',(3.45819935691318,-0.531993569131832,7.6));
#4215=CARTESIAN_POINT('',(3.44180064308682,-0.647749196141479,7.6));
#4216=CARTESIAN_POINT('',(3.408038585209,-0.716237942122186,7.6));
#4217=CARTESIAN_POINT('',(3.37446511207835,-0.784344130472934,7.6));
#4218=CARTESIAN_POINT('',(3.32218649517685,-0.838745980707395,7.6));
#4219=CARTESIAN_POINT('',(3.17749196141479,-0.917845659163987,7.6));
#4220=CARTESIAN_POINT('',(3.0887459807074,-0.937138263665594,7.6));
#4221=CARTESIAN_POINT('',(2.8572347266881,-0.937138263665594,7.6));
#4222=CARTESIAN_POINT('',(2.75594855305466,-0.909163987138263,7.6));
#4223=CARTESIAN_POINT('',(2.67877813504823,-0.853215434083601,7.6));
#4224=CARTESIAN_POINT('',(2.60114931021628,-0.796934536080438,7.6));
#4225=CARTESIAN_POINT('',(2.56398713826367,-0.711414790996784,7.6));
#4226=CARTESIAN_POINT('',(2.56688102893891,-0.597588424437299,7.6));
#4227=CARTESIAN_POINT('',(2.56688102893891,-0.597588424437299,7.6));
#4228=CARTESIAN_POINT('',(2.56688102893891,-0.597588424437299,7.6));
#4229=CARTESIAN_POINT('',(2.62475884244373,-0.605305466237942,7.6));
#4230=CARTESIAN_POINT('',(2.68263665594855,-0.613022508038585,7.6));
#4231=CARTESIAN_POINT('',(2.74051446945338,-0.620739549839228,7.6));
#4232=CARTESIAN_POINT('',(2.74051446945338,-0.620739549839228,7.6));
#4233=CARTESIAN_POINT('',(2.74051446945338,-0.620739549839228,7.6));
#4234=CARTESIAN_POINT('',(2.74726688102894,-0.67572347266881,7.6));
#4235=CARTESIAN_POINT('',(2.76752411575563,-0.715273311897106,7.6));
#4236=CARTESIAN_POINT('',(2.80128617363344,-0.740353697749196,7.6));
#4237=CARTESIAN_POINT('',(2.84604176850566,-0.773600711082844,7.6));
#4238=CARTESIAN_POINT('',(2.9064308681672,-0.791479099678456,7.6));
#4239=CARTESIAN_POINT('',(3.06752411575563,-0.791479099678456,7.6));
#4240=CARTESIAN_POINT('',(3.13118971061093,-0.77508038585209,7.6));
#4241=CARTESIAN_POINT('',(3.22186495176849,-0.709485530546623,7.6));
#4242=CARTESIAN_POINT('',(3.25273311897106,-0.663183279742765,7.6));
#4243=CARTESIAN_POINT('',(3.26816720257235,-0.603376205787781,7.6));
#4244=CARTESIAN_POINT('',(3.27740506626931,-0.567579483962042,7.6));
#4245=CARTESIAN_POINT('',(3.28167202572347,-0.491479099678456,7.6));
#4246=CARTESIAN_POINT('',(3.28167202572347,-0.37572347266881,7.6));
#4247=CARTESIAN_POINT('',(3.28167202572347,-0.37572347266881,7.6));
#4248=CARTESIAN_POINT('',(3.28167202572347,-0.37572347266881,7.6));
#4249=CARTESIAN_POINT('',(3.20257234726688,-0.467363344051447,7.6));
#4250=CARTESIAN_POINT('',(3.10514469453376,-0.511736334405144,7.6));
#4251=CARTESIAN_POINT('',(2.84372990353698,-0.511736334405144,7.6));
#4252=CARTESIAN_POINT('',(2.73183279742765,-0.460610932475884,7.6));
#4253=CARTESIAN_POINT('',(2.65176848874598,-0.355466237942122,7.6));
#4254=CARTESIAN_POINT('',(2.57252316500128,-0.251397077843654,7.6));
#4255=CARTESIAN_POINT('',(2.53311897106109,-0.12684887459807,7.6));
#4256=CARTESIAN_POINT('',(2.53311897106109,0.119131832797428,7.6));
#4257=CARTESIAN_POINT('',(2.55048231511254,0.211736334405145,7.6));
#4258=CARTESIAN_POINT('',(2.58713826366559,0.297588424437299,7.6));
#4259=CARTESIAN_POINT('',(2.62309749477685,0.381808728882084,7.6));
#4260=CARTESIAN_POINT('',(2.67684887459807,0.447106109324759,7.6));
#4261=CARTESIAN_POINT('',(2.81575562700965,0.539710610932476,7.6));
#4262=CARTESIAN_POINT('',(2.8967845659164,0.562861736334406,7.6));
#4263=CARTESIAN_POINT('',(3.11479099678457,0.562861736334406,7.6));
#4264=CARTESIAN_POINT('',(3.21704180064309,0.511736334405145,7.6));
#4265=CARTESIAN_POINT('',(3.29807073954984,0.410450160771704,7.6));
#4266=CARTESIAN_POINT('',(3.29807073954984,0.410450160771704,7.6));
#4267=CARTESIAN_POINT('',(3.29807073954984,0.410450160771704,7.6));
#4268=CARTESIAN_POINT('',(3.29807073954984,0.453536977491962,7.6));
#4269=CARTESIAN_POINT('',(3.29807073954984,0.496623794212219,7.6));
#4270=CARTESIAN_POINT('',(3.29807073954984,0.539710610932476,7.6));
#4271=CARTESIAN_POINT('',(-3.7,-1.15,4.9));
#4272=CARTESIAN_POINT('',(-3.27491961414791,-0.511736334405145,7.599));
#4273=CARTESIAN_POINT('',(-3.27491961414791,-0.511736334405145,7.599));
#4274=CARTESIAN_POINT('',(-3.27491961414791,-0.511736334405145,7.599));
#4275=CARTESIAN_POINT('',(-3.27491961414791,-0.511736334405145,7.599));
#4276=CARTESIAN_POINT('',(-3.33601286173633,-0.511736334405145,7.599));
#4277=CARTESIAN_POINT('',(-3.39710610932476,-0.511736334405145,7.599));
#4278=CARTESIAN_POINT('',(-3.45819935691318,-0.511736334405145,7.599));
#4279=CARTESIAN_POINT('',(-3.45819935691318,-0.511736334405145,7.599));
#4280=CARTESIAN_POINT('',(-3.45819935691318,-0.511736334405145,7.599));
#4281=CARTESIAN_POINT('',(-3.45819935691318,-0.511736334405145,7.599));
#4282=CARTESIAN_POINT('',(-3.45819935691318,-0.511736334405145,7.599));
#4283=CARTESIAN_POINT('',(-3.45819935691318,-0.0287781350482319,7.599));
#4284=CARTESIAN_POINT('',(-3.45819935691318,0.454180064308681,7.599));
#4285=CARTESIAN_POINT('',(-3.45819935691318,0.937138263665594,7.599));
#4286=CARTESIAN_POINT('',(-3.45819935691318,0.937138263665594,7.599));
#4287=CARTESIAN_POINT('',(-3.45819935691318,0.937138263665594,7.599));
#4288=CARTESIAN_POINT('',(-3.45819935691318,0.937138263665594,7.599));
#4289=CARTESIAN_POINT('',(-3.45819935691318,0.937138263665594,7.599));
#4290=CARTESIAN_POINT('',(-3.36302250803858,0.937138263665595,7.599));
#4291=CARTESIAN_POINT('',(-3.26784565916399,0.937138263665594,7.599));
#4292=CARTESIAN_POINT('',(-3.17266881028939,0.937138263665595,7.599));
#4293=CARTESIAN_POINT('',(-3.17266881028939,0.937138263665595,7.599));
#4294=CARTESIAN_POINT('',(-3.17266881028939,0.937138263665595,7.599));
#4295=CARTESIAN_POINT('',(-3.17266881028939,0.937138263665595,7.599));
#4296=CARTESIAN_POINT('',(-3.17266881028939,0.937138263665595,7.6));
#4297=CARTESIAN_POINT('',(-3.10327864777419,0.730522737744996,7.599));
#4298=CARTESIAN_POINT('',(-3.10327864777419,0.730522737744996,7.6));
#4299=CARTESIAN_POINT('',(-2.99612420900632,0.410844448429591,7.599));
#4300=CARTESIAN_POINT('',(-2.99612420900632,0.410844448429591,7.6));
#4301=CARTESIAN_POINT('',(-2.86552840396281,0.023626731080413,7.599));
#4302=CARTESIAN_POINT('',(-2.86552840396281,0.023626731080413,7.6));
#4303=CARTESIAN_POINT('',(-2.77976920147385,-0.235015463824214,7.599));
#4304=CARTESIAN_POINT('',(-2.77976920147385,-0.235015463824214,7.6));
#4305=CARTESIAN_POINT('',(-2.7588424437299,-0.303376205787782,7.599));
#4306=CARTESIAN_POINT('',(-2.7588424437299,-0.303376205787782,7.6));
#4307=CARTESIAN_POINT('',(-3.17266881028939,0.937138263665595,7.599));
#4308=CARTESIAN_POINT('',(-3.05787781350482,0.595337620578778,7.599));
#4309=CARTESIAN_POINT('',(-2.94308681672026,0.253536977491961,7.599));
#4310=CARTESIAN_POINT('',(-2.82829581993569,-0.0882636655948557,7.599));
#4311=CARTESIAN_POINT('',(-2.79595660809527,-0.184556612895597,7.599));
#4312=CARTESIAN_POINT('',(-2.77331189710611,-0.256109324758843,7.599));
#4313=CARTESIAN_POINT('',(-2.7588424437299,-0.303376205787782,7.599));
#4314=CARTESIAN_POINT('',(-2.7588424437299,-0.303376205787782,7.599));
#4315=CARTESIAN_POINT('',(-2.7588424437299,-0.303376205787782,7.599));
#4316=CARTESIAN_POINT('',(-2.7588424437299,-0.303376205787782,7.599));
#4317=CARTESIAN_POINT('',(-2.7588424437299,-0.303376205787782,7.6));
#4318=CARTESIAN_POINT('',(-2.7368828994743,-0.232330621431421,7.599));
#4319=CARTESIAN_POINT('',(-2.7368828994743,-0.232330621431421,7.6));
#4320=CARTESIAN_POINT('',(-2.64997262337819,0.0228569499400307,7.599));
#4321=CARTESIAN_POINT('',(-2.64997262337819,0.0228569499400307,7.6));
#4322=CARTESIAN_POINT('',(-2.51540298646521,0.412156771481897,7.599));
#4323=CARTESIAN_POINT('',(-2.51540298646521,0.412156771481897,7.6));
#4324=CARTESIAN_POINT('',(-2.40326777456418,0.730566462096981,7.599));
#4325=CARTESIAN_POINT('',(-2.40326777456418,0.730566462096981,7.6));
#4326=CARTESIAN_POINT('',(-2.33151125401929,0.937138263665595,7.599));
#4327=CARTESIAN_POINT('',(-2.33151125401929,0.937138263665595,7.6));
#4328=CARTESIAN_POINT('',(-2.7588424437299,-0.303376205787782,7.599));
#4329=CARTESIAN_POINT('',(-2.74244372990354,-0.25032154340836,7.599));
#4330=CARTESIAN_POINT('',(-2.71639871382637,-0.17315112540193,7.599));
#4331=CARTESIAN_POINT('',(-2.68167202572347,-0.0709003215434086,7.599));
#4332=CARTESIAN_POINT('',(-2.56728529305813,0.265905057971208,7.599));
#4333=CARTESIAN_POINT('',(-2.44823151125402,0.60112540192926,7.599));
#4334=CARTESIAN_POINT('',(-2.33151125401929,0.937138263665595,7.599));
#4335=CARTESIAN_POINT('',(-2.33151125401929,0.937138263665595,7.599));
#4336=CARTESIAN_POINT('',(-2.33151125401929,0.937138263665595,7.599));
#4337=CARTESIAN_POINT('',(-2.33151125401929,0.937138263665595,7.599));
#4338=CARTESIAN_POINT('',(-2.33151125401929,0.937138263665595,7.599));
#4339=CARTESIAN_POINT('',(-2.24662379421222,0.937138263665594,7.599));
#4340=CARTESIAN_POINT('',(-2.16173633440514,0.937138263665595,7.599));
#4341=CARTESIAN_POINT('',(-2.07684887459807,0.937138263665595,7.599));
#4342=CARTESIAN_POINT('',(-2.07684887459807,0.937138263665595,7.599));
#4343=CARTESIAN_POINT('',(-2.07684887459807,0.937138263665595,7.599));
#4344=CARTESIAN_POINT('',(-2.07684887459807,0.937138263665595,7.599));
#4345=CARTESIAN_POINT('',(-2.07684887459807,0.937138263665595,7.599));
#4346=CARTESIAN_POINT('',(-2.07684887459807,0.454180064308682,7.599));
#4347=CARTESIAN_POINT('',(-2.07684887459807,-0.0287781350482317,7.599));
#4348=CARTESIAN_POINT('',(-2.07684887459807,-0.511736334405145,7.599));
#4349=CARTESIAN_POINT('',(-2.07684887459807,-0.511736334405145,7.599));
#4350=CARTESIAN_POINT('',(-2.07684887459807,-0.511736334405145,7.599));
#4351=CARTESIAN_POINT('',(-2.07684887459807,-0.511736334405145,7.599));
#4352=CARTESIAN_POINT('',(-2.07684887459807,-0.511736334405145,7.599));
#4353=CARTESIAN_POINT('',(-2.13826366559486,-0.511736334405145,7.599));
#4354=CARTESIAN_POINT('',(-2.19967845659164,-0.511736334405145,7.599));
#4355=CARTESIAN_POINT('',(-2.26109324758842,-0.511736334405145,7.599));
#4356=CARTESIAN_POINT('',(-2.26109324758842,-0.511736334405145,7.599));
#4357=CARTESIAN_POINT('',(-2.26109324758842,-0.511736334405145,7.599));
#4358=CARTESIAN_POINT('',(-2.26109324758842,-0.511736334405145,7.599));
#4359=CARTESIAN_POINT('',(-2.26109324758842,-0.511736334405145,7.599));
#4360=CARTESIAN_POINT('',(-2.26109324758842,-0.106913183279743,7.599));
#4361=CARTESIAN_POINT('',(-2.26109324758842,0.297909967845659,7.599));
#4362=CARTESIAN_POINT('',(-2.26109324758842,0.702733118971061,7.599));
#4363=CARTESIAN_POINT('',(-2.26109324758842,0.702733118971061,7.599));
#4364=CARTESIAN_POINT('',(-2.26109324758842,0.702733118971061,7.599));
#4365=CARTESIAN_POINT('',(-2.26109324758842,0.702733118971061,7.599));
#4366=CARTESIAN_POINT('',(-2.26109324758842,0.702733118971061,7.599));
#4367=CARTESIAN_POINT('',(-2.40289389067524,0.297909967845659,7.599));
#4368=CARTESIAN_POINT('',(-2.54469453376206,-0.106913183279743,7.599));
#4369=CARTESIAN_POINT('',(-2.68649517684887,-0.511736334405145,7.599));
#4370=CARTESIAN_POINT('',(-2.68649517684887,-0.511736334405145,7.599));
#4371=CARTESIAN_POINT('',(-2.68649517684887,-0.511736334405145,7.599));
#4372=CARTESIAN_POINT('',(-2.68649517684887,-0.511736334405145,7.599));
#4373=CARTESIAN_POINT('',(-2.68649517684887,-0.511736334405145,7.599));
#4374=CARTESIAN_POINT('',(-2.74308681672026,-0.511736334405145,7.599));
#4375=CARTESIAN_POINT('',(-2.79967845659164,-0.511736334405145,7.599));
#4376=CARTESIAN_POINT('',(-2.85627009646302,-0.511736334405145,7.599));
#4377=CARTESIAN_POINT('',(-2.85627009646302,-0.511736334405145,7.599));
#4378=CARTESIAN_POINT('',(-2.85627009646302,-0.511736334405145,7.599));
#4379=CARTESIAN_POINT('',(-2.85627009646302,-0.511736334405145,7.599));
#4380=CARTESIAN_POINT('',(-2.85627009646302,-0.511736334405145,7.599));
#4381=CARTESIAN_POINT('',(-2.99581993569132,-0.10016077170418,7.599));
#4382=CARTESIAN_POINT('',(-3.13536977491961,0.311414790996784,7.599));
#4383=CARTESIAN_POINT('',(-3.27491961414791,0.722990353697749,7.599));
#4384=CARTESIAN_POINT('',(-3.27491961414791,0.722990353697749,7.599));
#4385=CARTESIAN_POINT('',(-3.27491961414791,0.722990353697749,7.599));
#4386=CARTESIAN_POINT('',(-3.27491961414791,0.722990353697749,7.599));
#4387=CARTESIAN_POINT('',(-3.27491961414791,0.722990353697749,7.599));
#4388=CARTESIAN_POINT('',(-3.27491961414791,0.311414790996784,7.599));
#4389=CARTESIAN_POINT('',(-3.27491961414791,-0.100160771704181,7.599));
#4390=CARTESIAN_POINT('',(-3.27491961414791,-0.511736334405145,7.599));
#4391=CARTESIAN_POINT('',(-2.9644983227438,0.3172916859038,7.599));
#4392=CARTESIAN_POINT('',(-1.06591639871383,-0.511736334405145,7.599));
#4393=CARTESIAN_POINT('',(-1.06591639871383,-0.511736334405145,7.6));
#4394=CARTESIAN_POINT('',(-1.08520900321543,-0.47508038585209,7.599));
#4395=CARTESIAN_POINT('',(-1.08520900321543,-0.47508038585209,7.6));
#4396=CARTESIAN_POINT('',(-1.09774919614148,-0.430707395498393,7.599));
#4397=CARTESIAN_POINT('',(-1.09774919614148,-0.430707395498393,7.6));
#4398=CARTESIAN_POINT('',(-1.10353697749196,-0.379581993569132,7.599));
#4399=CARTESIAN_POINT('',(-1.10353697749196,-0.379581993569132,7.6));
#4400=CARTESIAN_POINT('',(-1.06591639871383,-0.511736334405145,7.599));
#4401=CARTESIAN_POINT('',(-1.06591639871383,-0.511736334405145,7.599));
#4402=CARTESIAN_POINT('',(-1.06591639871383,-0.511736334405145,7.599));
#4403=CARTESIAN_POINT('',(-1.08520900321543,-0.47508038585209,7.599));
#4404=CARTESIAN_POINT('',(-1.09774919614148,-0.430707395498392,7.599));
#4405=CARTESIAN_POINT('',(-1.10353697749196,-0.379581993569132,7.599));
#4406=CARTESIAN_POINT('',(-1.10353697749196,-0.379581993569132,7.599));
#4407=CARTESIAN_POINT('',(-1.10353697749196,-0.379581993569132,7.599));
#4408=CARTESIAN_POINT('',(-1.10353697749196,-0.379581993569132,7.599));
#4409=CARTESIAN_POINT('',(-1.10353697749196,-0.379581993569132,7.6));
#4410=CARTESIAN_POINT('',(-1.16964380914881,-0.438677494595709,7.599));
#4411=CARTESIAN_POINT('',(-1.16964380914881,-0.438677494595709,7.6));
#4412=CARTESIAN_POINT('',(-1.27966879406055,-0.519868099527163,7.599));
#4413=CARTESIAN_POINT('',(-1.27966879406055,-0.519868099527163,7.6));
#4414=CARTESIAN_POINT('',(-1.56773715869494,-0.548624260223714,7.599));
#4415=CARTESIAN_POINT('',(-1.56773715869494,-0.548624260223714,7.6));
#4416=CARTESIAN_POINT('',(-1.75955161739341,-0.482403510887791,7.599));
#4417=CARTESIAN_POINT('',(-1.75955161739341,-0.482403510887791,7.6));
#4418=CARTESIAN_POINT('',(-1.88331514594763,-0.26651956435675,7.599));
#4419=CARTESIAN_POINT('',(-1.88331514594763,-0.26651956435675,7.6));
#4420=CARTESIAN_POINT('',(-1.7969736160829,-0.0129050852933396,7.599));
#4421=CARTESIAN_POINT('',(-1.7969736160829,-0.0129050852933396,7.6));
#4422=CARTESIAN_POINT('',(-1.61335338427573,0.0699179071206067,7.599));
#4423=CARTESIAN_POINT('',(-1.61335338427573,0.0699179071206067,7.6));
#4424=CARTESIAN_POINT('',(-1.47624866312438,0.0878357510022126,7.599));
#4425=CARTESIAN_POINT('',(-1.47624866312438,0.0878357510022126,7.6));
#4426=CARTESIAN_POINT('',(-1.25982829293596,0.114999385120026,7.599));
#4427=CARTESIAN_POINT('',(-1.25982829293596,0.114999385120026,7.6));
#4428=CARTESIAN_POINT('',(-1.16370977882265,0.13746699447193,7.599));
#4429=CARTESIAN_POINT('',(-1.16370977882265,0.13746699447193,7.6));
#4430=CARTESIAN_POINT('',(-1.11511254019293,0.154823151125402,7.599));
#4431=CARTESIAN_POINT('',(-1.11511254019293,0.154823151125402,7.6));
#4432=CARTESIAN_POINT('',(-1.10353697749196,-0.379581993569132,7.599));
#4433=CARTESIAN_POINT('',(-1.16720257234727,-0.436495176848875,7.599));
#4434=CARTESIAN_POINT('',(-1.22990353697749,-0.477009646302251,7.599));
#4435=CARTESIAN_POINT('',(-1.29163987138264,-0.501125401929261,7.599));
#4436=CARTESIAN_POINT('',(-1.35221235623005,-0.524786528822781,7.599));
#4437=CARTESIAN_POINT('',(-1.41800643086817,-0.535852090032155,7.599));
#4438=CARTESIAN_POINT('',(-1.60418006430868,-0.535852090032155,7.599));
#4439=CARTESIAN_POINT('',(-1.69292604501608,-0.507877813504823,7.599));
#4440=CARTESIAN_POINT('',(-1.7556270096463,-0.45096463022508,7.599));
#4441=CARTESIAN_POINT('',(-1.81731903064635,-0.394967257317345,7.599));
#4442=CARTESIAN_POINT('',(-1.8491961414791,-0.32363344051447,7.599));
#4443=CARTESIAN_POINT('',(-1.8491961414791,-0.183762057877814,7.599));
#4444=CARTESIAN_POINT('',(-1.83665594855305,-0.136495176848875,7.599));
#4445=CARTESIAN_POINT('',(-1.7903536977492,-0.0516077170418009,7.599));
#4446=CARTESIAN_POINT('',(-1.75948553054662,-0.0178456591639873,7.599));
#4447=CARTESIAN_POINT('',(-1.72090032154341,0.00819935691318302,7.599));
#4448=CARTESIAN_POINT('',(-1.68342512069958,0.0334951174827663,7.599));
#4449=CARTESIAN_POINT('',(-1.63987138263666,0.0535369774919612,7.599));
#4450=CARTESIAN_POINT('',(-1.59260450160772,0.0670418006430867,7.599));
#4451=CARTESIAN_POINT('',(-1.55820542376995,0.0768701085967355,7.599));
#4452=CARTESIAN_POINT('',(-1.5048231511254,0.0844051446945336,7.599));
#4453=CARTESIAN_POINT('',(-1.43344051446945,0.093086816720257,7.599));
#4454=CARTESIAN_POINT('',(-1.28972467158539,0.110565770584535,7.599));
#4455=CARTESIAN_POINT('',(-1.18263665594855,0.130707395498392,7.599));
#4456=CARTESIAN_POINT('',(-1.11511254019293,0.154823151125402,7.599));
#4457=CARTESIAN_POINT('',(-1.11511254019293,0.154823151125402,7.599));
#4458=CARTESIAN_POINT('',(-1.11511254019293,0.154823151125402,7.599));
#4459=CARTESIAN_POINT('',(-1.11511254019293,0.154823151125402,7.599));
#4460=CARTESIAN_POINT('',(-1.11511254019293,0.154823151125402,7.6));
#4461=CARTESIAN_POINT('',(-1.11244904956519,0.221410416818667,7.599));
#4462=CARTESIAN_POINT('',(-1.11244904956519,0.221410416818667,7.6));
#4463=CARTESIAN_POINT('',(-1.11491755161604,0.228130999091151,7.599));
#4464=CARTESIAN_POINT('',(-1.11491755161604,0.228130999091151,7.6));
#4465=CARTESIAN_POINT('',(-1.12436548938665,0.304925868422417,7.599));
#4466=CARTESIAN_POINT('',(-1.12436548938665,0.304925868422417,7.6));
#4467=CARTESIAN_POINT('',(-1.15089609189196,0.351458065695955,7.599));
#4468=CARTESIAN_POINT('',(-1.15089609189196,0.351458065695955,7.6));
#4469=CARTESIAN_POINT('',(-1.22644362488114,0.400979112096134,7.599));
#4470=CARTESIAN_POINT('',(-1.22644362488114,0.400979112096134,7.6));
#4471=CARTESIAN_POINT('',(-1.33050383776473,0.420015538226017,7.59899999999999));
#4472=CARTESIAN_POINT('',(-1.33050383776473,0.420015538226017,7.59999999999999));
#4473=CARTESIAN_POINT('',(-1.46131491069643,0.414854175536508,7.599));
#4474=CARTESIAN_POINT('',(-1.46131491069643,0.414854175536508,7.6));
#4475=CARTESIAN_POINT('',(-1.57228320975577,0.377012127499288,7.599));
#4476=CARTESIAN_POINT('',(-1.57228320975577,0.377012127499288,7.6));
#4477=CARTESIAN_POINT('',(-1.62053043951718,0.298449769273643,7.599));
#4478=CARTESIAN_POINT('',(-1.62053043951718,0.298449769273643,7.6));
#4479=CARTESIAN_POINT('',(-1.64180064308682,0.216559485530546,7.599));
#4480=CARTESIAN_POINT('',(-1.64180064308682,0.216559485530546,7.6));
#4481=CARTESIAN_POINT('',(-1.11511254019293,0.154823151125402,7.599));
#4482=CARTESIAN_POINT('',(-1.11414790996785,0.178938906752412,7.599));
#4483=CARTESIAN_POINT('',(-1.11414790996785,0.195337620578778,7.599));
#4484=CARTESIAN_POINT('',(-1.11414790996785,0.27443729903537,7.599));
#4485=CARTESIAN_POINT('',(-1.13054662379421,0.32556270096463,7.599));
#4486=CARTESIAN_POINT('',(-1.16430868167203,0.356430868167202,7.599));
#4487=CARTESIAN_POINT('',(-1.20917964254209,0.39745574667698,7.599));
#4488=CARTESIAN_POINT('',(-1.27813504823151,0.416237942122186,7.599));
#4489=CARTESIAN_POINT('',(-1.36784565916399,0.417202572347267,7.599));
#4490=CARTESIAN_POINT('',(-1.45078389680873,0.418094381354199,7.599));
#4491=CARTESIAN_POINT('',(-1.51254019292604,0.401768488745981,7.599));
#4492=CARTESIAN_POINT('',(-1.55305466237942,0.372829581993569,7.599));
#4493=CARTESIAN_POINT('',(-1.59338663422265,0.344021030676979,7.599));
#4494=CARTESIAN_POINT('',(-1.62250803858521,0.290836012861736,7.599));
#4495=CARTESIAN_POINT('',(-1.64180064308682,0.216559485530546,7.599));
#4496=CARTESIAN_POINT('',(-1.64180064308682,0.216559485530546,7.599));
#4497=CARTESIAN_POINT('',(-1.64180064308682,0.216559485530546,7.599));
#4498=CARTESIAN_POINT('',(-1.64180064308682,0.216559485530546,7.599));
#4499=CARTESIAN_POINT('',(-1.64180064308682,0.216559485530546,7.599));
#4500=CARTESIAN_POINT('',(-1.70064308681672,0.224276527331189,7.599));
#4501=CARTESIAN_POINT('',(-1.75948553054662,0.231993569131833,7.599));
#4502=CARTESIAN_POINT('',(-1.81832797427653,0.239710610932476,7.599));
#4503=CARTESIAN_POINT('',(-1.81832797427653,0.239710610932476,7.599));
#4504=CARTESIAN_POINT('',(-1.81832797427653,0.239710610932476,7.599));
#4505=CARTESIAN_POINT('',(-1.81832797427653,0.239710610932476,7.599));
#4506=CARTESIAN_POINT('',(-1.81832797427653,0.239710610932476,7.6));
#4507=CARTESIAN_POINT('',(-1.77961701970893,0.426007079789042,7.599));
#4508=CARTESIAN_POINT('',(-1.77961701970893,0.426007079789042,7.6));
#4509=CARTESIAN_POINT('',(-1.59497461339661,0.571043670387675,7.599));
#4510=CARTESIAN_POINT('',(-1.59497461339661,0.571043670387675,7.6));
#4511=CARTESIAN_POINT('',(-1.24355854983671,0.564417319605939,7.599));
#4512=CARTESIAN_POINT('',(-1.24355854983671,0.564417319605939,7.6));
#4513=CARTESIAN_POINT('',(-1.11183795141073,0.53242272477034,7.599));
#4514=CARTESIAN_POINT('',(-1.11183795141073,0.53242272477034,7.6));
#4515=CARTESIAN_POINT('',(-0.989517853733394,0.460295598385513,7.599));
#4516=CARTESIAN_POINT('',(-0.989517853733394,0.460295598385513,7.6));
#4517=CARTESIAN_POINT('',(-0.944959013376505,0.346611435472921,7.599));
#4518=CARTESIAN_POINT('',(-0.944959013376505,0.346611435472921,7.6));
#4519=CARTESIAN_POINT('',(-0.936354852929386,0.254486666661262,7.599));
#4520=CARTESIAN_POINT('',(-0.936354852929386,0.254486666661262,7.6));
#4521=CARTESIAN_POINT('',(-0.936594293654531,0.0921460419394133,7.599));
#4522=CARTESIAN_POINT('',(-0.936594293654531,0.0921460419394133,7.6));
#4523=CARTESIAN_POINT('',(-0.937406787142914,-0.0464254350557945,7.599));
#4524=CARTESIAN_POINT('',(-0.937406787142914,-0.0464254350557945,7.6));
#4525=CARTESIAN_POINT('',(-0.931646698018133,-0.313629699488326,7.599));
#4526=CARTESIAN_POINT('',(-0.931646698018133,-0.313629699488326,7.6));
#4527=CARTESIAN_POINT('',(-0.932038249424972,-0.379502893371393,7.599));
#4528=CARTESIAN_POINT('',(-0.932038249424972,-0.379502893371393,7.6));
#4529=CARTESIAN_POINT('',(-0.9024318454929,-0.474845299345226,7.599));
#4530=CARTESIAN_POINT('',(-0.9024318454929,-0.474845299345226,7.6));
#4531=CARTESIAN_POINT('',(-0.882636655948554,-0.511736334405145,7.599));
#4532=CARTESIAN_POINT('',(-0.882636655948554,-0.511736334405145,7.6));
#4533=CARTESIAN_POINT('',(-1.81832797427653,0.239710610932476,7.599));
#4534=CARTESIAN_POINT('',(-1.80289389067524,0.313987138263665,7.599));
#4535=CARTESIAN_POINT('',(-1.77684887459807,0.373794212218649,7.599));
#4536=CARTESIAN_POINT('',(-1.74019292604502,0.420096463022508,7.599));
#4537=CARTESIAN_POINT('',(-1.70400642400491,0.465805728757374,7.599));
#4538=CARTESIAN_POINT('',(-1.65144694533762,0.50112540192926,7.599));
#4539=CARTESIAN_POINT('',(-1.58295819935691,0.52620578778135,7.599));
#4540=CARTESIAN_POINT('',(-1.51393036057069,0.551483587900249,7.599));
#4541=CARTESIAN_POINT('',(-1.43440514469453,0.562861736334405,7.599));
#4542=CARTESIAN_POINT('',(-1.2540192926045,0.562861736334405,7.599));
#4543=CARTESIAN_POINT('',(-1.18167202572347,0.552250803858521,7.599));
#4544=CARTESIAN_POINT('',(-1.12475884244373,0.531028938906752,7.599));
#4545=CARTESIAN_POINT('',(-1.0686925388143,0.510122859587305,7.599));
#4546=CARTESIAN_POINT('',(-1.02733118971061,0.483762057877813,7.599));
#4547=CARTESIAN_POINT('',(-0.975241157556271,0.420096463022508,7.599));
#4548=CARTESIAN_POINT('',(-0.956913183279743,0.379581993569132,7.599));
#4549=CARTESIAN_POINT('',(-0.946302250803859,0.331350482315112,7.599));
#4550=CARTESIAN_POINT('',(-0.939513035328064,0.300490411970591,7.599));
#4551=CARTESIAN_POINT('',(-0.936655948553055,0.245498392282958,7.599));
#4552=CARTESIAN_POINT('',(-0.936655948553055,0.166398713826367,7.599));
#4553=CARTESIAN_POINT('',(-0.936655948553055,0.0869774919614146,7.599));
#4554=CARTESIAN_POINT('',(-0.936655948553055,0.00755627009646293,7.599));
#4555=CARTESIAN_POINT('',(-0.936655948553055,-0.0718649517684888,7.599));
#4556=CARTESIAN_POINT('',(-0.936655948553055,-0.237781350482315,7.599));
#4557=CARTESIAN_POINT('',(-0.932797427652734,-0.341961414790997,7.599));
#4558=CARTESIAN_POINT('',(-0.92604501607717,-0.386334405144695,7.599));
#4559=CARTESIAN_POINT('',(-0.919414241476872,-0.429908066803799,7.599));
#4560=CARTESIAN_POINT('',(-0.903858520900322,-0.472186495176849,7.599));
#4561=CARTESIAN_POINT('',(-0.882636655948554,-0.511736334405145,7.599));
#4562=CARTESIAN_POINT('',(-0.882636655948554,-0.511736334405145,7.599));
#4563=CARTESIAN_POINT('',(-0.882636655948554,-0.511736334405145,7.599));
#4564=CARTESIAN_POINT('',(-1.60418006430868,-0.34871382636656,7.599));
#4565=CARTESIAN_POINT('',(-1.60418006430868,-0.34871382636656,7.6));
#4566=CARTESIAN_POINT('',(-1.56174702164079,-0.385412674079331,7.599));
#4567=CARTESIAN_POINT('',(-1.56174702164079,-0.385412674079331,7.6));
#4568=CARTESIAN_POINT('',(-1.41203400542468,-0.412051208868853,7.599));
#4569=CARTESIAN_POINT('',(-1.41203400542468,-0.412051208868853,7.6));
#4570=CARTESIAN_POINT('',(-1.22259723902206,-0.348896572762446,7.599));
#4571=CARTESIAN_POINT('',(-1.22259723902206,-0.348896572762446,7.6));
#4572=CARTESIAN_POINT('',(-1.11001191722257,-0.20383592333925,7.599));
#4573=CARTESIAN_POINT('',(-1.11001191722257,-0.20383592333925,7.6));
#4574=CARTESIAN_POINT('',(-1.11511861625059,-0.0500855524548574,7.599));
#4575=CARTESIAN_POINT('',(-1.11511861625059,-0.0500855524548574,7.6));
#4576=CARTESIAN_POINT('',(-1.11414790996785,0.0149517684887458,7.599));
#4577=CARTESIAN_POINT('',(-1.11414790996785,0.0149517684887458,7.6));
#4578=CARTESIAN_POINT('',(-1.60418006430868,-0.34871382636656,7.6));
#4579=CARTESIAN_POINT('',(-1.5674596189583,-0.380472049372299,7.6));
#4580=CARTESIAN_POINT('',(-1.51543408360129,-0.396945337620579,7.6));
#4581=CARTESIAN_POINT('',(-1.4459807073955,-0.395980707395499,7.6));
#4582=CARTESIAN_POINT('',(-1.37655412130589,-0.395016449255365,7.6));
#4583=CARTESIAN_POINT('',(-1.31575562700965,-0.381511254019293,7.6));
#4584=CARTESIAN_POINT('',(-1.26173633440514,-0.351607717041801,7.6));
#4585=CARTESIAN_POINT('',(-1.20845540655189,-0.322112917694462,7.6));
#4586=CARTESIAN_POINT('',(-1.16913183279743,-0.280225080385852,7.6));
#4587=CARTESIAN_POINT('',(-1.14405144694534,-0.228135048231511,7.6));
#4588=CARTESIAN_POINT('',(-1.12496186595435,-0.188487456942545,7.6));
#4589=CARTESIAN_POINT('',(-1.11511254019293,-0.128778135048232,7.6));
#4590=CARTESIAN_POINT('',(-1.11511254019293,-0.0496784565916401,7.6));
#4591=CARTESIAN_POINT('',(-1.11511254019293,-0.0281350482315115,7.6));
#4592=CARTESIAN_POINT('',(-1.11446945337621,-0.0065916398713828,7.6));
#4593=CARTESIAN_POINT('',(-1.11414790996785,0.0149517684887458,7.6));
#4594=CARTESIAN_POINT('',(-1.60418006430868,-0.34871382636656,7.6));
#4595=CARTESIAN_POINT('',(-1.11414790996785,0.0149517684887458,7.6));
#4596=CARTESIAN_POINT('',(-1.60418006430868,-0.34871382636656,7.599));
#4597=CARTESIAN_POINT('',(-1.60418006430868,-0.34871382636656,7.599));
#4598=CARTESIAN_POINT('',(-1.60418006430868,-0.34871382636656,7.599));
#4599=CARTESIAN_POINT('',(-1.5674596189583,-0.380472049372299,7.599));
#4600=CARTESIAN_POINT('',(-1.51543408360129,-0.396945337620579,7.599));
#4601=CARTESIAN_POINT('',(-1.4459807073955,-0.395980707395499,7.599));
#4602=CARTESIAN_POINT('',(-1.37655412130589,-0.395016449255365,7.599));
#4603=CARTESIAN_POINT('',(-1.31575562700965,-0.381511254019293,7.599));
#4604=CARTESIAN_POINT('',(-1.26173633440514,-0.351607717041801,7.599));
#4605=CARTESIAN_POINT('',(-1.20845540655189,-0.322112917694462,7.599));
#4606=CARTESIAN_POINT('',(-1.16913183279743,-0.280225080385852,7.599));
#4607=CARTESIAN_POINT('',(-1.14405144694534,-0.228135048231511,7.599));
#4608=CARTESIAN_POINT('',(-1.12496186595435,-0.188487456942545,7.599));
#4609=CARTESIAN_POINT('',(-1.11511254019293,-0.128778135048232,7.599));
#4610=CARTESIAN_POINT('',(-1.11511254019293,-0.0496784565916401,7.599));
#4611=CARTESIAN_POINT('',(-1.11511254019293,-0.0281350482315115,7.599));
#4612=CARTESIAN_POINT('',(-1.11446945337621,-0.0065916398713828,7.599));
#4613=CARTESIAN_POINT('',(-1.11414790996785,0.0149517684887458,7.599));
#4614=CARTESIAN_POINT('',(-1.11414790996785,0.0149517684887458,7.599));
#4615=CARTESIAN_POINT('',(-1.11414790996785,0.0149517684887458,7.599));
#4616=CARTESIAN_POINT('',(-1.11414790996785,0.0149517684887458,7.599));
#4617=CARTESIAN_POINT('',(-1.11414790996785,0.0149517684887458,7.6));
#4618=CARTESIAN_POINT('',(-1.15600601248946,-0.00191642207966643,7.599));
#4619=CARTESIAN_POINT('',(-1.15600601248946,-0.00191642207966643,7.6));
#4620=CARTESIAN_POINT('',(-1.26072541379841,-0.0316151748128651,7.59899999999999));
#4621=CARTESIAN_POINT('',(-1.26072541379841,-0.0316151748128651,7.59999999999999));
#4622=CARTESIAN_POINT('',(-1.49296548178602,-0.0646494874321966,7.59900000000001));
#4623=CARTESIAN_POINT('',(-1.49296548178602,-0.0646494874321966,7.60000000000001));
#4624=CARTESIAN_POINT('',(-1.58599316177856,-0.0889081191604362,7.599));
#4625=CARTESIAN_POINT('',(-1.58599316177856,-0.0889081191604362,7.6));
#4626=CARTESIAN_POINT('',(-1.68300436236783,-0.196606147110988,7.599));
#4627=CARTESIAN_POINT('',(-1.68300436236783,-0.196606147110988,7.6));
#4628=CARTESIAN_POINT('',(-1.65488719620342,-0.30485900959273,7.599));
#4629=CARTESIAN_POINT('',(-1.65488719620342,-0.30485900959273,7.6));
#4630=CARTESIAN_POINT('',(-1.60418006430868,-0.34871382636656,7.599));
#4631=CARTESIAN_POINT('',(-1.60418006430868,-0.34871382636656,7.6));
#4632=CARTESIAN_POINT('',(-1.11414790996785,0.0149517684887458,7.6));
#4633=CARTESIAN_POINT('',(-1.17877813504823,-0.0110932475884245,7.6));
#4634=CARTESIAN_POINT('',(-1.27620578778135,-0.0332797427652735,7.6));
#4635=CARTESIAN_POINT('',(-1.4064308681672,-0.0516077170418008,7.6));
#4636=CARTESIAN_POINT('',(-1.47978319607851,-0.0619313780070954,7.6));
#4637=CARTESIAN_POINT('',(-1.53183279742765,-0.07475884244373,7.6));
#4638=CARTESIAN_POINT('',(-1.56270096463023,-0.0872990353697751,7.6));
#4639=CARTESIAN_POINT('',(-1.59390549912,-0.0999758775062464,7.6));
#4640=CARTESIAN_POINT('',(-1.61672025723473,-0.120096463022508,7.6));
#4641=CARTESIAN_POINT('',(-1.63311897106109,-0.145176848874598,7.6));
#4642=CARTESIAN_POINT('',(-1.65024840477817,-0.171374806324243,7.6));
#4643=CARTESIAN_POINT('',(-1.65819935691318,-0.1991961414791,7.6));
#4644=CARTESIAN_POINT('',(-1.65819935691318,-0.278295819935692,7.6));
#4645=CARTESIAN_POINT('',(-1.63987138263666,-0.317845659163987,7.6));
#4646=CARTESIAN_POINT('',(-1.60418006430868,-0.34871382636656,7.6));
#4647=CARTESIAN_POINT('',(-1.11414790996785,0.0149517684887458,7.599));
#4648=CARTESIAN_POINT('',(-1.17877813504823,-0.0110932475884245,7.599));
#4649=CARTESIAN_POINT('',(-1.27620578778135,-0.0332797427652735,7.599));
#4650=CARTESIAN_POINT('',(-1.4064308681672,-0.0516077170418008,7.599));
#4651=CARTESIAN_POINT('',(-1.47978319607851,-0.0619313780070954,7.599));
#4652=CARTESIAN_POINT('',(-1.53183279742765,-0.07475884244373,7.599));
#4653=CARTESIAN_POINT('',(-1.56270096463023,-0.0872990353697751,7.599));
#4654=CARTESIAN_POINT('',(-1.59390549912,-0.0999758775062464,7.599));
#4655=CARTESIAN_POINT('',(-1.61672025723473,-0.120096463022508,7.599));
#4656=CARTESIAN_POINT('',(-1.63311897106109,-0.145176848874598,7.599));
#4657=CARTESIAN_POINT('',(-1.65024840477817,-0.171374806324243,7.599));
#4658=CARTESIAN_POINT('',(-1.65819935691318,-0.1991961414791,7.599));
#4659=CARTESIAN_POINT('',(-1.65819935691318,-0.278295819935692,7.599));
#4660=CARTESIAN_POINT('',(-1.63987138263666,-0.317845659163987,7.599));
#4661=CARTESIAN_POINT('',(-1.60418006430868,-0.34871382636656,7.599));
#4662=CARTESIAN_POINT('',(-0.882636655948554,-0.511736334405145,7.599));
#4663=CARTESIAN_POINT('',(-0.882636655948554,-0.511736334405145,7.599));
#4664=CARTESIAN_POINT('',(-0.943729903536978,-0.511736334405145,7.599));
#4665=CARTESIAN_POINT('',(-1.0048231511254,-0.511736334405145,7.599));
#4666=CARTESIAN_POINT('',(-1.06591639871383,-0.511736334405145,7.599));
#4667=CARTESIAN_POINT('',(-1.08979099678457,-0.451085209003215,7.599));
#4668=CARTESIAN_POINT('',(-5.1,-4.05,7.6));
#4669=CARTESIAN_POINT('',(-0.488102893890676,-0.511736334405145,7.599));
#4670=CARTESIAN_POINT('',(-0.488102893890676,-0.511736334405145,7.599));
#4671=CARTESIAN_POINT('',(-0.488102893890676,-0.511736334405145,7.599));
#4672=CARTESIAN_POINT('',(-0.488102893890676,-0.511736334405145,7.599));
#4673=CARTESIAN_POINT('',(-0.54694533762058,-0.511736334405145,7.599));
#4674=CARTESIAN_POINT('',(-0.605787781350483,-0.511736334405145,7.599));
#4675=CARTESIAN_POINT('',(-0.664630225080386,-0.511736334405145,7.599));
#4676=CARTESIAN_POINT('',(-0.664630225080386,-0.511736334405145,7.599));
#4677=CARTESIAN_POINT('',(-0.664630225080386,-0.511736334405145,7.599));
#4678=CARTESIAN_POINT('',(-0.664630225080386,-0.511736334405145,7.599));
#4679=CARTESIAN_POINT('',(-0.664630225080386,-0.511736334405145,7.599));
#4680=CARTESIAN_POINT('',(-0.664630225080386,-0.161254019292605,7.599));
#4681=CARTESIAN_POINT('',(-0.664630225080387,0.189228295819936,7.599));
#4682=CARTESIAN_POINT('',(-0.664630225080387,0.539710610932476,7.599));
#4683=CARTESIAN_POINT('',(-0.664630225080387,0.539710610932476,7.599));
#4684=CARTESIAN_POINT('',(-0.664630225080387,0.539710610932476,7.599));
#4685=CARTESIAN_POINT('',(-0.664630225080387,0.539710610932476,7.599));
#4686=CARTESIAN_POINT('',(-0.664630225080387,0.539710610932476,7.599));
#4687=CARTESIAN_POINT('',(-0.611254019292605,0.539710610932476,7.599));
#4688=CARTESIAN_POINT('',(-0.557877813504824,0.539710610932476,7.599));
#4689=CARTESIAN_POINT('',(-0.504501607717042,0.539710610932476,7.599));
#4690=CARTESIAN_POINT('',(-0.504501607717042,0.539710610932476,7.599));
#4691=CARTESIAN_POINT('',(-0.504501607717042,0.539710610932476,7.599));
#4692=CARTESIAN_POINT('',(-0.504501607717042,0.539710610932476,7.599));
#4693=CARTESIAN_POINT('',(-0.504501607717042,0.539710610932476,7.599));
#4694=CARTESIAN_POINT('',(-0.504501607717042,0.486655948553055,7.599));
#4695=CARTESIAN_POINT('',(-0.504501607717042,0.433601286173633,7.599));
#4696=CARTESIAN_POINT('',(-0.504501607717042,0.380546623794212,7.599));
#4697=CARTESIAN_POINT('',(-0.504501607717042,0.380546623794212,7.599));
#4698=CARTESIAN_POINT('',(-0.504501607717042,0.380546623794212,7.599));
#4699=CARTESIAN_POINT('',(-0.504501607717042,0.380546623794212,7.599));
#4700=CARTESIAN_POINT('',(-0.504501607717042,0.380546623794212,7.6));
#4701=CARTESIAN_POINT('',(-0.450146782663757,0.480197136391901,7.599));
#4702=CARTESIAN_POINT('',(-0.450146782663757,0.480197136391901,7.6));
#4703=CARTESIAN_POINT('',(-0.362077035366149,0.589923403526215,7.599));
#4704=CARTESIAN_POINT('',(-0.362077035366149,0.589923403526215,7.6));
#4705=CARTESIAN_POINT('',(-0.181572312960627,0.556246648491779,7.599));
#4706=CARTESIAN_POINT('',(-0.181572312960627,0.556246648491779,7.6));
#4707=CARTESIAN_POINT('',(-0.100321543408361,0.505948553054662,7.599));
#4708=CARTESIAN_POINT('',(-0.100321543408361,0.505948553054662,7.6));
#4709=CARTESIAN_POINT('',(-0.504501607717042,0.380546623794212,7.599));
#4710=CARTESIAN_POINT('',(-0.463987138263666,0.454823151125402,7.599));
#4711=CARTESIAN_POINT('',(-0.427331189710612,0.504019292604502,7.599));
#4712=CARTESIAN_POINT('',(-0.393569131832798,0.527170418006431,7.599));
#4713=CARTESIAN_POINT('',(-0.358701043186083,0.551079964507035,7.599));
#4714=CARTESIAN_POINT('',(-0.321221864951769,0.562861736334405,7.599));
#4715=CARTESIAN_POINT('',(-0.220900321543408,0.562861736334405,7.599));
#4716=CARTESIAN_POINT('',(-0.161093247588425,0.543569131832797,7.599));
#4717=CARTESIAN_POINT('',(-0.100321543408361,0.505948553054662,7.599));
#4718=CARTESIAN_POINT('',(-0.100321543408361,0.505948553054662,7.599));
#4719=CARTESIAN_POINT('',(-0.100321543408361,0.505948553054662,7.599));
#4720=CARTESIAN_POINT('',(-0.100321543408361,0.505948553054662,7.599));
#4721=CARTESIAN_POINT('',(-0.100321543408361,0.505948553054662,7.599));
#4722=CARTESIAN_POINT('',(-0.120900321543409,0.451607717041801,7.599));
#4723=CARTESIAN_POINT('',(-0.141479099678457,0.397266881028939,7.599));
#4724=CARTESIAN_POINT('',(-0.162057877813505,0.342926045016077,7.599));
#4725=CARTESIAN_POINT('',(-0.162057877813505,0.342926045016077,7.599));
#4726=CARTESIAN_POINT('',(-0.162057877813505,0.342926045016077,7.599));
#4727=CARTESIAN_POINT('',(-0.162057877813505,0.342926045016077,7.599));
#4728=CARTESIAN_POINT('',(-0.162057877813505,0.342926045016077,7.6));
#4729=CARTESIAN_POINT('',(-0.25387519347944,0.395094974371721,7.599));
#4730=CARTESIAN_POINT('',(-0.25387519347944,0.395094974371721,7.6));
#4731=CARTESIAN_POINT('',(-0.466032032480011,0.366561521226766,7.599));
#4732=CARTESIAN_POINT('',(-0.466032032480011,0.366561521226766,7.6));
#4733=CARTESIAN_POINT('',(-0.493873949876364,0.0432469451557143,7.599));
#4734=CARTESIAN_POINT('',(-0.493873949876364,0.0432469451557143,7.6));
#4735=CARTESIAN_POINT('',(-0.486454020751908,-0.228088079611234,7.599));
#4736=CARTESIAN_POINT('',(-0.486454020751908,-0.228088079611234,7.6));
#4737=CARTESIAN_POINT('',(-0.488102893890676,-0.417933172505778,7.599));
#4738=CARTESIAN_POINT('',(-0.488102893890676,-0.417933172505778,7.6));
#4739=CARTESIAN_POINT('',(-0.488102893890676,-0.511736334405145,7.599));
#4740=CARTESIAN_POINT('',(-0.488102893890676,-0.511736334405145,7.6));
#4741=CARTESIAN_POINT('',(-0.162057877813505,0.342926045016077,7.599));
#4742=CARTESIAN_POINT('',(-0.204501607717042,0.367041800643087,7.599));
#4743=CARTESIAN_POINT('',(-0.247909967845659,0.379581993569132,7.599));
#4744=CARTESIAN_POINT('',(-0.327974276527331,0.379581993569132,7.599));
#4745=CARTESIAN_POINT('',(-0.362700964630226,0.368006430868167,7.599));
#4746=CARTESIAN_POINT('',(-0.392604501607717,0.343890675241158,7.599));
#4747=CARTESIAN_POINT('',(-0.422621166720055,0.319683687247337,7.599));
#4748=CARTESIAN_POINT('',(-0.444694533762058,0.287942122186495,7.599));
#4749=CARTESIAN_POINT('',(-0.458199356913184,0.246463022508039,7.599));
#4750=CARTESIAN_POINT('',(-0.478790084827711,0.183220072484847,7.599));
#4751=CARTESIAN_POINT('',(-0.488102893890676,0.113344051446945,7.599));
#4752=CARTESIAN_POINT('',(-0.488102893890676,0.0381028938906751,7.599));
#4753=CARTESIAN_POINT('',(-0.488102893890676,-0.145176848874598,7.599));
#4754=CARTESIAN_POINT('',(-0.488102893890676,-0.328456591639871,7.599));
#4755=CARTESIAN_POINT('',(-0.488102893890676,-0.511736334405145,7.599));
#4756=CARTESIAN_POINT('',(-0.338968291589171,0.554072647984028,7.599));
#4757=CARTESIAN_POINT('',(0.188102893890675,-0.511736334405145,7.599));
#4758=CARTESIAN_POINT('',(0.188102893890675,-0.511736334405145,7.599));
#4759=CARTESIAN_POINT('',(0.188102893890675,-0.511736334405145,7.599));
#4760=CARTESIAN_POINT('',(0.188102893890675,-0.511736334405145,7.599));
#4761=CARTESIAN_POINT('',(0.0106109324758838,-0.511736334405145,7.599));
#4762=CARTESIAN_POINT('',(0.0106109324758838,-0.511736334405145,7.599));
#4763=CARTESIAN_POINT('',(0.0106109324758838,-0.511736334405145,7.599));
#4764=CARTESIAN_POINT('',(0.0106109324758838,-0.511736334405145,7.599));
#4765=CARTESIAN_POINT('',(0.0106109324758838,-0.511736334405145,7.599));
#4766=CARTESIAN_POINT('',(0.0106109324758836,0.937138263665595,7.599));
#4767=CARTESIAN_POINT('',(0.0106109324758836,0.937138263665595,7.599));
#4768=CARTESIAN_POINT('',(0.0106109324758836,0.937138263665595,7.599));
#4769=CARTESIAN_POINT('',(0.0106109324758836,0.937138263665595,7.599));
#4770=CARTESIAN_POINT('',(0.0106109324758836,0.937138263665595,7.599));
#4771=CARTESIAN_POINT('',(0.188102893890675,0.937138263665595,7.599));
#4772=CARTESIAN_POINT('',(0.188102893890675,0.937138263665595,7.599));
#4773=CARTESIAN_POINT('',(0.188102893890675,0.937138263665595,7.599));
#4774=CARTESIAN_POINT('',(0.188102893890675,0.937138263665595,7.599));
#4775=CARTESIAN_POINT('',(0.188102893890675,0.937138263665595,7.599));
#4776=CARTESIAN_POINT('',(0.188102893890675,0.113344051446945,7.599));
#4777=CARTESIAN_POINT('',(0.188102893890675,0.113344051446945,7.599));
#4778=CARTESIAN_POINT('',(0.188102893890675,0.113344051446945,7.599));
#4779=CARTESIAN_POINT('',(0.188102893890675,0.113344051446945,7.599));
#4780=CARTESIAN_POINT('',(0.188102893890675,0.113344051446945,7.599));
#4781=CARTESIAN_POINT('',(0.611575562700963,0.539710610932476,7.599));
#4782=CARTESIAN_POINT('',(0.611575562700963,0.539710610932476,7.599));
#4783=CARTESIAN_POINT('',(0.611575562700963,0.539710610932476,7.599));
#4784=CARTESIAN_POINT('',(0.611575562700963,0.539710610932476,7.599));
#4785=CARTESIAN_POINT('',(0.611575562700963,0.539710610932476,7.599));
#4786=CARTESIAN_POINT('',(0.843086816720257,0.539710610932476,7.599));
#4787=CARTESIAN_POINT('',(0.843086816720257,0.539710610932476,7.599));
#4788=CARTESIAN_POINT('',(0.843086816720257,0.539710610932476,7.599));
#4789=CARTESIAN_POINT('',(0.843086816720257,0.539710610932476,7.599));
#4790=CARTESIAN_POINT('',(0.843086816720257,0.539710610932476,7.599));
#4791=CARTESIAN_POINT('',(0.439871382636656,0.148070739549839,7.599));
#4792=CARTESIAN_POINT('',(0.439871382636656,0.148070739549839,7.599));
#4793=CARTESIAN_POINT('',(0.439871382636656,0.148070739549839,7.599));
#4794=CARTESIAN_POINT('',(0.439871382636656,0.148070739549839,7.599));
#4795=CARTESIAN_POINT('',(0.439871382636656,0.148070739549839,7.599));
#4796=CARTESIAN_POINT('',(0.883601286173633,-0.511736334405145,7.599));
#4797=CARTESIAN_POINT('',(0.883601286173633,-0.511736334405145,7.599));
#4798=CARTESIAN_POINT('',(0.883601286173633,-0.511736334405145,7.599));
#4799=CARTESIAN_POINT('',(0.883601286173633,-0.511736334405145,7.599));
#4800=CARTESIAN_POINT('',(0.883601286173633,-0.511736334405145,7.599));
#4801=CARTESIAN_POINT('',(0.663665594855305,-0.511736334405145,7.599));
#4802=CARTESIAN_POINT('',(0.663665594855305,-0.511736334405145,7.599));
#4803=CARTESIAN_POINT('',(0.663665594855305,-0.511736334405145,7.599));
#4804=CARTESIAN_POINT('',(0.663665594855305,-0.511736334405145,7.599));
#4805=CARTESIAN_POINT('',(0.663665594855305,-0.511736334405145,7.599));
#4806=CARTESIAN_POINT('',(0.311575562700964,0.0236334405144695,7.599));
#4807=CARTESIAN_POINT('',(0.311575562700964,0.0236334405144695,7.599));
#4808=CARTESIAN_POINT('',(0.311575562700964,0.0236334405144695,7.599));
#4809=CARTESIAN_POINT('',(0.311575562700964,0.0236334405144695,7.599));
#4810=CARTESIAN_POINT('',(0.311575562700964,0.0236334405144695,7.599));
#4811=CARTESIAN_POINT('',(0.188102893890675,-0.0959807073954983,7.599));
#4812=CARTESIAN_POINT('',(0.188102893890675,-0.0959807073954983,7.599));
#4813=CARTESIAN_POINT('',(0.188102893890675,-0.0959807073954983,7.599));
#4814=CARTESIAN_POINT('',(0.188102893890675,-0.0959807073954983,7.599));
#4815=CARTESIAN_POINT('',(0.188102893890675,-0.0959807073954983,7.599));
#4816=CARTESIAN_POINT('',(0.188102893890675,-0.511736334405145,7.599));
#4817=CARTESIAN_POINT('',(0.0993569131832796,-0.511736334405145,7.599));
#4818=CARTESIAN_POINT('',(1.20385852090032,0.733601286173634,7.599));
#4819=CARTESIAN_POINT('',(1.20385852090032,0.733601286173634,7.599));
#4820=CARTESIAN_POINT('',(1.20385852090032,0.733601286173634,7.599));
#4821=CARTESIAN_POINT('',(1.20385852090032,0.733601286173634,7.599));
#4822=CARTESIAN_POINT('',(1.02636655948553,0.733601286173634,7.599));
#4823=CARTESIAN_POINT('',(1.02636655948553,0.733601286173634,7.599));
#4824=CARTESIAN_POINT('',(1.02636655948553,0.733601286173634,7.599));
#4825=CARTESIAN_POINT('',(1.02636655948553,0.733601286173634,7.599));
#4826=CARTESIAN_POINT('',(1.02636655948553,0.733601286173634,7.599));
#4827=CARTESIAN_POINT('',(1.02636655948553,0.937138263665595,7.599));
#4828=CARTESIAN_POINT('',(1.02636655948553,0.937138263665595,7.599));
#4829=CARTESIAN_POINT('',(1.02636655948553,0.937138263665595,7.599));
#4830=CARTESIAN_POINT('',(1.02636655948553,0.937138263665595,7.599));
#4831=CARTESIAN_POINT('',(1.02636655948553,0.937138263665595,7.599));
#4832=CARTESIAN_POINT('',(1.20385852090032,0.937138263665595,7.599));
#4833=CARTESIAN_POINT('',(1.20385852090032,0.937138263665595,7.599));
#4834=CARTESIAN_POINT('',(1.20385852090032,0.937138263665595,7.599));
#4835=CARTESIAN_POINT('',(1.20385852090032,0.937138263665595,7.599));
#4836=CARTESIAN_POINT('',(1.20385852090032,0.937138263665595,7.599));
#4837=CARTESIAN_POINT('',(1.20385852090032,0.733601286173634,7.599));
#4838=CARTESIAN_POINT('',(1.11511254019293,0.733601286173634,7.599));
#4839=CARTESIAN_POINT('',(1.20385852090032,-0.511736334405144,7.599));
#4840=CARTESIAN_POINT('',(1.20385852090032,-0.511736334405144,7.599));
#4841=CARTESIAN_POINT('',(1.20385852090032,-0.511736334405144,7.599));
#4842=CARTESIAN_POINT('',(1.20385852090032,-0.511736334405144,7.599));
#4843=CARTESIAN_POINT('',(1.02636655948553,-0.511736334405145,7.599));
#4844=CARTESIAN_POINT('',(1.02636655948553,-0.511736334405145,7.599));
#4845=CARTESIAN_POINT('',(1.02636655948553,-0.511736334405145,7.599));
#4846=CARTESIAN_POINT('',(1.02636655948553,-0.511736334405145,7.599));
#4847=CARTESIAN_POINT('',(1.02636655948553,-0.511736334405145,7.599));
#4848=CARTESIAN_POINT('',(1.02636655948553,0.539710610932476,7.599));
#4849=CARTESIAN_POINT('',(1.02636655948553,0.539710610932476,7.599));
#4850=CARTESIAN_POINT('',(1.02636655948553,0.539710610932476,7.599));
#4851=CARTESIAN_POINT('',(1.02636655948553,0.539710610932476,7.599));
#4852=CARTESIAN_POINT('',(1.02636655948553,0.539710610932476,7.599));
#4853=CARTESIAN_POINT('',(1.20385852090032,0.539710610932476,7.599));
#4854=CARTESIAN_POINT('',(1.20385852090032,0.539710610932476,7.599));
#4855=CARTESIAN_POINT('',(1.20385852090032,0.539710610932476,7.599));
#4856=CARTESIAN_POINT('',(1.20385852090032,0.539710610932476,7.599));
#4857=CARTESIAN_POINT('',(1.20385852090032,0.539710610932476,7.599));
#4858=CARTESIAN_POINT('',(1.20385852090032,-0.511736334405144,7.599));
#4859=CARTESIAN_POINT('',(1.11511254019293,-0.511736334405144,7.599));
#4860=CARTESIAN_POINT('',(1.64951768488746,-0.511736334405144,7.599));
#4861=CARTESIAN_POINT('',(1.64951768488746,-0.511736334405144,7.599));
#4862=CARTESIAN_POINT('',(1.64951768488746,-0.511736334405144,7.599));
#4863=CARTESIAN_POINT('',(1.64951768488746,-0.511736334405144,7.599));
#4864=CARTESIAN_POINT('',(1.5903536977492,-0.511736334405144,7.599));
#4865=CARTESIAN_POINT('',(1.53118971061093,-0.511736334405144,7.599));
#4866=CARTESIAN_POINT('',(1.47202572347267,-0.511736334405144,7.599));
#4867=CARTESIAN_POINT('',(1.47202572347267,-0.511736334405144,7.599));
#4868=CARTESIAN_POINT('',(1.47202572347267,-0.511736334405144,7.599));
#4869=CARTESIAN_POINT('',(1.47202572347267,-0.511736334405144,7.599));
#4870=CARTESIAN_POINT('',(1.47202572347267,-0.511736334405144,7.599));
#4871=CARTESIAN_POINT('',(1.47202572347267,-0.161254019292604,7.599));
#4872=CARTESIAN_POINT('',(1.47202572347267,0.189228295819936,7.599));
#4873=CARTESIAN_POINT('',(1.47202572347267,0.539710610932476,7.599));
#4874=CARTESIAN_POINT('',(1.47202572347267,0.539710610932476,7.599));
#4875=CARTESIAN_POINT('',(1.47202572347267,0.539710610932476,7.599));
#4876=CARTESIAN_POINT('',(1.47202572347267,0.539710610932476,7.599));
#4877=CARTESIAN_POINT('',(1.47202572347267,0.539710610932476,7.599));
#4878=CARTESIAN_POINT('',(1.52540192926045,0.539710610932476,7.599));
#4879=CARTESIAN_POINT('',(1.57877813504823,0.539710610932476,7.599));
#4880=CARTESIAN_POINT('',(1.63215434083601,0.539710610932476,7.599));
#4881=CARTESIAN_POINT('',(1.63215434083601,0.539710610932476,7.599));
#4882=CARTESIAN_POINT('',(1.63215434083601,0.539710610932476,7.599));
#4883=CARTESIAN_POINT('',(1.63215434083601,0.539710610932476,7.599));
#4884=CARTESIAN_POINT('',(1.63215434083601,0.539710610932476,7.599));
#4885=CARTESIAN_POINT('',(1.63215434083601,0.489871382636656,7.599));
#4886=CARTESIAN_POINT('',(1.63215434083601,0.440032154340836,7.599));
#4887=CARTESIAN_POINT('',(1.63215434083601,0.390192926045016,7.599));
#4888=CARTESIAN_POINT('',(1.63215434083601,0.390192926045016,7.599));
#4889=CARTESIAN_POINT('',(1.63215434083601,0.390192926045016,7.599));
#4890=CARTESIAN_POINT('',(1.63215434083601,0.390192926045016,7.599));
#4891=CARTESIAN_POINT('',(1.63215434083601,0.390192926045016,7.6));
#4892=CARTESIAN_POINT('',(1.71386791691355,0.511741870460359,7.599));
#4893=CARTESIAN_POINT('',(1.71386791691355,0.511741870460359,7.6));
#4894=CARTESIAN_POINT('',(1.91247694445856,0.595585896030535,7.599));
#4895=CARTESIAN_POINT('',(1.91247694445856,0.595585896030535,7.6));
#4896=CARTESIAN_POINT('',(2.21813117000251,0.523478484495196,7.599));
#4897=CARTESIAN_POINT('',(2.21813117000251,0.523478484495196,7.6));
#4898=CARTESIAN_POINT('',(2.31290407031253,0.354087870896642,7.599));
#4899=CARTESIAN_POINT('',(2.31290407031253,0.354087870896642,7.6));
#4900=CARTESIAN_POINT('',(2.32428953463511,0.255816285433742,7.599));
#4901=CARTESIAN_POINT('',(2.32428953463511,0.255816285433742,7.6));
#4902=CARTESIAN_POINT('',(2.32805871332748,0.0695009555154246,7.599));
#4903=CARTESIAN_POINT('',(2.32805871332748,0.0695009555154246,7.6));
#4904=CARTESIAN_POINT('',(2.3256601450687,-0.147618356893902,7.599));
#4905=CARTESIAN_POINT('',(2.3256601450687,-0.147618356893902,7.6));
#4906=CARTESIAN_POINT('',(2.32668810289389,-0.371068915512543,7.599));
#4907=CARTESIAN_POINT('',(2.32668810289389,-0.371068915512543,7.6));
#4908=CARTESIAN_POINT('',(2.32668810289389,-0.511736334405144,7.599));
#4909=CARTESIAN_POINT('',(2.32668810289389,-0.511736334405144,7.6));
#4910=CARTESIAN_POINT('',(1.63215434083601,0.390192926045016,7.599));
#4911=CARTESIAN_POINT('',(1.70932475884244,0.504983922829582,7.599));
#4912=CARTESIAN_POINT('',(1.82122186495177,0.562861736334405,7.599));
#4913=CARTESIAN_POINT('',(2.03054662379421,0.562861736334405,7.599));
#4914=CARTESIAN_POINT('',(2.08842443729904,0.551286173633441,7.599));
#4915=CARTESIAN_POINT('',(2.14147909967846,0.529099678456592,7.599));
#4916=CARTESIAN_POINT('',(2.1948771096197,0.50676960157207,7.599));
#4917=CARTESIAN_POINT('',(2.23504823151125,0.476045016077171,7.599));
#4918=CARTESIAN_POINT('',(2.26109324758842,0.439389067524116,7.599));
#4919=CARTESIAN_POINT('',(2.28759372183906,0.402092103763966,7.599));
#4920=CARTESIAN_POINT('',(2.3064308681672,0.358360128617364,7.599));
#4921=CARTESIAN_POINT('',(2.31607717041801,0.307234726688103,7.599));
#4922=CARTESIAN_POINT('',(2.32228475990357,0.274334502414616,7.599));
#4923=CARTESIAN_POINT('',(2.32668810289389,0.216559485530547,7.599));
#4924=CARTESIAN_POINT('',(2.32668810289389,0.134565916398714,7.599));
#4925=CARTESIAN_POINT('',(2.32668810289389,-0.080868167202572,7.599));
#4926=CARTESIAN_POINT('',(2.32668810289389,-0.296302250803858,7.599));
#4927=CARTESIAN_POINT('',(2.32668810289389,-0.511736334405144,7.599));
#4928=CARTESIAN_POINT('',(2.32668810289389,-0.511736334405144,7.599));
#4929=CARTESIAN_POINT('',(2.32668810289389,-0.511736334405144,7.599));
#4930=CARTESIAN_POINT('',(2.32668810289389,-0.511736334405144,7.599));
#4931=CARTESIAN_POINT('',(2.32668810289389,-0.511736334405144,7.599));
#4932=CARTESIAN_POINT('',(2.26752411575563,-0.511736334405144,7.599));
#4933=CARTESIAN_POINT('',(2.20836012861736,-0.511736334405144,7.599));
#4934=CARTESIAN_POINT('',(2.1491961414791,-0.511736334405144,7.599));
#4935=CARTESIAN_POINT('',(2.1491961414791,-0.511736334405144,7.599));
#4936=CARTESIAN_POINT('',(2.1491961414791,-0.511736334405144,7.599));
#4937=CARTESIAN_POINT('',(2.1491961414791,-0.511736334405144,7.599));
#4938=CARTESIAN_POINT('',(2.1491961414791,-0.511736334405144,7.6));
#4939=CARTESIAN_POINT('',(2.1491961414791,-0.422695745866754,7.599));
#4940=CARTESIAN_POINT('',(2.1491961414791,-0.422695745866754,7.6));
#4941=CARTESIAN_POINT('',(2.15080574422436,-0.242987220369764,7.599));
#4942=CARTESIAN_POINT('',(2.15080574422436,-0.242987220369764,7.6));
#4943=CARTESIAN_POINT('',(2.14356253187069,0.01681147735445,7.599));
#4944=CARTESIAN_POINT('',(2.14356253187069,0.01681147735445,7.6));
#4945=CARTESIAN_POINT('',(2.16569456961802,0.261788989478365,7.599));
#4946=CARTESIAN_POINT('',(2.16569456961802,0.261788989478365,7.6));
#4947=CARTESIAN_POINT('',(2.06289879079335,0.392348142381648,7.599));
#4948=CARTESIAN_POINT('',(2.06289879079335,0.392348142381648,7.6));
#4949=CARTESIAN_POINT('',(1.90544972786173,0.419910931216284,7.599));
#4950=CARTESIAN_POINT('',(1.90544972786173,0.419910931216284,7.6));
#4951=CARTESIAN_POINT('',(1.80555825230287,0.390444696508277,7.599));
#4952=CARTESIAN_POINT('',(1.80555825230287,0.390444696508277,7.6));
#4953=CARTESIAN_POINT('',(1.70831801911302,0.330417718992837,7.599));
#4954=CARTESIAN_POINT('',(1.70831801911302,0.330417718992837,7.6));
#4955=CARTESIAN_POINT('',(1.6515479573878,0.203998566589193,7.599));
#4956=CARTESIAN_POINT('',(1.6515479573878,0.203998566589193,7.6));
#4957=CARTESIAN_POINT('',(1.64897437252821,0.00939656271027092,7.599));
#4958=CARTESIAN_POINT('',(1.64897437252821,0.00939656271027092,7.6));
#4959=CARTESIAN_POINT('',(1.64966066182411,-0.107819257797595,7.599));
#4960=CARTESIAN_POINT('',(1.64966066182411,-0.107819257797595,7.6));
#4961=CARTESIAN_POINT('',(1.64943189872547,-0.291260065271602,7.599));
#4962=CARTESIAN_POINT('',(1.64943189872547,-0.291260065271602,7.6));
#4963=CARTESIAN_POINT('',(1.64951768488746,-0.422731235347823,7.599));
#4964=CARTESIAN_POINT('',(1.64951768488746,-0.422731235347823,7.6));
#4965=CARTESIAN_POINT('',(1.64951768488746,-0.511736334405145,7.599));
#4966=CARTESIAN_POINT('',(1.64951768488746,-0.511736334405145,7.6));
#4967=CARTESIAN_POINT('',(2.1491961414791,-0.511736334405144,7.599));
#4968=CARTESIAN_POINT('',(2.1491961414791,-0.298231511254019,7.599));
#4969=CARTESIAN_POINT('',(2.1491961414791,-0.0847266881028936,7.599));
#4970=CARTESIAN_POINT('',(2.1491961414791,0.128778135048232,7.599));
#4971=CARTESIAN_POINT('',(2.1491961414791,0.201125401929261,7.599));
#4972=CARTESIAN_POINT('',(2.14244372990354,0.255144694533762,7.599));
#4973=CARTESIAN_POINT('',(2.12893890675241,0.291800643086817,7.599));
#4974=CARTESIAN_POINT('',(2.1156317151596,0.327920163124461,7.599));
#4975=CARTESIAN_POINT('',(2.0903536977492,0.356430868167203,7.599));
#4976=CARTESIAN_POINT('',(2.01897106109325,0.39887459807074,7.599));
#4977=CARTESIAN_POINT('',(1.97749196141479,0.409485530546624,7.599));
#4978=CARTESIAN_POINT('',(1.92926045016077,0.410450160771704,7.599));
#4979=CARTESIAN_POINT('',(1.85310441739703,0.411973281426979,7.599));
#4980=CARTESIAN_POINT('',(1.78745980707396,0.385369774919614,7.599));
#4981=CARTESIAN_POINT('',(1.67749196141479,0.288906752411576,7.599));
#4982=CARTESIAN_POINT('',(1.64951768488746,0.197266881028939,7.599));
#4983=CARTESIAN_POINT('',(1.64951768488746,0.0631832797427655,7.599));
#4984=CARTESIAN_POINT('',(1.64951768488746,-0.128456591639871,7.599));
#4985=CARTESIAN_POINT('',(1.64951768488746,-0.320096463022508,7.599));
#4986=CARTESIAN_POINT('',(1.64951768488746,-0.511736334405144,7.599));
#4987=CARTESIAN_POINT('',(2.31038103173272,0.332623383315578,7.599));
#4988=CARTESIAN_POINT('',(3.45819935691318,0.539710610932477,7.599));
#4989=CARTESIAN_POINT('',(3.45819935691318,0.539710610932477,7.6));
#4990=CARTESIAN_POINT('',(3.45819935691318,0.341329221619192,7.599));
#4991=CARTESIAN_POINT('',(3.45819935691318,0.341329221619192,7.6));
#4992=CARTESIAN_POINT('',(3.45655113339915,0.0254771548742572,7.599));
#4993=CARTESIAN_POINT('',(3.45655113339915,0.0254771548742572,7.6));
#4994=CARTESIAN_POINT('',(3.46039698826523,-0.279036983282303,7.599));
#4995=CARTESIAN_POINT('',(3.46039698826523,-0.279036983282303,7.6));
#4996=CARTESIAN_POINT('',(3.45435350204709,-0.54444497610396,7.599));
#4997=CARTESIAN_POINT('',(3.45435350204709,-0.54444497610396,7.6));
#4998=CARTESIAN_POINT('',(3.43090156532441,-0.673259178327566,7.599));
#4999=CARTESIAN_POINT('',(3.43090156532441,-0.673259178327566,7.6));
#5000=CARTESIAN_POINT('',(3.38091355215688,-0.774278838415011,7.599));
#5001=CARTESIAN_POINT('',(3.38091355215688,-0.774278838415011,7.6));
#5002=CARTESIAN_POINT('',(3.25310963006167,-0.899458050470885,7.599));
#5003=CARTESIAN_POINT('',(3.25310963006167,-0.899458050470885,7.6));
#5004=CARTESIAN_POINT('',(2.97809281504715,-0.962033837662407,7.599));
#5005=CARTESIAN_POINT('',(2.97809281504715,-0.962033837662407,7.6));
#5006=CARTESIAN_POINT('',(2.65069123794011,-0.887691062167718,7.599));
#5007=CARTESIAN_POINT('',(2.65069123794011,-0.887691062167718,7.6));
#5008=CARTESIAN_POINT('',(2.56392440114574,-0.713882450968397,7.599));
#5009=CARTESIAN_POINT('',(2.56392440114574,-0.713882450968397,7.6));
#5010=CARTESIAN_POINT('',(2.56688102893891,-0.597588424437299,7.599));
#5011=CARTESIAN_POINT('',(2.56688102893891,-0.597588424437299,7.6));
#5012=CARTESIAN_POINT('',(3.45819935691318,0.539710610932477,7.599));
#5013=CARTESIAN_POINT('',(3.45819935691318,0.539710610932477,7.599));
#5014=CARTESIAN_POINT('',(3.45819935691318,0.539710610932477,7.599));
#5015=CARTESIAN_POINT('',(3.45819935691318,0.236816720257235,7.599));
#5016=CARTESIAN_POINT('',(3.45819935691318,-0.066077170418006,7.599));
#5017=CARTESIAN_POINT('',(3.45819935691318,-0.368971061093247,7.599));
#5018=CARTESIAN_POINT('',(3.45819935691318,-0.531993569131832,7.599));
#5019=CARTESIAN_POINT('',(3.44180064308682,-0.647749196141479,7.599));
#5020=CARTESIAN_POINT('',(3.408038585209,-0.716237942122186,7.599));
#5021=CARTESIAN_POINT('',(3.37446511207835,-0.784344130472934,7.599));
#5022=CARTESIAN_POINT('',(3.32218649517685,-0.838745980707395,7.599));
#5023=CARTESIAN_POINT('',(3.17749196141479,-0.917845659163987,7.599));
#5024=CARTESIAN_POINT('',(3.0887459807074,-0.937138263665594,7.599));
#5025=CARTESIAN_POINT('',(2.8572347266881,-0.937138263665594,7.599));
#5026=CARTESIAN_POINT('',(2.75594855305466,-0.909163987138263,7.599));
#5027=CARTESIAN_POINT('',(2.67877813504823,-0.853215434083601,7.599));
#5028=CARTESIAN_POINT('',(2.60114931021628,-0.796934536080438,7.599));
#5029=CARTESIAN_POINT('',(2.56398713826367,-0.711414790996784,7.599));
#5030=CARTESIAN_POINT('',(2.56688102893891,-0.597588424437299,7.599));
#5031=CARTESIAN_POINT('',(2.56688102893891,-0.597588424437299,7.599));
#5032=CARTESIAN_POINT('',(2.56688102893891,-0.597588424437299,7.599));
#5033=CARTESIAN_POINT('',(2.56688102893891,-0.597588424437299,7.599));
#5034=CARTESIAN_POINT('',(2.56688102893891,-0.597588424437299,7.599));
#5035=CARTESIAN_POINT('',(2.62475884244373,-0.605305466237942,7.599));
#5036=CARTESIAN_POINT('',(2.68263665594855,-0.613022508038585,7.599));
#5037=CARTESIAN_POINT('',(2.74051446945338,-0.620739549839228,7.599));
#5038=CARTESIAN_POINT('',(2.74051446945338,-0.620739549839228,7.599));
#5039=CARTESIAN_POINT('',(2.74051446945338,-0.620739549839228,7.599));
#5040=CARTESIAN_POINT('',(2.74051446945338,-0.620739549839228,7.599));
#5041=CARTESIAN_POINT('',(2.74051446945338,-0.620739549839228,7.6));
#5042=CARTESIAN_POINT('',(2.75190239330038,-0.713469786879086,7.599));
#5043=CARTESIAN_POINT('',(2.75190239330038,-0.713469786879086,7.6));
#5044=CARTESIAN_POINT('',(2.86066238345816,-0.80549527754638,7.599));
#5045=CARTESIAN_POINT('',(2.86066238345816,-0.80549527754638,7.6));
#5046=CARTESIAN_POINT('',(3.17761090068394,-0.790706694293244,7.59900000000001));
#5047=CARTESIAN_POINT('',(3.17761090068394,-0.790706694293244,7.60000000000001));
#5048=CARTESIAN_POINT('',(3.28640001426499,-0.603832925514859,7.599));
#5049=CARTESIAN_POINT('',(3.28640001426499,-0.603832925514859,7.6));
#5050=CARTESIAN_POINT('',(3.28167202572347,-0.493716512610536,7.599));
#5051=CARTESIAN_POINT('',(3.28167202572347,-0.493716512610536,7.6));
#5052=CARTESIAN_POINT('',(3.28167202572347,-0.37572347266881,7.599));
#5053=CARTESIAN_POINT('',(3.28167202572347,-0.37572347266881,7.6));
#5054=CARTESIAN_POINT('',(2.74051446945338,-0.620739549839228,7.599));
#5055=CARTESIAN_POINT('',(2.74726688102894,-0.67572347266881,7.599));
#5056=CARTESIAN_POINT('',(2.76752411575563,-0.715273311897106,7.599));
#5057=CARTESIAN_POINT('',(2.80128617363344,-0.740353697749196,7.599));
#5058=CARTESIAN_POINT('',(2.84604176850566,-0.773600711082844,7.599));
#5059=CARTESIAN_POINT('',(2.9064308681672,-0.791479099678456,7.599));
#5060=CARTESIAN_POINT('',(3.06752411575563,-0.791479099678456,7.599));
#5061=CARTESIAN_POINT('',(3.13118971061093,-0.77508038585209,7.599));
#5062=CARTESIAN_POINT('',(3.22186495176849,-0.709485530546623,7.599));
#5063=CARTESIAN_POINT('',(3.25273311897106,-0.663183279742765,7.599));
#5064=CARTESIAN_POINT('',(3.26816720257235,-0.603376205787781,7.599));
#5065=CARTESIAN_POINT('',(3.27740506626931,-0.567579483962042,7.599));
#5066=CARTESIAN_POINT('',(3.28167202572347,-0.491479099678456,7.599));
#5067=CARTESIAN_POINT('',(3.28167202572347,-0.37572347266881,7.599));
#5068=CARTESIAN_POINT('',(3.28167202572347,-0.37572347266881,7.599));
#5069=CARTESIAN_POINT('',(3.28167202572347,-0.37572347266881,7.599));
#5070=CARTESIAN_POINT('',(3.28167202572347,-0.37572347266881,7.599));
#5071=CARTESIAN_POINT('',(3.28167202572347,-0.37572347266881,7.6));
#5072=CARTESIAN_POINT('',(3.14053973479681,-0.539230395083845,7.599));
#5073=CARTESIAN_POINT('',(3.14053973479681,-0.539230395083845,7.6));
#5074=CARTESIAN_POINT('',(2.67736370697304,-0.550067422731897,7.599));
#5075=CARTESIAN_POINT('',(2.67736370697304,-0.550067422731897,7.6));
#5076=CARTESIAN_POINT('',(2.45396810317678,0.0253112268813528,7.599));
#5077=CARTESIAN_POINT('',(2.45396810317678,0.0253112268813528,7.6));
#5078=CARTESIAN_POINT('',(2.70580286867142,0.624996943485593,7.599));
#5079=CARTESIAN_POINT('',(2.70580286867142,0.624996943485593,7.6));
#5080=CARTESIAN_POINT('',(3.16535764798405,0.576341525228936,7.599));
#5081=CARTESIAN_POINT('',(3.16535764798405,0.576341525228936,7.6));
#5082=CARTESIAN_POINT('',(3.29807073954984,0.410450160771704,7.599));
#5083=CARTESIAN_POINT('',(3.29807073954984,0.410450160771704,7.6));
#5084=CARTESIAN_POINT('',(3.28167202572347,-0.37572347266881,7.599));
#5085=CARTESIAN_POINT('',(3.20257234726688,-0.467363344051447,7.599));
#5086=CARTESIAN_POINT('',(3.10514469453376,-0.511736334405144,7.599));
#5087=CARTESIAN_POINT('',(2.84372990353698,-0.511736334405144,7.599));
#5088=CARTESIAN_POINT('',(2.73183279742765,-0.460610932475884,7.599));
#5089=CARTESIAN_POINT('',(2.65176848874598,-0.355466237942122,7.599));
#5090=CARTESIAN_POINT('',(2.57252316500128,-0.251397077843654,7.599));
#5091=CARTESIAN_POINT('',(2.53311897106109,-0.12684887459807,7.599));
#5092=CARTESIAN_POINT('',(2.53311897106109,0.119131832797428,7.599));
#5093=CARTESIAN_POINT('',(2.55048231511254,0.211736334405145,7.599));
#5094=CARTESIAN_POINT('',(2.58713826366559,0.297588424437299,7.599));
#5095=CARTESIAN_POINT('',(2.62309749477685,0.381808728882084,7.599));
#5096=CARTESIAN_POINT('',(2.67684887459807,0.447106109324759,7.599));
#5097=CARTESIAN_POINT('',(2.81575562700965,0.539710610932476,7.599));
#5098=CARTESIAN_POINT('',(2.8967845659164,0.562861736334406,7.599));
#5099=CARTESIAN_POINT('',(3.11479099678457,0.562861736334406,7.599));
#5100=CARTESIAN_POINT('',(3.21704180064309,0.511736334405145,7.599));
#5101=CARTESIAN_POINT('',(3.29807073954984,0.410450160771704,7.599));
#5102=CARTESIAN_POINT('',(3.29807073954984,0.410450160771704,7.599));
#5103=CARTESIAN_POINT('',(3.29807073954984,0.410450160771704,7.599));
#5104=CARTESIAN_POINT('',(3.29807073954984,0.410450160771704,7.599));
#5105=CARTESIAN_POINT('',(3.29807073954984,0.410450160771704,7.599));
#5106=CARTESIAN_POINT('',(3.29807073954984,0.453536977491962,7.599));
#5107=CARTESIAN_POINT('',(3.29807073954984,0.496623794212219,7.599));
#5108=CARTESIAN_POINT('',(3.29807073954984,0.539710610932476,7.599));
#5109=CARTESIAN_POINT('',(3.29807073954984,0.539710610932476,7.599));
#5110=CARTESIAN_POINT('',(3.29807073954984,0.539710610932476,7.599));
#5111=CARTESIAN_POINT('',(2.7325394991967,0.211249895715005,7.599));
#5112=CARTESIAN_POINT('',(2.7325394991967,0.211249895715005,7.6));
#5113=CARTESIAN_POINT('',(2.71110314761064,0.0736095458137097,7.599));
#5114=CARTESIAN_POINT('',(2.71110314761064,0.0736095458137097,7.6));
#5115=CARTESIAN_POINT('',(2.72317890419586,-0.109956055884578,7.599));
#5116=CARTESIAN_POINT('',(2.72317890419586,-0.109956055884578,7.6));
#5117=CARTESIAN_POINT('',(2.76528221713997,-0.245115489838349,7.599));
#5118=CARTESIAN_POINT('',(2.76528221713997,-0.245115489838349,7.6));
#5119=CARTESIAN_POINT('',(2.91148575155168,-0.395901586461928,7.599));
#5120=CARTESIAN_POINT('',(2.91148575155168,-0.395901586461928,7.6));
#5121=CARTESIAN_POINT('',(3.21420866320048,-0.348847872245802,7.599));
#5122=CARTESIAN_POINT('',(3.21420866320048,-0.348847872245802,7.6));
#5123=CARTESIAN_POINT('',(3.30402549339782,-0.101786306469159,7.599));
#5124=CARTESIAN_POINT('',(3.30402549339782,-0.101786306469159,7.6));
#5125=CARTESIAN_POINT('',(3.28960580166848,0.170889060129298,7.599));
#5126=CARTESIAN_POINT('',(3.28960580166848,0.170889060129298,7.6));
#5127=CARTESIAN_POINT('',(3.22877046117205,0.326609652198951,7.599));
#5128=CARTESIAN_POINT('',(3.22877046117205,0.326609652198951,7.6));
#5129=CARTESIAN_POINT('',(3.02729668430742,0.461977441604185,7.599));
#5130=CARTESIAN_POINT('',(3.02729668430742,0.461977441604185,7.6));
#5131=CARTESIAN_POINT('',(2.80439301123942,0.355687300676998,7.599));
#5132=CARTESIAN_POINT('',(2.80439301123942,0.355687300676998,7.6));
#5133=CARTESIAN_POINT('',(2.7325394991967,0.211249895715005,7.599));
#5134=CARTESIAN_POINT('',(2.7325394991967,0.211249895715005,7.6));
#5135=CARTESIAN_POINT('',(2.71110314761064,0.0736095458137097,7.599));
#5136=CARTESIAN_POINT('',(2.71110314761064,0.0736095458137097,7.6));
#5137=CARTESIAN_POINT('',(2.72317890419586,-0.109956055884578,7.599));
#5138=CARTESIAN_POINT('',(2.72317890419586,-0.109956055884578,7.6));
#5139=CARTESIAN_POINT('',(2.71639871382637,0.0323151125401932,7.599));
#5140=CARTESIAN_POINT('',(2.71639871382637,-0.106591639871382,7.599));
#5141=CARTESIAN_POINT('',(2.74340836012862,-0.206913183279742,7.599));
#5142=CARTESIAN_POINT('',(2.85337620578778,-0.334244372990353,7.599));
#5143=CARTESIAN_POINT('',(2.92282958199357,-0.366077170418006,7.599));
#5144=CARTESIAN_POINT('',(3.08778135048232,-0.366077170418006,7.599));
#5145=CARTESIAN_POINT('',(3.15627009646302,-0.334244372990353,7.599));
#5146=CARTESIAN_POINT('',(3.21125401929261,-0.271543408360128,7.599));
#5147=CARTESIAN_POINT('',(3.26713545865754,-0.207818959961521,7.599));
#5148=CARTESIAN_POINT('',(3.2951768488746,-0.108520900321543,7.599));
#5149=CARTESIAN_POINT('',(3.2951768488746,0.155787781350483,7.599));
#5150=CARTESIAN_POINT('',(3.26623794212219,0.252250803858521,7.599));
#5151=CARTESIAN_POINT('',(3.20932475884244,0.318810289389068,7.599));
#5152=CARTESIAN_POINT('',(3.15288803875687,0.384812555251865,7.599));
#5153=CARTESIAN_POINT('',(3.08295819935691,0.416237942122187,7.599));
#5154=CARTESIAN_POINT('',(3.00192926045016,0.417202572347267,7.599));
#5155=CARTESIAN_POINT('',(2.92285227274281,0.418143965058069,7.599));
#5156=CARTESIAN_POINT('',(2.85530546623794,0.384405144694534,7.599));
#5157=CARTESIAN_POINT('',(2.79935691318328,0.319774919614148,7.599));
#5158=CARTESIAN_POINT('',(2.7438215800544,0.255622034792856,7.599));
#5159=CARTESIAN_POINT('',(2.71639871382637,0.159646302250804,7.599));
#5160=CARTESIAN_POINT('',(2.71639871382637,0.0323151125401932,7.599));
#5161=CARTESIAN_POINT('',(2.71639871382637,0.0323151125401932,7.599));
#5162=CARTESIAN_POINT('',(2.71639871382637,0.0323151125401932,7.6));
#5163=CARTESIAN_POINT('',(2.71639871382637,-0.106591639871382,7.6));
#5164=CARTESIAN_POINT('',(2.74340836012862,-0.206913183279742,7.6));
#5165=CARTESIAN_POINT('',(2.85337620578778,-0.334244372990353,7.6));
#5166=CARTESIAN_POINT('',(2.92282958199357,-0.366077170418006,7.6));
#5167=CARTESIAN_POINT('',(3.08778135048232,-0.366077170418006,7.6));
#5168=CARTESIAN_POINT('',(3.15627009646302,-0.334244372990353,7.6));
#5169=CARTESIAN_POINT('',(3.21125401929261,-0.271543408360128,7.6));
#5170=CARTESIAN_POINT('',(3.26713545865754,-0.207818959961521,7.6));
#5171=CARTESIAN_POINT('',(3.2951768488746,-0.108520900321543,7.6));
#5172=CARTESIAN_POINT('',(3.2951768488746,0.155787781350483,7.6));
#5173=CARTESIAN_POINT('',(3.26623794212219,0.252250803858521,7.6));
#5174=CARTESIAN_POINT('',(3.20932475884244,0.318810289389068,7.6));
#5175=CARTESIAN_POINT('',(3.15288803875687,0.384812555251865,7.6));
#5176=CARTESIAN_POINT('',(3.08295819935691,0.416237942122187,7.6));
#5177=CARTESIAN_POINT('',(3.00192926045016,0.417202572347267,7.6));
#5178=CARTESIAN_POINT('',(2.92285227274281,0.418143965058069,7.6));
#5179=CARTESIAN_POINT('',(2.85530546623794,0.384405144694534,7.6));
#5180=CARTESIAN_POINT('',(2.79935691318328,0.319774919614148,7.6));
#5181=CARTESIAN_POINT('',(2.7438215800544,0.255622034792856,7.6));
#5182=CARTESIAN_POINT('',(2.71639871382637,0.159646302250804,7.6));
#5183=CARTESIAN_POINT('',(2.71639871382637,0.0323151125401932,7.6));
#5184=CARTESIAN_POINT('',(2.71639871382637,0.0323151125401932,7.6));
#5185=CARTESIAN_POINT('',(3.29807073954984,0.539710610932476,7.599));
#5186=CARTESIAN_POINT('',(3.29807073954984,0.539710610932476,7.599));
#5187=CARTESIAN_POINT('',(3.35144694533762,0.539710610932477,7.599));
#5188=CARTESIAN_POINT('',(3.4048231511254,0.539710610932477,7.599));
#5189=CARTESIAN_POINT('',(3.45819935691318,0.539710610932477,7.599));
#5190=CARTESIAN_POINT('',(3.42647888591694,-0.668626754638205,7.599));
#5191=CARTESIAN_POINT('',(-5.1,-4.05,7.6));
#5192=MECHANICAL_DESIGN_GEOMETRIC_PRESENTATION_REPRESENTATION('',(#2070,
#2071,#2072,#2073,#2074,#2075,#2076,#2077,#2078,#2079,#2080,#2081,#2082,
#2083,#2084,#2085,#2086,#2087,#2088,#2089,#2090,#2091,#2092,#2093,#2094,
#2095,#2096,#2097,#2098,#2099,#2100,#2101,#2102,#2103,#2104,#2105,#2106,
#2107,#2108,#2109,#2110,#2111,#2112,#2113,#2114,#2115,#2116,#2117,#2118,
#2119,#2120,#2121,#2122,#2123,#2124,#2125,#2126,#2127,#2128,#2129,#2130,
#2131,#2132,#2133,#2134,#2135,#2136,#2137,#2138,#2139,#2140,#2141,#2142,
#2143,#2144,#2145,#2146,#2147,#2148,#2149,#2150,#2151,#2152,#2153,#2154,
#2155,#2156,#2157,#2158,#2159,#2160,#2161,#2162,#2163,#2164,#2165,#2166,
#2167,#2168,#2169,#2170,#2171,#2172,#2173,#2174,#2175,#2176,#2177,#2178,
#2179,#2180,#2181,#2182,#2183,#2184,#2185,#2186,#2187,#2188,#2189,#2190,
#2191),#5193);
#5193=(
GEOMETRIC_REPRESENTATION_CONTEXT(3)
GLOBAL_UNCERTAINTY_ASSIGNED_CONTEXT((#5194))
GLOBAL_UNIT_ASSIGNED_CONTEXT((#5197,#5196,#5195))
REPRESENTATION_CONTEXT('74430820xxA','TOP_LEVEL_ASSEMBLY_PART')
);
#5194=UNCERTAINTY_MEASURE_WITH_UNIT(LENGTH_MEASURE(0.005),#5197,
'DISTANCE_ACCURACY_VALUE','Maximum Tolerance applied to model');
#5195=(
NAMED_UNIT(*)
SI_UNIT($,.STERADIAN.)
SOLID_ANGLE_UNIT()
);
#5196=(
NAMED_UNIT(*)
PLANE_ANGLE_UNIT()
SI_UNIT($,.RADIAN.)
);
#5197=(
LENGTH_UNIT()
NAMED_UNIT(*)
SI_UNIT(.MILLI.,.METRE.)
);
#5198=PRODUCT_DEFINITION_SHAPE('','',#5199);
#5199=PRODUCT_DEFINITION('','',#5201,#5200);
#5200=PRODUCT_DEFINITION_CONTEXT('',#5207,'design');
#5201=PRODUCT_DEFINITION_FORMATION_WITH_SPECIFIED_SOURCE('','',#5203,
 .NOT_KNOWN.);
#5202=PRODUCT_RELATED_PRODUCT_CATEGORY('','',(#5203));
#5203=PRODUCT('74430820xxA','74430820xxA','74430820xxA',(#5205));
#5204=PRODUCT_CATEGORY('','');
#5205=PRODUCT_CONTEXT('',#5207,'mechanical');
#5206=APPLICATION_PROTOCOL_DEFINITION('international standard',
'automotive_design',2010,#5207);
#5207=APPLICATION_CONTEXT(
'core data for automotive mechanical design processes');
ENDSEC;
END-ISO-10303-21;
