ISO-10303-21;
HEADER;
FILE_DESCRIPTION(('STEP AP242'),'1');
FILE_NAME('df13-2p-1_25ds_25_.stp','2025-01-29T14:33:05',('TraceParts'),('TraceParts S.A.'),'Spatial InterOp 3D',' ',' ');
FILE_SCHEMA(('AP242_MANAGED_MODEL_BASED_3D_ENGINEERING_MIM_LF  {1 0 10303 442 1 1 4}'));
ENDSEC;
DATA;
#1=MECHANICAL_DESIGN_GEOMETRIC_PRESENTATION_REPRESENTATION(' ',(#10),#6);
#2=PRODUCT_DEFINITION_CONTEXT('',#11,'design');
#3=APPLICATION_PROTOCOL_DEFINITION('INTERNATIONAL STANDARD','ap242_managed_model_based_3d_engineering',2014,#11);
#4=PRODUCT_CATEGORY_RELATIONSHIP('NONE','NONE',#12,#13);
#5=SHAPE_DEFINITION_REPRESENTATION(#14,#15);
#6= (GEOMETRIC_REPRESENTATION_CONTEXT(3)GLOBAL_UNCERTAINTY_ASSIGNED_CONTEXT((#18))GLOBAL_UNIT_ASSIGNED_CONTEXT((#20,#21,#22))REPRESENTATION_CONTEXT('NONE','WORKSPACE'));
#10=STYLED_ITEM('',(#24),#25);
#11=APPLICATION_CONTEXT('managed model based 3d engineering');
#12=PRODUCT_CATEGORY('part','NONE');
#13=PRODUCT_RELATED_PRODUCT_CATEGORY('detail',' ',(#26));
#14=PRODUCT_DEFINITION_SHAPE('NONE','NONE',#27);
#15=ADVANCED_BREP_SHAPE_REPRESENTATION('df13-2p-1_25ds_25_',(#25,#28),#6);
#18=UNCERTAINTY_MEASURE_WITH_UNIT(LENGTH_MEASURE(1.0E-06),#20,'','');
#20= (CONVERSION_BASED_UNIT('MILLIMETRE',#31)LENGTH_UNIT()NAMED_UNIT(#34));
#21= (NAMED_UNIT(#36)PLANE_ANGLE_UNIT()SI_UNIT($,.RADIAN.));
#22= (NAMED_UNIT(#36)SOLID_ANGLE_UNIT()SI_UNIT($,.STERADIAN.));
#24=PRESENTATION_STYLE_ASSIGNMENT((#42));
#25=MANIFOLD_SOLID_BREP('df13-2p-1_25ds_25_',#43);
#26=PRODUCT('df13-2p-1_25ds_25_','','PART--DESC',(#44));
#27=PRODUCT_DEFINITION('','NONE',#45,#2);
#28=AXIS2_PLACEMENT_3D('',#46,#47,#48);
#31=LENGTH_MEASURE_WITH_UNIT(LENGTH_MEASURE(1.0),#49);
#34=DIMENSIONAL_EXPONENTS(1.0,0.0,0.0,0.0,0.0,0.0,0.0);
#36=DIMENSIONAL_EXPONENTS(0.0,0.0,0.0,0.0,0.0,0.0,0.0);
#42=SURFACE_STYLE_USAGE(.BOTH.,#50);
#43=CLOSED_SHELL('',(#51,#52,#53,#54,#55,#56,#57,#58,#59,#60,#61,#62,#63,#64,#65,#66,#67,#68,#69,#70,#71,#72,#73,#74,#75,#76,#77,#78,#79,#80,#81,#82,#83,#84,#85,#86,#87,#88,#89,#90,#91,#92,#93,#94,#95,#96,#97,#98,#99,#100,#101,#102,#103,#104,#105,#106,#107,#108,#109,#110,#111,#112,#113,#114,#115,#116,#117,#118,#119,#120,#121,#122,#123,#124,#125,#126,#127,#128,#129,#130,#131,#132,#133,#134));
#44=PRODUCT_CONTEXT('',#11,'mechanical');
#45=PRODUCT_DEFINITION_FORMATION_WITH_SPECIFIED_SOURCE(' ','NONE',#26,.NOT_KNOWN.);
#46=CARTESIAN_POINT('',(0.0,0.0,0.0));
#47=DIRECTION('',(0.0,0.0,1.0));
#48=DIRECTION('',(1.0,0.0,0.0));
#49= (NAMED_UNIT(#34)LENGTH_UNIT()SI_UNIT(.MILLI.,.METRE.));
#50=SURFACE_SIDE_STYLE('',(#136));
#51=ADVANCED_FACE('',(#137),#138,.T.);
#52=ADVANCED_FACE('',(#139),#140,.F.);
#53=ADVANCED_FACE('',(#141),#142,.T.);
#54=ADVANCED_FACE('',(#143),#144,.F.);
#55=ADVANCED_FACE('',(#145),#146,.F.);
#56=ADVANCED_FACE('',(#147),#148,.F.);
#57=ADVANCED_FACE('',(#149),#150,.F.);
#58=ADVANCED_FACE('',(#151),#152,.T.);
#59=ADVANCED_FACE('',(#153),#154,.F.);
#60=ADVANCED_FACE('',(#155),#156,.F.);
#61=ADVANCED_FACE('',(#157),#158,.T.);
#62=ADVANCED_FACE('',(#159),#160,.T.);
#63=ADVANCED_FACE('',(#161),#162,.F.);
#64=ADVANCED_FACE('',(#163),#164,.F.);
#65=ADVANCED_FACE('',(#165),#166,.T.);
#66=ADVANCED_FACE('',(#167),#168,.T.);
#67=ADVANCED_FACE('',(#169),#170,.F.);
#68=ADVANCED_FACE('',(#171),#172,.F.);
#69=ADVANCED_FACE('',(#173),#174,.F.);
#70=ADVANCED_FACE('',(#175),#176,.F.);
#71=ADVANCED_FACE('',(#177),#178,.F.);
#72=ADVANCED_FACE('',(#179),#180,.F.);
#73=ADVANCED_FACE('',(#181),#182,.T.);
#74=ADVANCED_FACE('',(#183),#184,.F.);
#75=ADVANCED_FACE('',(#185),#186,.T.);
#76=ADVANCED_FACE('',(#187,#188,#189),#190,.F.);
#77=ADVANCED_FACE('',(#191),#192,.F.);
#78=ADVANCED_FACE('',(#193),#194,.T.);
#79=ADVANCED_FACE('',(#195),#196,.F.);
#80=ADVANCED_FACE('',(#197),#198,.T.);
#81=ADVANCED_FACE('',(#199),#200,.F.);
#82=ADVANCED_FACE('',(#201),#202,.F.);
#83=ADVANCED_FACE('',(#203),#204,.T.);
#84=ADVANCED_FACE('',(#205),#206,.T.);
#85=ADVANCED_FACE('',(#207),#208,.T.);
#86=ADVANCED_FACE('',(#209),#210,.F.);
#87=ADVANCED_FACE('',(#211),#212,.T.);
#88=ADVANCED_FACE('',(#213),#214,.F.);
#89=ADVANCED_FACE('',(#215),#216,.F.);
#90=ADVANCED_FACE('',(#217),#218,.T.);
#91=ADVANCED_FACE('',(#219),#220,.T.);
#92=ADVANCED_FACE('',(#221),#222,.F.);
#93=ADVANCED_FACE('',(#223),#224,.T.);
#94=ADVANCED_FACE('',(#225),#226,.T.);
#95=ADVANCED_FACE('',(#227,#228,#229),#230,.T.);
#96=ADVANCED_FACE('',(#231),#232,.T.);
#97=ADVANCED_FACE('',(#233),#234,.T.);
#98=ADVANCED_FACE('',(#235),#236,.F.);
#99=ADVANCED_FACE('',(#237),#238,.F.);
#100=ADVANCED_FACE('',(#239),#240,.F.);
#101=ADVANCED_FACE('',(#241),#242,.F.);
#102=ADVANCED_FACE('',(#243),#244,.F.);
#103=ADVANCED_FACE('',(#245),#246,.F.);
#104=ADVANCED_FACE('',(#247),#248,.F.);
#105=ADVANCED_FACE('',(#249),#250,.F.);
#106=ADVANCED_FACE('',(#251),#252,.T.);
#107=ADVANCED_FACE('',(#253),#254,.F.);
#108=ADVANCED_FACE('',(#255),#256,.F.);
#109=ADVANCED_FACE('',(#257),#258,.F.);
#110=ADVANCED_FACE('',(#259),#260,.T.);
#111=ADVANCED_FACE('',(#261),#262,.T.);
#112=ADVANCED_FACE('',(#263),#264,.F.);
#113=ADVANCED_FACE('',(#265),#266,.T.);
#114=ADVANCED_FACE('',(#267),#268,.F.);
#115=ADVANCED_FACE('',(#269),#270,.F.);
#116=ADVANCED_FACE('',(#271),#272,.T.);
#117=ADVANCED_FACE('',(#273),#274,.T.);
#118=ADVANCED_FACE('',(#275),#276,.T.);
#119=ADVANCED_FACE('',(#277),#278,.T.);
#120=ADVANCED_FACE('',(#279),#280,.T.);
#121=ADVANCED_FACE('',(#281),#282,.F.);
#122=ADVANCED_FACE('',(#283),#284,.F.);
#123=ADVANCED_FACE('',(#285),#286,.T.);
#124=ADVANCED_FACE('',(#287),#288,.T.);
#125=ADVANCED_FACE('',(#289),#290,.T.);
#126=ADVANCED_FACE('',(#291),#292,.T.);
#127=ADVANCED_FACE('',(#293),#294,.F.);
#128=ADVANCED_FACE('',(#295),#296,.F.);
#129=ADVANCED_FACE('',(#297),#298,.T.);
#130=ADVANCED_FACE('',(#299),#300,.T.);
#131=ADVANCED_FACE('',(#301),#302,.F.);
#132=ADVANCED_FACE('',(#303),#304,.T.);
#133=ADVANCED_FACE('',(#305),#306,.T.);
#134=ADVANCED_FACE('',(#307),#308,.T.);
#136=SURFACE_STYLE_FILL_AREA(#309);
#137=FACE_OUTER_BOUND('',#310,.T.);
#138=PLANE('',#311);
#139=FACE_OUTER_BOUND('',#312,.T.);
#140=PLANE('',#313);
#141=FACE_OUTER_BOUND('',#314,.T.);
#142=PLANE('',#315);
#143=FACE_OUTER_BOUND('',#316,.T.);
#144=PLANE('',#317);
#145=FACE_OUTER_BOUND('',#318,.T.);
#146=PLANE('',#319);
#147=FACE_OUTER_BOUND('',#320,.T.);
#148=PLANE('',#321);
#149=FACE_OUTER_BOUND('',#322,.T.);
#150=PLANE('',#323);
#151=FACE_OUTER_BOUND('',#324,.T.);
#152=PLANE('',#325);
#153=FACE_OUTER_BOUND('',#326,.T.);
#154=CYLINDRICAL_SURFACE('',#327,0.1);
#155=FACE_OUTER_BOUND('',#328,.T.);
#156=PLANE('',#329);
#157=FACE_OUTER_BOUND('',#330,.T.);
#158=PLANE('',#331);
#159=FACE_OUTER_BOUND('',#332,.T.);
#160=PLANE('',#333);
#161=FACE_OUTER_BOUND('',#334,.T.);
#162=PLANE('',#335);
#163=FACE_OUTER_BOUND('',#336,.T.);
#164=PLANE('',#337);
#165=FACE_OUTER_BOUND('',#338,.T.);
#166=PLANE('',#339);
#167=FACE_OUTER_BOUND('',#340,.T.);
#168=PLANE('',#341);
#169=FACE_OUTER_BOUND('',#342,.T.);
#170=PLANE('',#343);
#171=FACE_OUTER_BOUND('',#344,.T.);
#172=PLANE('',#345);
#173=FACE_OUTER_BOUND('',#346,.T.);
#174=PLANE('',#347);
#175=FACE_OUTER_BOUND('',#348,.T.);
#176=PLANE('',#349);
#177=FACE_OUTER_BOUND('',#350,.T.);
#178=PLANE('',#351);
#179=FACE_OUTER_BOUND('',#352,.T.);
#180=PLANE('',#353);
#181=FACE_OUTER_BOUND('',#354,.T.);
#182=PLANE('',#355);
#183=FACE_OUTER_BOUND('',#356,.T.);
#184=PLANE('',#357);
#185=FACE_OUTER_BOUND('',#358,.T.);
#186=PLANE('',#359);
#187=FACE_OUTER_BOUND('',#360,.T.);
#188=FACE_BOUND('',#361,.T.);
#189=FACE_BOUND('',#362,.T.);
#190=PLANE('',#363);
#191=FACE_OUTER_BOUND('',#364,.T.);
#192=PLANE('',#365);
#193=FACE_OUTER_BOUND('',#366,.T.);
#194=PLANE('',#367);
#195=FACE_OUTER_BOUND('',#368,.T.);
#196=PLANE('',#369);
#197=FACE_OUTER_BOUND('',#370,.T.);
#198=CYLINDRICAL_SURFACE('',#371,0.45);
#199=FACE_OUTER_BOUND('',#372,.T.);
#200=PLANE('',#373);
#201=FACE_OUTER_BOUND('',#374,.T.);
#202=PLANE('',#375);
#203=FACE_OUTER_BOUND('',#376,.T.);
#204=PLANE('',#377);
#205=FACE_OUTER_BOUND('',#378,.T.);
#206=PLANE('',#379);
#207=FACE_OUTER_BOUND('',#380,.T.);
#208=PLANE('',#381);
#209=FACE_OUTER_BOUND('',#382,.T.);
#210=PLANE('',#383);
#211=FACE_OUTER_BOUND('',#384,.T.);
#212=PLANE('',#385);
#213=FACE_OUTER_BOUND('',#386,.T.);
#214=PLANE('',#387);
#215=FACE_OUTER_BOUND('',#388,.T.);
#216=PLANE('',#389);
#217=FACE_OUTER_BOUND('',#390,.T.);
#218=PLANE('',#391);
#219=FACE_OUTER_BOUND('',#392,.T.);
#220=PLANE('',#393);
#221=FACE_OUTER_BOUND('',#394,.T.);
#222=PLANE('',#395);
#223=FACE_OUTER_BOUND('',#396,.T.);
#224=PLANE('',#397);
#225=FACE_OUTER_BOUND('',#398,.T.);
#226=PLANE('',#399);
#227=FACE_OUTER_BOUND('',#400,.T.);
#228=FACE_BOUND('',#401,.T.);
#229=FACE_BOUND('',#402,.T.);
#230=PLANE('',#403);
#231=FACE_OUTER_BOUND('',#404,.T.);
#232=PLANE('',#405);
#233=FACE_OUTER_BOUND('',#406,.T.);
#234=PLANE('',#407);
#235=FACE_OUTER_BOUND('',#408,.T.);
#236=PLANE('',#409);
#237=FACE_OUTER_BOUND('',#410,.T.);
#238=CYLINDRICAL_SURFACE('',#411,0.1);
#239=FACE_OUTER_BOUND('',#412,.T.);
#240=PLANE('',#413);
#241=FACE_OUTER_BOUND('',#414,.T.);
#242=PLANE('',#415);
#243=FACE_OUTER_BOUND('',#416,.T.);
#244=PLANE('',#417);
#245=FACE_OUTER_BOUND('',#418,.T.);
#246=PLANE('',#419);
#247=FACE_OUTER_BOUND('',#420,.T.);
#248=PLANE('',#421);
#249=FACE_OUTER_BOUND('',#422,.T.);
#250=PLANE('',#423);
#251=FACE_OUTER_BOUND('',#424,.T.);
#252=CYLINDRICAL_SURFACE('',#425,0.45);
#253=FACE_OUTER_BOUND('',#426,.T.);
#254=PLANE('',#427);
#255=FACE_OUTER_BOUND('',#428,.T.);
#256=PLANE('',#429);
#257=FACE_OUTER_BOUND('',#430,.T.);
#258=PLANE('',#431);
#259=FACE_OUTER_BOUND('',#432,.T.);
#260=PLANE('',#433);
#261=FACE_OUTER_BOUND('',#434,.T.);
#262=PLANE('',#435);
#263=FACE_OUTER_BOUND('',#436,.T.);
#264=PLANE('',#437);
#265=FACE_OUTER_BOUND('',#438,.T.);
#266=PLANE('',#439);
#267=FACE_OUTER_BOUND('',#440,.T.);
#268=PLANE('',#441);
#269=FACE_OUTER_BOUND('',#442,.T.);
#270=PLANE('',#443);
#271=FACE_OUTER_BOUND('',#444,.T.);
#272=PLANE('',#445);
#273=FACE_OUTER_BOUND('',#446,.T.);
#274=PLANE('',#447);
#275=FACE_OUTER_BOUND('',#448,.T.);
#276=PLANE('',#449);
#277=FACE_OUTER_BOUND('',#450,.T.);
#278=PLANE('',#451);
#279=FACE_OUTER_BOUND('',#452,.T.);
#280=PLANE('',#453);
#281=FACE_OUTER_BOUND('',#454,.T.);
#282=PLANE('',#455);
#283=FACE_OUTER_BOUND('',#456,.T.);
#284=PLANE('',#457);
#285=FACE_OUTER_BOUND('',#458,.T.);
#286=PLANE('',#459);
#287=FACE_OUTER_BOUND('',#460,.T.);
#288=PLANE('',#461);
#289=FACE_OUTER_BOUND('',#462,.T.);
#290=PLANE('',#463);
#291=FACE_OUTER_BOUND('',#464,.T.);
#292=PLANE('',#465);
#293=FACE_OUTER_BOUND('',#466,.T.);
#294=PLANE('',#467);
#295=FACE_OUTER_BOUND('',#468,.T.);
#296=PLANE('',#469);
#297=FACE_OUTER_BOUND('',#470,.T.);
#298=PLANE('',#471);
#299=FACE_OUTER_BOUND('',#472,.T.);
#300=PLANE('',#473);
#301=FACE_OUTER_BOUND('',#474,.T.);
#302=PLANE('',#475);
#303=FACE_OUTER_BOUND('',#476,.T.);
#304=PLANE('',#477);
#305=FACE_OUTER_BOUND('',#478,.T.);
#306=PLANE('',#479);
#307=FACE_OUTER_BOUND('',#480,.T.);
#308=PLANE('',#481);
#309=FILL_AREA_STYLE('',(#482));
#310=EDGE_LOOP('',(#483,#484,#485,#486));
#311=AXIS2_PLACEMENT_3D('',#487,#488,#489);
#312=EDGE_LOOP('',(#490,#491,#492,#493,#494,#495,#496,#497,#498,#499));
#313=AXIS2_PLACEMENT_3D('',#500,#501,#502);
#314=EDGE_LOOP('',(#503,#504,#505,#506));
#315=AXIS2_PLACEMENT_3D('',#507,#508,#509);
#316=EDGE_LOOP('',(#510,#511,#512,#513));
#317=AXIS2_PLACEMENT_3D('',#514,#515,#516);
#318=EDGE_LOOP('',(#517,#518,#519,#520));
#319=AXIS2_PLACEMENT_3D('',#521,#522,#523);
#320=EDGE_LOOP('',(#524,#525,#526,#527));
#321=AXIS2_PLACEMENT_3D('',#528,#529,#530);
#322=EDGE_LOOP('',(#531,#532,#533,#534));
#323=AXIS2_PLACEMENT_3D('',#535,#536,#537);
#324=EDGE_LOOP('',(#538,#539,#540,#541));
#325=AXIS2_PLACEMENT_3D('',#542,#543,#544);
#326=EDGE_LOOP('',(#545,#546,#547,#548));
#327=AXIS2_PLACEMENT_3D('',#549,#550,#551);
#328=EDGE_LOOP('',(#552,#553,#554,#555));
#329=AXIS2_PLACEMENT_3D('',#556,#557,#558);
#330=EDGE_LOOP('',(#559,#560,#561,#562));
#331=AXIS2_PLACEMENT_3D('',#563,#564,#565);
#332=EDGE_LOOP('',(#566,#567,#568,#569));
#333=AXIS2_PLACEMENT_3D('',#570,#571,#572);
#334=EDGE_LOOP('',(#573,#574,#575,#576));
#335=AXIS2_PLACEMENT_3D('',#577,#578,#579);
#336=EDGE_LOOP('',(#580,#581,#582,#583));
#337=AXIS2_PLACEMENT_3D('',#584,#585,#586);
#338=EDGE_LOOP('',(#587,#588,#589,#590));
#339=AXIS2_PLACEMENT_3D('',#591,#592,#593);
#340=EDGE_LOOP('',(#594,#595,#596,#597));
#341=AXIS2_PLACEMENT_3D('',#598,#599,#600);
#342=EDGE_LOOP('',(#601,#602,#603,#604,#605,#606,#607,#608));
#343=AXIS2_PLACEMENT_3D('',#609,#610,#611);
#344=EDGE_LOOP('',(#612,#613,#614,#615));
#345=AXIS2_PLACEMENT_3D('',#616,#617,#618);
#346=EDGE_LOOP('',(#619,#620,#621,#622));
#347=AXIS2_PLACEMENT_3D('',#623,#624,#625);
#348=EDGE_LOOP('',(#626,#627,#628,#629));
#349=AXIS2_PLACEMENT_3D('',#630,#631,#632);
#350=EDGE_LOOP('',(#633,#634,#635,#636));
#351=AXIS2_PLACEMENT_3D('',#637,#638,#639);
#352=EDGE_LOOP('',(#640,#641,#642,#643));
#353=AXIS2_PLACEMENT_3D('',#644,#645,#646);
#354=EDGE_LOOP('',(#647,#648,#649,#650,#651,#652));
#355=AXIS2_PLACEMENT_3D('',#653,#654,#655);
#356=EDGE_LOOP('',(#656,#657,#658,#659));
#357=AXIS2_PLACEMENT_3D('',#660,#661,#662);
#358=EDGE_LOOP('',(#663,#664,#665,#666));
#359=AXIS2_PLACEMENT_3D('',#667,#668,#669);
#360=EDGE_LOOP('',(#670,#671,#672,#673,#674,#675,#676,#677,#678,#679,#680,#681,#682,#683,#684,#685));
#361=EDGE_LOOP('',(#686,#687,#688,#689));
#362=EDGE_LOOP('',(#690,#691,#692,#693));
#363=AXIS2_PLACEMENT_3D('',#694,#695,#696);
#364=EDGE_LOOP('',(#697,#698,#699,#700));
#365=AXIS2_PLACEMENT_3D('',#701,#702,#703);
#366=EDGE_LOOP('',(#704,#705,#706,#707,#708,#709));
#367=AXIS2_PLACEMENT_3D('',#710,#711,#712);
#368=EDGE_LOOP('',(#713,#714,#715,#716));
#369=AXIS2_PLACEMENT_3D('',#717,#718,#719);
#370=EDGE_LOOP('',(#720,#721,#722,#723));
#371=AXIS2_PLACEMENT_3D('',#724,#725,#726);
#372=EDGE_LOOP('',(#727,#728,#729,#730));
#373=AXIS2_PLACEMENT_3D('',#731,#732,#733);
#374=EDGE_LOOP('',(#734,#735,#736,#737,#738,#739));
#375=AXIS2_PLACEMENT_3D('',#740,#741,#742);
#376=EDGE_LOOP('',(#743,#744,#745,#746,#747,#748,#749,#750));
#377=AXIS2_PLACEMENT_3D('',#751,#752,#753);
#378=EDGE_LOOP('',(#754,#755,#756,#757,#758,#759));
#379=AXIS2_PLACEMENT_3D('',#760,#761,#762);
#380=EDGE_LOOP('',(#763,#764,#765,#766));
#381=AXIS2_PLACEMENT_3D('',#767,#768,#769);
#382=EDGE_LOOP('',(#770,#771,#772,#773));
#383=AXIS2_PLACEMENT_3D('',#774,#775,#776);
#384=EDGE_LOOP('',(#777,#778,#779,#780,#781,#782));
#385=AXIS2_PLACEMENT_3D('',#783,#784,#785);
#386=EDGE_LOOP('',(#786,#787,#788,#789,#790,#791));
#387=AXIS2_PLACEMENT_3D('',#792,#793,#794);
#388=EDGE_LOOP('',(#795,#796,#797,#798));
#389=AXIS2_PLACEMENT_3D('',#799,#800,#801);
#390=EDGE_LOOP('',(#802,#803,#804,#805));
#391=AXIS2_PLACEMENT_3D('',#806,#807,#808);
#392=EDGE_LOOP('',(#809,#810,#811,#812,#813,#814));
#393=AXIS2_PLACEMENT_3D('',#815,#816,#817);
#394=EDGE_LOOP('',(#818,#819,#820,#821,#822,#823,#824,#825));
#395=AXIS2_PLACEMENT_3D('',#826,#827,#828);
#396=EDGE_LOOP('',(#829,#830,#831,#832,#833,#834,#835,#836));
#397=AXIS2_PLACEMENT_3D('',#837,#838,#839);
#398=EDGE_LOOP('',(#840,#841,#842,#843,#844,#845));
#399=AXIS2_PLACEMENT_3D('',#846,#847,#848);
#400=EDGE_LOOP('',(#849,#850,#851,#852));
#401=EDGE_LOOP('',(#853,#854,#855,#856));
#402=EDGE_LOOP('',(#857,#858,#859,#860));
#403=AXIS2_PLACEMENT_3D('',#861,#862,#863);
#404=EDGE_LOOP('',(#864,#865,#866,#867));
#405=AXIS2_PLACEMENT_3D('',#868,#869,#870);
#406=EDGE_LOOP('',(#871,#872,#873,#874));
#407=AXIS2_PLACEMENT_3D('',#875,#876,#877);
#408=EDGE_LOOP('',(#878,#879,#880,#881,#882,#883,#884,#885));
#409=AXIS2_PLACEMENT_3D('',#886,#887,#888);
#410=EDGE_LOOP('',(#889,#890,#891,#892));
#411=AXIS2_PLACEMENT_3D('',#893,#894,#895);
#412=EDGE_LOOP('',(#896,#897,#898,#899));
#413=AXIS2_PLACEMENT_3D('',#900,#901,#902);
#414=EDGE_LOOP('',(#903,#904,#905,#906));
#415=AXIS2_PLACEMENT_3D('',#907,#908,#909);
#416=EDGE_LOOP('',(#910,#911,#912,#913));
#417=AXIS2_PLACEMENT_3D('',#914,#915,#916);
#418=EDGE_LOOP('',(#917,#918,#919,#920));
#419=AXIS2_PLACEMENT_3D('',#921,#922,#923);
#420=EDGE_LOOP('',(#924,#925,#926,#927));
#421=AXIS2_PLACEMENT_3D('',#928,#929,#930);
#422=EDGE_LOOP('',(#931,#932,#933,#934));
#423=AXIS2_PLACEMENT_3D('',#935,#936,#937);
#424=EDGE_LOOP('',(#938,#939,#940,#941));
#425=AXIS2_PLACEMENT_3D('',#942,#943,#944);
#426=EDGE_LOOP('',(#945,#946,#947,#948,#949,#950,#951,#952,#953,#954,#955,#956,#957,#958,#959,#960));
#427=AXIS2_PLACEMENT_3D('',#961,#962,#963);
#428=EDGE_LOOP('',(#964,#965,#966,#967));
#429=AXIS2_PLACEMENT_3D('',#968,#969,#970);
#430=EDGE_LOOP('',(#971,#972,#973,#974));
#431=AXIS2_PLACEMENT_3D('',#975,#976,#977);
#432=EDGE_LOOP('',(#978,#979,#980,#981));
#433=AXIS2_PLACEMENT_3D('',#982,#983,#984);
#434=EDGE_LOOP('',(#985,#986,#987,#988,#989,#990,#991,#992));
#435=AXIS2_PLACEMENT_3D('',#993,#994,#995);
#436=EDGE_LOOP('',(#996,#997,#998,#999));
#437=AXIS2_PLACEMENT_3D('',#1000,#1001,#1002);
#438=EDGE_LOOP('',(#1003,#1004,#1005,#1006));
#439=AXIS2_PLACEMENT_3D('',#1007,#1008,#1009);
#440=EDGE_LOOP('',(#1010,#1011,#1012,#1013));
#441=AXIS2_PLACEMENT_3D('',#1014,#1015,#1016);
#442=EDGE_LOOP('',(#1017,#1018,#1019,#1020));
#443=AXIS2_PLACEMENT_3D('',#1021,#1022,#1023);
#444=EDGE_LOOP('',(#1024,#1025,#1026,#1027));
#445=AXIS2_PLACEMENT_3D('',#1028,#1029,#1030);
#446=EDGE_LOOP('',(#1031,#1032,#1033,#1034));
#447=AXIS2_PLACEMENT_3D('',#1035,#1036,#1037);
#448=EDGE_LOOP('',(#1038,#1039,#1040,#1041));
#449=AXIS2_PLACEMENT_3D('',#1042,#1043,#1044);
#450=EDGE_LOOP('',(#1045,#1046,#1047,#1048));
#451=AXIS2_PLACEMENT_3D('',#1049,#1050,#1051);
#452=EDGE_LOOP('',(#1052,#1053,#1054,#1055));
#453=AXIS2_PLACEMENT_3D('',#1056,#1057,#1058);
#454=EDGE_LOOP('',(#1059,#1060,#1061,#1062));
#455=AXIS2_PLACEMENT_3D('',#1063,#1064,#1065);
#456=EDGE_LOOP('',(#1066,#1067,#1068,#1069));
#457=AXIS2_PLACEMENT_3D('',#1070,#1071,#1072);
#458=EDGE_LOOP('',(#1073,#1074,#1075,#1076));
#459=AXIS2_PLACEMENT_3D('',#1077,#1078,#1079);
#460=EDGE_LOOP('',(#1080,#1081,#1082,#1083));
#461=AXIS2_PLACEMENT_3D('',#1084,#1085,#1086);
#462=EDGE_LOOP('',(#1087,#1088,#1089,#1090));
#463=AXIS2_PLACEMENT_3D('',#1091,#1092,#1093);
#464=EDGE_LOOP('',(#1094,#1095,#1096,#1097,#1098,#1099));
#465=AXIS2_PLACEMENT_3D('',#1100,#1101,#1102);
#466=EDGE_LOOP('',(#1103,#1104,#1105,#1106,#1107,#1108));
#467=AXIS2_PLACEMENT_3D('',#1109,#1110,#1111);
#468=EDGE_LOOP('',(#1112,#1113,#1114,#1115,#1116,#1117));
#469=AXIS2_PLACEMENT_3D('',#1118,#1119,#1120);
#470=EDGE_LOOP('',(#1121,#1122,#1123,#1124));
#471=AXIS2_PLACEMENT_3D('',#1125,#1126,#1127);
#472=EDGE_LOOP('',(#1128,#1129,#1130,#1131));
#473=AXIS2_PLACEMENT_3D('',#1132,#1133,#1134);
#474=EDGE_LOOP('',(#1135,#1136,#1137,#1138,#1139,#1140,#1141,#1142));
#475=AXIS2_PLACEMENT_3D('',#1143,#1144,#1145);
#476=EDGE_LOOP('',(#1146,#1147,#1148,#1149,#1150,#1151,#1152,#1153,#1154,#1155));
#477=AXIS2_PLACEMENT_3D('',#1156,#1157,#1158);
#478=EDGE_LOOP('',(#1159,#1160,#1161,#1162,#1163,#1164,#1165,#1166));
#479=AXIS2_PLACEMENT_3D('',#1167,#1168,#1169);
#480=EDGE_LOOP('',(#1170,#1171,#1172,#1173,#1174,#1175));
#481=AXIS2_PLACEMENT_3D('',#1176,#1177,#1178);
#482=FILL_AREA_STYLE_COLOUR('',#1179);
#483=ORIENTED_EDGE('',*,*,#1180,.T.);
#484=ORIENTED_EDGE('',*,*,#1181,.F.);
#485=ORIENTED_EDGE('',*,*,#1182,.T.);
#486=ORIENTED_EDGE('',*,*,#1183,.T.);
#487=CARTESIAN_POINT('',(-27.417181,-0.166167241453752,-3.78860800402741));
#488=DIRECTION('',(-1.0,2.44921270764475E-16,0.0));
#489=DIRECTION('',(0.0,0.0,1.0));
#490=ORIENTED_EDGE('',*,*,#1182,.F.);
#491=ORIENTED_EDGE('',*,*,#1184,.T.);
#492=ORIENTED_EDGE('',*,*,#1185,.T.);
#493=ORIENTED_EDGE('',*,*,#1186,.T.);
#494=ORIENTED_EDGE('',*,*,#1187,.T.);
#495=ORIENTED_EDGE('',*,*,#1188,.F.);
#496=ORIENTED_EDGE('',*,*,#1189,.F.);
#497=ORIENTED_EDGE('',*,*,#1190,.F.);
#498=ORIENTED_EDGE('',*,*,#1191,.T.);
#499=ORIENTED_EDGE('',*,*,#1192,.F.);
#500=CARTESIAN_POINT('',(-25.318488408855,-2.27214112744177,-17.7));
#501=DIRECTION('',(0.0,0.0,1.0));
#502=DIRECTION('',(1.0,0.0,0.0));
#503=ORIENTED_EDGE('',*,*,#1193,.T.);
#504=ORIENTED_EDGE('',*,*,#1194,.T.);
#505=ORIENTED_EDGE('',*,*,#1195,.T.);
#506=ORIENTED_EDGE('',*,*,#1196,.T.);
#507=CARTESIAN_POINT('',(-25.0064534779416,-0.398169597607712,-16.425));
#508=DIRECTION('',(0.0,0.0,-1.0));
#509=DIRECTION('',(0.0,-1.0,0.0));
#510=ORIENTED_EDGE('',*,*,#1197,.F.);
#511=ORIENTED_EDGE('',*,*,#1198,.T.);
#512=ORIENTED_EDGE('',*,*,#1199,.F.);
#513=ORIENTED_EDGE('',*,*,#1200,.F.);
#514=CARTESIAN_POINT('',(-29.417181,-1.555469,-16.4600024));
#515=DIRECTION('',(0.242535625036333,-0.970142500145332,0.0));
#516=DIRECTION('',(0.0,0.0,-1.0));
#517=ORIENTED_EDGE('',*,*,#1201,.F.);
#518=ORIENTED_EDGE('',*,*,#1202,.F.);
#519=ORIENTED_EDGE('',*,*,#1203,.F.);
#520=ORIENTED_EDGE('',*,*,#1204,.T.);
#521=CARTESIAN_POINT('',(-29.717181,-1.830469,-16.4600024));
#522=DIRECTION('',(0.242535625036333,0.970142500145332,0.0));
#523=DIRECTION('',(0.0,0.0,-1.0));
#524=ORIENTED_EDGE('',*,*,#1202,.T.);
#525=ORIENTED_EDGE('',*,*,#1205,.T.);
#526=ORIENTED_EDGE('',*,*,#1200,.T.);
#527=ORIENTED_EDGE('',*,*,#1206,.T.);
#528=CARTESIAN_POINT('',(-29.717181,-1.780469,-16.4600024));
#529=DIRECTION('',(1.0,0.0,0.0));
#530=DIRECTION('',(0.0,1.0,0.0));
#531=ORIENTED_EDGE('',*,*,#1207,.T.);
#532=ORIENTED_EDGE('',*,*,#1208,.T.);
#533=ORIENTED_EDGE('',*,*,#1209,.T.);
#534=ORIENTED_EDGE('',*,*,#1210,.F.);
#535=CARTESIAN_POINT('',(-25.817181,-2.030469,-16.725));
#536=DIRECTION('',(0.0,0.0,-1.0));
#537=DIRECTION('',(0.0,-1.0,0.0));
#538=ORIENTED_EDGE('',*,*,#1211,.F.);
#539=ORIENTED_EDGE('',*,*,#1212,.T.);
#540=ORIENTED_EDGE('',*,*,#1213,.F.);
#541=ORIENTED_EDGE('',*,*,#1214,.T.);
#542=CARTESIAN_POINT('',(-24.852181,1.869531,-16.075));
#543=DIRECTION('',(0.970142500145332,0.242535625036333,0.0));
#544=DIRECTION('',(0.0,0.0,-1.0));
#545=ORIENTED_EDGE('',*,*,#1215,.T.);
#546=ORIENTED_EDGE('',*,*,#1216,.T.);
#547=ORIENTED_EDGE('',*,*,#1217,.F.);
#548=ORIENTED_EDGE('',*,*,#1218,.F.);
#549=CARTESIAN_POINT('',(-25.302181,-1.455469,-16.075));
#550=DIRECTION('',(0.0,0.0,-1.0));
#551=DIRECTION('',(1.0,0.0,0.0));
#552=ORIENTED_EDGE('',*,*,#1219,.F.);
#553=ORIENTED_EDGE('',*,*,#1220,.F.);
#554=ORIENTED_EDGE('',*,*,#1221,.F.);
#555=ORIENTED_EDGE('',*,*,#1222,.T.);
#556=CARTESIAN_POINT('',(-26.017181,-1.530469,-16.074));
#557=DIRECTION('',(0.0,0.0,1.0));
#558=DIRECTION('',(1.0,0.0,0.0));
#559=ORIENTED_EDGE('',*,*,#1223,.F.);
#560=ORIENTED_EDGE('',*,*,#1224,.T.);
#561=ORIENTED_EDGE('',*,*,#1225,.F.);
#562=ORIENTED_EDGE('',*,*,#1226,.T.);
#563=CARTESIAN_POINT('',(-25.127181,2.169531,-16.075));
#564=DIRECTION('',(-0.970142500145332,0.242535625036333,0.0));
#565=DIRECTION('',(0.0,0.0,1.0));
#566=ORIENTED_EDGE('',*,*,#1227,.F.);
#567=ORIENTED_EDGE('',*,*,#1228,.F.);
#568=ORIENTED_EDGE('',*,*,#1229,.T.);
#569=ORIENTED_EDGE('',*,*,#1230,.F.);
#570=CARTESIAN_POINT('',(-25.0064534779416,-0.398169597607712,-16.425));
#571=DIRECTION('',(0.0,0.0,-1.0));
#572=DIRECTION('',(0.0,-1.0,0.0));
#573=ORIENTED_EDGE('',*,*,#1231,.F.);
#574=ORIENTED_EDGE('',*,*,#1232,.T.);
#575=ORIENTED_EDGE('',*,*,#1233,.T.);
#576=ORIENTED_EDGE('',*,*,#1234,.T.);
#577=CARTESIAN_POINT('',(-27.5571834,-1.530469,-16.425));
#578=DIRECTION('',(0.0,0.0,-1.0));
#579=DIRECTION('',(0.0,-1.0,0.0));
#580=ORIENTED_EDGE('',*,*,#1201,.T.);
#581=ORIENTED_EDGE('',*,*,#1235,.T.);
#582=ORIENTED_EDGE('',*,*,#1197,.T.);
#583=ORIENTED_EDGE('',*,*,#1205,.F.);
#584=CARTESIAN_POINT('',(-29.717181,-2.3029714,-16.15));
#585=DIRECTION('',(0.242535625036333,0.0,-0.970142500145332));
#586=DIRECTION('',(0.0,-1.0,0.0));
#587=ORIENTED_EDGE('',*,*,#1236,.T.);
#588=ORIENTED_EDGE('',*,*,#1237,.F.);
#589=ORIENTED_EDGE('',*,*,#1238,.T.);
#590=ORIENTED_EDGE('',*,*,#1239,.T.);
#591=CARTESIAN_POINT('',(-27.217181,-0.166167241453751,-1.2886080040274));
#592=DIRECTION('',(-1.0,0.0,0.0));
#593=DIRECTION('',(0.0,0.0,1.0));
#594=ORIENTED_EDGE('',*,*,#1240,.F.);
#595=ORIENTED_EDGE('',*,*,#1212,.F.);
#596=ORIENTED_EDGE('',*,*,#1241,.T.);
#597=ORIENTED_EDGE('',*,*,#1224,.F.);
#598=CARTESIAN_POINT('',(-24.927181,2.169531,-16.075));
#599=DIRECTION('',(-0.0,1.0,0.0));
#600=DIRECTION('',(1.0,0.0,0.0));
#601=ORIENTED_EDGE('',*,*,#1242,.T.);
#602=ORIENTED_EDGE('',*,*,#1243,.F.);
#603=ORIENTED_EDGE('',*,*,#1244,.F.);
#604=ORIENTED_EDGE('',*,*,#1245,.T.);
#605=ORIENTED_EDGE('',*,*,#1246,.F.);
#606=ORIENTED_EDGE('',*,*,#1247,.F.);
#607=ORIENTED_EDGE('',*,*,#1248,.F.);
#608=ORIENTED_EDGE('',*,*,#1249,.F.);
#609=CARTESIAN_POINT('',(-25.2508593649965,-0.647956744658188,-17.2));
#610=DIRECTION('',(0.0,0.0,-1.0));
#611=DIRECTION('',(0.0,-1.0,0.0));
#612=ORIENTED_EDGE('',*,*,#1203,.T.);
#613=ORIENTED_EDGE('',*,*,#1206,.F.);
#614=ORIENTED_EDGE('',*,*,#1199,.T.);
#615=ORIENTED_EDGE('',*,*,#1229,.F.);
#616=CARTESIAN_POINT('',(-29.417181,-2.3029714,-16.425));
#617=DIRECTION('',(0.242535625036333,0.0,0.970142500145332));
#618=DIRECTION('',(0.0,-1.0,0.0));
#619=ORIENTED_EDGE('',*,*,#1250,.F.);
#620=ORIENTED_EDGE('',*,*,#1251,.F.);
#621=ORIENTED_EDGE('',*,*,#1252,.F.);
#622=ORIENTED_EDGE('',*,*,#1253,.F.);
#623=CARTESIAN_POINT('',(-25.0064534779416,-0.398169597607712,-16.075));
#624=DIRECTION('',(0.0,0.0,-1.0));
#625=DIRECTION('',(0.0,-1.0,0.0));
#626=ORIENTED_EDGE('',*,*,#1254,.F.);
#627=ORIENTED_EDGE('',*,*,#1255,.T.);
#628=ORIENTED_EDGE('',*,*,#1256,.F.);
#629=ORIENTED_EDGE('',*,*,#1245,.F.);
#630=CARTESIAN_POINT('',(-24.217181,2.769531,6.7499976));
#631=DIRECTION('',(1.0,0.0,0.0));
#632=DIRECTION('',(0.0,1.0,0.0));
#633=ORIENTED_EDGE('',*,*,#1257,.F.);
#634=ORIENTED_EDGE('',*,*,#1258,.T.);
#635=ORIENTED_EDGE('',*,*,#1259,.F.);
#636=ORIENTED_EDGE('',*,*,#1260,.F.);
#637=CARTESIAN_POINT('',(-24.992181,2.769531,-14.05));
#638=DIRECTION('',(1.0,-1.14383329197221E-17,0.0));
#639=DIRECTION('',(-1.14383329197221E-17,-1.0,0.0));
#640=ORIENTED_EDGE('',*,*,#1220,.T.);
#641=ORIENTED_EDGE('',*,*,#1261,.F.);
#642=ORIENTED_EDGE('',*,*,#1262,.F.);
#643=ORIENTED_EDGE('',*,*,#1263,.F.);
#644=CARTESIAN_POINT('',(-27.017181,-2.630469,-15.974));
#645=DIRECTION('',(2.44921270764475E-16,1.0,0.0));
#646=DIRECTION('',(1.0,-2.44921270764475E-16,0.0));
#647=ORIENTED_EDGE('',*,*,#1264,.T.);
#648=ORIENTED_EDGE('',*,*,#1265,.F.);
#649=ORIENTED_EDGE('',*,*,#1218,.T.);
#650=ORIENTED_EDGE('',*,*,#1266,.F.);
#651=ORIENTED_EDGE('',*,*,#1267,.F.);
#652=ORIENTED_EDGE('',*,*,#1268,.F.);
#653=CARTESIAN_POINT('',(-25.0064534779416,-0.398169597607712,-16.425));
#654=DIRECTION('',(0.0,0.0,-1.0));
#655=DIRECTION('',(0.0,-1.0,0.0));
#656=ORIENTED_EDGE('',*,*,#1269,.F.);
#657=ORIENTED_EDGE('',*,*,#1207,.F.);
#658=ORIENTED_EDGE('',*,*,#1270,.F.);
#659=ORIENTED_EDGE('',*,*,#1191,.F.);
#660=CARTESIAN_POINT('',(-24.917181,-2.630469,-17.7));
#661=DIRECTION('',(-1.0,1.22460635382238E-16,0.0));
#662=DIRECTION('',(0.0,0.0,1.0));
#663=ORIENTED_EDGE('',*,*,#1253,.T.);
#664=ORIENTED_EDGE('',*,*,#1226,.F.);
#665=ORIENTED_EDGE('',*,*,#1194,.F.);
#666=ORIENTED_EDGE('',*,*,#1271,.T.);
#667=CARTESIAN_POINT('',(-25.202181,1.769531,-16.075));
#668=DIRECTION('',(-1.0,3.70074341541719E-16,0.0));
#669=DIRECTION('',(0.0,0.0,1.0));
#670=ORIENTED_EDGE('',*,*,#1272,.F.);
#671=ORIENTED_EDGE('',*,*,#1273,.F.);
#672=ORIENTED_EDGE('',*,*,#1274,.F.);
#673=ORIENTED_EDGE('',*,*,#1275,.T.);
#674=ORIENTED_EDGE('',*,*,#1276,.F.);
#675=ORIENTED_EDGE('',*,*,#1277,.T.);
#676=ORIENTED_EDGE('',*,*,#1278,.F.);
#677=ORIENTED_EDGE('',*,*,#1279,.T.);
#678=ORIENTED_EDGE('',*,*,#1280,.F.);
#679=ORIENTED_EDGE('',*,*,#1222,.F.);
#680=ORIENTED_EDGE('',*,*,#1281,.T.);
#681=ORIENTED_EDGE('',*,*,#1234,.F.);
#682=ORIENTED_EDGE('',*,*,#1282,.T.);
#683=ORIENTED_EDGE('',*,*,#1208,.F.);
#684=ORIENTED_EDGE('',*,*,#1269,.T.);
#685=ORIENTED_EDGE('',*,*,#1190,.T.);
#686=ORIENTED_EDGE('',*,*,#1283,.F.);
#687=ORIENTED_EDGE('',*,*,#1266,.T.);
#688=ORIENTED_EDGE('',*,*,#1217,.T.);
#689=ORIENTED_EDGE('',*,*,#1284,.F.);
#690=ORIENTED_EDGE('',*,*,#1285,.F.);
#691=ORIENTED_EDGE('',*,*,#1286,.T.);
#692=ORIENTED_EDGE('',*,*,#1287,.T.);
#693=ORIENTED_EDGE('',*,*,#1288,.F.);
#694=CARTESIAN_POINT('',(-26.6752478604138,-1.530469,-21.0109812996959));
#695=DIRECTION('',(-1.22460635382238E-16,1.0,0.0));
#696=DIRECTION('',(1.0,1.22460635382238E-16,0.0));
#697=ORIENTED_EDGE('',*,*,#1289,.T.);
#698=ORIENTED_EDGE('',*,*,#1290,.F.);
#699=ORIENTED_EDGE('',*,*,#1291,.F.);
#700=ORIENTED_EDGE('',*,*,#1292,.T.);
#701=CARTESIAN_POINT('',(-27.5571834,-1.530469,-16.425));
#702=DIRECTION('',(0.0,0.0,-1.0));
#703=DIRECTION('',(0.0,-1.0,0.0));
#704=ORIENTED_EDGE('',*,*,#1293,.T.);
#705=ORIENTED_EDGE('',*,*,#1294,.F.);
#706=ORIENTED_EDGE('',*,*,#1204,.F.);
#707=ORIENTED_EDGE('',*,*,#1228,.T.);
#708=ORIENTED_EDGE('',*,*,#1289,.F.);
#709=ORIENTED_EDGE('',*,*,#1268,.T.);
#710=CARTESIAN_POINT('',(-26.892181,-1.905469,-16.075));
#711=DIRECTION('',(0.0,-1.0,0.0));
#712=DIRECTION('',(0.0,0.0,-1.0));
#713=ORIENTED_EDGE('',*,*,#1225,.T.);
#714=ORIENTED_EDGE('',*,*,#1241,.F.);
#715=ORIENTED_EDGE('',*,*,#1211,.T.);
#716=ORIENTED_EDGE('',*,*,#1195,.F.);
#717=CARTESIAN_POINT('',(-27.6736834,1.869531,-16.425));
#718=DIRECTION('',(5.60976323348314E-18,-0.242535625036333,0.970142500145332));
#719=DIRECTION('',(-1.0,-2.31296463463575E-17,0.0));
#720=ORIENTED_EDGE('',*,*,#1283,.T.);
#721=ORIENTED_EDGE('',*,*,#1295,.F.);
#722=ORIENTED_EDGE('',*,*,#1293,.F.);
#723=ORIENTED_EDGE('',*,*,#1267,.T.);
#724=CARTESIAN_POINT('',(-25.302181,-1.455469,-16.075));
#725=DIRECTION('',(0.0,0.0,-1.0));
#726=DIRECTION('',(1.0,0.0,0.0));
#727=ORIENTED_EDGE('',*,*,#1296,.T.);
#728=ORIENTED_EDGE('',*,*,#1185,.F.);
#729=ORIENTED_EDGE('',*,*,#1297,.T.);
#730=ORIENTED_EDGE('',*,*,#1249,.T.);
#731=CARTESIAN_POINT('',(-25.792181,2.669531,-17.7));
#732=DIRECTION('',(-1.0,1.22460635382238E-16,0.0));
#733=DIRECTION('',(0.0,0.0,1.0));
#734=ORIENTED_EDGE('',*,*,#1294,.T.);
#735=ORIENTED_EDGE('',*,*,#1295,.T.);
#736=ORIENTED_EDGE('',*,*,#1284,.T.);
#737=ORIENTED_EDGE('',*,*,#1216,.F.);
#738=ORIENTED_EDGE('',*,*,#1298,.T.);
#739=ORIENTED_EDGE('',*,*,#1235,.F.);
#740=CARTESIAN_POINT('',(-25.0064534779416,-0.398169597607712,-16.075));
#741=DIRECTION('',(0.0,0.0,-1.0));
#742=DIRECTION('',(0.0,-1.0,0.0));
#743=ORIENTED_EDGE('',*,*,#1299,.T.);
#744=ORIENTED_EDGE('',*,*,#1243,.T.);
#745=ORIENTED_EDGE('',*,*,#1300,.T.);
#746=ORIENTED_EDGE('',*,*,#1301,.T.);
#747=ORIENTED_EDGE('',*,*,#1302,.F.);
#748=ORIENTED_EDGE('',*,*,#1303,.F.);
#749=ORIENTED_EDGE('',*,*,#1304,.F.);
#750=ORIENTED_EDGE('',*,*,#1305,.F.);
#751=CARTESIAN_POINT('',(-26.567181,2.669531,2.2));
#752=DIRECTION('',(1.0,-1.19348975147199E-14,0.0));
#753=DIRECTION('',(-1.19348975147199E-14,-1.0,0.0));
#754=ORIENTED_EDGE('',*,*,#1233,.F.);
#755=ORIENTED_EDGE('',*,*,#1264,.F.);
#756=ORIENTED_EDGE('',*,*,#1292,.F.);
#757=ORIENTED_EDGE('',*,*,#1306,.F.);
#758=ORIENTED_EDGE('',*,*,#1209,.F.);
#759=ORIENTED_EDGE('',*,*,#1282,.F.);
#760=CARTESIAN_POINT('',(-26.017181,-1.530469,-15.3));
#761=DIRECTION('',(1.0,-1.22460635382238E-16,0.0));
#762=DIRECTION('',(-1.22460635382238E-16,-1.0,0.0));
#763=ORIENTED_EDGE('',*,*,#1307,.T.);
#764=ORIENTED_EDGE('',*,*,#1196,.F.);
#765=ORIENTED_EDGE('',*,*,#1214,.F.);
#766=ORIENTED_EDGE('',*,*,#1251,.T.);
#767=CARTESIAN_POINT('',(-24.852181,-2.130469,-16.075));
#768=DIRECTION('',(1.0,2.31296463463574E-17,0.0));
#769=DIRECTION('',(-2.31296463463574E-17,1.0,0.0));
#770=ORIENTED_EDGE('',*,*,#1223,.T.);
#771=ORIENTED_EDGE('',*,*,#1252,.T.);
#772=ORIENTED_EDGE('',*,*,#1213,.T.);
#773=ORIENTED_EDGE('',*,*,#1240,.T.);
#774=CARTESIAN_POINT('',(-27.6736834,2.169531,-16.15));
#775=DIRECTION('',(5.60976323348314E-18,-0.242535625036333,-0.970142500145332));
#776=DIRECTION('',(0.0,-0.970142500145332,0.242535625036333));
#777=ORIENTED_EDGE('',*,*,#1304,.T.);
#778=ORIENTED_EDGE('',*,*,#1308,.F.);
#779=ORIENTED_EDGE('',*,*,#1309,.F.);
#780=ORIENTED_EDGE('',*,*,#1310,.T.);
#781=ORIENTED_EDGE('',*,*,#1311,.T.);
#782=ORIENTED_EDGE('',*,*,#1312,.T.);
#783=CARTESIAN_POINT('',(-26.567181,2.769531,-14.05));
#784=DIRECTION('',(-0.0,1.0,0.0));
#785=DIRECTION('',(1.0,0.0,0.0));
#786=ORIENTED_EDGE('',*,*,#1242,.F.);
#787=ORIENTED_EDGE('',*,*,#1297,.F.);
#788=ORIENTED_EDGE('',*,*,#1184,.F.);
#789=ORIENTED_EDGE('',*,*,#1181,.T.);
#790=ORIENTED_EDGE('',*,*,#1313,.T.);
#791=ORIENTED_EDGE('',*,*,#1300,.F.);
#792=CARTESIAN_POINT('',(-26.567181,2.769531,-17.2));
#793=DIRECTION('',(-1.22460635382238E-16,-1.0,0.0));
#794=DIRECTION('',(-1.0,1.22460635382238E-16,0.0));
#795=ORIENTED_EDGE('',*,*,#1314,.F.);
#796=ORIENTED_EDGE('',*,*,#1315,.F.);
#797=ORIENTED_EDGE('',*,*,#1316,.T.);
#798=ORIENTED_EDGE('',*,*,#1238,.F.);
#799=CARTESIAN_POINT('',(-27.017181,-1.330469,-7.975));
#800=DIRECTION('',(1.22460635382238E-16,1.0,0.0));
#801=DIRECTION('',(1.0,-1.22460635382238E-16,0.0));
#802=ORIENTED_EDGE('',*,*,#1236,.F.);
#803=ORIENTED_EDGE('',*,*,#1317,.F.);
#804=ORIENTED_EDGE('',*,*,#1302,.T.);
#805=ORIENTED_EDGE('',*,*,#1318,.T.);
#806=CARTESIAN_POINT('',(-27.217181,0.969530999999999,-3.0));
#807=DIRECTION('',(-0.0,1.0,0.0));
#808=DIRECTION('',(1.0,0.0,0.0));
#809=ORIENTED_EDGE('',*,*,#1215,.F.);
#810=ORIENTED_EDGE('',*,*,#1265,.T.);
#811=ORIENTED_EDGE('',*,*,#1232,.F.);
#812=ORIENTED_EDGE('',*,*,#1230,.T.);
#813=ORIENTED_EDGE('',*,*,#1198,.F.);
#814=ORIENTED_EDGE('',*,*,#1298,.F.);
#815=CARTESIAN_POINT('',(-26.089681,-1.555469,-16.075));
#816=DIRECTION('',(-0.0,1.0,0.0));
#817=DIRECTION('',(1.0,0.0,0.0));
#818=ORIENTED_EDGE('',*,*,#1270,.T.);
#819=ORIENTED_EDGE('',*,*,#1210,.T.);
#820=ORIENTED_EDGE('',*,*,#1306,.T.);
#821=ORIENTED_EDGE('',*,*,#1291,.T.);
#822=ORIENTED_EDGE('',*,*,#1319,.F.);
#823=ORIENTED_EDGE('',*,*,#1320,.F.);
#824=ORIENTED_EDGE('',*,*,#1183,.F.);
#825=ORIENTED_EDGE('',*,*,#1192,.T.);
#826=CARTESIAN_POINT('',(-25.117181,-2.630469,-17.7));
#827=DIRECTION('',(1.22460635382238E-16,1.0,0.0));
#828=DIRECTION('',(1.0,-1.22460635382238E-16,0.0));
#829=ORIENTED_EDGE('',*,*,#1180,.F.);
#830=ORIENTED_EDGE('',*,*,#1320,.T.);
#831=ORIENTED_EDGE('',*,*,#1321,.T.);
#832=ORIENTED_EDGE('',*,*,#1314,.T.);
#833=ORIENTED_EDGE('',*,*,#1237,.T.);
#834=ORIENTED_EDGE('',*,*,#1318,.F.);
#835=ORIENTED_EDGE('',*,*,#1301,.F.);
#836=ORIENTED_EDGE('',*,*,#1313,.F.);
#837=CARTESIAN_POINT('',(-27.217181,2.669531,-16.725));
#838=DIRECTION('',(0.0,0.0,1.0));
#839=DIRECTION('',(1.0,0.0,0.0));
#840=ORIENTED_EDGE('',*,*,#1286,.F.);
#841=ORIENTED_EDGE('',*,*,#1322,.F.);
#842=ORIENTED_EDGE('',*,*,#1323,.F.);
#843=ORIENTED_EDGE('',*,*,#1324,.T.);
#844=ORIENTED_EDGE('',*,*,#1325,.F.);
#845=ORIENTED_EDGE('',*,*,#1326,.T.);
#846=CARTESIAN_POINT('',(-25.0064534779416,-0.398169597607712,-15.175));
#847=DIRECTION('',(0.0,0.0,-1.0));
#848=DIRECTION('',(0.0,-1.0,0.0));
#849=ORIENTED_EDGE('',*,*,#1254,.T.);
#850=ORIENTED_EDGE('',*,*,#1244,.T.);
#851=ORIENTED_EDGE('',*,*,#1299,.F.);
#852=ORIENTED_EDGE('',*,*,#1327,.F.);
#853=ORIENTED_EDGE('',*,*,#1307,.F.);
#854=ORIENTED_EDGE('',*,*,#1250,.T.);
#855=ORIENTED_EDGE('',*,*,#1271,.F.);
#856=ORIENTED_EDGE('',*,*,#1193,.F.);
#857=ORIENTED_EDGE('',*,*,#1328,.F.);
#858=ORIENTED_EDGE('',*,*,#1329,.F.);
#859=ORIENTED_EDGE('',*,*,#1330,.F.);
#860=ORIENTED_EDGE('',*,*,#1331,.T.);
#861=CARTESIAN_POINT('',(-26.8458828547312,-0.230469,-19.3023953837185));
#862=DIRECTION('',(-1.22460635382238E-16,1.0,0.0));
#863=DIRECTION('',(1.0,1.22460635382238E-16,0.0));
#864=ORIENTED_EDGE('',*,*,#1248,.T.);
#865=ORIENTED_EDGE('',*,*,#1332,.F.);
#866=ORIENTED_EDGE('',*,*,#1186,.F.);
#867=ORIENTED_EDGE('',*,*,#1296,.F.);
#868=CARTESIAN_POINT('',(-25.4024247553731,1.769531,-17.7966736407211));
#869=DIRECTION('',(2.44921270764475E-16,1.0,0.0));
#870=DIRECTION('',(1.0,-2.44921270764475E-16,0.0));
#871=ORIENTED_EDGE('',*,*,#1247,.T.);
#872=ORIENTED_EDGE('',*,*,#1333,.T.);
#873=ORIENTED_EDGE('',*,*,#1187,.F.);
#874=ORIENTED_EDGE('',*,*,#1332,.T.);
#875=CARTESIAN_POINT('',(-24.992181,2.769531,-17.2));
#876=DIRECTION('',(-1.0,1.3389896830196E-16,0.0));
#877=DIRECTION('',(0.0,0.0,1.0));
#878=ORIENTED_EDGE('',*,*,#1308,.T.);
#879=ORIENTED_EDGE('',*,*,#1303,.T.);
#880=ORIENTED_EDGE('',*,*,#1317,.T.);
#881=ORIENTED_EDGE('',*,*,#1239,.F.);
#882=ORIENTED_EDGE('',*,*,#1316,.F.);
#883=ORIENTED_EDGE('',*,*,#1334,.F.);
#884=ORIENTED_EDGE('',*,*,#1335,.F.);
#885=ORIENTED_EDGE('',*,*,#1336,.T.);
#886=CARTESIAN_POINT('',(-27.217181,2.669531,-14.525));
#887=DIRECTION('',(0.0,0.0,1.0));
#888=DIRECTION('',(1.0,0.0,0.0));
#889=ORIENTED_EDGE('',*,*,#1337,.T.);
#890=ORIENTED_EDGE('',*,*,#1338,.T.);
#891=ORIENTED_EDGE('',*,*,#1287,.F.);
#892=ORIENTED_EDGE('',*,*,#1326,.F.);
#893=CARTESIAN_POINT('',(-25.302181,-1.455469,-14.825));
#894=DIRECTION('',(0.0,0.0,-1.0));
#895=DIRECTION('',(1.0,0.0,0.0));
#896=ORIENTED_EDGE('',*,*,#1339,.T.);
#897=ORIENTED_EDGE('',*,*,#1340,.F.);
#898=ORIENTED_EDGE('',*,*,#1341,.T.);
#899=ORIENTED_EDGE('',*,*,#1324,.F.);
#900=CARTESIAN_POINT('',(-29.417181,-2.3029714,-15.175));
#901=DIRECTION('',(0.242535625036333,0.0,0.970142500145332));
#902=DIRECTION('',(0.0,-1.0,0.0));
#903=ORIENTED_EDGE('',*,*,#1342,.F.);
#904=ORIENTED_EDGE('',*,*,#1343,.T.);
#905=ORIENTED_EDGE('',*,*,#1341,.F.);
#906=ORIENTED_EDGE('',*,*,#1344,.F.);
#907=CARTESIAN_POINT('',(-29.417181,-1.555469,-15.2100024));
#908=DIRECTION('',(0.242535625036333,-0.970142500145332,0.0));
#909=DIRECTION('',(0.0,0.0,-1.0));
#910=ORIENTED_EDGE('',*,*,#1345,.T.);
#911=ORIENTED_EDGE('',*,*,#1346,.T.);
#912=ORIENTED_EDGE('',*,*,#1344,.T.);
#913=ORIENTED_EDGE('',*,*,#1340,.T.);
#914=CARTESIAN_POINT('',(-29.717181,-1.780469,-15.2100024));
#915=DIRECTION('',(1.0,0.0,0.0));
#916=DIRECTION('',(0.0,1.0,0.0));
#917=ORIENTED_EDGE('',*,*,#1347,.T.);
#918=ORIENTED_EDGE('',*,*,#1348,.T.);
#919=ORIENTED_EDGE('',*,*,#1349,.F.);
#920=ORIENTED_EDGE('',*,*,#1350,.T.);
#921=CARTESIAN_POINT('',(-25.0064534779416,-0.398169597607712,-14.825));
#922=DIRECTION('',(0.0,0.0,-1.0));
#923=DIRECTION('',(0.0,-1.0,0.0));
#924=ORIENTED_EDGE('',*,*,#1351,.T.);
#925=ORIENTED_EDGE('',*,*,#1349,.T.);
#926=ORIENTED_EDGE('',*,*,#1342,.T.);
#927=ORIENTED_EDGE('',*,*,#1346,.F.);
#928=CARTESIAN_POINT('',(-29.717181,-2.3029714,-14.9));
#929=DIRECTION('',(0.242535625036333,0.0,-0.970142500145332));
#930=DIRECTION('',(0.0,-1.0,0.0));
#931=ORIENTED_EDGE('',*,*,#1351,.F.);
#932=ORIENTED_EDGE('',*,*,#1345,.F.);
#933=ORIENTED_EDGE('',*,*,#1339,.F.);
#934=ORIENTED_EDGE('',*,*,#1352,.T.);
#935=CARTESIAN_POINT('',(-29.717181,-1.830469,-15.2100024));
#936=DIRECTION('',(0.242535625036333,0.970142500145332,0.0));
#937=DIRECTION('',(0.0,0.0,-1.0));
#938=ORIENTED_EDGE('',*,*,#1285,.T.);
#939=ORIENTED_EDGE('',*,*,#1353,.F.);
#940=ORIENTED_EDGE('',*,*,#1354,.F.);
#941=ORIENTED_EDGE('',*,*,#1322,.T.);
#942=CARTESIAN_POINT('',(-25.302181,-1.455469,-14.825));
#943=DIRECTION('',(0.0,0.0,-1.0));
#944=DIRECTION('',(1.0,0.0,0.0));
#945=ORIENTED_EDGE('',*,*,#1263,.T.);
#946=ORIENTED_EDGE('',*,*,#1355,.F.);
#947=ORIENTED_EDGE('',*,*,#1278,.T.);
#948=ORIENTED_EDGE('',*,*,#1356,.F.);
#949=ORIENTED_EDGE('',*,*,#1347,.F.);
#950=ORIENTED_EDGE('',*,*,#1357,.F.);
#951=ORIENTED_EDGE('',*,*,#1358,.F.);
#952=ORIENTED_EDGE('',*,*,#1334,.T.);
#953=ORIENTED_EDGE('',*,*,#1315,.T.);
#954=ORIENTED_EDGE('',*,*,#1321,.F.);
#955=ORIENTED_EDGE('',*,*,#1319,.T.);
#956=ORIENTED_EDGE('',*,*,#1290,.T.);
#957=ORIENTED_EDGE('',*,*,#1227,.T.);
#958=ORIENTED_EDGE('',*,*,#1231,.T.);
#959=ORIENTED_EDGE('',*,*,#1281,.F.);
#960=ORIENTED_EDGE('',*,*,#1221,.T.);
#961=CARTESIAN_POINT('',(-27.017181,-1.480469,-23.575));
#962=DIRECTION('',(1.0,1.22460635382238E-16,0.0));
#963=DIRECTION('',(-1.22460635382238E-16,1.0,0.0));
#964=ORIENTED_EDGE('',*,*,#1359,.F.);
#965=ORIENTED_EDGE('',*,*,#1360,.F.);
#966=ORIENTED_EDGE('',*,*,#1309,.T.);
#967=ORIENTED_EDGE('',*,*,#1336,.F.);
#968=CARTESIAN_POINT('',(-27.417181,-0.166167241453752,-27.4613919959726));
#969=DIRECTION('',(1.0,-1.22460635382238E-16,0.0));
#970=DIRECTION('',(-1.22460635382238E-16,-1.0,0.0));
#971=ORIENTED_EDGE('',*,*,#1361,.T.);
#972=ORIENTED_EDGE('',*,*,#1362,.F.);
#973=ORIENTED_EDGE('',*,*,#1272,.T.);
#974=ORIENTED_EDGE('',*,*,#1189,.T.);
#975=CARTESIAN_POINT('',(-23.817181,2.38528626053621,-23.4452033200454));
#976=DIRECTION('',(-1.0,0.0,0.0));
#977=DIRECTION('',(0.0,0.0,1.0));
#978=ORIENTED_EDGE('',*,*,#1363,.F.);
#979=ORIENTED_EDGE('',*,*,#1311,.F.);
#980=ORIENTED_EDGE('',*,*,#1364,.T.);
#981=ORIENTED_EDGE('',*,*,#1365,.F.);
#982=CARTESIAN_POINT('',(-25.792181,2.669531,-13.55));
#983=DIRECTION('',(1.0,0.0,0.0));
#984=DIRECTION('',(0.0,1.0,0.0));
#985=ORIENTED_EDGE('',*,*,#1363,.T.);
#986=ORIENTED_EDGE('',*,*,#1366,.T.);
#987=ORIENTED_EDGE('',*,*,#1260,.T.);
#988=ORIENTED_EDGE('',*,*,#1367,.T.);
#989=ORIENTED_EDGE('',*,*,#1255,.F.);
#990=ORIENTED_EDGE('',*,*,#1327,.T.);
#991=ORIENTED_EDGE('',*,*,#1305,.T.);
#992=ORIENTED_EDGE('',*,*,#1312,.F.);
#993=CARTESIAN_POINT('',(-25.2508593649965,-0.647956744658188,-14.05));
#994=DIRECTION('',(0.0,0.0,-1.0));
#995=DIRECTION('',(0.0,-1.0,0.0));
#996=ORIENTED_EDGE('',*,*,#1331,.F.);
#997=ORIENTED_EDGE('',*,*,#1368,.F.);
#998=ORIENTED_EDGE('',*,*,#1369,.F.);
#999=ORIENTED_EDGE('',*,*,#1370,.F.);
#1000=CARTESIAN_POINT('',(-25.0064534779416,-0.398169597607712,-14.825));
#1001=DIRECTION('',(0.0,0.0,-1.0));
#1002=DIRECTION('',(0.0,-1.0,0.0));
#1003=ORIENTED_EDGE('',*,*,#1370,.T.);
#1004=ORIENTED_EDGE('',*,*,#1371,.F.);
#1005=ORIENTED_EDGE('',*,*,#1372,.F.);
#1006=ORIENTED_EDGE('',*,*,#1328,.T.);
#1007=CARTESIAN_POINT('',(-25.202181,1.769531,-14.825));
#1008=DIRECTION('',(-1.0,3.70074341541719E-16,0.0));
#1009=DIRECTION('',(0.0,0.0,1.0));
#1010=ORIENTED_EDGE('',*,*,#1373,.T.);
#1011=ORIENTED_EDGE('',*,*,#1369,.T.);
#1012=ORIENTED_EDGE('',*,*,#1374,.T.);
#1013=ORIENTED_EDGE('',*,*,#1375,.T.);
#1014=CARTESIAN_POINT('',(-27.6736834,2.169531,-14.9));
#1015=DIRECTION('',(5.60976323348314E-18,-0.242535625036333,-0.970142500145332));
#1016=DIRECTION('',(0.0,-0.970142500145332,0.242535625036333));
#1017=ORIENTED_EDGE('',*,*,#1376,.T.);
#1018=ORIENTED_EDGE('',*,*,#1377,.F.);
#1019=ORIENTED_EDGE('',*,*,#1378,.T.);
#1020=ORIENTED_EDGE('',*,*,#1379,.F.);
#1021=CARTESIAN_POINT('',(-27.6736834,1.869531,-15.175));
#1022=DIRECTION('',(5.60976323348314E-18,-0.242535625036333,0.970142500145332));
#1023=DIRECTION('',(-1.0,-2.31296463463575E-17,0.0));
#1024=ORIENTED_EDGE('',*,*,#1329,.T.);
#1025=ORIENTED_EDGE('',*,*,#1372,.T.);
#1026=ORIENTED_EDGE('',*,*,#1379,.T.);
#1027=ORIENTED_EDGE('',*,*,#1380,.T.);
#1028=CARTESIAN_POINT('',(-25.0064534779416,-0.398169597607712,-15.175));
#1029=DIRECTION('',(0.0,0.0,-1.0));
#1030=DIRECTION('',(0.0,-1.0,0.0));
#1031=ORIENTED_EDGE('',*,*,#1330,.T.);
#1032=ORIENTED_EDGE('',*,*,#1380,.F.);
#1033=ORIENTED_EDGE('',*,*,#1381,.F.);
#1034=ORIENTED_EDGE('',*,*,#1368,.T.);
#1035=CARTESIAN_POINT('',(-24.852181,-2.130469,-14.825));
#1036=DIRECTION('',(1.0,2.31296463463574E-17,0.0));
#1037=DIRECTION('',(-2.31296463463574E-17,1.0,0.0));
#1038=ORIENTED_EDGE('',*,*,#1378,.F.);
#1039=ORIENTED_EDGE('',*,*,#1382,.T.);
#1040=ORIENTED_EDGE('',*,*,#1374,.F.);
#1041=ORIENTED_EDGE('',*,*,#1381,.T.);
#1042=CARTESIAN_POINT('',(-24.852181,1.869531,-14.825));
#1043=DIRECTION('',(0.970142500145332,0.242535625036333,0.0));
#1044=DIRECTION('',(0.0,0.0,-1.0));
#1045=ORIENTED_EDGE('',*,*,#1375,.F.);
#1046=ORIENTED_EDGE('',*,*,#1382,.F.);
#1047=ORIENTED_EDGE('',*,*,#1377,.T.);
#1048=ORIENTED_EDGE('',*,*,#1383,.F.);
#1049=CARTESIAN_POINT('',(-24.927181,2.169531,-14.825));
#1050=DIRECTION('',(-0.0,1.0,0.0));
#1051=DIRECTION('',(1.0,0.0,0.0));
#1052=ORIENTED_EDGE('',*,*,#1373,.F.);
#1053=ORIENTED_EDGE('',*,*,#1383,.T.);
#1054=ORIENTED_EDGE('',*,*,#1376,.F.);
#1055=ORIENTED_EDGE('',*,*,#1371,.T.);
#1056=CARTESIAN_POINT('',(-25.127181,2.169531,-14.825));
#1057=DIRECTION('',(-0.970142500145332,0.242535625036333,0.0));
#1058=DIRECTION('',(0.0,0.0,1.0));
#1059=ORIENTED_EDGE('',*,*,#1365,.T.);
#1060=ORIENTED_EDGE('',*,*,#1384,.T.);
#1061=ORIENTED_EDGE('',*,*,#1257,.T.);
#1062=ORIENTED_EDGE('',*,*,#1366,.F.);
#1063=CARTESIAN_POINT('',(-25.4024247553731,1.769531,-13.4533263592789));
#1064=DIRECTION('',(-1.22460635382238E-16,-1.0,0.0));
#1065=DIRECTION('',(-1.0,1.22460635382238E-16,0.0));
#1066=ORIENTED_EDGE('',*,*,#1261,.T.);
#1067=ORIENTED_EDGE('',*,*,#1219,.T.);
#1068=ORIENTED_EDGE('',*,*,#1280,.T.);
#1069=ORIENTED_EDGE('',*,*,#1385,.F.);
#1070=CARTESIAN_POINT('',(-26.017181,-1.530469,-15.95));
#1071=DIRECTION('',(-1.0,0.0,0.0));
#1072=DIRECTION('',(0.0,0.0,1.0));
#1073=ORIENTED_EDGE('',*,*,#1279,.F.);
#1074=ORIENTED_EDGE('',*,*,#1355,.T.);
#1075=ORIENTED_EDGE('',*,*,#1262,.T.);
#1076=ORIENTED_EDGE('',*,*,#1385,.T.);
#1077=CARTESIAN_POINT('',(-26.017181,-1.530469,-15.176));
#1078=DIRECTION('',(0.0,0.0,1.0));
#1079=DIRECTION('',(1.0,0.0,0.0));
#1080=ORIENTED_EDGE('',*,*,#1386,.F.);
#1081=ORIENTED_EDGE('',*,*,#1387,.F.);
#1082=ORIENTED_EDGE('',*,*,#1388,.T.);
#1083=ORIENTED_EDGE('',*,*,#1357,.T.);
#1084=CARTESIAN_POINT('',(-27.5571834,-1.530469,-14.825));
#1085=DIRECTION('',(0.0,0.0,-1.0));
#1086=DIRECTION('',(0.0,-1.0,0.0));
#1087=ORIENTED_EDGE('',*,*,#1277,.F.);
#1088=ORIENTED_EDGE('',*,*,#1389,.F.);
#1089=ORIENTED_EDGE('',*,*,#1390,.F.);
#1090=ORIENTED_EDGE('',*,*,#1356,.T.);
#1091=CARTESIAN_POINT('',(-27.5571834,-1.530469,-14.825));
#1092=DIRECTION('',(0.0,0.0,-1.0));
#1093=DIRECTION('',(0.0,-1.0,0.0));
#1094=ORIENTED_EDGE('',*,*,#1337,.F.);
#1095=ORIENTED_EDGE('',*,*,#1325,.T.);
#1096=ORIENTED_EDGE('',*,*,#1343,.F.);
#1097=ORIENTED_EDGE('',*,*,#1348,.F.);
#1098=ORIENTED_EDGE('',*,*,#1390,.T.);
#1099=ORIENTED_EDGE('',*,*,#1391,.F.);
#1100=CARTESIAN_POINT('',(-26.089681,-1.555469,-14.825));
#1101=DIRECTION('',(-0.0,1.0,0.0));
#1102=DIRECTION('',(1.0,0.0,0.0));
#1103=ORIENTED_EDGE('',*,*,#1276,.T.);
#1104=ORIENTED_EDGE('',*,*,#1392,.T.);
#1105=ORIENTED_EDGE('',*,*,#1393,.T.);
#1106=ORIENTED_EDGE('',*,*,#1387,.T.);
#1107=ORIENTED_EDGE('',*,*,#1394,.F.);
#1108=ORIENTED_EDGE('',*,*,#1389,.T.);
#1109=CARTESIAN_POINT('',(-26.017181,-1.530469,-15.95));
#1110=DIRECTION('',(-1.0,0.0,0.0));
#1111=DIRECTION('',(0.0,0.0,1.0));
#1112=ORIENTED_EDGE('',*,*,#1395,.T.);
#1113=ORIENTED_EDGE('',*,*,#1353,.T.);
#1114=ORIENTED_EDGE('',*,*,#1288,.T.);
#1115=ORIENTED_EDGE('',*,*,#1338,.F.);
#1116=ORIENTED_EDGE('',*,*,#1391,.T.);
#1117=ORIENTED_EDGE('',*,*,#1394,.T.);
#1118=CARTESIAN_POINT('',(-25.0064534779416,-0.398169597607712,-14.825));
#1119=DIRECTION('',(0.0,0.0,-1.0));
#1120=DIRECTION('',(0.0,-1.0,0.0));
#1121=ORIENTED_EDGE('',*,*,#1396,.T.);
#1122=ORIENTED_EDGE('',*,*,#1392,.F.);
#1123=ORIENTED_EDGE('',*,*,#1275,.F.);
#1124=ORIENTED_EDGE('',*,*,#1397,.F.);
#1125=CARTESIAN_POINT('',(-25.817181,-2.030469,-14.525));
#1126=DIRECTION('',(0.0,0.0,-1.0));
#1127=DIRECTION('',(0.0,-1.0,0.0));
#1128=ORIENTED_EDGE('',*,*,#1398,.T.);
#1129=ORIENTED_EDGE('',*,*,#1399,.T.);
#1130=ORIENTED_EDGE('',*,*,#1397,.T.);
#1131=ORIENTED_EDGE('',*,*,#1274,.T.);
#1132=CARTESIAN_POINT('',(-24.917181,-2.630469,-13.55));
#1133=DIRECTION('',(1.0,0.0,0.0));
#1134=DIRECTION('',(0.0,1.0,0.0));
#1135=ORIENTED_EDGE('',*,*,#1256,.T.);
#1136=ORIENTED_EDGE('',*,*,#1367,.F.);
#1137=ORIENTED_EDGE('',*,*,#1259,.T.);
#1138=ORIENTED_EDGE('',*,*,#1400,.F.);
#1139=ORIENTED_EDGE('',*,*,#1361,.F.);
#1140=ORIENTED_EDGE('',*,*,#1188,.T.);
#1141=ORIENTED_EDGE('',*,*,#1333,.F.);
#1142=ORIENTED_EDGE('',*,*,#1246,.T.);
#1143=CARTESIAN_POINT('',(-24.117181,2.769531,-19.7));
#1144=DIRECTION('',(9.00424483238364E-15,-1.0,0.0));
#1145=DIRECTION('',(0.0,0.0,-1.0));
#1146=ORIENTED_EDGE('',*,*,#1401,.T.);
#1147=ORIENTED_EDGE('',*,*,#1398,.F.);
#1148=ORIENTED_EDGE('',*,*,#1273,.T.);
#1149=ORIENTED_EDGE('',*,*,#1362,.T.);
#1150=ORIENTED_EDGE('',*,*,#1400,.T.);
#1151=ORIENTED_EDGE('',*,*,#1258,.F.);
#1152=ORIENTED_EDGE('',*,*,#1384,.F.);
#1153=ORIENTED_EDGE('',*,*,#1364,.F.);
#1154=ORIENTED_EDGE('',*,*,#1310,.F.);
#1155=ORIENTED_EDGE('',*,*,#1360,.T.);
#1156=CARTESIAN_POINT('',(-25.318488408855,-2.27214112744177,-13.55));
#1157=DIRECTION('',(0.0,0.0,1.0));
#1158=DIRECTION('',(1.0,0.0,0.0));
#1159=ORIENTED_EDGE('',*,*,#1401,.F.);
#1160=ORIENTED_EDGE('',*,*,#1359,.T.);
#1161=ORIENTED_EDGE('',*,*,#1335,.T.);
#1162=ORIENTED_EDGE('',*,*,#1358,.T.);
#1163=ORIENTED_EDGE('',*,*,#1388,.F.);
#1164=ORIENTED_EDGE('',*,*,#1393,.F.);
#1165=ORIENTED_EDGE('',*,*,#1396,.F.);
#1166=ORIENTED_EDGE('',*,*,#1399,.F.);
#1167=CARTESIAN_POINT('',(-25.117181,-2.630469,-13.55));
#1168=DIRECTION('',(0.0,-1.0,0.0));
#1169=DIRECTION('',(0.0,0.0,-1.0));
#1170=ORIENTED_EDGE('',*,*,#1354,.T.);
#1171=ORIENTED_EDGE('',*,*,#1395,.F.);
#1172=ORIENTED_EDGE('',*,*,#1386,.T.);
#1173=ORIENTED_EDGE('',*,*,#1350,.F.);
#1174=ORIENTED_EDGE('',*,*,#1352,.F.);
#1175=ORIENTED_EDGE('',*,*,#1323,.T.);
#1176=CARTESIAN_POINT('',(-26.892181,-1.905469,-14.825));
#1177=DIRECTION('',(0.0,-1.0,0.0));
#1178=DIRECTION('',(0.0,0.0,-1.0));
#1179=COLOUR_RGB('',0.760784387588501,0.772549092769623,0.560784339904785);
#1180=EDGE_CURVE('',#1402,#1403,#1404,.T.);
#1181=EDGE_CURVE('',#1405,#1403,#1406,.T.);
#1182=EDGE_CURVE('',#1405,#1407,#1408,.T.);
#1183=EDGE_CURVE('',#1407,#1402,#1409,.T.);
#1184=EDGE_CURVE('',#1405,#1410,#1411,.T.);
#1185=EDGE_CURVE('',#1410,#1412,#1413,.T.);
#1186=EDGE_CURVE('',#1412,#1414,#1415,.T.);
#1187=EDGE_CURVE('',#1414,#1416,#1417,.T.);
#1188=EDGE_CURVE('',#1418,#1416,#1419,.T.);
#1189=EDGE_CURVE('',#1420,#1418,#1421,.T.);
#1190=EDGE_CURVE('',#1422,#1420,#1423,.T.);
#1191=EDGE_CURVE('',#1422,#1424,#1425,.T.);
#1192=EDGE_CURVE('',#1407,#1424,#1426,.T.);
#1193=EDGE_CURVE('',#1427,#1428,#1429,.T.);
#1194=EDGE_CURVE('',#1428,#1430,#1431,.T.);
#1195=EDGE_CURVE('',#1430,#1432,#1433,.T.);
#1196=EDGE_CURVE('',#1432,#1427,#1434,.T.);
#1197=EDGE_CURVE('',#1435,#1436,#1437,.T.);
#1198=EDGE_CURVE('',#1435,#1438,#1439,.T.);
#1199=EDGE_CURVE('',#1440,#1438,#1441,.T.);
#1200=EDGE_CURVE('',#1436,#1440,#1442,.T.);
#1201=EDGE_CURVE('',#1443,#1444,#1445,.T.);
#1202=EDGE_CURVE('',#1446,#1443,#1447,.T.);
#1203=EDGE_CURVE('',#1448,#1446,#1449,.T.);
#1204=EDGE_CURVE('',#1448,#1444,#1450,.T.);
#1205=EDGE_CURVE('',#1443,#1436,#1451,.T.);
#1206=EDGE_CURVE('',#1440,#1446,#1452,.T.);
#1207=EDGE_CURVE('',#1453,#1454,#1455,.T.);
#1208=EDGE_CURVE('',#1454,#1456,#1457,.T.);
#1209=EDGE_CURVE('',#1456,#1458,#1459,.T.);
#1210=EDGE_CURVE('',#1453,#1458,#1460,.T.);
#1211=EDGE_CURVE('',#1461,#1432,#1462,.T.);
#1212=EDGE_CURVE('',#1461,#1463,#1464,.T.);
#1213=EDGE_CURVE('',#1465,#1463,#1466,.T.);
#1214=EDGE_CURVE('',#1465,#1432,#1467,.T.);
#1215=EDGE_CURVE('',#1468,#1469,#1470,.T.);
#1216=EDGE_CURVE('',#1469,#1471,#1472,.T.);
#1217=EDGE_CURVE('',#1473,#1471,#1474,.T.);
#1218=EDGE_CURVE('',#1468,#1473,#1475,.T.);
#1219=EDGE_CURVE('',#1476,#1477,#1478,.T.);
#1220=EDGE_CURVE('',#1479,#1476,#1480,.T.);
#1221=EDGE_CURVE('',#1481,#1479,#1482,.T.);
#1222=EDGE_CURVE('',#1481,#1477,#1483,.T.);
#1223=EDGE_CURVE('',#1484,#1485,#1486,.T.);
#1224=EDGE_CURVE('',#1484,#1487,#1488,.T.);
#1225=EDGE_CURVE('',#1430,#1487,#1489,.T.);
#1226=EDGE_CURVE('',#1430,#1485,#1490,.T.);
#1227=EDGE_CURVE('',#1491,#1492,#1493,.T.);
#1228=EDGE_CURVE('',#1448,#1491,#1494,.T.);
#1229=EDGE_CURVE('',#1448,#1438,#1495,.T.);
#1230=EDGE_CURVE('',#1492,#1438,#1496,.T.);
#1231=EDGE_CURVE('',#1492,#1497,#1498,.T.);
#1232=EDGE_CURVE('',#1492,#1499,#1500,.T.);
#1233=EDGE_CURVE('',#1499,#1501,#1502,.T.);
#1234=EDGE_CURVE('',#1501,#1497,#1503,.T.);
#1235=EDGE_CURVE('',#1444,#1435,#1504,.T.);
#1236=EDGE_CURVE('',#1505,#1506,#1507,.T.);
#1237=EDGE_CURVE('',#1508,#1506,#1509,.T.);
#1238=EDGE_CURVE('',#1508,#1510,#1511,.T.);
#1239=EDGE_CURVE('',#1510,#1505,#1512,.T.);
#1240=EDGE_CURVE('',#1463,#1484,#1513,.T.);
#1241=EDGE_CURVE('',#1461,#1487,#1514,.T.);
#1242=EDGE_CURVE('',#1515,#1516,#1517,.T.);
#1243=EDGE_CURVE('',#1518,#1516,#1519,.T.);
#1244=EDGE_CURVE('',#1520,#1518,#1521,.T.);
#1245=EDGE_CURVE('',#1520,#1522,#1523,.T.);
#1246=EDGE_CURVE('',#1524,#1522,#1525,.T.);
#1247=EDGE_CURVE('',#1526,#1524,#1527,.T.);
#1248=EDGE_CURVE('',#1528,#1526,#1529,.T.);
#1249=EDGE_CURVE('',#1515,#1528,#1530,.T.);
#1250=EDGE_CURVE('',#1531,#1532,#1533,.T.);
#1251=EDGE_CURVE('',#1465,#1531,#1534,.T.);
#1252=EDGE_CURVE('',#1485,#1465,#1535,.T.);
#1253=EDGE_CURVE('',#1532,#1485,#1536,.T.);
#1254=EDGE_CURVE('',#1537,#1520,#1538,.T.);
#1255=EDGE_CURVE('',#1537,#1539,#1540,.T.);
#1256=EDGE_CURVE('',#1522,#1539,#1541,.T.);
#1257=EDGE_CURVE('',#1542,#1543,#1544,.T.);
#1258=EDGE_CURVE('',#1542,#1545,#1546,.T.);
#1259=EDGE_CURVE('',#1547,#1545,#1548,.T.);
#1260=EDGE_CURVE('',#1543,#1547,#1549,.T.);
#1261=EDGE_CURVE('',#1550,#1476,#1551,.T.);
#1262=EDGE_CURVE('',#1552,#1550,#1553,.T.);
#1263=EDGE_CURVE('',#1479,#1552,#1554,.T.);
#1264=EDGE_CURVE('',#1555,#1499,#1556,.T.);
#1265=EDGE_CURVE('',#1468,#1499,#1557,.T.);
#1266=EDGE_CURVE('',#1558,#1473,#1559,.T.);
#1267=EDGE_CURVE('',#1560,#1558,#1561,.T.);
#1268=EDGE_CURVE('',#1555,#1560,#1562,.T.);
#1269=EDGE_CURVE('',#1454,#1422,#1563,.T.);
#1270=EDGE_CURVE('',#1424,#1453,#1564,.T.);
#1271=EDGE_CURVE('',#1428,#1532,#1565,.T.);
#1272=EDGE_CURVE('',#1566,#1420,#1567,.T.);
#1273=EDGE_CURVE('',#1568,#1566,#1569,.T.);
#1274=EDGE_CURVE('',#1570,#1568,#1571,.T.);
#1275=EDGE_CURVE('',#1570,#1572,#1573,.T.);
#1276=EDGE_CURVE('',#1574,#1572,#1575,.T.);
#1277=EDGE_CURVE('',#1574,#1576,#1577,.T.);
#1278=EDGE_CURVE('',#1578,#1576,#1579,.T.);
#1279=EDGE_CURVE('',#1578,#1580,#1581,.T.);
#1280=EDGE_CURVE('',#1477,#1580,#1582,.T.);
#1281=EDGE_CURVE('',#1481,#1497,#1583,.T.);
#1282=EDGE_CURVE('',#1501,#1456,#1584,.T.);
#1283=EDGE_CURVE('',#1558,#1585,#1586,.T.);
#1284=EDGE_CURVE('',#1585,#1471,#1587,.T.);
#1285=EDGE_CURVE('',#1588,#1589,#1590,.T.);
#1286=EDGE_CURVE('',#1588,#1591,#1592,.T.);
#1287=EDGE_CURVE('',#1591,#1593,#1594,.T.);
#1288=EDGE_CURVE('',#1589,#1593,#1595,.T.);
#1289=EDGE_CURVE('',#1555,#1491,#1596,.T.);
#1290=EDGE_CURVE('',#1597,#1491,#1598,.T.);
#1291=EDGE_CURVE('',#1599,#1597,#1600,.T.);
#1292=EDGE_CURVE('',#1599,#1555,#1601,.T.);
#1293=EDGE_CURVE('',#1560,#1602,#1603,.T.);
#1294=EDGE_CURVE('',#1444,#1602,#1604,.T.);
#1295=EDGE_CURVE('',#1602,#1585,#1605,.T.);
#1296=EDGE_CURVE('',#1528,#1412,#1606,.T.);
#1297=EDGE_CURVE('',#1410,#1515,#1607,.T.);
#1298=EDGE_CURVE('',#1469,#1435,#1608,.T.);
#1299=EDGE_CURVE('',#1609,#1518,#1610,.T.);
#1300=EDGE_CURVE('',#1516,#1611,#1612,.T.);
#1301=EDGE_CURVE('',#1611,#1613,#1614,.T.);
#1302=EDGE_CURVE('',#1615,#1613,#1616,.T.);
#1303=EDGE_CURVE('',#1617,#1615,#1618,.T.);
#1304=EDGE_CURVE('',#1619,#1617,#1620,.T.);
#1305=EDGE_CURVE('',#1609,#1619,#1621,.T.);
#1306=EDGE_CURVE('',#1458,#1599,#1622,.T.);
#1307=EDGE_CURVE('',#1531,#1427,#1623,.T.);
#1308=EDGE_CURVE('',#1624,#1617,#1625,.T.);
#1309=EDGE_CURVE('',#1626,#1624,#1627,.T.);
#1310=EDGE_CURVE('',#1626,#1628,#1629,.T.);
#1311=EDGE_CURVE('',#1628,#1630,#1631,.T.);
#1312=EDGE_CURVE('',#1630,#1619,#1632,.T.);
#1313=EDGE_CURVE('',#1403,#1611,#1633,.T.);
#1314=EDGE_CURVE('',#1634,#1508,#1635,.T.);
#1315=EDGE_CURVE('',#1636,#1634,#1637,.T.);
#1316=EDGE_CURVE('',#1636,#1510,#1638,.T.);
#1317=EDGE_CURVE('',#1615,#1505,#1639,.T.);
#1318=EDGE_CURVE('',#1613,#1506,#1640,.T.);
#1319=EDGE_CURVE('',#1641,#1597,#1642,.T.);
#1320=EDGE_CURVE('',#1402,#1641,#1643,.T.);
#1321=EDGE_CURVE('',#1641,#1634,#1644,.T.);
#1322=EDGE_CURVE('',#1645,#1588,#1646,.T.);
#1323=EDGE_CURVE('',#1647,#1645,#1648,.T.);
#1324=EDGE_CURVE('',#1647,#1649,#1650,.T.);
#1325=EDGE_CURVE('',#1651,#1649,#1652,.T.);
#1326=EDGE_CURVE('',#1651,#1591,#1653,.T.);
#1327=EDGE_CURVE('',#1537,#1609,#1654,.T.);
#1328=EDGE_CURVE('',#1655,#1656,#1657,.T.);
#1329=EDGE_CURVE('',#1658,#1655,#1659,.T.);
#1330=EDGE_CURVE('',#1660,#1658,#1661,.T.);
#1331=EDGE_CURVE('',#1660,#1656,#1662,.T.);
#1332=EDGE_CURVE('',#1414,#1526,#1663,.T.);
#1333=EDGE_CURVE('',#1524,#1416,#1664,.T.);
#1334=EDGE_CURVE('',#1665,#1636,#1666,.T.);
#1335=EDGE_CURVE('',#1667,#1665,#1668,.T.);
#1336=EDGE_CURVE('',#1667,#1624,#1669,.T.);
#1337=EDGE_CURVE('',#1651,#1670,#1671,.T.);
#1338=EDGE_CURVE('',#1670,#1593,#1672,.T.);
#1339=EDGE_CURVE('',#1647,#1673,#1674,.T.);
#1340=EDGE_CURVE('',#1675,#1673,#1676,.T.);
#1341=EDGE_CURVE('',#1675,#1649,#1677,.T.);
#1342=EDGE_CURVE('',#1678,#1679,#1680,.T.);
#1343=EDGE_CURVE('',#1678,#1649,#1681,.T.);
#1344=EDGE_CURVE('',#1679,#1675,#1682,.T.);
#1345=EDGE_CURVE('',#1673,#1683,#1684,.T.);
#1346=EDGE_CURVE('',#1683,#1679,#1685,.T.);
#1347=EDGE_CURVE('',#1686,#1687,#1688,.T.);
#1348=EDGE_CURVE('',#1687,#1678,#1689,.T.);
#1349=EDGE_CURVE('',#1690,#1678,#1691,.T.);
#1350=EDGE_CURVE('',#1690,#1686,#1692,.T.);
#1351=EDGE_CURVE('',#1683,#1690,#1693,.T.);
#1352=EDGE_CURVE('',#1647,#1690,#1694,.T.);
#1353=EDGE_CURVE('',#1695,#1589,#1696,.T.);
#1354=EDGE_CURVE('',#1645,#1695,#1697,.T.);
#1355=EDGE_CURVE('',#1578,#1552,#1698,.T.);
#1356=EDGE_CURVE('',#1687,#1576,#1699,.T.);
#1357=EDGE_CURVE('',#1700,#1686,#1701,.T.);
#1358=EDGE_CURVE('',#1665,#1700,#1702,.T.);
#1359=EDGE_CURVE('',#1703,#1667,#1704,.T.);
#1360=EDGE_CURVE('',#1626,#1703,#1705,.T.);
#1361=EDGE_CURVE('',#1418,#1706,#1707,.T.);
#1362=EDGE_CURVE('',#1566,#1706,#1708,.T.);
#1363=EDGE_CURVE('',#1630,#1709,#1710,.T.);
#1364=EDGE_CURVE('',#1628,#1711,#1712,.T.);
#1365=EDGE_CURVE('',#1709,#1711,#1713,.T.);
#1366=EDGE_CURVE('',#1709,#1543,#1714,.T.);
#1367=EDGE_CURVE('',#1547,#1539,#1715,.T.);
#1368=EDGE_CURVE('',#1716,#1660,#1717,.T.);
#1369=EDGE_CURVE('',#1718,#1716,#1719,.T.);
#1370=EDGE_CURVE('',#1656,#1718,#1720,.T.);
#1371=EDGE_CURVE('',#1721,#1718,#1722,.T.);
#1372=EDGE_CURVE('',#1655,#1721,#1723,.T.);
#1373=EDGE_CURVE('',#1724,#1718,#1725,.T.);
#1374=EDGE_CURVE('',#1716,#1726,#1727,.T.);
#1375=EDGE_CURVE('',#1726,#1724,#1728,.T.);
#1376=EDGE_CURVE('',#1721,#1729,#1730,.T.);
#1377=EDGE_CURVE('',#1731,#1729,#1732,.T.);
#1378=EDGE_CURVE('',#1731,#1733,#1734,.T.);
#1379=EDGE_CURVE('',#1721,#1733,#1735,.T.);
#1380=EDGE_CURVE('',#1733,#1658,#1736,.T.);
#1381=EDGE_CURVE('',#1716,#1733,#1737,.T.);
#1382=EDGE_CURVE('',#1731,#1726,#1738,.T.);
#1383=EDGE_CURVE('',#1724,#1729,#1739,.T.);
#1384=EDGE_CURVE('',#1711,#1542,#1740,.T.);
#1385=EDGE_CURVE('',#1550,#1580,#1741,.T.);
#1386=EDGE_CURVE('',#1742,#1686,#1743,.T.);
#1387=EDGE_CURVE('',#1744,#1742,#1745,.T.);
#1388=EDGE_CURVE('',#1744,#1700,#1746,.T.);
#1389=EDGE_CURVE('',#1747,#1574,#1748,.T.);
#1390=EDGE_CURVE('',#1687,#1747,#1749,.T.);
#1391=EDGE_CURVE('',#1670,#1747,#1750,.T.);
#1392=EDGE_CURVE('',#1572,#1751,#1752,.T.);
#1393=EDGE_CURVE('',#1751,#1744,#1753,.T.);
#1394=EDGE_CURVE('',#1747,#1742,#1754,.T.);
#1395=EDGE_CURVE('',#1742,#1695,#1755,.T.);
#1396=EDGE_CURVE('',#1756,#1751,#1757,.T.);
#1397=EDGE_CURVE('',#1756,#1570,#1758,.T.);
#1398=EDGE_CURVE('',#1568,#1759,#1760,.T.);
#1399=EDGE_CURVE('',#1759,#1756,#1761,.T.);
#1400=EDGE_CURVE('',#1706,#1545,#1762,.T.);
#1401=EDGE_CURVE('',#1703,#1759,#1763,.T.);
#1402=VERTEX_POINT('',#1764);
#1403=VERTEX_POINT('',#1765);
#1404=LINE('',#1766,#1767);
#1405=VERTEX_POINT('',#1768);
#1406=LINE('',#1769,#1770);
#1407=VERTEX_POINT('',#1771);
#1408=LINE('',#1772,#1773);
#1409=LINE('',#1774,#1775);
#1410=VERTEX_POINT('',#1776);
#1411=LINE('',#1777,#1778);
#1412=VERTEX_POINT('',#1779);
#1413=LINE('',#1780,#1781);
#1414=VERTEX_POINT('',#1782);
#1415=LINE('',#1783,#1784);
#1416=VERTEX_POINT('',#1785);
#1417=LINE('',#1786,#1787);
#1418=VERTEX_POINT('',#1788);
#1419=LINE('',#1789,#1790);
#1420=VERTEX_POINT('',#1791);
#1421=LINE('',#1792,#1793);
#1422=VERTEX_POINT('',#1794);
#1423=LINE('',#1795,#1796);
#1424=VERTEX_POINT('',#1797);
#1425=LINE('',#1798,#1799);
#1426=LINE('',#1800,#1801);
#1427=VERTEX_POINT('',#1802);
#1428=VERTEX_POINT('',#1803);
#1429=LINE('',#1804,#1805);
#1430=VERTEX_POINT('',#1806);
#1431=LINE('',#1807,#1808);
#1432=VERTEX_POINT('',#1809);
#1433=LINE('',#1810,#1811);
#1434=LINE('',#1812,#1813);
#1435=VERTEX_POINT('',#1814);
#1436=VERTEX_POINT('',#1815);
#1437=LINE('',#1816,#1817);
#1438=VERTEX_POINT('',#1818);
#1439=LINE('',#1819,#1820);
#1440=VERTEX_POINT('',#1821);
#1441=LINE('',#1822,#1823);
#1442=LINE('',#1824,#1825);
#1443=VERTEX_POINT('',#1826);
#1444=VERTEX_POINT('',#1827);
#1445=LINE('',#1828,#1829);
#1446=VERTEX_POINT('',#1830);
#1447=LINE('',#1831,#1832);
#1448=VERTEX_POINT('',#1833);
#1449=LINE('',#1834,#1835);
#1450=LINE('',#1836,#1837);
#1451=LINE('',#1838,#1839);
#1452=LINE('',#1840,#1841);
#1453=VERTEX_POINT('',#1842);
#1454=VERTEX_POINT('',#1843);
#1455=LINE('',#1844,#1845);
#1456=VERTEX_POINT('',#1846);
#1457=LINE('',#1847,#1848);
#1458=VERTEX_POINT('',#1849);
#1459=LINE('',#1850,#1851);
#1460=LINE('',#1852,#1853);
#1461=VERTEX_POINT('',#1854);
#1462=LINE('',#1855,#1856);
#1463=VERTEX_POINT('',#1857);
#1464=LINE('',#1858,#1859);
#1465=VERTEX_POINT('',#1860);
#1466=LINE('',#1861,#1862);
#1467=LINE('',#1863,#1864);
#1468=VERTEX_POINT('',#1865);
#1469=VERTEX_POINT('',#1866);
#1470=LINE('',#1867,#1868);
#1471=VERTEX_POINT('',#1869);
#1472=CIRCLE('',#1870,0.1);
#1473=VERTEX_POINT('',#1871);
#1474=LINE('',#1872,#1873);
#1475=CIRCLE('',#1874,0.1);
#1476=VERTEX_POINT('',#1875);
#1477=VERTEX_POINT('',#1876);
#1478=LINE('',#1877,#1878);
#1479=VERTEX_POINT('',#1879);
#1480=LINE('',#1880,#1881);
#1481=VERTEX_POINT('',#1882);
#1482=LINE('',#1883,#1884);
#1483=LINE('',#1885,#1886);
#1484=VERTEX_POINT('',#1887);
#1485=VERTEX_POINT('',#1888);
#1486=LINE('',#1889,#1890);
#1487=VERTEX_POINT('',#1891);
#1488=LINE('',#1892,#1893);
#1489=LINE('',#1894,#1895);
#1490=LINE('',#1896,#1897);
#1491=VERTEX_POINT('',#1898);
#1492=VERTEX_POINT('',#1899);
#1493=LINE('',#1900,#1901);
#1494=LINE('',#1902,#1903);
#1495=LINE('',#1904,#1905);
#1496=LINE('',#1906,#1907);
#1497=VERTEX_POINT('',#1908);
#1498=LINE('',#1909,#1910);
#1499=VERTEX_POINT('',#1911);
#1500=LINE('',#1912,#1913);
#1501=VERTEX_POINT('',#1914);
#1502=LINE('',#1915,#1916);
#1503=LINE('',#1917,#1918);
#1504=LINE('',#1919,#1920);
#1505=VERTEX_POINT('',#1921);
#1506=VERTEX_POINT('',#1922);
#1507=LINE('',#1923,#1924);
#1508=VERTEX_POINT('',#1925);
#1509=LINE('',#1926,#1927);
#1510=VERTEX_POINT('',#1928);
#1511=LINE('',#1929,#1930);
#1512=LINE('',#1931,#1932);
#1513=LINE('',#1933,#1934);
#1514=LINE('',#1935,#1936);
#1515=VERTEX_POINT('',#1937);
#1516=VERTEX_POINT('',#1938);
#1517=LINE('',#1939,#1940);
#1518=VERTEX_POINT('',#1941);
#1519=LINE('',#1942,#1943);
#1520=VERTEX_POINT('',#1944);
#1521=LINE('',#1945,#1946);
#1522=VERTEX_POINT('',#1947);
#1523=LINE('',#1948,#1949);
#1524=VERTEX_POINT('',#1950);
#1525=LINE('',#1951,#1952);
#1526=VERTEX_POINT('',#1953);
#1527=LINE('',#1954,#1955);
#1528=VERTEX_POINT('',#1956);
#1529=LINE('',#1957,#1958);
#1530=LINE('',#1959,#1960);
#1531=VERTEX_POINT('',#1961);
#1532=VERTEX_POINT('',#1962);
#1533=LINE('',#1963,#1964);
#1534=LINE('',#1965,#1966);
#1535=LINE('',#1967,#1968);
#1536=LINE('',#1969,#1970);
#1537=VERTEX_POINT('',#1971);
#1538=LINE('',#1972,#1973);
#1539=VERTEX_POINT('',#1974);
#1540=LINE('',#1975,#1976);
#1541=LINE('',#1977,#1978);
#1542=VERTEX_POINT('',#1979);
#1543=VERTEX_POINT('',#1980);
#1544=LINE('',#1981,#1982);
#1545=VERTEX_POINT('',#1983);
#1546=LINE('',#1984,#1985);
#1547=VERTEX_POINT('',#1986);
#1548=LINE('',#1987,#1988);
#1549=LINE('',#1989,#1990);
#1550=VERTEX_POINT('',#1991);
#1551=LINE('',#1992,#1993);
#1552=VERTEX_POINT('',#1994);
#1553=LINE('',#1995,#1996);
#1554=LINE('',#1997,#1998);
#1555=VERTEX_POINT('',#1999);
#1556=LINE('',#2000,#2001);
#1557=LINE('',#2002,#2003);
#1558=VERTEX_POINT('',#2004);
#1559=LINE('',#2005,#2006);
#1560=VERTEX_POINT('',#2007);
#1561=CIRCLE('',#2008,0.45);
#1562=LINE('',#2009,#2010);
#1563=LINE('',#2011,#2012);
#1564=LINE('',#2013,#2014);
#1565=LINE('',#2015,#2016);
#1566=VERTEX_POINT('',#2017);
#1567=LINE('',#2018,#2019);
#1568=VERTEX_POINT('',#2020);
#1569=LINE('',#2021,#2022);
#1570=VERTEX_POINT('',#2023);
#1571=LINE('',#2024,#2025);
#1572=VERTEX_POINT('',#2026);
#1573=LINE('',#2027,#2028);
#1574=VERTEX_POINT('',#2029);
#1575=LINE('',#2030,#2031);
#1576=VERTEX_POINT('',#2032);
#1577=LINE('',#2033,#2034);
#1578=VERTEX_POINT('',#2035);
#1579=LINE('',#2036,#2037);
#1580=VERTEX_POINT('',#2038);
#1581=LINE('',#2039,#2040);
#1582=LINE('',#2041,#2042);
#1583=LINE('',#2043,#2044);
#1584=LINE('',#2045,#2046);
#1585=VERTEX_POINT('',#2047);
#1586=LINE('',#2048,#2049);
#1587=LINE('',#2050,#2051);
#1588=VERTEX_POINT('',#2052);
#1589=VERTEX_POINT('',#2053);
#1590=LINE('',#2054,#2055);
#1591=VERTEX_POINT('',#2056);
#1592=LINE('',#2057,#2058);
#1593=VERTEX_POINT('',#2059);
#1594=LINE('',#2060,#2061);
#1595=LINE('',#2062,#2063);
#1596=LINE('',#2064,#2065);
#1597=VERTEX_POINT('',#2066);
#1598=LINE('',#2067,#2068);
#1599=VERTEX_POINT('',#2069);
#1600=LINE('',#2070,#2071);
#1601=LINE('',#2072,#2073);
#1602=VERTEX_POINT('',#2074);
#1603=LINE('',#2075,#2076);
#1604=LINE('',#2077,#2078);
#1605=CIRCLE('',#2079,0.45);
#1606=LINE('',#2080,#2081);
#1607=LINE('',#2082,#2083);
#1608=LINE('',#2084,#2085);
#1609=VERTEX_POINT('',#2086);
#1610=LINE('',#2087,#2088);
#1611=VERTEX_POINT('',#2089);
#1612=LINE('',#2090,#2091);
#1613=VERTEX_POINT('',#2092);
#1614=LINE('',#2093,#2094);
#1615=VERTEX_POINT('',#2095);
#1616=LINE('',#2096,#2097);
#1617=VERTEX_POINT('',#2098);
#1618=LINE('',#2099,#2100);
#1619=VERTEX_POINT('',#2101);
#1620=LINE('',#2102,#2103);
#1621=LINE('',#2104,#2105);
#1622=LINE('',#2106,#2107);
#1623=LINE('',#2108,#2109);
#1624=VERTEX_POINT('',#2110);
#1625=LINE('',#2111,#2112);
#1626=VERTEX_POINT('',#2113);
#1627=LINE('',#2114,#2115);
#1628=VERTEX_POINT('',#2116);
#1629=LINE('',#2117,#2118);
#1630=VERTEX_POINT('',#2119);
#1631=LINE('',#2120,#2121);
#1632=LINE('',#2122,#2123);
#1633=LINE('',#2124,#2125);
#1634=VERTEX_POINT('',#2126);
#1635=LINE('',#2127,#2128);
#1636=VERTEX_POINT('',#2129);
#1637=LINE('',#2130,#2131);
#1638=LINE('',#2132,#2133);
#1639=LINE('',#2134,#2135);
#1640=LINE('',#2136,#2137);
#1641=VERTEX_POINT('',#2138);
#1642=LINE('',#2139,#2140);
#1643=LINE('',#2141,#2142);
#1644=LINE('',#2143,#2144);
#1645=VERTEX_POINT('',#2145);
#1646=CIRCLE('',#2146,0.45);
#1647=VERTEX_POINT('',#2147);
#1648=LINE('',#2148,#2149);
#1649=VERTEX_POINT('',#2150);
#1650=LINE('',#2151,#2152);
#1651=VERTEX_POINT('',#2153);
#1652=LINE('',#2154,#2155);
#1653=CIRCLE('',#2156,0.1);
#1654=LINE('',#2157,#2158);
#1655=VERTEX_POINT('',#2159);
#1656=VERTEX_POINT('',#2160);
#1657=LINE('',#2161,#2162);
#1658=VERTEX_POINT('',#2163);
#1659=LINE('',#2164,#2165);
#1660=VERTEX_POINT('',#2166);
#1661=LINE('',#2167,#2168);
#1662=LINE('',#2169,#2170);
#1663=LINE('',#2171,#2172);
#1664=LINE('',#2173,#2174);
#1665=VERTEX_POINT('',#2175);
#1666=LINE('',#2176,#2177);
#1667=VERTEX_POINT('',#2178);
#1668=LINE('',#2179,#2180);
#1669=LINE('',#2181,#2182);
#1670=VERTEX_POINT('',#2183);
#1671=LINE('',#2184,#2185);
#1672=CIRCLE('',#2186,0.1);
#1673=VERTEX_POINT('',#2187);
#1674=LINE('',#2188,#2189);
#1675=VERTEX_POINT('',#2190);
#1676=LINE('',#2191,#2192);
#1677=LINE('',#2193,#2194);
#1678=VERTEX_POINT('',#2195);
#1679=VERTEX_POINT('',#2196);
#1680=LINE('',#2197,#2198);
#1681=LINE('',#2199,#2200);
#1682=LINE('',#2201,#2202);
#1683=VERTEX_POINT('',#2203);
#1684=LINE('',#2204,#2205);
#1685=LINE('',#2206,#2207);
#1686=VERTEX_POINT('',#2208);
#1687=VERTEX_POINT('',#2209);
#1688=LINE('',#2210,#2211);
#1689=LINE('',#2212,#2213);
#1690=VERTEX_POINT('',#2214);
#1691=LINE('',#2215,#2216);
#1692=LINE('',#2217,#2218);
#1693=LINE('',#2219,#2220);
#1694=LINE('',#2221,#2222);
#1695=VERTEX_POINT('',#2223);
#1696=CIRCLE('',#2224,0.45);
#1697=LINE('',#2225,#2226);
#1698=LINE('',#2227,#2228);
#1699=LINE('',#2229,#2230);
#1700=VERTEX_POINT('',#2231);
#1701=LINE('',#2232,#2233);
#1702=LINE('',#2234,#2235);
#1703=VERTEX_POINT('',#2236);
#1704=LINE('',#2237,#2238);
#1705=LINE('',#2239,#2240);
#1706=VERTEX_POINT('',#2241);
#1707=LINE('',#2242,#2243);
#1708=LINE('',#2244,#2245);
#1709=VERTEX_POINT('',#2246);
#1710=LINE('',#2247,#2248);
#1711=VERTEX_POINT('',#2249);
#1712=LINE('',#2250,#2251);
#1713=LINE('',#2252,#2253);
#1714=LINE('',#2254,#2255);
#1715=LINE('',#2256,#2257);
#1716=VERTEX_POINT('',#2258);
#1717=LINE('',#2259,#2260);
#1718=VERTEX_POINT('',#2261);
#1719=LINE('',#2262,#2263);
#1720=LINE('',#2264,#2265);
#1721=VERTEX_POINT('',#2266);
#1722=LINE('',#2267,#2268);
#1723=LINE('',#2269,#2270);
#1724=VERTEX_POINT('',#2271);
#1725=LINE('',#2272,#2273);
#1726=VERTEX_POINT('',#2274);
#1727=LINE('',#2275,#2276);
#1728=LINE('',#2277,#2278);
#1729=VERTEX_POINT('',#2279);
#1730=LINE('',#2280,#2281);
#1731=VERTEX_POINT('',#2282);
#1732=LINE('',#2283,#2284);
#1733=VERTEX_POINT('',#2285);
#1734=LINE('',#2286,#2287);
#1735=LINE('',#2288,#2289);
#1736=LINE('',#2290,#2291);
#1737=LINE('',#2292,#2293);
#1738=LINE('',#2294,#2295);
#1739=LINE('',#2296,#2297);
#1740=LINE('',#2298,#2299);
#1741=LINE('',#2300,#2301);
#1742=VERTEX_POINT('',#2302);
#1743=LINE('',#2303,#2304);
#1744=VERTEX_POINT('',#2305);
#1745=LINE('',#2306,#2307);
#1746=LINE('',#2308,#2309);
#1747=VERTEX_POINT('',#2310);
#1748=LINE('',#2311,#2312);
#1749=LINE('',#2313,#2314);
#1750=LINE('',#2315,#2316);
#1751=VERTEX_POINT('',#2317);
#1752=LINE('',#2318,#2319);
#1753=LINE('',#2320,#2321);
#1754=LINE('',#2322,#2323);
#1755=LINE('',#2324,#2325);
#1756=VERTEX_POINT('',#2326);
#1757=LINE('',#2327,#2328);
#1758=LINE('',#2329,#2330);
#1759=VERTEX_POINT('',#2331);
#1760=LINE('',#2332,#2333);
#1761=LINE('',#2334,#2335);
#1762=LINE('',#2336,#2337);
#1763=LINE('',#2338,#2339);
#1764=CARTESIAN_POINT('',(-27.417181,-2.630469,-16.725));
#1765=CARTESIAN_POINT('',(-27.417181,2.769531,-16.725));
#1766=CARTESIAN_POINT('',(-27.417181,-2.9615937751238E-16,-16.725));
#1767=VECTOR('',#2340,1.0);
#1768=CARTESIAN_POINT('',(-27.417181,2.769531,-17.7));
#1769=CARTESIAN_POINT('',(-27.417181,2.769531,-8.125));
#1770=VECTOR('',#2341,1.0);
#1771=CARTESIAN_POINT('',(-27.417181,-2.630469,-17.7));
#1772=CARTESIAN_POINT('',(-27.417181,-2.9615937751238E-16,-17.7));
#1773=VECTOR('',#2342,1.0);
#1774=CARTESIAN_POINT('',(-27.417181,-2.630469,-8.125));
#1775=VECTOR('',#2343,1.0);
#1776=CARTESIAN_POINT('',(-25.792181,2.769531,-17.7));
#1777=CARTESIAN_POINT('',(-25.0,2.769531,-17.7));
#1778=VECTOR('',#2344,1.0);
#1779=CARTESIAN_POINT('',(-25.792181,1.769531,-17.7));
#1780=CARTESIAN_POINT('',(-25.792181,2.769531,-17.7));
#1781=VECTOR('',#2345,1.0);
#1782=CARTESIAN_POINT('',(-24.992181,1.769531,-17.7));
#1783=CARTESIAN_POINT('',(-25.0,1.769531,-17.7));
#1784=VECTOR('',#2346,1.0);
#1785=CARTESIAN_POINT('',(-24.992181,2.769531,-17.7));
#1786=CARTESIAN_POINT('',(-24.992181,-8.90093459116229E-16,-17.7));
#1787=VECTOR('',#2347,1.0);
#1788=CARTESIAN_POINT('',(-23.817181,2.769531,-17.7));
#1789=CARTESIAN_POINT('',(-24.892181,2.769531,-17.7));
#1790=VECTOR('',#2348,1.0);
#1791=CARTESIAN_POINT('',(-23.817181,-1.530469,-17.7));
#1792=CARTESIAN_POINT('',(-23.817181,-1.17787595226449E-15,-17.7));
#1793=VECTOR('',#2349,1.0);
#1794=CARTESIAN_POINT('',(-24.917181,-1.530469,-17.7));
#1795=CARTESIAN_POINT('',(-25.0,-1.530469,-17.7));
#1796=VECTOR('',#2350,1.0);
#1797=CARTESIAN_POINT('',(-24.917181,-2.630469,-17.7));
#1798=CARTESIAN_POINT('',(-24.917181,-2.430469,-17.7));
#1799=VECTOR('',#2351,1.0);
#1800=CARTESIAN_POINT('',(-25.0,-2.630469,-17.7));
#1801=VECTOR('',#2352,1.0);
#1802=CARTESIAN_POINT('',(-24.852181,-0.230469,-16.425));
#1803=CARTESIAN_POINT('',(-25.202181,-0.230469,-16.425));
#1804=CARTESIAN_POINT('',(-25.0,-0.230469,-16.425));
#1805=VECTOR('',#2353,1.0);
#1806=CARTESIAN_POINT('',(-25.202181,1.869531,-16.425));
#1807=CARTESIAN_POINT('',(-25.202181,-0.398169597607712,-16.425));
#1808=VECTOR('',#2354,1.0);
#1809=CARTESIAN_POINT('',(-24.852181,1.869531,-16.425));
#1810=CARTESIAN_POINT('',(-25.0064534779416,1.869531,-16.425));
#1811=VECTOR('',#2355,1.0);
#1812=CARTESIAN_POINT('',(-24.852181,-0.398169597607712,-16.425));
#1813=VECTOR('',#2356,1.0);
#1814=CARTESIAN_POINT('',(-29.417181,-1.555469,-16.075));
#1815=CARTESIAN_POINT('',(-29.717181,-1.630469,-16.15));
#1816=CARTESIAN_POINT('',(-25.0064534779416,-0.452787119485399,-14.9723181194854));
#1817=VECTOR('',#2357,1.0);
#1818=CARTESIAN_POINT('',(-29.417181,-1.555469,-16.425));
#1819=CARTESIAN_POINT('',(-29.417181,-1.555469,-16.075));
#1820=VECTOR('',#2358,1.0);
#1821=CARTESIAN_POINT('',(-29.717181,-1.630469,-16.35));
#1822=CARTESIAN_POINT('',(-25.0064534779416,-0.452787119485399,-17.5276818805146));
#1823=VECTOR('',#2359,1.0);
#1824=CARTESIAN_POINT('',(-29.717181,-1.630469,-16.075));
#1825=VECTOR('',#2360,1.0);
#1826=CARTESIAN_POINT('',(-29.717181,-1.830469,-16.15));
#1827=CARTESIAN_POINT('',(-29.417181,-1.905469,-16.075));
#1828=CARTESIAN_POINT('',(-25.0064534779416,-3.0081508805146,-14.9723181194854));
#1829=VECTOR('',#2361,1.0);
#1830=CARTESIAN_POINT('',(-29.717181,-1.830469,-16.35));
#1831=CARTESIAN_POINT('',(-29.717181,-1.830469,-16.075));
#1832=VECTOR('',#2362,1.0);
#1833=CARTESIAN_POINT('',(-29.417181,-1.905469,-16.425));
#1834=CARTESIAN_POINT('',(-25.0064534779416,-3.0081508805146,-17.5276818805146));
#1835=VECTOR('',#2363,1.0);
#1836=CARTESIAN_POINT('',(-29.417181,-1.905469,-16.075));
#1837=VECTOR('',#2364,1.0);
#1838=CARTESIAN_POINT('',(-29.717181,-0.398169597607712,-16.15));
#1839=VECTOR('',#2365,1.0);
#1840=CARTESIAN_POINT('',(-29.717181,-0.398169597607712,-16.35));
#1841=VECTOR('',#2366,1.0);
#1842=CARTESIAN_POINT('',(-24.917181,-2.630469,-16.725));
#1843=CARTESIAN_POINT('',(-24.917181,-1.530469,-16.725));
#1844=CARTESIAN_POINT('',(-24.917181,-9.08462554423569E-16,-16.725));
#1845=VECTOR('',#2367,1.0);
#1846=CARTESIAN_POINT('',(-26.017181,-1.530469,-16.725));
#1847=CARTESIAN_POINT('',(-25.0,-1.530469,-16.725));
#1848=VECTOR('',#2368,1.0);
#1849=CARTESIAN_POINT('',(-26.017181,-2.630469,-16.725));
#1850=CARTESIAN_POINT('',(-26.017181,-6.39049156582646E-16,-16.725));
#1851=VECTOR('',#2369,1.0);
#1852=CARTESIAN_POINT('',(-25.0,-2.630469,-16.725));
#1853=VECTOR('',#2370,1.0);
#1854=CARTESIAN_POINT('',(-24.927181,2.169531,-16.35));
#1855=CARTESIAN_POINT('',(-24.2852558505981,-0.398169597607712,-16.9919251494019));
#1856=VECTOR('',#2371,1.0);
#1857=CARTESIAN_POINT('',(-24.927181,2.169531,-16.15));
#1858=CARTESIAN_POINT('',(-24.927181,2.169531,-16.075));
#1859=VECTOR('',#2372,1.0);
#1860=CARTESIAN_POINT('',(-24.852181,1.869531,-16.075));
#1861=CARTESIAN_POINT('',(-24.2852558505981,-0.398169597607712,-15.5080748505981));
#1862=VECTOR('',#2373,1.0);
#1863=CARTESIAN_POINT('',(-24.852181,1.869531,-16.075));
#1864=VECTOR('',#2374,1.0);
#1865=CARTESIAN_POINT('',(-25.302181,-1.555469,-16.425));
#1866=CARTESIAN_POINT('',(-25.302181,-1.555469,-16.075));
#1867=CARTESIAN_POINT('',(-25.302181,-1.555469,-16.075));
#1868=VECTOR('',#2375,1.0);
#1869=CARTESIAN_POINT('',(-25.2360372172234,-1.530469,-16.075));
#1870=AXIS2_PLACEMENT_3D('',#2376,#2377,#2378);
#1871=CARTESIAN_POINT('',(-25.2360372172234,-1.530469,-16.425));
#1872=CARTESIAN_POINT('',(-25.2360372172234,-1.530469,-16.075));
#1873=VECTOR('',#2379,1.0);
#1874=AXIS2_PLACEMENT_3D('',#2380,#2381,#2382);
#1875=CARTESIAN_POINT('',(-26.017181,-2.630469,-16.074));
#1876=CARTESIAN_POINT('',(-26.017181,-1.530469,-16.074));
#1877=CARTESIAN_POINT('',(-26.017181,-1.530469,-16.074));
#1878=VECTOR('',#2383,1.0);
#1879=CARTESIAN_POINT('',(-27.017181,-2.630469,-16.074));
#1880=CARTESIAN_POINT('',(-27.017181,-2.630469,-16.074));
#1881=VECTOR('',#2384,1.0);
#1882=CARTESIAN_POINT('',(-27.017181,-1.530469,-16.074));
#1883=CARTESIAN_POINT('',(-27.017181,-3.9412788581817E-16,-16.074));
#1884=VECTOR('',#2385,1.0);
#1885=CARTESIAN_POINT('',(-25.0,-1.530469,-16.074));
#1886=VECTOR('',#2386,1.0);
#1887=CARTESIAN_POINT('',(-25.127181,2.169531,-16.15));
#1888=CARTESIAN_POINT('',(-25.202181,1.869531,-16.075));
#1889=CARTESIAN_POINT('',(-25.7691061494019,-0.398169597607712,-15.5080748505981));
#1890=VECTOR('',#2387,1.0);
#1891=CARTESIAN_POINT('',(-25.127181,2.169531,-16.35));
#1892=CARTESIAN_POINT('',(-25.127181,2.169531,-16.075));
#1893=VECTOR('',#2388,1.0);
#1894=CARTESIAN_POINT('',(-25.7691061494019,-0.398169597607712,-16.9919251494019));
#1895=VECTOR('',#2389,1.0);
#1896=CARTESIAN_POINT('',(-25.202181,1.869531,-16.075));
#1897=VECTOR('',#2390,1.0);
#1898=CARTESIAN_POINT('',(-27.017181,-1.905469,-16.425));
#1899=CARTESIAN_POINT('',(-27.017181,-1.555469,-16.425));
#1900=CARTESIAN_POINT('',(-27.017181,2.22044604925031E-16,-16.425));
#1901=VECTOR('',#2391,1.0);
#1902=CARTESIAN_POINT('',(-25.0064534779416,-1.905469,-16.425));
#1903=VECTOR('',#2392,1.0);
#1904=CARTESIAN_POINT('',(-29.417181,-0.398169597607712,-16.425));
#1905=VECTOR('',#2393,1.0);
#1906=CARTESIAN_POINT('',(-25.0064534779416,-1.555469,-16.425));
#1907=VECTOR('',#2394,1.0);
#1908=CARTESIAN_POINT('',(-27.017181,-1.530469,-16.425));
#1909=CARTESIAN_POINT('',(-27.017181,-2.630469,-16.425));
#1910=VECTOR('',#2395,1.0);
#1911=CARTESIAN_POINT('',(-26.017181,-1.555469,-16.425));
#1912=CARTESIAN_POINT('',(-25.0,-1.555469,-16.425));
#1913=VECTOR('',#2396,1.0);
#1914=CARTESIAN_POINT('',(-26.017181,-1.530469,-16.425));
#1915=CARTESIAN_POINT('',(-26.017181,1.2456463155874E-16,-16.425));
#1916=VECTOR('',#2397,1.0);
#1917=CARTESIAN_POINT('',(-25.0,-1.530469,-16.425));
#1918=VECTOR('',#2398,1.0);
#1919=CARTESIAN_POINT('',(-29.417181,-0.398169597607712,-16.075));
#1920=VECTOR('',#2399,1.0);
#1921=CARTESIAN_POINT('',(-27.217181,0.969530999999999,-14.525));
#1922=CARTESIAN_POINT('',(-27.217181,0.969530999999999,-16.725));
#1923=CARTESIAN_POINT('',(-27.217181,0.969530999999999,-8.125));
#1924=VECTOR('',#2400,1.0);
#1925=CARTESIAN_POINT('',(-27.217181,-1.330469,-16.725));
#1926=CARTESIAN_POINT('',(-27.217181,-3.45143631665275E-16,-16.725));
#1927=VECTOR('',#2401,1.0);
#1928=CARTESIAN_POINT('',(-27.217181,-1.330469,-14.525));
#1929=CARTESIAN_POINT('',(-27.217181,-1.330469,-30.625));
#1930=VECTOR('',#2402,1.0);
#1931=CARTESIAN_POINT('',(-27.217181,-6.166610256827E-16,-14.525));
#1932=VECTOR('',#2403,1.0);
#1933=CARTESIAN_POINT('',(-25.0064534779416,2.169531,-16.15));
#1934=VECTOR('',#2404,1.0);
#1935=CARTESIAN_POINT('',(-25.0064534779416,2.169531,-16.35));
#1936=VECTOR('',#2405,1.0);
#1937=CARTESIAN_POINT('',(-25.792181,2.769531,-17.2));
#1938=CARTESIAN_POINT('',(-26.567181,2.769531,-17.2));
#1939=CARTESIAN_POINT('',(-26.567181,2.769531,-17.2));
#1940=VECTOR('',#2406,1.0);
#1941=CARTESIAN_POINT('',(-26.567181,-0.230469000000001,-17.2));
#1942=CARTESIAN_POINT('',(-26.567181,-5.04342457662184E-16,-17.2));
#1943=VECTOR('',#2407,1.0);
#1944=CARTESIAN_POINT('',(-24.217181,-0.230469000000002,-17.2));
#1945=CARTESIAN_POINT('',(-25.0,-0.230469000000001,-17.2));
#1946=VECTOR('',#2408,1.0);
#1947=CARTESIAN_POINT('',(-24.217181,2.769531,-17.2));
#1948=CARTESIAN_POINT('',(-24.217181,-9.5864512129282E-17,-17.2));
#1949=VECTOR('',#2409,1.0);
#1950=CARTESIAN_POINT('',(-24.992181,2.769531,-17.2));
#1951=CARTESIAN_POINT('',(-25.0,2.769531,-17.2));
#1952=VECTOR('',#2410,1.0);
#1953=CARTESIAN_POINT('',(-24.992181,1.769531,-17.2));
#1954=CARTESIAN_POINT('',(-24.992181,-9.57519708054015E-19,-17.2));
#1955=VECTOR('',#2411,1.0);
#1956=CARTESIAN_POINT('',(-25.792181,1.769531,-17.2));
#1957=CARTESIAN_POINT('',(-25.0,1.769531,-17.2));
#1958=VECTOR('',#2412,1.0);
#1959=CARTESIAN_POINT('',(-25.792181,9.7010988597736E-17,-17.2));
#1960=VECTOR('',#2413,1.0);
#1961=CARTESIAN_POINT('',(-24.852181,-0.230469,-16.075));
#1962=CARTESIAN_POINT('',(-25.202181,-0.230469,-16.075));
#1963=CARTESIAN_POINT('',(-25.0,-0.230469,-16.075));
#1964=VECTOR('',#2414,1.0);
#1965=CARTESIAN_POINT('',(-24.852181,-0.398169597607712,-16.075));
#1966=VECTOR('',#2415,1.0);
#1967=CARTESIAN_POINT('',(-25.0064534779416,1.869531,-16.075));
#1968=VECTOR('',#2416,1.0);
#1969=CARTESIAN_POINT('',(-25.202181,-0.398169597607712,-16.075));
#1970=VECTOR('',#2417,1.0);
#1971=CARTESIAN_POINT('',(-24.217181,-0.230469000000001,-14.05));
#1972=CARTESIAN_POINT('',(-24.217181,-0.230469000000001,-23.125));
#1973=VECTOR('',#2418,1.0);
#1974=CARTESIAN_POINT('',(-24.217181,2.769531,-14.05));
#1975=CARTESIAN_POINT('',(-24.217181,0.0,-14.05));
#1976=VECTOR('',#2419,1.0);
#1977=CARTESIAN_POINT('',(-24.217181,2.769531,-17.2));
#1978=VECTOR('',#2420,1.0);
#1979=CARTESIAN_POINT('',(-24.992181,1.769531,-13.55));
#1980=CARTESIAN_POINT('',(-24.992181,1.769531,-14.05));
#1981=CARTESIAN_POINT('',(-24.992181,1.769531,-23.125));
#1982=VECTOR('',#2421,1.0);
#1983=CARTESIAN_POINT('',(-24.992181,2.769531,-13.55));
#1984=CARTESIAN_POINT('',(-24.992181,-8.89135939408179E-16,-13.55));
#1985=VECTOR('',#2422,1.0);
#1986=CARTESIAN_POINT('',(-24.992181,2.769531,-14.05));
#1987=CARTESIAN_POINT('',(-24.992181,2.76953099999987,-8.125));
#1988=VECTOR('',#2423,1.0);
#1989=CARTESIAN_POINT('',(-24.992181,0.0,-14.05));
#1990=VECTOR('',#2424,1.0);
#1991=CARTESIAN_POINT('',(-26.017181,-2.630469,-15.176));
#1992=CARTESIAN_POINT('',(-26.017181,-2.630469,-8.125));
#1993=VECTOR('',#2425,1.0);
#1994=CARTESIAN_POINT('',(-27.017181,-2.630469,-15.176));
#1995=CARTESIAN_POINT('',(-27.017181,-2.630469,-15.176));
#1996=VECTOR('',#2426,1.0);
#1997=CARTESIAN_POINT('',(-27.017181,-2.630469,-16.074));
#1998=VECTOR('',#2427,1.0);
#1999=CARTESIAN_POINT('',(-26.017181,-1.905469,-16.425));
#2000=CARTESIAN_POINT('',(-26.017181,2.22044604925031E-16,-16.425));
#2001=VECTOR('',#2428,1.0);
#2002=CARTESIAN_POINT('',(-25.0064534779416,-1.555469,-16.425));
#2003=VECTOR('',#2429,1.0);
#2004=CARTESIAN_POINT('',(-24.8584750162675,-1.530469,-16.425));
#2005=CARTESIAN_POINT('',(-25.0,-1.530469,-16.425));
#2006=VECTOR('',#2430,1.0);
#2007=CARTESIAN_POINT('',(-25.302181,-1.905469,-16.425));
#2008=AXIS2_PLACEMENT_3D('',#2431,#2432,#2433);
#2009=CARTESIAN_POINT('',(-25.0064534779416,-1.905469,-16.425));
#2010=VECTOR('',#2434,1.0);
#2011=CARTESIAN_POINT('',(-24.917181,-1.530469,-8.125));
#2012=VECTOR('',#2435,1.0);
#2013=CARTESIAN_POINT('',(-24.917181,-2.630469,-17.7));
#2014=VECTOR('',#2436,1.0);
#2015=CARTESIAN_POINT('',(-25.202181,-0.230469,-13.75));
#2016=VECTOR('',#2437,1.0);
#2017=CARTESIAN_POINT('',(-23.817181,-1.530469,-13.55));
#2018=CARTESIAN_POINT('',(-23.817181,-1.530469,-1.875));
#2019=VECTOR('',#2438,1.0);
#2020=CARTESIAN_POINT('',(-24.917181,-1.530469,-13.55));
#2021=CARTESIAN_POINT('',(-25.0,-1.530469,-13.55));
#2022=VECTOR('',#2439,1.0);
#2023=CARTESIAN_POINT('',(-24.917181,-1.530469,-14.525));
#2024=CARTESIAN_POINT('',(-24.917181,-1.530469,-23.125));
#2025=VECTOR('',#2440,1.0);
#2026=CARTESIAN_POINT('',(-26.017181,-1.530469,-14.525));
#2027=CARTESIAN_POINT('',(-25.0,-1.530469,-14.525));
#2028=VECTOR('',#2441,1.0);
#2029=CARTESIAN_POINT('',(-26.017181,-1.530469,-14.825));
#2030=CARTESIAN_POINT('',(-26.017181,-1.530469,-8.125));
#2031=VECTOR('',#2442,1.0);
#2032=CARTESIAN_POINT('',(-27.017181,-1.530469,-14.825));
#2033=CARTESIAN_POINT('',(-25.0,-1.530469,-14.825));
#2034=VECTOR('',#2443,1.0);
#2035=CARTESIAN_POINT('',(-27.017181,-1.530469,-15.176));
#2036=CARTESIAN_POINT('',(-27.017181,-1.530469,-16.25));
#2037=VECTOR('',#2444,1.0);
#2038=CARTESIAN_POINT('',(-26.017181,-1.530469,-15.176));
#2039=CARTESIAN_POINT('',(-25.0,-1.530469,-15.176));
#2040=VECTOR('',#2445,1.0);
#2041=CARTESIAN_POINT('',(-26.017181,-1.530469,-8.125));
#2042=VECTOR('',#2446,1.0);
#2043=CARTESIAN_POINT('',(-27.017181,-1.530469,-15.0));
#2044=VECTOR('',#2447,1.0);
#2045=CARTESIAN_POINT('',(-26.017181,-1.530469,-23.125));
#2046=VECTOR('',#2448,1.0);
#2047=CARTESIAN_POINT('',(-24.8584750162675,-1.530469,-16.075));
#2048=CARTESIAN_POINT('',(-24.8584750162675,-1.530469,-16.075));
#2049=VECTOR('',#2449,1.0);
#2050=CARTESIAN_POINT('',(-25.0,-1.530469,-16.075));
#2051=VECTOR('',#2450,1.0);
#2052=CARTESIAN_POINT('',(-24.8584750162675,-1.530469,-15.175));
#2053=CARTESIAN_POINT('',(-24.8584750162675,-1.530469,-14.825));
#2054=CARTESIAN_POINT('',(-24.8584750162675,-1.530469,-14.825));
#2055=VECTOR('',#2451,1.0);
#2056=CARTESIAN_POINT('',(-25.2360372172234,-1.530469,-15.175));
#2057=CARTESIAN_POINT('',(-25.0,-1.530469,-15.175));
#2058=VECTOR('',#2452,1.0);
#2059=CARTESIAN_POINT('',(-25.2360372172234,-1.530469,-14.825));
#2060=CARTESIAN_POINT('',(-25.2360372172234,-1.530469,-14.825));
#2061=VECTOR('',#2453,1.0);
#2062=CARTESIAN_POINT('',(-25.0,-1.530469,-14.825));
#2063=VECTOR('',#2454,1.0);
#2064=CARTESIAN_POINT('',(-25.0,-1.905469,-16.425));
#2065=VECTOR('',#2455,1.0);
#2066=CARTESIAN_POINT('',(-27.017181,-2.630469,-16.425));
#2067=CARTESIAN_POINT('',(-27.017181,-2.630469,-16.425));
#2068=VECTOR('',#2456,1.0);
#2069=CARTESIAN_POINT('',(-26.017181,-2.630469,-16.425));
#2070=CARTESIAN_POINT('',(-25.0,-2.630469,-16.425));
#2071=VECTOR('',#2457,1.0);
#2072=CARTESIAN_POINT('',(-26.017181,1.2456463155874E-16,-16.425));
#2073=VECTOR('',#2458,1.0);
#2074=CARTESIAN_POINT('',(-25.302181,-1.905469,-16.075));
#2075=CARTESIAN_POINT('',(-25.302181,-1.905469,-16.075));
#2076=VECTOR('',#2459,1.0);
#2077=CARTESIAN_POINT('',(-25.0064534779416,-1.905469,-16.075));
#2078=VECTOR('',#2460,1.0);
#2079=AXIS2_PLACEMENT_3D('',#2461,#2462,#2463);
#2080=CARTESIAN_POINT('',(-25.792181,1.769531,-8.125));
#2081=VECTOR('',#2464,1.0);
#2082=CARTESIAN_POINT('',(-25.792181,2.769531,-17.7));
#2083=VECTOR('',#2465,1.0);
#2084=CARTESIAN_POINT('',(-25.0064534779416,-1.555469,-16.075));
#2085=VECTOR('',#2466,1.0);
#2086=CARTESIAN_POINT('',(-26.567181,-0.230469000000001,-14.05));
#2087=CARTESIAN_POINT('',(-26.567181,-0.230469,-28.125));
#2088=VECTOR('',#2467,1.0);
#2089=CARTESIAN_POINT('',(-26.567181,2.769531,-16.725));
#2090=CARTESIAN_POINT('',(-26.567181,2.769531,-17.2));
#2091=VECTOR('',#2468,1.0);
#2092=CARTESIAN_POINT('',(-26.567181,0.969530999999999,-16.725));
#2093=CARTESIAN_POINT('',(-26.567181,-5.04342457662184E-16,-16.725));
#2094=VECTOR('',#2469,1.0);
#2095=CARTESIAN_POINT('',(-26.567181,0.969530999999999,-14.525));
#2096=CARTESIAN_POINT('',(-26.567181,0.969530999999999,-15.625));
#2097=VECTOR('',#2470,1.0);
#2098=CARTESIAN_POINT('',(-26.567181,2.769531,-14.525));
#2099=CARTESIAN_POINT('',(-26.567181,-6.96260438681155E-16,-14.525));
#2100=VECTOR('',#2471,1.0);
#2101=CARTESIAN_POINT('',(-26.567181,2.769531,-14.05));
#2102=CARTESIAN_POINT('',(-26.567181,2.769531,-14.05));
#2103=VECTOR('',#2472,1.0);
#2104=CARTESIAN_POINT('',(-26.567181,-6.96260438681155E-16,-14.05));
#2105=VECTOR('',#2473,1.0);
#2106=CARTESIAN_POINT('',(-26.017181,-2.630469,-8.125));
#2107=VECTOR('',#2474,1.0);
#2108=CARTESIAN_POINT('',(-24.852181,-0.230469,-13.75));
#2109=VECTOR('',#2475,1.0);
#2110=CARTESIAN_POINT('',(-27.417181,2.769531,-14.525));
#2111=CARTESIAN_POINT('',(-25.0,2.769531,-14.525));
#2112=VECTOR('',#2476,1.0);
#2113=CARTESIAN_POINT('',(-27.417181,2.769531,-13.55));
#2114=CARTESIAN_POINT('',(-27.417181,2.769531,-23.125));
#2115=VECTOR('',#2477,1.0);
#2116=CARTESIAN_POINT('',(-25.792181,2.769531,-13.55));
#2117=CARTESIAN_POINT('',(-25.0,2.769531,-13.55));
#2118=VECTOR('',#2478,1.0);
#2119=CARTESIAN_POINT('',(-25.792181,2.769531,-14.05));
#2120=CARTESIAN_POINT('',(-25.792181,2.769531,-13.55));
#2121=VECTOR('',#2479,1.0);
#2122=CARTESIAN_POINT('',(-26.567181,2.769531,-14.05));
#2123=VECTOR('',#2480,1.0);
#2124=CARTESIAN_POINT('',(-25.0,2.769531,-16.725));
#2125=VECTOR('',#2481,1.0);
#2126=CARTESIAN_POINT('',(-27.017181,-1.330469,-16.725));
#2127=CARTESIAN_POINT('',(-25.0,-1.330469,-16.725));
#2128=VECTOR('',#2482,1.0);
#2129=CARTESIAN_POINT('',(-27.017181,-1.330469,-14.525));
#2130=CARTESIAN_POINT('',(-27.017181,-1.330469,0.625));
#2131=VECTOR('',#2483,1.0);
#2132=CARTESIAN_POINT('',(-25.0,-1.330469,-14.525));
#2133=VECTOR('',#2484,1.0);
#2134=CARTESIAN_POINT('',(-25.0,0.969530999999999,-14.525));
#2135=VECTOR('',#2485,1.0);
#2136=CARTESIAN_POINT('',(-25.0,0.969530999999999,-16.725));
#2137=VECTOR('',#2486,1.0);
#2138=CARTESIAN_POINT('',(-27.017181,-2.630469,-16.725));
#2139=CARTESIAN_POINT('',(-27.017181,-2.630469,-16.525));
#2140=VECTOR('',#2487,1.0);
#2141=CARTESIAN_POINT('',(-25.0,-2.630469,-16.725));
#2142=VECTOR('',#2488,1.0);
#2143=CARTESIAN_POINT('',(-27.017181,-3.9412788581817E-16,-16.725));
#2144=VECTOR('',#2489,1.0);
#2145=CARTESIAN_POINT('',(-25.302181,-1.905469,-15.175));
#2146=AXIS2_PLACEMENT_3D('',#2490,#2491,#2492);
#2147=CARTESIAN_POINT('',(-29.417181,-1.905469,-15.175));
#2148=CARTESIAN_POINT('',(-25.0064534779416,-1.905469,-15.175));
#2149=VECTOR('',#2493,1.0);
#2150=CARTESIAN_POINT('',(-29.417181,-1.555469,-15.175));
#2151=CARTESIAN_POINT('',(-29.417181,-0.398169597607712,-15.175));
#2152=VECTOR('',#2494,1.0);
#2153=CARTESIAN_POINT('',(-25.302181,-1.555469,-15.175));
#2154=CARTESIAN_POINT('',(-25.0064534779416,-1.555469,-15.175));
#2155=VECTOR('',#2495,1.0);
#2156=AXIS2_PLACEMENT_3D('',#2496,#2497,#2498);
#2157=CARTESIAN_POINT('',(-25.0,-0.230469000000001,-14.05));
#2158=VECTOR('',#2499,1.0);
#2159=CARTESIAN_POINT('',(-25.202181,-0.230469,-15.175));
#2160=CARTESIAN_POINT('',(-25.202181,-0.230469,-14.825));
#2161=CARTESIAN_POINT('',(-25.202181,-0.230469,-30.0));
#2162=VECTOR('',#2500,1.0);
#2163=CARTESIAN_POINT('',(-24.852181,-0.230469,-15.175));
#2164=CARTESIAN_POINT('',(-25.0,-0.230469,-15.175));
#2165=VECTOR('',#2501,1.0);
#2166=CARTESIAN_POINT('',(-24.852181,-0.230469,-14.825));
#2167=CARTESIAN_POINT('',(-24.852181,-0.230469,-30.0));
#2168=VECTOR('',#2502,1.0);
#2169=CARTESIAN_POINT('',(-25.0,-0.230469,-14.825));
#2170=VECTOR('',#2503,1.0);
#2171=CARTESIAN_POINT('',(-24.992181,1.769531,-8.125));
#2172=VECTOR('',#2504,1.0);
#2173=CARTESIAN_POINT('',(-24.992181,2.76953099999987,-23.125));
#2174=VECTOR('',#2505,1.0);
#2175=CARTESIAN_POINT('',(-27.017181,-2.630469,-14.525));
#2176=CARTESIAN_POINT('',(-27.017181,-6.41153152759148E-16,-14.525));
#2177=VECTOR('',#2506,1.0);
#2178=CARTESIAN_POINT('',(-27.417181,-2.630469,-14.525));
#2179=CARTESIAN_POINT('',(-25.0,-2.630469,-14.525));
#2180=VECTOR('',#2507,1.0);
#2181=CARTESIAN_POINT('',(-27.417181,-5.92168898606253E-16,-14.525));
#2182=VECTOR('',#2508,1.0);
#2183=CARTESIAN_POINT('',(-25.302181,-1.555469,-14.825));
#2184=CARTESIAN_POINT('',(-25.302181,-1.555469,-14.825));
#2185=VECTOR('',#2509,1.0);
#2186=AXIS2_PLACEMENT_3D('',#2510,#2511,#2512);
#2187=CARTESIAN_POINT('',(-29.717181,-1.830469,-15.1));
#2188=CARTESIAN_POINT('',(-25.0064534779416,-3.0081508805146,-16.2776818805146));
#2189=VECTOR('',#2513,1.0);
#2190=CARTESIAN_POINT('',(-29.717181,-1.630469,-15.1));
#2191=CARTESIAN_POINT('',(-29.717181,-0.398169597607712,-15.1));
#2192=VECTOR('',#2514,1.0);
#2193=CARTESIAN_POINT('',(-25.0064534779416,-0.452787119485399,-16.2776818805146));
#2194=VECTOR('',#2515,1.0);
#2195=CARTESIAN_POINT('',(-29.417181,-1.555469,-14.825));
#2196=CARTESIAN_POINT('',(-29.717181,-1.630469,-14.9));
#2197=CARTESIAN_POINT('',(-25.0064534779416,-0.452787119485399,-13.7223181194854));
#2198=VECTOR('',#2516,1.0);
#2199=CARTESIAN_POINT('',(-29.417181,-1.555469,-14.825));
#2200=VECTOR('',#2517,1.0);
#2201=CARTESIAN_POINT('',(-29.717181,-1.630469,-14.825));
#2202=VECTOR('',#2518,1.0);
#2203=CARTESIAN_POINT('',(-29.717181,-1.830469,-14.9));
#2204=CARTESIAN_POINT('',(-29.717181,-1.830469,-14.825));
#2205=VECTOR('',#2519,1.0);
#2206=CARTESIAN_POINT('',(-29.717181,-0.398169597607712,-14.9));
#2207=VECTOR('',#2520,1.0);
#2208=CARTESIAN_POINT('',(-27.017181,-1.905469,-14.825));
#2209=CARTESIAN_POINT('',(-27.017181,-1.555469,-14.825));
#2210=CARTESIAN_POINT('',(-27.017181,2.22044604925031E-16,-14.825));
#2211=VECTOR('',#2521,1.0);
#2212=CARTESIAN_POINT('',(-25.0064534779416,-1.555469,-14.825));
#2213=VECTOR('',#2522,1.0);
#2214=CARTESIAN_POINT('',(-29.417181,-1.905469,-14.825));
#2215=CARTESIAN_POINT('',(-29.417181,-0.398169597607712,-14.825));
#2216=VECTOR('',#2523,1.0);
#2217=CARTESIAN_POINT('',(-25.0064534779416,-1.905469,-14.825));
#2218=VECTOR('',#2524,1.0);
#2219=CARTESIAN_POINT('',(-25.0064534779416,-3.0081508805146,-13.7223181194854));
#2220=VECTOR('',#2525,1.0);
#2221=CARTESIAN_POINT('',(-29.417181,-1.905469,-14.825));
#2222=VECTOR('',#2526,1.0);
#2223=CARTESIAN_POINT('',(-25.302181,-1.905469,-14.825));
#2224=AXIS2_PLACEMENT_3D('',#2527,#2528,#2529);
#2225=CARTESIAN_POINT('',(-25.302181,-1.905469,-14.825));
#2226=VECTOR('',#2530,1.0);
#2227=CARTESIAN_POINT('',(-27.017181,-6.41153152759148E-16,-15.176));
#2228=VECTOR('',#2531,1.0);
#2229=CARTESIAN_POINT('',(-27.017181,-2.630469,-14.825));
#2230=VECTOR('',#2532,1.0);
#2231=CARTESIAN_POINT('',(-27.017181,-2.630469,-14.825));
#2232=CARTESIAN_POINT('',(-27.017181,-2.630469,-14.825));
#2233=VECTOR('',#2533,1.0);
#2234=CARTESIAN_POINT('',(-27.017181,-2.630469,-14.725));
#2235=VECTOR('',#2534,1.0);
#2236=CARTESIAN_POINT('',(-27.417181,-2.630469,-13.55));
#2237=CARTESIAN_POINT('',(-27.417181,-2.630469,-23.125));
#2238=VECTOR('',#2535,1.0);
#2239=CARTESIAN_POINT('',(-27.417181,-5.92168898606253E-16,-13.55));
#2240=VECTOR('',#2536,1.0);
#2241=CARTESIAN_POINT('',(-23.817181,2.769531,-13.55));
#2242=CARTESIAN_POINT('',(-23.817181,2.769531,-15.625));
#2243=VECTOR('',#2537,1.0);
#2244=CARTESIAN_POINT('',(-23.817181,-1.03302718598231E-15,-13.55));
#2245=VECTOR('',#2538,1.0);
#2246=CARTESIAN_POINT('',(-25.792181,1.769531,-14.05));
#2247=CARTESIAN_POINT('',(-25.792181,0.0,-14.05));
#2248=VECTOR('',#2539,1.0);
#2249=CARTESIAN_POINT('',(-25.792181,1.769531,-13.55));
#2250=CARTESIAN_POINT('',(-25.792181,2.769531,-13.55));
#2251=VECTOR('',#2540,1.0);
#2252=CARTESIAN_POINT('',(-25.792181,1.769531,-23.125));
#2253=VECTOR('',#2541,1.0);
#2254=CARTESIAN_POINT('',(-25.0,1.769531,-14.05));
#2255=VECTOR('',#2542,1.0);
#2256=CARTESIAN_POINT('',(-25.0,2.769531,-14.05));
#2257=VECTOR('',#2543,1.0);
#2258=CARTESIAN_POINT('',(-24.852181,1.869531,-14.825));
#2259=CARTESIAN_POINT('',(-24.852181,-0.398169597607712,-14.825));
#2260=VECTOR('',#2544,1.0);
#2261=CARTESIAN_POINT('',(-25.202181,1.869531,-14.825));
#2262=CARTESIAN_POINT('',(-25.0064534779416,1.869531,-14.825));
#2263=VECTOR('',#2545,1.0);
#2264=CARTESIAN_POINT('',(-25.202181,-0.398169597607712,-14.825));
#2265=VECTOR('',#2546,1.0);
#2266=CARTESIAN_POINT('',(-25.202181,1.869531,-15.175));
#2267=CARTESIAN_POINT('',(-25.202181,1.869531,-14.825));
#2268=VECTOR('',#2547,1.0);
#2269=CARTESIAN_POINT('',(-25.202181,-0.398169597607712,-15.175));
#2270=VECTOR('',#2548,1.0);
#2271=CARTESIAN_POINT('',(-25.127181,2.169531,-14.9));
#2272=CARTESIAN_POINT('',(-25.7691061494019,-0.398169597607712,-14.2580748505981));
#2273=VECTOR('',#2549,1.0);
#2274=CARTESIAN_POINT('',(-24.927181,2.169531,-14.9));
#2275=CARTESIAN_POINT('',(-24.2852558505981,-0.398169597607712,-14.2580748505981));
#2276=VECTOR('',#2550,1.0);
#2277=CARTESIAN_POINT('',(-25.0064534779416,2.169531,-14.9));
#2278=VECTOR('',#2551,1.0);
#2279=CARTESIAN_POINT('',(-25.127181,2.169531,-15.1));
#2280=CARTESIAN_POINT('',(-25.7691061494019,-0.398169597607712,-15.7419251494019));
#2281=VECTOR('',#2552,1.0);
#2282=CARTESIAN_POINT('',(-24.927181,2.169531,-15.1));
#2283=CARTESIAN_POINT('',(-25.0064534779416,2.169531,-15.1));
#2284=VECTOR('',#2553,1.0);
#2285=CARTESIAN_POINT('',(-24.852181,1.869531,-15.175));
#2286=CARTESIAN_POINT('',(-24.2852558505981,-0.398169597607712,-15.7419251494019));
#2287=VECTOR('',#2554,1.0);
#2288=CARTESIAN_POINT('',(-25.0064534779416,1.869531,-15.175));
#2289=VECTOR('',#2555,1.0);
#2290=CARTESIAN_POINT('',(-24.852181,-0.398169597607712,-15.175));
#2291=VECTOR('',#2556,1.0);
#2292=CARTESIAN_POINT('',(-24.852181,1.869531,-14.825));
#2293=VECTOR('',#2557,1.0);
#2294=CARTESIAN_POINT('',(-24.927181,2.169531,-14.825));
#2295=VECTOR('',#2558,1.0);
#2296=CARTESIAN_POINT('',(-25.127181,2.169531,-14.825));
#2297=VECTOR('',#2559,1.0);
#2298=CARTESIAN_POINT('',(-25.0,1.769531,-13.55));
#2299=VECTOR('',#2560,1.0);
#2300=CARTESIAN_POINT('',(-26.017181,-1.530469,-15.176));
#2301=VECTOR('',#2561,1.0);
#2302=CARTESIAN_POINT('',(-26.017181,-1.905469,-14.825));
#2303=CARTESIAN_POINT('',(-25.0,-1.905469,-14.825));
#2304=VECTOR('',#2562,1.0);
#2305=CARTESIAN_POINT('',(-26.017181,-2.630469,-14.825));
#2306=CARTESIAN_POINT('',(-26.017181,0.0,-14.825));
#2307=VECTOR('',#2563,1.0);
#2308=CARTESIAN_POINT('',(-25.0,-2.630469,-14.825));
#2309=VECTOR('',#2564,1.0);
#2310=CARTESIAN_POINT('',(-26.017181,-1.555469,-14.825));
#2311=CARTESIAN_POINT('',(-26.017181,0.0,-14.825));
#2312=VECTOR('',#2565,1.0);
#2313=CARTESIAN_POINT('',(-25.0,-1.555469,-14.825));
#2314=VECTOR('',#2566,1.0);
#2315=CARTESIAN_POINT('',(-25.0064534779416,-1.555469,-14.825));
#2316=VECTOR('',#2567,1.0);
#2317=CARTESIAN_POINT('',(-26.017181,-2.630469,-14.525));
#2318=CARTESIAN_POINT('',(-26.017181,-7.63613788141386E-16,-14.525));
#2319=VECTOR('',#2568,1.0);
#2320=CARTESIAN_POINT('',(-26.017181,-2.630469,-23.125));
#2321=VECTOR('',#2569,1.0);
#2322=CARTESIAN_POINT('',(-26.017181,2.22044604925031E-16,-14.825));
#2323=VECTOR('',#2570,1.0);
#2324=CARTESIAN_POINT('',(-25.0064534779416,-1.905469,-14.825));
#2325=VECTOR('',#2571,1.0);
#2326=CARTESIAN_POINT('',(-24.917181,-2.630469,-14.525));
#2327=CARTESIAN_POINT('',(-25.0,-2.630469,-14.525));
#2328=VECTOR('',#2572,1.0);
#2329=CARTESIAN_POINT('',(-24.917181,-8.98320487061849E-16,-14.525));
#2330=VECTOR('',#2573,1.0);
#2331=CARTESIAN_POINT('',(-24.917181,-2.630469,-13.55));
#2332=CARTESIAN_POINT('',(-24.917181,-2.430469,-13.55));
#2333=VECTOR('',#2574,1.0);
#2334=CARTESIAN_POINT('',(-24.917181,-2.630469,-13.55));
#2335=VECTOR('',#2575,1.0);
#2336=CARTESIAN_POINT('',(-24.892181,2.769531,-13.55));
#2337=VECTOR('',#2576,1.0);
#2338=CARTESIAN_POINT('',(-25.0,-2.630469,-13.55));
#2339=VECTOR('',#2577,1.0);
#2340=DIRECTION('',(2.44921270764475E-16,1.0,0.0));
#2341=DIRECTION('',(0.0,0.0,1.0));
#2342=DIRECTION('',(-2.44921270764475E-16,-1.0,0.0));
#2343=DIRECTION('',(0.0,0.0,1.0));
#2344=DIRECTION('',(1.0,-2.44921270764475E-16,0.0));
#2345=DIRECTION('',(-1.22460635382238E-16,-1.0,0.0));
#2346=DIRECTION('',(1.0,-2.44921270764475E-16,0.0));
#2347=DIRECTION('',(1.3389896830196E-16,1.0,0.0));
#2348=DIRECTION('',(-1.0,1.22460635382238E-16,0.0));
#2349=DIRECTION('',(2.44921270764475E-16,1.0,0.0));
#2350=DIRECTION('',(1.0,-2.44921270764475E-16,0.0));
#2351=DIRECTION('',(-1.22460635382238E-16,-1.0,0.0));
#2352=DIRECTION('',(1.0,-2.44921270764475E-16,0.0));
#2353=DIRECTION('',(-1.0,-1.22460635382238E-16,0.0));
#2354=DIRECTION('',(3.70074341541719E-16,1.0,0.0));
#2355=DIRECTION('',(1.0,2.31296463463574E-17,0.0));
#2356=DIRECTION('',(2.31296463463574E-17,-1.0,0.0));
#2357=DIRECTION('',(-0.942809041582063,-0.235702260395516,-0.235702260395516));
#2358=DIRECTION('',(0.0,0.0,-1.0));
#2359=DIRECTION('',(0.942809041582063,0.235702260395516,-0.235702260395516));
#2360=DIRECTION('',(0.0,0.0,-1.0));
#2361=DIRECTION('',(0.942809041582063,-0.235702260395516,0.235702260395516));
#2362=DIRECTION('',(0.0,0.0,1.0));
#2363=DIRECTION('',(-0.942809041582063,0.235702260395516,0.235702260395516));
#2364=DIRECTION('',(0.0,0.0,1.0));
#2365=DIRECTION('',(0.0,1.0,0.0));
#2366=DIRECTION('',(0.0,-1.0,0.0));
#2367=DIRECTION('',(2.44921270764475E-16,1.0,0.0));
#2368=DIRECTION('',(-1.0,2.44921270764475E-16,0.0));
#2369=DIRECTION('',(-2.44921270764475E-16,-1.0,0.0));
#2370=DIRECTION('',(-1.0,2.44921270764475E-16,0.0));
#2371=DIRECTION('',(0.235702260395516,-0.942809041582063,-0.235702260395516));
#2372=DIRECTION('',(0.0,0.0,1.0));
#2373=DIRECTION('',(-0.235702260395516,0.942809041582063,-0.235702260395516));
#2374=DIRECTION('',(0.0,0.0,-1.0));
#2375=DIRECTION('',(0.0,0.0,1.0));
#2376=CARTESIAN_POINT('',(-25.302181,-1.455469,-16.075));
#2377=DIRECTION('',(0.0,0.0,1.0));
#2378=DIRECTION('',(1.0,0.0,0.0));
#2379=DIRECTION('',(0.0,0.0,1.0));
#2380=CARTESIAN_POINT('',(-25.302181,-1.455469,-16.425));
#2381=DIRECTION('',(0.0,0.0,1.0));
#2382=DIRECTION('',(1.0,0.0,0.0));
#2383=DIRECTION('',(2.44921270764475E-16,1.0,0.0));
#2384=DIRECTION('',(1.0,-2.44921270764475E-16,0.0));
#2385=DIRECTION('',(-2.44921270764475E-16,-1.0,0.0));
#2386=DIRECTION('',(1.0,-1.22460635382238E-16,0.0));
#2387=DIRECTION('',(-0.235702260395516,-0.942809041582063,0.235702260395516));
#2388=DIRECTION('',(0.0,0.0,-1.0));
#2389=DIRECTION('',(0.235702260395516,0.942809041582063,0.235702260395516));
#2390=DIRECTION('',(0.0,0.0,1.0));
#2391=DIRECTION('',(-1.22460635382238E-16,1.0,0.0));
#2392=DIRECTION('',(1.0,0.0,0.0));
#2393=DIRECTION('',(0.0,1.0,0.0));
#2394=DIRECTION('',(-1.0,0.0,0.0));
#2395=DIRECTION('',(2.44921270764475E-16,1.0,0.0));
#2396=DIRECTION('',(1.0,0.0,0.0));
#2397=DIRECTION('',(1.22460635382238E-16,1.0,0.0));
#2398=DIRECTION('',(-1.0,1.22460635382238E-16,0.0));
#2399=DIRECTION('',(0.0,1.0,0.0));
#2400=DIRECTION('',(0.0,0.0,-1.0));
#2401=DIRECTION('',(2.44921270764475E-16,1.0,0.0));
#2402=DIRECTION('',(0.0,0.0,1.0));
#2403=DIRECTION('',(1.22460635382238E-16,1.0,0.0));
#2404=DIRECTION('',(-1.0,0.0,-5.78241158658936E-18));
#2405=DIRECTION('',(-1.0,0.0,5.78241158658936E-18));
#2406=DIRECTION('',(-1.0,1.22460635382238E-16,0.0));
#2407=DIRECTION('',(2.44921270764475E-16,1.0,0.0));
#2408=DIRECTION('',(-1.0,2.44921270764475E-16,0.0));
#2409=DIRECTION('',(1.78860290293846E-14,1.0,0.0));
#2410=DIRECTION('',(1.0,-1.22460635382238E-16,0.0));
#2411=DIRECTION('',(1.22460635382238E-16,1.0,0.0));
#2412=DIRECTION('',(1.0,-2.44921270764475E-16,0.0));
#2413=DIRECTION('',(-1.22460635382238E-16,-1.0,0.0));
#2414=DIRECTION('',(-1.0,-1.22460635382238E-16,0.0));
#2415=DIRECTION('',(2.31296463463574E-17,-1.0,0.0));
#2416=DIRECTION('',(1.0,2.31296463463574E-17,0.0));
#2417=DIRECTION('',(3.70074341541719E-16,1.0,0.0));
#2418=DIRECTION('',(0.0,0.0,-1.0));
#2419=DIRECTION('',(1.77635683940024E-14,1.0,0.0));
#2420=DIRECTION('',(0.0,0.0,1.0));
#2421=DIRECTION('',(0.0,0.0,-1.0));
#2422=DIRECTION('',(1.14383329197221E-17,1.0,0.0));
#2423=DIRECTION('',(0.0,-2.22044604925028E-14,1.0));
#2424=DIRECTION('',(0.0,1.0,0.0));
#2425=DIRECTION('',(0.0,0.0,-1.0));
#2426=DIRECTION('',(1.0,-1.22460635382238E-16,0.0));
#2427=DIRECTION('',(5.43834468046357E-31,4.44089209850072E-15,1.0));
#2428=DIRECTION('',(1.22460635382238E-16,1.0,0.0));
#2429=DIRECTION('',(-1.0,0.0,0.0));
#2430=DIRECTION('',(-1.0,-1.22460635382238E-16,0.0));
#2431=CARTESIAN_POINT('',(-25.302181,-1.455469,-16.425));
#2432=DIRECTION('',(0.0,0.0,1.0));
#2433=DIRECTION('',(1.0,0.0,0.0));
#2434=DIRECTION('',(1.0,0.0,0.0));
#2435=DIRECTION('',(0.0,0.0,-1.0));
#2436=DIRECTION('',(0.0,0.0,1.0));
#2437=DIRECTION('',(0.0,0.0,1.0));
#2438=DIRECTION('',(0.0,0.0,-1.0));
#2439=DIRECTION('',(1.0,-1.22460635382238E-16,0.0));
#2440=DIRECTION('',(0.0,0.0,1.0));
#2441=DIRECTION('',(-1.0,1.22460635382238E-16,0.0));
#2442=DIRECTION('',(0.0,0.0,1.0));
#2443=DIRECTION('',(-1.0,0.0,0.0));
#2444=DIRECTION('',(0.0,0.0,1.0));
#2445=DIRECTION('',(1.0,0.0,0.0));
#2446=DIRECTION('',(0.0,0.0,1.0));
#2447=DIRECTION('',(0.0,0.0,-1.0));
#2448=DIRECTION('',(0.0,0.0,-1.0));
#2449=DIRECTION('',(0.0,0.0,1.0));
#2450=DIRECTION('',(-1.0,-1.22460635382238E-16,0.0));
#2451=DIRECTION('',(0.0,0.0,1.0));
#2452=DIRECTION('',(-1.0,-1.22460635382238E-16,0.0));
#2453=DIRECTION('',(0.0,0.0,1.0));
#2454=DIRECTION('',(-1.0,-1.22460635382238E-16,0.0));
#2455=DIRECTION('',(-1.0,0.0,0.0));
#2456=DIRECTION('',(2.44921270764475E-16,1.0,0.0));
#2457=DIRECTION('',(-1.0,1.22460635382238E-16,0.0));
#2458=DIRECTION('',(1.22460635382238E-16,1.0,0.0));
#2459=DIRECTION('',(0.0,0.0,1.0));
#2460=DIRECTION('',(1.0,0.0,0.0));
#2461=CARTESIAN_POINT('',(-25.302181,-1.455469,-16.075));
#2462=DIRECTION('',(0.0,0.0,1.0));
#2463=DIRECTION('',(1.0,0.0,0.0));
#2464=DIRECTION('',(0.0,0.0,-1.0));
#2465=DIRECTION('',(0.0,0.0,1.0));
#2466=DIRECTION('',(-1.0,0.0,0.0));
#2467=DIRECTION('',(0.0,0.0,-1.0));
#2468=DIRECTION('',(0.0,0.0,1.0));
#2469=DIRECTION('',(-2.44921270764475E-16,-1.0,0.0));
#2470=DIRECTION('',(0.0,0.0,-1.0));
#2471=DIRECTION('',(-1.22460635382238E-16,-1.0,0.0));
#2472=DIRECTION('',(0.0,0.0,-1.0));
#2473=DIRECTION('',(1.22460635382238E-16,1.0,0.0));
#2474=DIRECTION('',(0.0,0.0,1.0));
#2475=DIRECTION('',(0.0,0.0,-1.0));
#2476=DIRECTION('',(1.0,-1.22460635382238E-16,0.0));
#2477=DIRECTION('',(0.0,0.0,-1.0));
#2478=DIRECTION('',(1.0,-1.22460635382238E-16,0.0));
#2479=DIRECTION('',(0.0,0.0,-1.0));
#2480=DIRECTION('',(-1.0,0.0,0.0));
#2481=DIRECTION('',(1.0,-2.44921270764475E-16,0.0));
#2482=DIRECTION('',(-1.0,2.44921270764475E-16,0.0));
#2483=DIRECTION('',(0.0,0.0,-1.0));
#2484=DIRECTION('',(-1.0,1.22460635382238E-16,0.0));
#2485=DIRECTION('',(-1.0,1.22460635382238E-16,0.0));
#2486=DIRECTION('',(-1.0,2.44921270764475E-16,0.0));
#2487=DIRECTION('',(0.0,0.0,1.0));
#2488=DIRECTION('',(1.0,-2.44921270764475E-16,0.0));
#2489=DIRECTION('',(2.44921270764475E-16,1.0,0.0));
#2490=CARTESIAN_POINT('',(-25.302181,-1.455469,-15.175));
#2491=DIRECTION('',(0.0,0.0,1.0));
#2492=DIRECTION('',(1.0,0.0,0.0));
#2493=DIRECTION('',(1.0,0.0,0.0));
#2494=DIRECTION('',(0.0,1.0,0.0));
#2495=DIRECTION('',(-1.0,0.0,0.0));
#2496=CARTESIAN_POINT('',(-25.302181,-1.455469,-15.175));
#2497=DIRECTION('',(0.0,0.0,1.0));
#2498=DIRECTION('',(1.0,0.0,0.0));
#2499=DIRECTION('',(-1.0,1.22460635382238E-16,0.0));
#2500=DIRECTION('',(0.0,0.0,1.0));
#2501=DIRECTION('',(-1.0,-1.22460635382238E-16,0.0));
#2502=DIRECTION('',(0.0,0.0,-1.0));
#2503=DIRECTION('',(-1.0,-1.22460635382238E-16,0.0));
#2504=DIRECTION('',(0.0,0.0,1.0));
#2505=DIRECTION('',(-2.71917234023169E-30,-2.22044604925028E-14,-1.0));
#2506=DIRECTION('',(1.22460635382238E-16,1.0,0.0));
#2507=DIRECTION('',(1.0,-1.22460635382238E-16,0.0));
#2508=DIRECTION('',(1.22460635382238E-16,1.0,0.0));
#2509=DIRECTION('',(0.0,0.0,1.0));
#2510=CARTESIAN_POINT('',(-25.302181,-1.455469,-14.825));
#2511=DIRECTION('',(0.0,0.0,1.0));
#2512=DIRECTION('',(1.0,0.0,0.0));
#2513=DIRECTION('',(-0.942809041582063,0.235702260395516,0.235702260395516));
#2514=DIRECTION('',(0.0,-1.0,0.0));
#2515=DIRECTION('',(0.942809041582063,0.235702260395516,-0.235702260395516));
#2516=DIRECTION('',(-0.942809041582063,-0.235702260395516,-0.235702260395516));
#2517=DIRECTION('',(0.0,0.0,-1.0));
#2518=DIRECTION('',(0.0,0.0,-1.0));
#2519=DIRECTION('',(0.0,0.0,1.0));
#2520=DIRECTION('',(0.0,1.0,0.0));
#2521=DIRECTION('',(-1.22460635382238E-16,1.0,0.0));
#2522=DIRECTION('',(-1.0,0.0,0.0));
#2523=DIRECTION('',(0.0,1.0,0.0));
#2524=DIRECTION('',(1.0,0.0,0.0));
#2525=DIRECTION('',(0.942809041582063,-0.235702260395516,0.235702260395516));
#2526=DIRECTION('',(0.0,0.0,1.0));
#2527=CARTESIAN_POINT('',(-25.302181,-1.455469,-14.825));
#2528=DIRECTION('',(0.0,0.0,1.0));
#2529=DIRECTION('',(1.0,0.0,0.0));
#2530=DIRECTION('',(0.0,0.0,1.0));
#2531=DIRECTION('',(-1.22460635382238E-16,-1.0,0.0));
#2532=DIRECTION('',(1.22460635382238E-16,1.0,0.0));
#2533=DIRECTION('',(1.22460635382238E-16,1.0,0.0));
#2534=DIRECTION('',(0.0,0.0,-1.0));
#2535=DIRECTION('',(0.0,0.0,-1.0));
#2536=DIRECTION('',(-1.22460635382238E-16,-1.0,0.0));
#2537=DIRECTION('',(0.0,0.0,1.0));
#2538=DIRECTION('',(1.22460635382238E-16,1.0,0.0));
#2539=DIRECTION('',(0.0,-1.0,0.0));
#2540=DIRECTION('',(0.0,-1.0,0.0));
#2541=DIRECTION('',(0.0,0.0,1.0));
#2542=DIRECTION('',(1.0,-1.22460635382238E-16,0.0));
#2543=DIRECTION('',(1.0,0.0,0.0));
#2544=DIRECTION('',(2.31296463463574E-17,-1.0,0.0));
#2545=DIRECTION('',(1.0,2.31296463463574E-17,0.0));
#2546=DIRECTION('',(3.70074341541719E-16,1.0,0.0));
#2547=DIRECTION('',(0.0,0.0,1.0));
#2548=DIRECTION('',(3.70074341541719E-16,1.0,0.0));
#2549=DIRECTION('',(-0.235702260395516,-0.942809041582063,0.235702260395516));
#2550=DIRECTION('',(-0.235702260395516,0.942809041582063,-0.235702260395516));
#2551=DIRECTION('',(-1.0,0.0,-5.78241158658936E-18));
#2552=DIRECTION('',(0.235702260395516,0.942809041582063,0.235702260395516));
#2553=DIRECTION('',(-1.0,0.0,5.78241158658936E-18));
#2554=DIRECTION('',(0.235702260395516,-0.942809041582063,-0.235702260395516));
#2555=DIRECTION('',(1.0,2.31296463463574E-17,0.0));
#2556=DIRECTION('',(2.31296463463574E-17,-1.0,0.0));
#2557=DIRECTION('',(0.0,0.0,-1.0));
#2558=DIRECTION('',(0.0,0.0,1.0));
#2559=DIRECTION('',(0.0,0.0,-1.0));
#2560=DIRECTION('',(1.0,-1.22460635382238E-16,0.0));
#2561=DIRECTION('',(1.22460635382238E-16,1.0,0.0));
#2562=DIRECTION('',(-1.0,0.0,0.0));
#2563=DIRECTION('',(0.0,1.0,0.0));
#2564=DIRECTION('',(-1.0,0.0,0.0));
#2565=DIRECTION('',(0.0,1.0,0.0));
#2566=DIRECTION('',(1.0,0.0,0.0));
#2567=DIRECTION('',(-1.0,0.0,0.0));
#2568=DIRECTION('',(-1.22460635382238E-16,-1.0,0.0));
#2569=DIRECTION('',(0.0,0.0,-1.0));
#2570=DIRECTION('',(0.0,-1.0,0.0));
#2571=DIRECTION('',(1.0,0.0,0.0));
#2572=DIRECTION('',(-1.0,1.22460635382238E-16,0.0));
#2573=DIRECTION('',(1.22460635382238E-16,1.0,0.0));
#2574=DIRECTION('',(0.0,-1.0,0.0));
#2575=DIRECTION('',(0.0,0.0,-1.0));
#2576=DIRECTION('',(-1.0,0.0,0.0));
#2577=DIRECTION('',(1.0,-1.22460635382238E-16,0.0));
ENDSEC;
END-ISO-10303-21;
