ISO-10303-21;
HEADER;
/* Generated by software containing ST-Developer
 * from STEP Tools, Inc. (www.steptools.com) 
 */
/* OPTION: strings as raw bytes, not using required /X/ escapes */

FILE_DESCRIPTION(
/* description */ ('Unknown'),
/* implementation_level */ '2;1');

FILE_NAME(
/* name */ 'IN-S63TBS5R5G5B',
/* time_stamp */ '2023-02-02T13:22:01+02:00',
/* author */ ('Unknown'),
/* organization */ ('Unknown'),
/* preprocessor_version */ 'ST-DEVELOPER v18.102',
/* originating_system */ 'Solid Edge',
/* authorisation */ 'Unknown');

FILE_SCHEMA (('AUTOMOTIVE_DESIGN {1 0 10303 214 3 1 1}'));
ENDSEC;

DATA;
#10=PROPERTY_DEFINITION_REPRESENTATION(#14,#12);
#11=PROPERTY_DEFINITION_REPRESENTATION(#15,#13);
#12=REPRESENTATION('',(#16),#2876);
#13=REPRESENTATION('',(#17),#2876);
#14=PROPERTY_DEFINITION('pmi validation property','',#2881);
#15=PROPERTY_DEFINITION('pmi validation property','',#2881);
#16=VALUE_REPRESENTATION_ITEM('number of annotations',COUNT_MEASURE(0.));
#17=VALUE_REPRESENTATION_ITEM('number of views',COUNT_MEASURE(0.));
#18=SHAPE_REPRESENTATION_RELATIONSHIP('','',#1990,#19);
#19=ADVANCED_BREP_SHAPE_REPRESENTATION('',(#1988),#2876);
#20=TOROIDAL_SURFACE('',#2078,0.049408667785907,0.01);
#21=TOROIDAL_SURFACE('',#2082,0.0459572191569383,0.01);
#22=TOROIDAL_SURFACE('',#2087,0.049408667785907,0.01);
#23=TOROIDAL_SURFACE('',#2091,0.0459572191569383,0.01);
#24=CYLINDRICAL_SURFACE('',#2037,0.059408667785907);
#25=CYLINDRICAL_SURFACE('',#2041,0.0559572191569383);
#26=CYLINDRICAL_SURFACE('',#2076,0.01);
#27=CYLINDRICAL_SURFACE('',#2080,0.01);
#28=CYLINDRICAL_SURFACE('',#2084,0.01);
#29=CYLINDRICAL_SURFACE('',#2085,0.01);
#30=CYLINDRICAL_SURFACE('',#2089,0.01);
#31=CYLINDRICAL_SURFACE('',#2093,0.01);
#32=CYLINDRICAL_SURFACE('',#2094,0.01);
#33=CYLINDRICAL_SURFACE('',#2095,0.01);
#34=CYLINDRICAL_SURFACE('',#2096,0.01);
#35=CYLINDRICAL_SURFACE('',#2097,0.01);
#36=SURFACE_STYLE_RENDERING_WITH_PROPERTIES(.CONSTANT_SHADING.,#1908,(#53));
#37=SURFACE_STYLE_RENDERING_WITH_PROPERTIES(.CONSTANT_SHADING.,#1908,(#54));
#38=SURFACE_STYLE_RENDERING_WITH_PROPERTIES(.CONSTANT_SHADING.,#1908,(#55));
#39=SURFACE_STYLE_RENDERING_WITH_PROPERTIES(.CONSTANT_SHADING.,#1908,(#56));
#40=SURFACE_STYLE_RENDERING_WITH_PROPERTIES(.CONSTANT_SHADING.,#1908,(#57));
#41=SURFACE_STYLE_RENDERING_WITH_PROPERTIES(.CONSTANT_SHADING.,#1908,(#58));
#42=SURFACE_STYLE_RENDERING_WITH_PROPERTIES(.CONSTANT_SHADING.,#1908,(#59));
#43=SURFACE_STYLE_RENDERING_WITH_PROPERTIES(.CONSTANT_SHADING.,#1908,(#60));
#44=SURFACE_STYLE_RENDERING_WITH_PROPERTIES(.CONSTANT_SHADING.,#1908,(#61));
#45=SURFACE_STYLE_RENDERING_WITH_PROPERTIES(.CONSTANT_SHADING.,#1908,(#62));
#46=SURFACE_STYLE_RENDERING_WITH_PROPERTIES(.CONSTANT_SHADING.,#1908,(#63));
#47=SURFACE_STYLE_RENDERING_WITH_PROPERTIES(.CONSTANT_SHADING.,#1908,(#64));
#48=SURFACE_STYLE_RENDERING_WITH_PROPERTIES(.CONSTANT_SHADING.,#1908,(#65));
#49=SURFACE_STYLE_RENDERING_WITH_PROPERTIES(.CONSTANT_SHADING.,#1908,(#66));
#50=SURFACE_STYLE_RENDERING_WITH_PROPERTIES(.CONSTANT_SHADING.,#1908,(#67));
#51=SURFACE_STYLE_RENDERING_WITH_PROPERTIES(.CONSTANT_SHADING.,#1908,(#68));
#52=SURFACE_STYLE_RENDERING_WITH_PROPERTIES(.CONSTANT_SHADING.,#1908,(#69));
#53=SURFACE_STYLE_TRANSPARENT(0.5);
#54=SURFACE_STYLE_TRANSPARENT(0.5);
#55=SURFACE_STYLE_TRANSPARENT(0.5);
#56=SURFACE_STYLE_TRANSPARENT(0.5);
#57=SURFACE_STYLE_TRANSPARENT(0.5);
#58=SURFACE_STYLE_TRANSPARENT(0.5);
#59=SURFACE_STYLE_TRANSPARENT(0.5);
#60=SURFACE_STYLE_TRANSPARENT(0.5);
#61=SURFACE_STYLE_TRANSPARENT(0.5);
#62=SURFACE_STYLE_TRANSPARENT(0.5);
#63=SURFACE_STYLE_TRANSPARENT(0.5);
#64=SURFACE_STYLE_TRANSPARENT(0.5);
#65=SURFACE_STYLE_TRANSPARENT(0.5);
#66=SURFACE_STYLE_TRANSPARENT(0.5);
#67=SURFACE_STYLE_TRANSPARENT(0.5);
#68=SURFACE_STYLE_TRANSPARENT(0.5);
#69=SURFACE_STYLE_TRANSPARENT(0.5);
#70=ELLIPSE('',#2007,0.0100239851262605,0.01);
#71=ELLIPSE('',#2008,0.0100239851262605,0.01);
#72=ELLIPSE('',#2010,0.0100239851262605,0.01);
#73=ELLIPSE('',#2011,0.0100239851262605,0.01);
#74=CIRCLE('',#1993,0.01);
#75=CIRCLE('',#1994,0.01);
#76=CIRCLE('',#1999,0.01);
#77=CIRCLE('',#2000,0.01);
#78=CIRCLE('',#2003,0.01);
#79=CIRCLE('',#2004,0.01);
#80=CIRCLE('',#2014,0.0459572191569383);
#81=CIRCLE('',#2015,0.049408667785907);
#82=CIRCLE('',#2029,0.0459572191569383);
#83=CIRCLE('',#2030,0.049408667785907);
#84=CIRCLE('',#2034,0.01);
#85=CIRCLE('',#2035,0.01);
#86=CIRCLE('',#2038,0.059408667785907);
#87=CIRCLE('',#2039,0.059408667785907);
#88=CIRCLE('',#2042,0.0559572191569383);
#89=CIRCLE('',#2043,0.0559572191569383);
#90=CIRCLE('',#2077,0.01);
#91=CIRCLE('',#2079,0.01);
#92=CIRCLE('',#2081,0.01);
#93=CIRCLE('',#2083,0.01);
#94=CIRCLE('',#2086,0.01);
#95=CIRCLE('',#2088,0.01);
#96=CIRCLE('',#2090,0.01);
#97=CIRCLE('',#2092,0.01);
#98=ORIENTED_EDGE('',*,*,#490,.T.);
#99=ORIENTED_EDGE('',*,*,#491,.T.);
#100=ORIENTED_EDGE('',*,*,#492,.F.);
#101=ORIENTED_EDGE('',*,*,#493,.F.);
#102=ORIENTED_EDGE('',*,*,#494,.F.);
#103=ORIENTED_EDGE('',*,*,#495,.T.);
#104=ORIENTED_EDGE('',*,*,#496,.T.);
#105=ORIENTED_EDGE('',*,*,#497,.T.);
#106=ORIENTED_EDGE('',*,*,#498,.T.);
#107=ORIENTED_EDGE('',*,*,#499,.T.);
#108=ORIENTED_EDGE('',*,*,#500,.T.);
#109=ORIENTED_EDGE('',*,*,#491,.F.);
#110=ORIENTED_EDGE('',*,*,#501,.T.);
#111=ORIENTED_EDGE('',*,*,#502,.T.);
#112=ORIENTED_EDGE('',*,*,#503,.F.);
#113=ORIENTED_EDGE('',*,*,#504,.F.);
#114=ORIENTED_EDGE('',*,*,#505,.T.);
#115=ORIENTED_EDGE('',*,*,#506,.T.);
#116=ORIENTED_EDGE('',*,*,#507,.T.);
#117=ORIENTED_EDGE('',*,*,#508,.T.);
#118=ORIENTED_EDGE('',*,*,#509,.T.);
#119=ORIENTED_EDGE('',*,*,#510,.F.);
#120=ORIENTED_EDGE('',*,*,#511,.T.);
#121=ORIENTED_EDGE('',*,*,#512,.T.);
#122=ORIENTED_EDGE('',*,*,#513,.T.);
#123=ORIENTED_EDGE('',*,*,#514,.T.);
#124=ORIENTED_EDGE('',*,*,#515,.F.);
#125=ORIENTED_EDGE('',*,*,#516,.F.);
#126=ORIENTED_EDGE('',*,*,#517,.F.);
#127=ORIENTED_EDGE('',*,*,#518,.T.);
#128=ORIENTED_EDGE('',*,*,#519,.T.);
#129=ORIENTED_EDGE('',*,*,#520,.T.);
#130=ORIENTED_EDGE('',*,*,#521,.T.);
#131=ORIENTED_EDGE('',*,*,#522,.T.);
#132=ORIENTED_EDGE('',*,*,#496,.F.);
#133=ORIENTED_EDGE('',*,*,#523,.F.);
#134=ORIENTED_EDGE('',*,*,#513,.F.);
#135=ORIENTED_EDGE('',*,*,#524,.T.);
#136=ORIENTED_EDGE('',*,*,#505,.F.);
#137=ORIENTED_EDGE('',*,*,#525,.F.);
#138=ORIENTED_EDGE('',*,*,#526,.T.);
#139=ORIENTED_EDGE('',*,*,#527,.F.);
#140=ORIENTED_EDGE('',*,*,#528,.T.);
#141=ORIENTED_EDGE('',*,*,#529,.F.);
#142=ORIENTED_EDGE('',*,*,#509,.F.);
#143=ORIENTED_EDGE('',*,*,#530,.F.);
#144=ORIENTED_EDGE('',*,*,#531,.T.);
#145=ORIENTED_EDGE('',*,*,#532,.T.);
#146=ORIENTED_EDGE('',*,*,#533,.T.);
#147=ORIENTED_EDGE('',*,*,#534,.T.);
#148=ORIENTED_EDGE('',*,*,#535,.T.);
#149=ORIENTED_EDGE('',*,*,#536,.F.);
#150=ORIENTED_EDGE('',*,*,#537,.T.);
#151=ORIENTED_EDGE('',*,*,#524,.F.);
#152=ORIENTED_EDGE('',*,*,#538,.T.);
#153=ORIENTED_EDGE('',*,*,#539,.T.);
#154=ORIENTED_EDGE('',*,*,#540,.T.);
#155=ORIENTED_EDGE('',*,*,#541,.T.);
#156=ORIENTED_EDGE('',*,*,#542,.T.);
#157=ORIENTED_EDGE('',*,*,#543,.T.);
#158=ORIENTED_EDGE('',*,*,#544,.T.);
#159=ORIENTED_EDGE('',*,*,#510,.T.);
#160=ORIENTED_EDGE('',*,*,#545,.T.);
#161=ORIENTED_EDGE('',*,*,#546,.T.);
#162=ORIENTED_EDGE('',*,*,#547,.T.);
#163=ORIENTED_EDGE('',*,*,#538,.F.);
#164=ORIENTED_EDGE('',*,*,#512,.F.);
#165=ORIENTED_EDGE('',*,*,#548,.T.);
#166=ORIENTED_EDGE('',*,*,#549,.T.);
#167=ORIENTED_EDGE('',*,*,#544,.F.);
#168=ORIENTED_EDGE('',*,*,#550,.F.);
#169=ORIENTED_EDGE('',*,*,#547,.F.);
#170=ORIENTED_EDGE('',*,*,#551,.T.);
#171=ORIENTED_EDGE('',*,*,#552,.T.);
#172=ORIENTED_EDGE('',*,*,#553,.T.);
#173=ORIENTED_EDGE('',*,*,#554,.T.);
#174=ORIENTED_EDGE('',*,*,#555,.T.);
#175=ORIENTED_EDGE('',*,*,#518,.F.);
#176=ORIENTED_EDGE('',*,*,#556,.F.);
#177=ORIENTED_EDGE('',*,*,#557,.T.);
#178=ORIENTED_EDGE('',*,*,#558,.T.);
#179=ORIENTED_EDGE('',*,*,#559,.F.);
#180=ORIENTED_EDGE('',*,*,#560,.T.);
#181=ORIENTED_EDGE('',*,*,#561,.T.);
#182=ORIENTED_EDGE('',*,*,#562,.T.);
#183=ORIENTED_EDGE('',*,*,#563,.F.);
#184=ORIENTED_EDGE('',*,*,#564,.T.);
#185=ORIENTED_EDGE('',*,*,#565,.T.);
#186=ORIENTED_EDGE('',*,*,#566,.T.);
#187=ORIENTED_EDGE('',*,*,#490,.F.);
#188=ORIENTED_EDGE('',*,*,#567,.T.);
#189=ORIENTED_EDGE('',*,*,#525,.T.);
#190=ORIENTED_EDGE('',*,*,#504,.T.);
#191=ORIENTED_EDGE('',*,*,#568,.F.);
#192=ORIENTED_EDGE('',*,*,#501,.F.);
#193=ORIENTED_EDGE('',*,*,#569,.F.);
#194=ORIENTED_EDGE('',*,*,#570,.T.);
#195=ORIENTED_EDGE('',*,*,#559,.T.);
#196=ORIENTED_EDGE('',*,*,#571,.F.);
#197=ORIENTED_EDGE('',*,*,#572,.F.);
#198=ORIENTED_EDGE('',*,*,#573,.T.);
#199=ORIENTED_EDGE('',*,*,#563,.T.);
#200=ORIENTED_EDGE('',*,*,#574,.F.);
#201=ORIENTED_EDGE('',*,*,#575,.F.);
#202=ORIENTED_EDGE('',*,*,#576,.T.);
#203=ORIENTED_EDGE('',*,*,#577,.T.);
#204=ORIENTED_EDGE('',*,*,#578,.F.);
#205=ORIENTED_EDGE('',*,*,#579,.F.);
#206=ORIENTED_EDGE('',*,*,#580,.T.);
#207=ORIENTED_EDGE('',*,*,#581,.T.);
#208=ORIENTED_EDGE('',*,*,#582,.F.);
#209=ORIENTED_EDGE('',*,*,#583,.F.);
#210=ORIENTED_EDGE('',*,*,#556,.T.);
#211=ORIENTED_EDGE('',*,*,#517,.T.);
#212=ORIENTED_EDGE('',*,*,#584,.F.);
#213=ORIENTED_EDGE('',*,*,#585,.F.);
#214=ORIENTED_EDGE('',*,*,#586,.T.);
#215=ORIENTED_EDGE('',*,*,#587,.T.);
#216=ORIENTED_EDGE('',*,*,#506,.F.);
#217=ORIENTED_EDGE('',*,*,#533,.F.);
#218=ORIENTED_EDGE('',*,*,#588,.F.);
#219=ORIENTED_EDGE('',*,*,#589,.F.);
#220=ORIENTED_EDGE('',*,*,#590,.T.);
#221=ORIENTED_EDGE('',*,*,#591,.T.);
#222=ORIENTED_EDGE('',*,*,#561,.F.);
#223=ORIENTED_EDGE('',*,*,#592,.F.);
#224=ORIENTED_EDGE('',*,*,#593,.T.);
#225=ORIENTED_EDGE('',*,*,#594,.T.);
#226=ORIENTED_EDGE('',*,*,#565,.F.);
#227=ORIENTED_EDGE('',*,*,#595,.T.);
#228=ORIENTED_EDGE('',*,*,#596,.T.);
#229=ORIENTED_EDGE('',*,*,#540,.F.);
#230=ORIENTED_EDGE('',*,*,#597,.T.);
#231=ORIENTED_EDGE('',*,*,#598,.T.);
#232=ORIENTED_EDGE('',*,*,#599,.T.);
#233=ORIENTED_EDGE('',*,*,#576,.F.);
#234=ORIENTED_EDGE('',*,*,#600,.T.);
#235=ORIENTED_EDGE('',*,*,#569,.T.);
#236=ORIENTED_EDGE('',*,*,#601,.T.);
#237=ORIENTED_EDGE('',*,*,#580,.F.);
#238=ORIENTED_EDGE('',*,*,#602,.T.);
#239=ORIENTED_EDGE('',*,*,#572,.T.);
#240=ORIENTED_EDGE('',*,*,#603,.T.);
#241=ORIENTED_EDGE('',*,*,#511,.F.);
#242=ORIENTED_EDGE('',*,*,#549,.F.);
#243=ORIENTED_EDGE('',*,*,#604,.T.);
#244=ORIENTED_EDGE('',*,*,#605,.F.);
#245=ORIENTED_EDGE('',*,*,#606,.T.);
#246=ORIENTED_EDGE('',*,*,#607,.F.);
#247=ORIENTED_EDGE('',*,*,#535,.F.);
#248=ORIENTED_EDGE('',*,*,#608,.T.);
#249=ORIENTED_EDGE('',*,*,#609,.T.);
#250=ORIENTED_EDGE('',*,*,#610,.T.);
#251=ORIENTED_EDGE('',*,*,#611,.F.);
#252=ORIENTED_EDGE('',*,*,#550,.T.);
#253=ORIENTED_EDGE('',*,*,#612,.T.);
#254=ORIENTED_EDGE('',*,*,#613,.F.);
#255=ORIENTED_EDGE('',*,*,#614,.T.);
#256=ORIENTED_EDGE('',*,*,#613,.T.);
#257=ORIENTED_EDGE('',*,*,#615,.T.);
#258=ORIENTED_EDGE('',*,*,#616,.F.);
#259=ORIENTED_EDGE('',*,*,#617,.T.);
#260=ORIENTED_EDGE('',*,*,#616,.T.);
#261=ORIENTED_EDGE('',*,*,#618,.T.);
#262=ORIENTED_EDGE('',*,*,#619,.F.);
#263=ORIENTED_EDGE('',*,*,#620,.T.);
#264=ORIENTED_EDGE('',*,*,#619,.T.);
#265=ORIENTED_EDGE('',*,*,#621,.T.);
#266=ORIENTED_EDGE('',*,*,#622,.F.);
#267=ORIENTED_EDGE('',*,*,#623,.T.);
#268=ORIENTED_EDGE('',*,*,#622,.T.);
#269=ORIENTED_EDGE('',*,*,#624,.T.);
#270=ORIENTED_EDGE('',*,*,#625,.T.);
#271=ORIENTED_EDGE('',*,*,#626,.T.);
#272=ORIENTED_EDGE('',*,*,#527,.T.);
#273=ORIENTED_EDGE('',*,*,#627,.T.);
#274=ORIENTED_EDGE('',*,*,#499,.F.);
#275=ORIENTED_EDGE('',*,*,#628,.T.);
#276=ORIENTED_EDGE('',*,*,#536,.T.);
#277=ORIENTED_EDGE('',*,*,#607,.T.);
#278=ORIENTED_EDGE('',*,*,#629,.T.);
#279=ORIENTED_EDGE('',*,*,#519,.F.);
#280=ORIENTED_EDGE('',*,*,#558,.F.);
#281=ORIENTED_EDGE('',*,*,#630,.T.);
#282=ORIENTED_EDGE('',*,*,#605,.T.);
#283=ORIENTED_EDGE('',*,*,#631,.T.);
#284=ORIENTED_EDGE('',*,*,#521,.F.);
#285=ORIENTED_EDGE('',*,*,#632,.T.);
#286=ORIENTED_EDGE('',*,*,#545,.F.);
#287=ORIENTED_EDGE('',*,*,#529,.T.);
#288=ORIENTED_EDGE('',*,*,#633,.T.);
#289=ORIENTED_EDGE('',*,*,#497,.F.);
#290=ORIENTED_EDGE('',*,*,#542,.F.);
#291=ORIENTED_EDGE('',*,*,#625,.F.);
#292=ORIENTED_EDGE('',*,*,#523,.T.);
#293=ORIENTED_EDGE('',*,*,#634,.F.);
#294=ORIENTED_EDGE('',*,*,#635,.F.);
#295=ORIENTED_EDGE('',*,*,#636,.T.);
#296=ORIENTED_EDGE('',*,*,#495,.F.);
#297=ORIENTED_EDGE('',*,*,#637,.F.);
#298=ORIENTED_EDGE('',*,*,#638,.F.);
#299=ORIENTED_EDGE('',*,*,#634,.T.);
#300=ORIENTED_EDGE('',*,*,#494,.T.);
#301=ORIENTED_EDGE('',*,*,#639,.F.);
#302=ORIENTED_EDGE('',*,*,#640,.F.);
#303=ORIENTED_EDGE('',*,*,#637,.T.);
#304=ORIENTED_EDGE('',*,*,#493,.T.);
#305=ORIENTED_EDGE('',*,*,#641,.F.);
#306=ORIENTED_EDGE('',*,*,#642,.F.);
#307=ORIENTED_EDGE('',*,*,#639,.T.);
#308=ORIENTED_EDGE('',*,*,#492,.T.);
#309=ORIENTED_EDGE('',*,*,#503,.T.);
#310=ORIENTED_EDGE('',*,*,#643,.T.);
#311=ORIENTED_EDGE('',*,*,#644,.F.);
#312=ORIENTED_EDGE('',*,*,#641,.T.);
#313=ORIENTED_EDGE('',*,*,#516,.T.);
#314=ORIENTED_EDGE('',*,*,#645,.F.);
#315=ORIENTED_EDGE('',*,*,#646,.F.);
#316=ORIENTED_EDGE('',*,*,#584,.T.);
#317=ORIENTED_EDGE('',*,*,#515,.T.);
#318=ORIENTED_EDGE('',*,*,#647,.F.);
#319=ORIENTED_EDGE('',*,*,#648,.F.);
#320=ORIENTED_EDGE('',*,*,#645,.T.);
#321=ORIENTED_EDGE('',*,*,#514,.F.);
#322=ORIENTED_EDGE('',*,*,#636,.F.);
#323=ORIENTED_EDGE('',*,*,#649,.F.);
#324=ORIENTED_EDGE('',*,*,#647,.T.);
#325=ORIENTED_EDGE('',*,*,#635,.T.);
#326=ORIENTED_EDGE('',*,*,#638,.T.);
#327=ORIENTED_EDGE('',*,*,#640,.T.);
#328=ORIENTED_EDGE('',*,*,#642,.T.);
#329=ORIENTED_EDGE('',*,*,#644,.T.);
#330=ORIENTED_EDGE('',*,*,#650,.T.);
#331=ORIENTED_EDGE('',*,*,#578,.T.);
#332=ORIENTED_EDGE('',*,*,#651,.T.);
#333=ORIENTED_EDGE('',*,*,#582,.T.);
#334=ORIENTED_EDGE('',*,*,#652,.T.);
#335=ORIENTED_EDGE('',*,*,#585,.T.);
#336=ORIENTED_EDGE('',*,*,#646,.T.);
#337=ORIENTED_EDGE('',*,*,#648,.T.);
#338=ORIENTED_EDGE('',*,*,#649,.T.);
#339=ORIENTED_EDGE('',*,*,#508,.F.);
#340=ORIENTED_EDGE('',*,*,#653,.F.);
#341=ORIENTED_EDGE('',*,*,#654,.T.);
#342=ORIENTED_EDGE('',*,*,#655,.T.);
#343=ORIENTED_EDGE('',*,*,#530,.T.);
#344=ORIENTED_EDGE('',*,*,#655,.F.);
#345=ORIENTED_EDGE('',*,*,#656,.T.);
#346=ORIENTED_EDGE('',*,*,#657,.T.);
#347=ORIENTED_EDGE('',*,*,#531,.F.);
#348=ORIENTED_EDGE('',*,*,#657,.F.);
#349=ORIENTED_EDGE('',*,*,#658,.T.);
#350=ORIENTED_EDGE('',*,*,#659,.T.);
#351=ORIENTED_EDGE('',*,*,#532,.F.);
#352=ORIENTED_EDGE('',*,*,#659,.F.);
#353=ORIENTED_EDGE('',*,*,#660,.T.);
#354=ORIENTED_EDGE('',*,*,#588,.T.);
#355=ORIENTED_EDGE('',*,*,#661,.F.);
#356=ORIENTED_EDGE('',*,*,#662,.T.);
#357=ORIENTED_EDGE('',*,*,#663,.T.);
#358=ORIENTED_EDGE('',*,*,#608,.F.);
#359=ORIENTED_EDGE('',*,*,#534,.F.);
#360=ORIENTED_EDGE('',*,*,#609,.F.);
#361=ORIENTED_EDGE('',*,*,#663,.F.);
#362=ORIENTED_EDGE('',*,*,#664,.T.);
#363=ORIENTED_EDGE('',*,*,#665,.T.);
#364=ORIENTED_EDGE('',*,*,#610,.F.);
#365=ORIENTED_EDGE('',*,*,#665,.F.);
#366=ORIENTED_EDGE('',*,*,#666,.T.);
#367=ORIENTED_EDGE('',*,*,#667,.T.);
#368=ORIENTED_EDGE('',*,*,#611,.T.);
#369=ORIENTED_EDGE('',*,*,#667,.F.);
#370=ORIENTED_EDGE('',*,*,#668,.T.);
#371=ORIENTED_EDGE('',*,*,#653,.T.);
#372=ORIENTED_EDGE('',*,*,#654,.F.);
#373=ORIENTED_EDGE('',*,*,#668,.F.);
#374=ORIENTED_EDGE('',*,*,#666,.F.);
#375=ORIENTED_EDGE('',*,*,#664,.F.);
#376=ORIENTED_EDGE('',*,*,#662,.F.);
#377=ORIENTED_EDGE('',*,*,#669,.F.);
#378=ORIENTED_EDGE('',*,*,#593,.F.);
#379=ORIENTED_EDGE('',*,*,#670,.F.);
#380=ORIENTED_EDGE('',*,*,#590,.F.);
#381=ORIENTED_EDGE('',*,*,#671,.F.);
#382=ORIENTED_EDGE('',*,*,#586,.F.);
#383=ORIENTED_EDGE('',*,*,#660,.F.);
#384=ORIENTED_EDGE('',*,*,#658,.F.);
#385=ORIENTED_EDGE('',*,*,#656,.F.);
#386=ORIENTED_EDGE('',*,*,#672,.T.);
#387=ORIENTED_EDGE('',*,*,#669,.T.);
#388=ORIENTED_EDGE('',*,*,#673,.F.);
#389=ORIENTED_EDGE('',*,*,#652,.F.);
#390=ORIENTED_EDGE('',*,*,#583,.T.);
#391=ORIENTED_EDGE('',*,*,#673,.T.);
#392=ORIENTED_EDGE('',*,*,#661,.T.);
#393=ORIENTED_EDGE('',*,*,#537,.F.);
#394=ORIENTED_EDGE('',*,*,#630,.F.);
#395=ORIENTED_EDGE('',*,*,#557,.F.);
#396=ORIENTED_EDGE('',*,*,#574,.T.);
#397=ORIENTED_EDGE('',*,*,#566,.F.);
#398=ORIENTED_EDGE('',*,*,#594,.F.);
#399=ORIENTED_EDGE('',*,*,#672,.F.);
#400=ORIENTED_EDGE('',*,*,#581,.F.);
#401=ORIENTED_EDGE('',*,*,#603,.F.);
#402=ORIENTED_EDGE('',*,*,#674,.T.);
#403=ORIENTED_EDGE('',*,*,#670,.T.);
#404=ORIENTED_EDGE('',*,*,#675,.F.);
#405=ORIENTED_EDGE('',*,*,#651,.F.);
#406=ORIENTED_EDGE('',*,*,#571,.T.);
#407=ORIENTED_EDGE('',*,*,#562,.F.);
#408=ORIENTED_EDGE('',*,*,#591,.F.);
#409=ORIENTED_EDGE('',*,*,#674,.F.);
#410=ORIENTED_EDGE('',*,*,#577,.F.);
#411=ORIENTED_EDGE('',*,*,#601,.F.);
#412=ORIENTED_EDGE('',*,*,#579,.T.);
#413=ORIENTED_EDGE('',*,*,#675,.T.);
#414=ORIENTED_EDGE('',*,*,#592,.T.);
#415=ORIENTED_EDGE('',*,*,#564,.F.);
#416=ORIENTED_EDGE('',*,*,#573,.F.);
#417=ORIENTED_EDGE('',*,*,#602,.F.);
#418=ORIENTED_EDGE('',*,*,#676,.T.);
#419=ORIENTED_EDGE('',*,*,#671,.T.);
#420=ORIENTED_EDGE('',*,*,#677,.F.);
#421=ORIENTED_EDGE('',*,*,#650,.F.);
#422=ORIENTED_EDGE('',*,*,#568,.T.);
#423=ORIENTED_EDGE('',*,*,#507,.F.);
#424=ORIENTED_EDGE('',*,*,#587,.F.);
#425=ORIENTED_EDGE('',*,*,#676,.F.);
#426=ORIENTED_EDGE('',*,*,#643,.F.);
#427=ORIENTED_EDGE('',*,*,#502,.F.);
#428=ORIENTED_EDGE('',*,*,#575,.T.);
#429=ORIENTED_EDGE('',*,*,#677,.T.);
#430=ORIENTED_EDGE('',*,*,#589,.T.);
#431=ORIENTED_EDGE('',*,*,#560,.F.);
#432=ORIENTED_EDGE('',*,*,#570,.F.);
#433=ORIENTED_EDGE('',*,*,#600,.F.);
#434=ORIENTED_EDGE('',*,*,#539,.F.);
#435=ORIENTED_EDGE('',*,*,#614,.F.);
#436=ORIENTED_EDGE('',*,*,#678,.F.);
#437=ORIENTED_EDGE('',*,*,#597,.F.);
#438=ORIENTED_EDGE('',*,*,#678,.T.);
#439=ORIENTED_EDGE('',*,*,#617,.F.);
#440=ORIENTED_EDGE('',*,*,#679,.F.);
#441=ORIENTED_EDGE('',*,*,#598,.F.);
#442=ORIENTED_EDGE('',*,*,#679,.T.);
#443=ORIENTED_EDGE('',*,*,#620,.F.);
#444=ORIENTED_EDGE('',*,*,#680,.F.);
#445=ORIENTED_EDGE('',*,*,#599,.F.);
#446=ORIENTED_EDGE('',*,*,#680,.T.);
#447=ORIENTED_EDGE('',*,*,#623,.F.);
#448=ORIENTED_EDGE('',*,*,#681,.F.);
#449=ORIENTED_EDGE('',*,*,#595,.F.);
#450=ORIENTED_EDGE('',*,*,#681,.T.);
#451=ORIENTED_EDGE('',*,*,#626,.F.);
#452=ORIENTED_EDGE('',*,*,#541,.F.);
#453=ORIENTED_EDGE('',*,*,#596,.F.);
#454=ORIENTED_EDGE('',*,*,#543,.F.);
#455=ORIENTED_EDGE('',*,*,#555,.F.);
#456=ORIENTED_EDGE('',*,*,#682,.F.);
#457=ORIENTED_EDGE('',*,*,#612,.F.);
#458=ORIENTED_EDGE('',*,*,#682,.T.);
#459=ORIENTED_EDGE('',*,*,#554,.F.);
#460=ORIENTED_EDGE('',*,*,#683,.F.);
#461=ORIENTED_EDGE('',*,*,#615,.F.);
#462=ORIENTED_EDGE('',*,*,#683,.T.);
#463=ORIENTED_EDGE('',*,*,#553,.F.);
#464=ORIENTED_EDGE('',*,*,#684,.F.);
#465=ORIENTED_EDGE('',*,*,#618,.F.);
#466=ORIENTED_EDGE('',*,*,#684,.T.);
#467=ORIENTED_EDGE('',*,*,#552,.F.);
#468=ORIENTED_EDGE('',*,*,#685,.F.);
#469=ORIENTED_EDGE('',*,*,#621,.F.);
#470=ORIENTED_EDGE('',*,*,#685,.T.);
#471=ORIENTED_EDGE('',*,*,#551,.F.);
#472=ORIENTED_EDGE('',*,*,#546,.F.);
#473=ORIENTED_EDGE('',*,*,#624,.F.);
#474=ORIENTED_EDGE('',*,*,#498,.F.);
#475=ORIENTED_EDGE('',*,*,#633,.F.);
#476=ORIENTED_EDGE('',*,*,#528,.F.);
#477=ORIENTED_EDGE('',*,*,#628,.F.);
#478=ORIENTED_EDGE('',*,*,#520,.F.);
#479=ORIENTED_EDGE('',*,*,#629,.F.);
#480=ORIENTED_EDGE('',*,*,#606,.F.);
#481=ORIENTED_EDGE('',*,*,#632,.F.);
#482=ORIENTED_EDGE('',*,*,#522,.F.);
#483=ORIENTED_EDGE('',*,*,#631,.F.);
#484=ORIENTED_EDGE('',*,*,#604,.F.);
#485=ORIENTED_EDGE('',*,*,#548,.F.);
#486=ORIENTED_EDGE('',*,*,#500,.F.);
#487=ORIENTED_EDGE('',*,*,#627,.F.);
#488=ORIENTED_EDGE('',*,*,#526,.F.);
#489=ORIENTED_EDGE('',*,*,#567,.F.);
#490=EDGE_CURVE('',#686,#687,#806,.T.);
#491=EDGE_CURVE('',#687,#688,#807,.T.);
#492=EDGE_CURVE('',#689,#688,#808,.T.);
#493=EDGE_CURVE('',#690,#689,#809,.T.);
#494=EDGE_CURVE('',#691,#690,#810,.T.);
#495=EDGE_CURVE('',#691,#692,#811,.F.);
#496=EDGE_CURVE('',#692,#693,#812,.T.);
#497=EDGE_CURVE('',#693,#694,#813,.T.);
#498=EDGE_CURVE('',#694,#695,#74,.T.);
#499=EDGE_CURVE('',#695,#696,#814,.T.);
#500=EDGE_CURVE('',#696,#686,#75,.T.);
#501=EDGE_CURVE('',#687,#697,#815,.T.);
#502=EDGE_CURVE('',#697,#698,#816,.T.);
#503=EDGE_CURVE('',#688,#698,#817,.T.);
#504=EDGE_CURVE('',#699,#700,#818,.T.);
#505=EDGE_CURVE('',#699,#701,#819,.T.);
#506=EDGE_CURVE('',#701,#702,#820,.T.);
#507=EDGE_CURVE('',#702,#700,#821,.T.);
#508=EDGE_CURVE('',#703,#704,#822,.T.);
#509=EDGE_CURVE('',#704,#705,#823,.T.);
#510=EDGE_CURVE('',#706,#705,#824,.T.);
#511=EDGE_CURVE('',#706,#703,#825,.T.);
#512=EDGE_CURVE('',#707,#708,#826,.T.);
#513=EDGE_CURVE('',#708,#709,#827,.T.);
#514=EDGE_CURVE('',#709,#710,#828,.F.);
#515=EDGE_CURVE('',#711,#710,#829,.T.);
#516=EDGE_CURVE('',#712,#711,#830,.T.);
#517=EDGE_CURVE('',#713,#712,#831,.T.);
#518=EDGE_CURVE('',#713,#714,#832,.T.);
#519=EDGE_CURVE('',#714,#715,#833,.T.);
#520=EDGE_CURVE('',#715,#716,#76,.T.);
#521=EDGE_CURVE('',#716,#717,#834,.T.);
#522=EDGE_CURVE('',#717,#707,#77,.T.);
#523=EDGE_CURVE('',#709,#692,#835,.T.);
#524=EDGE_CURVE('',#708,#693,#836,.T.);
#525=EDGE_CURVE('',#718,#699,#837,.T.);
#526=EDGE_CURVE('',#718,#719,#78,.F.);
#527=EDGE_CURVE('',#720,#719,#838,.T.);
#528=EDGE_CURVE('',#720,#721,#79,.F.);
#529=EDGE_CURVE('',#705,#721,#839,.T.);
#530=EDGE_CURVE('',#722,#704,#840,.F.);
#531=EDGE_CURVE('',#722,#723,#841,.T.);
#532=EDGE_CURVE('',#723,#724,#842,.T.);
#533=EDGE_CURVE('',#724,#701,#843,.T.);
#534=EDGE_CURVE('',#725,#726,#844,.T.);
#535=EDGE_CURVE('',#726,#727,#845,.T.);
#536=EDGE_CURVE('',#728,#727,#846,.T.);
#537=EDGE_CURVE('',#728,#725,#847,.T.);
#538=EDGE_CURVE('',#708,#729,#848,.T.);
#539=EDGE_CURVE('',#729,#730,#70,.T.);
#540=EDGE_CURVE('',#730,#731,#849,.T.);
#541=EDGE_CURVE('',#731,#732,#71,.T.);
#542=EDGE_CURVE('',#732,#693,#850,.T.);
#543=EDGE_CURVE('',#733,#734,#72,.T.);
#544=EDGE_CURVE('',#734,#706,#851,.T.);
#545=EDGE_CURVE('',#705,#735,#852,.T.);
#546=EDGE_CURVE('',#735,#736,#73,.T.);
#547=EDGE_CURVE('',#736,#733,#853,.F.);
#548=EDGE_CURVE('',#707,#737,#854,.T.);
#549=EDGE_CURVE('',#737,#706,#855,.T.);
#550=EDGE_CURVE('',#729,#734,#856,.T.);
#551=EDGE_CURVE('',#736,#738,#857,.F.);
#552=EDGE_CURVE('',#738,#739,#80,.F.);
#553=EDGE_CURVE('',#739,#740,#858,.F.);
#554=EDGE_CURVE('',#740,#741,#81,.F.);
#555=EDGE_CURVE('',#741,#733,#859,.F.);
#556=EDGE_CURVE('',#742,#713,#860,.T.);
#557=EDGE_CURVE('',#742,#743,#861,.T.);
#558=EDGE_CURVE('',#743,#714,#862,.T.);
#559=EDGE_CURVE('',#744,#745,#863,.T.);
#560=EDGE_CURVE('',#744,#746,#864,.T.);
#561=EDGE_CURVE('',#746,#747,#865,.T.);
#562=EDGE_CURVE('',#747,#745,#866,.T.);
#563=EDGE_CURVE('',#748,#749,#867,.T.);
#564=EDGE_CURVE('',#748,#750,#868,.T.);
#565=EDGE_CURVE('',#750,#751,#869,.T.);
#566=EDGE_CURVE('',#751,#749,#870,.T.);
#567=EDGE_CURVE('',#686,#718,#871,.T.);
#568=EDGE_CURVE('',#697,#700,#872,.T.);
#569=EDGE_CURVE('',#752,#753,#873,.T.);
#570=EDGE_CURVE('',#752,#744,#874,.T.);
#571=EDGE_CURVE('',#753,#745,#875,.T.);
#572=EDGE_CURVE('',#754,#755,#876,.T.);
#573=EDGE_CURVE('',#754,#748,#877,.T.);
#574=EDGE_CURVE('',#755,#749,#878,.T.);
#575=EDGE_CURVE('',#756,#757,#879,.T.);
#576=EDGE_CURVE('',#756,#758,#880,.T.);
#577=EDGE_CURVE('',#758,#759,#881,.T.);
#578=EDGE_CURVE('',#757,#759,#882,.T.);
#579=EDGE_CURVE('',#760,#761,#883,.T.);
#580=EDGE_CURVE('',#760,#762,#884,.T.);
#581=EDGE_CURVE('',#762,#763,#885,.T.);
#582=EDGE_CURVE('',#761,#763,#886,.T.);
#583=EDGE_CURVE('',#742,#764,#887,.T.);
#584=EDGE_CURVE('',#765,#712,#888,.T.);
#585=EDGE_CURVE('',#764,#765,#889,.T.);
#586=EDGE_CURVE('',#766,#767,#890,.T.);
#587=EDGE_CURVE('',#767,#702,#891,.T.);
#588=EDGE_CURVE('',#766,#724,#892,.T.);
#589=EDGE_CURVE('',#768,#746,#893,.T.);
#590=EDGE_CURVE('',#768,#769,#894,.T.);
#591=EDGE_CURVE('',#769,#747,#895,.T.);
#592=EDGE_CURVE('',#770,#750,#896,.T.);
#593=EDGE_CURVE('',#770,#771,#897,.T.);
#594=EDGE_CURVE('',#771,#751,#898,.T.);
#595=EDGE_CURVE('',#772,#773,#82,.T.);
#596=EDGE_CURVE('',#773,#731,#899,.T.);
#597=EDGE_CURVE('',#730,#774,#900,.T.);
#598=EDGE_CURVE('',#774,#775,#83,.T.);
#599=EDGE_CURVE('',#775,#772,#901,.T.);
#600=EDGE_CURVE('',#756,#752,#902,.T.);
#601=EDGE_CURVE('',#753,#758,#903,.T.);
#602=EDGE_CURVE('',#760,#754,#904,.T.);
#603=EDGE_CURVE('',#755,#762,#905,.T.);
#604=EDGE_CURVE('',#737,#776,#84,.F.);
#605=EDGE_CURVE('',#777,#776,#906,.T.);
#606=EDGE_CURVE('',#777,#778,#85,.F.);
#607=EDGE_CURVE('',#727,#778,#907,.T.);
#608=EDGE_CURVE('',#726,#779,#908,.T.);
#609=EDGE_CURVE('',#779,#780,#909,.T.);
#610=EDGE_CURVE('',#780,#781,#910,.T.);
#611=EDGE_CURVE('',#703,#781,#911,.F.);
#612=EDGE_CURVE('',#734,#782,#912,.T.);
#613=EDGE_CURVE('',#783,#782,#913,.T.);
#614=EDGE_CURVE('',#783,#729,#914,.F.);
#615=EDGE_CURVE('',#782,#784,#86,.T.);
#616=EDGE_CURVE('',#785,#784,#915,.T.);
#617=EDGE_CURVE('',#785,#783,#87,.F.);
#618=EDGE_CURVE('',#784,#786,#916,.T.);
#619=EDGE_CURVE('',#787,#786,#917,.T.);
#620=EDGE_CURVE('',#787,#785,#918,.F.);
#621=EDGE_CURVE('',#786,#788,#88,.T.);
#622=EDGE_CURVE('',#789,#788,#919,.T.);
#623=EDGE_CURVE('',#789,#787,#89,.F.);
#624=EDGE_CURVE('',#788,#735,#920,.T.);
#625=EDGE_CURVE('',#735,#732,#921,.F.);
#626=EDGE_CURVE('',#732,#789,#922,.F.);
#627=EDGE_CURVE('',#719,#696,#923,.F.);
#628=EDGE_CURVE('',#695,#720,#924,.T.);
#629=EDGE_CURVE('',#778,#715,#925,.F.);
#630=EDGE_CURVE('',#743,#728,#926,.T.);
#631=EDGE_CURVE('',#776,#717,#927,.F.);
#632=EDGE_CURVE('',#716,#777,#928,.T.);
#633=EDGE_CURVE('',#721,#694,#929,.F.);
#634=EDGE_CURVE('',#790,#692,#930,.T.);
#635=EDGE_CURVE('',#791,#790,#931,.T.);
#636=EDGE_CURVE('',#791,#709,#932,.T.);
#637=EDGE_CURVE('',#792,#691,#933,.T.);
#638=EDGE_CURVE('',#790,#792,#934,.T.);
#639=EDGE_CURVE('',#793,#690,#935,.T.);
#640=EDGE_CURVE('',#792,#793,#936,.T.);
#641=EDGE_CURVE('',#794,#689,#937,.T.);
#642=EDGE_CURVE('',#793,#794,#938,.T.);
#643=EDGE_CURVE('',#698,#795,#939,.T.);
#644=EDGE_CURVE('',#794,#795,#940,.T.);
#645=EDGE_CURVE('',#796,#711,#941,.T.);
#646=EDGE_CURVE('',#765,#796,#942,.T.);
#647=EDGE_CURVE('',#797,#710,#943,.T.);
#648=EDGE_CURVE('',#796,#797,#944,.T.);
#649=EDGE_CURVE('',#797,#791,#945,.T.);
#650=EDGE_CURVE('',#795,#757,#946,.T.);
#651=EDGE_CURVE('',#759,#761,#947,.T.);
#652=EDGE_CURVE('',#763,#764,#948,.T.);
#653=EDGE_CURVE('',#798,#703,#949,.T.);
#654=EDGE_CURVE('',#798,#799,#950,.T.);
#655=EDGE_CURVE('',#799,#704,#951,.T.);
#656=EDGE_CURVE('',#799,#800,#952,.T.);
#657=EDGE_CURVE('',#800,#722,#953,.T.);
#658=EDGE_CURVE('',#800,#801,#954,.T.);
#659=EDGE_CURVE('',#801,#723,#955,.T.);
#660=EDGE_CURVE('',#801,#766,#956,.T.);
#661=EDGE_CURVE('',#802,#725,#957,.T.);
#662=EDGE_CURVE('',#802,#803,#958,.T.);
#663=EDGE_CURVE('',#803,#779,#959,.T.);
#664=EDGE_CURVE('',#803,#804,#960,.T.);
#665=EDGE_CURVE('',#804,#780,#961,.T.);
#666=EDGE_CURVE('',#804,#805,#962,.T.);
#667=EDGE_CURVE('',#805,#781,#963,.T.);
#668=EDGE_CURVE('',#805,#798,#964,.T.);
#669=EDGE_CURVE('',#771,#802,#965,.T.);
#670=EDGE_CURVE('',#769,#770,#966,.T.);
#671=EDGE_CURVE('',#767,#768,#967,.T.);
#672=EDGE_CURVE('',#763,#771,#968,.T.);
#673=EDGE_CURVE('',#764,#802,#969,.T.);
#674=EDGE_CURVE('',#759,#769,#970,.T.);
#675=EDGE_CURVE('',#761,#770,#971,.T.);
#676=EDGE_CURVE('',#795,#767,#972,.T.);
#677=EDGE_CURVE('',#757,#768,#973,.T.);
#678=EDGE_CURVE('',#774,#783,#90,.T.);
#679=EDGE_CURVE('',#775,#785,#91,.T.);
#680=EDGE_CURVE('',#772,#787,#92,.T.);
#681=EDGE_CURVE('',#773,#789,#93,.T.);
#682=EDGE_CURVE('',#782,#741,#94,.T.);
#683=EDGE_CURVE('',#784,#740,#95,.T.);
#684=EDGE_CURVE('',#786,#739,#96,.T.);
#685=EDGE_CURVE('',#788,#738,#97,.T.);
#686=VERTEX_POINT('',#2483);
#687=VERTEX_POINT('',#2484);
#688=VERTEX_POINT('',#2486);
#689=VERTEX_POINT('',#2488);
#690=VERTEX_POINT('',#2490);
#691=VERTEX_POINT('',#2492);
#692=VERTEX_POINT('',#2494);
#693=VERTEX_POINT('',#2496);
#694=VERTEX_POINT('',#2498);
#695=VERTEX_POINT('',#2500);
#696=VERTEX_POINT('',#2502);
#697=VERTEX_POINT('',#2506);
#698=VERTEX_POINT('',#2508);
#699=VERTEX_POINT('',#2512);
#700=VERTEX_POINT('',#2513);
#701=VERTEX_POINT('',#2515);
#702=VERTEX_POINT('',#2517);
#703=VERTEX_POINT('',#2521);
#704=VERTEX_POINT('',#2522);
#705=VERTEX_POINT('',#2524);
#706=VERTEX_POINT('',#2526);
#707=VERTEX_POINT('',#2530);
#708=VERTEX_POINT('',#2531);
#709=VERTEX_POINT('',#2533);
#710=VERTEX_POINT('',#2535);
#711=VERTEX_POINT('',#2537);
#712=VERTEX_POINT('',#2539);
#713=VERTEX_POINT('',#2541);
#714=VERTEX_POINT('',#2543);
#715=VERTEX_POINT('',#2545);
#716=VERTEX_POINT('',#2547);
#717=VERTEX_POINT('',#2549);
#718=VERTEX_POINT('',#2556);
#719=VERTEX_POINT('',#2558);
#720=VERTEX_POINT('',#2560);
#721=VERTEX_POINT('',#2562);
#722=VERTEX_POINT('',#2565);
#723=VERTEX_POINT('',#2567);
#724=VERTEX_POINT('',#2569);
#725=VERTEX_POINT('',#2573);
#726=VERTEX_POINT('',#2574);
#727=VERTEX_POINT('',#2576);
#728=VERTEX_POINT('',#2578);
#729=VERTEX_POINT('',#2582);
#730=VERTEX_POINT('',#2584);
#731=VERTEX_POINT('',#2586);
#732=VERTEX_POINT('',#2588);
#733=VERTEX_POINT('',#2592);
#734=VERTEX_POINT('',#2593);
#735=VERTEX_POINT('',#2596);
#736=VERTEX_POINT('',#2598);
#737=VERTEX_POINT('',#2602);
#738=VERTEX_POINT('',#2607);
#739=VERTEX_POINT('',#2609);
#740=VERTEX_POINT('',#2611);
#741=VERTEX_POINT('',#2613);
#742=VERTEX_POINT('',#2617);
#743=VERTEX_POINT('',#2619);
#744=VERTEX_POINT('',#2623);
#745=VERTEX_POINT('',#2624);
#746=VERTEX_POINT('',#2626);
#747=VERTEX_POINT('',#2628);
#748=VERTEX_POINT('',#2632);
#749=VERTEX_POINT('',#2633);
#750=VERTEX_POINT('',#2635);
#751=VERTEX_POINT('',#2637);
#752=VERTEX_POINT('',#2644);
#753=VERTEX_POINT('',#2645);
#754=VERTEX_POINT('',#2650);
#755=VERTEX_POINT('',#2651);
#756=VERTEX_POINT('',#2656);
#757=VERTEX_POINT('',#2657);
#758=VERTEX_POINT('',#2659);
#759=VERTEX_POINT('',#2661);
#760=VERTEX_POINT('',#2665);
#761=VERTEX_POINT('',#2666);
#762=VERTEX_POINT('',#2668);
#763=VERTEX_POINT('',#2670);
#764=VERTEX_POINT('',#2674);
#765=VERTEX_POINT('',#2676);
#766=VERTEX_POINT('',#2680);
#767=VERTEX_POINT('',#2681);
#768=VERTEX_POINT('',#2686);
#769=VERTEX_POINT('',#2688);
#770=VERTEX_POINT('',#2692);
#771=VERTEX_POINT('',#2694);
#772=VERTEX_POINT('',#2698);
#773=VERTEX_POINT('',#2699);
#774=VERTEX_POINT('',#2702);
#775=VERTEX_POINT('',#2704);
#776=VERTEX_POINT('',#2714);
#777=VERTEX_POINT('',#2716);
#778=VERTEX_POINT('',#2718);
#779=VERTEX_POINT('',#2721);
#780=VERTEX_POINT('',#2723);
#781=VERTEX_POINT('',#2725);
#782=VERTEX_POINT('',#2729);
#783=VERTEX_POINT('',#2731);
#784=VERTEX_POINT('',#2735);
#785=VERTEX_POINT('',#2737);
#786=VERTEX_POINT('',#2741);
#787=VERTEX_POINT('',#2743);
#788=VERTEX_POINT('',#2747);
#789=VERTEX_POINT('',#2749);
#790=VERTEX_POINT('',#2768);
#791=VERTEX_POINT('',#2770);
#792=VERTEX_POINT('',#2774);
#793=VERTEX_POINT('',#2778);
#794=VERTEX_POINT('',#2782);
#795=VERTEX_POINT('',#2786);
#796=VERTEX_POINT('',#2790);
#797=VERTEX_POINT('',#2794);
#798=VERTEX_POINT('',#2804);
#799=VERTEX_POINT('',#2806);
#800=VERTEX_POINT('',#2810);
#801=VERTEX_POINT('',#2814);
#802=VERTEX_POINT('',#2820);
#803=VERTEX_POINT('',#2822);
#804=VERTEX_POINT('',#2826);
#805=VERTEX_POINT('',#2830);
#806=LINE('',#2482,#974);
#807=LINE('',#2485,#975);
#808=LINE('',#2487,#976);
#809=LINE('',#2489,#977);
#810=LINE('',#2491,#978);
#811=LINE('',#2493,#979);
#812=LINE('',#2495,#980);
#813=LINE('',#2497,#981);
#814=LINE('',#2501,#982);
#815=LINE('',#2505,#983);
#816=LINE('',#2507,#984);
#817=LINE('',#2509,#985);
#818=LINE('',#2511,#986);
#819=LINE('',#2514,#987);
#820=LINE('',#2516,#988);
#821=LINE('',#2518,#989);
#822=LINE('',#2520,#990);
#823=LINE('',#2523,#991);
#824=LINE('',#2525,#992);
#825=LINE('',#2527,#993);
#826=LINE('',#2529,#994);
#827=LINE('',#2532,#995);
#828=LINE('',#2534,#996);
#829=LINE('',#2536,#997);
#830=LINE('',#2538,#998);
#831=LINE('',#2540,#999);
#832=LINE('',#2542,#1000);
#833=LINE('',#2544,#1001);
#834=LINE('',#2548,#1002);
#835=LINE('',#2552,#1003);
#836=LINE('',#2553,#1004);
#837=LINE('',#2555,#1005);
#838=LINE('',#2559,#1006);
#839=LINE('',#2563,#1007);
#840=LINE('',#2564,#1008);
#841=LINE('',#2566,#1009);
#842=LINE('',#2568,#1010);
#843=LINE('',#2570,#1011);
#844=LINE('',#2572,#1012);
#845=LINE('',#2575,#1013);
#846=LINE('',#2577,#1014);
#847=LINE('',#2579,#1015);
#848=LINE('',#2581,#1016);
#849=LINE('',#2585,#1017);
#850=LINE('',#2589,#1018);
#851=LINE('',#2594,#1019);
#852=LINE('',#2595,#1020);
#853=LINE('',#2599,#1021);
#854=LINE('',#2601,#1022);
#855=LINE('',#2603,#1023);
#856=LINE('',#2604,#1024);
#857=LINE('',#2606,#1025);
#858=LINE('',#2610,#1026);
#859=LINE('',#2614,#1027);
#860=LINE('',#2616,#1028);
#861=LINE('',#2618,#1029);
#862=LINE('',#2620,#1030);
#863=LINE('',#2622,#1031);
#864=LINE('',#2625,#1032);
#865=LINE('',#2627,#1033);
#866=LINE('',#2629,#1034);
#867=LINE('',#2631,#1035);
#868=LINE('',#2634,#1036);
#869=LINE('',#2636,#1037);
#870=LINE('',#2638,#1038);
#871=LINE('',#2640,#1039);
#872=LINE('',#2641,#1040);
#873=LINE('',#2643,#1041);
#874=LINE('',#2646,#1042);
#875=LINE('',#2647,#1043);
#876=LINE('',#2649,#1044);
#877=LINE('',#2652,#1045);
#878=LINE('',#2653,#1046);
#879=LINE('',#2655,#1047);
#880=LINE('',#2658,#1048);
#881=LINE('',#2660,#1049);
#882=LINE('',#2662,#1050);
#883=LINE('',#2664,#1051);
#884=LINE('',#2667,#1052);
#885=LINE('',#2669,#1053);
#886=LINE('',#2671,#1054);
#887=LINE('',#2673,#1055);
#888=LINE('',#2675,#1056);
#889=LINE('',#2677,#1057);
#890=LINE('',#2679,#1058);
#891=LINE('',#2682,#1059);
#892=LINE('',#2683,#1060);
#893=LINE('',#2685,#1061);
#894=LINE('',#2687,#1062);
#895=LINE('',#2689,#1063);
#896=LINE('',#2691,#1064);
#897=LINE('',#2693,#1065);
#898=LINE('',#2695,#1066);
#899=LINE('',#2700,#1067);
#900=LINE('',#2701,#1068);
#901=LINE('',#2705,#1069);
#902=LINE('',#2707,#1070);
#903=LINE('',#2708,#1071);
#904=LINE('',#2710,#1072);
#905=LINE('',#2711,#1073);
#906=LINE('',#2715,#1074);
#907=LINE('',#2719,#1075);
#908=LINE('',#2720,#1076);
#909=LINE('',#2722,#1077);
#910=LINE('',#2724,#1078);
#911=LINE('',#2726,#1079);
#912=LINE('',#2728,#1080);
#913=LINE('',#2730,#1081);
#914=LINE('',#2732,#1082);
#915=LINE('',#2736,#1083);
#916=LINE('',#2740,#1084);
#917=LINE('',#2742,#1085);
#918=LINE('',#2744,#1086);
#919=LINE('',#2748,#1087);
#920=LINE('',#2752,#1088);
#921=LINE('',#2753,#1089);
#922=LINE('',#2754,#1090);
#923=LINE('',#2756,#1091);
#924=LINE('',#2757,#1092);
#925=LINE('',#2759,#1093);
#926=LINE('',#2760,#1094);
#927=LINE('',#2762,#1095);
#928=LINE('',#2763,#1096);
#929=LINE('',#2765,#1097);
#930=LINE('',#2767,#1098);
#931=LINE('',#2769,#1099);
#932=LINE('',#2771,#1100);
#933=LINE('',#2773,#1101);
#934=LINE('',#2775,#1102);
#935=LINE('',#2777,#1103);
#936=LINE('',#2779,#1104);
#937=LINE('',#2781,#1105);
#938=LINE('',#2783,#1106);
#939=LINE('',#2785,#1107);
#940=LINE('',#2787,#1108);
#941=LINE('',#2789,#1109);
#942=LINE('',#2791,#1110);
#943=LINE('',#2793,#1111);
#944=LINE('',#2795,#1112);
#945=LINE('',#2797,#1113);
#946=LINE('',#2799,#1114);
#947=LINE('',#2800,#1115);
#948=LINE('',#2801,#1116);
#949=LINE('',#2803,#1117);
#950=LINE('',#2805,#1118);
#951=LINE('',#2807,#1119);
#952=LINE('',#2809,#1120);
#953=LINE('',#2811,#1121);
#954=LINE('',#2813,#1122);
#955=LINE('',#2815,#1123);
#956=LINE('',#2817,#1124);
#957=LINE('',#2819,#1125);
#958=LINE('',#2821,#1126);
#959=LINE('',#2823,#1127);
#960=LINE('',#2825,#1128);
#961=LINE('',#2827,#1129);
#962=LINE('',#2829,#1130);
#963=LINE('',#2831,#1131);
#964=LINE('',#2833,#1132);
#965=LINE('',#2835,#1133);
#966=LINE('',#2836,#1134);
#967=LINE('',#2837,#1135);
#968=LINE('',#2839,#1136);
#969=LINE('',#2840,#1137);
#970=LINE('',#2844,#1138);
#971=LINE('',#2845,#1139);
#972=LINE('',#2849,#1140);
#973=LINE('',#2850,#1141);
#974=VECTOR('',#2102,1000.);
#975=VECTOR('',#2103,1000.);
#976=VECTOR('',#2104,1000.);
#977=VECTOR('',#2105,1000.);
#978=VECTOR('',#2106,1000.);
#979=VECTOR('',#2107,1000.);
#980=VECTOR('',#2108,1000.);
#981=VECTOR('',#2109,1000.);
#982=VECTOR('',#2112,1000.);
#983=VECTOR('',#2117,1000.);
#984=VECTOR('',#2118,1000.);
#985=VECTOR('',#2119,1000.);
#986=VECTOR('',#2122,1000.);
#987=VECTOR('',#2123,1000.);
#988=VECTOR('',#2124,1000.);
#989=VECTOR('',#2125,1000.);
#990=VECTOR('',#2128,1000.);
#991=VECTOR('',#2129,1000.);
#992=VECTOR('',#2130,1000.);
#993=VECTOR('',#2131,1000.);
#994=VECTOR('',#2134,1000.);
#995=VECTOR('',#2135,1000.);
#996=VECTOR('',#2136,1000.);
#997=VECTOR('',#2137,1000.);
#998=VECTOR('',#2138,1000.);
#999=VECTOR('',#2139,1000.);
#1000=VECTOR('',#2140,1000.);
#1001=VECTOR('',#2141,1000.);
#1002=VECTOR('',#2144,1000.);
#1003=VECTOR('',#2149,1000.);
#1004=VECTOR('',#2150,1000.);
#1005=VECTOR('',#2153,1000.);
#1006=VECTOR('',#2156,1000.);
#1007=VECTOR('',#2159,1000.);
#1008=VECTOR('',#2160,1000.);
#1009=VECTOR('',#2161,1000.);
#1010=VECTOR('',#2162,1000.);
#1011=VECTOR('',#2163,1000.);
#1012=VECTOR('',#2166,1000.);
#1013=VECTOR('',#2167,1000.);
#1014=VECTOR('',#2168,1000.);
#1015=VECTOR('',#2169,1000.);
#1016=VECTOR('',#2172,1000.);
#1017=VECTOR('',#2175,1000.);
#1018=VECTOR('',#2178,1000.);
#1019=VECTOR('',#2183,1000.);
#1020=VECTOR('',#2184,1000.);
#1021=VECTOR('',#2187,1000.);
#1022=VECTOR('',#2190,1000.);
#1023=VECTOR('',#2191,1000.);
#1024=VECTOR('',#2192,1000.);
#1025=VECTOR('',#2195,1000.);
#1026=VECTOR('',#2198,1000.);
#1027=VECTOR('',#2201,1000.);
#1028=VECTOR('',#2204,1000.);
#1029=VECTOR('',#2205,1000.);
#1030=VECTOR('',#2206,1000.);
#1031=VECTOR('',#2209,1000.);
#1032=VECTOR('',#2210,1000.);
#1033=VECTOR('',#2211,1000.);
#1034=VECTOR('',#2212,1000.);
#1035=VECTOR('',#2215,1000.);
#1036=VECTOR('',#2216,1000.);
#1037=VECTOR('',#2217,1000.);
#1038=VECTOR('',#2218,1000.);
#1039=VECTOR('',#2221,1000.);
#1040=VECTOR('',#2222,1000.);
#1041=VECTOR('',#2225,1000.);
#1042=VECTOR('',#2226,1000.);
#1043=VECTOR('',#2227,1000.);
#1044=VECTOR('',#2230,1000.);
#1045=VECTOR('',#2231,1000.);
#1046=VECTOR('',#2232,1000.);
#1047=VECTOR('',#2235,1000.);
#1048=VECTOR('',#2236,1000.);
#1049=VECTOR('',#2237,1000.);
#1050=VECTOR('',#2238,1000.);
#1051=VECTOR('',#2241,1000.);
#1052=VECTOR('',#2242,1000.);
#1053=VECTOR('',#2243,1000.);
#1054=VECTOR('',#2244,1000.);
#1055=VECTOR('',#2247,1000.);
#1056=VECTOR('',#2248,1000.);
#1057=VECTOR('',#2249,1000.);
#1058=VECTOR('',#2252,1000.);
#1059=VECTOR('',#2253,1000.);
#1060=VECTOR('',#2254,1000.);
#1061=VECTOR('',#2257,1000.);
#1062=VECTOR('',#2258,1000.);
#1063=VECTOR('',#2259,1000.);
#1064=VECTOR('',#2262,1000.);
#1065=VECTOR('',#2263,1000.);
#1066=VECTOR('',#2264,1000.);
#1067=VECTOR('',#2269,1000.);
#1068=VECTOR('',#2270,1000.);
#1069=VECTOR('',#2273,1000.);
#1070=VECTOR('',#2276,1000.);
#1071=VECTOR('',#2277,1000.);
#1072=VECTOR('',#2280,1000.);
#1073=VECTOR('',#2281,1000.);
#1074=VECTOR('',#2286,1000.);
#1075=VECTOR('',#2289,1000.);
#1076=VECTOR('',#2290,1000.);
#1077=VECTOR('',#2291,1000.);
#1078=VECTOR('',#2292,1000.);
#1079=VECTOR('',#2293,1000.);
#1080=VECTOR('',#2296,1000.);
#1081=VECTOR('',#2297,1000.);
#1082=VECTOR('',#2298,1000.);
#1083=VECTOR('',#2303,1000.);
#1084=VECTOR('',#2308,1000.);
#1085=VECTOR('',#2309,1000.);
#1086=VECTOR('',#2310,1000.);
#1087=VECTOR('',#2315,1000.);
#1088=VECTOR('',#2320,1000.);
#1089=VECTOR('',#2321,1000.);
#1090=VECTOR('',#2322,1000.);
#1091=VECTOR('',#2325,1000.);
#1092=VECTOR('',#2326,1000.);
#1093=VECTOR('',#2329,1000.);
#1094=VECTOR('',#2330,1000.);
#1095=VECTOR('',#2333,1000.);
#1096=VECTOR('',#2334,1000.);
#1097=VECTOR('',#2337,1000.);
#1098=VECTOR('',#2340,1000.);
#1099=VECTOR('',#2341,1000.);
#1100=VECTOR('',#2342,1000.);
#1101=VECTOR('',#2345,1000.);
#1102=VECTOR('',#2346,1000.);
#1103=VECTOR('',#2349,1000.);
#1104=VECTOR('',#2350,1000.);
#1105=VECTOR('',#2353,1000.);
#1106=VECTOR('',#2354,1000.);
#1107=VECTOR('',#2357,1000.);
#1108=VECTOR('',#2358,1000.);
#1109=VECTOR('',#2361,1000.);
#1110=VECTOR('',#2362,1000.);
#1111=VECTOR('',#2365,1000.);
#1112=VECTOR('',#2366,1000.);
#1113=VECTOR('',#2369,1000.);
#1114=VECTOR('',#2372,1000.);
#1115=VECTOR('',#2373,1000.);
#1116=VECTOR('',#2374,1000.);
#1117=VECTOR('',#2377,1000.);
#1118=VECTOR('',#2378,1000.);
#1119=VECTOR('',#2379,1000.);
#1120=VECTOR('',#2382,1000.);
#1121=VECTOR('',#2383,1000.);
#1122=VECTOR('',#2386,1000.);
#1123=VECTOR('',#2387,1000.);
#1124=VECTOR('',#2390,1000.);
#1125=VECTOR('',#2393,1000.);
#1126=VECTOR('',#2394,1000.);
#1127=VECTOR('',#2395,1000.);
#1128=VECTOR('',#2398,1000.);
#1129=VECTOR('',#2399,1000.);
#1130=VECTOR('',#2402,1000.);
#1131=VECTOR('',#2403,1000.);
#1132=VECTOR('',#2406,1000.);
#1133=VECTOR('',#2409,1000.);
#1134=VECTOR('',#2410,1000.);
#1135=VECTOR('',#2411,1000.);
#1136=VECTOR('',#2414,1000.);
#1137=VECTOR('',#2415,1000.);
#1138=VECTOR('',#2422,1000.);
#1139=VECTOR('',#2423,1000.);
#1140=VECTOR('',#2430,1000.);
#1141=VECTOR('',#2431,1000.);
#1142=EDGE_LOOP('',(#98,#99,#100,#101,#102,#103,#104,#105,#106,#107,#108));
#1143=EDGE_LOOP('',(#109,#110,#111,#112));
#1144=EDGE_LOOP('',(#113,#114,#115,#116));
#1145=EDGE_LOOP('',(#117,#118,#119,#120));
#1146=EDGE_LOOP('',(#121,#122,#123,#124,#125,#126,#127,#128,#129,#130,#131));
#1147=EDGE_LOOP('',(#132,#133,#134,#135));
#1148=EDGE_LOOP('',(#136,#137,#138,#139,#140,#141,#142,#143,#144,#145,#146));
#1149=EDGE_LOOP('',(#147,#148,#149,#150));
#1150=EDGE_LOOP('',(#151,#152,#153,#154,#155,#156));
#1151=EDGE_LOOP('',(#157,#158,#159,#160,#161,#162));
#1152=EDGE_LOOP('',(#163,#164,#165,#166,#167,#168));
#1153=EDGE_LOOP('',(#169,#170,#171,#172,#173,#174));
#1154=EDGE_LOOP('',(#175,#176,#177,#178));
#1155=EDGE_LOOP('',(#179,#180,#181,#182));
#1156=EDGE_LOOP('',(#183,#184,#185,#186));
#1157=EDGE_LOOP('',(#187,#188,#189,#190,#191,#192));
#1158=EDGE_LOOP('',(#193,#194,#195,#196));
#1159=EDGE_LOOP('',(#197,#198,#199,#200));
#1160=EDGE_LOOP('',(#201,#202,#203,#204));
#1161=EDGE_LOOP('',(#205,#206,#207,#208));
#1162=EDGE_LOOP('',(#209,#210,#211,#212,#213));
#1163=EDGE_LOOP('',(#214,#215,#216,#217,#218));
#1164=EDGE_LOOP('',(#219,#220,#221,#222));
#1165=EDGE_LOOP('',(#223,#224,#225,#226));
#1166=EDGE_LOOP('',(#227,#228,#229,#230,#231,#232));
#1167=EDGE_LOOP('',(#233,#234,#235,#236));
#1168=EDGE_LOOP('',(#237,#238,#239,#240));
#1169=EDGE_LOOP('',(#241,#242,#243,#244,#245,#246,#247,#248,#249,#250,#251));
#1170=EDGE_LOOP('',(#252,#253,#254,#255));
#1171=EDGE_LOOP('',(#256,#257,#258,#259));
#1172=EDGE_LOOP('',(#260,#261,#262,#263));
#1173=EDGE_LOOP('',(#264,#265,#266,#267));
#1174=EDGE_LOOP('',(#268,#269,#270,#271));
#1175=EDGE_LOOP('',(#272,#273,#274,#275));
#1176=EDGE_LOOP('',(#276,#277,#278,#279,#280,#281));
#1177=EDGE_LOOP('',(#282,#283,#284,#285));
#1178=EDGE_LOOP('',(#286,#287,#288,#289,#290,#291));
#1179=EDGE_LOOP('',(#292,#293,#294,#295));
#1180=EDGE_LOOP('',(#296,#297,#298,#299));
#1181=EDGE_LOOP('',(#300,#301,#302,#303));
#1182=EDGE_LOOP('',(#304,#305,#306,#307));
#1183=EDGE_LOOP('',(#308,#309,#310,#311,#312));
#1184=EDGE_LOOP('',(#313,#314,#315,#316));
#1185=EDGE_LOOP('',(#317,#318,#319,#320));
#1186=EDGE_LOOP('',(#321,#322,#323,#324));
#1187=EDGE_LOOP('',(#325,#326,#327,#328,#329,#330,#331,#332,#333,#334,#335,
#336,#337,#338));
#1188=EDGE_LOOP('',(#339,#340,#341,#342));
#1189=EDGE_LOOP('',(#343,#344,#345,#346));
#1190=EDGE_LOOP('',(#347,#348,#349,#350));
#1191=EDGE_LOOP('',(#351,#352,#353,#354));
#1192=EDGE_LOOP('',(#355,#356,#357,#358,#359));
#1193=EDGE_LOOP('',(#360,#361,#362,#363));
#1194=EDGE_LOOP('',(#364,#365,#366,#367));
#1195=EDGE_LOOP('',(#368,#369,#370,#371));
#1196=EDGE_LOOP('',(#372,#373,#374,#375,#376,#377,#378,#379,#380,#381,#382,
#383,#384,#385));
#1197=EDGE_LOOP('',(#386,#387,#388,#389));
#1198=EDGE_LOOP('',(#390,#391,#392,#393,#394,#395));
#1199=EDGE_LOOP('',(#396,#397,#398,#399,#400,#401));
#1200=EDGE_LOOP('',(#402,#403,#404,#405));
#1201=EDGE_LOOP('',(#406,#407,#408,#409,#410,#411));
#1202=EDGE_LOOP('',(#412,#413,#414,#415,#416,#417));
#1203=EDGE_LOOP('',(#418,#419,#420,#421));
#1204=EDGE_LOOP('',(#422,#423,#424,#425,#426,#427));
#1205=EDGE_LOOP('',(#428,#429,#430,#431,#432,#433));
#1206=EDGE_LOOP('',(#434,#435,#436,#437));
#1207=EDGE_LOOP('',(#438,#439,#440,#441));
#1208=EDGE_LOOP('',(#442,#443,#444,#445));
#1209=EDGE_LOOP('',(#446,#447,#448,#449));
#1210=EDGE_LOOP('',(#450,#451,#452,#453));
#1211=EDGE_LOOP('',(#454,#455,#456,#457));
#1212=EDGE_LOOP('',(#458,#459,#460,#461));
#1213=EDGE_LOOP('',(#462,#463,#464,#465));
#1214=EDGE_LOOP('',(#466,#467,#468,#469));
#1215=EDGE_LOOP('',(#470,#471,#472,#473));
#1216=EDGE_LOOP('',(#474,#475,#476,#477));
#1217=EDGE_LOOP('',(#478,#479,#480,#481));
#1218=EDGE_LOOP('',(#482,#483,#484,#485));
#1219=EDGE_LOOP('',(#486,#487,#488,#489));
#1220=FACE_BOUND('',#1142,.T.);
#1221=FACE_BOUND('',#1143,.T.);
#1222=FACE_BOUND('',#1144,.T.);
#1223=FACE_BOUND('',#1145,.T.);
#1224=FACE_BOUND('',#1146,.T.);
#1225=FACE_BOUND('',#1147,.T.);
#1226=FACE_BOUND('',#1148,.T.);
#1227=FACE_BOUND('',#1149,.T.);
#1228=FACE_BOUND('',#1150,.T.);
#1229=FACE_BOUND('',#1151,.T.);
#1230=FACE_BOUND('',#1152,.T.);
#1231=FACE_BOUND('',#1153,.T.);
#1232=FACE_BOUND('',#1154,.T.);
#1233=FACE_BOUND('',#1155,.T.);
#1234=FACE_BOUND('',#1156,.T.);
#1235=FACE_BOUND('',#1157,.T.);
#1236=FACE_BOUND('',#1158,.T.);
#1237=FACE_BOUND('',#1159,.T.);
#1238=FACE_BOUND('',#1160,.T.);
#1239=FACE_BOUND('',#1161,.T.);
#1240=FACE_BOUND('',#1162,.T.);
#1241=FACE_BOUND('',#1163,.T.);
#1242=FACE_BOUND('',#1164,.T.);
#1243=FACE_BOUND('',#1165,.T.);
#1244=FACE_BOUND('',#1166,.T.);
#1245=FACE_BOUND('',#1167,.T.);
#1246=FACE_BOUND('',#1168,.T.);
#1247=FACE_BOUND('',#1169,.T.);
#1248=FACE_BOUND('',#1170,.T.);
#1249=FACE_BOUND('',#1171,.T.);
#1250=FACE_BOUND('',#1172,.T.);
#1251=FACE_BOUND('',#1173,.T.);
#1252=FACE_BOUND('',#1174,.T.);
#1253=FACE_BOUND('',#1175,.T.);
#1254=FACE_BOUND('',#1176,.T.);
#1255=FACE_BOUND('',#1177,.T.);
#1256=FACE_BOUND('',#1178,.T.);
#1257=FACE_BOUND('',#1179,.T.);
#1258=FACE_BOUND('',#1180,.T.);
#1259=FACE_BOUND('',#1181,.T.);
#1260=FACE_BOUND('',#1182,.T.);
#1261=FACE_BOUND('',#1183,.T.);
#1262=FACE_BOUND('',#1184,.T.);
#1263=FACE_BOUND('',#1185,.T.);
#1264=FACE_BOUND('',#1186,.T.);
#1265=FACE_BOUND('',#1187,.T.);
#1266=FACE_BOUND('',#1188,.T.);
#1267=FACE_BOUND('',#1189,.T.);
#1268=FACE_BOUND('',#1190,.T.);
#1269=FACE_BOUND('',#1191,.T.);
#1270=FACE_BOUND('',#1192,.T.);
#1271=FACE_BOUND('',#1193,.T.);
#1272=FACE_BOUND('',#1194,.T.);
#1273=FACE_BOUND('',#1195,.T.);
#1274=FACE_BOUND('',#1196,.T.);
#1275=FACE_BOUND('',#1197,.T.);
#1276=FACE_BOUND('',#1198,.T.);
#1277=FACE_BOUND('',#1199,.T.);
#1278=FACE_BOUND('',#1200,.T.);
#1279=FACE_BOUND('',#1201,.T.);
#1280=FACE_BOUND('',#1202,.T.);
#1281=FACE_BOUND('',#1203,.T.);
#1282=FACE_BOUND('',#1204,.T.);
#1283=FACE_BOUND('',#1205,.T.);
#1284=FACE_BOUND('',#1206,.T.);
#1285=FACE_BOUND('',#1207,.T.);
#1286=FACE_BOUND('',#1208,.T.);
#1287=FACE_BOUND('',#1209,.T.);
#1288=FACE_BOUND('',#1210,.T.);
#1289=FACE_BOUND('',#1211,.T.);
#1290=FACE_BOUND('',#1212,.T.);
#1291=FACE_BOUND('',#1213,.T.);
#1292=FACE_BOUND('',#1214,.T.);
#1293=FACE_BOUND('',#1215,.T.);
#1294=FACE_BOUND('',#1216,.T.);
#1295=FACE_BOUND('',#1217,.T.);
#1296=FACE_BOUND('',#1218,.T.);
#1297=FACE_BOUND('',#1219,.T.);
#1298=PLANE('',#1992);
#1299=PLANE('',#1995);
#1300=PLANE('',#1996);
#1301=PLANE('',#1997);
#1302=PLANE('',#1998);
#1303=PLANE('',#2001);
#1304=PLANE('',#2002);
#1305=PLANE('',#2005);
#1306=PLANE('',#2006);
#1307=PLANE('',#2009);
#1308=PLANE('',#2012);
#1309=PLANE('',#2013);
#1310=PLANE('',#2016);
#1311=PLANE('',#2017);
#1312=PLANE('',#2018);
#1313=PLANE('',#2019);
#1314=PLANE('',#2020);
#1315=PLANE('',#2021);
#1316=PLANE('',#2022);
#1317=PLANE('',#2023);
#1318=PLANE('',#2024);
#1319=PLANE('',#2025);
#1320=PLANE('',#2026);
#1321=PLANE('',#2027);
#1322=PLANE('',#2028);
#1323=PLANE('',#2031);
#1324=PLANE('',#2032);
#1325=PLANE('',#2033);
#1326=PLANE('',#2036);
#1327=PLANE('',#2040);
#1328=PLANE('',#2044);
#1329=PLANE('',#2045);
#1330=PLANE('',#2046);
#1331=PLANE('',#2047);
#1332=PLANE('',#2048);
#1333=PLANE('',#2049);
#1334=PLANE('',#2050);
#1335=PLANE('',#2051);
#1336=PLANE('',#2052);
#1337=PLANE('',#2053);
#1338=PLANE('',#2054);
#1339=PLANE('',#2055);
#1340=PLANE('',#2056);
#1341=PLANE('',#2057);
#1342=PLANE('',#2058);
#1343=PLANE('',#2059);
#1344=PLANE('',#2060);
#1345=PLANE('',#2061);
#1346=PLANE('',#2062);
#1347=PLANE('',#2063);
#1348=PLANE('',#2064);
#1349=PLANE('',#2065);
#1350=PLANE('',#2066);
#1351=PLANE('',#2067);
#1352=PLANE('',#2068);
#1353=PLANE('',#2069);
#1354=PLANE('',#2070);
#1355=PLANE('',#2071);
#1356=PLANE('',#2072);
#1357=PLANE('',#2073);
#1358=PLANE('',#2074);
#1359=PLANE('',#2075);
#1360=STYLED_ITEM('',(#1438),#1909);
#1361=STYLED_ITEM('',(#1439),#1910);
#1362=STYLED_ITEM('',(#1440),#1911);
#1363=STYLED_ITEM('',(#1441),#1912);
#1364=STYLED_ITEM('',(#1442),#1913);
#1365=STYLED_ITEM('',(#1443),#1914);
#1366=STYLED_ITEM('',(#1444),#1915);
#1367=STYLED_ITEM('',(#1445),#1916);
#1368=STYLED_ITEM('',(#1446),#1917);
#1369=STYLED_ITEM('',(#1447),#1918);
#1370=STYLED_ITEM('',(#1448),#1919);
#1371=STYLED_ITEM('',(#1449),#1920);
#1372=STYLED_ITEM('',(#1450),#1921);
#1373=STYLED_ITEM('',(#1451),#1922);
#1374=STYLED_ITEM('',(#1452),#1923);
#1375=STYLED_ITEM('',(#1453),#1924);
#1376=STYLED_ITEM('',(#1454),#1925);
#1377=STYLED_ITEM('',(#1455),#1926);
#1378=STYLED_ITEM('',(#1456),#1927);
#1379=STYLED_ITEM('',(#1457),#1928);
#1380=STYLED_ITEM('',(#1458),#1929);
#1381=STYLED_ITEM('',(#1459),#1930);
#1382=STYLED_ITEM('',(#1460),#1931);
#1383=STYLED_ITEM('',(#1461),#1932);
#1384=STYLED_ITEM('',(#1462),#1933);
#1385=STYLED_ITEM('',(#1463),#1934);
#1386=STYLED_ITEM('',(#1464),#1935);
#1387=STYLED_ITEM('',(#1465),#1936);
#1388=STYLED_ITEM('',(#1466),#1937);
#1389=STYLED_ITEM('',(#1467),#1938);
#1390=STYLED_ITEM('',(#1468),#1939);
#1391=STYLED_ITEM('',(#1469),#1940);
#1392=STYLED_ITEM('',(#1470),#1941);
#1393=STYLED_ITEM('',(#1471),#1942);
#1394=STYLED_ITEM('',(#1472),#1943);
#1395=STYLED_ITEM('',(#1473),#1944);
#1396=STYLED_ITEM('',(#1474),#1945);
#1397=STYLED_ITEM('',(#1475),#1946);
#1398=STYLED_ITEM('',(#1476),#1947);
#1399=STYLED_ITEM('',(#1477),#1948);
#1400=STYLED_ITEM('',(#1478),#1949);
#1401=STYLED_ITEM('',(#1479),#1950);
#1402=STYLED_ITEM('',(#1480),#1951);
#1403=STYLED_ITEM('',(#1481),#1952);
#1404=STYLED_ITEM('',(#1482),#1953);
#1405=STYLED_ITEM('',(#1483),#1954);
#1406=STYLED_ITEM('',(#1484),#1955);
#1407=STYLED_ITEM('',(#1485),#1956);
#1408=STYLED_ITEM('',(#1486),#1957);
#1409=STYLED_ITEM('',(#1487),#1958);
#1410=STYLED_ITEM('',(#1488),#1959);
#1411=STYLED_ITEM('',(#1489),#1960);
#1412=STYLED_ITEM('',(#1490),#1961);
#1413=STYLED_ITEM('',(#1491),#1962);
#1414=STYLED_ITEM('',(#1492),#1963);
#1415=STYLED_ITEM('',(#1493),#1964);
#1416=STYLED_ITEM('',(#1494),#1965);
#1417=STYLED_ITEM('',(#1495),#1966);
#1418=STYLED_ITEM('',(#1496),#1967);
#1419=STYLED_ITEM('',(#1497),#1968);
#1420=STYLED_ITEM('',(#1498),#1969);
#1421=STYLED_ITEM('',(#1499),#1970);
#1422=STYLED_ITEM('',(#1500),#1971);
#1423=STYLED_ITEM('',(#1501),#1972);
#1424=STYLED_ITEM('',(#1502),#1973);
#1425=STYLED_ITEM('',(#1503),#1974);
#1426=STYLED_ITEM('',(#1504),#1975);
#1427=STYLED_ITEM('',(#1505),#1976);
#1428=STYLED_ITEM('',(#1506),#1977);
#1429=STYLED_ITEM('',(#1507),#1978);
#1430=STYLED_ITEM('',(#1508),#1979);
#1431=STYLED_ITEM('',(#1509),#1980);
#1432=STYLED_ITEM('',(#1510),#1981);
#1433=STYLED_ITEM('',(#1511),#1982);
#1434=STYLED_ITEM('',(#1512),#1983);
#1435=STYLED_ITEM('',(#1513),#1984);
#1436=STYLED_ITEM('',(#1514),#1985);
#1437=STYLED_ITEM('',(#1515),#1986);
#1438=PRESENTATION_STYLE_ASSIGNMENT((#1516));
#1439=PRESENTATION_STYLE_ASSIGNMENT((#1517));
#1440=PRESENTATION_STYLE_ASSIGNMENT((#1518));
#1441=PRESENTATION_STYLE_ASSIGNMENT((#1519));
#1442=PRESENTATION_STYLE_ASSIGNMENT((#1520));
#1443=PRESENTATION_STYLE_ASSIGNMENT((#1521));
#1444=PRESENTATION_STYLE_ASSIGNMENT((#1522));
#1445=PRESENTATION_STYLE_ASSIGNMENT((#1523));
#1446=PRESENTATION_STYLE_ASSIGNMENT((#1524));
#1447=PRESENTATION_STYLE_ASSIGNMENT((#1525));
#1448=PRESENTATION_STYLE_ASSIGNMENT((#1526));
#1449=PRESENTATION_STYLE_ASSIGNMENT((#1527));
#1450=PRESENTATION_STYLE_ASSIGNMENT((#1528));
#1451=PRESENTATION_STYLE_ASSIGNMENT((#1529));
#1452=PRESENTATION_STYLE_ASSIGNMENT((#1530));
#1453=PRESENTATION_STYLE_ASSIGNMENT((#1531));
#1454=PRESENTATION_STYLE_ASSIGNMENT((#1532));
#1455=PRESENTATION_STYLE_ASSIGNMENT((#1533));
#1456=PRESENTATION_STYLE_ASSIGNMENT((#1534));
#1457=PRESENTATION_STYLE_ASSIGNMENT((#1535));
#1458=PRESENTATION_STYLE_ASSIGNMENT((#1536));
#1459=PRESENTATION_STYLE_ASSIGNMENT((#1537));
#1460=PRESENTATION_STYLE_ASSIGNMENT((#1538));
#1461=PRESENTATION_STYLE_ASSIGNMENT((#1539));
#1462=PRESENTATION_STYLE_ASSIGNMENT((#1540));
#1463=PRESENTATION_STYLE_ASSIGNMENT((#1541));
#1464=PRESENTATION_STYLE_ASSIGNMENT((#1542));
#1465=PRESENTATION_STYLE_ASSIGNMENT((#1543));
#1466=PRESENTATION_STYLE_ASSIGNMENT((#1544));
#1467=PRESENTATION_STYLE_ASSIGNMENT((#1545));
#1468=PRESENTATION_STYLE_ASSIGNMENT((#1546));
#1469=PRESENTATION_STYLE_ASSIGNMENT((#1547));
#1470=PRESENTATION_STYLE_ASSIGNMENT((#1548));
#1471=PRESENTATION_STYLE_ASSIGNMENT((#1549));
#1472=PRESENTATION_STYLE_ASSIGNMENT((#1550));
#1473=PRESENTATION_STYLE_ASSIGNMENT((#1551));
#1474=PRESENTATION_STYLE_ASSIGNMENT((#1552));
#1475=PRESENTATION_STYLE_ASSIGNMENT((#1553));
#1476=PRESENTATION_STYLE_ASSIGNMENT((#1554));
#1477=PRESENTATION_STYLE_ASSIGNMENT((#1555));
#1478=PRESENTATION_STYLE_ASSIGNMENT((#1556));
#1479=PRESENTATION_STYLE_ASSIGNMENT((#1557));
#1480=PRESENTATION_STYLE_ASSIGNMENT((#1558));
#1481=PRESENTATION_STYLE_ASSIGNMENT((#1559));
#1482=PRESENTATION_STYLE_ASSIGNMENT((#1560));
#1483=PRESENTATION_STYLE_ASSIGNMENT((#1561));
#1484=PRESENTATION_STYLE_ASSIGNMENT((#1562));
#1485=PRESENTATION_STYLE_ASSIGNMENT((#1563));
#1486=PRESENTATION_STYLE_ASSIGNMENT((#1564));
#1487=PRESENTATION_STYLE_ASSIGNMENT((#1565));
#1488=PRESENTATION_STYLE_ASSIGNMENT((#1566));
#1489=PRESENTATION_STYLE_ASSIGNMENT((#1567));
#1490=PRESENTATION_STYLE_ASSIGNMENT((#1568));
#1491=PRESENTATION_STYLE_ASSIGNMENT((#1569));
#1492=PRESENTATION_STYLE_ASSIGNMENT((#1570));
#1493=PRESENTATION_STYLE_ASSIGNMENT((#1571));
#1494=PRESENTATION_STYLE_ASSIGNMENT((#1572));
#1495=PRESENTATION_STYLE_ASSIGNMENT((#1573));
#1496=PRESENTATION_STYLE_ASSIGNMENT((#1574));
#1497=PRESENTATION_STYLE_ASSIGNMENT((#1575));
#1498=PRESENTATION_STYLE_ASSIGNMENT((#1576));
#1499=PRESENTATION_STYLE_ASSIGNMENT((#1577));
#1500=PRESENTATION_STYLE_ASSIGNMENT((#1578));
#1501=PRESENTATION_STYLE_ASSIGNMENT((#1579));
#1502=PRESENTATION_STYLE_ASSIGNMENT((#1580));
#1503=PRESENTATION_STYLE_ASSIGNMENT((#1581));
#1504=PRESENTATION_STYLE_ASSIGNMENT((#1582));
#1505=PRESENTATION_STYLE_ASSIGNMENT((#1583));
#1506=PRESENTATION_STYLE_ASSIGNMENT((#1584));
#1507=PRESENTATION_STYLE_ASSIGNMENT((#1585));
#1508=PRESENTATION_STYLE_ASSIGNMENT((#1586));
#1509=PRESENTATION_STYLE_ASSIGNMENT((#1587));
#1510=PRESENTATION_STYLE_ASSIGNMENT((#1588));
#1511=PRESENTATION_STYLE_ASSIGNMENT((#1589));
#1512=PRESENTATION_STYLE_ASSIGNMENT((#1590));
#1513=PRESENTATION_STYLE_ASSIGNMENT((#1591));
#1514=PRESENTATION_STYLE_ASSIGNMENT((#1592));
#1515=PRESENTATION_STYLE_ASSIGNMENT((#1593));
#1516=SURFACE_STYLE_USAGE(.BOTH.,#1594);
#1517=SURFACE_STYLE_USAGE(.BOTH.,#1595);
#1518=SURFACE_STYLE_USAGE(.BOTH.,#1596);
#1519=SURFACE_STYLE_USAGE(.BOTH.,#1597);
#1520=SURFACE_STYLE_USAGE(.BOTH.,#1598);
#1521=SURFACE_STYLE_USAGE(.BOTH.,#1599);
#1522=SURFACE_STYLE_USAGE(.BOTH.,#1600);
#1523=SURFACE_STYLE_USAGE(.BOTH.,#1601);
#1524=SURFACE_STYLE_USAGE(.BOTH.,#1602);
#1525=SURFACE_STYLE_USAGE(.BOTH.,#1603);
#1526=SURFACE_STYLE_USAGE(.BOTH.,#1604);
#1527=SURFACE_STYLE_USAGE(.BOTH.,#1605);
#1528=SURFACE_STYLE_USAGE(.BOTH.,#1606);
#1529=SURFACE_STYLE_USAGE(.BOTH.,#1607);
#1530=SURFACE_STYLE_USAGE(.BOTH.,#1608);
#1531=SURFACE_STYLE_USAGE(.BOTH.,#1609);
#1532=SURFACE_STYLE_USAGE(.BOTH.,#1610);
#1533=SURFACE_STYLE_USAGE(.BOTH.,#1611);
#1534=SURFACE_STYLE_USAGE(.BOTH.,#1612);
#1535=SURFACE_STYLE_USAGE(.BOTH.,#1613);
#1536=SURFACE_STYLE_USAGE(.BOTH.,#1614);
#1537=SURFACE_STYLE_USAGE(.BOTH.,#1615);
#1538=SURFACE_STYLE_USAGE(.BOTH.,#1616);
#1539=SURFACE_STYLE_USAGE(.BOTH.,#1617);
#1540=SURFACE_STYLE_USAGE(.BOTH.,#1618);
#1541=SURFACE_STYLE_USAGE(.BOTH.,#1619);
#1542=SURFACE_STYLE_USAGE(.BOTH.,#1620);
#1543=SURFACE_STYLE_USAGE(.BOTH.,#1621);
#1544=SURFACE_STYLE_USAGE(.BOTH.,#1622);
#1545=SURFACE_STYLE_USAGE(.BOTH.,#1623);
#1546=SURFACE_STYLE_USAGE(.BOTH.,#1624);
#1547=SURFACE_STYLE_USAGE(.BOTH.,#1625);
#1548=SURFACE_STYLE_USAGE(.BOTH.,#1626);
#1549=SURFACE_STYLE_USAGE(.BOTH.,#1627);
#1550=SURFACE_STYLE_USAGE(.BOTH.,#1628);
#1551=SURFACE_STYLE_USAGE(.BOTH.,#1629);
#1552=SURFACE_STYLE_USAGE(.BOTH.,#1630);
#1553=SURFACE_STYLE_USAGE(.BOTH.,#1631);
#1554=SURFACE_STYLE_USAGE(.BOTH.,#1632);
#1555=SURFACE_STYLE_USAGE(.BOTH.,#1633);
#1556=SURFACE_STYLE_USAGE(.BOTH.,#1634);
#1557=SURFACE_STYLE_USAGE(.BOTH.,#1635);
#1558=SURFACE_STYLE_USAGE(.BOTH.,#1636);
#1559=SURFACE_STYLE_USAGE(.BOTH.,#1637);
#1560=SURFACE_STYLE_USAGE(.BOTH.,#1638);
#1561=SURFACE_STYLE_USAGE(.BOTH.,#1639);
#1562=SURFACE_STYLE_USAGE(.BOTH.,#1640);
#1563=SURFACE_STYLE_USAGE(.BOTH.,#1641);
#1564=SURFACE_STYLE_USAGE(.BOTH.,#1642);
#1565=SURFACE_STYLE_USAGE(.BOTH.,#1643);
#1566=SURFACE_STYLE_USAGE(.BOTH.,#1644);
#1567=SURFACE_STYLE_USAGE(.BOTH.,#1645);
#1568=SURFACE_STYLE_USAGE(.BOTH.,#1646);
#1569=SURFACE_STYLE_USAGE(.BOTH.,#1647);
#1570=SURFACE_STYLE_USAGE(.BOTH.,#1648);
#1571=SURFACE_STYLE_USAGE(.BOTH.,#1649);
#1572=SURFACE_STYLE_USAGE(.BOTH.,#1650);
#1573=SURFACE_STYLE_USAGE(.BOTH.,#1651);
#1574=SURFACE_STYLE_USAGE(.BOTH.,#1652);
#1575=SURFACE_STYLE_USAGE(.BOTH.,#1653);
#1576=SURFACE_STYLE_USAGE(.BOTH.,#1654);
#1577=SURFACE_STYLE_USAGE(.BOTH.,#1655);
#1578=SURFACE_STYLE_USAGE(.BOTH.,#1656);
#1579=SURFACE_STYLE_USAGE(.BOTH.,#1657);
#1580=SURFACE_STYLE_USAGE(.BOTH.,#1658);
#1581=SURFACE_STYLE_USAGE(.BOTH.,#1659);
#1582=SURFACE_STYLE_USAGE(.BOTH.,#1660);
#1583=SURFACE_STYLE_USAGE(.BOTH.,#1661);
#1584=SURFACE_STYLE_USAGE(.BOTH.,#1662);
#1585=SURFACE_STYLE_USAGE(.BOTH.,#1663);
#1586=SURFACE_STYLE_USAGE(.BOTH.,#1664);
#1587=SURFACE_STYLE_USAGE(.BOTH.,#1665);
#1588=SURFACE_STYLE_USAGE(.BOTH.,#1666);
#1589=SURFACE_STYLE_USAGE(.BOTH.,#1667);
#1590=SURFACE_STYLE_USAGE(.BOTH.,#1668);
#1591=SURFACE_STYLE_USAGE(.BOTH.,#1669);
#1592=SURFACE_STYLE_USAGE(.BOTH.,#1670);
#1593=SURFACE_STYLE_USAGE(.BOTH.,#1671);
#1594=SURFACE_SIDE_STYLE('',(#1672));
#1595=SURFACE_SIDE_STYLE('',(#1673));
#1596=SURFACE_SIDE_STYLE('',(#1674));
#1597=SURFACE_SIDE_STYLE('',(#1675));
#1598=SURFACE_SIDE_STYLE('',(#1676));
#1599=SURFACE_SIDE_STYLE('',(#1677));
#1600=SURFACE_SIDE_STYLE('',(#1678));
#1601=SURFACE_SIDE_STYLE('',(#1679));
#1602=SURFACE_SIDE_STYLE('',(#1680));
#1603=SURFACE_SIDE_STYLE('',(#1681));
#1604=SURFACE_SIDE_STYLE('',(#1682));
#1605=SURFACE_SIDE_STYLE('',(#1683,#36));
#1606=SURFACE_SIDE_STYLE('',(#1684));
#1607=SURFACE_SIDE_STYLE('',(#1685));
#1608=SURFACE_SIDE_STYLE('',(#1686));
#1609=SURFACE_SIDE_STYLE('',(#1687));
#1610=SURFACE_SIDE_STYLE('',(#1688));
#1611=SURFACE_SIDE_STYLE('',(#1689));
#1612=SURFACE_SIDE_STYLE('',(#1690));
#1613=SURFACE_SIDE_STYLE('',(#1691));
#1614=SURFACE_SIDE_STYLE('',(#1692));
#1615=SURFACE_SIDE_STYLE('',(#1693));
#1616=SURFACE_SIDE_STYLE('',(#1694));
#1617=SURFACE_SIDE_STYLE('',(#1695));
#1618=SURFACE_SIDE_STYLE('',(#1696,#37));
#1619=SURFACE_SIDE_STYLE('',(#1697));
#1620=SURFACE_SIDE_STYLE('',(#1698));
#1621=SURFACE_SIDE_STYLE('',(#1699));
#1622=SURFACE_SIDE_STYLE('',(#1700,#38));
#1623=SURFACE_SIDE_STYLE('',(#1701,#39));
#1624=SURFACE_SIDE_STYLE('',(#1702,#40));
#1625=SURFACE_SIDE_STYLE('',(#1703,#41));
#1626=SURFACE_SIDE_STYLE('',(#1704,#42));
#1627=SURFACE_SIDE_STYLE('',(#1705));
#1628=SURFACE_SIDE_STYLE('',(#1706));
#1629=SURFACE_SIDE_STYLE('',(#1707));
#1630=SURFACE_SIDE_STYLE('',(#1708));
#1631=SURFACE_SIDE_STYLE('',(#1709));
#1632=SURFACE_SIDE_STYLE('',(#1710));
#1633=SURFACE_SIDE_STYLE('',(#1711));
#1634=SURFACE_SIDE_STYLE('',(#1712));
#1635=SURFACE_SIDE_STYLE('',(#1713));
#1636=SURFACE_SIDE_STYLE('',(#1714));
#1637=SURFACE_SIDE_STYLE('',(#1715));
#1638=SURFACE_SIDE_STYLE('',(#1716));
#1639=SURFACE_SIDE_STYLE('',(#1717));
#1640=SURFACE_SIDE_STYLE('',(#1718));
#1641=SURFACE_SIDE_STYLE('',(#1719));
#1642=SURFACE_SIDE_STYLE('',(#1720));
#1643=SURFACE_SIDE_STYLE('',(#1721));
#1644=SURFACE_SIDE_STYLE('',(#1722));
#1645=SURFACE_SIDE_STYLE('',(#1723));
#1646=SURFACE_SIDE_STYLE('',(#1724));
#1647=SURFACE_SIDE_STYLE('',(#1725));
#1648=SURFACE_SIDE_STYLE('',(#1726));
#1649=SURFACE_SIDE_STYLE('',(#1727));
#1650=SURFACE_SIDE_STYLE('',(#1728));
#1651=SURFACE_SIDE_STYLE('',(#1729));
#1652=SURFACE_SIDE_STYLE('',(#1730));
#1653=SURFACE_SIDE_STYLE('',(#1731));
#1654=SURFACE_SIDE_STYLE('',(#1732));
#1655=SURFACE_SIDE_STYLE('',(#1733));
#1656=SURFACE_SIDE_STYLE('',(#1734));
#1657=SURFACE_SIDE_STYLE('',(#1735));
#1658=SURFACE_SIDE_STYLE('',(#1736,#43));
#1659=SURFACE_SIDE_STYLE('',(#1737,#44));
#1660=SURFACE_SIDE_STYLE('',(#1738,#45));
#1661=SURFACE_SIDE_STYLE('',(#1739,#46));
#1662=SURFACE_SIDE_STYLE('',(#1740,#47));
#1663=SURFACE_SIDE_STYLE('',(#1741,#48));
#1664=SURFACE_SIDE_STYLE('',(#1742,#49));
#1665=SURFACE_SIDE_STYLE('',(#1743,#50));
#1666=SURFACE_SIDE_STYLE('',(#1744,#51));
#1667=SURFACE_SIDE_STYLE('',(#1745,#52));
#1668=SURFACE_SIDE_STYLE('',(#1746));
#1669=SURFACE_SIDE_STYLE('',(#1747));
#1670=SURFACE_SIDE_STYLE('',(#1748));
#1671=SURFACE_SIDE_STYLE('',(#1749));
#1672=SURFACE_STYLE_FILL_AREA(#1750);
#1673=SURFACE_STYLE_FILL_AREA(#1751);
#1674=SURFACE_STYLE_FILL_AREA(#1752);
#1675=SURFACE_STYLE_FILL_AREA(#1753);
#1676=SURFACE_STYLE_FILL_AREA(#1754);
#1677=SURFACE_STYLE_FILL_AREA(#1755);
#1678=SURFACE_STYLE_FILL_AREA(#1756);
#1679=SURFACE_STYLE_FILL_AREA(#1757);
#1680=SURFACE_STYLE_FILL_AREA(#1758);
#1681=SURFACE_STYLE_FILL_AREA(#1759);
#1682=SURFACE_STYLE_FILL_AREA(#1760);
#1683=SURFACE_STYLE_FILL_AREA(#1761);
#1684=SURFACE_STYLE_FILL_AREA(#1762);
#1685=SURFACE_STYLE_FILL_AREA(#1763);
#1686=SURFACE_STYLE_FILL_AREA(#1764);
#1687=SURFACE_STYLE_FILL_AREA(#1765);
#1688=SURFACE_STYLE_FILL_AREA(#1766);
#1689=SURFACE_STYLE_FILL_AREA(#1767);
#1690=SURFACE_STYLE_FILL_AREA(#1768);
#1691=SURFACE_STYLE_FILL_AREA(#1769);
#1692=SURFACE_STYLE_FILL_AREA(#1770);
#1693=SURFACE_STYLE_FILL_AREA(#1771);
#1694=SURFACE_STYLE_FILL_AREA(#1772);
#1695=SURFACE_STYLE_FILL_AREA(#1773);
#1696=SURFACE_STYLE_FILL_AREA(#1774);
#1697=SURFACE_STYLE_FILL_AREA(#1775);
#1698=SURFACE_STYLE_FILL_AREA(#1776);
#1699=SURFACE_STYLE_FILL_AREA(#1777);
#1700=SURFACE_STYLE_FILL_AREA(#1778);
#1701=SURFACE_STYLE_FILL_AREA(#1779);
#1702=SURFACE_STYLE_FILL_AREA(#1780);
#1703=SURFACE_STYLE_FILL_AREA(#1781);
#1704=SURFACE_STYLE_FILL_AREA(#1782);
#1705=SURFACE_STYLE_FILL_AREA(#1783);
#1706=SURFACE_STYLE_FILL_AREA(#1784);
#1707=SURFACE_STYLE_FILL_AREA(#1785);
#1708=SURFACE_STYLE_FILL_AREA(#1786);
#1709=SURFACE_STYLE_FILL_AREA(#1787);
#1710=SURFACE_STYLE_FILL_AREA(#1788);
#1711=SURFACE_STYLE_FILL_AREA(#1789);
#1712=SURFACE_STYLE_FILL_AREA(#1790);
#1713=SURFACE_STYLE_FILL_AREA(#1791);
#1714=SURFACE_STYLE_FILL_AREA(#1792);
#1715=SURFACE_STYLE_FILL_AREA(#1793);
#1716=SURFACE_STYLE_FILL_AREA(#1794);
#1717=SURFACE_STYLE_FILL_AREA(#1795);
#1718=SURFACE_STYLE_FILL_AREA(#1796);
#1719=SURFACE_STYLE_FILL_AREA(#1797);
#1720=SURFACE_STYLE_FILL_AREA(#1798);
#1721=SURFACE_STYLE_FILL_AREA(#1799);
#1722=SURFACE_STYLE_FILL_AREA(#1800);
#1723=SURFACE_STYLE_FILL_AREA(#1801);
#1724=SURFACE_STYLE_FILL_AREA(#1802);
#1725=SURFACE_STYLE_FILL_AREA(#1803);
#1726=SURFACE_STYLE_FILL_AREA(#1804);
#1727=SURFACE_STYLE_FILL_AREA(#1805);
#1728=SURFACE_STYLE_FILL_AREA(#1806);
#1729=SURFACE_STYLE_FILL_AREA(#1807);
#1730=SURFACE_STYLE_FILL_AREA(#1808);
#1731=SURFACE_STYLE_FILL_AREA(#1809);
#1732=SURFACE_STYLE_FILL_AREA(#1810);
#1733=SURFACE_STYLE_FILL_AREA(#1811);
#1734=SURFACE_STYLE_FILL_AREA(#1812);
#1735=SURFACE_STYLE_FILL_AREA(#1813);
#1736=SURFACE_STYLE_FILL_AREA(#1814);
#1737=SURFACE_STYLE_FILL_AREA(#1815);
#1738=SURFACE_STYLE_FILL_AREA(#1816);
#1739=SURFACE_STYLE_FILL_AREA(#1817);
#1740=SURFACE_STYLE_FILL_AREA(#1818);
#1741=SURFACE_STYLE_FILL_AREA(#1819);
#1742=SURFACE_STYLE_FILL_AREA(#1820);
#1743=SURFACE_STYLE_FILL_AREA(#1821);
#1744=SURFACE_STYLE_FILL_AREA(#1822);
#1745=SURFACE_STYLE_FILL_AREA(#1823);
#1746=SURFACE_STYLE_FILL_AREA(#1824);
#1747=SURFACE_STYLE_FILL_AREA(#1825);
#1748=SURFACE_STYLE_FILL_AREA(#1826);
#1749=SURFACE_STYLE_FILL_AREA(#1827);
#1750=FILL_AREA_STYLE('',(#1828));
#1751=FILL_AREA_STYLE('',(#1829));
#1752=FILL_AREA_STYLE('',(#1830));
#1753=FILL_AREA_STYLE('',(#1831));
#1754=FILL_AREA_STYLE('',(#1832));
#1755=FILL_AREA_STYLE('',(#1833));
#1756=FILL_AREA_STYLE('',(#1834));
#1757=FILL_AREA_STYLE('',(#1835));
#1758=FILL_AREA_STYLE('',(#1836));
#1759=FILL_AREA_STYLE('',(#1837));
#1760=FILL_AREA_STYLE('',(#1838));
#1761=FILL_AREA_STYLE('',(#1839));
#1762=FILL_AREA_STYLE('',(#1840));
#1763=FILL_AREA_STYLE('',(#1841));
#1764=FILL_AREA_STYLE('',(#1842));
#1765=FILL_AREA_STYLE('',(#1843));
#1766=FILL_AREA_STYLE('',(#1844));
#1767=FILL_AREA_STYLE('',(#1845));
#1768=FILL_AREA_STYLE('',(#1846));
#1769=FILL_AREA_STYLE('',(#1847));
#1770=FILL_AREA_STYLE('',(#1848));
#1771=FILL_AREA_STYLE('',(#1849));
#1772=FILL_AREA_STYLE('',(#1850));
#1773=FILL_AREA_STYLE('',(#1851));
#1774=FILL_AREA_STYLE('',(#1852));
#1775=FILL_AREA_STYLE('',(#1853));
#1776=FILL_AREA_STYLE('',(#1854));
#1777=FILL_AREA_STYLE('',(#1855));
#1778=FILL_AREA_STYLE('',(#1856));
#1779=FILL_AREA_STYLE('',(#1857));
#1780=FILL_AREA_STYLE('',(#1858));
#1781=FILL_AREA_STYLE('',(#1859));
#1782=FILL_AREA_STYLE('',(#1860));
#1783=FILL_AREA_STYLE('',(#1861));
#1784=FILL_AREA_STYLE('',(#1862));
#1785=FILL_AREA_STYLE('',(#1863));
#1786=FILL_AREA_STYLE('',(#1864));
#1787=FILL_AREA_STYLE('',(#1865));
#1788=FILL_AREA_STYLE('',(#1866));
#1789=FILL_AREA_STYLE('',(#1867));
#1790=FILL_AREA_STYLE('',(#1868));
#1791=FILL_AREA_STYLE('',(#1869));
#1792=FILL_AREA_STYLE('',(#1870));
#1793=FILL_AREA_STYLE('',(#1871));
#1794=FILL_AREA_STYLE('',(#1872));
#1795=FILL_AREA_STYLE('',(#1873));
#1796=FILL_AREA_STYLE('',(#1874));
#1797=FILL_AREA_STYLE('',(#1875));
#1798=FILL_AREA_STYLE('',(#1876));
#1799=FILL_AREA_STYLE('',(#1877));
#1800=FILL_AREA_STYLE('',(#1878));
#1801=FILL_AREA_STYLE('',(#1879));
#1802=FILL_AREA_STYLE('',(#1880));
#1803=FILL_AREA_STYLE('',(#1881));
#1804=FILL_AREA_STYLE('',(#1882));
#1805=FILL_AREA_STYLE('',(#1883));
#1806=FILL_AREA_STYLE('',(#1884));
#1807=FILL_AREA_STYLE('',(#1885));
#1808=FILL_AREA_STYLE('',(#1886));
#1809=FILL_AREA_STYLE('',(#1887));
#1810=FILL_AREA_STYLE('',(#1888));
#1811=FILL_AREA_STYLE('',(#1889));
#1812=FILL_AREA_STYLE('',(#1890));
#1813=FILL_AREA_STYLE('',(#1891));
#1814=FILL_AREA_STYLE('',(#1892));
#1815=FILL_AREA_STYLE('',(#1893));
#1816=FILL_AREA_STYLE('',(#1894));
#1817=FILL_AREA_STYLE('',(#1895));
#1818=FILL_AREA_STYLE('',(#1896));
#1819=FILL_AREA_STYLE('',(#1897));
#1820=FILL_AREA_STYLE('',(#1898));
#1821=FILL_AREA_STYLE('',(#1899));
#1822=FILL_AREA_STYLE('',(#1900));
#1823=FILL_AREA_STYLE('',(#1901));
#1824=FILL_AREA_STYLE('',(#1902));
#1825=FILL_AREA_STYLE('',(#1903));
#1826=FILL_AREA_STYLE('',(#1904));
#1827=FILL_AREA_STYLE('',(#1905));
#1828=FILL_AREA_STYLE_COLOUR('',#1906);
#1829=FILL_AREA_STYLE_COLOUR('',#1906);
#1830=FILL_AREA_STYLE_COLOUR('',#1906);
#1831=FILL_AREA_STYLE_COLOUR('',#1907);
#1832=FILL_AREA_STYLE_COLOUR('',#1906);
#1833=FILL_AREA_STYLE_COLOUR('',#1907);
#1834=FILL_AREA_STYLE_COLOUR('',#1906);
#1835=FILL_AREA_STYLE_COLOUR('',#1906);
#1836=FILL_AREA_STYLE_COLOUR('',#1907);
#1837=FILL_AREA_STYLE_COLOUR('',#1907);
#1838=FILL_AREA_STYLE_COLOUR('',#1906);
#1839=FILL_AREA_STYLE_COLOUR('',#1908);
#1840=FILL_AREA_STYLE_COLOUR('',#1906);
#1841=FILL_AREA_STYLE_COLOUR('',#1906);
#1842=FILL_AREA_STYLE_COLOUR('',#1906);
#1843=FILL_AREA_STYLE_COLOUR('',#1906);
#1844=FILL_AREA_STYLE_COLOUR('',#1906);
#1845=FILL_AREA_STYLE_COLOUR('',#1906);
#1846=FILL_AREA_STYLE_COLOUR('',#1906);
#1847=FILL_AREA_STYLE_COLOUR('',#1906);
#1848=FILL_AREA_STYLE_COLOUR('',#1906);
#1849=FILL_AREA_STYLE_COLOUR('',#1906);
#1850=FILL_AREA_STYLE_COLOUR('',#1906);
#1851=FILL_AREA_STYLE_COLOUR('',#1906);
#1852=FILL_AREA_STYLE_COLOUR('',#1908);
#1853=FILL_AREA_STYLE_COLOUR('',#1906);
#1854=FILL_AREA_STYLE_COLOUR('',#1906);
#1855=FILL_AREA_STYLE_COLOUR('',#1906);
#1856=FILL_AREA_STYLE_COLOUR('',#1908);
#1857=FILL_AREA_STYLE_COLOUR('',#1908);
#1858=FILL_AREA_STYLE_COLOUR('',#1908);
#1859=FILL_AREA_STYLE_COLOUR('',#1908);
#1860=FILL_AREA_STYLE_COLOUR('',#1908);
#1861=FILL_AREA_STYLE_COLOUR('',#1906);
#1862=FILL_AREA_STYLE_COLOUR('',#1906);
#1863=FILL_AREA_STYLE_COLOUR('',#1906);
#1864=FILL_AREA_STYLE_COLOUR('',#1906);
#1865=FILL_AREA_STYLE_COLOUR('',#1907);
#1866=FILL_AREA_STYLE_COLOUR('',#1907);
#1867=FILL_AREA_STYLE_COLOUR('',#1907);
#1868=FILL_AREA_STYLE_COLOUR('',#1907);
#1869=FILL_AREA_STYLE_COLOUR('',#1906);
#1870=FILL_AREA_STYLE_COLOUR('',#1907);
#1871=FILL_AREA_STYLE_COLOUR('',#1907);
#1872=FILL_AREA_STYLE_COLOUR('',#1907);
#1873=FILL_AREA_STYLE_COLOUR('',#1907);
#1874=FILL_AREA_STYLE_COLOUR('',#1907);
#1875=FILL_AREA_STYLE_COLOUR('',#1907);
#1876=FILL_AREA_STYLE_COLOUR('',#1907);
#1877=FILL_AREA_STYLE_COLOUR('',#1907);
#1878=FILL_AREA_STYLE_COLOUR('',#1906);
#1879=FILL_AREA_STYLE_COLOUR('',#1907);
#1880=FILL_AREA_STYLE_COLOUR('',#1907);
#1881=FILL_AREA_STYLE_COLOUR('',#1907);
#1882=FILL_AREA_STYLE_COLOUR('',#1907);
#1883=FILL_AREA_STYLE_COLOUR('',#1907);
#1884=FILL_AREA_STYLE_COLOUR('',#1906);
#1885=FILL_AREA_STYLE_COLOUR('',#1906);
#1886=FILL_AREA_STYLE_COLOUR('',#1907);
#1887=FILL_AREA_STYLE_COLOUR('',#1906);
#1888=FILL_AREA_STYLE_COLOUR('',#1906);
#1889=FILL_AREA_STYLE_COLOUR('',#1907);
#1890=FILL_AREA_STYLE_COLOUR('',#1906);
#1891=FILL_AREA_STYLE_COLOUR('',#1906);
#1892=FILL_AREA_STYLE_COLOUR('',#1908);
#1893=FILL_AREA_STYLE_COLOUR('',#1908);
#1894=FILL_AREA_STYLE_COLOUR('',#1908);
#1895=FILL_AREA_STYLE_COLOUR('',#1908);
#1896=FILL_AREA_STYLE_COLOUR('',#1908);
#1897=FILL_AREA_STYLE_COLOUR('',#1908);
#1898=FILL_AREA_STYLE_COLOUR('',#1908);
#1899=FILL_AREA_STYLE_COLOUR('',#1908);
#1900=FILL_AREA_STYLE_COLOUR('',#1908);
#1901=FILL_AREA_STYLE_COLOUR('',#1908);
#1902=FILL_AREA_STYLE_COLOUR('',#1906);
#1903=FILL_AREA_STYLE_COLOUR('',#1906);
#1904=FILL_AREA_STYLE_COLOUR('',#1906);
#1905=FILL_AREA_STYLE_COLOUR('',#1906);
#1906=COLOUR_RGB('',0.800000011920929,0.666434764862061,0.319999992847443);
#1907=COLOUR_RGB('',0.730000019073486,0.729411780834198,0.729411780834198);
#1908=COLOUR_RGB('',0.444705873727798,0.599117696285248,0.74117648601532);
#1909=ADVANCED_FACE('',(#1220),#1298,.T.);
#1910=ADVANCED_FACE('',(#1221),#1299,.T.);
#1911=ADVANCED_FACE('',(#1222),#1300,.F.);
#1912=ADVANCED_FACE('',(#1223),#1301,.F.);
#1913=ADVANCED_FACE('',(#1224),#1302,.T.);
#1914=ADVANCED_FACE('',(#1225),#1303,.T.);
#1915=ADVANCED_FACE('',(#1226),#1304,.F.);
#1916=ADVANCED_FACE('',(#1227),#1305,.F.);
#1917=ADVANCED_FACE('',(#1228),#1306,.F.);
#1918=ADVANCED_FACE('',(#1229),#1307,.F.);
#1919=ADVANCED_FACE('',(#1230),#1308,.F.);
#1920=ADVANCED_FACE('',(#1231),#1309,.F.);
#1921=ADVANCED_FACE('',(#1232),#1310,.T.);
#1922=ADVANCED_FACE('',(#1233),#1311,.F.);
#1923=ADVANCED_FACE('',(#1234),#1312,.F.);
#1924=ADVANCED_FACE('',(#1235),#1313,.F.);
#1925=ADVANCED_FACE('',(#1236),#1314,.F.);
#1926=ADVANCED_FACE('',(#1237),#1315,.F.);
#1927=ADVANCED_FACE('',(#1238),#1316,.F.);
#1928=ADVANCED_FACE('',(#1239),#1317,.F.);
#1929=ADVANCED_FACE('',(#1240),#1318,.F.);
#1930=ADVANCED_FACE('',(#1241),#1319,.T.);
#1931=ADVANCED_FACE('',(#1242),#1320,.T.);
#1932=ADVANCED_FACE('',(#1243),#1321,.T.);
#1933=ADVANCED_FACE('',(#1244),#1322,.T.);
#1934=ADVANCED_FACE('',(#1245),#1323,.T.);
#1935=ADVANCED_FACE('',(#1246),#1324,.T.);
#1936=ADVANCED_FACE('',(#1247),#1325,.F.);
#1937=ADVANCED_FACE('',(#1248),#1326,.F.);
#1938=ADVANCED_FACE('',(#1249),#24,.T.);
#1939=ADVANCED_FACE('',(#1250),#1327,.F.);
#1940=ADVANCED_FACE('',(#1251),#25,.T.);
#1941=ADVANCED_FACE('',(#1252),#1328,.F.);
#1942=ADVANCED_FACE('',(#1253),#1329,.F.);
#1943=ADVANCED_FACE('',(#1254),#1330,.F.);
#1944=ADVANCED_FACE('',(#1255),#1331,.F.);
#1945=ADVANCED_FACE('',(#1256),#1332,.F.);
#1946=ADVANCED_FACE('',(#1257),#1333,.F.);
#1947=ADVANCED_FACE('',(#1258),#1334,.F.);
#1948=ADVANCED_FACE('',(#1259),#1335,.F.);
#1949=ADVANCED_FACE('',(#1260),#1336,.F.);
#1950=ADVANCED_FACE('',(#1261),#1337,.F.);
#1951=ADVANCED_FACE('',(#1262),#1338,.F.);
#1952=ADVANCED_FACE('',(#1263),#1339,.F.);
#1953=ADVANCED_FACE('',(#1264),#1340,.F.);
#1954=ADVANCED_FACE('',(#1265),#1341,.T.);
#1955=ADVANCED_FACE('',(#1266),#1342,.T.);
#1956=ADVANCED_FACE('',(#1267),#1343,.T.);
#1957=ADVANCED_FACE('',(#1268),#1344,.T.);
#1958=ADVANCED_FACE('',(#1269),#1345,.T.);
#1959=ADVANCED_FACE('',(#1270),#1346,.T.);
#1960=ADVANCED_FACE('',(#1271),#1347,.T.);
#1961=ADVANCED_FACE('',(#1272),#1348,.T.);
#1962=ADVANCED_FACE('',(#1273),#1349,.T.);
#1963=ADVANCED_FACE('',(#1274),#1350,.F.);
#1964=ADVANCED_FACE('',(#1275),#1351,.T.);
#1965=ADVANCED_FACE('',(#1276),#1352,.T.);
#1966=ADVANCED_FACE('',(#1277),#1353,.T.);
#1967=ADVANCED_FACE('',(#1278),#1354,.T.);
#1968=ADVANCED_FACE('',(#1279),#1355,.T.);
#1969=ADVANCED_FACE('',(#1280),#1356,.T.);
#1970=ADVANCED_FACE('',(#1281),#1357,.T.);
#1971=ADVANCED_FACE('',(#1282),#1358,.T.);
#1972=ADVANCED_FACE('',(#1283),#1359,.T.);
#1973=ADVANCED_FACE('',(#1284),#26,.T.);
#1974=ADVANCED_FACE('',(#1285),#20,.T.);
#1975=ADVANCED_FACE('',(#1286),#27,.T.);
#1976=ADVANCED_FACE('',(#1287),#21,.T.);
#1977=ADVANCED_FACE('',(#1288),#28,.T.);
#1978=ADVANCED_FACE('',(#1289),#29,.T.);
#1979=ADVANCED_FACE('',(#1290),#22,.T.);
#1980=ADVANCED_FACE('',(#1291),#30,.T.);
#1981=ADVANCED_FACE('',(#1292),#23,.T.);
#1982=ADVANCED_FACE('',(#1293),#31,.T.);
#1983=ADVANCED_FACE('',(#1294),#32,.T.);
#1984=ADVANCED_FACE('',(#1295),#33,.T.);
#1985=ADVANCED_FACE('',(#1296),#34,.T.);
#1986=ADVANCED_FACE('',(#1297),#35,.T.);
#1987=CLOSED_SHELL('',(#1909,#1910,#1911,#1912,#1913,#1914,#1915,#1916,
#1917,#1918,#1919,#1920,#1921,#1922,#1923,#1924,#1925,#1926,#1927,#1928,
#1929,#1930,#1931,#1932,#1933,#1934,#1935,#1936,#1937,#1938,#1939,#1940,
#1941,#1942,#1943,#1944,#1945,#1946,#1947,#1948,#1949,#1950,#1951,#1952,
#1953,#1954,#1955,#1956,#1957,#1958,#1959,#1960,#1961,#1962,#1963,#1964,
#1965,#1966,#1967,#1968,#1969,#1970,#1971,#1972,#1973,#1974,#1975,#1976,
#1977,#1978,#1979,#1980,#1981,#1982,#1983,#1984,#1985,#1986));
#1988=MANIFOLD_SOLID_BREP('',#1987);
#1989=SHAPE_DEFINITION_REPRESENTATION(#2881,#1990);
#1990=SHAPE_REPRESENTATION('IN-S63TBS5R5G5B',(#1991),#2876);
#1991=AXIS2_PLACEMENT_3D('',#2480,#2098,#2099);
#1992=AXIS2_PLACEMENT_3D('',#2481,#2100,#2101);
#1993=AXIS2_PLACEMENT_3D('',#2499,#2110,#2111);
#1994=AXIS2_PLACEMENT_3D('',#2503,#2113,#2114);
#1995=AXIS2_PLACEMENT_3D('',#2504,#2115,#2116);
#1996=AXIS2_PLACEMENT_3D('',#2510,#2120,#2121);
#1997=AXIS2_PLACEMENT_3D('',#2519,#2126,#2127);
#1998=AXIS2_PLACEMENT_3D('',#2528,#2132,#2133);
#1999=AXIS2_PLACEMENT_3D('',#2546,#2142,#2143);
#2000=AXIS2_PLACEMENT_3D('',#2550,#2145,#2146);
#2001=AXIS2_PLACEMENT_3D('',#2551,#2147,#2148);
#2002=AXIS2_PLACEMENT_3D('',#2554,#2151,#2152);
#2003=AXIS2_PLACEMENT_3D('',#2557,#2154,#2155);
#2004=AXIS2_PLACEMENT_3D('',#2561,#2157,#2158);
#2005=AXIS2_PLACEMENT_3D('',#2571,#2164,#2165);
#2006=AXIS2_PLACEMENT_3D('',#2580,#2170,#2171);
#2007=AXIS2_PLACEMENT_3D('',#2583,#2173,#2174);
#2008=AXIS2_PLACEMENT_3D('',#2587,#2176,#2177);
#2009=AXIS2_PLACEMENT_3D('',#2590,#2179,#2180);
#2010=AXIS2_PLACEMENT_3D('',#2591,#2181,#2182);
#2011=AXIS2_PLACEMENT_3D('',#2597,#2185,#2186);
#2012=AXIS2_PLACEMENT_3D('',#2600,#2188,#2189);
#2013=AXIS2_PLACEMENT_3D('',#2605,#2193,#2194);
#2014=AXIS2_PLACEMENT_3D('',#2608,#2196,#2197);
#2015=AXIS2_PLACEMENT_3D('',#2612,#2199,#2200);
#2016=AXIS2_PLACEMENT_3D('',#2615,#2202,#2203);
#2017=AXIS2_PLACEMENT_3D('',#2621,#2207,#2208);
#2018=AXIS2_PLACEMENT_3D('',#2630,#2213,#2214);
#2019=AXIS2_PLACEMENT_3D('',#2639,#2219,#2220);
#2020=AXIS2_PLACEMENT_3D('',#2642,#2223,#2224);
#2021=AXIS2_PLACEMENT_3D('',#2648,#2228,#2229);
#2022=AXIS2_PLACEMENT_3D('',#2654,#2233,#2234);
#2023=AXIS2_PLACEMENT_3D('',#2663,#2239,#2240);
#2024=AXIS2_PLACEMENT_3D('',#2672,#2245,#2246);
#2025=AXIS2_PLACEMENT_3D('',#2678,#2250,#2251);
#2026=AXIS2_PLACEMENT_3D('',#2684,#2255,#2256);
#2027=AXIS2_PLACEMENT_3D('',#2690,#2260,#2261);
#2028=AXIS2_PLACEMENT_3D('',#2696,#2265,#2266);
#2029=AXIS2_PLACEMENT_3D('',#2697,#2267,#2268);
#2030=AXIS2_PLACEMENT_3D('',#2703,#2271,#2272);
#2031=AXIS2_PLACEMENT_3D('',#2706,#2274,#2275);
#2032=AXIS2_PLACEMENT_3D('',#2709,#2278,#2279);
#2033=AXIS2_PLACEMENT_3D('',#2712,#2282,#2283);
#2034=AXIS2_PLACEMENT_3D('',#2713,#2284,#2285);
#2035=AXIS2_PLACEMENT_3D('',#2717,#2287,#2288);
#2036=AXIS2_PLACEMENT_3D('',#2727,#2294,#2295);
#2037=AXIS2_PLACEMENT_3D('',#2733,#2299,#2300);
#2038=AXIS2_PLACEMENT_3D('',#2734,#2301,#2302);
#2039=AXIS2_PLACEMENT_3D('',#2738,#2304,#2305);
#2040=AXIS2_PLACEMENT_3D('',#2739,#2306,#2307);
#2041=AXIS2_PLACEMENT_3D('',#2745,#2311,#2312);
#2042=AXIS2_PLACEMENT_3D('',#2746,#2313,#2314);
#2043=AXIS2_PLACEMENT_3D('',#2750,#2316,#2317);
#2044=AXIS2_PLACEMENT_3D('',#2751,#2318,#2319);
#2045=AXIS2_PLACEMENT_3D('',#2755,#2323,#2324);
#2046=AXIS2_PLACEMENT_3D('',#2758,#2327,#2328);
#2047=AXIS2_PLACEMENT_3D('',#2761,#2331,#2332);
#2048=AXIS2_PLACEMENT_3D('',#2764,#2335,#2336);
#2049=AXIS2_PLACEMENT_3D('',#2766,#2338,#2339);
#2050=AXIS2_PLACEMENT_3D('',#2772,#2343,#2344);
#2051=AXIS2_PLACEMENT_3D('',#2776,#2347,#2348);
#2052=AXIS2_PLACEMENT_3D('',#2780,#2351,#2352);
#2053=AXIS2_PLACEMENT_3D('',#2784,#2355,#2356);
#2054=AXIS2_PLACEMENT_3D('',#2788,#2359,#2360);
#2055=AXIS2_PLACEMENT_3D('',#2792,#2363,#2364);
#2056=AXIS2_PLACEMENT_3D('',#2796,#2367,#2368);
#2057=AXIS2_PLACEMENT_3D('',#2798,#2370,#2371);
#2058=AXIS2_PLACEMENT_3D('',#2802,#2375,#2376);
#2059=AXIS2_PLACEMENT_3D('',#2808,#2380,#2381);
#2060=AXIS2_PLACEMENT_3D('',#2812,#2384,#2385);
#2061=AXIS2_PLACEMENT_3D('',#2816,#2388,#2389);
#2062=AXIS2_PLACEMENT_3D('',#2818,#2391,#2392);
#2063=AXIS2_PLACEMENT_3D('',#2824,#2396,#2397);
#2064=AXIS2_PLACEMENT_3D('',#2828,#2400,#2401);
#2065=AXIS2_PLACEMENT_3D('',#2832,#2404,#2405);
#2066=AXIS2_PLACEMENT_3D('',#2834,#2407,#2408);
#2067=AXIS2_PLACEMENT_3D('',#2838,#2412,#2413);
#2068=AXIS2_PLACEMENT_3D('',#2841,#2416,#2417);
#2069=AXIS2_PLACEMENT_3D('',#2842,#2418,#2419);
#2070=AXIS2_PLACEMENT_3D('',#2843,#2420,#2421);
#2071=AXIS2_PLACEMENT_3D('',#2846,#2424,#2425);
#2072=AXIS2_PLACEMENT_3D('',#2847,#2426,#2427);
#2073=AXIS2_PLACEMENT_3D('',#2848,#2428,#2429);
#2074=AXIS2_PLACEMENT_3D('',#2851,#2432,#2433);
#2075=AXIS2_PLACEMENT_3D('',#2852,#2434,#2435);
#2076=AXIS2_PLACEMENT_3D('',#2853,#2436,#2437);
#2077=AXIS2_PLACEMENT_3D('',#2854,#2438,#2439);
#2078=AXIS2_PLACEMENT_3D('',#2855,#2440,#2441);
#2079=AXIS2_PLACEMENT_3D('',#2856,#2442,#2443);
#2080=AXIS2_PLACEMENT_3D('',#2857,#2444,#2445);
#2081=AXIS2_PLACEMENT_3D('',#2858,#2446,#2447);
#2082=AXIS2_PLACEMENT_3D('',#2859,#2448,#2449);
#2083=AXIS2_PLACEMENT_3D('',#2860,#2450,#2451);
#2084=AXIS2_PLACEMENT_3D('',#2861,#2452,#2453);
#2085=AXIS2_PLACEMENT_3D('',#2862,#2454,#2455);
#2086=AXIS2_PLACEMENT_3D('',#2863,#2456,#2457);
#2087=AXIS2_PLACEMENT_3D('',#2864,#2458,#2459);
#2088=AXIS2_PLACEMENT_3D('',#2865,#2460,#2461);
#2089=AXIS2_PLACEMENT_3D('',#2866,#2462,#2463);
#2090=AXIS2_PLACEMENT_3D('',#2867,#2464,#2465);
#2091=AXIS2_PLACEMENT_3D('',#2868,#2466,#2467);
#2092=AXIS2_PLACEMENT_3D('',#2869,#2468,#2469);
#2093=AXIS2_PLACEMENT_3D('',#2870,#2470,#2471);
#2094=AXIS2_PLACEMENT_3D('',#2871,#2472,#2473);
#2095=AXIS2_PLACEMENT_3D('',#2872,#2474,#2475);
#2096=AXIS2_PLACEMENT_3D('',#2873,#2476,#2477);
#2097=AXIS2_PLACEMENT_3D('',#2874,#2478,#2479);
#2098=DIRECTION('',(0.,0.,1.));
#2099=DIRECTION('',(1.,0.,0.));
#2100=DIRECTION('',(0.,-1.,0.));
#2101=DIRECTION('',(0.,0.,-1.));
#2102=DIRECTION('',(1.,0.,1.39894864944642E-16));
#2103=DIRECTION('',(-2.12670706705141E-14,0.,1.));
#2104=DIRECTION('',(1.,0.,1.39894864944642E-16));
#2105=DIRECTION('',(1.39894864944642E-16,0.,-1.));
#2106=DIRECTION('',(-1.,0.,4.36681027948557E-18));
#2107=DIRECTION('',(-2.15441485847654E-14,0.,-1.));
#2108=DIRECTION('',(-2.12670706705141E-14,0.,1.));
#2109=DIRECTION('',(-1.,0.,0.));
#2110=DIRECTION('',(0.,-1.,0.));
#2111=DIRECTION('',(0.,0.,-1.));
#2112=DIRECTION('',(0.,0.,-1.));
#2113=DIRECTION('',(0.,-1.,0.));
#2114=DIRECTION('',(0.,0.,-1.));
#2115=DIRECTION('',(0.,-1.,0.));
#2116=DIRECTION('',(0.,0.,-1.));
#2117=DIRECTION('',(1.,0.,1.39894864944642E-16));
#2118=DIRECTION('',(1.07021268599104E-14,0.,1.));
#2119=DIRECTION('',(1.,0.,1.39894864944642E-16));
#2120=DIRECTION('',(0.,-1.,0.));
#2121=DIRECTION('',(0.,0.,-1.));
#2122=DIRECTION('',(1.,0.,1.39894864944642E-16));
#2123=DIRECTION('',(-2.12670706705141E-14,0.,1.));
#2124=DIRECTION('',(1.,0.,2.77135646271921E-16));
#2125=DIRECTION('',(-1.07021268599104E-14,0.,-1.));
#2126=DIRECTION('',(0.,-1.,0.));
#2127=DIRECTION('',(0.,0.,-1.));
#2128=DIRECTION('',(-0.999999994011519,0.,0.000109439309740976));
#2129=DIRECTION('',(-2.12670706705141E-14,0.,1.));
#2130=DIRECTION('',(-1.,0.,0.));
#2131=DIRECTION('',(1.39894864944642E-16,0.,-1.));
#2132=DIRECTION('',(0.,-1.,0.));
#2133=DIRECTION('',(0.,0.,-1.));
#2134=DIRECTION('',(-1.,0.,0.));
#2135=DIRECTION('',(1.39894864944642E-16,0.,-1.));
#2136=DIRECTION('',(-1.39894864944642E-16,0.,1.));
#2137=DIRECTION('',(-1.,0.,4.3668102794854E-18));
#2138=DIRECTION('',(-1.39894864944642E-16,0.,1.));
#2139=DIRECTION('',(1.,0.,1.39894864944642E-16));
#2140=DIRECTION('',(1.39894864944642E-16,0.,-1.));
#2141=DIRECTION('',(1.,0.,1.39894864944642E-16));
#2142=DIRECTION('',(0.,-1.,0.));
#2143=DIRECTION('',(0.,0.,-1.));
#2144=DIRECTION('',(-3.86269557589002E-16,0.,1.));
#2145=DIRECTION('',(0.,-1.,0.));
#2146=DIRECTION('',(0.,0.,-1.));
#2147=DIRECTION('',(0.,-1.,0.));
#2148=DIRECTION('',(0.,0.,-1.));
#2149=DIRECTION('',(-1.,0.,-1.84911505563607E-16));
#2150=DIRECTION('',(-1.,0.,0.));
#2151=DIRECTION('',(0.,-1.,0.));
#2152=DIRECTION('',(0.,0.,-1.));
#2153=DIRECTION('',(1.,0.,1.39894864944642E-16));
#2154=DIRECTION('',(0.,-1.,0.));
#2155=DIRECTION('',(0.,0.,-1.));
#2156=DIRECTION('',(0.,0.,-1.));
#2157=DIRECTION('',(0.,-1.,0.));
#2158=DIRECTION('',(0.,0.,-1.));
#2159=DIRECTION('',(-1.,0.,0.));
#2160=DIRECTION('',(2.12670706705141E-14,0.,-1.));
#2161=DIRECTION('',(-1.,0.,-2.84156540168769E-16));
#2162=DIRECTION('',(5.55799345578571E-16,0.,-1.));
#2163=DIRECTION('',(1.,0.,2.77135646271921E-16));
#2164=DIRECTION('',(0.,-1.,0.));
#2165=DIRECTION('',(0.,0.,-1.));
#2166=DIRECTION('',(1.,0.,2.77135646271921E-16));
#2167=DIRECTION('',(1.39894864944642E-16,0.,-1.));
#2168=DIRECTION('',(1.,0.,1.39894864944642E-16));
#2169=DIRECTION('',(-1.39894864944642E-16,0.,1.));
#2170=DIRECTION('',(0.,0.,-1.));
#2171=DIRECTION('',(-1.,0.,0.));
#2172=DIRECTION('',(0.,1.,0.));
#2173=DIRECTION('',(0.,0.,-1.));
#2174=DIRECTION('',(1.,0.,0.));
#2175=DIRECTION('',(-1.,0.,0.));
#2176=DIRECTION('',(0.,0.,-1.));
#2177=DIRECTION('',(1.,0.,0.));
#2178=DIRECTION('',(0.,-1.,0.));
#2179=DIRECTION('',(0.,0.,-1.));
#2180=DIRECTION('',(-1.,0.,0.));
#2181=DIRECTION('',(0.,0.,-1.));
#2182=DIRECTION('',(-1.,0.,0.));
#2183=DIRECTION('',(0.,1.,0.));
#2184=DIRECTION('',(0.,-1.,0.));
#2185=DIRECTION('',(0.,0.,-1.));
#2186=DIRECTION('',(-1.,0.,0.));
#2187=DIRECTION('',(-1.,0.,0.));
#2188=DIRECTION('',(0.,0.,-1.));
#2189=DIRECTION('',(-1.,0.,0.));
#2190=DIRECTION('',(0.,1.,0.));
#2191=DIRECTION('',(-1.,0.,0.));
#2192=DIRECTION('',(0.,1.,0.));
#2193=DIRECTION('',(0.,-1.,0.));
#2194=DIRECTION('',(0.,0.,-1.));
#2195=DIRECTION('',(-0.0691362545406665,0.,-0.997607226471465));
#2196=DIRECTION('',(0.,-1.,0.));
#2197=DIRECTION('',(0.,0.,-1.));
#2198=DIRECTION('',(-1.,0.,-1.05817415112126E-16));
#2199=DIRECTION('',(0.,-1.,0.));
#2200=DIRECTION('',(0.,0.,-1.));
#2201=DIRECTION('',(-0.0691362545406665,0.,0.997607226471465));
#2202=DIRECTION('',(0.,-1.,0.));
#2203=DIRECTION('',(0.,0.,-1.));
#2204=DIRECTION('',(1.,0.,1.39894864944642E-16));
#2205=DIRECTION('',(1.39894864944642E-16,0.,-1.));
#2206=DIRECTION('',(1.,0.,1.39894864944642E-16));
#2207=DIRECTION('',(0.,-1.,0.));
#2208=DIRECTION('',(0.,0.,-1.));
#2209=DIRECTION('',(1.,0.,1.39894864944642E-16));
#2210=DIRECTION('',(-5.56090572737212E-15,0.,1.));
#2211=DIRECTION('',(1.,0.,2.77135646271921E-16));
#2212=DIRECTION('',(-3.92586328187594E-15,0.,-1.));
#2213=DIRECTION('',(0.,-1.,0.));
#2214=DIRECTION('',(0.,0.,-1.));
#2215=DIRECTION('',(1.,0.,1.39894864944642E-16));
#2216=DIRECTION('',(-5.56090572737209E-15,0.,1.));
#2217=DIRECTION('',(1.,0.,2.77135646271921E-16));
#2218=DIRECTION('',(5.56090572737206E-15,0.,-1.));
#2219=DIRECTION('',(-1.39894864944642E-16,0.,1.));
#2220=DIRECTION('',(1.,0.,1.39894864944642E-16));
#2221=DIRECTION('',(0.,1.,0.));
#2222=DIRECTION('',(0.,1.,0.));
#2223=DIRECTION('',(-1.39894864944642E-16,0.,1.));
#2224=DIRECTION('',(1.,0.,1.39894864944642E-16));
#2225=DIRECTION('',(1.,0.,1.39894864944642E-16));
#2226=DIRECTION('',(0.,1.,0.));
#2227=DIRECTION('',(0.,1.,0.));
#2228=DIRECTION('',(-1.39894864944642E-16,0.,1.));
#2229=DIRECTION('',(1.,0.,1.39894864944642E-16));
#2230=DIRECTION('',(1.,0.,1.39894864944642E-16));
#2231=DIRECTION('',(0.,1.,0.));
#2232=DIRECTION('',(0.,1.,0.));
#2233=DIRECTION('',(1.39894864944642E-16,0.,-1.));
#2234=DIRECTION('',(-1.,0.,-1.39894864944642E-16));
#2235=DIRECTION('',(0.,1.,0.));
#2236=DIRECTION('',(1.,0.,1.39894864944642E-16));
#2237=DIRECTION('',(0.,1.,0.));
#2238=DIRECTION('',(1.,0.,1.39894864944642E-16));
#2239=DIRECTION('',(1.39894864944642E-16,0.,-1.));
#2240=DIRECTION('',(-1.,0.,-1.39894864944642E-16));
#2241=DIRECTION('',(0.,1.,0.));
#2242=DIRECTION('',(1.,0.,1.39894864944642E-16));
#2243=DIRECTION('',(0.,1.,0.));
#2244=DIRECTION('',(1.,0.,1.39894864944642E-16));
#2245=DIRECTION('',(1.39894864944642E-16,0.,-1.));
#2246=DIRECTION('',(-1.,0.,-1.39894864944642E-16));
#2247=DIRECTION('',(0.,1.,0.));
#2248=DIRECTION('',(0.,-1.,0.));
#2249=DIRECTION('',(1.,0.,1.39894864944642E-16));
#2250=DIRECTION('',(-2.77135646271921E-16,0.,1.));
#2251=DIRECTION('',(1.,0.,2.77135646271921E-16));
#2252=DIRECTION('',(1.,0.,2.77135646271921E-16));
#2253=DIRECTION('',(0.,1.,0.));
#2254=DIRECTION('',(0.,1.,0.));
#2255=DIRECTION('',(-2.77135646271921E-16,0.,1.));
#2256=DIRECTION('',(1.,0.,2.77135646271921E-16));
#2257=DIRECTION('',(0.,1.,0.));
#2258=DIRECTION('',(1.,0.,2.77135646271921E-16));
#2259=DIRECTION('',(0.,1.,0.));
#2260=DIRECTION('',(-2.77135646271921E-16,0.,1.));
#2261=DIRECTION('',(1.,0.,2.77135646271921E-16));
#2262=DIRECTION('',(0.,1.,0.));
#2263=DIRECTION('',(1.,0.,2.77135646271921E-16));
#2264=DIRECTION('',(0.,1.,0.));
#2265=DIRECTION('',(0.,-1.,0.));
#2266=DIRECTION('',(0.,0.,-1.));
#2267=DIRECTION('',(0.,-1.,0.));
#2268=DIRECTION('',(0.,0.,-1.));
#2269=DIRECTION('',(-0.0691362545406665,0.,-0.997607226471465));
#2270=DIRECTION('',(-0.0691362545406665,0.,0.997607226471465));
#2271=DIRECTION('',(0.,-1.,0.));
#2272=DIRECTION('',(0.,0.,-1.));
#2273=DIRECTION('',(-1.,0.,-1.05817415112126E-16));
#2274=DIRECTION('',(0.,-1.,0.));
#2275=DIRECTION('',(0.,0.,-1.));
#2276=DIRECTION('',(5.56090572737212E-15,0.,-1.));
#2277=DIRECTION('',(3.92586328187594E-15,0.,1.));
#2278=DIRECTION('',(0.,-1.,0.));
#2279=DIRECTION('',(0.,0.,-1.));
#2280=DIRECTION('',(5.56090572737209E-15,0.,-1.));
#2281=DIRECTION('',(-5.56090572737206E-15,0.,1.));
#2282=DIRECTION('',(0.,-1.,0.));
#2283=DIRECTION('',(0.,0.,-1.));
#2284=DIRECTION('',(0.,-1.,0.));
#2285=DIRECTION('',(0.,0.,-1.));
#2286=DIRECTION('',(-3.86269557589002E-16,0.,1.));
#2287=DIRECTION('',(0.,-1.,0.));
#2288=DIRECTION('',(0.,0.,-1.));
#2289=DIRECTION('',(1.,0.,1.39894864944642E-16));
#2290=DIRECTION('',(1.,0.,2.77135646271921E-16));
#2291=DIRECTION('',(-5.55799345578571E-16,0.,1.));
#2292=DIRECTION('',(-1.,0.,-2.8415654016877E-16));
#2293=DIRECTION('',(-1.39894864944642E-16,0.,1.));
#2294=DIRECTION('',(-0.997607226471465,0.,-0.0691362545406665));
#2295=DIRECTION('',(-0.0691362545406665,0.,0.997607226471465));
#2296=DIRECTION('',(-0.0691362545406665,0.,0.997607226471465));
#2297=DIRECTION('',(0.,1.,0.));
#2298=DIRECTION('',(-0.0691362545406665,0.,0.997607226471465));
#2299=DIRECTION('',(0.,1.,0.));
#2300=DIRECTION('',(0.,0.,1.));
#2301=DIRECTION('',(0.,-1.,0.));
#2302=DIRECTION('',(0.,0.,-1.));
#2303=DIRECTION('',(0.,1.,0.));
#2304=DIRECTION('',(0.,-1.,0.));
#2305=DIRECTION('',(0.,0.,-1.));
#2306=DIRECTION('',(1.05817415112126E-16,0.,-1.));
#2307=DIRECTION('',(-1.,0.,-1.05817415112126E-16));
#2308=DIRECTION('',(-1.,0.,-1.05817415112126E-16));
#2309=DIRECTION('',(0.,1.,0.));
#2310=DIRECTION('',(-1.,0.,-1.05817415112126E-16));
#2311=DIRECTION('',(0.,1.,0.));
#2312=DIRECTION('',(0.,0.,1.));
#2313=DIRECTION('',(0.,-1.,0.));
#2314=DIRECTION('',(0.,0.,-1.));
#2315=DIRECTION('',(0.,1.,0.));
#2316=DIRECTION('',(0.,-1.,0.));
#2317=DIRECTION('',(0.,0.,-1.));
#2318=DIRECTION('',(0.997607226471465,0.,-0.0691362545406664));
#2319=DIRECTION('',(-0.0691362545406665,0.,-0.997607226471465));
#2320=DIRECTION('',(-0.0691362545406665,0.,-0.997607226471465));
#2321=DIRECTION('',(0.,1.,0.));
#2322=DIRECTION('',(-0.0691362545406665,0.,-0.997607226471465));
#2323=DIRECTION('',(1.,0.,0.));
#2324=DIRECTION('',(0.,0.,-1.));
#2325=DIRECTION('',(0.,1.,0.));
#2326=DIRECTION('',(0.,1.,0.));
#2327=DIRECTION('',(-1.39894864944642E-16,0.,1.));
#2328=DIRECTION('',(1.,0.,1.39894864944642E-16));
#2329=DIRECTION('',(0.,1.,0.));
#2330=DIRECTION('',(0.,1.,0.));
#2331=DIRECTION('',(-1.,0.,-3.86269557589002E-16));
#2332=DIRECTION('',(-3.86269557589002E-16,0.,1.));
#2333=DIRECTION('',(0.,1.,0.));
#2334=DIRECTION('',(0.,1.,0.));
#2335=DIRECTION('',(0.,0.,-1.));
#2336=DIRECTION('',(-1.,0.,0.));
#2337=DIRECTION('',(0.,1.,0.));
#2338=DIRECTION('',(-1.84911505563607E-16,0.,1.));
#2339=DIRECTION('',(1.,0.,1.84911505563607E-16));
#2340=DIRECTION('',(0.,-1.,0.));
#2341=DIRECTION('',(-1.,0.,-1.84911505563607E-16));
#2342=DIRECTION('',(0.,-1.,0.));
#2343=DIRECTION('',(-1.,0.,2.15441485847654E-14));
#2344=DIRECTION('',(2.15441485847654E-14,0.,1.));
#2345=DIRECTION('',(0.,-1.,0.));
#2346=DIRECTION('',(-2.15441485847654E-14,0.,-1.));
#2347=DIRECTION('',(4.36681027948557E-18,0.,1.));
#2348=DIRECTION('',(1.,0.,-4.36681027948557E-18));
#2349=DIRECTION('',(0.,-1.,0.));
#2350=DIRECTION('',(-1.,0.,4.36681027948557E-18));
#2351=DIRECTION('',(-1.,0.,-1.39894864944642E-16));
#2352=DIRECTION('',(-1.39894864944642E-16,0.,1.));
#2353=DIRECTION('',(0.,-1.,0.));
#2354=DIRECTION('',(1.39894864944642E-16,0.,-1.));
#2355=DIRECTION('',(1.39894864944642E-16,0.,-1.));
#2356=DIRECTION('',(-1.,0.,-1.39894864944642E-16));
#2357=DIRECTION('',(0.,1.,0.));
#2358=DIRECTION('',(1.,0.,1.39894864944642E-16));
#2359=DIRECTION('',(1.,0.,1.39894864944642E-16));
#2360=DIRECTION('',(1.39894864944642E-16,0.,-1.));
#2361=DIRECTION('',(0.,-1.,0.));
#2362=DIRECTION('',(-1.39894864944642E-16,0.,1.));
#2363=DIRECTION('',(4.3668102794854E-18,0.,1.));
#2364=DIRECTION('',(1.,0.,-4.3668102794854E-18));
#2365=DIRECTION('',(0.,-1.,0.));
#2366=DIRECTION('',(-1.,0.,4.3668102794854E-18));
#2367=DIRECTION('',(1.,0.,1.39894864944642E-16));
#2368=DIRECTION('',(1.39894864944642E-16,0.,-1.));
#2369=DIRECTION('',(-1.39894864944642E-16,0.,1.));
#2370=DIRECTION('',(0.,-1.,0.));
#2371=DIRECTION('',(0.,0.,-1.));
#2372=DIRECTION('',(1.,0.,1.39894864944642E-16));
#2373=DIRECTION('',(1.,0.,1.39894864944642E-16));
#2374=DIRECTION('',(1.,0.,1.39894864944642E-16));
#2375=DIRECTION('',(-0.000109439309740976,0.,-0.999999994011519));
#2376=DIRECTION('',(-0.999999994011519,0.,0.000109439309740976));
#2377=DIRECTION('',(0.,1.,0.));
#2378=DIRECTION('',(-0.999999994011519,0.,0.000109439309740976));
#2379=DIRECTION('',(0.,1.,0.));
#2380=DIRECTION('',(1.,0.,2.12670706705141E-14));
#2381=DIRECTION('',(2.12670706705141E-14,0.,-1.));
#2382=DIRECTION('',(2.12670706705141E-14,0.,-1.));
#2383=DIRECTION('',(0.,1.,0.));
#2384=DIRECTION('',(2.84156540168769E-16,0.,-1.));
#2385=DIRECTION('',(-1.,0.,-2.84156540168769E-16));
#2386=DIRECTION('',(-1.,0.,-2.84156540168769E-16));
#2387=DIRECTION('',(0.,1.,0.));
#2388=DIRECTION('',(1.,0.,5.55799345578571E-16));
#2389=DIRECTION('',(5.55799345578571E-16,0.,-1.));
#2390=DIRECTION('',(5.55799345578571E-16,0.,-1.));
#2391=DIRECTION('',(-2.77135646271921E-16,0.,1.));
#2392=DIRECTION('',(1.,0.,2.77135646271921E-16));
#2393=DIRECTION('',(0.,1.,0.));
#2394=DIRECTION('',(1.,0.,2.77135646271921E-16));
#2395=DIRECTION('',(0.,1.,0.));
#2396=DIRECTION('',(-1.,0.,-5.55799345578571E-16));
#2397=DIRECTION('',(-5.55799345578571E-16,0.,1.));
#2398=DIRECTION('',(-5.55799345578571E-16,0.,1.));
#2399=DIRECTION('',(0.,1.,0.));
#2400=DIRECTION('',(2.84156540168769E-16,0.,-1.));
#2401=DIRECTION('',(-1.,0.,-2.8415654016877E-16));
#2402=DIRECTION('',(-1.,0.,-2.8415654016877E-16));
#2403=DIRECTION('',(0.,1.,0.));
#2404=DIRECTION('',(-1.,0.,-1.39894864944642E-16));
#2405=DIRECTION('',(-1.39894864944642E-16,0.,1.));
#2406=DIRECTION('',(-1.39894864944642E-16,0.,1.));
#2407=DIRECTION('',(0.,-1.,0.));
#2408=DIRECTION('',(0.,0.,-1.));
#2409=DIRECTION('',(1.,0.,2.77135646271921E-16));
#2410=DIRECTION('',(1.,0.,2.77135646271921E-16));
#2411=DIRECTION('',(1.,0.,2.77135646271921E-16));
#2412=DIRECTION('',(4.10945408066018E-16,0.,-1.));
#2413=DIRECTION('',(-1.,0.,-4.10945408066018E-16));
#2414=DIRECTION('',(0.,1.,0.));
#2415=DIRECTION('',(0.,1.,0.));
#2416=DIRECTION('',(-1.,0.,-1.39894864944642E-16));
#2417=DIRECTION('',(-1.39894864944642E-16,0.,1.));
#2418=DIRECTION('',(1.,0.,5.56090572737206E-15));
#2419=DIRECTION('',(5.56090572737206E-15,0.,-1.));
#2420=DIRECTION('',(4.10945408066018E-16,0.,-1.));
#2421=DIRECTION('',(-1.,0.,-4.10945408066018E-16));
#2422=DIRECTION('',(0.,1.,0.));
#2423=DIRECTION('',(0.,1.,0.));
#2424=DIRECTION('',(1.,0.,-3.92586328187594E-15));
#2425=DIRECTION('',(-3.92586328187594E-15,0.,-1.));
#2426=DIRECTION('',(-1.,0.,-5.56090572737209E-15));
#2427=DIRECTION('',(-5.56090572737209E-15,0.,1.));
#2428=DIRECTION('',(4.10945408066018E-16,0.,-1.));
#2429=DIRECTION('',(-1.,0.,-4.10945408066018E-16));
#2430=DIRECTION('',(0.,1.,0.));
#2431=DIRECTION('',(0.,1.,0.));
#2432=DIRECTION('',(1.,0.,-1.07021268599104E-14));
#2433=DIRECTION('',(-1.07021268599104E-14,0.,-1.));
#2434=DIRECTION('',(-1.,0.,-5.56090572737212E-15));
#2435=DIRECTION('',(-5.56090572737212E-15,0.,1.));
#2436=DIRECTION('',(0.0691362545406665,0.,-0.997607226471465));
#2437=DIRECTION('',(-0.997607226471465,0.,-0.0691362545406665));
#2438=DIRECTION('',(-0.06913625454066,0.,0.997607226471465));
#2439=DIRECTION('',(0.997607226471465,0.,0.06913625454066));
#2440=DIRECTION('',(0.,-1.,0.));
#2441=DIRECTION('',(0.,0.,-1.));
#2442=DIRECTION('',(-1.,0.,0.));
#2443=DIRECTION('',(0.,0.,1.));
#2444=DIRECTION('',(1.,0.,1.05817415112126E-16));
#2445=DIRECTION('',(1.05817415112126E-16,0.,-1.));
#2446=DIRECTION('',(-1.,0.,0.));
#2447=DIRECTION('',(0.,0.,1.));
#2448=DIRECTION('',(0.,-1.,0.));
#2449=DIRECTION('',(0.,0.,-1.));
#2450=DIRECTION('',(-0.0691362545406715,0.,-0.997607226471464));
#2451=DIRECTION('',(-0.997607226471464,0.,0.0691362545406715));
#2452=DIRECTION('',(0.0691362545406665,0.,0.997607226471465));
#2453=DIRECTION('',(0.997607226471465,0.,-0.0691362545406665));
#2454=DIRECTION('',(-0.0691362545406665,0.,0.997607226471465));
#2455=DIRECTION('',(0.997607226471465,0.,0.0691362545406665));
#2456=DIRECTION('',(-0.0691362545406708,-1.0816079222276E-14,0.997607226471464));
#2457=DIRECTION('',(0.997607226471464,0.,0.0691362545406708));
#2458=DIRECTION('',(0.,-1.,0.));
#2459=DIRECTION('',(0.,0.,-1.));
#2460=DIRECTION('',(-1.,0.,0.));
#2461=DIRECTION('',(0.,0.,1.));
#2462=DIRECTION('',(-1.,0.,-1.05817415112126E-16));
#2463=DIRECTION('',(-1.05817415112126E-16,0.,1.));
#2464=DIRECTION('',(-1.,0.,0.));
#2465=DIRECTION('',(0.,0.,1.));
#2466=DIRECTION('',(0.,-1.,0.));
#2467=DIRECTION('',(0.,0.,-1.));
#2468=DIRECTION('',(-0.0691362545406708,-7.49576773705063E-16,-0.997607226471464));
#2469=DIRECTION('',(-0.997607226471464,0.,0.0691362545406708));
#2470=DIRECTION('',(-0.0691362545406665,0.,-0.997607226471465));
#2471=DIRECTION('',(-0.997607226471465,0.,0.0691362545406665));
#2472=DIRECTION('',(0.,1.,0.));
#2473=DIRECTION('',(0.,0.,1.));
#2474=DIRECTION('',(0.,1.,0.));
#2475=DIRECTION('',(0.,0.,1.));
#2476=DIRECTION('',(0.,1.,0.));
#2477=DIRECTION('',(0.,0.,1.));
#2478=DIRECTION('',(0.,1.,0.));
#2479=DIRECTION('',(0.,0.,1.));
#2480=CARTESIAN_POINT('',(0.,0.,0.));
#2481=CARTESIAN_POINT('',(0.510688285608499,-0.25,0.740591332214093));
#2482=CARTESIAN_POINT('',(0.8,-0.25,-1.0842021724855E-16));
#2483=CARTESIAN_POINT('',(-0.79,-0.25,-3.30853052510531E-16));
#2484=CARTESIAN_POINT('',(-0.602111884393221,-0.25,-3.14914560849334E-16));
#2485=CARTESIAN_POINT('',(-0.602111884393237,-0.25,0.740591332214069));
#2486=CARTESIAN_POINT('',(-0.602111884393222,-0.25,0.00999999999999971));
#2487=CARTESIAN_POINT('',(0.79,-0.25,0.00999999999999992));
#2488=CARTESIAN_POINT('',(-0.79,-0.25,0.0099999999999997));
#2489=CARTESIAN_POINT('',(-0.79,-0.25,0.0099999999999997));
#2490=CARTESIAN_POINT('',(-0.79,-0.25,0.270685379208453));
#2491=CARTESIAN_POINT('',(-0.79,-0.25,0.270685379208453));
#2492=CARTESIAN_POINT('',(-0.602111884393227,-0.25,0.270685379208453));
#2493=CARTESIAN_POINT('',(-0.602111884393227,-0.25,0.275685379208453));
#2494=CARTESIAN_POINT('',(-0.602111884393227,-0.25,0.275685379208453));
#2495=CARTESIAN_POINT('',(-0.602111884393237,-0.25,0.740591332214069));
#2496=CARTESIAN_POINT('',(-0.602111884393227,-0.25,0.280685379208453));
#2497=CARTESIAN_POINT('',(-0.8,-0.25,0.280685379208453));
#2498=CARTESIAN_POINT('',(-0.79,-0.25,0.280685379208453));
#2499=CARTESIAN_POINT('',(-0.79,-0.25,0.270685379208453));
#2500=CARTESIAN_POINT('',(-0.8,-0.25,0.270685379208453));
#2501=CARTESIAN_POINT('',(-0.8,-0.25,-3.32252001159978E-16));
#2502=CARTESIAN_POINT('',(-0.8,-0.25,0.00999999999999968));
#2503=CARTESIAN_POINT('',(-0.79,-0.25,0.00999999999999968));
#2504=CARTESIAN_POINT('',(0.510688285608499,-0.25,0.740591332214093));
#2505=CARTESIAN_POINT('',(0.8,-0.25,-1.0842021724855E-16));
#2506=CARTESIAN_POINT('',(-0.55,-0.25,-2.16840434497101E-16));
#2507=CARTESIAN_POINT('',(-0.549999999999992,-0.25,0.740591332214105));
#2508=CARTESIAN_POINT('',(-0.55,-0.25,0.00999999999999981));
#2509=CARTESIAN_POINT('',(0.79,-0.25,0.00999999999999992));
#2510=CARTESIAN_POINT('',(0.510688285608499,0.25,0.740591332214093));
#2511=CARTESIAN_POINT('',(0.8,0.25,-1.0842021724855E-16));
#2512=CARTESIAN_POINT('',(-0.602111884393221,0.25,-3.14914560849334E-16));
#2513=CARTESIAN_POINT('',(-0.55,0.25,-2.16840434497101E-16));
#2514=CARTESIAN_POINT('',(-0.602111884393237,0.25,0.740591332214069));
#2515=CARTESIAN_POINT('',(-0.602111884393221,0.25,0.00999999999999973));
#2516=CARTESIAN_POINT('',(-0.79,0.25,0.0099999999999997));
#2517=CARTESIAN_POINT('',(-0.55,0.25,0.00999999999999981));
#2518=CARTESIAN_POINT('',(-0.55,0.25,0.00999999999999981));
#2519=CARTESIAN_POINT('',(0.510688285608499,0.25,0.740591332214093));
#2520=CARTESIAN_POINT('',(-0.602111884393227,0.25,0.275817168627272));
#2521=CARTESIAN_POINT('',(0.602111884393227,0.25,0.275685379208453));
#2522=CARTESIAN_POINT('',(-0.602111884393227,0.25,0.275817168627272));
#2523=CARTESIAN_POINT('',(-0.602111884393237,0.25,0.740591332214069));
#2524=CARTESIAN_POINT('',(-0.602111884393227,0.25,0.280685379208453));
#2525=CARTESIAN_POINT('',(-0.8,0.25,0.280685379208453));
#2526=CARTESIAN_POINT('',(0.602111884393227,0.25,0.280685379208453));
#2527=CARTESIAN_POINT('',(0.602111884393227,0.25,0.740591332214093));
#2528=CARTESIAN_POINT('',(0.510688285608499,-0.25,0.740591332214093));
#2529=CARTESIAN_POINT('',(-0.8,-0.25,0.280685379208453));
#2530=CARTESIAN_POINT('',(0.79,-0.25,0.280685379208453));
#2531=CARTESIAN_POINT('',(0.602111884393227,-0.25,0.280685379208453));
#2532=CARTESIAN_POINT('',(0.602111884393227,-0.25,0.740591332214093));
#2533=CARTESIAN_POINT('',(0.602111884393227,-0.25,0.275685379208453));
#2534=CARTESIAN_POINT('',(0.602111884393227,-0.25,0.275685379208453));
#2535=CARTESIAN_POINT('',(0.602111884393227,-0.25,0.270685379208453));
#2536=CARTESIAN_POINT('',(0.602111884393227,-0.25,0.270685379208453));
#2537=CARTESIAN_POINT('',(0.79,-0.25,0.270685379208453));
#2538=CARTESIAN_POINT('',(0.79,-0.25,0.270685379208453));
#2539=CARTESIAN_POINT('',(0.79,-0.25,0.00999999999999992));
#2540=CARTESIAN_POINT('',(0.79,-0.25,0.00999999999999992));
#2541=CARTESIAN_POINT('',(0.602111884393227,-0.25,0.0099999999999999));
#2542=CARTESIAN_POINT('',(0.602111884393227,-0.25,0.740591332214093));
#2543=CARTESIAN_POINT('',(0.602111884393227,-0.25,-1.2226198285203E-16));
#2544=CARTESIAN_POINT('',(0.8,-0.25,-1.0842021724855E-16));
#2545=CARTESIAN_POINT('',(0.79,-0.25,-1.09819165897997E-16));
#2546=CARTESIAN_POINT('',(0.79,-0.25,0.00999999999999992));
#2547=CARTESIAN_POINT('',(0.8,-0.25,0.00999999999999992));
#2548=CARTESIAN_POINT('',(0.8,-0.25,0.280685379208453));
#2549=CARTESIAN_POINT('',(0.8,-0.25,0.270685379208453));
#2550=CARTESIAN_POINT('',(0.79,-0.25,0.270685379208453));
#2551=CARTESIAN_POINT('',(0.510688285608499,-0.25,0.740591332214093));
#2552=CARTESIAN_POINT('',(-0.602111884393227,-0.25,0.275685379208453));
#2553=CARTESIAN_POINT('',(-0.8,-0.25,0.280685379208453));
#2554=CARTESIAN_POINT('',(0.510688285608499,0.25,0.740591332214093));
#2555=CARTESIAN_POINT('',(0.8,0.25,-1.0842021724855E-16));
#2556=CARTESIAN_POINT('',(-0.79,0.25,-3.30853052510531E-16));
#2557=CARTESIAN_POINT('',(-0.79,0.25,0.00999999999999968));
#2558=CARTESIAN_POINT('',(-0.8,0.25,0.00999999999999968));
#2559=CARTESIAN_POINT('',(-0.8,0.25,-3.32252001159978E-16));
#2560=CARTESIAN_POINT('',(-0.8,0.25,0.270685379208453));
#2561=CARTESIAN_POINT('',(-0.79,0.25,0.270685379208453));
#2562=CARTESIAN_POINT('',(-0.79,0.25,0.280685379208453));
#2563=CARTESIAN_POINT('',(-0.8,0.25,0.280685379208453));
#2564=CARTESIAN_POINT('',(-0.602111884393227,0.25,0.275817168627272));
#2565=CARTESIAN_POINT('',(-0.602111884393227,0.25,0.270685379208453));
#2566=CARTESIAN_POINT('',(-0.602111884393227,0.25,0.270685379208453));
#2567=CARTESIAN_POINT('',(-0.79,0.25,0.270685379208453));
#2568=CARTESIAN_POINT('',(-0.79,0.25,0.270685379208453));
#2569=CARTESIAN_POINT('',(-0.79,0.25,0.0099999999999997));
#2570=CARTESIAN_POINT('',(-0.79,0.25,0.0099999999999997));
#2571=CARTESIAN_POINT('',(0.510688285608499,0.25,0.740591332214093));
#2572=CARTESIAN_POINT('',(-0.79,0.25,0.0099999999999997));
#2573=CARTESIAN_POINT('',(0.55,0.25,0.01));
#2574=CARTESIAN_POINT('',(0.602111884393227,0.25,0.0100000000000001));
#2575=CARTESIAN_POINT('',(0.602111884393227,0.25,0.740591332214093));
#2576=CARTESIAN_POINT('',(0.602111884393227,0.25,-1.2226198285203E-16));
#2577=CARTESIAN_POINT('',(0.8,0.25,-1.0842021724855E-16));
#2578=CARTESIAN_POINT('',(0.55,0.25,-1.62630325872826E-16));
#2579=CARTESIAN_POINT('',(0.55,0.25,-1.62630325872826E-16));
#2580=CARTESIAN_POINT('',(0.8,-0.25,0.280685379208453));
#2581=CARTESIAN_POINT('',(0.602111884393227,-0.25,0.280685379208453));
#2582=CARTESIAN_POINT('',(0.602111884393227,-0.225,0.280685379208453));
#2583=CARTESIAN_POINT('',(0.592087899266966,-0.225,0.280685379208453));
#2584=CARTESIAN_POINT('',(0.592087899266966,-0.235,0.280685379208453));
#2585=CARTESIAN_POINT('',(0.8,-0.235,0.280685379208453));
#2586=CARTESIAN_POINT('',(-0.592087899266966,-0.235,0.280685379208453));
#2587=CARTESIAN_POINT('',(-0.592087899266966,-0.225,0.280685379208453));
#2588=CARTESIAN_POINT('',(-0.602111884393227,-0.225,0.280685379208453));
#2589=CARTESIAN_POINT('',(-0.602111884393227,-0.25,0.280685379208453));
#2590=CARTESIAN_POINT('',(0.8,-0.25,0.280685379208453));
#2591=CARTESIAN_POINT('',(0.592087899266966,0.225,0.280685379208453));
#2592=CARTESIAN_POINT('',(0.592087899266966,0.235,0.280685379208453));
#2593=CARTESIAN_POINT('',(0.602111884393227,0.225,0.280685379208453));
#2594=CARTESIAN_POINT('',(0.602111884393227,-0.25,0.280685379208453));
#2595=CARTESIAN_POINT('',(-0.602111884393227,-0.25,0.280685379208453));
#2596=CARTESIAN_POINT('',(-0.602111884393227,0.225,0.280685379208453));
#2597=CARTESIAN_POINT('',(-0.592087899266966,0.225,0.280685379208453));
#2598=CARTESIAN_POINT('',(-0.592087899266966,0.235,0.280685379208453));
#2599=CARTESIAN_POINT('',(0.8,0.235,0.280685379208453));
#2600=CARTESIAN_POINT('',(0.8,-0.25,0.280685379208453));
#2601=CARTESIAN_POINT('',(0.79,-0.25,0.280685379208453));
#2602=CARTESIAN_POINT('',(0.79,0.25,0.280685379208453));
#2603=CARTESIAN_POINT('',(-0.8,0.25,0.280685379208453));
#2604=CARTESIAN_POINT('',(0.602111884393227,-0.25,0.280685379208453));
#2605=CARTESIAN_POINT('',(0.510688285608499,0.235,0.740591332214093));
#2606=CARTESIAN_POINT('',(-0.555096731751334,0.235,0.814452449385868));
#2607=CARTESIAN_POINT('',(-0.559756073955493,0.235,0.747220090844677));
#2608=CARTESIAN_POINT('',(-0.513908820015999,0.235,0.744042780843062));
#2609=CARTESIAN_POINT('',(-0.513908820015999,0.235,0.79));
#2610=CARTESIAN_POINT('',(0.510688285608499,0.235,0.79));
#2611=CARTESIAN_POINT('',(0.510688285608499,0.235,0.79));
#2612=CARTESIAN_POINT('',(0.510688285608499,0.235,0.740591332214093));
#2613=CARTESIAN_POINT('',(0.559978729642047,0.235,0.744007262446655));
#2614=CARTESIAN_POINT('',(0.559978729642047,0.235,0.744007262446655));
#2615=CARTESIAN_POINT('',(0.510688285608499,-0.25,0.740591332214093));
#2616=CARTESIAN_POINT('',(0.79,-0.25,0.00999999999999992));
#2617=CARTESIAN_POINT('',(0.55,-0.25,0.01));
#2618=CARTESIAN_POINT('',(0.55,-0.25,0.740591332214093));
#2619=CARTESIAN_POINT('',(0.55,-0.25,-1.62630325872826E-16));
#2620=CARTESIAN_POINT('',(0.8,-0.25,-1.0842021724855E-16));
#2621=CARTESIAN_POINT('',(0.510688285608499,0.25,0.740591332214093));
#2622=CARTESIAN_POINT('',(0.8,0.25,-1.0842021724855E-16));
#2623=CARTESIAN_POINT('',(-0.35,0.25,-2.43071570132448E-16));
#2624=CARTESIAN_POINT('',(-0.0999999999999999,0.25,-2.16840434497101E-16));
#2625=CARTESIAN_POINT('',(-0.35,0.25,-2.71050543121376E-16));
#2626=CARTESIAN_POINT('',(-0.35,0.25,0.00999999999999981));
#2627=CARTESIAN_POINT('',(-0.79,0.25,0.0099999999999997));
#2628=CARTESIAN_POINT('',(-0.0999999999999998,0.25,0.00999999999999992));
#2629=CARTESIAN_POINT('',(-0.0999999999999998,0.25,0.00999999999999992));
#2630=CARTESIAN_POINT('',(0.510688285608499,0.25,0.740591332214093));
#2631=CARTESIAN_POINT('',(0.8,0.25,-1.0842021724855E-16));
#2632=CARTESIAN_POINT('',(0.1,0.25,-1.88861461508172E-16));
#2633=CARTESIAN_POINT('',(0.35,0.25,-1.62630325872826E-16));
#2634=CARTESIAN_POINT('',(0.1,0.25,-2.16840434497101E-16));
#2635=CARTESIAN_POINT('',(0.1,0.25,0.00999999999999992));
#2636=CARTESIAN_POINT('',(-0.79,0.25,0.0099999999999997));
#2637=CARTESIAN_POINT('',(0.35,0.25,0.00999999999999994));
#2638=CARTESIAN_POINT('',(0.35,0.25,0.01));
#2639=CARTESIAN_POINT('',(0.8,-0.25,-1.0842021724855E-16));
#2640=CARTESIAN_POINT('',(-0.79,-0.25,-3.30853052510531E-16));
#2641=CARTESIAN_POINT('',(-0.55,-0.749762709327472,-2.16840434497101E-16));
#2642=CARTESIAN_POINT('',(0.8,-0.25,-1.0842021724855E-16));
#2643=CARTESIAN_POINT('',(0.8,-0.25,-1.0842021724855E-16));
#2644=CARTESIAN_POINT('',(-0.35,-0.25,-2.69299311934889E-16));
#2645=CARTESIAN_POINT('',(-0.0999999999999999,-0.25,-2.16840434497101E-16));
#2646=CARTESIAN_POINT('',(-0.35,-0.749762709327472,-2.43071570132448E-16));
#2647=CARTESIAN_POINT('',(-0.0999999999999999,-0.749762709327472,-2.16840434497101E-16));
#2648=CARTESIAN_POINT('',(0.8,-0.25,-1.0842021724855E-16));
#2649=CARTESIAN_POINT('',(0.8,-0.25,-1.0842021724855E-16));
#2650=CARTESIAN_POINT('',(0.1,-0.25,-2.063466227098E-16));
#2651=CARTESIAN_POINT('',(0.35,-0.25,-1.62630325872826E-16));
#2652=CARTESIAN_POINT('',(0.1,-0.749762709327472,-1.88861461508172E-16));
#2653=CARTESIAN_POINT('',(0.35,-0.749762709327472,-1.62630325872826E-16));
#2654=CARTESIAN_POINT('',(0.79,-0.239709722409496,0.00999999999999992));
#2655=CARTESIAN_POINT('',(-0.35,-0.749762709327472,0.00999999999999981));
#2656=CARTESIAN_POINT('',(-0.35,-0.25,0.00999999999999981));
#2657=CARTESIAN_POINT('',(-0.35,-0.239709722409496,0.00999999999999981));
#2658=CARTESIAN_POINT('',(0.79,-0.25,0.00999999999999992));
#2659=CARTESIAN_POINT('',(-0.0999999999999998,-0.25,0.00999999999999992));
#2660=CARTESIAN_POINT('',(-0.0999999999999998,-0.749762709327472,0.00999999999999992));
#2661=CARTESIAN_POINT('',(-0.0999999999999998,-0.239709722409496,0.00999999999999992));
#2662=CARTESIAN_POINT('',(0.79,-0.239709722409496,0.00999999999999992));
#2663=CARTESIAN_POINT('',(0.79,-0.239709722409496,0.00999999999999992));
#2664=CARTESIAN_POINT('',(0.1,-0.749762709327472,0.00999999999999992));
#2665=CARTESIAN_POINT('',(0.1,-0.25,0.00999999999999992));
#2666=CARTESIAN_POINT('',(0.1,-0.239709722409496,0.00999999999999992));
#2667=CARTESIAN_POINT('',(0.79,-0.25,0.00999999999999992));
#2668=CARTESIAN_POINT('',(0.35,-0.25,0.00999999999999986));
#2669=CARTESIAN_POINT('',(0.35,-0.749762709327472,0.00999999999999994));
#2670=CARTESIAN_POINT('',(0.35,-0.239709722409496,0.00999999999999994));
#2671=CARTESIAN_POINT('',(0.79,-0.239709722409496,0.00999999999999992));
#2672=CARTESIAN_POINT('',(0.79,-0.239709722409496,0.00999999999999992));
#2673=CARTESIAN_POINT('',(0.55,-0.749762709327472,0.01));
#2674=CARTESIAN_POINT('',(0.55,-0.239709722409496,0.01));
#2675=CARTESIAN_POINT('',(0.79,-0.239709722409496,0.00999999999999992));
#2676=CARTESIAN_POINT('',(0.79,-0.239709722409496,0.00999999999999992));
#2677=CARTESIAN_POINT('',(0.79,-0.239709722409496,0.00999999999999992));
#2678=CARTESIAN_POINT('',(-0.79,0.24,0.0099999999999997));
#2679=CARTESIAN_POINT('',(-0.79,0.24,0.0099999999999997));
#2680=CARTESIAN_POINT('',(-0.79,0.24,0.0099999999999997));
#2681=CARTESIAN_POINT('',(-0.55,0.24,0.00999999999999981));
#2682=CARTESIAN_POINT('',(-0.55,-0.749762709327472,0.00999999999999981));
#2683=CARTESIAN_POINT('',(-0.79,0.24,0.0099999999999997));
#2684=CARTESIAN_POINT('',(-0.79,0.24,0.0099999999999997));
#2685=CARTESIAN_POINT('',(-0.35,-0.749762709327472,0.00999999999999981));
#2686=CARTESIAN_POINT('',(-0.35,0.24,0.00999999999999981));
#2687=CARTESIAN_POINT('',(-0.79,0.24,0.0099999999999997));
#2688=CARTESIAN_POINT('',(-0.0999999999999998,0.24,0.00999999999999992));
#2689=CARTESIAN_POINT('',(-0.0999999999999998,-0.749762709327472,0.00999999999999992));
#2690=CARTESIAN_POINT('',(-0.79,0.24,0.0099999999999997));
#2691=CARTESIAN_POINT('',(0.1,-0.749762709327472,0.00999999999999992));
#2692=CARTESIAN_POINT('',(0.1,0.24,0.00999999999999992));
#2693=CARTESIAN_POINT('',(-0.79,0.24,0.0099999999999997));
#2694=CARTESIAN_POINT('',(0.35,0.24,0.00999999999999994));
#2695=CARTESIAN_POINT('',(0.35,-0.749762709327472,0.00999999999999994));
#2696=CARTESIAN_POINT('',(0.510688285608499,-0.235,0.740591332214093));
#2697=CARTESIAN_POINT('',(-0.513908820015999,-0.235,0.744042780843062));
#2698=CARTESIAN_POINT('',(-0.513908820015999,-0.235,0.79));
#2699=CARTESIAN_POINT('',(-0.559756073955493,-0.235,0.747220090844677));
#2700=CARTESIAN_POINT('',(-0.592135812128512,-0.235,0.279994016663046));
#2701=CARTESIAN_POINT('',(0.559978729642047,-0.235,0.744007262446654));
#2702=CARTESIAN_POINT('',(0.559978729642047,-0.235,0.744007262446655));
#2703=CARTESIAN_POINT('',(0.510688285608499,-0.235,0.740591332214093));
#2704=CARTESIAN_POINT('',(0.510688285608499,-0.235,0.79));
#2705=CARTESIAN_POINT('',(-0.513908820015999,-0.235,0.79));
#2706=CARTESIAN_POINT('',(0.510688285608499,-0.25,0.740591332214093));
#2707=CARTESIAN_POINT('',(-0.350000000000004,-0.25,0.740591332214088));
#2708=CARTESIAN_POINT('',(-0.099999999999997,-0.25,0.740591332214095));
#2709=CARTESIAN_POINT('',(0.510688285608499,-0.25,0.740591332214093));
#2710=CARTESIAN_POINT('',(0.099999999999996,-0.25,0.740591332214091));
#2711=CARTESIAN_POINT('',(0.349999999999996,-0.25,0.740591332214092));
#2712=CARTESIAN_POINT('',(0.510688285608499,0.25,0.740591332214093));
#2713=CARTESIAN_POINT('',(0.79,0.25,0.270685379208453));
#2714=CARTESIAN_POINT('',(0.8,0.25,0.270685379208453));
#2715=CARTESIAN_POINT('',(0.8,0.25,0.280685379208453));
#2716=CARTESIAN_POINT('',(0.8,0.25,0.00999999999999992));
#2717=CARTESIAN_POINT('',(0.79,0.25,0.00999999999999992));
#2718=CARTESIAN_POINT('',(0.79,0.25,-1.09819165897997E-16));
#2719=CARTESIAN_POINT('',(0.8,0.25,-1.0842021724855E-16));
#2720=CARTESIAN_POINT('',(-0.79,0.25,0.0099999999999997));
#2721=CARTESIAN_POINT('',(0.79,0.25,0.0100000000000001));
#2722=CARTESIAN_POINT('',(0.79,0.25,0.0100000000000001));
#2723=CARTESIAN_POINT('',(0.79,0.25,0.270685379208453));
#2724=CARTESIAN_POINT('',(0.79,0.25,0.270685379208453));
#2725=CARTESIAN_POINT('',(0.602111884393227,0.25,0.270685379208453));
#2726=CARTESIAN_POINT('',(0.602111884393227,0.25,0.275685379208453));
#2727=CARTESIAN_POINT('',(0.602111884393227,-0.25,0.280685379208453));
#2728=CARTESIAN_POINT('',(0.602111884393227,0.225,0.280685379208453));
#2729=CARTESIAN_POINT('',(0.569954801906762,0.225,0.744698624992061));
#2730=CARTESIAN_POINT('',(0.569954801906762,-0.25,0.744698624992061));
#2731=CARTESIAN_POINT('',(0.569954801906762,-0.225,0.744698624992061));
#2732=CARTESIAN_POINT('',(0.602111884393227,-0.225,0.280685379208453));
#2733=CARTESIAN_POINT('',(0.510688285608499,-0.25,0.740591332214093));
#2734=CARTESIAN_POINT('',(0.510688285608499,0.225,0.740591332214093));
#2735=CARTESIAN_POINT('',(0.510688285608499,0.225,0.8));
#2736=CARTESIAN_POINT('',(0.510688285608499,-0.25,0.8));
#2737=CARTESIAN_POINT('',(0.510688285608499,-0.225,0.8));
#2738=CARTESIAN_POINT('',(0.510688285608499,-0.225,0.740591332214093));
#2739=CARTESIAN_POINT('',(-0.513908820015999,-0.25,0.8));
#2740=CARTESIAN_POINT('',(-0.513908820015999,0.225,0.8));
#2741=CARTESIAN_POINT('',(-0.513908820015999,0.225,0.8));
#2742=CARTESIAN_POINT('',(-0.513908820015999,-0.25,0.8));
#2743=CARTESIAN_POINT('',(-0.513908820015999,-0.225,0.8));
#2744=CARTESIAN_POINT('',(0.510688285608499,-0.225,0.8));
#2745=CARTESIAN_POINT('',(-0.513908820015999,-0.25,0.744042780843062));
#2746=CARTESIAN_POINT('',(-0.513908820015999,0.225,0.744042780843062));
#2747=CARTESIAN_POINT('',(-0.569732146220208,0.225,0.747911453390084));
#2748=CARTESIAN_POINT('',(-0.569732146220208,-0.25,0.747911453390084));
#2749=CARTESIAN_POINT('',(-0.569732146220208,-0.225,0.747911453390084));
#2750=CARTESIAN_POINT('',(-0.513908820015999,-0.225,0.744042780843062));
#2751=CARTESIAN_POINT('',(-0.602111884393227,-0.25,0.280685379208453));
#2752=CARTESIAN_POINT('',(-0.602111884393227,0.225,0.280685379208453));
#2753=CARTESIAN_POINT('',(-0.602111884393227,-0.25,0.280685379208453));
#2754=CARTESIAN_POINT('',(-0.569732146220208,-0.225,0.747911453390084));
#2755=CARTESIAN_POINT('',(-0.8,-0.25,-3.32252001159978E-16));
#2756=CARTESIAN_POINT('',(-0.8,-0.25,0.00999999999999968));
#2757=CARTESIAN_POINT('',(-0.8,-0.25,0.270685379208453));
#2758=CARTESIAN_POINT('',(0.8,-0.25,-1.0842021724855E-16));
#2759=CARTESIAN_POINT('',(0.79,-0.25,-1.09819165897997E-16));
#2760=CARTESIAN_POINT('',(0.55,-0.749762709327472,-1.62630325872826E-16));
#2761=CARTESIAN_POINT('',(0.8,-0.25,0.280685379208453));
#2762=CARTESIAN_POINT('',(0.8,-0.25,0.270685379208453));
#2763=CARTESIAN_POINT('',(0.8,-0.25,0.00999999999999992));
#2764=CARTESIAN_POINT('',(0.8,-0.25,0.280685379208453));
#2765=CARTESIAN_POINT('',(-0.79,-0.25,0.280685379208453));
#2766=CARTESIAN_POINT('',(-0.602111884393227,-0.239709722409496,0.275685379208453));
#2767=CARTESIAN_POINT('',(-0.602111884393227,-0.239709722409496,0.275685379208453));
#2768=CARTESIAN_POINT('',(-0.602111884393227,-0.239709722409496,0.275685379208453));
#2769=CARTESIAN_POINT('',(-0.602111884393227,-0.239709722409496,0.275685379208453));
#2770=CARTESIAN_POINT('',(0.602111884393227,-0.239709722409496,0.275685379208453));
#2771=CARTESIAN_POINT('',(0.602111884393227,-0.239709722409496,0.275685379208453));
#2772=CARTESIAN_POINT('',(-0.602111884393227,-0.239709722409496,0.275685379208453));
#2773=CARTESIAN_POINT('',(-0.602111884393227,-0.239709722409496,0.270685379208453));
#2774=CARTESIAN_POINT('',(-0.602111884393227,-0.239709722409496,0.270685379208453));
#2775=CARTESIAN_POINT('',(-0.602111884393227,-0.239709722409496,0.275685379208453));
#2776=CARTESIAN_POINT('',(-0.79,-0.239709722409496,0.270685379208453));
#2777=CARTESIAN_POINT('',(-0.79,-0.239709722409496,0.270685379208453));
#2778=CARTESIAN_POINT('',(-0.79,-0.239709722409496,0.270685379208453));
#2779=CARTESIAN_POINT('',(-0.79,-0.239709722409496,0.270685379208453));
#2780=CARTESIAN_POINT('',(-0.79,-0.239709722409496,0.0099999999999997));
#2781=CARTESIAN_POINT('',(-0.79,-0.239709722409496,0.0099999999999997));
#2782=CARTESIAN_POINT('',(-0.79,-0.239709722409496,0.0099999999999997));
#2783=CARTESIAN_POINT('',(-0.79,-0.239709722409496,0.0099999999999997));
#2784=CARTESIAN_POINT('',(0.79,-0.239709722409496,0.00999999999999992));
#2785=CARTESIAN_POINT('',(-0.55,-0.749762709327472,0.00999999999999981));
#2786=CARTESIAN_POINT('',(-0.55,-0.239709722409496,0.00999999999999981));
#2787=CARTESIAN_POINT('',(0.79,-0.239709722409496,0.00999999999999992));
#2788=CARTESIAN_POINT('',(0.79,-0.239709722409496,0.270685379208453));
#2789=CARTESIAN_POINT('',(0.79,-0.239709722409496,0.270685379208453));
#2790=CARTESIAN_POINT('',(0.79,-0.239709722409496,0.270685379208453));
#2791=CARTESIAN_POINT('',(0.79,-0.239709722409496,0.270685379208453));
#2792=CARTESIAN_POINT('',(0.602111884393227,-0.239709722409496,0.270685379208453));
#2793=CARTESIAN_POINT('',(0.602111884393227,-0.239709722409496,0.270685379208453));
#2794=CARTESIAN_POINT('',(0.602111884393227,-0.239709722409496,0.270685379208453));
#2795=CARTESIAN_POINT('',(0.602111884393227,-0.239709722409496,0.270685379208453));
#2796=CARTESIAN_POINT('',(0.602111884393227,-0.239709722409496,0.275685379208453));
#2797=CARTESIAN_POINT('',(0.602111884393227,-0.239709722409496,0.275685379208453));
#2798=CARTESIAN_POINT('',(0.,-0.239709722409496,0.));
#2799=CARTESIAN_POINT('',(0.79,-0.239709722409496,0.00999999999999992));
#2800=CARTESIAN_POINT('',(0.79,-0.239709722409496,0.00999999999999992));
#2801=CARTESIAN_POINT('',(0.79,-0.239709722409496,0.00999999999999992));
#2802=CARTESIAN_POINT('',(-0.602111884393227,0.24,0.275817168627272));
#2803=CARTESIAN_POINT('',(0.602111884393227,0.24,0.275685379208453));
#2804=CARTESIAN_POINT('',(0.602111884393227,0.24,0.275685379208453));
#2805=CARTESIAN_POINT('',(-0.602111884393227,0.24,0.275817168627272));
#2806=CARTESIAN_POINT('',(-0.602111884393227,0.24,0.275817168627272));
#2807=CARTESIAN_POINT('',(-0.602111884393227,0.24,0.275817168627272));
#2808=CARTESIAN_POINT('',(-0.602111884393227,0.24,0.275817168627272));
#2809=CARTESIAN_POINT('',(-0.602111884393227,0.24,0.275817168627272));
#2810=CARTESIAN_POINT('',(-0.602111884393227,0.24,0.270685379208453));
#2811=CARTESIAN_POINT('',(-0.602111884393227,0.24,0.270685379208453));
#2812=CARTESIAN_POINT('',(-0.602111884393227,0.24,0.270685379208453));
#2813=CARTESIAN_POINT('',(-0.602111884393227,0.24,0.270685379208453));
#2814=CARTESIAN_POINT('',(-0.79,0.24,0.270685379208453));
#2815=CARTESIAN_POINT('',(-0.79,0.24,0.270685379208453));
#2816=CARTESIAN_POINT('',(-0.79,0.24,0.270685379208453));
#2817=CARTESIAN_POINT('',(-0.79,0.24,0.270685379208453));
#2818=CARTESIAN_POINT('',(-0.79,0.24,0.0099999999999997));
#2819=CARTESIAN_POINT('',(0.55,-0.749762709327472,0.01));
#2820=CARTESIAN_POINT('',(0.55,0.24,0.01));
#2821=CARTESIAN_POINT('',(-0.79,0.24,0.0099999999999997));
#2822=CARTESIAN_POINT('',(0.79,0.24,0.0100000000000001));
#2823=CARTESIAN_POINT('',(0.79,0.24,0.0100000000000001));
#2824=CARTESIAN_POINT('',(0.79,0.24,0.0100000000000001));
#2825=CARTESIAN_POINT('',(0.79,0.24,0.0100000000000001));
#2826=CARTESIAN_POINT('',(0.79,0.24,0.270685379208453));
#2827=CARTESIAN_POINT('',(0.79,0.24,0.270685379208453));
#2828=CARTESIAN_POINT('',(0.79,0.24,0.270685379208453));
#2829=CARTESIAN_POINT('',(0.79,0.24,0.270685379208453));
#2830=CARTESIAN_POINT('',(0.602111884393227,0.24,0.270685379208453));
#2831=CARTESIAN_POINT('',(0.602111884393227,0.24,0.270685379208453));
#2832=CARTESIAN_POINT('',(0.602111884393227,0.24,0.275685379208453));
#2833=CARTESIAN_POINT('',(0.602111884393227,0.24,0.275685379208453));
#2834=CARTESIAN_POINT('',(0.,0.24,0.));
#2835=CARTESIAN_POINT('',(-0.79,0.24,0.0099999999999997));
#2836=CARTESIAN_POINT('',(-0.79,0.24,0.0099999999999997));
#2837=CARTESIAN_POINT('',(-0.79,0.24,0.0099999999999997));
#2838=CARTESIAN_POINT('',(0.55,-0.749762709327472,0.01));
#2839=CARTESIAN_POINT('',(0.35,-0.749762709327472,0.00999999999999994));
#2840=CARTESIAN_POINT('',(0.55,-0.749762709327472,0.01));
#2841=CARTESIAN_POINT('',(0.55,-0.749762709327472,-1.62630325872826E-16));
#2842=CARTESIAN_POINT('',(0.35,-0.749762709327472,0.01));
#2843=CARTESIAN_POINT('',(0.1,-0.749762709327472,0.00999999999999992));
#2844=CARTESIAN_POINT('',(-0.0999999999999998,-0.749762709327472,0.00999999999999992));
#2845=CARTESIAN_POINT('',(0.1,-0.749762709327472,0.00999999999999992));
#2846=CARTESIAN_POINT('',(-0.0999999999999998,-0.749762709327472,0.00999999999999992));
#2847=CARTESIAN_POINT('',(0.1,-0.749762709327472,-2.16840434497101E-16));
#2848=CARTESIAN_POINT('',(-0.35,-0.749762709327472,0.00999999999999981));
#2849=CARTESIAN_POINT('',(-0.55,-0.749762709327472,0.00999999999999981));
#2850=CARTESIAN_POINT('',(-0.35,-0.749762709327472,0.00999999999999981));
#2851=CARTESIAN_POINT('',(-0.55,-0.749762709327472,0.00999999999999981));
#2852=CARTESIAN_POINT('',(-0.35,-0.749762709327472,-2.71050543121376E-16));
#2853=CARTESIAN_POINT('',(0.559978729642047,-0.225,0.744007262446655));
#2854=CARTESIAN_POINT('',(0.559978729642047,-0.225,0.744007262446655));
#2855=CARTESIAN_POINT('',(0.510688285608499,-0.225,0.740591332214093));
#2856=CARTESIAN_POINT('',(0.510688285608499,-0.225,0.79));
#2857=CARTESIAN_POINT('',(0.510688285608499,-0.225,0.79));
#2858=CARTESIAN_POINT('',(-0.513908820015999,-0.225,0.79));
#2859=CARTESIAN_POINT('',(-0.513908820015999,-0.225,0.744042780843062));
#2860=CARTESIAN_POINT('',(-0.559756073955493,-0.225,0.747220090844677));
#2861=CARTESIAN_POINT('',(-0.555096731751334,-0.225,0.814452449385868));
#2862=CARTESIAN_POINT('',(0.592135812128512,0.225,0.279994016663046));
#2863=CARTESIAN_POINT('',(0.559978729642047,0.225,0.744007262446654));
#2864=CARTESIAN_POINT('',(0.510688285608499,0.225,0.740591332214093));
#2865=CARTESIAN_POINT('',(0.510688285608499,0.225,0.79));
#2866=CARTESIAN_POINT('',(-0.513908820015999,0.225,0.79));
#2867=CARTESIAN_POINT('',(-0.513908820015999,0.225,0.79));
#2868=CARTESIAN_POINT('',(-0.513908820015999,0.225,0.744042780843062));
#2869=CARTESIAN_POINT('',(-0.559756073955493,0.225,0.747220090844677));
#2870=CARTESIAN_POINT('',(-0.592135812128512,0.225,0.279994016663046));
#2871=CARTESIAN_POINT('',(-0.79,-0.25,0.270685379208453));
#2872=CARTESIAN_POINT('',(0.79,-0.25,0.00999999999999992));
#2873=CARTESIAN_POINT('',(0.79,-0.25,0.270685379208453));
#2874=CARTESIAN_POINT('',(-0.79,-0.25,0.00999999999999968));
#2875=MECHANICAL_DESIGN_GEOMETRIC_PRESENTATION_REPRESENTATION('',(#1360,
#1361,#1362,#1363,#1364,#1365,#1366,#1367,#1368,#1369,#1370,#1371,#1372,
#1373,#1374,#1375,#1376,#1377,#1378,#1379,#1380,#1381,#1382,#1383,#1384,
#1385,#1386,#1387,#1388,#1389,#1390,#1391,#1392,#1393,#1394,#1395,#1396,
#1397,#1398,#1399,#1400,#1401,#1402,#1403,#1404,#1405,#1406,#1407,#1408,
#1409,#1410,#1411,#1412,#1413,#1414,#1415,#1416,#1417,#1418,#1419,#1420,
#1421,#1422,#1423,#1424,#1425,#1426,#1427,#1428,#1429,#1430,#1431,#1432,
#1433,#1434,#1435,#1436,#1437),#2876);
#2876=(
GEOMETRIC_REPRESENTATION_CONTEXT(3)
GLOBAL_UNCERTAINTY_ASSIGNED_CONTEXT((#2877))
GLOBAL_UNIT_ASSIGNED_CONTEXT((#2880,#2879,#2878))
REPRESENTATION_CONTEXT('IN-S63TBS5R5G5B','TOP_LEVEL_ASSEMBLY_PART')
);
#2877=UNCERTAINTY_MEASURE_WITH_UNIT(LENGTH_MEASURE(0.005),#2880,
'DISTANCE_ACCURACY_VALUE','Maximum Tolerance applied to model');
#2878=(
NAMED_UNIT(*)
SI_UNIT($,.STERADIAN.)
SOLID_ANGLE_UNIT()
);
#2879=(
NAMED_UNIT(*)
PLANE_ANGLE_UNIT()
SI_UNIT($,.RADIAN.)
);
#2880=(
LENGTH_UNIT()
NAMED_UNIT(*)
SI_UNIT(.MILLI.,.METRE.)
);
#2881=PRODUCT_DEFINITION_SHAPE('','',#2882);
#2882=PRODUCT_DEFINITION('','',#2884,#2883);
#2883=PRODUCT_DEFINITION_CONTEXT('',#2890,'design');
#2884=PRODUCT_DEFINITION_FORMATION_WITH_SPECIFIED_SOURCE('','',#2886,
 .NOT_KNOWN.);
#2885=PRODUCT_RELATED_PRODUCT_CATEGORY('','',(#2886));
#2886=PRODUCT('IN-S63TBS5R5G5B','IN-S63TBS5R5G5B','IN-S63TBS5R5G5B',(#2888));
#2887=PRODUCT_CATEGORY('','');
#2888=PRODUCT_CONTEXT('',#2890,'mechanical');
#2889=APPLICATION_PROTOCOL_DEFINITION('international standard',
'automotive_design',2010,#2890);
#2890=APPLICATION_CONTEXT(
'core data for automotive mechanical design processes');
ENDSEC;
END-ISO-10303-21;
