ISO-10303-21;
HEADER;
FILE_DESCRIPTION (( 'STEP AP214' ),
    '1' );
FILE_NAME ('DQF8.STEP',
    '2024-03-20T07:59:31',
    ( '' ),
    ( '' ),
    'SwSTEP 2.0',
    'SolidWorks 2021',
    '' );
FILE_SCHEMA (( 'AUTOMOTIVE_DESIGN' ));
ENDSEC;

DATA;
#1 = CARTESIAN_POINT ( 'NONE',  ( 0.9999999999999997780, 4.428427124746190380, -0.9999999999999995559 ) ) ;
#2 = CARTESIAN_POINT ( 'NONE',  ( -0.7500000000000002220, 0.8000000000000000444, -0.6499999999999994671 ) ) ;
#3 = ORIENTED_EDGE ( 'NONE', *, *, #2207, .F. ) ;
#4 = LINE ( 'NONE', #179, #2105 ) ;
#5 = CARTESIAN_POINT ( 'NONE',  ( -1.000000000000000444, 0.1999999999999999833, -0.6249999999999998890 ) ) ;
#6 = VECTOR ( 'NONE', #2347, 1000.000000000000000 ) ;
#7 = LINE ( 'NONE', #2623, #1304 ) ;
#8 = PRESENTATION_LAYER_ASSIGNMENT (  '', '', ( #755 ) ) ;
#9 = ORIENTED_EDGE ( 'NONE', *, *, #2019, .T. ) ;
#10 = ORIENTED_EDGE ( 'NONE', *, *, #926, .F. ) ;
#11 = PRESENTATION_LAYER_ASSIGNMENT (  '', '', ( #1215 ) ) ;
#12 = EDGE_CURVE ( 'NONE', #2156, #154, #1374, .T. ) ;
#13 = CARTESIAN_POINT ( 'NONE',  ( -1.000000000000000444, 0.000000000000000000, -0.3749999999999998890 ) ) ;
#14 = CARTESIAN_POINT ( 'NONE',  ( 0.000000000000000000, 0.2000000000000000111, -1.500000000000000000 ) ) ;
#15 = EDGE_LOOP ( 'NONE', ( #2759, #862, #960, #1425 ) ) ;
#16 = EDGE_CURVE ( 'NONE', #2413, #2210, #514, .T. ) ;
#17 =( NAMED_UNIT ( * ) PLANE_ANGLE_UNIT ( ) SI_UNIT ( $, .RADIAN. ) );
#18 = CARTESIAN_POINT ( 'NONE',  ( -0.5000000000000004441, 0.000000000000000000, 0.6250000000000000000 ) ) ;
#19 = VERTEX_POINT ( 'NONE', #1201 ) ;
#20 = VECTOR ( 'NONE', #2811, 1000.000000000000000 ) ;
#21 = LINE ( 'NONE', #1578, #245 ) ;
#22 = DIRECTION ( 'NONE',  ( 0.000000000000000000, 0.000000000000000000, 1.000000000000000000 ) ) ;
#23 = CARTESIAN_POINT ( 'NONE',  ( 0.5000000000000004441, 0.7590169943749474069, -0.1250000000000001110 ) ) ;
#24 = VERTEX_POINT ( 'NONE', #312 ) ;
#25 = VERTEX_POINT ( 'NONE', #281 ) ;
#26 = CARTESIAN_POINT ( 'NONE',  ( 1.000000000000000444, 0.000000000000000000, 0.1250000000000001110 ) ) ;
#27 = CARTESIAN_POINT ( 'NONE',  ( -0.5000000000000004441, 0.000000000000000000, -0.1250000000000001110 ) ) ;
#28 = ORIENTED_EDGE ( 'NONE', *, *, #2552, .F. ) ;
#29 = CARTESIAN_POINT ( 'NONE',  ( 0.5000000000000004441, 0.2000000000000000111, -0.8750000000000000000 ) ) ;
#30 = EDGE_CURVE ( 'NONE', #2511, #1328, #1817, .T. ) ;
#31 = LINE ( 'NONE', #273, #2339 ) ;
#32 = ORIENTED_EDGE ( 'NONE', *, *, #2024, .T. ) ;
#33 = EDGE_CURVE ( 'NONE', #210, #2482, #2008, .T. ) ;
#34 = CARTESIAN_POINT ( 'NONE',  ( 1.000000000000000444, 0.2000000000000000111, 0.3750000000000001110 ) ) ;
#35 = CARTESIAN_POINT ( 'NONE',  ( 0.5000000000000004441, 0.2000000000000000111, 0.1250000000000000000 ) ) ;
#36 = ORIENTED_EDGE ( 'NONE', *, *, #620, .T. ) ;
#37 = EDGE_LOOP ( 'NONE', ( #2712, #691, #1552, #473 ) ) ;
#38 = CARTESIAN_POINT ( 'NONE',  ( -1.000000000000000444, 0.2000000000000000111, 0.6250000000000001110 ) ) ;
#39 = CARTESIAN_POINT ( 'NONE',  ( 0.5000000000000004441, 0.2000000000000000111, 0.8749999999999998890 ) ) ;
#40 = LINE ( 'NONE', #235, #496 ) ;
#41 = ORIENTED_EDGE ( 'NONE', *, *, #1305, .F. ) ;
#42 = DIRECTION ( 'NONE',  ( 0.000000000000000000, 0.000000000000000000, -1.000000000000000000 ) ) ;
#43 = AXIS2_PLACEMENT_3D ( 'NONE', #2285, #2301, #612 ) ;
#44 = AXIS2_PLACEMENT_3D ( 'NONE', #1150, #1807, #2681 ) ;
#45 = VECTOR ( 'NONE', #322, 1000.000000000000000 ) ;
#46 = CARTESIAN_POINT ( 'NONE',  ( 0.5000000000000004441, 0.2000000000000000111, -0.3750000000000000000 ) ) ;
#47 = CARTESIAN_POINT ( 'NONE',  ( -0.5000000000000004441, 0.2000000000000000111, -0.8750000000000000000 ) ) ;
#48 = EDGE_LOOP ( 'NONE', ( #963, #641, #627, #2504 ) ) ;
#49 = VECTOR ( 'NONE', #1399, 1000.000000000000000 ) ;
#50 = FACE_BOUND ( 'NONE', #1388, .T. ) ;
#51 = UNCERTAINTY_MEASURE_WITH_UNIT (LENGTH_MEASURE( 1.000000000000000082E-05 ), #2037, 'distance_accuracy_value', 'NONE');
#52 = VECTOR ( 'NONE', #2667, 1000.000000000000000 ) ;
#53 = ORIENTED_EDGE ( 'NONE', *, *, #1616, .T. ) ;
#54 = CARTESIAN_POINT ( 'NONE',  ( -1.000000000000000444, 0.1999999999999999833, -0.3749999999999998890 ) ) ;
#55 = VECTOR ( 'NONE', #2529, 1000.000000000000000 ) ;
#56 = DIRECTION ( 'NONE',  ( 0.000000000000000000, -1.000000000000000000, 0.000000000000000000 ) ) ;
#57 = CARTESIAN_POINT ( 'NONE',  ( 0.000000000000000000, 0.2000000000000000111, -1.000000000000000000 ) ) ;
#58 = CARTESIAN_POINT ( 'NONE',  ( -0.7500000000000002220, 0.6999999999999999556, -0.7499999999999995559 ) ) ;
#59 = EDGE_LOOP ( 'NONE', ( #2444, #1983, #1614, #591 ) ) ;
#60 = CARTESIAN_POINT ( 'NONE',  ( -0.5000000000000004441, 0.04999999999999999584, 0.3749999999999998890 ) ) ;
#61 = FACE_OUTER_BOUND ( 'NONE', #1659, .T. ) ;
#62 = VERTEX_POINT ( 'NONE', #54 ) ;
#63 = FILL_AREA_STYLE_COLOUR ( '', #1870 ) ;
#64 = VECTOR ( 'NONE', #1259, 1000.000000000000000 ) ;
#65 = ADVANCED_FACE ( 'NONE', ( #543 ), #1186, .F. ) ;
#66 = FILL_AREA_STYLE ('',( #2448 ) ) ;
#67 = VERTEX_POINT ( 'NONE', #1632 ) ;
#68 = CARTESIAN_POINT ( 'NONE',  ( 0.5000000000000004441, 0.2000000000000000111, -0.6250000000000001110 ) ) ;
#69 = ADVANCED_FACE ( 'NONE', ( #977 ), #1803, .F. ) ;
#70 = DIRECTION ( 'NONE',  ( -0.000000000000000000, 0.000000000000000000, -1.000000000000000000 ) ) ;
#71 = EDGE_LOOP ( 'NONE', ( #2176, #1763, #1152, #249 ) ) ;
#72 = AXIS2_PLACEMENT_3D ( 'NONE', #2629, #2442, #1059 ) ;
#73 = CARTESIAN_POINT ( 'NONE',  ( 0.000000000000000000, 0.000000000000000000, -1.500000000000000000 ) ) ;
#74 = DIRECTION ( 'NONE',  ( -1.000000000000000000, 0.000000000000000000, 0.000000000000000000 ) ) ;
#75 = ORIENTED_EDGE ( 'NONE', *, *, #170, .T. ) ;
#76 = DIRECTION ( 'NONE',  ( 0.000000000000000000, 0.000000000000000000, 1.000000000000000000 ) ) ;
#77 = CARTESIAN_POINT ( 'NONE',  ( -0.5000000000000004441, 0.1999999999999999833, 0.1250000000000000000 ) ) ;
#78 = ORIENTED_EDGE ( 'NONE', *, *, #1231, .F. ) ;
#79 = CARTESIAN_POINT ( 'NONE',  ( 0.000000000000000000, 0.2000000000000000111, -1.000000000000000000 ) ) ;
#80 = DIRECTION ( 'NONE',  ( -0.000000000000000000, 0.000000000000000000, -1.000000000000000000 ) ) ;
#81 = EDGE_CURVE ( 'NONE', #2070, #2061, #1389, .T. ) ;
#82 = EDGE_LOOP ( 'NONE', ( #285, #41, #578, #2335, #1587 ) ) ;
#83 = FACE_OUTER_BOUND ( 'NONE', #2328, .T. ) ;
#84 = DIRECTION ( 'NONE',  ( 2.168404344971008621E-16, -0.000000000000000000, 1.000000000000000000 ) ) ;
#85 = DIRECTION ( 'NONE',  ( 0.000000000000000000, -1.000000000000000000, 0.000000000000000000 ) ) ;
#86 = ORIENTED_EDGE ( 'NONE', *, *, #843, .F. ) ;
#87 = AXIS2_PLACEMENT_3D ( 'NONE', #1098, #222, #1332 ) ;
#88 = ADVANCED_FACE ( 'NONE', ( #1178 ), #743, .F. ) ;
#89 = VECTOR ( 'NONE', #635, 1000.000000000000000 ) ;
#90 = AXIS2_PLACEMENT_3D ( 'NONE', #1075, #2064, #1937 ) ;
#91 = CARTESIAN_POINT ( 'NONE',  ( 1.000000000000000444, 0.7590169943749474069, 0.1250000000000001110 ) ) ;
#92 =( NAMED_UNIT ( * ) SI_UNIT ( $, .STERADIAN. ) SOLID_ANGLE_UNIT ( ) );
#93 = ORIENTED_EDGE ( 'NONE', *, *, #2622, .T. ) ;
#94 = CARTESIAN_POINT ( 'NONE',  ( -1.000000000000000444, 0.1999999999999999833, 0.1250000000000001110 ) ) ;
#95 = ORIENTED_EDGE ( 'NONE', *, *, #1850, .T. ) ;
#96 = AXIS2_PLACEMENT_3D ( 'NONE', #1740, #1159, #1769 ) ;
#97 = LINE ( 'NONE', #1589, #1736 ) ;
#98 = CARTESIAN_POINT ( 'NONE',  ( 0.5000000000000004441, 0.2000000000000000111, 0.6250000000000000000 ) ) ;
#99 = ORIENTED_EDGE ( 'NONE', *, *, #2452, .T. ) ;
#100 = EDGE_CURVE ( 'NONE', #2654, #835, #1657, .T. ) ;
#101 = COLOUR_RGB ( '',0.7960784313725489669, 0.8235294117647058432, 0.9372549019607843146 ) ;
#102 = EDGE_LOOP ( 'NONE', ( #2624, #424, #1772, #2430 ) ) ;
#103 = CARTESIAN_POINT ( 'NONE',  ( -1.000000000000000444, 0.04999999999999999584, -0.6249999999999998890 ) ) ;
#104 = SURFACE_SIDE_STYLE ('',( #796 ) ) ;
#105 = ORIENTED_EDGE ( 'NONE', *, *, #1072, .T. ) ;
#106 = AXIS2_PLACEMENT_3D ( 'NONE', #2331, #387, #2114 ) ;
#107 = CARTESIAN_POINT ( 'NONE',  ( -0.5000000000000004441, 0.2000000000000000111, 0.1250000000000000000 ) ) ;
#108 = VECTOR ( 'NONE', #1949, 1000.000000000000000 ) ;
#109 = VERTEX_POINT ( 'NONE', #563 ) ;
#110 = DIRECTION ( 'NONE',  ( 0.000000000000000000, 0.000000000000000000, 1.000000000000000000 ) ) ;
#111 = CARTESIAN_POINT ( 'NONE',  ( 1.000000000000000444, 0.7590169943749474069, 0.8750000000000001110 ) ) ;
#112 = CARTESIAN_POINT ( 'NONE',  ( 0.5000000000000004441, 0.2000000000000000111, -0.1250000000000001110 ) ) ;
#113 = DIRECTION ( 'NONE',  ( 0.000000000000000000, -1.000000000000000000, -0.000000000000000000 ) ) ;
#114 = ORIENTED_EDGE ( 'NONE', *, *, #2323, .T. ) ;
#115 = EDGE_CURVE ( 'NONE', #1986, #1294, #1436, .T. ) ;
#116 =( NAMED_UNIT ( * ) SI_UNIT ( $, .STERADIAN. ) SOLID_ANGLE_UNIT ( ) );
#117 = ORIENTED_EDGE ( 'NONE', *, *, #2149, .T. ) ;
#118 = EDGE_CURVE ( 'NONE', #2598, #2625, #2571, .T. ) ;
#119 = CARTESIAN_POINT ( 'NONE',  ( 0.000000000000000000, 0.2000000000000000111, -1.000000000000000000 ) ) ;
#120 = CARTESIAN_POINT ( 'NONE',  ( -1.000000000000000444, 4.428427124746190380, -0.9999999999999995559 ) ) ;
#121 = CARTESIAN_POINT ( 'NONE',  ( 1.000000000000000444, 0.04999999999999969746, 0.3750000000000001110 ) ) ;
#122 = VERTEX_POINT ( 'NONE', #1233 ) ;
#123 = DIRECTION ( 'NONE',  ( 0.000000000000000000, -1.000000000000000000, 0.000000000000000000 ) ) ;
#124 = LINE ( 'NONE', #1009, #2478 ) ;
#125 = CARTESIAN_POINT ( 'NONE',  ( -0.5000000000000004441, 0.1999999999999999833, 0.6250000000000000000 ) ) ;
#126 = CARTESIAN_POINT ( 'NONE',  ( -0.5000000000000004441, 0.7590169943749474069, 0.1250000000000000000 ) ) ;
#127 = ORIENTED_EDGE ( 'NONE', *, *, #843, .T. ) ;
#128 = ORIENTED_EDGE ( 'NONE', *, *, #196, .T. ) ;
#129 = DIRECTION ( 'NONE',  ( -0.000000000000000000, -1.000000000000000000, -0.000000000000000000 ) ) ;
#130 = VECTOR ( 'NONE', #908, 1000.000000000000000 ) ;
#131 = EDGE_CURVE ( 'NONE', #19, #1294, #2088, .T. ) ;
#132 = CLOSED_SHELL ( 'NONE', ( #1128, #1411, #1401, #69, #643, #749 ) ) ;
#133 = CARTESIAN_POINT ( 'NONE',  ( 0.9999999999999997780, 0.05000000000000000278, 1.000000000000000444 ) ) ;
#134 = ADVANCED_BREP_SHAPE_REPRESENTATION ( 'DQF8', ( #279, #2131, #321, #2139, #1266, #2196, #306, #1211, #275, #250, #330 ), #701 ) ;
#135 = CARTESIAN_POINT ( 'NONE',  ( 0.9999999999999997780, 0.05000000000000000278, 1.000000000000000444 ) ) ;
#136 = EDGE_CURVE ( 'NONE', #403, #697, #1669, .T. ) ;
#137 = ORIENTED_EDGE ( 'NONE', *, *, #359, .F. ) ;
#138 = LINE ( 'NONE', #832, #529 ) ;
#139 = DIRECTION ( 'NONE',  ( 0.000000000000000000, 0.000000000000000000, -1.000000000000000000 ) ) ;
#140 = FACE_OUTER_BOUND ( 'NONE', #1049, .T. ) ;
#141 = CARTESIAN_POINT ( 'NONE',  ( 1.000000000000000444, 0.1999999999999999833, -0.1249999999999998890 ) ) ;
#142 = VERTEX_POINT ( 'NONE', #349 ) ;
#143 = VECTOR ( 'NONE', #1164, 1000.000000000000000 ) ;
#144 = AXIS2_PLACEMENT_3D ( 'NONE', #2493, #547, #557 ) ;
#145 = CARTESIAN_POINT ( 'NONE',  ( -0.5000000000000004441, 0.2000000000000000111, 0.1250000000000000000 ) ) ;
#146 = DIRECTION ( 'NONE',  ( 0.000000000000000000, 0.000000000000000000, 1.000000000000000000 ) ) ;
#147 = VERTEX_POINT ( 'NONE', #121 ) ;
#148 = DIRECTION ( 'NONE',  ( 0.000000000000000000, -0.000000000000000000, 1.000000000000000000 ) ) ;
#149 = COLOUR_RGB ( '',0.7960784313725489669, 0.8235294117647058432, 0.9372549019607843146 ) ;
#150 = DIRECTION ( 'NONE',  ( -1.000000000000000000, 0.000000000000000000, 4.336808689942017736E-16 ) ) ;
#151 = LINE ( 'NONE', #1035, #2200 ) ;
#152 = EDGE_CURVE ( 'NONE', #904, #479, #1218, .T. ) ;
#153 =( GEOMETRIC_REPRESENTATION_CONTEXT ( 3 ) GLOBAL_UNCERTAINTY_ASSIGNED_CONTEXT ( ( #499 ) ) GLOBAL_UNIT_ASSIGNED_CONTEXT ( ( #2178, #638, #1549 ) ) REPRESENTATION_CONTEXT ( 'NONE', 'WORKASPACE' ) );
#154 = VERTEX_POINT ( 'NONE', #133 ) ;
#155 = ORIENTED_EDGE ( 'NONE', *, *, #809, .F. ) ;
#156 = ADVANCED_FACE ( 'NONE', ( #399 ), #1264, .F. ) ;
#157 = AXIS2_PLACEMENT_3D ( 'NONE', #1056, #1501, #853 ) ;
#158 = CARTESIAN_POINT ( 'NONE',  ( -1.000000000000000444, 0.1999999999999999833, 0.3750000000000001110 ) ) ;
#159 = DIRECTION ( 'NONE',  ( -1.000000000000000000, 0.000000000000000000, -2.168404344971008621E-16 ) ) ;
#160 = FACE_OUTER_BOUND ( 'NONE', #2250, .T. ) ;
#161 = ORIENTED_EDGE ( 'NONE', *, *, #989, .T. ) ;
#162 = PLANE ( 'NONE',  #157 ) ;
#163 = CARTESIAN_POINT ( 'NONE',  ( -0.4000000000000005218, 0.2000000000000000111, -0.6250000000000001110 ) ) ;
#164 = ORIENTED_EDGE ( 'NONE', *, *, #30, .T. ) ;
#165 = DIRECTION ( 'NONE',  ( -0.000000000000000000, -1.000000000000000000, -0.000000000000000000 ) ) ;
#166 = DIRECTION ( 'NONE',  ( 4.336808689942017243E-16, 0.000000000000000000, -1.000000000000000000 ) ) ;
#167 = ORIENTED_EDGE ( 'NONE', *, *, #511, .F. ) ;
#168 = DIRECTION ( 'NONE',  ( -1.000000000000000000, 0.000000000000000000, -2.168404344971008621E-16 ) ) ;
#169 = ADVANCED_FACE ( 'NONE', ( #1448 ), #2311, .F. ) ;
#170 = EDGE_CURVE ( 'NONE', #2413, #495, #1283, .T. ) ;
#171 = CARTESIAN_POINT ( 'NONE',  ( 0.5000000000000004441, 0.2000000000000000111, 0.6250000000000000000 ) ) ;
#172 = CARTESIAN_POINT ( 'NONE',  ( 0.5000000000000004441, 0.2000000000000000111, 0.1250000000000000000 ) ) ;
#173 = EDGE_LOOP ( 'NONE', ( #2082, #1083, #1663, #1929 ) ) ;
#174 = PLANE ( 'NONE',  #450 ) ;
#175 = EDGE_CURVE ( 'NONE', #2482, #1285, #2136, .T. ) ;
#176 =( NAMED_UNIT ( * ) SI_UNIT ( $, .STERADIAN. ) SOLID_ANGLE_UNIT ( ) );
#177 = ORIENTED_EDGE ( 'NONE', *, *, #2535, .F. ) ;
#178 = LINE ( 'NONE', #1923, #1564 ) ;
#179 = CARTESIAN_POINT ( 'NONE',  ( 1.000000000000000444, 0.7590169943749474069, 0.1250000000000001110 ) ) ;
#180 = CARTESIAN_POINT ( 'NONE',  ( 0.5000000000000004441, 0.04999999999999999584, 0.8749999999999998890 ) ) ;
#181 =( NAMED_UNIT ( * ) SI_UNIT ( $, .STERADIAN. ) SOLID_ANGLE_UNIT ( ) );
#182 = DIRECTION ( 'NONE',  ( 2.168404344971008868E-16, 0.000000000000000000, 1.000000000000000000 ) ) ;
#183 = VECTOR ( 'NONE', #1661, 1000.000000000000000 ) ;
#184 = VECTOR ( 'NONE', #1295, 1000.000000000000000 ) ;
#185 = PLANE ( 'NONE',  #2251 ) ;
#186 = CIRCLE ( 'NONE', #2555, 0.1000000000000001582 ) ;
#187 = ORIENTED_EDGE ( 'NONE', *, *, #313, .T. ) ;
#188 = ORIENTED_EDGE ( 'NONE', *, *, #476, .T. ) ;
#189 = LINE ( 'NONE', #1706, #372 ) ;
#190 = DIRECTION ( 'NONE',  ( 0.000000000000000000, -1.000000000000000000, 0.000000000000000000 ) ) ;
#191 = ORIENTED_EDGE ( 'NONE', *, *, #2107, .T. ) ;
#192 = FILL_AREA_STYLE_COLOUR ( '', #559 ) ;
#193 = ORIENTED_EDGE ( 'NONE', *, *, #1322, .F. ) ;
#194 = DIRECTION ( 'NONE',  ( 0.000000000000000000, 1.000000000000000000, 0.000000000000000000 ) ) ;
#195 = VECTOR ( 'NONE', #1105, 1000.000000000000000 ) ;
#196 = EDGE_CURVE ( 'NONE', #998, #2780, #1047, .T. ) ;
#197 = CARTESIAN_POINT ( 'NONE',  ( -0.5000000000000004441, 0.1999999999999999833, 0.6250000000000000000 ) ) ;
#198 = LINE ( 'NONE', #2370, #1427 ) ;
#199 = ADVANCED_FACE ( 'NONE', ( #2770 ), #1863, .T. ) ;
#200 = DIRECTION ( 'NONE',  ( -0.000000000000000000, -1.000000000000000000, -0.000000000000000000 ) ) ;
#201 = CARTESIAN_POINT ( 'NONE',  ( -0.4000000000000005218, 0.2000000000000000111, -0.6250000000000001110 ) ) ;
#202 = ORIENTED_EDGE ( 'NONE', *, *, #507, .T. ) ;
#203 = ORIENTED_EDGE ( 'NONE', *, *, #901, .T. ) ;
#204 = DIRECTION ( 'NONE',  ( 0.000000000000000000, 0.000000000000000000, -1.000000000000000000 ) ) ;
#205 = PLANE ( 'NONE',  #1445 ) ;
#206 = ORIENTED_EDGE ( 'NONE', *, *, #503, .T. ) ;
#207 = VECTOR ( 'NONE', #1996, 1000.000000000000000 ) ;
#208 = EDGE_CURVE ( 'NONE', #357, #2181, #1683, .T. ) ;
#209 = LINE ( 'NONE', #2397, #1057 ) ;
#210 = VERTEX_POINT ( 'NONE', #1852 ) ;
#211 = CARTESIAN_POINT ( 'NONE',  ( -0.5000000000000004441, 0.000000000000000000, 0.1250000000000000000 ) ) ;
#212 = ADVANCED_FACE ( 'NONE', ( #1880 ), #814, .F. ) ;
#213 = AXIS2_PLACEMENT_3D ( 'NONE', #2047, #293, #550 ) ;
#214 = DIRECTION ( 'NONE',  ( 0.000000000000000000, -1.000000000000000000, 0.000000000000000000 ) ) ;
#215 = FACE_OUTER_BOUND ( 'NONE', #1947, .T. ) ;
#216 = ORIENTED_EDGE ( 'NONE', *, *, #2547, .F. ) ;
#217 = EDGE_CURVE ( 'NONE', #2018, #827, #151, .T. ) ;
#218 = ORIENTED_EDGE ( 'NONE', *, *, #1628, .F. ) ;
#219 = CARTESIAN_POINT ( 'NONE',  ( 0.5000000000000004441, 0.2000000000000000111, 0.8749999999999998890 ) ) ;
#220 = PLANE ( 'NONE',  #2578 ) ;
#221 = EDGE_LOOP ( 'NONE', ( #452, #1344, #191, #1738 ) ) ;
#222 = DIRECTION ( 'NONE',  ( -4.336808689942017243E-16, 0.000000000000000000, -1.000000000000000000 ) ) ;
#223 = DIRECTION ( 'NONE',  ( 0.000000000000000000, 1.000000000000000000, 0.000000000000000000 ) ) ;
#224 = ORIENTED_EDGE ( 'NONE', *, *, #2569, .F. ) ;
#225 = PLANE ( 'NONE',  #2071 ) ;
#226 =( NAMED_UNIT ( * ) SI_UNIT ( $, .STERADIAN. ) SOLID_ANGLE_UNIT ( ) );
#227 = LINE ( 'NONE', #882, #195 ) ;
#228 = VECTOR ( 'NONE', #723, 1000.000000000000000 ) ;
#229 = VERTEX_POINT ( 'NONE', #2715 ) ;
#230 = VERTEX_POINT ( 'NONE', #846 ) ;
#231 = VECTOR ( 'NONE', #139, 1000.000000000000000 ) ;
#232 = AXIS2_PLACEMENT_3D ( 'NONE', #1081, #252, #1944 ) ;
#233 = EDGE_CURVE ( 'NONE', #1853, #1619, #780, .T. ) ;
#234 = CARTESIAN_POINT ( 'NONE',  ( 0.9999999999999997780, 0.05000000000000000278, -0.9999999999999995559 ) ) ;
#235 = CARTESIAN_POINT ( 'NONE',  ( 1.000000000000000444, 0.7590169943749474069, -0.6249999999999998890 ) ) ;
#236 = ORIENTED_EDGE ( 'NONE', *, *, #625, .T. ) ;
#237 = CLOSED_SHELL ( 'NONE', ( #2343, #1550, #2199, #658, #1094, #2177, #1642 ) ) ;
#238 = MECHANICAL_DESIGN_GEOMETRIC_PRESENTATION_REPRESENTATION (  '', ( #2700 ), #2006 ) ;
#239 = LINE ( 'NONE', #438, #1100 ) ;
#240 = LINE ( 'NONE', #47, #1751 ) ;
#241 = ORIENTED_EDGE ( 'NONE', *, *, #1160, .F. ) ;
#242 = LINE ( 'NONE', #1783, #1835 ) ;
#243 = VECTOR ( 'NONE', #589, 1000.000000000000000 ) ;
#244 = FACE_OUTER_BOUND ( 'NONE', #614, .T. ) ;
#245 = VECTOR ( 'NONE', #2445, 1000.000000000000000 ) ;
#246 = CARTESIAN_POINT ( 'NONE',  ( -0.5000000000000004441, 0.05000000000000000278, 0.000000000000000000 ) ) ;
#247 = ORIENTED_EDGE ( 'NONE', *, *, #1190, .T. ) ;
#248 = EDGE_CURVE ( 'NONE', #655, #2503, #1522, .T. ) ;
#249 = ORIENTED_EDGE ( 'NONE', *, *, #538, .T. ) ;
#250 = MANIFOLD_SOLID_BREP ( 'Boss-Extrude4', #237 ) ;
#251 = VECTOR ( 'NONE', #360, 1000.000000000000000 ) ;
#252 = DIRECTION ( 'NONE',  ( 1.000000000000000000, 0.000000000000000000, -0.000000000000000000 ) ) ;
#253 = CARTESIAN_POINT ( 'NONE',  ( 1.000000000000000444, 0.7590169943749474069, -0.8749999999999998890 ) ) ;
#254 = VERTEX_POINT ( 'NONE', #2634 ) ;
#255 = CARTESIAN_POINT ( 'NONE',  ( -1.000000000000000444, 0.2000000000000000111, -0.1249999999999998890 ) ) ;
#256 = CARTESIAN_POINT ( 'NONE',  ( 0.9999999999999997780, 0.05000000000000000278, -0.9999999999999995559 ) ) ;
#257 = LINE ( 'NONE', #18, #1973 ) ;
#258 = VERTEX_POINT ( 'NONE', #2402 ) ;
#259 = VECTOR ( 'NONE', #1207, 1000.000000000000000 ) ;
#260 = VECTOR ( 'NONE', #455, 1000.000000000000000 ) ;
#261 = CARTESIAN_POINT ( 'NONE',  ( -1.000000000000000444, 0.2000000000000000111, -0.3749999999999998890 ) ) ;
#262 = CARTESIAN_POINT ( 'NONE',  ( -0.7500000000000002220, 0.8000000000000000444, -0.7499999999999995559 ) ) ;
#263 = SURFACE_STYLE_FILL_AREA ( #66 ) ;
#264 = VERTEX_POINT ( 'NONE', #2815 ) ;
#265 = ORIENTED_EDGE ( 'NONE', *, *, #401, .F. ) ;
#266 = FACE_OUTER_BOUND ( 'NONE', #431, .T. ) ;
#267 = DIRECTION ( 'NONE',  ( 0.000000000000000000, 0.000000000000000000, 1.000000000000000000 ) ) ;
#268 = DIRECTION ( 'NONE',  ( 0.000000000000000000, -0.000000000000000000, -1.000000000000000000 ) ) ;
#269 = ORIENTED_EDGE ( 'NONE', *, *, #1919, .F. ) ;
#270 = LINE ( 'NONE', #255, #700 ) ;
#271 = EDGE_CURVE ( 'NONE', #1959, #1744, #1339, .T. ) ;
#272 = CYLINDRICAL_SURFACE ( 'NONE', #2687, 0.1000000000000001582 ) ;
#273 = CARTESIAN_POINT ( 'NONE',  ( 0.5000000000000004441, 0.000000000000000000, 0.6250000000000000000 ) ) ;
#274 = ORIENTED_EDGE ( 'NONE', *, *, #2518, .F. ) ;
#275 = MANIFOLD_SOLID_BREP ( 'Cut-Extrude3', #480 ) ;
#276 = CARTESIAN_POINT ( 'NONE',  ( 1.000000000000000444, 0.1999999999999999833, -0.8749999999999998890 ) ) ;
#277 = PLANE ( 'NONE',  #96 ) ;
#278 = FILL_AREA_STYLE ('',( #2022 ) ) ;
#279 = MANIFOLD_SOLID_BREP ( 'Boss-Extrude2', #2689 ) ;
#280 = VERTEX_POINT ( 'NONE', #1131 ) ;
#281 = CARTESIAN_POINT ( 'NONE',  ( 0.5000000000000004441, 0.000000000000000000, 0.8749999999999998890 ) ) ;
#282 = DIRECTION ( 'NONE',  ( 1.000000000000000000, 0.000000000000000000, -2.168404344971008868E-16 ) ) ;
#283 = CARTESIAN_POINT ( 'NONE',  ( -0.5000000000000004441, 0.000000000000000000, 0.6250000000000000000 ) ) ;
#284 = DIRECTION ( 'NONE',  ( 0.000000000000000000, -0.000000000000000000, -1.000000000000000000 ) ) ;
#285 = ORIENTED_EDGE ( 'NONE', *, *, #1397, .F. ) ;
#286 = VECTOR ( 'NONE', #582, 1000.000000000000000 ) ;
#287 = AXIS2_PLACEMENT_3D ( 'NONE', #1493, #2076, #2357 ) ;
#288 = LINE ( 'NONE', #46, #1241 ) ;
#289 = EDGE_LOOP ( 'NONE', ( #1348, #572, #487, #1514 ) ) ;
#290 = ADVANCED_FACE ( 'NONE', ( #50, #244 ), #1741, .T. ) ;
#291 = AXIS2_PLACEMENT_3D ( 'NONE', #527, #1786, #307 ) ;
#292 = DIRECTION ( 'NONE',  ( 0.000000000000000000, 0.000000000000000000, 1.000000000000000000 ) ) ;
#293 = DIRECTION ( 'NONE',  ( 0.000000000000000000, -1.000000000000000000, -0.000000000000000000 ) ) ;
#294 = EDGE_CURVE ( 'NONE', #1236, #2503, #2472, .T. ) ;
#295 = UNCERTAINTY_MEASURE_WITH_UNIT (LENGTH_MEASURE( 1.000000000000000082E-05 ), #541, 'distance_accuracy_value', 'NONE');
#296 = DIRECTION ( 'NONE',  ( -1.000000000000000000, 0.000000000000000000, -2.168404344971008868E-16 ) ) ;
#297 = AXIS2_PLACEMENT_3D ( 'NONE', #2078, #123, #1868 ) ;
#298 = ORIENTED_EDGE ( 'NONE', *, *, #12, .F. ) ;
#299 = DIRECTION ( 'NONE',  ( 0.000000000000000000, 0.000000000000000000, -1.000000000000000000 ) ) ;
#300 =( GEOMETRIC_REPRESENTATION_CONTEXT ( 3 ) GLOBAL_UNCERTAINTY_ASSIGNED_CONTEXT ( ( #295 ) ) GLOBAL_UNIT_ASSIGNED_CONTEXT ( ( #541, #778, #1630 ) ) REPRESENTATION_CONTEXT ( 'NONE', 'WORKASPACE' ) );
#301 = FACE_OUTER_BOUND ( 'NONE', #467, .T. ) ;
#302 = VERTEX_POINT ( 'NONE', #2678 ) ;
#303 = LINE ( 'NONE', #972, #599 ) ;
#304 = CARTESIAN_POINT ( 'NONE',  ( -1.000000000000000444, 0.000000000000000000, -0.8749999999999998890 ) ) ;
#305 = ORIENTED_EDGE ( 'NONE', *, *, #1287, .T. ) ;
#306 = MANIFOLD_SOLID_BREP ( 'LPattern2[5]', #1296 ) ;
#307 = DIRECTION ( 'NONE',  ( 0.000000000000000000, -0.000000000000000000, 1.000000000000000000 ) ) ;
#308 = VECTOR ( 'NONE', #1302, 1000.000000000000000 ) ;
#309 = LINE ( 'NONE', #2487, #2345 ) ;
#310 = EDGE_CURVE ( 'NONE', #737, #19, #1371, .T. ) ;
#311 = EDGE_CURVE ( 'NONE', #502, #147, #1185, .T. ) ;
#312 = CARTESIAN_POINT ( 'NONE',  ( -0.7500000000000002220, 0.6999999999999999556, -0.6499999999999994671 ) ) ;
#313 = EDGE_CURVE ( 'NONE', #1942, #2182, #1814, .T. ) ;
#314 = DIRECTION ( 'NONE',  ( 0.000000000000000000, 0.000000000000000000, 1.000000000000000000 ) ) ;
#315 = VERTEX_POINT ( 'NONE', #1798 ) ;
#316 = CARTESIAN_POINT ( 'NONE',  ( -5.421010862427536345E-17, 0.05000000000000000278, -0.1250000000000003331 ) ) ;
#317 = CARTESIAN_POINT ( 'NONE',  ( 0.000000000000000000, 0.2000000000000000111, 0.000000000000000000 ) ) ;
#318 = EDGE_LOOP ( 'NONE', ( #1444, #2677, #2808, #2360 ) ) ;
#319 = DIRECTION ( 'NONE',  ( 0.000000000000000000, -1.000000000000000000, -0.000000000000000000 ) ) ;
#320 = DIRECTION ( 'NONE',  ( 0.000000000000000000, -1.000000000000000000, 0.000000000000000000 ) ) ;
#321 = MANIFOLD_SOLID_BREP ( 'LPattern2[1]', #971 ) ;
#322 = DIRECTION ( 'NONE',  ( -0.000000000000000000, -1.000000000000000000, -0.000000000000000000 ) ) ;
#323 = FACE_OUTER_BOUND ( 'NONE', #1754, .T. ) ;
#324 = EDGE_LOOP ( 'NONE', ( #2406, #1125, #1500, #2534 ) ) ;
#325 = ADVANCED_FACE ( 'NONE', ( #1603 ), #2258, .F. ) ;
#326 = DIRECTION ( 'NONE',  ( 0.000000000000000000, -0.000000000000000000, -1.000000000000000000 ) ) ;
#327 = CARTESIAN_POINT ( 'NONE',  ( 0.5000000000000004441, 0.05000000000000000278, 0.000000000000000000 ) ) ;
#328 = EDGE_LOOP ( 'NONE', ( #1812, #1526, #1651, #587, #2234 ) ) ;
#329 = VECTOR ( 'NONE', #1901, 1000.000000000000000 ) ;
#330 = AXIS2_PLACEMENT_3D ( 'NONE', #2717, #427, #783 ) ;
#331 = FACE_OUTER_BOUND ( 'NONE', #1601, .T. ) ;
#332 = APPLICATION_CONTEXT ( 'automotive_design' ) ;
#333 = ORIENTED_EDGE ( 'NONE', *, *, #2194, .T. ) ;
#334 = DIRECTION ( 'NONE',  ( 0.000000000000000000, 0.000000000000000000, 1.000000000000000000 ) ) ;
#335 = ADVANCED_FACE ( 'NONE', ( #1838 ), #1421, .T. ) ;
#336 = SURFACE_SIDE_STYLE ('',( #637 ) ) ;
#337 = ORIENTED_EDGE ( 'NONE', *, *, #926, .T. ) ;
#338 = MECHANICAL_DESIGN_GEOMETRIC_PRESENTATION_REPRESENTATION (  '', ( #2786 ), #153 ) ;
#339 = CIRCLE ( 'NONE', #1927, 0.1000000000000001582 ) ;
#340 = PLANE ( 'NONE',  #2201 ) ;
#341 = EDGE_CURVE ( 'NONE', #2085, #573, #2293, .T. ) ;
#342 = LINE ( 'NONE', #2762, #286 ) ;
#343 = DIRECTION ( 'NONE',  ( 0.000000000000000000, 0.000000000000000000, 1.000000000000000000 ) ) ;
#344 = ORIENTED_EDGE ( 'NONE', *, *, #217, .T. ) ;
#345 = ADVANCED_FACE ( 'NONE', ( #2277 ), #2075, .T. ) ;
#346 = CARTESIAN_POINT ( 'NONE',  ( -0.4000000000000005218, 0.2000000000000000111, -0.7749999999999990230 ) ) ;
#347 = ORIENTED_EDGE ( 'NONE', *, *, #2043, .T. ) ;
#348 = DIRECTION ( 'NONE',  ( 0.000000000000000000, 0.000000000000000000, 1.000000000000000000 ) ) ;
#349 = CARTESIAN_POINT ( 'NONE',  ( -0.4000000000000005218, 0.04999999999999999584, -0.6250000000000001110 ) ) ;
#350 = AXIS2_PLACEMENT_3D ( 'NONE', #1161, #1119, #1978 ) ;
#351 = DIRECTION ( 'NONE',  ( 0.000000000000000000, -1.000000000000000000, 0.000000000000000000 ) ) ;
#352 = ORIENTED_EDGE ( 'NONE', *, *, #2304, .F. ) ;
#353 = DIRECTION ( 'NONE',  ( 0.000000000000000000, -1.000000000000000000, -0.000000000000000000 ) ) ;
#354 = LINE ( 'NONE', #1648, #969 ) ;
#355 = DIRECTION ( 'NONE',  ( 4.336808689942017243E-16, 0.000000000000000000, -1.000000000000000000 ) ) ;
#356 = CARTESIAN_POINT ( 'NONE',  ( 1.000000000000000444, 0.7590169943749474069, -0.1249999999999998890 ) ) ;
#357 = VERTEX_POINT ( 'NONE', #1667 ) ;
#358 = VECTOR ( 'NONE', #1016, 1000.000000000000000 ) ;
#359 = EDGE_CURVE ( 'NONE', #439, #24, #2036, .T. ) ;
#360 = DIRECTION ( 'NONE',  ( 0.000000000000000000, 0.000000000000000000, 1.000000000000000000 ) ) ;
#361 = ORIENTED_EDGE ( 'NONE', *, *, #294, .T. ) ;
#362 = CARTESIAN_POINT ( 'NONE',  ( -0.7500000000000002220, 0.6999999999999999556, -0.8499999999999997558 ) ) ;
#363 = EDGE_CURVE ( 'NONE', #1240, #2625, #2537, .T. ) ;
#364 = DIRECTION ( 'NONE',  ( 0.000000000000000000, -1.000000000000000000, 0.000000000000000000 ) ) ;
#365 = CARTESIAN_POINT ( 'NONE',  ( -0.4000000000000005218, 0.2000000000000000111, -0.6250000000000001110 ) ) ;
#366 = ORIENTED_EDGE ( 'NONE', *, *, #2130, .F. ) ;
#367 = DIRECTION ( 'NONE',  ( -0.000000000000000000, 0.000000000000000000, -1.000000000000000000 ) ) ;
#368 = PLANE ( 'NONE',  #2554 ) ;
#369 = CARTESIAN_POINT ( 'NONE',  ( -0.5000000000000004441, 0.2000000000000000111, 0.8749999999999998890 ) ) ;
#370 = CARTESIAN_POINT ( 'NONE',  ( 0.5000000000000004441, 0.05000000000000000278, 0.000000000000000000 ) ) ;
#371 = EDGE_LOOP ( 'NONE', ( #2641, #2350, #127, #2031 ) ) ;
#372 = VECTOR ( 'NONE', #2157, 1000.000000000000000 ) ;
#373 = EDGE_CURVE ( 'NONE', #1653, #554, #1907, .T. ) ;
#374 = FACE_OUTER_BOUND ( 'NONE', #523, .T. ) ;
#375 = ORIENTED_EDGE ( 'NONE', *, *, #1884, .T. ) ;
#376 = LINE ( 'NONE', #2726, #1813 ) ;
#377 = VECTOR ( 'NONE', #806, 1000.000000000000000 ) ;
#378 = VECTOR ( 'NONE', #2340, 1000.000000000000000 ) ;
#379 = EDGE_CURVE ( 'NONE', #2288, #2450, #562, .T. ) ;
#380 = CARTESIAN_POINT ( 'NONE',  ( 0.5000000000000004441, 0.7590169943749474069, 0.3749999999999998890 ) ) ;
#381 = ORIENTED_EDGE ( 'NONE', *, *, #1209, .F. ) ;
#382 = EDGE_CURVE ( 'NONE', #801, #2129, #2551, .T. ) ;
#383 = ORIENTED_EDGE ( 'NONE', *, *, #1510, .F. ) ;
#384 = DIRECTION ( 'NONE',  ( -0.000000000000000000, 0.000000000000000000, -1.000000000000000000 ) ) ;
#385 = LINE ( 'NONE', #786, #2187 ) ;
#386 = DIRECTION ( 'NONE',  ( 1.000000000000000000, 0.000000000000000000, 4.336808689942017243E-16 ) ) ;
#387 = DIRECTION ( 'NONE',  ( 0.000000000000000000, -1.000000000000000000, -0.000000000000000000 ) ) ;
#388 = ORIENTED_EDGE ( 'NONE', *, *, #1967, .F. ) ;
#389 = AXIS2_PLACEMENT_3D ( 'NONE', #2719, #2541, #367 ) ;
#390 = VECTOR ( 'NONE', #509, 1000.000000000000000 ) ;
#391 = CARTESIAN_POINT ( 'NONE',  ( -0.5000000000000004441, 0.04999999999999999584, 0.1250000000000000000 ) ) ;
#392 = FACE_OUTER_BOUND ( 'NONE', #1581, .T. ) ;
#393 = ORIENTED_EDGE ( 'NONE', *, *, #152, .T. ) ;
#394 = PLANE ( 'NONE',  #2538 ) ;
#395 = ADVANCED_FACE ( 'NONE', ( #331 ), #618, .F. ) ;
#396 = PLANE ( 'NONE',  #2062 ) ;
#397 = VECTOR ( 'NONE', #1001, 1000.000000000000000 ) ;
#398 = MECHANICAL_DESIGN_GEOMETRIC_PRESENTATION_REPRESENTATION (  '', ( #900 ), #1167 ) ;
#399 = FACE_OUTER_BOUND ( 'NONE', #1331, .T. ) ;
#400 = ADVANCED_FACE ( 'NONE', ( #840 ), #812, .F. ) ;
#401 = EDGE_CURVE ( 'NONE', #2181, #2613, #376, .T. ) ;
#402 = CARTESIAN_POINT ( 'NONE',  ( -0.5000000000000004441, 0.2000000000000000111, -0.3750000000000000000 ) ) ;
#403 = VERTEX_POINT ( 'NONE', #1244 ) ;
#404 = VECTOR ( 'NONE', #1531, 1000.000000000000000 ) ;
#405 = PLANE ( 'NONE',  #389 ) ;
#406 = EDGE_CURVE ( 'NONE', #1853, #1509, #2101, .T. ) ;
#407 = CARTESIAN_POINT ( 'NONE',  ( -1.000000000000000444, 0.05000000000000000278, 0.6250000000000001110 ) ) ;
#408 = DIRECTION ( 'NONE',  ( -1.000000000000000000, 0.000000000000000000, 4.336808689942017736E-16 ) ) ;
#409 = CARTESIAN_POINT ( 'NONE',  ( 3.794707603699264040E-16, 0.05000000000000000278, 0.8749999999999996669 ) ) ;
#410 = ORIENTED_EDGE ( 'NONE', *, *, #208, .T. ) ;
#411 = CARTESIAN_POINT ( 'NONE',  ( -0.5000000000000004441, 0.2000000000000000111, -0.3750000000000000000 ) ) ;
#412 =( NAMED_UNIT ( * ) PLANE_ANGLE_UNIT ( ) SI_UNIT ( $, .RADIAN. ) );
#413 = EDGE_LOOP ( 'NONE', ( #1116, #1954, #1134, #2405 ) ) ;
#414 = CARTESIAN_POINT ( 'NONE',  ( -0.7500000000000002220, 0.8000000000000000444, -0.7499999999999995559 ) ) ;
#415 = LINE ( 'NONE', #1263, #1117 ) ;
#416 = DIRECTION ( 'NONE',  ( 0.000000000000000000, 0.000000000000000000, -1.000000000000000000 ) ) ;
#417 = DIRECTION ( 'NONE',  ( 1.000000000000000000, -0.000000000000000000, -4.336808689942017736E-16 ) ) ;
#418 = ORIENTED_EDGE ( 'NONE', *, *, #1664, .F. ) ;
#419 = ORIENTED_EDGE ( 'NONE', *, *, #468, .T. ) ;
#420 = CARTESIAN_POINT ( 'NONE',  ( -0.5000000000000004441, 0.2000000000000000111, -0.3750000000000000000 ) ) ;
#421 = LINE ( 'NONE', #2158, #2117 ) ;
#422 = VERTEX_POINT ( 'NONE', #2060 ) ;
#423 = ADVANCED_FACE ( 'NONE', ( #2523 ), #2756, .F. ) ;
#424 = ORIENTED_EDGE ( 'NONE', *, *, #712, .T. ) ;
#425 = LINE ( 'NONE', #2642, #1689 ) ;
#426 = CARTESIAN_POINT ( 'NONE',  ( 0.5000000000000004441, 0.2000000000000000111, 0.6250000000000000000 ) ) ;
#427 = DIRECTION ( 'NONE',  ( 0.000000000000000000, 0.000000000000000000, 1.000000000000000000 ) ) ;
#428 = AXIS2_PLACEMENT_3D ( 'NONE', #1170, #84, #2675 ) ;
#429 = FACE_OUTER_BOUND ( 'NONE', #729, .T. ) ;
#430 = VERTEX_POINT ( 'NONE', #103 ) ;
#431 = EDGE_LOOP ( 'NONE', ( #2753, #1955, #2682, #1897 ) ) ;
#432 = EDGE_CURVE ( 'NONE', #2790, #2204, #1640, .T. ) ;
#433 = FACE_OUTER_BOUND ( 'NONE', #324, .T. ) ;
#434 = DIRECTION ( 'NONE',  ( -0.7071067811865437980, 0.000000000000000000, -0.7071067811865513475 ) ) ;
#435 = ORIENTED_EDGE ( 'NONE', *, *, #854, .T. ) ;
#436 = ADVANCED_FACE ( 'NONE', ( #1447 ), #394, .F. ) ;
#437 = AXIS2_PLACEMENT_3D ( 'NONE', #671, #1742, #640 ) ;
#438 = CARTESIAN_POINT ( 'NONE',  ( -0.5000000000000004441, 0.2000000000000000111, 0.1250000000000000000 ) ) ;
#439 = VERTEX_POINT ( 'NONE', #362 ) ;
#440 = VECTOR ( 'NONE', #813, 1000.000000000000000 ) ;
#441 = DIRECTION ( 'NONE',  ( -1.000000000000000000, 0.000000000000000000, 4.336808689942017736E-16 ) ) ;
#442 = SURFACE_STYLE_FILL_AREA ( #2386 ) ;
#443 = LINE ( 'NONE', #1309, #2436 ) ;
#444 = DIRECTION ( 'NONE',  ( 0.000000000000000000, -1.000000000000000000, -0.000000000000000000 ) ) ;
#445 = EDGE_LOOP ( 'NONE', ( #1903, #1645, #916, #224 ) ) ;
#446 = ORIENTED_EDGE ( 'NONE', *, *, #901, .F. ) ;
#447 = CARTESIAN_POINT ( 'NONE',  ( -0.4000000000000005218, 0.05000000000000000278, 0.000000000000000000 ) ) ;
#448 = CARTESIAN_POINT ( 'NONE',  ( -0.7500000000000002220, 0.4171572875253805601, -0.7499999999999995559 ) ) ;
#449 = ORIENTED_EDGE ( 'NONE', *, *, #1267, .T. ) ;
#450 = AXIS2_PLACEMENT_3D ( 'NONE', #2116, #1904, #1920 ) ;
#451 = PLANE ( 'NONE',  #1187 ) ;
#452 = ORIENTED_EDGE ( 'NONE', *, *, #2358, .F. ) ;
#453 = EDGE_CURVE ( 'NONE', #1064, #1653, #2120, .T. ) ;
#454 = CARTESIAN_POINT ( 'NONE',  ( -0.5000000000000004441, 0.2000000000000000111, 0.3749999999999998890 ) ) ;
#455 = DIRECTION ( 'NONE',  ( 0.000000000000000000, 0.000000000000000000, 1.000000000000000000 ) ) ;
#456 = SURFACE_STYLE_FILL_AREA ( #1964 ) ;
#457 = ADVANCED_FACE ( 'NONE', ( #1046 ), #2768, .F. ) ;
#458 = VECTOR ( 'NONE', #2135, 1000.000000000000000 ) ;
#459 = FACE_OUTER_BOUND ( 'NONE', #1731, .T. ) ;
#460 = EDGE_LOOP ( 'NONE', ( #2668, #28, #1180, #681 ) ) ;
#461 = ORIENTED_EDGE ( 'NONE', *, *, #1919, .T. ) ;
#462 = LINE ( 'NONE', #2589, #1782 ) ;
#463 = LINE ( 'NONE', #2184, #2795 ) ;
#464 = ORIENTED_EDGE ( 'NONE', *, *, #1002, .F. ) ;
#465 = CARTESIAN_POINT ( 'NONE',  ( -0.5000000000000004441, 0.000000000000000000, -0.3750000000000000000 ) ) ;
#466 = DIRECTION ( 'NONE',  ( -1.000000000000000000, 0.000000000000000000, 2.168404344971008868E-16 ) ) ;
#467 = EDGE_LOOP ( 'NONE', ( #1432, #510, #974, #2522 ) ) ;
#468 = EDGE_CURVE ( 'NONE', #2161, #1409, #706, .T. ) ;
#469 = CARTESIAN_POINT ( 'NONE',  ( -1.000000000000000444, 0.2000000000000000111, 0.8750000000000001110 ) ) ;
#470 = DIRECTION ( 'NONE',  ( 2.168404344971008868E-16, 0.000000000000000000, -1.000000000000000000 ) ) ;
#471 = VECTOR ( 'NONE', #477, 1000.000000000000000 ) ;
#472 = ORIENTED_EDGE ( 'NONE', *, *, #586, .T. ) ;
#473 = ORIENTED_EDGE ( 'NONE', *, *, #2635, .F. ) ;
#474 = CIRCLE ( 'NONE', #1192, 0.1000000000000001582 ) ;
#475 = AXIS2_PLACEMENT_3D ( 'NONE', #959, #734, #2011 ) ;
#476 = EDGE_CURVE ( 'NONE', #1809, #502, #2425, .T. ) ;
#477 = DIRECTION ( 'NONE',  ( -0.000000000000000000, -0.000000000000000000, 1.000000000000000000 ) ) ;
#478 = DIRECTION ( 'NONE',  ( 0.000000000000000000, -1.000000000000000000, -0.000000000000000000 ) ) ;
#479 = VERTEX_POINT ( 'NONE', #2367 ) ;
#480 = CLOSED_SHELL ( 'NONE', ( #2342, #436, #2497, #2653, #693, #2256, #290, #2420, #2483, #199, #1437, #2694, #2039, #2728, #836, #2732, #1197, #423, #1412, #65, #88, #1899, #2699, #457, #2223, #2827, #2714, #2072, #2166, #1816, #2711, #1018, #2633, #345, #1292, #1020, #1951, #1188, #2162, #1515, #602, #1631 ) ) ;
#481 = CARTESIAN_POINT ( 'NONE',  ( 1.000000000000000444, 0.2000000000000000111, 0.1250000000000001110 ) ) ;
#482 = SURFACE_STYLE_FILL_AREA ( #1070 ) ;
#483 = FACE_OUTER_BOUND ( 'NONE', #1235, .T. ) ;
#484 = ORIENTED_EDGE ( 'NONE', *, *, #1715, .T. ) ;
#485 = SURFACE_STYLE_FILL_AREA ( #1102 ) ;
#486 = VECTOR ( 'NONE', #282, 1000.000000000000000 ) ;
#487 = ORIENTED_EDGE ( 'NONE', *, *, #1345, .T. ) ;
#488 = ORIENTED_EDGE ( 'NONE', *, *, #1108, .T. ) ;
#489 = EDGE_CURVE ( 'NONE', #1556, #147, #1573, .T. ) ;
#490 = CARTESIAN_POINT ( 'NONE',  ( -0.4000000000000005218, 0.2000000000000000111, -0.6250000000000001110 ) ) ;
#491 = DIRECTION ( 'NONE',  ( 0.000000000000000000, 0.000000000000000000, -1.000000000000000000 ) ) ;
#492 = ORIENTED_EDGE ( 'NONE', *, *, #1717, .T. ) ;
#493 = CARTESIAN_POINT ( 'NONE',  ( -1.000000000000000444, 0.7999999999999999334, 1.000000000000000444 ) ) ;
#494 = CARTESIAN_POINT ( 'NONE',  ( 1.000000000000000444, 0.000000000000000000, -0.3749999999999998890 ) ) ;
#495 = VERTEX_POINT ( 'NONE', #1490 ) ;
#496 = VECTOR ( 'NONE', #478, 1000.000000000000000 ) ;
#497 = VECTOR ( 'NONE', #689, 1000.000000000000000 ) ;
#498 = CARTESIAN_POINT ( 'NONE',  ( -0.5000000000000004441, 0.1999999999999999833, 0.8749999999999998890 ) ) ;
#499 = UNCERTAINTY_MEASURE_WITH_UNIT (LENGTH_MEASURE( 1.000000000000000082E-05 ), #2178, 'distance_accuracy_value', 'NONE');
#500 =( NAMED_UNIT ( * ) PLANE_ANGLE_UNIT ( ) SI_UNIT ( $, .RADIAN. ) );
#501 = EDGE_LOOP ( 'NONE', ( #2275, #1922, #2546, #752 ) ) ;
#502 = VERTEX_POINT ( 'NONE', #1349 ) ;
#503 = EDGE_CURVE ( 'NONE', #2707, #2511, #1504, .T. ) ;
#504 = CARTESIAN_POINT ( 'NONE',  ( 0.5000000000000004441, 0.2000000000000000111, 0.6250000000000000000 ) ) ;
#505 = LINE ( 'NONE', #1096, #1541 ) ;
#506 = ORIENTED_EDGE ( 'NONE', *, *, #1991, .F. ) ;
#507 = EDGE_CURVE ( 'NONE', #2292, #1191, #905, .T. ) ;
#508 = DIRECTION ( 'NONE',  ( -0.000000000000000000, -1.000000000000000000, -0.000000000000000000 ) ) ;
#509 = DIRECTION ( 'NONE',  ( 0.000000000000000000, -0.000000000000000000, -1.000000000000000000 ) ) ;
#510 = ORIENTED_EDGE ( 'NONE', *, *, #1322, .T. ) ;
#511 = EDGE_CURVE ( 'NONE', #2288, #2598, #1712, .T. ) ;
#512 = DIRECTION ( 'NONE',  ( 0.000000000000000000, -1.000000000000000000, 0.000000000000000000 ) ) ;
#513 = ORIENTED_EDGE ( 'NONE', *, *, #1003, .T. ) ;
#514 = LINE ( 'NONE', #2051, #2473 ) ;
#515 = CARTESIAN_POINT ( 'NONE',  ( 0.000000000000000000, 0.2000000000000000111, -1.500000000000000000 ) ) ;
#516 = PLANE ( 'NONE',  #475 ) ;
#517 = ORIENTED_EDGE ( 'NONE', *, *, #1825, .F. ) ;
#518 = VECTOR ( 'NONE', #1989, 1000.000000000000000 ) ;
#519 = PLANE ( 'NONE',  #2215 ) ;
#520 = EDGE_CURVE ( 'NONE', #835, #109, #1998, .T. ) ;
#521 = LINE ( 'NONE', #1845, #2003 ) ;
#522 = LINE ( 'NONE', #1408, #1491 ) ;
#523 = EDGE_LOOP ( 'NONE', ( #2435, #673, #105, #1334 ) ) ;
#524 = EDGE_CURVE ( 'NONE', #1639, #759, #2583, .T. ) ;
#525 = EDGE_CURVE ( 'NONE', #2292, #1831, #270, .T. ) ;
#526 = PRESENTATION_LAYER_ASSIGNMENT (  '', '', ( #1017 ) ) ;
#527 = CARTESIAN_POINT ( 'NONE',  ( 0.000000000000000000, 0.8000000000000000444, 0.000000000000000000 ) ) ;
#528 = LINE ( 'NONE', #1580, #1023 ) ;
#529 = VECTOR ( 'NONE', #579, 1000.000000000000000 ) ;
#530 = DIRECTION ( 'NONE',  ( 2.168404344971008868E-16, 0.000000000000000000, -1.000000000000000000 ) ) ;
#531 = AXIS2_PLACEMENT_3D ( 'NONE', #1780, #924, #2209 ) ;
#532 = DIRECTION ( 'NONE',  ( 0.000000000000000000, -1.000000000000000000, 0.000000000000000000 ) ) ;
#533 = DIRECTION ( 'NONE',  ( 0.000000000000000000, 0.000000000000000000, 1.000000000000000000 ) ) ;
#534 = ORIENTED_EDGE ( 'NONE', *, *, #1307, .F. ) ;
#535 = DIRECTION ( 'NONE',  ( -1.000000000000000000, 0.000000000000000000, 2.168404344971008868E-16 ) ) ;
#536 = DIRECTION ( 'NONE',  ( -1.000000000000000000, 0.000000000000000000, -2.168404344971008621E-16 ) ) ;
#537 = ORIENTED_EDGE ( 'NONE', *, *, #81, .F. ) ;
#538 = EDGE_CURVE ( 'NONE', #2632, #1653, #1588, .T. ) ;
#539 = PRESENTATION_STYLE_ASSIGNMENT (( #927 ) ) ;
#540 = VECTOR ( 'NONE', #850, 1000.000000000000000 ) ;
#541 =( LENGTH_UNIT ( ) NAMED_UNIT ( * ) SI_UNIT ( .MILLI., .METRE. ) );
#542 = EDGE_CURVE ( 'NONE', #2109, #2812, #922, .T. ) ;
#543 = FACE_OUTER_BOUND ( 'NONE', #221, .T. ) ;
#544 = CARTESIAN_POINT ( 'NONE',  ( 0.5000000000000004441, 0.2000000000000000111, 0.1250000000000000000 ) ) ;
#545 = ORIENTED_EDGE ( 'NONE', *, *, #2563, .F. ) ;
#546 = DIRECTION ( 'NONE',  ( 0.000000000000000000, 1.000000000000000000, 0.000000000000000000 ) ) ;
#547 = DIRECTION ( 'NONE',  ( 2.168404344971008621E-16, -0.000000000000000000, 1.000000000000000000 ) ) ;
#548 = EDGE_LOOP ( 'NONE', ( #1518, #32, #1708, #344 ) ) ;
#549 = PLANE ( 'NONE',  #2298 ) ;
#550 = DIRECTION ( 'NONE',  ( -0.000000000000000000, 0.000000000000000000, -1.000000000000000000 ) ) ;
#551 = CARTESIAN_POINT ( 'NONE',  ( -0.5000000000000004441, 0.7590169943749474069, 0.3749999999999998890 ) ) ;
#552 = EDGE_CURVE ( 'NONE', #1982, #422, #425, .T. ) ;
#553 = LINE ( 'NONE', #135, #2519 ) ;
#554 = VERTEX_POINT ( 'NONE', #936 ) ;
#555 = LINE ( 'NONE', #2558, #2337 ) ;
#556 = CARTESIAN_POINT ( 'NONE',  ( 1.000000000000000444, 0.7590169943749474069, 0.6250000000000001110 ) ) ;
#557 = DIRECTION ( 'NONE',  ( 1.000000000000000000, 0.000000000000000000, -2.168404344971008621E-16 ) ) ;
#558 = ORIENTED_EDGE ( 'NONE', *, *, #565, .F. ) ;
#559 = COLOUR_RGB ( '',0.7960784313725489669, 0.8235294117647058432, 0.9372549019607843146 ) ;
#560 = VECTOR ( 'NONE', #1189, 1000.000000000000000 ) ;
#561 = ORIENTED_EDGE ( 'NONE', *, *, #966, .T. ) ;
#562 = LINE ( 'NONE', #2565, #358 ) ;
#563 = CARTESIAN_POINT ( 'NONE',  ( -0.4000000000000005218, 0.2000000000000000111, -0.6250000000000001110 ) ) ;
#564 = EDGE_LOOP ( 'NONE', ( #2074, #999, #1638, #155 ) ) ;
#565 = EDGE_CURVE ( 'NONE', #2129, #1006, #1793, .T. ) ;
#566 = ORIENTED_EDGE ( 'NONE', *, *, #940, .F. ) ;
#567 = VECTOR ( 'NONE', #2192, 1000.000000000000000 ) ;
#568 = CARTESIAN_POINT ( 'NONE',  ( 1.000000000000000444, 0.2000000000000000111, -0.8749999999999998890 ) ) ;
#569 = CARTESIAN_POINT ( 'NONE',  ( 1.000000000000000444, 0.1999999999999999833, 0.8750000000000001110 ) ) ;
#570 = CARTESIAN_POINT ( 'NONE',  ( 0.5000000000000004441, 0.2000000000000000111, 0.8749999999999998890 ) ) ;
#571 = CARTESIAN_POINT ( 'NONE',  ( -0.5000000000000004441, 0.7590169943749474069, 0.6250000000000000000 ) ) ;
#572 = ORIENTED_EDGE ( 'NONE', *, *, #1850, .F. ) ;
#573 = VERTEX_POINT ( 'NONE', #721 ) ;
#574 = CARTESIAN_POINT ( 'NONE',  ( 0.5000000000000004441, 0.2000000000000000111, 0.3749999999999998890 ) ) ;
#575 = CARTESIAN_POINT ( 'NONE',  ( 1.000000000000000444, 0.000000000000000000, -0.8749999999999998890 ) ) ;
#576 = AXIS2_PLACEMENT_3D ( 'NONE', #91, #1836, #2701 ) ;
#577 = DIRECTION ( 'NONE',  ( 0.000000000000000000, 0.000000000000000000, -1.000000000000000000 ) ) ;
#578 = ORIENTED_EDGE ( 'NONE', *, *, #401, .T. ) ;
#579 = DIRECTION ( 'NONE',  ( 0.000000000000000000, 0.000000000000000000, -1.000000000000000000 ) ) ;
#580 = PRODUCT_DEFINITION_CONTEXT ( 'detailed design', #332, 'design' ) ;
#581 = DIRECTION ( 'NONE',  ( -1.000000000000000000, 0.000000000000000000, 4.336808689942017736E-16 ) ) ;
#582 = DIRECTION ( 'NONE',  ( 0.000000000000000000, -1.000000000000000000, 0.000000000000000000 ) ) ;
#583 = CARTESIAN_POINT ( 'NONE',  ( 0.5000000000000004441, 0.7590169943749474069, -0.6250000000000001110 ) ) ;
#584 = ORIENTED_EDGE ( 'NONE', *, *, #2130, .T. ) ;
#585 = AXIS2_PLACEMENT_3D ( 'NONE', #574, #828, #1682 ) ;
#586 = EDGE_CURVE ( 'NONE', #2755, #1373, #474, .T. ) ;
#587 = ORIENTED_EDGE ( 'NONE', *, *, #520, .T. ) ;
#588 = CARTESIAN_POINT ( 'NONE',  ( -0.7500000000000002220, 0.6999999999999999556, -0.7499999999999995559 ) ) ;
#589 = DIRECTION ( 'NONE',  ( 0.000000000000000000, 0.000000000000000000, 1.000000000000000000 ) ) ;
#590 = CARTESIAN_POINT ( 'NONE',  ( -1.000000000000000444, 0.2000000000000000111, -0.8749999999999998890 ) ) ;
#591 = ORIENTED_EDGE ( 'NONE', *, *, #1529, .F. ) ;
#592 = DIRECTION ( 'NONE',  ( 1.000000000000000000, 0.000000000000000000, -2.168404344971008868E-16 ) ) ;
#593 = PLANE ( 'NONE',  #2050 ) ;
#594 = CARTESIAN_POINT ( 'NONE',  ( 0.5000000000000004441, 0.7590169943749474069, -0.8750000000000000000 ) ) ;
#595 = CARTESIAN_POINT ( 'NONE',  ( -0.4000000000000005218, 0.2000000000000000111, -0.7749999999999990230 ) ) ;
#596 = ORIENTED_EDGE ( 'NONE', *, *, #2512, .F. ) ;
#597 = EDGE_CURVE ( 'NONE', #2511, #2156, #178, .T. ) ;
#598 = LINE ( 'NONE', #2754, #1410 ) ;
#599 = VECTOR ( 'NONE', #1822, 1000.000000000000000 ) ;
#600 = PLANE ( 'NONE',  #760 ) ;
#601 = ORIENTED_EDGE ( 'NONE', *, *, #2618, .F. ) ;
#602 = ADVANCED_FACE ( 'NONE', ( #1463 ), #593, .F. ) ;
#603 = DIRECTION ( 'NONE',  ( 0.000000000000000000, -1.000000000000000000, 0.000000000000000000 ) ) ;
#604 = VECTOR ( 'NONE', #1310, 1000.000000000000000 ) ;
#605 = COLOUR_RGB ( '',0.7960784313725489669, 0.8235294117647058432, 0.9372549019607843146 ) ;
#606 = CARTESIAN_POINT ( 'NONE',  ( -1.000000000000000444, 0.05000000000000000278, -0.9999999999999995559 ) ) ;
#607 = CARTESIAN_POINT ( 'NONE',  ( -1.000000000000000444, 0.1999999999999999833, -0.8749999999999998890 ) ) ;
#608 = EDGE_CURVE ( 'NONE', #2332, #801, #1675, .T. ) ;
#609 = CARTESIAN_POINT ( 'NONE',  ( 0.5000000000000004441, 0.04999999999999999584, -0.3750000000000000000 ) ) ;
#610 = VERTEX_POINT ( 'NONE', #1540 ) ;
#611 = LINE ( 'NONE', #568, #615 ) ;
#612 = DIRECTION ( 'NONE',  ( 0.000000000000000000, 0.000000000000000000, 1.000000000000000000 ) ) ;
#613 = LINE ( 'NONE', #1677, #985 ) ;
#614 = EDGE_LOOP ( 'NONE', ( #677, #206, #2690, #925 ) ) ;
#615 = VECTOR ( 'NONE', #1483, 1000.000000000000000 ) ;
#616 = CARTESIAN_POINT ( 'NONE',  ( -1.000000000000000444, 0.7590169943749474069, 0.1250000000000001110 ) ) ;
#617 = VERTEX_POINT ( 'NONE', #1524 ) ;
#618 = PLANE ( 'NONE',  #1220 ) ;
#619 = PRESENTATION_LAYER_ASSIGNMENT (  '', '', ( #1709 ) ) ;
#620 = EDGE_CURVE ( 'NONE', #878, #1196, #2596, .T. ) ;
#621 = APPLICATION_PROTOCOL_DEFINITION ( 'draft international standard', 'automotive_design', 1998, #332 ) ;
#622 = DIRECTION ( 'NONE',  ( 1.000000000000000000, 0.000000000000000000, 2.168404344971008868E-16 ) ) ;
#623 = CARTESIAN_POINT ( 'NONE',  ( -0.5000000000000004441, 0.2000000000000000111, 0.8749999999999998890 ) ) ;
#624 = EDGE_CURVE ( 'NONE', #2450, #62, #1090, .T. ) ;
#625 = EDGE_CURVE ( 'NONE', #2441, #2210, #883, .T. ) ;
#626 = VECTOR ( 'NONE', #934, 1000.000000000000000 ) ;
#627 = ORIENTED_EDGE ( 'NONE', *, *, #859, .T. ) ;
#628 = AXIS2_PLACEMENT_3D ( 'NONE', #1892, #1242, #146 ) ;
#629 = CARTESIAN_POINT ( 'NONE',  ( -0.5000000000000004441, 0.000000000000000000, -0.3750000000000000000 ) ) ;
#630 = DIRECTION ( 'NONE',  ( 0.000000000000000000, -1.000000000000000000, -0.000000000000000000 ) ) ;
#631 = VERTEX_POINT ( 'NONE', #1730 ) ;
#632 = LINE ( 'NONE', #2132, #64 ) ;
#633 = PLANE ( 'NONE',  #2580 ) ;
#634 = VERTEX_POINT ( 'NONE', #569 ) ;
#635 = DIRECTION ( 'NONE',  ( -0.000000000000000000, -1.000000000000000000, -0.000000000000000000 ) ) ;
#636 = LINE ( 'NONE', #2401, #260 ) ;
#637 = SURFACE_STYLE_FILL_AREA ( #1644 ) ;
#638 =( NAMED_UNIT ( * ) PLANE_ANGLE_UNIT ( ) SI_UNIT ( $, .RADIAN. ) );
#639 = EDGE_CURVE ( 'NONE', #2477, #430, #385, .T. ) ;
#640 = DIRECTION ( 'NONE',  ( -1.000000000000000000, 0.000000000000000000, 4.336808689942017243E-16 ) ) ;
#641 = ORIENTED_EDGE ( 'NONE', *, *, #2635, .T. ) ;
#642 = VERTEX_POINT ( 'NONE', #1940 ) ;
#643 = ADVANCED_FACE ( 'NONE', ( #2067 ), #368, .F. ) ;
#644 = DIRECTION ( 'NONE',  ( 0.000000000000000000, 0.000000000000000000, -1.000000000000000000 ) ) ;
#645 = CARTESIAN_POINT ( 'NONE',  ( -0.5000000000000004441, 0.000000000000000000, 0.3749999999999998890 ) ) ;
#646 = ORIENTED_EDGE ( 'NONE', *, *, #2009, .F. ) ;
#647 = EDGE_CURVE ( 'NONE', #2366, #1236, #1026, .T. ) ;
#648 = CARTESIAN_POINT ( 'NONE',  ( 0.5000000000000004441, 0.2000000000000000111, -0.8750000000000000000 ) ) ;
#649 = ORIENTED_EDGE ( 'NONE', *, *, #826, .T. ) ;
#650 = CARTESIAN_POINT ( 'NONE',  ( 5.421010862427536345E-17, 0.05000000000000000278, -0.1250000000000003331 ) ) ;
#651 =( NAMED_UNIT ( * ) PLANE_ANGLE_UNIT ( ) SI_UNIT ( $, .RADIAN. ) );
#652 = AXIS2_PLACEMENT_3D ( 'NONE', #821, #1676, #1649 ) ;
#653 = CARTESIAN_POINT ( 'NONE',  ( 0.000000000000000000, 0.000000000000000000, 0.000000000000000000 ) ) ;
#654 = CARTESIAN_POINT ( 'NONE',  ( -0.7500000000000002220, 0.4171572875253805601, -0.7499999999999995559 ) ) ;
#655 = VERTEX_POINT ( 'NONE', #1453 ) ;
#656 = EDGE_LOOP ( 'NONE', ( #1460, #1672, #2466, #2733 ) ) ;
#657 = STYLED_ITEM ( 'NONE', ( #2688 ), #306 ) ;
#658 = ADVANCED_FACE ( 'NONE', ( #1440 ), #1886, .F. ) ;
#659 = CARTESIAN_POINT ( 'NONE',  ( 8.131516293641285720E-17, 0.05000000000000000278, -0.3750000000000001110 ) ) ;
#660 = LINE ( 'NONE', #2409, #2029 ) ;
#661 = ORIENTED_EDGE ( 'NONE', *, *, #2769, .T. ) ;
#662 = PRESENTATION_LAYER_ASSIGNMENT (  '', '', ( #2786 ) ) ;
#663 = AXIS2_PLACEMENT_3D ( 'NONE', #1774, #2657, #2475 ) ;
#664 = ADVANCED_FACE ( 'NONE', ( #1205 ), #872, .T. ) ;
#665 = CARTESIAN_POINT ( 'NONE',  ( -0.5000000000000004441, 0.04999999999999999584, 0.8749999999999998890 ) ) ;
#666 = VERTEX_POINT ( 'NONE', #805 ) ;
#667 = STYLED_ITEM ( 'NONE', ( #2729 ), #1266 ) ;
#668 = LINE ( 'NONE', #1536, #864 ) ;
#669 = FACE_OUTER_BOUND ( 'NONE', #2826, .T. ) ;
#670 = DIRECTION ( 'NONE',  ( 0.000000000000000000, -1.000000000000000000, -0.000000000000000000 ) ) ;
#671 = CARTESIAN_POINT ( 'NONE',  ( -0.5000000000000004441, 0.7590169943749474069, -0.1250000000000001110 ) ) ;
#672 = CARTESIAN_POINT ( 'NONE',  ( 0.9999999999999997780, 4.428427124746190380, -0.9999999999999995559 ) ) ;
#673 = ORIENTED_EDGE ( 'NONE', *, *, #1091, .F. ) ;
#674 = ORIENTED_EDGE ( 'NONE', *, *, #2087, .T. ) ;
#675 = DIRECTION ( 'NONE',  ( -1.000000000000000000, 0.000000000000000000, -2.168404344971008868E-16 ) ) ;
#676 = CARTESIAN_POINT ( 'NONE',  ( 0.000000000000000000, 0.2000000000000000111, 0.000000000000000000 ) ) ;
#677 = ORIENTED_EDGE ( 'NONE', *, *, #1231, .T. ) ;
#678 = AXIS2_PLACEMENT_3D ( 'NONE', #1239, #1513, #2376 ) ;
#679 = ADVANCED_FACE ( 'NONE', ( #2315 ), #1237, .F. ) ;
#680 = DIRECTION ( 'NONE',  ( -1.000000000000000000, 0.000000000000000000, -2.168404344971008868E-16 ) ) ;
#681 = ORIENTED_EDGE ( 'NONE', *, *, #1108, .F. ) ;
#682 = ORIENTED_EDGE ( 'NONE', *, *, #816, .T. ) ;
#683 = EDGE_LOOP ( 'NONE', ( #2054, #381, #2001, #1543 ) ) ;
#684 = LINE ( 'NONE', #2362, #2374 ) ;
#685 = CARTESIAN_POINT ( 'NONE',  ( -1.000000000000000444, 0.2000000000000000111, 0.3750000000000001110 ) ) ;
#686 = ORIENTED_EDGE ( 'NONE', *, *, #2822, .F. ) ;
#687 = CARTESIAN_POINT ( 'NONE',  ( -1.626303258728255172E-16, 0.05000000000000000278, 0.3749999999999996669 ) ) ;
#688 = EDGE_CURVE ( 'NONE', #634, #1732, #2095, .T. ) ;
#689 = DIRECTION ( 'NONE',  ( 0.000000000000000000, 0.000000000000000000, 1.000000000000000000 ) ) ;
#690 = DIRECTION ( 'NONE',  ( -1.000000000000000000, 0.000000000000000000, 2.168404344971008868E-16 ) ) ;
#691 = ORIENTED_EDGE ( 'NONE', *, *, #136, .F. ) ;
#692 = DIRECTION ( 'NONE',  ( 0.000000000000000000, -0.000000000000000000, -1.000000000000000000 ) ) ;
#693 = ADVANCED_FACE ( 'NONE', ( #215 ), #1953, .F. ) ;
#694 = EDGE_CURVE ( 'NONE', #422, #210, #354, .T. ) ;
#695 = CARTESIAN_POINT ( 'NONE',  ( -2.710505431213762564E-16, 0.05000000000000000278, -0.6250000000000003331 ) ) ;
#696 = AXIS2_PLACEMENT_3D ( 'NONE', #2202, #1110, #1512 ) ;
#697 = VERTEX_POINT ( 'NONE', #2079 ) ;
#698 = EDGE_CURVE ( 'NONE', #122, #2613, #124, .T. ) ;
#699 = ORIENTED_EDGE ( 'NONE', *, *, #115, .F. ) ;
#700 = VECTOR ( 'NONE', #1073, 1000.000000000000000 ) ;
#701 =( GEOMETRIC_REPRESENTATION_CONTEXT ( 3 ) GLOBAL_UNCERTAINTY_ASSIGNED_CONTEXT ( ( #1008 ) ) GLOBAL_UNIT_ASSIGNED_CONTEXT ( ( #2053, #979, #1908 ) ) REPRESENTATION_CONTEXT ( 'NONE', 'WORKASPACE' ) );
#702 = DIRECTION ( 'NONE',  ( -0.000000000000000000, 0.000000000000000000, -1.000000000000000000 ) ) ;
#703 = PLANE ( 'NONE',  #842 ) ;
#704 = FACE_OUTER_BOUND ( 'NONE', #318, .T. ) ;
#705 = ORIENTED_EDGE ( 'NONE', *, *, #2547, .T. ) ;
#706 = LINE ( 'NONE', #857, #1671 ) ;
#707 = CARTESIAN_POINT ( 'NONE',  ( -1.000000000000000444, 0.2000000000000000111, -0.1249999999999998890 ) ) ;
#708 = CARTESIAN_POINT ( 'NONE',  ( 0.5000000000000004441, 0.000000000000000000, -0.3750000000000000000 ) ) ;
#709 = EDGE_LOOP ( 'NONE', ( #2663, #1396, #449, #715 ) ) ;
#710 = LINE ( 'NONE', #1174, #953 ) ;
#711 = VECTOR ( 'NONE', #1926, 1000.000000000000000 ) ;
#712 = EDGE_CURVE ( 'NONE', #1037, #2110, #1537, .T. ) ;
#713 = CARTESIAN_POINT ( 'NONE',  ( -0.7500000000000002220, 0.8000000000000000444, -0.6499999999999994671 ) ) ;
#714 = ORIENTED_EDGE ( 'NONE', *, *, #2535, .T. ) ;
#715 = ORIENTED_EDGE ( 'NONE', *, *, #1562, .T. ) ;
#716 = DIRECTION ( 'NONE',  ( 1.000000000000000000, 0.000000000000000000, 2.168404344971008868E-16 ) ) ;
#717 = EDGE_CURVE ( 'NONE', #1532, #1497, #242, .T. ) ;
#718 = CARTESIAN_POINT ( 'NONE',  ( 0.000000000000000000, 0.000000000000000000, -1.500000000000000000 ) ) ;
#719 = CARTESIAN_POINT ( 'NONE',  ( 0.9999999999999997780, 0.1999999999999996503, 0.1250000000000000000 ) ) ;
#720 = ORIENTED_EDGE ( 'NONE', *, *, #468, .F. ) ;
#721 = CARTESIAN_POINT ( 'NONE',  ( 1.000000000000000444, 0.04999999999999969746, 0.8750000000000001110 ) ) ;
#722 = EDGE_CURVE ( 'NONE', #357, #122, #21, .T. ) ;
#723 = DIRECTION ( 'NONE',  ( 0.000000000000000000, -1.000000000000000000, 0.000000000000000000 ) ) ;
#724 = ORIENTED_EDGE ( 'NONE', *, *, #1323, .T. ) ;
#725 = VECTOR ( 'NONE', #1184, 1000.000000000000000 ) ;
#726 = DIRECTION ( 'NONE',  ( 0.000000000000000000, -1.000000000000000000, 0.000000000000000000 ) ) ;
#727 = SURFACE_STYLE_FILL_AREA ( #741 ) ;
#728 = UNCERTAINTY_MEASURE_WITH_UNIT (LENGTH_MEASURE( 1.000000000000000082E-05 ), #1770, 'distance_accuracy_value', 'NONE');
#729 = EDGE_LOOP ( 'NONE', ( #1946, #1773, #2783, #1553 ) ) ;
#730 = VECTOR ( 'NONE', #987, 1000.000000000000000 ) ;
#731 = EDGE_CURVE ( 'NONE', #2482, #1982, #1118, .T. ) ;
#732 = ORIENTED_EDGE ( 'NONE', *, *, #2052, .F. ) ;
#733 = LINE ( 'NONE', #68, #1969 ) ;
#734 = DIRECTION ( 'NONE',  ( -4.336808689942017736E-16, 0.000000000000000000, -1.000000000000000000 ) ) ;
#735 = ADVANCED_FACE ( 'NONE', ( #913 ), #277, .F. ) ;
#736 = DIRECTION ( 'NONE',  ( 1.000000000000000000, -0.000000000000000000, -4.336808689942017736E-16 ) ) ;
#737 = VERTEX_POINT ( 'NONE', #261 ) ;
#738 = CARTESIAN_POINT ( 'NONE',  ( -0.7500000000000002220, 0.8000000000000000444, -0.7499999999999995559 ) ) ;
#739 = DIRECTION ( 'NONE',  ( 0.000000000000000000, -1.000000000000000000, 0.000000000000000000 ) ) ;
#740 = ORIENTED_EDGE ( 'NONE', *, *, #2310, .T. ) ;
#741 = FILL_AREA_STYLE ('',( #63 ) ) ;
#742 = FACE_OUTER_BOUND ( 'NONE', #2820, .T. ) ;
#743 = PLANE ( 'NONE',  #2378 ) ;
#744 = DIRECTION ( 'NONE',  ( 0.000000000000000000, -1.000000000000000000, 0.000000000000000000 ) ) ;
#745 = AXIS2_PLACEMENT_3D ( 'NONE', #2492, #1600, #1576 ) ;
#746 = FACE_OUTER_BOUND ( 'NONE', #59, .T. ) ;
#747 = ORIENTED_EDGE ( 'NONE', *, *, #217, .F. ) ;
#748 = VECTOR ( 'NONE', #2476, 1000.000000000000000 ) ;
#749 = ADVANCED_FACE ( 'NONE', ( #881 ), #1592, .F. ) ;
#750 = CARTESIAN_POINT ( 'NONE',  ( 0.5000000000000004441, 0.2000000000000000111, -0.3750000000000000000 ) ) ;
#751 = PLANE ( 'NONE',  #2570 ) ;
#752 = ORIENTED_EDGE ( 'NONE', *, *, #2055, .T. ) ;
#753 = CARTESIAN_POINT ( 'NONE',  ( 0.5000000000000004441, 0.2000000000000000111, 0.1250000000000000000 ) ) ;
#754 = PLANE ( 'NONE',  #2609 ) ;
#755 = STYLED_ITEM ( 'NONE', ( #1815 ), #1211 ) ;
#756 = ORIENTED_EDGE ( 'NONE', *, *, #698, .T. ) ;
#757 = VECTOR ( 'NONE', #1333, 1000.000000000000000 ) ;
#758 = DIRECTION ( 'NONE',  ( 0.000000000000000000, -1.000000000000000000, -0.000000000000000000 ) ) ;
#759 = VERTEX_POINT ( 'NONE', #1563 ) ;
#760 = AXIS2_PLACEMENT_3D ( 'NONE', #1905, #1031, #2073 ) ;
#761 = FACE_OUTER_BOUND ( 'NONE', #1525, .T. ) ;
#762 = LINE ( 'NONE', #327, #815 ) ;
#763 = ORIENTED_EDGE ( 'NONE', *, *, #2415, .F. ) ;
#764 = ADVANCED_FACE ( 'NONE', ( #669 ), #2111, .F. ) ;
#765 = CARTESIAN_POINT ( 'NONE',  ( 0.5000000000000004441, 0.2000000000000000111, 0.3749999999999998890 ) ) ;
#766 = VECTOR ( 'NONE', #1808, 1000.000000000000000 ) ;
#767 = EDGE_CURVE ( 'NONE', #1917, #403, #555, .T. ) ;
#768 = VECTOR ( 'NONE', #2287, 1000.000000000000000 ) ;
#769 = LINE ( 'NONE', #120, #2252 ) ;
#770 = ORIENTED_EDGE ( 'NONE', *, *, #311, .F. ) ;
#771 = LINE ( 'NONE', #1633, #1794 ) ;
#772 = VERTEX_POINT ( 'NONE', #158 ) ;
#773 = CARTESIAN_POINT ( 'NONE',  ( -0.5000000000000004441, 0.05000000000000000278, 0.000000000000000000 ) ) ;
#774 = CARTESIAN_POINT ( 'NONE',  ( -1.000000000000000444, 0.2000000000000000111, -0.3749999999999998890 ) ) ;
#775 = ORIENTED_EDGE ( 'NONE', *, *, #1143, .T. ) ;
#776 = ORIENTED_EDGE ( 'NONE', *, *, #1002, .T. ) ;
#777 = DIRECTION ( 'NONE',  ( -0.000000000000000000, -0.000000000000000000, 1.000000000000000000 ) ) ;
#778 =( NAMED_UNIT ( * ) PLANE_ANGLE_UNIT ( ) SI_UNIT ( $, .RADIAN. ) );
#779 = EDGE_CURVE ( 'NONE', #1045, #1853, #1647, .T. ) ;
#780 = LINE ( 'NONE', #607, #1527 ) ;
#781 = DIRECTION ( 'NONE',  ( 0.000000000000000000, 0.000000000000000000, 1.000000000000000000 ) ) ;
#782 = EDGE_CURVE ( 'NONE', #154, #573, #138, .T. ) ;
#783 = DIRECTION ( 'NONE',  ( 1.000000000000000000, 0.000000000000000000, 0.000000000000000000 ) ) ;
#784 = ORIENTED_EDGE ( 'NONE', *, *, #373, .T. ) ;
#785 = CARTESIAN_POINT ( 'NONE',  ( -0.7500000000000002220, 0.6999999999999999556, -0.7499999999999995559 ) ) ;
#786 = CARTESIAN_POINT ( 'NONE',  ( -1.000000000000000444, 0.2000000000000000111, -0.6249999999999998890 ) ) ;
#787 = LINE ( 'NONE', #570, #2599 ) ;
#788 = CARTESIAN_POINT ( 'NONE',  ( 1.000000000000000444, 0.2000000000000000111, 0.8750000000000001110 ) ) ;
#789 = ORIENTED_EDGE ( 'NONE', *, *, #803, .T. ) ;
#790 = VECTOR ( 'NONE', #386, 1000.000000000000000 ) ;
#791 = AXIS2_PLACEMENT_3D ( 'NONE', #945, #1413, #1828 ) ;
#792 = SURFACE_STYLE_USAGE ( .BOTH. , #1874 ) ;
#793 = ORIENTED_EDGE ( 'NONE', *, *, #1837, .T. ) ;
#794 = DIRECTION ( 'NONE',  ( -0.000000000000000000, -1.000000000000000000, -0.000000000000000000 ) ) ;
#795 =( GEOMETRIC_REPRESENTATION_CONTEXT ( 3 ) GLOBAL_UNCERTAINTY_ASSIGNED_CONTEXT ( ( #51 ) ) GLOBAL_UNIT_ASSIGNED_CONTEXT ( ( #2037, #2665, #1629 ) ) REPRESENTATION_CONTEXT ( 'NONE', 'WORKASPACE' ) );
#796 = SURFACE_STYLE_FILL_AREA ( #1668 ) ;
#797 = DIRECTION ( 'NONE',  ( 1.000000000000000000, 0.000000000000000000, -2.168404344971008868E-16 ) ) ;
#798 = CARTESIAN_POINT ( 'NONE',  ( -0.5000000000000004441, 0.1999999999999999833, 0.6250000000000000000 ) ) ;
#799 = AXIS2_PLACEMENT_3D ( 'NONE', #79, #56, #2040 ) ;
#800 = ORIENTED_EDGE ( 'NONE', *, *, #1865, .T. ) ;
#801 = VERTEX_POINT ( 'NONE', #1854 ) ;
#802 = AXIS2_PLACEMENT_3D ( 'NONE', #571, #74, #343 ) ;
#803 = EDGE_CURVE ( 'NONE', #1705, #1975, #1452, .T. ) ;
#804 = CARTESIAN_POINT ( 'NONE',  ( 0.000000000000000000, 0.2000000000000000111, 0.000000000000000000 ) ) ;
#805 = CARTESIAN_POINT ( 'NONE',  ( -1.000000000000000444, 0.1999999999999999833, 0.1250000000000001110 ) ) ;
#806 = DIRECTION ( 'NONE',  ( 1.000000000000000000, 0.000000000000000000, 4.336808689942017243E-16 ) ) ;
#807 = FACE_OUTER_BOUND ( 'NONE', #371, .T. ) ;
#808 = ORIENTED_EDGE ( 'NONE', *, *, #859, .F. ) ;
#809 = EDGE_CURVE ( 'NONE', #67, #2449, #1429, .T. ) ;
#810 = CARTESIAN_POINT ( 'NONE',  ( 0.5000000000000004441, 0.2000000000000000111, -0.8750000000000000000 ) ) ;
#811 = ORIENTED_EDGE ( 'NONE', *, *, #2569, .T. ) ;
#812 = PLANE ( 'NONE',  #1084 ) ;
#813 = DIRECTION ( 'NONE',  ( -1.000000000000000000, 0.000000000000000000, 0.000000000000000000 ) ) ;
#814 = PLANE ( 'NONE',  #1157 ) ;
#815 = VECTOR ( 'NONE', #982, 1000.000000000000000 ) ;
#816 = EDGE_CURVE ( 'NONE', #631, #2741, #1575, .T. ) ;
#817 = VERTEX_POINT ( 'NONE', #2284 ) ;
#818 = FACE_OUTER_BOUND ( 'NONE', #2588, .T. ) ;
#819 = DIRECTION ( 'NONE',  ( 1.000000000000000000, -0.000000000000000000, 0.000000000000000000 ) ) ;
#820 = ADVANCED_FACE ( 'NONE', ( #1673 ), #405, .T. ) ;
#821 = CARTESIAN_POINT ( 'NONE',  ( 0.000000000000000000, 0.05000000000000000278, 0.000000000000000000 ) ) ;
#822 = LINE ( 'NONE', #834, #1844 ) ;
#823 = ORIENTED_EDGE ( 'NONE', *, *, #2145, .T. ) ;
#824 = VECTOR ( 'NONE', #1557, 1000.000000000000000 ) ;
#825 = DIRECTION ( 'NONE',  ( 1.000000000000000000, 0.000000000000000000, -2.168404344971008868E-16 ) ) ;
#826 = EDGE_CURVE ( 'NONE', #1821, #801, #1025, .T. ) ;
#827 = VERTEX_POINT ( 'NONE', #1462 ) ;
#828 = DIRECTION ( 'NONE',  ( -4.336808689942017736E-16, 0.000000000000000000, 1.000000000000000000 ) ) ;
#829 = CARTESIAN_POINT ( 'NONE',  ( 1.000000000000000444, 0.7590169943749474069, 0.6250000000000001110 ) ) ;
#830 = ORIENTED_EDGE ( 'NONE', *, *, #2438, .F. ) ;
#831 = ORIENTED_EDGE ( 'NONE', *, *, #1345, .F. ) ;
#832 = CARTESIAN_POINT ( 'NONE',  ( 0.9999999999999997780, 0.05000000000000000278, 1.000000000000000444 ) ) ;
#833 = CARTESIAN_POINT ( 'NONE',  ( 0.9999999999999997780, 0.8000000000000008216, -0.9999999999999995559 ) ) ;
#834 = CARTESIAN_POINT ( 'NONE',  ( 0.5000000000000004441, 0.1999999999999999833, 0.6250000000000000000 ) ) ;
#835 = VERTEX_POINT ( 'NONE', #1885 ) ;
#836 = ADVANCED_FACE ( 'NONE', ( #818 ), #340, .T. ) ;
#837 = DIRECTION ( 'NONE',  ( -1.000000000000000000, 0.000000000000000000, -2.168404344971008621E-16 ) ) ;
#838 = VECTOR ( 'NONE', #1095, 1000.000000000000000 ) ;
#839 = ORIENTED_EDGE ( 'NONE', *, *, #1884, .F. ) ;
#840 = FACE_OUTER_BOUND ( 'NONE', #501, .T. ) ;
#841 = VECTOR ( 'NONE', #2154, 1000.000000000000000 ) ;
#842 = AXIS2_PLACEMENT_3D ( 'NONE', #544, #1570, #267 ) ;
#843 = EDGE_CURVE ( 'NONE', #2424, #554, #1688, .T. ) ;
#844 = DIRECTION ( 'NONE',  ( -1.000000000000000000, 0.000000000000000000, -2.168404344971008868E-16 ) ) ;
#845 = CARTESIAN_POINT ( 'NONE',  ( -0.5000000000000004441, 0.2000000000000000111, 0.6250000000000000000 ) ) ;
#846 = CARTESIAN_POINT ( 'NONE',  ( -0.4000000000000005218, 0.000000000000000000, -0.6250000000000001110 ) ) ;
#847 = ORIENTED_EDGE ( 'NONE', *, *, #1819, .T. ) ;
#848 = ORIENTED_EDGE ( 'NONE', *, *, #1160, .T. ) ;
#849 = CARTESIAN_POINT ( 'NONE',  ( 0.5000000000000004441, 0.1999999999999999833, -0.3750000000000000000 ) ) ;
#850 = DIRECTION ( 'NONE',  ( 0.000000000000000000, 0.000000000000000000, 1.000000000000000000 ) ) ;
#851 = ORIENTED_EDGE ( 'NONE', *, *, #208, .F. ) ;
#852 = AXIS2_PLACEMENT_3D ( 'NONE', #402, #1423, #334 ) ;
#853 = DIRECTION ( 'NONE',  ( -1.000000000000000000, 0.000000000000000000, -2.168404344971008621E-16 ) ) ;
#854 = EDGE_CURVE ( 'NONE', #1548, #2413, #611, .T. ) ;
#855 = SURFACE_SIDE_STYLE ('',( #2766 ) ) ;
#856 = EDGE_LOOP ( 'NONE', ( #2377, #763, #1678, #2115 ) ) ;
#857 = CARTESIAN_POINT ( 'NONE',  ( 1.000000000000000444, 0.2000000000000000111, -0.6249999999999998890 ) ) ;
#858 = CARTESIAN_POINT ( 'NONE',  ( 0.5000000000000004441, 0.000000000000000000, 0.3749999999999998890 ) ) ;
#859 = EDGE_CURVE ( 'NONE', #1917, #867, #1439, .T. ) ;
#860 = DIRECTION ( 'NONE',  ( 0.000000000000000000, -0.000000000000000000, -1.000000000000000000 ) ) ;
#861 = AXIS2_PLACEMENT_3D ( 'NONE', #676, #2640, #1365 ) ;
#862 = ORIENTED_EDGE ( 'NONE', *, *, #432, .F. ) ;
#863 = ORIENTED_EDGE ( 'NONE', *, *, #1364, .F. ) ;
#864 = VECTOR ( 'NONE', #1714, 1000.000000000000000 ) ;
#865 = CARTESIAN_POINT ( 'NONE',  ( -0.5000000000000004441, 0.04999999999999999584, -0.1250000000000001110 ) ) ;
#866 = DIRECTION ( 'NONE',  ( 0.000000000000000000, 0.000000000000000000, 1.000000000000000000 ) ) ;
#867 = VERTEX_POINT ( 'NONE', #1050 ) ;
#868 = LINE ( 'NONE', #2592, #518 ) ;
#869 = ORIENTED_EDGE ( 'NONE', *, *, #1247, .F. ) ;
#870 = DIRECTION ( 'NONE',  ( 2.168404344971008868E-16, 0.000000000000000000, -1.000000000000000000 ) ) ;
#871 = CARTESIAN_POINT ( 'NONE',  ( -0.5000000000000004441, 0.2000000000000000111, -0.6250000000000001110 ) ) ;
#872 = CYLINDRICAL_SURFACE ( 'NONE', #2645, 0.1000000000000001582 ) ;
#873 = ORIENTED_EDGE ( 'NONE', *, *, #1005, .T. ) ;
#874 = ORIENTED_EDGE ( 'NONE', *, *, #2381, .F. ) ;
#875 = ADVANCED_FACE ( 'NONE', ( #2299 ), #1223, .T. ) ;
#876 = LINE ( 'NONE', #2172, #1146 ) ;
#877 = PLANE ( 'NONE',  #1036 ) ;
#878 = VERTEX_POINT ( 'NONE', #2734 ) ;
#879 = DIRECTION ( 'NONE',  ( -1.000000000000000000, 0.000000000000000000, -4.336808689942017736E-16 ) ) ;
#880 = ORIENTED_EDGE ( 'NONE', *, *, #688, .T. ) ;
#881 = FACE_OUTER_BOUND ( 'NONE', #683, .T. ) ;
#882 = CARTESIAN_POINT ( 'NONE',  ( -0.5000000000000004441, 0.2000000000000000111, -0.3750000000000000000 ) ) ;
#883 = LINE ( 'NONE', #672, #841 ) ;
#884 = ORIENTED_EDGE ( 'NONE', *, *, #1470, .T. ) ;
#885 = ADVANCED_FACE ( 'NONE', ( #918 ), #1818, .F. ) ;
#886 = ORIENTED_EDGE ( 'NONE', *, *, #624, .F. ) ;
#887 = MECHANICAL_DESIGN_GEOMETRIC_PRESENTATION_REPRESENTATION (  '', ( #657 ), #795 ) ;
#888 = CARTESIAN_POINT ( 'NONE',  ( -0.4000000000000005218, 0.000000000000000000, -0.7749999999999990230 ) ) ;
#889 = FACE_OUTER_BOUND ( 'NONE', #37, .T. ) ;
#890 = ORIENTED_EDGE ( 'NONE', *, *, #2761, .T. ) ;
#891 = ADVANCED_FACE ( 'NONE', ( #266 ), #1569, .F. ) ;
#892 = VECTOR ( 'NONE', #168, 1000.000000000000000 ) ;
#893 = CARTESIAN_POINT ( 'NONE',  ( -0.5000000000000004441, 0.2000000000000000111, 0.6250000000000000000 ) ) ;
#894 = ORIENTED_EDGE ( 'NONE', *, *, #1615, .F. ) ;
#895 = CARTESIAN_POINT ( 'NONE',  ( 0.5000000000000004441, 0.2000000000000000111, 0.1250000000000000000 ) ) ;
#896 = PRESENTATION_STYLE_ASSIGNMENT (( #2594 ) ) ;
#897 = CARTESIAN_POINT ( 'NONE',  ( -1.000000000000000444, 0.7590169943749474069, -0.1249999999999998890 ) ) ;
#898 = ORIENTED_EDGE ( 'NONE', *, *, #911, .F. ) ;
#899 = VERTEX_POINT ( 'NONE', #2248 ) ;
#900 = STYLED_ITEM ( 'NONE', ( #914 ), #275 ) ;
#901 = EDGE_CURVE ( 'NONE', #878, #2129, #2464, .T. ) ;
#902 = CARTESIAN_POINT ( 'NONE',  ( -1.000000000000000444, 0.05000000000000000278, 1.000000000000000444 ) ) ;
#903 = DIRECTION ( 'NONE',  ( -1.000000000000000000, 0.000000000000000000, -2.168404344971008868E-16 ) ) ;
#904 = VERTEX_POINT ( 'NONE', #2638 ) ;
#905 = LINE ( 'NONE', #1139, #2757 ) ;
#906 = VECTOR ( 'NONE', #2220, 1000.000000000000000 ) ;
#907 = EDGE_CURVE ( 'NONE', #2807, #1006, #1135, .T. ) ;
#908 = DIRECTION ( 'NONE',  ( 0.000000000000000000, 0.000000000000000000, 1.000000000000000000 ) ) ;
#909 = PLANE ( 'NONE',  #531 ) ;
#910 = ORIENTED_EDGE ( 'NONE', *, *, #717, .F. ) ;
#911 = EDGE_CURVE ( 'NONE', #264, #2061, #1375, .T. ) ;
#912 = LINE ( 'NONE', #2099, #2621 ) ;
#913 = FACE_OUTER_BOUND ( 'NONE', #1928, .T. ) ;
#914 = PRESENTATION_STYLE_ASSIGNMENT (( #1980 ) ) ;
#915 = LINE ( 'NONE', #246, #1354 ) ;
#916 = ORIENTED_EDGE ( 'NONE', *, *, #2358, .T. ) ;
#917 = ORIENTED_EDGE ( 'NONE', *, *, #100, .F. ) ;
#918 = FACE_OUTER_BOUND ( 'NONE', #48, .T. ) ;
#919 = CARTESIAN_POINT ( 'NONE',  ( -0.7500000000000002220, 0.8000000000000000444, -0.7499999999999995559 ) ) ;
#920 = CYLINDRICAL_SURFACE ( 'NONE', #1362, 0.1000000000000001582 ) ;
#921 = EDGE_LOOP ( 'NONE', ( #2155, #1279, #202, #1685 ) ) ;
#922 = LINE ( 'NONE', #1778, #89 ) ;
#923 = FACE_OUTER_BOUND ( 'NONE', #2346, .T. ) ;
#924 = DIRECTION ( 'NONE',  ( 1.000000000000000000, 0.000000000000000000, -0.000000000000000000 ) ) ;
#925 = ORIENTED_EDGE ( 'NONE', *, *, #1848, .T. ) ;
#926 = EDGE_CURVE ( 'NONE', #1982, #315, #2437, .T. ) ;
#927 = SURFACE_STYLE_USAGE ( .BOTH. , #1384 ) ;
#928 = EDGE_CURVE ( 'NONE', #2061, #1744, #1804, .T. ) ;
#929 = VECTOR ( 'NONE', #1314, 1000.000000000000000 ) ;
#930 = EDGE_LOOP ( 'NONE', ( #1993, #193, #848, #1433 ) ) ;
#931 = VERTEX_POINT ( 'NONE', #2260 ) ;
#932 = PLANE ( 'NONE',  #799 ) ;
#933 = PLANE ( 'NONE',  #1061 ) ;
#934 = DIRECTION ( 'NONE',  ( -0.000000000000000000, -1.000000000000000000, -0.000000000000000000 ) ) ;
#935 = ORIENTED_EDGE ( 'NONE', *, *, #1176, .T. ) ;
#936 = CARTESIAN_POINT ( 'NONE',  ( -0.5000000000000004441, 0.000000000000000000, 0.1250000000000000000 ) ) ;
#937 = PRESENTATION_LAYER_ASSIGNMENT (  '', '', ( #2700 ) ) ;
#938 = CARTESIAN_POINT ( 'NONE',  ( -0.5000000000000004441, 0.1999999999999999833, -0.1250000000000001110 ) ) ;
#939 = ORIENTED_EDGE ( 'NONE', *, *, #2194, .F. ) ;
#940 = EDGE_CURVE ( 'NONE', #1639, #1107, #733, .T. ) ;
#941 = VECTOR ( 'NONE', #417, 1000.000000000000000 ) ;
#942 = DIRECTION ( 'NONE',  ( -0.000000000000000000, -1.000000000000000000, -0.000000000000000000 ) ) ;
#943 = ADVANCED_FACE ( 'NONE', ( #1621 ), #932, .F. ) ;
#944 = EDGE_LOOP ( 'NONE', ( #1451, #1343, #1466, #2046 ) ) ;
#945 = CARTESIAN_POINT ( 'NONE',  ( 0.5000000000000004441, 0.2000000000000000111, -0.3750000000000000000 ) ) ;
#946 = EDGE_CURVE ( 'NONE', #2686, #2230, #1414, .T. ) ;
#947 = FACE_OUTER_BOUND ( 'NONE', #949, .T. ) ;
#948 = LINE ( 'NONE', #1597, #766 ) ;
#949 = EDGE_LOOP ( 'NONE', ( #1054, #2723, #800, #1789 ) ) ;
#950 = DIRECTION ( 'NONE',  ( -0.000000000000000000, -1.000000000000000000, -0.000000000000000000 ) ) ;
#951 = CARTESIAN_POINT ( 'NONE',  ( 0.5000000000000004441, 0.2000000000000000111, -0.1250000000000001110 ) ) ;
#952 = ORIENTED_EDGE ( 'NONE', *, *, #170, .F. ) ;
#953 = VECTOR ( 'NONE', #22, 1000.000000000000000 ) ;
#954 = CARTESIAN_POINT ( 'NONE',  ( 1.000000000000000444, 0.7590169943749474069, -0.3749999999999998890 ) ) ;
#955 = SURFACE_SIDE_STYLE ('',( #263 ) ) ;
#956 = VECTOR ( 'NONE', #603, 1000.000000000000000 ) ;
#957 = CARTESIAN_POINT ( 'NONE',  ( 0.9999999999999997780, 4.428427124746190380, 1.000000000000000444 ) ) ;
#958 = EDGE_CURVE ( 'NONE', #1532, #254, #1583, .T. ) ;
#959 = CARTESIAN_POINT ( 'NONE',  ( -0.5000000000000004441, 0.2000000000000000111, -0.1250000000000001110 ) ) ;
#960 = ORIENTED_EDGE ( 'NONE', *, *, #2821, .T. ) ;
#961 = DIRECTION ( 'NONE',  ( 0.000000000000000000, -1.000000000000000000, 0.000000000000000000 ) ) ;
#962 = DIRECTION ( 'NONE',  ( 0.000000000000000000, 0.000000000000000000, 1.000000000000000000 ) ) ;
#963 = ORIENTED_EDGE ( 'NONE', *, *, #2518, .T. ) ;
#964 = DIRECTION ( 'NONE',  ( -1.000000000000000000, 0.000000000000000000, -2.168404344971008868E-16 ) ) ;
#965 = AXIS2_PLACEMENT_3D ( 'NONE', #594, #1464, #159 ) ;
#966 = EDGE_CURVE ( 'NONE', #772, #666, #2089, .T. ) ;
#967 = PLANE ( 'NONE',  #1193 ) ;
#968 = ORIENTED_EDGE ( 'NONE', *, *, #803, .F. ) ;
#969 = VECTOR ( 'NONE', #2514, 1000.000000000000000 ) ;
#970 = AXIS2_PLACEMENT_3D ( 'NONE', #1790, #1820, #80 ) ;
#971 = CLOSED_SHELL ( 'NONE', ( #1694, #1698, #2680, #212, #1936, #325 ) ) ;
#972 = CARTESIAN_POINT ( 'NONE',  ( 0.5000000000000004441, 0.7590169943749474069, 0.1250000000000000000 ) ) ;
#973 = DIRECTION ( 'NONE',  ( 0.000000000000000000, -0.000000000000000000, 1.000000000000000000 ) ) ;
#974 = ORIENTED_EDGE ( 'NONE', *, *, #2361, .T. ) ;
#975 = CARTESIAN_POINT ( 'NONE',  ( 1.000000000000000444, 0.000000000000000000, -0.1249999999999998890 ) ) ;
#976 = VECTOR ( 'NONE', #577, 1000.000000000000000 ) ;
#977 = FACE_OUTER_BOUND ( 'NONE', #71, .T. ) ;
#978 = VECTOR ( 'NONE', #690, 1000.000000000000000 ) ;
#979 =( NAMED_UNIT ( * ) PLANE_ANGLE_UNIT ( ) SI_UNIT ( $, .RADIAN. ) );
#980 = ORIENTED_EDGE ( 'NONE', *, *, #1664, .T. ) ;
#981 = PLANE ( 'NONE',  #428 ) ;
#982 = DIRECTION ( 'NONE',  ( 0.000000000000000000, 0.000000000000000000, 1.000000000000000000 ) ) ;
#983 = EDGE_LOOP ( 'NONE', ( #1024, #682 ) ) ;
#984 = EDGE_CURVE ( 'NONE', #2246, #2109, #1249, .T. ) ;
#985 = VECTOR ( 'NONE', #630, 1000.000000000000000 ) ;
#986 = ORIENTED_EDGE ( 'NONE', *, *, #1323, .F. ) ;
#987 = DIRECTION ( 'NONE',  ( -0.000000000000000000, -0.000000000000000000, -1.000000000000000000 ) ) ;
#988 = VECTOR ( 'NONE', #2782, 1000.000000000000000 ) ;
#989 = EDGE_CURVE ( 'NONE', #1045, #230, #1449, .T. ) ;
#990 = ORIENTED_EDGE ( 'NONE', *, *, #984, .F. ) ;
#991 = DIRECTION ( 'NONE',  ( -1.000000000000000000, 0.000000000000000000, 0.000000000000000000 ) ) ;
#992 = CARTESIAN_POINT ( 'NONE',  ( -0.4000000000000005218, 0.000000000000000000, -0.6250000000000001110 ) ) ;
#993 = ORIENTED_EDGE ( 'NONE', *, *, #1900, .T. ) ;
#994 = DIRECTION ( 'NONE',  ( 4.336808689942017243E-16, 0.000000000000000000, -1.000000000000000000 ) ) ;
#995 = DIRECTION ( 'NONE',  ( 0.000000000000000000, 0.000000000000000000, 1.000000000000000000 ) ) ;
#996 = LINE ( 'NONE', #1256, #377 ) ;
#997 = DIRECTION ( 'NONE',  ( 0.000000000000000000, -1.000000000000000000, -0.000000000000000000 ) ) ;
#998 = VERTEX_POINT ( 'NONE', #609 ) ;
#999 = ORIENTED_EDGE ( 'NONE', *, *, #1318, .F. ) ;
#1000 = DIRECTION ( 'NONE',  ( 0.000000000000000000, -1.000000000000000000, 0.000000000000000000 ) ) ;
#1001 = DIRECTION ( 'NONE',  ( 0.000000000000000000, -1.000000000000000000, 0.000000000000000000 ) ) ;
#1002 = EDGE_CURVE ( 'NONE', #502, #1942, #771, .T. ) ;
#1003 = EDGE_CURVE ( 'NONE', #264, #2477, #2499, .T. ) ;
#1004 = DIRECTION ( 'NONE',  ( -1.000000000000000000, 0.000000000000000000, 0.000000000000000000 ) ) ;
#1005 = EDGE_CURVE ( 'NONE', #1328, #154, #553, .T. ) ;
#1006 = VERTEX_POINT ( 'NONE', #2716 ) ;
#1007 = CARTESIAN_POINT ( 'NONE',  ( 0.5000000000000004441, 0.7590169943749474069, 0.8749999999999998890 ) ) ;
#1008 = UNCERTAINTY_MEASURE_WITH_UNIT (LENGTH_MEASURE( 1.000000000000000082E-05 ), #2053, 'distance_accuracy_value', 'NONE');
#1009 = CARTESIAN_POINT ( 'NONE',  ( -0.4000000000000005218, 0.2000000000000000111, -0.7749999999999990230 ) ) ;
#1010 = CARTESIAN_POINT ( 'NONE',  ( -1.000000000000000444, 0.2000000000000000111, -0.6249999999999998890 ) ) ;
#1011 = DIRECTION ( 'NONE',  ( 0.000000000000000000, 0.000000000000000000, 1.000000000000000000 ) ) ;
#1012 = EDGE_LOOP ( 'NONE', ( #1068, #1941, #1511, #1972 ) ) ;
#1013 = AXIS2_PLACEMENT_3D ( 'NONE', #648, #1517, #680 ) ;
#1014 = CARTESIAN_POINT ( 'NONE',  ( 0.5000000000000004441, 0.05000000000000000278, 0.000000000000000000 ) ) ;
#1015 = ORIENTED_EDGE ( 'NONE', *, *, #359, .T. ) ;
#1016 = DIRECTION ( 'NONE',  ( -1.000000000000000000, 0.000000000000000000, 4.336808689942017243E-16 ) ) ;
#1017 = STYLED_ITEM ( 'NONE', ( #539 ), #321 ) ;
#1018 = ADVANCED_FACE ( 'NONE', ( #1670 ), #2341, .T. ) ;
#1019 = CARTESIAN_POINT ( 'NONE',  ( 1.897353801849633006E-16, 0.05000000000000000278, -0.8750000000000001110 ) ) ;
#1020 = ADVANCED_FACE ( 'NONE', ( #1202 ), #2063, .T. ) ;
#1021 = EDGE_CURVE ( 'NONE', #2230, #2527, #443, .T. ) ;
#1022 = DIRECTION ( 'NONE',  ( 1.000000000000000000, -0.000000000000000000, -0.000000000000000000 ) ) ;
#1023 = VECTOR ( 'NONE', #942, 1000.000000000000000 ) ;
#1024 = ORIENTED_EDGE ( 'NONE', *, *, #1091, .T. ) ;
#1025 = LINE ( 'NONE', #2760, #1878 ) ;
#1026 = LINE ( 'NONE', #2404, #2772 ) ;
#1027 = PLANE ( 'NONE',  #652 ) ;
#1028 = DIRECTION ( 'NONE',  ( 0.000000000000000000, -1.000000000000000000, -0.000000000000000000 ) ) ;
#1029 = ORIENTED_EDGE ( 'NONE', *, *, #958, .F. ) ;
#1030 = LINE ( 'NONE', #1890, #1758 ) ;
#1031 = DIRECTION ( 'NONE',  ( 2.168404344971008868E-16, 0.000000000000000000, 1.000000000000000000 ) ) ;
#1032 = ORIENTED_EDGE ( 'NONE', *, *, #1209, .T. ) ;
#1033 = CARTESIAN_POINT ( 'NONE',  ( -1.000000000000000444, 0.7590169943749474069, -0.6249999999999998890 ) ) ;
#1034 = CARTESIAN_POINT ( 'NONE',  ( -0.5000000000000004441, 0.04999999999999999584, -0.3750000000000000000 ) ) ;
#1035 = CARTESIAN_POINT ( 'NONE',  ( 0.5000000000000004441, 0.000000000000000000, 0.1250000000000000000 ) ) ;
#1036 = AXIS2_PLACEMENT_3D ( 'NONE', #253, #1124, #1111 ) ;
#1037 = VERTEX_POINT ( 'NONE', #1076 ) ;
#1038 = CARTESIAN_POINT ( 'NONE',  ( -0.5000000000000004441, 0.000000000000000000, 0.8749999999999998890 ) ) ;
#1039 = CARTESIAN_POINT ( 'NONE',  ( 0.9999999999999997780, 0.05000000000000000278, 1.000000000000000444 ) ) ;
#1040 = PLANE ( 'NONE',  #1627 ) ;
#1041 = ORIENTED_EDGE ( 'NONE', *, *, #1533, .F. ) ;
#1042 = EDGE_CURVE ( 'NONE', #254, #147, #2167, .T. ) ;
#1043 = CARTESIAN_POINT ( 'NONE',  ( 0.5000000000000004441, 0.000000000000000000, -0.3750000000000000000 ) ) ;
#1044 = DIRECTION ( 'NONE',  ( 1.000000000000000000, 0.000000000000000000, 0.000000000000000000 ) ) ;
#1045 = VERTEX_POINT ( 'NONE', #1063 ) ;
#1046 = FACE_OUTER_BOUND ( 'NONE', #2119, .T. ) ;
#1047 = LINE ( 'NONE', #2539, #243 ) ;
#1048 = PLANE ( 'NONE',  #2693 ) ;
#1049 = EDGE_LOOP ( 'NONE', ( #1568, #2344, #1129, #1503, #537, #1093, #2672, #75, #1300, #1792, #1258, #811, #128, #2098, #177, #2140, #1882, #2597, #1725, #1456, #2355, #1593, #2297, #2500, #218, #2764, #1963, #558, #2269, #1204, #1120, #968, #2283, #352, #1156, #1968, #686 ) ) ;
#1050 = CARTESIAN_POINT ( 'NONE',  ( 0.5000000000000004441, 0.1999999999999999833, -0.8750000000000000000 ) ) ;
#1051 = ADVANCED_FACE ( 'NONE', ( #1703 ), #2572, .F. ) ;
#1052 = DIRECTION ( 'NONE',  ( 1.000000000000000000, 0.000000000000000000, 4.336808689942017243E-16 ) ) ;
#1053 = PLANE ( 'NONE',  #2666 ) ;
#1054 = ORIENTED_EDGE ( 'NONE', *, *, #2525, .F. ) ;
#1055 = EDGE_CURVE ( 'NONE', #2450, #2263, #2817, .T. ) ;
#1056 = CARTESIAN_POINT ( 'NONE',  ( 0.5000000000000004441, 0.7590169943749474069, -0.3750000000000000000 ) ) ;
#1057 = VECTOR ( 'NONE', #879, 1000.000000000000000 ) ;
#1058 = ORIENTED_EDGE ( 'NONE', *, *, #1599, .F. ) ;
#1059 = DIRECTION ( 'NONE',  ( 0.000000000000000000, 0.000000000000000000, 1.000000000000000000 ) ) ;
#1060 = VECTOR ( 'NONE', #2530, 1000.000000000000000 ) ;
#1061 = AXIS2_PLACEMENT_3D ( 'NONE', #718, #1585, #2232 ) ;
#1062 = LINE ( 'NONE', #2236, #1842 ) ;
#1063 = CARTESIAN_POINT ( 'NONE',  ( -0.4000000000000005218, 0.2000000000000000111, -0.6250000000000001110 ) ) ;
#1064 = VERTEX_POINT ( 'NONE', #1939 ) ;
#1065 = ORIENTED_EDGE ( 'NONE', *, *, #310, .T. ) ;
#1066 = LINE ( 'NONE', #902, #471 ) ;
#1067 = DIRECTION ( 'NONE',  ( -0.000000000000000000, -0.000000000000000000, 1.000000000000000000 ) ) ;
#1068 = ORIENTED_EDGE ( 'NONE', *, *, #1881, .T. ) ;
#1069 = VECTOR ( 'NONE', #2010, 1000.000000000000000 ) ;
#1070 = FILL_AREA_STYLE ('',( #192 ) ) ;
#1071 = ORIENTED_EDGE ( 'NONE', *, *, #1397, .T. ) ;
#1072 = EDGE_CURVE ( 'NONE', #2741, #1373, #2418, .T. ) ;
#1073 = DIRECTION ( 'NONE',  ( 0.000000000000000000, -1.000000000000000000, 0.000000000000000000 ) ) ;
#1074 = FACE_OUTER_BOUND ( 'NONE', #2221, .T. ) ;
#1075 = CARTESIAN_POINT ( 'NONE',  ( 0.5000000000000004441, 0.2000000000000000111, -0.6250000000000001110 ) ) ;
#1076 = CARTESIAN_POINT ( 'NONE',  ( -0.5000000000000004441, 0.1999999999999999833, 0.8749999999999998890 ) ) ;
#1077 = CARTESIAN_POINT ( 'NONE',  ( -1.000000000000000444, 0.1999999999999999833, -0.3749999999999998890 ) ) ;
#1078 = AXIS2_PLACEMENT_3D ( 'NONE', #1613, #2481, #536 ) ;
#1079 = VERTEX_POINT ( 'NONE', #1757 ) ;
#1080 = ORIENTED_EDGE ( 'NONE', *, *, #1072, .F. ) ;
#1081 = CARTESIAN_POINT ( 'NONE',  ( 0.5000000000000004441, 0.7590169943749474069, 0.1250000000000000000 ) ) ;
#1082 = LINE ( 'NONE', #583, #1265 ) ;
#1083 = ORIENTED_EDGE ( 'NONE', *, *, #1382, .F. ) ;
#1084 = AXIS2_PLACEMENT_3D ( 'NONE', #1876, #1458, #2324 ) ;
#1085 = ORIENTED_EDGE ( 'NONE', *, *, #1848, .F. ) ;
#1086 = DIRECTION ( 'NONE',  ( -1.000000000000000000, 0.000000000000000000, -4.336808689942017736E-16 ) ) ;
#1087 = EDGE_CURVE ( 'NONE', #2477, #109, #2789, .T. ) ;
#1088 = DIRECTION ( 'NONE',  ( 0.000000000000000000, -0.000000000000000000, -1.000000000000000000 ) ) ;
#1089 = PRODUCT_DEFINITION ( 'UNKNOWN', '', #2774, #580 ) ;
#1090 = LINE ( 'NONE', #1077, #231 ) ;
#1091 = EDGE_CURVE ( 'NONE', #2741, #631, #339, .T. ) ;
#1092 = VERTEX_POINT ( 'NONE', #1539 ) ;
#1093 = ORIENTED_EDGE ( 'NONE', *, *, #2650, .F. ) ;
#1094 = ADVANCED_FACE ( 'NONE', ( #459 ), #1048, .F. ) ;
#1095 = DIRECTION ( 'NONE',  ( -1.000000000000000000, 0.000000000000000000, 0.000000000000000000 ) ) ;
#1096 = CARTESIAN_POINT ( 'NONE',  ( 0.5000000000000004441, 0.000000000000000000, -0.8750000000000000000 ) ) ;
#1097 = ORIENTED_EDGE ( 'NONE', *, *, #698, .F. ) ;
#1098 = CARTESIAN_POINT ( 'NONE',  ( -0.5000000000000004441, 0.7590169943749474069, -0.6250000000000001110 ) ) ;
#1099 = ORIENTED_EDGE ( 'NONE', *, *, #520, .F. ) ;
#1100 = VECTOR ( 'NONE', #1974, 1000.000000000000000 ) ;
#1101 = CARTESIAN_POINT ( 'NONE',  ( 0.5000000000000004441, 0.2000000000000000111, 0.6250000000000000000 ) ) ;
#1102 = FILL_AREA_STYLE ('',( #2165 ) ) ;
#1103 = VECTOR ( 'NONE', #1363, 1000.000000000000000 ) ;
#1104 = EDGE_CURVE ( 'NONE', #1196, #2790, #2403, .T. ) ;
#1105 = DIRECTION ( 'NONE',  ( -0.000000000000000000, -0.000000000000000000, -1.000000000000000000 ) ) ;
#1106 = ORIENTED_EDGE ( 'NONE', *, *, #2806, .F. ) ;
#1107 = VERTEX_POINT ( 'NONE', #1716 ) ;
#1108 = EDGE_CURVE ( 'NONE', #1821, #2536, #1496, .T. ) ;
#1109 = ADVANCED_FACE ( 'NONE', ( #2595 ), #185, .T. ) ;
#1110 = DIRECTION ( 'NONE',  ( 0.000000000000000000, 0.000000000000000000, -1.000000000000000000 ) ) ;
#1111 = DIRECTION ( 'NONE',  ( 0.000000000000000000, 0.000000000000000000, -1.000000000000000000 ) ) ;
#1112 = ORIENTED_EDGE ( 'NONE', *, *, #453, .T. ) ;
#1113 = EDGE_CURVE ( 'NONE', #2246, #2147, #2179, .T. ) ;
#1114 = VECTOR ( 'NONE', #1284, 1000.000000000000000 ) ;
#1115 = DIRECTION ( 'NONE',  ( -1.000000000000000000, 0.000000000000000000, 2.168404344971008868E-16 ) ) ;
#1116 = ORIENTED_EDGE ( 'NONE', *, *, #2512, .T. ) ;
#1117 = VECTOR ( 'NONE', #2400, 1000.000000000000000 ) ;
#1118 = LINE ( 'NONE', #1130, #1655 ) ;
#1119 = DIRECTION ( 'NONE',  ( -4.336808689942017736E-16, 0.000000000000000000, 1.000000000000000000 ) ) ;
#1120 = ORIENTED_EDGE ( 'NONE', *, *, #1519, .F. ) ;
#1121 = VERTEX_POINT ( 'NONE', #1965 ) ;
#1122 = VECTOR ( 'NONE', #2265, 1000.000000000000000 ) ;
#1123 = LINE ( 'NONE', #490, #1103 ) ;
#1124 = DIRECTION ( 'NONE',  ( -1.000000000000000000, 0.000000000000000000, 0.000000000000000000 ) ) ;
#1125 = ORIENTED_EDGE ( 'NONE', *, *, #1805, .F. ) ;
#1126 = DIRECTION ( 'NONE',  ( -0.000000000000000000, 0.000000000000000000, 1.000000000000000000 ) ) ;
#1127 = COLOUR_RGB ( '',0.7960784313725489669, 0.8235294117647058432, 0.9372549019607843146 ) ;
#1128 = ADVANCED_FACE ( 'NONE', ( #429 ), #2388, .T. ) ;
#1129 = ORIENTED_EDGE ( 'NONE', *, *, #271, .T. ) ;
#1130 = CARTESIAN_POINT ( 'NONE',  ( 0.5000000000000004441, 0.1999999999999999833, 0.3749999999999998890 ) ) ;
#1131 = CARTESIAN_POINT ( 'NONE',  ( 0.5000000000000004441, 0.000000000000000000, -0.6250000000000001110 ) ) ;
#1132 =( LENGTH_UNIT ( ) NAMED_UNIT ( * ) SI_UNIT ( .MILLI., .METRE. ) );
#1133 = ORIENTED_EDGE ( 'NONE', *, *, #1900, .F. ) ;
#1134 = ORIENTED_EDGE ( 'NONE', *, *, #1470, .F. ) ;
#1135 = LINE ( 'NONE', #2028, #1398 ) ;
#1136 = CARTESIAN_POINT ( 'NONE',  ( -0.5000000000000004441, 0.2000000000000000111, 0.6250000000000000000 ) ) ;
#1137 = CARTESIAN_POINT ( 'NONE',  ( -0.5000000000000004441, 0.7590169943749474069, -0.3750000000000000000 ) ) ;
#1138 = VERTEX_POINT ( 'NONE', #1952 ) ;
#1139 = CARTESIAN_POINT ( 'NONE',  ( -0.5000000000000004441, 0.2000000000000000111, -0.1250000000000001110 ) ) ;
#1140 = DIRECTION ( 'NONE',  ( 0.000000000000000000, -0.000000000000000000, -1.000000000000000000 ) ) ;
#1141 = DIRECTION ( 'NONE',  ( 0.000000000000000000, -1.000000000000000000, 0.000000000000000000 ) ) ;
#1142 = ORIENTED_EDGE ( 'NONE', *, *, #940, .T. ) ;
#1143 = EDGE_CURVE ( 'NONE', #1191, #1986, #227, .T. ) ;
#1144 = SURFACE_STYLE_FILL_AREA ( #278 ) ;
#1145 = UNCERTAINTY_MEASURE_WITH_UNIT (LENGTH_MEASURE( 1.000000000000000082E-05 ), #2788, 'distance_accuracy_value', 'NONE');
#1146 = VECTOR ( 'NONE', #204, 1000.000000000000000 ) ;
#1147 = ORIENTED_EDGE ( 'NONE', *, *, #1104, .T. ) ;
#1148 = DIRECTION ( 'NONE',  ( -0.000000000000000000, -1.000000000000000000, -0.000000000000000000 ) ) ;
#1149 = VECTOR ( 'NONE', #364, 1000.000000000000000 ) ;
#1150 = CARTESIAN_POINT ( 'NONE',  ( 0.000000000000000000, 0.000000000000000000, 0.000000000000000000 ) ) ;
#1151 = LINE ( 'NONE', #1776, #1713 ) ;
#1152 = ORIENTED_EDGE ( 'NONE', *, *, #2399, .T. ) ;
#1153 = VECTOR ( 'NONE', #1162, 1000.000000000000000 ) ;
#1154 = LINE ( 'NONE', #2443, #2470 ) ;
#1155 = DIRECTION ( 'NONE',  ( 0.000000000000000000, -0.000000000000000000, -1.000000000000000000 ) ) ;
#1156 = ORIENTED_EDGE ( 'NONE', *, *, #1216, .F. ) ;
#1157 = AXIS2_PLACEMENT_3D ( 'NONE', #380, #166, #1248 ) ;
#1158 = VECTOR ( 'NONE', #716, 1000.000000000000000 ) ;
#1159 = DIRECTION ( 'NONE',  ( 4.336808689942017243E-16, 0.000000000000000000, -1.000000000000000000 ) ) ;
#1160 = EDGE_CURVE ( 'NONE', #2527, #258, #7, .T. ) ;
#1161 = CARTESIAN_POINT ( 'NONE',  ( 0.5000000000000004441, 0.2000000000000000111, -0.1250000000000001110 ) ) ;
#1162 = DIRECTION ( 'NONE',  ( 0.000000000000000000, -0.000000000000000000, -1.000000000000000000 ) ) ;
#1163 =( GEOMETRIC_REPRESENTATION_CONTEXT ( 3 ) GLOBAL_UNCERTAINTY_ASSIGNED_CONTEXT ( ( #1385 ) ) GLOBAL_UNIT_ASSIGNED_CONTEXT ( ( #1132, #500, #1372 ) ) REPRESENTATION_CONTEXT ( 'NONE', 'WORKASPACE' ) );
#1164 = DIRECTION ( 'NONE',  ( 0.000000000000000000, 0.000000000000000000, 1.000000000000000000 ) ) ;
#1165 = ORIENTED_EDGE ( 'NONE', *, *, #2761, .F. ) ;
#1166 = EDGE_LOOP ( 'NONE', ( #2819, #699, #1360, #1065 ) ) ;
#1167 =( GEOMETRIC_REPRESENTATION_CONTEXT ( 3 ) GLOBAL_UNCERTAINTY_ASSIGNED_CONTEXT ( ( #728 ) ) GLOBAL_UNIT_ASSIGNED_CONTEXT ( ( #1770, #2432, #226 ) ) REPRESENTATION_CONTEXT ( 'NONE', 'WORKASPACE' ) );
#1168 = DIRECTION ( 'NONE',  ( 0.000000000000000000, 0.000000000000000000, 1.000000000000000000 ) ) ;
#1169 = VERTEX_POINT ( 'NONE', #713 ) ;
#1170 = CARTESIAN_POINT ( 'NONE',  ( -0.5000000000000004441, 0.7590169943749474069, 0.6250000000000000000 ) ) ;
#1171 = FACE_OUTER_BOUND ( 'NONE', #1610, .T. ) ;
#1172 = ORIENTED_EDGE ( 'NONE', *, *, #248, .F. ) ;
#1173 = AXIS2_PLACEMENT_3D ( 'NONE', #317, #85, #1625 ) ;
#1174 = CARTESIAN_POINT ( 'NONE',  ( 1.000000000000000444, 0.2000000000000000111, -0.8749999999999998890 ) ) ;
#1175 = SURFACE_STYLE_USAGE ( .BOTH. , #2446 ) ;
#1176 = EDGE_CURVE ( 'NONE', #1619, #2710, #528, .T. ) ;
#1177 = VECTOR ( 'NONE', #1126, 1000.000000000000000 ) ;
#1178 = FACE_OUTER_BOUND ( 'NONE', #445, .T. ) ;
#1179 = PLANE ( 'NONE',  #44 ) ;
#1180 = ORIENTED_EDGE ( 'NONE', *, *, #1924, .F. ) ;
#1181 = LINE ( 'NONE', #1795, #2643 ) ;
#1182 = FACE_OUTER_BOUND ( 'NONE', #983, .T. ) ;
#1183 = ORIENTED_EDGE ( 'NONE', *, *, #2552, .T. ) ;
#1184 = DIRECTION ( 'NONE',  ( -0.000000000000000000, -0.000000000000000000, -1.000000000000000000 ) ) ;
#1185 = LINE ( 'NONE', #34, #1298 ) ;
#1186 = PLANE ( 'NONE',  #791 ) ;
#1187 = AXIS2_PLACEMENT_3D ( 'NONE', #1, #1319, #2175 ) ;
#1188 = ADVANCED_FACE ( 'NONE', ( #1801 ), #754, .T. ) ;
#1189 = DIRECTION ( 'NONE',  ( -0.000000000000000000, -0.000000000000000000, 1.000000000000000000 ) ) ;
#1190 = EDGE_CURVE ( 'NONE', #142, #430, #1357, .T. ) ;
#1191 = VERTEX_POINT ( 'NONE', #1386 ) ;
#1192 = AXIS2_PLACEMENT_3D ( 'NONE', #414, #194, #1280 ) ;
#1193 = AXIS2_PLACEMENT_3D ( 'NONE', #39, #2691, #1622 ) ;
#1194 = LINE ( 'NONE', #2480, #1291 ) ;
#1195 = LINE ( 'NONE', #2069, #1122 ) ;
#1196 = VERTEX_POINT ( 'NONE', #1565 ) ;
#1197 = ADVANCED_FACE ( 'NONE', ( #742 ), #2243, .F. ) ;
#1198 = CARTESIAN_POINT ( 'NONE',  ( 0.5000000000000004441, 0.7590169943749474069, -0.3750000000000000000 ) ) ;
#1199 = VECTOR ( 'NONE', #2524, 1000.000000000000000 ) ;
#1200 = AXIS2_PLACEMENT_3D ( 'NONE', #515, #1390, #702 ) ;
#1201 = CARTESIAN_POINT ( 'NONE',  ( -1.000000000000000444, 0.05000000000000000278, -0.3749999999999998890 ) ) ;
#1202 = FACE_OUTER_BOUND ( 'NONE', #856, .T. ) ;
#1203 = SURFACE_STYLE_USAGE ( .BOTH. , #336 ) ;
#1204 = ORIENTED_EDGE ( 'NONE', *, *, #608, .F. ) ;
#1205 = FACE_OUTER_BOUND ( 'NONE', #289, .T. ) ;
#1206 = FACE_OUTER_BOUND ( 'NONE', #15, .T. ) ;
#1207 = DIRECTION ( 'NONE',  ( 0.000000000000000000, -0.000000000000000000, 1.000000000000000000 ) ) ;
#1208 = ORIENTED_EDGE ( 'NONE', *, *, #2055, .F. ) ;
#1209 = EDGE_CURVE ( 'NONE', #2424, #1064, #1342, .T. ) ;
#1210 = VECTOR ( 'NONE', #2363, 1000.000000000000000 ) ;
#1211 = MANIFOLD_SOLID_BREP ( 'Boss-Extrude3', #1608 ) ;
#1212 = LINE ( 'NONE', #810, #988 ) ;
#1213 = EDGE_LOOP ( 'NONE', ( #2767, #2383, #10, #2498 ) ) ;
#1214 = DIRECTION ( 'NONE',  ( 0.000000000000000000, 0.000000000000000000, 1.000000000000000000 ) ) ;
#1215 = STYLED_ITEM ( 'NONE', ( #2306 ), #2139 ) ;
#1216 = EDGE_CURVE ( 'NONE', #1294, #2564, #915, .T. ) ;
#1217 = CARTESIAN_POINT ( 'NONE',  ( 0.5000000000000004441, 0.2000000000000000111, -0.1250000000000001110 ) ) ;
#1218 = LINE ( 'NONE', #2509, #1520 ) ;
#1219 = DIRECTION ( 'NONE',  ( 0.000000000000000000, -1.000000000000000000, 0.000000000000000000 ) ) ;
#1220 = AXIS2_PLACEMENT_3D ( 'NONE', #1198, #2336, #1214 ) ;
#1221 =( LENGTH_UNIT ( ) NAMED_UNIT ( * ) SI_UNIT ( .MILLI., .METRE. ) );
#1222 = ORIENTED_EDGE ( 'NONE', *, *, #722, .T. ) ;
#1223 = PLANE ( 'NONE',  #297 ) ;
#1224 = DIRECTION ( 'NONE',  ( 1.000000000000000000, 0.000000000000000000, 0.000000000000000000 ) ) ;
#1225 = CARTESIAN_POINT ( 'NONE',  ( 1.000000000000000444, 0.2000000000000000111, -0.1249999999999998890 ) ) ;
#1226 = CARTESIAN_POINT ( 'NONE',  ( 1.000000000000000444, 0.04999999999999969746, -0.6249999999999998890 ) ) ;
#1227 = EDGE_LOOP ( 'NONE', ( #1768, #830, #1321, #808 ) ) ;
#1228 = PRODUCT ( 'DQF8', 'DQF8', '', ( #2296 ) ) ;
#1229 = LINE ( 'NONE', #1014, #251 ) ;
#1230 = VERTEX_POINT ( 'NONE', #2023 ) ;
#1231 = EDGE_CURVE ( 'NONE', #2441, #2707, #1895, .T. ) ;
#1232 = DIRECTION ( 'NONE',  ( 0.000000000000000000, 1.000000000000000000, 0.000000000000000000 ) ) ;
#1233 = CARTESIAN_POINT ( 'NONE',  ( -0.4000000000000005218, 0.2000000000000000111, -0.7749999999999990230 ) ) ;
#1234 = DIRECTION ( 'NONE',  ( 0.000000000000000000, 0.000000000000000000, 1.000000000000000000 ) ) ;
#1235 = EDGE_LOOP ( 'NONE', ( #1875, #99, #2058, #847 ) ) ;
#1236 = VERTEX_POINT ( 'NONE', #975 ) ;
#1237 = PLANE ( 'NONE',  #2427 ) ;
#1238 = LINE ( 'NONE', #1856, #790 ) ;
#1239 = CARTESIAN_POINT ( 'NONE',  ( -0.7500000000000002220, 0.6999999999999999556, -0.7499999999999995559 ) ) ;
#1240 = VERTEX_POINT ( 'NONE', #1246 ) ;
#1241 = VECTOR ( 'NONE', #326, 1000.000000000000000 ) ;
#1242 = DIRECTION ( 'NONE',  ( -0.000000000000000000, 1.000000000000000000, -0.000000000000000000 ) ) ;
#1243 = ORIENTED_EDGE ( 'NONE', *, *, #1176, .F. ) ;
#1244 = CARTESIAN_POINT ( 'NONE',  ( 1.000000000000000444, 0.000000000000000000, -0.8749999999999998890 ) ) ;
#1245 = COLOUR_RGB ( '',0.7960784313725489669, 0.8235294117647058432, 0.9372549019607843146 ) ;
#1246 = CARTESIAN_POINT ( 'NONE',  ( -0.5000000000000004441, 0.1999999999999999833, -0.3750000000000000000 ) ) ;
#1247 = EDGE_CURVE ( 'NONE', #2707, #2070, #769, .T. ) ;
#1248 = DIRECTION ( 'NONE',  ( 1.000000000000000000, 0.000000000000000000, 4.336808689942017243E-16 ) ) ;
#1249 = LINE ( 'NONE', #798, #2567 ) ;
#1250 = AXIS2_PLACEMENT_3D ( 'NONE', #2020, #2607, #692 ) ;
#1251 = ORIENTED_EDGE ( 'NONE', *, *, #2585, .T. ) ;
#1252 = ORIENTED_EDGE ( 'NONE', *, *, #1480, .T. ) ;
#1253 = PRESENTATION_LAYER_ASSIGNMENT (  '', '', ( #667 ) ) ;
#1254 = DIRECTION ( 'NONE',  ( -1.000000000000000000, 0.000000000000000000, 4.336808689942017243E-16 ) ) ;
#1255 = DIRECTION ( 'NONE',  ( 0.000000000000000000, -1.000000000000000000, 0.000000000000000000 ) ) ;
#1256 = CARTESIAN_POINT ( 'NONE',  ( 0.5000000000000004441, 0.1999999999999999833, -0.6250000000000001110 ) ) ;
#1257 = CARTESIAN_POINT ( 'NONE',  ( 0.5000000000000004441, 0.04999999999999999584, 0.3749999999999998890 ) ) ;
#1258 = ORIENTED_EDGE ( 'NONE', *, *, #2396, .F. ) ;
#1259 = DIRECTION ( 'NONE',  ( 1.000000000000000000, 0.000000000000000000, -2.168404344971008621E-16 ) ) ;
#1260 = CYLINDRICAL_SURFACE ( 'NONE', #628, 0.1000000000000001582 ) ;
#1261 = ORIENTED_EDGE ( 'NONE', *, *, #1087, .T. ) ;
#1262 = DIRECTION ( 'NONE',  ( 0.000000000000000000, 0.000000000000000000, -1.000000000000000000 ) ) ;
#1263 = CARTESIAN_POINT ( 'NONE',  ( 0.5000000000000004441, 0.1999999999999999833, 0.6250000000000000000 ) ) ;
#1264 = PLANE ( 'NONE',  #287 ) ;
#1265 = VECTOR ( 'NONE', #1028, 1000.000000000000000 ) ;
#1266 = MANIFOLD_SOLID_BREP ( 'LPattern2[3]', #2777 ) ;
#1267 = EDGE_CURVE ( 'NONE', #1079, #1230, #415, .T. ) ;
#1268 = CARTESIAN_POINT ( 'NONE',  ( 0.9999999999999997780, 0.05000000000000000278, 1.000000000000000444 ) ) ;
#1269 = ORIENTED_EDGE ( 'NONE', *, *, #310, .F. ) ;
#1270 = ORIENTED_EDGE ( 'NONE', *, *, #2603, .F. ) ;
#1271 = EDGE_CURVE ( 'NONE', #2780, #258, #2279, .T. ) ;
#1272 = DIRECTION ( 'NONE',  ( 0.000000000000000000, -1.000000000000000000, -0.000000000000000000 ) ) ;
#1273 = CARTESIAN_POINT ( 'NONE',  ( 0.5000000000000004441, 0.000000000000000000, -0.8750000000000000000 ) ) ;
#1274 = DIRECTION ( 'NONE',  ( 0.7071067811865513475, 0.000000000000000000, -0.7071067811865437980 ) ) ;
#1275 = ORIENTED_EDGE ( 'NONE', *, *, #1216, .T. ) ;
#1276 = EDGE_CURVE ( 'NONE', #422, #827, #4, .T. ) ;
#1277 = DIRECTION ( 'NONE',  ( 1.000000000000000000, 0.000000000000000000, 2.168404344971008868E-16 ) ) ;
#1278 = FILL_AREA_STYLE_COLOUR ( '', #1127 ) ;
#1279 = ORIENTED_EDGE ( 'NONE', *, *, #525, .F. ) ;
#1280 = DIRECTION ( 'NONE',  ( 0.000000000000000000, 0.000000000000000000, 1.000000000000000000 ) ) ;
#1281 = DIRECTION ( 'NONE',  ( 1.000000000000000000, -0.000000000000000000, 4.336808689942017736E-16 ) ) ;
#1282 = LINE ( 'NONE', #992, #560 ) ;
#1283 = LINE ( 'NONE', #1019, #2738 ) ;
#1284 = DIRECTION ( 'NONE',  ( -0.000000000000000000, 1.000000000000000000, -0.000000000000000000 ) ) ;
#1285 = VERTEX_POINT ( 'NONE', #1925 ) ;
#1286 = EDGE_LOOP ( 'NONE', ( #1275, #2494, #775, #2605 ) ) ;
#1287 = EDGE_CURVE ( 'NONE', #1489, #1532, #2368, .T. ) ;
#1288 = DIRECTION ( 'NONE',  ( 0.000000000000000000, -1.000000000000000000, 0.000000000000000000 ) ) ;
#1289 = LINE ( 'NONE', #370, #540 ) ;
#1290 = ORIENTED_EDGE ( 'NONE', *, *, #503, .F. ) ;
#1291 = VECTOR ( 'NONE', #950, 1000.000000000000000 ) ;
#1292 = ADVANCED_FACE ( 'NONE', ( #1948 ), #2606, .T. ) ;
#1293 = PLANE ( 'NONE',  #1013 ) ;
#1294 = VERTEX_POINT ( 'NONE', #1034 ) ;
#1295 = DIRECTION ( 'NONE',  ( 1.000000000000000000, -0.000000000000000000, -4.336808689942017736E-16 ) ) ;
#1296 = CLOSED_SHELL ( 'NONE', ( #875, #1728, #891, #1051, #400, #943 ) ) ;
#1297 = DIRECTION ( 'NONE',  ( -0.000000000000000000, -0.000000000000000000, -1.000000000000000000 ) ) ;
#1298 = VECTOR ( 'NONE', #2485, 1000.000000000000000 ) ;
#1299 = ORIENTED_EDGE ( 'NONE', *, *, #1628, .T. ) ;
#1300 = ORIENTED_EDGE ( 'NONE', *, *, #2141, .T. ) ;
#1301 = PLANE ( 'NONE',  #232 ) ;
#1302 = DIRECTION ( 'NONE',  ( -1.000000000000000000, 0.000000000000000000, 4.336808689942017736E-16 ) ) ;
#1303 = EDGE_LOOP ( 'NONE', ( #86, #1032, #1112, #784 ) ) ;
#1304 = VECTOR ( 'NONE', #512, 1000.000000000000000 ) ;
#1305 = EDGE_CURVE ( 'NONE', #2181, #2710, #1474, .T. ) ;
#1306 = ORIENTED_EDGE ( 'NONE', *, *, #779, .F. ) ;
#1307 = EDGE_CURVE ( 'NONE', #2503, #302, #2631, .T. ) ;
#1308 =( NAMED_UNIT ( * ) SI_UNIT ( $, .STERADIAN. ) SOLID_ANGLE_UNIT ( ) );
#1309 = CARTESIAN_POINT ( 'NONE',  ( 1.000000000000000444, 0.2000000000000000111, -0.3749999999999998890 ) ) ;
#1310 = DIRECTION ( 'NONE',  ( 0.000000000000000000, -1.000000000000000000, -0.000000000000000000 ) ) ;
#1311 = AXIS2_PLACEMENT_3D ( 'NONE', #1650, #113, #2081 ) ;
#1312 = EDGE_LOOP ( 'NONE', ( #2226, #839, #1147, #1681 ) ) ;
#1313 = ORIENTED_EDGE ( 'NONE', *, *, #1318, .T. ) ;
#1314 = DIRECTION ( 'NONE',  ( 0.000000000000000000, -1.000000000000000000, 0.000000000000000000 ) ) ;
#1315 = CARTESIAN_POINT ( 'NONE',  ( -0.7500000000000002220, 0.8000000000000000444, -0.8499999999999997558 ) ) ;
#1316 = ORIENTED_EDGE ( 'NONE', *, *, #2673, .F. ) ;
#1317 = VECTOR ( 'NONE', #165, 1000.000000000000000 ) ;
#1318 = EDGE_CURVE ( 'NONE', #2812, #2147, #257, .T. ) ;
#1319 = DIRECTION ( 'NONE',  ( 0.000000000000000000, -0.000000000000000000, 1.000000000000000000 ) ) ;
#1320 = CARTESIAN_POINT ( 'NONE',  ( -1.000000000000000444, 0.000000000000000000, 0.1250000000000001110 ) ) ;
#1321 = ORIENTED_EDGE ( 'NONE', *, *, #2323, .F. ) ;
#1322 = EDGE_CURVE ( 'NONE', #2527, #2517, #2412, .T. ) ;
#1323 = EDGE_CURVE ( 'NONE', #1809, #2239, #1962, .T. ) ;
#1324 = PRESENTATION_STYLE_ASSIGNMENT (( #1538 ) ) ;
#1325 = DIRECTION ( 'NONE',  ( 0.000000000000000000, 1.000000000000000000, 0.000000000000000000 ) ) ;
#1326 = ORIENTED_EDGE ( 'NONE', *, *, #688, .F. ) ;
#1327 = EDGE_CURVE ( 'NONE', #25, #904, #31, .T. ) ;
#1328 = VERTEX_POINT ( 'NONE', #2017 ) ;
#1329 = CARTESIAN_POINT ( 'NONE',  ( 0.5000000000000004441, 0.2000000000000000111, 0.6250000000000000000 ) ) ;
#1330 = PLANE ( 'NONE',  #2447 ) ;
#1331 = EDGE_LOOP ( 'NONE', ( #1759, #492, #2144, #661 ) ) ;
#1332 = DIRECTION ( 'NONE',  ( -1.000000000000000000, 0.000000000000000000, 4.336808689942017243E-16 ) ) ;
#1333 = DIRECTION ( 'NONE',  ( -1.000000000000000000, 0.000000000000000000, -4.336808689942017736E-16 ) ) ;
#1334 = ORIENTED_EDGE ( 'NONE', *, *, #2804, .T. ) ;
#1335 = VECTOR ( 'NONE', #1115, 1000.000000000000000 ) ;
#1336 = DIRECTION ( 'NONE',  ( 0.000000000000000000, -1.000000000000000000, 0.000000000000000000 ) ) ;
#1337 = PLANE ( 'NONE',  #350 ) ;
#1338 = VECTOR ( 'NONE', #2222, 1000.000000000000000 ) ;
#1339 = LINE ( 'NONE', #2193, #1756 ) ;
#1340 = VECTOR ( 'NONE', #2465, 1000.000000000000000 ) ;
#1341 = ADVANCED_FACE ( 'NONE', ( #61 ), #909, .F. ) ;
#1342 = LINE ( 'NONE', #77, #143 ) ;
#1343 = ORIENTED_EDGE ( 'NONE', *, *, #294, .F. ) ;
#1344 = ORIENTED_EDGE ( 'NONE', *, *, #2361, .F. ) ;
#1345 = EDGE_CURVE ( 'NONE', #24, #1169, #2648, .T. ) ;
#1346 = DIRECTION ( 'NONE',  ( -1.000000000000000000, 0.000000000000000000, -2.168404344971008868E-16 ) ) ;
#1347 = LINE ( 'NONE', #2203, #626 ) ;
#1348 = ORIENTED_EDGE ( 'NONE', *, *, #2043, .F. ) ;
#1349 = CARTESIAN_POINT ( 'NONE',  ( 1.000000000000000444, 0.2000000000000000111, 0.3750000000000001110 ) ) ;
#1350 = AXIS2_PLACEMENT_3D ( 'NONE', #1007, #994, #1898 ) ;
#1351 = PRESENTATION_STYLE_ASSIGNMENT (( #1534 ) ) ;
#1352 = PLANE ( 'NONE',  #802 ) ;
#1353 = EDGE_LOOP ( 'NONE', ( #993, #674, #2617, #393 ) ) ;
#1354 = VECTOR ( 'NONE', #2507, 1000.000000000000000 ) ;
#1355 = FILL_AREA_STYLE_COLOUR ( '', #1979 ) ;
#1356 = VECTOR ( 'NONE', #1086, 1000.000000000000000 ) ;
#1357 = LINE ( 'NONE', #695, #52 ) ;
#1358 = ORIENTED_EDGE ( 'NONE', *, *, #1055, .T. ) ;
#1359 = EDGE_CURVE ( 'NONE', #2195, #2632, #2676, .T. ) ;
#1360 = ORIENTED_EDGE ( 'NONE', *, *, #2381, .T. ) ;
#1361 = DIRECTION ( 'NONE',  ( 0.000000000000000000, -1.000000000000000000, 0.000000000000000000 ) ) ;
#1362 = AXIS2_PLACEMENT_3D ( 'NONE', #448, #2012, #2659 ) ;
#1363 = DIRECTION ( 'NONE',  ( -0.000000000000000000, -1.000000000000000000, -0.000000000000000000 ) ) ;
#1364 = EDGE_CURVE ( 'NONE', #2654, #1744, #240, .T. ) ;
#1365 = DIRECTION ( 'NONE',  ( -0.000000000000000000, 0.000000000000000000, -1.000000000000000000 ) ) ;
#1366 = ORIENTED_EDGE ( 'NONE', *, *, #271, .F. ) ;
#1367 = DIRECTION ( 'NONE',  ( -0.000000000000000000, -1.000000000000000000, -0.000000000000000000 ) ) ;
#1368 = VECTOR ( 'NONE', #2814, 1000.000000000000000 ) ;
#1369 = LINE ( 'NONE', #316, #2090 ) ;
#1370 = ORIENTED_EDGE ( 'NONE', *, *, #2683, .F. ) ;
#1371 = LINE ( 'NONE', #2267, #2379 ) ;
#1372 =( NAMED_UNIT ( * ) SI_UNIT ( $, .STERADIAN. ) SOLID_ANGLE_UNIT ( ) );
#1373 = VERTEX_POINT ( 'NONE', #2 ) ;
#1374 = LINE ( 'NONE', #957, #45 ) ;
#1375 = LINE ( 'NONE', #2231, #1617 ) ;
#1376 = DIRECTION ( 'NONE',  ( -1.000000000000000000, -0.000000000000000000, 0.000000000000000000 ) ) ;
#1377 = LINE ( 'NONE', #27, #906 ) ;
#1378 = ORIENTED_EDGE ( 'NONE', *, *, #2149, .F. ) ;
#1379 = CARTESIAN_POINT ( 'NONE',  ( -1.000000000000000444, 0.1999999999999999833, 0.8750000000000001110 ) ) ;
#1380 = CARTESIAN_POINT ( 'NONE',  ( 1.000000000000000444, 0.04999999999999969746, -0.8749999999999998890 ) ) ;
#1381 = EDGE_LOOP ( 'NONE', ( #2587, #2410, #2698, #203 ) ) ;
#1382 = EDGE_CURVE ( 'NONE', #2807, #878, #1767, .T. ) ;
#1383 = ADVANCED_FACE ( 'NONE', ( #483 ), #1352, .F. ) ;
#1384 = SURFACE_SIDE_STYLE ('',( #727 ) ) ;
#1385 = UNCERTAINTY_MEASURE_WITH_UNIT (LENGTH_MEASURE( 1.000000000000000082E-05 ), #1132, 'distance_accuracy_value', 'NONE');
#1386 = CARTESIAN_POINT ( 'NONE',  ( -0.5000000000000004441, 0.2000000000000000111, -0.1250000000000001110 ) ) ;
#1387 = VECTOR ( 'NONE', #2696, 1000.000000000000000 ) ;
#1388 = EDGE_LOOP ( 'NONE', ( #2313, #1824 ) ) ;
#1389 = LINE ( 'NONE', #2247, #1867 ) ;
#1390 = DIRECTION ( 'NONE',  ( 0.000000000000000000, -1.000000000000000000, -0.000000000000000000 ) ) ;
#1391 = FACE_OUTER_BOUND ( 'NONE', #921, .T. ) ;
#1392 = ORIENTED_EDGE ( 'NONE', *, *, #311, .T. ) ;
#1393 = MECHANICAL_DESIGN_GEOMETRIC_PRESENTATION_REPRESENTATION (  '', ( #1017 ), #1521 ) ;
#1394 = DIRECTION ( 'NONE',  ( 0.000000000000000000, 0.000000000000000000, 1.000000000000000000 ) ) ;
#1395 = DIRECTION ( 'NONE',  ( 0.000000000000000000, -1.000000000000000000, -0.000000000000000000 ) ) ;
#1396 = ORIENTED_EDGE ( 'NONE', *, *, #2673, .T. ) ;
#1397 = EDGE_CURVE ( 'NONE', #2710, #1509, #1872, .T. ) ;
#1398 = VECTOR ( 'NONE', #532, 1000.000000000000000 ) ;
#1399 = DIRECTION ( 'NONE',  ( -1.000000000000000000, 0.000000000000000000, -4.336808689942017736E-16 ) ) ;
#1400 = VECTOR ( 'NONE', #1141, 1000.000000000000000 ) ;
#1401 = ADVANCED_FACE ( 'NONE', ( #2685 ), #751, .F. ) ;
#1402 = CARTESIAN_POINT ( 'NONE',  ( 0.000000000000000000, 0.2000000000000000111, -0.5000000000000000000 ) ) ;
#1403 = DIRECTION ( 'NONE',  ( 0.000000000000000000, 0.000000000000000000, 1.000000000000000000 ) ) ;
#1404 = CARTESIAN_POINT ( 'NONE',  ( 1.000000000000000444, 0.7590169943749474069, 0.3750000000000001110 ) ) ;
#1405 = CARTESIAN_POINT ( 'NONE',  ( 0.5000000000000004441, 0.2000000000000000111, 0.8749999999999998890 ) ) ;
#1406 = ORIENTED_EDGE ( 'NONE', *, *, #476, .F. ) ;
#1407 = LINE ( 'NONE', #2264, #1516 ) ;
#1408 = CARTESIAN_POINT ( 'NONE',  ( 0.5000000000000004441, 0.7590169943749474069, 0.6250000000000000000 ) ) ;
#1409 = VERTEX_POINT ( 'NONE', #1226 ) ;
#1410 = VECTOR ( 'NONE', #1710, 1000.000000000000000 ) ;
#1411 = ADVANCED_FACE ( 'NONE', ( #807 ), #2516, .F. ) ;
#1412 = ADVANCED_FACE ( 'NONE', ( #1171 ), #2722, .T. ) ;
#1413 = DIRECTION ( 'NONE',  ( -1.000000000000000000, -0.000000000000000000, 0.000000000000000000 ) ) ;
#1414 = LINE ( 'NONE', #2270, #1158 ) ;
#1415 = LINE ( 'NONE', #1405, #1918 ) ;
#1416 = EDGE_LOOP ( 'NONE', ( #890, #2561 ) ) ;
#1417 = CARTESIAN_POINT ( 'NONE',  ( -0.7500000000000002220, 0.6999999999999999556, -0.7499999999999995559 ) ) ;
#1418 = CARTESIAN_POINT ( 'NONE',  ( -0.7500000000000002220, 0.6999999999999999556, -0.7499999999999995559 ) ) ;
#1419 = EDGE_LOOP ( 'NONE', ( #649, #2692, #446, #36, #375, #1299, #1750, #1290, #2138, #2303, #898, #513, #2794, #1858, #1269, #1990, #1422, #93, #1873, #2620 ) ) ;
#1420 = CARTESIAN_POINT ( 'NONE',  ( -0.5000000000000004441, 0.2000000000000000111, 0.1250000000000000000 ) ) ;
#1421 = PLANE ( 'NONE',  #1943 ) ;
#1422 = ORIENTED_EDGE ( 'NONE', *, *, #525, .T. ) ;
#1423 = DIRECTION ( 'NONE',  ( -1.000000000000000000, 0.000000000000000000, 0.000000000000000000 ) ) ;
#1424 = AXIS2_PLACEMENT_3D ( 'NONE', #1484, #355, #1052 ) ;
#1425 = ORIENTED_EDGE ( 'NONE', *, *, #907, .T. ) ;
#1426 = VECTOR ( 'NONE', #1764, 1000.000000000000000 ) ;
#1427 = VECTOR ( 'NONE', #1634, 1000.000000000000000 ) ;
#1428 = EDGE_CURVE ( 'NONE', #697, #280, #1431, .T. ) ;
#1429 = LINE ( 'NONE', #1038, #55 ) ;
#1430 = DIRECTION ( 'NONE',  ( 0.000000000000000000, -0.000000000000000000, -1.000000000000000000 ) ) ;
#1431 = LINE ( 'NONE', #2057, #1891 ) ;
#1432 = ORIENTED_EDGE ( 'NONE', *, *, #1021, .T. ) ;
#1433 = ORIENTED_EDGE ( 'NONE', *, *, #1271, .F. ) ;
#1434 = CARTESIAN_POINT ( 'NONE',  ( -0.5000000000000004441, 0.2000000000000000111, 0.8749999999999998890 ) ) ;
#1435 = VECTOR ( 'NONE', #2371, 1000.000000000000000 ) ;
#1436 = LINE ( 'NONE', #1896, #1149 ) ;
#1437 = ADVANCED_FACE ( 'NONE', ( #2468 ), #2740, .T. ) ;
#1438 = ORIENTED_EDGE ( 'NONE', *, *, #694, .T. ) ;
#1439 = LINE ( 'NONE', #2126, #892 ) ;
#1440 = FACE_OUTER_BOUND ( 'NONE', #2660, .T. ) ;
#1441 = EDGE_CURVE ( 'NONE', #1577, #1236, #2302, .T. ) ;
#1442 = DIRECTION ( 'NONE',  ( 0.000000000000000000, -1.000000000000000000, 0.000000000000000000 ) ) ;
#1443 = DIRECTION ( 'NONE',  ( -1.000000000000000000, 0.000000000000000000, -4.336808689942017736E-16 ) ) ;
#1444 = ORIENTED_EDGE ( 'NONE', *, *, #1702, .F. ) ;
#1445 = AXIS2_PLACEMENT_3D ( 'NONE', #595, #2590, #2349 ) ;
#1446 = ORIENTED_EDGE ( 'NONE', *, *, #989, .F. ) ;
#1447 = FACE_OUTER_BOUND ( 'NONE', #1419, .T. ) ;
#1448 = FACE_OUTER_BOUND ( 'NONE', #1718, .T. ) ;
#1449 = LINE ( 'NONE', #365, #2059 ) ;
#1450 = VECTOR ( 'NONE', #1700, 1000.000000000000000 ) ;
#1451 = ORIENTED_EDGE ( 'NONE', *, *, #248, .T. ) ;
#1452 = LINE ( 'NONE', #2314, #2102 ) ;
#1453 = CARTESIAN_POINT ( 'NONE',  ( 0.5000000000000004441, 0.1999999999999999833, -0.1250000000000001110 ) ) ;
#1454 = DIRECTION ( 'NONE',  ( -4.336808689942017736E-16, 0.000000000000000000, -1.000000000000000000 ) ) ;
#1455 = FACE_OUTER_BOUND ( 'NONE', #548, .T. ) ;
#1456 = ORIENTED_EDGE ( 'NONE', *, *, #1825, .T. ) ;
#1457 = ORIENTED_EDGE ( 'NONE', *, *, #639, .F. ) ;
#1458 = DIRECTION ( 'NONE',  ( 1.000000000000000000, 0.000000000000000000, 0.000000000000000000 ) ) ;
#1459 = CARTESIAN_POINT ( 'NONE',  ( -0.5000000000000004441, 0.7590169943749474069, -0.8750000000000000000 ) ) ;
#1460 = ORIENTED_EDGE ( 'NONE', *, *, #136, .T. ) ;
#1461 = VECTOR ( 'NONE', #1690, 1000.000000000000000 ) ;
#1462 = CARTESIAN_POINT ( 'NONE',  ( 1.000000000000000444, 0.000000000000000000, 0.1250000000000001110 ) ) ;
#1463 = FACE_OUTER_BOUND ( 'NONE', #1841, .T. ) ;
#1464 = DIRECTION ( 'NONE',  ( -2.168404344971008621E-16, 0.000000000000000000, 1.000000000000000000 ) ) ;
#1465 = FACE_OUTER_BOUND ( 'NONE', #2636, .T. ) ;
#1466 = ORIENTED_EDGE ( 'NONE', *, *, #1441, .F. ) ;
#1467 =( GEOMETRIC_REPRESENTATION_CONTEXT ( 3 ) GLOBAL_UNCERTAINTY_ASSIGNED_CONTEXT ( ( #2736 ) ) GLOBAL_UNIT_ASSIGNED_CONTEXT ( ( #1221, #651, #181 ) ) REPRESENTATION_CONTEXT ( 'NONE', 'WORKASPACE' ) );
#1468 = AXIS2_PLACEMENT_3D ( 'NONE', #551, #2488, #1594 ) ;
#1469 = CARTESIAN_POINT ( 'NONE',  ( -0.4000000000000005218, 0.04999999999999999584, -0.7749999999999990230 ) ) ;
#1470 = EDGE_CURVE ( 'NONE', #1230, #904, #522, .T. ) ;
#1471 =( NAMED_UNIT ( * ) PLANE_ANGLE_UNIT ( ) SI_UNIT ( $, .RADIAN. ) );
#1472 = EDGE_LOOP ( 'NONE', ( #167, #2434, #1358, #1777 ) ) ;
#1473 = CARTESIAN_POINT ( 'NONE',  ( -0.5000000000000004441, 0.7590169943749474069, 0.3749999999999998890 ) ) ;
#1474 = LINE ( 'NONE', #2121, #1618 ) ;
#1475 = DIRECTION ( 'NONE',  ( 0.000000000000000000, 0.000000000000000000, -1.000000000000000000 ) ) ;
#1476 = DIRECTION ( 'NONE',  ( -1.000000000000000000, 0.000000000000000000, -4.336808689942017736E-16 ) ) ;
#1477 = AXIS2_PLACEMENT_3D ( 'NONE', #829, #1004, #416 ) ;
#1478 = AXIS2_PLACEMENT_3D ( 'NONE', #35, #470, #296 ) ;
#1479 = ORIENTED_EDGE ( 'NONE', *, *, #2052, .T. ) ;
#1480 = EDGE_CURVE ( 'NONE', #655, #1577, #2254, .T. ) ;
#1481 = ORIENTED_EDGE ( 'NONE', *, *, #2703, .F. ) ;
#1482 = COLOUR_RGB ( '',0.7960784313725489669, 0.8235294117647058432, 0.9372549019607843146 ) ;
#1483 = DIRECTION ( 'NONE',  ( 0.000000000000000000, -1.000000000000000000, 0.000000000000000000 ) ) ;
#1484 = CARTESIAN_POINT ( 'NONE',  ( 0.5000000000000004441, 0.7590169943749474069, -0.1250000000000001110 ) ) ;
#1485 = DIRECTION ( 'NONE',  ( -1.000000000000000000, 0.000000000000000000, 2.168404344971008868E-16 ) ) ;
#1486 = ORIENTED_EDGE ( 'NONE', *, *, #1021, .F. ) ;
#1487 = DIRECTION ( 'NONE',  ( -0.000000000000000000, -1.000000000000000000, -0.000000000000000000 ) ) ;
#1488 = SURFACE_STYLE_FILL_AREA ( #2724 ) ;
#1489 = VERTEX_POINT ( 'NONE', #98 ) ;
#1490 = CARTESIAN_POINT ( 'NONE',  ( 0.5000000000000004441, 0.04999999999999999584, -0.8750000000000000000 ) ) ;
#1491 = VECTOR ( 'NONE', #1395, 1000.000000000000000 ) ;
#1492 = PLANE ( 'NONE',  #90 ) ;
#1493 = CARTESIAN_POINT ( 'NONE',  ( -1.000000000000000444, 0.7590169943749474069, 0.6250000000000001110 ) ) ;
#1494 = VECTOR ( 'NONE', #1859, 1000.000000000000000 ) ;
#1495 = ADVANCED_FACE ( 'NONE', ( #2034 ), #1823, .F. ) ;
#1496 = LINE ( 'NONE', #2359, #2014 ) ;
#1497 = VERTEX_POINT ( 'NONE', #788 ) ;
#1498 = PLANE ( 'NONE',  #696 ) ;
#1499 = CARTESIAN_POINT ( 'NONE',  ( -1.000000000000000444, 0.05000000000000000278, 1.000000000000000444 ) ) ;
#1500 = ORIENTED_EDGE ( 'NONE', *, *, #175, .F. ) ;
#1501 = DIRECTION ( 'NONE',  ( -2.168404344971008621E-16, 0.000000000000000000, 1.000000000000000000 ) ) ;
#1502 = CARTESIAN_POINT ( 'NONE',  ( -0.5000000000000004441, 0.000000000000000000, -0.8750000000000000000 ) ) ;
#1503 = ORIENTED_EDGE ( 'NONE', *, *, #928, .F. ) ;
#1504 = LINE ( 'NONE', #493, #1177 ) ;
#1505 = DIRECTION ( 'NONE',  ( 0.000000000000000000, -1.000000000000000000, -0.000000000000000000 ) ) ;
#1506 = CARTESIAN_POINT ( 'NONE',  ( -0.5000000000000004441, 0.2000000000000000111, -0.6250000000000001110 ) ) ;
#1507 = PRESENTATION_STYLE_ASSIGNMENT (( #1203 ) ) ;
#1508 = CARTESIAN_POINT ( 'NONE',  ( -1.000000000000000444, 0.7590169943749474069, 0.6250000000000001110 ) ) ;
#1509 = VERTEX_POINT ( 'NONE', #1637 ) ;
#1510 = EDGE_CURVE ( 'NONE', #1942, #1556, #1195, .T. ) ;
#1511 = ORIENTED_EDGE ( 'NONE', *, *, #524, .T. ) ;
#1512 = DIRECTION ( 'NONE',  ( -1.000000000000000000, 0.000000000000000000, -0.000000000000000000 ) ) ;
#1513 = DIRECTION ( 'NONE',  ( 0.000000000000000000, 1.000000000000000000, 0.000000000000000000 ) ) ;
#1514 = ORIENTED_EDGE ( 'NONE', *, *, #2322, .F. ) ;
#1515 = ADVANCED_FACE ( 'NONE', ( #1182 ), #2045, .T. ) ;
#1516 = VECTOR ( 'NONE', #508, 1000.000000000000000 ) ;
#1517 = DIRECTION ( 'NONE',  ( 2.168404344971008868E-16, 0.000000000000000000, -1.000000000000000000 ) ) ;
#1518 = ORIENTED_EDGE ( 'NONE', *, *, #2703, .T. ) ;
#1519 = EDGE_CURVE ( 'NONE', #1975, #2332, #1833, .T. ) ;
#1520 = VECTOR ( 'NONE', #622, 1000.000000000000000 ) ;
#1521 =( GEOMETRIC_REPRESENTATION_CONTEXT ( 3 ) GLOBAL_UNCERTAINTY_ASSIGNED_CONTEXT ( ( #2460 ) ) GLOBAL_UNIT_ASSIGNED_CONTEXT ( ( #2496, #2459, #92 ) ) REPRESENTATION_CONTEXT ( 'NONE', 'WORKASPACE' ) );
#1522 = LINE ( 'NONE', #23, #2566 ) ;
#1523 = DIRECTION ( 'NONE',  ( 0.000000000000000000, -0.000000000000000000, -1.000000000000000000 ) ) ;
#1524 = CARTESIAN_POINT ( 'NONE',  ( -1.000000000000000444, 0.04999999999999999584, 0.8750000000000001110 ) ) ;
#1525 = EDGE_LOOP ( 'NONE', ( #2372, #1735, #472, #1080 ) ) ;
#1526 = ORIENTED_EDGE ( 'NONE', *, *, #1616, .F. ) ;
#1527 = VECTOR ( 'NONE', #1475, 1000.000000000000000 ) ;
#1528 = AXIS2_PLACEMENT_3D ( 'NONE', #785, #2094, #110 ) ;
#1529 = EDGE_CURVE ( 'NONE', #817, #1556, #762, .T. ) ;
#1530 = CARTESIAN_POINT ( 'NONE',  ( -0.5000000000000004441, 0.2000000000000000111, -0.8750000000000000000 ) ) ;
#1531 = DIRECTION ( 'NONE',  ( 0.000000000000000000, -1.000000000000000000, -0.000000000000000000 ) ) ;
#1532 = VERTEX_POINT ( 'NONE', #1846 ) ;
#1533 = EDGE_CURVE ( 'NONE', #737, #2292, #2709, .T. ) ;
#1534 = SURFACE_STYLE_USAGE ( .BOTH. , #2647 ) ;
#1535 = ORIENTED_EDGE ( 'NONE', *, *, #1765, .F. ) ;
#1536 = CARTESIAN_POINT ( 'NONE',  ( -0.7500000000000002220, 0.4171572875253805601, -0.8499999999999997558 ) ) ;
#1537 = LINE ( 'NONE', #498, #567 ) ;
#1538 = SURFACE_STYLE_USAGE ( .BOTH. , #1950 ) ;
#1539 = CARTESIAN_POINT ( 'NONE',  ( 0.5000000000000004441, 0.1999999999999999833, 0.8749999999999998890 ) ) ;
#1540 = CARTESIAN_POINT ( 'NONE',  ( 0.5000000000000004441, 0.1999999999999999833, -0.6250000000000001110 ) ) ;
#1541 = VECTOR ( 'NONE', #268, 1000.000000000000000 ) ;
#1542 = ORIENTED_EDGE ( 'NONE', *, *, #2145, .F. ) ;
#1543 = ORIENTED_EDGE ( 'NONE', *, *, #966, .F. ) ;
#1544 = CARTESIAN_POINT ( 'NONE',  ( -1.000000000000000444, 0.000000000000000000, 0.3750000000000001110 ) ) ;
#1545 = CARTESIAN_POINT ( 'NONE',  ( 0.5000000000000004441, 0.000000000000000000, 0.1250000000000000000 ) ) ;
#1546 = ORIENTED_EDGE ( 'NONE', *, *, #731, .T. ) ;
#1547 = FACE_OUTER_BOUND ( 'NONE', #2077, .T. ) ;
#1548 = VERTEX_POINT ( 'NONE', #2752 ) ;
#1549 =( NAMED_UNIT ( * ) SI_UNIT ( $, .STERADIAN. ) SOLID_ANGLE_UNIT ( ) );
#1550 = ADVANCED_FACE ( 'NONE', ( #2576 ), #1931, .F. ) ;
#1551 = DIRECTION ( 'NONE',  ( 0.000000000000000000, 0.000000000000000000, 1.000000000000000000 ) ) ;
#1552 = ORIENTED_EDGE ( 'NONE', *, *, #767, .F. ) ;
#1553 = ORIENTED_EDGE ( 'NONE', *, *, #538, .F. ) ;
#1554 = CARTESIAN_POINT ( 'NONE',  ( -1.000000000000000444, 0.2000000000000000111, 0.1250000000000001110 ) ) ;
#1555 = CARTESIAN_POINT ( 'NONE',  ( -1.000000000000000444, 0.04999999999999999584, -0.1249999999999998890 ) ) ;
#1556 = VERTEX_POINT ( 'NONE', #1257 ) ;
#1557 = DIRECTION ( 'NONE',  ( 1.000000000000000000, -0.000000000000000000, 4.336808689942017736E-16 ) ) ;
#1558 = CARTESIAN_POINT ( 'NONE',  ( 1.000000000000000444, 0.1999999999999999833, -0.3749999999999998890 ) ) ;
#1559 = ORIENTED_EDGE ( 'NONE', *, *, #647, .F. ) ;
#1560 = AXIS2_PLACEMENT_3D ( 'NONE', #738, #546, #2467 ) ;
#1561 = CARTESIAN_POINT ( 'NONE',  ( 1.000000000000000444, 0.000000000000000000, 0.6250000000000001110 ) ) ;
#1562 = EDGE_CURVE ( 'NONE', #1230, #1092, #822, .T. ) ;
#1563 = CARTESIAN_POINT ( 'NONE',  ( 0.5000000000000004441, 0.2000000000000000111, -0.8750000000000000000 ) ) ;
#1564 = VECTOR ( 'NONE', #1934, 1000.000000000000000 ) ;
#1565 = CARTESIAN_POINT ( 'NONE',  ( -1.000000000000000444, 0.2000000000000000111, 0.8750000000000001110 ) ) ;
#1566 = EDGE_CURVE ( 'NONE', #2204, #617, #2097, .T. ) ;
#1567 = EDGE_LOOP ( 'NONE', ( #216, #1796, #2776, #894 ) ) ;
#1568 = ORIENTED_EDGE ( 'NONE', *, *, #1190, .F. ) ;
#1569 = PLANE ( 'NONE',  #663 ) ;
#1570 = DIRECTION ( 'NONE',  ( -1.000000000000000000, -0.000000000000000000, 0.000000000000000000 ) ) ;
#1571 = CARTESIAN_POINT ( 'NONE',  ( 1.000000000000000444, 0.000000000000000000, 0.8750000000000001110 ) ) ;
#1572 = ORIENTED_EDGE ( 'NONE', *, *, #717, .T. ) ;
#1573 = LINE ( 'NONE', #687, #824 ) ;
#1574 = COLOUR_RGB ( '',0.7960784313725489669, 0.8235294117647058432, 0.9372549019607843146 ) ;
#1575 = CIRCLE ( 'NONE', #1528, 0.1000000000000001582 ) ;
#1576 = DIRECTION ( 'NONE',  ( 0.000000000000000000, -0.000000000000000000, -1.000000000000000000 ) ) ;
#1577 = VERTEX_POINT ( 'NONE', #141 ) ;
#1578 = CARTESIAN_POINT ( 'NONE',  ( -0.4000000000000005218, 0.2000000000000000111, -0.7749999999999990230 ) ) ;
#1579 = FACE_OUTER_BOUND ( 'NONE', #2373, .T. ) ;
#1580 = CARTESIAN_POINT ( 'NONE',  ( -1.000000000000000444, 0.7590169943749474069, -0.8749999999999998890 ) ) ;
#1581 = EDGE_LOOP ( 'NONE', ( #2013, #1097, #584, #161 ) ) ;
#1582 = ORIENTED_EDGE ( 'NONE', *, *, #16, .T. ) ;
#1583 = LINE ( 'NONE', #2312, #2290 ) ;
#1584 = VECTOR ( 'NONE', #736, 1000.000000000000000 ) ;
#1585 = DIRECTION ( 'NONE',  ( 0.000000000000000000, -1.000000000000000000, -0.000000000000000000 ) ) ;
#1586 = FACE_OUTER_BOUND ( 'NONE', #328, .T. ) ;
#1587 = ORIENTED_EDGE ( 'NONE', *, *, #1837, .F. ) ;
#1588 = LINE ( 'NONE', #2206, #184 ) ;
#1589 = CARTESIAN_POINT ( 'NONE',  ( -0.5000000000000004441, 0.2000000000000000111, -0.3750000000000000000 ) ) ;
#1590 = ORIENTED_EDGE ( 'NONE', *, *, #1991, .T. ) ;
#1591 = AXIS2_PLACEMENT_3D ( 'NONE', #588, #129, #348 ) ;
#1592 = PLANE ( 'NONE',  #1250 ) ;
#1593 = ORIENTED_EDGE ( 'NONE', *, *, #341, .T. ) ;
#1594 = DIRECTION ( 'NONE',  ( -1.000000000000000000, 0.000000000000000000, 4.336808689942017243E-16 ) ) ;
#1595 = CARTESIAN_POINT ( 'NONE',  ( -1.897353801849633006E-16, 0.05000000000000000278, -0.8750000000000001110 ) ) ;
#1596 = FACE_OUTER_BOUND ( 'NONE', #1353, .T. ) ;
#1597 = CARTESIAN_POINT ( 'NONE',  ( 0.9999999999999997780, 0.7999999999999999334, 1.000000000000000444 ) ) ;
#1598 = ORIENTED_EDGE ( 'NONE', *, *, #958, .T. ) ;
#1599 = EDGE_CURVE ( 'NONE', #642, #2366, #613, .T. ) ;
#1600 = DIRECTION ( 'NONE',  ( 0.000000000000000000, -1.000000000000000000, 0.000000000000000000 ) ) ;
#1601 = EDGE_LOOP ( 'NONE', ( #461, #534, #1172, #601 ) ) ;
#1602 = FACE_OUTER_BOUND ( 'NONE', #930, .T. ) ;
#1603 = FACE_OUTER_BOUND ( 'NONE', #1626, .T. ) ;
#1604 = VECTOR ( 'NONE', #1346, 1000.000000000000000 ) ;
#1605 = SURFACE_STYLE_USAGE ( .BOTH. , #955 ) ;
#1606 = VECTOR ( 'NONE', #2559, 1000.000000000000000 ) ;
#1607 = CARTESIAN_POINT ( 'NONE',  ( 0.5000000000000004441, 0.1999999999999999833, 0.1250000000000000000 ) ) ;
#1608 = CLOSED_SHELL ( 'NONE', ( #1799, #664, #335, #1658 ) ) ;
#1609 = CARTESIAN_POINT ( 'NONE',  ( -0.7500000000000002220, 0.8000000000000000444, -0.7499999999999995559 ) ) ;
#1610 = EDGE_LOOP ( 'NONE', ( #188, #776, #187, #1479 ) ) ;
#1611 = EDGE_CURVE ( 'NONE', #1191, #2564, #2545, .T. ) ;
#1612 = PLANE ( 'NONE',  #2727 ) ;
#1613 = CARTESIAN_POINT ( 'NONE',  ( 0.5000000000000004441, 0.7590169943749474069, 0.6250000000000000000 ) ) ;
#1614 = ORIENTED_EDGE ( 'NONE', *, *, #1510, .T. ) ;
#1615 = EDGE_CURVE ( 'NONE', #229, #2085, #1289, .T. ) ;
#1616 = EDGE_CURVE ( 'NONE', #2654, #264, #421, .T. ) ;
#1617 = VECTOR ( 'NONE', #1361, 1000.000000000000000 ) ;
#1618 = VECTOR ( 'NONE', #466, 1000.000000000000000 ) ;
#1619 = VERTEX_POINT ( 'NONE', #2533 ) ;
#1620 = VECTOR ( 'NONE', #1487, 1000.000000000000000 ) ;
#1621 = FACE_OUTER_BOUND ( 'NONE', #2364, .T. ) ;
#1622 = DIRECTION ( 'NONE',  ( 1.000000000000000000, 0.000000000000000000, 4.336808689942017736E-16 ) ) ;
#1623 = ORIENTED_EDGE ( 'NONE', *, *, #2087, .F. ) ;
#1624 = CARTESIAN_POINT ( 'NONE',  ( 2.710505431213762564E-16, 0.05000000000000000278, -0.6250000000000003331 ) ) ;
#1625 = DIRECTION ( 'NONE',  ( 0.000000000000000000, -0.000000000000000000, -1.000000000000000000 ) ) ;
#1626 = EDGE_LOOP ( 'NONE', ( #1546, #2649, #1438, #2026 ) ) ;
#1627 = AXIS2_PLACEMENT_3D ( 'NONE', #1691, #2763, #2560 ) ;
#1628 = EDGE_CURVE ( 'NONE', #617, #1328, #1902, .T. ) ;
#1629 =( NAMED_UNIT ( * ) SI_UNIT ( $, .STERADIAN. ) SOLID_ANGLE_UNIT ( ) );
#1630 =( NAMED_UNIT ( * ) SI_UNIT ( $, .STERADIAN. ) SOLID_ANGLE_UNIT ( ) );
#1631 = ADVANCED_FACE ( 'NONE', ( #1916 ), #1053, .F. ) ;
#1632 = CARTESIAN_POINT ( 'NONE',  ( -1.000000000000000444, 0.000000000000000000, 0.8750000000000001110 ) ) ;
#1633 = CARTESIAN_POINT ( 'NONE',  ( 0.5000000000000004441, 0.2000000000000000111, 0.3749999999999998890 ) ) ;
#1634 = DIRECTION ( 'NONE',  ( -0.000000000000000000, -0.000000000000000000, 1.000000000000000000 ) ) ;
#1635 = ORIENTED_EDGE ( 'NONE', *, *, #1307, .T. ) ;
#1636 = PLANE ( 'NONE',  #1864 ) ;
#1637 = CARTESIAN_POINT ( 'NONE',  ( -1.000000000000000444, 0.000000000000000000, -0.6249999999999998890 ) ) ;
#1638 = ORIENTED_EDGE ( 'NONE', *, *, #1819, .F. ) ;
#1639 = VERTEX_POINT ( 'NONE', #1662 ) ;
#1640 = LINE ( 'NONE', #1434, #956 ) ;
#1641 = CARTESIAN_POINT ( 'NONE',  ( -0.5000000000000004441, 0.000000000000000000, -0.3750000000000000000 ) ) ;
#1642 = ADVANCED_FACE ( 'NONE', ( #1707 ), #205, .T. ) ;
#1643 = VECTOR ( 'NONE', #2393, 1000.000000000000000 ) ;
#1644 = FILL_AREA_STYLE ('',( #1726 ) ) ;
#1645 = ORIENTED_EDGE ( 'NONE', *, *, #946, .F. ) ;
#1646 = VECTOR ( 'NONE', #1148, 1000.000000000000000 ) ;
#1647 = LINE ( 'NONE', #2513, #1704 ) ;
#1648 = CARTESIAN_POINT ( 'NONE',  ( 0.5000000000000004441, 0.1999999999999999833, 0.1250000000000000000 ) ) ;
#1649 = DIRECTION ( 'NONE',  ( 0.000000000000000000, -0.000000000000000000, 1.000000000000000000 ) ) ;
#1650 = CARTESIAN_POINT ( 'NONE',  ( 0.000000000000000000, 0.2000000000000000111, -0.5000000000000000000 ) ) ;
#1651 = ORIENTED_EDGE ( 'NONE', *, *, #100, .T. ) ;
#1652 = LINE ( 'NONE', #145, #725 ) ;
#1653 = VERTEX_POINT ( 'NONE', #645 ) ;
#1654 = DIRECTION ( 'NONE',  ( -0.000000000000000000, -1.000000000000000000, -0.000000000000000000 ) ) ;
#1655 = VECTOR ( 'NONE', #1977, 1000.000000000000000 ) ;
#1656 = VECTOR ( 'NONE', #1234, 1000.000000000000000 ) ;
#1657 = LINE ( 'NONE', #1701, #378 ) ;
#1658 = ADVANCED_FACE ( 'NONE', ( #1465 ), #2128, .F. ) ;
#1659 = EDGE_LOOP ( 'NONE', ( #884, #2282, #2813, #2307 ) ) ;
#1660 = DIRECTION ( 'NONE',  ( -0.000000000000000000, 0.000000000000000000, -1.000000000000000000 ) ) ;
#1661 = DIRECTION ( 'NONE',  ( 0.000000000000000000, -1.000000000000000000, -0.000000000000000000 ) ) ;
#1662 = CARTESIAN_POINT ( 'NONE',  ( 0.5000000000000004441, 0.2000000000000000111, -0.6250000000000001110 ) ) ;
#1663 = ORIENTED_EDGE ( 'NONE', *, *, #2821, .F. ) ;
#1664 = EDGE_CURVE ( 'NONE', #610, #280, #1082, .T. ) ;
#1665 = VECTOR ( 'NONE', #1277, 1000.000000000000000 ) ;
#1666 = ORIENTED_EDGE ( 'NONE', *, *, #1042, .T. ) ;
#1667 = CARTESIAN_POINT ( 'NONE',  ( -0.5000000000000004441, 0.1999999999999999833, -0.8750000000000000000 ) ) ;
#1668 = FILL_AREA_STYLE ('',( #1862 ) ) ;
#1669 = LINE ( 'NONE', #575, #2730 ) ;
#1670 = FACE_OUTER_BOUND ( 'NONE', #1286, .T. ) ;
#1671 = VECTOR ( 'NONE', #2785, 1000.000000000000000 ) ;
#1672 = ORIENTED_EDGE ( 'NONE', *, *, #1428, .T. ) ;
#1673 = FACE_OUTER_BOUND ( 'NONE', #1692, .T. ) ;
#1674 = EDGE_CURVE ( 'NONE', #2182, #817, #1945, .T. ) ;
#1675 = LINE ( 'NONE', #2543, #2280 ) ;
#1676 = DIRECTION ( 'NONE',  ( 0.000000000000000000, 1.000000000000000000, 0.000000000000000000 ) ) ;
#1677 = CARTESIAN_POINT ( 'NONE',  ( 1.000000000000000444, 0.7590169943749474069, -0.3749999999999998890 ) ) ;
#1678 = ORIENTED_EDGE ( 'NONE', *, *, #1924, .T. ) ;
#1679 = CARTESIAN_POINT ( 'NONE',  ( 1.000000000000000444, 0.1999999999999999833, 0.3750000000000001110 ) ) ;
#1680 = CARTESIAN_POINT ( 'NONE',  ( 0.9999999999999997780, 0.8000000000000008216, 1.000000000000000444 ) ) ;
#1681 = ORIENTED_EDGE ( 'NONE', *, *, #432, .T. ) ;
#1682 = DIRECTION ( 'NONE',  ( 1.000000000000000000, 0.000000000000000000, 4.336808689942017736E-16 ) ) ;
#1683 = LINE ( 'NONE', #1459, #1199 ) ;
#1684 = DIRECTION ( 'NONE',  ( 1.000000000000000000, 0.000000000000000000, -2.168404344971008621E-16 ) ) ;
#1685 = ORIENTED_EDGE ( 'NONE', *, *, #1611, .T. ) ;
#1686 = ORIENTED_EDGE ( 'NONE', *, *, #2471, .F. ) ;
#1687 = VECTOR ( 'NONE', #1288, 1000.000000000000000 ) ;
#1688 = LINE ( 'NONE', #1913, #6 ) ;
#1689 = VECTOR ( 'NONE', #42, 1000.000000000000000 ) ;
#1690 = DIRECTION ( 'NONE',  ( 0.000000000000000000, 0.000000000000000000, 1.000000000000000000 ) ) ;
#1691 = CARTESIAN_POINT ( 'NONE',  ( 0.5000000000000004441, 0.7590169943749474069, 0.1250000000000000000 ) ) ;
#1692 = EDGE_LOOP ( 'NONE', ( #2255, #361, #1635, #1590 ) ) ;
#1693 = AXIS2_PLACEMENT_3D ( 'NONE', #504, #1376, #1168 ) ;
#1694 = ADVANCED_FACE ( 'NONE', ( #1455 ), #2317, .T. ) ;
#1695 = CARTESIAN_POINT ( 'NONE',  ( 0.5000000000000004441, 0.000000000000000000, 0.1250000000000000000 ) ) ;
#1696 = DIRECTION ( 'NONE',  ( 0.000000000000000000, 0.000000000000000000, -1.000000000000000000 ) ) ;
#1697 = ORIENTED_EDGE ( 'NONE', *, *, #1881, .F. ) ;
#1698 = ADVANCED_FACE ( 'NONE', ( #160 ), #1040, .F. ) ;
#1699 = ADVANCED_FACE ( 'NONE', ( #1762 ), #2627, .F. ) ;
#1700 = DIRECTION ( 'NONE',  ( 1.000000000000000000, -0.000000000000000000, 4.336808689942017736E-16 ) ) ;
#1701 = CARTESIAN_POINT ( 'NONE',  ( -0.4000000000000005218, 0.2000000000000000111, -0.7749999999999990230 ) ) ;
#1702 = EDGE_CURVE ( 'NONE', #62, #2556, #1347, .T. ) ;
#1703 = FACE_OUTER_BOUND ( 'NONE', #1472, .T. ) ;
#1704 = VECTOR ( 'NONE', #1254, 1000.000000000000000 ) ;
#1705 = VERTEX_POINT ( 'NONE', #2173 ) ;
#1706 = CARTESIAN_POINT ( 'NONE',  ( 0.5000000000000004441, 0.1999999999999999833, -0.8750000000000000000 ) ) ;
#1707 = FACE_OUTER_BOUND ( 'NONE', #2035, .T. ) ;
#1708 = ORIENTED_EDGE ( 'NONE', *, *, #1805, .T. ) ;
#1709 = STYLED_ITEM ( 'NONE', ( #2354 ), #2131 ) ;
#1710 = DIRECTION ( 'NONE',  ( -0.000000000000000000, 1.000000000000000000, -0.000000000000000000 ) ) ;
#1711 = EDGE_LOOP ( 'NONE', ( #2065, #2185, #117, #952 ) ) ;
#1712 = LINE ( 'NONE', #2356, #2802 ) ;
#1713 = VECTOR ( 'NONE', #491, 1000.000000000000000 ) ;
#1714 = DIRECTION ( 'NONE',  ( 0.000000000000000000, 1.000000000000000000, 0.000000000000000000 ) ) ;
#1715 = EDGE_CURVE ( 'NONE', #1092, #25, #2453, .T. ) ;
#1716 = CARTESIAN_POINT ( 'NONE',  ( 0.5000000000000004441, 0.04999999999999999584, -0.6250000000000001110 ) ) ;
#1717 = EDGE_CURVE ( 'NONE', #2110, #2246, #1151, .T. ) ;
#1718 = EDGE_LOOP ( 'NONE', ( #880, #1133, #596, #1316 ) ) ;
#1719 = EDGE_LOOP ( 'NONE', ( #383, #464, #1392, #2791 ) ) ;
#1720 = EDGE_CURVE ( 'NONE', #2577, #697, #40, .T. ) ;
#1721 = DIRECTION ( 'NONE',  ( 1.000000000000000000, 0.000000000000000000, -2.168404344971008868E-16 ) ) ;
#1722 = CARTESIAN_POINT ( 'NONE',  ( -0.4000000000000005218, 0.2000000000000000111, -0.7749999999999990230 ) ) ;
#1723 = ORIENTED_EDGE ( 'NONE', *, *, #712, .F. ) ;
#1724 =( LENGTH_UNIT ( ) NAMED_UNIT ( * ) SI_UNIT ( .MILLI., .METRE. ) );
#1725 = ORIENTED_EDGE ( 'NONE', *, *, #1042, .F. ) ;
#1726 = FILL_AREA_STYLE_COLOUR ( '', #605 ) ;
#1727 =( NAMED_UNIT ( * ) PLANE_ANGLE_UNIT ( ) SI_UNIT ( $, .RADIAN. ) );
#1728 = ADVANCED_FACE ( 'NONE', ( #704 ), #220, .F. ) ;
#1729 = DIRECTION ( 'NONE',  ( 0.000000000000000000, 0.000000000000000000, -1.000000000000000000 ) ) ;
#1730 = CARTESIAN_POINT ( 'NONE',  ( -0.7500000000000002220, 0.6999999999999999556, -0.8499999999999997558 ) ) ;
#1731 = EDGE_LOOP ( 'NONE', ( #1306, #366, #1760, #388, #2216 ) ) ;
#1732 = VERTEX_POINT ( 'NONE', #1571 ) ;
#1733 = LINE ( 'NONE', #447, #2188 ) ;
#1734 = CARTESIAN_POINT ( 'NONE',  ( -0.5000000000000004441, 0.1999999999999999833, -0.3750000000000000000 ) ) ;
#1735 = ORIENTED_EDGE ( 'NONE', *, *, #1956, .T. ) ;
#1736 = VECTOR ( 'NONE', #535, 1000.000000000000000 ) ;
#1737 = CARTESIAN_POINT ( 'NONE',  ( -1.000000000000000444, 0.1999999999999999833, 0.6250000000000001110 ) ) ;
#1738 = ORIENTED_EDGE ( 'NONE', *, *, #196, .F. ) ;
#1739 = CLOSED_SHELL ( 'NONE', ( #2735, #1495, #1341, #764, #169, #1699 ) ) ;
#1740 = CARTESIAN_POINT ( 'NONE',  ( 0.5000000000000004441, 0.7590169943749474069, -0.6250000000000001110 ) ) ;
#1741 = PLANE ( 'NONE',  #291 ) ;
#1742 = DIRECTION ( 'NONE',  ( -4.336808689942017243E-16, 0.000000000000000000, -1.000000000000000000 ) ) ;
#1743 = CARTESIAN_POINT ( 'NONE',  ( 0.9999999999999997780, 4.428427124746190380, 1.000000000000000444 ) ) ;
#1744 = VERTEX_POINT ( 'NONE', #2440 ) ;
#1745 = ORIENTED_EDGE ( 'NONE', *, *, #2240, .F. ) ;
#1746 = COLOUR_RGB ( '',1.000000000000000000, 1.000000000000000000, 1.000000000000000000 ) ;
#1747 = EDGE_CURVE ( 'NONE', #62, #1240, #2601, .T. ) ;
#1748 = CARTESIAN_POINT ( 'NONE',  ( 0.5000000000000004441, 0.2000000000000000111, -0.3750000000000000000 ) ) ;
#1749 = CARTESIAN_POINT ( 'NONE',  ( 1.000000000000000444, 0.04999999999999969746, -0.3749999999999998890 ) ) ;
#1750 = ORIENTED_EDGE ( 'NONE', *, *, #30, .F. ) ;
#1751 = VECTOR ( 'NONE', #739, 1000.000000000000000 ) ;
#1752 = ADVANCED_FACE ( 'NONE', ( #889 ), #877, .F. ) ;
#1753 = CARTESIAN_POINT ( 'NONE',  ( -1.000000000000000444, 0.000000000000000000, -0.1249999999999998890 ) ) ;
#1754 = EDGE_LOOP ( 'NONE', ( #566, #1745, #419, #1866 ) ) ;
#1755 = CARTESIAN_POINT ( 'NONE',  ( -1.000000000000000444, 0.05000000000000000278, -0.8749999999999998890 ) ) ;
#1756 = VECTOR ( 'NONE', #1938, 1000.000000000000000 ) ;
#1757 = CARTESIAN_POINT ( 'NONE',  ( 1.000000000000000444, 0.1999999999999999833, 0.6250000000000001110 ) ) ;
#1758 = VECTOR ( 'NONE', #837, 1000.000000000000000 ) ;
#1759 = ORIENTED_EDGE ( 'NONE', *, *, #2305, .F. ) ;
#1760 = ORIENTED_EDGE ( 'NONE', *, *, #722, .F. ) ;
#1761 = LINE ( 'NONE', #234, #838 ) ;
#1762 = FACE_OUTER_BOUND ( 'NONE', #709, .T. ) ;
#1763 = ORIENTED_EDGE ( 'NONE', *, *, #2108, .T. ) ;
#1764 = DIRECTION ( 'NONE',  ( -0.000000000000000000, -0.000000000000000000, 1.000000000000000000 ) ) ;
#1765 = EDGE_CURVE ( 'NONE', #2263, #2598, #1377, .T. ) ;
#1766 = CARTESIAN_POINT ( 'NONE',  ( 1.000000000000000444, 0.04999999999999969746, 0.1250000000000001110 ) ) ;
#1767 = LINE ( 'NONE', #893, #978 ) ;
#1768 = ORIENTED_EDGE ( 'NONE', *, *, #767, .T. ) ;
#1769 = DIRECTION ( 'NONE',  ( 1.000000000000000000, 0.000000000000000000, 4.336808689942017243E-16 ) ) ;
#1770 =( LENGTH_UNIT ( ) NAMED_UNIT ( * ) SI_UNIT ( .MILLI., .METRE. ) );
#1771 = DIRECTION ( 'NONE',  ( 0.000000000000000000, -1.000000000000000000, 0.000000000000000000 ) ) ;
#1772 = ORIENTED_EDGE ( 'NONE', *, *, #2305, .T. ) ;
#1773 = ORIENTED_EDGE ( 'NONE', *, *, #2084, .F. ) ;
#1774 = CARTESIAN_POINT ( 'NONE',  ( -0.5000000000000004441, 0.7590169943749474069, -0.3750000000000000000 ) ) ;
#1775 = LINE ( 'NONE', #26, #748 ) ;
#1776 = CARTESIAN_POINT ( 'NONE',  ( -1.000000000000000444, 0.1999999999999999833, 0.6250000000000001110 ) ) ;
#1777 = ORIENTED_EDGE ( 'NONE', *, *, #1765, .T. ) ;
#1778 = CARTESIAN_POINT ( 'NONE',  ( -0.5000000000000004441, 0.7590169943749474069, 0.6250000000000000000 ) ) ;
#1779 = LINE ( 'NONE', #465, #1335 ) ;
#1780 = CARTESIAN_POINT ( 'NONE',  ( 0.5000000000000004441, 0.7590169943749474069, 0.6250000000000000000 ) ) ;
#1781 = VERTEX_POINT ( 'NONE', #1315 ) ;
#1782 = VECTOR ( 'NONE', #644, 1000.000000000000000 ) ;
#1783 = CARTESIAN_POINT ( 'NONE',  ( 1.000000000000000444, 0.2000000000000000111, 0.6250000000000001110 ) ) ;
#1784 = EDGE_CURVE ( 'NONE', #280, #931, #505, .T. ) ;
#1785 = VECTOR ( 'NONE', #2148, 1000.000000000000000 ) ;
#1786 = DIRECTION ( 'NONE',  ( 0.000000000000000000, 1.000000000000000000, 0.000000000000000000 ) ) ;
#1787 = AXIS2_PLACEMENT_3D ( 'NONE', #57, #758, #70 ) ;
#1788 = ORIENTED_EDGE ( 'NONE', *, *, #524, .F. ) ;
#1789 = ORIENTED_EDGE ( 'NONE', *, *, #341, .F. ) ;
#1790 = CARTESIAN_POINT ( 'NONE',  ( 0.000000000000000000, 0.2000000000000000111, -1.500000000000000000 ) ) ;
#1791 = DIRECTION ( 'NONE',  ( 2.168404344971008621E-16, -0.000000000000000000, 1.000000000000000000 ) ) ;
#1792 = ORIENTED_EDGE ( 'NONE', *, *, #2289, .T. ) ;
#1793 = LINE ( 'NONE', #2661, #1785 ) ;
#1794 = VECTOR ( 'NONE', #1476, 1000.000000000000000 ) ;
#1795 = CARTESIAN_POINT ( 'NONE',  ( -1.000000000000000444, 0.7590169943749474069, 0.8750000000000001110 ) ) ;
#1796 = ORIENTED_EDGE ( 'NONE', *, *, #2510, .F. ) ;
#1797 = PLANE ( 'NONE',  #2528 ) ;
#1798 = CARTESIAN_POINT ( 'NONE',  ( 1.000000000000000444, 0.000000000000000000, 0.3750000000000001110 ) ) ;
#1799 = ADVANCED_FACE ( 'NONE', ( #1958 ), #920, .T. ) ;
#1800 = UNCERTAINTY_MEASURE_WITH_UNIT (LENGTH_MEASURE( 1.000000000000000082E-05 ), #2133, 'distance_accuracy_value', 'NONE');
#1801 = FACE_OUTER_BOUND ( 'NONE', #460, .T. ) ;
#1802 = VERTEX_POINT ( 'NONE', #1749 ) ;
#1803 = PLANE ( 'NONE',  #1468 ) ;
#1804 = LINE ( 'NONE', #1595, #486 ) ;
#1805 = EDGE_CURVE ( 'NONE', #1285, #2018, #2616, .T. ) ;
#1806 = AXIS2_PLACEMENT_3D ( 'NONE', #1888, #2793, #2143 ) ;
#1807 = DIRECTION ( 'NONE',  ( 0.000000000000000000, -1.000000000000000000, -0.000000000000000000 ) ) ;
#1808 = DIRECTION ( 'NONE',  ( 0.000000000000000000, 0.000000000000000000, -1.000000000000000000 ) ) ;
#1809 = VERTEX_POINT ( 'NONE', #719 ) ;
#1810 = CARTESIAN_POINT ( 'NONE',  ( -0.4000000000000005218, 0.2000000000000000111, -0.6250000000000001110 ) ) ;
#1811 = PLANE ( 'NONE',  #745 ) ;
#1812 = ORIENTED_EDGE ( 'NONE', *, *, #1003, .F. ) ;
#1813 = VECTOR ( 'NONE', #1851, 1000.000000000000000 ) ;
#1814 = LINE ( 'NONE', #753, #1153 ) ;
#1815 = PRESENTATION_STYLE_ASSIGNMENT (( #1605 ) ) ;
#1816 = ADVANCED_FACE ( 'NONE', ( #1586 ), #1330, .T. ) ;
#1817 = LINE ( 'NONE', #2679, #1646 ) ;
#1818 = PLANE ( 'NONE',  #1200 ) ;
#1819 = EDGE_CURVE ( 'NONE', #2449, #2812, #660, .T. ) ;
#1820 = DIRECTION ( 'NONE',  ( 0.000000000000000000, -1.000000000000000000, -0.000000000000000000 ) ) ;
#1821 = VERTEX_POINT ( 'NONE', #685 ) ;
#1822 = DIRECTION ( 'NONE',  ( 0.000000000000000000, -1.000000000000000000, -0.000000000000000000 ) ) ;
#1823 = PLANE ( 'NONE',  #1078 ) ;
#1824 = ORIENTED_EDGE ( 'NONE', *, *, #586, .F. ) ;
#1825 = EDGE_CURVE ( 'NONE', #254, #229, #463, .T. ) ;
#1826 = AXIS2_PLACEMENT_3D ( 'NONE', #2737, #1224, #1855 ) ;
#1827 = CIRCLE ( 'NONE', #2327, 0.1000000000000001582 ) ;
#1828 = DIRECTION ( 'NONE',  ( 0.000000000000000000, 0.000000000000000000, 1.000000000000000000 ) ) ;
#1829 = VECTOR ( 'NONE', #2122, 1000.000000000000000 ) ;
#1830 = FACE_OUTER_BOUND ( 'NONE', #1012, .T. ) ;
#1831 = VERTEX_POINT ( 'NONE', #1555 ) ;
#1832 = LINE ( 'NONE', #1624, #1387 ) ;
#1833 = LINE ( 'NONE', #2697, #259 ) ;
#1834 = EDGE_LOOP ( 'NONE', ( #1906, #164, #873, #298 ) ) ;
#1835 = VECTOR ( 'NONE', #2212, 1000.000000000000000 ) ;
#1836 = DIRECTION ( 'NONE',  ( -1.000000000000000000, 0.000000000000000000, 0.000000000000000000 ) ) ;
#1837 = EDGE_CURVE ( 'NONE', #1509, #230, #2423, .T. ) ;
#1838 = FACE_OUTER_BOUND ( 'NONE', #1416, .T. ) ;
#1839 = VECTOR ( 'NONE', #2190, 1000.000000000000000 ) ;
#1840 = APPLICATION_CONTEXT ( 'automotive_design' ) ;
#1841 = EDGE_LOOP ( 'NONE', ( #1106, #1099, #823, #1370 ) ) ;
#1842 = VECTOR ( 'NONE', #2461, 1000.000000000000000 ) ;
#1843 = ORIENTED_EDGE ( 'NONE', *, *, #2452, .F. ) ;
#1844 = VECTOR ( 'NONE', #866, 1000.000000000000000 ) ;
#1845 = CARTESIAN_POINT ( 'NONE',  ( 0.9999999999999997780, 0.05000000000000000278, 1.000000000000000444 ) ) ;
#1846 = CARTESIAN_POINT ( 'NONE',  ( 0.9999999999999997780, 0.1999999999999996503, 0.6249999999999998890 ) ) ;
#1847 = ORIENTED_EDGE ( 'NONE', *, *, #1865, .F. ) ;
#1848 = EDGE_CURVE ( 'NONE', #2156, #2441, #948, .T. ) ;
#1849 = ORIENTED_EDGE ( 'NONE', *, *, #542, .T. ) ;
#1850 = EDGE_CURVE ( 'NONE', #24, #439, #2351, .T. ) ;
#1851 = DIRECTION ( 'NONE',  ( 0.7071067811865436870, -0.000000000000000000, 0.7071067811865513475 ) ) ;
#1852 = CARTESIAN_POINT ( 'NONE',  ( 0.5000000000000004441, 0.1999999999999999833, 0.1250000000000000000 ) ) ;
#1853 = VERTEX_POINT ( 'NONE', #5 ) ;
#1854 = CARTESIAN_POINT ( 'NONE',  ( -1.000000000000000444, 0.04999999999999999584, 0.3750000000000001110 ) ) ;
#1855 = DIRECTION ( 'NONE',  ( 0.000000000000000000, 0.000000000000000000, -1.000000000000000000 ) ) ;
#1856 = CARTESIAN_POINT ( 'NONE',  ( 0.5000000000000004441, 0.1999999999999999833, 0.8749999999999998890 ) ) ;
#1857 = CARTESIAN_POINT ( 'NONE',  ( 0.5000000000000004441, 0.1999999999999999833, -0.1250000000000001110 ) ) ;
#1858 = ORIENTED_EDGE ( 'NONE', *, *, #2822, .T. ) ;
#1859 = DIRECTION ( 'NONE',  ( -0.000000000000000000, -0.000000000000000000, 1.000000000000000000 ) ) ;
#1860 = ORIENTED_EDGE ( 'NONE', *, *, #608, .T. ) ;
#1861 = CARTESIAN_POINT ( 'NONE',  ( -0.5000000000000004441, 0.000000000000000000, 0.1250000000000000000 ) ) ;
#1862 = FILL_AREA_STYLE_COLOUR ( '', #1482 ) ;
#1863 = PLANE ( 'NONE',  #1877 ) ;
#1864 = AXIS2_PLACEMENT_3D ( 'NONE', #369, #1454, #408 ) ;
#1865 = EDGE_CURVE ( 'NONE', #1497, #573, #2416, .T. ) ;
#1866 = ORIENTED_EDGE ( 'NONE', *, *, #2289, .F. ) ;
#1867 = VECTOR ( 'NONE', #2027, 1000.000000000000000 ) ;
#1868 = DIRECTION ( 'NONE',  ( 0.000000000000000000, -0.000000000000000000, -1.000000000000000000 ) ) ;
#1869 = DIRECTION ( 'NONE',  ( 1.000000000000000000, 0.000000000000000000, 0.000000000000000000 ) ) ;
#1870 = COLOUR_RGB ( '',0.7960784313725489669, 0.8235294117647058432, 0.9372549019607843146 ) ;
#1871 = PLANE ( 'NONE',  #965 ) ;
#1872 = LINE ( 'NONE', #304, #2389 ) ;
#1873 = ORIENTED_EDGE ( 'NONE', *, *, #2585, .F. ) ;
#1874 = SURFACE_SIDE_STYLE ('',( #1488 ) ) ;
#1875 = ORIENTED_EDGE ( 'NONE', *, *, #542, .F. ) ;
#1876 = CARTESIAN_POINT ( 'NONE',  ( -1.000000000000000444, 0.7590169943749474069, -0.3749999999999998890 ) ) ;
#1877 = AXIS2_PLACEMENT_3D ( 'NONE', #2731, #182, #797 ) ;
#1878 = VECTOR ( 'NONE', #2749, 1000.000000000000000 ) ;
#1879 = VECTOR ( 'NONE', #2799, 1000.000000000000000 ) ;
#1880 = FACE_OUTER_BOUND ( 'NONE', #1213, .T. ) ;
#1881 = EDGE_CURVE ( 'NONE', #1548, #2161, #710, .T. ) ;
#1882 = ORIENTED_EDGE ( 'NONE', *, *, #1529, .T. ) ;
#1883 = ADVANCED_FACE ( 'NONE', ( #1579 ), #1797, .F. ) ;
#1884 = EDGE_CURVE ( 'NONE', #1196, #617, #2242, .T. ) ;
#1885 = CARTESIAN_POINT ( 'NONE',  ( -0.4000000000000005218, 0.2000000000000000111, -0.7749999999999990230 ) ) ;
#1886 = PLANE ( 'NONE',  #1826 ) ;
#1887 = DIRECTION ( 'NONE',  ( 1.000000000000000000, 0.000000000000000000, 2.168404344971008868E-16 ) ) ;
#1888 = CARTESIAN_POINT ( 'NONE',  ( -0.5000000000000004441, 0.7590169943749474069, -0.8750000000000000000 ) ) ;
#1889 = ORIENTED_EDGE ( 'NONE', *, *, #1441, .T. ) ;
#1890 = CARTESIAN_POINT ( 'NONE',  ( 0.5000000000000004441, 0.1999999999999999833, -0.3750000000000000000 ) ) ;
#1891 = VECTOR ( 'NONE', #1443, 1000.000000000000000 ) ;
#1892 = CARTESIAN_POINT ( 'NONE',  ( -0.7500000000000002220, 0.6999999999999999556, -0.7499999999999995559 ) ) ;
#1893 = ORIENTED_EDGE ( 'NONE', *, *, #1599, .T. ) ;
#1894 = CARTESIAN_POINT ( 'NONE',  ( -3.794707603699264040E-16, 0.05000000000000000278, 0.8749999999999996669 ) ) ;
#1895 = LINE ( 'NONE', #2049, #440 ) ;
#1896 = CARTESIAN_POINT ( 'NONE',  ( -0.5000000000000004441, 0.2000000000000000111, -0.3750000000000000000 ) ) ;
#1897 = ORIENTED_EDGE ( 'NONE', *, *, #118, .T. ) ;
#1898 = DIRECTION ( 'NONE',  ( 1.000000000000000000, 0.000000000000000000, 4.336808689942017243E-16 ) ) ;
#1899 = ADVANCED_FACE ( 'NONE', ( #1602 ), #1337, .F. ) ;
#1900 = EDGE_CURVE ( 'NONE', #479, #1732, #2021, .T. ) ;
#1901 = DIRECTION ( 'NONE',  ( 0.000000000000000000, 0.000000000000000000, -1.000000000000000000 ) ) ;
#1902 = LINE ( 'NONE', #1499, #2705 ) ;
#1903 = ORIENTED_EDGE ( 'NONE', *, *, #2310, .F. ) ;
#1904 = DIRECTION ( 'NONE',  ( -4.336808689942017243E-16, 0.000000000000000000, -1.000000000000000000 ) ) ;
#1905 = CARTESIAN_POINT ( 'NONE',  ( -0.5000000000000004441, 0.2000000000000000111, -0.8750000000000000000 ) ) ;
#1906 = ORIENTED_EDGE ( 'NONE', *, *, #597, .F. ) ;
#1907 = LINE ( 'NONE', #1861, #730 ) ;
#1908 =( NAMED_UNIT ( * ) SI_UNIT ( $, .STERADIAN. ) SOLID_ANGLE_UNIT ( ) );
#1909 = DIRECTION ( 'NONE',  ( 0.000000000000000000, 0.000000000000000000, 1.000000000000000000 ) ) ;
#1910 = CARTESIAN_POINT ( 'NONE',  ( 0.000000000000000000, 0.2000000000000000111, -1.500000000000000000 ) ) ;
#1911 = ORIENTED_EDGE ( 'NONE', *, *, #2235, .F. ) ;
#1912 = VECTOR ( 'NONE', #1970, 1000.000000000000000 ) ;
#1913 = CARTESIAN_POINT ( 'NONE',  ( -0.5000000000000004441, 0.7590169943749474069, 0.1250000000000000000 ) ) ;
#1914 = AXIS2_PLACEMENT_3D ( 'NONE', #1743, #2612, #995 ) ;
#1915 = LINE ( 'NONE', #1329, #929 ) ;
#1916 = FACE_OUTER_BOUND ( 'NONE', #2191, .T. ) ;
#1917 = VERTEX_POINT ( 'NONE', #276 ) ;
#1918 = VECTOR ( 'NONE', #2658, 1000.000000000000000 ) ;
#1919 = EDGE_CURVE ( 'NONE', #1138, #302, #912, .T. ) ;
#1920 = DIRECTION ( 'NONE',  ( -1.000000000000000000, 0.000000000000000000, 4.336808689942017243E-16 ) ) ;
#1921 = DIRECTION ( 'NONE',  ( -0.000000000000000000, -1.000000000000000000, -0.000000000000000000 ) ) ;
#1922 = ORIENTED_EDGE ( 'NONE', *, *, #624, .T. ) ;
#1923 = CARTESIAN_POINT ( 'NONE',  ( 0.9999999999999997780, 0.7999999999999999334, 1.000000000000000444 ) ) ;
#1924 = EDGE_CURVE ( 'NONE', #2536, #1121, #1652, .T. ) ;
#1925 = CARTESIAN_POINT ( 'NONE',  ( 0.5000000000000004441, 0.000000000000000000, 0.3749999999999998890 ) ) ;
#1926 = DIRECTION ( 'NONE',  ( 1.000000000000000000, -0.000000000000000000, -4.336808689942017736E-16 ) ) ;
#1927 = AXIS2_PLACEMENT_3D ( 'NONE', #2137, #1325, #2123 ) ;
#1928 = EDGE_LOOP ( 'NONE', ( #980, #2747, #2174, #274 ) ) ;
#1929 = ORIENTED_EDGE ( 'NONE', *, *, #1104, .F. ) ;
#1930 = CARTESIAN_POINT ( 'NONE',  ( -0.5000000000000004441, 0.2000000000000000111, 0.1250000000000000000 ) ) ;
#1931 = PLANE ( 'NONE',  #1806 ) ;
#1932 = EDGE_LOOP ( 'NONE', ( #137, #347, #1165, #831 ) ) ;
#1933 = ORIENTED_EDGE ( 'NONE', *, *, #2784, .T. ) ;
#1934 = DIRECTION ( 'NONE',  ( 1.000000000000000000, -0.000000000000000000, 0.000000000000000000 ) ) ;
#1935 = VECTOR ( 'NONE', #76, 1000.000000000000000 ) ;
#1936 = ADVANCED_FACE ( 'NONE', ( #2520 ), #2083, .F. ) ;
#1937 = DIRECTION ( 'NONE',  ( 1.000000000000000000, 0.000000000000000000, 4.336808689942017736E-16 ) ) ;
#1938 = DIRECTION ( 'NONE',  ( -0.7071067811865437980, 0.000000000000000000, -0.7071067811865513475 ) ) ;
#1939 = CARTESIAN_POINT ( 'NONE',  ( -0.5000000000000004441, 0.1999999999999999833, 0.3749999999999998890 ) ) ;
#1940 = CARTESIAN_POINT ( 'NONE',  ( 1.000000000000000444, 0.1999999999999999833, -0.3749999999999998890 ) ) ;
#1941 = ORIENTED_EDGE ( 'NONE', *, *, #2240, .T. ) ;
#1942 = VERTEX_POINT ( 'NONE', #765 ) ;
#1943 = AXIS2_PLACEMENT_3D ( 'NONE', #262, #1232, #148 ) ;
#1944 = DIRECTION ( 'NONE',  ( 0.000000000000000000, 0.000000000000000000, 1.000000000000000000 ) ) ;
#1945 = LINE ( 'NONE', #172, #20 ) ;
#1946 = ORIENTED_EDGE ( 'NONE', *, *, #1359, .F. ) ;
#1947 = EDGE_LOOP ( 'NONE', ( #1697, #435, #1582, #2391, #1085, #2169, #2637, #1847, #910, #1598, #1666, #770, #1406, #724, #714, #241, #1486, #740, #2229, #720 ) ) ;
#1948 = FACE_OUTER_BOUND ( 'NONE', #2725, .T. ) ;
#1949 = DIRECTION ( 'NONE',  ( -1.000000000000000000, 0.000000000000000000, 2.168404344971008868E-16 ) ) ;
#1950 = SURFACE_SIDE_STYLE ('',( #442 ) ) ;
#1951 = ADVANCED_FACE ( 'NONE', ( #2495 ), #549, .T. ) ;
#1952 = CARTESIAN_POINT ( 'NONE',  ( 0.5000000000000004441, 0.1999999999999999833, -0.3750000000000000000 ) ) ;
#1953 = PLANE ( 'NONE',  #1914 ) ;
#1954 = ORIENTED_EDGE ( 'NONE', *, *, #152, .F. ) ;
#1955 = ORIENTED_EDGE ( 'NONE', *, *, #2207, .T. ) ;
#1956 = EDGE_CURVE ( 'NONE', #631, #2755, #598, .T. ) ;
#1957 = LINE ( 'NONE', #849, #1643 ) ;
#1958 = FACE_OUTER_BOUND ( 'NONE', #1932, .T. ) ;
#1959 = VERTEX_POINT ( 'NONE', #1469 ) ;
#1960 =( GEOMETRIC_REPRESENTATION_CONTEXT ( 3 ) GLOBAL_UNCERTAINTY_ASSIGNED_CONTEXT ( ( #2542 ) ) GLOBAL_UNIT_ASSIGNED_CONTEXT ( ( #1724, #17, #2796 ) ) REPRESENTATION_CONTEXT ( 'NONE', 'WORKASPACE' ) );
#1961 = PLANE ( 'NONE',  #87 ) ;
#1962 = LINE ( 'NONE', #2225, #1400 ) ;
#1963 = ORIENTED_EDGE ( 'NONE', *, *, #2433, .F. ) ;
#1964 = FILL_AREA_STYLE ('',( #1355 ) ) ;
#1965 = CARTESIAN_POINT ( 'NONE',  ( -0.5000000000000004441, 0.2000000000000000111, 0.1250000000000000000 ) ) ;
#1966 = ORIENTED_EDGE ( 'NONE', *, *, #1359, .T. ) ;
#1967 = EDGE_CURVE ( 'NONE', #1619, #357, #2765, .T. ) ;
#1968 = ORIENTED_EDGE ( 'NONE', *, *, #131, .F. ) ;
#1969 = VECTOR ( 'NONE', #744, 1000.000000000000000 ) ;
#1970 = DIRECTION ( 'NONE',  ( -1.000000000000000000, 0.000000000000000000, 2.168404344971008868E-16 ) ) ;
#1971 = DIRECTION ( 'NONE',  ( -0.000000000000000000, -0.000000000000000000, -1.000000000000000000 ) ) ;
#1972 = ORIENTED_EDGE ( 'NONE', *, *, #2218, .T. ) ;
#1973 = VECTOR ( 'NONE', #2238, 1000.000000000000000 ) ;
#1974 = DIRECTION ( 'NONE',  ( 0.000000000000000000, -1.000000000000000000, 0.000000000000000000 ) ) ;
#1975 = VERTEX_POINT ( 'NONE', #391 ) ;
#1976 = MECHANICAL_DESIGN_GEOMETRIC_PRESENTATION_REPRESENTATION (  '', ( #1709 ), #2211 ) ;
#1977 = DIRECTION ( 'NONE',  ( 1.000000000000000000, 0.000000000000000000, 4.336808689942017243E-16 ) ) ;
#1978 = DIRECTION ( 'NONE',  ( 1.000000000000000000, 0.000000000000000000, 4.336808689942017736E-16 ) ) ;
#1979 = COLOUR_RGB ( '',0.2509803921568627416, 0.2509803921568627416, 0.2509803921568627416 ) ;
#1980 = SURFACE_STYLE_USAGE ( .BOTH. , #2801 ) ;
#1981 = VECTOR ( 'NONE', #2394, 1000.000000000000000 ) ;
#1982 = VERTEX_POINT ( 'NONE', #1679 ) ;
#1983 = ORIENTED_EDGE ( 'NONE', *, *, #313, .F. ) ;
#1984 = PLANE ( 'NONE',  #1787 ) ;
#1985 = DIRECTION ( 'NONE',  ( 1.000000000000000000, 0.000000000000000000, -2.168404344971008621E-16 ) ) ;
#1986 = VERTEX_POINT ( 'NONE', #411 ) ;
#1987 = DIRECTION ( 'NONE',  ( 1.000000000000000000, -0.000000000000000000, -4.336808689942017736E-16 ) ) ;
#1988 = EDGE_CURVE ( 'NONE', #666, #2424, #632, .T. ) ;
#1989 = DIRECTION ( 'NONE',  ( 1.000000000000000000, 0.000000000000000000, 2.168404344971008868E-16 ) ) ;
#1990 = ORIENTED_EDGE ( 'NONE', *, *, #1533, .T. ) ;
#1991 = EDGE_CURVE ( 'NONE', #302, #2366, #2579, .T. ) ;
#1992 = ORIENTED_EDGE ( 'NONE', *, *, #1276, .F. ) ;
#1993 = ORIENTED_EDGE ( 'NONE', *, *, #2107, .F. ) ;
#1994 = DIRECTION ( 'NONE',  ( 0.000000000000000000, -1.000000000000000000, -0.000000000000000000 ) ) ;
#1995 = FACE_OUTER_BOUND ( 'NONE', #656, .T. ) ;
#1996 = DIRECTION ( 'NONE',  ( 0.000000000000000000, -0.000000000000000000, -1.000000000000000000 ) ) ;
#1997 = ORIENTED_EDGE ( 'NONE', *, *, #2806, .T. ) ;
#1998 = LINE ( 'NONE', #2798, #1426 ) ;
#1999 = DIRECTION ( 'NONE',  ( 0.000000000000000000, -1.000000000000000000, 0.000000000000000000 ) ) ;
#2000 = CARTESIAN_POINT ( 'NONE',  ( -0.7500000000000002220, 0.4171572875253805601, -0.6499999999999994671 ) ) ;
#2001 = ORIENTED_EDGE ( 'NONE', *, *, #1988, .F. ) ;
#2002 = ADVANCED_FACE ( 'NONE', ( #2548 ), #174, .F. ) ;
#2003 = VECTOR ( 'NONE', #2455, 1000.000000000000000 ) ;
#2004 = CLOSED_SHELL ( 'NONE', ( #820, #2005, #395, #2414, #1883, #679 ) ) ;
#2005 = ADVANCED_FACE ( 'NONE', ( #2781 ), #162, .F. ) ;
#2006 =( GEOMETRIC_REPRESENTATION_CONTEXT ( 3 ) GLOBAL_UNCERTAINTY_ASSIGNED_CONTEXT ( ( #1145 ) ) GLOBAL_UNIT_ASSIGNED_CONTEXT ( ( #2788, #1727, #1308 ) ) REPRESENTATION_CONTEXT ( 'NONE', 'WORKASPACE' ) );
#2007 = ORIENTED_EDGE ( 'NONE', *, *, #2618, .T. ) ;
#2008 = LINE ( 'NONE', #1607, #2093 ) ;
#2009 = EDGE_CURVE ( 'NONE', #642, #1138, #1030, .T. ) ;
#2010 = DIRECTION ( 'NONE',  ( 0.000000000000000000, -1.000000000000000000, 0.000000000000000000 ) ) ;
#2011 = DIRECTION ( 'NONE',  ( -1.000000000000000000, 0.000000000000000000, 4.336808689942017736E-16 ) ) ;
#2012 = DIRECTION ( 'NONE',  ( 0.000000000000000000, 1.000000000000000000, 0.000000000000000000 ) ) ;
#2013 = ORIENTED_EDGE ( 'NONE', *, *, #2816, .F. ) ;
#2014 = VECTOR ( 'NONE', #2773, 1000.000000000000000 ) ;
#2015 = AXIS2_PLACEMENT_3D ( 'NONE', #454, #2104, #150 ) ;
#2016 = CARTESIAN_POINT ( 'NONE',  ( 1.000000000000000444, 0.2000000000000000111, -0.3749999999999998890 ) ) ;
#2017 = CARTESIAN_POINT ( 'NONE',  ( -1.000000000000000444, 0.05000000000000000278, 1.000000000000000444 ) ) ;
#2018 = VERTEX_POINT ( 'NONE', #1695 ) ;
#2019 = EDGE_CURVE ( 'NONE', #666, #2195, #2562, .T. ) ;
#2020 = CARTESIAN_POINT ( 'NONE',  ( 0.000000000000000000, 0.2000000000000000111, -0.5000000000000000000 ) ) ;
#2021 = LINE ( 'NONE', #1561, #1935 ) ;
#2022 = FILL_AREA_STYLE_COLOUR ( '', #1245 ) ;
#2023 = CARTESIAN_POINT ( 'NONE',  ( 0.5000000000000004441, 0.1999999999999999833, 0.6250000000000000000 ) ) ;
#2024 = EDGE_CURVE ( 'NONE', #315, #1285, #2338, .T. ) ;
#2025 = PRESENTATION_LAYER_ASSIGNMENT (  '', '', ( #900 ) ) ;
#2026 = ORIENTED_EDGE ( 'NONE', *, *, #33, .T. ) ;
#2027 = DIRECTION ( 'NONE',  ( -0.000000000000000000, -0.000000000000000000, 1.000000000000000000 ) ) ;
#2028 = CARTESIAN_POINT ( 'NONE',  ( -0.5000000000000004441, 0.2000000000000000111, 0.6250000000000000000 ) ) ;
#2029 = VECTOR ( 'NONE', #1971, 1000.000000000000000 ) ;
#2030 = PLANE ( 'NONE',  #970 ) ;
#2031 = ORIENTED_EDGE ( 'NONE', *, *, #2084, .T. ) ;
#2032 = CARTESIAN_POINT ( 'NONE',  ( 0.5000000000000004441, 0.7590169943749474069, -0.8750000000000000000 ) ) ;
#2033 = DIRECTION ( 'NONE',  ( 0.000000000000000000, -1.000000000000000000, -0.000000000000000000 ) ) ;
#2034 = FACE_OUTER_BOUND ( 'NONE', #413, .T. ) ;
#2035 = EDGE_LOOP ( 'NONE', ( #265, #851, #1222, #756 ) ) ;
#2036 = CIRCLE ( 'NONE', #1591, 0.1000000000000001582 ) ;
#2037 =( LENGTH_UNIT ( ) NAMED_UNIT ( * ) SI_UNIT ( .MILLI., .METRE. ) );
#2038 = EDGE_LOOP ( 'NONE', ( #789, #1911, #1183, #1251 ) ) ;
#2039 = ADVANCED_FACE ( 'NONE', ( #1074 ), #225, .F. ) ;
#2040 = DIRECTION ( 'NONE',  ( 0.000000000000000000, -0.000000000000000000, -1.000000000000000000 ) ) ;
#2041 = CARTESIAN_POINT ( 'NONE',  ( -1.000000000000000444, 0.000000000000000000, -0.8749999999999998890 ) ) ;
#2042 = ORIENTED_EDGE ( 'NONE', *, *, #507, .F. ) ;
#2043 = EDGE_CURVE ( 'NONE', #439, #1781, #668, .T. ) ;
#2044 = FACE_OUTER_BOUND ( 'NONE', #2125, .T. ) ;
#2045 = PLANE ( 'NONE',  #2353 ) ;
#2046 = ORIENTED_EDGE ( 'NONE', *, *, #1480, .F. ) ;
#2047 = CARTESIAN_POINT ( 'NONE',  ( 0.000000000000000000, 0.2000000000000000111, -0.5000000000000000000 ) ) ;
#2048 = AXIS2_PLACEMENT_3D ( 'NONE', #420, #2575, #1721 ) ;
#2049 = CARTESIAN_POINT ( 'NONE',  ( 0.9999999999999997780, 0.7999999999999999334, -0.9999999999999995559 ) ) ;
#2050 = AXIS2_PLACEMENT_3D ( 'NONE', #201, #819, #2818 ) ;
#2051 = CARTESIAN_POINT ( 'NONE',  ( 0.9999999999999997780, 0.05000000000000000278, 1.000000000000000444 ) ) ;
#2052 = EDGE_CURVE ( 'NONE', #2182, #1809, #2384, .T. ) ;
#2053 =( LENGTH_UNIT ( ) NAMED_UNIT ( * ) SI_UNIT ( .MILLI., .METRE. ) );
#2054 = ORIENTED_EDGE ( 'NONE', *, *, #2108, .F. ) ;
#2055 = EDGE_CURVE ( 'NONE', #2556, #2263, #636, .T. ) ;
#2056 = LINE ( 'NONE', #2016, #228 ) ;
#2057 = CARTESIAN_POINT ( 'NONE',  ( 0.5000000000000004441, 0.000000000000000000, -0.6250000000000001110 ) ) ;
#2058 = ORIENTED_EDGE ( 'NONE', *, *, #2380, .T. ) ;
#2059 = VECTOR ( 'NONE', #1219, 1000.000000000000000 ) ;
#2060 = CARTESIAN_POINT ( 'NONE',  ( 1.000000000000000444, 0.1999999999999999833, 0.1250000000000001110 ) ) ;
#2061 = VERTEX_POINT ( 'NONE', #1755 ) ;
#2062 = AXIS2_PLACEMENT_3D ( 'NONE', #1506, #2369, #441 ) ;
#2063 = PLANE ( 'NONE',  #2387 ) ;
#2064 = DIRECTION ( 'NONE',  ( -4.336808689942017736E-16, 0.000000000000000000, 1.000000000000000000 ) ) ;
#2065 = ORIENTED_EDGE ( 'NONE', *, *, #854, .F. ) ;
#2066 = VECTOR ( 'NONE', #190, 1000.000000000000000 ) ;
#2067 = FACE_OUTER_BOUND ( 'NONE', #2744, .T. ) ;
#2068 = CARTESIAN_POINT ( 'NONE',  ( -0.5000000000000004441, 0.1999999999999999833, 0.1250000000000000000 ) ) ;
#2069 = CARTESIAN_POINT ( 'NONE',  ( 0.5000000000000004441, 0.2000000000000000111, 0.3749999999999998890 ) ) ;
#2070 = VERTEX_POINT ( 'NONE', #606 ) ;
#2071 = AXIS2_PLACEMENT_3D ( 'NONE', #1101, #870, #844 ) ;
#2072 = ADVANCED_FACE ( 'NONE', ( #2568 ), #396, .T. ) ;
#2073 = DIRECTION ( 'NONE',  ( 1.000000000000000000, 0.000000000000000000, -2.168404344971008868E-16 ) ) ;
#2074 = ORIENTED_EDGE ( 'NONE', *, *, #2769, .F. ) ;
#2075 = PLANE ( 'NONE',  #2407 ) ;
#2076 = DIRECTION ( 'NONE',  ( 1.000000000000000000, 0.000000000000000000, 0.000000000000000000 ) ) ;
#2077 = EDGE_LOOP ( 'NONE', ( #1723, #1843, #990, #2582 ) ) ;
#2078 = CARTESIAN_POINT ( 'NONE',  ( 0.000000000000000000, 0.000000000000000000, -1.000000000000000000 ) ) ;
#2079 = CARTESIAN_POINT ( 'NONE',  ( 1.000000000000000444, 0.000000000000000000, -0.6249999999999998890 ) ) ;
#2080 = LINE ( 'NONE', #125, #1461 ) ;
#2081 = DIRECTION ( 'NONE',  ( -0.000000000000000000, 0.000000000000000000, -1.000000000000000000 ) ) ;
#2082 = ORIENTED_EDGE ( 'NONE', *, *, #620, .F. ) ;
#2083 = PLANE ( 'NONE',  #576 ) ;
#2084 = EDGE_CURVE ( 'NONE', #554, #2195, #2164, .T. ) ;
#2085 = VERTEX_POINT ( 'NONE', #180 ) ;
#2086 = DIRECTION ( 'NONE',  ( 0.000000000000000000, -0.000000000000000000, -1.000000000000000000 ) ) ;
#2087 = EDGE_CURVE ( 'NONE', #1732, #25, #1062, .T. ) ;
#2088 = LINE ( 'NONE', #2106, #1829 ) ;
#2089 = LINE ( 'NONE', #94, #976 ) ;
#2090 = VECTOR ( 'NONE', #2224, 1000.000000000000000 ) ;
#2091 = ORIENTED_EDGE ( 'NONE', *, *, #1287, .F. ) ;
#2092 = ORIENTED_EDGE ( 'NONE', *, *, #2141, .F. ) ;
#2093 = VECTOR ( 'NONE', #1403, 1000.000000000000000 ) ;
#2094 = DIRECTION ( 'NONE',  ( 0.000000000000000000, 1.000000000000000000, 0.000000000000000000 ) ) ;
#2095 = LINE ( 'NONE', #111, #604 ) ;
#2096 = PLANE ( 'NONE',  #43 ) ;
#2097 = LINE ( 'NONE', #409, #308 ) ;
#2098 = ORIENTED_EDGE ( 'NONE', *, *, #1271, .T. ) ;
#2099 = CARTESIAN_POINT ( 'NONE',  ( 0.5000000000000004441, 0.7590169943749474069, -0.3750000000000000000 ) ) ;
#2100 = EDGE_LOOP ( 'NONE', ( #1243, #2398, #410, #2395 ) ) ;
#2101 = LINE ( 'NONE', #1033, #2171 ) ;
#2102 = VECTOR ( 'NONE', #592, 1000.000000000000000 ) ;
#2103 = PRODUCT_DEFINITION_SHAPE ( 'NONE', 'NONE',  #1089 ) ;
#2104 = DIRECTION ( 'NONE',  ( -4.336808689942017736E-16, 0.000000000000000000, -1.000000000000000000 ) ) ;
#2105 = VECTOR ( 'NONE', #1505, 1000.000000000000000 ) ;
#2106 = CARTESIAN_POINT ( 'NONE',  ( -8.131516293641285720E-17, 0.05000000000000000278, -0.3750000000000001110 ) ) ;
#2107 = EDGE_CURVE ( 'NONE', #2517, #2780, #2244, .T. ) ;
#2108 = EDGE_CURVE ( 'NONE', #1064, #772, #309, .T. ) ;
#2109 = VERTEX_POINT ( 'NONE', #197 ) ;
#2110 = VERTEX_POINT ( 'NONE', #1379 ) ;
#2111 = PLANE ( 'NONE',  #1350 ) ;
#2112 = ADVANCED_FACE ( 'NONE', ( #83 ), #519, .F. ) ;
#2113 = FACE_OUTER_BOUND ( 'NONE', #1227, .T. ) ;
#2114 = DIRECTION ( 'NONE',  ( -0.000000000000000000, 0.000000000000000000, -1.000000000000000000 ) ) ;
#2115 = ORIENTED_EDGE ( 'NONE', *, *, #2235, .T. ) ;
#2116 = CARTESIAN_POINT ( 'NONE',  ( -0.5000000000000004441, 0.7590169943749474069, 0.8749999999999998890 ) ) ;
#2117 = VECTOR ( 'NONE', #1485, 1000.000000000000000 ) ;
#2118 = FILL_AREA_STYLE ('',( #1278 ) ) ;
#2119 = EDGE_LOOP ( 'NONE', ( #1378, #1788, #1142, #2092 ) ) ;
#2120 = LINE ( 'NONE', #1473, #1317 ) ;
#2121 = CARTESIAN_POINT ( 'NONE',  ( -0.5000000000000004441, 0.000000000000000000, -0.8750000000000000000 ) ) ;
#2122 = DIRECTION ( 'NONE',  ( 1.000000000000000000, 0.000000000000000000, -2.168404344971008868E-16 ) ) ;
#2123 = DIRECTION ( 'NONE',  ( 0.000000000000000000, 0.000000000000000000, 1.000000000000000000 ) ) ;
#2124 = ORIENTED_EDGE ( 'NONE', *, *, #1143, .F. ) ;
#2125 = EDGE_LOOP ( 'NONE', ( #2591, #2159, #1849, #1313 ) ) ;
#2126 = CARTESIAN_POINT ( 'NONE',  ( 0.5000000000000004441, 0.1999999999999999833, -0.8750000000000000000 ) ) ;
#2127 = CARTESIAN_POINT ( 'NONE',  ( 0.5000000000000004441, 0.000000000000000000, -0.1250000000000001110 ) ) ;
#2128 = PLANE ( 'NONE',  #678 ) ;
#2129 = VERTEX_POINT ( 'NONE', #407 ) ;
#2130 = EDGE_CURVE ( 'NONE', #122, #1045, #2644, .T. ) ;
#2131 = MANIFOLD_SOLID_BREP ( 'Mirror2', #1739 ) ;
#2132 = CARTESIAN_POINT ( 'NONE',  ( -0.5000000000000004441, 0.1999999999999999833, 0.1250000000000000000 ) ) ;
#2133 =( LENGTH_UNIT ( ) NAMED_UNIT ( * ) SI_UNIT ( .MILLI., .METRE. ) );
#2134 = ORIENTED_EDGE ( 'NONE', *, *, #406, .F. ) ;
#2135 = DIRECTION ( 'NONE',  ( 0.000000000000000000, 0.000000000000000000, 1.000000000000000000 ) ) ;
#2136 = LINE ( 'NONE', #2746, #2385 ) ;
#2137 = CARTESIAN_POINT ( 'NONE',  ( -0.7500000000000002220, 0.6999999999999999556, -0.7499999999999995559 ) ) ;
#2138 = ORIENTED_EDGE ( 'NONE', *, *, #1247, .T. ) ;
#2139 = MANIFOLD_SOLID_BREP ( 'LPattern2[2]', #2004 ) ;
#2140 = ORIENTED_EDGE ( 'NONE', *, *, #2563, .T. ) ;
#2141 = EDGE_CURVE ( 'NONE', #495, #1107, #1229, .T. ) ;
#2142 = LINE ( 'NONE', #1930, #1912 ) ;
#2143 = DIRECTION ( 'NONE',  ( 1.000000000000000000, 0.000000000000000000, -2.168404344971008621E-16 ) ) ;
#2144 = ORIENTED_EDGE ( 'NONE', *, *, #1113, .T. ) ;
#2145 = EDGE_CURVE ( 'NONE', #835, #1959, #2334, .T. ) ;
#2146 = LINE ( 'NONE', #1558, #2326 ) ;
#2147 = VERTEX_POINT ( 'NONE', #2743 ) ;
#2148 = DIRECTION ( 'NONE',  ( 1.000000000000000000, 0.000000000000000000, -2.168404344971008868E-16 ) ) ;
#2149 = EDGE_CURVE ( 'NONE', #759, #495, #1212, .T. ) ;
#2150 = DIRECTION ( 'NONE',  ( -1.000000000000000000, 0.000000000000000000, 4.336808689942017243E-16 ) ) ;
#2151 = LINE ( 'NONE', #845, #2428 ) ;
#2152 = CARTESIAN_POINT ( 'NONE',  ( -0.7500000000000002220, 0.6999999999999999556, -0.6499999999999994671 ) ) ;
#2153 = VECTOR ( 'NONE', #1994, 1000.000000000000000 ) ;
#2154 = DIRECTION ( 'NONE',  ( -0.000000000000000000, -1.000000000000000000, -0.000000000000000000 ) ) ;
#2155 = ORIENTED_EDGE ( 'NONE', *, *, #2304, .T. ) ;
#2156 = VERTEX_POINT ( 'NONE', #1680 ) ;
#2157 = DIRECTION ( 'NONE',  ( 0.000000000000000000, 0.000000000000000000, 1.000000000000000000 ) ) ;
#2158 = CARTESIAN_POINT ( 'NONE',  ( -0.5000000000000004441, 0.2000000000000000111, -0.8750000000000000000 ) ) ;
#2159 = ORIENTED_EDGE ( 'NONE', *, *, #984, .T. ) ;
#2160 = FACE_OUTER_BOUND ( 'NONE', #1711, .T. ) ;
#2161 = VERTEX_POINT ( 'NONE', #2320 ) ;
#2162 = ADVANCED_FACE ( 'NONE', ( #374 ), #1260, .F. ) ;
#2163 = VECTOR ( 'NONE', #2352, 1000.000000000000000 ) ;
#2164 = LINE ( 'NONE', #211, #108 ) ;
#2165 = FILL_AREA_STYLE_COLOUR ( '', #149 ) ;
#2166 = ADVANCED_FACE ( 'NONE', ( #2581 ), #600, .T. ) ;
#2167 = LINE ( 'NONE', #1268, #2787 ) ;
#2168 = DIRECTION ( 'NONE',  ( 0.000000000000000000, 0.000000000000000000, -1.000000000000000000 ) ) ;
#2169 = ORIENTED_EDGE ( 'NONE', *, *, #12, .T. ) ;
#2170 = ORIENTED_EDGE ( 'NONE', *, *, #1364, .T. ) ;
#2171 = VECTOR ( 'NONE', #794, 1000.000000000000000 ) ;
#2172 = CARTESIAN_POINT ( 'NONE',  ( 1.000000000000000444, 0.1999999999999999833, 0.6250000000000001110 ) ) ;
#2173 = CARTESIAN_POINT ( 'NONE',  ( -1.000000000000000444, 0.05000000000000000278, 0.1250000000000001110 ) ) ;
#2174 = ORIENTED_EDGE ( 'NONE', *, *, #1720, .F. ) ;
#2175 = DIRECTION ( 'NONE',  ( 1.000000000000000000, 0.000000000000000000, -0.000000000000000000 ) ) ;
#2176 = ORIENTED_EDGE ( 'NONE', *, *, #453, .F. ) ;
#2177 = ADVANCED_FACE ( 'NONE', ( #392 ), #633, .T. ) ;
#2178 =( LENGTH_UNIT ( ) NAMED_UNIT ( * ) SI_UNIT ( .MILLI., .METRE. ) );
#2179 = LINE ( 'NONE', #1508, #1435 ) ;
#2180 = EDGE_CURVE ( 'NONE', #899, #1821, #2630, .T. ) ;
#2181 = VERTEX_POINT ( 'NONE', #1502 ) ;
#2182 = VERTEX_POINT ( 'NONE', #2189 ) ;
#2183 = PLANE ( 'NONE',  #2048 ) ;
#2184 = CARTESIAN_POINT ( 'NONE',  ( -1.355252715606880296E-16, 0.05000000000000000278, 0.6249999999999998890 ) ) ;
#2185 = ORIENTED_EDGE ( 'NONE', *, *, #2218, .F. ) ;
#2186 = VECTOR ( 'NONE', #1999, 1000.000000000000000 ) ;
#2187 = VECTOR ( 'NONE', #1255, 1000.000000000000000 ) ;
#2188 = VECTOR ( 'NONE', #2600, 1000.000000000000000 ) ;
#2189 = CARTESIAN_POINT ( 'NONE',  ( 0.5000000000000004441, 0.2000000000000000111, 0.1250000000000000000 ) ) ;
#2190 = DIRECTION ( 'NONE',  ( 0.000000000000000000, 0.000000000000000000, 1.000000000000000000 ) ) ;
#2191 = EDGE_LOOP ( 'NONE', ( #1542, #917, #2170, #1366 ) ) ;
#2192 = DIRECTION ( 'NONE',  ( -1.000000000000000000, 0.000000000000000000, 4.336808689942017243E-16 ) ) ;
#2193 = CARTESIAN_POINT ( 'NONE',  ( 0.1874999999999971134, 0.05000000000000000278, -0.1874999999999950873 ) ) ;
#2194 = EDGE_CURVE ( 'NONE', #1577, #642, #2146, .T. ) ;
#2195 = VERTEX_POINT ( 'NONE', #2411 ) ;
#2196 = MANIFOLD_SOLID_BREP ( 'LPattern2[4]', #132 ) ;
#2197 = EDGE_LOOP ( 'NONE', ( #1252, #333, #2550, #2007 ) ) ;
#2198 = EDGE_CURVE ( 'NONE', #2625, #2556, #1779, .T. ) ;
#2199 = ADVANCED_FACE ( 'NONE', ( #923 ), #1961, .F. ) ;
#2200 = VECTOR ( 'NONE', #2553, 1000.000000000000000 ) ;
#2201 = AXIS2_PLACEMENT_3D ( 'NONE', #804, #353, #384 ) ;
#2202 = CARTESIAN_POINT ( 'NONE',  ( 0.9999999999999997780, 4.428427124746190380, 1.000000000000000444 ) ) ;
#2203 = CARTESIAN_POINT ( 'NONE',  ( -1.000000000000000444, 0.7590169943749474069, -0.3749999999999998890 ) ) ;
#2204 = VERTEX_POINT ( 'NONE', #665 ) ;
#2205 = MECHANICAL_DESIGN_GEOMETRIC_PRESENTATION_REPRESENTATION (  '', ( #667 ), #300 ) ;
#2206 = CARTESIAN_POINT ( 'NONE',  ( -0.5000000000000004441, 0.000000000000000000, 0.3749999999999998890 ) ) ;
#2207 = EDGE_CURVE ( 'NONE', #1240, #2288, #2619, .T. ) ;
#2208 = CARTESIAN_POINT ( 'NONE',  ( -0.5000000000000004441, 0.1999999999999999833, -0.3750000000000000000 ) ) ;
#2209 = DIRECTION ( 'NONE',  ( 0.000000000000000000, 0.000000000000000000, 1.000000000000000000 ) ) ;
#2210 = VERTEX_POINT ( 'NONE', #256 ) ;
#2211 =( GEOMETRIC_REPRESENTATION_CONTEXT ( 3 ) GLOBAL_UNCERTAINTY_ASSIGNED_CONTEXT ( ( #2228 ) ) GLOBAL_UNIT_ASSIGNED_CONTEXT ( ( #2291, #412, #116 ) ) REPRESENTATION_CONTEXT ( 'NONE', 'WORKASPACE' ) );
#2212 = DIRECTION ( 'NONE',  ( 0.000000000000000000, 0.000000000000000000, 1.000000000000000000 ) ) ;
#2213 = VECTOR ( 'NONE', #997, 1000.000000000000000 ) ;
#2214 = DIRECTION ( 'NONE',  ( 0.000000000000000000, -0.000000000000000000, -1.000000000000000000 ) ) ;
#2215 = AXIS2_PLACEMENT_3D ( 'NONE', #2032, #2457, #292 ) ;
#2216 = ORIENTED_EDGE ( 'NONE', *, *, #233, .F. ) ;
#2217 = EDGE_LOOP ( 'NONE', ( #1041, #874, #2124, #2042 ) ) ;
#2218 = EDGE_CURVE ( 'NONE', #759, #1548, #868, .T. ) ;
#2219 = LINE ( 'NONE', #2670, #1340 ) ;
#2220 = DIRECTION ( 'NONE',  ( 1.000000000000000000, -0.000000000000000000, -4.336808689942017736E-16 ) ) ;
#2221 = EDGE_LOOP ( 'NONE', ( #1029, #2091, #705, #517 ) ) ;
#2222 = DIRECTION ( 'NONE',  ( 0.000000000000000000, -0.000000000000000000, -1.000000000000000000 ) ) ;
#2223 = ADVANCED_FACE ( 'NONE', ( #2160 ), #1293, .F. ) ;
#2224 = DIRECTION ( 'NONE',  ( -1.000000000000000000, 0.000000000000000000, 4.336808689942017736E-16 ) ) ;
#2225 = CARTESIAN_POINT ( 'NONE',  ( 1.000000000000000444, 0.2000000000000000111, 0.1250000000000001110 ) ) ;
#2226 = ORIENTED_EDGE ( 'NONE', *, *, #1566, .T. ) ;
#2227 = CARTESIAN_POINT ( 'NONE',  ( 1.000000000000000444, 0.2000000000000000111, 0.8750000000000001110 ) ) ;
#2228 = UNCERTAINTY_MEASURE_WITH_UNIT (LENGTH_MEASURE( 1.000000000000000082E-05 ), #2291, 'distance_accuracy_value', 'NONE');
#2229 = ORIENTED_EDGE ( 'NONE', *, *, #2396, .T. ) ;
#2230 = VERTEX_POINT ( 'NONE', #2382 ) ;
#2231 = CARTESIAN_POINT ( 'NONE',  ( -1.000000000000000444, 0.2000000000000000111, -0.8749999999999998890 ) ) ;
#2232 = DIRECTION ( 'NONE',  ( -0.000000000000000000, 0.000000000000000000, -1.000000000000000000 ) ) ;
#2233 = DIRECTION ( 'NONE',  ( 0.000000000000000000, -1.000000000000000000, 0.000000000000000000 ) ) ;
#2234 = ORIENTED_EDGE ( 'NONE', *, *, #1087, .F. ) ;
#2235 = EDGE_CURVE ( 'NONE', #1121, #1975, #239, .T. ) ;
#2236 = CARTESIAN_POINT ( 'NONE',  ( 0.5000000000000004441, 0.000000000000000000, 0.8749999999999998890 ) ) ;
#2237 = FACE_OUTER_BOUND ( 'NONE', #82, .T. ) ;
#2238 = DIRECTION ( 'NONE',  ( -1.000000000000000000, 0.000000000000000000, 2.168404344971008868E-16 ) ) ;
#2239 = VERTEX_POINT ( 'NONE', #1766 ) ;
#2240 = EDGE_CURVE ( 'NONE', #2161, #1639, #209, .T. ) ;
#2241 = VECTOR ( 'NONE', #1430, 1000.000000000000000 ) ;
#2242 = LINE ( 'NONE', #469, #2489 ) ;
#2243 = PLANE ( 'NONE',  #1478 ) ;
#2244 = LINE ( 'NONE', #1217, #397 ) ;
#2245 = PRESENTATION_LAYER_ASSIGNMENT (  '', '', ( #657 ) ) ;
#2246 = VERTEX_POINT ( 'NONE', #1737 ) ;
#2247 = CARTESIAN_POINT ( 'NONE',  ( -1.000000000000000444, 0.05000000000000000278, 1.000000000000000444 ) ) ;
#2248 = CARTESIAN_POINT ( 'NONE',  ( -1.000000000000000444, 0.2000000000000000111, 0.1250000000000001110 ) ) ;
#2249 = CARTESIAN_POINT ( 'NONE',  ( 0.5000000000000004441, 0.04999999999999999584, -0.1250000000000001110 ) ) ;
#2250 = EDGE_LOOP ( 'NONE', ( #2704, #747, #2491, #2655 ) ) ;
#2251 = AXIS2_PLACEMENT_3D ( 'NONE', #653, #2586, #1523 ) ;
#2252 = VECTOR ( 'NONE', #2294, 1000.000000000000000 ) ;
#2253 = FACE_OUTER_BOUND ( 'NONE', #944, .T. ) ;
#2254 = LINE ( 'NONE', #1857, #768 ) ;
#2255 = ORIENTED_EDGE ( 'NONE', *, *, #647, .T. ) ;
#2256 = ADVANCED_FACE ( 'NONE', ( #2604 ), #451, .F. ) ;
#2257 = DIRECTION ( 'NONE',  ( -1.000000000000000000, 0.000000000000000000, 0.000000000000000000 ) ) ;
#2258 = PLANE ( 'NONE',  #213 ) ;
#2259 = ORIENTED_EDGE ( 'NONE', *, *, #406, .T. ) ;
#2260 = CARTESIAN_POINT ( 'NONE',  ( 0.5000000000000004441, 0.000000000000000000, -0.8750000000000000000 ) ) ;
#2261 = VECTOR ( 'NONE', #2431, 1000.000000000000000 ) ;
#2262 = CARTESIAN_POINT ( 'NONE',  ( -0.5000000000000004441, 0.2000000000000000111, 0.8749999999999998890 ) ) ;
#2263 = VERTEX_POINT ( 'NONE', #1753 ) ;
#2264 = CARTESIAN_POINT ( 'NONE',  ( -1.000000000000000444, 0.7590169943749474069, 0.3750000000000001110 ) ) ;
#2265 = DIRECTION ( 'NONE',  ( 0.000000000000000000, -1.000000000000000000, 0.000000000000000000 ) ) ;
#2266 = ORIENTED_EDGE ( 'NONE', *, *, #826, .F. ) ;
#2267 = CARTESIAN_POINT ( 'NONE',  ( -1.000000000000000444, 0.2000000000000000111, -0.3749999999999998890 ) ) ;
#2268 = ADVANCED_FACE ( 'NONE', ( #1547 ), #1811, .F. ) ;
#2269 = ORIENTED_EDGE ( 'NONE', *, *, #382, .F. ) ;
#2270 = CARTESIAN_POINT ( 'NONE',  ( 0.5000000000000004441, 0.2000000000000000111, -0.3750000000000000000 ) ) ;
#2271 = DIRECTION ( 'NONE',  ( 0.000000000000000000, 1.000000000000000000, 0.000000000000000000 ) ) ;
#2272 = ORIENTED_EDGE ( 'NONE', *, *, #1747, .F. ) ;
#2273 = DIRECTION ( 'NONE',  ( -0.000000000000000000, 1.000000000000000000, -0.000000000000000000 ) ) ;
#2274 = DIRECTION ( 'NONE',  ( 0.000000000000000000, 1.000000000000000000, 0.000000000000000000 ) ) ;
#2275 = ORIENTED_EDGE ( 'NONE', *, *, #1055, .F. ) ;
#2276 = DIRECTION ( 'NONE',  ( 2.168404344971008868E-16, 0.000000000000000000, 1.000000000000000000 ) ) ;
#2277 = FACE_OUTER_BOUND ( 'NONE', #2217, .T. ) ;
#2278 = STYLED_ITEM ( 'NONE', ( #1351 ), #2196 ) ;
#2279 = LINE ( 'NONE', #650, #2611 ) ;
#2280 = VECTOR ( 'NONE', #581, 1000.000000000000000 ) ;
#2281 = STYLED_ITEM ( 'NONE', ( #1507 ), #134 ) ;
#2282 = ORIENTED_EDGE ( 'NONE', *, *, #1327, .F. ) ;
#2283 = ORIENTED_EDGE ( 'NONE', *, *, #2622, .F. ) ;
#2284 = CARTESIAN_POINT ( 'NONE',  ( 0.5000000000000004441, 0.04999999999999999584, 0.1250000000000000000 ) ) ;
#2285 = CARTESIAN_POINT ( 'NONE',  ( -0.5000000000000004441, 0.2000000000000000111, 0.6250000000000000000 ) ) ;
#2286 = EDGE_CURVE ( 'NONE', #210, #2018, #303, .T. ) ;
#2287 = DIRECTION ( 'NONE',  ( 1.000000000000000000, 0.000000000000000000, 4.336808689942017243E-16 ) ) ;
#2288 = VERTEX_POINT ( 'NONE', #938 ) ;
#2289 = EDGE_CURVE ( 'NONE', #1107, #1409, #1832, .T. ) ;
#2290 = VECTOR ( 'NONE', #351, 1000.000000000000000 ) ;
#2291 =( LENGTH_UNIT ( ) NAMED_UNIT ( * ) SI_UNIT ( .MILLI., .METRE. ) );
#2292 = VERTEX_POINT ( 'NONE', #707 ) ;
#2293 = LINE ( 'NONE', #1894, #1450 ) ;
#2294 = DIRECTION ( 'NONE',  ( -0.000000000000000000, -1.000000000000000000, -0.000000000000000000 ) ) ;
#2295 = DIRECTION ( 'NONE',  ( -0.000000000000000000, -0.000000000000000000, -1.000000000000000000 ) ) ;
#2296 = PRODUCT_CONTEXT ( 'NONE', #1840, 'mechanical' ) ;
#2297 = ORIENTED_EDGE ( 'NONE', *, *, #782, .F. ) ;
#2298 = AXIS2_PLACEMENT_3D ( 'NONE', #1420, #2276, #825 ) ;
#2299 = FACE_OUTER_BOUND ( 'NONE', #2421, .T. ) ;
#2300 = CARTESIAN_POINT ( 'NONE',  ( 0.000000000000000000, 0.2000000000000000111, -1.000000000000000000 ) ) ;
#2301 = DIRECTION ( 'NONE',  ( -1.000000000000000000, 0.000000000000000000, 0.000000000000000000 ) ) ;
#2302 = LINE ( 'NONE', #356, #2213 ) ;
#2303 = ORIENTED_EDGE ( 'NONE', *, *, #81, .T. ) ;
#2304 = EDGE_CURVE ( 'NONE', #2564, #1831, #1369, .T. ) ;
#2305 = EDGE_CURVE ( 'NONE', #2110, #67, #1181, .T. ) ;
#2306 = PRESENTATION_STYLE_ASSIGNMENT (( #2521 ) ) ;
#2307 = ORIENTED_EDGE ( 'NONE', *, *, #1562, .F. ) ;
#2308 = CARTESIAN_POINT ( 'NONE',  ( -0.5000000000000004441, 0.7590169943749474069, -0.3750000000000000000 ) ) ;
#2309 = VECTOR ( 'NONE', #777, 1000.000000000000000 ) ;
#2310 = EDGE_CURVE ( 'NONE', #2230, #1802, #2056, .T. ) ;
#2311 = PLANE ( 'NONE',  #1477 ) ;
#2312 = CARTESIAN_POINT ( 'NONE',  ( 1.000000000000000444, 0.2000000000000000111, 0.6250000000000001110 ) ) ;
#2313 = ORIENTED_EDGE ( 'NONE', *, *, #2804, .F. ) ;
#2314 = CARTESIAN_POINT ( 'NONE',  ( 2.710505431213758620E-17, 0.05000000000000000278, 0.1249999999999998890 ) ) ;
#2315 = FACE_OUTER_BOUND ( 'NONE', #2197, .T. ) ;
#2316 = LINE ( 'NONE', #1273, #2426 ) ;
#2317 = PLANE ( 'NONE',  #106 ) ;
#2318 = ORIENTED_EDGE ( 'NONE', *, *, #1784, .F. ) ;
#2319 = ADVANCED_FACE ( 'NONE', ( #2044 ), #981, .F. ) ;
#2320 = CARTESIAN_POINT ( 'NONE',  ( 1.000000000000000444, 0.2000000000000000111, -0.6249999999999998890 ) ) ;
#2321 = EDGE_LOOP ( 'NONE', ( #1893, #506, #269, #646 ) ) ;
#2322 = EDGE_CURVE ( 'NONE', #1781, #1169, #2771, .T. ) ;
#2323 = EDGE_CURVE ( 'NONE', #867, #931, #1154, .T. ) ;
#2324 = DIRECTION ( 'NONE',  ( 0.000000000000000000, 0.000000000000000000, -1.000000000000000000 ) ) ;
#2325 = DIRECTION ( 'NONE',  ( -1.000000000000000000, 0.000000000000000000, -2.168404344971008868E-16 ) ) ;
#2326 = VECTOR ( 'NONE', #2365, 1000.000000000000000 ) ;
#2327 = AXIS2_PLACEMENT_3D ( 'NONE', #919, #2271, #314 ) ;
#2328 = EDGE_LOOP ( 'NONE', ( #114, #2318, #418, #1270 ) ) ;
#2329 = CARTESIAN_POINT ( 'NONE',  ( -1.000000000000000444, 0.2000000000000000111, 0.6250000000000001110 ) ) ;
#2330 = CARTESIAN_POINT ( 'NONE',  ( -1.000000000000000444, 0.8000000000000008216, 1.000000000000000444 ) ) ;
#2331 = CARTESIAN_POINT ( 'NONE',  ( 0.000000000000000000, 0.000000000000000000, -0.5000000000000000000 ) ) ;
#2332 = VERTEX_POINT ( 'NONE', #60 ) ;
#2333 = CARTESIAN_POINT ( 'NONE',  ( -0.5000000000000004441, 0.1999999999999999833, -0.8750000000000000000 ) ) ;
#2334 = LINE ( 'NONE', #346, #2706 ) ;
#2335 = ORIENTED_EDGE ( 'NONE', *, *, #2816, .T. ) ;
#2336 = DIRECTION ( 'NONE',  ( 1.000000000000000000, 0.000000000000000000, -0.000000000000000000 ) ) ;
#2337 = VECTOR ( 'NONE', #1272, 1000.000000000000000 ) ;
#2338 = LINE ( 'NONE', #858, #1356 ) ;
#2339 = VECTOR ( 'NONE', #1155, 1000.000000000000000 ) ;
#2340 = DIRECTION ( 'NONE',  ( 0.7071067811865436870, -0.000000000000000000, 0.7071067811865513475 ) ) ;
#2341 = PLANE ( 'NONE',  #852 ) ;
#2342 = ADVANCED_FACE ( 'NONE', ( #761 ), #272, .F. ) ;
#2343 = ADVANCED_FACE ( 'NONE', ( #2237 ), #1612, .T. ) ;
#2344 = ORIENTED_EDGE ( 'NONE', *, *, #2683, .T. ) ;
#2345 = VECTOR ( 'NONE', #2150, 1000.000000000000000 ) ;
#2346 = EDGE_LOOP ( 'NONE', ( #793, #1446, #2463, #2259 ) ) ;
#2347 = DIRECTION ( 'NONE',  ( -0.000000000000000000, -1.000000000000000000, -0.000000000000000000 ) ) ;
#2348 = FACE_OUTER_BOUND ( 'NONE', #1312, .T. ) ;
#2349 = DIRECTION ( 'NONE',  ( -0.7071067811865437980, 0.000000000000000000, -0.7071067811865513475 ) ) ;
#2350 = ORIENTED_EDGE ( 'NONE', *, *, #1988, .T. ) ;
#2351 = CIRCLE ( 'NONE', #2748, 0.1000000000000001582 ) ;
#2352 = DIRECTION ( 'NONE',  ( 1.000000000000000000, 0.000000000000000000, -2.168404344971008621E-16 ) ) ;
#2353 = AXIS2_PLACEMENT_3D ( 'NONE', #1418, #2274, #973 ) ;
#2354 = PRESENTATION_STYLE_ASSIGNMENT (( #792 ) ) ;
#2355 = ORIENTED_EDGE ( 'NONE', *, *, #1615, .T. ) ;
#2356 = CARTESIAN_POINT ( 'NONE',  ( -0.5000000000000004441, 0.7590169943749474069, -0.1250000000000001110 ) ) ;
#2357 = DIRECTION ( 'NONE',  ( 0.000000000000000000, 0.000000000000000000, -1.000000000000000000 ) ) ;
#2358 = EDGE_CURVE ( 'NONE', #2686, #998, #2684, .T. ) ;
#2359 = CARTESIAN_POINT ( 'NONE',  ( -0.5000000000000004441, 0.2000000000000000111, 0.3749999999999998890 ) ) ;
#2360 = ORIENTED_EDGE ( 'NONE', *, *, #2198, .T. ) ;
#2361 = EDGE_CURVE ( 'NONE', #2517, #2686, #288, .T. ) ;
#2362 = CARTESIAN_POINT ( 'NONE',  ( -2.710505431213758620E-17, 0.05000000000000000278, 0.1249999999999998890 ) ) ;
#2363 = DIRECTION ( 'NONE',  ( 0.000000000000000000, 0.000000000000000000, 1.000000000000000000 ) ) ;
#2364 = EDGE_LOOP ( 'NONE', ( #2593, #3, #2272, #886 ) ) ;
#2365 = DIRECTION ( 'NONE',  ( 0.000000000000000000, 0.000000000000000000, -1.000000000000000000 ) ) ;
#2366 = VERTEX_POINT ( 'NONE', #494 ) ;
#2367 = CARTESIAN_POINT ( 'NONE',  ( 1.000000000000000444, 0.000000000000000000, 0.6250000000000001110 ) ) ;
#2368 = LINE ( 'NONE', #426, #1879 ) ;
#2369 = DIRECTION ( 'NONE',  ( -4.336808689942017736E-16, 0.000000000000000000, -1.000000000000000000 ) ) ;
#2370 = CARTESIAN_POINT ( 'NONE',  ( -1.000000000000000444, 0.05000000000000000278, 1.000000000000000444 ) ) ;
#2371 = DIRECTION ( 'NONE',  ( -0.000000000000000000, -1.000000000000000000, -0.000000000000000000 ) ) ;
#2372 = ORIENTED_EDGE ( 'NONE', *, *, #816, .F. ) ;
#2373 = EDGE_LOOP ( 'NONE', ( #1889, #1559, #1058, #939 ) ) ;
#2374 = VECTOR ( 'NONE', #675, 1000.000000000000000 ) ;
#2375 = CARTESIAN_POINT ( 'NONE',  ( -0.5000000000000004441, 0.000000000000000000, -0.1250000000000001110 ) ) ;
#2376 = DIRECTION ( 'NONE',  ( 0.000000000000000000, -0.000000000000000000, 1.000000000000000000 ) ) ;
#2377 = ORIENTED_EDGE ( 'NONE', *, *, #1519, .T. ) ;
#2378 = AXIS2_PLACEMENT_3D ( 'NONE', #2474, #530, #964 ) ;
#2379 = VECTOR ( 'NONE', #320, 1000.000000000000000 ) ;
#2380 = EDGE_CURVE ( 'NONE', #1037, #2449, #1194, .T. ) ;
#2381 = EDGE_CURVE ( 'NONE', #1986, #737, #97, .T. ) ;
#2382 = CARTESIAN_POINT ( 'NONE',  ( 0.9999999999999997780, 0.1999999999999996503, -0.3750000000000001110 ) ) ;
#2383 = ORIENTED_EDGE ( 'NONE', *, *, #2024, .F. ) ;
#2384 = LINE ( 'NONE', #895, #1368 ) ;
#2385 = VECTOR ( 'NONE', #2758, 1000.000000000000000 ) ;
#2386 = FILL_AREA_STYLE ('',( #2417 ) ) ;
#2387 = AXIS2_PLACEMENT_3D ( 'NONE', #107, #991, #781 ) ;
#2388 = PLANE ( 'NONE',  #2742 ) ;
#2389 = VECTOR ( 'NONE', #962, 1000.000000000000000 ) ;
#2390 = DIRECTION ( 'NONE',  ( 0.000000000000000000, 1.000000000000000000, 0.000000000000000000 ) ) ;
#2391 = ORIENTED_EDGE ( 'NONE', *, *, #625, .F. ) ;
#2392 = EDGE_LOOP ( 'NONE', ( #247, #1457, #1261, #1997 ) ) ;
#2393 = DIRECTION ( 'NONE',  ( 0.000000000000000000, 0.000000000000000000, 1.000000000000000000 ) ) ;
#2394 = DIRECTION ( 'NONE',  ( 1.000000000000000000, 0.000000000000000000, -2.168404344971008621E-16 ) ) ;
#2395 = ORIENTED_EDGE ( 'NONE', *, *, #1305, .T. ) ;
#2396 = EDGE_CURVE ( 'NONE', #1802, #1409, #521, .T. ) ;
#2397 = CARTESIAN_POINT ( 'NONE',  ( 0.5000000000000004441, 0.2000000000000000111, -0.6250000000000001110 ) ) ;
#2398 = ORIENTED_EDGE ( 'NONE', *, *, #1967, .T. ) ;
#2399 = EDGE_CURVE ( 'NONE', #772, #2632, #1407, .T. ) ;
#2400 = DIRECTION ( 'NONE',  ( -1.000000000000000000, 0.000000000000000000, -2.168404344971008621E-16 ) ) ;
#2401 = CARTESIAN_POINT ( 'NONE',  ( -1.000000000000000444, 0.000000000000000000, -0.3749999999999998890 ) ) ;
#2402 = CARTESIAN_POINT ( 'NONE',  ( 1.000000000000000444, 0.04999999999999969746, -0.1249999999999998890 ) ) ;
#2403 = LINE ( 'NONE', #623, #711 ) ;
#2404 = CARTESIAN_POINT ( 'NONE',  ( 1.000000000000000444, 0.000000000000000000, -0.3749999999999998890 ) ) ;
#2405 = ORIENTED_EDGE ( 'NONE', *, *, #1267, .F. ) ;
#2406 = ORIENTED_EDGE ( 'NONE', *, *, #2286, .T. ) ;
#2407 = AXIS2_PLACEMENT_3D ( 'NONE', #119, #1000, #2086 ) ;
#2408 = LINE ( 'NONE', #659, #1604 ) ;
#2409 = CARTESIAN_POINT ( 'NONE',  ( -0.5000000000000004441, 0.000000000000000000, 0.6250000000000000000 ) ) ;
#2410 = ORIENTED_EDGE ( 'NONE', *, *, #907, .F. ) ;
#2411 = CARTESIAN_POINT ( 'NONE',  ( -1.000000000000000444, 0.000000000000000000, 0.1250000000000001110 ) ) ;
#2412 = LINE ( 'NONE', #951, #757 ) ;
#2413 = VERTEX_POINT ( 'NONE', #1380 ) ;
#2414 = ADVANCED_FACE ( 'NONE', ( #2253 ), #2532, .F. ) ;
#2415 = EDGE_CURVE ( 'NONE', #2536, #2332, #342, .T. ) ;
#2416 = LINE ( 'NONE', #2227, #2261 ) ;
#2417 = FILL_AREA_STYLE_COLOUR ( '', #1574 ) ;
#2418 = LINE ( 'NONE', #2152, #1114 ) ;
#2419 = ORIENTED_EDGE ( 'NONE', *, *, #2399, .F. ) ;
#2420 = ADVANCED_FACE ( 'NONE', ( #2348 ), #1636, .T. ) ;
#2421 = EDGE_LOOP ( 'NONE', ( #1208, #2540, #2526, #1535 ) ) ;
#2422 = FACE_OUTER_BOUND ( 'NONE', #1834, .T. ) ;
#2423 = LINE ( 'NONE', #2671, #1584 ) ;
#2424 = VERTEX_POINT ( 'NONE', #2068 ) ;
#2425 = LINE ( 'NONE', #481, #458 ) ;
#2426 = VECTOR ( 'NONE', #1887, 1000.000000000000000 ) ;
#2427 = AXIS2_PLACEMENT_3D ( 'NONE', #2300, #444, #1660 ) ;
#2428 = VECTOR ( 'NONE', #1297, 1000.000000000000000 ) ;
#2429 = CARTESIAN_POINT ( 'NONE',  ( -1.000000000000000444, 0.2000000000000000111, 0.1250000000000001110 ) ) ;
#2430 = ORIENTED_EDGE ( 'NONE', *, *, #809, .T. ) ;
#2431 = DIRECTION ( 'NONE',  ( 0.000000000000000000, -1.000000000000000000, 0.000000000000000000 ) ) ;
#2432 =( NAMED_UNIT ( * ) PLANE_ANGLE_UNIT ( ) SI_UNIT ( $, .RADIAN. ) );
#2433 = EDGE_CURVE ( 'NONE', #1006, #2204, #2751, .T. ) ;
#2434 = ORIENTED_EDGE ( 'NONE', *, *, #379, .T. ) ;
#2435 = ORIENTED_EDGE ( 'NONE', *, *, #1956, .F. ) ;
#2436 = VECTOR ( 'NONE', #1551, 1000.000000000000000 ) ;
#2437 = LINE ( 'NONE', #1404, #2153 ) ;
#2438 = EDGE_CURVE ( 'NONE', #931, #403, #2316, .T. ) ;
#2439 = CARTESIAN_POINT ( 'NONE',  ( -0.7500000000000002220, 0.8000000000000000444, -0.8499999999999997558 ) ) ;
#2440 = CARTESIAN_POINT ( 'NONE',  ( -0.5000000000000004441, 0.04999999999999999584, -0.8750000000000000000 ) ) ;
#2441 = VERTEX_POINT ( 'NONE', #833 ) ;
#2442 = DIRECTION ( 'NONE',  ( -1.000000000000000000, -0.000000000000000000, 0.000000000000000000 ) ) ;
#2443 = CARTESIAN_POINT ( 'NONE',  ( 0.5000000000000004441, 0.7590169943749474069, -0.8750000000000000000 ) ) ;
#2444 = ORIENTED_EDGE ( 'NONE', *, *, #1674, .F. ) ;
#2445 = DIRECTION ( 'NONE',  ( 0.7071067811865436870, -0.000000000000000000, 0.7071067811865513475 ) ) ;
#2446 = SURFACE_SIDE_STYLE ('',( #1144 ) ) ;
#2447 = AXIS2_PLACEMENT_3D ( 'NONE', #14, #2233, #284 ) ;
#2448 = FILL_AREA_STYLE_COLOUR ( '', #1746 ) ;
#2449 = VERTEX_POINT ( 'NONE', #2721 ) ;
#2450 = VERTEX_POINT ( 'NONE', #2708 ) ;
#2451 = DIRECTION ( 'NONE',  ( 0.000000000000000000, 1.000000000000000000, 0.000000000000000000 ) ) ;
#2452 = EDGE_CURVE ( 'NONE', #2109, #1037, #2080, .T. ) ;
#2453 = LINE ( 'NONE', #2825, #404 ) ;
#2454 = EDGE_LOOP ( 'NONE', ( #2456, #863, #53, #2614 ) ) ;
#2455 = DIRECTION ( 'NONE',  ( 0.000000000000000000, 0.000000000000000000, -1.000000000000000000 ) ) ;
#2456 = ORIENTED_EDGE ( 'NONE', *, *, #928, .T. ) ;
#2457 = DIRECTION ( 'NONE',  ( 1.000000000000000000, 0.000000000000000000, -0.000000000000000000 ) ) ;
#2458 = DIRECTION ( 'NONE',  ( -0.000000000000000000, -1.000000000000000000, -0.000000000000000000 ) ) ;
#2459 =( NAMED_UNIT ( * ) PLANE_ANGLE_UNIT ( ) SI_UNIT ( $, .RADIAN. ) );
#2460 = UNCERTAINTY_MEASURE_WITH_UNIT (LENGTH_MEASURE( 1.000000000000000082E-05 ), #2496, 'distance_accuracy_value', 'NONE');
#2461 = DIRECTION ( 'NONE',  ( -1.000000000000000000, 0.000000000000000000, -4.336808689942017736E-16 ) ) ;
#2462 = ORIENTED_EDGE ( 'NONE', *, *, #1674, .T. ) ;
#2463 = ORIENTED_EDGE ( 'NONE', *, *, #779, .T. ) ;
#2464 = LINE ( 'NONE', #38, #1069 ) ;
#2465 = DIRECTION ( 'NONE',  ( 0.000000000000000000, 0.000000000000000000, 1.000000000000000000 ) ) ;
#2466 = ORIENTED_EDGE ( 'NONE', *, *, #1784, .T. ) ;
#2467 = DIRECTION ( 'NONE',  ( 0.000000000000000000, 0.000000000000000000, 1.000000000000000000 ) ) ;
#2468 = FACE_OUTER_BOUND ( 'NONE', #173, .T. ) ;
#2469 = ORIENTED_EDGE ( 'NONE', *, *, #233, .T. ) ;
#2470 = VECTOR ( 'NONE', #2033, 1000.000000000000000 ) ;
#2471 = EDGE_CURVE ( 'NONE', #1092, #634, #1238, .T. ) ;
#2472 = LINE ( 'NONE', #2652, #49 ) ;
#2473 = VECTOR ( 'NONE', #299, 1000.000000000000000 ) ;
#2474 = CARTESIAN_POINT ( 'NONE',  ( 0.5000000000000004441, 0.2000000000000000111, -0.3750000000000000000 ) ) ;
#2475 = DIRECTION ( 'NONE',  ( 0.000000000000000000, 0.000000000000000000, 1.000000000000000000 ) ) ;
#2476 = DIRECTION ( 'NONE',  ( 0.000000000000000000, 0.000000000000000000, 1.000000000000000000 ) ) ;
#2477 = VERTEX_POINT ( 'NONE', #1010 ) ;
#2478 = VECTOR ( 'NONE', #1336, 1000.000000000000000 ) ;
#2479 = MECHANICAL_DESIGN_GEOMETRIC_PRESENTATION_REPRESENTATION (  '', ( #755 ), #1163 ) ;
#2480 = CARTESIAN_POINT ( 'NONE',  ( -0.5000000000000004441, 0.7590169943749474069, 0.8749999999999998890 ) ) ;
#2481 = DIRECTION ( 'NONE',  ( -2.168404344971008621E-16, 0.000000000000000000, 1.000000000000000000 ) ) ;
#2482 = VERTEX_POINT ( 'NONE', #2515 ) ;
#2483 = ADVANCED_FACE ( 'NONE', ( #1206 ), #2096, .T. ) ;
#2484 = PRODUCT_RELATED_PRODUCT_CATEGORY ( 'part', '', ( #1228 ) ) ;
#2485 = DIRECTION ( 'NONE',  ( 0.000000000000000000, -1.000000000000000000, 0.000000000000000000 ) ) ;
#2486 = SURFACE_STYLE_USAGE ( .BOTH. , #104 ) ;
#2487 = CARTESIAN_POINT ( 'NONE',  ( -0.5000000000000004441, 0.1999999999999999833, 0.3749999999999998890 ) ) ;
#2488 = DIRECTION ( 'NONE',  ( -4.336808689942017243E-16, 0.000000000000000000, -1.000000000000000000 ) ) ;
#2489 = VECTOR ( 'NONE', #726, 1000.000000000000000 ) ;
#2490 = CARTESIAN_POINT ( 'NONE',  ( -0.7500000000000002220, 0.6999999999999999556, -0.6499999999999994671 ) ) ;
#2491 = ORIENTED_EDGE ( 'NONE', *, *, #2286, .F. ) ;
#2492 = CARTESIAN_POINT ( 'NONE',  ( 0.000000000000000000, 0.2000000000000000111, 0.000000000000000000 ) ) ;
#2493 = CARTESIAN_POINT ( 'NONE',  ( -0.5000000000000004441, 0.7590169943749474069, 0.1250000000000000000 ) ) ;
#2494 = ORIENTED_EDGE ( 'NONE', *, *, #1611, .F. ) ;
#2495 = FACE_OUTER_BOUND ( 'NONE', #2038, .T. ) ;
#2496 =( LENGTH_UNIT ( ) NAMED_UNIT ( * ) SI_UNIT ( .MILLI., .METRE. ) );
#2497 = ADVANCED_FACE ( 'NONE', ( #140 ), #1027, .F. ) ;
#2498 = ORIENTED_EDGE ( 'NONE', *, *, #731, .F. ) ;
#2499 = LINE ( 'NONE', #590, #1656 ) ;
#2500 = ORIENTED_EDGE ( 'NONE', *, *, #1005, .F. ) ;
#2501 = LINE ( 'NONE', #556, #183 ) ;
#2502 = DIRECTION ( 'NONE',  ( -1.000000000000000000, 0.000000000000000000, 0.000000000000000000 ) ) ;
#2503 = VERTEX_POINT ( 'NONE', #2127 ) ;
#2504 = ORIENTED_EDGE ( 'NONE', *, *, #2603, .T. ) ;
#2505 = DIRECTION ( 'NONE',  ( 1.000000000000000000, -0.000000000000000000, 0.000000000000000000 ) ) ;
#2506 = PRESENTATION_LAYER_ASSIGNMENT (  '', '', ( #2278 ) ) ;
#2507 = DIRECTION ( 'NONE',  ( 0.000000000000000000, -0.000000000000000000, 1.000000000000000000 ) ) ;
#2508 = MECHANICAL_DESIGN_GEOMETRIC_PRESENTATION_REPRESENTATION (  '', ( #2281 ), #1467 ) ;
#2509 = CARTESIAN_POINT ( 'NONE',  ( 0.5000000000000004441, 0.000000000000000000, 0.6250000000000000000 ) ) ;
#2510 = EDGE_CURVE ( 'NONE', #2628, #1489, #2544, .T. ) ;
#2511 = VERTEX_POINT ( 'NONE', #2330 ) ;
#2512 = EDGE_CURVE ( 'NONE', #1079, #479, #2501, .T. ) ;
#2513 = CARTESIAN_POINT ( 'NONE',  ( -0.5000000000000004441, 0.1999999999999999833, -0.6250000000000001110 ) ) ;
#2514 = DIRECTION ( 'NONE',  ( -1.000000000000000000, 0.000000000000000000, -2.168404344971008621E-16 ) ) ;
#2515 = CARTESIAN_POINT ( 'NONE',  ( 0.5000000000000004441, 0.1999999999999999833, 0.3749999999999998890 ) ) ;
#2516 = PLANE ( 'NONE',  #144 ) ;
#2517 = VERTEX_POINT ( 'NONE', #112 ) ;
#2518 = EDGE_CURVE ( 'NONE', #610, #2577, #996, .T. ) ;
#2519 = VECTOR ( 'NONE', #1022, 1000.000000000000000 ) ;
#2520 = FACE_OUTER_BOUND ( 'NONE', #2602, .T. ) ;
#2521 = SURFACE_STYLE_USAGE ( .BOTH. , #855 ) ;
#2522 = ORIENTED_EDGE ( 'NONE', *, *, #946, .T. ) ;
#2523 = FACE_OUTER_BOUND ( 'NONE', #1719, .T. ) ;
#2524 = DIRECTION ( 'NONE',  ( -0.000000000000000000, -1.000000000000000000, -0.000000000000000000 ) ) ;
#2525 = EDGE_CURVE ( 'NONE', #2628, #2085, #787, .T. ) ;
#2526 = ORIENTED_EDGE ( 'NONE', *, *, #118, .F. ) ;
#2527 = VERTEX_POINT ( 'NONE', #1225 ) ;
#2528 = AXIS2_PLACEMENT_3D ( 'NONE', #954, #2257, #2664 ) ;
#2529 = DIRECTION ( 'NONE',  ( 1.000000000000000000, -0.000000000000000000, -4.336808689942017736E-16 ) ) ;
#2530 = DIRECTION ( 'NONE',  ( 0.000000000000000000, 0.000000000000000000, 1.000000000000000000 ) ) ;
#2531 = ADVANCED_FACE ( 'NONE', ( #2113 ), #1871, .F. ) ;
#2532 = PLANE ( 'NONE',  #1424 ) ;
#2533 = CARTESIAN_POINT ( 'NONE',  ( -1.000000000000000444, 0.1999999999999999833, -0.8749999999999998890 ) ) ;
#2534 = ORIENTED_EDGE ( 'NONE', *, *, #33, .F. ) ;
#2535 = EDGE_CURVE ( 'NONE', #2239, #258, #2739, .T. ) ;
#2536 = VERTEX_POINT ( 'NONE', #2824 ) ;
#2537 = LINE ( 'NONE', #2308, #2674 ) ;
#2538 = AXIS2_PLACEMENT_3D ( 'NONE', #2713, #2505, #1262 ) ;
#2539 = CARTESIAN_POINT ( 'NONE',  ( 0.5000000000000004441, 0.05000000000000000278, 0.000000000000000000 ) ) ;
#2540 = ORIENTED_EDGE ( 'NONE', *, *, #2198, .F. ) ;
#2541 = DIRECTION ( 'NONE',  ( 0.000000000000000000, -1.000000000000000000, -0.000000000000000000 ) ) ;
#2542 = UNCERTAINTY_MEASURE_WITH_UNIT (LENGTH_MEASURE( 1.000000000000000082E-05 ), #1724, 'distance_accuracy_value', 'NONE');
#2543 = CARTESIAN_POINT ( 'NONE',  ( 1.626303258728255172E-16, 0.05000000000000000278, 0.3749999999999996669 ) ) ;
#2544 = LINE ( 'NONE', #171, #2241 ) ;
#2545 = LINE ( 'NONE', #2779, #2066 ) ;
#2546 = ORIENTED_EDGE ( 'NONE', *, *, #1702, .T. ) ;
#2547 = EDGE_CURVE ( 'NONE', #1489, #229, #1915, .T. ) ;
#2548 = FACE_OUTER_BOUND ( 'NONE', #102, .T. ) ;
#2549 = FILL_AREA_STYLE_COLOUR ( '', #101 ) ;
#2550 = ORIENTED_EDGE ( 'NONE', *, *, #2009, .T. ) ;
#2551 = LINE ( 'NONE', #2745, #2309 ) ;
#2552 = EDGE_CURVE ( 'NONE', #1121, #899, #2142, .T. ) ;
#2553 = DIRECTION ( 'NONE',  ( 1.000000000000000000, 0.000000000000000000, 2.168404344971008868E-16 ) ) ;
#2554 = AXIS2_PLACEMENT_3D ( 'NONE', #2750, #1869, #2168 ) ;
#2555 = AXIS2_PLACEMENT_3D ( 'NONE', #1609, #2451, #533 ) ;
#2556 = VERTEX_POINT ( 'NONE', #13 ) ;
#2557 = VECTOR ( 'NONE', #2295, 1000.000000000000000 ) ;
#2558 = CARTESIAN_POINT ( 'NONE',  ( 1.000000000000000444, 0.7590169943749474069, -0.8749999999999998890 ) ) ;
#2559 = DIRECTION ( 'NONE',  ( 0.000000000000000000, -0.000000000000000000, 1.000000000000000000 ) ) ;
#2560 = DIRECTION ( 'NONE',  ( -1.000000000000000000, 0.000000000000000000, -2.168404344971008621E-16 ) ) ;
#2561 = ORIENTED_EDGE ( 'NONE', *, *, #2322, .T. ) ;
#2562 = LINE ( 'NONE', #616, #1620 ) ;
#2563 = EDGE_CURVE ( 'NONE', #2239, #817, #684, .T. ) ;
#2564 = VERTEX_POINT ( 'NONE', #865 ) ;
#2565 = CARTESIAN_POINT ( 'NONE',  ( -0.5000000000000004441, 0.1999999999999999833, -0.1250000000000001110 ) ) ;
#2566 = VECTOR ( 'NONE', #670, 1000.000000000000000 ) ;
#2567 = VECTOR ( 'NONE', #1684, 1000.000000000000000 ) ;
#2568 = FACE_OUTER_BOUND ( 'NONE', #2392, .T. ) ;
#2569 = EDGE_CURVE ( 'NONE', #1802, #998, #2408, .T. ) ;
#2570 = AXIS2_PLACEMENT_3D ( 'NONE', #126, #2502, #1011 ) ;
#2571 = LINE ( 'NONE', #1641, #2557 ) ;
#2572 = PLANE ( 'NONE',  #437 ) ;
#2573 =( GEOMETRIC_REPRESENTATION_CONTEXT ( 3 ) GLOBAL_UNCERTAINTY_ASSIGNED_CONTEXT ( ( #1800 ) ) GLOBAL_UNIT_ASSIGNED_CONTEXT ( ( #2133, #1471, #176 ) ) REPRESENTATION_CONTEXT ( 'NONE', 'WORKASPACE' ) );
#2574 = ORIENTED_EDGE ( 'NONE', *, *, #552, .F. ) ;
#2575 = DIRECTION ( 'NONE',  ( 2.168404344971008868E-16, 0.000000000000000000, 1.000000000000000000 ) ) ;
#2576 = FACE_OUTER_BOUND ( 'NONE', #2100, .T. ) ;
#2577 = VERTEX_POINT ( 'NONE', #2810 ) ;
#2578 = AXIS2_PLACEMENT_3D ( 'NONE', #1137, #1791, #1985 ) ;
#2579 = LINE ( 'NONE', #1043, #1665 ) ;
#2580 = AXIS2_PLACEMENT_3D ( 'NONE', #163, #1044, #1696 ) ;
#2581 = FACE_OUTER_BOUND ( 'NONE', #2454, .T. ) ;
#2582 = ORIENTED_EDGE ( 'NONE', *, *, #1717, .F. ) ;
#2583 = LINE ( 'NONE', #29, #1338 ) ;
#2584 = SHAPE_DEFINITION_REPRESENTATION ( #2103, #134 ) ;
#2585 = EDGE_CURVE ( 'NONE', #899, #1705, #2778, .T. ) ;
#2586 = DIRECTION ( 'NONE',  ( 0.000000000000000000, -1.000000000000000000, 0.000000000000000000 ) ) ;
#2587 = ORIENTED_EDGE ( 'NONE', *, *, #565, .T. ) ;
#2588 = EDGE_LOOP ( 'NONE', ( #1572, #1933, #2718, #305 ) ) ;
#2589 = CARTESIAN_POINT ( 'NONE',  ( 1.000000000000000444, 0.1999999999999999833, -0.8749999999999998890 ) ) ;
#2590 = DIRECTION ( 'NONE',  ( 0.7071067811865513475, 0.000000000000000000, -0.7071067811865437980 ) ) ;
#2591 = ORIENTED_EDGE ( 'NONE', *, *, #1113, .F. ) ;
#2592 = CARTESIAN_POINT ( 'NONE',  ( 0.5000000000000004441, 0.2000000000000000111, -0.8750000000000000000 ) ) ;
#2593 = ORIENTED_EDGE ( 'NONE', *, *, #379, .F. ) ;
#2594 = SURFACE_STYLE_USAGE ( .BOTH. , #2608 ) ;
#2595 = FACE_OUTER_BOUND ( 'NONE', #564, .T. ) ;
#2596 = LINE ( 'NONE', #2329, #1060 ) ;
#2597 = ORIENTED_EDGE ( 'NONE', *, *, #489, .T. ) ;
#2598 = VERTEX_POINT ( 'NONE', #2375 ) ;
#2599 = VECTOR ( 'NONE', #1442, 1000.000000000000000 ) ;
#2600 = DIRECTION ( 'NONE',  ( 0.000000000000000000, 0.000000000000000000, -1.000000000000000000 ) ) ;
#2601 = LINE ( 'NONE', #1734, #1981 ) ;
#2602 = EDGE_LOOP ( 'NONE', ( #337, #1481, #1992, #2574 ) ) ;
#2603 = EDGE_CURVE ( 'NONE', #867, #610, #189, .T. ) ;
#2604 = FACE_OUTER_BOUND ( 'NONE', #2775, .T. ) ;
#2605 = ORIENTED_EDGE ( 'NONE', *, *, #115, .T. ) ;
#2606 = PLANE ( 'NONE',  #2015 ) ;
#2607 = DIRECTION ( 'NONE',  ( 0.000000000000000000, -1.000000000000000000, 0.000000000000000000 ) ) ;
#2608 = SURFACE_SIDE_STYLE ('',( #485 ) ) ;
#2609 = AXIS2_PLACEMENT_3D ( 'NONE', #1402, #1771, #2214 ) ;
#2610 = CARTESIAN_POINT ( 'NONE',  ( 0.000000000000000000, 0.000000000000000000, -0.5000000000000000000 ) ) ;
#2611 = VECTOR ( 'NONE', #1281, 1000.000000000000000 ) ;
#2612 = DIRECTION ( 'NONE',  ( -1.000000000000000000, 0.000000000000000000, 0.000000000000000000 ) ) ;
#2613 = VERTEX_POINT ( 'NONE', #888 ) ;
#2614 = ORIENTED_EDGE ( 'NONE', *, *, #911, .T. ) ;
#2615 = FACE_OUTER_BOUND ( 'NONE', #1567, .T. ) ;
#2616 = LINE ( 'NONE', #1545, #207 ) ;
#2617 = ORIENTED_EDGE ( 'NONE', *, *, #1327, .T. ) ;
#2618 = EDGE_CURVE ( 'NONE', #1138, #655, #1957, .T. ) ;
#2619 = LINE ( 'NONE', #2208, #130 ) ;
#2620 = ORIENTED_EDGE ( 'NONE', *, *, #2180, .T. ) ;
#2621 = VECTOR ( 'NONE', #319, 1000.000000000000000 ) ;
#2622 = EDGE_CURVE ( 'NONE', #1831, #1705, #1066, .T. ) ;
#2623 = CARTESIAN_POINT ( 'NONE',  ( 1.000000000000000444, 0.2000000000000000111, -0.1249999999999998890 ) ) ;
#2624 = ORIENTED_EDGE ( 'NONE', *, *, #2380, .F. ) ;
#2625 = VERTEX_POINT ( 'NONE', #629 ) ;
#2626 = PLANE ( 'NONE',  #1693 ) ;
#2627 = PLANE ( 'NONE',  #861 ) ;
#2628 = VERTEX_POINT ( 'NONE', #219 ) ;
#2629 = CARTESIAN_POINT ( 'NONE',  ( 0.5000000000000004441, 0.2000000000000000111, -0.8750000000000000000 ) ) ;
#2630 = LINE ( 'NONE', #2429, #497 ) ;
#2631 = LINE ( 'NONE', #708, #390 ) ;
#2632 = VERTEX_POINT ( 'NONE', #1544 ) ;
#2633 = ADVANCED_FACE ( 'NONE', ( #2792 ), #2183, .T. ) ;
#2634 = CARTESIAN_POINT ( 'NONE',  ( 1.000000000000000444, 0.04999999999999969746, 0.6250000000000001110 ) ) ;
#2635 = EDGE_CURVE ( 'NONE', #2577, #1917, #462, .T. ) ;
#2636 = EDGE_LOOP ( 'NONE', ( #95, #1015 ) ) ;
#2637 = ORIENTED_EDGE ( 'NONE', *, *, #782, .T. ) ;
#2638 = CARTESIAN_POINT ( 'NONE',  ( 0.5000000000000004441, 0.000000000000000000, 0.6250000000000000000 ) ) ;
#2639 = CARTESIAN_POINT ( 'NONE',  ( -1.000000000000000222, 0.7999999999999999334, -0.9999999999999995559 ) ) ;
#2640 = DIRECTION ( 'NONE',  ( 0.000000000000000000, -1.000000000000000000, -0.000000000000000000 ) ) ;
#2641 = ORIENTED_EDGE ( 'NONE', *, *, #2019, .F. ) ;
#2642 = CARTESIAN_POINT ( 'NONE',  ( 1.000000000000000444, 0.1999999999999999833, 0.1250000000000001110 ) ) ;
#2643 = VECTOR ( 'NONE', #2662, 1000.000000000000000 ) ;
#2644 = LINE ( 'NONE', #1810, #1494 ) ;
#2645 = AXIS2_PLACEMENT_3D ( 'NONE', #654, #2390, #2720 ) ;
#2646 = PRESENTATION_LAYER_ASSIGNMENT (  '', '', ( #2281 ) ) ;
#2647 = SURFACE_SIDE_STYLE ('',( #482 ) ) ;
#2648 = LINE ( 'NONE', #2000, #2695 ) ;
#2649 = ORIENTED_EDGE ( 'NONE', *, *, #552, .T. ) ;
#2650 = EDGE_CURVE ( 'NONE', #2210, #2070, #1761, .T. ) ;
#2651 = DIRECTION ( 'NONE',  ( 0.000000000000000000, 0.000000000000000000, 1.000000000000000000 ) ) ;
#2652 = CARTESIAN_POINT ( 'NONE',  ( 0.5000000000000004441, 0.000000000000000000, -0.1250000000000001110 ) ) ;
#2653 = ADVANCED_FACE ( 'NONE', ( #2422 ), #1498, .F. ) ;
#2654 = VERTEX_POINT ( 'NONE', #1530 ) ;
#2655 = ORIENTED_EDGE ( 'NONE', *, *, #694, .F. ) ;
#2656 = VECTOR ( 'NONE', #200, 1000.000000000000000 ) ;
#2657 = DIRECTION ( 'NONE',  ( -1.000000000000000000, 0.000000000000000000, 0.000000000000000000 ) ) ;
#2658 = DIRECTION ( 'NONE',  ( -1.000000000000000000, 0.000000000000000000, -4.336808689942017736E-16 ) ) ;
#2659 = DIRECTION ( 'NONE',  ( 0.000000000000000000, 0.000000000000000000, 1.000000000000000000 ) ) ;
#2660 = EDGE_LOOP ( 'NONE', ( #2134, #2469, #935, #1071 ) ) ;
#2661 = CARTESIAN_POINT ( 'NONE',  ( 1.355252715606880296E-16, 0.05000000000000000278, 0.6249999999999998890 ) ) ;
#2662 = DIRECTION ( 'NONE',  ( -0.000000000000000000, -1.000000000000000000, -0.000000000000000000 ) ) ;
#2663 = ORIENTED_EDGE ( 'NONE', *, *, #2471, .T. ) ;
#2664 = DIRECTION ( 'NONE',  ( 0.000000000000000000, 0.000000000000000000, -1.000000000000000000 ) ) ;
#2665 =( NAMED_UNIT ( * ) PLANE_ANGLE_UNIT ( ) SI_UNIT ( $, .RADIAN. ) );
#2666 = AXIS2_PLACEMENT_3D ( 'NONE', #1722, #1274, #434 ) ;
#2667 = DIRECTION ( 'NONE',  ( -1.000000000000000000, 0.000000000000000000, 4.336808689942017736E-16 ) ) ;
#2668 = ORIENTED_EDGE ( 'NONE', *, *, #2180, .F. ) ;
#2669 = ORIENTED_EDGE ( 'NONE', *, *, #2650, .T. ) ;
#2670 = CARTESIAN_POINT ( 'NONE',  ( -1.000000000000000444, 0.000000000000000000, 0.6250000000000001110 ) ) ;
#2671 = CARTESIAN_POINT ( 'NONE',  ( -0.5000000000000004441, 0.000000000000000000, -0.6250000000000001110 ) ) ;
#2672 = ORIENTED_EDGE ( 'NONE', *, *, #16, .F. ) ;
#2673 = EDGE_CURVE ( 'NONE', #634, #1079, #876, .T. ) ;
#2674 = VECTOR ( 'NONE', #1654, 1000.000000000000000 ) ;
#2675 = DIRECTION ( 'NONE',  ( 1.000000000000000000, 0.000000000000000000, -2.168404344971008621E-16 ) ) ;
#2676 = LINE ( 'NONE', #1320, #1839 ) ;
#2677 = ORIENTED_EDGE ( 'NONE', *, *, #1747, .T. ) ;
#2678 = CARTESIAN_POINT ( 'NONE',  ( 0.5000000000000004441, 0.000000000000000000, -0.3750000000000000000 ) ) ;
#2679 = CARTESIAN_POINT ( 'NONE',  ( -1.000000000000000444, 4.428427124746190380, 1.000000000000000444 ) ) ;
#2680 = ADVANCED_FACE ( 'NONE', ( #433 ), #1301, .F. ) ;
#2681 = DIRECTION ( 'NONE',  ( -0.000000000000000000, 0.000000000000000000, -1.000000000000000000 ) ) ;
#2682 = ORIENTED_EDGE ( 'NONE', *, *, #511, .T. ) ;
#2683 = EDGE_CURVE ( 'NONE', #142, #1959, #1733, .T. ) ;
#2684 = LINE ( 'NONE', #750, #2186 ) ;
#2685 = FACE_OUTER_BOUND ( 'NONE', #1303, .T. ) ;
#2686 = VERTEX_POINT ( 'NONE', #1748 ) ;
#2687 = AXIS2_PLACEMENT_3D ( 'NONE', #1417, #2273, #1394 ) ;
#2688 = PRESENTATION_STYLE_ASSIGNMENT (( #1175 ) ) ;
#2689 = CLOSED_SHELL ( 'NONE', ( #1109, #2319, #1383, #2002, #156, #2268 ) ) ;
#2690 = ORIENTED_EDGE ( 'NONE', *, *, #597, .T. ) ;
#2691 = DIRECTION ( 'NONE',  ( -4.336808689942017736E-16, 0.000000000000000000, 1.000000000000000000 ) ) ;
#2692 = ORIENTED_EDGE ( 'NONE', *, *, #382, .T. ) ;
#2693 = AXIS2_PLACEMENT_3D ( 'NONE', #1910, #2803, #860 ) ;
#2694 = ADVANCED_FACE ( 'NONE', ( #2615 ), #2626, .F. ) ;
#2695 = VECTOR ( 'NONE', #223, 1000.000000000000000 ) ;
#2696 = DIRECTION ( 'NONE',  ( 1.000000000000000000, -0.000000000000000000, 4.336808689942017736E-16 ) ) ;
#2697 = CARTESIAN_POINT ( 'NONE',  ( -0.5000000000000004441, 0.05000000000000000278, 0.000000000000000000 ) ) ;
#2698 = ORIENTED_EDGE ( 'NONE', *, *, #1382, .T. ) ;
#2699 = ADVANCED_FACE ( 'NONE', ( #301 ), #1984, .T. ) ;
#2700 = STYLED_ITEM ( 'NONE', ( #896 ), #279 ) ;
#2701 = DIRECTION ( 'NONE',  ( 0.000000000000000000, 0.000000000000000000, -1.000000000000000000 ) ) ;
#2702 = MECHANICAL_DESIGN_GEOMETRIC_PRESENTATION_REPRESENTATION (  '', ( #1215 ), #2573 ) ;
#2703 = EDGE_CURVE ( 'NONE', #827, #315, #1775, .T. ) ;
#2704 = ORIENTED_EDGE ( 'NONE', *, *, #1276, .T. ) ;
#2705 = VECTOR ( 'NONE', #1067, 1000.000000000000000 ) ;
#2706 = VECTOR ( 'NONE', #1921, 1000.000000000000000 ) ;
#2707 = VERTEX_POINT ( 'NONE', #2639 ) ;
#2708 = CARTESIAN_POINT ( 'NONE',  ( -1.000000000000000444, 0.1999999999999999833, -0.1249999999999998890 ) ) ;
#2709 = LINE ( 'NONE', #774, #1210 ) ;
#2710 = VERTEX_POINT ( 'NONE', #2041 ) ;
#2711 = ADVANCED_FACE ( 'NONE', ( #1391 ), #516, .T. ) ;
#2712 = ORIENTED_EDGE ( 'NONE', *, *, #1720, .T. ) ;
#2713 = CARTESIAN_POINT ( 'NONE',  ( -1.000000000000000444, 4.428427124746190380, 1.000000000000000444 ) ) ;
#2714 = ADVANCED_FACE ( 'NONE', ( #1830 ), #2030, .T. ) ;
#2715 = CARTESIAN_POINT ( 'NONE',  ( 0.5000000000000004441, 0.04999999999999999584, 0.6250000000000000000 ) ) ;
#2716 = CARTESIAN_POINT ( 'NONE',  ( -0.5000000000000004441, 0.04999999999999999584, 0.6250000000000000000 ) ) ;
#2717 = CARTESIAN_POINT ( 'NONE',  ( 0.000000000000000000, 0.000000000000000000, 0.000000000000000000 ) ) ;
#2718 = ORIENTED_EDGE ( 'NONE', *, *, #2510, .T. ) ;
#2719 = CARTESIAN_POINT ( 'NONE',  ( 0.000000000000000000, 0.000000000000000000, -1.000000000000000000 ) ) ;
#2720 = DIRECTION ( 'NONE',  ( 0.000000000000000000, 0.000000000000000000, 1.000000000000000000 ) ) ;
#2721 = CARTESIAN_POINT ( 'NONE',  ( -0.5000000000000004441, 0.000000000000000000, 0.8749999999999998890 ) ) ;
#2722 = PLANE ( 'NONE',  #1311 ) ;
#2723 = ORIENTED_EDGE ( 'NONE', *, *, #2784, .F. ) ;
#2724 = FILL_AREA_STYLE ('',( #2549 ) ) ;
#2725 = EDGE_LOOP ( 'NONE', ( #1860, #2266, #488, #2797 ) ) ;
#2726 = CARTESIAN_POINT ( 'NONE',  ( -0.4000000000000005218, 0.000000000000000000, -0.7749999999999990230 ) ) ;
#2727 = AXIS2_PLACEMENT_3D ( 'NONE', #73, #961, #1140 ) ;
#2728 = ADVANCED_FACE ( 'NONE', ( #947 ), #967, .F. ) ;
#2729 = PRESENTATION_STYLE_ASSIGNMENT (( #2486 ) ) ;
#2730 = VECTOR ( 'NONE', #1909, 1000.000000000000000 ) ;
#2731 = CARTESIAN_POINT ( 'NONE',  ( -0.5000000000000004441, 0.2000000000000000111, 0.6250000000000000000 ) ) ;
#2732 = ADVANCED_FACE ( 'NONE', ( #746 ), #703, .F. ) ;
#2733 = ORIENTED_EDGE ( 'NONE', *, *, #2438, .T. ) ;
#2734 = CARTESIAN_POINT ( 'NONE',  ( -1.000000000000000444, 0.2000000000000000111, 0.6250000000000001110 ) ) ;
#2735 = ADVANCED_FACE ( 'NONE', ( #1596 ), #1179, .T. ) ;
#2736 = UNCERTAINTY_MEASURE_WITH_UNIT (LENGTH_MEASURE( 1.000000000000000082E-05 ), #1221, 'distance_accuracy_value', 'NONE');
#2737 = CARTESIAN_POINT ( 'NONE',  ( -1.000000000000000444, 0.7590169943749474069, -0.8749999999999998890 ) ) ;
#2738 = VECTOR ( 'NONE', #2325, 1000.000000000000000 ) ;
#2739 = LINE ( 'NONE', #1039, #329 ) ;
#2740 = PLANE ( 'NONE',  #1173 ) ;
#2741 = VERTEX_POINT ( 'NONE', #2490 ) ;
#2742 = AXIS2_PLACEMENT_3D ( 'NONE', #2610, #214, #1088 ) ;
#2743 = CARTESIAN_POINT ( 'NONE',  ( -1.000000000000000444, 0.000000000000000000, 0.6250000000000001110 ) ) ;
#2744 = EDGE_LOOP ( 'NONE', ( #2419, #561, #9, #1966 ) ) ;
#2745 = CARTESIAN_POINT ( 'NONE',  ( -1.000000000000000444, 0.05000000000000000278, 1.000000000000000444 ) ) ;
#2746 = CARTESIAN_POINT ( 'NONE',  ( 0.5000000000000004441, 0.7590169943749474069, 0.3749999999999998890 ) ) ;
#2747 = ORIENTED_EDGE ( 'NONE', *, *, #1428, .F. ) ;
#2748 = AXIS2_PLACEMENT_3D ( 'NONE', #58, #2458, #2651 ) ;
#2749 = DIRECTION ( 'NONE',  ( 0.000000000000000000, -1.000000000000000000, 0.000000000000000000 ) ) ;
#2750 = CARTESIAN_POINT ( 'NONE',  ( -1.000000000000000444, 0.7590169943749474069, 0.1250000000000001110 ) ) ;
#2751 = LINE ( 'NONE', #773, #1606 ) ;
#2752 = CARTESIAN_POINT ( 'NONE',  ( 0.9999999999999997780, 0.1999999999999996503, -0.8750000000000001110 ) ) ;
#2753 = ORIENTED_EDGE ( 'NONE', *, *, #363, .F. ) ;
#2754 = CARTESIAN_POINT ( 'NONE',  ( -0.7500000000000002220, 0.6999999999999999556, -0.8499999999999997558 ) ) ;
#2755 = VERTEX_POINT ( 'NONE', #2439 ) ;
#2756 = PLANE ( 'NONE',  #585 ) ;
#2757 = VECTOR ( 'NONE', #1987, 1000.000000000000000 ) ;
#2758 = DIRECTION ( 'NONE',  ( 0.000000000000000000, -1.000000000000000000, -0.000000000000000000 ) ) ;
#2759 = ORIENTED_EDGE ( 'NONE', *, *, #2433, .T. ) ;
#2760 = CARTESIAN_POINT ( 'NONE',  ( -1.000000000000000444, 0.2000000000000000111, 0.3750000000000001110 ) ) ;
#2761 = EDGE_CURVE ( 'NONE', #1169, #1781, #186, .T. ) ;
#2762 = CARTESIAN_POINT ( 'NONE',  ( -0.5000000000000004441, 0.2000000000000000111, 0.3749999999999998890 ) ) ;
#2763 = DIRECTION ( 'NONE',  ( -2.168404344971008621E-16, 0.000000000000000000, 1.000000000000000000 ) ) ;
#2764 = ORIENTED_EDGE ( 'NONE', *, *, #1566, .F. ) ;
#2765 = LINE ( 'NONE', #2333, #2163 ) ;
#2766 = SURFACE_STYLE_FILL_AREA ( #2118 ) ;
#2767 = ORIENTED_EDGE ( 'NONE', *, *, #175, .T. ) ;
#2768 = PLANE ( 'NONE',  #72 ) ;
#2769 = EDGE_CURVE ( 'NONE', #2147, #67, #2219, .T. ) ;
#2770 = FACE_OUTER_BOUND ( 'NONE', #1381, .T. ) ;
#2771 = CIRCLE ( 'NONE', #1560, 0.1000000000000001582 ) ;
#2772 = VECTOR ( 'NONE', #2805, 1000.000000000000000 ) ;
#2773 = DIRECTION ( 'NONE',  ( 1.000000000000000000, -0.000000000000000000, -4.336808689942017736E-16 ) ) ;
#2774 = PRODUCT_DEFINITION_FORMATION_WITH_SPECIFIED_SOURCE ( 'ANY', '', #1228, .NOT_KNOWN. ) ;
#2775 = EDGE_LOOP ( 'NONE', ( #78, #236, #2669, #869 ) ) ;
#2776 = ORIENTED_EDGE ( 'NONE', *, *, #2525, .T. ) ;
#2777 = CLOSED_SHELL ( 'NONE', ( #2809, #2531, #2112, #735, #1752, #885 ) ) ;
#2778 = LINE ( 'NONE', #1554, #1687 ) ;
#2779 = CARTESIAN_POINT ( 'NONE',  ( -0.5000000000000004441, 0.2000000000000000111, -0.1250000000000001110 ) ) ;
#2780 = VERTEX_POINT ( 'NONE', #2249 ) ;
#2781 = FACE_OUTER_BOUND ( 'NONE', #2321, .T. ) ;
#2782 = DIRECTION ( 'NONE',  ( 0.000000000000000000, -1.000000000000000000, 0.000000000000000000 ) ) ;
#2783 = ORIENTED_EDGE ( 'NONE', *, *, #373, .F. ) ;
#2784 = EDGE_CURVE ( 'NONE', #1497, #2628, #1415, .T. ) ;
#2785 = DIRECTION ( 'NONE',  ( 0.000000000000000000, -1.000000000000000000, 0.000000000000000000 ) ) ;
#2786 = STYLED_ITEM ( 'NONE', ( #1324 ), #250 ) ;
#2787 = VECTOR ( 'NONE', #1729, 1000.000000000000000 ) ;
#2788 =( LENGTH_UNIT ( ) NAMED_UNIT ( * ) SI_UNIT ( .MILLI., .METRE. ) );
#2789 = LINE ( 'NONE', #871, #941 ) ;
#2790 = VERTEX_POINT ( 'NONE', #2262 ) ;
#2791 = ORIENTED_EDGE ( 'NONE', *, *, #489, .F. ) ;
#2792 = FACE_OUTER_BOUND ( 'NONE', #1166, .T. ) ;
#2793 = DIRECTION ( 'NONE',  ( 2.168404344971008621E-16, -0.000000000000000000, 1.000000000000000000 ) ) ;
#2794 = ORIENTED_EDGE ( 'NONE', *, *, #639, .T. ) ;
#2795 = VECTOR ( 'NONE', #903, 1000.000000000000000 ) ;
#2796 =( NAMED_UNIT ( * ) SI_UNIT ( $, .STERADIAN. ) SOLID_ANGLE_UNIT ( ) );
#2797 = ORIENTED_EDGE ( 'NONE', *, *, #2415, .T. ) ;
#2798 = CARTESIAN_POINT ( 'NONE',  ( -0.4000000000000005218, 0.2000000000000000111, -0.6250000000000001110 ) ) ;
#2799 = DIRECTION ( 'NONE',  ( 1.000000000000000000, 0.000000000000000000, 2.168404344971008868E-16 ) ) ;
#2800 = APPLICATION_PROTOCOL_DEFINITION ( 'draft international standard', 'automotive_design', 1998, #1840 ) ;
#2801 = SURFACE_SIDE_STYLE ('',( #456 ) ) ;
#2802 = VECTOR ( 'NONE', #1367, 1000.000000000000000 ) ;
#2803 = DIRECTION ( 'NONE',  ( 0.000000000000000000, -1.000000000000000000, 0.000000000000000000 ) ) ;
#2804 = EDGE_CURVE ( 'NONE', #1373, #2755, #1827, .T. ) ;
#2805 = DIRECTION ( 'NONE',  ( 0.000000000000000000, 0.000000000000000000, 1.000000000000000000 ) ) ;
#2806 = EDGE_CURVE ( 'NONE', #109, #142, #1123, .T. ) ;
#2807 = VERTEX_POINT ( 'NONE', #1136 ) ;
#2808 = ORIENTED_EDGE ( 'NONE', *, *, #363, .T. ) ;
#2809 = ADVANCED_FACE ( 'NONE', ( #1995 ), #933, .T. ) ;
#2810 = CARTESIAN_POINT ( 'NONE',  ( 1.000000000000000444, 0.1999999999999999833, -0.6249999999999998890 ) ) ;
#2811 = DIRECTION ( 'NONE',  ( 0.000000000000000000, -1.000000000000000000, 0.000000000000000000 ) ) ;
#2812 = VERTEX_POINT ( 'NONE', #283 ) ;
#2813 = ORIENTED_EDGE ( 'NONE', *, *, #1715, .F. ) ;
#2814 = DIRECTION ( 'NONE',  ( 1.000000000000000000, 0.000000000000000000, 2.168404344971008868E-16 ) ) ;
#2815 = CARTESIAN_POINT ( 'NONE',  ( -1.000000000000000444, 0.2000000000000000111, -0.8749999999999998890 ) ) ;
#2816 = EDGE_CURVE ( 'NONE', #2613, #230, #1282, .T. ) ;
#2817 = LINE ( 'NONE', #897, #2656 ) ;
#2818 = DIRECTION ( 'NONE',  ( 0.000000000000000000, 0.000000000000000000, -1.000000000000000000 ) ) ;
#2819 = ORIENTED_EDGE ( 'NONE', *, *, #131, .T. ) ;
#2820 = EDGE_LOOP ( 'NONE', ( #986, #732, #2462, #545 ) ) ;
#2821 = EDGE_CURVE ( 'NONE', #2790, #2807, #2151, .T. ) ;
#2822 = EDGE_CURVE ( 'NONE', #430, #19, #198, .T. ) ;
#2823 = MECHANICAL_DESIGN_GEOMETRIC_PRESENTATION_REPRESENTATION (  '', ( #2278 ), #1960 ) ;
#2824 = CARTESIAN_POINT ( 'NONE',  ( -0.5000000000000004441, 0.2000000000000000111, 0.3749999999999998890 ) ) ;
#2825 = CARTESIAN_POINT ( 'NONE',  ( 0.5000000000000004441, 0.7590169943749474069, 0.8749999999999998890 ) ) ;
#2826 = EDGE_LOOP ( 'NONE', ( #484, #1623, #1326, #1686 ) ) ;
#2827 = ADVANCED_FACE ( 'NONE', ( #323 ), #1492, .F. ) ;
ENDSEC;
END-ISO-10303-21;
