ISO-10303-21;
HEADER;
FILE_DESCRIPTION (( 'STEP AP214' ),
    '1' );
FILE_NAME ('74LVC3G07GS,115.STEP',
    '2023-06-12T12:09:50',
    ( '' ),
    ( '' ),
    'SwSTEP 2.0',
    'SolidWorks 2021',
    '' );
FILE_SCHEMA (( 'AUTOMOTIVE_DESIGN' ));
ENDSEC;

DATA;
#1 = VERTEX_POINT ( 'NONE', #3238 ) ;
#2 = PLANE ( 'NONE',  #620 ) ;
#3 = CARTESIAN_POINT ( 'NONE',  ( 0.4299999999999998823, 0.1600000000000000033, 0.6049999999999998712 ) ) ;
#4 = COLOUR_RGB ( '',0.2509803921568627416, 0.2509803921568627416, 0.2509803921568627416 ) ;
#5 = FACE_OUTER_BOUND ( 'NONE', #2839, .T. ) ;
#6 = DIRECTION ( 'NONE',  ( -6.776263578034406657E-16, 0.000000000000000000, -1.000000000000000000 ) ) ;
#7 = VECTOR ( 'NONE', #1463, 1000.000000000000000 ) ;
#8 = EDGE_LOOP ( 'NONE', ( #1886, #4780, #4782, #3676, #2822 ) ) ;
#9 = VERTEX_POINT ( 'NONE', #3674 ) ;
#10 = ADVANCED_FACE ( 'NONE', ( #3649 ), #1741, .F. ) ;
#11 = LINE ( 'NONE', #3139, #526 ) ;
#12 = VECTOR ( 'NONE', #1310, 1000.000000000000000 ) ;
#13 = CARTESIAN_POINT ( 'NONE',  ( 0.4300000000000000488, 0.000000000000000000, 0.6049999999999998712 ) ) ;
#14 = EDGE_CURVE ( 'NONE', #4166, #1561, #4018, .T. ) ;
#15 = ORIENTED_EDGE ( 'NONE', *, *, #3518, .F. ) ;
#16 = VECTOR ( 'NONE', #4746, 1000.000000000000000 ) ;
#17 =( NAMED_UNIT ( * ) PLANE_ANGLE_UNIT ( ) SI_UNIT ( $, .RADIAN. ) );
#18 = VECTOR ( 'NONE', #4950, 1000.000000000000000 ) ;
#19 = LINE ( 'NONE', #1915, #3953 ) ;
#20 = ORIENTED_EDGE ( 'NONE', *, *, #4136, .F. ) ;
#21 = ORIENTED_EDGE ( 'NONE', *, *, #583, .T. ) ;
#22 = PLANE ( 'NONE',  #5085 ) ;
#23 = DIRECTION ( 'NONE',  ( 0.000000000000000000, 0.000000000000000000, 1.000000000000000000 ) ) ;
#24 = CARTESIAN_POINT ( 'NONE',  ( 0.1200000000000001205, 0.000000000000000000, 0.6049999999999999822 ) ) ;
#25 = ORIENTED_EDGE ( 'NONE', *, *, #437, .F. ) ;
#26 = EDGE_CURVE ( 'NONE', #2883, #609, #444, .T. ) ;
#27 = ORIENTED_EDGE ( 'NONE', *, *, #2771, .T. ) ;
#28 = CARTESIAN_POINT ( 'NONE',  ( -0.1200000000000000927, 0.1600000000000000033, 0.2549999999999999489 ) ) ;
#29 = DIRECTION ( 'NONE',  ( -0.000000000000000000, -1.000000000000000000, 0.000000000000000000 ) ) ;
#30 = DIRECTION ( 'NONE',  ( 0.000000000000000000, -0.000000000000000000, -1.000000000000000000 ) ) ;
#31 = LINE ( 'NONE', #443, #1840 ) ;
#32 = ORIENTED_EDGE ( 'NONE', *, *, #1558, .T. ) ;
#33 = PLANE ( 'NONE',  #2678 ) ;
#34 = CARTESIAN_POINT ( 'NONE',  ( -0.5000000000000000000, 0.1000000000000000194, -0.6050000000000000933 ) ) ;
#35 = LINE ( 'NONE', #2821, #3249 ) ;
#36 = EDGE_CURVE ( 'NONE', #793, #1638, #2411, .T. ) ;
#37 = VERTEX_POINT ( 'NONE', #4760 ) ;
#38 = ADVANCED_FACE ( 'NONE', ( #1249 ), #2814, .F. ) ;
#39 = VECTOR ( 'NONE', #2994, 1000.000000000000000 ) ;
#40 = CARTESIAN_POINT ( 'NONE',  ( 0.4999999999999998890, 0.3500000000000000333, -0.6750000000000001554 ) ) ;
#41 = CARTESIAN_POINT ( 'NONE',  ( 0.5000000000000000000, 0.1599999999999926759, 0.4450000000000000067 ) ) ;
#42 = EDGE_CURVE ( 'NONE', #1976, #3786, #288, .T. ) ;
#43 = ORIENTED_EDGE ( 'NONE', *, *, #89, .F. ) ;
#44 = EDGE_CURVE ( 'NONE', #1629, #4884, #1769, .T. ) ;
#45 = DIRECTION ( 'NONE',  ( 0.000000000000000000, 1.000000000000000000, 0.000000000000000000 ) ) ;
#46 = CARTESIAN_POINT ( 'NONE',  ( 0.1100000000000002226, 0.1599999999999999756, -0.1194235880780060155 ) ) ;
#47 = ORIENTED_EDGE ( 'NONE', *, *, #2106, .F. ) ;
#48 = EDGE_LOOP ( 'NONE', ( #1679, #1899, #51, #2461 ) ) ;
#49 = VECTOR ( 'NONE', #2593, 1000.000000000000000 ) ;
#50 = ORIENTED_EDGE ( 'NONE', *, *, #3117, .T. ) ;
#51 = ORIENTED_EDGE ( 'NONE', *, *, #768, .T. ) ;
#52 = CARTESIAN_POINT ( 'NONE',  ( -0.1100000000000003059, 0.09999999999999997780, -0.6750000000000001554 ) ) ;
#53 = VECTOR ( 'NONE', #2570, 1000.000000000000000 ) ;
#54 = EDGE_CURVE ( 'NONE', #1228, #3928, #4962, .T. ) ;
#55 = DIRECTION ( 'NONE',  ( -1.000000000000000000, -8.470329472543013251E-17, 0.000000000000000000 ) ) ;
#56 = CARTESIAN_POINT ( 'NONE',  ( 0.000000000000000000, 0.000000000000000000, 1.050000000000000044 ) ) ;
#57 = FACE_OUTER_BOUND ( 'NONE', #1207, .T. ) ;
#58 = ORIENTED_EDGE ( 'NONE', *, *, #4714, .F. ) ;
#59 = EDGE_CURVE ( 'NONE', #4601, #2583, #4474, .T. ) ;
#60 = DIRECTION ( 'NONE',  ( 1.000000000000000000, -0.000000000000000000, -0.000000000000000000 ) ) ;
#61 = VECTOR ( 'NONE', #510, 1000.000000000000000 ) ;
#62 = ADVANCED_FACE ( 'NONE', ( #242 ), #1404, .F. ) ;
#63 = LINE ( 'NONE', #2416, #500 ) ;
#64 = CARTESIAN_POINT ( 'NONE',  ( 0.1200000000000000927, 0.09999999999999269196, 0.4450000000000000622 ) ) ;
#65 = FACE_OUTER_BOUND ( 'NONE', #1081, .T. ) ;
#66 = VERTEX_POINT ( 'NONE', #2150 ) ;
#67 = VECTOR ( 'NONE', #4855, 1000.000000000000000 ) ;
#68 = PLANE ( 'NONE',  #1670 ) ;
#69 = EDGE_CURVE ( 'NONE', #3116, #3328, #3761, .T. ) ;
#70 = ORIENTED_EDGE ( 'NONE', *, *, #2592, .T. ) ;
#71 = VECTOR ( 'NONE', #2556, 1000.000000000000000 ) ;
#72 = DIRECTION ( 'NONE',  ( 0.000000000000000000, -1.000000000000000000, 0.000000000000000000 ) ) ;
#73 = LINE ( 'NONE', #853, #3516 ) ;
#74 = ORIENTED_EDGE ( 'NONE', *, *, #3205, .T. ) ;
#75 = ORIENTED_EDGE ( 'NONE', *, *, #2771, .F. ) ;
#76 = EDGE_CURVE ( 'NONE', #1434, #2849, #4843, .T. ) ;
#77 = VECTOR ( 'NONE', #3593, 1000.000000000000000 ) ;
#78 = LINE ( 'NONE', #3599, #3348 ) ;
#79 = CARTESIAN_POINT ( 'NONE',  ( -0.4299999999999999933, 0.1600000000000000033, 0.6049999999999998712 ) ) ;
#80 = DIRECTION ( 'NONE',  ( -0.000000000000000000, 0.000000000000000000, -1.000000000000000000 ) ) ;
#81 = DIRECTION ( 'NONE',  ( 0.000000000000000000, 0.000000000000000000, -1.000000000000000000 ) ) ;
#82 = EDGE_LOOP ( 'NONE', ( #2587, #913, #1293, #1598 ) ) ;
#83 = EDGE_LOOP ( 'NONE', ( #1993, #1184, #2271, #3459, #2969, #4452 ) ) ;
#84 = LINE ( 'NONE', #1277, #4236 ) ;
#85 = LINE ( 'NONE', #2107, #1418 ) ;
#86 = CARTESIAN_POINT ( 'NONE',  ( 0.4300000000000001044, 0.09999999999999269196, 0.4450000000000000622 ) ) ;
#87 =( LENGTH_UNIT ( ) NAMED_UNIT ( * ) SI_UNIT ( .MILLI., .METRE. ) );
#88 = ORIENTED_EDGE ( 'NONE', *, *, #3811, .F. ) ;
#89 = EDGE_CURVE ( 'NONE', #2332, #4046, #3350, .T. ) ;
#90 = VECTOR ( 'NONE', #3970, 1000.000000000000000 ) ;
#91 = EDGE_CURVE ( 'NONE', #438, #4286, #1378, .T. ) ;
#92 = DIRECTION ( 'NONE',  ( 0.000000000000000000, -0.000000000000000000, -1.000000000000000000 ) ) ;
#93 = ORIENTED_EDGE ( 'NONE', *, *, #91, .F. ) ;
#94 = VECTOR ( 'NONE', #943, 1000.000000000000000 ) ;
#95 = DIRECTION ( 'NONE',  ( -1.000000000000000000, 0.000000000000000000, 1.748713181428233547E-16 ) ) ;
#96 = VECTOR ( 'NONE', #1298, 1000.000000000000000 ) ;
#97 = CARTESIAN_POINT ( 'NONE',  ( 0.1200000000000000788, 0.09999999999999997780, -0.6050000000000000933 ) ) ;
#98 = ORIENTED_EDGE ( 'NONE', *, *, #633, .F. ) ;
#99 = ORIENTED_EDGE ( 'NONE', *, *, #709, .T. ) ;
#100 = ADVANCED_FACE ( 'NONE', ( #1452 ), #966, .F. ) ;
#101 = ORIENTED_EDGE ( 'NONE', *, *, #3686, .F. ) ;
#102 = ORIENTED_EDGE ( 'NONE', *, *, #2386, .T. ) ;
#103 = FACE_OUTER_BOUND ( 'NONE', #2430, .T. ) ;
#104 = EDGE_CURVE ( 'NONE', #3436, #2474, #3707, .T. ) ;
#105 = DIRECTION ( 'NONE',  ( 1.000000000000000000, 0.000000000000000000, -3.497426362856466107E-16 ) ) ;
#106 = CARTESIAN_POINT ( 'NONE',  ( 0.000000000000000000, 0.000000000000000000, -0.6750000000000001554 ) ) ;
#107 = FACE_OUTER_BOUND ( 'NONE', #1385, .T. ) ;
#108 = EDGE_CURVE ( 'NONE', #1675, #1166, #3376, .T. ) ;
#109 = ORIENTED_EDGE ( 'NONE', *, *, #1514, .T. ) ;
#110 = ORIENTED_EDGE ( 'NONE', *, *, #4753, .F. ) ;
#111 = LINE ( 'NONE', #470, #3240 ) ;
#112 = DIRECTION ( 'NONE',  ( 0.000000000000000000, -0.000000000000000000, -1.000000000000000000 ) ) ;
#113 = DIRECTION ( 'NONE',  ( 0.000000000000000000, 0.000000000000000000, 1.000000000000000000 ) ) ;
#114 = EDGE_LOOP ( 'NONE', ( #2045, #900, #522, #3910 ) ) ;
#115 = LINE ( 'NONE', #922, #672 ) ;
#116 = EDGE_CURVE ( 'NONE', #904, #1891, #2960, .T. ) ;
#117 = ORIENTED_EDGE ( 'NONE', *, *, #4538, .F. ) ;
#118 = ADVANCED_FACE ( 'NONE', ( #4122 ), #1020, .T. ) ;
#119 = DIRECTION ( 'NONE',  ( 1.000000000000000000, 0.000000000000000000, 0.000000000000000000 ) ) ;
#120 = FACE_OUTER_BOUND ( 'NONE', #2861, .T. ) ;
#121 = DIRECTION ( 'NONE',  ( 0.000000000000000000, 0.000000000000000000, 1.000000000000000000 ) ) ;
#122 = EDGE_LOOP ( 'NONE', ( #4516, #2288, #93, #4400 ) ) ;
#123 = ORIENTED_EDGE ( 'NONE', *, *, #614, .T. ) ;
#124 = ORIENTED_EDGE ( 'NONE', *, *, #3977, .T. ) ;
#125 = ORIENTED_EDGE ( 'NONE', *, *, #167, .T. ) ;
#126 = FACE_BOUND ( 'NONE', #4530, .T. ) ;
#127 = CLOSED_SHELL ( 'NONE', ( #4665, #1076, #2378, #556, #4232, #1715, #4773, #3271, #2845, #4837, #4085, #3534, #2039, #4217 ) ) ;
#128 = CARTESIAN_POINT ( 'NONE',  ( 0.4999999999999998890, 0.04000000000000000083, -0.6750000000000001554 ) ) ;
#129 = CARTESIAN_POINT ( 'NONE',  ( -0.1200000000000000927, 0.1599999999999999756, 0.2549999999999999489 ) ) ;
#130 = LINE ( 'NONE', #1323, #3472 ) ;
#131 = VECTOR ( 'NONE', #1550, 1000.000000000000000 ) ;
#132 = ORIENTED_EDGE ( 'NONE', *, *, #4972, .F. ) ;
#133 = EDGE_LOOP ( 'NONE', ( #1672, #4415, #3899, #1319 ) ) ;
#134 = EDGE_LOOP ( 'NONE', ( #3524, #3579, #4027, #4494, #5084, #2869, #3533, #27 ) ) ;
#135 = AXIS2_PLACEMENT_3D ( 'NONE', #3691, #1756, #612 ) ;
#136 = PLANE ( 'NONE',  #3986 ) ;
#137 = PLANE ( 'NONE',  #4770 ) ;
#138 = CARTESIAN_POINT ( 'NONE',  ( -7.781773657355639208E-17, 0.04000000000000000083, 0.6049999999999998712 ) ) ;
#139 = CARTESIAN_POINT ( 'NONE',  ( 0.1100000000000001671, 0.1599999999999999756, 0.6049999999999998712 ) ) ;
#140 = VERTEX_POINT ( 'NONE', #4556 ) ;
#141 = EDGE_CURVE ( 'NONE', #3826, #1446, #1848, .T. ) ;
#142 = ORIENTED_EDGE ( 'NONE', *, *, #1188, .F. ) ;
#143 = LINE ( 'NONE', #227, #342 ) ;
#144 = VECTOR ( 'NONE', #4877, 1000.000000000000000 ) ;
#145 = VERTEX_POINT ( 'NONE', #652 ) ;
#146 = AXIS2_PLACEMENT_3D ( 'NONE', #5063, #3101, #4678 ) ;
#147 = CARTESIAN_POINT ( 'NONE',  ( 0.1200000000000000649, 0.1599999999999999756, -0.6050000000000000933 ) ) ;
#148 = FACE_OUTER_BOUND ( 'NONE', #3000, .T. ) ;
#149 = LINE ( 'NONE', #1370, #3100 ) ;
#150 = ORIENTED_EDGE ( 'NONE', *, *, #1042, .F. ) ;
#151 = EDGE_CURVE ( 'NONE', #422, #2332, #4149, .T. ) ;
#152 = ORIENTED_EDGE ( 'NONE', *, *, #262, .T. ) ;
#153 = ORIENTED_EDGE ( 'NONE', *, *, #1292, .T. ) ;
#154 = CARTESIAN_POINT ( 'NONE',  ( -0.4299999999999999378, 0.04000000000000000083, 0.2549999999999999489 ) ) ;
#155 = DIRECTION ( 'NONE',  ( -6.802629345036383355E-33, -1.000000000000000000, -8.470329472542998460E-17 ) ) ;
#156 = DIRECTION ( 'NONE',  ( 0.000000000000000000, 1.000000000000000000, 0.000000000000000000 ) ) ;
#157 = LINE ( 'NONE', #3832, #3713 ) ;
#158 = VERTEX_POINT ( 'NONE', #627 ) ;
#159 = AXIS2_PLACEMENT_3D ( 'NONE', #3280, #2219, #4241 ) ;
#160 = VERTEX_POINT ( 'NONE', #3810 ) ;
#161 = ORIENTED_EDGE ( 'NONE', *, *, #3816, .T. ) ;
#162 = DIRECTION ( 'NONE',  ( 0.000000000000000000, -1.000000000000000000, 0.000000000000000000 ) ) ;
#163 = CARTESIAN_POINT ( 'NONE',  ( 0.000000000000000000, 0.000000000000000000, -0.6750000000000001554 ) ) ;
#164 = DIRECTION ( 'NONE',  ( 0.000000000000000000, 0.000000000000000000, 1.000000000000000000 ) ) ;
#165 = ORIENTED_EDGE ( 'NONE', *, *, #759, .F. ) ;
#166 = LINE ( 'NONE', #1750, #2485 ) ;
#167 = EDGE_CURVE ( 'NONE', #4185, #321, #2635, .T. ) ;
#168 = VERTEX_POINT ( 'NONE', #4865 ) ;
#169 = EDGE_CURVE ( 'NONE', #2456, #3542, #4992, .T. ) ;
#170 = LINE ( 'NONE', #3745, #1087 ) ;
#171 = LINE ( 'NONE', #2802, #3577 ) ;
#172 = PRESENTATION_LAYER_ASSIGNMENT (  '', '', ( #4357 ) ) ;
#173 = ADVANCED_FACE ( 'NONE', ( #1096 ), #4610, .T. ) ;
#174 = ORIENTED_EDGE ( 'NONE', *, *, #2963, .F. ) ;
#175 = VECTOR ( 'NONE', #604, 1000.000000000000000 ) ;
#176 = VECTOR ( 'NONE', #4430, 1000.000000000000000 ) ;
#177 = DIRECTION ( 'NONE',  ( -1.000000000000000000, 0.000000000000000000, 1.748713181428233547E-16 ) ) ;
#178 = DIRECTION ( 'NONE',  ( -0.7071067811865445751, 0.000000000000000000, -0.7071067811865504593 ) ) ;
#179 = FACE_OUTER_BOUND ( 'NONE', #272, .T. ) ;
#180 = VERTEX_POINT ( 'NONE', #3428 ) ;
#181 = VECTOR ( 'NONE', #5051, 1000.000000000000000 ) ;
#182 = ORIENTED_EDGE ( 'NONE', *, *, #1032, .F. ) ;
#183 = LINE ( 'NONE', #1063, #740 ) ;
#184 = VECTOR ( 'NONE', #2100, 1000.000000000000000 ) ;
#185 = CARTESIAN_POINT ( 'NONE',  ( 0.1100000000000001671, 0.09999999999999997780, 0.2794235880780059911 ) ) ;
#186 = CARTESIAN_POINT ( 'NONE',  ( -0.4299999999999999933, 0.1600000000000000033, 0.6049999999999998712 ) ) ;
#187 = PLANE ( 'NONE',  #4535 ) ;
#188 = ADVANCED_FACE ( 'NONE', ( #1477 ), #3035, .T. ) ;
#189 = DIRECTION ( 'NONE',  ( -1.000000000000000000, 0.000000000000000000, 0.000000000000000000 ) ) ;
#190 = ORIENTED_EDGE ( 'NONE', *, *, #4021, .F. ) ;
#191 = ORIENTED_EDGE ( 'NONE', *, *, #3770, .F. ) ;
#192 = DIRECTION ( 'NONE',  ( 0.000000000000000000, 1.000000000000000000, 0.000000000000000000 ) ) ;
#193 = CARTESIAN_POINT ( 'NONE',  ( -0.1200000000000000927, 0.1600000000000000033, 0.6049999999999998712 ) ) ;
#194 = DIRECTION ( 'NONE',  ( -1.084202172485504434E-16, 0.000000000000000000, -1.000000000000000000 ) ) ;
#195 = ORIENTED_EDGE ( 'NONE', *, *, #2382, .F. ) ;
#196 = PLANE ( 'NONE',  #4436 ) ;
#197 = ORIENTED_EDGE ( 'NONE', *, *, #4453, .F. ) ;
#198 = ORIENTED_EDGE ( 'NONE', *, *, #4246, .F. ) ;
#199 = EDGE_CURVE ( 'NONE', #1891, #4207, #3193, .T. ) ;
#200 = CARTESIAN_POINT ( 'NONE',  ( -0.5000000000000000000, 0.1599999999999926759, 0.6050000000000002043 ) ) ;
#201 = PLANE ( 'NONE',  #4077 ) ;
#202 = ORIENTED_EDGE ( 'NONE', *, *, #4942, .F. ) ;
#203 = VECTOR ( 'NONE', #1500, 1000.000000000000000 ) ;
#204 = ADVANCED_FACE ( 'NONE', ( #4074 ), #2059, .T. ) ;
#205 = CARTESIAN_POINT ( 'NONE',  ( 0.4300000000000000488, 0.000000000000000000, -0.09500000000000002887 ) ) ;
#206 = CARTESIAN_POINT ( 'NONE',  ( -0.1500000000000000777, 0.1600000000000000033, -0.6050000000000000933 ) ) ;
#207 = CARTESIAN_POINT ( 'NONE',  ( 0.5000000000000000000, 0.09999999999999512057, 0.09499999999999998723 ) ) ;
#208 = EDGE_LOOP ( 'NONE', ( #4851, #3918, #3003, #1155 ) ) ;
#209 = VECTOR ( 'NONE', #2989, 1000.000000000000000 ) ;
#210 = EDGE_CURVE ( 'NONE', #1443, #2988, #4458, .T. ) ;
#211 = DIRECTION ( 'NONE',  ( -0.000000000000000000, 1.000000000000000000, 0.000000000000000000 ) ) ;
#212 = DIRECTION ( 'NONE',  ( -8.031127203596329369E-17, -0.000000000000000000, -1.000000000000000000 ) ) ;
#213 = AXIS2_PLACEMENT_3D ( 'NONE', #3771, #2263, #226 ) ;
#214 = DIRECTION ( 'NONE',  ( -3.388131789017200370E-16, 0.000000000000000000, 1.000000000000000000 ) ) ;
#215 = CARTESIAN_POINT ( 'NONE',  ( -0.5000000000000000000, 0.1599999999999926759, 0.4450000000000001177 ) ) ;
#216 = DIRECTION ( 'NONE',  ( 0.000000000000000000, -0.000000000000000000, 1.000000000000000000 ) ) ;
#217 = ORIENTED_EDGE ( 'NONE', *, *, #1142, .T. ) ;
#218 = ORIENTED_EDGE ( 'NONE', *, *, #4379, .T. ) ;
#219 = DIRECTION ( 'NONE',  ( 0.000000000000000000, 0.000000000000000000, -1.000000000000000000 ) ) ;
#220 = DIRECTION ( 'NONE',  ( -1.000000000000000000, 0.000000000000000000, 8.031127203596330602E-17 ) ) ;
#221 = CARTESIAN_POINT ( 'NONE',  ( -0.1200000000000002454, 0.04000000000000000083, 1.049999999999999822 ) ) ;
#222 = DIRECTION ( 'NONE',  ( -1.748713181428233547E-16, 0.000000000000000000, -1.000000000000000000 ) ) ;
#223 = EDGE_LOOP ( 'NONE', ( #152, #2040, #826, #811, #2206, #1582 ) ) ;
#224 = VECTOR ( 'NONE', #156, 1000.000000000000000 ) ;
#225 = ADVANCED_FACE ( 'NONE', ( #2033 ), #4765, .F. ) ;
#226 = DIRECTION ( 'NONE',  ( 1.084202172485504434E-16, 0.000000000000000000, 1.000000000000000000 ) ) ;
#227 = CARTESIAN_POINT ( 'NONE',  ( 0.1200000000000000649, 0.1600000000000000033, -0.6050000000000000933 ) ) ;
#228 = CARTESIAN_POINT ( 'NONE',  ( -0.1100000000000003059, 0.1599999999999999756, 0.6749999999999999334 ) ) ;
#229 = EDGE_LOOP ( 'NONE', ( #3550, #1987, #2668, #976, #3218, #4252 ) ) ;
#230 = AXIS2_PLACEMENT_3D ( 'NONE', #2071, #564, #4445 ) ;
#231 = DIRECTION ( 'NONE',  ( 0.000000000000000000, 0.000000000000000000, -1.000000000000000000 ) ) ;
#232 = VECTOR ( 'NONE', #2455, 1000.000000000000000 ) ;
#233 = CARTESIAN_POINT ( 'NONE',  ( -0.4299999999999999933, 0.1000000000000000194, -0.6050000000000000933 ) ) ;
#234 = CARTESIAN_POINT ( 'NONE',  ( 0.4300000000000001044, 0.000000000000000000, -0.2550000000000000600 ) ) ;
#235 = VERTEX_POINT ( 'NONE', #2872 ) ;
#236 = EDGE_CURVE ( 'NONE', #1476, #793, #917, .T. ) ;
#237 = VECTOR ( 'NONE', #3824, 1000.000000000000000 ) ;
#238 = CARTESIAN_POINT ( 'NONE',  ( -0.1100000000000003059, 0.09999999999999997780, 0.6049999999999998712 ) ) ;
#239 = EDGE_CURVE ( 'NONE', #1815, #5005, #895, .T. ) ;
#240 = DIRECTION ( 'NONE',  ( 1.000000000000000000, 1.270549420881451988E-16, 0.000000000000000000 ) ) ;
#241 = DIRECTION ( 'NONE',  ( 0.000000000000000000, 1.000000000000000000, 0.000000000000000000 ) ) ;
#242 = FACE_OUTER_BOUND ( 'NONE', #2798, .T. ) ;
#243 = EDGE_LOOP ( 'NONE', ( #2350, #455, #816, #346 ) ) ;
#244 = ORIENTED_EDGE ( 'NONE', *, *, #3043, .T. ) ;
#245 = CARTESIAN_POINT ( 'NONE',  ( -0.1100000000000003059, 0.09999999999999997780, -0.6750000000000001554 ) ) ;
#246 = DIRECTION ( 'NONE',  ( 0.000000000000000000, 1.000000000000000000, 0.000000000000000000 ) ) ;
#247 = CARTESIAN_POINT ( 'NONE',  ( 0.4300000000000003819, 0.09999999999999757694, -0.2550000000000000044 ) ) ;
#248 = DIRECTION ( 'NONE',  ( 0.000000000000000000, 0.000000000000000000, -1.000000000000000000 ) ) ;
#249 = VERTEX_POINT ( 'NONE', #1328 ) ;
#250 = CARTESIAN_POINT ( 'NONE',  ( 0.5000000000000000000, 0.04000000000000000083, 0.6749999999999998224 ) ) ;
#251 = CARTESIAN_POINT ( 'NONE',  ( -0.1200000000000000927, 0.5088552708502482869, -0.09500000000000002887 ) ) ;
#252 = CARTESIAN_POINT ( 'NONE',  ( -0.4299999999999999933, 0.09999999999999757694, -0.2549999999999999489 ) ) ;
#253 = EDGE_CURVE ( 'NONE', #3665, #516, #1671, .T. ) ;
#254 = ORIENTED_EDGE ( 'NONE', *, *, #4714, .T. ) ;
#255 = CARTESIAN_POINT ( 'NONE',  ( -0.5000000000000000000, 0.09999999999999756306, -0.09499999999999989009 ) ) ;
#256 = EDGE_LOOP ( 'NONE', ( #2267, #2624, #374, #3161 ) ) ;
#257 = VECTOR ( 'NONE', #3938, 1000.000000000000000 ) ;
#258 = DIRECTION ( 'NONE',  ( 1.000000000000000000, -8.470329472543013251E-17, 0.000000000000000000 ) ) ;
#259 =( NAMED_UNIT ( * ) SI_UNIT ( $, .STERADIAN. ) SOLID_ANGLE_UNIT ( ) );
#260 = CARTESIAN_POINT ( 'NONE',  ( -0.1500000000000004940, 0.000000000000000000, -0.6050000000000000933 ) ) ;
#261 = LINE ( 'NONE', #2331, #1506 ) ;
#262 = EDGE_CURVE ( 'NONE', #1967, #2417, #944, .T. ) ;
#263 = CARTESIAN_POINT ( 'NONE',  ( 0.5000000000000000000, 0.1599999999999951461, 0.2550000000000000600 ) ) ;
#264 = VECTOR ( 'NONE', #4651, 1000.000000000000000 ) ;
#265 = ADVANCED_FACE ( 'NONE', ( #3581 ), #1720, .F. ) ;
#266 = ORIENTED_EDGE ( 'NONE', *, *, #2733, .F. ) ;
#267 = DIRECTION ( 'NONE',  ( -0.000000000000000000, 1.000000000000000000, 0.000000000000000000 ) ) ;
#268 = EDGE_CURVE ( 'NONE', #4196, #422, #3683, .T. ) ;
#269 = LINE ( 'NONE', #1851, #1494 ) ;
#270 = CARTESIAN_POINT ( 'NONE',  ( -0.4300000000000000488, 0.1600000000000000033, -0.6049999999999999822 ) ) ;
#271 = DIRECTION ( 'NONE',  ( -1.000000000000000000, 0.000000000000000000, -0.000000000000000000 ) ) ;
#272 = EDGE_LOOP ( 'NONE', ( #2441, #1283, #4752, #1839 ) ) ;
#273 = ADVANCED_FACE ( 'NONE', ( #4846 ), #1256, .F. ) ;
#274 = CARTESIAN_POINT ( 'NONE',  ( 0.1200000000000001205, 0.000000000000000000, -0.09499999999999997335 ) ) ;
#275 = CARTESIAN_POINT ( 'NONE',  ( 0.5000000000000000000, 0.1599999999999975608, -0.09499999999999995948 ) ) ;
#276 = CARTESIAN_POINT ( 'NONE',  ( -0.4299999999999999378, 0.1600000000000000588, -0.6750000000000000444 ) ) ;
#277 = ORIENTED_EDGE ( 'NONE', *, *, #3912, .F. ) ;
#278 = EDGE_CURVE ( 'NONE', #1944, #4643, #3243, .T. ) ;
#279 = LINE ( 'NONE', #1836, #3262 ) ;
#280 = CARTESIAN_POINT ( 'NONE',  ( 0.000000000000000000, 0.04000000000000000083, 0.4449999999999997846 ) ) ;
#281 = VERTEX_POINT ( 'NONE', #2446 ) ;
#282 = EDGE_CURVE ( 'NONE', #939, #3462, #3222, .T. ) ;
#283 = DIRECTION ( 'NONE',  ( -1.000000000000000000, -8.470329472543013251E-17, 0.000000000000000000 ) ) ;
#284 = CARTESIAN_POINT ( 'NONE',  ( -0.4299999999999999378, 0.000000000000000000, 0.6049999999999998712 ) ) ;
#285 = DIRECTION ( 'NONE',  ( -1.000000000000000000, 0.000000000000000000, 1.084202172485504434E-16 ) ) ;
#286 = DIRECTION ( 'NONE',  ( -1.000000000000000000, -0.000000000000000000, 8.031127203596330602E-17 ) ) ;
#287 = VERTEX_POINT ( 'NONE', #2846 ) ;
#288 = LINE ( 'NONE', #4528, #4975 ) ;
#289 = ORIENTED_EDGE ( 'NONE', *, *, #3682, .T. ) ;
#290 = EDGE_LOOP ( 'NONE', ( #3272, #3426, #2305, #4664, #1862, #4268 ) ) ;
#291 = CARTESIAN_POINT ( 'NONE',  ( 0.000000000000000000, 0.04000000000000000083, -0.4450000000000000067 ) ) ;
#292 = VECTOR ( 'NONE', #2153, 1000.000000000000000 ) ;
#293 = CARTESIAN_POINT ( 'NONE',  ( 0.1200000000000001205, 0.000000000000000000, 0.6049999999999999822 ) ) ;
#294 = DIRECTION ( 'NONE',  ( -0.000000000000000000, 1.000000000000000000, -0.000000000000000000 ) ) ;
#295 = CARTESIAN_POINT ( 'NONE',  ( -0.1200000000000000927, 0.5088552708502482869, 0.6049999999999998712 ) ) ;
#296 = VERTEX_POINT ( 'NONE', #1227 ) ;
#297 = VERTEX_POINT ( 'NONE', #4820 ) ;
#298 = LINE ( 'NONE', #274, #39 ) ;
#299 = ORIENTED_EDGE ( 'NONE', *, *, #2571, .T. ) ;
#300 = CLOSED_SHELL ( 'NONE', ( #2952, #452, #1618, #1161, #882, #4291, #4638, #3011, #3804, #1360, #188, #3212, #3661, #4598, #971, #2368, #409, #3330, #4993, #2252, #3105, #815, #2274, #2622, #3755, #4974, #1130, #3924, #1516, #3677, #3904, #204, #3375, #2268, #646, #5060, #3954, #4790, #4720, #4867, #886, #2848, #3907, #3539, #3392, #4211, #2581, #2193, #1608, #4816, #4264, #273, #362, #3592, #265, #2257, #1442, #1825, #4190, #1806, #1901, #4555, #2425, #356, #3196, #2041, #2901, #1183, #1333, #2433, #1802, #3828, #4148, #4259, #2408, #10 ) ) ;
#301 = DIRECTION ( 'NONE',  ( -1.000000000000000000, 0.000000000000000000, -3.388131789017200863E-16 ) ) ;
#302 = DIRECTION ( 'NONE',  ( -0.000000000000000000, -1.000000000000000000, -0.000000000000000000 ) ) ;
#303 = EDGE_CURVE ( 'NONE', #3466, #3172, #2790, .T. ) ;
#304 = VECTOR ( 'NONE', #650, 1000.000000000000000 ) ;
#305 = ORIENTED_EDGE ( 'NONE', *, *, #4348, .F. ) ;
#306 = VECTOR ( 'NONE', #5004, 1000.000000000000000 ) ;
#307 = DIRECTION ( 'NONE',  ( 0.000000000000000000, 0.000000000000000000, 1.000000000000000000 ) ) ;
#308 = DIRECTION ( 'NONE',  ( -1.000000000000000000, 0.000000000000000000, 1.748713181428233547E-16 ) ) ;
#309 = VERTEX_POINT ( 'NONE', #4404 ) ;
#310 = LINE ( 'NONE', #3830, #563 ) ;
#311 = LINE ( 'NONE', #1817, #615 ) ;
#312 = CARTESIAN_POINT ( 'NONE',  ( 0.4300000000000000488, 0.5088552708502482869, 0.6049999999999998712 ) ) ;
#313 = DIRECTION ( 'NONE',  ( -1.000000000000000000, 0.000000000000000000, -0.000000000000000000 ) ) ;
#314 = ORIENTED_EDGE ( 'NONE', *, *, #169, .F. ) ;
#315 = AXIS2_PLACEMENT_3D ( 'NONE', #5090, #3549, #3152 ) ;
#316 = EDGE_CURVE ( 'NONE', #287, #1406, #2418, .T. ) ;
#317 = ORIENTED_EDGE ( 'NONE', *, *, #2540, .T. ) ;
#318 = CARTESIAN_POINT ( 'NONE',  ( -0.4299999999999999378, 0.04000000000000000083, -0.4450000000000000067 ) ) ;
#319 = CARTESIAN_POINT ( 'NONE',  ( 0.4999999999999998890, 2.380029761641144326, -0.6750000000000001554 ) ) ;
#320 = CARTESIAN_POINT ( 'NONE',  ( 0.1200000000000001205, 0.1600000000000000033, 0.6049999999999998712 ) ) ;
#321 = VERTEX_POINT ( 'NONE', #2081 ) ;
#322 = CARTESIAN_POINT ( 'NONE',  ( 0.4299999999999999378, 0.1000000000000000194, -0.1194235880780060155 ) ) ;
#323 = ORIENTED_EDGE ( 'NONE', *, *, #583, .F. ) ;
#324 = VECTOR ( 'NONE', #4495, 1000.000000000000000 ) ;
#325 = CARTESIAN_POINT ( 'NONE',  ( 0.1200000000000001205, 0.1600000000000000033, 0.2550000000000000044 ) ) ;
#326 = DIRECTION ( 'NONE',  ( 0.000000000000000000, -1.000000000000000000, 0.000000000000000000 ) ) ;
#327 = ORIENTED_EDGE ( 'NONE', *, *, #1639, .F. ) ;
#328 = VECTOR ( 'NONE', #1445, 1000.000000000000000 ) ;
#329 = EDGE_CURVE ( 'NONE', #3959, #4716, #3633, .T. ) ;
#330 = FACE_OUTER_BOUND ( 'NONE', #229, .T. ) ;
#331 = PLANE ( 'NONE',  #1255 ) ;
#332 = CARTESIAN_POINT ( 'NONE',  ( 0.1100000000000001671, 0.1599999999999999756, 0.6749999999999999334 ) ) ;
#333 = VERTEX_POINT ( 'NONE', #250 ) ;
#334 = DIRECTION ( 'NONE',  ( 1.084202172485504434E-16, -0.000000000000000000, 1.000000000000000000 ) ) ;
#335 = CARTESIAN_POINT ( 'NONE',  ( 0.5000000000000000000, 0.1600000000000000033, -0.6050000000000000933 ) ) ;
#336 = DIRECTION ( 'NONE',  ( -1.000000000000000000, -1.270549420881451741E-16, 0.000000000000000000 ) ) ;
#337 = EDGE_LOOP ( 'NONE', ( #4352, #2609, #3726, #4051 ) ) ;
#338 = VECTOR ( 'NONE', #1458, 1000.000000000000000 ) ;
#339 = ORIENTED_EDGE ( 'NONE', *, *, #1157, .F. ) ;
#340 = DIRECTION ( 'NONE',  ( 1.000000000000000000, 0.000000000000000000, -0.000000000000000000 ) ) ;
#341 = EDGE_CURVE ( 'NONE', #858, #2279, #4206, .T. ) ;
#342 = VECTOR ( 'NONE', #501, 1000.000000000000000 ) ;
#343 = CARTESIAN_POINT ( 'NONE',  ( -0.4300000000000000488, 0.04000000000000002165, 0.09500000000000002887 ) ) ;
#344 = CARTESIAN_POINT ( 'NONE',  ( -0.1200000000000000372, 0.1600000000000000033, 0.4449999999999997846 ) ) ;
#345 = LINE ( 'NONE', #5052, #1491 ) ;
#346 = ORIENTED_EDGE ( 'NONE', *, *, #663, .F. ) ;
#347 = VERTEX_POINT ( 'NONE', #686 ) ;
#348 = AXIS2_PLACEMENT_3D ( 'NONE', #4361, #849, #3901 ) ;
#349 = DIRECTION ( 'NONE',  ( 1.000000000000000000, -1.270549420881451988E-16, -3.497426362856467093E-16 ) ) ;
#350 = AXIS2_PLACEMENT_3D ( 'NONE', #2149, #3317, #4913 ) ;
#351 = FACE_OUTER_BOUND ( 'NONE', #3250, .T. ) ;
#352 = CARTESIAN_POINT ( 'NONE',  ( -0.07000000000000007605, 0.5539543120718442015, -0.4450000000000000067 ) ) ;
#353 = ORIENTED_EDGE ( 'NONE', *, *, #4609, .T. ) ;
#354 = DIRECTION ( 'NONE',  ( -0.000000000000000000, 1.000000000000000000, -0.000000000000000000 ) ) ;
#355 = ORIENTED_EDGE ( 'NONE', *, *, #1124, .F. ) ;
#356 = ADVANCED_FACE ( 'NONE', ( #3794 ), #1515, .F. ) ;
#357 = SURFACE_STYLE_USAGE ( .BOTH. , #432 ) ;
#358 = DIRECTION ( 'NONE',  ( -1.748713181428233547E-16, 0.000000000000000000, -1.000000000000000000 ) ) ;
#359 = CARTESIAN_POINT ( 'NONE',  ( -0.4299999999999999933, 0.09999999999999757694, -0.2549999999999999489 ) ) ;
#360 = VERTEX_POINT ( 'NONE', #3359 ) ;
#361 = ORIENTED_EDGE ( 'NONE', *, *, #4394, .T. ) ;
#362 = ADVANCED_FACE ( 'NONE', ( #2213 ), #1829, .F. ) ;
#363 = LINE ( 'NONE', #1954, #4903 ) ;
#364 =( GEOMETRIC_REPRESENTATION_CONTEXT ( 3 ) GLOBAL_UNCERTAINTY_ASSIGNED_CONTEXT ( ( #4393 ) ) GLOBAL_UNIT_ASSIGNED_CONTEXT ( ( #4986, #4551, #259 ) ) REPRESENTATION_CONTEXT ( 'NONE', 'WORKASPACE' ) );
#365 = DIRECTION ( 'NONE',  ( -1.084202172485504434E-16, 0.000000000000000000, -1.000000000000000000 ) ) ;
#366 = DIRECTION ( 'NONE',  ( 0.000000000000000000, 0.000000000000000000, 1.000000000000000000 ) ) ;
#367 = DIRECTION ( 'NONE',  ( 1.000000000000000000, -0.000000000000000000, -0.000000000000000000 ) ) ;
#368 = ORIENTED_EDGE ( 'NONE', *, *, #1229, .F. ) ;
#369 = ORIENTED_EDGE ( 'NONE', *, *, #262, .F. ) ;
#370 = DIRECTION ( 'NONE',  ( -0.000000000000000000, 1.000000000000000000, -0.000000000000000000 ) ) ;
#371 = CARTESIAN_POINT ( 'NONE',  ( -0.4300000000000000488, 0.04000000000000002165, 0.4449999999999998956 ) ) ;
#372 = VECTOR ( 'NONE', #162, 1000.000000000000000 ) ;
#373 = LINE ( 'NONE', #1964, #4735 ) ;
#374 = ORIENTED_EDGE ( 'NONE', *, *, #3304, .T. ) ;
#375 = EDGE_CURVE ( 'NONE', #4544, #3172, #298, .T. ) ;
#376 = FACE_OUTER_BOUND ( 'NONE', #774, .T. ) ;
#377 = AXIS2_PLACEMENT_3D ( 'NONE', #1995, #358, #434 ) ;
#378 = DIRECTION ( 'NONE',  ( -0.000000000000000000, 1.000000000000000000, 0.000000000000000000 ) ) ;
#379 = ORIENTED_EDGE ( 'NONE', *, *, #1003, .F. ) ;
#380 = AXIS2_PLACEMENT_3D ( 'NONE', #424, #2473, #2447 ) ;
#381 = PLANE ( 'NONE',  #2954 ) ;
#382 = DIRECTION ( 'NONE',  ( 0.000000000000000000, 1.000000000000000000, 0.000000000000000000 ) ) ;
#383 = LINE ( 'NONE', #3108, #2940 ) ;
#384 = EDGE_CURVE ( 'NONE', #2937, #4207, #2237, .T. ) ;
#385 = EDGE_LOOP ( 'NONE', ( #1594, #468, #4834, #277 ) ) ;
#386 = FACE_OUTER_BOUND ( 'NONE', #2152, .T. ) ;
#387 = EDGE_CURVE ( 'NONE', #4724, #1682, #3044, .T. ) ;
#388 = DIRECTION ( 'NONE',  ( 0.000000000000000000, -1.000000000000000000, 0.000000000000000000 ) ) ;
#389 = DIRECTION ( 'NONE',  ( -1.270549420881451741E-16, -1.000000000000000000, 0.000000000000000000 ) ) ;
#390 = FACE_BOUND ( 'NONE', #122, .T. ) ;
#391 = VECTOR ( 'NONE', #4368, 1000.000000000000000 ) ;
#392 = ORIENTED_EDGE ( 'NONE', *, *, #1820, .T. ) ;
#393 = ORIENTED_EDGE ( 'NONE', *, *, #167, .F. ) ;
#394 = VECTOR ( 'NONE', #3279, 1000.000000000000000 ) ;
#395 = CARTESIAN_POINT ( 'NONE',  ( -0.1200000000000000372, 0.5088552708502482869, -0.6050000000000000933 ) ) ;
#396 = DIRECTION ( 'NONE',  ( -3.388131789017199877E-16, 0.000000000000000000, -1.000000000000000000 ) ) ;
#397 = ORIENTED_EDGE ( 'NONE', *, *, #994, .T. ) ;
#398 = DIRECTION ( 'NONE',  ( -3.388131789017200863E-16, 0.000000000000000000, 1.000000000000000000 ) ) ;
#399 = EDGE_CURVE ( 'NONE', #140, #4592, #5030, .T. ) ;
#400 = CARTESIAN_POINT ( 'NONE',  ( -0.1200000000000000372, 0.1599999999999999756, -0.2550000000000000600 ) ) ;
#401 = VERTEX_POINT ( 'NONE', #1439 ) ;
#402 = VECTOR ( 'NONE', #178, 1000.000000000000114 ) ;
#403 = VECTOR ( 'NONE', #2896, 1000.000000000000000 ) ;
#404 = FILL_AREA_STYLE ('',( #851 ) ) ;
#405 = PLANE ( 'NONE',  #377 ) ;
#406 = FACE_OUTER_BOUND ( 'NONE', #1460, .T. ) ;
#407 = EDGE_LOOP ( 'NONE', ( #2833, #1554, #4011, #4893 ) ) ;
#408 = VERTEX_POINT ( 'NONE', #3845 ) ;
#409 = ADVANCED_FACE ( 'NONE', ( #1462 ), #2616, .F. ) ;
#410 = PLANE ( 'NONE',  #3759 ) ;
#411 = CARTESIAN_POINT ( 'NONE',  ( 0.4300000000000001044, 0.09999999999999269196, 0.4450000000000000067 ) ) ;
#412 = EDGE_CURVE ( 'NONE', #2636, #584, #1881, .T. ) ;
#413 = FACE_OUTER_BOUND ( 'NONE', #2677, .T. ) ;
#414 = FACE_BOUND ( 'NONE', #872, .T. ) ;
#415 = AXIS2_PLACEMENT_3D ( 'NONE', #1540, #3191, #4306 ) ;
#416 = ORIENTED_EDGE ( 'NONE', *, *, #329, .T. ) ;
#417 = EDGE_CURVE ( 'NONE', #3793, #1776, #3435, .T. ) ;
#418 = CARTESIAN_POINT ( 'NONE',  ( -0.5000000000000000000, 0.1600000000000000033, -0.6050000000000000933 ) ) ;
#419 = EDGE_CURVE ( 'NONE', #2516, #507, #1077, .T. ) ;
#420 = AXIS2_PLACEMENT_3D ( 'NONE', #3517, #2740, #769 ) ;
#421 = LINE ( 'NONE', #13, #90 ) ;
#422 = VERTEX_POINT ( 'NONE', #4645 ) ;
#423 = AXIS2_PLACEMENT_3D ( 'NONE', #4376, #1274, #2074 ) ;
#424 = CARTESIAN_POINT ( 'NONE',  ( 0.000000000000000000, 0.000000000000000000, 0.3499999999999999778 ) ) ;
#425 = VERTEX_POINT ( 'NONE', #1131 ) ;
#426 = EDGE_CURVE ( 'NONE', #3888, #1453, #637, .T. ) ;
#427 = VECTOR ( 'NONE', #3712, 1000.000000000000000 ) ;
#428 = LINE ( 'NONE', #2718, #3291 ) ;
#429 = FACE_OUTER_BOUND ( 'NONE', #4475, .T. ) ;
#430 = ORIENTED_EDGE ( 'NONE', *, *, #3479, .F. ) ;
#431 = EDGE_CURVE ( 'NONE', #2526, #1552, #2645, .T. ) ;
#432 = SURFACE_SIDE_STYLE ('',( #4656 ) ) ;
#433 = EDGE_CURVE ( 'NONE', #2449, #4196, #1413, .T. ) ;
#434 = DIRECTION ( 'NONE',  ( -1.000000000000000000, 0.000000000000000000, 1.748713181428233547E-16 ) ) ;
#435 = DIRECTION ( 'NONE',  ( 1.000000000000000000, 1.270549420881451741E-16, 0.000000000000000000 ) ) ;
#436 = VERTEX_POINT ( 'NONE', #2669 ) ;
#437 = EDGE_CURVE ( 'NONE', #4884, #1891, #3743, .T. ) ;
#438 = VERTEX_POINT ( 'NONE', #4539 ) ;
#439 = ORIENTED_EDGE ( 'NONE', *, *, #4914, .F. ) ;
#440 = FACE_OUTER_BOUND ( 'NONE', #4677, .T. ) ;
#441 = DIRECTION ( 'NONE',  ( -0.000000000000000000, 1.000000000000000000, -0.000000000000000000 ) ) ;
#442 = FACE_OUTER_BOUND ( 'NONE', #114, .T. ) ;
#443 = CARTESIAN_POINT ( 'NONE',  ( -0.4299999999999999933, 0.1600000000000000033, 0.2794235880780059911 ) ) ;
#444 = LINE ( 'NONE', #836, #960 ) ;
#445 = CARTESIAN_POINT ( 'NONE',  ( -0.1100000000000003059, 0.1599999999999999756, 0.6749999999999999334 ) ) ;
#446 = CARTESIAN_POINT ( 'NONE',  ( 0.2274999999999993971, 0.1600000000000000033, -0.2274999999999975653 ) ) ;
#447 = DIRECTION ( 'NONE',  ( 0.000000000000000000, -1.000000000000000000, 0.000000000000000000 ) ) ;
#448 = FACE_OUTER_BOUND ( 'NONE', #2891, .T. ) ;
#449 = VECTOR ( 'NONE', #3837, 1000.000000000000000 ) ;
#450 = ORIENTED_EDGE ( 'NONE', *, *, #3456, .T. ) ;
#451 = VECTOR ( 'NONE', #3919, 1000.000000000000000 ) ;
#452 = ADVANCED_FACE ( 'NONE', ( #2589 ), #4156, .T. ) ;
#453 = FILL_AREA_STYLE_COLOUR ( '', #4772 ) ;
#454 = LINE ( 'NONE', #605, #3051 ) ;
#455 = ORIENTED_EDGE ( 'NONE', *, *, #1787, .T. ) ;
#456 = DIRECTION ( 'NONE',  ( -6.802629345036386092E-33, -1.000000000000000000, -8.470329472543000925E-17 ) ) ;
#457 = DIRECTION ( 'NONE',  ( 8.031127203596329369E-17, 0.000000000000000000, 1.000000000000000000 ) ) ;
#458 = LINE ( 'NONE', #825, #3176 ) ;
#459 = ORIENTED_EDGE ( 'NONE', *, *, #692, .F. ) ;
#460 = VERTEX_POINT ( 'NONE', #2343 ) ;
#461 = AXIS2_PLACEMENT_3D ( 'NONE', #1808, #2454, #4515 ) ;
#462 = ORIENTED_EDGE ( 'NONE', *, *, #282, .F. ) ;
#463 = LINE ( 'NONE', #4808, #3587 ) ;
#464 = CARTESIAN_POINT ( 'NONE',  ( 0.1200000000000002731, 0.04000000000000000083, 0.6999999999999998446 ) ) ;
#465 = CARTESIAN_POINT ( 'NONE',  ( -0.4299999999999999933, 0.09999999999999512057, 0.09500000000000007050 ) ) ;
#466 = LINE ( 'NONE', #3186, #2005 ) ;
#467 = EDGE_CURVE ( 'NONE', #4482, #2583, #3486, .T. ) ;
#468 = ORIENTED_EDGE ( 'NONE', *, *, #1216, .F. ) ;
#469 = ORIENTED_EDGE ( 'NONE', *, *, #2566, .F. ) ;
#470 = CARTESIAN_POINT ( 'NONE',  ( -0.5000000000000000000, 2.380029761641144326, 0.6750000000000000444 ) ) ;
#471 = AXIS2_PLACEMENT_3D ( 'NONE', #695, #3806, #1816 ) ;
#472 = VECTOR ( 'NONE', #3958, 1000.000000000000000 ) ;
#473 = DIRECTION ( 'NONE',  ( 0.000000000000000000, 8.470329472542998460E-17, -1.000000000000000000 ) ) ;
#474 = DIRECTION ( 'NONE',  ( -6.802629345036380618E-33, -1.000000000000000000, -8.470329472542995995E-17 ) ) ;
#475 = CARTESIAN_POINT ( 'NONE',  ( -0.5000000000000000000, 0.1599999999999926759, 0.4450000000000001177 ) ) ;
#476 = EDGE_LOOP ( 'NONE', ( #1129, #883, #846, #502, #2367 ) ) ;
#477 = VECTOR ( 'NONE', #2823, 1000.000000000000000 ) ;
#478 = LINE ( 'NONE', #2062, #2890 ) ;
#479 = ADVANCED_FACE ( 'NONE', ( #4281 ), #3968, .F. ) ;
#480 = ORIENTED_EDGE ( 'NONE', *, *, #1425, .F. ) ;
#481 = EDGE_CURVE ( 'NONE', #4046, #4196, #1225, .T. ) ;
#482 = EDGE_CURVE ( 'NONE', #249, #1434, #3943, .T. ) ;
#483 = LINE ( 'NONE', #4829, #4186 ) ;
#484 = CARTESIAN_POINT ( 'NONE',  ( -0.4300000000000000488, 0.09999999999999754918, -0.2549999999999999489 ) ) ;
#485 = ORIENTED_EDGE ( 'NONE', *, *, #2490, .T. ) ;
#486 = ORIENTED_EDGE ( 'NONE', *, *, #2733, .T. ) ;
#487 = PRODUCT_DEFINITION_CONTEXT ( 'detailed design', #1925, 'design' ) ;
#488 = ORIENTED_EDGE ( 'NONE', *, *, #341, .F. ) ;
#489 = LINE ( 'NONE', #2834, #4005 ) ;
#490 = CARTESIAN_POINT ( 'NONE',  ( 0.4299999999999998268, 0.5088552708502482869, -0.6050000000000000933 ) ) ;
#491 = LINE ( 'NONE', #2073, #3506 ) ;
#492 = CARTESIAN_POINT ( 'NONE',  ( -0.4299999999999996048, 0.04000000000000000083, 0.3500000000000002554 ) ) ;
#493 = CARTESIAN_POINT ( 'NONE',  ( -0.1200000000000000927, 0.5088552708502482869, 0.2549999999999999489 ) ) ;
#494 = EDGE_CURVE ( 'NONE', #3693, #3786, #3535, .T. ) ;
#495 = DIRECTION ( 'NONE',  ( -0.000000000000000000, 8.470329472542998460E-17, -1.000000000000000000 ) ) ;
#496 = CARTESIAN_POINT ( 'NONE',  ( 0.4300000000000000488, 0.09999999999999267808, 0.6049999999999998712 ) ) ;
#497 = CARTESIAN_POINT ( 'NONE',  ( -0.1200000000000000372, 0.1600000000000000033, 0.09499999999999991784 ) ) ;
#498 = DIRECTION ( 'NONE',  ( 1.000000000000000000, 0.000000000000000000, 0.000000000000000000 ) ) ;
#499 = VERTEX_POINT ( 'NONE', #2414 ) ;
#500 = VECTOR ( 'NONE', #4696, 1000.000000000000000 ) ;
#501 = DIRECTION ( 'NONE',  ( 0.000000000000000000, -1.000000000000000000, 0.000000000000000000 ) ) ;
#502 = ORIENTED_EDGE ( 'NONE', *, *, #817, .T. ) ;
#503 = AXIS2_PLACEMENT_3D ( 'NONE', #320, #1511, #2689 ) ;
#504 = PLANE ( 'NONE',  #1148 ) ;
#505 = CARTESIAN_POINT ( 'NONE',  ( -0.3700000000000001066, 0.3499999999999999778, -0.5950000000000001954 ) ) ;
#506 = CARTESIAN_POINT ( 'NONE',  ( -0.5000000000000000000, 0.000000000000000000, 0.000000000000000000 ) ) ;
#507 = VERTEX_POINT ( 'NONE', #1612 ) ;
#508 = ORIENTED_EDGE ( 'NONE', *, *, #3754, .F. ) ;
#509 = VERTEX_POINT ( 'NONE', #418 ) ;
#510 = DIRECTION ( 'NONE',  ( 0.000000000000000000, 0.000000000000000000, -1.000000000000000000 ) ) ;
#511 = PLANE ( 'NONE',  #3187 ) ;
#512 = EDGE_CURVE ( 'NONE', #1928, #297, #2736, .T. ) ;
#513 = CARTESIAN_POINT ( 'NONE',  ( -0.4299999999999999933, 0.09999999999999756306, -0.09499999999999989009 ) ) ;
#514 = LINE ( 'NONE', #993, #184 ) ;
#515 = ORIENTED_EDGE ( 'NONE', *, *, #2355, .T. ) ;
#516 = VERTEX_POINT ( 'NONE', #4351 ) ;
#517 = DIRECTION ( 'NONE',  ( -1.084202172485504434E-16, -0.000000000000000000, -1.000000000000000000 ) ) ;
#518 = DIRECTION ( 'NONE',  ( -3.388131789017200863E-16, 0.000000000000000000, 1.000000000000000000 ) ) ;
#519 = CARTESIAN_POINT ( 'NONE',  ( 0.000000000000000000, 0.000000000000000000, 0.000000000000000000 ) ) ;
#520 = LINE ( 'NONE', #3300, #1082 ) ;
#521 = ORIENTED_EDGE ( 'NONE', *, *, #4405, .T. ) ;
#522 = ORIENTED_EDGE ( 'NONE', *, *, #2792, .T. ) ;
#523 = DIRECTION ( 'NONE',  ( 6.776263578034405671E-16, -0.000000000000000000, 1.000000000000000000 ) ) ;
#524 = EDGE_CURVE ( 'NONE', #3224, #3564, #5056, .T. ) ;
#525 = VERTEX_POINT ( 'NONE', #445 ) ;
#526 = VECTOR ( 'NONE', #2760, 1000.000000000000000 ) ;
#527 = LINE ( 'NONE', #1393, #3019 ) ;
#528 = LINE ( 'NONE', #3200, #4341 ) ;
#529 = PLANE ( 'NONE',  #4006 ) ;
#530 = ORIENTED_EDGE ( 'NONE', *, *, #1855, .T. ) ;
#531 = ORIENTED_EDGE ( 'NONE', *, *, #1514, .F. ) ;
#532 = EDGE_LOOP ( 'NONE', ( #5061, #4841, #1742, #4549 ) ) ;
#533 = CARTESIAN_POINT ( 'NONE',  ( -0.5000000000000000000, 0.000000000000000000, 0.000000000000000000 ) ) ;
#534 = VECTOR ( 'NONE', #677, 1000.000000000000000 ) ;
#535 = EDGE_CURVE ( 'NONE', #1267, #4383, #2007, .T. ) ;
#536 = CARTESIAN_POINT ( 'NONE',  ( 0.4300000000000001044, 0.04000000000000000083, -0.2550000000000000600 ) ) ;
#537 = DIRECTION ( 'NONE',  ( 1.000000000000000000, 1.270549420881451741E-16, 0.000000000000000000 ) ) ;
#538 = PLANE ( 'NONE',  #4777 ) ;
#539 = VECTOR ( 'NONE', #3451, 1000.000000000000000 ) ;
#540 = VERTEX_POINT ( 'NONE', #3578 ) ;
#541 = EDGE_CURVE ( 'NONE', #607, #2281, #3118, .T. ) ;
#542 = ORIENTED_EDGE ( 'NONE', *, *, #1157, .T. ) ;
#543 = VECTOR ( 'NONE', #2714, 1000.000000000000000 ) ;
#544 = CARTESIAN_POINT ( 'NONE',  ( -2.115942949528163001E-16, 0.04000000000000000083, 0.4449999999999997846 ) ) ;
#545 = ADVANCED_FACE ( 'NONE', ( #2317 ), #33, .T. ) ;
#546 = CARTESIAN_POINT ( 'NONE',  ( 0.1100000000000001671, 0.09999999999999997780, 0.2794235880780059911 ) ) ;
#547 = DIRECTION ( 'NONE',  ( 1.000000000000000000, -1.270549420881451741E-16, 0.000000000000000000 ) ) ;
#548 = CARTESIAN_POINT ( 'NONE',  ( -0.1200000000000000927, 0.1600000000000000033, -0.4450000000000000067 ) ) ;
#549 = CARTESIAN_POINT ( 'NONE',  ( 0.1200000000000001482, 0.1599999999999999756, 0.6049999999999998712 ) ) ;
#550 = EDGE_LOOP ( 'NONE', ( #732, #1941, #5047, #4363 ) ) ;
#551 = VERTEX_POINT ( 'NONE', #1937 ) ;
#552 = CARTESIAN_POINT ( 'NONE',  ( -0.4299999999999999378, 0.1000000000000000194, -0.1194235880780060155 ) ) ;
#553 = CARTESIAN_POINT ( 'NONE',  ( -0.1200000000000000927, 0.1600000000000000033, 0.2549999999999999489 ) ) ;
#554 = VECTOR ( 'NONE', #388, 1000.000000000000000 ) ;
#555 = VERTEX_POINT ( 'NONE', #3095 ) ;
#556 = ADVANCED_FACE ( 'NONE', ( #1180 ), #4741, .F. ) ;
#557 = CARTESIAN_POINT ( 'NONE',  ( 0.1100000000000001671, 0.09999999999999997780, 0.6749999999999999334 ) ) ;
#558 = CARTESIAN_POINT ( 'NONE',  ( 0.2274999999999993971, 0.04000000000000000083, -0.2274999999999975653 ) ) ;
#559 = DIRECTION ( 'NONE',  ( -1.000000000000000000, -8.470329472543013251E-17, 0.000000000000000000 ) ) ;
#560 = VERTEX_POINT ( 'NONE', #3190 ) ;
#561 = ORIENTED_EDGE ( 'NONE', *, *, #2322, .T. ) ;
#562 = ORIENTED_EDGE ( 'NONE', *, *, #2476, .F. ) ;
#563 = VECTOR ( 'NONE', #1499, 1000.000000000000000 ) ;
#564 = DIRECTION ( 'NONE',  ( -0.000000000000000000, -1.000000000000000000, -0.000000000000000000 ) ) ;
#565 = DIRECTION ( 'NONE',  ( -6.802629345036384724E-33, -1.000000000000000000, -8.470329472542998460E-17 ) ) ;
#566 = PLANE ( 'NONE',  #2851 ) ;
#567 = DIRECTION ( 'NONE',  ( 0.000000000000000000, 0.000000000000000000, -1.000000000000000000 ) ) ;
#568 = DIRECTION ( 'NONE',  ( -6.776263578034405671E-16, 0.000000000000000000, -1.000000000000000000 ) ) ;
#569 = VECTOR ( 'NONE', #1761, 1000.000000000000000 ) ;
#570 = VECTOR ( 'NONE', #600, 1000.000000000000000 ) ;
#571 = EDGE_LOOP ( 'NONE', ( #3716, #621, #2981, #2481, #2022, #1688 ) ) ;
#572 = EDGE_CURVE ( 'NONE', #168, #1120, #11, .T. ) ;
#573 = CARTESIAN_POINT ( 'NONE',  ( -0.1100000000000003059, 0.1599999999999999756, -0.6750000000000001554 ) ) ;
#574 = CARTESIAN_POINT ( 'NONE',  ( 0.1100000000000001671, 0.1599999999999999756, -0.6750000000000001554 ) ) ;
#575 = LINE ( 'NONE', #221, #3468 ) ;
#576 = ORIENTED_EDGE ( 'NONE', *, *, #467, .F. ) ;
#577 =( LENGTH_UNIT ( ) NAMED_UNIT ( * ) SI_UNIT ( .MILLI., .METRE. ) );
#578 = EDGE_LOOP ( 'NONE', ( #2440, #2633, #217, #3395 ) ) ;
#579 = EDGE_CURVE ( 'NONE', #3436, #4215, #3871, .T. ) ;
#580 = ORIENTED_EDGE ( 'NONE', *, *, #5039, .F. ) ;
#581 = DIRECTION ( 'NONE',  ( -1.000000000000000000, 1.270549420881451741E-16, -0.000000000000000000 ) ) ;
#582 = DIRECTION ( 'NONE',  ( 0.000000000000000000, -1.000000000000000000, 0.000000000000000000 ) ) ;
#583 = EDGE_CURVE ( 'NONE', #3823, #5012, #3512, .T. ) ;
#584 = VERTEX_POINT ( 'NONE', #1204 ) ;
#585 = VECTOR ( 'NONE', #4976, 1000.000000000000000 ) ;
#586 = VECTOR ( 'NONE', #4134, 1000.000000000000000 ) ;
#587 = DIRECTION ( 'NONE',  ( 0.000000000000000000, -1.000000000000000000, 0.000000000000000000 ) ) ;
#588 = DIRECTION ( 'NONE',  ( -1.748713181428233547E-16, 0.000000000000000000, -1.000000000000000000 ) ) ;
#589 = FACE_OUTER_BOUND ( 'NONE', #4069, .T. ) ;
#590 = VERTEX_POINT ( 'NONE', #4325 ) ;
#591 = VECTOR ( 'NONE', #1035, 1000.000000000000000 ) ;
#592 = EDGE_CURVE ( 'NONE', #968, #722, #812, .T. ) ;
#593 = ORIENTED_EDGE ( 'NONE', *, *, #745, .F. ) ;
#594 = PLANE ( 'NONE',  #2783 ) ;
#595 = VECTOR ( 'NONE', #3424, 1000.000000000000000 ) ;
#596 = CARTESIAN_POINT ( 'NONE',  ( 0.4299999999999998823, 0.1000000000000000194, 0.2794235880780059911 ) ) ;
#597 = DIRECTION ( 'NONE',  ( 0.000000000000000000, 0.000000000000000000, -1.000000000000000000 ) ) ;
#598 = CARTESIAN_POINT ( 'NONE',  ( 0.1200000000000000649, 0.1599999999999999756, -0.2550000000000000600 ) ) ;
#599 = EDGE_CURVE ( 'NONE', #3709, #863, #4048, .T. ) ;
#600 = DIRECTION ( 'NONE',  ( -0.000000000000000000, 8.470329472542998460E-17, -1.000000000000000000 ) ) ;
#601 = EDGE_LOOP ( 'NONE', ( #4715, #1233, #1743, #2015, #339, #906 ) ) ;
#602 = ORIENTED_EDGE ( 'NONE', *, *, #978, .T. ) ;
#603 = CARTESIAN_POINT ( 'NONE',  ( -0.1100000000000002781, 0.1599999999999999756, -0.5649999999999999467 ) ) ;
#604 = DIRECTION ( 'NONE',  ( -6.776263578034406657E-16, 0.000000000000000000, -1.000000000000000000 ) ) ;
#605 = CARTESIAN_POINT ( 'NONE',  ( -0.1200000000000000927, 0.1599999999999999756, 0.2549999999999999489 ) ) ;
#606 = PRESENTATION_STYLE_ASSIGNMENT (( #4104 ) ) ;
#607 = VERTEX_POINT ( 'NONE', #2129 ) ;
#608 = EDGE_CURVE ( 'NONE', #707, #2114, #3220, .T. ) ;
#609 = VERTEX_POINT ( 'NONE', #3295 ) ;
#610 = DIRECTION ( 'NONE',  ( 1.000000000000000000, 0.000000000000000000, -1.748713181428233300E-16 ) ) ;
#611 = EDGE_CURVE ( 'NONE', #2526, #939, #2470, .T. ) ;
#612 = DIRECTION ( 'NONE',  ( -3.388131789017199384E-16, 0.000000000000000000, -1.000000000000000000 ) ) ;
#613 = ORIENTED_EDGE ( 'NONE', *, *, #680, .T. ) ;
#614 = EDGE_CURVE ( 'NONE', #3685, #2660, #3322, .T. ) ;
#615 = VECTOR ( 'NONE', #3372, 1000.000000000000000 ) ;
#616 = DIRECTION ( 'NONE',  ( 1.000000000000000000, 0.000000000000000000, 0.000000000000000000 ) ) ;
#617 = PLANE ( 'NONE',  #843 ) ;
#618 = DIRECTION ( 'NONE',  ( -1.084202172485504434E-16, 0.000000000000000000, -1.000000000000000000 ) ) ;
#619 = ORIENTED_EDGE ( 'NONE', *, *, #3867, .F. ) ;
#620 = AXIS2_PLACEMENT_3D ( 'NONE', #3086, #3526, #4637 ) ;
#621 = ORIENTED_EDGE ( 'NONE', *, *, #3226, .F. ) ;
#622 = LINE ( 'NONE', #2602, #2308 ) ;
#623 =( LENGTH_UNIT ( ) NAMED_UNIT ( * ) SI_UNIT ( .MILLI., .METRE. ) );
#624 = VECTOR ( 'NONE', #4673, 1000.000000000000000 ) ;
#625 = CARTESIAN_POINT ( 'NONE',  ( 0.4299999999999999378, 0.1000000000000000194, -0.4450000000000000067 ) ) ;
#626 = CARTESIAN_POINT ( 'NONE',  ( -0.1100000000000002504, 0.09999999999999997780, -0.1194235880780061126 ) ) ;
#627 = CARTESIAN_POINT ( 'NONE',  ( -0.1200000000000000372, 0.000000000000000000, -0.2550000000000000600 ) ) ;
#628 = ORIENTED_EDGE ( 'NONE', *, *, #3013, .F. ) ;
#629 = ORIENTED_EDGE ( 'NONE', *, *, #3143, .T. ) ;
#630 = CARTESIAN_POINT ( 'NONE',  ( 0.000000000000000000, 0.04000000000000000083, -0.6050000000000000933 ) ) ;
#631 = LINE ( 'NONE', #2208, #4434 ) ;
#632 = CARTESIAN_POINT ( 'NONE',  ( 0.1200000000000001205, 0.5088552708502482869, 0.6049999999999999822 ) ) ;
#633 = EDGE_CURVE ( 'NONE', #3564, #784, #3607, .T. ) ;
#634 =( LENGTH_UNIT ( ) NAMED_UNIT ( * ) SI_UNIT ( .MILLI., .METRE. ) );
#635 = ORIENTED_EDGE ( 'NONE', *, *, #3121, .T. ) ;
#636 = VECTOR ( 'NONE', #1474, 1000.000000000000000 ) ;
#637 = LINE ( 'NONE', #2692, #1366 ) ;
#638 = ORIENTED_EDGE ( 'NONE', *, *, #873, .F. ) ;
#639 = CARTESIAN_POINT ( 'NONE',  ( 0.1200000000000000649, 0.5088552708502482869, -0.6050000000000000933 ) ) ;
#640 = CARTESIAN_POINT ( 'NONE',  ( -0.5000000000000000000, 0.09999999999999510669, 0.2550000000000001710 ) ) ;
#641 = ORIENTED_EDGE ( 'NONE', *, *, #2996, .T. ) ;
#642 = EDGE_CURVE ( 'NONE', #923, #2830, #1353, .T. ) ;
#643 = VECTOR ( 'NONE', #3890, 1000.000000000000000 ) ;
#644 = DIRECTION ( 'NONE',  ( 1.000000000000000000, 0.000000000000000000, -8.031127203596330602E-17 ) ) ;
#645 = ORIENTED_EDGE ( 'NONE', *, *, #866, .F. ) ;
#646 = ADVANCED_FACE ( 'NONE', ( #2870 ), #136, .T. ) ;
#647 = VECTOR ( 'NONE', #177, 1000.000000000000000 ) ;
#648 = ORIENTED_EDGE ( 'NONE', *, *, #44, .F. ) ;
#649 = CARTESIAN_POINT ( 'NONE',  ( -0.4299999999999999933, 0.1600000000000000033, -0.6750000000000001554 ) ) ;
#650 = DIRECTION ( 'NONE',  ( -0.000000000000000000, -1.000000000000000000, -0.000000000000000000 ) ) ;
#651 = DIRECTION ( 'NONE',  ( 0.000000000000000000, -8.470329472542995995E-17, 1.000000000000000000 ) ) ;
#652 = CARTESIAN_POINT ( 'NONE',  ( -0.3700000000000001066, 0.2999999999999999889, -0.4950000000000001066 ) ) ;
#653 = ORIENTED_EDGE ( 'NONE', *, *, #965, .F. ) ;
#654 = ORIENTED_EDGE ( 'NONE', *, *, #482, .T. ) ;
#655 = DIRECTION ( 'NONE',  ( -1.084202172485504434E-16, 0.000000000000000000, -1.000000000000000000 ) ) ;
#656 = LINE ( 'NONE', #3405, #2326 ) ;
#657 = LINE ( 'NONE', #2666, #4699 ) ;
#658 = LINE ( 'NONE', #3407, #667 ) ;
#659 = AXIS2_PLACEMENT_3D ( 'NONE', #952, #2119, #4878 ) ;
#660 = ORIENTED_EDGE ( 'NONE', *, *, #4285, .T. ) ;
#661 = EDGE_CURVE ( 'NONE', #3328, #3521, #2491, .T. ) ;
#662 = CARTESIAN_POINT ( 'NONE',  ( -0.1100000000000003059, 0.09999999999999997780, 0.2794235880780059911 ) ) ;
#663 = EDGE_CURVE ( 'NONE', #4521, #460, #111, .T. ) ;
#664 = CARTESIAN_POINT ( 'NONE',  ( 0.1200000000000000649, 0.04000000000000002165, -0.2550000000000000600 ) ) ;
#665 = CARTESIAN_POINT ( 'NONE',  ( 0.4300000000000004929, 0.1000000000000000194, -0.6050000000000000933 ) ) ;
#666 = ORIENTED_EDGE ( 'NONE', *, *, #772, .T. ) ;
#667 = VECTOR ( 'NONE', #1127, 1000.000000000000000 ) ;
#668 = DIRECTION ( 'NONE',  ( -1.000000000000000000, -0.000000000000000000, 8.031127203596330602E-17 ) ) ;
#669 = CARTESIAN_POINT ( 'NONE',  ( 0.1100000000000001671, 0.09999999999999997780, 0.2794235880780059911 ) ) ;
#670 = VECTOR ( 'NONE', #3136, 1000.000000000000000 ) ;
#671 = ORIENTED_EDGE ( 'NONE', *, *, #1467, .T. ) ;
#672 = VECTOR ( 'NONE', #523, 1000.000000000000000 ) ;
#673 = CARTESIAN_POINT ( 'NONE',  ( -0.1200000000000000927, 0.1600000000000000033, 0.6049999999999998712 ) ) ;
#674 = CARTESIAN_POINT ( 'NONE',  ( 0.4999999999999998890, 0.3500000000000000333, -0.6750000000000001554 ) ) ;
#675 = LINE ( 'NONE', #2632, #1259 ) ;
#676 = ORIENTED_EDGE ( 'NONE', *, *, #1190, .T. ) ;
#677 = DIRECTION ( 'NONE',  ( 0.000000000000000000, -8.470329472543000925E-17, 1.000000000000000000 ) ) ;
#678 = ORIENTED_EDGE ( 'NONE', *, *, #2685, .T. ) ;
#679 = CARTESIAN_POINT ( 'NONE',  ( 0.4300000000000001044, 0.04000000000000000083, 0.09499999999999991784 ) ) ;
#680 = EDGE_CURVE ( 'NONE', #2660, #1300, #4894, .T. ) ;
#681 = LINE ( 'NONE', #2359, #670 ) ;
#682 = PLANE ( 'NONE',  #503 ) ;
#683 = DIRECTION ( 'NONE',  ( -0.000000000000000000, 0.000000000000000000, 1.000000000000000000 ) ) ;
#684 = ORIENTED_EDGE ( 'NONE', *, *, #1914, .F. ) ;
#685 = VERTEX_POINT ( 'NONE', #970 ) ;
#686 = CARTESIAN_POINT ( 'NONE',  ( -0.5000000000000000000, 0.1600000000000000033, -0.6050000000000000933 ) ) ;
#687 = PLANE ( 'NONE',  #2800 ) ;
#688 = DIRECTION ( 'NONE',  ( 0.000000000000000000, -1.000000000000000000, 0.000000000000000000 ) ) ;
#689 = ORIENTED_EDGE ( 'NONE', *, *, #772, .F. ) ;
#690 = PRESENTATION_STYLE_ASSIGNMENT (( #3852 ) ) ;
#691 = LINE ( 'NONE', #2575, #5028 ) ;
#692 = EDGE_CURVE ( 'NONE', #1682, #140, #84, .T. ) ;
#693 = ORIENTED_EDGE ( 'NONE', *, *, #1623, .F. ) ;
#694 = ORIENTED_EDGE ( 'NONE', *, *, #1261, .F. ) ;
#695 = CARTESIAN_POINT ( 'NONE',  ( 0.1100000000000002226, 0.09999999999999997780, -0.1194235880780061126 ) ) ;
#696 = CARTESIAN_POINT ( 'NONE',  ( 0.2591199250936492837, 0.09999999999999512057, 0.09500000000000000111 ) ) ;
#697 = DIRECTION ( 'NONE',  ( -6.776263578034406657E-16, 0.000000000000000000, -1.000000000000000000 ) ) ;
#698 = CARTESIAN_POINT ( 'NONE',  ( 0.2275000000000002021, -0.000000000000000000, -0.2275000000000013956 ) ) ;
#699 = ORIENTED_EDGE ( 'NONE', *, *, #611, .T. ) ;
#700 = DIRECTION ( 'NONE',  ( 0.000000000000000000, 0.000000000000000000, 1.000000000000000000 ) ) ;
#701 = EDGE_CURVE ( 'NONE', #436, #2784, #4817, .T. ) ;
#702 = LINE ( 'NONE', #1509, #4387 ) ;
#703 = VECTOR ( 'NONE', #4973, 1000.000000000000000 ) ;
#704 = LINE ( 'NONE', #4152, #1009 ) ;
#705 = CARTESIAN_POINT ( 'NONE',  ( -0.4299999999999999378, 0.1000000000000000194, -0.1194235880780061126 ) ) ;
#706 =( LENGTH_UNIT ( ) NAMED_UNIT ( * ) SI_UNIT ( .MILLI., .METRE. ) );
#707 = VERTEX_POINT ( 'NONE', #2843 ) ;
#708 = VERTEX_POINT ( 'NONE', #573 ) ;
#709 = EDGE_CURVE ( 'NONE', #1976, #401, #1325, .T. ) ;
#710 = EDGE_CURVE ( 'NONE', #3856, #3182, #2512, .T. ) ;
#711 = DIRECTION ( 'NONE',  ( 0.000000000000000000, -1.000000000000000000, 0.000000000000000000 ) ) ;
#712 = EDGE_CURVE ( 'NONE', #2606, #1704, #2105, .T. ) ;
#713 = ORIENTED_EDGE ( 'NONE', *, *, #4004, .T. ) ;
#714 = CARTESIAN_POINT ( 'NONE',  ( -0.1200000000000000372, 0.1600000000000000033, -0.6050000000000000933 ) ) ;
#715 = LINE ( 'NONE', #3439, #543 ) ;
#716 = VECTOR ( 'NONE', #1577, 1000.000000000000000 ) ;
#717 = ORIENTED_EDGE ( 'NONE', *, *, #2691, .F. ) ;
#718 = AXIS2_PLACEMENT_3D ( 'NONE', #3488, #326, #1518 ) ;
#719 = DIRECTION ( 'NONE',  ( 0.000000000000000000, 1.000000000000000000, 0.000000000000000000 ) ) ;
#720 = CARTESIAN_POINT ( 'NONE',  ( 0.000000000000000000, 0.1600000000000000033, 0.3499999999999999778 ) ) ;
#721 = CARTESIAN_POINT ( 'NONE',  ( 0.1200000000000001205, 0.1599999999999999756, -0.09499999999999997335 ) ) ;
#722 = VERTEX_POINT ( 'NONE', #4454 ) ;
#723 = AXIS2_PLACEMENT_3D ( 'NONE', #2778, #5048, #340 ) ;
#724 = AXIS2_PLACEMENT_3D ( 'NONE', #4879, #2171, #121 ) ;
#725 = PLANE ( 'NONE',  #2789 ) ;
#726 = LINE ( 'NONE', #1600, #4978 ) ;
#727 = CARTESIAN_POINT ( 'NONE',  ( -0.1200000000000000372, 0.1599999999999999756, 0.4449999999999998401 ) ) ;
#728 = VERTEX_POINT ( 'NONE', #1771 ) ;
#729 = ORIENTED_EDGE ( 'NONE', *, *, #1565, .T. ) ;
#730 = VECTOR ( 'NONE', #3724, 1000.000000000000000 ) ;
#731 = VERTEX_POINT ( 'NONE', #3652 ) ;
#732 = ORIENTED_EDGE ( 'NONE', *, *, #2807, .F. ) ;
#733 = CARTESIAN_POINT ( 'NONE',  ( 0.2591199250936492837, 0.1000000000000000056, -0.4450000000000000067 ) ) ;
#734 = DIRECTION ( 'NONE',  ( 0.000000000000000000, -1.000000000000000000, 0.000000000000000000 ) ) ;
#735 = CARTESIAN_POINT ( 'NONE',  ( -0.4299999999999999378, 0.000000000000000000, -0.4450000000000000067 ) ) ;
#736 = APPLICATION_PROTOCOL_DEFINITION ( 'draft international standard', 'automotive_design', 1998, #1652 ) ;
#737 = ORIENTED_EDGE ( 'NONE', *, *, #759, .T. ) ;
#738 = ORIENTED_EDGE ( 'NONE', *, *, #2272, .T. ) ;
#739 = CARTESIAN_POINT ( 'NONE',  ( 0.1200000000000000649, 0.1599999999999999756, 0.09499999999999991784 ) ) ;
#740 = VECTOR ( 'NONE', #4143, 1000.000000000000000 ) ;
#741 = DIRECTION ( 'NONE',  ( -1.000000000000000000, 0.000000000000000000, 1.084202172485504434E-16 ) ) ;
#742 = CARTESIAN_POINT ( 'NONE',  ( 0.1200000000000001205, 0.000000000000000000, -0.4449999999999999512 ) ) ;
#743 = EDGE_CURVE ( 'NONE', #1815, #3888, #3241, .T. ) ;
#744 = ORIENTED_EDGE ( 'NONE', *, *, #3062, .T. ) ;
#745 = EDGE_CURVE ( 'NONE', #760, #708, #1666, .T. ) ;
#746 = CARTESIAN_POINT ( 'NONE',  ( -0.4299999999999999378, 0.5088552708502482869, -0.4450000000000000067 ) ) ;
#747 = LINE ( 'NONE', #1232, #2568 ) ;
#748 = ORIENTED_EDGE ( 'NONE', *, *, #4028, .F. ) ;
#749 = DIRECTION ( 'NONE',  ( 0.000000000000000000, 0.000000000000000000, 1.000000000000000000 ) ) ;
#750 = DIRECTION ( 'NONE',  ( -1.000000000000000000, 0.000000000000000000, -3.388131789017200370E-16 ) ) ;
#751 = CARTESIAN_POINT ( 'NONE',  ( 0.4299999999999998823, 0.1000000000000000194, 0.6049999999999998712 ) ) ;
#752 = ORIENTED_EDGE ( 'NONE', *, *, #4876, .T. ) ;
#753 = ORIENTED_EDGE ( 'NONE', *, *, #2794, .T. ) ;
#754 = AXIS2_PLACEMENT_3D ( 'NONE', #3798, #3022, #4593 ) ;
#755 = ORIENTED_EDGE ( 'NONE', *, *, #4274, .F. ) ;
#756 = DIRECTION ( 'NONE',  ( 3.388131789017200370E-16, 0.000000000000000000, -1.000000000000000000 ) ) ;
#757 = LINE ( 'NONE', #3963, #2452 ) ;
#758 = FACE_OUTER_BOUND ( 'NONE', #4595, .T. ) ;
#759 = EDGE_CURVE ( 'NONE', #1263, #761, #2443, .T. ) ;
#760 = VERTEX_POINT ( 'NONE', #603 ) ;
#761 = VERTEX_POINT ( 'NONE', #318 ) ;
#762 = VECTOR ( 'NONE', #3494, 1000.000000000000000 ) ;
#763 = CARTESIAN_POINT ( 'NONE',  ( 0.1100000000000001671, 0.1599999999999999756, 0.2794235880780059911 ) ) ;
#764 = CIRCLE ( 'NONE', #350, 0.05000000000000002359 ) ;
#765 = DIRECTION ( 'NONE',  ( 1.000000000000000000, -0.000000000000000000, -2.168404344971008868E-16 ) ) ;
#766 = DIRECTION ( 'NONE',  ( 0.000000000000000000, -0.000000000000000000, 1.000000000000000000 ) ) ;
#767 = ORIENTED_EDGE ( 'NONE', *, *, #4095, .T. ) ;
#768 = EDGE_CURVE ( 'NONE', #1776, #3569, #4994, .T. ) ;
#769 = DIRECTION ( 'NONE',  ( 1.000000000000000000, 0.000000000000000000, -3.497426362856467093E-16 ) ) ;
#770 = CARTESIAN_POINT ( 'NONE',  ( 0.000000000000000000, 0.000000000000000000, 0.6999999999999999556 ) ) ;
#771 = ORIENTED_EDGE ( 'NONE', *, *, #268, .F. ) ;
#772 = EDGE_CURVE ( 'NONE', #3597, #2412, #2561, .T. ) ;
#773 = EDGE_LOOP ( 'NONE', ( #3077, #4406, #4831, #4608 ) ) ;
#774 = EDGE_LOOP ( 'NONE', ( #439, #997, #2808, #4941 ) ) ;
#775 = LINE ( 'NONE', #1947, #77 ) ;
#776 = CARTESIAN_POINT ( 'NONE',  ( 0.1100000000000001671, 0.09999999999999997780, -0.6750000000000001554 ) ) ;
#777 = DIRECTION ( 'NONE',  ( 0.000000000000000000, -1.000000000000000000, 0.000000000000000000 ) ) ;
#778 = ORIENTED_EDGE ( 'NONE', *, *, #4453, .T. ) ;
#779 = ORIENTED_EDGE ( 'NONE', *, *, #1520, .T. ) ;
#780 = CARTESIAN_POINT ( 'NONE',  ( 0.4300000000000002154, 0.09999999999999512057, 0.09499999999999998723 ) ) ;
#781 = LINE ( 'NONE', #1660, #2697 ) ;
#782 = DIRECTION ( 'NONE',  ( 1.000000000000000000, -1.270549420881451741E-16, 0.000000000000000000 ) ) ;
#783 = CARTESIAN_POINT ( 'NONE',  ( 0.1200000000000001205, 0.000000000000000000, -0.09499999999999997335 ) ) ;
#784 = VERTEX_POINT ( 'NONE', #679 ) ;
#785 = EDGE_CURVE ( 'NONE', #3462, #4097, #3015, .T. ) ;
#786 = CARTESIAN_POINT ( 'NONE',  ( 0.5000000000000000000, 0.1599999999999951461, 0.09499999999999998723 ) ) ;
#787 = CARTESIAN_POINT ( 'NONE',  ( 0.5000000000000000000, 0.3500000000000000333, 0.6749999999999998224 ) ) ;
#788 = EDGE_LOOP ( 'NONE', ( #2900, #1801, #3733, #1146 ) ) ;
#789 = CLOSED_SHELL ( 'NONE', ( #4487, #3903, #4360, #38, #4674, #982, #3884, #2826, #2009, #820, #173, #4338, #545, #1723 ) ) ;
#790 = CARTESIAN_POINT ( 'NONE',  ( 0.4300000000000000488, 0.1600000000000000033, 0.6049999999999998712 ) ) ;
#791 = VECTOR ( 'NONE', #1973, 1000.000000000000000 ) ;
#792 = CARTESIAN_POINT ( 'NONE',  ( -2.115942949528163001E-16, 0.04000000000000000083, 0.09499999999999991784 ) ) ;
#793 = VERTEX_POINT ( 'NONE', #3735 ) ;
#794 = EDGE_CURVE ( 'NONE', #4482, #3697, #4532, .T. ) ;
#795 = VECTOR ( 'NONE', #582, 1000.000000000000000 ) ;
#796 = EDGE_CURVE ( 'NONE', #2621, #2526, #4200, .T. ) ;
#797 = ORIENTED_EDGE ( 'NONE', *, *, #4080, .T. ) ;
#798 = ORIENTED_EDGE ( 'NONE', *, *, #2479, .T. ) ;
#799 = EDGE_CURVE ( 'NONE', #2543, #3551, #3787, .T. ) ;
#800 = LINE ( 'NONE', #2746, #131 ) ;
#801 = DIRECTION ( 'NONE',  ( -1.084202172485504434E-16, -0.000000000000000000, -1.000000000000000000 ) ) ;
#802 = ORIENTED_EDGE ( 'NONE', *, *, #2415, .T. ) ;
#803 = EDGE_CURVE ( 'NONE', #1878, #3109, #702, .T. ) ;
#804 = DIRECTION ( 'NONE',  ( -1.000000000000000000, 0.000000000000000000, 8.031127203596330602E-17 ) ) ;
#805 = LINE ( 'NONE', #147, #2298 ) ;
#806 = EDGE_CURVE ( 'NONE', #1443, #1489, #1902, .T. ) ;
#807 = CARTESIAN_POINT ( 'NONE',  ( -0.4300000000000000488, 0.04000000000000002165, -0.6049999999999999822 ) ) ;
#808 = DIRECTION ( 'NONE',  ( 0.000000000000000000, 0.000000000000000000, 1.000000000000000000 ) ) ;
#809 = VECTOR ( 'NONE', #777, 1000.000000000000000 ) ;
#810 = EDGE_LOOP ( 'NONE', ( #1951, #515, #880, #4386 ) ) ;
#811 = ORIENTED_EDGE ( 'NONE', *, *, #1247, .T. ) ;
#812 = LINE ( 'NONE', #4402, #4155 ) ;
#813 = CARTESIAN_POINT ( 'NONE',  ( -0.5000000000000000000, 0.000000000000000000, 0.000000000000000000 ) ) ;
#814 = SURFACE_STYLE_USAGE ( .BOTH. , #4382 ) ;
#815 = ADVANCED_FACE ( 'NONE', ( #3404 ), #2663, .F. ) ;
#816 = ORIENTED_EDGE ( 'NONE', *, *, #4662, .T. ) ;
#817 = EDGE_CURVE ( 'NONE', #1343, #2104, #2584, .T. ) ;
#818 = DIRECTION ( 'NONE',  ( 6.776263578034405671E-16, -0.000000000000000000, 1.000000000000000000 ) ) ;
#819 = LINE ( 'NONE', #41, #3211 ) ;
#820 = ADVANCED_FACE ( 'NONE', ( #4559 ), #4918, .T. ) ;
#821 = ORIENTED_EDGE ( 'NONE', *, *, #4502, .F. ) ;
#822 = AXIS2_PLACEMENT_3D ( 'NONE', #669, #3443, #4188 ) ;
#823 = VECTOR ( 'NONE', #1043, 1000.000000000000000 ) ;
#824 = CARTESIAN_POINT ( 'NONE',  ( -0.1200000000000000927, 0.5088552708502482869, 0.6049999999999998712 ) ) ;
#825 = CARTESIAN_POINT ( 'NONE',  ( 0.1100000000000001671, 0.09999999999999997780, 0.6049999999999998712 ) ) ;
#826 = ORIENTED_EDGE ( 'NONE', *, *, #3645, .T. ) ;
#827 = EDGE_CURVE ( 'NONE', #296, #4719, #3455, .T. ) ;
#828 = ORIENTED_EDGE ( 'NONE', *, *, #303, .T. ) ;
#829 = ORIENTED_EDGE ( 'NONE', *, *, #3788, .F. ) ;
#830 = LINE ( 'NONE', #3961, #3099 ) ;
#831 = CYLINDRICAL_SURFACE ( 'NONE', #1636, 0.05000000000000002359 ) ;
#832 = AXIS2_PLACEMENT_3D ( 'NONE', #3946, #222, #2082 ) ;
#833 = PLANE ( 'NONE',  #3790 ) ;
#834 = CARTESIAN_POINT ( 'NONE',  ( 0.5000000000000000000, 0.1599999999999926759, 0.4450000000000000067 ) ) ;
#835 = CIRCLE ( 'NONE', #1664, 0.05000000000000002359 ) ;
#836 = CARTESIAN_POINT ( 'NONE',  ( -0.4300000000000000488, 0.5088552708502482869, -0.2549999999999999489 ) ) ;
#837 = ORIENTED_EDGE ( 'NONE', *, *, #4543, .F. ) ;
#838 = EDGE_CURVE ( 'NONE', #4892, #2537, #2256, .T. ) ;
#839 = DIRECTION ( 'NONE',  ( -1.000000000000000000, 0.000000000000000000, 0.000000000000000000 ) ) ;
#840 = CIRCLE ( 'NONE', #1498, 0.05000000000000002359 ) ;
#841 = ORIENTED_EDGE ( 'NONE', *, *, #431, .T. ) ;
#842 = LINE ( 'NONE', #446, #3463 ) ;
#843 = AXIS2_PLACEMENT_3D ( 'NONE', #3394, #2270, #3367 ) ;
#844 = DIRECTION ( 'NONE',  ( -0.000000000000000000, -1.000000000000000000, -0.000000000000000000 ) ) ;
#845 = CARTESIAN_POINT ( 'NONE',  ( 0.5000000000000000000, 0.1000000000000000056, -0.4450000000000000067 ) ) ;
#846 = ORIENTED_EDGE ( 'NONE', *, *, #1026, .F. ) ;
#847 = VECTOR ( 'NONE', #3215, 1000.000000000000000 ) ;
#848 = CARTESIAN_POINT ( 'NONE',  ( -0.1100000000000003059, 0.09999999999999997780, 0.6749999999999999334 ) ) ;
#849 = DIRECTION ( 'NONE',  ( 0.000000000000000000, 1.000000000000000000, 0.000000000000000000 ) ) ;
#850 = ORIENTED_EDGE ( 'NONE', *, *, #1337, .F. ) ;
#851 = FILL_AREA_STYLE_COLOUR ( '', #1234 ) ;
#852 = CARTESIAN_POINT ( 'NONE',  ( -0.1200000000000000927, 0.5088552708502482869, 0.6049999999999998712 ) ) ;
#853 = CARTESIAN_POINT ( 'NONE',  ( -0.3700000000000001066, 0.1585786437626903189, -0.4950000000000001066 ) ) ;
#854 = ORIENTED_EDGE ( 'NONE', *, *, #827, .T. ) ;
#855 = ORIENTED_EDGE ( 'NONE', *, *, #3736, .T. ) ;
#856 = UNCERTAINTY_MEASURE_WITH_UNIT (LENGTH_MEASURE( 1.000000000000000082E-05 ), #1313, 'distance_accuracy_value', 'NONE');
#857 = ORIENTED_EDGE ( 'NONE', *, *, #69, .F. ) ;
#858 = VERTEX_POINT ( 'NONE', #4965 ) ;
#859 = PLANE ( 'NONE',  #1548 ) ;
#860 = PLANE ( 'NONE',  #1141 ) ;
#861 = DIRECTION ( 'NONE',  ( 1.000000000000000000, 0.000000000000000000, 0.000000000000000000 ) ) ;
#862 = CARTESIAN_POINT ( 'NONE',  ( 0.1100000000000001671, 0.09999999999999997780, 0.6049999999999998712 ) ) ;
#863 = VERTEX_POINT ( 'NONE', #1100 ) ;
#864 = EDGE_LOOP ( 'NONE', ( #2220, #752, #74, #3301 ) ) ;
#865 = AXIS2_PLACEMENT_3D ( 'NONE', #1844, #334, #4578 ) ;
#866 = EDGE_CURVE ( 'NONE', #3503, #3793, #4613, .T. ) ;
#867 = DIRECTION ( 'NONE',  ( -1.084202172485504434E-16, 0.000000000000000000, -1.000000000000000000 ) ) ;
#868 = DIRECTION ( 'NONE',  ( 0.000000000000000000, 1.000000000000000000, 0.000000000000000000 ) ) ;
#869 = EDGE_CURVE ( 'NONE', #2784, #934, #2282, .T. ) ;
#870 = DIRECTION ( 'NONE',  ( -1.000000000000000000, 8.470329472543013251E-17, 0.000000000000000000 ) ) ;
#871 = VECTOR ( 'NONE', #3065, 1000.000000000000000 ) ;
#872 = EDGE_LOOP ( 'NONE', ( #165, #2420, #1455, #2333, #2469 ) ) ;
#873 = EDGE_CURVE ( 'NONE', #2590, #516, #1872, .T. ) ;
#874 = VECTOR ( 'NONE', #711, 1000.000000000000000 ) ;
#875 = CARTESIAN_POINT ( 'NONE',  ( 0.4300000000000000488, 0.09999999999999510669, 0.2550000000000001155 ) ) ;
#876 = VERTEX_POINT ( 'NONE', #2610 ) ;
#877 = CARTESIAN_POINT ( 'NONE',  ( -0.5000000000000000000, 0.1600000000000000033, -0.4449999999999998956 ) ) ;
#878 = PLANE ( 'NONE',  #461 ) ;
#879 = CARTESIAN_POINT ( 'NONE',  ( 0.1200000000000000649, 0.000000000000000000, 0.4449999999999998401 ) ) ;
#880 = ORIENTED_EDGE ( 'NONE', *, *, #2717, .T. ) ;
#881 = AXIS2_PLACEMENT_3D ( 'NONE', #4472, #2532, #4810 ) ;
#882 = ADVANCED_FACE ( 'NONE', ( #1850 ), #3430, .T. ) ;
#883 = ORIENTED_EDGE ( 'NONE', *, *, #1185, .F. ) ;
#884 = ORIENTED_EDGE ( 'NONE', *, *, #4972, .T. ) ;
#885 = PLANE ( 'NONE',  #1386 ) ;
#886 = ADVANCED_FACE ( 'NONE', ( #3111 ), #2, .T. ) ;
#887 = PLANE ( 'NONE',  #5049 ) ;
#888 = DIRECTION ( 'NONE',  ( -1.000000000000000000, -0.000000000000000000, 8.031127203596330602E-17 ) ) ;
#889 = LINE ( 'NONE', #2439, #847 ) ;
#890 = ORIENTED_EDGE ( 'NONE', *, *, #2106, .T. ) ;
#891 = DIRECTION ( 'NONE',  ( -0.000000000000000000, -1.000000000000000000, -0.000000000000000000 ) ) ;
#892 = VECTOR ( 'NONE', #4395, 1000.000000000000000 ) ;
#893 = VECTOR ( 'NONE', #4931, 1000.000000000000000 ) ;
#894 = DIRECTION ( 'NONE',  ( 0.000000000000000000, 1.000000000000000000, 0.000000000000000000 ) ) ;
#895 = LINE ( 'NONE', #497, #3388 ) ;
#896 = LINE ( 'NONE', #4631, #1580 ) ;
#897 = ORIENTED_EDGE ( 'NONE', *, *, #4067, .T. ) ;
#898 = VECTOR ( 'NONE', #2422, 1000.000000000000000 ) ;
#899 = PLANE ( 'NONE',  #4854 ) ;
#900 = ORIENTED_EDGE ( 'NONE', *, *, #2111, .T. ) ;
#901 = ADVANCED_FACE ( 'NONE', ( #440 ), #2356, .F. ) ;
#902 = DIRECTION ( 'NONE',  ( 0.000000000000000000, -0.000000000000000000, 1.000000000000000000 ) ) ;
#903 = DIRECTION ( 'NONE',  ( 0.000000000000000000, 1.000000000000000000, 0.000000000000000000 ) ) ;
#904 = VERTEX_POINT ( 'NONE', #4299 ) ;
#905 = ORIENTED_EDGE ( 'NONE', *, *, #4274, .T. ) ;
#906 = ORIENTED_EDGE ( 'NONE', *, *, #1309, .T. ) ;
#907 = VERTEX_POINT ( 'NONE', #1196 ) ;
#908 = DIRECTION ( 'NONE',  ( 1.000000000000000000, 1.270549420881451741E-16, -1.748713181428233547E-16 ) ) ;
#909 = DIRECTION ( 'NONE',  ( -0.000000000000000000, -0.000000000000000000, 1.000000000000000000 ) ) ;
#910 = DIRECTION ( 'NONE',  ( -1.000000000000000000, 0.000000000000000000, -0.000000000000000000 ) ) ;
#911 = CARTESIAN_POINT ( 'NONE',  ( -0.5000000000000000000, 0.1599999999999975608, -0.2549999999999999489 ) ) ;
#912 = ORIENTED_EDGE ( 'NONE', *, *, #3543, .T. ) ;
#913 = ORIENTED_EDGE ( 'NONE', *, *, #2970, .T. ) ;
#914 = CARTESIAN_POINT ( 'NONE',  ( -0.1100000000000002504, 0.1599999999999999756, -0.1194235880780060155 ) ) ;
#915 = EDGE_CURVE ( 'NONE', #509, #5065, #3134, .T. ) ;
#916 = DIRECTION ( 'NONE',  ( 0.000000000000000000, 0.000000000000000000, -1.000000000000000000 ) ) ;
#917 = LINE ( 'NONE', #3999, #4700 ) ;
#918 = FILL_AREA_STYLE_COLOUR ( '', #4 ) ;
#919 = ORIENTED_EDGE ( 'NONE', *, *, #3094, .F. ) ;
#920 = VECTOR ( 'NONE', #3634, 1000.000000000000000 ) ;
#921 = AXIS2_PLACEMENT_3D ( 'NONE', #2365, #2819, #396 ) ;
#922 = CARTESIAN_POINT ( 'NONE',  ( -0.4299999999999999378, 0.000000000000000000, 0.6049999999999998712 ) ) ;
#923 = VERTEX_POINT ( 'NONE', #4253 ) ;
#924 = AXIS2_PLACEMENT_3D ( 'NONE', #2564, #1648, #1024 ) ;
#925 = VECTOR ( 'NONE', #870, 1000.000000000000000 ) ;
#926 = EDGE_CURVE ( 'NONE', #1, #4544, #2336, .T. ) ;
#927 = VECTOR ( 'NONE', #844, 1000.000000000000000 ) ;
#928 = LINE ( 'NONE', #2194, #144 ) ;
#929 = FACE_OUTER_BOUND ( 'NONE', #3860, .T. ) ;
#930 = LINE ( 'NONE', #986, #4991 ) ;
#931 = ORIENTED_EDGE ( 'NONE', *, *, #3739, .F. ) ;
#932 = EDGE_CURVE ( 'NONE', #3172, #2918, #2728, .T. ) ;
#933 = ORIENTED_EDGE ( 'NONE', *, *, #4757, .T. ) ;
#934 = VERTEX_POINT ( 'NONE', #52 ) ;
#935 = LINE ( 'NONE', #2435, #2047 ) ;
#936 = CARTESIAN_POINT ( 'NONE',  ( -0.4299999999999999378, 0.1600000000000000033, -0.4450000000000000067 ) ) ;
#937 = LINE ( 'NONE', #4016, #3748 ) ;
#938 = FACE_OUTER_BOUND ( 'NONE', #3642, .T. ) ;
#939 = VERTEX_POINT ( 'NONE', #1930 ) ;
#940 = ORIENTED_EDGE ( 'NONE', *, *, #2427, .T. ) ;
#941 = DIRECTION ( 'NONE',  ( -1.000000000000000000, -1.270549420881451741E-16, 0.000000000000000000 ) ) ;
#942 = CARTESIAN_POINT ( 'NONE',  ( 0.1100000000000001671, 0.1599999999999999756, 0.6749999999999999334 ) ) ;
#943 = DIRECTION ( 'NONE',  ( -0.000000000000000000, -1.000000000000000000, -0.000000000000000000 ) ) ;
#944 = LINE ( 'NONE', #3270, #3797 ) ;
#945 = SURFACE_STYLE_USAGE ( .BOTH. , #4821 ) ;
#946 = ORIENTED_EDGE ( 'NONE', *, *, #2226, .T. ) ;
#947 = EDGE_CURVE ( 'NONE', #3311, #551, #4710, .T. ) ;
#948 = FACE_OUTER_BOUND ( 'NONE', #1970, .T. ) ;
#949 = ORIENTED_EDGE ( 'NONE', *, *, #806, .T. ) ;
#950 = AXIS2_PLACEMENT_3D ( 'NONE', #4923, #1805, #1856 ) ;
#951 = DIRECTION ( 'NONE',  ( -0.000000000000000000, -0.000000000000000000, 1.000000000000000000 ) ) ;
#952 = CARTESIAN_POINT ( 'NONE',  ( -0.2591199250936493392, 0.09999999999999269196, 0.4450000000000001177 ) ) ;
#953 = CARTESIAN_POINT ( 'NONE',  ( -0.4299999999999999933, 0.1600000000000000033, -0.6750000000000001554 ) ) ;
#954 = ORIENTED_EDGE ( 'NONE', *, *, #3637, .F. ) ;
#955 = ADVANCED_FACE ( 'NONE', ( #2381 ), #1151, .T. ) ;
#956 = ORIENTED_EDGE ( 'NONE', *, *, #661, .T. ) ;
#957 = ORIENTED_EDGE ( 'NONE', *, *, #4193, .T. ) ;
#958 = FACE_OUTER_BOUND ( 'NONE', #48, .T. ) ;
#959 = EDGE_CURVE ( 'NONE', #708, #3415, #4688, .T. ) ;
#960 = VECTOR ( 'NONE', #2076, 1000.000000000000000 ) ;
#961 = CARTESIAN_POINT ( 'NONE',  ( 0.4300000000000000488, 0.09999999999999267808, 0.6049999999999998712 ) ) ;
#962 = CARTESIAN_POINT ( 'NONE',  ( -0.4300000000000000488, 0.09999999999999267808, 0.4449999999999999512 ) ) ;
#963 = CARTESIAN_POINT ( 'NONE',  ( 0.4299999999999998823, 0.1600000000000000033, -0.6750000000000001554 ) ) ;
#964 = AXIS2_PLACEMENT_3D ( 'NONE', #2277, #4218, #2579 ) ;
#965 = EDGE_CURVE ( 'NONE', #1228, #3403, #3935, .T. ) ;
#966 = PLANE ( 'NONE',  #4343 ) ;
#967 = ORIENTED_EDGE ( 'NONE', *, *, #2768, .T. ) ;
#968 = VERTEX_POINT ( 'NONE', #780 ) ;
#969 = VECTOR ( 'NONE', #2241, 1000.000000000000114 ) ;
#970 = CARTESIAN_POINT ( 'NONE',  ( -0.4299999999999999378, 0.04000000000000000083, -0.09500000000000002887 ) ) ;
#971 = ADVANCED_FACE ( 'NONE', ( #386 ), #410, .T. ) ;
#972 = DIRECTION ( 'NONE',  ( 0.000000000000000000, -8.470329472542998460E-17, 1.000000000000000000 ) ) ;
#973 = DIRECTION ( 'NONE',  ( 1.270549420881451988E-16, -1.000000000000000000, -1.377532442369869542E-32 ) ) ;
#974 = VERTEX_POINT ( 'NONE', #3889 ) ;
#975 = FILL_AREA_STYLE ('',( #2544 ) ) ;
#976 = ORIENTED_EDGE ( 'NONE', *, *, #3363, .F. ) ;
#977 = DIRECTION ( 'NONE',  ( -0.000000000000000000, 1.000000000000000000, 0.000000000000000000 ) ) ;
#978 = EDGE_CURVE ( 'NONE', #1078, #4897, #4663, .T. ) ;
#979 = LINE ( 'NONE', #3334, #2687 ) ;
#980 = VECTOR ( 'NONE', #903, 1000.000000000000000 ) ;
#981 = EDGE_LOOP ( 'NONE', ( #753, #2805, #4501, #4509, #521, #3049 ) ) ;
#982 = ADVANCED_FACE ( 'NONE', ( #4276 ), #1218, .F. ) ;
#983 = FACE_OUTER_BOUND ( 'NONE', #3893, .T. ) ;
#984 = CARTESIAN_POINT ( 'NONE',  ( 0.4299999999999998823, 0.1000000000000000194, -0.6750000000000001554 ) ) ;
#985 = EDGE_CURVE ( 'NONE', #4643, #555, #4342, .T. ) ;
#986 = CARTESIAN_POINT ( 'NONE',  ( 0.1200000000000001205, 0.1600000000000000033, 0.6049999999999998712 ) ) ;
#987 = ORIENTED_EDGE ( 'NONE', *, *, #3706, .F. ) ;
#988 = ORIENTED_EDGE ( 'NONE', *, *, #592, .T. ) ;
#989 = VECTOR ( 'NONE', #4550, 1000.000000000000000 ) ;
#990 = DIRECTION ( 'NONE',  ( 0.000000000000000000, -1.000000000000000000, 0.000000000000000000 ) ) ;
#991 = DIRECTION ( 'NONE',  ( -1.000000000000000000, 0.000000000000000000, 0.000000000000000000 ) ) ;
#992 = CARTESIAN_POINT ( 'NONE',  ( 0.1100000000000001810, 0.1000000000000002554, -0.6750000000000001554 ) ) ;
#993 = CARTESIAN_POINT ( 'NONE',  ( -0.07000000000000007605, 0.1599999999999999756, -0.6049999999999999822 ) ) ;
#994 = EDGE_CURVE ( 'NONE', #1552, #3471, #830, .T. ) ;
#995 = CARTESIAN_POINT ( 'NONE',  ( -0.07000000000000007605, 0.09999999999999996392, -0.5249999999999994671 ) ) ;
#996 = VECTOR ( 'NONE', #2351, 1000.000000000000000 ) ;
#997 = ORIENTED_EDGE ( 'NONE', *, *, #3216, .F. ) ;
#998 = EDGE_LOOP ( 'NONE', ( #1075, #1276, #2489, #4680 ) ) ;
#999 = CARTESIAN_POINT ( 'NONE',  ( 0.1200000000000000649, 0.1600000000000000033, -0.6050000000000000933 ) ) ;
#1000 = CARTESIAN_POINT ( 'NONE',  ( 0.4299999999999998823, 0.1000000000000000194, 0.6749999999999999334 ) ) ;
#1001 = CARTESIAN_POINT ( 'NONE',  ( -0.1200000000000000927, 0.1599999999999999756, -0.09500000000000002887 ) ) ;
#1002 = EDGE_LOOP ( 'NONE', ( #638, #4744, #3511, #3418, #1588, #5019, #2238, #1978 ) ) ;
#1003 = EDGE_CURVE ( 'NONE', #516, #2786, #363, .T. ) ;
#1004 = ORIENTED_EDGE ( 'NONE', *, *, #387, .T. ) ;
#1005 = CARTESIAN_POINT ( 'NONE',  ( -0.4299999999999999933, 0.1000000000000000194, -0.6750000000000001554 ) ) ;
#1006 = DIRECTION ( 'NONE',  ( -0.000000000000000000, -1.000000000000000000, -0.000000000000000000 ) ) ;
#1007 = AXIS2_PLACEMENT_3D ( 'NONE', #4652, #2034, #3854 ) ;
#1008 = EDGE_LOOP ( 'NONE', ( #2243, #1795, #1877, #195 ) ) ;
#1009 = VECTOR ( 'NONE', #1436, 1000.000000000000000 ) ;
#1010 = CARTESIAN_POINT ( 'NONE',  ( 0.1200000000000001205, 0.1600000000000000033, -0.4449999999999999512 ) ) ;
#1011 = PLANE ( 'NONE',  #3688 ) ;
#1012 = PLANE ( 'NONE',  #1387 ) ;
#1013 = ORIENTED_EDGE ( 'NONE', *, *, #1953, .T. ) ;
#1014 = VECTOR ( 'NONE', #4507, 1000.000000000000000 ) ;
#1015 = LINE ( 'NONE', #4910, #4334 ) ;
#1016 = VECTOR ( 'NONE', #3964, 1000.000000000000000 ) ;
#1017 = PRESENTATION_STYLE_ASSIGNMENT (( #4525 ) ) ;
#1018 = LINE ( 'NONE', #4912, #3996 ) ;
#1019 = DIRECTION ( 'NONE',  ( 1.000000000000000000, -0.000000000000000000, 0.000000000000000000 ) ) ;
#1020 = PLANE ( 'NONE',  #2392 ) ;
#1021 = ORIENTED_EDGE ( 'NONE', *, *, #1885, .T. ) ;
#1022 = CARTESIAN_POINT ( 'NONE',  ( 0.4300000000000000488, 0.5088552708502482869, 0.6049999999999998712 ) ) ;
#1023 = CARTESIAN_POINT ( 'NONE',  ( -0.4299999999999999933, 0.1600000000000000033, -0.6050000000000000933 ) ) ;
#1024 = DIRECTION ( 'NONE',  ( 0.000000000000000000, 8.470329472542995995E-17, -1.000000000000000000 ) ) ;
#1025 = ORIENTED_EDGE ( 'NONE', *, *, #1197, .T. ) ;
#1026 = EDGE_CURVE ( 'NONE', #1343, #37, #463, .T. ) ;
#1027 = CARTESIAN_POINT ( 'NONE',  ( -0.4299999999999999378, 0.1600000000000000033, -0.1194235880780061126 ) ) ;
#1028 = ORIENTED_EDGE ( 'NONE', *, *, #4384, .F. ) ;
#1029 = EDGE_CURVE ( 'NONE', #2606, #145, #2458, .T. ) ;
#1030 = LINE ( 'NONE', #714, #4852 ) ;
#1031 = LINE ( 'NONE', #3177, #49 ) ;
#1032 = EDGE_CURVE ( 'NONE', #1228, #2253, #2146, .T. ) ;
#1033 = ORIENTED_EDGE ( 'NONE', *, *, #3380, .F. ) ;
#1034 = FACE_OUTER_BOUND ( 'NONE', #4999, .T. ) ;
#1035 = DIRECTION ( 'NONE',  ( 0.000000000000000000, 0.000000000000000000, -1.000000000000000000 ) ) ;
#1036 = ORIENTED_EDGE ( 'NONE', *, *, #3698, .F. ) ;
#1037 = EDGE_LOOP ( 'NONE', ( #4462, #1270, #3945, #2972, #2815, #3834, #4328, #3612 ) ) ;
#1038 = LINE ( 'NONE', #4216, #2139 ) ;
#1039 =( NAMED_UNIT ( * ) PLANE_ANGLE_UNIT ( ) SI_UNIT ( $, .RADIAN. ) );
#1040 = DIRECTION ( 'NONE',  ( 0.000000000000000000, -0.000000000000000000, -1.000000000000000000 ) ) ;
#1041 = PLANE ( 'NONE',  #3298 ) ;
#1042 = EDGE_CURVE ( 'NONE', #408, #2918, #1295, .T. ) ;
#1043 = DIRECTION ( 'NONE',  ( 0.000000000000000000, -1.000000000000000000, 0.000000000000000000 ) ) ;
#1044 = ORIENTED_EDGE ( 'NONE', *, *, #5077, .F. ) ;
#1045 = EDGE_CURVE ( 'NONE', #4166, #309, #4014, .T. ) ;
#1046 = ORIENTED_EDGE ( 'NONE', *, *, #1061, .F. ) ;
#1047 = DIRECTION ( 'NONE',  ( 0.000000000000000000, -1.000000000000000000, 0.000000000000000000 ) ) ;
#1048 = VECTOR ( 'NONE', #2375, 1000.000000000000000 ) ;
#1049 = FACE_OUTER_BOUND ( 'NONE', #133, .T. ) ;
#1050 = DIRECTION ( 'NONE',  ( 1.000000000000000000, 0.000000000000000000, -3.497426362856467093E-16 ) ) ;
#1051 = SURFACE_SIDE_STYLE ('',( #1933 ) ) ;
#1052 = ORIENTED_EDGE ( 'NONE', *, *, #2145, .F. ) ;
#1053 = DIRECTION ( 'NONE',  ( 1.000000000000000000, 0.000000000000000000, 0.000000000000000000 ) ) ;
#1054 = ORIENTED_EDGE ( 'NONE', *, *, #932, .T. ) ;
#1055 = LINE ( 'NONE', #275, #2403 ) ;
#1056 = DIRECTION ( 'NONE',  ( -0.000000000000000000, -1.000000000000000000, -0.000000000000000000 ) ) ;
#1057 = EDGE_LOOP ( 'NONE', ( #4443, #190, #1341, #5069 ) ) ;
#1058 = VECTOR ( 'NONE', #3983, 1000.000000000000000 ) ;
#1059 = LINE ( 'NONE', #206, #1907 ) ;
#1060 = EDGE_LOOP ( 'NONE', ( #4339, #3510, #3064, #2700 ) ) ;
#1061 = EDGE_CURVE ( 'NONE', #2168, #1543, #489, .T. ) ;
#1062 = STYLED_ITEM ( 'NONE', ( #4650 ), #3265 ) ;
#1063 = CARTESIAN_POINT ( 'NONE',  ( -0.4299999999999999378, 0.1600000000000000033, -0.09500000000000002887 ) ) ;
#1064 = CARTESIAN_POINT ( 'NONE',  ( -0.1200000000000000372, 0.5088552708502482869, 0.4449999999999998401 ) ) ;
#1065 = PLANE ( 'NONE',  #2759 ) ;
#1066 = FACE_OUTER_BOUND ( 'NONE', #1555, .T. ) ;
#1067 = ORIENTED_EDGE ( 'NONE', *, *, #1573, .F. ) ;
#1068 = DIRECTION ( 'NONE',  ( 0.000000000000000000, 1.000000000000000000, 0.000000000000000000 ) ) ;
#1069 = ORIENTED_EDGE ( 'NONE', *, *, #4394, .F. ) ;
#1070 = CARTESIAN_POINT ( 'NONE',  ( -0.4299999999999999933, 0.1000000000000000194, -0.6050000000000000933 ) ) ;
#1071 = DIRECTION ( 'NONE',  ( 0.000000000000000000, -1.000000000000000000, 0.000000000000000000 ) ) ;
#1072 = CARTESIAN_POINT ( 'NONE',  ( 0.1200000000000001205, 0.000000000000000000, 0.2550000000000000044 ) ) ;
#1073 = STYLED_ITEM ( 'NONE', ( #3981 ), #1593 ) ;
#1074 = VECTOR ( 'NONE', #1280, 1000.000000000000000 ) ;
#1075 = ORIENTED_EDGE ( 'NONE', *, *, #1419, .T. ) ;
#1076 = ADVANCED_FACE ( 'NONE', ( #3183 ), #1708, .F. ) ;
#1077 = LINE ( 'NONE', #1485, #2192 ) ;
#1078 = VERTEX_POINT ( 'NONE', #4468 ) ;
#1079 = LINE ( 'NONE', #1440, #4438 ) ;
#1080 = FACE_OUTER_BOUND ( 'NONE', #1140, .T. ) ;
#1081 = EDGE_LOOP ( 'NONE', ( #132, #4205, #4951, #1562 ) ) ;
#1082 = VECTOR ( 'NONE', #3740, 1000.000000000000000 ) ;
#1083 = LINE ( 'NONE', #4163, #328 ) ;
#1084 = VECTOR ( 'NONE', #2156, 1000.000000000000000 ) ;
#1085 = ORIENTED_EDGE ( 'NONE', *, *, #4226, .F. ) ;
#1086 = EDGE_CURVE ( 'NONE', #3082, #2756, #1241, .T. ) ;
#1087 = VECTOR ( 'NONE', #2850, 1000.000000000000000 ) ;
#1088 = EDGE_LOOP ( 'NONE', ( #837, #1706, #4654, #1854 ) ) ;
#1089 = LINE ( 'NONE', #649, #3603 ) ;
#1090 = FACE_OUTER_BOUND ( 'NONE', #82, .T. ) ;
#1091 = VECTOR ( 'NONE', #1221, 1000.000000000000000 ) ;
#1092 = ADVANCED_FACE ( 'NONE', ( #958 ), #859, .T. ) ;
#1093 = DIRECTION ( 'NONE',  ( -0.000000000000000000, 8.470329472543000925E-17, -1.000000000000000000 ) ) ;
#1094 = DIRECTION ( 'NONE',  ( 0.7071067811865493491, 0.000000000000000000, 0.7071067811865456854 ) ) ;
#1095 = ORIENTED_EDGE ( 'NONE', *, *, #2450, .F. ) ;
#1096 = FACE_OUTER_BOUND ( 'NONE', #2477, .T. ) ;
#1097 = EDGE_CURVE ( 'NONE', #2855, #1263, #78, .T. ) ;
#1098 = AXIS2_PLACEMENT_3D ( 'NONE', #1819, #4580, #1145 ) ;
#1099 = EDGE_LOOP ( 'NONE', ( #1114, #4369, #4421, #3776 ) ) ;
#1100 = CARTESIAN_POINT ( 'NONE',  ( -0.1200000000000000372, 0.04000000000000002165, 0.4449999999999997846 ) ) ;
#1101 = CARTESIAN_POINT ( 'NONE',  ( -0.4299999999999999933, 0.09999999999999510669, 0.2550000000000001710 ) ) ;
#1102 = DIRECTION ( 'NONE',  ( -1.084202172485504434E-16, -0.000000000000000000, -1.000000000000000000 ) ) ;
#1103 = ORIENTED_EDGE ( 'NONE', *, *, #4753, .T. ) ;
#1104 = ORIENTED_EDGE ( 'NONE', *, *, #4660, .T. ) ;
#1105 = DIRECTION ( 'NONE',  ( 1.000000000000000000, -0.000000000000000000, -8.031127203596330602E-17 ) ) ;
#1106 = DIRECTION ( 'NONE',  ( 0.000000000000000000, 8.470329472543000925E-17, -1.000000000000000000 ) ) ;
#1107 = DIRECTION ( 'NONE',  ( -6.802629345036381987E-33, -1.000000000000000000, -8.470329472542995995E-17 ) ) ;
#1108 = EDGE_CURVE ( 'NONE', #3182, #3875, #3210, .T. ) ;
#1109 = VERTEX_POINT ( 'NONE', #2123 ) ;
#1110 = LINE ( 'NONE', #746, #3519 ) ;
#1111 = DIRECTION ( 'NONE',  ( -0.000000000000000000, -1.000000000000000000, -0.000000000000000000 ) ) ;
#1112 = LINE ( 'NONE', #475, #1624 ) ;
#1113 = EDGE_LOOP ( 'NONE', ( #1770, #4280, #738, #3266 ) ) ;
#1114 = ORIENTED_EDGE ( 'NONE', *, *, #1759, .F. ) ;
#1115 = CARTESIAN_POINT ( 'NONE',  ( 0.000000000000000000, 0.04000000000000000083, 0.6049999999999998712 ) ) ;
#1116 = LINE ( 'NONE', #1949, #2600 ) ;
#1117 = CARTESIAN_POINT ( 'NONE',  ( -0.4299999999999999378, 0.04000000000000000083, 0.6049999999999998712 ) ) ;
#1118 = AXIS2_PLACEMENT_3D ( 'NONE', #2405, #2311, #1583 ) ;
#1119 = VERTEX_POINT ( 'NONE', #3286 ) ;
#1120 = VERTEX_POINT ( 'NONE', #1683 ) ;
#1121 = ORIENTED_EDGE ( 'NONE', *, *, #1936, .F. ) ;
#1122 = CARTESIAN_POINT ( 'NONE',  ( 0.1200000000000001205, 0.5088552708502482869, -0.09499999999999997335 ) ) ;
#1123 = VECTOR ( 'NONE', #4585, 1000.000000000000000 ) ;
#1124 = EDGE_CURVE ( 'NONE', #3454, #3902, #1345, .T. ) ;
#1125 = CARTESIAN_POINT ( 'NONE',  ( 0.1200000000000001205, 0.1600000000000000033, -0.4449999999999999512 ) ) ;
#1126 = LINE ( 'NONE', #270, #2329 ) ;
#1127 = DIRECTION ( 'NONE',  ( 0.000000000000000000, -8.470329472542998460E-17, 1.000000000000000000 ) ) ;
#1128 = EDGE_LOOP ( 'NONE', ( #1426, #4304, #2726, #2187 ) ) ;
#1129 = ORIENTED_EDGE ( 'NONE', *, *, #2097, .T. ) ;
#1130 = ADVANCED_FACE ( 'NONE', ( #2096, #126, #103 ), #3670, .F. ) ;
#1131 = CARTESIAN_POINT ( 'NONE',  ( -0.4299999999999999933, 0.1000000000000000194, -0.6750000000000001554 ) ) ;
#1132 = DIRECTION ( 'NONE',  ( 0.000000000000000000, 0.000000000000000000, 1.000000000000000000 ) ) ;
#1133 = FACE_OUTER_BOUND ( 'NONE', #2295, .T. ) ;
#1134 = VECTOR ( 'NONE', #3719, 1000.000000000000000 ) ;
#1135 = ORIENTED_EDGE ( 'NONE', *, *, #59, .T. ) ;
#1136 = DIRECTION ( 'NONE',  ( -0.000000000000000000, -1.000000000000000000, -0.000000000000000000 ) ) ;
#1137 = DIRECTION ( 'NONE',  ( 1.000000000000000000, 0.000000000000000000, -3.497426362856466107E-16 ) ) ;
#1138 = ORIENTED_EDGE ( 'NONE', *, *, #2111, .F. ) ;
#1139 = VECTOR ( 'NONE', #3572, 1000.000000000000000 ) ;
#1140 = EDGE_LOOP ( 'NONE', ( #2948, #2955, #3502, #2453 ) ) ;
#1141 = AXIS2_PLACEMENT_3D ( 'NONE', #3937, #2407, #4345 ) ;
#1142 = EDGE_CURVE ( 'NONE', #2830, #3116, #935, .T. ) ;
#1143 = CARTESIAN_POINT ( 'NONE',  ( 0.1200000000000000927, 0.09999999999999757694, -0.2550000000000000044 ) ) ;
#1144 = LINE ( 'NONE', #2400, #1048 ) ;
#1145 = DIRECTION ( 'NONE',  ( -1.000000000000000000, 0.000000000000000000, -0.000000000000000000 ) ) ;
#1146 = ORIENTED_EDGE ( 'NONE', *, *, #4133, .F. ) ;
#1147 = ORIENTED_EDGE ( 'NONE', *, *, #1045, .F. ) ;
#1148 = AXIS2_PLACEMENT_3D ( 'NONE', #2088, #2978, #1701 ) ;
#1149 = ORIENTED_EDGE ( 'NONE', *, *, #54, .F. ) ;
#1150 = ORIENTED_EDGE ( 'NONE', *, *, #482, .F. ) ;
#1151 = CYLINDRICAL_SURFACE ( 'NONE', #2437, 0.05000000000000002359 ) ;
#1152 = CARTESIAN_POINT ( 'NONE',  ( -0.1100000000000002920, 0.5088552708502482869, -0.5650000000000000577 ) ) ;
#1153 = DIRECTION ( 'NONE',  ( -3.388131789017199384E-16, 0.000000000000000000, -1.000000000000000000 ) ) ;
#1154 = PRESENTATION_STYLE_ASSIGNMENT (( #4177 ) ) ;
#1155 = ORIENTED_EDGE ( 'NONE', *, *, #806, .F. ) ;
#1156 = ORIENTED_EDGE ( 'NONE', *, *, #1984, .T. ) ;
#1157 = EDGE_CURVE ( 'NONE', #1629, #607, #3990, .T. ) ;
#1158 = DIRECTION ( 'NONE',  ( -0.000000000000000000, 1.000000000000000000, -0.000000000000000000 ) ) ;
#1159 = CARTESIAN_POINT ( 'NONE',  ( -0.5000000000000000000, 0.1599999999999975608, -0.09499999999999989009 ) ) ;
#1160 = PLANE ( 'NONE',  #2928 ) ;
#1161 = ADVANCED_FACE ( 'NONE', ( #1271 ), #885, .T. ) ;
#1162 = ORIENTED_EDGE ( 'NONE', *, *, #1451, .T. ) ;
#1163 = DIRECTION ( 'NONE',  ( 0.000000000000000000, 0.000000000000000000, -1.000000000000000000 ) ) ;
#1164 = LINE ( 'NONE', #792, #16 ) ;
#1165 = ORIENTED_EDGE ( 'NONE', *, *, #3561, .T. ) ;
#1166 = VERTEX_POINT ( 'NONE', #154 ) ;
#1167 = CARTESIAN_POINT ( 'NONE',  ( 0.1200000000000000649, 0.5088552708502482869, -0.2550000000000000600 ) ) ;
#1168 = LINE ( 'NONE', #1996, #809 ) ;
#1169 = ORIENTED_EDGE ( 'NONE', *, *, #4671, .T. ) ;
#1170 = EDGE_CURVE ( 'NONE', #2756, #4298, #1632, .T. ) ;
#1171 = AXIS2_PLACEMENT_3D ( 'NONE', #1874, #2990, #4560 ) ;
#1172 = DIRECTION ( 'NONE',  ( -0.000000000000000000, 0.000000000000000000, 1.000000000000000000 ) ) ;
#1173 = PLANE ( 'NONE',  #1889 ) ;
#1174 = FACE_OUTER_BOUND ( 'NONE', #1897, .T. ) ;
#1175 = LINE ( 'NONE', #834, #1673 ) ;
#1176 = ORIENTED_EDGE ( 'NONE', *, *, #36, .F. ) ;
#1177 = ORIENTED_EDGE ( 'NONE', *, *, #2596, .T. ) ;
#1178 = VECTOR ( 'NONE', #1597, 1000.000000000000000 ) ;
#1179 = AXIS2_PLACEMENT_3D ( 'NONE', #64, #474, #3654 ) ;
#1180 = FACE_OUTER_BOUND ( 'NONE', #4399, .T. ) ;
#1181 = CARTESIAN_POINT ( 'NONE',  ( -0.1100000000000003059, 0.1599999999999999756, 0.6049999999999998712 ) ) ;
#1182 = CARTESIAN_POINT ( 'NONE',  ( 0.5000000000000000000, 0.1000000000000000056, -0.4450000000000000067 ) ) ;
#1183 = ADVANCED_FACE ( 'NONE', ( #1448 ), #3756, .F. ) ;
#1184 = ORIENTED_EDGE ( 'NONE', *, *, #2857, .T. ) ;
#1185 = EDGE_CURVE ( 'NONE', #37, #3500, #2956, .T. ) ;
#1186 = DIRECTION ( 'NONE',  ( 0.000000000000000000, 1.000000000000000000, 0.000000000000000000 ) ) ;
#1187 = CARTESIAN_POINT ( 'NONE',  ( 0.4300000000000000488, 0.000000000000000000, -0.4450000000000000067 ) ) ;
#1188 = EDGE_CURVE ( 'NONE', #2067, #685, #183, .T. ) ;
#1189 = EDGE_LOOP ( 'NONE', ( #2992, #4142, #2087, #1195 ) ) ;
#1190 = EDGE_CURVE ( 'NONE', #3618, #685, #2627, .T. ) ;
#1191 = VERTEX_POINT ( 'NONE', #2656 ) ;
#1192 = DIRECTION ( 'NONE',  ( -0.000000000000000000, 1.000000000000000000, -0.000000000000000000 ) ) ;
#1193 = DIRECTION ( 'NONE',  ( 0.000000000000000000, 1.000000000000000000, 0.000000000000000000 ) ) ;
#1194 = CARTESIAN_POINT ( 'NONE',  ( 0.2591199250936492837, 0.09999999999999267808, 0.6050000000000002043 ) ) ;
#1195 = ORIENTED_EDGE ( 'NONE', *, *, #2342, .T. ) ;
#1196 = CARTESIAN_POINT ( 'NONE',  ( -0.1200000000000000372, 0.1599999999999999756, -0.2550000000000000600 ) ) ;
#1197 = EDGE_CURVE ( 'NONE', #2873, #4892, #622, .T. ) ;
#1198 = DIRECTION ( 'NONE',  ( -1.000000000000000000, 0.000000000000000000, 0.000000000000000000 ) ) ;
#1199 = CARTESIAN_POINT ( 'NONE',  ( -0.07000000000000007605, 0.1599999999999999756, -0.5249999999999994671 ) ) ;
#1200 = DIRECTION ( 'NONE',  ( 1.000000000000000000, 0.000000000000000000, -6.776263578034406657E-16 ) ) ;
#1201 = ORIENTED_EDGE ( 'NONE', *, *, #3013, .T. ) ;
#1202 = ORIENTED_EDGE ( 'NONE', *, *, #433, .T. ) ;
#1203 = VECTOR ( 'NONE', #4717, 1000.000000000000000 ) ;
#1204 = CARTESIAN_POINT ( 'NONE',  ( -0.4300000000000000488, 0.04000000000000002165, -0.2549999999999999489 ) ) ;
#1205 = CARTESIAN_POINT ( 'NONE',  ( 0.1100000000000001255, 0.1599999999999999756, 0.6049999999999998712 ) ) ;
#1206 = CARTESIAN_POINT ( 'NONE',  ( 0.4300000000000001044, 0.000000000000000000, 0.4449999999999998401 ) ) ;
#1207 = EDGE_LOOP ( 'NONE', ( #3862, #485, #678, #198, #2927 ) ) ;
#1208 = VECTOR ( 'NONE', #2148, 1000.000000000000000 ) ;
#1209 = CARTESIAN_POINT ( 'NONE',  ( 0.4299999999999999378, 0.1000000000000000194, -0.1194235880780060155 ) ) ;
#1210 = ORIENTED_EDGE ( 'NONE', *, *, #4193, .F. ) ;
#1211 = AXIS2_PLACEMENT_3D ( 'NONE', #4135, #3390, #4676 ) ;
#1212 = PLANE ( 'NONE',  #1315 ) ;
#1213 = CARTESIAN_POINT ( 'NONE',  ( -0.5000000000000000000, 0.3500000000000000333, 0.6750000000000002665 ) ) ;
#1214 = DIRECTION ( 'NONE',  ( 0.000000000000000000, 0.000000000000000000, 1.000000000000000000 ) ) ;
#1215 = VERTEX_POINT ( 'NONE', #1865 ) ;
#1216 = EDGE_CURVE ( 'NONE', #5005, #1675, #2173, .T. ) ;
#1217 = EDGE_LOOP ( 'NONE', ( #3217, #3302, #2650, #4025 ) ) ;
#1218 = PLANE ( 'NONE',  #723 ) ;
#1219 = LINE ( 'NONE', #3600, #4088 ) ;
#1220 = DIRECTION ( 'NONE',  ( -1.000000000000000000, 0.000000000000000000, 1.084202172485504434E-16 ) ) ;
#1221 = DIRECTION ( 'NONE',  ( -3.388131789017199384E-16, 0.000000000000000000, -1.000000000000000000 ) ) ;
#1222 = AXIS2_PLACEMENT_3D ( 'NONE', #3213, #4711, #4756 ) ;
#1223 = DIRECTION ( 'NONE',  ( -1.000000000000000000, 0.000000000000000000, -0.000000000000000000 ) ) ;
#1224 = ORIENTED_EDGE ( 'NONE', *, *, #2540, .F. ) ;
#1225 = LINE ( 'NONE', #1251, #3742 ) ;
#1226 = DIRECTION ( 'NONE',  ( -1.000000000000000000, 0.000000000000000000, 0.000000000000000000 ) ) ;
#1227 = CARTESIAN_POINT ( 'NONE',  ( 0.1200000000000000649, 0.04000000000000002165, -0.6050000000000000933 ) ) ;
#1228 = VERTEX_POINT ( 'NONE', #4935 ) ;
#1229 = EDGE_CURVE ( 'NONE', #2601, #3665, #4958, .T. ) ;
#1230 = VECTOR ( 'NONE', #212, 1000.000000000000000 ) ;
#1231 = DIRECTION ( 'NONE',  ( -8.031127203596330602E-17, 0.000000000000000000, -1.000000000000000000 ) ) ;
#1232 = CARTESIAN_POINT ( 'NONE',  ( 0.4300000000000002154, 0.09999999999999512057, 0.09500000000000005662 ) ) ;
#1233 = ORIENTED_EDGE ( 'NONE', *, *, #4435, .F. ) ;
#1234 = COLOUR_RGB ( '',0.7921568627450980005, 0.8196078431372548767, 0.9333333333333333481 ) ;
#1235 = LINE ( 'NONE', #3566, #996 ) ;
#1236 = DIRECTION ( 'NONE',  ( 0.000000000000000000, -0.000000000000000000, -1.000000000000000000 ) ) ;
#1237 = LINE ( 'NONE', #2725, #2858 ) ;
#1238 = EDGE_LOOP ( 'NONE', ( #4172, #3894, #1396, #3805 ) ) ;
#1239 = ORIENTED_EDGE ( 'NONE', *, *, #661, .F. ) ;
#1240 = VERTEX_POINT ( 'NONE', #4985 ) ;
#1241 = LINE ( 'NONE', #3623, #4489 ) ;
#1242 = EDGE_CURVE ( 'NONE', #3364, #760, #1372, .T. ) ;
#1243 = FACE_OUTER_BOUND ( 'NONE', #2394, .T. ) ;
#1244 = AXIS2_PLACEMENT_3D ( 'NONE', #295, #248, #271 ) ;
#1245 = FACE_OUTER_BOUND ( 'NONE', #3263, .T. ) ;
#1246 = DIRECTION ( 'NONE',  ( 1.000000000000000000, 1.270549420881451741E-16, 0.000000000000000000 ) ) ;
#1247 = EDGE_CURVE ( 'NONE', #5012, #3980, #4524, .T. ) ;
#1248 = VECTOR ( 'NONE', #5079, 1000.000000000000000 ) ;
#1249 = FACE_OUTER_BOUND ( 'NONE', #4465, .T. ) ;
#1250 = ORIENTED_EDGE ( 'NONE', *, *, #1336, .T. ) ;
#1251 = CARTESIAN_POINT ( 'NONE',  ( 0.5000000000000000000, 0.1599999999999951461, 0.09499999999999998723 ) ) ;
#1252 = PRESENTATION_LAYER_ASSIGNMENT (  '', '', ( #3705 ) ) ;
#1253 = ORIENTED_EDGE ( 'NONE', *, *, #2084, .F. ) ;
#1254 = DIRECTION ( 'NONE',  ( 1.000000000000000000, 0.000000000000000000, -2.168404344971008868E-16 ) ) ;
#1255 = AXIS2_PLACEMENT_3D ( 'NONE', #770, #378, #1969 ) ;
#1256 = PLANE ( 'NONE',  #4447 ) ;
#1257 = DIRECTION ( 'NONE',  ( -0.000000000000000000, 1.000000000000000000, 0.000000000000000000 ) ) ;
#1258 = ORIENTED_EDGE ( 'NONE', *, *, #2272, .F. ) ;
#1259 = VECTOR ( 'NONE', #1431, 1000.000000000000000 ) ;
#1260 = SURFACE_SIDE_STYLE ('',( #3900 ) ) ;
#1261 = EDGE_CURVE ( 'NONE', #2599, #3709, #1038, .T. ) ;
#1262 = CARTESIAN_POINT ( 'NONE',  ( -0.1200000000000000927, 0.1599999999999999756, -0.4450000000000000067 ) ) ;
#1263 = VERTEX_POINT ( 'NONE', #1789 ) ;
#1264 = PLANE ( 'NONE',  #2391 ) ;
#1265 = PLANE ( 'NONE',  #2924 ) ;
#1266 = CYLINDRICAL_SURFACE ( 'NONE', #2048, 0.05000000000000002359 ) ;
#1267 = VERTEX_POINT ( 'NONE', #1427 ) ;
#1268 = EDGE_LOOP ( 'NONE', ( #5054, #2750, #3149, #2402 ) ) ;
#1269 = UNCERTAINTY_MEASURE_WITH_UNIT (LENGTH_MEASURE( 1.000000000000000082E-05 ), #634, 'distance_accuracy_value', 'NONE');
#1270 = ORIENTED_EDGE ( 'NONE', *, *, #104, .T. ) ;
#1271 = FACE_OUTER_BOUND ( 'NONE', #2054, .T. ) ;
#1272 = DIRECTION ( 'NONE',  ( 6.776263578034405671E-16, -8.470329472543000925E-17, 1.000000000000000000 ) ) ;
#1273 = DIRECTION ( 'NONE',  ( -1.000000000000000000, 0.000000000000000000, -0.000000000000000000 ) ) ;
#1274 = DIRECTION ( 'NONE',  ( -1.000000000000000000, 0.000000000000000000, -3.388131789017200863E-16 ) ) ;
#1275 = CARTESIAN_POINT ( 'NONE',  ( -0.4299999999999999933, 0.1600000000000000033, 0.2794235880780059911 ) ) ;
#1276 = ORIENTED_EDGE ( 'NONE', *, *, #4517, .T. ) ;
#1277 = CARTESIAN_POINT ( 'NONE',  ( 0.4299999999999998823, 0.1000000000000000194, -0.6750000000000001554 ) ) ;
#1278 = EDGE_CURVE ( 'NONE', #4716, #2784, #1089, .T. ) ;
#1279 = CARTESIAN_POINT ( 'NONE',  ( 0.2591199250936492837, 0.09999999999999757694, -0.2550000000000000600 ) ) ;
#1280 = DIRECTION ( 'NONE',  ( 3.388131789017200370E-16, 8.470329472542995995E-17, -1.000000000000000000 ) ) ;
#1281 = FILL_AREA_STYLE_COLOUR ( '', #1380 ) ;
#1282 = VECTOR ( 'NONE', #2686, 1000.000000000000000 ) ;
#1283 = ORIENTED_EDGE ( 'NONE', *, *, #3167, .F. ) ;
#1284 = EDGE_CURVE ( 'NONE', #1228, #1712, #2983, .T. ) ;
#1285 = AXIS2_PLACEMENT_3D ( 'NONE', #3557, #2364, #3895 ) ;
#1286 = LINE ( 'NONE', #3333, #3467 ) ;
#1287 = ORIENTED_EDGE ( 'NONE', *, *, #4246, .T. ) ;
#1288 =( NAMED_UNIT ( * ) SI_UNIT ( $, .STERADIAN. ) SOLID_ANGLE_UNIT ( ) );
#1289 = LINE ( 'NONE', #3641, #4581 ) ;
#1290 = VERTEX_POINT ( 'NONE', #2275 ) ;
#1291 = VECTOR ( 'NONE', #2658, 1000.000000000000000 ) ;
#1292 = EDGE_CURVE ( 'NONE', #3061, #235, #1765, .T. ) ;
#1293 = ORIENTED_EDGE ( 'NONE', *, *, #4131, .T. ) ;
#1294 = ORIENTED_EDGE ( 'NONE', *, *, #3444, .T. ) ;
#1295 = LINE ( 'NONE', #1659, #4254 ) ;
#1296 = PLANE ( 'NONE',  #3729 ) ;
#1297 = LINE ( 'NONE', #2865, #4655 ) ;
#1298 = DIRECTION ( 'NONE',  ( -1.000000000000000000, 0.000000000000000000, 8.031127203596330602E-17 ) ) ;
#1299 = CARTESIAN_POINT ( 'NONE',  ( 0.000000000000000000, 0.000000000000000000, 1.050000000000000044 ) ) ;
#1300 = VERTEX_POINT ( 'NONE', #4885 ) ;
#1301 = CARTESIAN_POINT ( 'NONE',  ( -0.1200000000000000372, 0.1600000000000000033, 0.09499999999999991784 ) ) ;
#1302 = VECTOR ( 'NONE', #2169, 1000.000000000000000 ) ;
#1303 = CARTESIAN_POINT ( 'NONE',  ( 0.1200000000000000649, 0.000000000000000000, 0.09499999999999991784 ) ) ;
#1304 = DIRECTION ( 'NONE',  ( 0.000000000000000000, -0.000000000000000000, 1.000000000000000000 ) ) ;
#1305 = CARTESIAN_POINT ( 'NONE',  ( -0.1200000000000000372, 0.04000000000000002165, 0.09499999999999991784 ) ) ;
#1306 = EDGE_CURVE ( 'NONE', #1878, #4897, #3343, .T. ) ;
#1307 = ORIENTED_EDGE ( 'NONE', *, *, #4781, .T. ) ;
#1308 = AXIS2_PLACEMENT_3D ( 'NONE', #4545, #2574, #4828 ) ;
#1309 = EDGE_CURVE ( 'NONE', #1629, #3709, #1015, .T. ) ;
#1310 = DIRECTION ( 'NONE',  ( 1.000000000000000000, 8.470329472543013251E-17, -0.000000000000000000 ) ) ;
#1311 = ORIENTED_EDGE ( 'NONE', *, *, #1405, .F. ) ;
#1312 = DIRECTION ( 'NONE',  ( 1.000000000000000000, 0.000000000000000000, -1.748713181428233300E-16 ) ) ;
#1313 =( LENGTH_UNIT ( ) NAMED_UNIT ( * ) SI_UNIT ( .MILLI., .METRE. ) );
#1314 = DIRECTION ( 'NONE',  ( 1.000000000000000000, 0.000000000000000000, -8.031127203596330602E-17 ) ) ;
#1315 = AXIS2_PLACEMENT_3D ( 'NONE', #4749, #456, #3106 ) ;
#1316 = AXIS2_PLACEMENT_3D ( 'NONE', #548, #4426, #2496 ) ;
#1317 = VERTEX_POINT ( 'NONE', #4167 ) ;
#1318 = VERTEX_POINT ( 'NONE', #2555 ) ;
#1319 = ORIENTED_EDGE ( 'NONE', *, *, #2342, .F. ) ;
#1320 = DIRECTION ( 'NONE',  ( 0.000000000000000000, 0.000000000000000000, 1.000000000000000000 ) ) ;
#1321 = LINE ( 'NONE', #1400, #1900 ) ;
#1322 = DIRECTION ( 'NONE',  ( 0.000000000000000000, 0.000000000000000000, 1.000000000000000000 ) ) ;
#1323 = CARTESIAN_POINT ( 'NONE',  ( 0.5000000000000000000, 0.1599999999999975608, -0.2550000000000000600 ) ) ;
#1324 = EDGE_LOOP ( 'NONE', ( #2976, #931, #3985, #3074, #1287, #4371 ) ) ;
#1325 = LINE ( 'NONE', #1381, #292 ) ;
#1326 = AXIS2_PLACEMENT_3D ( 'NONE', #2612, #4615, #4227 ) ;
#1327 = DIRECTION ( 'NONE',  ( 0.000000000000000000, -1.000000000000000000, 0.000000000000000000 ) ) ;
#1328 = CARTESIAN_POINT ( 'NONE',  ( -0.3700000000000001066, 0.2999999999999999889, -0.5950000000000001954 ) ) ;
#1329 = DIRECTION ( 'NONE',  ( -1.000000000000000000, 0.000000000000000000, 8.031127203596330602E-17 ) ) ;
#1330 = ORIENTED_EDGE ( 'NONE', *, *, #3180, .F. ) ;
#1331 = AXIS2_PLACEMENT_3D ( 'NONE', #552, #741, #1911 ) ;
#1332 = CARTESIAN_POINT ( 'NONE',  ( 0.4299999999999998823, 0.1600000000000000033, -0.6750000000000001554 ) ) ;
#1333 = ADVANCED_FACE ( 'NONE', ( #4118 ), #594, .F. ) ;
#1334 = EDGE_LOOP ( 'NONE', ( #3429, #1681, #4012, #2906 ) ) ;
#1335 = AXIS2_PLACEMENT_3D ( 'NONE', #3993, #1200, #4347 ) ;
#1336 = EDGE_CURVE ( 'NONE', #347, #4221, #310, .T. ) ;
#1337 = EDGE_CURVE ( 'NONE', #1344, #3826, #1893, .T. ) ;
#1338 = CARTESIAN_POINT ( 'NONE',  ( -7.781773657355639208E-17, 0.04000000000000000083, -0.09499999999999997335 ) ) ;
#1339 = FILL_AREA_STYLE ('',( #3252 ) ) ;
#1340 = PLANE ( 'NONE',  #724 ) ;
#1341 = ORIENTED_EDGE ( 'NONE', *, *, #3818, .F. ) ;
#1342 = EDGE_CURVE ( 'NONE', #281, #3182, #3646, .T. ) ;
#1343 = VERTEX_POINT ( 'NONE', #4015 ) ;
#1344 = VERTEX_POINT ( 'NONE', #4886 ) ;
#1345 = LINE ( 'NONE', #2908, #61 ) ;
#1346 = CARTESIAN_POINT ( 'NONE',  ( 0.1200000000000001205, 0.5088552708502482869, 0.2550000000000000044 ) ) ;
#1347 = PLANE ( 'NONE',  #3336 ) ;
#1348 = DIRECTION ( 'NONE',  ( 0.000000000000000000, 0.000000000000000000, -1.000000000000000000 ) ) ;
#1349 = ORIENTED_EDGE ( 'NONE', *, *, #4226, .T. ) ;
#1350 = DIRECTION ( 'NONE',  ( -0.7071067811865445751, 8.984141113379117569E-17, -0.7071067811865504593 ) ) ;
#1351 = ORIENTED_EDGE ( 'NONE', *, *, #3180, .T. ) ;
#1352 = EDGE_CURVE ( 'NONE', #333, #499, #1709, .T. ) ;
#1353 = LINE ( 'NONE', #2892, #372 ) ;
#1354 = CARTESIAN_POINT ( 'NONE',  ( 0.4300000000000000488, 0.000000000000000000, 0.2549999999999999489 ) ) ;
#1355 = LINE ( 'NONE', #4896, #3129 ) ;
#1356 = EDGE_CURVE ( 'NONE', #347, #1344, #1321, .T. ) ;
#1357 = ORIENTED_EDGE ( 'NONE', *, *, #210, .T. ) ;
#1358 = DIRECTION ( 'NONE',  ( -0.000000000000000000, -1.000000000000000000, -0.000000000000000000 ) ) ;
#1359 = ORIENTED_EDGE ( 'NONE', *, *, #1403, .T. ) ;
#1360 = ADVANCED_FACE ( 'NONE', ( #4043 ), #511, .T. ) ;
#1361 = ORIENTED_EDGE ( 'NONE', *, *, #915, .T. ) ;
#1362 = DIRECTION ( 'NONE',  ( 0.000000000000000000, -1.000000000000000000, 0.000000000000000000 ) ) ;
#1363 = VECTOR ( 'NONE', #804, 1000.000000000000000 ) ;
#1364 = CARTESIAN_POINT ( 'NONE',  ( -0.1200000000000000927, 0.000000000000000000, -0.09500000000000002887 ) ) ;
#1365 = ORIENTED_EDGE ( 'NONE', *, *, #236, .F. ) ;
#1366 = VECTOR ( 'NONE', #5000, 1000.000000000000000 ) ;
#1367 = LINE ( 'NONE', #1010, #2620 ) ;
#1368 = EDGE_CURVE ( 'NONE', #4884, #2281, #1373, .T. ) ;
#1369 = CARTESIAN_POINT ( 'NONE',  ( -0.1200000000000000372, 0.000000000000000000, 0.4449999999999998401 ) ) ;
#1370 = CARTESIAN_POINT ( 'NONE',  ( -0.4299999999999999933, 0.1000000000000000194, -0.6750000000000001554 ) ) ;
#1371 = ORIENTED_EDGE ( 'NONE', *, *, #611, .F. ) ;
#1372 = LINE ( 'NONE', #4191, #3446 ) ;
#1373 = LINE ( 'NONE', #2930, #1646 ) ;
#1374 = ADVANCED_FACE ( 'NONE', ( #2484 ), #2887, .F. ) ;
#1375 = CARTESIAN_POINT ( 'NONE',  ( -0.1200000000000000927, 0.1600000000000000033, 0.2549999999999999489 ) ) ;
#1376 = FACE_OUTER_BOUND ( 'NONE', #2341, .T. ) ;
#1377 = VECTOR ( 'NONE', #45, 1000.000000000000000 ) ;
#1378 = LINE ( 'NONE', #2559, #5008 ) ;
#1379 = ORIENTED_EDGE ( 'NONE', *, *, #4505, .F. ) ;
#1380 = COLOUR_RGB ( '',0.7921568627450980005, 0.8196078431372548767, 0.9333333333333333481 ) ;
#1381 = CARTESIAN_POINT ( 'NONE',  ( -0.1200000000000000927, 0.5088552708502482869, -0.09500000000000002887 ) ) ;
#1382 = LINE ( 'NONE', #496, #4282 ) ;
#1383 = CARTESIAN_POINT ( 'NONE',  ( -0.1100000000000002504, 0.09999999999999997780, -0.1194235880780060155 ) ) ;
#1384 = ORIENTED_EDGE ( 'NONE', *, *, #4538, .T. ) ;
#1385 = EDGE_LOOP ( 'NONE', ( #3965, #2721, #4632, #3614 ) ) ;
#1386 = AXIS2_PLACEMENT_3D ( 'NONE', #2462, #3234, #4061 ) ;
#1387 = AXIS2_PLACEMENT_3D ( 'NONE', #4010, #3664, #2525 ) ;
#1388 = DIRECTION ( 'NONE',  ( -1.084202172485504434E-16, 0.000000000000000000, -1.000000000000000000 ) ) ;
#1389 = FACE_OUTER_BOUND ( 'NONE', #3966, .T. ) ;
#1390 = EDGE_CURVE ( 'NONE', #3697, #761, #4448, .T. ) ;
#1391 = VECTOR ( 'NONE', #587, 1000.000000000000000 ) ;
#1392 = ORIENTED_EDGE ( 'NONE', *, *, #3749, .F. ) ;
#1393 = CARTESIAN_POINT ( 'NONE',  ( -0.5000000000000000000, 0.1599999999999951461, 0.2550000000000001710 ) ) ;
#1394 = DIRECTION ( 'NONE',  ( 1.000000000000000000, 0.000000000000000000, 0.000000000000000000 ) ) ;
#1395 = FACE_OUTER_BOUND ( 'NONE', #2160, .T. ) ;
#1396 = ORIENTED_EDGE ( 'NONE', *, *, #4244, .T. ) ;
#1397 = ORIENTED_EDGE ( 'NONE', *, *, #1684, .F. ) ;
#1398 = VECTOR ( 'NONE', #2578, 1000.000000000000000 ) ;
#1399 = DIRECTION ( 'NONE',  ( -1.000000000000000000, 0.000000000000000000, -0.000000000000000000 ) ) ;
#1400 = CARTESIAN_POINT ( 'NONE',  ( -0.1200000000000000372, 0.1599999999999999756, -0.6050000000000000933 ) ) ;
#1401 = LINE ( 'NONE', #2250, #2363 ) ;
#1402 = DIRECTION ( 'NONE',  ( 1.000000000000000000, 0.000000000000000000, -1.084202172485504434E-16 ) ) ;
#1403 = EDGE_CURVE ( 'NONE', #4724, #3597, #4838, .T. ) ;
#1404 = PLANE ( 'NONE',  #3936 ) ;
#1405 = EDGE_CURVE ( 'NONE', #3069, #3795, #4119, .T. ) ;
#1406 = VERTEX_POINT ( 'NONE', #536 ) ;
#1407 = CARTESIAN_POINT ( 'NONE',  ( 0.000000000000000000, 0.1600000000000000033, 0.6999999999999999556 ) ) ;
#1408 = ADVANCED_FACE ( 'NONE', ( #2124 ), #1685, .T. ) ;
#1409 = LINE ( 'NONE', #293, #2398 ) ;
#1410 = CARTESIAN_POINT ( 'NONE',  ( -0.4299999999999999378, 0.000000000000000000, -0.09500000000000002887 ) ) ;
#1411 =( NAMED_UNIT ( * ) SI_UNIT ( $, .STERADIAN. ) SOLID_ANGLE_UNIT ( ) );
#1412 = ORIENTED_EDGE ( 'NONE', *, *, #4543, .T. ) ;
#1413 = LINE ( 'NONE', #739, #2919 ) ;
#1414 = ORIENTED_EDGE ( 'NONE', *, *, #3518, .T. ) ;
#1415 = CARTESIAN_POINT ( 'NONE',  ( -0.5000000000000001110, 0.3500000000000000333, -0.6750000000000000444 ) ) ;
#1416 = LINE ( 'NONE', #4901, #795 ) ;
#1417 = ORIENTED_EDGE ( 'NONE', *, *, #3788, .T. ) ;
#1418 = VECTOR ( 'NONE', #4895, 1000.000000000000000 ) ;
#1419 = EDGE_CURVE ( 'NONE', #2526, #2614, #2909, .T. ) ;
#1420 = LINE ( 'NONE', #2118, #4827 ) ;
#1421 = DIRECTION ( 'NONE',  ( 0.000000000000000000, 8.470329472543000925E-17, -1.000000000000000000 ) ) ;
#1422 = LINE ( 'NONE', #2980, #1971 ) ;
#1423 = ORIENTED_EDGE ( 'NONE', *, *, #1968, .F. ) ;
#1424 = VECTOR ( 'NONE', #1137, 1000.000000000000000 ) ;
#1425 = EDGE_CURVE ( 'NONE', #3340, #1967, #2174, .T. ) ;
#1426 = ORIENTED_EDGE ( 'NONE', *, *, #1623, .T. ) ;
#1427 = CARTESIAN_POINT ( 'NONE',  ( -0.5000000000000000000, 0.1599999999999951461, 0.2550000000000001710 ) ) ;
#1428 = VECTOR ( 'NONE', #4691, 1000.000000000000000 ) ;
#1429 = FACE_BOUND ( 'NONE', #1088, .T. ) ;
#1430 = LINE ( 'NONE', #674, #4815 ) ;
#1431 = DIRECTION ( 'NONE',  ( 0.000000000000000000, -8.470329472542998460E-17, 1.000000000000000000 ) ) ;
#1432 = CARTESIAN_POINT ( 'NONE',  ( 0.5000000000000000000, 0.09999999999999512057, 0.09499999999999998723 ) ) ;
#1433 = ORIENTED_EDGE ( 'NONE', *, *, #59, .F. ) ;
#1434 = VERTEX_POINT ( 'NONE', #4911 ) ;
#1435 = CARTESIAN_POINT ( 'NONE',  ( 0.4299999999999999378, 0.1600000000000000033, -0.1194235880780060155 ) ) ;
#1436 = DIRECTION ( 'NONE',  ( -0.000000000000000000, 8.470329472542998460E-17, -1.000000000000000000 ) ) ;
#1437 = CARTESIAN_POINT ( 'NONE',  ( 0.5000000000000000000, 0.1599999999999926759, 0.6050000000000002043 ) ) ;
#1438 = ORIENTED_EDGE ( 'NONE', *, *, #599, .F. ) ;
#1439 = CARTESIAN_POINT ( 'NONE',  ( -0.1200000000000000927, 0.000000000000000000, -0.09500000000000002887 ) ) ;
#1440 = CARTESIAN_POINT ( 'NONE',  ( 0.1200000000000000649, 0.1599999999999999756, 0.4449999999999998401 ) ) ;
#1441 = FACE_OUTER_BOUND ( 'NONE', #134, .T. ) ;
#1442 = ADVANCED_FACE ( 'NONE', ( #2957 ), #887, .F. ) ;
#1443 = VERTEX_POINT ( 'NONE', #961 ) ;
#1444 =( NAMED_UNIT ( * ) PLANE_ANGLE_UNIT ( ) SI_UNIT ( $, .RADIAN. ) );
#1445 = DIRECTION ( 'NONE',  ( 0.000000000000000000, -1.000000000000000000, 0.000000000000000000 ) ) ;
#1446 = VERTEX_POINT ( 'NONE', #2531 ) ;
#1447 = ORIENTED_EDGE ( 'NONE', *, *, #3325, .T. ) ;
#1448 = FACE_OUTER_BOUND ( 'NONE', #4540, .T. ) ;
#1449 = CARTESIAN_POINT ( 'NONE',  ( 0.4299999999999998823, 0.1000000000000000194, 0.2794235880780059911 ) ) ;
#1450 = CARTESIAN_POINT ( 'NONE',  ( -0.1200000000000000927, 0.5088552708502482869, 0.6049999999999998712 ) ) ;
#1451 = EDGE_CURVE ( 'NONE', #731, #1109, #1790, .T. ) ;
#1452 = FACE_OUTER_BOUND ( 'NONE', #2387, .T. ) ;
#1453 = VERTEX_POINT ( 'NONE', #4092 ) ;
#1454 = CLOSED_SHELL ( 'NONE', ( #2337, #4989, #3141, #3028, #1727, #4603, #3721, #1546 ) ) ;
#1455 = ORIENTED_EDGE ( 'NONE', *, *, #1674, .T. ) ;
#1456 = CARTESIAN_POINT ( 'NONE',  ( -0.1200000000000000927, 0.1600000000000000033, 0.6049999999999998712 ) ) ;
#1457 = AXIS2_PLACEMENT_3D ( 'NONE', #1449, #4960, #597 ) ;
#1458 = DIRECTION ( 'NONE',  ( -1.000000000000000000, -0.000000000000000000, 8.031127203596330602E-17 ) ) ;
#1459 = DIRECTION ( 'NONE',  ( 6.776263578034405671E-16, -0.000000000000000000, 1.000000000000000000 ) ) ;
#1460 = EDGE_LOOP ( 'NONE', ( #3045, #1349, #2735, #755 ) ) ;
#1461 = VECTOR ( 'NONE', #1056, 1000.000000000000000 ) ;
#1462 = FACE_OUTER_BOUND ( 'NONE', #3433, .T. ) ;
#1463 = DIRECTION ( 'NONE',  ( 8.031127203596330602E-17, -0.000000000000000000, 1.000000000000000000 ) ) ;
#1464 = ADVANCED_FACE ( 'NONE', ( #4809 ), #1296, .T. ) ;
#1465 = LINE ( 'NONE', #4210, #4573 ) ;
#1466 = ORIENTED_EDGE ( 'NONE', *, *, #4819, .T. ) ;
#1467 = EDGE_CURVE ( 'NONE', #858, #3471, #3702, .T. ) ;
#1468 = LINE ( 'NONE', #4213, #237 ) ;
#1469 = AXIS2_PLACEMENT_3D ( 'NONE', #1974, #3568, #1950 ) ;
#1470 = FACE_OUTER_BOUND ( 'NONE', #4833, .T. ) ;
#1471 = EDGE_CURVE ( 'NONE', #1713, #2936, #311, .T. ) ;
#1472 = VERTEX_POINT ( 'NONE', #2628 ) ;
#1473 = CARTESIAN_POINT ( 'NONE',  ( 0.5000000000000000000, 0.1599999999999951461, 0.2550000000000000600 ) ) ;
#1474 = DIRECTION ( 'NONE',  ( 3.388131789017199384E-16, -0.000000000000000000, 1.000000000000000000 ) ) ;
#1475 = DIRECTION ( 'NONE',  ( 1.000000000000000000, -1.270549420881451741E-16, 0.000000000000000000 ) ) ;
#1476 = VERTEX_POINT ( 'NONE', #284 ) ;
#1477 = FACE_OUTER_BOUND ( 'NONE', #3490, .T. ) ;
#1478 = VECTOR ( 'NONE', #211, 1000.000000000000000 ) ;
#1479 = DIRECTION ( 'NONE',  ( -3.388131789017199877E-16, 0.000000000000000000, -1.000000000000000000 ) ) ;
#1480 = LINE ( 'NONE', #2638, #1992 ) ;
#1481 = DIRECTION ( 'NONE',  ( -1.000000000000000000, 0.000000000000000000, 3.497426362856466107E-16 ) ) ;
#1482 = MECHANICAL_DESIGN_GEOMETRIC_PRESENTATION_REPRESENTATION (  '', ( #4385 ), #3609 ) ;
#1483 = AXIS2_PLACEMENT_3D ( 'NONE', #1821, #1068, #3401 ) ;
#1484 = ORIENTED_EDGE ( 'NONE', *, *, #3491, .F. ) ;
#1485 = CARTESIAN_POINT ( 'NONE',  ( 0.1200000000000000649, 0.5088552708502482869, 0.4449999999999998401 ) ) ;
#1486 = ORIENTED_EDGE ( 'NONE', *, *, #965, .T. ) ;
#1487 = CARTESIAN_POINT ( 'NONE',  ( -0.1200000000000000927, 0.04000000000000002165, -0.09500000000000002887 ) ) ;
#1488 = LINE ( 'NONE', #3072, #1461 ) ;
#1489 = VERTEX_POINT ( 'NONE', #4192 ) ;
#1490 = EDGE_CURVE ( 'NONE', #4467, #2083, #2200, .T. ) ;
#1491 = VECTOR ( 'NONE', #4617, 1000.000000000000000 ) ;
#1492 = LINE ( 'NONE', #3925, #1977 ) ;
#1493 = LINE ( 'NONE', #2245, #4107 ) ;
#1494 = VECTOR ( 'NONE', #4967, 1000.000000000000000 ) ;
#1495 = ORIENTED_EDGE ( 'NONE', *, *, #869, .F. ) ;
#1496 = MANIFOLD_SOLID_BREP ( 'Boss-Extrude10[2]', #1617 ) ;
#1497 = ADVANCED_FACE ( 'NONE', ( #3422 ), #3057, .F. ) ;
#1498 = AXIS2_PLACEMENT_3D ( 'NONE', #3820, #1517, #2265 ) ;
#1499 = DIRECTION ( 'NONE',  ( 0.000000000000000000, -1.000000000000000000, 0.000000000000000000 ) ) ;
#1500 = DIRECTION ( 'NONE',  ( 1.000000000000000000, 1.270549420881451741E-16, 0.000000000000000000 ) ) ;
#1501 = AXIS2_PLACEMENT_3D ( 'NONE', #4153, #2542, #164 ) ;
#1502 = CARTESIAN_POINT ( 'NONE',  ( -0.1200000000000000927, 0.000000000000000000, 0.2549999999999999489 ) ) ;
#1503 = CARTESIAN_POINT ( 'NONE',  ( -0.5000000000000000000, 0.1000000000000000194, -0.6050000000000000933 ) ) ;
#1504 = ORIENTED_EDGE ( 'NONE', *, *, #3304, .F. ) ;
#1505 = EDGE_CURVE ( 'NONE', #3500, #2599, #2249, .T. ) ;
#1507 = ORIENTED_EDGE ( 'NONE', *, *, #2626, .F. ) ;
#1506 = VECTOR ( 'NONE', #3886, 1000.000000000000000 ) ;
#1508 = ORIENTED_EDGE ( 'NONE', *, *, #2092, .T. ) ;
#1509 = CARTESIAN_POINT ( 'NONE',  ( 0.1200000000000001205, 0.1599999999999999756, -0.4449999999999999512 ) ) ;
#1510 = DIRECTION ( 'NONE',  ( 0.000000000000000000, -0.000000000000000000, 1.000000000000000000 ) ) ;
#1511 = DIRECTION ( 'NONE',  ( 1.000000000000000000, 0.000000000000000000, -3.388131789017199877E-16 ) ) ;
#1512 = DIRECTION ( 'NONE',  ( 0.000000000000000000, 0.000000000000000000, 1.000000000000000000 ) ) ;
#1513 = ORIENTED_EDGE ( 'NONE', *, *, #926, .T. ) ;
#1514 = EDGE_CURVE ( 'NONE', #2537, #2614, #3782, .T. ) ;
#1515 = PLANE ( 'NONE',  #213 ) ;
#1516 = ADVANCED_FACE ( 'NONE', ( #4605, #1429, #1090 ), #1921, .F. ) ;
#1517 = DIRECTION ( 'NONE',  ( 0.000000000000000000, 1.000000000000000000, 0.000000000000000000 ) ) ;
#1518 = DIRECTION ( 'NONE',  ( 0.000000000000000000, -0.000000000000000000, -1.000000000000000000 ) ) ;
#1519 = ORIENTED_EDGE ( 'NONE', *, *, #2012, .T. ) ;
#1520 = EDGE_CURVE ( 'NONE', #968, #4046, #2679, .T. ) ;
#1521 =( NAMED_UNIT ( * ) SI_UNIT ( $, .STERADIAN. ) SOLID_ANGLE_UNIT ( ) );
#1522 = LINE ( 'NONE', #1187, #762 ) ;
#1523 = EDGE_LOOP ( 'NONE', ( #3285, #123, #613, #2103 ) ) ;
#1524 = MANIFOLD_SOLID_BREP ( 'Boss-Extrude8', #4566 ) ;
#1525 = COLOUR_RGB ( '',1.000000000000000000, 1.000000000000000000, 1.000000000000000000 ) ;
#1526 = ADVANCED_FACE ( 'NONE', ( #1549 ), #725, .T. ) ;
#1527 = SURFACE_SIDE_STYLE ('',( #2984 ) ) ;
#1528 = CARTESIAN_POINT ( 'NONE',  ( 0.4299999999999998823, 0.1000000000000000194, 0.6749999999999999334 ) ) ;
#1529 = FACE_OUTER_BOUND ( 'NONE', #3969, .T. ) ;
#1530 = EDGE_CURVE ( 'NONE', #560, #3621, #5088, .T. ) ;
#1531 = VECTOR ( 'NONE', #1047, 1000.000000000000000 ) ;
#1532 = ORIENTED_EDGE ( 'NONE', *, *, #2647, .F. ) ;
#1533 = DIRECTION ( 'NONE',  ( -0.000000000000000000, 8.470329472542995995E-17, -1.000000000000000000 ) ) ;
#1534 = VECTOR ( 'NONE', #1105, 1000.000000000000000 ) ;
#1535 = ADVANCED_FACE ( 'NONE', ( #4682 ), #1212, .T. ) ;
#1536 = CARTESIAN_POINT ( 'NONE',  ( 0.1200000000000000649, 0.5088552708502482869, -0.6050000000000000933 ) ) ;
#1537 = LINE ( 'NONE', #735, #4364 ) ;
#1538 = ORIENTED_EDGE ( 'NONE', *, *, #239, .F. ) ;
#1539 = DIRECTION ( 'NONE',  ( -0.000000000000000000, -1.000000000000000000, -0.000000000000000000 ) ) ;
#1540 = CARTESIAN_POINT ( 'NONE',  ( -0.5000000000000001110, 2.380029761641144326, -0.6750000000000000444 ) ) ;
#1541 = DIRECTION ( 'NONE',  ( 0.000000000000000000, -8.470329472542998460E-17, 1.000000000000000000 ) ) ;
#1542 = VECTOR ( 'NONE', #1710, 1000.000000000000000 ) ;
#1543 = VERTEX_POINT ( 'NONE', #2042 ) ;
#1544 = FACE_OUTER_BOUND ( 'NONE', #2121, .T. ) ;
#1545 = CARTESIAN_POINT ( 'NONE',  ( -0.5000000000000000000, 0.1000000000000000056, -0.4449999999999998956 ) ) ;
#1546 = ADVANCED_FACE ( 'NONE', ( #3079 ), #2426, .T. ) ;
#1547 = ORIENTED_EDGE ( 'NONE', *, *, #3849, .F. ) ;
#1548 = AXIS2_PLACEMENT_3D ( 'NONE', #533, #2529, #1320 ) ;
#1549 = FACE_OUTER_BOUND ( 'NONE', #4428, .T. ) ;
#1550 = DIRECTION ( 'NONE',  ( 0.000000000000000000, -1.000000000000000000, 0.000000000000000000 ) ) ;
#1551 = CARTESIAN_POINT ( 'NONE',  ( 0.4999999999999998890, 0.1599999999999973943, -0.2550000000000000600 ) ) ;
#1552 = VERTEX_POINT ( 'NONE', #2801 ) ;
#1553 = STYLED_ITEM ( 'NONE', ( #690 ), #3239 ) ;
#1554 = ORIENTED_EDGE ( 'NONE', *, *, #1170, .T. ) ;
#1555 = EDGE_LOOP ( 'NONE', ( #1631, #2128, #4147, #1610, #1513, #3772 ) ) ;
#1556 = DIRECTION ( 'NONE',  ( 0.000000000000000000, 0.000000000000000000, 1.000000000000000000 ) ) ;
#1557 = LINE ( 'NONE', #2024, #5075 ) ;
#1558 = EDGE_CURVE ( 'NONE', #907, #158, #775, .T. ) ;
#1559 = PLANE ( 'NONE',  #3615 ) ;
#1560 = CARTESIAN_POINT ( 'NONE',  ( -0.4299999999999999933, 0.1600000000000000033, -0.6049999999999999822 ) ) ;
#1561 = VERTEX_POINT ( 'NONE', #2016 ) ;
#1562 = ORIENTED_EDGE ( 'NONE', *, *, #4681, .F. ) ;
#1563 = EDGE_CURVE ( 'NONE', #1637, #509, #3497, .T. ) ;
#1564 = DIRECTION ( 'NONE',  ( -0.000000000000000000, 0.000000000000000000, -1.000000000000000000 ) ) ;
#1565 = EDGE_CURVE ( 'NONE', #287, #1300, #4335, .T. ) ;
#1566 = CARTESIAN_POINT ( 'NONE',  ( 0.1200000000000001205, 0.000000000000000000, 0.2550000000000000044 ) ) ;
#1567 = PRESENTATION_LAYER_ASSIGNMENT (  '', '', ( #4385 ) ) ;
#1568 = DIRECTION ( 'NONE',  ( 3.388131789017200370E-16, 8.470329472543000925E-17, -1.000000000000000000 ) ) ;
#1569 = ORIENTED_EDGE ( 'NONE', *, *, #2294, .F. ) ;
#1570 = FACE_OUTER_BOUND ( 'NONE', #5014, .T. ) ;
#1571 = DIRECTION ( 'NONE',  ( 0.000000000000000000, -1.000000000000000000, 0.000000000000000000 ) ) ;
#1572 = VERTEX_POINT ( 'NONE', #2745 ) ;
#1573 = EDGE_CURVE ( 'NONE', #4884, #2599, #1235, .T. ) ;
#1574 = ORIENTED_EDGE ( 'NONE', *, *, #2664, .F. ) ;
#1575 = EDGE_LOOP ( 'NONE', ( #3148, #3584, #4990, #3358, #4013 ) ) ;
#1576 = CARTESIAN_POINT ( 'NONE',  ( 0.5000000000000000000, 0.000000000000000000, 0.000000000000000000 ) ) ;
#1577 = DIRECTION ( 'NONE',  ( 0.000000000000000000, 1.000000000000000000, 0.000000000000000000 ) ) ;
#1578 = DIRECTION ( 'NONE',  ( -1.748713181428233547E-16, 0.000000000000000000, -1.000000000000000000 ) ) ;
#1579 = ORIENTED_EDGE ( 'NONE', *, *, #2294, .T. ) ;
#1580 = VECTOR ( 'NONE', #4242, 1000.000000000000000 ) ;
#1581 = AXIS2_PLACEMENT_3D ( 'NONE', #1279, #4818, #473 ) ;
#1582 = ORIENTED_EDGE ( 'NONE', *, *, #1425, .T. ) ;
#1583 = DIRECTION ( 'NONE',  ( 1.000000000000000000, 0.000000000000000000, -0.000000000000000000 ) ) ;
#1584 = EDGE_LOOP ( 'NONE', ( #1258, #4806, #2335, #4512 ) ) ;
#1585 = PLANE ( 'NONE',  #1222 ) ;
#1586 = DIRECTION ( 'NONE',  ( -3.388131789017199877E-16, 0.000000000000000000, -1.000000000000000000 ) ) ;
#1587 = CARTESIAN_POINT ( 'NONE',  ( 0.1200000000000001205, 0.1599999999999999756, 0.2550000000000000044 ) ) ;
#1588 = ORIENTED_EDGE ( 'NONE', *, *, #4036, .T. ) ;
#1589 = VECTOR ( 'NONE', #4278, 1000.000000000000000 ) ;
#1590 = VECTOR ( 'NONE', #2820, 1000.000000000000000 ) ;
#1591 = CARTESIAN_POINT ( 'NONE',  ( -0.1200000000000000927, 0.1600000000000000033, 0.2549999999999999489 ) ) ;
#1592 = FACE_BOUND ( 'NONE', #1926, .T. ) ;
#1593 = MANIFOLD_SOLID_BREP ( 'Boss-Extrude9[2]', #2758 ) ;
#1594 = ORIENTED_EDGE ( 'NONE', *, *, #108, .F. ) ;
#1595 = ADVANCED_FACE ( 'NONE', ( #2722 ), #381, .F. ) ;
#1596 = DIRECTION ( 'NONE',  ( 0.000000000000000000, -1.000000000000000000, 0.000000000000000000 ) ) ;
#1597 = DIRECTION ( 'NONE',  ( -1.000000000000000000, 0.000000000000000000, 3.497426362856466107E-16 ) ) ;
#1598 = ORIENTED_EDGE ( 'NONE', *, *, #1787, .F. ) ;
#1599 = DIRECTION ( 'NONE',  ( -6.802629345036383355E-33, -1.000000000000000000, -8.470329472542998460E-17 ) ) ;
#1600 = CARTESIAN_POINT ( 'NONE',  ( -0.1200000000000000372, 0.000000000000000000, 0.09499999999999991784 ) ) ;
#1601 = CARTESIAN_POINT ( 'NONE',  ( -0.3700000000000001066, 0.1585786437626903189, -0.5450000000000001510 ) ) ;
#1602 = ORIENTED_EDGE ( 'NONE', *, *, #1849, .F. ) ;
#1603 = ORIENTED_EDGE ( 'NONE', *, *, #1880, .F. ) ;
#1604 = DIRECTION ( 'NONE',  ( 0.000000000000000000, -1.000000000000000000, 0.000000000000000000 ) ) ;
#1605 = CARTESIAN_POINT ( 'NONE',  ( 0.5000000000000000000, 0.1599999999999975608, -0.09499999999999995948 ) ) ;
#1606 = LINE ( 'NONE', #4737, #2239 ) ;
#1607 = DIRECTION ( 'NONE',  ( 0.000000000000000000, 0.000000000000000000, 1.000000000000000000 ) ) ;
#1608 = ADVANCED_FACE ( 'NONE', ( #2374 ), #22, .T. ) ;
#1609 = ORIENTED_EDGE ( 'NONE', *, *, #633, .T. ) ;
#1610 = ORIENTED_EDGE ( 'NONE', *, *, #3216, .T. ) ;
#1611 = VECTOR ( 'NONE', #1744, 1000.000000000000000 ) ;
#1612 = CARTESIAN_POINT ( 'NONE',  ( 0.1200000000000000649, 0.000000000000000000, 0.4449999999999998401 ) ) ;
#1613 = DIRECTION ( 'NONE',  ( 0.7071067811865445751, 0.000000000000000000, 0.7071067811865504593 ) ) ;
#1614 = CARTESIAN_POINT ( 'NONE',  ( 0.5000000000000000000, 0.1599999999999951461, 0.09499999999999998723 ) ) ;
#1615 = DIRECTION ( 'NONE',  ( -1.084202172485504434E-16, 0.000000000000000000, -1.000000000000000000 ) ) ;
#1616 = ORIENTED_EDGE ( 'NONE', *, *, #3529, .F. ) ;
#1617 = CLOSED_SHELL ( 'NONE', ( #2495, #62, #100, #4116, #1497, #4471, #2817, #1092, #1625, #5062, #4059, #4071, #2307, #3277 ) ) ;
#1618 = ADVANCED_FACE ( 'NONE', ( #120 ), #3695, .T. ) ;
#1619 = PLANE ( 'NONE',  #4672 ) ;
#1620 = VECTOR ( 'NONE', #1006, 1000.000000000000000 ) ;
#1621 = LINE ( 'NONE', #3076, #4939 ) ;
#1622 = EDGE_LOOP ( 'NONE', ( #4414, #4890, #5053, #1504, #4082, #884 ) ) ;
#1623 = EDGE_CURVE ( 'NONE', #1453, #590, #483, .T. ) ;
#1624 = VECTOR ( 'NONE', #4766, 1000.000000000000000 ) ;
#1625 = ADVANCED_FACE ( 'NONE', ( #2170 ), #2853, .T. ) ;
#1626 = CARTESIAN_POINT ( 'NONE',  ( 0.000000000000000000, 0.1600000000000000033, 0.6999999999999999556 ) ) ;
#1627 = DIRECTION ( 'NONE',  ( -1.084202172485504434E-16, 0.000000000000000000, -1.000000000000000000 ) ) ;
#1628 = ORIENTED_EDGE ( 'NONE', *, *, #3157, .T. ) ;
#1629 = VERTEX_POINT ( 'NONE', #4800 ) ;
#1630 = AXIS2_PLACEMENT_3D ( 'NONE', #3258, #2050, #3644 ) ;
#1631 = ORIENTED_EDGE ( 'NONE', *, *, #303, .F. ) ;
#1632 = LINE ( 'NONE', #3029, #2696 ) ;
#1633 = LINE ( 'NONE', #4301, #4825 ) ;
#1634 = CARTESIAN_POINT ( 'NONE',  ( -0.4299999999999999378, 0.5088552708502482869, -0.09500000000000002887 ) ) ;
#1635 = DIRECTION ( 'NONE',  ( -6.776263578034405671E-16, 0.000000000000000000, -1.000000000000000000 ) ) ;
#1636 = AXIS2_PLACEMENT_3D ( 'NONE', #3991, #441, #2358 ) ;
#1637 = VERTEX_POINT ( 'NONE', #877 ) ;
#1638 = VERTEX_POINT ( 'NONE', #1369 ) ;
#1639 = EDGE_CURVE ( 'NONE', #3887, #2114, #4056, .T. ) ;
#1640 = DIRECTION ( 'NONE',  ( 3.497426362856466107E-16, -0.000000000000000000, 1.000000000000000000 ) ) ;
#1641 = ORIENTED_EDGE ( 'NONE', *, *, #2478, .F. ) ;
#1642 = PLANE ( 'NONE',  #4522 ) ;
#1643 = CARTESIAN_POINT ( 'NONE',  ( 0.5000000000000000000, 0.09999999999999269196, 0.4450000000000000067 ) ) ;
#1644 = DIRECTION ( 'NONE',  ( 1.000000000000000000, 1.270549420881451741E-16, 0.000000000000000000 ) ) ;
#1645 = ORIENTED_EDGE ( 'NONE', *, *, #1661, .F. ) ;
#1646 = VECTOR ( 'NONE', #4862, 1000.000000000000000 ) ;
#1647 = LINE ( 'NONE', #3173, #898 ) ;
#1648 = DIRECTION ( 'NONE',  ( -6.802629345036381987E-33, -1.000000000000000000, -8.470329472542995995E-17 ) ) ;
#1649 = ORIENTED_EDGE ( 'NONE', *, *, #4220, .T. ) ;
#1650 = MANIFOLD_SOLID_BREP ( 'Boss-Extrude9[1]', #127 ) ;
#1651 = AXIS2_PLACEMENT_3D ( 'NONE', #4388, #588, #95 ) ;
#1652 = APPLICATION_CONTEXT ( 'automotive_design' ) ;
#1653 = CARTESIAN_POINT ( 'NONE',  ( -0.1200000000000000927, 0.04000000000000002165, 0.2549999999999999489 ) ) ;
#1654 = CARTESIAN_POINT ( 'NONE',  ( 0.1200000000000001205, 0.5088552708502482869, -0.4449999999999999512 ) ) ;
#1655 = LINE ( 'NONE', #3202, #1058 ) ;
#1656 = EDGE_LOOP ( 'NONE', ( #3544, #841, #397, #4350 ) ) ;
#1657 = EDGE_LOOP ( 'NONE', ( #3941, #2061, #2528, #430 ) ) ;
#1658 = ORIENTED_EDGE ( 'NONE', *, *, #3736, .F. ) ;
#1659 = CARTESIAN_POINT ( 'NONE',  ( 0.4300000000000001044, 0.5088552708502482869, -0.2550000000000000600 ) ) ;
#1660 = CARTESIAN_POINT ( 'NONE',  ( -0.1200000000000000927, 0.1600000000000000033, 0.2549999999999999489 ) ) ;
#1661 = EDGE_CURVE ( 'NONE', #3823, #3224, #4009, .T. ) ;
#1662 = LINE ( 'NONE', #3316, #224 ) ;
#1663 = DIRECTION ( 'NONE',  ( -0.000000000000000000, -0.000000000000000000, 1.000000000000000000 ) ) ;
#1664 = AXIS2_PLACEMENT_3D ( 'NONE', #3766, #246, #3813 ) ;
#1665 = ORIENTED_EDGE ( 'NONE', *, *, #1530, .T. ) ;
#1666 = LINE ( 'NONE', #914, #4887 ) ;
#1667 = VECTOR ( 'NONE', #4824, 1000.000000000000000 ) ;
#1668 = PLANE ( 'NONE',  #2244 ) ;
#1669 = ORIENTED_EDGE ( 'NONE', *, *, #3921, .T. ) ;
#1670 = AXIS2_PLACEMENT_3D ( 'NONE', #5074, #4588, #1153 ) ;
#1671 = LINE ( 'NONE', #2472, #925 ) ;
#1672 = ORIENTED_EDGE ( 'NONE', *, *, #3816, .F. ) ;
#1673 = VECTOR ( 'NONE', #808, 1000.000000000000000 ) ;
#1674 = EDGE_CURVE ( 'NONE', #876, #1572, #3663, .T. ) ;
#1675 = VERTEX_POINT ( 'NONE', #1653 ) ;
#1676 = PRESENTATION_STYLE_ASSIGNMENT (( #3723 ) ) ;
#1677 = CARTESIAN_POINT ( 'NONE',  ( -0.4299999999999999933, 0.09999999999999267808, 0.6050000000000002043 ) ) ;
#1678 = ORIENTED_EDGE ( 'NONE', *, *, #3058, .F. ) ;
#1679 = ORIENTED_EDGE ( 'NONE', *, *, #866, .T. ) ;
#1680 = UNCERTAINTY_MEASURE_WITH_UNIT (LENGTH_MEASURE( 1.000000000000000082E-05 ), #623, 'distance_accuracy_value', 'NONE');
#1681 = ORIENTED_EDGE ( 'NONE', *, *, #3754, .T. ) ;
#1682 = VERTEX_POINT ( 'NONE', #984 ) ;
#1683 = CARTESIAN_POINT ( 'NONE',  ( 0.5000000000000000000, 0.1599999999999975608, -0.09499999999999995948 ) ) ;
#1684 = EDGE_CURVE ( 'NONE', #3532, #4716, #3616, .T. ) ;
#1685 = PLANE ( 'NONE',  #2186 ) ;
#1686 = LINE ( 'NONE', #2464, #4245 ) ;
#1687 = DIRECTION ( 'NONE',  ( 1.000000000000000000, 0.000000000000000000, -6.776263578034405671E-16 ) ) ;
#1688 = ORIENTED_EDGE ( 'NONE', *, *, #3365, .F. ) ;
#1689 = ORIENTED_EDGE ( 'NONE', *, *, #4602, .T. ) ;
#1690 = EDGE_CURVE ( 'NONE', #3569, #3503, #528, .T. ) ;
#1691 = MECHANICAL_DESIGN_GEOMETRIC_PRESENTATION_REPRESENTATION (  '', ( #2588 ), #364 ) ;
#1692 = DIRECTION ( 'NONE',  ( 0.000000000000000000, -1.000000000000000000, 0.000000000000000000 ) ) ;
#1693 = FACE_OUTER_BOUND ( 'NONE', #3940, .T. ) ;
#1694 = DIRECTION ( 'NONE',  ( 0.7071067811865504593, 0.000000000000000000, -0.7071067811865446862 ) ) ;
#1695 = LINE ( 'NONE', #4459, #920 ) ;
#1696 = ORIENTED_EDGE ( 'NONE', *, *, #3770, .T. ) ;
#1697 = CARTESIAN_POINT ( 'NONE',  ( -0.2591199250936493392, 0.09999999999999757694, -0.2549999999999999489 ) ) ;
#1698 = VERTEX_POINT ( 'NONE', #2141 ) ;
#1699 = AXIS2_PLACEMENT_3D ( 'NONE', #824, #750, #3957 ) ;
#1700 = ADVANCED_FACE ( 'NONE', ( #929 ), #1264, .T. ) ;
#1701 = DIRECTION ( 'NONE',  ( 1.000000000000000000, -1.270549420881451988E-16, 0.000000000000000000 ) ) ;
#1702 = SURFACE_STYLE_FILL_AREA ( #1339 ) ;
#1703 = DIRECTION ( 'NONE',  ( 0.000000000000000000, -1.000000000000000000, 0.000000000000000000 ) ) ;
#1704 = VERTEX_POINT ( 'NONE', #505 ) ;
#1705 = STYLED_ITEM ( 'NONE', ( #3170 ), #4970 ) ;
#1706 = ORIENTED_EDGE ( 'NONE', *, *, #2611, .F. ) ;
#1707 = ORIENTED_EDGE ( 'NONE', *, *, #3320, .F. ) ;
#1708 = PLANE ( 'NONE',  #1630 ) ;
#1709 = LINE ( 'NONE', #128, #1230 ) ;
#1710 = DIRECTION ( 'NONE',  ( -0.000000000000000000, -1.000000000000000000, -0.000000000000000000 ) ) ;
#1711 = FACE_OUTER_BOUND ( 'NONE', #998, .T. ) ;
#1712 = VERTEX_POINT ( 'NONE', #3640 ) ;
#1713 = VERTEX_POINT ( 'NONE', #2501 ) ;
#1714 = ORIENTED_EDGE ( 'NONE', *, *, #4819, .F. ) ;
#1715 = ADVANCED_FACE ( 'NONE', ( #148 ), #1730, .F. ) ;
#1716 = CARTESIAN_POINT ( 'NONE',  ( -0.1100000000000003059, 0.09999999999999997780, 0.6749999999999999334 ) ) ;
#1717 = AXIS2_PLACEMENT_3D ( 'NONE', #3722, #4463, #4055 ) ;
#1718 = LINE ( 'NONE', #1354, #3948 ) ;
#1719 = ADVANCED_FACE ( 'NONE', ( #1470 ), #2951, .F. ) ;
#1720 = PLANE ( 'NONE',  #1179 ) ;
#1721 = EDGE_LOOP ( 'NONE', ( #3227, #2158, #110, #1177 ) ) ;
#1722 = AXIS2_PLACEMENT_3D ( 'NONE', #3416, #2218, #307 ) ;
#1723 = ADVANCED_FACE ( 'NONE', ( #2598 ), #4600, .T. ) ;
#1724 = ORIENTED_EDGE ( 'NONE', *, *, #3157, .F. ) ;
#1725 = LINE ( 'NONE', #1697, #586 ) ;
#1726 = VECTOR ( 'NONE', #4180, 1000.000000000000000 ) ;
#1727 = ADVANCED_FACE ( 'NONE', ( #4983 ), #1011, .F. ) ;
#1728 = ORIENTED_EDGE ( 'NONE', *, *, #426, .F. ) ;
#1729 = CARTESIAN_POINT ( 'NONE',  ( 0.1200000000000000649, 0.1600000000000000033, 0.4449999999999997846 ) ) ;
#1730 = PLANE ( 'NONE',  #159 ) ;
#1731 = LINE ( 'NONE', #2090, #730 ) ;
#1732 =( GEOMETRIC_REPRESENTATION_CONTEXT ( 3 ) GLOBAL_UNCERTAINTY_ASSIGNED_CONTEXT ( ( #3667 ) ) GLOBAL_UNIT_ASSIGNED_CONTEXT ( ( #4727, #3545, #4312 ) ) REPRESENTATION_CONTEXT ( 'NONE', 'WORKASPACE' ) );
#1733 = VECTOR ( 'NONE', #3732, 1000.000000000000000 ) ;
#1734 = VERTEX_POINT ( 'NONE', #255 ) ;
#1735 = ADVANCED_FACE ( 'NONE', ( #4956 ), #4519, .F. ) ;
#1736 = EDGE_LOOP ( 'NONE', ( #4963, #4642, #3656, #459, #1918, #4898 ) ) ;
#1737 = CARTESIAN_POINT ( 'NONE',  ( 0.1100000000000001671, 0.09999999999999997780, 0.6749999999999999334 ) ) ;
#1738 = DIRECTION ( 'NONE',  ( 0.000000000000000000, 8.470329472542998460E-17, -1.000000000000000000 ) ) ;
#1739 = CARTESIAN_POINT ( 'NONE',  ( 0.4300000000000000488, 0.04000000000000002165, -0.09500000000000002887 ) ) ;
#1740 = DIRECTION ( 'NONE',  ( 0.000000000000000000, -1.000000000000000000, 0.000000000000000000 ) ) ;
#1741 = PLANE ( 'NONE',  #2522 ) ;
#1742 = ORIENTED_EDGE ( 'NONE', *, *, #104, .F. ) ;
#1743 = ORIENTED_EDGE ( 'NONE', *, *, #1938, .T. ) ;
#1744 = DIRECTION ( 'NONE',  ( -0.000000000000000000, -1.000000000000000000, -0.000000000000000000 ) ) ;
#1745 =( GEOMETRIC_REPRESENTATION_CONTEXT ( 3 ) GLOBAL_UNCERTAINTY_ASSIGNED_CONTEXT ( ( #1269 ) ) GLOBAL_UNIT_ASSIGNED_CONTEXT ( ( #634, #1853, #3841 ) ) REPRESENTATION_CONTEXT ( 'NONE', 'WORKASPACE' ) );
#1746 = VECTOR ( 'NONE', #2585, 1000.000000000000000 ) ;
#1747 = CARTESIAN_POINT ( 'NONE',  ( -0.4299999999999999933, 0.1000000000000000194, -0.6050000000000000933 ) ) ;
#1748 = DIRECTION ( 'NONE',  ( -1.000000000000000000, 0.000000000000000000, -3.388131789017200370E-16 ) ) ;
#1749 = EDGE_LOOP ( 'NONE', ( #4698, #2185, #648, #542 ) ) ;
#1750 = CARTESIAN_POINT ( 'NONE',  ( -0.4300000000000000488, 0.5088552708502482869, 0.09500000000000002887 ) ) ;
#1751 = ORIENTED_EDGE ( 'NONE', *, *, #2863, .F. ) ;
#1752 = AXIS2_PLACEMENT_3D ( 'NONE', #4209, #301, #4626 ) ;
#1753 = EDGE_CURVE ( 'NONE', #2077, #3836, #1083, .T. ) ;
#1754 = VECTOR ( 'NONE', #2157, 1000.000000000000000 ) ;
#1755 = LINE ( 'NONE', #2475, #3206 ) ;
#1756 = DIRECTION ( 'NONE',  ( 1.000000000000000000, 0.000000000000000000, -3.388131789017199384E-16 ) ) ;
#1757 = VERTEX_POINT ( 'NONE', #3026 ) ;
#1758 = AXIS2_PLACEMENT_3D ( 'NONE', #2533, #4094, #567 ) ;
#1759 = EDGE_CURVE ( 'NONE', #3466, #4181, #1493, .T. ) ;
#1760 = LINE ( 'NONE', #4518, #3102 ) ;
#1761 = DIRECTION ( 'NONE',  ( -1.000000000000000000, -0.000000000000000000, -0.000000000000000000 ) ) ;
#1762 = CARTESIAN_POINT ( 'NONE',  ( 0.4299999999999999378, 0.1000000000000000194, -0.1194235880780061126 ) ) ;
#1763 = ORIENTED_EDGE ( 'NONE', *, *, #4517, .F. ) ;
#1764 = ORIENTED_EDGE ( 'NONE', *, *, #2468, .T. ) ;
#1765 = LINE ( 'NONE', #3314, #324 ) ;
#1766 = CARTESIAN_POINT ( 'NONE',  ( 0.1200000000000000927, 0.09999999999999269196, 0.4450000000000000622 ) ) ;
#1767 = DIRECTION ( 'NONE',  ( 0.000000000000000000, 0.000000000000000000, -1.000000000000000000 ) ) ;
#1768 = CARTESIAN_POINT ( 'NONE',  ( 0.5000000000000000000, 2.380029761641144326, 0.6749999999999998224 ) ) ;
#1769 = LINE ( 'NONE', #2912, #534 ) ;
#1770 = ORIENTED_EDGE ( 'NONE', *, *, #1356, .T. ) ;
#1771 = CARTESIAN_POINT ( 'NONE',  ( 0.5000000000000000000, 0.1599999999999926759, 0.6050000000000002043 ) ) ;
#1772 = EDGE_CURVE ( 'NONE', #1572, #2583, #1059, .T. ) ;
#1773 = PLANE ( 'NONE',  #4030 ) ;
#1774 = DIRECTION ( 'NONE',  ( -3.388131789017200863E-16, 0.000000000000000000, 1.000000000000000000 ) ) ;
#1775 = ORIENTED_EDGE ( 'NONE', *, *, #399, .T. ) ;
#1776 = VERTEX_POINT ( 'NONE', #2623 ) ;
#1777 = ORIENTED_EDGE ( 'NONE', *, *, #494, .T. ) ;
#1778 = PLANE ( 'NONE',  #2806 ) ;
#1779 = AXIS2_PLACEMENT_3D ( 'NONE', #4173, #219, #4151 ) ;
#1780 = LINE ( 'NONE', #228, #1873 ) ;
#1781 = VERTEX_POINT ( 'NONE', #1837 ) ;
#1782 = AXIS2_PLACEMENT_3D ( 'NONE', #395, #1640, #4694 ) ;
#1783 = CARTESIAN_POINT ( 'NONE',  ( 0.5000000000000000000, 0.09999999999999757694, -0.2550000000000000600 ) ) ;
#1784 = CARTESIAN_POINT ( 'NONE',  ( -0.1200000000000000372, 0.1600000000000000033, 0.09499999999999991784 ) ) ;
#1785 = DIRECTION ( 'NONE',  ( -0.000000000000000000, 8.470329472542998460E-17, -1.000000000000000000 ) ) ;
#1786 = ORIENTED_EDGE ( 'NONE', *, *, #743, .T. ) ;
#1787 = EDGE_CURVE ( 'NONE', #1934, #2572, #3825, .T. ) ;
#1788 = EDGE_CURVE ( 'NONE', #1290, #2962, #691, .T. ) ;
#1789 = CARTESIAN_POINT ( 'NONE',  ( -0.07000000000000007605, 0.03999999999999999389, -0.4450000000000000067 ) ) ;
#1790 = LINE ( 'NONE', #2463, #2832 ) ;
#1791 = CARTESIAN_POINT ( 'NONE',  ( 0.4300000000000000488, 0.09999999999999510669, 0.2549999999999999489 ) ) ;
#1792 = CARTESIAN_POINT ( 'NONE',  ( -0.5000000000000000000, 0.09999999999999510669, 0.2550000000000001710 ) ) ;
#1793 = VECTOR ( 'NONE', #4367, 1000.000000000000000 ) ;
#1794 = DIRECTION ( 'NONE',  ( 0.000000000000000000, 1.000000000000000000, 0.000000000000000000 ) ) ;
#1795 = ORIENTED_EDGE ( 'NONE', *, *, #3345, .F. ) ;
#1796 = ORIENTED_EDGE ( 'NONE', *, *, #3811, .T. ) ;
#1797 = DIRECTION ( 'NONE',  ( 1.000000000000000000, 0.000000000000000000, 0.000000000000000000 ) ) ;
#1798 = FACE_OUTER_BOUND ( 'NONE', #3934, .T. ) ;
#1799 = FACE_OUTER_BOUND ( 'NONE', #4693, .T. ) ;
#1800 = SURFACE_STYLE_FILL_AREA ( #975 ) ;
#1801 = ORIENTED_EDGE ( 'NONE', *, *, #869, .T. ) ;
#1802 = ADVANCED_FACE ( 'NONE', ( #2675 ), #617, .F. ) ;
#1803 = VECTOR ( 'NONE', #4860, 1000.000000000000000 ) ;
#1804 = VECTOR ( 'NONE', #5068, 1000.000000000000000 ) ;
#1805 = DIRECTION ( 'NONE',  ( -0.000000000000000000, 1.000000000000000000, 0.000000000000000000 ) ) ;
#1806 = ADVANCED_FACE ( 'NONE', ( #3338 ), #3803, .F. ) ;
#1807 = LINE ( 'NONE', #2086, #3951 ) ;
#1808 = CARTESIAN_POINT ( 'NONE',  ( -0.1200000000000000372, 0.5088552708502482869, -0.6050000000000000933 ) ) ;
#1809 = AXIS2_PLACEMENT_3D ( 'NONE', #3493, #4955, #719 ) ;
#1810 = ORIENTED_EDGE ( 'NONE', *, *, #2476, .T. ) ;
#1811 = LINE ( 'NONE', #2524, #2615 ) ;
#1812 = DIRECTION ( 'NONE',  ( -6.802629345036381987E-33, -1.000000000000000000, -8.470329472542994763E-17 ) ) ;
#1813 = LINE ( 'NONE', #3752, #893 ) ;
#1814 = ORIENTED_EDGE ( 'NONE', *, *, #2792, .F. ) ;
#1815 = VERTEX_POINT ( 'NONE', #1784 ) ;
#1816 = DIRECTION ( 'NONE',  ( 1.084202172485504434E-16, 0.000000000000000000, 1.000000000000000000 ) ) ;
#1817 = CARTESIAN_POINT ( 'NONE',  ( 0.1200000000000000649, 0.5088552708502482869, -0.2550000000000000600 ) ) ;
#1818 = CARTESIAN_POINT ( 'NONE',  ( 0.1200000000000001205, 0.04000000000000002165, -0.4449999999999999512 ) ) ;
#1819 = CARTESIAN_POINT ( 'NONE',  ( -0.1200000000000000927, 0.5088552708502482869, -0.09500000000000002887 ) ) ;
#1820 = EDGE_CURVE ( 'NONE', #4097, #2279, #4906, .T. ) ;
#1821 = CARTESIAN_POINT ( 'NONE',  ( -0.3700000000000001066, 0.3499999999999999778, -0.5450000000000001510 ) ) ;
#1822 = ORIENTED_EDGE ( 'NONE', *, *, #2776, .F. ) ;
#1823 = ORIENTED_EDGE ( 'NONE', *, *, #985, .F. ) ;
#1824 = CARTESIAN_POINT ( 'NONE',  ( 0.1100000000000001671, 0.09999999999999997780, 0.6049999999999998712 ) ) ;
#1825 = ADVANCED_FACE ( 'NONE', ( #1861 ), #2195, .F. ) ;
#1826 = PLANE ( 'NONE',  #4933 ) ;
#1827 = DIRECTION ( 'NONE',  ( -3.388131789017200370E-16, 0.000000000000000000, 1.000000000000000000 ) ) ;
#1828 = ORIENTED_EDGE ( 'NONE', *, *, #210, .F. ) ;
#1829 = PLANE ( 'NONE',  #1955 ) ;
#1830 = ORIENTED_EDGE ( 'NONE', *, *, #1403, .F. ) ;
#1831 = CARTESIAN_POINT ( 'NONE',  ( 0.1200000000000001205, 0.04000000000000002165, -0.09499999999999997335 ) ) ;
#1832 = LINE ( 'NONE', #1884, #969 ) ;
#1833 =( GEOMETRIC_REPRESENTATION_CONTEXT ( 3 ) GLOBAL_UNCERTAINTY_ASSIGNED_CONTEXT ( ( #3207 ) ) GLOBAL_UNIT_ASSIGNED_CONTEXT ( ( #706, #2287, #1876 ) ) REPRESENTATION_CONTEXT ( 'NONE', 'WORKASPACE' ) );
#1834 = ORIENTED_EDGE ( 'NONE', *, *, #2084, .T. ) ;
#1835 = AXIS2_PLACEMENT_3D ( 'NONE', #3679, #4100, #2894 ) ;
#1836 = CARTESIAN_POINT ( 'NONE',  ( -0.4299999999999999933, 0.1000000000000000194, -0.6050000000000000933 ) ) ;
#1837 = CARTESIAN_POINT ( 'NONE',  ( 0.1100000000000001255, 0.1599999999999999756, 0.6049999999999998712 ) ) ;
#1838 = EDGE_CURVE ( 'NONE', #1267, #3888, #2979, .T. ) ;
#1839 = ORIENTED_EDGE ( 'NONE', *, *, #2145, .T. ) ;
#1840 = VECTOR ( 'NONE', #1663, 1000.000000000000000 ) ;
#1841 = AXIS2_PLACEMENT_3D ( 'NONE', #519, #2515, #1304 ) ;
#1842 = ORIENTED_EDGE ( 'NONE', *, *, #3543, .F. ) ;
#1843 = CARTESIAN_POINT ( 'NONE',  ( 0.5000000000000000000, 0.1600000000000000033, -0.4450000000000000067 ) ) ;
#1844 = CARTESIAN_POINT ( 'NONE',  ( 0.4999999999999998890, 2.380029761641144326, -0.6750000000000001554 ) ) ;
#1845 = FACE_OUTER_BOUND ( 'NONE', #4858, .T. ) ;
#1846 = CARTESIAN_POINT ( 'NONE',  ( 0.5000000000000000000, 0.1599999999999951461, 0.09499999999999998723 ) ) ;
#1847 = VERTEX_POINT ( 'NONE', #4575 ) ;
#1848 = LINE ( 'NONE', #3318, #3450 ) ;
#1849 = EDGE_CURVE ( 'NONE', #3203, #1290, #3145, .T. ) ;
#1850 = FACE_OUTER_BOUND ( 'NONE', #4548, .T. ) ;
#1851 = CARTESIAN_POINT ( 'NONE',  ( 0.4299999999999998823, 0.1000000000000000194, 0.2794235880780059911 ) ) ;
#1852 = LINE ( 'NONE', #3406, #3387 ) ;
#1853 =( NAMED_UNIT ( * ) PLANE_ANGLE_UNIT ( ) SI_UNIT ( $, .RADIAN. ) );
#1854 = ORIENTED_EDGE ( 'NONE', *, *, #3312, .F. ) ;
#1855 = EDGE_CURVE ( 'NONE', #2543, #4132, #2766, .T. ) ;
#1856 = DIRECTION ( 'NONE',  ( 0.000000000000000000, -0.000000000000000000, 1.000000000000000000 ) ) ;
#1857 = ORIENTED_EDGE ( 'NONE', *, *, #2905, .T. ) ;
#1858 = DIRECTION ( 'NONE',  ( 0.000000000000000000, -1.000000000000000000, 0.000000000000000000 ) ) ;
#1859 = CARTESIAN_POINT ( 'NONE',  ( 0.1200000000000000927, 0.09999999999999997780, -0.4450000000000000067 ) ) ;
#1860 = ORIENTED_EDGE ( 'NONE', *, *, #2448, .F. ) ;
#1861 = FACE_OUTER_BOUND ( 'NONE', #2711, .T. ) ;
#1862 = ORIENTED_EDGE ( 'NONE', *, *, #4223, .T. ) ;
#1863 = VECTOR ( 'NONE', #1692, 1000.000000000000000 ) ;
#1864 = EDGE_CURVE ( 'NONE', #784, #1967, #3927, .T. ) ;
#1865 = CARTESIAN_POINT ( 'NONE',  ( 0.1200000000000000649, 0.1600000000000000033, -0.2550000000000000600 ) ) ;
#1866 = FILL_AREA_STYLE ('',( #3398 ) ) ;
#1867 = LINE ( 'NONE', #3423, #3247 ) ;
#1868 = CARTESIAN_POINT ( 'NONE',  ( 0.1200000000000000649, 0.1599999999999999756, 0.4449999999999998401 ) ) ;
#1869 = EDGE_LOOP ( 'NONE', ( #1103, #4137, #3769, #4670 ) ) ;
#1870 = DIRECTION ( 'NONE',  ( 1.000000000000000000, 0.000000000000000000, -0.000000000000000000 ) ) ;
#1871 = VECTOR ( 'NONE', #1350, 1000.000000000000114 ) ;
#1872 = LINE ( 'NONE', #2231, #2025 ) ;
#1873 = VECTOR ( 'NONE', #3746, 1000.000000000000000 ) ;
#1874 = CARTESIAN_POINT ( 'NONE',  ( 0.000000000000000000, 0.000000000000000000, 0.3499999999999999778 ) ) ;
#1875 = PLANE ( 'NONE',  #4041 ) ;
#1876 =( NAMED_UNIT ( * ) SI_UNIT ( $, .STERADIAN. ) SOLID_ANGLE_UNIT ( ) );
#1877 = ORIENTED_EDGE ( 'NONE', *, *, #4431, .F. ) ;
#1878 = VERTEX_POINT ( 'NONE', #4723 ) ;
#1879 = AXIS2_PLACEMENT_3D ( 'NONE', #2998, #3413, #2293 ) ;
#1880 = EDGE_CURVE ( 'NONE', #2253, #3801, #1621, .T. ) ;
#1881 = LINE ( 'NONE', #3409, #874 ) ;
#1882 = ADVANCED_FACE ( 'NONE', ( #4703 ), #2741, .T. ) ;
#1883 = CARTESIAN_POINT ( 'NONE',  ( 0.1200000000000000927, 0.1000000000000000194, -0.6050000000000000933 ) ) ;
#1884 = CARTESIAN_POINT ( 'NONE',  ( -0.1500000000000005218, 0.09999999999999999167, -0.6050000000000000933 ) ) ;
#1885 = EDGE_CURVE ( 'NONE', #2456, #907, #3125, .T. ) ;
#1886 = ORIENTED_EDGE ( 'NONE', *, *, #1342, .F. ) ;
#1887 = EDGE_CURVE ( 'NONE', #3928, #2151, #19, .T. ) ;
#1888 = PLANE ( 'NONE',  #1809 ) ;
#1889 = AXIS2_PLACEMENT_3D ( 'NONE', #1980, #1198, #2753 ) ;
#1890 = DIRECTION ( 'NONE',  ( 0.000000000000000000, -0.000000000000000000, -1.000000000000000000 ) ) ;
#1891 = VERTEX_POINT ( 'NONE', #2699 ) ;
#1892 = ORIENTED_EDGE ( 'NONE', *, *, #2768, .F. ) ;
#1893 = LINE ( 'NONE', #3448, #4102 ) ;
#1894 = SURFACE_SIDE_STYLE ('',( #2276 ) ) ;
#1895 = DIRECTION ( 'NONE',  ( -1.000000000000000000, 0.000000000000000000, 8.031127203596330602E-17 ) ) ;
#1896 = LINE ( 'NONE', #698, #4946 ) ;
#1897 = EDGE_LOOP ( 'NONE', ( #450, #3115, #956, #1689 ) ) ;
#1898 = EDGE_CURVE ( 'NONE', #3846, #1637, #2719, .T. ) ;
#1899 = ORIENTED_EDGE ( 'NONE', *, *, #417, .T. ) ;
#1900 = VECTOR ( 'NONE', #105, 1000.000000000000000 ) ;
#1901 = ADVANCED_FACE ( 'NONE', ( #4267 ), #5036, .F. ) ;
#1902 = LINE ( 'NONE', #1022, #4882 ) ;
#1903 = DIRECTION ( 'NONE',  ( 0.000000000000000000, -1.000000000000000000, 0.000000000000000000 ) ) ;
#1904 = LINE ( 'NONE', #1560, #181 ) ;
#1905 = EDGE_CURVE ( 'NONE', #3471, #4467, #819, .T. ) ;
#1906 = CARTESIAN_POINT ( 'NONE',  ( 0.1200000000000000649, 0.1600000000000000033, -0.6050000000000000933 ) ) ;
#1907 = VECTOR ( 'NONE', #4214, 1000.000000000000000 ) ;
#1908 = ORIENTED_EDGE ( 'NONE', *, *, #1820, .F. ) ;
#1909 = CARTESIAN_POINT ( 'NONE',  ( 0.1100000000000001671, 0.09999999999999997780, -0.6750000000000001554 ) ) ;
#1910 = ORIENTED_EDGE ( 'NONE', *, *, #1563, .T. ) ;
#1911 = DIRECTION ( 'NONE',  ( 1.084202172485504434E-16, 0.000000000000000000, 1.000000000000000000 ) ) ;
#1912 = DIRECTION ( 'NONE',  ( -3.388131789017200863E-16, 0.000000000000000000, 1.000000000000000000 ) ) ;
#1913 = ORIENTED_EDGE ( 'NONE', *, *, #4757, .F. ) ;
#1914 = EDGE_CURVE ( 'NONE', #1543, #731, #1522, .T. ) ;
#1915 = CARTESIAN_POINT ( 'NONE',  ( 0.4299999999999999378, 0.1600000000000000033, -0.1194235880780061126 ) ) ;
#1916 = VECTOR ( 'NONE', #4478, 1000.000000000000000 ) ;
#1917 =( NAMED_UNIT ( * ) SI_UNIT ( $, .STERADIAN. ) SOLID_ANGLE_UNIT ( ) );
#1918 = ORIENTED_EDGE ( 'NONE', *, *, #387, .F. ) ;
#1919 = EDGE_CURVE ( 'NONE', #4132, #5005, #1164, .T. ) ;
#1920 = VECTOR ( 'NONE', #2519, 1000.000000000000000 ) ;
#1921 = PLANE ( 'NONE',  #865 ) ;
#1922 = AXIS2_PLACEMENT_3D ( 'NONE', #1209, #3563, #2348 ) ;
#1923 = DIRECTION ( 'NONE',  ( 0.000000000000000000, 1.000000000000000000, 0.000000000000000000 ) ) ;
#1924 = CARTESIAN_POINT ( 'NONE',  ( 0.4299999999999998823, 0.1000000000000000194, 0.6749999999999999334 ) ) ;
#1925 = APPLICATION_CONTEXT ( 'automotive_design' ) ;
#1926 = EDGE_LOOP ( 'NONE', ( #1658, #2046, #3922, #3179 ) ) ;
#1928 = VERTEX_POINT ( 'NONE', #4290 ) ;
#1927 = VECTOR ( 'NONE', #651, 1000.000000000000000 ) ;
#1929 = EDGE_LOOP ( 'NONE', ( #2503, #654, #2301, #2748 ) ) ;
#1930 = CARTESIAN_POINT ( 'NONE',  ( 0.4300000000000000488, 0.04000000000000002165, 0.6049999999999998712 ) ) ;
#1931 = DIRECTION ( 'NONE',  ( 1.000000000000000000, -1.270549420881451741E-16, 0.000000000000000000 ) ) ;
#1932 = DIRECTION ( 'NONE',  ( 0.000000000000000000, -1.000000000000000000, 0.000000000000000000 ) ) ;
#1933 = SURFACE_STYLE_FILL_AREA ( #3040 ) ;
#1934 = VERTEX_POINT ( 'NONE', #3950 ) ;
#1935 = ORIENTED_EDGE ( 'NONE', *, *, #2092, .F. ) ;
#1936 = EDGE_CURVE ( 'NONE', #1928, #968, #747, .T. ) ;
#1937 = CARTESIAN_POINT ( 'NONE',  ( -0.5000000000000000000, 0.09999999999999512057, 0.09500000000000007050 ) ) ;
#1938 = EDGE_CURVE ( 'NONE', #2104, #2474, #1989, .T. ) ;
#1939 = LINE ( 'NONE', #4718, #2965 ) ;
#1940 = FACE_OUTER_BOUND ( 'NONE', #4788, .T. ) ;
#1941 = ORIENTED_EDGE ( 'NONE', *, *, #316, .T. ) ;
#1942 =( LENGTH_UNIT ( ) NAMED_UNIT ( * ) SI_UNIT ( .MILLI., .METRE. ) );
#1943 = CARTESIAN_POINT ( 'NONE',  ( 0.5000000000000000000, 0.1599999999999975608, -0.2550000000000000600 ) ) ;
#1944 = VERTEX_POINT ( 'NONE', #3881 ) ;
#1945 = VECTOR ( 'NONE', #4063, 1000.000000000000000 ) ;
#1946 = ADVANCED_FACE ( 'NONE', ( #429 ), #2014, .F. ) ;
#1947 = CARTESIAN_POINT ( 'NONE',  ( -0.1200000000000000372, 0.5088552708502482869, -0.2550000000000000600 ) ) ;
#1948 = ADVANCED_FACE ( 'NONE', ( #3853 ), #331, .F. ) ;
#1949 = CARTESIAN_POINT ( 'NONE',  ( -0.5000000000000000000, 0.09999999999999510669, 0.2550000000000001710 ) ) ;
#1950 = DIRECTION ( 'NONE',  ( -3.388131789017200370E-16, 0.000000000000000000, 1.000000000000000000 ) ) ;
#1951 = ORIENTED_EDGE ( 'NONE', *, *, #985, .T. ) ;
#1952 = ORIENTED_EDGE ( 'NONE', *, *, #2064, .F. ) ;
#1953 = EDGE_CURVE ( 'NONE', #2621, #3462, #3520, .T. ) ;
#1954 = CARTESIAN_POINT ( 'NONE',  ( -0.1200000000000000927, 0.5088552708502482869, 0.6049999999999998712 ) ) ;
#1955 = AXIS2_PLACEMENT_3D ( 'NONE', #3070, #4261, #3817 ) ;
#1956 = DIRECTION ( 'NONE',  ( 1.000000000000000000, -0.000000000000000000, -8.031127203596330602E-17 ) ) ;
#1957 = DIRECTION ( 'NONE',  ( 1.000000000000000000, 0.000000000000000000, -0.000000000000000000 ) ) ;
#1958 = FACE_OUTER_BOUND ( 'NONE', #1189, .T. ) ;
#1959 = ORIENTED_EDGE ( 'NONE', *, *, #2797, .F. ) ;
#1960 = ORIENTED_EDGE ( 'NONE', *, *, #1108, .T. ) ;
#1961 = AXIS2_PLACEMENT_3D ( 'NONE', #1167, #3130, #3151 ) ;
#1962 = DIRECTION ( 'NONE',  ( -1.000000000000000000, 0.000000000000000000, 0.000000000000000000 ) ) ;
#1963 = DIRECTION ( 'NONE',  ( 0.000000000000000000, 0.000000000000000000, 1.000000000000000000 ) ) ;
#1964 = CARTESIAN_POINT ( 'NONE',  ( 0.4300000000000004929, 0.1000000000000000194, -0.6049999999999999822 ) ) ;
#1965 = VECTOR ( 'NONE', #240, 1000.000000000000000 ) ;
#1966 = EDGE_CURVE ( 'NONE', #4537, #4659, #4456, .T. ) ;
#1967 = VERTEX_POINT ( 'NONE', #4869 ) ;
#1968 = EDGE_CURVE ( 'NONE', #3795, #3856, #1355, .T. ) ;
#1969 = DIRECTION ( 'NONE',  ( 0.000000000000000000, -0.000000000000000000, 1.000000000000000000 ) ) ;
#1970 = EDGE_LOOP ( 'NONE', ( #850, #798, #4466, #2404 ) ) ;
#1971 = VECTOR ( 'NONE', #2196, 1000.000000000000000 ) ;
#1972 = DIRECTION ( 'NONE',  ( -1.000000000000000000, 0.000000000000000000, 0.000000000000000000 ) ) ;
#1973 = DIRECTION ( 'NONE',  ( 0.000000000000000000, 1.000000000000000000, 0.000000000000000000 ) ) ;
#1974 = CARTESIAN_POINT ( 'NONE',  ( 0.4300000000000000488, 0.5088552708502482869, -0.4450000000000000067 ) ) ;
#1975 = ORIENTED_EDGE ( 'NONE', *, *, #2006, .T. ) ;
#1976 = VERTEX_POINT ( 'NONE', #1001 ) ;
#1977 = VECTOR ( 'NONE', #1163, 1000.000000000000000 ) ;
#1978 = ORIENTED_EDGE ( 'NONE', *, *, #253, .T. ) ;
#1979 = DIRECTION ( 'NONE',  ( 1.000000000000000000, 0.000000000000000000, -8.031127203596330602E-17 ) ) ;
#1980 = CARTESIAN_POINT ( 'NONE',  ( 0.5000000000000000000, 0.000000000000000000, 0.000000000000000000 ) ) ;
#1981 = CARTESIAN_POINT ( 'NONE',  ( 0.1200000000000002731, 0.04000000000000000083, -4.065758146820649023E-17 ) ) ;
#1982 = FACE_BOUND ( 'NONE', #3960, .T. ) ;
#1983 = ORIENTED_EDGE ( 'NONE', *, *, #3441, .T. ) ;
#1984 = EDGE_CURVE ( 'NONE', #1704, #4154, #2895, .T. ) ;
#1985 = CARTESIAN_POINT ( 'NONE',  ( 0.1200000000000000649, 0.1600000000000000033, 0.09499999999999991784 ) ) ;
#1986 = FACE_BOUND ( 'NONE', #4297, .T. ) ;
#1987 = ORIENTED_EDGE ( 'NONE', *, *, #4095, .F. ) ;
#1988 = FILL_AREA_STYLE ('',( #453 ) ) ;
#1989 = LINE ( 'NONE', #2370, #1178 ) ;
#1990 = ORIENTED_EDGE ( 'NONE', *, *, #2427, .F. ) ;
#1991 = EDGE_CURVE ( 'NONE', #609, #9, #4534, .T. ) ;
#1992 = VECTOR ( 'NONE', #2258, 1000.000000000000000 ) ;
#1993 = ORIENTED_EDGE ( 'NONE', *, *, #512, .F. ) ;
#1994 = CARTESIAN_POINT ( 'NONE',  ( -0.5000000000000000000, 0.1600000000000000033, -0.4449999999999998956 ) ) ;
#1995 = CARTESIAN_POINT ( 'NONE',  ( 0.1200000000000001205, 0.5088552708502482869, 0.6049999999999999822 ) ) ;
#1996 = CARTESIAN_POINT ( 'NONE',  ( 0.1100000000000001810, 0.09999999999999997780, -0.4449999999999999512 ) ) ;
#1997 = EDGE_LOOP ( 'NONE', ( #2594, #1764, #1602, #3779, #3478, #161 ) ) ;
#1998 = AXIS2_PLACEMENT_3D ( 'NONE', #790, #2369, #398 ) ;
#1999 = ORIENTED_EDGE ( 'NONE', *, *, #437, .T. ) ;
#2000 = DIRECTION ( 'NONE',  ( -1.000000000000000000, 0.000000000000000000, 0.000000000000000000 ) ) ;
#2001 = LINE ( 'NONE', #3553, #4905 ) ;
#2002 = DIRECTION ( 'NONE',  ( 0.000000000000000000, 0.000000000000000000, 1.000000000000000000 ) ) ;
#2003 = FACE_OUTER_BOUND ( 'NONE', #337, .T. ) ;
#2004 = ORIENTED_EDGE ( 'NONE', *, *, #2255, .T. ) ;
#2005 = VECTOR ( 'NONE', #2813, 1000.000000000000000 ) ;
#2006 = EDGE_CURVE ( 'NONE', #3069, #1317, #2586, .T. ) ;
#2007 = LINE ( 'NONE', #1591, #4804 ) ;
#2008 = FACE_OUTER_BOUND ( 'NONE', #3245, .T. ) ;
#2009 = ADVANCED_FACE ( 'NONE', ( #1799 ), #3680, .T. ) ;
#2010 = CARTESIAN_POINT ( 'NONE',  ( 0.1100000000000002226, 0.09999999999999997780, -0.1194235880780060155 ) ) ;
#2011 = ORIENTED_EDGE ( 'NONE', *, *, #1880, .T. ) ;
#2012 = EDGE_CURVE ( 'NONE', #1119, #4097, #3324, .T. ) ;
#2013 = DIRECTION ( 'NONE',  ( -1.000000000000000000, -0.000000000000000000, -0.000000000000000000 ) ) ;
#2014 = PLANE ( 'NONE',  #348 ) ;
#2015 = ORIENTED_EDGE ( 'NONE', *, *, #4919, .T. ) ;
#2016 = CARTESIAN_POINT ( 'NONE',  ( -0.1200000000000000927, 0.000000000000000000, 0.2549999999999999489 ) ) ;
#2017 = CARTESIAN_POINT ( 'NONE',  ( -0.5000000000000000000, 0.1600000000000000033, -0.4449999999999998956 ) ) ;
#2018 = PLANE ( 'NONE',  #1469 ) ;
#2019 = ORIENTED_EDGE ( 'NONE', *, *, #1864, .T. ) ;
#2020 = ADVANCED_FACE ( 'NONE', ( #4945 ), #2915, .F. ) ;
#2021 = ORIENTED_EDGE ( 'NONE', *, *, #2993, .F. ) ;
#2022 = ORIENTED_EDGE ( 'NONE', *, *, #1887, .F. ) ;
#2023 = DIRECTION ( 'NONE',  ( -0.000000000000000000, -1.000000000000000000, -0.000000000000000000 ) ) ;
#2024 = CARTESIAN_POINT ( 'NONE',  ( -0.4300000000000000488, 0.09999999999999269196, 0.4450000000000002287 ) ) ;
#2025 = VECTOR ( 'NONE', #3378, 1000.000000000000000 ) ;
#2026 = PLANE ( 'NONE',  #3911 ) ;
#2027 = PLANE ( 'NONE',  #2085 ) ;
#2028 = CARTESIAN_POINT ( 'NONE',  ( -0.1200000000000000927, 0.000000000000000000, 0.6049999999999998712 ) ) ;
#2029 = ORIENTED_EDGE ( 'NONE', *, *, #608, .F. ) ;
#2030 = VECTOR ( 'NONE', #4424, 1000.000000000000000 ) ;
#2031 = DIRECTION ( 'NONE',  ( 0.000000000000000000, 1.000000000000000000, 0.000000000000000000 ) ) ;
#2032 = DIRECTION ( 'NONE',  ( 0.000000000000000000, -8.470329472542995995E-17, 1.000000000000000000 ) ) ;
#2033 = FACE_OUTER_BOUND ( 'NONE', #3589, .T. ) ;
#2034 = DIRECTION ( 'NONE',  ( 0.000000000000000000, -1.000000000000000000, 0.000000000000000000 ) ) ;
#2035 = ORIENTED_EDGE ( 'NONE', *, *, #2325, .F. ) ;
#2036 = SURFACE_STYLE_USAGE ( .BOTH. , #1260 ) ;
#2037 = VECTOR ( 'NONE', #1322, 1000.000000000000000 ) ;
#2038 = CARTESIAN_POINT ( 'NONE',  ( 0.4300000000000000488, 0.5088552708502482869, -0.09500000000000002887 ) ) ;
#2039 = ADVANCED_FACE ( 'NONE', ( #2942 ), #3356, .T. ) ;
#2040 = ORIENTED_EDGE ( 'NONE', *, *, #3987, .F. ) ;
#2041 = ADVANCED_FACE ( 'NONE', ( #2132 ), #4771, .F. ) ;
#2042 = CARTESIAN_POINT ( 'NONE',  ( 0.4300000000000000488, 0.000000000000000000, -0.4450000000000000067 ) ) ;
#2043 = FACE_OUTER_BOUND ( 'NONE', #3209, .T. ) ;
#2044 = FACE_OUTER_BOUND ( 'NONE', #2684, .T. ) ;
#2045 = ORIENTED_EDGE ( 'NONE', *, *, #1026, .T. ) ;
#2046 = ORIENTED_EDGE ( 'NONE', *, *, #915, .F. ) ;
#2047 = VECTOR ( 'NONE', #2505, 1000.000000000000000 ) ;
#2048 = AXIS2_PLACEMENT_3D ( 'NONE', #1601, #4730, #1214 ) ;
#2049 = EDGE_LOOP ( 'NONE', ( #3068, #2095, #3929, #1751, #1033, #829, #4199, #3319 ) ) ;
#2050 = DIRECTION ( 'NONE',  ( 1.000000000000000000, 0.000000000000000000, -6.776263578034405671E-16 ) ) ;
#2051 = DIRECTION ( 'NONE',  ( -0.000000000000000000, -1.000000000000000000, -0.000000000000000000 ) ) ;
#2052 = FACE_OUTER_BOUND ( 'NONE', #4761, .T. ) ;
#2053 = CARTESIAN_POINT ( 'NONE',  ( 0.4300000000000001044, 0.04000000000000000083, 0.4449999999999997846 ) ) ;
#2054 = EDGE_LOOP ( 'NONE', ( #3947, #3843, #1361, #3484 ) ) ;
#2055 = VERTEX_POINT ( 'NONE', #3297 ) ;
#2056 = DIRECTION ( 'NONE',  ( -0.000000000000000000, -1.000000000000000000, -0.000000000000000000 ) ) ;
#2057 = EDGE_CURVE ( 'NONE', #3826, #3402, #4921, .T. ) ;
#2058 = FACE_OUTER_BOUND ( 'NONE', #1334, .T. ) ;
#2059 = PLANE ( 'NONE',  #1316 ) ;
#2060 = CARTESIAN_POINT ( 'NONE',  ( 0.4299999999999998823, 0.1000000000000000194, 0.6049999999999998712 ) ) ;
#2061 = ORIENTED_EDGE ( 'NONE', *, *, #26, .T. ) ;
#2062 = CARTESIAN_POINT ( 'NONE',  ( 0.4299999999999998823, 0.04000000000000000083, 1.050000000000000044 ) ) ;
#2063 = ORIENTED_EDGE ( 'NONE', *, *, #2596, .F. ) ;
#2064 = EDGE_CURVE ( 'NONE', #3466, #408, #2514, .T. ) ;
#2065 = DIRECTION ( 'NONE',  ( 3.388131789017199384E-16, -0.000000000000000000, 1.000000000000000000 ) ) ;
#2066 = FACE_OUTER_BOUND ( 'NONE', #810, .T. ) ;
#2067 = VERTEX_POINT ( 'NONE', #4127 ) ;
#2068 = ORIENTED_EDGE ( 'NONE', *, *, #3307, .F. ) ;
#2069 = EDGE_CURVE ( 'NONE', #3041, #4166, #454, .T. ) ;
#2070 = ORIENTED_EDGE ( 'NONE', *, *, #1684, .T. ) ;
#2071 = CARTESIAN_POINT ( 'NONE',  ( -0.3700000000000001066, 0.2999999999999999889, -0.5450000000000001510 ) ) ;
#2072 = DIRECTION ( 'NONE',  ( -0.000000000000000000, 0.000000000000000000, -1.000000000000000000 ) ) ;
#2073 = CARTESIAN_POINT ( 'NONE',  ( -0.1200000000000000927, 0.000000000000000000, -0.4450000000000000067 ) ) ;
#2074 = DIRECTION ( 'NONE',  ( -3.388131789017200863E-16, 0.000000000000000000, 1.000000000000000000 ) ) ;
#2075 = AXIS2_PLACEMENT_3D ( 'NONE', #2471, #1327, #112 ) ;
#2076 = DIRECTION ( 'NONE',  ( -0.000000000000000000, -1.000000000000000000, -0.000000000000000000 ) ) ;
#2077 = VERTEX_POINT ( 'NONE', #3383 ) ;
#2078 = CARTESIAN_POINT ( 'NONE',  ( -0.1100000000000002504, 0.1599999999999999756, -0.1194235880780061126 ) ) ;
#2079 = LINE ( 'NONE', #3242, #4695 ) ;
#2080 = VECTOR ( 'NONE', #4668, 1000.000000000000000 ) ;
#2081 = CARTESIAN_POINT ( 'NONE',  ( -0.4300000000000000488, 0.000000000000000000, 0.4449999999999999512 ) ) ;
#2082 = DIRECTION ( 'NONE',  ( -1.000000000000000000, 0.000000000000000000, 1.748713181428233547E-16 ) ) ;
#2083 = VERTEX_POINT ( 'NONE', #1437 ) ;
#2084 = EDGE_CURVE ( 'NONE', #2777, #1120, #2991, .T. ) ;
#2085 = AXIS2_PLACEMENT_3D ( 'NONE', #4713, #1687, #1635 ) ;
#2086 = CARTESIAN_POINT ( 'NONE',  ( -0.2591199250936493392, 0.09999999999999510669, 0.2550000000000001710 ) ) ;
#2087 = ORIENTED_EDGE ( 'NONE', *, *, #1471, .T. ) ;
#2088 = CARTESIAN_POINT ( 'NONE',  ( -0.4299999999999999378, 0.1000000000000000194, -0.1194235880780061126 ) ) ;
#2089 = SURFACE_SIDE_STYLE ('',( #1702 ) ) ;
#2090 = CARTESIAN_POINT ( 'NONE',  ( 0.4300000000000000488, 0.09999999999999756306, -0.09500000000000002887 ) ) ;
#2091 = ORIENTED_EDGE ( 'NONE', *, *, #524, .F. ) ;
#2092 = EDGE_CURVE ( 'NONE', #2830, #2786, #2423, .T. ) ;
#2093 = UNCERTAINTY_MEASURE_WITH_UNIT (LENGTH_MEASURE( 1.000000000000000082E-05 ), #4427, 'distance_accuracy_value', 'NONE');
#2094 = ORIENTED_EDGE ( 'NONE', *, *, #1505, .F. ) ;
#2095 = ORIENTED_EDGE ( 'NONE', *, *, #1405, .T. ) ;
#2096 = FACE_BOUND ( 'NONE', #2560, .T. ) ;
#2097 = EDGE_CURVE ( 'NONE', #863, #3500, #575, .T. ) ;
#2098 = DIRECTION ( 'NONE',  ( 0.000000000000000000, 0.000000000000000000, 1.000000000000000000 ) ) ;
#2099 = CARTESIAN_POINT ( 'NONE',  ( -0.1100000000000003059, 0.09999999999999997780, 0.6749999999999999334 ) ) ;
#2100 = DIRECTION ( 'NONE',  ( 0.000000000000000000, 0.000000000000000000, 1.000000000000000000 ) ) ;
#2101 = ADVANCED_FACE ( 'NONE', ( #3979 ), #68, .F. ) ;
#2102 = ORIENTED_EDGE ( 'NONE', *, *, #2643, .T. ) ;
#2103 = ORIENTED_EDGE ( 'NONE', *, *, #1565, .F. ) ;
#2104 = VERTEX_POINT ( 'NONE', #344 ) ;
#2105 = LINE ( 'NONE', #3710, #2517 ) ;
#2106 = EDGE_CURVE ( 'NONE', #4482, #3532, #2233, .T. ) ;
#2107 = CARTESIAN_POINT ( 'NONE',  ( 0.1200000000000000649, 0.000000000000000000, -0.2550000000000000600 ) ) ;
#2108 = DIRECTION ( 'NONE',  ( 1.000000000000000000, -0.000000000000000000, -0.000000000000000000 ) ) ;
#2109 = CARTESIAN_POINT ( 'NONE',  ( 0.5000000000000000000, 0.1599999999999951461, 0.2550000000000000600 ) ) ;
#2110 = ORIENTED_EDGE ( 'NONE', *, *, #1342, .T. ) ;
#2111 = EDGE_CURVE ( 'NONE', #37, #2937, #3039, .T. ) ;
#2112 = CARTESIAN_POINT ( 'NONE',  ( -0.4299999999999999933, 0.1000000000000000194, -0.6750000000000001554 ) ) ;
#2113 = EDGE_CURVE ( 'NONE', #3959, #4482, #1904, .T. ) ;
#2114 = VERTEX_POINT ( 'NONE', #1072 ) ;
#2115 = AXIS2_PLACEMENT_3D ( 'NONE', #1299, #4377, #216 ) ;
#2116 = EDGE_CURVE ( 'NONE', #1637, #2855, #657, .T. ) ;
#2117 = AXIS2_PLACEMENT_3D ( 'NONE', #2772, #382, #2330 ) ;
#2118 = CARTESIAN_POINT ( 'NONE',  ( -0.1100000000000003059, 0.1599999999999999756, 0.2794235880780059911 ) ) ;
#2119 = DIRECTION ( 'NONE',  ( -6.802629345036384724E-33, -1.000000000000000000, -8.470329472543000925E-17 ) ) ;
#2120 = DIRECTION ( 'NONE',  ( 0.000000000000000000, -0.000000000000000000, -1.000000000000000000 ) ) ;
#2121 = EDGE_LOOP ( 'NONE', ( #2876, #2548, #314, #1021, #32, #797 ) ) ;
#2122 = VECTOR ( 'NONE', #2266, 1000.000000000000000 ) ;
#2123 = CARTESIAN_POINT ( 'NONE',  ( 0.1200000000000000649, 0.000000000000000000, -0.6050000000000000933 ) ) ;
#2124 = FACE_OUTER_BOUND ( 'NONE', #256, .T. ) ;
#2125 = DIRECTION ( 'NONE',  ( 0.000000000000000000, 0.000000000000000000, -1.000000000000000000 ) ) ;
#2126 = CARTESIAN_POINT ( 'NONE',  ( -0.1200000000000000372, 0.1600000000000000033, -0.2550000000000000600 ) ) ;
#2127 = EDGE_LOOP ( 'NONE', ( #4480, #2847, #1696, #5027, #1013 ) ) ;
#2128 = ORIENTED_EDGE ( 'NONE', *, *, #1759, .T. ) ;
#2129 = CARTESIAN_POINT ( 'NONE',  ( -0.5000000000000000000, 0.09999999999999278910, 0.4450000000000000622 ) ) ;
#2130 = AXIS2_PLACEMENT_3D ( 'NONE', #3281, #2854, #2120 ) ;
#2131 = PLANE ( 'NONE',  #1835 ) ;
#2132 = FACE_OUTER_BOUND ( 'NONE', #981, .T. ) ;
#2133 = DIRECTION ( 'NONE',  ( 0.000000000000000000, -1.000000000000000000, 0.000000000000000000 ) ) ;
#2134 = ORIENTED_EDGE ( 'NONE', *, *, #2999, .F. ) ;
#2135 = EDGE_CURVE ( 'NONE', #3402, #540, #1537, .T. ) ;
#2136 = CARTESIAN_POINT ( 'NONE',  ( -0.5000000000000000000, 0.1599999999999975608, -0.09499999999999989009 ) ) ;
#2137 = LINE ( 'NONE', #4750, #1134 ) ;
#2138 = ORIENTED_EDGE ( 'NONE', *, *, #3205, .F. ) ;
#2139 = VECTOR ( 'NONE', #4604, 1000.000000000000000 ) ;
#2140 = CARTESIAN_POINT ( 'NONE',  ( 0.1100000000000001671, 0.09999999999999997780, 0.2794235880780059911 ) ) ;
#2141 = CARTESIAN_POINT ( 'NONE',  ( -0.4300000000000002154, 0.09999999999999510669, 0.2550000000000001710 ) ) ;
#2142 = CARTESIAN_POINT ( 'NONE',  ( 0.4299999999999998823, 0.1600000000000000033, 0.6749999999999999334 ) ) ;
#2143 = AXIS2_PLACEMENT_3D ( 'NONE', #2299, #3751, #308 ) ;
#2144 = ORIENTED_EDGE ( 'NONE', *, *, #2448, .T. ) ;
#2145 = EDGE_CURVE ( 'NONE', #168, #3650, #2313, .T. ) ;
#2146 = LINE ( 'NONE', #2862, #1803 ) ;
#2147 = DIRECTION ( 'NONE',  ( 0.000000000000000000, 8.470329472542998460E-17, -1.000000000000000000 ) ) ;
#2148 = DIRECTION ( 'NONE',  ( -0.000000000000000000, -1.000000000000000000, -0.000000000000000000 ) ) ;
#2149 = CARTESIAN_POINT ( 'NONE',  ( -0.3700000000000001066, 0.3499999999999999778, -0.5450000000000001510 ) ) ;
#2150 = CARTESIAN_POINT ( 'NONE',  ( 0.4299999999999998823, 0.1600000000000000033, 0.6749999999999999334 ) ) ;
#2151 = VERTEX_POINT ( 'NONE', #3892 ) ;
#2152 = EDGE_LOOP ( 'NONE', ( #4103, #2852, #1669, #4565, #3720, #1649 ) ) ;
#2153 = DIRECTION ( 'NONE',  ( -0.000000000000000000, -1.000000000000000000, -0.000000000000000000 ) ) ;
#2154 = PRESENTATION_LAYER_ASSIGNMENT (  '', '', ( #3283 ) ) ;
#2155 = VECTOR ( 'NONE', #4690, 1000.000000000000000 ) ;
#2156 = DIRECTION ( 'NONE',  ( -0.000000000000000000, -1.000000000000000000, -0.000000000000000000 ) ) ;
#2157 = DIRECTION ( 'NONE',  ( -0.000000000000000000, -1.000000000000000000, -0.000000000000000000 ) ) ;
#2158 = ORIENTED_EDGE ( 'NONE', *, *, #4239, .F. ) ;
#2159 = SURFACE_SIDE_STYLE ('',( #1800 ) ) ;
#2160 = EDGE_LOOP ( 'NONE', ( #1569, #4060, #771, #4038 ) ) ;
#2161 =( GEOMETRIC_REPRESENTATION_CONTEXT ( 3 ) GLOBAL_UNCERTAINTY_ASSIGNED_CONTEXT ( ( #4037 ) ) GLOBAL_UNIT_ASSIGNED_CONTEXT ( ( #3585, #17, #4289 ) ) REPRESENTATION_CONTEXT ( 'NONE', 'WORKASPACE' ) );
#2162 = VECTOR ( 'NONE', #4176, 1000.000000000000000 ) ;
#2163 = ADVANCED_FACE ( 'NONE', ( #1958 ), #3458, .F. ) ;
#2164 = CARTESIAN_POINT ( 'NONE',  ( -0.4299999999999999378, 0.5088552708502482869, -0.09500000000000002887 ) ) ;
#2165 = DIRECTION ( 'NONE',  ( 1.000000000000000000, 0.000000000000000000, -6.776263578034406657E-16 ) ) ;
#2166 = ORIENTED_EDGE ( 'NONE', *, *, #3739, .T. ) ;
#2167 = AXIS2_PLACEMENT_3D ( 'NONE', #3009, #3808, #2986 ) ;
#2168 = VERTEX_POINT ( 'NONE', #3509 ) ;
#2169 = DIRECTION ( 'NONE',  ( 0.000000000000000000, -1.000000000000000000, 0.000000000000000000 ) ) ;
#2170 = FACE_OUTER_BOUND ( 'NONE', #3933, .T. ) ;
#2171 = DIRECTION ( 'NONE',  ( -1.000000000000000000, 0.000000000000000000, 0.000000000000000000 ) ) ;
#2172 = ORIENTED_EDGE ( 'NONE', *, *, #282, .T. ) ;
#2173 = LINE ( 'NONE', #3421, #4748 ) ;
#2174 = LINE ( 'NONE', #4469, #4144 ) ;
#2175 = FACE_OUTER_BOUND ( 'NONE', #3175, .T. ) ;
#2176 = LINE ( 'NONE', #3758, #3883 ) ;
#2177 = ORIENTED_EDGE ( 'NONE', *, *, #3062, .F. ) ;
#2178 = EDGE_CURVE ( 'NONE', #4482, #4058, #1126, .T. ) ;
#2179 = CARTESIAN_POINT ( 'NONE',  ( -0.4299999999999999378, 0.5088552708502482869, 0.6049999999999998712 ) ) ;
#2180 = ORIENTED_EDGE ( 'NONE', *, *, #4379, .F. ) ;
#2181 = DIRECTION ( 'NONE',  ( 3.388131789017200370E-16, 0.000000000000000000, -1.000000000000000000 ) ) ;
#2182 = FACE_OUTER_BOUND ( 'NONE', #4922, .T. ) ;
#2183 = CARTESIAN_POINT ( 'NONE',  ( 0.5000000000000000000, 0.1599999999999975608, -0.2550000000000000600 ) ) ;
#2184 =( NAMED_UNIT ( * ) SI_UNIT ( $, .STERADIAN. ) SOLID_ANGLE_UNIT ( ) );
#2185 = ORIENTED_EDGE ( 'NONE', *, *, #1368, .F. ) ;
#2186 = AXIS2_PLACEMENT_3D ( 'NONE', #3671, #155, #4418 ) ;
#2187 = ORIENTED_EDGE ( 'NONE', *, *, #2530, .T. ) ;
#2188 = CARTESIAN_POINT ( 'NONE',  ( -0.1100000000000003059, 0.09999999999999997780, -0.6750000000000001554 ) ) ;
#2189 = AXIS2_PLACEMENT_3D ( 'NONE', #999, #1172, #5071 ) ;
#2190 = CARTESIAN_POINT ( 'NONE',  ( 0.5000000000000000000, 0.09999999999999269196, 0.4450000000000000067 ) ) ;
#2191 = ORIENTED_EDGE ( 'NONE', *, *, #4767, .T. ) ;
#2192 = VECTOR ( 'NONE', #3020, 1000.000000000000000 ) ;
#2193 = ADVANCED_FACE ( 'NONE', ( #758 ), #2286, .T. ) ;
#2194 = CARTESIAN_POINT ( 'NONE',  ( 0.1200000000000001205, 0.1599999999999999756, 0.2550000000000000044 ) ) ;
#2195 = PLANE ( 'NONE',  #4287 ) ;
#2196 = DIRECTION ( 'NONE',  ( -0.000000000000000000, -1.000000000000000000, -0.000000000000000000 ) ) ;
#2197 = ORIENTED_EDGE ( 'NONE', *, *, #768, .F. ) ;
#2198 = EDGE_CURVE ( 'NONE', #4292, #3402, #2613, .T. ) ;
#2199 = DIRECTION ( 'NONE',  ( 0.000000000000000000, -1.000000000000000000, 0.000000000000000000 ) ) ;
#2200 = LINE ( 'NONE', #3449, #4797 ) ;
#2201 = CARTESIAN_POINT ( 'NONE',  ( 0.1200000000000001205, 0.1600000000000000033, 0.2550000000000000044 ) ) ;
#2202 = LINE ( 'NONE', #3731, #2977 ) ;
#2203 = AXIS2_PLACEMENT_3D ( 'NONE', #4375, #861, #3730 ) ;
#2204 = DIRECTION ( 'NONE',  ( -0.000000000000000000, -1.000000000000000000, -0.000000000000000000 ) ) ;
#2205 = ORIENTED_EDGE ( 'NONE', *, *, #1788, .T. ) ;
#2206 = ORIENTED_EDGE ( 'NONE', *, *, #3043, .F. ) ;
#2207 = CARTESIAN_POINT ( 'NONE',  ( -0.4299999999999999933, 0.09999999999999512057, 0.09500000000000007050 ) ) ;
#2208 = CARTESIAN_POINT ( 'NONE',  ( -0.5000000000000000000, 0.1599999999999975608, -0.2549999999999999489 ) ) ;
#2209 = CARTESIAN_POINT ( 'NONE',  ( 0.4299999999999999378, 0.1000000000000000194, -0.1194235880780061126 ) ) ;
#2210 = ORIENTED_EDGE ( 'NONE', *, *, #116, .F. ) ;
#2211 = VECTOR ( 'NONE', #1956, 1000.000000000000000 ) ;
#2212 = EDGE_CURVE ( 'NONE', #2962, #4181, #3814, .T. ) ;
#2213 = FACE_OUTER_BOUND ( 'NONE', #1523, .T. ) ;
#2214 = ORIENTED_EDGE ( 'NONE', *, *, #4179, .F. ) ;
#2215 = DIRECTION ( 'NONE',  ( 1.000000000000000000, 0.000000000000000000, -1.748713181428233300E-16 ) ) ;
#2216 = LINE ( 'NONE', #640, #4079 ) ;
#2217 = ORIENTED_EDGE ( 'NONE', *, *, #3706, .T. ) ;
#2218 = DIRECTION ( 'NONE',  ( -1.000000000000000000, 0.000000000000000000, 0.000000000000000000 ) ) ;
#2219 = DIRECTION ( 'NONE',  ( 0.000000000000000000, -1.000000000000000000, 0.000000000000000000 ) ) ;
#2220 = ORIENTED_EDGE ( 'NONE', *, *, #978, .F. ) ;
#2221 = EDGE_CURVE ( 'NONE', #3650, #3638, #3840, .T. ) ;
#2222 = ORIENTED_EDGE ( 'NONE', *, *, #745, .T. ) ;
#2223 = DIRECTION ( 'NONE',  ( 0.000000000000000000, 0.000000000000000000, -1.000000000000000000 ) ) ;
#2224 = DIRECTION ( 'NONE',  ( 1.000000000000000000, -0.000000000000000000, -8.031127203596330602E-17 ) ) ;
#2225 = MECHANICAL_DESIGN_GEOMETRIC_PRESENTATION_REPRESENTATION (  '', ( #1073 ), #1732 ) ;
#2226 = EDGE_CURVE ( 'NONE', #4058, #1572, #4616, .T. ) ;
#2227 = FACE_OUTER_BOUND ( 'NONE', #3204, .T. ) ;
#2228 = CARTESIAN_POINT ( 'NONE',  ( -0.4299999999999999933, 0.09999999999999757694, -0.2549999999999999489 ) ) ;
#2229 = DIRECTION ( 'NONE',  ( -1.000000000000000000, 0.000000000000000000, 1.084202172485504434E-16 ) ) ;
#2230 = EDGE_LOOP ( 'NONE', ( #1892, #1834, #2641, #3122 ) ) ;
#2231 = CARTESIAN_POINT ( 'NONE',  ( -0.1200000000000000927, 0.1599999999999999756, 0.6049999999999998712 ) ) ;
#2232 = CARTESIAN_POINT ( 'NONE',  ( 0.4299999999999998823, 0.04000000000000000083, 1.456896669277395844E-16 ) ) ;
#2233 = LINE ( 'NONE', #705, #2973 ) ;
#2234 = DIRECTION ( 'NONE',  ( 1.000000000000000000, 0.000000000000000000, 0.000000000000000000 ) ) ;
#2235 = ORIENTED_EDGE ( 'NONE', *, *, #1520, .F. ) ;
#2236 = PRESENTATION_LAYER_ASSIGNMENT (  '', '', ( #3789 ) ) ;
#2237 = LINE ( 'NONE', #662, #3154 ) ;
#2238 = ORIENTED_EDGE ( 'NONE', *, *, #4429, .F. ) ;
#2239 = VECTOR ( 'NONE', #1220, 1000.000000000000000 ) ;
#2240 = PLANE ( 'NONE',  #754 ) ;
#2241 = DIRECTION ( 'NONE',  ( -0.7071067811865493491, 8.984141113379176733E-17, -0.7071067811865456854 ) ) ;
#2242 = MECHANICAL_DESIGN_GEOMETRIC_PRESENTATION_REPRESENTATION (  '', ( #4357 ), #3870 ) ;
#2243 = ORIENTED_EDGE ( 'NONE', *, *, #4568, .F. ) ;
#2244 = AXIS2_PLACEMENT_3D ( 'NONE', #3221, #894, #1510 ) ;
#2245 = CARTESIAN_POINT ( 'NONE',  ( 0.2591199250936492837, 0.09999999999999756306, -0.09499999999999994560 ) ) ;
#2246 = ORIENTED_EDGE ( 'NONE', *, *, #3698, .T. ) ;
#2247 = VECTOR ( 'NONE', #3103, 1000.000000000000000 ) ;
#2248 = DIRECTION ( 'NONE',  ( 0.000000000000000000, -1.000000000000000000, 0.000000000000000000 ) ) ;
#2249 = LINE ( 'NONE', #1115, #3898 ) ;
#2250 = CARTESIAN_POINT ( 'NONE',  ( 0.5000000000000000000, 0.1000000000000000194, -0.6050000000000000933 ) ) ;
#2251 = CARTESIAN_POINT ( 'NONE',  ( 0.1100000000000001255, 0.09999999999999976963, 0.6749999999999999334 ) ) ;
#2252 = ADVANCED_FACE ( 'NONE', ( #4203 ), #682, .T. ) ;
#2253 = VERTEX_POINT ( 'NONE', #3483 ) ;
#2254 = CARTESIAN_POINT ( 'NONE',  ( -0.1200000000000000927, 0.5088552708502482869, 0.6049999999999998712 ) ) ;
#2255 = EDGE_CURVE ( 'NONE', #3747, #2849, #1852, .T. ) ;
#2256 = LINE ( 'NONE', #3764, #5055 ) ;
#2257 = ADVANCED_FACE ( 'NONE', ( #4968 ), #1875, .F. ) ;
#2258 = DIRECTION ( 'NONE',  ( -0.000000000000000000, 8.470329472543000925E-17, -1.000000000000000000 ) ) ;
#2259 = CARTESIAN_POINT ( 'NONE',  ( 0.5000000000000000000, 0.1599999999999975608, -0.09499999999999995948 ) ) ;
#2260 = ORIENTED_EDGE ( 'NONE', *, *, #2634, .T. ) ;
#2261 = ORIENTED_EDGE ( 'NONE', *, *, #803, .F. ) ;
#2262 = EDGE_CURVE ( 'NONE', #4215, #904, #31, .T. ) ;
#2263 = DIRECTION ( 'NONE',  ( -1.000000000000000000, 0.000000000000000000, 1.084202172485504434E-16 ) ) ;
#2264 = ORIENTED_EDGE ( 'NONE', *, *, #1772, .T. ) ;
#2265 = DIRECTION ( 'NONE',  ( 0.000000000000000000, 0.000000000000000000, 1.000000000000000000 ) ) ;
#2266 = DIRECTION ( 'NONE',  ( -3.388131789017199384E-16, 0.000000000000000000, -1.000000000000000000 ) ) ;
#2267 = ORIENTED_EDGE ( 'NONE', *, *, #3427, .F. ) ;
#2268 = ADVANCED_FACE ( 'NONE', ( #4787 ), #4759, .T. ) ;
#2269 = DIRECTION ( 'NONE',  ( -1.000000000000000000, -0.000000000000000000, -0.000000000000000000 ) ) ;
#2270 = DIRECTION ( 'NONE',  ( -1.000000000000000000, 0.000000000000000000, -0.000000000000000000 ) ) ;
#2271 = ORIENTED_EDGE ( 'NONE', *, *, #151, .F. ) ;
#2272 = EDGE_CURVE ( 'NONE', #3826, #4221, #466, .T. ) ;
#2273 = VECTOR ( 'NONE', #2971, 1000.000000000000000 ) ;
#2274 = ADVANCED_FACE ( 'NONE', ( #4738 ), #3628, .T. ) ;
#2275 = CARTESIAN_POINT ( 'NONE',  ( 0.5000000000000000000, 0.1599999999999975608, -0.2550000000000000600 ) ) ;
#2276 = SURFACE_STYLE_FILL_AREA ( #1866 ) ;
#2277 = CARTESIAN_POINT ( 'NONE',  ( 0.000000000000000000, 0.1600000000000000033, 0.000000000000000000 ) ) ;
#2278 = FACE_OUTER_BOUND ( 'NONE', #3018, .T. ) ;
#2279 = VERTEX_POINT ( 'NONE', #2053 ) ;
#2280 = CARTESIAN_POINT ( 'NONE',  ( -0.5000000000000000000, 0.1599999999999975608, -0.2549999999999999489 ) ) ;
#2281 = VERTEX_POINT ( 'NONE', #4017 ) ;
#2282 = LINE ( 'NONE', #245, #449 ) ;
#2283 = VECTOR ( 'NONE', #3305, 1000.000000000000000 ) ;
#2284 = CARTESIAN_POINT ( 'NONE',  ( 0.1200000000000001205, 0.1600000000000000033, 0.2550000000000000044 ) ) ;
#2285 = EDGE_CURVE ( 'NONE', #685, #584, #3602, .T. ) ;
#2286 = PLANE ( 'NONE',  #2655 ) ;
#2287 =( NAMED_UNIT ( * ) PLANE_ANGLE_UNIT ( ) SI_UNIT ( $, .RADIAN. ) );
#2288 = ORIENTED_EDGE ( 'NONE', *, *, #4067, .F. ) ;
#2289 = VECTOR ( 'NONE', #2676, 1000.000000000000000 ) ;
#2290 = DIRECTION ( 'NONE',  ( -0.000000000000000000, -0.000000000000000000, 1.000000000000000000 ) ) ;
#2291 = ORIENTED_EDGE ( 'NONE', *, *, #1451, .F. ) ;
#2292 = CARTESIAN_POINT ( 'NONE',  ( -0.4300000000000004929, 0.09999999999999756306, -0.09499999999999989009 ) ) ;
#2293 = DIRECTION ( 'NONE',  ( -1.000000000000000000, 0.000000000000000000, 1.748713181428233547E-16 ) ) ;
#2294 = EDGE_CURVE ( 'NONE', #707, #2449, #4398, .T. ) ;
#2295 = EDGE_LOOP ( 'NONE', ( #653, #2346, #4150, #4774 ) ) ;
#2296 = VECTOR ( 'NONE', #4040, 1000.000000000000000 ) ;
#2297 = PLANE ( 'NONE',  #146 ) ;
#2298 = VECTOR ( 'NONE', #119, 1000.000000000000000 ) ;
#2299 = CARTESIAN_POINT ( 'NONE',  ( 0.1200000000000001205, 0.5088552708502482869, -0.4449999999999999512 ) ) ;
#2300 = PLANE ( 'NONE',  #1007 ) ;
#2301 = ORIENTED_EDGE ( 'NONE', *, *, #76, .T. ) ;
#2302 = CARTESIAN_POINT ( 'NONE',  ( 0.1100000000000001671, 0.09999999999999997780, 0.6749999999999999334 ) ) ;
#2303 = FACE_OUTER_BOUND ( 'NONE', #3208, .T. ) ;
#2304 = CARTESIAN_POINT ( 'NONE',  ( -0.1200000000000000927, 0.1600000000000000033, -0.09500000000000002887 ) ) ;
#2305 = ORIENTED_EDGE ( 'NONE', *, *, #4781, .F. ) ;
#2306 = ORIENTED_EDGE ( 'NONE', *, *, #2717, .F. ) ;
#2307 = ADVANCED_FACE ( 'NONE', ( #3916 ), #2385, .T. ) ;
#2308 = VECTOR ( 'NONE', #283, 1000.000000000000000 ) ;
#2309 = EDGE_LOOP ( 'NONE', ( #3669, #641, #2434, #957 ) ) ;
#2310 = ORIENTED_EDGE ( 'NONE', *, *, #5086, .F. ) ;
#2311 = DIRECTION ( 'NONE',  ( 0.000000000000000000, 0.000000000000000000, 1.000000000000000000 ) ) ;
#2312 = DIRECTION ( 'NONE',  ( -1.000000000000000000, 0.000000000000000000, -0.000000000000000000 ) ) ;
#2313 = LINE ( 'NONE', #3792, #4446 ) ;
#2314 = CARTESIAN_POINT ( 'NONE',  ( 0.000000000000000000, 0.000000000000000000, 0.000000000000000000 ) ) ;
#2315 = AXIS2_PLACEMENT_3D ( 'NONE', #2328, #1599, #3906 ) ;
#2316 = EDGE_LOOP ( 'NONE', ( #3741, #4476, #1823, #3984, #1466, #3596 ) ) ;
#2317 = FACE_OUTER_BOUND ( 'NONE', #3142, .T. ) ;
#2318 = LINE ( 'NONE', #3389, #4614 ) ;
#2319 = LINE ( 'NONE', #352, #2763 ) ;
#2320 = EDGE_CURVE ( 'NONE', #1317, #1443, #3160, .T. ) ;
#2321 = ORIENTED_EDGE ( 'NONE', *, *, #3058, .T. ) ;
#2322 = EDGE_CURVE ( 'NONE', #1734, #3454, #889, .T. ) ;
#2323 = SURFACE_SIDE_STYLE ('',( #4266 ) ) ;
#2324 = DIRECTION ( 'NONE',  ( 0.000000000000000000, 0.000000000000000000, 1.000000000000000000 ) ) ;
#2325 = EDGE_CURVE ( 'NONE', #4705, #1191, #3137, .T. ) ;
#2326 = VECTOR ( 'NONE', #3791, 1000.000000000000000 ) ;
#2327 = EDGE_LOOP ( 'NONE', ( #4157, #2144, #3268, #3861 ) ) ;
#2328 = CARTESIAN_POINT ( 'NONE',  ( -0.2591199250936493392, 0.09999999999999512057, 0.09500000000000005662 ) ) ;
#2329 = VECTOR ( 'NONE', #1932, 1000.000000000000000 ) ;
#2330 = DIRECTION ( 'NONE',  ( 0.000000000000000000, -0.000000000000000000, 1.000000000000000000 ) ) ;
#2331 = CARTESIAN_POINT ( 'NONE',  ( -0.4299999999999999933, 0.09999999999999512057, 0.09500000000000007050 ) ) ;
#2332 = VERTEX_POINT ( 'NONE', #4303 ) ;
#2333 = ORIENTED_EDGE ( 'NONE', *, *, #2226, .F. ) ;
#2334 = AXIS2_PLACEMENT_3D ( 'NONE', #4066, #3648, #2866 ) ;
#2335 = ORIENTED_EDGE ( 'NONE', *, *, #5029, .T. ) ;
#2336 = LINE ( 'NONE', #1122, #1282 ) ;
#2337 = ADVANCED_FACE ( 'NONE', ( #107 ), #2027, .F. ) ;
#2338 = CARTESIAN_POINT ( 'NONE',  ( -0.4299999999999999933, 0.1600000000000000033, -0.6750000000000001554 ) ) ;
#2339 = PLANE ( 'NONE',  #3700 ) ;
#2340 = DIRECTION ( 'NONE',  ( 1.000000000000000000, -1.270549420881451741E-16, 0.000000000000000000 ) ) ;
#2341 = EDGE_LOOP ( 'NONE', ( #1121, #5091, #3092, #2662 ) ) ;
#2342 = EDGE_CURVE ( 'NONE', #2936, #4544, #4323, .T. ) ;
#2343 = CARTESIAN_POINT ( 'NONE',  ( -0.5000000000000000000, 0.04000000000000000083, 0.6750000000000000444 ) ) ;
#2344 = CARTESIAN_POINT ( 'NONE',  ( -0.1200000000000000927, 0.1600000000000000033, -0.09500000000000002887 ) ) ;
#2345 = LINE ( 'NONE', #3514, #3833 ) ;
#2346 = ORIENTED_EDGE ( 'NONE', *, *, #3536, .T. ) ;
#2347 = CARTESIAN_POINT ( 'NONE',  ( 0.4299999999999998823, 0.1600000000000000033, -0.6750000000000001554 ) ) ;
#2348 = DIRECTION ( 'NONE',  ( 1.000000000000000000, 1.270549420881451741E-16, 0.000000000000000000 ) ) ;
#2349 = ORIENTED_EDGE ( 'NONE', *, *, #4629, .F. ) ;
#2350 = ORIENTED_EDGE ( 'NONE', *, *, #3626, .F. ) ;
#2351 = DIRECTION ( 'NONE',  ( 0.000000000000000000, -1.000000000000000000, 0.000000000000000000 ) ) ;
#2352 = CARTESIAN_POINT ( 'NONE',  ( -0.07000000000000007605, 0.1599999999999999756, -0.4450000000000000622 ) ) ;
#2353 = LINE ( 'NONE', #3909, #4170 ) ;
#2354 = ORIENTED_EDGE ( 'NONE', *, *, #1530, .F. ) ;
#2355 = EDGE_CURVE ( 'NONE', #555, #728, #1175, .T. ) ;
#2356 = PLANE ( 'NONE',  #1118 ) ;
#2357 = ORIENTED_EDGE ( 'NONE', *, *, #1674, .F. ) ;
#2358 = DIRECTION ( 'NONE',  ( 0.000000000000000000, 0.000000000000000000, 1.000000000000000000 ) ) ;
#2359 = CARTESIAN_POINT ( 'NONE',  ( -0.4299999999999999933, 0.1600000000000000033, 0.2794235880780059911 ) ) ;
#2360 = FACE_BOUND ( 'NONE', #3306, .T. ) ;
#2361 = ORIENTED_EDGE ( 'NONE', *, *, #3967, .F. ) ;
#2362 = CLOSED_SHELL ( 'NONE', ( #2020, #4008, #2520, #2163, #4442, #3308, #1595, #3879 ) ) ;
#2363 = VECTOR ( 'NONE', #1093, 1000.000000000000000 ) ;
#2364 = DIRECTION ( 'NONE',  ( -1.000000000000000000, 0.000000000000000000, 0.000000000000000000 ) ) ;
#2365 = CARTESIAN_POINT ( 'NONE',  ( 0.1200000000000001205, 0.1600000000000000033, 0.2550000000000000044 ) ) ;
#2366 = AXIS2_PLACEMENT_3D ( 'NONE', #5059, #4953, #4237 ) ;
#2367 = ORIENTED_EDGE ( 'NONE', *, *, #4435, .T. ) ;
#2368 = ADVANCED_FACE ( 'NONE', ( #2732, #2360, #3939, #414, #2003, #390, #3575, #2782, #1982 ), #2410, .F. ) ;
#2369 = DIRECTION ( 'NONE',  ( -1.000000000000000000, 0.000000000000000000, -3.388131789017200863E-16 ) ) ;
#2370 = CARTESIAN_POINT ( 'NONE',  ( -0.1200000000000000372, 0.1600000000000000033, 0.4449999999999997846 ) ) ;
#2371 = EDGE_LOOP ( 'NONE', ( #4948, #2205, #3132, #4813 ) ) ;
#2372 = ORIENTED_EDGE ( 'NONE', *, *, #1185, .T. ) ;
#2373 = VECTOR ( 'NONE', #1785, 1000.000000000000000 ) ;
#2374 = FACE_OUTER_BOUND ( 'NONE', #1869, .T. ) ;
#2375 = DIRECTION ( 'NONE',  ( 1.000000000000000000, 0.000000000000000000, -3.497426362856466107E-16 ) ) ;
#2376 = LINE ( 'NONE', #4296, #391 ) ;
#2377 = EDGE_LOOP ( 'NONE', ( #3571, #1538, #1786, #3195, #3819, #530 ) ) ;
#2378 = ADVANCED_FACE ( 'NONE', ( #57 ), #2558, .T. ) ;
#2379 = ORIENTED_EDGE ( 'NONE', *, *, #572, .T. ) ;
#2380 = VERTEX_POINT ( 'NONE', #1792 ) ;
#2381 = FACE_OUTER_BOUND ( 'NONE', #773, .T. ) ;
#2382 = EDGE_CURVE ( 'NONE', #1561, #2497, #2202, .T. ) ;
#2383 = CARTESIAN_POINT ( 'NONE',  ( 0.1200000000000000649, 0.000000000000000000, -0.2550000000000000600 ) ) ;
#2384 = CARTESIAN_POINT ( 'NONE',  ( 0.1200000000000000649, 0.04000000000000002165, 0.4449999999999997846 ) ) ;
#2385 = PLANE ( 'NONE',  #3956 ) ;
#2386 = EDGE_CURVE ( 'NONE', #923, #3569, #4420, .T. ) ;
#2387 = EDGE_LOOP ( 'NONE', ( #1678, #125, #4636, #88 ) ) ;
#2388 = ORIENTED_EDGE ( 'NONE', *, *, #3561, .F. ) ;
#2389 = CARTESIAN_POINT ( 'NONE',  ( -0.1200000000000000927, 0.1600000000000000033, 0.6049999999999998712 ) ) ;
#2390 = LINE ( 'NONE', #787, #2488 ) ;
#2391 = AXIS2_PLACEMENT_3D ( 'NONE', #2827, #4412, #902 ) ;
#2392 = AXIS2_PLACEMENT_3D ( 'NONE', #2582, #2229, #2608 ) ;
#2393 = DIRECTION ( 'NONE',  ( -0.000000000000000000, -0.000000000000000000, 1.000000000000000000 ) ) ;
#2394 = EDGE_LOOP ( 'NONE', ( #58, #3905, #3055, #4940 ) ) ;
#2395 = LINE ( 'NONE', #3949, #3876 ) ;
#2396 = CARTESIAN_POINT ( 'NONE',  ( -0.4300000000000000488, 0.1600000000000000033, 0.09500000000000002887 ) ) ;
#2397 = ORIENTED_EDGE ( 'NONE', *, *, #994, .F. ) ;
#2398 = VECTOR ( 'NONE', #4640, 1000.000000000000000 ) ;
#2399 =( NAMED_UNIT ( * ) SI_UNIT ( $, .STERADIAN. ) SOLID_ANGLE_UNIT ( ) );
#2400 = CARTESIAN_POINT ( 'NONE',  ( -0.1200000000000000372, 0.1599999999999999756, 0.09499999999999991784 ) ) ;
#2401 = DIRECTION ( 'NONE',  ( 3.388131789017199384E-16, -0.000000000000000000, 1.000000000000000000 ) ) ;
#2402 = ORIENTED_EDGE ( 'NONE', *, *, #2178, .F. ) ;
#2403 = VECTOR ( 'NONE', #2591, 1000.000000000000000 ) ;
#2404 = ORIENTED_EDGE ( 'NONE', *, *, #3505, .F. ) ;
#2405 = CARTESIAN_POINT ( 'NONE',  ( 0.1200000000000000649, 0.5088552708502482869, 0.09499999999999991784 ) ) ;
#2406 = VECTOR ( 'NONE', #2340, 1000.000000000000000 ) ;
#2407 = DIRECTION ( 'NONE',  ( -1.000000000000000000, 0.000000000000000000, -3.388131789017200370E-16 ) ) ;
#2408 = ADVANCED_FACE ( 'NONE', ( #938 ), #538, .F. ) ;
#2409 = CARTESIAN_POINT ( 'NONE',  ( -0.1100000000000002920, 0.1599999999999999756, -0.5649999999999999467 ) ) ;
#2410 = PLANE ( 'NONE',  #3219 ) ;
#2411 = LINE ( 'NONE', #2028, #4313 ) ;
#2412 = VERTEX_POINT ( 'NONE', #963 ) ;
#2413 = AXIS2_PLACEMENT_3D ( 'NONE', #2304, #5018, #3060 ) ;
#2414 = CARTESIAN_POINT ( 'NONE',  ( 0.4999999999999998890, 0.04000000000000000083, -0.6750000000000001554 ) ) ;
#2415 = EDGE_CURVE ( 'NONE', #2988, #4643, #2176, .T. ) ;
#2416 = CARTESIAN_POINT ( 'NONE',  ( 0.2591199250936492837, 0.09999999999999757694, -0.2550000000000000600 ) ) ;
#2417 = VERTEX_POINT ( 'NONE', #2580 ) ;
#2418 = LINE ( 'NONE', #3973, #3800 ) ;
#2419 = LINE ( 'NONE', #721, #2289 ) ;
#2420 = ORIENTED_EDGE ( 'NONE', *, *, #4344, .T. ) ;
#2421 = EDGE_CURVE ( 'NONE', #4154, #1704, #764, .T. ) ;
#2422 = DIRECTION ( 'NONE',  ( 0.000000000000000000, -1.000000000000000000, 0.000000000000000000 ) ) ;
#2423 = LINE ( 'NONE', #3738, #3546 ) ;
#2424 = EDGE_LOOP ( 'NONE', ( #2751, #3453, #3098, #2460 ) ) ;
#2425 = ADVANCED_FACE ( 'NONE', ( #2487 ), #187, .F. ) ;
#2426 = PLANE ( 'NONE',  #2315 ) ;
#2427 = EDGE_CURVE ( 'NONE', #4207, #525, #4864, .T. ) ;
#2428 = LINE ( 'NONE', #4081, #1377 ) ;
#2429 = CARTESIAN_POINT ( 'NONE',  ( 0.1200000000000000649, 0.1600000000000000033, -0.2550000000000000600 ) ) ;
#2430 = EDGE_LOOP ( 'NONE', ( #508, #4238, #289, #1860 ) ) ;
#2431 = EDGE_LOOP ( 'NONE', ( #1665, #2499, #4441, #3869 ) ) ;
#2432 = PRESENTATION_LAYER_ASSIGNMENT (  '', '', ( #2588 ) ) ;
#2433 = ADVANCED_FACE ( 'NONE', ( #1711 ), #4840, .F. ) ;
#2434 = ORIENTED_EDGE ( 'NONE', *, *, #4997, .T. ) ;
#2435 = CARTESIAN_POINT ( 'NONE',  ( -0.4299999999999999933, 0.1000000000000000194, 0.2794235880780059911 ) ) ;
#2436 = LINE ( 'NONE', #464, #3255 ) ;
#2437 = AXIS2_PLACEMENT_3D ( 'NONE', #4734, #3552, #1556 ) ;
#2438 = CARTESIAN_POINT ( 'NONE',  ( 0.5000000000000000000, 0.1599999999999951461, 0.09499999999999998723 ) ) ;
#2439 = CARTESIAN_POINT ( 'NONE',  ( -0.5000000000000000000, 0.09999999999999756306, -0.09499999999999989009 ) ) ;
#2440 = ORIENTED_EDGE ( 'NONE', *, *, #4036, .F. ) ;
#2441 = ORIENTED_EDGE ( 'NONE', *, *, #2221, .T. ) ;
#2442 = VECTOR ( 'NONE', #655, 1000.000000000000000 ) ;
#2443 = LINE ( 'NONE', #291, #3329 ) ;
#2444 = ADVANCED_FACE ( 'NONE', ( #1376 ), #3704, .F. ) ;
#2445 = CARTESIAN_POINT ( 'NONE',  ( 0.1200000000000001205, 0.1600000000000000033, 0.6049999999999998712 ) ) ;
#2446 = CARTESIAN_POINT ( 'NONE',  ( 0.1100000000000001671, 0.09999999999999997780, 0.6049999999999998712 ) ) ;
#2447 = DIRECTION ( 'NONE',  ( 0.000000000000000000, -0.000000000000000000, -1.000000000000000000 ) ) ;
#2448 = EDGE_CURVE ( 'NONE', #4130, #333, #3237, .T. ) ;
#2449 = VERTEX_POINT ( 'NONE', #4811 ) ;
#2450 = EDGE_CURVE ( 'NONE', #4185, #3793, #4889, .T. ) ;
#2451 = CARTESIAN_POINT ( 'NONE',  ( -0.4300000000000000488, 0.09999999999999510669, 0.09500000000000002887 ) ) ;
#2452 = VECTOR ( 'NONE', #734, 1000.000000000000000 ) ;
#2453 = ORIENTED_EDGE ( 'NONE', *, *, #4726, .T. ) ;
#2454 = DIRECTION ( 'NONE',  ( 3.497426362856466107E-16, -0.000000000000000000, 1.000000000000000000 ) ) ;
#2455 = DIRECTION ( 'NONE',  ( -1.000000000000000000, -0.000000000000000000, -0.000000000000000000 ) ) ;
#2456 = VERTEX_POINT ( 'NONE', #911 ) ;
#2457 = EDGE_LOOP ( 'NONE', ( #2775, #1508, #2716, #4410, #857 ) ) ;
#2458 = CIRCLE ( 'NONE', #230, 0.05000000000000002359 ) ;
#2459 = VECTOR ( 'NONE', #1627, 1000.000000000000000 ) ;
#2460 = ORIENTED_EDGE ( 'NONE', *, *, #1309, .F. ) ;
#2461 = ORIENTED_EDGE ( 'NONE', *, *, #1690, .T. ) ;
#2462 = CARTESIAN_POINT ( 'NONE',  ( -0.1200000000000000372, 0.1600000000000000033, -0.6050000000000000933 ) ) ;
#2463 = CARTESIAN_POINT ( 'NONE',  ( 0.1200000000000000649, 0.000000000000000000, -0.6050000000000000933 ) ) ;
#2464 = CARTESIAN_POINT ( 'NONE',  ( 0.4300000000000000488, 0.5088552708502482869, -0.4450000000000000067 ) ) ;
#2465 = CARTESIAN_POINT ( 'NONE',  ( 0.1200000000000001205, 0.09999999999999997780, -0.4449999999999999512 ) ) ;
#2466 = EDGE_CURVE ( 'NONE', #4105, #2855, #514, .T. ) ;
#2467 =( GEOMETRIC_REPRESENTATION_CONTEXT ( 3 ) GLOBAL_UNCERTAINTY_ASSIGNED_CONTEXT ( ( #3620 ) ) GLOBAL_UNIT_ASSIGNED_CONTEXT ( ( #4574, #1444, #1521 ) ) REPRESENTATION_CONTEXT ( 'NONE', 'WORKASPACE' ) );
#2468 = EDGE_CURVE ( 'NONE', #1713, #1290, #4121, .T. ) ;
#2469 = ORIENTED_EDGE ( 'NONE', *, *, #4330, .F. ) ;
#2470 = LINE ( 'NONE', #3997, #3821 ) ;
#2471 = CARTESIAN_POINT ( 'NONE',  ( 0.000000000000000000, 0.1600000000000000033, 1.050000000000000044 ) ) ;
#2472 = CARTESIAN_POINT ( 'NONE',  ( -0.1100000000000003059, 0.1599999999999999756, 0.6049999999999998712 ) ) ;
#2473 = DIRECTION ( 'NONE',  ( 0.000000000000000000, -1.000000000000000000, 0.000000000000000000 ) ) ;
#2474 = VERTEX_POINT ( 'NONE', #215 ) ;
#2475 = CARTESIAN_POINT ( 'NONE',  ( 0.1200000000000000927, 0.09999999999999512057, 0.09500000000000001499 ) ) ;
#2476 = EDGE_CURVE ( 'NONE', #1300, #2777, #130, .T. ) ;
#2477 = EDGE_LOOP ( 'NONE', ( #1960, #4628, #3629, #3477 ) ) ;
#2478 = EDGE_CURVE ( 'NONE', #235, #3902, #4450, .T. ) ;
#2479 = EDGE_CURVE ( 'NONE', #1344, #2831, #157, .T. ) ;
#2480 = DIRECTION ( 'NONE',  ( 0.000000000000000000, -1.000000000000000000, 0.000000000000000000 ) ) ;
#2481 = ORIENTED_EDGE ( 'NONE', *, *, #3312, .T. ) ;
#2482 = VERTEX_POINT ( 'NONE', #3784 ) ;
#2483 = DIRECTION ( 'NONE',  ( -0.000000000000000000, -1.000000000000000000, -0.000000000000000000 ) ) ;
#2484 = FACE_OUTER_BOUND ( 'NONE', #83, .T. ) ;
#2485 = VECTOR ( 'NONE', #4129, 1000.000000000000000 ) ;
#2486 = DIRECTION ( 'NONE',  ( -0.000000000000000000, -1.000000000000000000, -0.000000000000000000 ) ) ;
#2487 = FACE_OUTER_BOUND ( 'NONE', #788, .T. ) ;
#2488 = VECTOR ( 'NONE', #1254, 1000.000000000000000 ) ;
#2489 = ORIENTED_EDGE ( 'NONE', *, *, #4981, .F. ) ;
#2490 = EDGE_CURVE ( 'NONE', #4292, #4584, #1896, .T. ) ;
#2491 = LINE ( 'NONE', #1716, #4721 ) ;
#2492 = LINE ( 'NONE', #4792, #1916 ) ;
#2493 = VECTOR ( 'NONE', #1571, 1000.000000000000000 ) ;
#2494 = VECTOR ( 'NONE', #4743, 1000.000000000000000 ) ;
#2495 = ADVANCED_FACE ( 'NONE', ( #1529 ), #1041, .F. ) ;
#2496 = DIRECTION ( 'NONE',  ( -1.000000000000000000, 0.000000000000000000, 0.000000000000000000 ) ) ;
#2497 = VERTEX_POINT ( 'NONE', #2703 ) ;
#2498 = DIRECTION ( 'NONE',  ( 0.000000000000000000, -0.000000000000000000, 1.000000000000000000 ) ) ;
#2499 = ORIENTED_EDGE ( 'NONE', *, *, #4505, .T. ) ;
#2500 = LINE ( 'NONE', #3337, #2867 ) ;
#2501 = CARTESIAN_POINT ( 'NONE',  ( 0.1200000000000000649, 0.1599999999999999756, -0.2550000000000000600 ) ) ;
#2502 = DIRECTION ( 'NONE',  ( 0.000000000000000000, -1.000000000000000000, 0.000000000000000000 ) ) ;
#2503 = ORIENTED_EDGE ( 'NONE', *, *, #4004, .F. ) ;
#2504 = ORIENTED_EDGE ( 'NONE', *, *, #1216, .T. ) ;
#2505 = DIRECTION ( 'NONE',  ( 0.000000000000000000, 0.000000000000000000, 1.000000000000000000 ) ) ;
#2506 = CARTESIAN_POINT ( 'NONE',  ( 0.4299999999999998823, 0.1600000000000000033, 0.6049999999999998712 ) ) ;
#2507 = ADVANCED_FACE ( 'NONE', ( #2605 ), #5043, .F. ) ;
#2508 = FACE_OUTER_BOUND ( 'NONE', #4090, .T. ) ;
#2509 = DIRECTION ( 'NONE',  ( 1.000000000000000000, 0.000000000000000000, 0.000000000000000000 ) ) ;
#2510 = EDGE_LOOP ( 'NONE', ( #593, #767, #1201, #3331 ) ) ;
#2511 = ORIENTED_EDGE ( 'NONE', *, *, #2069, .F. ) ;
#2512 = LINE ( 'NONE', #2938, #1863 ) ;
#2513 = CARTESIAN_POINT ( 'NONE',  ( -0.4299999999999999378, 0.5088552708502482869, 0.6049999999999998712 ) ) ;
#2514 = LINE ( 'NONE', #247, #1014 ) ;
#2515 = DIRECTION ( 'NONE',  ( -0.000000000000000000, 1.000000000000000000, 0.000000000000000000 ) ) ;
#2516 = VERTEX_POINT ( 'NONE', #1868 ) ;
#2517 = VECTOR ( 'NONE', #192, 1000.000000000000000 ) ;
#2518 = ORIENTED_EDGE ( 'NONE', *, *, #4653, .F. ) ;
#2519 = DIRECTION ( 'NONE',  ( -0.000000000000000000, -1.000000000000000000, -0.000000000000000000 ) ) ;
#2520 = ADVANCED_FACE ( 'NONE', ( #1066 ), #4271, .F. ) ;
#2521 = EDGE_LOOP ( 'NONE', ( #1069, #5087, #2019, #480 ) ) ;
#2522 = AXIS2_PLACEMENT_3D ( 'NONE', #1275, #1223, #4349 ) ;
#2523 = AXIS2_PLACEMENT_3D ( 'NONE', #1626, #72, #1236 ) ;
#2524 = CARTESIAN_POINT ( 'NONE',  ( -0.4300000000000002709, 0.09999999999999512057, 0.09500000000000018152 ) ) ;
#2525 = DIRECTION ( 'NONE',  ( -3.388131789017199877E-16, 0.000000000000000000, -1.000000000000000000 ) ) ;
#2526 = VERTEX_POINT ( 'NONE', #751 ) ;
#2527 = VECTOR ( 'NONE', #1644, 1000.000000000000000 ) ;
#2528 = ORIENTED_EDGE ( 'NONE', *, *, #1991, .T. ) ;
#2529 = DIRECTION ( 'NONE',  ( -1.000000000000000000, 0.000000000000000000, 0.000000000000000000 ) ) ;
#2530 = EDGE_CURVE ( 'NONE', #2543, #1453, #261, .T. ) ;
#2531 = CARTESIAN_POINT ( 'NONE',  ( -0.4300000000000007150, 0.1000000000000000056, -0.4449999999999998956 ) ) ;
#2532 = DIRECTION ( 'NONE',  ( -1.270549420881451741E-16, -1.000000000000000000, 0.000000000000000000 ) ) ;
#2533 = CARTESIAN_POINT ( 'NONE',  ( 0.4299999999999998823, 0.1000000000000000194, 0.2794235880780059911 ) ) ;
#2534 = DIRECTION ( 'NONE',  ( -1.000000000000000000, 0.000000000000000000, -0.000000000000000000 ) ) ;
#2535 = ORIENTED_EDGE ( 'NONE', *, *, #2536, .F. ) ;
#2536 = EDGE_CURVE ( 'NONE', #4884, #37, #4169, .T. ) ;
#2537 = VERTEX_POINT ( 'NONE', #2251 ) ;
#2538 = DIRECTION ( 'NONE',  ( 0.000000000000000000, -0.000000000000000000, -1.000000000000000000 ) ) ;
#2539 = VECTOR ( 'NONE', #2051, 1000.000000000000000 ) ;
#2540 = EDGE_CURVE ( 'NONE', #1847, #3823, #3374, .T. ) ;
#2541 = DIRECTION ( 'NONE',  ( 1.000000000000000000, 1.270549420881451741E-16, 0.000000000000000000 ) ) ;
#2542 = DIRECTION ( 'NONE',  ( 0.000000000000000000, 1.000000000000000000, 0.000000000000000000 ) ) ;
#2543 = VERTEX_POINT ( 'NONE', #4961 ) ;
#2544 = FILL_AREA_STYLE_COLOUR ( '', #3123 ) ;
#2545 = ORIENTED_EDGE ( 'NONE', *, *, #5045, .F. ) ;
#2546 = DIRECTION ( 'NONE',  ( 1.000000000000000000, 0.000000000000000000, -1.084202172485504434E-16 ) ) ;
#2547 = FACE_OUTER_BOUND ( 'NONE', #2424, .T. ) ;
#2548 = ORIENTED_EDGE ( 'NONE', *, *, #3427, .T. ) ;
#2549 = VECTOR ( 'NONE', #2199, 1000.000000000000000 ) ;
#2550 = CARTESIAN_POINT ( 'NONE',  ( -0.07000000000000007605, 0.1599999999999999756, -0.5249999999999994671 ) ) ;
#2551 = DIRECTION ( 'NONE',  ( 0.000000000000000000, 0.000000000000000000, -1.000000000000000000 ) ) ;
#2552 = CARTESIAN_POINT ( 'NONE',  ( 0.5000000000000000000, 0.1599999999999926759, 0.6050000000000002043 ) ) ;
#2553 = COLOUR_RGB ( '',0.7921568627450980005, 0.8196078431372548767, 0.9333333333333333481 ) ;
#2554 = ORIENTED_EDGE ( 'NONE', *, *, #5013, .T. ) ;
#2555 = CARTESIAN_POINT ( 'NONE',  ( -0.1100000000000003059, 0.1599999999999999756, 0.6049999999999998712 ) ) ;
#2556 = DIRECTION ( 'NONE',  ( 0.000000000000000000, -1.000000000000000000, 0.000000000000000000 ) ) ;
#2557 = LINE ( 'NONE', #1791, #4899 ) ;
#2558 = PLANE ( 'NONE',  #2573 ) ;
#2559 = CARTESIAN_POINT ( 'NONE',  ( -7.781773657355639208E-17, 0.04000000000000000083, -0.4449999999999999512 ) ) ;
#2560 = EDGE_LOOP ( 'NONE', ( #1990, #4649, #2210, #2021 ) ) ;
#2561 = LINE ( 'NONE', #1435, #2442 ) ;
#2562 = AXIS2_PLACEMENT_3D ( 'NONE', #163, #916, #3632 ) ;
#2563 = PLANE ( 'NONE',  #2562 ) ;
#2564 = CARTESIAN_POINT ( 'NONE',  ( 0.2591199250936492837, 0.09999999999999269196, 0.4450000000000000067 ) ) ;
#2565 = ORIENTED_EDGE ( 'NONE', *, *, #799, .T. ) ;
#2566 = EDGE_CURVE ( 'NONE', #3061, #3618, #4554, .T. ) ;
#2567 = VECTOR ( 'NONE', #1362, 1000.000000000000000 ) ;
#2568 = VECTOR ( 'NONE', #4679, 1000.000000000000000 ) ;
#2569 = LINE ( 'NONE', #4461, #176 ) ;
#2570 = DIRECTION ( 'NONE',  ( 3.388131789017200370E-16, 0.000000000000000000, -1.000000000000000000 ) ) ;
#2571 = EDGE_CURVE ( 'NONE', #3542, #3693, #675, .T. ) ;
#2572 = VERTEX_POINT ( 'NONE', #4607 ) ;
#2573 = AXIS2_PLACEMENT_3D ( 'NONE', #2959, #1740, #2911 ) ;
#2574 = DIRECTION ( 'NONE',  ( 1.000000000000000000, 0.000000000000000000, -6.776263578034406657E-16 ) ) ;
#2575 = CARTESIAN_POINT ( 'NONE',  ( 0.5000000000000000000, 0.1599999999999975608, -0.2550000000000000600 ) ) ;
#2576 = CARTESIAN_POINT ( 'NONE',  ( -0.1100000000000003059, 0.1599999999999999756, 0.6049999999999998712 ) ) ;
#2577 = ORIENTED_EDGE ( 'NONE', *, *, #2920, .T. ) ;
#2578 = DIRECTION ( 'NONE',  ( -1.084202172485504434E-16, -0.000000000000000000, -1.000000000000000000 ) ) ;
#2579 = DIRECTION ( 'NONE',  ( 0.000000000000000000, -0.000000000000000000, -1.000000000000000000 ) ) ;
#2580 = CARTESIAN_POINT ( 'NONE',  ( 0.1200000000000001205, 0.04000000000000002165, 0.2550000000000000044 ) ) ;
#2581 = ADVANCED_FACE ( 'NONE', ( #2278 ), #4937, .T. ) ;
#2582 = CARTESIAN_POINT ( 'NONE',  ( 0.1100000000000002226, 0.09999999999999997780, -0.1194235880780060155 ) ) ;
#2583 = VERTEX_POINT ( 'NONE', #3400 ) ;
#2584 = LINE ( 'NONE', #1456, #3734 ) ;
#2585 = DIRECTION ( 'NONE',  ( -3.388131789017200863E-16, 0.000000000000000000, 1.000000000000000000 ) ) ;
#2586 = LINE ( 'NONE', #632, #94 ) ;
#2587 = ORIENTED_EDGE ( 'NONE', *, *, #4408, .F. ) ;
#2588 = STYLED_ITEM ( 'NONE', ( #4959 ), #1496 ) ;
#2589 = FACE_OUTER_BOUND ( 'NONE', #3155, .T. ) ;
#2590 = VERTEX_POINT ( 'NONE', #727 ) ;
#2591 = DIRECTION ( 'NONE',  ( 0.000000000000000000, -1.000000000000000000, 0.000000000000000000 ) ) ;
#2592 = EDGE_CURVE ( 'NONE', #4221, #4034, #2659, .T. ) ;
#2593 = DIRECTION ( 'NONE',  ( 1.000000000000000000, -1.270549420881451741E-16, -3.497426362856466107E-16 ) ) ;
#2594 = ORIENTED_EDGE ( 'NONE', *, *, #1471, .F. ) ;
#2595 = VECTOR ( 'NONE', #4762, 1000.000000000000000 ) ;
#2596 = EDGE_CURVE ( 'NONE', #2636, #3447, #4634, .T. ) ;
#2597 = FACE_OUTER_BOUND ( 'NONE', #578, .T. ) ;
#2598 = FACE_OUTER_BOUND ( 'NONE', #8, .T. ) ;
#2599 = VERTEX_POINT ( 'NONE', #1117 ) ;
#2600 = VECTOR ( 'NONE', #1923, 1000.000000000000000 ) ;
#2601 = VERTEX_POINT ( 'NONE', #4219 ) ;
#2602 = CARTESIAN_POINT ( 'NONE',  ( 0.4299999999999998823, 0.1600000000000000033, 0.6749999999999999334 ) ) ;
#2603 = DIRECTION ( 'NONE',  ( -1.000000000000000000, 0.000000000000000000, 0.000000000000000000 ) ) ;
#2604 = PLANE ( 'NONE',  #964 ) ;
#2605 = FACE_OUTER_BOUND ( 'NONE', #1622, .T. ) ;
#2606 = VERTEX_POINT ( 'NONE', #2681 ) ;
#2607 = MECHANICAL_DESIGN_GEOMETRIC_PRESENTATION_REPRESENTATION (  '', ( #1705 ), #2799 ) ;
#2608 = DIRECTION ( 'NONE',  ( 1.084202172485504434E-16, 0.000000000000000000, 1.000000000000000000 ) ) ;
#2609 = ORIENTED_EDGE ( 'NONE', *, *, #4662, .F. ) ;
#2610 = CARTESIAN_POINT ( 'NONE',  ( -0.07000000000000007605, 0.04000000000000000083, -0.5249999999999994671 ) ) ;
#2611 = EDGE_CURVE ( 'NONE', #1712, #4311, #4249, .T. ) ;
#2612 = CARTESIAN_POINT ( 'NONE',  ( 0.1200000000000001205, 0.1600000000000000033, -0.09499999999999997335 ) ) ;
#2613 = LINE ( 'NONE', #4228, #3624 ) ;
#2614 = VERTEX_POINT ( 'NONE', #1924 ) ;
#2615 = VECTOR ( 'NONE', #3694, 1000.000000000000000 ) ;
#2616 = PLANE ( 'NONE',  #950 ) ;
#2617 = ORIENTED_EDGE ( 'NONE', *, *, #1097, .F. ) ;
#2618 = DIRECTION ( 'NONE',  ( -3.388131789017200370E-16, 0.000000000000000000, 1.000000000000000000 ) ) ;
#2619 = LINE ( 'NONE', #742, #306 ) ;
#2620 = VECTOR ( 'NONE', #1312, 1000.000000000000000 ) ;
#2621 = VERTEX_POINT ( 'NONE', #3081 ) ;
#2622 = ADVANCED_FACE ( 'NONE', ( #4658 ), #3131, .T. ) ;
#2623 = CARTESIAN_POINT ( 'NONE',  ( -0.5000000000000000000, 0.09999999999999267808, 0.6050000000000002043 ) ) ;
#2624 = ORIENTED_EDGE ( 'NONE', *, *, #4621, .T. ) ;
#2625 = EDGE_CURVE ( 'NONE', #145, #4154, #73, .T. ) ;
#2626 = EDGE_CURVE ( 'NONE', #3109, #3082, #1168, .T. ) ;
#2627 = LINE ( 'NONE', #4577, #5002 ) ;
#2628 = CARTESIAN_POINT ( 'NONE',  ( 0.4299999999999998823, 0.1600000000000000033, 0.6049999999999998712 ) ) ;
#2629 = VECTOR ( 'NONE', #2065, 1000.000000000000000 ) ;
#2630 = VECTOR ( 'NONE', #4891, 1000.000000000000000 ) ;
#2631 = CARTESIAN_POINT ( 'NONE',  ( -0.2591199250936493392, 0.09999999999999267808, 0.6050000000000002043 ) ) ;
#2632 = CARTESIAN_POINT ( 'NONE',  ( -0.5000000000000000000, 0.09999999999999757694, -0.2549999999999999489 ) ) ;
#2633 = ORIENTED_EDGE ( 'NONE', *, *, #642, .T. ) ;
#2634 = EDGE_CURVE ( 'NONE', #3685, #4258, #3499, .T. ) ;
#2635 = LINE ( 'NONE', #3292, #3527 ) ;
#2636 = VERTEX_POINT ( 'NONE', #359 ) ;
#2637 = DIRECTION ( 'NONE',  ( 0.000000000000000000, -0.000000000000000000, 1.000000000000000000 ) ) ;
#2638 = CARTESIAN_POINT ( 'NONE',  ( 0.5000000000000000000, 0.1000000000000000194, -0.6050000000000000933 ) ) ;
#2639 = CARTESIAN_POINT ( 'NONE',  ( 0.1200000000000001205, 0.5088552708502482869, -0.09499999999999997335 ) ) ;
#2640 = APPLICATION_PROTOCOL_DEFINITION ( 'draft international standard', 'automotive_design', 1998, #1925 ) ;
#2641 = ORIENTED_EDGE ( 'NONE', *, *, #572, .F. ) ;
#2642 = ORIENTED_EDGE ( 'NONE', *, *, #796, .T. ) ;
#2643 = EDGE_CURVE ( 'NONE', #1443, #1944, #4315, .T. ) ;
#2644 = COLOUR_RGB ( '',0.7921568627450980005, 0.8196078431372548767, 0.9333333333333333481 ) ;
#2645 = LINE ( 'NONE', #4622, #1534 ) ;
#2646 = VECTOR ( 'NONE', #1586, 1000.000000000000000 ) ;
#2647 = EDGE_CURVE ( 'NONE', #507, #2690, #383, .T. ) ;
#2648 = PLANE ( 'NONE',  #1752 ) ;
#2649 = CARTESIAN_POINT ( 'NONE',  ( 0.1200000000000001205, 0.1599999999999999756, 0.6049999999999999822 ) ) ;
#2650 = ORIENTED_EDGE ( 'NONE', *, *, #5006, .T. ) ;
#2651 = MECHANICAL_DESIGN_GEOMETRIC_PRESENTATION_REPRESENTATION (  '', ( #3705 ), #2161 ) ;
#2652 = AXIS2_PLACEMENT_3D ( 'NONE', #5010, #3053, #1421 ) ;
#2653 = CARTESIAN_POINT ( 'NONE',  ( -0.5000000000000001110, 2.380029761641144326, -0.6750000000000000444 ) ) ;
#2654 = ORIENTED_EDGE ( 'NONE', *, *, #3473, .T. ) ;
#2655 = AXIS2_PLACEMENT_3D ( 'NONE', #3114, #4641, #1050 ) ;
#2656 = CARTESIAN_POINT ( 'NONE',  ( 0.1200000000000000649, 0.09999999999999997780, -0.6050000000000000933 ) ) ;
#2657 = DIRECTION ( 'NONE',  ( 0.000000000000000000, 0.000000000000000000, 1.000000000000000000 ) ) ;
#2658 = DIRECTION ( 'NONE',  ( 0.000000000000000000, -1.000000000000000000, 0.000000000000000000 ) ) ;
#2659 = LINE ( 'NONE', #1503, #1927 ) ;
#2660 = VERTEX_POINT ( 'NONE', #4337 ) ;
#2661 = DIRECTION ( 'NONE',  ( 0.000000000000000000, -1.000000000000000000, 0.000000000000000000 ) ) ;
#2662 = ORIENTED_EDGE ( 'NONE', *, *, #592, .F. ) ;
#2663 = PLANE ( 'NONE',  #2836 ) ;
#2664 = EDGE_CURVE ( 'NONE', #281, #1317, #458, .T. ) ;
#2665 = CARTESIAN_POINT ( 'NONE',  ( -0.1500000000000004940, 0.09999999999999999167, -0.6050000000000000933 ) ) ;
#2666 = CARTESIAN_POINT ( 'NONE',  ( -0.1200000000000000927, 0.1600000000000000033, -0.4450000000000000067 ) ) ;
#2667 = PRODUCT_CONTEXT ( 'NONE', #1652, 'mechanical' ) ;
#2668 = ORIENTED_EDGE ( 'NONE', *, *, #1242, .F. ) ;
#2669 = CARTESIAN_POINT ( 'NONE',  ( -0.1100000000000002920, 0.1600000000000000033, -0.5649999999999999467 ) ) ;
#2670 = ORIENTED_EDGE ( 'NONE', *, *, #341, .T. ) ;
#2671 = CARTESIAN_POINT ( 'NONE',  ( 0.1200000000000000927, 0.1000000000000000056, -0.4449999999999999512 ) ) ;
#2672 = DIRECTION ( 'NONE',  ( 0.000000000000000000, 8.470329472542995995E-17, -1.000000000000000000 ) ) ;
#2673 = EDGE_LOOP ( 'NONE', ( #3093, #2670, #3084, #1371 ) ) ;
#2674 = VECTOR ( 'NONE', #1797, 1000.000000000000000 ) ;
#2675 = FACE_OUTER_BOUND ( 'NONE', #3515, .T. ) ;
#2676 = DIRECTION ( 'NONE',  ( -3.388131789017199384E-16, 0.000000000000000000, -1.000000000000000000 ) ) ;
#2677 = EDGE_LOOP ( 'NONE', ( #2138, #1359, #2705, #2354 ) ) ;
#2678 = AXIS2_PLACEMENT_3D ( 'NONE', #763, #1962, #3166 ) ;
#2679 = LINE ( 'NONE', #696, #3073 ) ;
#2680 = PLANE ( 'NONE',  #1961 ) ;
#2681 = CARTESIAN_POINT ( 'NONE',  ( -0.3700000000000001066, 0.2999999999999999889, -0.5950000000000001954 ) ) ;
#2682 = ORIENTED_EDGE ( 'NONE', *, *, #3686, .T. ) ;
#2683 = ORIENTED_EDGE ( 'NONE', *, *, #1953, .F. ) ;
#2684 = EDGE_LOOP ( 'NONE', ( #4802, #4979, #4356, #4416 ) ) ;
#2685 = EDGE_CURVE ( 'NONE', #4584, #3014, #3523, .T. ) ;
#2686 = DIRECTION ( 'NONE',  ( -0.000000000000000000, -1.000000000000000000, -0.000000000000000000 ) ) ;
#2687 = VECTOR ( 'NONE', #457, 1000.000000000000000 ) ;
#2688 = PLANE ( 'NONE',  #3381 ) ;
#2689 = DIRECTION ( 'NONE',  ( -3.388131789017199877E-16, 0.000000000000000000, -1.000000000000000000 ) ) ;
#2690 = VERTEX_POINT ( 'NONE', #24 ) ;
#2691 = EDGE_CURVE ( 'NONE', #2077, #3882, #1237, .T. ) ;
#2692 = CARTESIAN_POINT ( 'NONE',  ( -0.5000000000000000000, 0.1599999999999951461, 0.09500000000000007050 ) ) ;
#2693 = CARTESIAN_POINT ( 'NONE',  ( -0.4299999999999999933, 0.09999999999999510669, 0.2550000000000001710 ) ) ;
#2694 = CARTESIAN_POINT ( 'NONE',  ( 0.4300000000000000488, 0.1600000000000000033, -0.4450000000000000067 ) ) ;
#2695 = EDGE_LOOP ( 'NONE', ( #4275, #2982, #3780, #353, #2868, #1085, #602, #4503 ) ) ;
#2696 = VECTOR ( 'NONE', #3781, 1000.000000000000000 ) ;
#2697 = VECTOR ( 'NONE', #2835, 1000.000000000000000 ) ;
#2698 = VECTOR ( 'NONE', #2269, 1000.000000000000000 ) ;
#2699 = CARTESIAN_POINT ( 'NONE',  ( -0.4299999999999999933, 0.1000000000000000194, 0.6749999999999999334 ) ) ;
#2700 = ORIENTED_EDGE ( 'NONE', *, *, #89, .T. ) ;
#2701 = ADVANCED_FACE ( 'NONE', ( #406 ), #2018, .F. ) ;
#2702 = DIRECTION ( 'NONE',  ( 0.000000000000000000, 0.000000000000000000, 1.000000000000000000 ) ) ;
#2703 = CARTESIAN_POINT ( 'NONE',  ( -0.1200000000000000372, 0.000000000000000000, 0.09499999999999991784 ) ) ;
#2704 = EDGE_LOOP ( 'NONE', ( #2743, #1603, #2361, #75 ) ) ;
#2705 = ORIENTED_EDGE ( 'NONE', *, *, #3094, .T. ) ;
#2706 = EDGE_LOOP ( 'NONE', ( #4002, #890, #2070, #4916 ) ) ;
#2707 = CARTESIAN_POINT ( 'NONE',  ( 0.5000000000000000000, 0.1599999999999926759, 0.4450000000000000067 ) ) ;
#2708 = DIRECTION ( 'NONE',  ( 0.000000000000000000, -1.000000000000000000, 0.000000000000000000 ) ) ;
#2709 = DIRECTION ( 'NONE',  ( 0.000000000000000000, -1.000000000000000000, 0.000000000000000000 ) ) ;
#2710 = ORIENTED_EDGE ( 'NONE', *, *, #4883, .T. ) ;
#2711 = EDGE_LOOP ( 'NONE', ( #855, #4998, #3495, #3127 ) ) ;
#2712 = CARTESIAN_POINT ( 'NONE',  ( -0.5000000000000000000, 0.09999999999999269196, 0.4450000000000001177 ) ) ;
#2713 = CARTESIAN_POINT ( 'NONE',  ( -0.3700000000000001066, 0.2999999999999999889, -0.4950000000000001066 ) ) ;
#2714 = DIRECTION ( 'NONE',  ( 0.000000000000000000, -1.000000000000000000, 0.000000000000000000 ) ) ;
#2715 = EDGE_CURVE ( 'NONE', #4601, #934, #2353, .T. ) ;
#2716 = ORIENTED_EDGE ( 'NONE', *, *, #4384, .T. ) ;
#2717 = EDGE_CURVE ( 'NONE', #728, #1944, #2376, .T. ) ;
#2718 = CARTESIAN_POINT ( 'NONE',  ( 0.1200000000000000649, 0.1600000000000000033, -0.6050000000000000933 ) ) ;
#2719 = LINE ( 'NONE', #1545, #3708 ) ;
#2720 = AXIS2_PLACEMENT_3D ( 'NONE', #4322, #4712, #1931 ) ;
#2721 = ORIENTED_EDGE ( 'NONE', *, *, #5039, .T. ) ;
#2722 = FACE_OUTER_BOUND ( 'NONE', #2371, .T. ) ;
#2723 = AXIS2_PLACEMENT_3D ( 'NONE', #2038, #1748, #1827 ) ;
#2724 = LINE ( 'NONE', #3475, #3005 ) ;
#2725 = CARTESIAN_POINT ( 'NONE',  ( 0.1100000000000002226, 0.1599999999999999756, -0.1194235880780061126 ) ) ;
#2726 = ORIENTED_EDGE ( 'NONE', *, *, #799, .F. ) ;
#2727 = ORIENTED_EDGE ( 'NONE', *, *, #1292, .F. ) ;
#2728 = LINE ( 'NONE', #3864, #3565 ) ;
#2729 = ORIENTED_EDGE ( 'NONE', *, *, #1197, .F. ) ;
#2730 = CARTESIAN_POINT ( 'NONE',  ( -0.1200000000000000372, 0.1599999999999999756, 0.09499999999999991784 ) ) ;
#2731 = CARTESIAN_POINT ( 'NONE',  ( 0.5000000000000000000, 0.3500000000000000333, 0.6749999999999998224 ) ) ;
#2732 = FACE_BOUND ( 'NONE', #4039, .T. ) ;
#2733 = EDGE_CURVE ( 'NONE', #3109, #4592, #3932, .T. ) ;
#2734 = ORIENTED_EDGE ( 'NONE', *, *, #4457, .F. ) ;
#2735 = ORIENTED_EDGE ( 'NONE', *, *, #1914, .T. ) ;
#2736 = LINE ( 'NONE', #4378, #2841 ) ;
#2737 = PLANE ( 'NONE',  #921 ) ;
#2738 = ORIENTED_EDGE ( 'NONE', *, *, #3967, .T. ) ;
#2739 = ADVANCED_FACE ( 'NONE', ( #2044 ), #1266, .T. ) ;
#2740 = DIRECTION ( 'NONE',  ( 3.497426362856467093E-16, 0.000000000000000000, 1.000000000000000000 ) ) ;
#2741 = PLANE ( 'NONE',  #1922 ) ;
#2742 = PRODUCT ( '74LVC3G07GS,115', '74LVC3G07GS,115', '', ( #2667 ) ) ;
#2743 = ORIENTED_EDGE ( 'NONE', *, *, #3773, .F. ) ;
#2744 = EDGE_CURVE ( 'NONE', #145, #2606, #4745, .T. ) ;
#2745 = CARTESIAN_POINT ( 'NONE',  ( -0.1500000000000000777, 0.04000000000000000083, -0.6050000000000000933 ) ) ;
#2746 = CARTESIAN_POINT ( 'NONE',  ( -0.1200000000000000372, 0.1600000000000000033, 0.4449999999999997846 ) ) ;
#2747 = DIRECTION ( 'NONE',  ( -1.084202172485504434E-16, -0.000000000000000000, -1.000000000000000000 ) ) ;
#2748 = ORIENTED_EDGE ( 'NONE', *, *, #2255, .F. ) ;
#2749 = VECTOR ( 'NONE', #3461, 1000.000000000000000 ) ;
#2750 = ORIENTED_EDGE ( 'NONE', *, *, #1390, .T. ) ;
#2751 = ORIENTED_EDGE ( 'NONE', *, *, #44, .T. ) ;
#2752 = CARTESIAN_POINT ( 'NONE',  ( -0.5000000000000000000, 0.1600000000000000033, -0.6050000000000000933 ) ) ;
#2753 = DIRECTION ( 'NONE',  ( 0.000000000000000000, 0.000000000000000000, 1.000000000000000000 ) ) ;
#2754 = FACE_OUTER_BOUND ( 'NONE', #2457, .T. ) ;
#2755 = DIRECTION ( 'NONE',  ( 1.000000000000000000, 0.000000000000000000, 0.000000000000000000 ) ) ;
#2756 = VERTEX_POINT ( 'NONE', #3178 ) ;
#2757 = ORIENTED_EDGE ( 'NONE', *, *, #796, .F. ) ;
#2758 = CLOSED_SHELL ( 'NONE', ( #3590, #2701, #225, #1735, #2101, #4106, #4288, #3088, #1535, #1882, #3438, #118, #3877 ) ) ;
#2759 = AXIS2_PLACEMENT_3D ( 'NONE', #312, #4888, #214 ) ;
#2760 = DIRECTION ( 'NONE',  ( 1.000000000000000000, 0.000000000000000000, -1.748713181428233300E-16 ) ) ;
#2761 = LINE ( 'NONE', #1566, #3046 ) ;
#2762 = FILL_AREA_STYLE ('',( #1281 ) ) ;
#2763 = VECTOR ( 'NONE', #688, 1000.000000000000000 ) ;
#2764 = ORIENTED_EDGE ( 'NONE', *, *, #1753, .T. ) ;
#2765 = LINE ( 'NONE', #4331, #4362 ) ;
#2766 = LINE ( 'NONE', #2396, #3878 ) ;
#2767 = ORIENTED_EDGE ( 'NONE', *, *, #2057, .F. ) ;
#2768 = EDGE_CURVE ( 'NONE', #2777, #1215, #2803, .T. ) ;
#2769 = AXIS2_PLACEMENT_3D ( 'NONE', #4779, #1578, #4751 ) ;
#2770 = DIRECTION ( 'NONE',  ( 1.000000000000000000, 0.000000000000000000, -6.776263578034406657E-16 ) ) ;
#2771 = EDGE_CURVE ( 'NONE', #1240, #4848, #1655, .T. ) ;
#2772 = CARTESIAN_POINT ( 'NONE',  ( -0.3700000000000001066, 0.2999999999999999889, -0.5450000000000001510 ) ) ;
#2773 = CARTESIAN_POINT ( 'NONE',  ( -0.07000000000000007605, 0.000000000000000000, -0.6049999999999999822 ) ) ;
#2774 = EDGE_LOOP ( 'NONE', ( #3313, #729, #1810, #967, #3440, #4826 ) ) ;
#2775 = ORIENTED_EDGE ( 'NONE', *, *, #1142, .F. ) ;
#2776 = EDGE_CURVE ( 'NONE', #4932, #507, #2829, .T. ) ;
#2777 = VERTEX_POINT ( 'NONE', #1551 ) ;
#2778 = CARTESIAN_POINT ( 'NONE',  ( 0.1200000000000000649, 0.5088552708502482869, 0.4449999999999998401 ) ) ;
#2779 = DIRECTION ( 'NONE',  ( -1.000000000000000000, 8.470329472543013251E-17, 0.000000000000000000 ) ) ;
#2780 = ADVANCED_FACE ( 'NONE', ( #1395 ), #4413, .F. ) ;
#2781 = LINE ( 'NONE', #2409, #5066 ) ;
#2782 = FACE_BOUND ( 'NONE', #385, .T. ) ;
#2783 = AXIS2_PLACEMENT_3D ( 'NONE', #3727, #2223, #1399 ) ;
#2784 = VERTEX_POINT ( 'NONE', #4907 ) ;
#2785 = CARTESIAN_POINT ( 'NONE',  ( -0.5000000000000000000, 0.09999999999999756306, -0.09499999999999989009 ) ) ;
#2786 = VERTEX_POINT ( 'NONE', #4464 ) ;
#2787 = DIRECTION ( 'NONE',  ( 1.000000000000000000, 0.000000000000000000, -1.748713181428233300E-16 ) ) ;
#2788 = ORIENTED_EDGE ( 'NONE', *, *, #417, .F. ) ;
#2789 = AXIS2_PLACEMENT_3D ( 'NONE', #4269, #1972, #749 ) ;
#2790 = LINE ( 'NONE', #4354, #927 ) ;
#2791 =( NAMED_UNIT ( * ) PLANE_ANGLE_UNIT ( ) SI_UNIT ( $, .RADIAN. ) );
#2792 = EDGE_CURVE ( 'NONE', #2937, #1318, #2926, .T. ) ;
#2793 = ORIENTED_EDGE ( 'NONE', *, *, #2877, .F. ) ;
#2794 = EDGE_CURVE ( 'NONE', #1191, #1228, #2953, .T. ) ;
#2795 = LINE ( 'NONE', #3276, #1667 ) ;
#2796 = DIRECTION ( 'NONE',  ( -0.000000000000000000, 1.000000000000000000, -0.000000000000000000 ) ) ;
#2797 = EDGE_CURVE ( 'NONE', #2083, #1552, #2903, .T. ) ;
#2798 = EDGE_LOOP ( 'NONE', ( #1935, #1796, #4265, #4793 ) ) ;
#2799 =( GEOMETRIC_REPRESENTATION_CONTEXT ( 3 ) GLOBAL_UNCERTAINTY_ASSIGNED_CONTEXT ( ( #2859 ) ) GLOBAL_UNIT_ASSIGNED_CONTEXT ( ( #87, #2791, #1917 ) ) REPRESENTATION_CONTEXT ( 'NONE', 'WORKASPACE' ) );
#2800 = AXIS2_PLACEMENT_3D ( 'NONE', #1883, #3437, #1106 ) ;
#2801 = CARTESIAN_POINT ( 'NONE',  ( 0.5000000000000000000, 0.09999999999999267808, 0.6050000000000002043 ) ) ;
#2802 = CARTESIAN_POINT ( 'NONE',  ( 0.4299999999999998823, 0.1000000000000000194, 0.6749999999999999334 ) ) ;
#2803 = LINE ( 'NONE', #2429, #4329 ) ;
#2804 = ORIENTED_EDGE ( 'NONE', *, *, #2715, .T. ) ;
#2805 = ORIENTED_EDGE ( 'NONE', *, *, #1284, .T. ) ;
#2806 = AXIS2_PLACEMENT_3D ( 'NONE', #2921, #2546, #1388 ) ;
#2807 = EDGE_CURVE ( 'NONE', #287, #3685, #1731, .T. ) ;
#2808 = ORIENTED_EDGE ( 'NONE', *, *, #1788, .F. ) ;
#2809 = CARTESIAN_POINT ( 'NONE',  ( -0.1200000000000000927, 0.1599999999999999756, 0.2549999999999999489 ) ) ;
#2810 = AXIS2_PLACEMENT_3D ( 'NONE', #1383, #3197, #194 ) ;
#2811 = CARTESIAN_POINT ( 'NONE',  ( -0.07000000000000007605, 0.000000000000000000, -0.4450000000000000067 ) ) ;
#2812 = PLANE ( 'NONE',  #2203 ) ;
#2813 = DIRECTION ( 'NONE',  ( -1.000000000000000000, 0.000000000000000000, 8.031127203596330602E-17 ) ) ;
#2814 = PLANE ( 'NONE',  #2115 ) ;
#2815 = ORIENTED_EDGE ( 'NONE', *, *, #2933, .F. ) ;
#2816 = VECTOR ( 'NONE', #1475, 1000.000000000000000 ) ;
#2817 = ADVANCED_FACE ( 'NONE', ( #3230 ), #4113, .F. ) ;
#2818 = CARTESIAN_POINT ( 'NONE',  ( -0.3700000000000001066, 0.2999999999999999889, -0.5950000000000001954 ) ) ;
#2819 = DIRECTION ( 'NONE',  ( 1.000000000000000000, 0.000000000000000000, -3.388131789017199877E-16 ) ) ;
#2820 = DIRECTION ( 'NONE',  ( -0.000000000000000000, 8.470329472542995995E-17, -1.000000000000000000 ) ) ;
#2821 = CARTESIAN_POINT ( 'NONE',  ( 0.1200000000000000649, 0.5088552708502482869, 0.09499999999999991784 ) ) ;
#2822 = ORIENTED_EDGE ( 'NONE', *, *, #1108, .F. ) ;
#2823 = DIRECTION ( 'NONE',  ( -3.388131789017200863E-16, 0.000000000000000000, 1.000000000000000000 ) ) ;
#2824 = CARTESIAN_POINT ( 'NONE',  ( 0.1200000000000000649, 0.1600000000000000033, 0.4449999999999997846 ) ) ;
#2825 = ORIENTED_EDGE ( 'NONE', *, *, #2963, .T. ) ;
#2826 = ADVANCED_FACE ( 'NONE', ( #2066 ), #1340, .F. ) ;
#2827 = CARTESIAN_POINT ( 'NONE',  ( -0.3700000000000001066, 0.3499999999999999778, -0.5450000000000001510 ) ) ;
#2828 = LINE ( 'NONE', #1654, #1620 ) ;
#2829 = LINE ( 'NONE', #879, #232 ) ;
#2830 = VERTEX_POINT ( 'NONE', #1677 ) ;
#2831 = VERTEX_POINT ( 'NONE', #953 ) ;
#2832 = VECTOR ( 'NONE', #3235, 1000.000000000000000 ) ;
#2833 = ORIENTED_EDGE ( 'NONE', *, *, #4609, .F. ) ;
#2834 = CARTESIAN_POINT ( 'NONE',  ( 0.1200000000000001205, 0.000000000000000000, -0.4449999999999999512 ) ) ;
#2835 = DIRECTION ( 'NONE',  ( 3.388131789017200370E-16, 0.000000000000000000, -1.000000000000000000 ) ) ;
#2836 = AXIS2_PLACEMENT_3D ( 'NONE', #1407, #267, #2637 ) ;
#2837 = FACE_OUTER_BOUND ( 'NONE', #1324, .T. ) ;
#2838 = CARTESIAN_POINT ( 'NONE',  ( -0.1100000000000003059, 0.09999999999999997780, 0.2794235880780059911 ) ) ;
#2839 = EDGE_LOOP ( 'NONE', ( #2349, #4859, #3104, #628, #4835 ) ) ;
#2840 = EDGE_LOOP ( 'NONE', ( #3687, #1775, #1983, #4927 ) ) ;
#2841 = VECTOR ( 'NONE', #1539, 1000.000000000000000 ) ;
#2842 = EDGE_CURVE ( 'NONE', #3415, #425, #149, .T. ) ;
#2843 = CARTESIAN_POINT ( 'NONE',  ( 0.1200000000000001205, 0.1599999999999999756, 0.2550000000000000044 ) ) ;
#2844 = CARTESIAN_POINT ( 'NONE',  ( 0.1100000000000001810, 0.09999999999999997780, -0.4450000000000000067 ) ) ;
#2845 = ADVANCED_FACE ( 'NONE', ( #589 ), #4440, .T. ) ;
#2846 = CARTESIAN_POINT ( 'NONE',  ( 0.4300000000000000488, 0.09999999999999757694, -0.2550000000000000044 ) ) ;
#2847 = ORIENTED_EDGE ( 'NONE', *, *, #2012, .F. ) ;
#2848 = ADVANCED_FACE ( 'NONE', ( #179 ), #1012, .T. ) ;
#2849 = VERTEX_POINT ( 'NONE', #4086 ) ;
#2850 = DIRECTION ( 'NONE',  ( -3.388131789017200370E-16, 0.000000000000000000, 1.000000000000000000 ) ) ;
#2851 = AXIS2_PLACEMENT_3D ( 'NONE', #465, #2888, #3214 ) ;
#2852 = ORIENTED_EDGE ( 'NONE', *, *, #3228, .F. ) ;
#2853 = PLANE ( 'NONE',  #659 ) ;
#2854 = DIRECTION ( 'NONE',  ( 0.000000000000000000, -1.000000000000000000, 0.000000000000000000 ) ) ;
#2855 = VERTEX_POINT ( 'NONE', #4491 ) ;
#2856 = ORIENTED_EDGE ( 'NONE', *, *, #3117, .F. ) ;
#2857 = EDGE_CURVE ( 'NONE', #1928, #2332, #1289, .T. ) ;
#2858 = VECTOR ( 'NONE', #2747, 1000.000000000000000 ) ;
#2859 = UNCERTAINTY_MEASURE_WITH_UNIT (LENGTH_MEASURE( 1.000000000000000082E-05 ), #87, 'distance_accuracy_value', 'NONE');
#2860 = EDGE_LOOP ( 'NONE', ( #305, #1547, #1392, #327 ) ) ;
#2861 = EDGE_LOOP ( 'NONE', ( #3198, #1294, #2961, #3384 ) ) ;
#2862 = CARTESIAN_POINT ( 'NONE',  ( 0.1200000000000000927, 0.1000000000000000194, -0.6050000000000000933 ) ) ;
#2863 = EDGE_CURVE ( 'NONE', #66, #3856, #3253, .T. ) ;
#2864 = CARTESIAN_POINT ( 'NONE',  ( 0.2591199250936492837, 0.09999999999999512057, 0.09500000000000000111 ) ) ;
#2865 = CARTESIAN_POINT ( 'NONE',  ( -0.1200000000000000927, 0.1600000000000000033, 0.2549999999999999489 ) ) ;
#2866 = DIRECTION ( 'NONE',  ( -3.388131789017200370E-16, 0.000000000000000000, 1.000000000000000000 ) ) ;
#2867 = VECTOR ( 'NONE', #2925, 1000.000000000000000 ) ;
#2868 = ORIENTED_EDGE ( 'NONE', *, *, #1061, .T. ) ;
#2869 = ORIENTED_EDGE ( 'NONE', *, *, #1753, .F. ) ;
#2870 = FACE_OUTER_BOUND ( 'NONE', #4558, .T. ) ;
#2871 = CARTESIAN_POINT ( 'NONE',  ( -0.5000000000000000000, 0.1599999999999975608, -0.2549999999999999489 ) ) ;
#2872 = CARTESIAN_POINT ( 'NONE',  ( -0.1200000000000000372, 0.1600000000000000033, -0.2550000000000000600 ) ) ;
#2873 = VERTEX_POINT ( 'NONE', #2142 ) ;
#2874 = PRESENTATION_LAYER_ASSIGNMENT (  '', '', ( #4513 ) ) ;
#2875 = CARTESIAN_POINT ( 'NONE',  ( 0.4300000000000000488, 0.09999999999999754918, -0.09500000000000002887 ) ) ;
#2876 = ORIENTED_EDGE ( 'NONE', *, *, #26, .F. ) ;
#2877 = EDGE_CURVE ( 'NONE', #3980, #1847, #3310, .T. ) ;
#2878 = CARTESIAN_POINT ( 'NONE',  ( -0.4299999999999999378, 0.1600000000000000033, 0.2549999999999999489 ) ) ;
#2879 = CARTESIAN_POINT ( 'NONE',  ( -0.4299999999999999933, 0.1000000000000000194, -0.6750000000000001554 ) ) ;
#2880 = CARTESIAN_POINT ( 'NONE',  ( -0.5000000000000000000, 0.1599999999999951461, 0.09500000000000007050 ) ) ;
#2881 = ORIENTED_EDGE ( 'NONE', *, *, #4725, .F. ) ;
#2882 = VECTOR ( 'NONE', #1329, 1000.000000000000000 ) ;
#2883 = VERTEX_POINT ( 'NONE', #484 ) ;
#2884 = VERTEX_POINT ( 'NONE', #2880 ) ;
#2885 = AXIS2_PLACEMENT_3D ( 'NONE', #1125, #4202, #2966 ) ;
#2886 = DIRECTION ( 'NONE',  ( -0.000000000000000000, -1.000000000000000000, -0.000000000000000000 ) ) ;
#2887 = PLANE ( 'NONE',  #4508 ) ;
#2888 = DIRECTION ( 'NONE',  ( -6.802629345036383355E-33, -1.000000000000000000, -8.470329472542998460E-17 ) ) ;
#2889 = DIRECTION ( 'NONE',  ( -0.000000000000000000, 1.000000000000000000, -0.000000000000000000 ) ) ;
#2890 = VECTOR ( 'NONE', #3225, 1000.000000000000000 ) ;
#2891 = EDGE_LOOP ( 'NONE', ( #20, #1414, #317, #3396, #4234, #1609 ) ) ;
#2892 = CARTESIAN_POINT ( 'NONE',  ( -0.4299999999999999933, 0.1600000000000000033, 0.6049999999999998712 ) ) ;
#2893 = EDGE_CURVE ( 'NONE', #5001, #2621, #930, .T. ) ;
#2894 = DIRECTION ( 'NONE',  ( -1.000000000000000000, 0.000000000000000000, 1.748713181428233547E-16 ) ) ;
#2895 = CIRCLE ( 'NONE', #1501, 0.05000000000000002359 ) ;
#2896 = DIRECTION ( 'NONE',  ( 1.000000000000000000, -1.270549420881451741E-16, 0.000000000000000000 ) ) ;
#2897 = PRESENTATION_STYLE_ASSIGNMENT (( #945 ) ) ;
#2898 = ORIENTED_EDGE ( 'NONE', *, *, #642, .F. ) ;
#2899 = CARTESIAN_POINT ( 'NONE',  ( 0.5000000000000000000, 0.09999999999999269196, 0.4450000000000000067 ) ) ;
#2900 = ORIENTED_EDGE ( 'NONE', *, *, #701, .T. ) ;
#2901 = ADVANCED_FACE ( 'NONE', ( #4057 ), #529, .F. ) ;
#2902 = LINE ( 'NONE', #1338, #647 ) ;
#2903 = LINE ( 'NONE', #2552, #3923 ) ;
#2904 = ORIENTED_EDGE ( 'NONE', *, *, #4625, .T. ) ;
#2905 = EDGE_CURVE ( 'NONE', #3503, #2590, #1813, .T. ) ;
#2906 = ORIENTED_EDGE ( 'NONE', *, *, #4408, .T. ) ;
#2907 = EDGE_LOOP ( 'NONE', ( #2511, #197, #1724, #1147 ) ) ;
#2908 = CARTESIAN_POINT ( 'NONE',  ( -0.5000000000000000000, 0.1599999999999975608, -0.09499999999999989009 ) ) ;
#2909 = LINE ( 'NONE', #596, #3489 ) ;
#2910 = CARTESIAN_POINT ( 'NONE',  ( -0.1200000000000000927, 0.5088552708502482869, -0.4450000000000000067 ) ) ;
#2911 = DIRECTION ( 'NONE',  ( 0.000000000000000000, -0.000000000000000000, -1.000000000000000000 ) ) ;
#2912 = CARTESIAN_POINT ( 'NONE',  ( -0.4299999999999999933, 0.09999999999999269196, 0.4450000000000001177 ) ) ;
#2913 = DIRECTION ( 'NONE',  ( 0.000000000000000000, -1.000000000000000000, 0.000000000000000000 ) ) ;
#2914 = PLANE ( 'NONE',  #2075 ) ;
#2915 = PLANE ( 'NONE',  #2723 ) ;
#2916 = ORIENTED_EDGE ( 'NONE', *, *, #3491, .T. ) ;
#2917 = LINE ( 'NONE', #139, #3042 ) ;
#2918 = VERTEX_POINT ( 'NONE', #234 ) ;
#2919 = VECTOR ( 'NONE', #1053, 1000.000000000000000 ) ;
#2920 = EDGE_CURVE ( 'NONE', #2590, #1638, #1422, .T. ) ;
#2921 = CARTESIAN_POINT ( 'NONE',  ( 0.4299999999999999378, 0.1000000000000000194, -0.1194235880780060155 ) ) ;
#2922 = LINE ( 'NONE', #852, #2283 ) ;
#2923 = EDGE_LOOP ( 'NONE', ( #1165, #713 ) ) ;
#2924 = AXIS2_PLACEMENT_3D ( 'NONE', #4159, #2165, #3567 ) ;
#2925 = DIRECTION ( 'NONE',  ( 1.000000000000000000, 0.000000000000000000, -8.031127203596330602E-17 ) ) ;
#2926 = LINE ( 'NONE', #3696, #980 ) ;
#2927 = ORIENTED_EDGE ( 'NONE', *, *, #2135, .F. ) ;
#2928 = AXIS2_PLACEMENT_3D ( 'NONE', #2694, #3848, #1912 ) ;
#2929 = DIRECTION ( 'NONE',  ( -0.7071067811865493491, 0.000000000000000000, -0.7071067811865456854 ) ) ;
#2930 = CARTESIAN_POINT ( 'NONE',  ( -0.4299999999999999933, 0.09999999999999267808, 0.6050000000000002043 ) ) ;
#2931 = CARTESIAN_POINT ( 'NONE',  ( 0.4300000000000001044, 0.5088552708502482869, -0.6050000000000000933 ) ) ;
#2932 = CARTESIAN_POINT ( 'NONE',  ( -0.1100000000000003059, 0.09999999999999997780, 0.6749999999999999334 ) ) ;
#2933 = EDGE_CURVE ( 'NONE', #1318, #1343, #4547, .T. ) ;
#2934 = AXIS2_PLACEMENT_3D ( 'NONE', #4373, #3701, #4783 ) ;
#2935 = CARTESIAN_POINT ( 'NONE',  ( -0.4299999999999999933, 0.1000000000000000194, 0.6749999999999999334 ) ) ;
#2936 = VERTEX_POINT ( 'NONE', #2383 ) ;
#2937 = VERTEX_POINT ( 'NONE', #3528 ) ;
#2938 = CARTESIAN_POINT ( 'NONE',  ( 0.1100000000000001671, 0.1599999999999999756, 0.6749999999999999334 ) ) ;
#2939 = EDGE_CURVE ( 'NONE', #4383, #1815, #781, .T. ) ;
#2940 = VECTOR ( 'NONE', #2401, 1000.000000000000000 ) ;
#2941 = CARTESIAN_POINT ( 'NONE',  ( 0.5000000000000000000, 0.1599999999999952016, 0.09500000000000002887 ) ) ;
#2942 = FACE_OUTER_BOUND ( 'NONE', #2510, .T. ) ;
#2943 = ORIENTED_EDGE ( 'NONE', *, *, #1838, .T. ) ;
#2944 = VERTEX_POINT ( 'NONE', #3 ) ;
#2945 = ORIENTED_EDGE ( 'NONE', *, *, #2116, .T. ) ;
#2946 = LINE ( 'NONE', #4053, #2567 ) ;
#2947 = PLANE ( 'NONE',  #1211 ) ;
#2948 = ORIENTED_EDGE ( 'NONE', *, *, #2685, .F. ) ;
#2949 = VECTOR ( 'NONE', #3625, 1000.000000000000000 ) ;
#2950 = CARTESIAN_POINT ( 'NONE',  ( 0.1200000000000000649, 0.1600000000000000033, -0.2550000000000000600 ) ) ;
#2951 = PLANE ( 'NONE',  #3030 ) ;
#2952 = ADVANCED_FACE ( 'NONE', ( #3158 ), #831, .F. ) ;
#2953 = LINE ( 'NONE', #97, #3760 ) ;
#2954 = AXIS2_PLACEMENT_3D ( 'NONE', #1576, #3128, #4706 ) ;
#2955 = ORIENTED_EDGE ( 'NONE', *, *, #3363, .T. ) ;
#2956 = LINE ( 'NONE', #673, #3681 ) ;
#2957 = FACE_OUTER_BOUND ( 'NONE', #1721, .T. ) ;
#2958 = CARTESIAN_POINT ( 'NONE',  ( 0.1200000000000000649, 0.1000000000000000472, -0.6050000000000000933 ) ) ;
#2959 = CARTESIAN_POINT ( 'NONE',  ( 0.000000000000000000, 0.000000000000000000, 0.000000000000000000 ) ) ;
#2960 = LINE ( 'NONE', #4938, #823 ) ;
#2961 = ORIENTED_EDGE ( 'NONE', *, *, #2797, .T. ) ;
#2962 = VERTEX_POINT ( 'NONE', #1605 ) ;
#2963 = EDGE_CURVE ( 'NONE', #2417, #3564, #2436, .T. ) ;
#2964 = CARTESIAN_POINT ( 'NONE',  ( 0.1200000000000002731, 0.04000000000000000083, 1.049999999999999822 ) ) ;
#2965 = VECTOR ( 'NONE', #4675, 1000.000000000000000 ) ;
#2966 = DIRECTION ( 'NONE',  ( -3.388131789017199877E-16, 0.000000000000000000, -1.000000000000000000 ) ) ;
#2967 = DIRECTION ( 'NONE',  ( 0.000000000000000000, 0.000000000000000000, 1.000000000000000000 ) ) ;
#2968 = LINE ( 'NONE', #4847, #2882 ) ;
#2969 = ORIENTED_EDGE ( 'NONE', *, *, #608, .T. ) ;
#2970 = EDGE_CURVE ( 'NONE', #360, #499, #3573, .T. ) ;
#2971 = DIRECTION ( 'NONE',  ( -0.000000000000000000, -0.000000000000000000, 1.000000000000000000 ) ) ;
#2972 = ORIENTED_EDGE ( 'NONE', *, *, #817, .F. ) ;
#2973 = VECTOR ( 'NONE', #1102, 1000.000000000000000 ) ;
#2974 = DIRECTION ( 'NONE',  ( -1.000000000000000000, 0.000000000000000000, -3.388131789017200370E-16 ) ) ;
#2975 = DIRECTION ( 'NONE',  ( -3.388131789017200863E-16, 0.000000000000000000, 1.000000000000000000 ) ) ;
#2976 = ORIENTED_EDGE ( 'NONE', *, *, #1966, .T. ) ;
#2977 = VECTOR ( 'NONE', #3347, 1000.000000000000000 ) ;
#2978 = DIRECTION ( 'NONE',  ( -1.270549420881451988E-16, -1.000000000000000000, 1.377532442369869542E-32 ) ) ;
#2979 = LINE ( 'NONE', #4546, #591 ) ;
#2980 = CARTESIAN_POINT ( 'NONE',  ( -0.1200000000000000372, 0.5088552708502482869, 0.4449999999999998401 ) ) ;
#2981 = ORIENTED_EDGE ( 'NONE', *, *, #2691, .T. ) ;
#2982 = ORIENTED_EDGE ( 'NONE', *, *, #2626, .T. ) ;
#2983 = LINE ( 'NONE', #3006, #1398 ) ;
#2984 = SURFACE_STYLE_FILL_AREA ( #3474 ) ;
#2985 = LINE ( 'NONE', #3831, #1291 ) ;
#2986 = DIRECTION ( 'NONE',  ( -1.000000000000000000, 0.000000000000000000, 1.748713181428233547E-16 ) ) ;
#2987 = CARTESIAN_POINT ( 'NONE',  ( -0.5000000000000000000, 0.1599999999999926759, 0.6050000000000002043 ) ) ;
#2988 = VERTEX_POINT ( 'NONE', #411 ) ;
#2989 = DIRECTION ( 'NONE',  ( 0.000000000000000000, -8.470329472542995995E-17, 1.000000000000000000 ) ) ;
#2990 = DIRECTION ( 'NONE',  ( -0.000000000000000000, 1.000000000000000000, 0.000000000000000000 ) ) ;
#2991 = LINE ( 'NONE', #2183, #4123 ) ;
#2992 = ORIENTED_EDGE ( 'NONE', *, *, #926, .F. ) ;
#2993 = EDGE_CURVE ( 'NONE', #525, #904, #2001, .T. ) ;
#2994 = DIRECTION ( 'NONE',  ( 1.000000000000000000, 0.000000000000000000, -1.748713181428233300E-16 ) ) ;
#2995 = EDGE_LOOP ( 'NONE', ( #1365, #1616, #821, #1176 ) ) ;
#2996 = EDGE_CURVE ( 'NONE', #5001, #1781, #3184, .T. ) ;
#2997 = FACE_OUTER_BOUND ( 'NONE', #2377, .T. ) ;
#2998 = CARTESIAN_POINT ( 'NONE',  ( 0.1200000000000001205, 0.1600000000000000033, -0.4449999999999999512 ) ) ;
#2999 = EDGE_CURVE ( 'NONE', #4215, #4884, #3135, .T. ) ;
#3000 = EDGE_LOOP ( 'NONE', ( #3146, #3257, #3326, #3714, #4789, #4324, #2222, #2177 ) ) ;
#3001 = EDGE_CURVE ( 'NONE', #3952, #4292, #1633, .T. ) ;
#3002 = DIRECTION ( 'NONE',  ( 0.000000000000000000, 0.000000000000000000, 1.000000000000000000 ) ) ;
#3003 = ORIENTED_EDGE ( 'NONE', *, *, #3942, .T. ) ;
#3004 = VECTOR ( 'NONE', #3576, 1000.000000000000000 ) ;
#3005 = VECTOR ( 'NONE', #5042, 1000.000000000000000 ) ;
#3006 = CARTESIAN_POINT ( 'NONE',  ( 0.4299999999999999378, 0.1000000000000000194, -0.1194235880780061126 ) ) ;
#3007 = DIRECTION ( 'NONE',  ( 3.497426362856466107E-16, -0.000000000000000000, 1.000000000000000000 ) ) ;
#3008 = LINE ( 'NONE', #4936, #4318 ) ;
#3009 = CARTESIAN_POINT ( 'NONE',  ( 0.1200000000000001205, 0.5088552708502482869, -0.09499999999999997335 ) ) ;
#3010 = VECTOR ( 'NONE', #1541, 1000.000000000000000 ) ;
#3011 = ADVANCED_FACE ( 'NONE', ( #4736 ), #1585, .T. ) ;
#3012 = CARTESIAN_POINT ( 'NONE',  ( 0.4299999999999998268, 0.1600000000000000033, -0.6050000000000000933 ) ) ;
#3013 = EDGE_CURVE ( 'NONE', #2055, #3415, #1219, .T. ) ;
#3014 = VERTEX_POINT ( 'NONE', #2811 ) ;
#3015 = LINE ( 'NONE', #2964, #4231 ) ;
#3016 = FACE_BOUND ( 'NONE', #4686, .T. ) ;
#3017 = CARTESIAN_POINT ( 'NONE',  ( -0.4299999999999999933, 0.1000000000000000194, 0.6049999999999998712 ) ) ;
#3018 = EDGE_LOOP ( 'NONE', ( #3605, #469, #153, #4612 ) ) ;
#3019 = VECTOR ( 'NONE', #231, 1000.000000000000000 ) ;
#3020 = DIRECTION ( 'NONE',  ( -0.000000000000000000, -1.000000000000000000, -0.000000000000000000 ) ) ;
#3021 = ORIENTED_EDGE ( 'NONE', *, *, #3228, .T. ) ;
#3022 = DIRECTION ( 'NONE',  ( 3.497426362856467093E-16, 0.000000000000000000, 1.000000000000000000 ) ) ;
#3023 = DIRECTION ( 'NONE',  ( 3.388131789017199384E-16, -0.000000000000000000, 1.000000000000000000 ) ) ;
#3024 = ORIENTED_EDGE ( 'NONE', *, *, #1905, .F. ) ;
#3025 = FILL_AREA_STYLE ('',( #4240 ) ) ;
#3026 = CARTESIAN_POINT ( 'NONE',  ( -0.4299999999999999378, 0.000000000000000000, 0.2549999999999999489 ) ) ;
#3027 = ORIENTED_EDGE ( 'NONE', *, *, #399, .F. ) ;
#3028 = ADVANCED_FACE ( 'NONE', ( #1243 ), #860, .F. ) ;
#3029 = CARTESIAN_POINT ( 'NONE',  ( 0.1200000000000001205, 0.09999999999999999167, -0.4449999999999999512 ) ) ;
#3030 = AXIS2_PLACEMENT_3D ( 'NONE', #720, #3417, #1890 ) ;
#3031 = VECTOR ( 'NONE', #2661, 1000.000000000000000 ) ;
#3032 = CARTESIAN_POINT ( 'NONE',  ( -0.07000000000000007605, 0.04000000000000000083, -0.000000000000000000 ) ) ;
#3033 = CARTESIAN_POINT ( 'NONE',  ( -0.1200000000000000927, 0.1600000000000000033, -0.09500000000000002887 ) ) ;
#3034 = EDGE_LOOP ( 'NONE', ( #3282, #3024, #2397, #1959 ) ) ;
#3035 = PLANE ( 'NONE',  #4187 ) ;
#3036 = EDGE_LOOP ( 'NONE', ( #379, #4087, #368, #1028 ) ) ;
#3037 = DIRECTION ( 'NONE',  ( 1.000000000000000000, 1.270549420881451741E-16, 0.000000000000000000 ) ) ;
#3038 = LINE ( 'NONE', #2284, #3872 ) ;
#3039 = LINE ( 'NONE', #3017, #2406 ) ;
#3040 = FILL_AREA_STYLE ('',( #4947 ) ) ;
#3041 = VERTEX_POINT ( 'NONE', #2730 ) ;
#3042 = VECTOR ( 'NONE', #3327, 1000.000000000000000 ) ;
#3043 = EDGE_CURVE ( 'NONE', #3340, #3980, #4785, .T. ) ;
#3044 = LINE ( 'NONE', #322, #2749 ) ;
#3045 = ORIENTED_EDGE ( 'NONE', *, *, #4876, .F. ) ;
#3046 = VECTOR ( 'NONE', #2787, 1000.000000000000000 ) ;
#3047 = CARTESIAN_POINT ( 'NONE',  ( 0.5000000000000000000, 0.1600000000000000033, -0.6050000000000000933 ) ) ;
#3048 = PLANE ( 'NONE',  #3171 ) ;
#3049 = ORIENTED_EDGE ( 'NONE', *, *, #2325, .T. ) ;
#3050 = VECTOR ( 'NONE', #581, 1000.000000000000000 ) ;
#3051 = VECTOR ( 'NONE', #3586, 1000.000000000000000 ) ;
#3052 = FILL_AREA_STYLE_COLOUR ( '', #4586 ) ;
#3053 = DIRECTION ( 'NONE',  ( -6.802629345036384724E-33, -1.000000000000000000, -8.470329472543000925E-17 ) ) ;
#3054 = FACE_OUTER_BOUND ( 'NONE', #1008, .T. ) ;
#3055 = ORIENTED_EDGE ( 'NONE', *, *, #14, .T. ) ;
#3056 = VECTOR ( 'NONE', #1246, 1000.000000000000000 ) ;
#3057 = PLANE ( 'NONE',  #4639 ) ;
#3058 = EDGE_CURVE ( 'NONE', #4185, #2830, #1557, .T. ) ;
#3059 = CARTESIAN_POINT ( 'NONE',  ( -0.07000000000000007605, 0.000000000000000000, -0.5250000000000000222 ) ) ;
#3060 = DIRECTION ( 'NONE',  ( -3.388131789017200863E-16, 0.000000000000000000, 1.000000000000000000 ) ) ;
#3061 = VERTEX_POINT ( 'NONE', #4396 ) ;
#3062 = EDGE_CURVE ( 'NONE', #2831, #708, #3962, .T. ) ;
#3063 = ORIENTED_EDGE ( 'NONE', *, *, #3473, .F. ) ;
#3064 = ORIENTED_EDGE ( 'NONE', *, *, #151, .T. ) ;
#3065 = DIRECTION ( 'NONE',  ( -3.388131789017200863E-16, -8.470329472543002158E-17, 1.000000000000000000 ) ) ;
#3066 = LINE ( 'NONE', #4920, #175 ) ;
#3067 = DIRECTION ( 'NONE',  ( -3.388131789017199384E-16, 0.000000000000000000, -1.000000000000000000 ) ) ;
#3068 = ORIENTED_EDGE ( 'NONE', *, *, #4832, .F. ) ;
#3069 = VERTEX_POINT ( 'NONE', #5072 ) ;
#3070 = CARTESIAN_POINT ( 'NONE',  ( 0.1200000000000000927, 0.09999999999999757694, -0.2550000000000000044 ) ) ;
#3071 = CARTESIAN_POINT ( 'NONE',  ( 0.1200000000000000649, 0.04000000000000002165, 0.09499999999999991784 ) ) ;
#3072 = CARTESIAN_POINT ( 'NONE',  ( 0.4300000000000001044, 0.5088552708502482869, 0.4449999999999998401 ) ) ;
#3073 = VECTOR ( 'NONE', #4247, 1000.000000000000000 ) ;
#3074 = ORIENTED_EDGE ( 'NONE', *, *, #3246, .T. ) ;
#3075 = VECTOR ( 'NONE', #4504, 1000.000000000000000 ) ;
#3076 = CARTESIAN_POINT ( 'NONE',  ( 0.5000000000000000000, 0.1600000000000000033, -0.6050000000000000933 ) ) ;
#3077 = ORIENTED_EDGE ( 'NONE', *, *, #712, .F. ) ;
#3078 = VECTOR ( 'NONE', #4591, 1000.000000000000000 ) ;
#3079 = FACE_OUTER_BOUND ( 'NONE', #3560, .T. ) ;
#3080 = LINE ( 'NONE', #776, #791 ) ;
#3081 = CARTESIAN_POINT ( 'NONE',  ( 0.1200000000000001205, 0.09999999999999999167, 0.6049999999999998712 ) ) ;
#3082 = VERTEX_POINT ( 'NONE', #3112 ) ;
#3083 = ORIENTED_EDGE ( 'NONE', *, *, #3325, .F. ) ;
#3084 = ORIENTED_EDGE ( 'NONE', *, *, #3341, .T. ) ;
#3085 = ORIENTED_EDGE ( 'NONE', *, *, #2939, .T. ) ;
#3086 = CARTESIAN_POINT ( 'NONE',  ( 0.1200000000000000649, 0.1600000000000000033, -0.2550000000000000600 ) ) ;
#3087 = AXIS2_PLACEMENT_3D ( 'NONE', #4497, #4120, #1040 ) ;
#3088 = ADVANCED_FACE ( 'NONE', ( #4689 ), #1173, .F. ) ;
#3089 = CARTESIAN_POINT ( 'NONE',  ( -0.4299999999999999933, 0.1000000000000000194, 0.2794235880780059911 ) ) ;
#3090 = DIRECTION ( 'NONE',  ( 1.000000000000000000, 0.000000000000000000, -3.388131789017199384E-16 ) ) ;
#3091 = CARTESIAN_POINT ( 'NONE',  ( -0.5000000000000001110, 0.09999999999999982514, -0.6050000000000000933 ) ) ;
#3092 = ORIENTED_EDGE ( 'NONE', *, *, #3849, .T. ) ;
#3093 = ORIENTED_EDGE ( 'NONE', *, *, #3851, .F. ) ;
#3094 = EDGE_CURVE ( 'NONE', #3597, #3621, #805, .T. ) ;
#3095 = CARTESIAN_POINT ( 'NONE',  ( 0.5000000000000000000, 0.1599999999999926759, 0.4450000000000000067 ) ) ;
#3096 = FACE_OUTER_BOUND ( 'NONE', #243, .T. ) ;
#3097 = LINE ( 'NONE', #252, #3010 ) ;
#3098 = ORIENTED_EDGE ( 'NONE', *, *, #1261, .T. ) ;
#3099 = VECTOR ( 'NONE', #1533, 1000.000000000000000 ) ;
#3100 = VECTOR ( 'NONE', #4033, 1000.000000000000000 ) ;
#3101 = DIRECTION ( 'NONE',  ( 3.497426362856466107E-16, -0.000000000000000000, 1.000000000000000000 ) ) ;
#3102 = VECTOR ( 'NONE', #3639, 1000.000000000000000 ) ;
#3103 = DIRECTION ( 'NONE',  ( -3.388131789017200863E-16, 0.000000000000000000, 1.000000000000000000 ) ) ;
#3104 = ORIENTED_EDGE ( 'NONE', *, *, #2842, .F. ) ;
#3105 = ADVANCED_FACE ( 'NONE', ( #3309 ), #4031, .T. ) ;
#3106 = DIRECTION ( 'NONE',  ( 0.000000000000000000, 8.470329472543000925E-17, -1.000000000000000000 ) ) ;
#3107 = CARTESIAN_POINT ( 'NONE',  ( 0.1200000000000001205, 0.000000000000000000, -0.09499999999999997335 ) ) ;
#3108 = CARTESIAN_POINT ( 'NONE',  ( 0.1200000000000001205, 0.000000000000000000, 0.6049999999999999822 ) ) ;
#3109 = VERTEX_POINT ( 'NONE', #4083 ) ;
#3110 = ORIENTED_EDGE ( 'NONE', *, *, #3246, .F. ) ;
#3111 = FACE_OUTER_BOUND ( 'NONE', #2774, .T. ) ;
#3112 = CARTESIAN_POINT ( 'NONE',  ( 0.1100000000000001810, 0.09999999999999997780, -0.4449999999999999512 ) ) ;
#3113 = LINE ( 'NONE', #5050, #2155 ) ;
#3114 = CARTESIAN_POINT ( 'NONE',  ( -0.1200000000000000372, 0.1600000000000000033, -0.2550000000000000600 ) ) ;
#3115 = ORIENTED_EDGE ( 'NONE', *, *, #69, .T. ) ;
#3116 = VERTEX_POINT ( 'NONE', #4138 ) ;
#3117 = EDGE_CURVE ( 'NONE', #4105, #876, #4904, .T. ) ;
#3118 = LINE ( 'NONE', #2712, #2595 ) ;
#3119 = FACE_OUTER_BOUND ( 'NONE', #4007, .T. ) ;
#3120 = PLANE ( 'NONE',  #4980 ) ;
#3121 = EDGE_CURVE ( 'NONE', #3311, #1698, #1811, .T. ) ;
#3122 = ORIENTED_EDGE ( 'NONE', *, *, #4823, .F. ) ;
#3123 = COLOUR_RGB ( '',0.7921568627450980005, 0.8196078431372548767, 0.9333333333333333481 ) ;
#3124 = LINE ( 'NONE', #2347, #4260 ) ;
#3125 = LINE ( 'NONE', #400, #1424 ) ;
#3126 = VECTOR ( 'NONE', #2215, 1000.000000000000000 ) ;
#3127 = ORIENTED_EDGE ( 'NONE', *, *, #3256, .T. ) ;
#3128 = DIRECTION ( 'NONE',  ( -1.000000000000000000, 0.000000000000000000, 0.000000000000000000 ) ) ;
#3129 = VECTOR ( 'NONE', #2967, 1000.000000000000000 ) ;
#3130 = DIRECTION ( 'NONE',  ( 0.000000000000000000, 0.000000000000000000, 1.000000000000000000 ) ) ;
#3131 = PLANE ( 'NONE',  #2769 ) ;
#3132 = ORIENTED_EDGE ( 'NONE', *, *, #2212, .T. ) ;
#3133 = EDGE_LOOP ( 'NONE', ( #1311, #1975, #1574, #3083 ) ) ;
#3134 = LINE ( 'NONE', #2752, #3492 ) ;
#3135 = LINE ( 'NONE', #79, #554 ) ;
#3136 = DIRECTION ( 'NONE',  ( 0.000000000000000000, 0.000000000000000000, 1.000000000000000000 ) ) ;
#3137 = LINE ( 'NONE', #2465, #1016 ) ;
#3138 = ORIENTED_EDGE ( 'NONE', *, *, #239, .T. ) ;
#3139 = CARTESIAN_POINT ( 'NONE',  ( 0.1200000000000001205, 0.1600000000000000033, -0.09499999999999997335 ) ) ;
#3140 = LINE ( 'NONE', #4326, #4198 ) ;
#3141 = ADVANCED_FACE ( 'NONE', ( #983 ), #4928, .F. ) ;
#3142 = EDGE_LOOP ( 'NONE', ( #1423, #1447, #2110, #4618 ) ) ;
#3143 = EDGE_CURVE ( 'NONE', #180, #2537, #4439, .T. ) ;
#3144 = FACE_OUTER_BOUND ( 'NONE', #2673, .T. ) ;
#3145 = LINE ( 'NONE', #1943, #264 ) ;
#3146 = ORIENTED_EDGE ( 'NONE', *, *, #2479, .F. ) ;
#3147 = EDGE_CURVE ( 'NONE', #422, #707, #928, .T. ) ;
#3148 = ORIENTED_EDGE ( 'NONE', *, *, #2006, .F. ) ;
#3149 = ORIENTED_EDGE ( 'NONE', *, *, #4330, .T. ) ;
#3150 = CARTESIAN_POINT ( 'NONE',  ( -0.4299999999999999378, 0.1600000000000000033, -0.09500000000000002887 ) ) ;
#3151 = DIRECTION ( 'NONE',  ( 1.000000000000000000, 0.000000000000000000, -0.000000000000000000 ) ) ;
#3152 = DIRECTION ( 'NONE',  ( 0.000000000000000000, 0.000000000000000000, 1.000000000000000000 ) ) ;
#3153 = ORIENTED_EDGE ( 'NONE', *, *, #3143, .F. ) ;
#3154 = VECTOR ( 'NONE', #2290, 1000.000000000000000 ) ;
#3155 = EDGE_LOOP ( 'NONE', ( #4875, #2372, #4739, #1067 ) ) ;
#3156 = DIRECTION ( 'NONE',  ( -0.000000000000000000, 0.000000000000000000, -1.000000000000000000 ) ) ;
#3157 = EDGE_CURVE ( 'NONE', #309, #2884, #527, .T. ) ;
#3158 = FACE_OUTER_BOUND ( 'NONE', #1929, .T. ) ;
#3159 = LINE ( 'NONE', #1152, #257 ) ;
#3160 = LINE ( 'NONE', #862, #3056 ) ;
#3161 = ORIENTED_EDGE ( 'NONE', *, *, #2571, .F. ) ;
#3162 = ORIENTED_EDGE ( 'NONE', *, *, #2178, .T. ) ;
#3163 = CLOSED_SHELL ( 'NONE', ( #2444, #1948, #1374, #4701, #901, #2780, #479, #1464 ) ) ;
#3164 = EDGE_CURVE ( 'NONE', #1318, #525, #1420, .T. ) ;
#3165 = VECTOR ( 'NONE', #888, 1000.000000000000000 ) ;
#3166 = DIRECTION ( 'NONE',  ( 0.000000000000000000, 0.000000000000000000, 1.000000000000000000 ) ) ;
#3167 = EDGE_CURVE ( 'NONE', #1215, #3638, #3750, .T. ) ;
#3168 = CARTESIAN_POINT ( 'NONE',  ( -0.5000000000000000000, 0.09999999999999756306, -0.09499999999999989009 ) ) ;
#3169 = DIRECTION ( 'NONE',  ( 0.000000000000000000, -1.000000000000000000, 0.000000000000000000 ) ) ;
#3170 = PRESENTATION_STYLE_ASSIGNMENT (( #814 ) ) ;
#3171 = AXIS2_PLACEMENT_3D ( 'NONE', #4627, #1107, #2672 ) ;
#3172 = VERTEX_POINT ( 'NONE', #205 ) ;
#3173 = CARTESIAN_POINT ( 'NONE',  ( 0.1100000000000001671, 0.1599999999999999756, 0.6049999999999998712 ) ) ;
#3174 = CARTESIAN_POINT ( 'NONE',  ( 0.4299999999999998823, 0.04000000000000000083, 0.7000000000000000666 ) ) ;
#3175 = EDGE_LOOP ( 'NONE', ( #1828, #949, #2246, #1714 ) ) ;
#3176 = VECTOR ( 'NONE', #435, 1000.000000000000000 ) ;
#3177 = CARTESIAN_POINT ( 'NONE',  ( -0.1200000000000000927, 0.09999999999999999167, -0.6050000000000000933 ) ) ;
#3178 = CARTESIAN_POINT ( 'NONE',  ( 0.1200000000000001205, 0.09999999999999993616, -0.4449999999999999512 ) ) ;
#3179 = ORIENTED_EDGE ( 'NONE', *, *, #1898, .F. ) ;
#3180 = EDGE_CURVE ( 'NONE', #4258, #3650, #2902, .T. ) ;
#3181 = ADVANCED_BREP_SHAPE_REPRESENTATION ( '74LVC3G07GS,115', ( #3239, #3332, #3265, #5026, #1524, #1650, #1593, #5035, #4970, #1496, #3379 ), #1833 ) ;
#3182 = VERTEX_POINT ( 'NONE', #557 ) ;
#3183 = FACE_OUTER_BOUND ( 'NONE', #3342, .T. ) ;
#3184 = LINE ( 'NONE', #4321, #3349 ) ;
#3185 = DIRECTION ( 'NONE',  ( -6.776263578034405671E-16, 0.000000000000000000, -1.000000000000000000 ) ) ;
#3186 = CARTESIAN_POINT ( 'NONE',  ( -0.2591199250936493392, 0.1000000000000000194, -0.6050000000000000933 ) ) ;
#3187 = AXIS2_PLACEMENT_3D ( 'NONE', #3259, #2072, #991 ) ;
#3188 = DIRECTION ( 'NONE',  ( 3.388131789017200370E-16, 0.000000000000000000, -1.000000000000000000 ) ) ;
#3189 = ORIENTED_EDGE ( 'NONE', *, *, #4285, .F. ) ;
#3190 = CARTESIAN_POINT ( 'NONE',  ( 0.5000000000000000000, 0.1000000000000000194, -0.6050000000000000933 ) ) ;
#3191 = DIRECTION ( 'NONE',  ( 1.000000000000000000, 0.000000000000000000, -8.031127203596330602E-17 ) ) ;
#3192 = VECTOR ( 'NONE', #4365, 1000.000000000000000 ) ;
#3193 = LINE ( 'NONE', #4050, #403 ) ;
#3194 = CARTESIAN_POINT ( 'NONE',  ( 0.1200000000000001205, 0.09999999999999999167, -0.6050000000000000933 ) ) ;
#3195 = ORIENTED_EDGE ( 'NONE', *, *, #426, .T. ) ;
#3196 = ADVANCED_FACE ( 'NONE', ( #1034 ), #504, .F. ) ;
#3197 = DIRECTION ( 'NONE',  ( 1.000000000000000000, 0.000000000000000000, -1.084202172485504434E-16 ) ) ;
#3198 = ORIENTED_EDGE ( 'NONE', *, *, #4572, .T. ) ;
#3199 = AXIS2_PLACEMENT_3D ( 'NONE', #639, #1132, #3411 ) ;
#3200 = CARTESIAN_POINT ( 'NONE',  ( -0.5000000000000000000, 0.1599999999999926759, 0.6050000000000002043 ) ) ;
#3201 = CARTESIAN_POINT ( 'NONE',  ( -0.1100000000000003059, 0.09999999999999997780, -0.5649999999999999467 ) ) ;
#3202 = CARTESIAN_POINT ( 'NONE',  ( 0.5000000000000000000, 0.1600000000000000033, -0.4450000000000000067 ) ) ;
#3203 = VERTEX_POINT ( 'NONE', #1783 ) ;
#3204 = EDGE_LOOP ( 'NONE', ( #919, #666, #3299, #266, #2261, #1379 ) ) ;
#3205 = EDGE_CURVE ( 'NONE', #4724, #560, #2500, .T. ) ;
#3206 = VECTOR ( 'NONE', #3303, 1000.000000000000000 ) ;
#3207 = UNCERTAINTY_MEASURE_WITH_UNIT (LENGTH_MEASURE( 1.000000000000000082E-05 ), #706, 'distance_accuracy_value', 'NONE');
#3208 = EDGE_LOOP ( 'NONE', ( #3386, #4035, #5046, #2904, #4661 ) ) ;
#3209 = EDGE_LOOP ( 'NONE', ( #2504, #4370, #3085, #3138 ) ) ;
#3210 = LINE ( 'NONE', #1737, #2296 ) ;
#3211 = VECTOR ( 'NONE', #2796, 1000.000000000000000 ) ;
#3212 = ADVANCED_FACE ( 'NONE', ( #3251 ), #4111, .T. ) ;
#3213 = CARTESIAN_POINT ( 'NONE',  ( -0.1200000000000000372, 0.1600000000000000033, 0.4449999999999997846 ) ) ;
#3214 = DIRECTION ( 'NONE',  ( 0.000000000000000000, 8.470329472542998460E-17, -1.000000000000000000 ) ) ;
#3215 = DIRECTION ( 'NONE',  ( 0.000000000000000000, 1.000000000000000000, 0.000000000000000000 ) ) ;
#3216 = EDGE_CURVE ( 'NONE', #2962, #1, #1760, .T. ) ;
#3217 = ORIENTED_EDGE ( 'NONE', *, *, #54, .T. ) ;
#3218 = ORIENTED_EDGE ( 'NONE', *, *, #2490, .F. ) ;
#3219 = AXIS2_PLACEMENT_3D ( 'NONE', #3555, #3531, #1607 ) ;
#3220 = LINE ( 'NONE', #4099, #1611 ) ;
#3221 = CARTESIAN_POINT ( 'NONE',  ( 0.000000000000000000, 0.3499999999999999778, 0.000000000000000000 ) ) ;
#3222 = LINE ( 'NONE', #138, #2494 ) ;
#3223 = LINE ( 'NONE', #3194, #2527 ) ;
#3224 = VERTEX_POINT ( 'NONE', #3662 ) ;
#3225 = DIRECTION ( 'NONE',  ( -3.388131789017200863E-16, 0.000000000000000000, 1.000000000000000000 ) ) ;
#3226 = EDGE_CURVE ( 'NONE', #2077, #1240, #1367, .T. ) ;
#3227 = ORIENTED_EDGE ( 'NONE', *, *, #5086, .T. ) ;
#3228 = EDGE_CURVE ( 'NONE', #3551, #1166, #4490, .T. ) ;
#3229 =( NAMED_UNIT ( * ) PLANE_ANGLE_UNIT ( ) SI_UNIT ( $, .RADIAN. ) );
#3230 = FACE_OUTER_BOUND ( 'NONE', #1002, .T. ) ;
#3231 = EDGE_LOOP ( 'NONE', ( #1999, #4098, #3994, #1138, #2535 ) ) ;
#3232 = EDGE_LOOP ( 'NONE', ( #4230, #3842, #779, #43 ) ) ;
#3233 = VECTOR ( 'NONE', #2224, 1000.000000000000000 ) ;
#3234 = DIRECTION ( 'NONE',  ( 3.497426362856467093E-16, 0.000000000000000000, 1.000000000000000000 ) ) ;
#3235 = DIRECTION ( 'NONE',  ( -1.000000000000000000, -0.000000000000000000, -0.000000000000000000 ) ) ;
#3236 = CARTESIAN_POINT ( 'NONE',  ( 0.5000000000000000000, 0.09999999999999756306, -0.09499999999999995948 ) ) ;
#3237 = LINE ( 'NONE', #1768, #4366 ) ;
#3238 = CARTESIAN_POINT ( 'NONE',  ( 0.1200000000000001205, 0.1599999999999999756, -0.09499999999999997335 ) ) ;
#3239 = MANIFOLD_SOLID_BREP ( 'Boss-Extrude6[2]', #3163 ) ;
#3240 = VECTOR ( 'NONE', #2056, 1000.000000000000000 ) ;
#3241 = LINE ( 'NONE', #1301, #2030 ) ;
#3242 = CARTESIAN_POINT ( 'NONE',  ( -0.5000000000000000000, 0.09999999999999512057, 0.09500000000000007050 ) ) ;
#3243 = LINE ( 'NONE', #1643, #1590 ) ;
#3244 = FILL_AREA_STYLE ('',( #918 ) ) ;
#3245 = EDGE_LOOP ( 'NONE', ( #2825, #2091, #660, #3598 ) ) ;
#3246 = EDGE_CURVE ( 'NONE', #1446, #540, #1110, .T. ) ;
#3247 = VECTOR ( 'NONE', #2702, 1000.000000000000000 ) ;
#3248 = CARTESIAN_POINT ( 'NONE',  ( -0.5000000000000001110, 0.09999999999999761857, -0.2549999999999999489 ) ) ;
#3249 = VECTOR ( 'NONE', #3611, 1000.000000000000000 ) ;
#3250 = EDGE_LOOP ( 'NONE', ( #1486, #4340, #2738, #182 ) ) ;
#3251 = FACE_OUTER_BOUND ( 'NONE', #3815, .T. ) ;
#3252 = FILL_AREA_STYLE_COLOUR ( '', #2553 ) ;
#3253 = LINE ( 'NONE', #4830, #4257 ) ;
#3254 = ORIENTED_EDGE ( 'NONE', *, *, #3365, .T. ) ;
#3255 = VECTOR ( 'NONE', #3914, 1000.000000000000000 ) ;
#3256 = EDGE_CURVE ( 'NONE', #4482, #5065, #279, .T. ) ;
#3257 = ORIENTED_EDGE ( 'NONE', *, *, #1356, .F. ) ;
#3258 = CARTESIAN_POINT ( 'NONE',  ( -0.4299999999999999378, 0.5088552708502482869, -0.4450000000000000067 ) ) ;
#3259 = CARTESIAN_POINT ( 'NONE',  ( -0.1200000000000000927, 0.1600000000000000033, 0.6049999999999998712 ) ) ;
#3260 = LINE ( 'NONE', #4839, #2037 ) ;
#3261 = DIRECTION ( 'NONE',  ( 1.000000000000000000, 0.000000000000000000, -8.031127203596330602E-17 ) ) ;
#3262 = VECTOR ( 'NONE', #668, 1000.000000000000000 ) ;
#3263 = EDGE_LOOP ( 'NONE', ( #4902, #50, #4114, #2617 ) ) ;
#3264 = EDGE_LOOP ( 'NONE', ( #1830, #1004, #1044, #689 ) ) ;
#3265 = MANIFOLD_SOLID_BREP ( 'Boss-Extrude7[2]', #1454 ) ;
#3266 = ORIENTED_EDGE ( 'NONE', *, *, #1336, .F. ) ;
#3267 = DIRECTION ( 'NONE',  ( 1.000000000000000000, -0.000000000000000000, -8.031127203596330602E-17 ) ) ;
#3268 = ORIENTED_EDGE ( 'NONE', *, *, #1352, .T. ) ;
#3269 = FACE_OUTER_BOUND ( 'NONE', #1099, .T. ) ;
#3270 = CARTESIAN_POINT ( 'NONE',  ( -7.781773657355639208E-17, 0.04000000000000000083, 0.2550000000000000044 ) ) ;
#3271 = ADVANCED_FACE ( 'NONE', ( #330 ), #1888, .T. ) ;
#3272 = ORIENTED_EDGE ( 'NONE', *, *, #14, .F. ) ;
#3273 = VECTOR ( 'NONE', #4032, 1000.000000000000000 ) ;
#3274 = VECTOR ( 'NONE', #4582, 1000.000000000000000 ) ;
#3275 = ADVANCED_FACE ( 'NONE', ( #1544 ), #2297, .F. ) ;
#3276 = CARTESIAN_POINT ( 'NONE',  ( 0.4299999999999998823, 0.1600000000000000033, 0.2794235880780059911 ) ) ;
#3277 = ADVANCED_FACE ( 'NONE', ( #2597 ), #4162, .T. ) ;
#3278 = EDGE_LOOP ( 'NONE', ( #488, #671, #3809, #5034, #1519, #392 ) ) ;
#3279 = DIRECTION ( 'NONE',  ( 0.000000000000000000, -1.000000000000000000, 0.000000000000000000 ) ) ;
#3280 = CARTESIAN_POINT ( 'NONE',  ( 0.000000000000000000, 0.1600000000000000033, 0.000000000000000000 ) ) ;
#3281 = CARTESIAN_POINT ( 'NONE',  ( 0.000000000000000000, 0.1600000000000000033, 1.050000000000000044 ) ) ;
#3282 = ORIENTED_EDGE ( 'NONE', *, *, #1490, .F. ) ;
#3283 = STYLED_ITEM ( 'NONE', ( #1154 ), #3181 ) ;
#3284 = VECTOR ( 'NONE', #3998, 1000.000000000000000 ) ;
#3285 = ORIENTED_EDGE ( 'NONE', *, *, #2807, .T. ) ;
#3286 = CARTESIAN_POINT ( 'NONE',  ( 0.1200000000000000649, 0.1600000000000000033, 0.4449999999999997846 ) ) ;
#3287 = CARTESIAN_POINT ( 'NONE',  ( -0.4299999999999999933, 0.09999999999999757694, -0.2549999999999999489 ) ) ;
#3288 = FACE_OUTER_BOUND ( 'NONE', #3231, .T. ) ;
#3289 = DIRECTION ( 'NONE',  ( -1.000000000000000000, 0.000000000000000000, 0.000000000000000000 ) ) ;
#3290 = EDGE_CURVE ( 'NONE', #4467, #1119, #3777, .T. ) ;
#3291 = VECTOR ( 'NONE', #2013, 1000.000000000000000 ) ;
#3292 = CARTESIAN_POINT ( 'NONE',  ( -0.4300000000000000488, 0.5088552708502482869, 0.4449999999999999512 ) ) ;
#3293 = VECTOR ( 'NONE', #6, 1000.000000000000000 ) ;
#3294 = ORIENTED_EDGE ( 'NONE', *, *, #1097, .T. ) ;
#3295 = CARTESIAN_POINT ( 'NONE',  ( -0.4300000000000000488, 0.000000000000000000, -0.2549999999999999489 ) ) ;
#3296 = FACE_OUTER_BOUND ( 'NONE', #2049, .T. ) ;
#3297 = CARTESIAN_POINT ( 'NONE',  ( -0.1100000000000003059, 0.09999999999999997780, -0.5650000000000000577 ) ) ;
#3298 = AXIS2_PLACEMENT_3D ( 'NONE', #1450, #4195, #313 ) ;
#3299 = ORIENTED_EDGE ( 'NONE', *, *, #3441, .F. ) ;
#3300 = CARTESIAN_POINT ( 'NONE',  ( -0.5000000000000000000, 0.1600000000000000033, -0.4449999999999998956 ) ) ;
#3301 = ORIENTED_EDGE ( 'NONE', *, *, #4300, .F. ) ;
#3302 = ORIENTED_EDGE ( 'NONE', *, *, #1887, .T. ) ;
#3303 = DIRECTION ( 'NONE',  ( 1.000000000000000000, -0.000000000000000000, -8.031127203596330602E-17 ) ) ;
#3304 = EDGE_CURVE ( 'NONE', #3604, #3693, #1468, .T. ) ;
#3305 = DIRECTION ( 'NONE',  ( -0.000000000000000000, -1.000000000000000000, -0.000000000000000000 ) ) ;
#3306 = EDGE_LOOP ( 'NONE', ( #98, #174, #369, #3917 ) ) ;
#3307 = EDGE_CURVE ( 'NONE', #3786, #2456, #1492, .T. ) ;
#3308 = ADVANCED_FACE ( 'NONE', ( #376 ), #1619, .F. ) ;
#3309 = FACE_OUTER_BOUND ( 'NONE', #3278, .T. ) ;
#3310 = LINE ( 'NONE', #207, #2373 ) ;
#3311 = VERTEX_POINT ( 'NONE', #2451 ) ;
#3312 = EDGE_CURVE ( 'NONE', #3882, #2151, #3124, .T. ) ;
#3313 = ORIENTED_EDGE ( 'NONE', *, *, #316, .F. ) ;
#3314 = CARTESIAN_POINT ( 'NONE',  ( -0.1200000000000000927, 0.1600000000000000033, -0.09500000000000002887 ) ) ;
#3315 = DIRECTION ( 'NONE',  ( -6.802629345036383355E-33, -1.000000000000000000, -8.470329472542998460E-17 ) ) ;
#3316 = CARTESIAN_POINT ( 'NONE',  ( -0.5000000000000000000, 0.09999999999999267808, 0.6050000000000002043 ) ) ;
#3317 = DIRECTION ( 'NONE',  ( 0.000000000000000000, 1.000000000000000000, 0.000000000000000000 ) ) ;
#3318 = CARTESIAN_POINT ( 'NONE',  ( -0.4300000000000007705, 0.1000000000000000194, -0.6049999999999999822 ) ) ;
#3319 = ORIENTED_EDGE ( 'NONE', *, *, #3651, .F. ) ;
#3320 = EDGE_CURVE ( 'NONE', #1406, #4258, #4722, .T. ) ;
#3321 = VECTOR ( 'NONE', #3037, 1000.000000000000000 ) ;
#3322 = LINE ( 'NONE', #4020, #3570 ) ;
#3323 = FACE_OUTER_BOUND ( 'NONE', #476, .T. ) ;
#3324 = LINE ( 'NONE', #2824, #427 ) ;
#3325 = EDGE_CURVE ( 'NONE', #3795, #281, #1647, .T. ) ;
#3326 = ORIENTED_EDGE ( 'NONE', *, *, #5041, .F. ) ;
#3327 = DIRECTION ( 'NONE',  ( 0.000000000000000000, -1.000000000000000000, 0.000000000000000000 ) ) ;
#3328 = VERTEX_POINT ( 'NONE', #848 ) ;
#3329 = VECTOR ( 'NONE', #3353, 1000.000000000000000 ) ;
#3330 = ADVANCED_FACE ( 'NONE', ( #3144 ), #3978, .T. ) ;
#3331 = ORIENTED_EDGE ( 'NONE', *, *, #959, .F. ) ;
#3332 = MANIFOLD_SOLID_BREP ( 'Boss-Extrude6[3]', #2362 ) ;
#3333 = CARTESIAN_POINT ( 'NONE',  ( 0.1200000000000001205, 0.1600000000000000033, 0.6049999999999998712 ) ) ;
#3334 = CARTESIAN_POINT ( 'NONE',  ( -0.5000000000000001110, 0.04000000000000000083, -0.6750000000000000444 ) ) ;
#3335 = EDGE_LOOP ( 'NONE', ( #3485, #4499, #4623, #2945, #3294, #737 ) ) ;
#3336 = AXIS2_PLACEMENT_3D ( 'NONE', #4044, #80, #4419 ) ;
#3337 = CARTESIAN_POINT ( 'NONE',  ( 0.2591199250936492837, 0.1000000000000000194, -0.6050000000000000933 ) ) ;
#3338 = FACE_OUTER_BOUND ( 'NONE', #1749, .T. ) ;
#3339 = DIRECTION ( 'NONE',  ( 0.000000000000000000, -0.000000000000000000, -1.000000000000000000 ) ) ;
#3340 = VERTEX_POINT ( 'NONE', #875 ) ;
#3341 = EDGE_CURVE ( 'NONE', #2279, #939, #478, .T. ) ;
#3342 = EDGE_LOOP ( 'NONE', ( #4251, #4001, #4964, #3110 ) ) ;
#3343 = LINE ( 'NONE', #1843, #989 ) ;
#3344 = DIRECTION ( 'NONE',  ( -1.748713181428233547E-16, 0.000000000000000000, -1.000000000000000000 ) ) ;
#3345 = EDGE_CURVE ( 'NONE', #4224, #1757, #2765, .T. ) ;
#3346 = DIRECTION ( 'NONE',  ( 0.000000000000000000, -0.000000000000000000, -1.000000000000000000 ) ) ;
#3347 = DIRECTION ( 'NONE',  ( 3.388131789017200370E-16, 0.000000000000000000, -1.000000000000000000 ) ) ;
#3348 = VECTOR ( 'NONE', #2886, 1000.000000000000000 ) ;
#3349 = VECTOR ( 'NONE', #55, 1000.000000000000000 ) ;
#3350 = LINE ( 'NONE', #1432, #570 ) ;
#3351 = ORIENTED_EDGE ( 'NONE', *, *, #2643, .F. ) ;
#3352 = ORIENTED_EDGE ( 'NONE', *, *, #3341, .F. ) ;
#3353 = DIRECTION ( 'NONE',  ( -1.000000000000000000, 0.000000000000000000, 0.000000000000000000 ) ) ;
#3354 = MECHANICAL_DESIGN_GEOMETRIC_PRESENTATION_REPRESENTATION (  '', ( #1553 ), #2467 ) ;
#3355 = DIRECTION ( 'NONE',  ( 8.031127203596330602E-17, 0.000000000000000000, 1.000000000000000000 ) ) ;
#3356 = PLANE ( 'NONE',  #2810 ) ;
#3357 = DIRECTION ( 'NONE',  ( -0.000000000000000000, -1.000000000000000000, -0.000000000000000000 ) ) ;
#3358 = ORIENTED_EDGE ( 'NONE', *, *, #2647, .T. ) ;
#3359 = CARTESIAN_POINT ( 'NONE',  ( 0.4999999999999998890, 0.3500000000000000333, -0.6750000000000001554 ) ) ;
#3360 = ORIENTED_EDGE ( 'NONE', *, *, #4942, .T. ) ;
#3361 = LINE ( 'NONE', #2671, #585 ) ;
#3362 = PLANE ( 'NONE',  #135 ) ;
#3363 = EDGE_CURVE ( 'NONE', #4584, #3364, #2395, .T. ) ;
#3364 = VERTEX_POINT ( 'NONE', #3613 ) ;
#3365 = EDGE_CURVE ( 'NONE', #3801, #3928, #428, .T. ) ;
#3366 = DIRECTION ( 'NONE',  ( -0.000000000000000000, 0.000000000000000000, 1.000000000000000000 ) ) ;
#3367 = DIRECTION ( 'NONE',  ( -0.000000000000000000, 0.000000000000000000, 1.000000000000000000 ) ) ;
#3368 = DIRECTION ( 'NONE',  ( 1.000000000000000000, 0.000000000000000000, -1.084202172485504434E-16 ) ) ;
#3369 = EDGE_LOOP ( 'NONE', ( #4068, #1397, #3391, #1495 ) ) ;
#3370 = ORIENTED_EDGE ( 'NONE', *, *, #838, .F. ) ;
#3371 = DIRECTION ( 'NONE',  ( -1.000000000000000000, 0.000000000000000000, 0.000000000000000000 ) ) ;
#3372 = DIRECTION ( 'NONE',  ( -0.000000000000000000, -1.000000000000000000, -0.000000000000000000 ) ) ;
#3373 = DIRECTION ( 'NONE',  ( 1.000000000000000000, -1.270549420881451741E-16, 0.000000000000000000 ) ) ;
#3374 = LINE ( 'NONE', #1846, #595 ) ;
#3375 = ADVANCED_FACE ( 'NONE', ( #1570 ), #4702, .T. ) ;
#3376 = LINE ( 'NONE', #4500, #4597 ) ;
#3377 = EDGE_CURVE ( 'NONE', #4130, #360, #3562, .T. ) ;
#3378 = DIRECTION ( 'NONE',  ( -3.388131789017200370E-16, 0.000000000000000000, 1.000000000000000000 ) ) ;
#3379 = AXIS2_PLACEMENT_3D ( 'NONE', #2314, #1512, #4589 ) ;
#3380 = EDGE_CURVE ( 'NONE', #2944, #66, #2795, .T. ) ;
#3381 = AXIS2_PLACEMENT_3D ( 'NONE', #1536, #2002, #4255 ) ;
#3382 = PLANE ( 'NONE',  #2885 ) ;
#3383 = CARTESIAN_POINT ( 'NONE',  ( 0.1100000000000001810, 0.1599999999999999756, -0.4450000000000000067 ) ) ;
#3384 = ORIENTED_EDGE ( 'NONE', *, *, #431, .F. ) ;
#3385 = CARTESIAN_POINT ( 'NONE',  ( 0.4300000000000001044, 0.1600000000000000033, 0.4449999999999997846 ) ) ;
#3386 = ORIENTED_EDGE ( 'NONE', *, *, #2920, .F. ) ;
#3387 = VECTOR ( 'NONE', #294, 1000.000000000000000 ) ;
#3388 = VECTOR ( 'NONE', #2133, 1000.000000000000000 ) ;
#3389 = CARTESIAN_POINT ( 'NONE',  ( -0.07000000000000007605, 0.1599999999999999756, -0.6049999999999999822 ) ) ;
#3390 = DIRECTION ( 'NONE',  ( 1.000000000000000000, 0.000000000000000000, -3.388131789017199384E-16 ) ) ;
#3391 = ORIENTED_EDGE ( 'NONE', *, *, #3414, .F. ) ;
#3392 = ADVANCED_FACE ( 'NONE', ( #4798 ), #899, .F. ) ;
#3393 = SURFACE_STYLE_USAGE ( .BOTH. , #4599 ) ;
#3394 = CARTESIAN_POINT ( 'NONE',  ( 0.1100000000000001671, 0.1599999999999999756, 0.2794235880780059911 ) ) ;
#3395 = ORIENTED_EDGE ( 'NONE', *, *, #3456, .F. ) ;
#3396 = ORIENTED_EDGE ( 'NONE', *, *, #1661, .T. ) ;
#3397 = DIRECTION ( 'NONE',  ( -3.388131789017200863E-16, 0.000000000000000000, 1.000000000000000000 ) ) ;
#3398 = FILL_AREA_STYLE_COLOUR ( '', #4552 ) ;
#3399 = FACE_OUTER_BOUND ( 'NONE', #1037, .T. ) ;
#3400 = CARTESIAN_POINT ( 'NONE',  ( -0.1500000000000000777, 0.09999999999999997780, -0.6050000000000000933 ) ) ;
#3401 = DIRECTION ( 'NONE',  ( 0.000000000000000000, 0.000000000000000000, 1.000000000000000000 ) ) ;
#3402 = VERTEX_POINT ( 'NONE', #3658 ) ;
#3403 = VERTEX_POINT ( 'NONE', #4026 ) ;
#3404 = FACE_OUTER_BOUND ( 'NONE', #4407, .T. ) ;
#3405 = CARTESIAN_POINT ( 'NONE',  ( -0.1200000000000002454, 0.04000000000000000083, 0.3499999999999999223 ) ) ;
#3406 = CARTESIAN_POINT ( 'NONE',  ( -0.3700000000000001066, 0.2999999999999999889, -0.4950000000000001066 ) ) ;
#3407 = CARTESIAN_POINT ( 'NONE',  ( -0.5000000000000000000, 0.09999999999999757694, -0.2549999999999999489 ) ) ;
#3408 = EDGE_LOOP ( 'NONE', ( #393, #4687, #645, #1857, #2577, #4433 ) ) ;
#3409 = CARTESIAN_POINT ( 'NONE',  ( -0.4300000000000000488, 0.1600000000000000033, -0.2549999999999999489 ) ) ;
#3410 = ORIENTED_EDGE ( 'NONE', *, *, #4853, .F. ) ;
#3411 = DIRECTION ( 'NONE',  ( 1.000000000000000000, 0.000000000000000000, -0.000000000000000000 ) ) ;
#3412 = VECTOR ( 'NONE', #3631, 1000.000000000000000 ) ;
#3413 = DIRECTION ( 'NONE',  ( -1.748713181428233547E-16, 0.000000000000000000, -1.000000000000000000 ) ) ;
#3414 = EDGE_CURVE ( 'NONE', #934, #3532, #3636, .T. ) ;
#3415 = VERTEX_POINT ( 'NONE', #2188 ) ;
#3416 = CARTESIAN_POINT ( 'NONE',  ( -0.4299999999999999933, 0.1600000000000000033, 0.2794235880780059911 ) ) ;
#3417 = DIRECTION ( 'NONE',  ( 0.000000000000000000, -1.000000000000000000, 0.000000000000000000 ) ) ;
#3418 = ORIENTED_EDGE ( 'NONE', *, *, #2386, .F. ) ;
#3419 = VECTOR ( 'NONE', #1794, 1000.000000000000000 ) ;
#3420 = VECTOR ( 'NONE', #1193, 1000.000000000000000 ) ;
#3421 = CARTESIAN_POINT ( 'NONE',  ( -0.1200000000000002454, 0.04000000000000000083, 0.6999999999999998446 ) ) ;
#3422 = FACE_OUTER_BOUND ( 'NONE', #3408, .T. ) ;
#3423 = CARTESIAN_POINT ( 'NONE',  ( -0.1100000000000003059, 0.1599999999999999756, 0.2794235880780059911 ) ) ;
#3424 = DIRECTION ( 'NONE',  ( -0.000000000000000000, 1.000000000000000000, -0.000000000000000000 ) ) ;
#3425 = CIRCLE ( 'NONE', #2366, 0.05000000000000002359 ) ;
#3426 = ORIENTED_EDGE ( 'NONE', *, *, #1045, .T. ) ;
#3427 = EDGE_CURVE ( 'NONE', #2883, #3542, #1725, .T. ) ;
#3428 = CARTESIAN_POINT ( 'NONE',  ( 0.1100000000000001671, 0.09999999999999997780, 0.6049999999999998712 ) ) ;
#3429 = ORIENTED_EDGE ( 'NONE', *, *, #3626, .T. ) ;
#3430 = PLANE ( 'NONE',  #2189 ) ;
#3431 = FACE_OUTER_BOUND ( 'NONE', #2327, .T. ) ;
#3432 = CARTESIAN_POINT ( 'NONE',  ( 0.1200000000000000927, 0.09999999999999512057, 0.09500000000000001499 ) ) ;
#3433 = EDGE_LOOP ( 'NONE', ( #4957, #3622, #4635, #4571, #1025, #117, #4924, #191 ) ) ;
#3434 = VECTOR ( 'NONE', #336, 1000.000000000000000 ) ;
#3435 = LINE ( 'NONE', #4564, #703 ) ;
#3436 = VERTEX_POINT ( 'NONE', #200 ) ;
#3437 = DIRECTION ( 'NONE',  ( -6.802629345036384724E-33, -1.000000000000000000, -8.470329472543000925E-17 ) ) ;
#3438 = ADVANCED_FACE ( 'NONE', ( #4849 ), #1778, .T. ) ;
#3439 = CARTESIAN_POINT ( 'NONE',  ( -0.5000000000000000000, 0.1599999999999951461, 0.09500000000000007050 ) ) ;
#3440 = ORIENTED_EDGE ( 'NONE', *, *, #3167, .T. ) ;
#3441 = EDGE_CURVE ( 'NONE', #4592, #2412, #4484, .T. ) ;
#3442 = SURFACE_STYLE_FILL_AREA ( #3025 ) ;
#3443 = DIRECTION ( 'NONE',  ( 1.270549420881451741E-16, -1.000000000000000000, 0.000000000000000000 ) ) ;
#3444 = EDGE_CURVE ( 'NONE', #1472, #2083, #1286, .T. ) ;
#3445 = LINE ( 'NONE', #5011, #4769 ) ;
#3446 = VECTOR ( 'NONE', #2929, 1000.000000000000114 ) ;
#3447 = VERTEX_POINT ( 'NONE', #3248 ) ;
#3448 = CARTESIAN_POINT ( 'NONE',  ( -0.4299999999999999933, 0.5088552708502482869, -0.6049999999999999822 ) ) ;
#3449 = CARTESIAN_POINT ( 'NONE',  ( 0.5000000000000000000, 0.1599999999999926759, 0.4450000000000000067 ) ) ;
#3450 = VECTOR ( 'NONE', #4171, 1000.000000000000000 ) ;
#3451 = DIRECTION ( 'NONE',  ( -1.000000000000000000, 0.000000000000000000, 3.497426362856466107E-16 ) ) ;
#3452 = CARTESIAN_POINT ( 'NONE',  ( -0.4299999999999999933, 0.1000000000000000194, 0.6049999999999998712 ) ) ;
#3453 = ORIENTED_EDGE ( 'NONE', *, *, #1573, .T. ) ;
#3454 = VERTEX_POINT ( 'NONE', #2136 ) ;
#3455 = LINE ( 'NONE', #630, #2674 ) ;
#3456 = EDGE_CURVE ( 'NONE', #974, #3116, #2946, .T. ) ;
#3457 = FACE_BOUND ( 'NONE', #2704, .T. ) ;
#3458 = PLANE ( 'NONE',  #4861 ) ;
#3459 = ORIENTED_EDGE ( 'NONE', *, *, #3147, .T. ) ;
#3460 = MECHANICAL_DESIGN_GEOMETRIC_PRESENTATION_REPRESENTATION (  '', ( #3789 ), #3699 ) ;
#3461 = DIRECTION ( 'NONE',  ( -1.084202172485504434E-16, 0.000000000000000000, -1.000000000000000000 ) ) ;
#3462 = VERTEX_POINT ( 'NONE', #4108 ) ;
#3463 = VECTOR ( 'NONE', #1613, 1000.000000000000114 ) ;
#3464 = LINE ( 'NONE', #4262, #4201 ) ;
#3465 = DIRECTION ( 'NONE',  ( 1.000000000000000000, 0.000000000000000000, -0.000000000000000000 ) ) ;
#3466 = VERTEX_POINT ( 'NONE', #2875 ) ;
#3467 = VECTOR ( 'NONE', #610, 1000.000000000000000 ) ;
#3468 = VECTOR ( 'NONE', #1774, 1000.000000000000000 ) ;
#3469 = DIRECTION ( 'NONE',  ( 0.000000000000000000, 1.000000000000000000, 0.000000000000000000 ) ) ;
#3470 = FACE_OUTER_BOUND ( 'NONE', #4872, .T. ) ;
#3471 = VERTEX_POINT ( 'NONE', #2899 ) ;
#3472 = VECTOR ( 'NONE', #2889, 1000.000000000000000 ) ;
#3473 = EDGE_CURVE ( 'NONE', #907, #1976, #170, .T. ) ;
#3474 = FILL_AREA_STYLE ('',( #3857 ) ) ;
#3475 = CARTESIAN_POINT ( 'NONE',  ( 0.1100000000000001671, 0.1599999999999999756, 0.2794235880780059911 ) ) ;
#3476 = DIRECTION ( 'NONE',  ( -1.084202172485504434E-16, 0.000000000000000000, -1.000000000000000000 ) ) ;
#3477 = ORIENTED_EDGE ( 'NONE', *, *, #710, .T. ) ;
#3478 = ORIENTED_EDGE ( 'NONE', *, *, #1042, .T. ) ;
#3479 = EDGE_CURVE ( 'NONE', #3604, #9, #3690, .T. ) ;
#3480 = ORIENTED_EDGE ( 'NONE', *, *, #3867, .T. ) ;
#3481 = CARTESIAN_POINT ( 'NONE',  ( 0.4300000000000000488, 0.1000000000000000056, -0.4450000000000000067 ) ) ;
#3482 = LINE ( 'NONE', #4449, #1542 ) ;
#3483 = CARTESIAN_POINT ( 'NONE',  ( 0.5000000000000000000, 0.1000000000000000194, -0.6050000000000000933 ) ) ;
#3484 = ORIENTED_EDGE ( 'NONE', *, *, #3256, .F. ) ;
#3485 = ORIENTED_EDGE ( 'NONE', *, *, #1390, .F. ) ;
#3486 = LINE ( 'NONE', #5078, #4470 ) ;
#3487 = FACE_BOUND ( 'NONE', #532, .T. ) ;
#3488 = CARTESIAN_POINT ( 'NONE',  ( 0.000000000000000000, 0.1600000000000000033, 0.3499999999999999778 ) ) ;
#3489 = VECTOR ( 'NONE', #909, 1000.000000000000000 ) ;
#3490 = EDGE_LOOP ( 'NONE', ( #4740, #2943, #3930, #4704 ) ) ;
#3491 = EDGE_CURVE ( 'NONE', #1191, #296, #143, .T. ) ;
#3492 = VECTOR ( 'NONE', #1604, 1000.000000000000000 ) ;
#3493 = CARTESIAN_POINT ( 'NONE',  ( -0.1500000000000004940, 0.5088552708502482869, -0.6050000000000000933 ) ) ;
#3494 = DIRECTION ( 'NONE',  ( 3.388131789017200370E-16, 0.000000000000000000, -1.000000000000000000 ) ) ;
#3495 = ORIENTED_EDGE ( 'NONE', *, *, #794, .F. ) ;
#3496 = VECTOR ( 'NONE', #2031, 1000.000000000000000 ) ;
#3497 = LINE ( 'NONE', #1994, #3192 ) ;
#3498 = FACE_OUTER_BOUND ( 'NONE', #208, .T. ) ;
#3499 = LINE ( 'NONE', #4390, #3666 ) ;
#3500 = VERTEX_POINT ( 'NONE', #3718 ) ;
#3501 = EDGE_CURVE ( 'NONE', #1698, #2380, #1807, .T. ) ;
#3502 = ORIENTED_EDGE ( 'NONE', *, *, #3547, .F. ) ;
#3503 = VERTEX_POINT ( 'NONE', #4514 ) ;
#3504 = DIRECTION ( 'NONE',  ( -0.000000000000000000, -1.000000000000000000, -0.000000000000000000 ) ) ;
#3505 = EDGE_CURVE ( 'NONE', #3826, #425, #2569, .T. ) ;
#3506 = VECTOR ( 'NONE', #3627, 1000.000000000000000 ) ;
#3507 = CARTESIAN_POINT ( 'NONE',  ( 0.4999999999999998890, 2.380029761641144326, -0.6750000000000001554 ) ) ;
#3508 = PLANE ( 'NONE',  #4358 ) ;
#3509 = CARTESIAN_POINT ( 'NONE',  ( 0.1200000000000001205, 0.000000000000000000, -0.4449999999999999512 ) ) ;
#3510 = ORIENTED_EDGE ( 'NONE', *, *, #268, .T. ) ;
#3511 = ORIENTED_EDGE ( 'NONE', *, *, #1690, .F. ) ;
#3512 = LINE ( 'NONE', #786, #1203 ) ;
#3513 = LINE ( 'NONE', #5057, #4611 ) ;
#3514 = CARTESIAN_POINT ( 'NONE',  ( 0.000000000000000000, 0.04000000000000000083, -0.2550000000000000600 ) ) ;
#3515 = EDGE_LOOP ( 'NONE', ( #1384, #3989, #3153, #4164 ) ) ;
#3516 = VECTOR ( 'NONE', #4685, 1000.000000000000000 ) ;
#3517 = CARTESIAN_POINT ( 'NONE',  ( -0.1200000000000000372, 0.1600000000000000033, -0.6050000000000000933 ) ) ;
#3518 = EDGE_CURVE ( 'NONE', #2482, #1847, #1755, .T. ) ;
#3519 = VECTOR ( 'NONE', #1136, 1000.000000000000000 ) ;
#3520 = LINE ( 'NONE', #5083, #2493 ) ;
#3521 = VERTEX_POINT ( 'NONE', #4873 ) ;
#3522 = LINE ( 'NONE', #1502, #3827 ) ;
#3523 = LINE ( 'NONE', #2773, #472 ) ;
#3524 = ORIENTED_EDGE ( 'NONE', *, *, #3606, .F. ) ;
#3525 = MECHANICAL_DESIGN_GEOMETRIC_PRESENTATION_REPRESENTATION (  '', ( #4513 ), #4596 ) ;
#3526 = DIRECTION ( 'NONE',  ( -0.000000000000000000, 0.000000000000000000, 1.000000000000000000 ) ) ;
#3527 = VECTOR ( 'NONE', #2204, 1000.000000000000000 ) ;
#3528 = CARTESIAN_POINT ( 'NONE',  ( -0.1100000000000003059, 0.09999999999999997780, 0.6049999999999998712 ) ) ;
#3529 = EDGE_CURVE ( 'NONE', #321, #1476, #115, .T. ) ;
#3530 = PLANE ( 'NONE',  #2720 ) ;
#3531 = DIRECTION ( 'NONE',  ( 0.000000000000000000, 1.000000000000000000, -0.000000000000000000 ) ) ;
#3532 = VERTEX_POINT ( 'NONE', #2112 ) ;
#3533 = ORIENTED_EDGE ( 'NONE', *, *, #3226, .T. ) ;
#3534 = ADVANCED_FACE ( 'NONE', ( #948 ), #4078, .T. ) ;
#3535 = LINE ( 'NONE', #2785, #3496 ) ;
#3536 = EDGE_CURVE ( 'NONE', #1228, #4719, #3464, .T. ) ;
#3537 = LINE ( 'NONE', #34, #3540 ) ;
#3538 = ORIENTED_EDGE ( 'NONE', *, *, #680, .F. ) ;
#3539 = ADVANCED_FACE ( 'NONE', ( #5032 ), #2648, .T. ) ;
#3540 = VECTOR ( 'NONE', #2032, 1000.000000000000000 ) ;
#3541 = DIRECTION ( 'NONE',  ( 0.000000000000000000, -1.000000000000000000, 0.000000000000000000 ) ) ;
#3542 = VERTEX_POINT ( 'NONE', #4567 ) ;
#3543 = EDGE_CURVE ( 'NONE', #1120, #2660, #1055, .T. ) ;
#3544 = ORIENTED_EDGE ( 'NONE', *, *, #3851, .T. ) ;
#3545 =( NAMED_UNIT ( * ) PLANE_ANGLE_UNIT ( ) SI_UNIT ( $, .RADIAN. ) );
#3546 = VECTOR ( 'NONE', #547, 1000.000000000000000 ) ;
#3547 = EDGE_CURVE ( 'NONE', #4537, #3364, #2318, .T. ) ;
#3548 = FACE_OUTER_BOUND ( 'NONE', #1997, .T. ) ;
#3549 = DIRECTION ( 'NONE',  ( -0.000000000000000000, -1.000000000000000000, -0.000000000000000000 ) ) ;
#3550 = ORIENTED_EDGE ( 'NONE', *, *, #4784, .F. ) ;
#3551 = VERTEX_POINT ( 'NONE', #2693 ) ;
#3552 = DIRECTION ( 'NONE',  ( 0.000000000000000000, 1.000000000000000000, 0.000000000000000000 ) ) ;
#3553 = CARTESIAN_POINT ( 'NONE',  ( -0.1100000000000003059, 0.1599999999999999756, 0.6749999999999999334 ) ) ;
#3554 = FACE_OUTER_BOUND ( 'NONE', #2995, .T. ) ;
#3555 = CARTESIAN_POINT ( 'NONE',  ( 0.000000000000000000, 0.04000000000000000083, 0.000000000000000000 ) ) ;
#3556 = ORIENTED_EDGE ( 'NONE', *, *, #169, .T. ) ;
#3557 = CARTESIAN_POINT ( 'NONE',  ( 0.5000000000000000000, 0.000000000000000000, 0.000000000000000000 ) ) ;
#3558 = DIRECTION ( 'NONE',  ( 0.000000000000000000, 0.000000000000000000, 1.000000000000000000 ) ) ;
#3559 = CARTESIAN_POINT ( 'NONE',  ( -0.4299999999999999933, 0.09999999999999267808, 0.6050000000000002043 ) ) ;
#3560 = EDGE_LOOP ( 'NONE', ( #4076, #635, #4372, #619 ) ) ;
#3561 = EDGE_CURVE ( 'NONE', #3747, #249, #840, .T. ) ;
#3562 = LINE ( 'NONE', #40, #5023 ) ;
#3563 = DIRECTION ( 'NONE',  ( 1.270549420881451741E-16, -1.000000000000000000, -1.377532442369869542E-32 ) ) ;
#3564 = VERTEX_POINT ( 'NONE', #3071 ) ;
#3565 = VECTOR ( 'NONE', #756, 1000.000000000000000 ) ;
#3566 = CARTESIAN_POINT ( 'NONE',  ( -0.4299999999999999378, 0.1600000000000000033, 0.6049999999999998712 ) ) ;
#3567 = DIRECTION ( 'NONE',  ( -6.776263578034406657E-16, 0.000000000000000000, -1.000000000000000000 ) ) ;
#3568 = DIRECTION ( 'NONE',  ( -1.000000000000000000, 0.000000000000000000, -3.388131789017200370E-16 ) ) ;
#3569 = VERTEX_POINT ( 'NONE', #4646 ) ;
#3570 = VECTOR ( 'NONE', #3267, 1000.000000000000000 ) ;
#3571 = ORIENTED_EDGE ( 'NONE', *, *, #1919, .T. ) ;
#3572 = DIRECTION ( 'NONE',  ( -0.000000000000000000, 1.000000000000000000, -0.000000000000000000 ) ) ;
#3573 = LINE ( 'NONE', #3507, #2539 ) ;
#3574 = CARTESIAN_POINT ( 'NONE',  ( -0.1200000000000000927, 0.5088552708502482869, 0.6049999999999998712 ) ) ;
#3575 = FACE_BOUND ( 'NONE', #1057, .T. ) ;
#3576 = DIRECTION ( 'NONE',  ( -0.000000000000000000, -1.000000000000000000, -0.000000000000000000 ) ) ;
#3577 = VECTOR ( 'NONE', #4778, 1000.000000000000000 ) ;
#3578 = CARTESIAN_POINT ( 'NONE',  ( -0.4299999999999999378, 0.000000000000000000, -0.4450000000000000067 ) ) ;
#3579 = ORIENTED_EDGE ( 'NONE', *, *, #4683, .T. ) ;
#3580 = LINE ( 'NONE', #4764, #4117 ) ;
#3581 = FACE_OUTER_BOUND ( 'NONE', #1656, .T. ) ;
#3582 = DIRECTION ( 'NONE',  ( -0.000000000000000000, 0.000000000000000000, 1.000000000000000000 ) ) ;
#3583 = VECTOR ( 'NONE', #1257, 1000.000000000000000 ) ;
#3584 = ORIENTED_EDGE ( 'NONE', *, *, #4832, .T. ) ;
#3585 =( LENGTH_UNIT ( ) NAMED_UNIT ( * ) SI_UNIT ( .MILLI., .METRE. ) );
#3586 = DIRECTION ( 'NONE',  ( -3.388131789017200370E-16, 0.000000000000000000, 1.000000000000000000 ) ) ;
#3587 = VECTOR ( 'NONE', #4755, 1000.000000000000000 ) ;
#3588 = AXIS2_PLACEMENT_3D ( 'NONE', #506, #4801, #4857 ) ;
#3589 = EDGE_LOOP ( 'NONE', ( #2291, #684, #1046, #2881 ) ) ;
#3590 = ADVANCED_FACE ( 'NONE', ( #4541 ), #3774, .F. ) ;
#3591 = VECTOR ( 'NONE', #286, 1000.000000000000000 ) ;
#3592 = ADVANCED_FACE ( 'NONE', ( #351 ), #687, .F. ) ;
#3593 = DIRECTION ( 'NONE',  ( -0.000000000000000000, -1.000000000000000000, -0.000000000000000000 ) ) ;
#3594 = PLANE ( 'NONE',  #2523 ) ;
#3595 = DIRECTION ( 'NONE',  ( -1.000000000000000000, -0.000000000000000000, -0.000000000000000000 ) ) ;
#3596 = ORIENTED_EDGE ( 'NONE', *, *, #2776, .T. ) ;
#3597 = VERTEX_POINT ( 'NONE', #5003 ) ;
#3598 = ORIENTED_EDGE ( 'NONE', *, *, #3987, .T. ) ;
#3599 = CARTESIAN_POINT ( 'NONE',  ( -0.07000000000000007605, 0.1599999999999999756, -0.4450000000000000067 ) ) ;
#3600 = CARTESIAN_POINT ( 'NONE',  ( -0.1100000000000002504, 0.09999999999999997780, -0.1194235880780060155 ) ) ;
#3601 = PLANE ( 'NONE',  #4401 ) ;
#3602 = LINE ( 'NONE', #492, #3293 ) ;
#3603 = VECTOR ( 'NONE', #258, 1000.000000000000000 ) ;
#3604 = VERTEX_POINT ( 'NONE', #2292 ) ;
#3605 = ORIENTED_EDGE ( 'NONE', *, *, #4021, .T. ) ;
#3606 = EDGE_CURVE ( 'NONE', #3403, #4848, #3361, .T. ) ;
#3607 = LINE ( 'NONE', #4866, #4647 ) ;
#3608 = PLANE ( 'NONE',  #1581 ) ;
#3609 =( GEOMETRIC_REPRESENTATION_CONTEXT ( 3 ) GLOBAL_UNCERTAINTY_ASSIGNED_CONTEXT ( ( #1680 ) ) GLOBAL_UNIT_ASSIGNED_CONTEXT ( ( #623, #1039, #2399 ) ) REPRESENTATION_CONTEXT ( 'NONE', 'WORKASPACE' ) );
#3610 = CARTESIAN_POINT ( 'NONE',  ( -0.07000000000000007605, 0.1599999999999999756, -0.5249999999999994671 ) ) ;
#3611 = DIRECTION ( 'NONE',  ( -0.000000000000000000, -1.000000000000000000, -0.000000000000000000 ) ) ;
#3612 = ORIENTED_EDGE ( 'NONE', *, *, #2262, .F. ) ;
#3613 = CARTESIAN_POINT ( 'NONE',  ( -0.07000000000000007605, 0.1599999999999999756, -0.5250000000000000222 ) ) ;
#3614 = ORIENTED_EDGE ( 'NONE', *, *, #4223, .F. ) ;
#3615 = AXIS2_PLACEMENT_3D ( 'NONE', #3089, #389, #782 ) ;
#3616 = LINE ( 'NONE', #2879, #3273 ) ;
#3617 = CARTESIAN_POINT ( 'NONE',  ( 0.000000000000000000, 0.1600000000000000033, 0.6999999999999999556 ) ) ;
#3618 = VERTEX_POINT ( 'NONE', #1487 ) ;
#3619 = ADVANCED_FACE ( 'NONE', ( #4925 ), #4183, .F. ) ;
#3620 = UNCERTAINTY_MEASURE_WITH_UNIT (LENGTH_MEASURE( 1.000000000000000082E-05 ), #4574, 'distance_accuracy_value', 'NONE');
#3621 = VERTEX_POINT ( 'NONE', #3047 ) ;
#3622 = ORIENTED_EDGE ( 'NONE', *, *, #1490, .T. ) ;
#3623 = CARTESIAN_POINT ( 'NONE',  ( 0.4299999999999998823, 0.1000000000000000194, -0.4450000000000000067 ) ) ;
#3624 = VECTOR ( 'NONE', #1481, 1000.000000000000000 ) ;
#3625 = DIRECTION ( 'NONE',  ( -0.000000000000000000, 1.000000000000000000, 0.000000000000000000 ) ) ;
#3626 = EDGE_CURVE ( 'NONE', #1934, #4521, #4235, .T. ) ;
#3627 = DIRECTION ( 'NONE',  ( 1.000000000000000000, -0.000000000000000000, -0.000000000000000000 ) ) ;
#3628 = PLANE ( 'NONE',  #423 ) ;
#3629 = ORIENTED_EDGE ( 'NONE', *, *, #2863, .T. ) ;
#3630 = VECTOR ( 'NONE', #2509, 1000.000000000000000 ) ;
#3631 = DIRECTION ( 'NONE',  ( 1.000000000000000000, -0.000000000000000000, -3.497426362856467093E-16 ) ) ;
#3632 = DIRECTION ( 'NONE',  ( -1.000000000000000000, 0.000000000000000000, 0.000000000000000000 ) ) ;
#3633 = LINE ( 'NONE', #1027, #18 ) ;
#3634 = DIRECTION ( 'NONE',  ( 0.000000000000000000, -1.000000000000000000, 0.000000000000000000 ) ) ;
#3635 = EDGE_LOOP ( 'NONE', ( #1913, #3744 ) ) ;
#3636 = LINE ( 'NONE', #1005, #3050 ) ;
#3637 = EDGE_CURVE ( 'NONE', #3959, #509, #1030, .T. ) ;
#3638 = VERTEX_POINT ( 'NONE', #664 ) ;
#3639 = DIRECTION ( 'NONE',  ( -1.000000000000000000, 0.000000000000000000, 1.748713181428233547E-16 ) ) ;
#3640 = CARTESIAN_POINT ( 'NONE',  ( 0.4299999999999998823, 0.1000000000000000194, -0.6750000000000001554 ) ) ;
#3641 = CARTESIAN_POINT ( 'NONE',  ( 0.2591199250936492837, 0.09999999999999510669, 0.2550000000000000600 ) ) ;
#3642 = EDGE_LOOP ( 'NONE', ( #3863, #940, #3829, #1814 ) ) ;
#3643 = ORIENTED_EDGE ( 'NONE', *, *, #2198, .T. ) ;
#3644 = DIRECTION ( 'NONE',  ( -6.776263578034405671E-16, 0.000000000000000000, -1.000000000000000000 ) ) ;
#3645 = EDGE_CURVE ( 'NONE', #4047, #5012, #3847, .T. ) ;
#3646 = LINE ( 'NONE', #185, #3855 ) ;
#3647 = DIRECTION ( 'NONE',  ( 0.000000000000000000, -1.000000000000000000, 0.000000000000000000 ) ) ;
#3648 = DIRECTION ( 'NONE',  ( -1.000000000000000000, 0.000000000000000000, -3.388131789017200370E-16 ) ) ;
#3649 = FACE_OUTER_BOUND ( 'NONE', #4273, .T. ) ;
#3650 = VERTEX_POINT ( 'NONE', #1831 ) ;
#3651 = EDGE_CURVE ( 'NONE', #2516, #555, #1079, .T. ) ;
#3652 = CARTESIAN_POINT ( 'NONE',  ( 0.4300000000000001044, 0.000000000000000000, -0.6050000000000000933 ) ) ;
#3653 = DIRECTION ( 'NONE',  ( -1.000000000000000000, 0.000000000000000000, -3.388131789017200863E-16 ) ) ;
#3654 = DIRECTION ( 'NONE',  ( 0.000000000000000000, 8.470329472542995995E-17, -1.000000000000000000 ) ) ;
#3655 = LINE ( 'NONE', #4510, #4850 ) ;
#3656 = ORIENTED_EDGE ( 'NONE', *, *, #4949, .T. ) ;
#3657 = AXIS2_PLACEMENT_3D ( 'NONE', #2910, #1767, #1273 ) ;
#3658 = CARTESIAN_POINT ( 'NONE',  ( -0.4300000000000000488, 0.000000000000000000, -0.6049999999999999822 ) ) ;
#3659 = AXIS2_PLACEMENT_3D ( 'NONE', #3874, #3465, #4184 ) ;
#3660 = ORIENTED_EDGE ( 'NONE', *, *, #1855, .F. ) ;
#3661 = ADVANCED_FACE ( 'NONE', ( #2997 ), #2240, .T. ) ;
#3662 = CARTESIAN_POINT ( 'NONE',  ( 0.1200000000000000649, 0.1600000000000000033, 0.09499999999999991784 ) ) ;
#3663 = LINE ( 'NONE', #558, #402 ) ;
#3664 = DIRECTION ( 'NONE',  ( 1.000000000000000000, 0.000000000000000000, -3.388131789017199877E-16 ) ) ;
#3665 = VERTEX_POINT ( 'NONE', #1181 ) ;
#3666 = VECTOR ( 'NONE', #4708, 1000.000000000000000 ) ;
#3667 = UNCERTAINTY_MEASURE_WITH_UNIT (LENGTH_MEASURE( 1.000000000000000082E-05 ), #4727, 'distance_accuracy_value', 'NONE');
#3668 = ORIENTED_EDGE ( 'NONE', *, *, #1772, .F. ) ;
#3669 = ORIENTED_EDGE ( 'NONE', *, *, #2893, .F. ) ;
#3670 = PLANE ( 'NONE',  #2934 ) ;
#3671 = CARTESIAN_POINT ( 'NONE',  ( -0.2591199250936493392, 0.09999999999999757694, -0.2549999999999999489 ) ) ;
#3672 = PLANE ( 'NONE',  #3657 ) ;
#3673 = DIRECTION ( 'NONE',  ( -1.000000000000000000, 0.000000000000000000, 3.497426362856466107E-16 ) ) ;
#3674 = CARTESIAN_POINT ( 'NONE',  ( -0.4299999999999999378, 0.000000000000000000, -0.09500000000000002887 ) ) ;
#3675 = PRODUCT_DEFINITION ( 'UNKNOWN', '', #4115, #487 ) ;
#3676 = ORIENTED_EDGE ( 'NONE', *, *, #4028, .T. ) ;
#3677 = ADVANCED_FACE ( 'NONE', ( #3487, #1592, #1986, #3944, #3096 ), #3920, .F. ) ;
#3678 = CARTESIAN_POINT ( 'NONE',  ( 0.000000000000000000, 0.1600000000000000033, 0.000000000000000000 ) ) ;
#3679 = CARTESIAN_POINT ( 'NONE',  ( 0.1200000000000001205, 0.5088552708502482869, 0.6049999999999999822 ) ) ;
#3680 = PLANE ( 'NONE',  #924 ) ;
#3681 = VECTOR ( 'NONE', #2248, 1000.000000000000000 ) ;
#3682 = EDGE_CURVE ( 'NONE', #460, #333, #3513, .T. ) ;
#3683 = LINE ( 'NONE', #1614, #4042 ) ;
#3684 =( NAMED_UNIT ( * ) PLANE_ANGLE_UNIT ( ) SI_UNIT ( $, .RADIAN. ) );
#3685 = VERTEX_POINT ( 'NONE', #4353 ) ;
#3686 = EDGE_CURVE ( 'NONE', #436, #4105, #842, .T. ) ;
#3687 = ORIENTED_EDGE ( 'NONE', *, *, #692, .T. ) ;
#3688 = AXIS2_PLACEMENT_3D ( 'NONE', #4139, #4630, #3778 ) ;
#3689 = AXIS2_PLACEMENT_3D ( 'NONE', #4222, #700, #1870 ) ;
#3690 = LINE ( 'NONE', #2164, #1920 ) ;
#3691 = CARTESIAN_POINT ( 'NONE',  ( 0.1200000000000001205, 0.5088552708502482869, 0.6049999999999999822 ) ) ;
#3692 = EDGE_CURVE ( 'NONE', #408, #3203, #63, .T. ) ;
#3693 = VERTEX_POINT ( 'NONE', #3168 ) ;
#3694 = DIRECTION ( 'NONE',  ( 6.776263578034405671E-16, -8.470329472542998460E-17, 1.000000000000000000 ) ) ;
#3695 = PLANE ( 'NONE',  #1651 ) ;
#3696 = CARTESIAN_POINT ( 'NONE',  ( -0.1100000000000003059, 0.09999999999999997780, 0.6049999999999998712 ) ) ;
#3697 = VERTEX_POINT ( 'NONE', #4742 ) ;
#3698 = EDGE_CURVE ( 'NONE', #1489, #4932, #421, .T. ) ;
#3699 =( GEOMETRIC_REPRESENTATION_CONTEXT ( 3 ) GLOBAL_UNCERTAINTY_ASSIGNED_CONTEXT ( ( #4089 ) ) GLOBAL_UNIT_ASSIGNED_CONTEXT ( ( #577, #3684, #2184 ) ) REPRESENTATION_CONTEXT ( 'NONE', 'WORKASPACE' ) );
#3700 = AXIS2_PLACEMENT_3D ( 'NONE', #3891, #366, #1957 ) ;
#3701 = DIRECTION ( 'NONE',  ( -2.168404344971008868E-16, 0.000000000000000000, -1.000000000000000000 ) ) ;
#3702 = LINE ( 'NONE', #1766, #3233 ) ;
#3703 = CARTESIAN_POINT ( 'NONE',  ( -0.4299999999999999378, 0.5088552708502482869, 0.2549999999999999489 ) ) ;
#3704 = PLANE ( 'NONE',  #2334 ) ;
#3705 = STYLED_ITEM ( 'NONE', ( #4308 ), #3332 ) ;
#3706 = EDGE_CURVE ( 'NONE', #3454, #3061, #3896, .T. ) ;
#3707 = LINE ( 'NONE', #2987, #3274 ) ;
#3708 = VECTOR ( 'NONE', #3469, 1000.000000000000000 ) ;
#3709 = VERTEX_POINT ( 'NONE', #371 ) ;
#3710 = CARTESIAN_POINT ( 'NONE',  ( -0.3700000000000001066, 0.1585786437626903189, -0.5950000000000001954 ) ) ;
#3711 = CARTESIAN_POINT ( 'NONE',  ( -0.5000000000000000000, 0.1000000000000000056, -0.4449999999999998956 ) ) ;
#3712 = DIRECTION ( 'NONE',  ( 0.000000000000000000, -1.000000000000000000, 0.000000000000000000 ) ) ;
#3713 = VECTOR ( 'NONE', #3476, 1000.000000000000000 ) ;
#3714 = ORIENTED_EDGE ( 'NONE', *, *, #1966, .F. ) ;
#3715 = LINE ( 'NONE', #4871, #4029 ) ;
#3716 = ORIENTED_EDGE ( 'NONE', *, *, #3773, .T. ) ;
#3717 = EDGE_LOOP ( 'NONE', ( #1952, #828, #1054, #150 ) ) ;
#3718 = CARTESIAN_POINT ( 'NONE',  ( -0.1200000000000000927, 0.04000000000000002165, 0.6049999999999998712 ) ) ;
#3719 = DIRECTION ( 'NONE',  ( -1.084202172485504434E-16, -0.000000000000000000, -1.000000000000000000 ) ) ;
#3720 = ORIENTED_EDGE ( 'NONE', *, *, #535, .T. ) ;
#3721 = ADVANCED_FACE ( 'NONE', ( #3119 ), #1642, .T. ) ;
#3722 = CARTESIAN_POINT ( 'NONE',  ( -0.1200000000000000372, 0.5088552708502482869, 0.09499999999999991784 ) ) ;
#3723 = SURFACE_STYLE_USAGE ( .BOTH. , #2089 ) ;
#3724 = DIRECTION ( 'NONE',  ( -3.388131789017200863E-16, -8.470329472543000925E-17, 1.000000000000000000 ) ) ;
#3725 = ORIENTED_EDGE ( 'NONE', *, *, #2221, .F. ) ;
#3726 = ORIENTED_EDGE ( 'NONE', *, *, #4131, .F. ) ;
#3727 = CARTESIAN_POINT ( 'NONE',  ( -0.1200000000000000927, 0.5088552708502482869, 0.6049999999999998712 ) ) ;
#3728 = DIRECTION ( 'NONE',  ( 0.000000000000000000, -1.000000000000000000, 0.000000000000000000 ) ) ;
#3729 = AXIS2_PLACEMENT_3D ( 'NONE', #2864, #565, #2147 ) ;
#3730 = DIRECTION ( 'NONE',  ( 0.000000000000000000, 0.000000000000000000, -1.000000000000000000 ) ) ;
#3731 = CARTESIAN_POINT ( 'NONE',  ( -0.1200000000000000927, 0.000000000000000000, 0.2549999999999999489 ) ) ;
#3732 = DIRECTION ( 'NONE',  ( 1.000000000000000000, -1.270549420881451741E-16, 0.000000000000000000 ) ) ;
#3733 = ORIENTED_EDGE ( 'NONE', *, *, #2715, .F. ) ;
#3734 = VECTOR ( 'NONE', #2181, 1000.000000000000000 ) ;
#3735 = CARTESIAN_POINT ( 'NONE',  ( -0.1200000000000000927, 0.000000000000000000, 0.6049999999999998712 ) ) ;
#3736 = EDGE_CURVE ( 'NONE', #5065, #3846, #3537, .T. ) ;
#3737 = FACE_BOUND ( 'NONE', #3034, .T. ) ;
#3738 = CARTESIAN_POINT ( 'NONE',  ( -0.4299999999999999933, 0.1000000000000000194, 0.6049999999999998712 ) ) ;
#3739 = EDGE_CURVE ( 'NONE', #4034, #4659, #3580, .T. ) ;
#3740 = DIRECTION ( 'NONE',  ( 0.000000000000000000, 0.000000000000000000, -1.000000000000000000 ) ) ;
#3741 = ORIENTED_EDGE ( 'NONE', *, *, #419, .F. ) ;
#3742 = VECTOR ( 'NONE', #370, 1000.000000000000000 ) ;
#3743 = LINE ( 'NONE', #4233, #2273 ) ;
#3744 = ORIENTED_EDGE ( 'NONE', *, *, #76, .F. ) ;
#3745 = CARTESIAN_POINT ( 'NONE',  ( -0.1200000000000000927, 0.1599999999999999756, -0.09500000000000002887 ) ) ;
#3746 = DIRECTION ( 'NONE',  ( -1.000000000000000000, 8.470329472543013251E-17, 0.000000000000000000 ) ) ;
#3747 = VERTEX_POINT ( 'NONE', #2713 ) ;
#3748 = VECTOR ( 'NONE', #537, 1000.000000000000000 ) ;
#3749 = EDGE_CURVE ( 'NONE', #2114, #297, #2761, .T. ) ;
#3750 = LINE ( 'NONE', #2950, #394 ) ;
#3751 = DIRECTION ( 'NONE',  ( -1.748713181428233547E-16, 0.000000000000000000, -1.000000000000000000 ) ) ;
#3752 = CARTESIAN_POINT ( 'NONE',  ( -0.1200000000000000372, 0.1599999999999999756, 0.4449999999999998401 ) ) ;
#3753 = ORIENTED_EDGE ( 'NONE', *, *, #42, .F. ) ;
#3754 = EDGE_CURVE ( 'NONE', #4521, #4130, #2390, .T. ) ;
#3755 = ADVANCED_FACE ( 'NONE', ( #2008 ), #2737, .T. ) ;
#3756 = PLANE ( 'NONE',  #471 ) ;
#3757 = LINE ( 'NONE', #4145, #4812 ) ;
#3758 = CARTESIAN_POINT ( 'NONE',  ( 0.2591199250936492837, 0.09999999999999269196, 0.4450000000000000067 ) ) ;
#3759 = AXIS2_PLACEMENT_3D ( 'NONE', #28, #3156, #2000 ) ;
#3760 = VECTOR ( 'NONE', #4520, 1000.000000000000000 ) ;
#3761 = LINE ( 'NONE', #2935, #1733 ) ;
#3762 = EDGE_LOOP ( 'NONE', ( #1149, #4110, #2011, #3254 ) ) ;
#3763 = ORIENTED_EDGE ( 'NONE', *, *, #3307, .T. ) ;
#3764 = CARTESIAN_POINT ( 'NONE',  ( 0.1100000000000001671, 0.1599999999999999756, 0.6749999999999999334 ) ) ;
#3765 = MECHANICAL_DESIGN_GEOMETRIC_PRESENTATION_REPRESENTATION (  '', ( #1062 ), #4174 ) ;
#3766 = CARTESIAN_POINT ( 'NONE',  ( -0.3700000000000001066, 0.2999999999999999889, -0.5450000000000001510 ) ) ;
#3767 = DIRECTION ( 'NONE',  ( 1.000000000000000000, 1.270549420881451988E-16, 0.000000000000000000 ) ) ;
#3768 = FACE_OUTER_BOUND ( 'NONE', #3036, .T. ) ;
#3769 = ORIENTED_EDGE ( 'NONE', *, *, #2285, .T. ) ;
#3770 = EDGE_CURVE ( 'NONE', #1119, #5001, #4380, .T. ) ;
#3771 = CARTESIAN_POINT ( 'NONE',  ( -0.4299999999999999378, 0.1000000000000000194, -0.1194235880780061126 ) ) ;
#3772 = ORIENTED_EDGE ( 'NONE', *, *, #375, .T. ) ;
#3773 = EDGE_CURVE ( 'NONE', #3801, #1240, #3140, .T. ) ;
#3774 = PLANE ( 'NONE',  #3199 ) ;
#3775 = DIRECTION ( 'NONE',  ( 0.000000000000000000, 1.000000000000000000, 0.000000000000000000 ) ) ;
#3776 = ORIENTED_EDGE ( 'NONE', *, *, #3976, .F. ) ;
#3777 = LINE ( 'NONE', #4982, #2698 ) ;
#3778 = DIRECTION ( 'NONE',  ( -1.000000000000000000, 0.000000000000000000, -0.000000000000000000 ) ) ;
#3779 = ORIENTED_EDGE ( 'NONE', *, *, #3692, .F. ) ;
#3780 = ORIENTED_EDGE ( 'NONE', *, *, #1086, .T. ) ;
#3781 = DIRECTION ( 'NONE',  ( -3.388131789017199384E-16, -2.927256440035969868E-32, -1.000000000000000000 ) ) ;
#3782 = LINE ( 'NONE', #2302, #203 ) ;
#3783 = LINE ( 'NONE', #2201, #636 ) ;
#3784 = CARTESIAN_POINT ( 'NONE',  ( 0.4300000000000000488, 0.09999999999999512057, 0.09499999999999998723 ) ) ;
#3785 = DIRECTION ( 'NONE',  ( 0.000000000000000000, 0.000000000000000000, -1.000000000000000000 ) ) ;
#3786 = VERTEX_POINT ( 'NONE', #1159 ) ;
#3787 = LINE ( 'NONE', #2207, #3075 ) ;
#3788 = EDGE_CURVE ( 'NONE', #728, #2944, #1939, .T. ) ;
#3789 = STYLED_ITEM ( 'NONE', ( #2897 ), #5035 ) ;
#3790 = AXIS2_PLACEMENT_3D ( 'NONE', #56, #2708, #30 ) ;
#3791 = DIRECTION ( 'NONE',  ( -3.388131789017200863E-16, 0.000000000000000000, 1.000000000000000000 ) ) ;
#3792 = CARTESIAN_POINT ( 'NONE',  ( 0.1200000000000001205, 0.1600000000000000033, -0.09499999999999997335 ) ) ;
#3793 = VERTEX_POINT ( 'NONE', #4283 ) ;
#3794 = FACE_OUTER_BOUND ( 'NONE', #2706, .T. ) ;
#3795 = VERTEX_POINT ( 'NONE', #1205 ) ;
#3796 = AXIS2_PLACEMENT_3D ( 'NONE', #2209, #973, #3767 ) ;
#3797 = VECTOR ( 'NONE', #4794, 1000.000000000000000 ) ;
#3798 = CARTESIAN_POINT ( 'NONE',  ( -0.1200000000000000372, 0.1600000000000000033, 0.09499999999999991784 ) ) ;
#3799 = PLANE ( 'NONE',  #1879 ) ;
#3800 = VECTOR ( 'NONE', #4023, 1000.000000000000000 ) ;
#3801 = VERTEX_POINT ( 'NONE', #4845 ) ;
#3802 =( NAMED_UNIT ( * ) SI_UNIT ( $, .STERADIAN. ) SOLID_ANGLE_UNIT ( ) );
#3803 = PLANE ( 'NONE',  #2652 ) ;
#3804 = ADVANCED_FACE ( 'NONE', ( #3323 ), #1773, .T. ) ;
#3805 = ORIENTED_EDGE ( 'NONE', *, *, #579, .T. ) ;
#3806 = DIRECTION ( 'NONE',  ( -1.000000000000000000, 0.000000000000000000, 1.084202172485504434E-16 ) ) ;
#3807 = LINE ( 'NONE', #2631, #4161 ) ;
#3808 = DIRECTION ( 'NONE',  ( -1.748713181428233547E-16, 0.000000000000000000, -1.000000000000000000 ) ) ;
#3809 = ORIENTED_EDGE ( 'NONE', *, *, #1905, .T. ) ;
#3810 = CARTESIAN_POINT ( 'NONE',  ( -0.1200000000000000372, 0.04000000000000002165, -0.2550000000000000600 ) ) ;
#3811 = EDGE_CURVE ( 'NONE', #2830, #1476, #4506, .T. ) ;
#3812 = DIRECTION ( 'NONE',  ( -1.000000000000000000, 0.000000000000000000, 1.748713181428233547E-16 ) ) ;
#3813 = DIRECTION ( 'NONE',  ( 0.000000000000000000, 0.000000000000000000, 1.000000000000000000 ) ) ;
#3814 = LINE ( 'NONE', #2259, #1589 ) ;
#3815 = EDGE_LOOP ( 'NONE', ( #2565, #3021, #4583, #3660 ) ) ;
#3816 = EDGE_CURVE ( 'NONE', #2918, #2936, #85, .T. ) ;
#3817 = DIRECTION ( 'NONE',  ( 0.000000000000000000, 8.470329472542999693E-17, -1.000000000000000000 ) ) ;
#3818 = EDGE_CURVE ( 'NONE', #584, #160, #2492, .T. ) ;
#3819 = ORIENTED_EDGE ( 'NONE', *, *, #2530, .F. ) ;
#3820 = CARTESIAN_POINT ( 'NONE',  ( -0.3700000000000001066, 0.2999999999999999889, -0.5450000000000001510 ) ) ;
#3821 = VECTOR ( 'NONE', #4791, 1000.000000000000000 ) ;
#3822 = FACE_OUTER_BOUND ( 'NONE', #1584, .T. ) ;
#3823 = VERTEX_POINT ( 'NONE', #2941 ) ;
#3824 = DIRECTION ( 'NONE',  ( -1.000000000000000000, 0.000000000000000000, 8.031127203596330602E-17 ) ) ;
#3825 = LINE ( 'NONE', #2653, #4754 ) ;
#3826 = VERTEX_POINT ( 'NONE', #1747 ) ;
#3827 = VECTOR ( 'NONE', #5089, 1000.000000000000000 ) ;
#3828 = ADVANCED_FACE ( 'NONE', ( #1693 ), #137, .F. ) ;
#3829 = ORIENTED_EDGE ( 'NONE', *, *, #3164, .F. ) ;
#3830 = CARTESIAN_POINT ( 'NONE',  ( -0.5000000000000000000, 0.1600000000000000033, -0.6050000000000000933 ) ) ;
#3831 = CARTESIAN_POINT ( 'NONE',  ( -0.1200000000000000372, 0.1600000000000000033, -0.2550000000000000600 ) ) ;
#3832 = CARTESIAN_POINT ( 'NONE',  ( -0.4299999999999999378, 0.1600000000000000033, -0.1194235880780060155 ) ) ;
#3833 = VECTOR ( 'NONE', #4284, 1000.000000000000000 ) ;
#3834 = ORIENTED_EDGE ( 'NONE', *, *, #3164, .T. ) ;
#3835 = CARTESIAN_POINT ( 'NONE',  ( 0.000000000000000000, 0.1600000000000000033, 0.6999999999999999556 ) ) ;
#3836 = VERTEX_POINT ( 'NONE', #2844 ) ;
#3837 = DIRECTION ( 'NONE',  ( -0.000000000000000000, -1.000000000000000000, -0.000000000000000000 ) ) ;
#3838 = VECTOR ( 'NONE', #1979, 1000.000000000000000 ) ;
#3839 = PLANE ( 'NONE',  #1326 ) ;
#3840 = LINE ( 'NONE', #4256, #2162 ) ;
#3841 =( NAMED_UNIT ( * ) SI_UNIT ( $, .STERADIAN. ) SOLID_ANGLE_UNIT ( ) );
#3842 = ORIENTED_EDGE ( 'NONE', *, *, #1936, .T. ) ;
#3843 = ORIENTED_EDGE ( 'NONE', *, *, #3637, .T. ) ;
#3844 = VECTOR ( 'NONE', #4140, 1000.000000000000000 ) ;
#3845 = CARTESIAN_POINT ( 'NONE',  ( 0.4300000000000003819, 0.09999999999999757694, -0.2550000000000000600 ) ) ;
#3846 = VERTEX_POINT ( 'NONE', #3711 ) ;
#3847 = LINE ( 'NONE', #325, #3126 ) ;
#3848 = DIRECTION ( 'NONE',  ( -1.000000000000000000, 0.000000000000000000, -3.388131789017200863E-16 ) ) ;
#3849 = EDGE_CURVE ( 'NONE', #297, #722, #1718, .T. ) ;
#3850 = ORIENTED_EDGE ( 'NONE', *, *, #1885, .F. ) ;
#3851 = EDGE_CURVE ( 'NONE', #858, #2526, #1382, .T. ) ;
#3852 = SURFACE_STYLE_USAGE ( .BOTH. , #2323 ) ;
#3853 = FACE_OUTER_BOUND ( 'NONE', #2860, .T. ) ;
#3854 = DIRECTION ( 'NONE',  ( 0.000000000000000000, -0.000000000000000000, -1.000000000000000000 ) ) ;
#3855 = VECTOR ( 'NONE', #2098, 1000.000000000000000 ) ;
#3856 = VERTEX_POINT ( 'NONE', #942 ) ;
#3857 = FILL_AREA_STYLE_COLOUR ( '', #1525 ) ;
#3858 = PLANE ( 'NONE',  #1699 ) ;
#3859 = CARTESIAN_POINT ( 'NONE',  ( 0.4299999999999998823, 0.1000000000000000194, -0.6750000000000001554 ) ) ;
#3860 = EDGE_LOOP ( 'NONE', ( #4488, #1156 ) ) ;
#3861 = ORIENTED_EDGE ( 'NONE', *, *, #2970, .F. ) ;
#3862 = ORIENTED_EDGE ( 'NONE', *, *, #2198, .F. ) ;
#3863 = ORIENTED_EDGE ( 'NONE', *, *, #384, .T. ) ;
#3864 = CARTESIAN_POINT ( 'NONE',  ( 0.4300000000000000488, 0.000000000000000000, -0.09500000000000002887 ) ) ;
#3865 = DIRECTION ( 'NONE',  ( 1.000000000000000000, 0.000000000000000000, -6.776263578034405671E-16 ) ) ;
#3866 = DIRECTION ( 'NONE',  ( 0.000000000000000000, 8.470329472542999693E-17, -1.000000000000000000 ) ) ;
#3867 = EDGE_CURVE ( 'NONE', #551, #2380, #2079, .T. ) ;
#3868 = ORIENTED_EDGE ( 'NONE', *, *, #2877, .T. ) ;
#3869 = ORIENTED_EDGE ( 'NONE', *, *, #4300, .T. ) ;
#3870 =( GEOMETRIC_REPRESENTATION_CONTEXT ( 3 ) GLOBAL_UNCERTAINTY_ASSIGNED_CONTEXT ( ( #2093 ) ) GLOBAL_UNIT_ASSIGNED_CONTEXT ( ( #4427, #4075, #1411 ) ) REPRESENTATION_CONTEXT ( 'NONE', 'WORKASPACE' ) );
#3871 = LINE ( 'NONE', #4305, #624 ) ;
#3872 = VECTOR ( 'NONE', #1903, 1000.000000000000000 ) ;
#3873 = DIRECTION ( 'NONE',  ( 0.000000000000000000, 0.000000000000000000, -1.000000000000000000 ) ) ;
#3874 = CARTESIAN_POINT ( 'NONE',  ( -0.07000000000000007605, 0.5539543120718442015, -0.6049999999999999822 ) ) ;
#3875 = VERTEX_POINT ( 'NONE', #1000 ) ;
#3876 = VECTOR ( 'NONE', #1186, 1000.000000000000000 ) ;
#3877 = ADVANCED_FACE ( 'NONE', ( #4072 ), #2563, .T. ) ;
#3878 = VECTOR ( 'NONE', #3541, 1000.000000000000000 ) ;
#3879 = ADVANCED_FACE ( 'NONE', ( #3269 ), #3608, .T. ) ;
#3880 = FILL_AREA_STYLE ('',( #3052 ) ) ;
#3881 = CARTESIAN_POINT ( 'NONE',  ( 0.5000000000000000000, 0.09999999999999267808, 0.6050000000000002043 ) ) ;
#3882 = VERTEX_POINT ( 'NONE', #574 ) ;
#3883 = VECTOR ( 'NONE', #3261, 1000.000000000000000 ) ;
#3884 = ADVANCED_FACE ( 'NONE', ( #3296 ), #2914, .F. ) ;
#3885 = CARTESIAN_POINT ( 'NONE',  ( 0.4299999999999998823, 0.1000000000000000194, 0.6049999999999998712 ) ) ;
#3886 = DIRECTION ( 'NONE',  ( -1.000000000000000000, -0.000000000000000000, 8.031127203596330602E-17 ) ) ;
#3887 = VERTEX_POINT ( 'NONE', #1303 ) ;
#3888 = VERTEX_POINT ( 'NONE', #4022 ) ;
#3889 = CARTESIAN_POINT ( 'NONE',  ( -0.4299999999999999933, 0.1600000000000000033, 0.6749999999999999334 ) ) ;
#3890 = DIRECTION ( 'NONE',  ( 1.000000000000000000, -8.470329472543013251E-17, 0.000000000000000000 ) ) ;
#3891 = CARTESIAN_POINT ( 'NONE',  ( 0.000000000000000000, 0.000000000000000000, 0.6749999999999999334 ) ) ;
#3892 = CARTESIAN_POINT ( 'NONE',  ( 0.4299999999999998823, 0.1600000000000000033, -0.6750000000000001554 ) ) ;
#3893 = EDGE_LOOP ( 'NONE', ( #580, #4709, #4272, #778, #254, #3995 ) ) ;
#3894 = ORIENTED_EDGE ( 'NONE', *, *, #1368, .T. ) ;
#3895 = DIRECTION ( 'NONE',  ( 0.000000000000000000, 0.000000000000000000, 1.000000000000000000 ) ) ;
#3896 = LINE ( 'NONE', #2344, #1248 ) ;
#3897 = CARTESIAN_POINT ( 'NONE',  ( 0.000000000000000000, 0.1600000000000000033, 0.000000000000000000 ) ) ;
#3898 = VECTOR ( 'NONE', #2603, 1000.000000000000000 ) ;
#3899 = ORIENTED_EDGE ( 'NONE', *, *, #375, .F. ) ;
#3900 = SURFACE_STYLE_FILL_AREA ( #1988 ) ;
#3901 = DIRECTION ( 'NONE',  ( 0.000000000000000000, -0.000000000000000000, 1.000000000000000000 ) ) ;
#3902 = VERTEX_POINT ( 'NONE', #2871 ) ;
#3903 = ADVANCED_FACE ( 'NONE', ( #4425 ), #2131, .F. ) ;
#3904 = ADVANCED_FACE ( 'NONE', ( #4868, #2058 ), #1668, .T. ) ;
#3905 = ORIENTED_EDGE ( 'NONE', *, *, #2069, .T. ) ;
#3906 = DIRECTION ( 'NONE',  ( 0.000000000000000000, 8.470329472542998460E-17, -1.000000000000000000 ) ) ;
#3907 = ADVANCED_FACE ( 'NONE', ( #2182 ), #3839, .T. ) ;
#3908 = FACE_OUTER_BOUND ( 'NONE', #2923, .T. ) ;
#3909 = CARTESIAN_POINT ( 'NONE',  ( -0.1100000000000002504, 0.09999999999999997780, -0.1194235880780061126 ) ) ;
#3910 = ORIENTED_EDGE ( 'NONE', *, *, #2933, .T. ) ;
#3911 = AXIS2_PLACEMENT_3D ( 'NONE', #3574, #4758, #2312 ) ;
#3912 = EDGE_CURVE ( 'NONE', #1166, #4132, #3066, .T. ) ;
#3913 = CARTESIAN_POINT ( 'NONE',  ( -0.1100000000000003059, 0.09999999999999997780, -0.6750000000000001554 ) ) ;
#3914 = DIRECTION ( 'NONE',  ( -3.388131789017199877E-16, 0.000000000000000000, -1.000000000000000000 ) ) ;
#3915 = CARTESIAN_POINT ( 'NONE',  ( 0.1200000000000001205, 0.1600000000000000033, 0.2550000000000000044 ) ) ;
#3916 = FACE_OUTER_BOUND ( 'NONE', #4019, .T. ) ;
#3917 = ORIENTED_EDGE ( 'NONE', *, *, #1864, .F. ) ;
#3918 = ORIENTED_EDGE ( 'NONE', *, *, #4165, .T. ) ;
#3919 = DIRECTION ( 'NONE',  ( 0.000000000000000000, -1.000000000000000000, 0.000000000000000000 ) ) ;
#3920 = PLANE ( 'NONE',  #415 ) ;
#3921 = EDGE_CURVE ( 'NONE', #3551, #590, #4126, .T. ) ;
#3922 = ORIENTED_EDGE ( 'NONE', *, *, #1563, .F. ) ;
#3923 = VECTOR ( 'NONE', #2480, 1000.000000000000000 ) ;
#3924 = ADVANCED_FACE ( 'NONE', ( #3457, #3016, #4175, #3737, #3431 ), #1826, .F. ) ;
#3925 = CARTESIAN_POINT ( 'NONE',  ( -0.5000000000000000000, 0.1599999999999975608, -0.09499999999999989009 ) ) ;
#3926 = PRESENTATION_LAYER_ASSIGNMENT (  '', '', ( #1062 ) ) ;
#3927 = LINE ( 'NONE', #3174, #2247 ) ;
#3928 = VERTEX_POINT ( 'NONE', #4995 ) ;
#3929 = ORIENTED_EDGE ( 'NONE', *, *, #1968, .T. ) ;
#3930 = ORIENTED_EDGE ( 'NONE', *, *, #743, .F. ) ;
#3931 = CARTESIAN_POINT ( 'NONE',  ( 0.5000000000000000000, 0.1599999999999926203, 0.4449999999999999512 ) ) ;
#3932 = LINE ( 'NONE', #46, #2459 ) ;
#3933 = EDGE_LOOP ( 'NONE', ( #1095, #2321, #218, #2788 ) ) ;
#3934 = EDGE_LOOP ( 'NONE', ( #2035, #2554, #897, #1484 ) ) ;
#3935 = LINE ( 'NONE', #3481, #871 ) ;
#3936 = AXIS2_PLACEMENT_3D ( 'NONE', #2254, #3785, #2534 ) ;
#3937 = CARTESIAN_POINT ( 'NONE',  ( -0.1200000000000000927, 0.5088552708502482869, 0.2549999999999999489 ) ) ;
#3938 = DIRECTION ( 'NONE',  ( 0.000000000000000000, -1.000000000000000000, 0.000000000000000000 ) ) ;
#3939 = FACE_BOUND ( 'NONE', #4052, .T. ) ;
#3940 = EDGE_LOOP ( 'NONE', ( #629, #109, #4796, #2757, #1210 ) ) ;
#3941 = ORIENTED_EDGE ( 'NONE', *, *, #4621, .F. ) ;
#3942 = EDGE_CURVE ( 'NONE', #2690, #1489, #1409, .T. ) ;
#3943 = LINE ( 'NONE', #2818, #5058 ) ;
#3944 = FACE_BOUND ( 'NONE', #4160, .T. ) ;
#3945 = ORIENTED_EDGE ( 'NONE', *, *, #1938, .F. ) ;
#3946 = CARTESIAN_POINT ( 'NONE',  ( 0.1200000000000001205, 0.1600000000000000033, 0.6049999999999998712 ) ) ;
#3947 = ORIENTED_EDGE ( 'NONE', *, *, #2113, .F. ) ;
#3948 = VECTOR ( 'NONE', #4403, 1000.000000000000000 ) ;
#3949 = CARTESIAN_POINT ( 'NONE',  ( -0.07000000000000007605, 0.1599999999999999756, -0.5250000000000000222 ) ) ;
#3950 = CARTESIAN_POINT ( 'NONE',  ( -0.5000000000000001110, 0.3500000000000000333, -0.6750000000000000444 ) ) ;
#3951 = VECTOR ( 'NONE', #4409, 1000.000000000000000 ) ;
#3952 = VERTEX_POINT ( 'NONE', #2665 ) ;
#3953 = VECTOR ( 'NONE', #4332, 1000.000000000000000 ) ;
#3954 = ADVANCED_FACE ( 'NONE', ( #1798 ), #3382, .T. ) ;
#3955 = DIRECTION ( 'NONE',  ( 1.000000000000000000, -0.000000000000000000, -8.031127203596330602E-17 ) ) ;
#3956 = AXIS2_PLACEMENT_3D ( 'NONE', #2838, #2755, #81 ) ;
#3957 = DIRECTION ( 'NONE',  ( -3.388131789017200370E-16, 0.000000000000000000, 1.000000000000000000 ) ) ;
#3958 = DIRECTION ( 'NONE',  ( 0.000000000000000000, 0.000000000000000000, 1.000000000000000000 ) ) ;
#3959 = VERTEX_POINT ( 'NONE', #1023 ) ;
#3960 = EDGE_LOOP ( 'NONE', ( #2094, #4229, #1438, #694 ) ) ;
#3961 = CARTESIAN_POINT ( 'NONE',  ( 0.5000000000000000000, 0.09999999999999269196, 0.4450000000000000067 ) ) ;
#3962 = LINE ( 'NONE', #2338, #643 ) ;
#3963 = CARTESIAN_POINT ( 'NONE',  ( 0.4300000000000001044, 0.1600000000000000033, 0.09499999999999991784 ) ) ;
#3964 = DIRECTION ( 'NONE',  ( -3.388131789017199877E-16, -2.927256440035970963E-32, -1.000000000000000000 ) ) ;
#3965 = ORIENTED_EDGE ( 'NONE', *, *, #3121, .F. ) ;
#3966 = EDGE_LOOP ( 'NONE', ( #2029, #1579, #3360, #3988 ) ) ;
#3967 = EDGE_CURVE ( 'NONE', #4848, #2253, #1480, .T. ) ;
#3968 = PLANE ( 'NONE',  #1285 ) ;
#3969 = EDGE_LOOP ( 'NONE', ( #2898, #102, #2197, #2180 ) ) ;
#3970 = DIRECTION ( 'NONE',  ( 3.388131789017200370E-16, 0.000000000000000000, -1.000000000000000000 ) ) ;
#3971 = ORIENTED_EDGE ( 'NONE', *, *, #1247, .F. ) ;
#3972 = EDGE_CURVE ( 'NONE', #4719, #438, #4533, .T. ) ;
#3973 = CARTESIAN_POINT ( 'NONE',  ( 0.4300000000000001044, 0.1600000000000000033, -0.2550000000000000600 ) ) ;
#3974 = SURFACE_STYLE_FILL_AREA ( #2762 ) ;
#3975 = ORIENTED_EDGE ( 'NONE', *, *, #4681, .T. ) ;
#3976 = EDGE_CURVE ( 'NONE', #4181, #3203, #704, .T. ) ;
#3977 = EDGE_CURVE ( 'NONE', #3902, #3447, #631, .T. ) ;
#3978 = PLANE ( 'NONE',  #1998 ) ;
#3979 = FACE_OUTER_BOUND ( 'NONE', #407, .T. ) ;
#3980 = VERTEX_POINT ( 'NONE', #5024 ) ;
#3981 = PRESENTATION_STYLE_ASSIGNMENT (( #357 ) ) ;
#3982 = DIRECTION ( 'NONE',  ( -1.000000000000000000, 0.000000000000000000, -3.388131789017200863E-16 ) ) ;
#3983 = DIRECTION ( 'NONE',  ( 0.000000000000000000, -1.000000000000000000, 0.000000000000000000 ) ) ;
#3984 = ORIENTED_EDGE ( 'NONE', *, *, #2415, .F. ) ;
#3985 = ORIENTED_EDGE ( 'NONE', *, *, #5029, .F. ) ;
#3986 = AXIS2_PLACEMENT_3D ( 'NONE', #3678, #2913, #2538 ) ;
#3987 = EDGE_CURVE ( 'NONE', #4047, #2417, #3038, .T. ) ;
#3988 = ORIENTED_EDGE ( 'NONE', *, *, #1639, .T. ) ;
#3989 = ORIENTED_EDGE ( 'NONE', *, *, #838, .T. ) ;
#3990 = LINE ( 'NONE', #4091, #4666 ) ;
#3991 = CARTESIAN_POINT ( 'NONE',  ( -0.3700000000000001066, 0.2999999999999999889, -0.5450000000000001510 ) ) ;
#3992 = LINE ( 'NONE', #3703, #1208 ) ;
#3993 = CARTESIAN_POINT ( 'NONE',  ( -0.4299999999999999378, 0.1600000000000000033, -0.4450000000000000067 ) ) ;
#3994 = ORIENTED_EDGE ( 'NONE', *, *, #384, .F. ) ;
#3995 = ORIENTED_EDGE ( 'NONE', *, *, #4431, .T. ) ;
#3996 = VECTOR ( 'NONE', #697, 1000.000000000000000 ) ;
#3997 = CARTESIAN_POINT ( 'NONE',  ( 0.4300000000000000488, 0.1600000000000000033, 0.6049999999999998712 ) ) ;
#3998 = DIRECTION ( 'NONE',  ( 3.388131789017199384E-16, -0.000000000000000000, 1.000000000000000000 ) ) ;
#3999 = CARTESIAN_POINT ( 'NONE',  ( -0.1200000000000000927, 0.000000000000000000, 0.6049999999999998712 ) ) ;
#4000 = PLANE ( 'NONE',  #380 ) ;
#4001 = ORIENTED_EDGE ( 'NONE', *, *, #2057, .T. ) ;
#4002 = ORIENTED_EDGE ( 'NONE', *, *, #2113, .T. ) ;
#4003 = DIRECTION ( 'NONE',  ( 1.000000000000000000, 8.470329472543013251E-17, -0.000000000000000000 ) ) ;
#4004 = EDGE_CURVE ( 'NONE', #249, #3747, #835, .T. ) ;
#4005 = VECTOR ( 'NONE', #4417, 1000.000000000000000 ) ;
#4006 = AXIS2_PLACEMENT_3D ( 'NONE', #1762, #3368, #618 ) ;
#4007 = EDGE_LOOP ( 'NONE', ( #2191, #3480, #1307, #1628 ) ) ;
#4008 = ADVANCED_FACE ( 'NONE', ( #1049 ), #4944, .F. ) ;
#4009 = LINE ( 'NONE', #4856, #569 ) ;
#4010 = CARTESIAN_POINT ( 'NONE',  ( 0.1200000000000001205, 0.1600000000000000033, -0.09499999999999997335 ) ) ;
#4011 = ORIENTED_EDGE ( 'NONE', *, *, #5045, .T. ) ;
#4012 = ORIENTED_EDGE ( 'NONE', *, *, #3377, .T. ) ;
#4013 = ORIENTED_EDGE ( 'NONE', *, *, #4165, .F. ) ;
#4014 = LINE ( 'NONE', #2809, #892 ) ;
#4015 = CARTESIAN_POINT ( 'NONE',  ( -0.1200000000000000927, 0.1599999999999999756, 0.6049999999999998712 ) ) ;
#4016 = CARTESIAN_POINT ( 'NONE',  ( 0.1100000000000001671, 0.09999999999999997780, 0.6049999999999998712 ) ) ;
#4017 = CARTESIAN_POINT ( 'NONE',  ( -0.5000000000000000000, 0.09999999999999267808, 0.6050000000000002043 ) ) ;
#4018 = LINE ( 'NONE', #493, #3004 ) ;
#4019 = EDGE_LOOP ( 'NONE', ( #2214, #4971, #4908, #1239 ) ) ;
#4020 = CARTESIAN_POINT ( 'NONE',  ( 0.1200000000000000927, 0.09999999999999756306, -0.09499999999999993172 ) ) ;
#4021 = EDGE_CURVE ( 'NONE', #160, #3618, #656, .T. ) ;
#4022 = CARTESIAN_POINT ( 'NONE',  ( -0.5000000000000000000, 0.1599999999999951461, 0.09500000000000007050 ) ) ;
#4023 = DIRECTION ( 'NONE',  ( 0.000000000000000000, -1.000000000000000000, 0.000000000000000000 ) ) ;
#4024 = CARTESIAN_POINT ( 'NONE',  ( 0.1200000000000000649, 0.1600000000000000033, 0.09499999999999991784 ) ) ;
#4025 = ORIENTED_EDGE ( 'NONE', *, *, #1284, .F. ) ;
#4026 = CARTESIAN_POINT ( 'NONE',  ( 0.4300000000000000488, 0.1000000000000000056, -0.4449999999999999512 ) ) ;
#4027 = ORIENTED_EDGE ( 'NONE', *, *, #91, .T. ) ;
#4028 = EDGE_CURVE ( 'NONE', #1443, #3875, #269, .T. ) ;
#4029 = VECTOR ( 'NONE', #1358, 1000.000000000000000 ) ;
#4030 = AXIS2_PLACEMENT_3D ( 'NONE', #193, #3653, #518 ) ;
#4031 = PLANE ( 'NONE',  #4493 ) ;
#4032 = DIRECTION ( 'NONE',  ( 0.000000000000000000, 1.000000000000000000, 0.000000000000000000 ) ) ;
#4033 = DIRECTION ( 'NONE',  ( -1.000000000000000000, 1.270549420881451741E-16, -0.000000000000000000 ) ) ;
#4034 = VERTEX_POINT ( 'NONE', #4587 ) ;
#4035 = ORIENTED_EDGE ( 'NONE', *, *, #873, .T. ) ;
#4036 = EDGE_CURVE ( 'NONE', #923, #974, #681, .T. ) ;
#4037 = UNCERTAINTY_MEASURE_WITH_UNIT (LENGTH_MEASURE( 1.000000000000000082E-05 ), #3585, 'distance_accuracy_value', 'NONE');
#4038 = ORIENTED_EDGE ( 'NONE', *, *, #433, .F. ) ;
#4039 = EDGE_LOOP ( 'NONE', ( #1908, #4880, #462, #3352 ) ) ;
#4040 = DIRECTION ( 'NONE',  ( 1.000000000000000000, 1.270549420881451741E-16, 0.000000000000000000 ) ) ;
#4041 = AXIS2_PLACEMENT_3D ( 'NONE', #3432, #4996, #3866 ) ;
#4042 = VECTOR ( 'NONE', #113, 1000.000000000000000 ) ;
#4043 = FACE_OUTER_BOUND ( 'NONE', #1238, .T. ) ;
#4044 = CARTESIAN_POINT ( 'NONE',  ( -0.1200000000000000927, 0.1600000000000000033, -0.09500000000000002887 ) ) ;
#4045 = DIRECTION ( 'NONE',  ( -1.084202172485504434E-16, 0.000000000000000000, -1.000000000000000000 ) ) ;
#4046 = VERTEX_POINT ( 'NONE', #5073 ) ;
#4047 = VERTEX_POINT ( 'NONE', #3915 ) ;
#4048 = LINE ( 'NONE', #544, #3412 ) ;
#4049 = DIRECTION ( 'NONE',  ( -3.388131789017200863E-16, -8.470329472542997228E-17, 1.000000000000000000 ) ) ;
#4050 = CARTESIAN_POINT ( 'NONE',  ( -0.4299999999999999933, 0.1000000000000000194, 0.6749999999999999334 ) ) ;
#4051 = ORIENTED_EDGE ( 'NONE', *, *, #1352, .F. ) ;
#4052 = EDGE_LOOP ( 'NONE', ( #3410, #3725, #1330, #1707 ) ) ;
#4053 = CARTESIAN_POINT ( 'NONE',  ( -0.4299999999999999933, 0.1600000000000000033, 0.6749999999999999334 ) ) ;
#4054 = ORIENTED_EDGE ( 'NONE', *, *, #4930, .F. ) ;
#4055 = DIRECTION ( 'NONE',  ( 1.000000000000000000, 0.000000000000000000, -3.497426362856466107E-16 ) ) ;
#4056 = LINE ( 'NONE', #4084, #2629 ) ;
#4057 = FACE_OUTER_BOUND ( 'NONE', #1217, .T. ) ;
#4058 = VERTEX_POINT ( 'NONE', #807 ) ;
#4059 = ADVANCED_FACE ( 'NONE', ( #1174 ), #2339, .T. ) ;
#4060 = ORIENTED_EDGE ( 'NONE', *, *, #3147, .F. ) ;
#4061 = DIRECTION ( 'NONE',  ( 1.000000000000000000, 0.000000000000000000, -3.497426362856467093E-16 ) ) ;
#4062 = ADVANCED_FACE ( 'NONE', ( #4346 ), #3508, .F. ) ;
#4063 = DIRECTION ( 'NONE',  ( -1.000000000000000000, -8.470329472543013251E-17, 0.000000000000000000 ) ) ;
#4064 = VECTOR ( 'NONE', #517, 1000.000000000000000 ) ;
#4065 = CARTESIAN_POINT ( 'NONE',  ( -0.5000000000000000000, 0.1000000000000000194, -0.6050000000000000933 ) ) ;
#4066 = CARTESIAN_POINT ( 'NONE',  ( 0.4300000000000000488, 0.5088552708502482869, 0.2549999999999999489 ) ) ;
#4067 = EDGE_CURVE ( 'NONE', #4286, #296, #4302, .T. ) ;
#4068 = ORIENTED_EDGE ( 'NONE', *, *, #1278, .F. ) ;
#4069 = EDGE_LOOP ( 'NONE', ( #1250, #70, #2166, #4590 ) ) ;
#4070 = DIRECTION ( 'NONE',  ( 1.000000000000000000, 0.000000000000000000, 0.000000000000000000 ) ) ;
#4071 = ADVANCED_FACE ( 'NONE', ( #2754 ), #1559, .T. ) ;
#4072 = FACE_OUTER_BOUND ( 'NONE', #2840, .T. ) ;
#4073 = DIRECTION ( 'NONE',  ( -1.000000000000000000, 0.000000000000000000, 0.000000000000000000 ) ) ;
#4074 = FACE_OUTER_BOUND ( 'NONE', #3335, .T. ) ;
#4075 =( NAMED_UNIT ( * ) PLANE_ANGLE_UNIT ( ) SI_UNIT ( $, .RADIAN. ) );
#4076 = ORIENTED_EDGE ( 'NONE', *, *, #947, .F. ) ;
#4077 = AXIS2_PLACEMENT_3D ( 'NONE', #553, #3982, #2975 ) ;
#4078 = PLANE ( 'NONE',  #1331 ) ;
#4079 = VECTOR ( 'NONE', #3775, 1000.000000000000000 ) ;
#4080 = EDGE_CURVE ( 'NONE', #158, #609, #3113, .T. ) ;
#4081 = CARTESIAN_POINT ( 'NONE',  ( -0.4299999999999999933, 0.1000000000000000194, -0.6750000000000001554 ) ) ;
#4082 = ORIENTED_EDGE ( 'NONE', *, *, #3479, .T. ) ;
#4083 = CARTESIAN_POINT ( 'NONE',  ( 0.1100000000000001810, 0.1599999999999999756, -0.4449999999999999512 ) ) ;
#4084 = CARTESIAN_POINT ( 'NONE',  ( 0.1200000000000001205, 0.000000000000000000, 0.2550000000000000044 ) ) ;
#4085 = ADVANCED_FACE ( 'NONE', ( #5 ), #3530, .T. ) ;
#4086 = CARTESIAN_POINT ( 'NONE',  ( -0.3700000000000001066, 0.3499999999999999778, -0.4950000000000001066 ) ) ;
#4087 = ORIENTED_EDGE ( 'NONE', *, *, #253, .F. ) ;
#4088 = VECTOR ( 'NONE', #365, 1000.000000000000000 ) ;
#4089 = UNCERTAINTY_MEASURE_WITH_UNIT (LENGTH_MEASURE( 1.000000000000000082E-05 ), #577, 'distance_accuracy_value', 'NONE');
#4090 = EDGE_LOOP ( 'NONE', ( #1104, #744, #4763, #4531 ) ) ;
#4091 = CARTESIAN_POINT ( 'NONE',  ( -0.4299999999999999933, 0.09999999999999269196, 0.4450000000000001177 ) ) ;
#4092 = CARTESIAN_POINT ( 'NONE',  ( -0.5000000000000000000, 0.09999999999999499567, 0.09500000000000013989 ) ) ;
#4093 = FACE_OUTER_BOUND ( 'NONE', #1128, .T. ) ;
#4094 = DIRECTION ( 'NONE',  ( 1.000000000000000000, -0.000000000000000000, 0.000000000000000000 ) ) ;
#4095 = EDGE_CURVE ( 'NONE', #760, #2055, #3159, .T. ) ;
#4096 = DIRECTION ( 'NONE',  ( 1.000000000000000000, 0.000000000000000000, -6.776263578034405671E-16 ) ) ;
#4097 = VERTEX_POINT ( 'NONE', #2384 ) ;
#4098 = ORIENTED_EDGE ( 'NONE', *, *, #199, .T. ) ;
#4099 = CARTESIAN_POINT ( 'NONE',  ( 0.1200000000000001205, 0.5088552708502482869, 0.2550000000000000044 ) ) ;
#4100 = DIRECTION ( 'NONE',  ( -1.748713181428233547E-16, 0.000000000000000000, -1.000000000000000000 ) ) ;
#4101 = DIRECTION ( 'NONE',  ( 6.776263578034405671E-16, -0.000000000000000000, 1.000000000000000000 ) ) ;
#4102 = VECTOR ( 'NONE', #5015, 1000.000000000000000 ) ;
#4103 = ORIENTED_EDGE ( 'NONE', *, *, #108, .T. ) ;
#4104 = SURFACE_STYLE_USAGE ( .BOTH. , #2159 ) ;
#4105 = VERTEX_POINT ( 'NONE', #1199 ) ;
#4106 = ADVANCED_FACE ( 'NONE', ( #413 ), #2688, .F. ) ;
#4107 = VECTOR ( 'NONE', #644, 1000.000000000000000 ) ;
#4108 = CARTESIAN_POINT ( 'NONE',  ( 0.1200000000000001205, 0.04000000000000002165, 0.6049999999999998712 ) ) ;
#4109 = FACE_OUTER_BOUND ( 'NONE', #1575, .T. ) ;
#4110 = ORIENTED_EDGE ( 'NONE', *, *, #1032, .T. ) ;
#4111 = PLANE ( 'NONE',  #1308 ) ;
#4112 = DIRECTION ( 'NONE',  ( -6.776263578034406657E-16, 0.000000000000000000, -1.000000000000000000 ) ) ;
#4113 = PLANE ( 'NONE',  #2130 ) ;
#4114 = ORIENTED_EDGE ( 'NONE', *, *, #4344, .F. ) ;
#4115 = PRODUCT_DEFINITION_FORMATION_WITH_SPECIFIED_SOURCE ( 'ANY', '', #2742, .NOT_KNOWN. ) ;
#4116 = ADVANCED_FACE ( 'NONE', ( #3554 ), #833, .T. ) ;
#4117 = VECTOR ( 'NONE', #868, 1000.000000000000000 ) ;
#4118 = FACE_OUTER_BOUND ( 'NONE', #2309, .T. ) ;
#4119 = LINE ( 'NONE', #2506, #1945 ) ;
#4120 = DIRECTION ( 'NONE',  ( 0.000000000000000000, -1.000000000000000000, 0.000000000000000000 ) ) ;
#4121 = LINE ( 'NONE', #598, #3630 ) ;
#4122 = FACE_OUTER_BOUND ( 'NONE', #4814, .T. ) ;
#4123 = VECTOR ( 'NONE', #4561, 1000.000000000000000 ) ;
#4124 = ORIENTED_EDGE ( 'NONE', *, *, #2116, .F. ) ;
#4125 = DIRECTION ( 'NONE',  ( -0.000000000000000000, -1.000000000000000000, -0.000000000000000000 ) ) ;
#4126 = LINE ( 'NONE', #1101, #338 ) ;
#4127 = CARTESIAN_POINT ( 'NONE',  ( -0.4299999999999999933, 0.09999999999999756306, -0.09499999999999989009 ) ) ;
#4128 = VECTOR ( 'NONE', #3289, 1000.000000000000000 ) ;
#4129 = DIRECTION ( 'NONE',  ( -0.000000000000000000, -1.000000000000000000, -0.000000000000000000 ) ) ;
#4130 = VERTEX_POINT ( 'NONE', #2731 ) ;
#4131 = EDGE_CURVE ( 'NONE', #499, #2572, #1606, .T. ) ;
#4132 = VERTEX_POINT ( 'NONE', #343 ) ;
#4133 = EDGE_CURVE ( 'NONE', #436, #4601, #2781, .T. ) ;
#4134 = DIRECTION ( 'NONE',  ( -1.000000000000000000, 0.000000000000000000, 8.031127203596330602E-17 ) ) ;
#4135 = CARTESIAN_POINT ( 'NONE',  ( 0.1200000000000001205, 0.5088552708502482869, 0.2550000000000000044 ) ) ;
#4136 = EDGE_CURVE ( 'NONE', #2482, #784, #757, .T. ) ;
#4137 = ORIENTED_EDGE ( 'NONE', *, *, #1188, .T. ) ;
#4138 = CARTESIAN_POINT ( 'NONE',  ( -0.4299999999999999933, 0.1000000000000000194, 0.6749999999999999334 ) ) ;
#4139 = CARTESIAN_POINT ( 'NONE',  ( -0.1200000000000000927, 0.5088552708502482869, 0.2549999999999999489 ) ) ;
#4140 = DIRECTION ( 'NONE',  ( -1.000000000000000000, 8.470329472543013251E-17, 0.000000000000000000 ) ) ;
#4141 = ORIENTED_EDGE ( 'NONE', *, *, #3414, .T. ) ;
#4142 = ORIENTED_EDGE ( 'NONE', *, *, #4914, .T. ) ;
#4143 = DIRECTION ( 'NONE',  ( 0.000000000000000000, -1.000000000000000000, 0.000000000000000000 ) ) ;
#4144 = VECTOR ( 'NONE', #3728, 1000.000000000000000 ) ;
#4145 = CARTESIAN_POINT ( 'NONE',  ( -0.4299999999999999933, 0.1000000000000000194, 0.6049999999999998712 ) ) ;
#4146 = DIRECTION ( 'NONE',  ( -0.000000000000000000, -1.000000000000000000, -0.000000000000000000 ) ) ;
#4147 = ORIENTED_EDGE ( 'NONE', *, *, #2212, .F. ) ;
#4148 = ADVANCED_FACE ( 'NONE', ( #442 ), #2026, .F. ) ;
#4149 = LINE ( 'NONE', #263, #2630 ) ;
#4150 = ORIENTED_EDGE ( 'NONE', *, *, #3972, .T. ) ;
#4151 = DIRECTION ( 'NONE',  ( -1.000000000000000000, 0.000000000000000000, -0.000000000000000000 ) ) ;
#4152 = CARTESIAN_POINT ( 'NONE',  ( 0.5000000000000000000, 0.09999999999999757694, -0.2550000000000000600 ) ) ;
#4153 = CARTESIAN_POINT ( 'NONE',  ( -0.3700000000000001066, 0.3499999999999999778, -0.5450000000000001510 ) ) ;
#4154 = VERTEX_POINT ( 'NONE', #4667 ) ;
#4155 = VECTOR ( 'NONE', #891, 1000.000000000000000 ) ;
#4156 = PLANE ( 'NONE',  #4392 ) ;
#4157 = ORIENTED_EDGE ( 'NONE', *, *, #3377, .F. ) ;
#4158 = DIRECTION ( 'NONE',  ( -1.000000000000000000, 0.000000000000000000, 3.497426362856466107E-16 ) ) ;
#4159 = CARTESIAN_POINT ( 'NONE',  ( -0.4299999999999999378, 0.1600000000000000033, 0.6049999999999998712 ) ) ;
#4160 = EDGE_LOOP ( 'NONE', ( #693, #1728, #5070, #2734 ) ) ;
#4161 = VECTOR ( 'NONE', #1895, 1000.000000000000000 ) ;
#4162 = PLANE ( 'NONE',  #1722 ) ;
#4163 = CARTESIAN_POINT ( 'NONE',  ( 0.1100000000000001810, 0.09999999999999997780, -0.4450000000000000067 ) ) ;
#4164 = ORIENTED_EDGE ( 'NONE', *, *, #4997, .F. ) ;
#4165 = EDGE_CURVE ( 'NONE', #1317, #2690, #3482, .T. ) ;
#4166 = VERTEX_POINT ( 'NONE', #129 ) ;
#4167 = CARTESIAN_POINT ( 'NONE',  ( 0.1200000000000001205, 0.09999999999999999167, 0.6049999999999999822 ) ) ;
#4168 = PLANE ( 'NONE',  #1457 ) ;
#4169 = LINE ( 'NONE', #3452, #2816 ) ;
#4170 = VECTOR ( 'NONE', #801, 1000.000000000000000 ) ;
#4171 = DIRECTION ( 'NONE',  ( 6.776263578034405671E-16, -8.470329472542995995E-17, 1.000000000000000000 ) ) ;
#4172 = ORIENTED_EDGE ( 'NONE', *, *, #2999, .T. ) ;
#4173 = CARTESIAN_POINT ( 'NONE',  ( -0.1200000000000000927, 0.5088552708502482869, 0.6049999999999998712 ) ) ;
#4174 =( GEOMETRIC_REPRESENTATION_CONTEXT ( 3 ) GLOBAL_UNCERTAINTY_ASSIGNED_CONTEXT ( ( #4805 ) ) GLOBAL_UNIT_ASSIGNED_CONTEXT ( ( #1942, #5009, #3802 ) ) REPRESENTATION_CONTEXT ( 'NONE', 'WORKASPACE' ) );
#4175 = FACE_BOUND ( 'NONE', #4870, .T. ) ;
#4176 = DIRECTION ( 'NONE',  ( -3.388131789017199877E-16, 0.000000000000000000, -1.000000000000000000 ) ) ;
#4177 = SURFACE_STYLE_USAGE ( .BOTH. , #1051 ) ;
#4178 = ORIENTED_EDGE ( 'NONE', *, *, #467, .T. ) ;
#4179 = EDGE_CURVE ( 'NONE', #2601, #3328, #3260, .T. ) ;
#4180 = DIRECTION ( 'NONE',  ( 0.000000000000000000, -1.000000000000000000, 0.000000000000000000 ) ) ;
#4181 = VERTEX_POINT ( 'NONE', #3236 ) ;
#4182 = PRODUCT_DEFINITION_SHAPE ( 'NONE', 'NONE',  #3675 ) ;
#4183 = PLANE ( 'NONE',  #5021 ) ;
#4184 = DIRECTION ( 'NONE',  ( -0.000000000000000000, 0.000000000000000000, -1.000000000000000000 ) ) ;
#4185 = VERTEX_POINT ( 'NONE', #962 ) ;
#4186 = VECTOR ( 'NONE', #4776, 1000.000000000000000 ) ;
#4187 = AXIS2_PLACEMENT_3D ( 'NONE', #3835, #447, #4381 ) ;
#4188 = DIRECTION ( 'NONE',  ( 1.000000000000000000, 1.270549420881451741E-16, 0.000000000000000000 ) ) ;
#4189 = EDGE_LOOP ( 'NONE', ( #361, #244, #3868, #15 ) ) ;
#4190 = ADVANCED_FACE ( 'NONE', ( #4093 ), #566, .F. ) ;
#4191 = CARTESIAN_POINT ( 'NONE',  ( -0.1500000000000004940, 0.1599999999999999756, -0.6050000000000000933 ) ) ;
#4192 = CARTESIAN_POINT ( 'NONE',  ( 0.4300000000000000488, 0.000000000000000000, 0.6049999999999998712 ) ) ;
#4193 = EDGE_CURVE ( 'NONE', #180, #2621, #937, .T. ) ;
#4194 = LINE ( 'NONE', #625, #1965 ) ;
#4195 = DIRECTION ( 'NONE',  ( 0.000000000000000000, 0.000000000000000000, -1.000000000000000000 ) ) ;
#4196 = VERTEX_POINT ( 'NONE', #2438 ) ;
#4197 = DIRECTION ( 'NONE',  ( -1.000000000000000000, 0.000000000000000000, 1.748713181428233547E-16 ) ) ;
#4198 = VECTOR ( 'NONE', #3558, 1000.000000000000000 ) ;
#4199 = ORIENTED_EDGE ( 'NONE', *, *, #2355, .F. ) ;
#4200 = LINE ( 'NONE', #1824, #3321 ) ;
#4201 = VECTOR ( 'NONE', #1858, 1000.000000000000000 ) ;
#4202 = DIRECTION ( 'NONE',  ( 1.000000000000000000, 0.000000000000000000, -3.388131789017199877E-16 ) ) ;
#4203 = FACE_OUTER_BOUND ( 'NONE', #2127, .T. ) ;
#4204 = SHAPE_DEFINITION_REPRESENTATION ( #4182, #3181 ) ;
#4205 = ORIENTED_EDGE ( 'NONE', *, *, #1991, .F. ) ;
#4206 = LINE ( 'NONE', #3385, #1726 ) ;
#4207 = VERTEX_POINT ( 'NONE', #2099 ) ;
#4208 = VECTOR ( 'NONE', #4101, 1000.000000000000000 ) ;
#4209 = CARTESIAN_POINT ( 'NONE',  ( 0.4300000000000000488, 0.1600000000000000033, -0.09500000000000002887 ) ) ;
#4210 = CARTESIAN_POINT ( 'NONE',  ( -0.1200000000000000372, 0.5088552708502482869, 0.09499999999999991784 ) ) ;
#4211 = ADVANCED_FACE ( 'NONE', ( #2052 ), #1347, .T. ) ;
#4212 = ORIENTED_EDGE ( 'NONE', *, *, #2794, .F. ) ;
#4213 = CARTESIAN_POINT ( 'NONE',  ( -0.2591199250936493392, 0.09999999999999756306, -0.09499999999999989009 ) ) ;
#4214 = DIRECTION ( 'NONE',  ( 0.000000000000000000, 1.000000000000000000, 0.000000000000000000 ) ) ;
#4215 = VERTEX_POINT ( 'NONE', #186 ) ;
#4216 = CARTESIAN_POINT ( 'NONE',  ( -0.4299999999999996048, 0.04000000000000000083, 1.050000000000000044 ) ) ;
#4217 = ADVANCED_FACE ( 'NONE', ( #2508 ), #3601, .T. ) ;
#4218 = DIRECTION ( 'NONE',  ( 0.000000000000000000, -1.000000000000000000, 0.000000000000000000 ) ) ;
#4219 = CARTESIAN_POINT ( 'NONE',  ( -0.1100000000000003059, 0.09999999999999997780, 0.6049999999999998712 ) ) ;
#4220 = EDGE_CURVE ( 'NONE', #4383, #1675, #1297, .T. ) ;
#4221 = VERTEX_POINT ( 'NONE', #4065 ) ;
#4222 = CARTESIAN_POINT ( 'NONE',  ( 0.000000000000000000, 0.000000000000000000, 0.6749999999999999334 ) ) ;
#4223 = EDGE_CURVE ( 'NONE', #1698, #1757, #3992, .T. ) ;
#4224 = VERTEX_POINT ( 'NONE', #4786 ) ;
#4225 = DIRECTION ( 'NONE',  ( 0.000000000000000000, -1.000000000000000000, 0.000000000000000000 ) ) ;
#4226 = EDGE_CURVE ( 'NONE', #1078, #1543, #1686, .T. ) ;
#4227 = DIRECTION ( 'NONE',  ( -1.000000000000000000, 0.000000000000000000, 1.748713181428233547E-16 ) ) ;
#4228 = CARTESIAN_POINT ( 'NONE',  ( -0.1200000000000000372, 0.000000000000000000, -0.6050000000000000933 ) ) ;
#4229 = ORIENTED_EDGE ( 'NONE', *, *, #2097, .F. ) ;
#4230 = ORIENTED_EDGE ( 'NONE', *, *, #2857, .F. ) ;
#4231 = VECTOR ( 'NONE', #1479, 1000.000000000000000 ) ;
#4232 = ADVANCED_FACE ( 'NONE', ( #2837 ), #3672, .F. ) ;
#4233 = CARTESIAN_POINT ( 'NONE',  ( -0.4299999999999999933, 0.1000000000000000194, 0.2794235880780059911 ) ) ;
#4234 = ORIENTED_EDGE ( 'NONE', *, *, #524, .T. ) ;
#4235 = LINE ( 'NONE', #1415, #7 ) ;
#4236 = VECTOR ( 'NONE', #941, 1000.000000000000000 ) ;
#4237 = DIRECTION ( 'NONE',  ( 0.000000000000000000, 0.000000000000000000, 1.000000000000000000 ) ) ;
#4238 = ORIENTED_EDGE ( 'NONE', *, *, #663, .T. ) ;
#4239 = EDGE_CURVE ( 'NONE', #2067, #1734, #4397, .T. ) ;
#4240 = FILL_AREA_STYLE_COLOUR ( '', #4909 ) ;
#4241 = DIRECTION ( 'NONE',  ( 0.000000000000000000, -0.000000000000000000, -1.000000000000000000 ) ) ;
#4242 = DIRECTION ( 'NONE',  ( 1.000000000000000000, -0.000000000000000000, -0.000000000000000000 ) ) ;
#4243 = ORIENTED_EDGE ( 'NONE', *, *, #4949, .F. ) ;
#4244 = EDGE_CURVE ( 'NONE', #2281, #3436, #1662, .T. ) ;
#4245 = VECTOR ( 'NONE', #2486, 1000.000000000000000 ) ;
#4246 = EDGE_CURVE ( 'NONE', #540, #3014, #491, .T. ) ;
#4247 = DIRECTION ( 'NONE',  ( 1.000000000000000000, 0.000000000000000000, -8.031127203596330602E-17 ) ) ;
#4248 = LINE ( 'NONE', #4707, #539 ) ;
#4249 = LINE ( 'NONE', #3859, #3434 ) ;
#4250 = PRESENTATION_LAYER_ASSIGNMENT (  '', '', ( #1705 ) ) ;
#4251 = ORIENTED_EDGE ( 'NONE', *, *, #141, .F. ) ;
#4252 = ORIENTED_EDGE ( 'NONE', *, *, #3001, .F. ) ;
#4253 = CARTESIAN_POINT ( 'NONE',  ( -0.4299999999999999933, 0.1599999999999999756, 0.6049999999999998712 ) ) ;
#4254 = VECTOR ( 'NONE', #2483, 1000.000000000000000 ) ;
#4255 = DIRECTION ( 'NONE',  ( 1.000000000000000000, 0.000000000000000000, -0.000000000000000000 ) ) ;
#4256 = CARTESIAN_POINT ( 'NONE',  ( 0.1200000000000002731, 0.04000000000000000083, 0.3499999999999999223 ) ) ;
#4257 = VECTOR ( 'NONE', #559, 1000.000000000000000 ) ;
#4258 = VERTEX_POINT ( 'NONE', #1739 ) ;
#4259 = ADVANCED_FACE ( 'NONE', ( #3288 ), #4863, .F. ) ;
#4260 = VECTOR ( 'NONE', #4003, 1000.000000000000000 ) ;
#4261 = DIRECTION ( 'NONE',  ( -6.802629345036383355E-33, -1.000000000000000000, -8.470329472542999693E-17 ) ) ;
#4262 = CARTESIAN_POINT ( 'NONE',  ( 0.4300000000000001044, 0.1600000000000000033, -0.6050000000000000933 ) ) ;
#4263 = PLANE ( 'NONE',  #3659 ) ;
#4264 = ADVANCED_FACE ( 'NONE', ( #1245 ), #2812, .F. ) ;
#4265 = ORIENTED_EDGE ( 'NONE', *, *, #236, .T. ) ;
#4266 = SURFACE_STYLE_FILL_AREA ( #3880 ) ;
#4267 = FACE_OUTER_BOUND ( 'NONE', #4619, .T. ) ;
#4268 = ORIENTED_EDGE ( 'NONE', *, *, #4568, .T. ) ;
#4269 = CARTESIAN_POINT ( 'NONE',  ( -0.5000000000000000000, 0.000000000000000000, 0.000000000000000000 ) ) ;
#4270 = PLANE ( 'NONE',  #2117 ) ;
#4271 = PLANE ( 'NONE',  #2167 ) ;
#4272 = ORIENTED_EDGE ( 'NONE', *, *, #4767, .F. ) ;
#4273 = EDGE_LOOP ( 'NONE', ( #4984, #4511, #25, #2134 ) ) ;
#4274 = EDGE_CURVE ( 'NONE', #4724, #731, #4553, .T. ) ;
#4275 = ORIENTED_EDGE ( 'NONE', *, *, #803, .T. ) ;
#4276 = FACE_OUTER_BOUND ( 'NONE', #2316, .T. ) ;
#4277 = DIRECTION ( 'NONE',  ( 0.000000000000000000, -1.000000000000000000, 0.000000000000000000 ) ) ;
#4278 = DIRECTION ( 'NONE',  ( 0.000000000000000000, -1.000000000000000000, 0.000000000000000000 ) ) ;
#4279 = ORIENTED_EDGE ( 'NONE', *, *, #2466, .T. ) ;
#4280 = ORIENTED_EDGE ( 'NONE', *, *, #1337, .T. ) ;
#4281 = FACE_OUTER_BOUND ( 'NONE', #1060, .T. ) ;
#4282 = VECTOR ( 'NONE', #4049, 1000.000000000000000 ) ;
#4283 = CARTESIAN_POINT ( 'NONE',  ( -0.5000000000000000000, 0.09999999999999269196, 0.4450000000000001177 ) ) ;
#4284 = DIRECTION ( 'NONE',  ( 1.000000000000000000, 0.000000000000000000, 0.000000000000000000 ) ) ;
#4285 = EDGE_CURVE ( 'NONE', #3224, #4047, #3783, .T. ) ;
#4286 = VERTEX_POINT ( 'NONE', #1818 ) ;
#4287 = AXIS2_PLACEMENT_3D ( 'NONE', #233, #1812, #4929 ) ;
#4288 = ADVANCED_FACE ( 'NONE', ( #2227 ), #2604, .F. ) ;
#4289 =( NAMED_UNIT ( * ) SI_UNIT ( $, .STERADIAN. ) SOLID_ANGLE_UNIT ( ) );
#4290 = CARTESIAN_POINT ( 'NONE',  ( 0.4300000000000000488, 0.09999999999999510669, 0.2549999999999999489 ) ) ;
#4291 = ADVANCED_FACE ( 'NONE', ( #3399 ), #4606, .T. ) ;
#4292 = VERTEX_POINT ( 'NONE', #260 ) ;
#4293 = VECTOR ( 'NONE', #3673, 1000.000000000000000 ) ;
#4294 = CARTESIAN_POINT ( 'NONE',  ( 0.5000000000000000000, 0.1600000000000000033, -0.6050000000000000933 ) ) ;
#4295 = LINE ( 'NONE', #1528, #3420 ) ;
#4296 = CARTESIAN_POINT ( 'NONE',  ( 0.5000000000000000000, 0.1599999999999926759, 0.6050000000000002043 ) ) ;
#4297 = EDGE_LOOP ( 'NONE', ( #2310, #4523, #355, #4731 ) ) ;
#4298 = VERTEX_POINT ( 'NONE', #2958 ) ;
#4299 = CARTESIAN_POINT ( 'NONE',  ( -0.4300000000000000488, 0.1599999999999999756, 0.6750000000000000444 ) ) ;
#4300 = EDGE_CURVE ( 'NONE', #4897, #560, #1401, .T. ) ;
#4301 = CARTESIAN_POINT ( 'NONE',  ( -0.1500000000000004940, 0.000000000000000000, -0.6050000000000000933 ) ) ;
#4302 = LINE ( 'NONE', #1981, #2646 ) ;
#4303 = CARTESIAN_POINT ( 'NONE',  ( 0.5000000000000000000, 0.09999999999999510669, 0.2550000000000000600 ) ) ;
#4304 = ORIENTED_EDGE ( 'NONE', *, *, #3921, .F. ) ;
#4305 = CARTESIAN_POINT ( 'NONE',  ( -0.1200000000000000927, 0.1600000000000000033, 0.6049999999999998712 ) ) ;
#4306 = DIRECTION ( 'NONE',  ( -8.031127203596330602E-17, 0.000000000000000000, -1.000000000000000000 ) ) ;
#4307 = ORIENTED_EDGE ( 'NONE', *, *, #614, .F. ) ;
#4308 = PRESENTATION_STYLE_ASSIGNMENT (( #2036 ) ) ;
#4309 = DIRECTION ( 'NONE',  ( -0.000000000000000000, 1.000000000000000000, -0.000000000000000000 ) ) ;
#4310 = ORIENTED_EDGE ( 'NONE', *, *, #701, .F. ) ;
#4311 = VERTEX_POINT ( 'NONE', #992 ) ;
#4312 =( NAMED_UNIT ( * ) SI_UNIT ( $, .STERADIAN. ) SOLID_ANGLE_UNIT ( ) );
#4313 = VECTOR ( 'NONE', #3188, 1000.000000000000000 ) ;
#4314 = DIRECTION ( 'NONE',  ( -1.000000000000000000, 0.000000000000000000, 3.497426362856466107E-16 ) ) ;
#4315 = LINE ( 'NONE', #1194, #1804 ) ;
#4316 = ORIENTED_EDGE ( 'NONE', *, *, #4348, .T. ) ;
#4317 = EDGE_CURVE ( 'NONE', #235, #160, #2985, .T. ) ;
#4318 = VECTOR ( 'NONE', #4579, 1000.000000000000000 ) ;
#4319 = CARTESIAN_POINT ( 'NONE',  ( -0.2591199250936493392, 0.09999999999999512057, 0.09500000000000005662 ) ) ;
#4320 = VECTOR ( 'NONE', #3023, 1000.000000000000000 ) ;
#4321 = CARTESIAN_POINT ( 'NONE',  ( 0.4299999999999998823, 0.1600000000000000033, 0.6049999999999998712 ) ) ;
#4322 = CARTESIAN_POINT ( 'NONE',  ( -0.4299999999999999378, 0.1000000000000000194, -0.1194235880780060155 ) ) ;
#4323 = LINE ( 'NONE', #783, #1428 ) ;
#4324 = ORIENTED_EDGE ( 'NONE', *, *, #1242, .T. ) ;
#4325 = CARTESIAN_POINT ( 'NONE',  ( -0.5000000000000000000, 0.09999999999999510669, 0.2550000000000001710 ) ) ;
#4326 = CARTESIAN_POINT ( 'NONE',  ( 0.5000000000000000000, 0.1600000000000000033, -0.6050000000000000933 ) ) ;
#4327 = LINE ( 'NONE', #2060, #3583 ) ;
#4328 = ORIENTED_EDGE ( 'NONE', *, *, #2993, .T. ) ;
#4329 = VECTOR ( 'NONE', #3595, 1000.000000000000000 ) ;
#4330 = EDGE_CURVE ( 'NONE', #761, #4058, #1018, .T. ) ;
#4331 = CARTESIAN_POINT ( 'NONE',  ( -0.4299999999999999378, 0.000000000000000000, 0.2549999999999999489 ) ) ;
#4332 = DIRECTION ( 'NONE',  ( -1.084202172485504434E-16, -0.000000000000000000, -1.000000000000000000 ) ) ;
#4333 = EDGE_LOOP ( 'NONE', ( #4054, #2102, #2306, #1417 ) ) ;
#4334 = VECTOR ( 'NONE', #990, 1000.000000000000000 ) ;
#4335 = LINE ( 'NONE', #1143, #4423 ) ;
#4336 = CARTESIAN_POINT ( 'NONE',  ( -0.4299999999999999933, 0.1000000000000000056, -0.4449999999999998956 ) ) ;
#4337 = CARTESIAN_POINT ( 'NONE',  ( 0.5000000000000000000, 0.09999999999999756306, -0.09499999999999995948 ) ) ;
#4338 = ADVANCED_FACE ( 'NONE', ( #1845 ), #4168, .T. ) ;
#4339 = ORIENTED_EDGE ( 'NONE', *, *, #481, .T. ) ;
#4340 = ORIENTED_EDGE ( 'NONE', *, *, #3606, .T. ) ;
#4341 = VECTOR ( 'NONE', #2551, 1000.000000000000000 ) ;
#4342 = LINE ( 'NONE', #2707, #1139 ) ;
#4343 = AXIS2_PLACEMENT_3D ( 'NONE', #2179, #4096, #568 ) ;
#4344 = EDGE_CURVE ( 'NONE', #1263, #876, #4987, .T. ) ;
#4345 = DIRECTION ( 'NONE',  ( -3.388131789017200370E-16, 0.000000000000000000, 1.000000000000000000 ) ) ;
#4346 = FACE_OUTER_BOUND ( 'NONE', #1657, .T. ) ;
#4347 = DIRECTION ( 'NONE',  ( -6.776263578034406657E-16, 0.000000000000000000, -1.000000000000000000 ) ) ;
#4348 = EDGE_CURVE ( 'NONE', #722, #3887, #3008, .T. ) ;
#4349 = DIRECTION ( 'NONE',  ( -0.000000000000000000, 0.000000000000000000, 1.000000000000000000 ) ) ;
#4350 = ORIENTED_EDGE ( 'NONE', *, *, #1467, .F. ) ;
#4351 = CARTESIAN_POINT ( 'NONE',  ( -0.1200000000000000927, 0.1599999999999999756, 0.6049999999999998712 ) ) ;
#4352 = ORIENTED_EDGE ( 'NONE', *, *, #3682, .F. ) ;
#4353 = CARTESIAN_POINT ( 'NONE',  ( 0.4300000000000000488, 0.09999999999999756306, -0.09499999999999995948 ) ) ;
#4354 = CARTESIAN_POINT ( 'NONE',  ( 0.4300000000000000488, 0.5088552708502482869, -0.09500000000000002887 ) ) ;
#4355 = LINE ( 'NONE', #2010, #4485 ) ;
#4356 = ORIENTED_EDGE ( 'NONE', *, *, #2421, .F. ) ;
#4357 = STYLED_ITEM ( 'NONE', ( #606 ), #5026 ) ;
#4358 = AXIS2_PLACEMENT_3D ( 'NONE', #1634, #3865, #3185 ) ;
#4359 = CARTESIAN_POINT ( 'NONE',  ( 0.4299999999999998823, 0.04000000000000000083, 0.3500000000000001443 ) ) ;
#4360 = ADVANCED_FACE ( 'NONE', ( #2175 ), #1065, .F. ) ;
#4361 = CARTESIAN_POINT ( 'NONE',  ( -0.3700000000000001066, 0.2999999999999999889, -0.5450000000000001510 ) ) ;
#4362 = VECTOR ( 'NONE', #818, 1000.000000000000000 ) ;
#4363 = ORIENTED_EDGE ( 'NONE', *, *, #2634, .F. ) ;
#4364 = VECTOR ( 'NONE', #1459, 1000.000000000000000 ) ;
#4365 = DIRECTION ( 'NONE',  ( 0.000000000000000000, 0.000000000000000000, -1.000000000000000000 ) ) ;
#4366 = VECTOR ( 'NONE', #4146, 1000.000000000000000 ) ;
#4367 = DIRECTION ( 'NONE',  ( 6.776263578034405671E-16, -8.470329472542998460E-17, 1.000000000000000000 ) ) ;
#4368 = DIRECTION ( 'NONE',  ( 0.000000000000000000, -1.000000000000000000, 0.000000000000000000 ) ) ;
#4369 = ORIENTED_EDGE ( 'NONE', *, *, #2064, .T. ) ;
#4370 = ORIENTED_EDGE ( 'NONE', *, *, #4220, .F. ) ;
#4371 = ORIENTED_EDGE ( 'NONE', *, *, #4726, .F. ) ;
#4372 = ORIENTED_EDGE ( 'NONE', *, *, #3501, .T. ) ;
#4373 = CARTESIAN_POINT ( 'NONE',  ( 0.5000000000000000000, 2.380029761641144326, 0.6749999999999998224 ) ) ;
#4374 = CARTESIAN_POINT ( 'NONE',  ( 0.1200000000000000927, 0.09999999999999510669, 0.2550000000000001155 ) ) ;
#4375 = CARTESIAN_POINT ( 'NONE',  ( -0.07000000000000007605, 0.1599999999999999756, -0.6049999999999999822 ) ) ;
#4376 = CARTESIAN_POINT ( 'NONE',  ( 0.4300000000000000488, 0.1600000000000000033, 0.2549999999999999489 ) ) ;
#4377 = DIRECTION ( 'NONE',  ( -0.000000000000000000, 1.000000000000000000, 0.000000000000000000 ) ) ;
#4378 = CARTESIAN_POINT ( 'NONE',  ( 0.4300000000000000488, 0.5088552708502482869, 0.2549999999999999489 ) ) ;
#4379 = EDGE_CURVE ( 'NONE', #2830, #1776, #3807, .T. ) ;
#4380 = LINE ( 'NONE', #2445, #3284 ) ;
#4381 = DIRECTION ( 'NONE',  ( 0.000000000000000000, -0.000000000000000000, -1.000000000000000000 ) ) ;
#4382 = SURFACE_SIDE_STYLE ('',( #3974 ) ) ;
#4383 = VERTEX_POINT ( 'NONE', #1375 ) ;
#4384 = EDGE_CURVE ( 'NONE', #2786, #2601, #3757, .T. ) ;
#4385 = STYLED_ITEM ( 'NONE', ( #1017 ), #1524 ) ;
#4386 = ORIENTED_EDGE ( 'NONE', *, *, #278, .T. ) ;
#4387 = VECTOR ( 'NONE', #3812, 1000.000000000000000 ) ;
#4388 = CARTESIAN_POINT ( 'NONE',  ( 0.1200000000000001205, 0.1600000000000000033, 0.6049999999999998712 ) ) ;
#4389 = FACE_OUTER_BOUND ( 'NONE', #1113, .T. ) ;
#4390 = CARTESIAN_POINT ( 'NONE',  ( 0.4300000000000000488, 0.1600000000000000033, -0.09500000000000002887 ) ) ;
#4391 = ORIENTED_EDGE ( 'NONE', *, *, #4239, .T. ) ;
#4392 = AXIS2_PLACEMENT_3D ( 'NONE', #2389, #1564, #839 ) ;
#4393 = UNCERTAINTY_MEASURE_WITH_UNIT (LENGTH_MEASURE( 1.000000000000000082E-05 ), #4986, 'distance_accuracy_value', 'NONE');
#4394 = EDGE_CURVE ( 'NONE', #2482, #3340, #2557, .T. ) ;
#4395 = DIRECTION ( 'NONE',  ( -1.000000000000000000, 0.000000000000000000, 0.000000000000000000 ) ) ;
#4396 = CARTESIAN_POINT ( 'NONE',  ( -0.1200000000000000927, 0.1600000000000000033, -0.09500000000000002887 ) ) ;
#4397 = LINE ( 'NONE', #513, #3165 ) ;
#4398 = LINE ( 'NONE', #1587, #1091 ) ;
#4399 = EDGE_LOOP ( 'NONE', ( #2767, #5076, #4822, #3643 ) ) ;
#4400 = ORIENTED_EDGE ( 'NONE', *, *, #3972, .F. ) ;
#4401 = AXIS2_PLACEMENT_3D ( 'NONE', #106, #2125, #910 ) ;
#4402 = CARTESIAN_POINT ( 'NONE',  ( 0.4300000000000001044, 0.5088552708502482869, 0.09499999999999991784 ) ) ;
#4403 = DIRECTION ( 'NONE',  ( 3.388131789017200370E-16, 0.000000000000000000, -1.000000000000000000 ) ) ;
#4404 = CARTESIAN_POINT ( 'NONE',  ( -0.5000000000000000000, 0.1599999999999951461, 0.2550000000000001710 ) ) ;
#4405 = EDGE_CURVE ( 'NONE', #3836, #4705, #4194, .T. ) ;
#4406 = ORIENTED_EDGE ( 'NONE', *, *, #2744, .F. ) ;
#4407 = EDGE_LOOP ( 'NONE', ( #1645, #21, #4692, #3189 ) ) ;
#4408 = EDGE_CURVE ( 'NONE', #360, #1934, #1430, .T. ) ;
#4409 = DIRECTION ( 'NONE',  ( -1.000000000000000000, 0.000000000000000000, 8.031127203596330602E-17 ) ) ;
#4410 = ORIENTED_EDGE ( 'NONE', *, *, #4179, .T. ) ;
#4411 = PRESENTATION_LAYER_ASSIGNMENT (  '', '', ( #1553 ) ) ;
#4412 = DIRECTION ( 'NONE',  ( 0.000000000000000000, 1.000000000000000000, 0.000000000000000000 ) ) ;
#4413 = PLANE ( 'NONE',  #4669 ) ;
#4414 = ORIENTED_EDGE ( 'NONE', *, *, #709, .F. ) ;
#4415 = ORIENTED_EDGE ( 'NONE', *, *, #932, .F. ) ;
#4416 = ORIENTED_EDGE ( 'NONE', *, *, #2625, .F. ) ;
#4417 = DIRECTION ( 'NONE',  ( 1.000000000000000000, 0.000000000000000000, -1.748713181428233300E-16 ) ) ;
#4418 = DIRECTION ( 'NONE',  ( 0.000000000000000000, 8.470329472542998460E-17, -1.000000000000000000 ) ) ;
#4419 = DIRECTION ( 'NONE',  ( -1.000000000000000000, 0.000000000000000000, 0.000000000000000000 ) ) ;
#4420 = LINE ( 'NONE', #4473, #4128 ) ;
#4421 = ORIENTED_EDGE ( 'NONE', *, *, #3692, .T. ) ;
#4422 = ORIENTED_EDGE ( 'NONE', *, *, #2478, .T. ) ;
#4423 = VECTOR ( 'NONE', #3955, 1000.000000000000000 ) ;
#4424 = DIRECTION ( 'NONE',  ( -1.000000000000000000, 0.000000000000000000, 3.497426362856466107E-16 ) ) ;
#4425 = FACE_OUTER_BOUND ( 'NONE', #4333, .T. ) ;
#4426 = DIRECTION ( 'NONE',  ( -0.000000000000000000, 0.000000000000000000, -1.000000000000000000 ) ) ;
#4427 =( LENGTH_UNIT ( ) NAMED_UNIT ( * ) SI_UNIT ( .MILLI., .METRE. ) );
#4428 = EDGE_LOOP ( 'NONE', ( #3556, #299, #1777, #3763 ) ) ;
#4429 = EDGE_CURVE ( 'NONE', #3665, #3521, #1867, .T. ) ;
#4430 = DIRECTION ( 'NONE',  ( -1.084202172485504434E-16, 0.000000000000000000, -1.000000000000000000 ) ) ;
#4431 = EDGE_CURVE ( 'NONE', #2497, #4224, #726, .T. ) ;
#4432 = AXIS2_PLACEMENT_3D ( 'NONE', #4024, #3582, #498 ) ;
#4433 = ORIENTED_EDGE ( 'NONE', *, *, #4502, .T. ) ;
#4434 = VECTOR ( 'NONE', #1071, 1000.000000000000000 ) ;
#4435 = EDGE_CURVE ( 'NONE', #2104, #863, #800, .T. ) ;
#4436 = AXIS2_PLACEMENT_3D ( 'NONE', #1906, #683, #2234 ) ;
#4437 = EDGE_CURVE ( 'NONE', #3697, #3846, #4657, .T. ) ;
#4438 = VECTOR ( 'NONE', #4952, 1000.000000000000000 ) ;
#4439 = LINE ( 'NONE', #2140, #67 ) ;
#4440 = PLANE ( 'NONE',  #3588 ) ;
#4441 = ORIENTED_EDGE ( 'NONE', *, *, #1306, .T. ) ;
#4442 = ADVANCED_FACE ( 'NONE', ( #3548 ), #2680, .F. ) ;
#4443 = ORIENTED_EDGE ( 'NONE', *, *, #1190, .F. ) ;
#4444 = ORIENTED_EDGE ( 'NONE', *, *, #3818, .T. ) ;
#4445 = DIRECTION ( 'NONE',  ( 0.000000000000000000, 0.000000000000000000, 1.000000000000000000 ) ) ;
#4446 = VECTOR ( 'NONE', #2709, 1000.000000000000000 ) ;
#4447 = AXIS2_PLACEMENT_3D ( 'NONE', #3610, #1694, #3169 ) ;
#4448 = LINE ( 'NONE', #936, #71 ) ;
#4449 = CARTESIAN_POINT ( 'NONE',  ( 0.1200000000000001205, 0.5088552708502482869, 0.6049999999999999822 ) ) ;
#4450 = LINE ( 'NONE', #2126, #4293 ) ;
#4451 = ORIENTED_EDGE ( 'NONE', *, *, #4930, .T. ) ;
#4452 = ORIENTED_EDGE ( 'NONE', *, *, #3749, .T. ) ;
#4453 = EDGE_CURVE ( 'NONE', #2884, #3041, #1144, .T. ) ;
#4454 = CARTESIAN_POINT ( 'NONE',  ( 0.4300000000000001044, 0.000000000000000000, 0.09499999999999991784 ) ) ;
#4455 = DIRECTION ( 'NONE',  ( 1.270549420881451741E-16, -1.000000000000000000, 0.000000000000000000 ) ) ;
#4456 = LINE ( 'NONE', #1262, #4529 ) ;
#4457 = EDGE_CURVE ( 'NONE', #590, #1267, #1116, .T. ) ;
#4458 = LINE ( 'NONE', #86, #1074 ) ;
#4459 = CARTESIAN_POINT ( 'NONE',  ( 0.1200000000000001205, 0.1600000000000000033, -0.4449999999999999512 ) ) ;
#4460 = ORIENTED_EDGE ( 'NONE', *, *, #3536, .F. ) ;
#4461 = CARTESIAN_POINT ( 'NONE',  ( -0.4299999999999999378, 0.1000000000000000194, -0.1194235880780060155 ) ) ;
#4462 = ORIENTED_EDGE ( 'NONE', *, *, #579, .F. ) ;
#4463 = DIRECTION ( 'NONE',  ( 3.497426362856466107E-16, -0.000000000000000000, 1.000000000000000000 ) ) ;
#4464 = CARTESIAN_POINT ( 'NONE',  ( -0.1200000000000000927, 0.09999999999999997780, 0.6049999999999998712 ) ) ;
#4465 = EDGE_LOOP ( 'NONE', ( #1822, #1036, #4492, #1532 ) ) ;
#4466 = ORIENTED_EDGE ( 'NONE', *, *, #4660, .F. ) ;
#4467 = VERTEX_POINT ( 'NONE', #3931 ) ;
#4468 = CARTESIAN_POINT ( 'NONE',  ( 0.4300000000000000488, 0.1000000000000000472, -0.4450000000000000067 ) ) ;
#4469 = CARTESIAN_POINT ( 'NONE',  ( 0.4300000000000000488, 0.1600000000000000033, 0.2549999999999999489 ) ) ;
#4470 = VECTOR ( 'NONE', #349, 1000.000000000000000 ) ;
#4471 = ADVANCED_FACE ( 'NONE', ( #2303 ), #3858, .F. ) ;
#4472 = CARTESIAN_POINT ( 'NONE',  ( -0.4299999999999999933, 0.1000000000000000194, 0.2794235880780059911 ) ) ;
#4473 = CARTESIAN_POINT ( 'NONE',  ( -0.1200000000000000927, 0.1599999999999999756, 0.6049999999999998712 ) ) ;
#4474 = LINE ( 'NONE', #995, #1871 ) ;
#4475 = EDGE_LOOP ( 'NONE', ( #4799, #5044 ) ) ;
#4476 = ORIENTED_EDGE ( 'NONE', *, *, #3651, .T. ) ;
#4477 = CARTESIAN_POINT ( 'NONE',  ( 0.5000000000000000000, 0.09999999999999757694, -0.2550000000000000600 ) ) ;
#4478 = DIRECTION ( 'NONE',  ( 1.000000000000000000, -0.000000000000000000, -3.497426362856467093E-16 ) ) ;
#4479 = CARTESIAN_POINT ( 'NONE',  ( -0.4300000000000000488, 0.5088552708502482869, -0.6049999999999999822 ) ) ;
#4480 = ORIENTED_EDGE ( 'NONE', *, *, #785, .T. ) ;
#4481 = FACE_OUTER_BOUND ( 'NONE', #3762, .T. ) ;
#4482 = VERTEX_POINT ( 'NONE', #5067 ) ;
#4483 = VECTOR ( 'NONE', #3346, 1000.000000000000000 ) ;
#4484 = LINE ( 'NONE', #1332, #12 ) ;
#4485 = VECTOR ( 'NONE', #1615, 1000.000000000000000 ) ;
#4486 = CARTESIAN_POINT ( 'NONE',  ( -0.4300000000000005485, 0.09999999999999757694, -0.2549999999999998379 ) ) ;
#4487 = ADVANCED_FACE ( 'NONE', ( #3498 ), #405, .F. ) ;
#4488 = ORIENTED_EDGE ( 'NONE', *, *, #2421, .T. ) ;
#4489 = VECTOR ( 'NONE', #908, 1000.000000000000000 ) ;
#4490 = LINE ( 'NONE', #2878, #1391 ) ;
#4491 = CARTESIAN_POINT ( 'NONE',  ( -0.07000000000000007605, 0.1599999999999999756, -0.4450000000000000067 ) ) ;
#4492 = ORIENTED_EDGE ( 'NONE', *, *, #3942, .F. ) ;
#4493 = AXIS2_PLACEMENT_3D ( 'NONE', #1729, #3366, #616 ) ;
#4494 = ORIENTED_EDGE ( 'NONE', *, *, #5013, .F. ) ;
#4495 = DIRECTION ( 'NONE',  ( 3.388131789017200370E-16, 0.000000000000000000, -1.000000000000000000 ) ) ;
#4496 = DIRECTION ( 'NONE',  ( -1.000000000000000000, 0.000000000000000000, 1.748713181428233547E-16 ) ) ;
#4497 = CARTESIAN_POINT ( 'NONE',  ( 0.000000000000000000, 0.1600000000000000033, 1.050000000000000044 ) ) ;
#4498 = CARTESIAN_POINT ( 'NONE',  ( -0.2591199250936493392, 0.09999999999999269196, 0.4450000000000001177 ) ) ;
#4499 = ORIENTED_EDGE ( 'NONE', *, *, #4437, .T. ) ;
#4500 = CARTESIAN_POINT ( 'NONE',  ( 0.000000000000000000, 0.04000000000000000083, 0.2549999999999999489 ) ) ;
#4501 = ORIENTED_EDGE ( 'NONE', *, *, #2611, .T. ) ;
#4502 = EDGE_CURVE ( 'NONE', #1638, #321, #4248, .T. ) ;
#4503 = ORIENTED_EDGE ( 'NONE', *, *, #1306, .F. ) ;
#4504 = DIRECTION ( 'NONE',  ( 0.000000000000000000, -8.470329472542998460E-17, 1.000000000000000000 ) ) ;
#4505 = EDGE_CURVE ( 'NONE', #3621, #1878, #4729, .T. ) ;
#4506 = LINE ( 'NONE', #2513, #1084 ) ;
#4507 = DIRECTION ( 'NONE',  ( 3.388131789017200370E-16, 8.470329472542998460E-17, -1.000000000000000000 ) ) ;
#4508 = AXIS2_PLACEMENT_3D ( 'NONE', #1346, #3344, #4496 ) ;
#4509 = ORIENTED_EDGE ( 'NONE', *, *, #4671, .F. ) ;
#4510 = CARTESIAN_POINT ( 'NONE',  ( 0.4299999999999998823, 0.1000000000000000194, -0.6750000000000001554 ) ) ;
#4511 = ORIENTED_EDGE ( 'NONE', *, *, #116, .T. ) ;
#4512 = ORIENTED_EDGE ( 'NONE', *, *, #2592, .F. ) ;
#4513 = STYLED_ITEM ( 'NONE', ( #1676 ), #1650 ) ;
#4514 = CARTESIAN_POINT ( 'NONE',  ( -0.5000000000000000000, 0.1599999999999926759, 0.4450000000000001177 ) ) ;
#4515 = DIRECTION ( 'NONE',  ( 1.000000000000000000, 0.000000000000000000, -3.497426362856466107E-16 ) ) ;
#4516 = ORIENTED_EDGE ( 'NONE', *, *, #827, .F. ) ;
#4517 = EDGE_CURVE ( 'NONE', #2614, #2873, #4295, .T. ) ;
#4518 = CARTESIAN_POINT ( 'NONE',  ( 0.1200000000000001205, 0.1599999999999999756, -0.09499999999999997335 ) ) ;
#4519 = PLANE ( 'NONE',  #2143 ) ;
#4520 = DIRECTION ( 'NONE',  ( 1.000000000000000000, 1.270549420881451988E-16, 0.000000000000000000 ) ) ;
#4521 = VERTEX_POINT ( 'NONE', #1213 ) ;
#4522 = AXIS2_PLACEMENT_3D ( 'NONE', #813, #1226, #1963 ) ;
#4523 = ORIENTED_EDGE ( 'NONE', *, *, #3977, .F. ) ;
#4524 = LINE ( 'NONE', #1473, #2549 ) ;
#4525 = SURFACE_STYLE_USAGE ( .BOTH. , #1527 ) ;
#4526 = DIRECTION ( 'NONE',  ( -3.388131789017200863E-16, -8.470329472543000925E-17, 1.000000000000000000 ) ) ;
#4527 = CARTESIAN_POINT ( 'NONE',  ( -0.1100000000000003059, 0.09999999999999997780, 0.2794235880780059911 ) ) ;
#4528 = CARTESIAN_POINT ( 'NONE',  ( -0.1200000000000000927, 0.1599999999999999756, -0.09500000000000002887 ) ) ;
#4530 = EDGE_LOOP ( 'NONE', ( #2729, #1763, #531, #3370 ) ) ;
#4529 = VECTOR ( 'NONE', #4073, 1000.000000000000000 ) ;
#4531 = ORIENTED_EDGE ( 'NONE', *, *, #2842, .T. ) ;
#4532 = LINE ( 'NONE', #1070, #209 ) ;
#4533 = LINE ( 'NONE', #2232, #1746 ) ;
#4534 = LINE ( 'NONE', #1410, #4208 ) ;
#4535 = AXIS2_PLACEMENT_3D ( 'NONE', #626, #1402, #4045 ) ;
#4536 = SURFACE_STYLE_FILL_AREA ( #3244 ) ;
#4537 = VERTEX_POINT ( 'NONE', #2352 ) ;
#4538 = EDGE_CURVE ( 'NONE', #1781, #4892, #2724, .T. ) ;
#4539 = CARTESIAN_POINT ( 'NONE',  ( 0.4300000000000000488, 0.04000000000000002165, -0.4450000000000000067 ) ) ;
#4540 = EDGE_LOOP ( 'NONE', ( #2764, #1169, #1412, #717 ) ) ;
#4541 = FACE_OUTER_BOUND ( 'NONE', #4934, .T. ) ;
#4542 = FACE_OUTER_BOUND ( 'NONE', #2907, .T. ) ;
#4543 = EDGE_CURVE ( 'NONE', #4311, #3882, #3080, .T. ) ;
#4544 = VERTEX_POINT ( 'NONE', #3107 ) ;
#4545 = CARTESIAN_POINT ( 'NONE',  ( -0.4299999999999999378, 0.1600000000000000033, 0.2549999999999999489 ) ) ;
#4546 = CARTESIAN_POINT ( 'NONE',  ( -0.5000000000000000000, 0.1599999999999951461, 0.2550000000000001710 ) ) ;
#4547 = LINE ( 'NONE', #2576, #3844 ) ;
#4548 = EDGE_LOOP ( 'NONE', ( #4212, #2916, #854, #4460 ) ) ;
#4549 = ORIENTED_EDGE ( 'NONE', *, *, #4244, .F. ) ;
#4550 = DIRECTION ( 'NONE',  ( 0.000000000000000000, -1.000000000000000000, 0.000000000000000000 ) ) ;
#4551 =( NAMED_UNIT ( * ) PLANE_ANGLE_UNIT ( ) SI_UNIT ( $, .RADIAN. ) );
#4552 = COLOUR_RGB ( '',0.7921568627450980005, 0.8196078431372548767, 0.9333333333333333481 ) ;
#4553 = LINE ( 'NONE', #2931, #304 ) ;
#4554 = LINE ( 'NONE', #3033, #4624 ) ;
#4555 = ADVANCED_FACE ( 'NONE', ( #3908 ), #4270, .T. ) ;
#4556 = CARTESIAN_POINT ( 'NONE',  ( 0.1100000000000001671, 0.09999999999999997780, -0.6750000000000001554 ) ) ;
#4557 = ORIENTED_EDGE ( 'NONE', *, *, #3380, .T. ) ;
#4558 = EDGE_LOOP ( 'NONE', ( #954, #416, #5081, #4310, #2682, #4279, #4124, #1910 ) ) ;
#4559 = FACE_OUTER_BOUND ( 'NONE', #3133, .T. ) ;
#4560 = DIRECTION ( 'NONE',  ( 0.000000000000000000, -0.000000000000000000, 1.000000000000000000 ) ) ;
#4561 = DIRECTION ( 'NONE',  ( 0.000000000000000000, 0.000000000000000000, 1.000000000000000000 ) ) ;
#4562 = PLANE ( 'NONE',  #1244 ) ;
#4563 = ORIENTED_EDGE ( 'NONE', *, *, #412, .T. ) ;
#4564 = CARTESIAN_POINT ( 'NONE',  ( -0.5000000000000000000, 0.09999999999999269196, 0.4450000000000001177 ) ) ;
#4565 = ORIENTED_EDGE ( 'NONE', *, *, #4457, .T. ) ;
#4566 = CLOSED_SHELL ( 'NONE', ( #2739, #955, #1700, #1946 ) ) ;
#4567 = CARTESIAN_POINT ( 'NONE',  ( -0.5000000000000000000, 0.09999999999999757694, -0.2549999999999999489 ) ) ;
#4568 = EDGE_CURVE ( 'NONE', #1757, #1561, #3522, .T. ) ;
#4569 = PLANE ( 'NONE',  #718 ) ;
#4570 = VECTOR ( 'NONE', #23, 1000.000000000000000 ) ;
#4571 = ORIENTED_EDGE ( 'NONE', *, *, #4981, .T. ) ;
#4572 = EDGE_CURVE ( 'NONE', #2526, #1472, #5017, .T. ) ;
#4573 = VECTOR ( 'NONE', #302, 1000.000000000000000 ) ;
#4574 =( LENGTH_UNIT ( ) NAMED_UNIT ( * ) SI_UNIT ( .MILLI., .METRE. ) );
#4575 = CARTESIAN_POINT ( 'NONE',  ( 0.5000000000000000000, 0.09999999999999512057, 0.09499999999999998723 ) ) ;
#4576 = ORIENTED_EDGE ( 'NONE', *, *, #4133, .T. ) ;
#4577 = CARTESIAN_POINT ( 'NONE',  ( 0.000000000000000000, 0.04000000000000000083, -0.09500000000000002887 ) ) ;
#4578 = DIRECTION ( 'NONE',  ( 1.000000000000000000, 0.000000000000000000, -1.084202172485504434E-16 ) ) ;
#4579 = DIRECTION ( 'NONE',  ( -1.000000000000000000, -0.000000000000000000, -0.000000000000000000 ) ) ;
#4580 = DIRECTION ( 'NONE',  ( 0.000000000000000000, 0.000000000000000000, -1.000000000000000000 ) ) ;
#4581 = VECTOR ( 'NONE', #1314, 1000.000000000000000 ) ;
#4582 = DIRECTION ( 'NONE',  ( 0.000000000000000000, 0.000000000000000000, -1.000000000000000000 ) ) ;
#4583 = ORIENTED_EDGE ( 'NONE', *, *, #3912, .T. ) ;
#4584 = VERTEX_POINT ( 'NONE', #3059 ) ;
#4585 = DIRECTION ( 'NONE',  ( 0.000000000000000000, 1.000000000000000000, 0.000000000000000000 ) ) ;
#4586 = COLOUR_RGB ( '',0.7921568627450980005, 0.8196078431372548767, 0.9333333333333333481 ) ;
#4587 = CARTESIAN_POINT ( 'NONE',  ( -0.5000000000000000000, 0.1000000000000000056, -0.4449999999999998956 ) ) ;
#4588 = DIRECTION ( 'NONE',  ( 1.000000000000000000, 0.000000000000000000, -3.388131789017199384E-16 ) ) ;
#4589 = DIRECTION ( 'NONE',  ( 1.000000000000000000, 0.000000000000000000, 0.000000000000000000 ) ) ;
#4590 = ORIENTED_EDGE ( 'NONE', *, *, #5041, .T. ) ;
#4591 = DIRECTION ( 'NONE',  ( 0.000000000000000000, 1.000000000000000000, 0.000000000000000000 ) ) ;
#4592 = VERTEX_POINT ( 'NONE', #4633 ) ;
#4593 = DIRECTION ( 'NONE',  ( 1.000000000000000000, 0.000000000000000000, -3.497426362856467093E-16 ) ) ;
#4594 = LINE ( 'NONE', #2649, #2122 ) ;
#4595 = EDGE_LOOP ( 'NONE', ( #4444, #4954, #4422, #124, #2063, #4563 ) ) ;
#4596 =( GEOMETRIC_REPRESENTATION_CONTEXT ( 3 ) GLOBAL_UNCERTAINTY_ASSIGNED_CONTEXT ( ( #856 ) ) GLOBAL_UNIT_ASSIGNED_CONTEXT ( ( #1313, #3229, #1288 ) ) REPRESENTATION_CONTEXT ( 'NONE', 'WORKASPACE' ) );
#4597 = VECTOR ( 'NONE', #4915, 1000.000000000000000 ) ;
#4598 = ADVANCED_FACE ( 'NONE', ( #2043 ), #201, .T. ) ;
#4599 = SURFACE_SIDE_STYLE ('',( #3442 ) ) ;
#4600 = PLANE ( 'NONE',  #822 ) ;
#4601 = VERTEX_POINT ( 'NONE', #3201 ) ;
#4602 = EDGE_CURVE ( 'NONE', #3521, #974, #1780, .T. ) ;
#4603 = ADVANCED_FACE ( 'NONE', ( #4542 ), #3594, .F. ) ;
#4604 = DIRECTION ( 'NONE',  ( -6.776263578034406657E-16, 0.000000000000000000, -1.000000000000000000 ) ) ;
#4605 = FACE_BOUND ( 'NONE', #3369, .T. ) ;
#4606 = PLANE ( 'NONE',  #3087 ) ;
#4607 = CARTESIAN_POINT ( 'NONE',  ( -0.5000000000000001110, 0.04000000000000000083, -0.6750000000000000444 ) ) ;
#4608 = ORIENTED_EDGE ( 'NONE', *, *, #1984, .F. ) ;
#4609 = EDGE_CURVE ( 'NONE', #2756, #2168, #2828, .T. ) ;
#4610 = PLANE ( 'NONE',  #3689 ) ;
#4611 = VECTOR ( 'NONE', #765, 1000.000000000000000 ) ;
#4612 = ORIENTED_EDGE ( 'NONE', *, *, #4317, .T. ) ;
#4613 = LINE ( 'NONE', #5022, #1531 ) ;
#4614 = VECTOR ( 'NONE', #3873, 1000.000000000000000 ) ;
#4615 = DIRECTION ( 'NONE',  ( -1.748713181428233547E-16, 0.000000000000000000, -1.000000000000000000 ) ) ;
#4616 = LINE ( 'NONE', #5025, #2080 ) ;
#4617 = DIRECTION ( 'NONE',  ( -0.000000000000000000, -1.000000000000000000, -0.000000000000000000 ) ) ;
#4618 = ORIENTED_EDGE ( 'NONE', *, *, #710, .F. ) ;
#4619 = EDGE_LOOP ( 'NONE', ( #1150, #2388, #2004, #933 ) ) ;
#4620 = VECTOR ( 'NONE', #1394, 1000.000000000000000 ) ;
#4621 = EDGE_CURVE ( 'NONE', #2883, #3604, #4926, .T. ) ;
#4622 = CARTESIAN_POINT ( 'NONE',  ( 0.1200000000000000927, 0.09999999999999267808, 0.6050000000000002043 ) ) ;
#4623 = ORIENTED_EDGE ( 'NONE', *, *, #1898, .T. ) ;
#4624 = VECTOR ( 'NONE', #4988, 1000.000000000000000 ) ;
#4625 = EDGE_CURVE ( 'NONE', #2786, #793, #2922, .T. ) ;
#4626 = DIRECTION ( 'NONE',  ( -3.388131789017200863E-16, 0.000000000000000000, 1.000000000000000000 ) ) ;
#4627 = CARTESIAN_POINT ( 'NONE',  ( -0.2591199250936493392, 0.1000000000000000194, -0.6050000000000000933 ) ) ;
#4628 = ORIENTED_EDGE ( 'NONE', *, *, #4653, .T. ) ;
#4629 = EDGE_CURVE ( 'NONE', #3826, #3952, #1031, .T. ) ;
#4630 = DIRECTION ( 'NONE',  ( 0.000000000000000000, 0.000000000000000000, -1.000000000000000000 ) ) ;
#4631 = CARTESIAN_POINT ( 'NONE',  ( -0.1200000000000000927, 0.000000000000000000, -0.09500000000000002887 ) ) ;
#4632 = ORIENTED_EDGE ( 'NONE', *, *, #3345, .T. ) ;
#4633 = CARTESIAN_POINT ( 'NONE',  ( 0.1100000000000001671, 0.1599999999999999756, -0.6750000000000001554 ) ) ;
#4634 = LINE ( 'NONE', #2228, #3591 ) ;
#4635 = ORIENTED_EDGE ( 'NONE', *, *, #3444, .F. ) ;
#4636 = ORIENTED_EDGE ( 'NONE', *, *, #3529, .T. ) ;
#4637 = DIRECTION ( 'NONE',  ( 1.000000000000000000, 0.000000000000000000, 0.000000000000000000 ) ) ;
#4638 = ADVANCED_FACE ( 'NONE', ( #2547 ), #1265, .T. ) ;
#4639 = AXIS2_PLACEMENT_3D ( 'NONE', #1064, #3007, #5040 ) ;
#4640 = DIRECTION ( 'NONE',  ( 1.000000000000000000, 0.000000000000000000, -1.748713181428233300E-16 ) ) ;
#4641 = DIRECTION ( 'NONE',  ( 3.497426362856467093E-16, 0.000000000000000000, 1.000000000000000000 ) ) ;
#4642 = ORIENTED_EDGE ( 'NONE', *, *, #1086, .F. ) ;
#4643 = VERTEX_POINT ( 'NONE', #2190 ) ;
#4644 = VECTOR ( 'NONE', #2023, 1000.000000000000000 ) ;
#4645 = CARTESIAN_POINT ( 'NONE',  ( 0.5000000000000000000, 0.1599999999999951461, 0.2550000000000000600 ) ) ;
#4646 = CARTESIAN_POINT ( 'NONE',  ( -0.5000000000000000000, 0.1599999999999926759, 0.6050000000000002043 ) ) ;
#4647 = VECTOR ( 'NONE', #4070, 1000.000000000000000 ) ;
#4648 = LINE ( 'NONE', #4977, #4320 ) ;
#4649 = ORIENTED_EDGE ( 'NONE', *, *, #199, .F. ) ;
#4650 = PRESENTATION_STYLE_ASSIGNMENT (( #3393 ) ) ;
#4651 = DIRECTION ( 'NONE',  ( -0.000000000000000000, 1.000000000000000000, -0.000000000000000000 ) ) ;
#4652 = CARTESIAN_POINT ( 'NONE',  ( 0.000000000000000000, 0.000000000000000000, 0.6999999999999999556 ) ) ;
#4653 = EDGE_CURVE ( 'NONE', #3875, #66, #171, .T. ) ;
#4654 = ORIENTED_EDGE ( 'NONE', *, *, #5006, .F. ) ;
#4655 = VECTOR ( 'NONE', #3647, 1000.000000000000000 ) ;
#4656 = SURFACE_STYLE_FILL_AREA ( #404 ) ;
#4657 = LINE ( 'NONE', #4336, #4732 ) ;
#4658 = FACE_OUTER_BOUND ( 'NONE', #223, .T. ) ;
#4659 = VERTEX_POINT ( 'NONE', #2017 ) ;
#4660 = EDGE_CURVE ( 'NONE', #425, #2831, #2428, .T. ) ;
#4661 = ORIENTED_EDGE ( 'NONE', *, *, #36, .T. ) ;
#4662 = EDGE_CURVE ( 'NONE', #2572, #460, #979, .T. ) ;
#4663 = LINE ( 'NONE', #733, #3838 ) ;
#4664 = ORIENTED_EDGE ( 'NONE', *, *, #3501, .F. ) ;
#4665 = ADVANCED_FACE ( 'NONE', ( #4389 ), #878, .F. ) ;
#4666 = VECTOR ( 'NONE', #4836, 1000.000000000000000 ) ;
#4667 = CARTESIAN_POINT ( 'NONE',  ( -0.3700000000000001066, 0.3499999999999999778, -0.4950000000000001066 ) ) ;
#4668 = DIRECTION ( 'NONE',  ( 1.000000000000000000, -0.000000000000000000, -3.497426362856467093E-16 ) ) ;
#4669 = AXIS2_PLACEMENT_3D ( 'NONE', #3617, #1703, #3339 ) ;
#4670 = ORIENTED_EDGE ( 'NONE', *, *, #412, .F. ) ;
#4671 = EDGE_CURVE ( 'NONE', #3836, #4311, #2137, .T. ) ;
#4672 = AXIS2_PLACEMENT_3D ( 'NONE', #5082, #1596, #92 ) ;
#4673 = DIRECTION ( 'NONE',  ( 1.000000000000000000, -0.000000000000000000, -0.000000000000000000 ) ) ;
#4674 = ADVANCED_FACE ( 'NONE', ( #4109 ), #3362, .F. ) ;
#4675 = DIRECTION ( 'NONE',  ( -1.000000000000000000, 0.000000000000000000, 1.748713181428233547E-16 ) ) ;
#4676 = DIRECTION ( 'NONE',  ( -3.388131789017199384E-16, 0.000000000000000000, -1.000000000000000000 ) ) ;
#4677 = EDGE_LOOP ( 'NONE', ( #202, #1202, #4803, #2235, #988, #4316 ) ) ;
#4678 = DIRECTION ( 'NONE',  ( 1.000000000000000000, 0.000000000000000000, -3.497426362856466107E-16 ) ) ;
#4679 = DIRECTION ( 'NONE',  ( 3.388131789017200370E-16, 8.470329472542998460E-17, -1.000000000000000000 ) ) ;
#4680 = ORIENTED_EDGE ( 'NONE', *, *, #4572, .F. ) ;
#4681 = EDGE_CURVE ( 'NONE', #401, #158, #4874, .T. ) ;
#4682 = FACE_OUTER_BOUND ( 'NONE', #864, .T. ) ;
#4683 = EDGE_CURVE ( 'NONE', #3403, #438, #1416, .T. ) ;
#4684 = DIRECTION ( 'NONE',  ( -1.000000000000000000, -0.000000000000000000, 8.031127203596330602E-17 ) ) ;
#4685 = DIRECTION ( 'NONE',  ( 0.000000000000000000, 1.000000000000000000, 0.000000000000000000 ) ) ;
#4686 = EDGE_LOOP ( 'NONE', ( #1253, #562, #3538, #1842 ) ) ;
#4687 = ORIENTED_EDGE ( 'NONE', *, *, #2450, .T. ) ;
#4688 = LINE ( 'NONE', #3913, #4644 ) ;
#4689 = FACE_OUTER_BOUND ( 'NONE', #2431, .T. ) ;
#4690 = DIRECTION ( 'NONE',  ( -1.000000000000000000, 0.000000000000000000, 3.497426362856466107E-16 ) ) ;
#4691 = DIRECTION ( 'NONE',  ( 3.388131789017199384E-16, -0.000000000000000000, 1.000000000000000000 ) ) ;
#4692 = ORIENTED_EDGE ( 'NONE', *, *, #3645, .F. ) ;
#4693 = EDGE_LOOP ( 'NONE', ( #3351, #1357, #802, #5038 ) ) ;
#4694 = DIRECTION ( 'NONE',  ( 1.000000000000000000, 0.000000000000000000, -3.497426362856466107E-16 ) ) ;
#4695 = VECTOR ( 'NONE', #972, 1000.000000000000000 ) ;
#4696 = DIRECTION ( 'NONE',  ( 1.000000000000000000, 0.000000000000000000, -8.031127203596330602E-17 ) ) ;
#4697 = FACE_OUTER_BOUND ( 'NONE', #571, .T. ) ;
#4698 = ORIENTED_EDGE ( 'NONE', *, *, #541, .T. ) ;
#4699 = VECTOR ( 'NONE', #367, 1000.000000000000000 ) ;
#4700 = VECTOR ( 'NONE', #2108, 1000.000000000000000 ) ;
#4701 = ADVANCED_FACE ( 'NONE', ( #1389 ), #2947, .F. ) ;
#4702 = PLANE ( 'NONE',  #420 ) ;
#4703 = FACE_OUTER_BOUND ( 'NONE', #1736, .T. ) ;
#4704 = ORIENTED_EDGE ( 'NONE', *, *, #2939, .F. ) ;
#4705 = VERTEX_POINT ( 'NONE', #1859 ) ;
#4706 = DIRECTION ( 'NONE',  ( 0.000000000000000000, 0.000000000000000000, 1.000000000000000000 ) ) ;
#4707 = CARTESIAN_POINT ( 'NONE',  ( -0.1200000000000000372, 0.000000000000000000, 0.4449999999999998401 ) ) ;
#4708 = DIRECTION ( 'NONE',  ( 0.000000000000000000, -1.000000000000000000, 0.000000000000000000 ) ) ;
#4709 = ORIENTED_EDGE ( 'NONE', *, *, #947, .T. ) ;
#4710 = LINE ( 'NONE', #4319, #1363 ) ;
#4711 = DIRECTION ( 'NONE',  ( 3.497426362856467093E-16, 0.000000000000000000, 1.000000000000000000 ) ) ;
#4712 = DIRECTION ( 'NONE',  ( -1.270549420881451741E-16, -1.000000000000000000, 1.377532442369869542E-32 ) ) ;
#4713 = CARTESIAN_POINT ( 'NONE',  ( -0.4299999999999999378, 0.5088552708502482869, 0.2549999999999999489 ) ) ;
#4714 = EDGE_CURVE ( 'NONE', #3041, #2497, #1465, .T. ) ;
#4715 = ORIENTED_EDGE ( 'NONE', *, *, #599, .T. ) ;
#4716 = VERTEX_POINT ( 'NONE', #276 ) ;
#4717 = DIRECTION ( 'NONE',  ( 0.000000000000000000, 0.000000000000000000, 1.000000000000000000 ) ) ;
#4718 = CARTESIAN_POINT ( 'NONE',  ( 0.1200000000000001205, 0.1599999999999999756, 0.6049999999999999822 ) ) ;
#4719 = VERTEX_POINT ( 'NONE', #5033 ) ;
#4720 = ADVANCED_FACE ( 'NONE', ( #1133 ), #1160, .T. ) ;
#4721 = VECTOR ( 'NONE', #4844, 1000.000000000000000 ) ;
#4722 = LINE ( 'NONE', #4359, #477 ) ;
#4723 = CARTESIAN_POINT ( 'NONE',  ( 0.5000000000000000000, 0.1600000000000000033, -0.4450000000000000067 ) ) ;
#4724 = VERTEX_POINT ( 'NONE', #665 ) ;
#4725 = EDGE_CURVE ( 'NONE', #1109, #2168, #2619, .T. ) ;
#4726 = EDGE_CURVE ( 'NONE', #4537, #3014, #2319, .T. ) ;
#4727 =( LENGTH_UNIT ( ) NAMED_UNIT ( * ) SI_UNIT ( .MILLI., .METRE. ) );
#4728 = CLOSED_SHELL ( 'NONE', ( #4062, #4881, #3275, #3619, #2507, #1719, #1526, #1408 ) ) ;
#4729 = LINE ( 'NONE', #335, #4570 ) ;
#4730 = DIRECTION ( 'NONE',  ( 0.000000000000000000, 1.000000000000000000, 0.000000000000000000 ) ) ;
#4731 = ORIENTED_EDGE ( 'NONE', *, *, #2322, .F. ) ;
#4732 = VECTOR ( 'NONE', #4684, 1000.000000000000000 ) ;
#4733 = EDGE_LOOP ( 'NONE', ( #4576, #1135, #3668, #2357, #2856, #101 ) ) ;
#4734 = CARTESIAN_POINT ( 'NONE',  ( -0.3700000000000001066, 0.1585786437626903189, -0.5450000000000001510 ) ) ;
#4735 = VECTOR ( 'NONE', #1568, 1000.000000000000000 ) ;
#4736 = FACE_OUTER_BOUND ( 'NONE', #601, .T. ) ;
#4737 = CARTESIAN_POINT ( 'NONE',  ( 0.4999999999999998890, 0.04000000000000000083, -0.6750000000000001554 ) ) ;
#4738 = FACE_OUTER_BOUND ( 'NONE', #2521, .T. ) ;
#4739 = ORIENTED_EDGE ( 'NONE', *, *, #1505, .T. ) ;
#4740 = ORIENTED_EDGE ( 'NONE', *, *, #535, .F. ) ;
#4741 = PLANE ( 'NONE',  #1782 ) ;
#4742 = CARTESIAN_POINT ( 'NONE',  ( -0.4299999999999999933, 0.1000000000000000056, -0.4449999999999998956 ) ) ;
#4743 = DIRECTION ( 'NONE',  ( -1.000000000000000000, 0.000000000000000000, 1.748713181428233547E-16 ) ) ;
#4744 = ORIENTED_EDGE ( 'NONE', *, *, #2905, .F. ) ;
#4745 = CIRCLE ( 'NONE', #315, 0.05000000000000002359 ) ;
#4746 = DIRECTION ( 'NONE',  ( 1.000000000000000000, -0.000000000000000000, -3.497426362856467093E-16 ) ) ;
#4747 = EDGE_LOOP ( 'NONE', ( #4917, #2654, #99, #3975 ) ) ;
#4748 = VECTOR ( 'NONE', #3397, 1000.000000000000000 ) ;
#4749 = CARTESIAN_POINT ( 'NONE',  ( 0.2591199250936492837, 0.1000000000000000194, -0.6050000000000000933 ) ) ;
#4750 = CARTESIAN_POINT ( 'NONE',  ( 0.1100000000000002226, 0.09999999999999997780, -0.1194235880780061126 ) ) ;
#4751 = DIRECTION ( 'NONE',  ( -1.000000000000000000, 0.000000000000000000, 1.748713181428233547E-16 ) ) ;
#4752 = ORIENTED_EDGE ( 'NONE', *, *, #4823, .T. ) ;
#4753 = EDGE_CURVE ( 'NONE', #2636, #2067, #3097, .T. ) ;
#4754 = VECTOR ( 'NONE', #1111, 1000.000000000000000 ) ;
#4755 = DIRECTION ( 'NONE',  ( 0.000000000000000000, -1.000000000000000000, 0.000000000000000000 ) ) ;
#4756 = DIRECTION ( 'NONE',  ( 1.000000000000000000, 0.000000000000000000, -3.497426362856467093E-16 ) ) ;
#4757 = EDGE_CURVE ( 'NONE', #2849, #1434, #3425, .T. ) ;
#4758 = DIRECTION ( 'NONE',  ( 0.000000000000000000, 0.000000000000000000, -1.000000000000000000 ) ) ;
#4759 = PLANE ( 'NONE',  #1335 ) ;
#4760 = CARTESIAN_POINT ( 'NONE',  ( -0.1200000000000000927, 0.09999999999999997780, 0.6049999999999998712 ) ) ;
#4761 = EDGE_LOOP ( 'NONE', ( #676, #142, #4391, #561, #2217, #4807 ) ) ;
#4762 = DIRECTION ( 'NONE',  ( 0.000000000000000000, -8.470329472543000925E-17, 1.000000000000000000 ) ) ;
#4763 = ORIENTED_EDGE ( 'NONE', *, *, #959, .T. ) ;
#4764 = CARTESIAN_POINT ( 'NONE',  ( -0.5000000000000000000, 0.1000000000000000056, -0.4449999999999998956 ) ) ;
#4765 = PLANE ( 'NONE',  #1841 ) ;
#4766 = DIRECTION ( 'NONE',  ( 0.000000000000000000, -1.000000000000000000, 0.000000000000000000 ) ) ;
#4767 = EDGE_CURVE ( 'NONE', #2884, #551, #715, .T. ) ;
#4768 = ORIENTED_EDGE ( 'NONE', *, *, #1124, .T. ) ;
#4769 = VECTOR ( 'NONE', #2393, 1000.000000000000000 ) ;
#4770 = AXIS2_PLACEMENT_3D ( 'NONE', #546, #4455, #2541 ) ;
#4771 = PLANE ( 'NONE',  #3796 ) ;
#4772 = COLOUR_RGB ( '',0.7921568627450980005, 0.8196078431372548767, 0.9333333333333333481 ) ;
#4773 = ADVANCED_FACE ( 'NONE', ( #1080 ), #4263, .T. ) ;
#4774 = ORIENTED_EDGE ( 'NONE', *, *, #4683, .F. ) ;
#4775 = AXIS2_PLACEMENT_3D ( 'NONE', #5064, #354, #2324 ) ;
#4776 = DIRECTION ( 'NONE',  ( 0.000000000000000000, -8.470329472542998460E-17, 1.000000000000000000 ) ) ;
#4777 = AXIS2_PLACEMENT_3D ( 'NONE', #4527, #1019, #1348 ) ;
#4778 = DIRECTION ( 'NONE',  ( 0.000000000000000000, 1.000000000000000000, 0.000000000000000000 ) ) ;
#4779 = CARTESIAN_POINT ( 'NONE',  ( 0.1200000000000001205, 0.1600000000000000033, 0.2550000000000000044 ) ) ;
#4780 = ORIENTED_EDGE ( 'NONE', *, *, #2664, .T. ) ;
#4781 = EDGE_CURVE ( 'NONE', #2380, #309, #2216, .T. ) ;
#4782 = ORIENTED_EDGE ( 'NONE', *, *, #2320, .T. ) ;
#4783 = DIRECTION ( 'NONE',  ( -1.000000000000000000, 0.000000000000000000, 2.168404344971008868E-16 ) ) ;
#4784 = EDGE_CURVE ( 'NONE', #2055, #3952, #1832, .T. ) ;
#4785 = LINE ( 'NONE', #4374, #2211 ) ;
#4786 = CARTESIAN_POINT ( 'NONE',  ( -0.4300000000000000488, 0.000000000000000000, 0.09500000000000002887 ) ) ;
#4787 = FACE_OUTER_BOUND ( 'NONE', #1268, .T. ) ;
#4788 = EDGE_LOOP ( 'NONE', ( #987, #4768, #1641, #2727 ) ) ;
#4789 = ORIENTED_EDGE ( 'NONE', *, *, #3547, .T. ) ;
#4790 = ADVANCED_FACE ( 'NONE', ( #1441 ), #3799, .T. ) ;
#4791 = DIRECTION ( 'NONE',  ( 0.000000000000000000, -1.000000000000000000, 0.000000000000000000 ) ) ;
#4792 = CARTESIAN_POINT ( 'NONE',  ( -2.115942949528163001E-16, 0.04000000000000000083, -0.2550000000000000600 ) ) ;
#4793 = ORIENTED_EDGE ( 'NONE', *, *, #4625, .F. ) ;
#4794 = DIRECTION ( 'NONE',  ( -1.000000000000000000, 0.000000000000000000, 1.748713181428233547E-16 ) ) ;
#4795 = PLANE ( 'NONE',  #4432 ) ;
#4796 = ORIENTED_EDGE ( 'NONE', *, *, #1419, .F. ) ;
#4797 = VECTOR ( 'NONE', #2657, 1000.000000000000000 ) ;
#4798 = FACE_OUTER_BOUND ( 'NONE', #2230, .T. ) ;
#4799 = ORIENTED_EDGE ( 'NONE', *, *, #2744, .T. ) ;
#4800 = CARTESIAN_POINT ( 'NONE',  ( -0.4299999999999999933, 0.09999999999999269196, 0.4450000000000001177 ) ) ;
#4801 = DIRECTION ( 'NONE',  ( -1.000000000000000000, 0.000000000000000000, 0.000000000000000000 ) ) ;
#4802 = ORIENTED_EDGE ( 'NONE', *, *, #1029, .F. ) ;
#4803 = ORIENTED_EDGE ( 'NONE', *, *, #481, .F. ) ;
#4804 = VECTOR ( 'NONE', #60, 1000.000000000000000 ) ;
#4805 = UNCERTAINTY_MEASURE_WITH_UNIT (LENGTH_MEASURE( 1.000000000000000082E-05 ), #1942, 'distance_accuracy_value', 'NONE');
#4806 = ORIENTED_EDGE ( 'NONE', *, *, #141, .T. ) ;
#4807 = ORIENTED_EDGE ( 'NONE', *, *, #2566, .T. ) ;
#4808 = CARTESIAN_POINT ( 'NONE',  ( -0.1200000000000000927, 0.1600000000000000033, 0.6049999999999998712 ) ) ;
#4809 = FACE_OUTER_BOUND ( 'NONE', #3232, .T. ) ;
#4810 = DIRECTION ( 'NONE',  ( 1.000000000000000000, -1.270549420881451741E-16, 0.000000000000000000 ) ) ;
#4811 = CARTESIAN_POINT ( 'NONE',  ( 0.1200000000000000649, 0.1599999999999999756, 0.09499999999999991784 ) ) ;
#4812 = VECTOR ( 'NONE', #3373, 1000.000000000000000 ) ;
#4813 = ORIENTED_EDGE ( 'NONE', *, *, #3976, .T. ) ;
#4814 = EDGE_LOOP ( 'NONE', ( #1507, #486, #3027, #4243 ) ) ;
#4815 = VECTOR ( 'NONE', #285, 1000.000000000000000 ) ;
#4816 = ADVANCED_FACE ( 'NONE', ( #1940 ), #4569, .T. ) ;
#4817 = LINE ( 'NONE', #2078, #4064 ) ;
#4818 = DIRECTION ( 'NONE',  ( -6.802629345036384724E-33, -1.000000000000000000, -8.470329472542998460E-17 ) ) ;
#4819 = EDGE_CURVE ( 'NONE', #2988, #4932, #1488, .T. ) ;
#4820 = CARTESIAN_POINT ( 'NONE',  ( 0.4300000000000000488, 0.000000000000000000, 0.2549999999999999489 ) ) ;
#4821 = SURFACE_SIDE_STYLE ('',( #4536 ) ) ;
#4822 = ORIENTED_EDGE ( 'NONE', *, *, #3001, .T. ) ;
#4823 = EDGE_CURVE ( 'NONE', #1215, #168, #4648, .T. ) ;
#4824 = DIRECTION ( 'NONE',  ( 0.000000000000000000, 0.000000000000000000, 1.000000000000000000 ) ) ;
#4825 = VECTOR ( 'NONE', #29, 1000.000000000000000 ) ;
#4826 = ORIENTED_EDGE ( 'NONE', *, *, #4853, .T. ) ;
#4827 = VECTOR ( 'NONE', #951, 1000.000000000000000 ) ;
#4828 = DIRECTION ( 'NONE',  ( -6.776263578034406657E-16, 0.000000000000000000, -1.000000000000000000 ) ) ;
#4829 = CARTESIAN_POINT ( 'NONE',  ( -0.5000000000000000000, 0.09999999999999512057, 0.09500000000000007050 ) ) ;
#4830 = CARTESIAN_POINT ( 'NONE',  ( 0.4299999999999998823, 0.1600000000000000033, 0.6749999999999999334 ) ) ;
#4831 = ORIENTED_EDGE ( 'NONE', *, *, #2625, .T. ) ;
#4832 = EDGE_CURVE ( 'NONE', #3069, #2516, #4594, .T. ) ;
#4833 = EDGE_LOOP ( 'NONE', ( #3063, #3850, #2068, #3753 ) ) ;
#4834 = ORIENTED_EDGE ( 'NONE', *, *, #1919, .F. ) ;
#4835 = ORIENTED_EDGE ( 'NONE', *, *, #4784, .T. ) ;
#4836 = DIRECTION ( 'NONE',  ( -1.000000000000000000, -0.000000000000000000, 8.031127203596330602E-17 ) ) ;
#4837 = ADVANCED_FACE ( 'NONE', ( #3822 ), #3048, .T. ) ;
#4838 = LINE ( 'NONE', #490, #2949 ) ;
#4839 = CARTESIAN_POINT ( 'NONE',  ( -0.1100000000000003059, 0.09999999999999997780, 0.2794235880780059911 ) ) ;
#4840 = PLANE ( 'NONE',  #1758 ) ;
#4841 = ORIENTED_EDGE ( 'NONE', *, *, #4919, .F. ) ;
#4842 = PRESENTATION_LAYER_ASSIGNMENT (  '', '', ( #1073 ) ) ;
#4843 = CIRCLE ( 'NONE', #1483, 0.05000000000000002359 ) ;
#4844 = DIRECTION ( 'NONE',  ( 0.000000000000000000, 1.000000000000000000, 0.000000000000000000 ) ) ;
#4845 = CARTESIAN_POINT ( 'NONE',  ( 0.4999999999999998890, 0.1599999999999999756, -0.6050000000000000933 ) ) ;
#4846 = FACE_OUTER_BOUND ( 'NONE', #4733, .T. ) ;
#4847 = CARTESIAN_POINT ( 'NONE',  ( -0.2591199250936493392, 0.1000000000000000056, -0.4449999999999998956 ) ) ;
#4848 = VERTEX_POINT ( 'NONE', #1182 ) ;
#4849 = FACE_OUTER_BOUND ( 'NONE', #3264, .T. ) ;
#4850 = VECTOR ( 'NONE', #3357, 1000.000000000000000 ) ;
#4851 = ORIENTED_EDGE ( 'NONE', *, *, #2320, .F. ) ;
#4852 = VECTOR ( 'NONE', #4158, 1000.000000000000000 ) ;
#4853 = EDGE_CURVE ( 'NONE', #3638, #1406, #2345, .T. ) ;
#4854 = AXIS2_PLACEMENT_3D ( 'NONE', #4900, #977, #2498 ) ;
#4855 = DIRECTION ( 'NONE',  ( -0.000000000000000000, -0.000000000000000000, 1.000000000000000000 ) ) ;
#4856 = CARTESIAN_POINT ( 'NONE',  ( 0.1200000000000000649, 0.1600000000000000033, 0.09499999999999991784 ) ) ;
#4857 = DIRECTION ( 'NONE',  ( 0.000000000000000000, 0.000000000000000000, 1.000000000000000000 ) ) ;
#4858 = EDGE_LOOP ( 'NONE', ( #748, #4451, #4557, #2518 ) ) ;
#4859 = ORIENTED_EDGE ( 'NONE', *, *, #3505, .T. ) ;
#4860 = DIRECTION ( 'NONE',  ( 1.000000000000000000, -0.000000000000000000, -8.031127203596330602E-17 ) ) ;
#4861 = AXIS2_PLACEMENT_3D ( 'NONE', #2639, #3090, #3067 ) ;
#4862 = DIRECTION ( 'NONE',  ( -1.000000000000000000, -0.000000000000000000, 8.031127203596330602E-17 ) ) ;
#4863 = PLANE ( 'NONE',  #881 ) ;
#4864 = LINE ( 'NONE', #2932, #5031 ) ;
#4865 = CARTESIAN_POINT ( 'NONE',  ( 0.1200000000000001205, 0.1600000000000000033, -0.09499999999999997335 ) ) ;
#4866 = CARTESIAN_POINT ( 'NONE',  ( 0.000000000000000000, 0.04000000000000000083, 0.09499999999999991784 ) ) ;
#4867 = ADVANCED_FACE ( 'NONE', ( #4697 ), #3120, .F. ) ;
#4868 = FACE_BOUND ( 'NONE', #3635, .T. ) ;
#4869 = CARTESIAN_POINT ( 'NONE',  ( 0.4300000000000000488, 0.04000000000000002165, 0.2549999999999999489 ) ) ;
#4870 = EDGE_LOOP ( 'NONE', ( #323, #1224, #2793, #3971 ) ) ;
#4871 = CARTESIAN_POINT ( 'NONE',  ( 0.1200000000000000649, 0.5088552708502482869, -0.6050000000000000933 ) ) ;
#4872 = EDGE_LOOP ( 'NONE', ( #2642, #699, #2172, #2683 ) ) ;
#4873 = CARTESIAN_POINT ( 'NONE',  ( -0.1100000000000003059, 0.1599999999999999756, 0.6749999999999999334 ) ) ;
#4874 = LINE ( 'NONE', #1364, #53 ) ;
#4875 = ORIENTED_EDGE ( 'NONE', *, *, #2536, .T. ) ;
#4876 = EDGE_CURVE ( 'NONE', #1078, #4724, #373, .T. ) ;
#4877 = DIRECTION ( 'NONE',  ( -1.000000000000000000, 0.000000000000000000, 1.748713181428233547E-16 ) ) ;
#4878 = DIRECTION ( 'NONE',  ( 0.000000000000000000, 8.470329472543000925E-17, -1.000000000000000000 ) ) ;
#4879 = CARTESIAN_POINT ( 'NONE',  ( 0.5000000000000000000, 0.000000000000000000, 0.000000000000000000 ) ) ;
#4880 = ORIENTED_EDGE ( 'NONE', *, *, #785, .F. ) ;
#4881 = ADVANCED_FACE ( 'NONE', ( #65 ), #4000, .T. ) ;
#4882 = VECTOR ( 'NONE', #4125, 1000.000000000000000 ) ;
#4883 = EDGE_CURVE ( 'NONE', #4298, #4724, #3223, .T. ) ;
#4884 = VERTEX_POINT ( 'NONE', #3559 ) ;
#4885 = CARTESIAN_POINT ( 'NONE',  ( 0.5000000000000000000, 0.09999999999999757694, -0.2550000000000000600 ) ) ;
#4886 = CARTESIAN_POINT ( 'NONE',  ( -0.4299999999999999933, 0.1600000000000000033, -0.6050000000000000933 ) ) ;
#4887 = VECTOR ( 'NONE', #867, 1000.000000000000000 ) ;
#4888 = DIRECTION ( 'NONE',  ( -1.000000000000000000, 0.000000000000000000, -3.388131789017200370E-16 ) ) ;
#4889 = LINE ( 'NONE', #4498, #96 ) ;
#4890 = ORIENTED_EDGE ( 'NONE', *, *, #42, .T. ) ;
#4891 = DIRECTION ( 'NONE',  ( 0.000000000000000000, -1.000000000000000000, 0.000000000000000000 ) ) ;
#4892 = VERTEX_POINT ( 'NONE', #332 ) ;
#4893 = ORIENTED_EDGE ( 'NONE', *, *, #4725, .T. ) ;
#4894 = LINE ( 'NONE', #4477, #4966 ) ;
#4895 = DIRECTION ( 'NONE',  ( -1.000000000000000000, -0.000000000000000000, -0.000000000000000000 ) ) ;
#4896 = CARTESIAN_POINT ( 'NONE',  ( 0.1100000000000001671, 0.1599999999999999756, 0.2794235880780059911 ) ) ;
#4897 = VERTEX_POINT ( 'NONE', #845 ) ;
#4898 = ORIENTED_EDGE ( 'NONE', *, *, #4883, .F. ) ;
#4899 = VECTOR ( 'NONE', #4526, 1000.000000000000000 ) ;
#4900 = CARTESIAN_POINT ( 'NONE',  ( 0.000000000000000000, 0.1600000000000000033, 0.3499999999999999778 ) ) ;
#4901 = CARTESIAN_POINT ( 'NONE',  ( 0.4300000000000000488, 0.1600000000000000033, -0.4450000000000000067 ) ) ;
#4902 = ORIENTED_EDGE ( 'NONE', *, *, #2466, .F. ) ;
#4903 = VECTOR ( 'NONE', #3504, 1000.000000000000000 ) ;
#4904 = LINE ( 'NONE', #2550, #1302 ) ;
#4905 = VECTOR ( 'NONE', #2779, 1000.000000000000000 ) ;
#4906 = LINE ( 'NONE', #280, #4620 ) ;
#4907 = CARTESIAN_POINT ( 'NONE',  ( -0.1100000000000003059, 0.1599999999999999756, -0.6750000000000001554 ) ) ;
#4908 = ORIENTED_EDGE ( 'NONE', *, *, #4429, .T. ) ;
#4909 = COLOUR_RGB ( '',0.7921568627450980005, 0.8196078431372548767, 0.9333333333333333481 ) ;
#4910 = CARTESIAN_POINT ( 'NONE',  ( -0.4300000000000000488, 0.1600000000000000033, 0.4449999999999998956 ) ) ;
#4911 = CARTESIAN_POINT ( 'NONE',  ( -0.3700000000000001066, 0.3499999999999999778, -0.5950000000000001954 ) ) ;
#4912 = CARTESIAN_POINT ( 'NONE',  ( -0.4299999999999996048, 0.04000000000000000083, 2.913793338554792180E-16 ) ) ;
#4913 = DIRECTION ( 'NONE',  ( 0.000000000000000000, 0.000000000000000000, 1.000000000000000000 ) ) ;
#4914 = EDGE_CURVE ( 'NONE', #1, #1713, #2419, .T. ) ;
#4915 = DIRECTION ( 'NONE',  ( -1.000000000000000000, 0.000000000000000000, 0.000000000000000000 ) ) ;
#4916 = ORIENTED_EDGE ( 'NONE', *, *, #329, .F. ) ;
#4917 = ORIENTED_EDGE ( 'NONE', *, *, #1558, .F. ) ;
#4918 = PLANE ( 'NONE',  #1779 ) ;
#4919 = EDGE_CURVE ( 'NONE', #2474, #607, #1112, .T. ) ;
#4920 = CARTESIAN_POINT ( 'NONE',  ( -0.4299999999999996048, 0.04000000000000000083, 0.7000000000000002887 ) ) ;
#4921 = LINE ( 'NONE', #4479, #1754 ) ;
#4922 = EDGE_LOOP ( 'NONE', ( #1351, #1052, #2379, #912, #4307, #2260 ) ) ;
#4923 = CARTESIAN_POINT ( 'NONE',  ( 0.000000000000000000, 0.1600000000000000033, 1.050000000000000044 ) ) ;
#4924 = ORIENTED_EDGE ( 'NONE', *, *, #2996, .F. ) ;
#4925 = FACE_OUTER_BOUND ( 'NONE', #4747, .T. ) ;
#4926 = LINE ( 'NONE', #4486, #1793 ) ;
#4927 = ORIENTED_EDGE ( 'NONE', *, *, #5077, .T. ) ;
#4928 = PLANE ( 'NONE',  #1717 ) ;
#4929 = DIRECTION ( 'NONE',  ( 0.000000000000000000, 8.470329472542994763E-17, -1.000000000000000000 ) ) ;
#4930 = EDGE_CURVE ( 'NONE', #1443, #2944, #4327, .T. ) ;
#4931 = DIRECTION ( 'NONE',  ( 1.000000000000000000, 0.000000000000000000, -3.497426362856466107E-16 ) ) ;
#4932 = VERTEX_POINT ( 'NONE', #1206 ) ;
#4933 = AXIS2_PLACEMENT_3D ( 'NONE', #319, #220, #3355 ) ;
#4934 = EDGE_LOOP ( 'NONE', ( #2545, #2710, #905, #1162 ) ) ;
#4935 = CARTESIAN_POINT ( 'NONE',  ( 0.4299999999999998823, 0.1000000000000000194, -0.6050000000000000933 ) ) ;
#4936 = CARTESIAN_POINT ( 'NONE',  ( 0.1200000000000000649, 0.000000000000000000, 0.09499999999999991784 ) ) ;
#4937 = PLANE ( 'NONE',  #2413 ) ;
#4938 = CARTESIAN_POINT ( 'NONE',  ( -0.4299999999999999933, 0.1600000000000000033, 0.6749999999999999334 ) ) ;
#4940 = ORIENTED_EDGE ( 'NONE', *, *, #2382, .T. ) ;
#4939 = VECTOR ( 'NONE', #4309, 1000.000000000000000 ) ;
#4941 = ORIENTED_EDGE ( 'NONE', *, *, #2468, .F. ) ;
#4942 = EDGE_CURVE ( 'NONE', #2449, #3887, #35, .T. ) ;
#4943 = CARTESIAN_POINT ( 'NONE',  ( -0.5000000000000000000, 0.09999999999999267808, 0.6050000000000002043 ) ) ;
#4944 = PLANE ( 'NONE',  #1171 ) ;
#4945 = FACE_OUTER_BOUND ( 'NONE', #3717, .T. ) ;
#4946 = VECTOR ( 'NONE', #1094, 1000.000000000000114 ) ;
#4947 = FILL_AREA_STYLE_COLOUR ( '', #2644 ) ;
#4948 = ORIENTED_EDGE ( 'NONE', *, *, #1849, .T. ) ;
#4949 = EDGE_CURVE ( 'NONE', #3082, #140, #4355, .T. ) ;
#4950 = DIRECTION ( 'NONE',  ( -1.084202172485504434E-16, -0.000000000000000000, -1.000000000000000000 ) ) ;
#4951 = ORIENTED_EDGE ( 'NONE', *, *, #4080, .F. ) ;
#4952 = DIRECTION ( 'NONE',  ( 1.000000000000000000, 0.000000000000000000, 0.000000000000000000 ) ) ;
#4953 = DIRECTION ( 'NONE',  ( 0.000000000000000000, 1.000000000000000000, 0.000000000000000000 ) ) ;
#4954 = ORIENTED_EDGE ( 'NONE', *, *, #4317, .F. ) ;
#4955 = DIRECTION ( 'NONE',  ( 0.7071067811865456854, 0.000000000000000000, -0.7071067811865493491 ) ) ;
#4956 = FACE_OUTER_BOUND ( 'NONE', #2695, .T. ) ;
#4957 = ORIENTED_EDGE ( 'NONE', *, *, #3290, .F. ) ;
#4958 = LINE ( 'NONE', #238, #1478 ) ;
#4959 = PRESENTATION_STYLE_ASSIGNMENT (( #5016 ) ) ;
#4960 = DIRECTION ( 'NONE',  ( 1.000000000000000000, 0.000000000000000000, 0.000000000000000000 ) ) ;
#4961 = CARTESIAN_POINT ( 'NONE',  ( -0.4299999999999999933, 0.09999999999999512057, 0.09500000000000007050 ) ) ;
#4962 = LINE ( 'NONE', #3012, #3419 ) ;
#4963 = ORIENTED_EDGE ( 'NONE', *, *, #1170, .F. ) ;
#4964 = ORIENTED_EDGE ( 'NONE', *, *, #2135, .T. ) ;
#4965 = CARTESIAN_POINT ( 'NONE',  ( 0.4300000000000000488, 0.09999999999999269196, 0.4450000000000000622 ) ) ;
#4966 = VECTOR ( 'NONE', #495, 1000.000000000000000 ) ;
#4967 = DIRECTION ( 'NONE',  ( 0.000000000000000000, 0.000000000000000000, 1.000000000000000000 ) ) ;
#4968 = FACE_OUTER_BOUND ( 'NONE', #4189, .T. ) ;
#4969 = PRODUCT_RELATED_PRODUCT_CATEGORY ( 'part', '', ( #2742 ) ) ;
#4970 = MANIFOLD_SOLID_BREP ( 'Boss-Extrude10[1]', #789 ) ;
#4971 = ORIENTED_EDGE ( 'NONE', *, *, #1229, .T. ) ;
#4972 = EDGE_CURVE ( 'NONE', #9, #401, #896, .T. ) ;
#4973 = DIRECTION ( 'NONE',  ( 0.000000000000000000, -8.470329472543000925E-17, 1.000000000000000000 ) ) ;
#4974 = ADVANCED_FACE ( 'NONE', ( #448 ), #4795, .T. ) ;
#4975 = VECTOR ( 'NONE', #189, 1000.000000000000000 ) ;
#4976 = DIRECTION ( 'NONE',  ( 1.000000000000000000, -0.000000000000000000, -8.031127203596330602E-17 ) ) ;
#4977 = CARTESIAN_POINT ( 'NONE',  ( 0.1200000000000001205, 0.1600000000000000033, -0.09499999999999997335 ) ) ;
#4978 = VECTOR ( 'NONE', #4314, 1000.000000000000000 ) ;
#4979 = ORIENTED_EDGE ( 'NONE', *, *, #712, .T. ) ;
#4980 = AXIS2_PLACEMENT_3D ( 'NONE', #3897, #5080, #766 ) ;
#4981 = EDGE_CURVE ( 'NONE', #1472, #2873, #3445, .T. ) ;
#4982 = CARTESIAN_POINT ( 'NONE',  ( 0.1200000000000000649, 0.1600000000000000033, 0.4449999999999997846 ) ) ;
#4983 = FACE_OUTER_BOUND ( 'NONE', #290, .T. ) ;
#4984 = ORIENTED_EDGE ( 'NONE', *, *, #2262, .T. ) ;
#4985 = CARTESIAN_POINT ( 'NONE',  ( 0.5000000000000000000, 0.1600000000000000033, -0.4450000000000000067 ) ) ;
#4986 =( LENGTH_UNIT ( ) NAMED_UNIT ( * ) SI_UNIT ( .MILLI., .METRE. ) );
#4987 = LINE ( 'NONE', #3032, #4483 ) ;
#4988 = DIRECTION ( 'NONE',  ( 0.000000000000000000, -1.000000000000000000, 0.000000000000000000 ) ) ;
#4989 = ADVANCED_FACE ( 'NONE', ( #3054 ), #2300, .T. ) ;
#4990 = ORIENTED_EDGE ( 'NONE', *, *, #419, .T. ) ;
#4991 = VECTOR ( 'NONE', #2502, 1000.000000000000000 ) ;
#4992 = LINE ( 'NONE', #2280, #3031 ) ;
#4993 = ADVANCED_FACE ( 'NONE', ( #3470 ), #5037, .T. ) ;
#4994 = LINE ( 'NONE', #4943, #1123 ) ;
#4995 = CARTESIAN_POINT ( 'NONE',  ( 0.4299999999999998823, 0.1600000000000000033, -0.6050000000000000933 ) ) ;
#4996 = DIRECTION ( 'NONE',  ( -6.802629345036383355E-33, -1.000000000000000000, -8.470329472542999693E-17 ) ) ;
#4997 = EDGE_CURVE ( 'NONE', #1781, #180, #2917, .T. ) ;
#4998 = ORIENTED_EDGE ( 'NONE', *, *, #4437, .F. ) ;
#4999 = EDGE_LOOP ( 'NONE', ( #4178, #1433, #2804, #4141, #47 ) ) ;
#5000 = DIRECTION ( 'NONE',  ( 0.000000000000000000, -1.000000000000000000, 0.000000000000000000 ) ) ;
#5001 = VERTEX_POINT ( 'NONE', #549 ) ;
#5002 = VECTOR ( 'NONE', #3371, 1000.000000000000000 ) ;
#5003 = CARTESIAN_POINT ( 'NONE',  ( 0.4299999999999998823, 0.1600000000000000033, -0.6050000000000000933 ) ) ;
#5004 = DIRECTION ( 'NONE',  ( 3.388131789017199384E-16, -0.000000000000000000, 1.000000000000000000 ) ) ;
#5005 = VERTEX_POINT ( 'NONE', #1305 ) ;
#5006 = EDGE_CURVE ( 'NONE', #2151, #1712, #3655, .T. ) ;
#5007 = VECTOR ( 'NONE', #1192, 1000.000000000000000 ) ;
#5008 = VECTOR ( 'NONE', #4197, 1000.000000000000000 ) ;
#5009 =( NAMED_UNIT ( * ) PLANE_ANGLE_UNIT ( ) SI_UNIT ( $, .RADIAN. ) );
#5010 = CARTESIAN_POINT ( 'NONE',  ( -0.4299999999999999933, 0.09999999999999269196, 0.4450000000000001177 ) ) ;
#5011 = CARTESIAN_POINT ( 'NONE',  ( 0.4299999999999998823, 0.1600000000000000033, 0.2794235880780059911 ) ) ;
#5012 = VERTEX_POINT ( 'NONE', #2109 ) ;
#5013 = EDGE_CURVE ( 'NONE', #4705, #4286, #1695, .T. ) ;
#5014 = EDGE_LOOP ( 'NONE', ( #576, #3162, #946, #2264 ) ) ;
#5015 = DIRECTION ( 'NONE',  ( 0.000000000000000000, -1.000000000000000000, 0.000000000000000000 ) ) ;
#5016 = SURFACE_STYLE_USAGE ( .BOTH. , #1894 ) ;
#5017 = LINE ( 'NONE', #3885, #716 ) ;
#5018 = DIRECTION ( 'NONE',  ( -1.000000000000000000, 0.000000000000000000, -3.388131789017200863E-16 ) ) ;
#5019 = ORIENTED_EDGE ( 'NONE', *, *, #4602, .F. ) ;
#5020 = MECHANICAL_DESIGN_GEOMETRIC_PRESENTATION_REPRESENTATION (  '', ( #3283 ), #1745 ) ;
#5021 = AXIS2_PLACEMENT_3D ( 'NONE', #251, #2974, #2618 ) ;
#5022 = CARTESIAN_POINT ( 'NONE',  ( -0.5000000000000000000, 0.1599999999999926759, 0.4450000000000001177 ) ) ;
#5023 = VECTOR ( 'NONE', #1231, 1000.000000000000000 ) ;
#5024 = CARTESIAN_POINT ( 'NONE',  ( 0.5000000000000000000, 0.09999999999999510669, 0.2550000000000000600 ) ) ;
#5025 = CARTESIAN_POINT ( 'NONE',  ( -2.115942949528163001E-16, 0.04000000000000000083, -0.6050000000000000933 ) ) ;
#5026 = MANIFOLD_SOLID_BREP ( 'Boss-Extrude7[3]', #4728 ) ;
#5027 = ORIENTED_EDGE ( 'NONE', *, *, #2893, .T. ) ;
#5028 = VECTOR ( 'NONE', #3002, 1000.000000000000000 ) ;
#5029 = EDGE_CURVE ( 'NONE', #1446, #4034, #2968, .T. ) ;
#5030 = LINE ( 'NONE', #1909, #3078 ) ;
#5031 = VECTOR ( 'NONE', #241, 1000.000000000000000 ) ;
#5032 = FACE_OUTER_BOUND ( 'NONE', #550, .T. ) ;
#5033 = CARTESIAN_POINT ( 'NONE',  ( 0.4300000000000001044, 0.04000000000000000083, -0.6050000000000000933 ) ) ;
#5034 = ORIENTED_EDGE ( 'NONE', *, *, #3290, .T. ) ;
#5035 = MANIFOLD_SOLID_BREP ( 'Cut-Extrude9', #300 ) ;
#5036 = CYLINDRICAL_SURFACE ( 'NONE', #4775, 0.05000000000000002359 ) ;
#5037 = PLANE ( 'NONE',  #832 ) ;
#5038 = ORIENTED_EDGE ( 'NONE', *, *, #278, .F. ) ;
#5039 = EDGE_CURVE ( 'NONE', #3311, #4224, #166, .T. ) ;
#5040 = DIRECTION ( 'NONE',  ( 1.000000000000000000, 0.000000000000000000, -3.497426362856466107E-16 ) ) ;
#5041 = EDGE_CURVE ( 'NONE', #4659, #347, #520, .T. ) ;
#5042 = DIRECTION ( 'NONE',  ( -0.000000000000000000, -0.000000000000000000, 1.000000000000000000 ) ) ;
#5043 = PLANE ( 'NONE',  #1098 ) ;
#5044 = ORIENTED_EDGE ( 'NONE', *, *, #1029, .T. ) ;
#5045 = EDGE_CURVE ( 'NONE', #4298, #1109, #3715, .T. ) ;
#5046 = ORIENTED_EDGE ( 'NONE', *, *, #1003, .T. ) ;
#5047 = ORIENTED_EDGE ( 'NONE', *, *, #3320, .T. ) ;
#5048 = DIRECTION ( 'NONE',  ( 0.000000000000000000, 0.000000000000000000, 1.000000000000000000 ) ) ;
#5049 = AXIS2_PLACEMENT_3D ( 'NONE', #3287, #3315, #1738 ) ;
#5050 = CARTESIAN_POINT ( 'NONE',  ( -0.1200000000000000372, 0.000000000000000000, -0.2550000000000000600 ) ) ;
#5051 = DIRECTION ( 'NONE',  ( 0.000000000000000000, -1.000000000000000000, 0.000000000000000000 ) ) ;
#5052 = CARTESIAN_POINT ( 'NONE',  ( 0.4299999999999998823, 0.1000000000000000194, -0.6750000000000001554 ) ) ;
#5053 = ORIENTED_EDGE ( 'NONE', *, *, #494, .F. ) ;
#5054 = ORIENTED_EDGE ( 'NONE', *, *, #794, .T. ) ;
#5055 = VECTOR ( 'NONE', #4225, 1000.000000000000000 ) ;
#5056 = LINE ( 'NONE', #1985, #451 ) ;
#5057 = CARTESIAN_POINT ( 'NONE',  ( 0.5000000000000000000, 0.04000000000000000083, 0.6749999999999998224 ) ) ;
#5058 = VECTOR ( 'NONE', #1158, 1000.000000000000000 ) ;
#5059 = CARTESIAN_POINT ( 'NONE',  ( -0.3700000000000001066, 0.3499999999999999778, -0.5450000000000001510 ) ) ;
#5060 = ADVANCED_FACE ( 'NONE', ( #4481 ), #196, .T. ) ;
#5061 = ORIENTED_EDGE ( 'NONE', *, *, #541, .F. ) ;
#5062 = ADVANCED_FACE ( 'NONE', ( #3768 ), #4562, .T. ) ;
#5063 = CARTESIAN_POINT ( 'NONE',  ( -0.1200000000000000372, 0.5088552708502482869, -0.2550000000000000600 ) ) ;
#5064 = CARTESIAN_POINT ( 'NONE',  ( -0.3700000000000001066, 0.2999999999999999889, -0.5450000000000001510 ) ) ;
#5065 = VERTEX_POINT ( 'NONE', #3091 ) ;
#5066 = VECTOR ( 'NONE', #4277, 1000.000000000000000 ) ;
#5067 = CARTESIAN_POINT ( 'NONE',  ( -0.4299999999999999933, 0.1000000000000000194, -0.6050000000000000933 ) ) ;
#5068 = DIRECTION ( 'NONE',  ( 1.000000000000000000, 0.000000000000000000, -8.031127203596330602E-17 ) ) ;
#5069 = ORIENTED_EDGE ( 'NONE', *, *, #2285, .F. ) ;
#5070 = ORIENTED_EDGE ( 'NONE', *, *, #1838, .F. ) ;
#5071 = DIRECTION ( 'NONE',  ( 1.000000000000000000, 0.000000000000000000, 0.000000000000000000 ) ) ;
#5072 = CARTESIAN_POINT ( 'NONE',  ( 0.1200000000000001205, 0.1599999999999999756, 0.6049999999999999822 ) ) ;
#5073 = CARTESIAN_POINT ( 'NONE',  ( 0.5000000000000000000, 0.09999999999999512057, 0.09499999999999998723 ) ) ;
#5074 = CARTESIAN_POINT ( 'NONE',  ( 0.1200000000000001205, 0.5088552708502482869, -0.4449999999999999512 ) ) ;
#5075 = VECTOR ( 'NONE', #1272, 1000.000000000000000 ) ;
#5076 = ORIENTED_EDGE ( 'NONE', *, *, #4629, .T. ) ;
#5077 = EDGE_CURVE ( 'NONE', #2412, #1682, #345, .T. ) ;
#5078 = CARTESIAN_POINT ( 'NONE',  ( -0.1200000000000000511, 0.09999999999999997780, -0.6050000000000000933 ) ) ;
#5079 = DIRECTION ( 'NONE',  ( 1.000000000000000000, -0.000000000000000000, -0.000000000000000000 ) ) ;
#5080 = DIRECTION ( 'NONE',  ( -0.000000000000000000, 1.000000000000000000, 0.000000000000000000 ) ) ;
#5081 = ORIENTED_EDGE ( 'NONE', *, *, #1278, .T. ) ;
#5082 = CARTESIAN_POINT ( 'NONE',  ( 0.000000000000000000, 0.1600000000000000033, 0.3499999999999999778 ) ) ;
#5083 = CARTESIAN_POINT ( 'NONE',  ( 0.1200000000000001205, 0.1600000000000000033, 0.6049999999999998712 ) ) ;
#5084 = ORIENTED_EDGE ( 'NONE', *, *, #4405, .F. ) ;
#5085 = AXIS2_PLACEMENT_3D ( 'NONE', #3150, #2770, #4112 ) ;
#5086 = EDGE_CURVE ( 'NONE', #3447, #1734, #658, .T. ) ;
#5087 = ORIENTED_EDGE ( 'NONE', *, *, #4136, .T. ) ;
#5088 = LINE ( 'NONE', #4294, #5007 ) ;
#5089 = DIRECTION ( 'NONE',  ( 1.000000000000000000, -0.000000000000000000, -0.000000000000000000 ) ) ;
#5090 = CARTESIAN_POINT ( 'NONE',  ( -0.3700000000000001066, 0.2999999999999999889, -0.5450000000000001510 ) ) ;
#5091 = ORIENTED_EDGE ( 'NONE', *, *, #512, .T. ) ;
ENDSEC;
END-ISO-10303-21;
