ISO-10303-21;
HEADER;
FILE_DESCRIPTION (( 'STEP AP214' ),
    '1' );
FILE_NAME ('MMICT5837-00-012.STEP',
    '2025-02-07T11:35:27',
    ( '' ),
    ( '' ),
    'SwSTEP 2.0',
    'SolidWorks 2021',
    '' );
FILE_SCHEMA (( 'AUTOMOTIVE_DESIGN' ));
ENDSEC;

DATA;
#1 = DIRECTION ( 'NONE',  ( -1.000000000000000000, 0.000000000000000000, 0.000000000000000000 ) ) ;
#2 = FACE_OUTER_BOUND ( 'NONE', #3568, .T. ) ;
#3 = ORIENTED_EDGE ( 'NONE', *, *, #1013, .T. ) ;
#4 = CARTESIAN_POINT ( 'NONE',  ( 0.4750000000000001443, 0.1000000000000000056, -1.102999999999999980 ) ) ;
#5 = VECTOR ( 'NONE', #3637, 1000.000000000000000 ) ;
#6 = PLANE ( 'NONE',  #2084 ) ;
#7 = FACE_OUTER_BOUND ( 'NONE', #1866, .T. ) ;
#8 = ORIENTED_EDGE ( 'NONE', *, *, #3001, .T. ) ;
#9 = AXIS2_PLACEMENT_3D ( 'NONE', #274, #3175, #1723 ) ;
#10 = VERTEX_POINT ( 'NONE', #3211 ) ;
#11 = VECTOR ( 'NONE', #3360, 1000.000000000000000 ) ;
#12 = AXIS2_PLACEMENT_3D ( 'NONE', #957, #1510, #1528 ) ;
#13 = DIRECTION ( 'NONE',  ( 0.000000000000000000, 0.000000000000000000, 1.000000000000000000 ) ) ;
#14 = DIRECTION ( 'NONE',  ( 0.000000000000000000, -0.000000000000000000, -1.000000000000000000 ) ) ;
#15 = ORIENTED_EDGE ( 'NONE', *, *, #401, .F. ) ;
#16 = EDGE_CURVE ( 'NONE', #2088, #79, #2495, .T. ) ;
#17 = AXIS2_PLACEMENT_3D ( 'NONE', #2479, #2457, #2173 ) ;
#18 = DIRECTION ( 'NONE',  ( -0.000000000000000000, -1.000000000000000000, -0.000000000000000000 ) ) ;
#19 = ADVANCED_FACE ( 'NONE', ( #1788 ), #2658, .T. ) ;
#20 = ADVANCED_FACE ( 'NONE', ( #1250 ), #963, .F. ) ;
#21 = CARTESIAN_POINT ( 'NONE',  ( -1.199999999999999734, 0.1000000000000000056, 1.325000000000000178 ) ) ;
#22 = VERTEX_POINT ( 'NONE', #1004 ) ;
#23 = DIRECTION ( 'NONE',  ( 0.000000000000000000, 0.000000000000000000, 1.000000000000000000 ) ) ;
#24 = CARTESIAN_POINT ( 'NONE',  ( 0.000000000000000000, 0.000000000000000000, 0.000000000000000000 ) ) ;
#25 = LINE ( 'NONE', #2283, #541 ) ;
#26 = ORIENTED_EDGE ( 'NONE', *, *, #1269, .F. ) ;
#27 = DIRECTION ( 'NONE',  ( -0.000000000000000000, -1.000000000000000000, -0.000000000000000000 ) ) ;
#28 = VERTEX_POINT ( 'NONE', #2748 ) ;
#29 = AXIS2_PLACEMENT_3D ( 'NONE', #2165, #2801, #3304 ) ;
#30 = DIRECTION ( 'NONE',  ( 0.000000000000000000, 0.000000000000000000, -1.000000000000000000 ) ) ;
#31 = CIRCLE ( 'NONE', #1810, 0.1000000000000000472 ) ;
#32 = LINE ( 'NONE', #1375, #3401 ) ;
#33 = DIRECTION ( 'NONE',  ( -1.000000000000000000, 0.000000000000000000, -5.981805089575198169E-16 ) ) ;
#34 = VERTEX_POINT ( 'NONE', #3058 ) ;
#35 = VECTOR ( 'NONE', #152, 1000.000000000000000 ) ;
#36 = CARTESIAN_POINT ( 'NONE',  ( -1.200000000000000178, 0.4289999999999994929, -1.450000000000000178 ) ) ;
#37 = CARTESIAN_POINT ( 'NONE',  ( 0.000000000000000000, 0.1000000000000000056, 0.000000000000000000 ) ) ;
#38 = VERTEX_POINT ( 'NONE', #2449 ) ;
#39 = AXIS2_PLACEMENT_3D ( 'NONE', #1795, #2665, #3148 ) ;
#40 = DIRECTION ( 'NONE',  ( 0.000000000000000000, -1.000000000000000000, 0.000000000000000000 ) ) ;
#41 = DIRECTION ( 'NONE',  ( -0.000000000000000000, -1.000000000000000000, 0.000000000000000000 ) ) ;
#42 = EDGE_CURVE ( 'NONE', #1850, #1307, #497, .T. ) ;
#43 = CIRCLE ( 'NONE', #3493, 0.8125000000000003331 ) ;
#44 = COLOUR_RGB ( '',1.000000000000000000, 0.8117647058823529438, 0.5019607843137254832 ) ;
#45 = CARTESIAN_POINT ( 'NONE',  ( -1.025000000000000133, 0.3790000000000000036, -1.450000000000000178 ) ) ;
#46 = EDGE_LOOP ( 'NONE', ( #723, #793, #3527, #2366 ) ) ;
#47 = FACE_OUTER_BOUND ( 'NONE', #1563, .T. ) ;
#48 = DIRECTION ( 'NONE',  ( 0.000000000000000000, -0.000000000000000000, -1.000000000000000000 ) ) ;
#49 = EDGE_CURVE ( 'NONE', #1492, #3191, #2131, .T. ) ;
#50 = ORIENTED_EDGE ( 'NONE', *, *, #2663, .T. ) ;
#51 = VECTOR ( 'NONE', #820, 1000.000000000000000 ) ;
#52 = VERTEX_POINT ( 'NONE', #2493 ) ;
#53 = PRESENTATION_STYLE_ASSIGNMENT (( #309 ) ) ;
#54 = EDGE_CURVE ( 'NONE', #2902, #1954, #445, .T. ) ;
#55 = SURFACE_SIDE_STYLE ('',( #907 ) ) ;
#56 = CARTESIAN_POINT ( 'NONE',  ( -1.025000000000000133, 0.2540000000000000036, 1.449999999999999734 ) ) ;
#57 = ORIENTED_EDGE ( 'NONE', *, *, #1343, .F. ) ;
#58 = DIRECTION ( 'NONE',  ( 2.077015656102498460E-16, 0.000000000000000000, 1.000000000000000000 ) ) ;
#59 = ORIENTED_EDGE ( 'NONE', *, *, #1495, .T. ) ;
#60 = DIRECTION ( 'NONE',  ( -1.000000000000000000, 0.000000000000000000, -5.981805089575198169E-16 ) ) ;
#61 = CARTESIAN_POINT ( 'NONE',  ( -1.324999999999999512, 0.000000000000000000, -1.749999999999999778 ) ) ;
#62 = ADVANCED_FACE ( 'NONE', ( #1882 ), #1938, .T. ) ;
#63 = ORIENTED_EDGE ( 'NONE', *, *, #1239, .F. ) ;
#64 = LINE ( 'NONE', #1193, #3247 ) ;
#65 = VECTOR ( 'NONE', #2854, 1000.000000000000000 ) ;
#66 = ORIENTED_EDGE ( 'NONE', *, *, #1820, .F. ) ;
#67 = APPLICATION_CONTEXT ( 'automotive_design' ) ;
#68 = CARTESIAN_POINT ( 'NONE',  ( -4.814824860968089633E-32, 0.000000000000000000, 0.7100000000000000755 ) ) ;
#69 = VECTOR ( 'NONE', #600, 1000.000000000000000 ) ;
#70 = EDGE_CURVE ( 'NONE', #183, #2733, #1310, .T. ) ;
#71 = ORIENTED_EDGE ( 'NONE', *, *, #689, .T. ) ;
#72 = LINE ( 'NONE', #3495, #120 ) ;
#73 = LINE ( 'NONE', #2603, #3251 ) ;
#74 = AXIS2_PLACEMENT_3D ( 'NONE', #2914, #1213, #2695 ) ;
#75 = VERTEX_POINT ( 'NONE', #3075 ) ;
#76 = VERTEX_POINT ( 'NONE', #480 ) ;
#77 = DIRECTION ( 'NONE',  ( -0.000000000000000000, -1.000000000000000000, 0.000000000000000000 ) ) ;
#78 = ORIENTED_EDGE ( 'NONE', *, *, #2774, .F. ) ;
#79 = VERTEX_POINT ( 'NONE', #2431 ) ;
#80 = EDGE_CURVE ( 'NONE', #3678, #3384, #1081, .T. ) ;
#81 = DIRECTION ( 'NONE',  ( 1.000000000000000000, 0.000000000000000000, 0.000000000000000000 ) ) ;
#82 = ORIENTED_EDGE ( 'NONE', *, *, #790, .F. ) ;
#83 = CARTESIAN_POINT ( 'NONE',  ( -4.814824860968089633E-32, 0.1000000000000000056, 0.7100000000000000755 ) ) ;
#84 = AXIS2_PLACEMENT_3D ( 'NONE', #612, #3239, #405 ) ;
#85 = VECTOR ( 'NONE', #1533, 1000.000000000000000 ) ;
#86 = DIRECTION ( 'NONE',  ( -0.000000000000000000, -1.000000000000000000, -0.000000000000000000 ) ) ;
#87 = CARTESIAN_POINT ( 'NONE',  ( 6.597931013801438585E-16, 0.1000000000000000056, -1.102999999999999314 ) ) ;
#88 = CARTESIAN_POINT ( 'NONE',  ( 1.150000000000000133, 0.8549999999999999822, 1.449999999999999734 ) ) ;
#89 = ORIENTED_EDGE ( 'NONE', *, *, #1619, .F. ) ;
#90 = VECTOR ( 'NONE', #3455, 1000.000000000000000 ) ;
#91 = ORIENTED_EDGE ( 'NONE', *, *, #3479, .F. ) ;
#92 = CARTESIAN_POINT ( 'NONE',  ( 2.296212748401284028E-17, 0.1000000000000000056, 0.8975000000000002975 ) ) ;
#93 = LINE ( 'NONE', #1544, #484 ) ;
#94 = ORIENTED_EDGE ( 'NONE', *, *, #3332, .F. ) ;
#95 = VECTOR ( 'NONE', #3630, 1000.000000000000000 ) ;
#96 = LINE ( 'NONE', #630, #85 ) ;
#97 = VECTOR ( 'NONE', #2240, 1000.000000000000000 ) ;
#98 = VERTEX_POINT ( 'NONE', #2203 ) ;
#99 = ORIENTED_EDGE ( 'NONE', *, *, #181, .F. ) ;
#100 = CARTESIAN_POINT ( 'NONE',  ( 1.200000000000000178, 0.000000000000000000, 0.000000000000000000 ) ) ;
#101 = EDGE_CURVE ( 'NONE', #212, #2088, #529, .T. ) ;
#102 = CLOSED_SHELL ( 'NONE', ( #2972, #2450, #2693, #2512, #2187, #1955 ) ) ;
#103 =( GEOMETRIC_REPRESENTATION_CONTEXT ( 3 ) GLOBAL_UNCERTAINTY_ASSIGNED_CONTEXT ( ( #661 ) ) GLOBAL_UNIT_ASSIGNED_CONTEXT ( ( #1048, #2539, #2170 ) ) REPRESENTATION_CONTEXT ( 'NONE', 'WORKASPACE' ) );
#104 = VERTEX_POINT ( 'NONE', #2226 ) ;
#105 = LINE ( 'NONE', #620, #1553 ) ;
#106 = FACE_OUTER_BOUND ( 'NONE', #2352, .T. ) ;
#107 = EDGE_CURVE ( 'NONE', #438, #2215, #2437, .T. ) ;
#108 = ORIENTED_EDGE ( 'NONE', *, *, #1703, .T. ) ;
#109 = DIRECTION ( 'NONE',  ( -0.000000000000000000, 1.000000000000000000, -0.000000000000000000 ) ) ;
#110 = LINE ( 'NONE', #1187, #327 ) ;
#111 = CARTESIAN_POINT ( 'NONE',  ( 0.000000000000000000, 0.000000000000000000, 1.625000000000000222 ) ) ;
#112 = ORIENTED_EDGE ( 'NONE', *, *, #1836, .T. ) ;
#113 = UNCERTAINTY_MEASURE_WITH_UNIT (LENGTH_MEASURE( 1.000000000000000082E-05 ), #182, 'distance_accuracy_value', 'NONE');
#114 = DIRECTION ( 'NONE',  ( 0.000000000000000000, -0.000000000000000000, 1.000000000000000000 ) ) ;
#115 = DIRECTION ( 'NONE',  ( 0.000000000000000000, 0.000000000000000000, 1.000000000000000000 ) ) ;
#116 = DIRECTION ( 'NONE',  ( -2.077015656102498707E-16, 0.000000000000000000, -1.000000000000000000 ) ) ;
#117 = DIRECTION ( 'NONE',  ( 0.000000000000000000, -1.000000000000000000, 0.000000000000000000 ) ) ;
#118 = ORIENTED_EDGE ( 'NONE', *, *, #3372, .T. ) ;
#119 = ADVANCED_FACE ( 'NONE', ( #3628 ), #3586, .T. ) ;
#120 = VECTOR ( 'NONE', #2362, 1000.000000000000000 ) ;
#121 = CARTESIAN_POINT ( 'NONE',  ( -1.025000000000000133, 0.3790000000000000036, 1.649999999999999689 ) ) ;
#122 = DIRECTION ( 'NONE',  ( 0.000000000000000000, 0.000000000000000000, -1.000000000000000000 ) ) ;
#123 = PLANE ( 'NONE',  #1975 ) ;
#124 = ORIENTED_EDGE ( 'NONE', *, *, #2058, .F. ) ;
#125 = CARTESIAN_POINT ( 'NONE',  ( -1.200000000000000178, 0.1000000000000000056, -1.625000000000000000 ) ) ;
#127 = EDGE_CURVE ( 'NONE', #1819, #850, #1863, .T. ) ;
#126 = DIRECTION ( 'NONE',  ( 1.000000000000000000, 0.000000000000000000, 2.990902544787598099E-16 ) ) ;
#128 = ORIENTED_EDGE ( 'NONE', *, *, #1501, .F. ) ;
#129 = ORIENTED_EDGE ( 'NONE', *, *, #970, .T. ) ;
#130 = AXIS2_PLACEMENT_3D ( 'NONE', #473, #2722, #3619 ) ;
#131 = LINE ( 'NONE', #429, #3062 ) ;
#132 = ADVANCED_FACE ( 'NONE', ( #235 ), #2188, .F. ) ;
#133 = ADVANCED_FACE ( 'NONE', ( #1364 ), #2513, .F. ) ;
#134 = AXIS2_PLACEMENT_3D ( 'NONE', #3068, #1664, #1285 ) ;
#135 = ORIENTED_EDGE ( 'NONE', *, *, #400, .T. ) ;
#136 = VERTEX_POINT ( 'NONE', #464 ) ;
#137 = CARTESIAN_POINT ( 'NONE',  ( 0.8999999999999993561, 0.1000000000000000056, 0.000000000000000000 ) ) ;
#138 =( LENGTH_UNIT ( ) NAMED_UNIT ( * ) SI_UNIT ( .MILLI., .METRE. ) );
#139 =( LENGTH_UNIT ( ) NAMED_UNIT ( * ) SI_UNIT ( .MILLI., .METRE. ) );
#140 = ORIENTED_EDGE ( 'NONE', *, *, #809, .T. ) ;
#141 = SURFACE_STYLE_USAGE ( .BOTH. , #709 ) ;
#142 = CARTESIAN_POINT ( 'NONE',  ( -1.025000000000000133, 0.4289999999999997149, -1.450000000000000178 ) ) ;
#143 = FACE_OUTER_BOUND ( 'NONE', #170, .T. ) ;
#144 = ORIENTED_EDGE ( 'NONE', *, *, #1689, .F. ) ;
#145 = VECTOR ( 'NONE', #1451, 1000.000000000000000 ) ;
#146 = PLANE ( 'NONE',  #1746 ) ;
#147 = CARTESIAN_POINT ( 'NONE',  ( -4.814824860968089633E-32, 0.1000000000000000056, 0.7100000000000000755 ) ) ;
#148 = ORIENTED_EDGE ( 'NONE', *, *, #2195, .F. ) ;
#149 = EDGE_LOOP ( 'NONE', ( #1440, #2048 ) ) ;
#150 = LINE ( 'NONE', #1290, #672 ) ;
#151 = DIRECTION ( 'NONE',  ( 0.000000000000000000, 0.000000000000000000, -1.000000000000000000 ) ) ;
#152 = DIRECTION ( 'NONE',  ( -0.000000000000000000, -1.000000000000000000, -0.000000000000000000 ) ) ;
#153 = FACE_OUTER_BOUND ( 'NONE', #3056, .T. ) ;
#154 = ADVANCED_FACE ( 'NONE', ( #2471 ), #3608, .F. ) ;
#155 = LINE ( 'NONE', #1293, #772 ) ;
#156 = AXIS2_PLACEMENT_3D ( 'NONE', #1299, #1337, #3033 ) ;
#157 = CARTESIAN_POINT ( 'NONE',  ( 1.199999999999999289, 0.000000000000000000, 1.325000000000000178 ) ) ;
#158 = ORIENTED_EDGE ( 'NONE', *, *, #1362, .T. ) ;
#159 = CIRCLE ( 'NONE', #2613, 0.8125000000000003331 ) ;
#160 = AXIS2_PLACEMENT_3D ( 'NONE', #525, #1670, #3027 ) ;
#161 = CARTESIAN_POINT ( 'NONE',  ( 0.8999999999999993561, 0.1000000000000000056, 1.625000000000000222 ) ) ;
#162 = CARTESIAN_POINT ( 'NONE',  ( 0.8999999999999993561, 0.1000000000000000056, 1.325000000000000178 ) ) ;
#163 = DIRECTION ( 'NONE',  ( -1.000000000000000000, 0.000000000000000000, 0.000000000000000000 ) ) ;
#164 = ORIENTED_EDGE ( 'NONE', *, *, #49, .F. ) ;
#165 = EDGE_CURVE ( 'NONE', #422, #3688, #1634, .T. ) ;
#166 = CARTESIAN_POINT ( 'NONE',  ( 0.4750000000000005884, 0.1000000000000000056, -1.973164873297376964E-16 ) ) ;
#167 = CYLINDRICAL_SURFACE ( 'NONE', #955, 0.1250000000000001110 ) ;
#168 = DIRECTION ( 'NONE',  ( 0.000000000000000000, 0.000000000000000000, -1.000000000000000000 ) ) ;
#169 = LINE ( 'NONE', #2509, #3180 ) ;
#170 = EDGE_LOOP ( 'NONE', ( #1584, #3554, #573, #2323 ) ) ;
#171 = CARTESIAN_POINT ( 'NONE',  ( -0.4749999999999998668, -0.000000000000000000, 9.865824366486865099E-17 ) ) ;
#172 = CARTESIAN_POINT ( 'NONE',  ( 0.000000000000000000, -0.000000000000000000, 1.325000000000000178 ) ) ;
#173 = ORIENTED_EDGE ( 'NONE', *, *, #1124, .T. ) ;
#174 = PLANE ( 'NONE',  #336 ) ;
#175 = ORIENTED_EDGE ( 'NONE', *, *, #1372, .T. ) ;
#176 = CARTESIAN_POINT ( 'NONE',  ( -4.814824860968089633E-32, 0.000000000000000000, -0.1025000000000001604 ) ) ;
#177 = CARTESIAN_POINT ( 'NONE',  ( 1.199999999999999956, 0.000000000000000000, -0.2809999999999999165 ) ) ;
#178 = EDGE_CURVE ( 'NONE', #2152, #2649, #1413, .T. ) ;
#179 = CARTESIAN_POINT ( 'NONE',  ( -0.8249999999999995115, 0.9299999999999999378, -1.149999999999999689 ) ) ;
#180 = EDGE_CURVE ( 'NONE', #592, #79, #1420, .T. ) ;
#181 = EDGE_CURVE ( 'NONE', #2285, #3384, #1153, .T. ) ;
#182 =( LENGTH_UNIT ( ) NAMED_UNIT ( * ) SI_UNIT ( .MILLI., .METRE. ) );
#183 = VERTEX_POINT ( 'NONE', #556 ) ;
#184 = DIRECTION ( 'NONE',  ( -1.000000000000000000, 0.000000000000000000, 0.000000000000000000 ) ) ;
#185 = LINE ( 'NONE', #2702, #482 ) ;
#186 = ORIENTED_EDGE ( 'NONE', *, *, #2308, .F. ) ;
#187 = AXIS2_PLACEMENT_3D ( 'NONE', #357, #673, #1241 ) ;
#188 = CARTESIAN_POINT ( 'NONE',  ( 0.4750000000000005884, 0.000000000000000000, -1.973164873297376964E-16 ) ) ;
#189 = DIRECTION ( 'NONE',  ( 0.000000000000000000, 1.000000000000000000, 0.000000000000000000 ) ) ;
#190 = AXIS2_PLACEMENT_3D ( 'NONE', #1741, #2576, #2020 ) ;
#191 = CYLINDRICAL_SURFACE ( 'NONE', #430, 0.1875000000000000555 ) ;
#192 = VERTEX_POINT ( 'NONE', #1102 ) ;
#193 = DIRECTION ( 'NONE',  ( 5.981805089575198169E-16, 0.000000000000000000, -1.000000000000000000 ) ) ;
#194 = CARTESIAN_POINT ( 'NONE',  ( 0.8999999999999993561, 0.000000000000000000, 0.000000000000000000 ) ) ;
#195 = EDGE_CURVE ( 'NONE', #2325, #3191, #2127, .T. ) ;
#196 = EDGE_LOOP ( 'NONE', ( #2429, #2751, #975, #1094 ) ) ;
#197 = DIRECTION ( 'NONE',  ( -0.000000000000000000, 0.000000000000000000, 1.000000000000000000 ) ) ;
#198 = DIRECTION ( 'NONE',  ( 0.000000000000000000, 0.000000000000000000, -1.000000000000000000 ) ) ;
#199 = AXIS2_PLACEMENT_3D ( 'NONE', #812, #1928, #3088 ) ;
#200 = ORIENTED_EDGE ( 'NONE', *, *, #3537, .F. ) ;
#201 = PRESENTATION_STYLE_ASSIGNMENT (( #2475 ) ) ;
#202 = CYLINDRICAL_SURFACE ( 'NONE', #708, 0.5124999999999999556 ) ;
#203 = AXIS2_PLACEMENT_3D ( 'NONE', #993, #2754, #2193 ) ;
#204 = CARTESIAN_POINT ( 'NONE',  ( -1.150000000000000133, 0.8550000000000015365, 1.449999999999999734 ) ) ;
#205 = COLOUR_RGB ( '',0.000000000000000000, 0.000000000000000000, 0.000000000000000000 ) ;
#206 = FACE_OUTER_BOUND ( 'NONE', #272, .T. ) ;
#207 = ORIENTED_EDGE ( 'NONE', *, *, #2506, .T. ) ;
#208 = CARTESIAN_POINT ( 'NONE',  ( 1.199999999999999289, 0.1000000000000000056, 1.325000000000000178 ) ) ;
#209 = FACE_OUTER_BOUND ( 'NONE', #2076, .T. ) ;
#210 = EDGE_CURVE ( 'NONE', #877, #1086, #3456, .T. ) ;
#211 = DIRECTION ( 'NONE',  ( 0.000000000000000000, -1.000000000000000000, 0.000000000000000000 ) ) ;
#212 = VERTEX_POINT ( 'NONE', #2842 ) ;
#213 = VECTOR ( 'NONE', #2675, 1000.000000000000000 ) ;
#214 = LINE ( 'NONE', #3324, #1580 ) ;
#215 = DIRECTION ( 'NONE',  ( 0.000000000000000000, 0.000000000000000000, 1.000000000000000000 ) ) ;
#216 = EDGE_LOOP ( 'NONE', ( #1402, #2646 ) ) ;
#217 =( NAMED_UNIT ( * ) PLANE_ANGLE_UNIT ( ) SI_UNIT ( $, .RADIAN. ) );
#218 = CARTESIAN_POINT ( 'NONE',  ( 3.602542115196659055E-16, 0.1000000000000000056, -0.8029999999999993809 ) ) ;
#219 = ORIENTED_EDGE ( 'NONE', *, *, #518, .T. ) ;
#220 = CIRCLE ( 'NONE', #2107, 0.1250000000000001110 ) ;
#221 = DIRECTION ( 'NONE',  ( -0.000000000000000000, -1.000000000000000000, -0.000000000000000000 ) ) ;
#222 = ADVANCED_FACE ( 'NONE', ( #2 ), #3383, .T. ) ;
#223 = CARTESIAN_POINT ( 'NONE',  ( -4.814824860968089633E-32, 0.1000000000000000056, 0.7100000000000000755 ) ) ;
#224 = FILL_AREA_STYLE_COLOUR ( '', #1633 ) ;
#225 = AXIS2_PLACEMENT_3D ( 'NONE', #2618, #2075, #3218 ) ;
#226 = ORIENTED_EDGE ( 'NONE', *, *, #671, .T. ) ;
#227 = CARTESIAN_POINT ( 'NONE',  ( -1.324999999999999512, 0.000000000000000000, -1.749999999999999778 ) ) ;
#228 = VECTOR ( 'NONE', #30, 1000.000000000000000 ) ;
#229 = STYLED_ITEM ( 'NONE', ( #3042 ), #3548 ) ;
#230 = ADVANCED_FACE ( 'NONE', ( #3095 ), #2591, .F. ) ;
#231 = DIRECTION ( 'NONE',  ( 0.000000000000000000, -0.000000000000000000, 1.000000000000000000 ) ) ;
#232 = LINE ( 'NONE', #2743, #2705 ) ;
#233 = VERTEX_POINT ( 'NONE', #2553 ) ;
#234 = DIRECTION ( 'NONE',  ( -0.000000000000000000, -1.000000000000000000, -0.000000000000000000 ) ) ;
#235 = FACE_OUTER_BOUND ( 'NONE', #2655, .T. ) ;
#236 = ORIENTED_EDGE ( 'NONE', *, *, #1095, .F. ) ;
#237 = LINE ( 'NONE', #2805, #2310 ) ;
#238 = DIRECTION ( 'NONE',  ( 0.000000000000000000, -0.000000000000000000, -1.000000000000000000 ) ) ;
#239 = CARTESIAN_POINT ( 'NONE',  ( 6.597931013801438585E-16, 0.000000000000000000, -1.102999999999999314 ) ) ;
#240 =( LENGTH_UNIT ( ) NAMED_UNIT ( * ) SI_UNIT ( .MILLI., .METRE. ) );
#241 = DIRECTION ( 'NONE',  ( 0.000000000000000000, -1.000000000000000000, 0.000000000000000000 ) ) ;
#242 = APPLICATION_CONTEXT ( 'automotive_design' ) ;
#243 = FACE_OUTER_BOUND ( 'NONE', #196, .T. ) ;
#244 = DIRECTION ( 'NONE',  ( 0.000000000000000000, 0.000000000000000000, -1.000000000000000000 ) ) ;
#245 = EDGE_CURVE ( 'NONE', #778, #3611, #342, .T. ) ;
#246 = CARTESIAN_POINT ( 'NONE',  ( 6.276314845630179301E-17, 0.1000000000000000056, 1.222500000000000142 ) ) ;
#247 = CARTESIAN_POINT ( 'NONE',  ( 1.199999999999999734, 0.1000000000000000056, 4.984837574645996502E-16 ) ) ;
#248 = CARTESIAN_POINT ( 'NONE',  ( 1.199999999999999289, 0.000000000000000000, 0.000000000000000000 ) ) ;
#249 = ORIENTED_EDGE ( 'NONE', *, *, #1501, .T. ) ;
#250 = LINE ( 'NONE', #171, #3237 ) ;
#251 = VECTOR ( 'NONE', #2862, 1000.000000000000000 ) ;
#252 = EDGE_CURVE ( 'NONE', #1615, #2902, #1137, .T. ) ;
#253 = CARTESIAN_POINT ( 'NONE',  ( 0.4749999999999999223, 0.1000000000000000056, -0.8029999999999998250 ) ) ;
#254 = ORIENTED_EDGE ( 'NONE', *, *, #3599, .F. ) ;
#255 = DIRECTION ( 'NONE',  ( 0.000000000000000000, -1.000000000000000000, 0.000000000000000000 ) ) ;
#256 = CYLINDRICAL_SURFACE ( 'NONE', #1016, 0.1875000000000000555 ) ;
#257 = ORIENTED_EDGE ( 'NONE', *, *, #1730, .T. ) ;
#258 = FILL_AREA_STYLE_COLOUR ( '', #2007 ) ;
#259 = EDGE_CURVE ( 'NONE', #1492, #3466, #1334, .T. ) ;
#260 = EDGE_CURVE ( 'NONE', #2525, #1719, #318, .T. ) ;
#261 = DIRECTION ( 'NONE',  ( 2.990902544787597606E-16, 0.000000000000000000, -1.000000000000000000 ) ) ;
#262 = LINE ( 'NONE', #1711, #2279 ) ;
#263 = SURFACE_STYLE_USAGE ( .BOTH. , #1091 ) ;
#264 = ORIENTED_EDGE ( 'NONE', *, *, #1152, .F. ) ;
#265 = DIRECTION ( 'NONE',  ( -0.000000000000000000, -1.000000000000000000, -0.000000000000000000 ) ) ;
#266 = CARTESIAN_POINT ( 'NONE',  ( -1.225000000000000089, 0.3790000000000000036, 1.449999999999999734 ) ) ;
#267 = FACE_OUTER_BOUND ( 'NONE', #2464, .T. ) ;
#268 = LINE ( 'NONE', #2799, #3656 ) ;
#269 = VERTEX_POINT ( 'NONE', #21 ) ;
#270 = EDGE_CURVE ( 'NONE', #2327, #2787, #1455, .T. ) ;
#271 = CARTESIAN_POINT ( 'NONE',  ( 1.025000000000000133, 0.3790000000000000036, -1.450000000000000178 ) ) ;
#272 = EDGE_LOOP ( 'NONE', ( #1201, #1780, #1331, #3684 ) ) ;
#273 = CARTESIAN_POINT ( 'NONE',  ( 0.4749999999999999223, 0.000000000000000000, -0.8029999999999998250 ) ) ;
#274 = CARTESIAN_POINT ( 'NONE',  ( -1.200000000000000178, 0.4289999999999997149, 1.449999999999999734 ) ) ;
#275 = CARTESIAN_POINT ( 'NONE',  ( -0.8999999999999998002, 0.1000000000000000056, 0.000000000000000000 ) ) ;
#276 = ADVANCED_FACE ( 'NONE', ( #1977 ), #3115, .T. ) ;
#277 = ORIENTED_EDGE ( 'NONE', *, *, #1757, .T. ) ;
#278 = VECTOR ( 'NONE', #3500, 1000.000000000000000 ) ;
#279 = VERTEX_POINT ( 'NONE', #253 ) ;
#280 = ORIENTED_EDGE ( 'NONE', *, *, #2365, .F. ) ;
#281 = FACE_OUTER_BOUND ( 'NONE', #1624, .T. ) ;
#282 = CIRCLE ( 'NONE', #156, 0.1250000000000001110 ) ;
#283 = LINE ( 'NONE', #1164, #537 ) ;
#284 = VERTEX_POINT ( 'NONE', #1434 ) ;
#285 = DIRECTION ( 'NONE',  ( 0.000000000000000000, -1.000000000000000000, 0.000000000000000000 ) ) ;
#286 = VECTOR ( 'NONE', #2497, 1000.000000000000000 ) ;
#287 = ORIENTED_EDGE ( 'NONE', *, *, #1340, .F. ) ;
#288 = DIRECTION ( 'NONE',  ( 1.000000000000000000, 0.000000000000000000, 0.000000000000000000 ) ) ;
#289 = DIRECTION ( 'NONE',  ( 4.154031312204998893E-16, 0.000000000000000000, 1.000000000000000000 ) ) ;
#290 = ORIENTED_EDGE ( 'NONE', *, *, #2438, .T. ) ;
#291 = ORIENTED_EDGE ( 'NONE', *, *, #550, .T. ) ;
#292 = EDGE_CURVE ( 'NONE', #1323, #766, #2034, .T. ) ;
#293 = ORIENTED_EDGE ( 'NONE', *, *, #1383, .T. ) ;
#294 = DIRECTION ( 'NONE',  ( 0.000000000000000000, 0.000000000000000000, 1.000000000000000000 ) ) ;
#295 = ADVANCED_FACE ( 'NONE', ( #2534 ), #643, .F. ) ;
#296 = ADVANCED_FACE ( 'NONE', ( #1546 ), #2406, .F. ) ;
#297 = DIRECTION ( 'NONE',  ( 4.154031312204998893E-16, 0.000000000000000000, 1.000000000000000000 ) ) ;
#298 = DIRECTION ( 'NONE',  ( 0.000000000000000000, -0.000000000000000000, 1.000000000000000000 ) ) ;
#299 = EDGE_LOOP ( 'NONE', ( #3026, #2451, #2311, #587 ) ) ;
#300 = DIRECTION ( 'NONE',  ( 0.000000000000000000, -1.000000000000000000, 0.000000000000000000 ) ) ;
#301 = DIRECTION ( 'NONE',  ( 0.000000000000000000, -0.000000000000000000, -1.000000000000000000 ) ) ;
#302 = VERTEX_POINT ( 'NONE', #3540 ) ;
#303 = MECHANICAL_DESIGN_GEOMETRIC_PRESENTATION_REPRESENTATION (  '', ( #2029 ), #2580 ) ;
#304 = CARTESIAN_POINT ( 'NONE',  ( -1.025000000000000133, 0.3790000000000000036, -1.650000000000000133 ) ) ;
#305 = DIRECTION ( 'NONE',  ( 1.000000000000000000, 0.000000000000000000, 5.981805089575197183E-16 ) ) ;
#306 = ORIENTED_EDGE ( 'NONE', *, *, #2615, .F. ) ;
#307 = EDGE_LOOP ( 'NONE', ( #128, #3651, #291, #1725 ) ) ;
#308 = ORIENTED_EDGE ( 'NONE', *, *, #3549, .F. ) ;
#309 = SURFACE_STYLE_USAGE ( .BOTH. , #2905 ) ;
#310 = VECTOR ( 'NONE', #3034, 1000.000000000000000 ) ;
#311 = VECTOR ( 'NONE', #1000, 1000.000000000000000 ) ;
#312 = DIRECTION ( 'NONE',  ( 0.000000000000000000, 0.000000000000000000, 1.000000000000000000 ) ) ;
#313 = DIRECTION ( 'NONE',  ( 0.000000000000000000, -0.000000000000000000, -1.000000000000000000 ) ) ;
#314 = EDGE_LOOP ( 'NONE', ( #902, #2049, #2740, #2843 ) ) ;
#315 = ORIENTED_EDGE ( 'NONE', *, *, #3462, .F. ) ;
#316 = STYLED_ITEM ( 'NONE', ( #1559 ), #2293 ) ;
#317 = CARTESIAN_POINT ( 'NONE',  ( 0.000000000000000000, 0.1000000000000000056, 0.000000000000000000 ) ) ;
#318 = LINE ( 'NONE', #1994, #2345 ) ;
#319 = ORIENTED_EDGE ( 'NONE', *, *, #3278, .F. ) ;
#320 = DIRECTION ( 'NONE',  ( 0.000000000000000000, -1.000000000000000000, 0.000000000000000000 ) ) ;
#321 = LINE ( 'NONE', #3100, #1493 ) ;
#322 = ORIENTED_EDGE ( 'NONE', *, *, #3272, .F. ) ;
#323 = ORIENTED_EDGE ( 'NONE', *, *, #596, .F. ) ;
#324 = EDGE_CURVE ( 'NONE', #3487, #609, #1802, .T. ) ;
#325 = VECTOR ( 'NONE', #234, 1000.000000000000000 ) ;
#326 = ORIENTED_EDGE ( 'NONE', *, *, #2615, .T. ) ;
#327 = VECTOR ( 'NONE', #2636, 1000.000000000000000 ) ;
#328 = CARTESIAN_POINT ( 'NONE',  ( 1.200000000000000178, 0.1000000000000000056, 0.000000000000000000 ) ) ;
#329 = FACE_OUTER_BOUND ( 'NONE', #2177, .T. ) ;
#330 = VERTEX_POINT ( 'NONE', #1529 ) ;
#331 = VERTEX_POINT ( 'NONE', #982 ) ;
#332 = VECTOR ( 'NONE', #197, 1000.000000000000000 ) ;
#333 = LINE ( 'NONE', #2571, #2175 ) ;
#334 = ADVANCED_FACE ( 'NONE', ( #2351 ), #1784, .T. ) ;
#335 = ORIENTED_EDGE ( 'NONE', *, *, #1484, .F. ) ;
#336 = AXIS2_PLACEMENT_3D ( 'NONE', #2806, #1921, #3649 ) ;
#337 = CARTESIAN_POINT ( 'NONE',  ( -0.8999999999999998002, 0.1000000000000000056, 1.325000000000000178 ) ) ;
#338 = ADVANCED_FACE ( 'NONE', ( #2121 ), #1569, .T. ) ;
#339 = ORIENTED_EDGE ( 'NONE', *, *, #1619, .T. ) ;
#340 = EDGE_LOOP ( 'NONE', ( #361, #1828, #1444, #2353 ) ) ;
#341 = LINE ( 'NONE', #1482, #3195 ) ;
#342 = CIRCLE ( 'NONE', #819, 0.04999999999999991257 ) ;
#343 = FACE_OUTER_BOUND ( 'NONE', #1642, .T. ) ;
#344 = ADVANCED_FACE ( 'NONE', ( #3259 ), #1841, .F. ) ;
#345 = DIRECTION ( 'NONE',  ( 1.000000000000000000, 0.000000000000000000, -0.000000000000000000 ) ) ;
#346 = ORIENTED_EDGE ( 'NONE', *, *, #619, .F. ) ;
#347 = AXIS2_PLACEMENT_3D ( 'NONE', #1061, #1900, #3305 ) ;
#348 = CARTESIAN_POINT ( 'NONE',  ( 1.200000000000000178, 0.3790000000000000036, 1.449999999999999734 ) ) ;
#349 = ORIENTED_EDGE ( 'NONE', *, *, #2828, .T. ) ;
#350 = ORIENTED_EDGE ( 'NONE', *, *, #2365, .T. ) ;
#351 = CARTESIAN_POINT ( 'NONE',  ( 1.199999999999999734, 0.1000000000000000056, 4.984837574645996502E-16 ) ) ;
#352 = ORIENTED_EDGE ( 'NONE', *, *, #1387, .F. ) ;
#353 = AXIS2_PLACEMENT_3D ( 'NONE', #266, #2270, #816 ) ;
#354 = EDGE_CURVE ( 'NONE', #1483, #2436, #232, .T. ) ;
#355 = DIRECTION ( 'NONE',  ( 0.000000000000000000, 0.000000000000000000, -1.000000000000000000 ) ) ;
#356 = AXIS2_PLACEMENT_3D ( 'NONE', #1478, #2557, #2300 ) ;
#357 = CARTESIAN_POINT ( 'NONE',  ( 1.025000000000000133, 5.860320499651279214, -1.450000000000000178 ) ) ;
#358 = DIRECTION ( 'NONE',  ( 0.000000000000000000, -1.000000000000000000, 0.000000000000000000 ) ) ;
#359 = VECTOR ( 'NONE', #1894, 1000.000000000000000 ) ;
#360 = ORIENTED_EDGE ( 'NONE', *, *, #1014, .F. ) ;
#361 = ORIENTED_EDGE ( 'NONE', *, *, #3107, .T. ) ;
#362 = VECTOR ( 'NONE', #658, 1000.000000000000000 ) ;
#363 = CARTESIAN_POINT ( 'NONE',  ( 1.025000000000000133, 0.3790000000000000036, -1.450000000000000178 ) ) ;
#364 = CARTESIAN_POINT ( 'NONE',  ( 0.4750000000000001443, 0.1000000000000000056, -1.102999999999999980 ) ) ;
#365 = AXIS2_PLACEMENT_3D ( 'NONE', #678, #1565, #2863 ) ;
#366 = DIRECTION ( 'NONE',  ( 1.000000000000000000, 0.000000000000000000, -0.000000000000000000 ) ) ;
#367 = ORIENTED_EDGE ( 'NONE', *, *, #1514, .F. ) ;
#368 = VERTEX_POINT ( 'NONE', #2468 ) ;
#369 = EDGE_CURVE ( 'NONE', #3284, #1271, #169, .T. ) ;
#370 = CARTESIAN_POINT ( 'NONE',  ( 0.000000000000000000, 0.1000000000000000056, 1.625000000000000222 ) ) ;
#371 = EDGE_LOOP ( 'NONE', ( #1448, #2332, #3229, #699 ) ) ;
#372 = SURFACE_STYLE_FILL_AREA ( #1789 ) ;
#373 = ORIENTED_EDGE ( 'NONE', *, *, #1808, .T. ) ;
#374 = LINE ( 'NONE', #3215, #1234 ) ;
#375 = EDGE_CURVE ( 'NONE', #890, #3221, #2139, .T. ) ;
#376 = AXIS2_PLACEMENT_3D ( 'NONE', #1667, #3037, #2202 ) ;
#377 = CARTESIAN_POINT ( 'NONE',  ( -0.8249999999999995115, 0.9799999999999999822, -1.349999999999999867 ) ) ;
#378 = PLANE ( 'NONE',  #2662 ) ;
#379 = VERTEX_POINT ( 'NONE', #3582 ) ;
#380 = AXIS2_PLACEMENT_3D ( 'NONE', #1135, #1473, #856 ) ;
#381 = DIRECTION ( 'NONE',  ( 0.000000000000000000, -1.000000000000000000, 0.000000000000000000 ) ) ;
#382 = LINE ( 'NONE', #1527, #2354 ) ;
#383 = CARTESIAN_POINT ( 'NONE',  ( 1.025000000000000133, 0.2540000000000000036, 1.649999999999999689 ) ) ;
#384 = VERTEX_POINT ( 'NONE', #1019 ) ;
#385 = ORIENTED_EDGE ( 'NONE', *, *, #252, .F. ) ;
#386 = VECTOR ( 'NONE', #1033, 1000.000000000000000 ) ;
#387 = DIRECTION ( 'NONE',  ( 4.154031312204998893E-16, 0.000000000000000000, 1.000000000000000000 ) ) ;
#388 = AXIS2_PLACEMENT_3D ( 'NONE', #3182, #1765, #2920 ) ;
#389 = VERTEX_POINT ( 'NONE', #1040 ) ;
#390 =( LENGTH_UNIT ( ) NAMED_UNIT ( * ) SI_UNIT ( .MILLI., .METRE. ) );
#391 = CARTESIAN_POINT ( 'NONE',  ( 1.325000000000000400, 0.2540000000000000036, 1.750000000000000222 ) ) ;
#392 = VECTOR ( 'NONE', #2282, 1000.000000000000000 ) ;
#393 = CLOSED_SHELL ( 'NONE', ( #775, #3025, #1315, #2477, #2598, #3675 ) ) ;
#394 = PLANE ( 'NONE',  #2757 ) ;
#395 = ADVANCED_FACE ( 'NONE', ( #2162 ), #2183, .F. ) ;
#396 = DIRECTION ( 'NONE',  ( -1.000000000000000000, 0.000000000000000000, 0.000000000000000000 ) ) ;
#397 = LINE ( 'NONE', #1582, #386 ) ;
#398 = ORIENTED_EDGE ( 'NONE', *, *, #3044, .T. ) ;
#399 = EDGE_CURVE ( 'NONE', #2017, #1026, #1410, .T. ) ;
#400 = EDGE_CURVE ( 'NONE', #2227, #379, #913, .T. ) ;
#401 = EDGE_CURVE ( 'NONE', #183, #2266, #268, .T. ) ;
#402 = LINE ( 'NONE', #2652, #866 ) ;
#403 = CARTESIAN_POINT ( 'NONE',  ( -4.814824860968089633E-32, 0.000000000000000000, 0.5225000000000000755 ) ) ;
#404 = FACE_BOUND ( 'NONE', #2488, .T. ) ;
#405 = DIRECTION ( 'NONE',  ( 0.000000000000000000, 0.000000000000000000, -1.000000000000000000 ) ) ;
#406 = ORIENTED_EDGE ( 'NONE', *, *, #270, .F. ) ;
#407 = UNCERTAINTY_MEASURE_WITH_UNIT (LENGTH_MEASURE( 1.000000000000000082E-05 ), #240, 'distance_accuracy_value', 'NONE');
#408 = ORIENTED_EDGE ( 'NONE', *, *, #3479, .T. ) ;
#409 = DIRECTION ( 'NONE',  ( 1.000000000000000000, 0.000000000000000000, 0.000000000000000000 ) ) ;
#410 = ORIENTED_EDGE ( 'NONE', *, *, #2669, .F. ) ;
#411 = CARTESIAN_POINT ( 'NONE',  ( 0.4750000000000002554, 0.1000000000000000056, -1.973164873297375731E-16 ) ) ;
#412 = DIRECTION ( 'NONE',  ( 0.000000000000000000, 0.000000000000000000, -1.000000000000000000 ) ) ;
#413 =( NAMED_UNIT ( * ) SI_UNIT ( $, .STERADIAN. ) SOLID_ANGLE_UNIT ( ) );
#414 = CARTESIAN_POINT ( 'NONE',  ( -1.025000000000000133, 0.4289999999999999925, 1.624999999999999778 ) ) ;
#415 = VERTEX_POINT ( 'NONE', #2241 ) ;
#416 = VECTOR ( 'NONE', #1071, 1000.000000000000000 ) ;
#417 = EDGE_CURVE ( 'NONE', #2744, #10, #2837, .T. ) ;
#418 = VECTOR ( 'NONE', #1088, 1000.000000000000000 ) ;
#419 = CARTESIAN_POINT ( 'NONE',  ( 4.860216635279846171E-16, 0.1000000000000000056, -1.625000000000000222 ) ) ;
#420 = CARTESIAN_POINT ( 'NONE',  ( -0.8249999999999995115, 0.9799999999999999822, -1.349999999999999867 ) ) ;
#421 = DIRECTION ( 'NONE',  ( 0.000000000000000000, -0.000000000000000000, -1.000000000000000000 ) ) ;
#422 = VERTEX_POINT ( 'NONE', #1934 ) ;
#423 = DIRECTION ( 'NONE',  ( -0.000000000000000000, -1.000000000000000000, -0.000000000000000000 ) ) ;
#424 = EDGE_CURVE ( 'NONE', #3191, #3611, #2871, .T. ) ;
#425 = LINE ( 'NONE', #1629, #2459 ) ;
#426 = DIRECTION ( 'NONE',  ( -1.000000000000000000, 0.000000000000000000, -0.000000000000000000 ) ) ;
#427 = ORIENTED_EDGE ( 'NONE', *, *, #1227, .F. ) ;
#428 = EDGE_LOOP ( 'NONE', ( #1181, #385, #1121, #2886 ) ) ;
#429 = CARTESIAN_POINT ( 'NONE',  ( -0.4750000000000000333, 0.1000000000000000056, -0.8029999999999996030 ) ) ;
#430 = AXIS2_PLACEMENT_3D ( 'NONE', #147, #1876, #168 ) ;
#431 = ORIENTED_EDGE ( 'NONE', *, *, #1417, .T. ) ;
#432 = ADVANCED_BREP_SHAPE_REPRESENTATION ( 'MMICT5837-00-012', ( #3556, #977, #3447, #968, #3548, #2293, #2299, #2231, #3564, #1035, #2320, #3138 ), #1235 ) ;
#433 = ORIENTED_EDGE ( 'NONE', *, *, #1066, .T. ) ;
#434 = EDGE_CURVE ( 'NONE', #1205, #302, #1117, .T. ) ;
#435 =( NAMED_UNIT ( * ) PLANE_ANGLE_UNIT ( ) SI_UNIT ( $, .RADIAN. ) );
#436 = CARTESIAN_POINT ( 'NONE',  ( 1.225000000000000089, 0.2540000000000000036, -1.450000000000000178 ) ) ;
#437 = CARTESIAN_POINT ( 'NONE',  ( -1.025000000000000133, 0.9799999999999999822, -1.450000000000000400 ) ) ;
#438 = VERTEX_POINT ( 'NONE', #1392 ) ;
#439 = DIRECTION ( 'NONE',  ( 0.000000000000000000, 0.000000000000000000, 1.000000000000000000 ) ) ;
#440 = CARTESIAN_POINT ( 'NONE',  ( 4.860216635279845185E-16, 0.000000000000000000, -1.624999999999999556 ) ) ;
#441 = ORIENTED_EDGE ( 'NONE', *, *, #3585, .T. ) ;
#442 = EDGE_LOOP ( 'NONE', ( #3591, #124, #1511, #2408 ) ) ;
#443 = ADVANCED_FACE ( 'NONE', ( #2855 ), #2549, .F. ) ;
#444 = CARTESIAN_POINT ( 'NONE',  ( 6.597931013801444502E-16, 0.1000000000000000056, -1.103000000000000203 ) ) ;
#445 = LINE ( 'NONE', #2766, #3572 ) ;
#446 = LINE ( 'NONE', #1593, #332 ) ;
#447 = LINE ( 'NONE', #1594, #1659 ) ;
#448 = ORIENTED_EDGE ( 'NONE', *, *, #566, .F. ) ;
#449 =( LENGTH_UNIT ( ) NAMED_UNIT ( * ) SI_UNIT ( .MILLI., .METRE. ) );
#450 = EDGE_CURVE ( 'NONE', #2002, #3514, #1500, .T. ) ;
#451 = CYLINDRICAL_SURFACE ( 'NONE', #3404, 0.04999999999999991257 ) ;
#452 = VECTOR ( 'NONE', #2759, 1000.000000000000000 ) ;
#453 = CARTESIAN_POINT ( 'NONE',  ( 0.000000000000000000, 0.000000000000000000, 1.625000000000000222 ) ) ;
#454 = VECTOR ( 'NONE', #950, 1000.000000000000000 ) ;
#455 = DIRECTION ( 'NONE',  ( 0.000000000000000000, -1.000000000000000000, 0.000000000000000000 ) ) ;
#456 = LINE ( 'NONE', #1318, #2276 ) ;
#457 = EDGE_LOOP ( 'NONE', ( #1943, #1002, #1613, #798 ) ) ;
#458 = DIRECTION ( 'NONE',  ( 0.000000000000000000, 0.000000000000000000, -1.000000000000000000 ) ) ;
#459 = EDGE_CURVE ( 'NONE', #1825, #1524, #2272, .T. ) ;
#460 = CARTESIAN_POINT ( 'NONE',  ( 1.025000000000000133, 0.2540000000000000036, 1.449999999999999734 ) ) ;
#461 = CYLINDRICAL_SURFACE ( 'NONE', #549, 0.1000000000000000472 ) ;
#462 = ORIENTED_EDGE ( 'NONE', *, *, #646, .T. ) ;
#463 = DIRECTION ( 'NONE',  ( 0.000000000000000000, -0.000000000000000000, -1.000000000000000000 ) ) ;
#464 = CARTESIAN_POINT ( 'NONE',  ( 1.025000000000000133, 0.8550000000000015365, -1.575000000000000178 ) ) ;
#465 = DIRECTION ( 'NONE',  ( 0.000000000000000000, 0.000000000000000000, -1.000000000000000000 ) ) ;
#466 = VERTEX_POINT ( 'NONE', #2921 ) ;
#467 = FILL_AREA_STYLE ('',( #805 ) ) ;
#468 = DIRECTION ( 'NONE',  ( -4.154031312204999386E-16, 0.000000000000000000, -1.000000000000000000 ) ) ;
#469 = DIRECTION ( 'NONE',  ( -0.000000000000000000, 0.000000000000000000, -1.000000000000000000 ) ) ;
#470 = EDGE_CURVE ( 'NONE', #3276, #3260, #1506, .T. ) ;
#471 = CARTESIAN_POINT ( 'NONE',  ( -1.025000000000000133, 0.8550000000000015365, 1.574999999999999734 ) ) ;
#472 = LINE ( 'NONE', #3274, #2612 ) ;
#473 = CARTESIAN_POINT ( 'NONE',  ( 1.200000000000000178, 0.1000000000000000056, 0.000000000000000000 ) ) ;
#474 = VECTOR ( 'NONE', #1764, 1000.000000000000000 ) ;
#475 =( GEOMETRIC_REPRESENTATION_CONTEXT ( 3 ) GLOBAL_UNCERTAINTY_ASSIGNED_CONTEXT ( ( #407 ) ) GLOBAL_UNIT_ASSIGNED_CONTEXT ( ( #240, #1069, #783 ) ) REPRESENTATION_CONTEXT ( 'NONE', 'WORKASPACE' ) );
#476 = DIRECTION ( 'NONE',  ( -1.000000000000000000, 0.000000000000000000, -2.990902544787597606E-16 ) ) ;
#477 = ORIENTED_EDGE ( 'NONE', *, *, #3248, .F. ) ;
#478 = ADVANCED_FACE ( 'NONE', ( #2364 ), #1872, .T. ) ;
#479 = DIRECTION ( 'NONE',  ( 0.000000000000000000, 1.000000000000000000, 0.000000000000000000 ) ) ;
#480 = CARTESIAN_POINT ( 'NONE',  ( 0.4749999999999999223, 0.1000000000000000056, -1.625000000000000000 ) ) ;
#481 = CARTESIAN_POINT ( 'NONE',  ( -1.025000000000000133, 5.860320499651279214, 1.574999999999999734 ) ) ;
#482 = VECTOR ( 'NONE', #3052, 1000.000000000000000 ) ;
#483 = DIRECTION ( 'NONE',  ( 1.000000000000000000, 0.000000000000000000, -4.154031312204999386E-16 ) ) ;
#484 = VECTOR ( 'NONE', #305, 1000.000000000000000 ) ;
#485 = DIRECTION ( 'NONE',  ( -1.000000000000000000, 0.000000000000000000, 0.000000000000000000 ) ) ;
#486 = CIRCLE ( 'NONE', #1146, 0.5124999999999999556 ) ;
#487 = EDGE_CURVE ( 'NONE', #269, #1001, #2682, .T. ) ;
#488 = FACE_OUTER_BOUND ( 'NONE', #1365, .T. ) ;
#489 = FACE_OUTER_BOUND ( 'NONE', #2411, .T. ) ;
#490 = FACE_OUTER_BOUND ( 'NONE', #1766, .T. ) ;
#491 = FACE_OUTER_BOUND ( 'NONE', #442, .T. ) ;
#492 = LINE ( 'NONE', #854, #1466 ) ;
#493 = VERTEX_POINT ( 'NONE', #1603 ) ;
#494 = VECTOR ( 'NONE', #3626, 1000.000000000000000 ) ;
#495 = DIRECTION ( 'NONE',  ( 0.000000000000000000, 0.000000000000000000, 1.000000000000000000 ) ) ;
#496 = EDGE_CURVE ( 'NONE', #531, #633, #3590, .T. ) ;
#497 = LINE ( 'NONE', #172, #3269 ) ;
#498 = ORIENTED_EDGE ( 'NONE', *, *, #2774, .T. ) ;
#499 = LINE ( 'NONE', #2168, #507 ) ;
#500 = FACE_OUTER_BOUND ( 'NONE', #3143, .T. ) ;
#501 = ORIENTED_EDGE ( 'NONE', *, *, #1372, .F. ) ;
#502 = LINE ( 'NONE', #527, #1170 ) ;
#503 = AXIS2_PLACEMENT_3D ( 'NONE', #1911, #439, #3621 ) ;
#504 = LINE ( 'NONE', #1616, #3220 ) ;
#505 = EDGE_CURVE ( 'NONE', #279, #368, #731, .T. ) ;
#506 = LINE ( 'NONE', #843, #784 ) ;
#507 = VECTOR ( 'NONE', #1652, 1000.000000000000000 ) ;
#508 = SURFACE_STYLE_FILL_AREA ( #2811 ) ;
#509 = AXIS2_PLACEMENT_3D ( 'NONE', #56, #1732, #607 ) ;
#510 = CARTESIAN_POINT ( 'NONE',  ( 0.4750000000000001443, 0.1000000000000000056, -1.102999999999999980 ) ) ;
#511 = CARTESIAN_POINT ( 'NONE',  ( 1.225000000000000089, 0.2540000000000000036, 1.449999999999999734 ) ) ;
#512 = ORIENTED_EDGE ( 'NONE', *, *, #1161, .T. ) ;
#513 = AXIS2_PLACEMENT_3D ( 'NONE', #1084, #761, #3367 ) ;
#514 = VECTOR ( 'NONE', #2667, 1000.000000000000000 ) ;
#515 = ADVANCED_FACE ( 'NONE', ( #1834 ), #1562, .T. ) ;
#516 = CARTESIAN_POINT ( 'NONE',  ( 0.4750000000000001443, 0.000000000000000000, -1.102999999999999980 ) ) ;
#517 = CARTESIAN_POINT ( 'NONE',  ( -1.324999999999999512, 0.000000000000000000, 1.750000000000000222 ) ) ;
#518 = EDGE_CURVE ( 'NONE', #1044, #633, #3578, .T. ) ;
#519 = ORIENTED_EDGE ( 'NONE', *, *, #712, .T. ) ;
#520 = ADVANCED_FACE ( 'NONE', ( #711 ), #2420, .F. ) ;
#521 = FACE_OUTER_BOUND ( 'NONE', #2334, .T. ) ;
#522 = AXIS2_PLACEMENT_3D ( 'NONE', #3667, #2296, #2016 ) ;
#523 = DIRECTION ( 'NONE',  ( -1.000000000000000000, 0.000000000000000000, 0.000000000000000000 ) ) ;
#524 = ORIENTED_EDGE ( 'NONE', *, *, #1245, .F. ) ;
#525 = CARTESIAN_POINT ( 'NONE',  ( 1.150000000000000133, 5.860320499651279214, 1.449999999999999734 ) ) ;
#526 = DIRECTION ( 'NONE',  ( 0.000000000000000000, 1.000000000000000000, 0.000000000000000000 ) ) ;
#527 = CARTESIAN_POINT ( 'NONE',  ( -1.199999999999999956, 0.1000000000000000056, -1.102999999999999980 ) ) ;
#528 = CARTESIAN_POINT ( 'NONE',  ( 1.025000000000000133, 0.8549999999999999822, -1.575000000000000178 ) ) ;
#529 = CIRCLE ( 'NONE', #2572, 0.04999999999999991257 ) ;
#530 = PLANE ( 'NONE',  #2935 ) ;
#531 = VERTEX_POINT ( 'NONE', #2971 ) ;
#532 = DIRECTION ( 'NONE',  ( -0.000000000000000000, -0.000000000000000000, -1.000000000000000000 ) ) ;
#533 = ORIENTED_EDGE ( 'NONE', *, *, #2036, .F. ) ;
#534 = ADVANCED_FACE ( 'NONE', ( #209 ), #1300, .T. ) ;
#535 = DIRECTION ( 'NONE',  ( 0.000000000000000000, -0.000000000000000000, -1.000000000000000000 ) ) ;
#536 = LINE ( 'NONE', #3409, #2006 ) ;
#537 = VECTOR ( 'NONE', #1680, 1000.000000000000000 ) ;
#538 = DIRECTION ( 'NONE',  ( 0.000000000000000000, 0.000000000000000000, 1.000000000000000000 ) ) ;
#539 = ORIENTED_EDGE ( 'NONE', *, *, #2044, .T. ) ;
#540 = PLANE ( 'NONE',  #2410 ) ;
#541 = VECTOR ( 'NONE', #2263, 1000.000000000000000 ) ;
#542 = CARTESIAN_POINT ( 'NONE',  ( -1.025000000000000133, 0.3790000000000000036, 1.649999999999999689 ) ) ;
#543 = ORIENTED_EDGE ( 'NONE', *, *, #2628, .F. ) ;
#544 = DIRECTION ( 'NONE',  ( 0.000000000000000000, -1.000000000000000000, 0.000000000000000000 ) ) ;
#545 = DIRECTION ( 'NONE',  ( 1.000000000000000000, 0.000000000000000000, -0.000000000000000000 ) ) ;
#546 = VECTOR ( 'NONE', #1034, 1000.000000000000000 ) ;
#547 = ORIENTED_EDGE ( 'NONE', *, *, #3585, .F. ) ;
#548 = EDGE_LOOP ( 'NONE', ( #3200, #2068, #2554, #1753 ) ) ;
#549 = AXIS2_PLACEMENT_3D ( 'NONE', #1305, #2487, #1018 ) ;
#550 = EDGE_CURVE ( 'NONE', #1743, #2641, #185, .T. ) ;
#551 = DIRECTION ( 'NONE',  ( -0.000000000000000000, 1.000000000000000000, -0.000000000000000000 ) ) ;
#552 = DIRECTION ( 'NONE',  ( 0.000000000000000000, -1.000000000000000000, 0.000000000000000000 ) ) ;
#553 = CARTESIAN_POINT ( 'NONE',  ( 0.000000000000000000, 0.1000000000000000056, 0.000000000000000000 ) ) ;
#554 = VERTEX_POINT ( 'NONE', #1011 ) ;
#555 = DIRECTION ( 'NONE',  ( 0.000000000000000000, 1.000000000000000000, 0.000000000000000000 ) ) ;
#556 = CARTESIAN_POINT ( 'NONE',  ( -1.200000000000000178, 0.000000000000000000, -0.8029999999999999361 ) ) ;
#557 = EDGE_LOOP ( 'NONE', ( #3112, #1112, #1721, #693 ) ) ;
#558 = AXIS2_PLACEMENT_3D ( 'NONE', #370, #3522, #2430 ) ;
#559 = ADVANCED_FACE ( 'NONE', ( #490 ), #123, .T. ) ;
#560 = CARTESIAN_POINT ( 'NONE',  ( -1.025000000000000133, 0.3790000000000000036, -1.650000000000000133 ) ) ;
#561 = ADVANCED_FACE ( 'NONE', ( #143 ), #1054, .T. ) ;
#562 = DIRECTION ( 'NONE',  ( 0.000000000000000000, 0.000000000000000000, 1.000000000000000000 ) ) ;
#563 = DIRECTION ( 'NONE',  ( 0.000000000000000000, -1.000000000000000000, 0.000000000000000000 ) ) ;
#564 = VERTEX_POINT ( 'NONE', #3275 ) ;
#565 = VECTOR ( 'NONE', #423, 1000.000000000000000 ) ;
#566 = EDGE_CURVE ( 'NONE', #76, #3201, #2154, .T. ) ;
#567 = ORIENTED_EDGE ( 'NONE', *, *, #2343, .F. ) ;
#568 = DIRECTION ( 'NONE',  ( 0.000000000000000000, -0.000000000000000000, -1.000000000000000000 ) ) ;
#569 = VECTOR ( 'NONE', #532, 1000.000000000000000 ) ;
#570 = AXIS2_PLACEMENT_3D ( 'NONE', #3199, #1468, #1200 ) ;
#571 = DIRECTION ( 'NONE',  ( 0.000000000000000000, -1.000000000000000000, 0.000000000000000000 ) ) ;
#572 = DIRECTION ( 'NONE',  ( -0.000000000000000000, -1.000000000000000000, -0.000000000000000000 ) ) ;
#573 = ORIENTED_EDGE ( 'NONE', *, *, #2577, .F. ) ;
#574 = EDGE_CURVE ( 'NONE', #2375, #2908, #3254, .T. ) ;
#575 = DIRECTION ( 'NONE',  ( 0.000000000000000000, 0.000000000000000000, -1.000000000000000000 ) ) ;
#576 = CARTESIAN_POINT ( 'NONE',  ( -1.150000000000000133, 0.8549999999999999822, -1.450000000000000178 ) ) ;
#577 = ORIENTED_EDGE ( 'NONE', *, *, #3449, .F. ) ;
#578 = DIRECTION ( 'NONE',  ( 1.000000000000000000, 0.000000000000000000, -0.000000000000000000 ) ) ;
#579 = DIRECTION ( 'NONE',  ( 0.000000000000000000, -1.000000000000000000, 0.000000000000000000 ) ) ;
#580 = CARTESIAN_POINT ( 'NONE',  ( -1.199999999999999734, 0.1000000000000000056, 1.325000000000000178 ) ) ;
#581 = DIRECTION ( 'NONE',  ( 1.000000000000000000, 0.000000000000000000, -1.495451272393798803E-16 ) ) ;
#582 = ORIENTED_EDGE ( 'NONE', *, *, #210, .F. ) ;
#583 = LINE ( 'NONE', #1726, #953 ) ;
#584 = ORIENTED_EDGE ( 'NONE', *, *, #1165, .T. ) ;
#585 = LINE ( 'NONE', #1422, #228 ) ;
#586 = EDGE_CURVE ( 'NONE', #1271, #3250, #456, .T. ) ;
#587 = ORIENTED_EDGE ( 'NONE', *, *, #1278, .T. ) ;
#588 = EDGE_CURVE ( 'NONE', #2002, #3206, #997, .T. ) ;
#589 = CARTESIAN_POINT ( 'NONE',  ( -1.200000000000000178, 0.000000000000000000, -0.8029999999999999361 ) ) ;
#590 = DIRECTION ( 'NONE',  ( 0.000000000000000000, 0.000000000000000000, -1.000000000000000000 ) ) ;
#591 = ORIENTED_EDGE ( 'NONE', *, *, #252, .T. ) ;
#592 = VERTEX_POINT ( 'NONE', #752 ) ;
#593 = CARTESIAN_POINT ( 'NONE',  ( 1.025000000000000133, 0.8550000000000007594, 1.449999999999999734 ) ) ;
#594 = DIRECTION ( 'NONE',  ( 0.000000000000000000, 1.000000000000000000, -0.000000000000000000 ) ) ;
#595 = ORIENTED_EDGE ( 'NONE', *, *, #891, .T. ) ;
#596 = EDGE_CURVE ( 'NONE', #384, #623, #2991, .T. ) ;
#597 = CARTESIAN_POINT ( 'NONE',  ( 6.597931013801444502E-16, 0.1000000000000000056, -1.103000000000000203 ) ) ;
#598 = CARTESIAN_POINT ( 'NONE',  ( -1.025000000000000355, 0.8549999999999999822, 0.000000000000000000 ) ) ;
#599 = VECTOR ( 'NONE', #2061, 1000.000000000000000 ) ;
#600 = DIRECTION ( 'NONE',  ( 1.000000000000000000, 0.000000000000000000, 7.477256361968996233E-16 ) ) ;
#601 = VERTEX_POINT ( 'NONE', #3177 ) ;
#602 = VERTEX_POINT ( 'NONE', #2528 ) ;
#603 = VECTOR ( 'NONE', #1744, 1000.000000000000000 ) ;
#604 = EDGE_CURVE ( 'NONE', #2787, #531, #1742, .T. ) ;
#605 = VECTOR ( 'NONE', #126, 1000.000000000000000 ) ;
#606 = PLANE ( 'NONE',  #1903 ) ;
#607 = DIRECTION ( 'NONE',  ( 0.000000000000000000, 0.000000000000000000, -1.000000000000000000 ) ) ;
#608 = EDGE_LOOP ( 'NONE', ( #2599, #2929, #91, #3291 ) ) ;
#609 = VERTEX_POINT ( 'NONE', #511 ) ;
#610 = CIRCLE ( 'NONE', #1443, 0.04999999999999991257 ) ;
#611 = FACE_OUTER_BOUND ( 'NONE', #1431, .T. ) ;
#612 = CARTESIAN_POINT ( 'NONE',  ( 1.199999999999999289, 0.1000000000000000056, 0.000000000000000000 ) ) ;
#613 = ORIENTED_EDGE ( 'NONE', *, *, #3449, .T. ) ;
#614 = DIRECTION ( 'NONE',  ( 4.486353817181397148E-16, 0.000000000000000000, -1.000000000000000000 ) ) ;
#615 = DIRECTION ( 'NONE',  ( -0.000000000000000000, -1.000000000000000000, -0.000000000000000000 ) ) ;
#616 = ORIENTED_EDGE ( 'NONE', *, *, #1534, .F. ) ;
#617 = ORIENTED_EDGE ( 'NONE', *, *, #2868, .F. ) ;
#618 = VECTOR ( 'NONE', #1079, 1000.000000000000000 ) ;
#619 = EDGE_CURVE ( 'NONE', #3240, #1281, #1760, .T. ) ;
#620 = CARTESIAN_POINT ( 'NONE',  ( -1.025000000000000133, 0.8549999999999999822, 1.574999999999999734 ) ) ;
#621 = CARTESIAN_POINT ( 'NONE',  ( -1.025000000000000133, 0.3790000000000000036, 1.624999999999999778 ) ) ;
#622 = VERTEX_POINT ( 'NONE', #1481 ) ;
#623 = VERTEX_POINT ( 'NONE', #3355 ) ;
#624 = AXIS2_PLACEMENT_3D ( 'NONE', #2957, #3577, #2112 ) ;
#625 = CARTESIAN_POINT ( 'NONE',  ( 0.8999999999999993561, 0.000000000000000000, 0.000000000000000000 ) ) ;
#626 = EDGE_CURVE ( 'NONE', #3065, #3120, #1093, .T. ) ;
#627 = ADVANCED_FACE ( 'NONE', ( #47 ), #2324, .F. ) ;
#628 = ORIENTED_EDGE ( 'NONE', *, *, #1953, .F. ) ;
#629 = AXIS2_PLACEMENT_3D ( 'NONE', #1382, #3041, #1636 ) ;
#630 = CARTESIAN_POINT ( 'NONE',  ( -1.199999999999999956, 0.1000000000000000056, -0.2810000000000000275 ) ) ;
#631 = EDGE_LOOP ( 'NONE', ( #886, #2135, #1631, #929 ) ) ;
#632 = PLANE ( 'NONE',  #2060 ) ;
#633 = VERTEX_POINT ( 'NONE', #1194 ) ;
#634 = DIRECTION ( 'NONE',  ( 0.000000000000000000, 0.000000000000000000, -1.000000000000000000 ) ) ;
#635 = EDGE_LOOP ( 'NONE', ( #613, #2813, #323, #1687 ) ) ;
#636 = EDGE_CURVE ( 'NONE', #3170, #233, #583, .T. ) ;
#637 = DIRECTION ( 'NONE',  ( -1.000000000000000000, -0.000000000000000000, -0.000000000000000000 ) ) ;
#638 = DIRECTION ( 'NONE',  ( 1.000000000000000000, 0.000000000000000000, -1.495451272393798803E-16 ) ) ;
#639 = ORIENTED_EDGE ( 'NONE', *, *, #1622, .F. ) ;
#640 = ORIENTED_EDGE ( 'NONE', *, *, #626, .F. ) ;
#641 = DIRECTION ( 'NONE',  ( 0.000000000000000000, 0.000000000000000000, -1.000000000000000000 ) ) ;
#642 = LINE ( 'NONE', #3501, #3351 ) ;
#643 = PLANE ( 'NONE',  #84 ) ;
#644 = EDGE_LOOP ( 'NONE', ( #3534, #1532 ) ) ;
#645 = ORIENTED_EDGE ( 'NONE', *, *, #1998, .F. ) ;
#646 = EDGE_CURVE ( 'NONE', #1745, #2148, #2023, .T. ) ;
#647 = PLANE ( 'NONE',  #558 ) ;
#648 = CARTESIAN_POINT ( 'NONE',  ( -1.025000000000000133, 0.4290000000000005476, -1.450000000000000178 ) ) ;
#649 = FILL_AREA_STYLE_COLOUR ( '', #3489 ) ;
#650 = AXIS2_PLACEMENT_3D ( 'NONE', #1408, #2290, #312 ) ;
#651 = DIRECTION ( 'NONE',  ( 0.000000000000000000, -1.000000000000000000, 0.000000000000000000 ) ) ;
#652 = VECTOR ( 'NONE', #562, 1000.000000000000000 ) ;
#653 = CARTESIAN_POINT ( 'NONE',  ( -1.199999999999999734, -0.000000000000000000, 0.000000000000000000 ) ) ;
#654 = PLANE ( 'NONE',  #39 ) ;
#655 = ORIENTED_EDGE ( 'NONE', *, *, #2725, .F. ) ;
#656 = VECTOR ( 'NONE', #2386, 1000.000000000000000 ) ;
#657 = LINE ( 'NONE', #1543, #565 ) ;
#658 = DIRECTION ( 'NONE',  ( 0.000000000000000000, 0.000000000000000000, 1.000000000000000000 ) ) ;
#659 = VECTOR ( 'NONE', #3085, 1000.000000000000000 ) ;
#660 = ORIENTED_EDGE ( 'NONE', *, *, #1881, .F. ) ;
#661 = UNCERTAINTY_MEASURE_WITH_UNIT (LENGTH_MEASURE( 1.000000000000000082E-05 ), #1048, 'distance_accuracy_value', 'NONE');
#662 = ORIENTED_EDGE ( 'NONE', *, *, #3552, .T. ) ;
#663 = LINE ( 'NONE', #1804, #1155 ) ;
#664 = ORIENTED_EDGE ( 'NONE', *, *, #1278, .F. ) ;
#665 = DIRECTION ( 'NONE',  ( 0.000000000000000000, 0.000000000000000000, -1.000000000000000000 ) ) ;
#666 = ADVANCED_FACE ( 'NONE', ( #2883 ), #2339, .F. ) ;
#667 = DIRECTION ( 'NONE',  ( -0.000000000000000000, -1.000000000000000000, 0.000000000000000000 ) ) ;
#668 = DIRECTION ( 'NONE',  ( 1.000000000000000000, 0.000000000000000000, 0.000000000000000000 ) ) ;
#669 = EDGE_CURVE ( 'NONE', #1743, #2063, #844, .T. ) ;
#670 = ADVANCED_FACE ( 'NONE', ( #1552, #153 ), #2147, .T. ) ;
#671 = EDGE_CURVE ( 'NONE', #3514, #2002, #1912, .T. ) ;
#672 = VECTOR ( 'NONE', #1209, 1000.000000000000000 ) ;
#673 = DIRECTION ( 'NONE',  ( -0.000000000000000000, -1.000000000000000000, -0.000000000000000000 ) ) ;
#674 = DIRECTION ( 'NONE',  ( 0.000000000000000000, 0.000000000000000000, -1.000000000000000000 ) ) ;
#675 = ORIENTED_EDGE ( 'NONE', *, *, #181, .T. ) ;
#676 = AXIS2_PLACEMENT_3D ( 'NONE', #753, #1895, #971 ) ;
#677 = DIRECTION ( 'NONE',  ( 4.154031312204998893E-16, 0.000000000000000000, 1.000000000000000000 ) ) ;
#678 = CARTESIAN_POINT ( 'NONE',  ( 0.000000000000000000, 0.1000000000000000056, 1.325000000000000178 ) ) ;
#679 = EDGE_LOOP ( 'NONE', ( #2510, #909, #3519, #1404 ) ) ;
#680 = ORIENTED_EDGE ( 'NONE', *, *, #2955, .F. ) ;
#681 =( GEOMETRIC_REPRESENTATION_CONTEXT ( 3 ) GLOBAL_UNCERTAINTY_ASSIGNED_CONTEXT ( ( #2081 ) ) GLOBAL_UNIT_ASSIGNED_CONTEXT ( ( #390, #217, #2714 ) ) REPRESENTATION_CONTEXT ( 'NONE', 'WORKASPACE' ) );
#682 = FACE_BOUND ( 'NONE', #2815, .T. ) ;
#683 = AXIS2_PLACEMENT_3D ( 'NONE', #553, #872, #14 ) ;
#684 = ORIENTED_EDGE ( 'NONE', *, *, #3664, .T. ) ;
#685 = ADVANCED_FACE ( 'NONE', ( #1273 ), #2413, .T. ) ;
#686 = AXIS2_PLACEMENT_3D ( 'NONE', #3232, #667, #2150 ) ;
#687 = AXIS2_PLACEMENT_3D ( 'NONE', #2879, #41, #1961 ) ;
#688 = DIRECTION ( 'NONE',  ( -0.000000000000000000, -1.000000000000000000, -0.000000000000000000 ) ) ;
#689 = EDGE_CURVE ( 'NONE', #877, #183, #2190, .T. ) ;
#690 = CARTESIAN_POINT ( 'NONE',  ( 9.950255243072243113E-17, 0.000000000000000000, 1.522500000000000409 ) ) ;
#691 = LINE ( 'NONE', #1833, #2485 ) ;
#692 = DIRECTION ( 'NONE',  ( -1.000000000000000000, 0.000000000000000000, 0.000000000000000000 ) ) ;
#693 = ORIENTED_EDGE ( 'NONE', *, *, #259, .F. ) ;
#694 = CARTESIAN_POINT ( 'NONE',  ( -1.199999999999999734, -0.000000000000000000, 1.325000000000000178 ) ) ;
#695 = PLANE ( 'NONE',  #12 ) ;
#696 = VECTOR ( 'NONE', #1612, 1000.000000000000000 ) ;
#697 = DIRECTION ( 'NONE',  ( -1.000000000000000000, 0.000000000000000000, -0.000000000000000000 ) ) ;
#698 = ORIENTED_EDGE ( 'NONE', *, *, #3248, .T. ) ;
#699 = ORIENTED_EDGE ( 'NONE', *, *, #3266, .T. ) ;
#700 = DIRECTION ( 'NONE',  ( 1.000000000000000000, 0.000000000000000000, -0.000000000000000000 ) ) ;
#701 = EDGE_CURVE ( 'NONE', #2261, #873, #3308, .T. ) ;
#702 = DIRECTION ( 'NONE',  ( 0.000000000000000000, 0.000000000000000000, -1.000000000000000000 ) ) ;
#703 = ORIENTED_EDGE ( 'NONE', *, *, #3485, .F. ) ;
#704 = DIRECTION ( 'NONE',  ( 0.000000000000000000, -1.000000000000000000, 0.000000000000000000 ) ) ;
#705 = ORIENTED_EDGE ( 'NONE', *, *, #292, .T. ) ;
#706 = DIRECTION ( 'NONE',  ( 0.000000000000000000, 0.000000000000000000, -1.000000000000000000 ) ) ;
#707 = ORIENTED_EDGE ( 'NONE', *, *, #1227, .T. ) ;
#708 = AXIS2_PLACEMENT_3D ( 'NONE', #2171, #221, #1922 ) ;
#709 = SURFACE_SIDE_STYLE ('',( #2989 ) ) ;
#710 = DIRECTION ( 'NONE',  ( -1.000000000000000000, 0.000000000000000000, -0.000000000000000000 ) ) ;
#711 = FACE_OUTER_BOUND ( 'NONE', #314, .T. ) ;
#712 = EDGE_CURVE ( 'NONE', #2238, #2692, #1942, .T. ) ;
#713 = ORIENTED_EDGE ( 'NONE', *, *, #1484, .T. ) ;
#714 = CARTESIAN_POINT ( 'NONE',  ( -4.814824860968089633E-32, 0.1000000000000000056, 0.7100000000000000755 ) ) ;
#715 = CARTESIAN_POINT ( 'NONE',  ( 1.199999999999999289, 0.1000000000000000056, 1.325000000000000178 ) ) ;
#716 = CARTESIAN_POINT ( 'NONE',  ( 1.225000000000000089, 0.3790000000000000036, -1.450000000000000178 ) ) ;
#717 = ADVANCED_FACE ( 'NONE', ( #744 ), #256, .T. ) ;
#718 = ORIENTED_EDGE ( 'NONE', *, *, #1762, .F. ) ;
#719 = ORIENTED_EDGE ( 'NONE', *, *, #1427, .T. ) ;
#720 = DIRECTION ( 'NONE',  ( -1.000000000000000000, 0.000000000000000000, -5.981805089575198169E-16 ) ) ;
#721 = AXIS2_PLACEMENT_3D ( 'NONE', #247, #1951, #2548 ) ;
#722 = CARTESIAN_POINT ( 'NONE',  ( -0.8249999999999995115, 0.9799999999999999822, -1.249999999999999778 ) ) ;
#723 = ORIENTED_EDGE ( 'NONE', *, *, #2965, .F. ) ;
#724 = LINE ( 'NONE', #1865, #2425 ) ;
#725 = ORIENTED_EDGE ( 'NONE', *, *, #1296, .F. ) ;
#726 = FILL_AREA_STYLE ('',( #991 ) ) ;
#727 = CARTESIAN_POINT ( 'NONE',  ( 1.199999999999999289, 0.1000000000000000056, 1.325000000000000178 ) ) ;
#728 = ORIENTED_EDGE ( 'NONE', *, *, #1837, .T. ) ;
#729 = EDGE_CURVE ( 'NONE', #3546, #2123, #2639, .T. ) ;
#730 = LINE ( 'NONE', #3124, #569 ) ;
#731 = LINE ( 'NONE', #3318, #2395 ) ;
#732 = ORIENTED_EDGE ( 'NONE', *, *, #2234, .T. ) ;
#733 = CARTESIAN_POINT ( 'NONE',  ( 1.199999999999999734, 0.1000000000000000056, 4.984837574645996502E-16 ) ) ;
#734 = DIRECTION ( 'NONE',  ( -0.000000000000000000, -1.000000000000000000, -0.000000000000000000 ) ) ;
#735 = AXIS2_PLACEMENT_3D ( 'NONE', #1036, #458, #1605 ) ;
#736 = CARTESIAN_POINT ( 'NONE',  ( 1.025000000000000133, 0.4289999999999997149, 1.449999999999999734 ) ) ;
#737 = ORIENTED_EDGE ( 'NONE', *, *, #1773, .F. ) ;
#738 = CARTESIAN_POINT ( 'NONE',  ( -1.025000000000000133, 0.3790000000000000036, -1.450000000000000178 ) ) ;
#739 = EDGE_CURVE ( 'NONE', #1307, #389, #3024, .T. ) ;
#740 = DIRECTION ( 'NONE',  ( 0.000000000000000000, 0.000000000000000000, -1.000000000000000000 ) ) ;
#741 = EDGE_LOOP ( 'NONE', ( #398, #3643, #3460, #408, #946, #2946, #2303, #684 ) ) ;
#742 = AXIS2_PLACEMENT_3D ( 'NONE', #1053, #2268, #3406 ) ;
#743 = CARTESIAN_POINT ( 'NONE',  ( -1.150000000000000133, 5.860320499651279214, -1.450000000000000178 ) ) ;
#744 = FACE_OUTER_BOUND ( 'NONE', #457, .T. ) ;
#745 = ORIENTED_EDGE ( 'NONE', *, *, #459, .F. ) ;
#746 = FILL_AREA_STYLE_COLOUR ( '', #2455 ) ;
#747 = AXIS2_PLACEMENT_3D ( 'NONE', #87, #1523, #33 ) ;
#748 = CIRCLE ( 'NONE', #2849, 0.1250000000000001110 ) ;
#749 = VECTOR ( 'NONE', #109, 1000.000000000000000 ) ;
#750 =( NAMED_UNIT ( * ) SI_UNIT ( $, .STERADIAN. ) SOLID_ANGLE_UNIT ( ) );
#751 = LINE ( 'NONE', #952, #452 ) ;
#752 = CARTESIAN_POINT ( 'NONE',  ( 1.200000000000000178, 0.3790000000000000036, 1.449999999999999734 ) ) ;
#753 = CARTESIAN_POINT ( 'NONE',  ( -4.814824860968089633E-32, 0.1000000000000000056, 0.7100000000000000755 ) ) ;
#754 = EDGE_CURVE ( 'NONE', #3583, #3206, #1439, .T. ) ;
#755 = CARTESIAN_POINT ( 'NONE',  ( -4.814824860968089633E-32, 0.000000000000000000, 0.1975000000000002032 ) ) ;
#756 = PLANE ( 'NONE',  #906 ) ;
#757 = ORIENTED_EDGE ( 'NONE', *, *, #1145, .F. ) ;
#758 = LINE ( 'NONE', #1346, #325 ) ;
#759 = DIRECTION ( 'NONE',  ( 4.486353817181397148E-16, 0.000000000000000000, -1.000000000000000000 ) ) ;
#760 = CARTESIAN_POINT ( 'NONE',  ( -1.225000000000000089, 0.3790000000000000036, -1.450000000000000178 ) ) ;
#761 = DIRECTION ( 'NONE',  ( 0.000000000000000000, -1.000000000000000000, 0.000000000000000000 ) ) ;
#762 = EDGE_CURVE ( 'NONE', #1966, #3504, #2516, .T. ) ;
#763 = EDGE_LOOP ( 'NONE', ( #3242, #884, #1761, #219 ) ) ;
#764 = SURFACE_STYLE_USAGE ( .BOTH. , #1597 ) ;
#765 = CARTESIAN_POINT ( 'NONE',  ( -4.814824860968089633E-32, 0.000000000000000000, 0.7100000000000000755 ) ) ;
#766 = VERTEX_POINT ( 'NONE', #2229 ) ;
#767 = CARTESIAN_POINT ( 'NONE',  ( -1.199999999999999956, -0.000000000000000000, -0.2810000000000000275 ) ) ;
#768 = DIRECTION ( 'NONE',  ( 0.000000000000000000, -1.000000000000000000, 0.000000000000000000 ) ) ;
#769 = DIRECTION ( 'NONE',  ( 1.000000000000000000, -0.000000000000000000, 0.000000000000000000 ) ) ;
#770 = ADVANCED_FACE ( 'NONE', ( #1351 ), #804, .T. ) ;
#771 = CARTESIAN_POINT ( 'NONE',  ( -1.025000000000000133, 0.4290000000000014357, 1.574999999999999734 ) ) ;
#772 = VECTOR ( 'NONE', #2433, 1000.000000000000000 ) ;
#773 = FACE_OUTER_BOUND ( 'NONE', #830, .T. ) ;
#774 = EDGE_LOOP ( 'NONE', ( #543, #2013, #2453, #2156 ) ) ;
#775 = ADVANCED_FACE ( 'NONE', ( #2789 ), #174, .T. ) ;
#776 = CARTESIAN_POINT ( 'NONE',  ( 9.950255243072243113E-17, 0.1000000000000000056, 1.522500000000000409 ) ) ;
#777 = CARTESIAN_POINT ( 'NONE',  ( -0.4749999999999998668, 0.1000000000000000056, 9.865824366486865099E-17 ) ) ;
#778 = VERTEX_POINT ( 'NONE', #1671 ) ;
#779 = DIRECTION ( 'NONE',  ( 0.000000000000000000, -1.000000000000000000, 0.000000000000000000 ) ) ;
#780 = VECTOR ( 'NONE', #163, 1000.000000000000000 ) ;
#781 = EDGE_LOOP ( 'NONE', ( #1082, #315, #1224, #1487 ) ) ;
#782 = SURFACE_STYLE_FILL_AREA ( #3330 ) ;
#783 =( NAMED_UNIT ( * ) SI_UNIT ( $, .STERADIAN. ) SOLID_ANGLE_UNIT ( ) );
#784 = VECTOR ( 'NONE', #808, 1000.000000000000000 ) ;
#785 = DIRECTION ( 'NONE',  ( -4.154031312204997907E-16, 0.000000000000000000, 1.000000000000000000 ) ) ;
#786 = ADVANCED_FACE ( 'NONE', ( #2732 ), #3285, .T. ) ;
#787 = COLOUR_RGB ( '',1.000000000000000000, 0.8117647058823529438, 0.5019607843137254832 ) ;
#788 = ADVANCED_FACE ( 'NONE', ( #500 ), #1901, .T. ) ;
#789 = EDGE_CURVE ( 'NONE', #22, #3678, #3669, .T. ) ;
#790 = EDGE_CURVE ( 'NONE', #2356, #3337, #724, .T. ) ;
#791 = FACE_BOUND ( 'NONE', #1419, .T. ) ;
#792 = CARTESIAN_POINT ( 'NONE',  ( 4.860216635279845185E-16, 0.000000000000000000, -1.624999999999999556 ) ) ;
#793 = ORIENTED_EDGE ( 'NONE', *, *, #2391, .F. ) ;
#794 = LINE ( 'NONE', #2159, #3126 ) ;
#795 = CARTESIAN_POINT ( 'NONE',  ( -1.025000000000000133, 0.2540000000000000036, 1.649999999999999689 ) ) ;
#796 = DIRECTION ( 'NONE',  ( -0.000000000000000000, -1.000000000000000000, -0.000000000000000000 ) ) ;
#797 = DIRECTION ( 'NONE',  ( 0.000000000000000000, 1.000000000000000000, -0.000000000000000000 ) ) ;
#798 = ORIENTED_EDGE ( 'NONE', *, *, #588, .F. ) ;
#799 = CIRCLE ( 'NONE', #376, 0.1875000000000000555 ) ;
#800 = DIRECTION ( 'NONE',  ( 1.000000000000000000, 0.000000000000000000, 0.000000000000000000 ) ) ;
#801 = CARTESIAN_POINT ( 'NONE',  ( -1.025000000000000133, 0.3790000000000000036, 1.649999999999999689 ) ) ;
#802 = ORIENTED_EDGE ( 'NONE', *, *, #3349, .T. ) ;
#803 = LINE ( 'NONE', #1941, #2776 ) ;
#804 = PLANE ( 'NONE',  #1948 ) ;
#805 = FILL_AREA_STYLE_COLOUR ( '', #2785 ) ;
#806 = VECTOR ( 'NONE', #2945, 1000.000000000000000 ) ;
#807 = DIRECTION ( 'NONE',  ( 0.000000000000000000, 0.000000000000000000, -1.000000000000000000 ) ) ;
#808 = DIRECTION ( 'NONE',  ( -1.000000000000000000, 0.000000000000000000, 0.000000000000000000 ) ) ;
#809 = EDGE_CURVE ( 'NONE', #3149, #850, #447, .T. ) ;
#810 = CIRCLE ( 'NONE', #2301, 0.1000000000000000472 ) ;
#811 = LINE ( 'NONE', #510, #1108 ) ;
#812 = CARTESIAN_POINT ( 'NONE',  ( 0.000000000000000000, 0.1000000000000000056, 0.000000000000000000 ) ) ;
#813 = EDGE_CURVE ( 'NONE', #2941, #3287, #159, .T. ) ;
#814 = AXIS2_PLACEMENT_3D ( 'NONE', #1312, #526, #2767 ) ;
#815 = VECTOR ( 'NONE', #288, 1000.000000000000000 ) ;
#816 = DIRECTION ( 'NONE',  ( 0.000000000000000000, 0.000000000000000000, -1.000000000000000000 ) ) ;
#817 = ORIENTED_EDGE ( 'NONE', *, *, #869, .F. ) ;
#818 = CARTESIAN_POINT ( 'NONE',  ( 1.200000000000000178, 0.000000000000000000, -0.8029999999999999361 ) ) ;
#819 = AXIS2_PLACEMENT_3D ( 'NONE', #2858, #3398, #857 ) ;
#820 = DIRECTION ( 'NONE',  ( -0.000000000000000000, -1.000000000000000000, -0.000000000000000000 ) ) ;
#821 = ORIENTED_EDGE ( 'NONE', *, *, #1309, .T. ) ;
#822 = LINE ( 'NONE', #1458, #749 ) ;
#823 = CARTESIAN_POINT ( 'NONE',  ( 2.101109037713280984E-16, 0.1000000000000000056, -0.2809999999999990838 ) ) ;
#824 = ADVANCED_FACE ( 'NONE', ( #2205 ), #3345, .F. ) ;
#825 = DIRECTION ( 'NONE',  ( 0.000000000000000000, -0.000000000000000000, -1.000000000000000000 ) ) ;
#826 = ORIENTED_EDGE ( 'NONE', *, *, #2155, .T. ) ;
#827 = AXIS2_PLACEMENT_3D ( 'NONE', #722, #3364, #215 ) ;
#828 = PRESENTATION_STYLE_ASSIGNMENT (( #263 ) ) ;
#829 = CARTESIAN_POINT ( 'NONE',  ( 0.000000000000000000, 0.1000000000000000056, 0.000000000000000000 ) ) ;
#830 = EDGE_LOOP ( 'NONE', ( #2077, #1449, #2292, #3674 ) ) ;
#831 = ADVANCED_FACE ( 'NONE', ( #2844 ), #2281, .T. ) ;
#832 = DIRECTION ( 'NONE',  ( 0.000000000000000000, 0.000000000000000000, -1.000000000000000000 ) ) ;
#833 = AXIS2_PLACEMENT_3D ( 'NONE', #3198, #2889, #2092 ) ;
#834 = ORIENTED_EDGE ( 'NONE', *, *, #1165, .F. ) ;
#835 = ADVANCED_FACE ( 'NONE', ( #2298 ), #859, .F. ) ;
#836 = LINE ( 'NONE', #1974, #90 ) ;
#837 = MECHANICAL_DESIGN_GEOMETRIC_PRESENTATION_REPRESENTATION (  '', ( #2269 ), #475 ) ;
#838 = ADVANCED_FACE ( 'NONE', ( #1996 ), #3137, .F. ) ;
#839 = DIRECTION ( 'NONE',  ( 0.000000000000000000, -0.000000000000000000, -1.000000000000000000 ) ) ;
#840 = EDGE_LOOP ( 'NONE', ( #660, #3507, #2709, #3518 ) ) ;
#841 = CARTESIAN_POINT ( 'NONE',  ( 1.025000000000000133, 0.4289999999999997149, 1.574999999999999734 ) ) ;
#842 = DIRECTION ( 'NONE',  ( -0.000000000000000000, -1.000000000000000000, -0.000000000000000000 ) ) ;
#843 = CARTESIAN_POINT ( 'NONE',  ( 0.000000000000000000, 0.1000000000000000056, 1.625000000000000222 ) ) ;
#844 = CIRCLE ( 'NONE', #2458, 0.5124999999999999556 ) ;
#845 = EDGE_LOOP ( 'NONE', ( #335, #3497, #1150, #144 ) ) ;
#846 = ORIENTED_EDGE ( 'NONE', *, *, #70, .T. ) ;
#847 = VECTOR ( 'NONE', #2160, 1000.000000000000000 ) ;
#848 = VECTOR ( 'NONE', #3270, 1000.000000000000000 ) ;
#849 = DIRECTION ( 'NONE',  ( 0.000000000000000000, -1.000000000000000000, 0.000000000000000000 ) ) ;
#850 = VERTEX_POINT ( 'NONE', #1722 ) ;
#851 = CARTESIAN_POINT ( 'NONE',  ( 0.000000000000000000, 0.000000000000000000, 0.000000000000000000 ) ) ;
#852 = EDGE_CURVE ( 'NONE', #2069, #2238, #1768, .T. ) ;
#853 = SPHERICAL_SURFACE ( 'NONE', #2143, 0.1250000000000000000 ) ;
#854 = CARTESIAN_POINT ( 'NONE',  ( -1.199999999999999734, 0.1000000000000000056, 1.625000000000000222 ) ) ;
#855 = ORIENTED_EDGE ( 'NONE', *, *, #1427, .F. ) ;
#856 = DIRECTION ( 'NONE',  ( 0.000000000000000000, 0.000000000000000000, -1.000000000000000000 ) ) ;
#857 = DIRECTION ( 'NONE',  ( 0.000000000000000000, 0.000000000000000000, -1.000000000000000000 ) ) ;
#858 = ORIENTED_EDGE ( 'NONE', *, *, #3439, .F. ) ;
#859 = PLANE ( 'NONE',  #2726 ) ;
#860 = CIRCLE ( 'NONE', #2601, 0.1250000000000001110 ) ;
#861 =( LENGTH_UNIT ( ) NAMED_UNIT ( * ) SI_UNIT ( .MILLI., .METRE. ) );
#862 = ADVANCED_FACE ( 'NONE', ( #2018 ), #3155, .T. ) ;
#863 = LINE ( 'NONE', #61, #896 ) ;
#864 = DIRECTION ( 'NONE',  ( 1.000000000000000000, 0.000000000000000000, 2.990902544787597606E-16 ) ) ;
#865 = ORIENTED_EDGE ( 'NONE', *, *, #2278, .T. ) ;
#866 = VECTOR ( 'NONE', #1769, 1000.000000000000000 ) ;
#867 = ORIENTED_EDGE ( 'NONE', *, *, #1124, .F. ) ;
#868 = EDGE_LOOP ( 'NONE', ( #441, #1535, #2924, #3329 ) ) ;
#869 = EDGE_CURVE ( 'NONE', #3487, #890, #585, .T. ) ;
#870 = AXIS2_PLACEMENT_3D ( 'NONE', #888, #345, #2062 ) ;
#871 = LINE ( 'NONE', #3147, #2746 ) ;
#872 = DIRECTION ( 'NONE',  ( 0.000000000000000000, -1.000000000000000000, 0.000000000000000000 ) ) ;
#873 = VERTEX_POINT ( 'NONE', #1196 ) ;
#874 = ORIENTED_EDGE ( 'NONE', *, *, #434, .T. ) ;
#875 = DIRECTION ( 'NONE',  ( 0.000000000000000000, 0.000000000000000000, -1.000000000000000000 ) ) ;
#876 = CARTESIAN_POINT ( 'NONE',  ( 0.000000000000000000, 0.1000000000000000056, 1.625000000000000222 ) ) ;
#877 = VERTEX_POINT ( 'NONE', #2326 ) ;
#878 = DIRECTION ( 'NONE',  ( 0.000000000000000000, 0.000000000000000000, -1.000000000000000000 ) ) ;
#879 = DIRECTION ( 'NONE',  ( 0.000000000000000000, 0.000000000000000000, -1.000000000000000000 ) ) ;
#880 = PLANE ( 'NONE',  #190 ) ;
#881 = FACE_OUTER_BOUND ( 'NONE', #428, .T. ) ;
#882 = PRODUCT ( 'MMICT5837-00-012', 'MMICT5837-00-012', '', ( #1182 ) ) ;
#883 = ADVANCED_FACE ( 'NONE', ( #3461 ), #2287, .T. ) ;
#884 = ORIENTED_EDGE ( 'NONE', *, *, #3691, .T. ) ;
#885 = ORIENTED_EDGE ( 'NONE', *, *, #2828, .F. ) ;
#886 = ORIENTED_EDGE ( 'NONE', *, *, #2104, .F. ) ;
#887 = CARTESIAN_POINT ( 'NONE',  ( 1.199999999999999956, 0.1000000000000000056, -0.2809999999999999165 ) ) ;
#888 = CARTESIAN_POINT ( 'NONE',  ( -1.199999999999999734, 0.1000000000000000056, 0.000000000000000000 ) ) ;
#889 = ORIENTED_EDGE ( 'NONE', *, *, #1013, .F. ) ;
#890 = VERTEX_POINT ( 'NONE', #3423 ) ;
#891 = EDGE_CURVE ( 'NONE', #2242, #2692, #748, .T. ) ;
#892 = CARTESIAN_POINT ( 'NONE',  ( -1.025000000000000133, 0.3790000000000000036, -1.650000000000000133 ) ) ;
#893 = CARTESIAN_POINT ( 'NONE',  ( 1.025000000000000133, 0.4289999999999997149, -1.625000000000000222 ) ) ;
#894 = EDGE_LOOP ( 'NONE', ( #50, #1771, #817, #1339 ) ) ;
#895 = ADVANCED_FACE ( 'NONE', ( #2042 ), #2307, .F. ) ;
#896 = VECTOR ( 'NONE', #2337, 1000.000000000000000 ) ;
#897 = LINE ( 'NONE', #2037, #652 ) ;
#898 = VERTEX_POINT ( 'NONE', #917 ) ;
#899 = ORIENTED_EDGE ( 'NONE', *, *, #165, .F. ) ;
#900 = DIRECTION ( 'NONE',  ( 0.000000000000000000, 1.000000000000000000, -0.000000000000000000 ) ) ;
#901 = EDGE_CURVE ( 'NONE', #554, #3184, #341, .T. ) ;
#902 = ORIENTED_EDGE ( 'NONE', *, *, #945, .T. ) ;
#903 = DIRECTION ( 'NONE',  ( 1.000000000000000000, 0.000000000000000000, 0.000000000000000000 ) ) ;
#904 = EDGE_CURVE ( 'NONE', #2574, #1524, #2309, .T. ) ;
#905 = EDGE_CURVE ( 'NONE', #331, #1323, #1128, .T. ) ;
#906 = AXIS2_PLACEMENT_3D ( 'NONE', #1897, #3035, #476 ) ;
#907 = SURFACE_STYLE_FILL_AREA ( #2680 ) ;
#908 = DIRECTION ( 'NONE',  ( -1.000000000000000000, 0.000000000000000000, 0.000000000000000000 ) ) ;
#909 = ORIENTED_EDGE ( 'NONE', *, *, #2965, .T. ) ;
#910 = CARTESIAN_POINT ( 'NONE',  ( -4.814824860968089633E-32, 0.1000000000000000056, 0.1975000000000002032 ) ) ;
#911 = ORIENTED_EDGE ( 'NONE', *, *, #401, .T. ) ;
#912 = ORIENTED_EDGE ( 'NONE', *, *, #1946, .T. ) ;
#913 = CIRCLE ( 'NONE', #2994, 0.2000000000000000944 ) ;
#914 = CARTESIAN_POINT ( 'NONE',  ( -0.8249999999999995115, 0.9299999999999999378, -1.249999999999999778 ) ) ;
#915 = ORIENTED_EDGE ( 'NONE', *, *, #1910, .F. ) ;
#916 = DIRECTION ( 'NONE',  ( 1.000000000000000000, 0.000000000000000000, 0.000000000000000000 ) ) ;
#917 = CARTESIAN_POINT ( 'NONE',  ( 6.276314845630179301E-17, 0.000000000000000000, 1.222500000000000142 ) ) ;
#918 = AXIS2_PLACEMENT_3D ( 'NONE', #2423, #1015, #2198 ) ;
#919 = EDGE_LOOP ( 'NONE', ( #427, #725, #998, #926 ) ) ;
#920 = CARTESIAN_POINT ( 'NONE',  ( 1.025000000000000133, 5.860320499651279214, -1.575000000000000178 ) ) ;
#921 = FACE_OUTER_BOUND ( 'NONE', #3121, .T. ) ;
#922 = ORIENTED_EDGE ( 'NONE', *, *, #2387, .F. ) ;
#923 = TOROIDAL_SURFACE ( 'NONE', #2245, 0.1750000000000000999, 0.05000000000000000278 ) ;
#924 = LINE ( 'NONE', #3516, #3543 ) ;
#925 = VERTEX_POINT ( 'NONE', #3288 ) ;
#926 = ORIENTED_EDGE ( 'NONE', *, *, #636, .T. ) ;
#927 = MECHANICAL_DESIGN_GEOMETRIC_PRESENTATION_REPRESENTATION (  '', ( #1660 ), #2119 ) ;
#928 = DIRECTION ( 'NONE',  ( -0.000000000000000000, -1.000000000000000000, -0.000000000000000000 ) ) ;
#929 = ORIENTED_EDGE ( 'NONE', *, *, #3048, .T. ) ;
#930 = DIRECTION ( 'NONE',  ( 0.000000000000000000, 0.000000000000000000, -1.000000000000000000 ) ) ;
#931 = DIRECTION ( 'NONE',  ( 1.000000000000000000, 0.000000000000000000, 5.981805089575197183E-16 ) ) ;
#932 = CYLINDRICAL_SURFACE ( 'NONE', #1007, 0.1250000000000001110 ) ;
#933 = CARTESIAN_POINT ( 'NONE',  ( -1.025000000000000133, 0.3790000000000000036, -1.450000000000000178 ) ) ;
#934 = ORIENTED_EDGE ( 'NONE', *, *, #2003, .F. ) ;
#935 = AXIS2_PLACEMENT_3D ( 'NONE', #801, #740, #3022 ) ;
#936 = ORIENTED_EDGE ( 'NONE', *, *, #1498, .T. ) ;
#937 = CARTESIAN_POINT ( 'NONE',  ( 1.025000000000000133, 0.2540000000000000036, -1.650000000000000133 ) ) ;
#938 = DIRECTION ( 'NONE',  ( -0.000000000000000000, -0.000000000000000000, 1.000000000000000000 ) ) ;
#939 = EDGE_CURVE ( 'NONE', #602, #1044, #1518, .T. ) ;
#940 = ORIENTED_EDGE ( 'NONE', *, *, #127, .T. ) ;
#941 = ORIENTED_EDGE ( 'NONE', *, *, #1678, .T. ) ;
#942 = CARTESIAN_POINT ( 'NONE',  ( 2.101109037713280984E-16, 0.000000000000000000, -0.2809999999999990838 ) ) ;
#943 = EDGE_CURVE ( 'NONE', #2878, #766, #374, .T. ) ;
#944 = EDGE_CURVE ( 'NONE', #302, #389, #2677, .T. ) ;
#945 = EDGE_CURVE ( 'NONE', #34, #2579, #2984, .T. ) ;
#946 = ORIENTED_EDGE ( 'NONE', *, *, #2163, .T. ) ;
#947 = SURFACE_STYLE_USAGE ( .BOTH. , #2659 ) ;
#948 = AXIS2_PLACEMENT_3D ( 'NONE', #1601, #2460, #1581 ) ;
#949 = EDGE_LOOP ( 'NONE', ( #1738, #501 ) ) ;
#950 = DIRECTION ( 'NONE',  ( 0.000000000000000000, 0.000000000000000000, -1.000000000000000000 ) ) ;
#951 = LINE ( 'NONE', #3464, #1253 ) ;
#952 = CARTESIAN_POINT ( 'NONE',  ( 1.200000000000000178, 0.1000000000000000056, 0.000000000000000000 ) ) ;
#953 = VECTOR ( 'NONE', #2304, 1000.000000000000000 ) ;
#954 = ORIENTED_EDGE ( 'NONE', *, *, #1976, .F. ) ;
#955 = AXIS2_PLACEMENT_3D ( 'NONE', #1303, #734, #2741 ) ;
#956 = CARTESIAN_POINT ( 'NONE',  ( 1.199999999999999289, 0.1000000000000000056, 1.625000000000000222 ) ) ;
#957 = CARTESIAN_POINT ( 'NONE',  ( -1.199999999999999512, 0.1000000000000000056, 4.984837574645996502E-16 ) ) ;
#958 = VECTOR ( 'NONE', #1255, 1000.000000000000000 ) ;
#959 = ORIENTED_EDGE ( 'NONE', *, *, #2868, .T. ) ;
#960 = UNCERTAINTY_MEASURE_WITH_UNIT (LENGTH_MEASURE( 1.000000000000000082E-05 ), #138, 'distance_accuracy_value', 'NONE');
#961 = VERTEX_POINT ( 'NONE', #1536 ) ;
#962 = LINE ( 'NONE', #2376, #3606 ) ;
#963 = CYLINDRICAL_SURFACE ( 'NONE', #1776, 0.04999999999999991257 ) ;
#964 = DIRECTION ( 'NONE',  ( 0.000000000000000000, -1.000000000000000000, 0.000000000000000000 ) ) ;
#965 = ADVANCED_FACE ( 'NONE', ( #1006 ), #1598, .F. ) ;
#966 = FILL_AREA_STYLE_COLOUR ( '', #3074 ) ;
#967 = CYLINDRICAL_SURFACE ( 'NONE', #3113, 0.04999999999999991257 ) ;
#968 = MANIFOLD_SOLID_BREP ( 'Cut-Extrude3', #1716 ) ;
#969 = AXIS2_PLACEMENT_3D ( 'NONE', #2275, #285, #3665 ) ;
#970 = EDGE_CURVE ( 'NONE', #3287, #2941, #43, .T. ) ;
#971 = DIRECTION ( 'NONE',  ( 0.000000000000000000, 0.000000000000000000, -1.000000000000000000 ) ) ;
#972 = FACE_BOUND ( 'NONE', #2942, .T. ) ;
#973 = DIRECTION ( 'NONE',  ( 0.000000000000000000, 0.000000000000000000, -1.000000000000000000 ) ) ;
#974 = DIRECTION ( 'NONE',  ( 0.000000000000000000, -0.000000000000000000, -1.000000000000000000 ) ) ;
#975 = ORIENTED_EDGE ( 'NONE', *, *, #2005, .F. ) ;
#976 = VECTOR ( 'NONE', #3338, 1000.000000000000000 ) ;
#977 = MANIFOLD_SOLID_BREP ( 'Boss-Extrude4[1]', #102 ) ;
#978 = EDGE_CURVE ( 'NONE', #384, #2273, #155, .T. ) ;
#979 = CARTESIAN_POINT ( 'NONE',  ( -4.814824860968089633E-32, 0.1000000000000000056, 0.7100000000000000755 ) ) ;
#980 = DIRECTION ( 'NONE',  ( 0.000000000000000000, -0.000000000000000000, -1.000000000000000000 ) ) ;
#981 = DIRECTION ( 'NONE',  ( 0.000000000000000000, 0.000000000000000000, -1.000000000000000000 ) ) ;
#982 = CARTESIAN_POINT ( 'NONE',  ( -1.199999999999999956, 0.1000000000000000056, -1.102999999999999980 ) ) ;
#983 = ORIENTED_EDGE ( 'NONE', *, *, #3142, .F. ) ;
#984 = ORIENTED_EDGE ( 'NONE', *, *, #626, .T. ) ;
#985 = AXIS2_PLACEMENT_3D ( 'NONE', #1373, #2213, #1389 ) ;
#986 = PLANE ( 'NONE',  #2651 ) ;
#987 = VECTOR ( 'NONE', #358, 1000.000000000000000 ) ;
#988 = ORIENTED_EDGE ( 'NONE', *, *, #1161, .F. ) ;
#989 = DIRECTION ( 'NONE',  ( 1.000000000000000000, 0.000000000000000000, 0.000000000000000000 ) ) ;
#990 = CARTESIAN_POINT ( 'NONE',  ( 0.000000000000000000, 0.000000000000000000, 0.000000000000000000 ) ) ;
#991 = FILL_AREA_STYLE_COLOUR ( '', #1169 ) ;
#992 = ADVANCED_FACE ( 'NONE', ( #3573 ), #2936, .F. ) ;
#993 = CARTESIAN_POINT ( 'NONE',  ( -4.814824860968089633E-32, 0.000000000000000000, 0.7100000000000000755 ) ) ;
#994 = EDGE_LOOP ( 'NONE', ( #865, #1008, #1842, #3005 ) ) ;
#995 = CARTESIAN_POINT ( 'NONE',  ( -1.150000000000000133, 0.4290000000000014357, 1.449999999999999734 ) ) ;
#996 = DIRECTION ( 'NONE',  ( 0.000000000000000000, -0.000000000000000000, 1.000000000000000000 ) ) ;
#997 = LINE ( 'NONE', #1853, #2755 ) ;
#998 = ORIENTED_EDGE ( 'NONE', *, *, #2910, .T. ) ;
#999 = AXIS2_PLACEMENT_3D ( 'NONE', #777, #1649, #2730 ) ;
#1000 = DIRECTION ( 'NONE',  ( 0.000000000000000000, -1.000000000000000000, 0.000000000000000000 ) ) ;
#1001 = VERTEX_POINT ( 'NONE', #2521 ) ;
#1002 = ORIENTED_EDGE ( 'NONE', *, *, #2716, .T. ) ;
#1003 = PLANE ( 'NONE',  #1640 ) ;
#1004 = CARTESIAN_POINT ( 'NONE',  ( 0.8999999999999993561, 0.1000000000000000056, 1.325000000000000178 ) ) ;
#1005 = ADVANCED_FACE ( 'NONE', ( #3333 ), #202, .T. ) ;
#1006 = FACE_OUTER_BOUND ( 'NONE', #2201, .T. ) ;
#1007 = AXIS2_PLACEMENT_3D ( 'NONE', #2045, #2647, #2074 ) ;
#1008 = ORIENTED_EDGE ( 'NONE', *, *, #3205, .T. ) ;
#1009 = AXIS2_PLACEMENT_3D ( 'NONE', #2900, #1176, #545 ) ;
#1010 = DIRECTION ( 'NONE',  ( 0.000000000000000000, -1.000000000000000000, 0.000000000000000000 ) ) ;
#1011 = CARTESIAN_POINT ( 'NONE',  ( -0.4750000000000000333, -0.000000000000000000, -1.624999999999999778 ) ) ;
#1012 = ORIENTED_EDGE ( 'NONE', *, *, #1089, .T. ) ;
#1013 = EDGE_CURVE ( 'NONE', #466, #1205, #504, .T. ) ;
#1014 = EDGE_CURVE ( 'NONE', #212, #2992, #1313, .T. ) ;
#1015 = DIRECTION ( 'NONE',  ( -0.000000000000000000, -1.000000000000000000, -0.000000000000000000 ) ) ;
#1016 = AXIS2_PLACEMENT_3D ( 'NONE', #1046, #779, #198 ) ;
#1017 = LINE ( 'NONE', #1359, #847 ) ;
#1018 = DIRECTION ( 'NONE',  ( 0.000000000000000000, 0.000000000000000000, 1.000000000000000000 ) ) ;
#1019 = CARTESIAN_POINT ( 'NONE',  ( -1.199999999999999956, 0.1000000000000000056, -1.102999999999999980 ) ) ;
#1020 = ORIENTED_EDGE ( 'NONE', *, *, #80, .F. ) ;
#1021 = DIRECTION ( 'NONE',  ( 2.077015656102498460E-16, 0.000000000000000000, 1.000000000000000000 ) ) ;
#1022 = AXIS2_PLACEMENT_3D ( 'NONE', #3289, #3551, #1890 ) ;
#1023 = CARTESIAN_POINT ( 'NONE',  ( 1.025000000000000133, 0.4289999999999999925, 1.624999999999999778 ) ) ;
#1024 = DIRECTION ( 'NONE',  ( 0.000000000000000000, -1.000000000000000000, 0.000000000000000000 ) ) ;
#1025 = CARTESIAN_POINT ( 'NONE',  ( -4.814824860968089633E-32, 0.1000000000000000056, 0.7100000000000000755 ) ) ;
#1026 = VERTEX_POINT ( 'NONE', #3672 ) ;
#1027 = SURFACE_STYLE_FILL_AREA ( #1087 ) ;
#1028 = VERTEX_POINT ( 'NONE', #177 ) ;
#1029 = AXIS2_PLACEMENT_3D ( 'NONE', #648, #594, #2877 ) ;
#1030 = EDGE_CURVE ( 'NONE', #531, #136, #1655, .T. ) ;
#1031 = CARTESIAN_POINT ( 'NONE',  ( 3.602542115196659055E-16, 0.000000000000000000, -0.8029999999999993809 ) ) ;
#1032 = VECTOR ( 'NONE', #1899, 1000.000000000000000 ) ;
#1033 = DIRECTION ( 'NONE',  ( -0.000000000000000000, -1.000000000000000000, -0.000000000000000000 ) ) ;
#1034 = DIRECTION ( 'NONE',  ( 1.000000000000000000, 0.000000000000000000, 2.990902544787597606E-16 ) ) ;
#1035 = MANIFOLD_SOLID_BREP ( 'Cut-Extrude4', #3442 ) ;
#1036 = CARTESIAN_POINT ( 'NONE',  ( 0.000000000000000000, 0.1000000000000000056, 1.625000000000000222 ) ) ;
#1037 = EDGE_CURVE ( 'NONE', #2335, #564, #2583, .T. ) ;
#1038 = VECTOR ( 'NONE', #2136, 1000.000000000000000 ) ;
#1039 = LINE ( 'NONE', #2467, #1324 ) ;
#1040 = CARTESIAN_POINT ( 'NONE',  ( -0.8999999999999998002, -0.000000000000000000, 1.625000000000000222 ) ) ;
#1041 = ORIENTED_EDGE ( 'NONE', *, *, #1831, .T. ) ;
#1042 = DIRECTION ( 'NONE',  ( 0.000000000000000000, -0.000000000000000000, -1.000000000000000000 ) ) ;
#1043 = DIRECTION ( 'NONE',  ( -4.154031312204999386E-16, 0.000000000000000000, -1.000000000000000000 ) ) ;
#1044 = VERTEX_POINT ( 'NONE', #2247 ) ;
#1045 = AXIS2_PLACEMENT_3D ( 'NONE', #3597, #996, #2178 ) ;
#1046 = CARTESIAN_POINT ( 'NONE',  ( -4.814824860968089633E-32, 0.1000000000000000056, 0.7100000000000000755 ) ) ;
#1047 = EDGE_LOOP ( 'NONE', ( #640, #2494, #462, #2393 ) ) ;
#1048 =( LENGTH_UNIT ( ) NAMED_UNIT ( * ) SI_UNIT ( .MILLI., .METRE. ) );
#1049 = AXIS2_PLACEMENT_3D ( 'NONE', #1184, #1540, #2462 ) ;
#1050 = CARTESIAN_POINT ( 'NONE',  ( -4.814824860968089633E-32, 0.1000000000000000056, -0.1025000000000001604 ) ) ;
#1051 = AXIS2_PLACEMENT_3D ( 'NONE', #598, #3499, #1436 ) ;
#1052 = MECHANICAL_DESIGN_GEOMETRIC_PRESENTATION_REPRESENTATION (  '', ( #1717 ), #2251 ) ;
#1053 = CARTESIAN_POINT ( 'NONE',  ( 0.000000000000000000, 0.000000000000000000, 0.000000000000000000 ) ) ;
#1054 = PLANE ( 'NONE',  #1561 ) ;
#1055 = CARTESIAN_POINT ( 'NONE',  ( 0.4750000000000001443, 0.1000000000000000056, -0.2809999999999999165 ) ) ;
#1056 = DIRECTION ( 'NONE',  ( -2.077015656102498707E-16, 0.000000000000000000, -1.000000000000000000 ) ) ;
#1057 = FACE_OUTER_BOUND ( 'NONE', #2916, .T. ) ;
#1058 = ORIENTED_EDGE ( 'NONE', *, *, #604, .T. ) ;
#1059 = LINE ( 'NONE', #2447, #2101 ) ;
#1060 = ADVANCED_FACE ( 'NONE', ( #1368 ), #3028, .F. ) ;
#1061 = CARTESIAN_POINT ( 'NONE',  ( -4.814824860968089633E-32, 0.1000000000000000056, 0.7100000000000000755 ) ) ;
#1062 = ORIENTED_EDGE ( 'NONE', *, *, #2308, .T. ) ;
#1063 = CARTESIAN_POINT ( 'NONE',  ( 2.296212748401284028E-17, 0.1000000000000000056, 0.8975000000000002975 ) ) ;
#1064 = DIRECTION ( 'NONE',  ( 0.000000000000000000, 0.000000000000000000, -1.000000000000000000 ) ) ;
#1065 = SURFACE_SIDE_STYLE ('',( #1673 ) ) ;
#1066 = EDGE_CURVE ( 'NONE', #2525, #98, #2476, .T. ) ;
#1067 = EDGE_CURVE ( 'NONE', #1491, #75, #1316, .T. ) ;
#1068 = ADVANCED_FACE ( 'NONE', ( #1962 ), #451, .F. ) ;
#1069 =( NAMED_UNIT ( * ) PLANE_ANGLE_UNIT ( ) SI_UNIT ( $, .RADIAN. ) );
#1070 = DIRECTION ( 'NONE',  ( 0.000000000000000000, 0.000000000000000000, -1.000000000000000000 ) ) ;
#1071 = DIRECTION ( 'NONE',  ( 1.000000000000000000, 0.000000000000000000, 2.990902544787597606E-16 ) ) ;
#1072 = ORIENTED_EDGE ( 'NONE', *, *, #3131, .F. ) ;
#1073 = CYLINDRICAL_SURFACE ( 'NONE', #985, 0.1250000000000001110 ) ;
#1074 = VECTOR ( 'NONE', #1623, 1000.000000000000000 ) ;
#1075 = DIRECTION ( 'NONE',  ( 1.000000000000000000, 0.000000000000000000, -4.154031312204999386E-16 ) ) ;
#1076 = CARTESIAN_POINT ( 'NONE',  ( 1.200000000000000178, 0.1000000000000000056, -0.8029999999999999361 ) ) ;
#1077 = DIRECTION ( 'NONE',  ( -1.000000000000000000, 0.000000000000000000, -0.000000000000000000 ) ) ;
#1078 = ORIENTED_EDGE ( 'NONE', *, *, #1689, .T. ) ;
#1079 = DIRECTION ( 'NONE',  ( -0.000000000000000000, -1.000000000000000000, -0.000000000000000000 ) ) ;
#1080 = EDGE_CURVE ( 'NONE', #622, #2480, #1433, .T. ) ;
#1081 = LINE ( 'NONE', #194, #2736 ) ;
#1082 = ORIENTED_EDGE ( 'NONE', *, *, #1417, .F. ) ;
#1083 = CARTESIAN_POINT ( 'NONE',  ( -4.814824860968089633E-32, 0.1000000000000000056, 0.7100000000000000755 ) ) ;
#1084 = CARTESIAN_POINT ( 'NONE',  ( -4.814824860968089633E-32, 0.03500000000000000333, 0.7100000000000000755 ) ) ;
#1085 = VECTOR ( 'NONE', #1952, 1000.000000000000000 ) ;
#1086 = VERTEX_POINT ( 'NONE', #2540 ) ;
#1087 = FILL_AREA_STYLE ('',( #258 ) ) ;
#1088 = DIRECTION ( 'NONE',  ( 1.000000000000000000, 0.000000000000000000, 7.477256361968996233E-16 ) ) ;
#1089 = EDGE_CURVE ( 'NONE', #1745, #331, #2734, .T. ) ;
#1090 = MECHANICAL_DESIGN_GEOMETRIC_PRESENTATION_REPRESENTATION (  '', ( #2761 ), #3528 ) ;
#1091 = SURFACE_SIDE_STYLE ('',( #508 ) ) ;
#1092 = DIRECTION ( 'NONE',  ( 0.000000000000000000, -1.000000000000000000, 0.000000000000000000 ) ) ;
#1093 = LINE ( 'NONE', #792, #3286 ) ;
#1094 = ORIENTED_EDGE ( 'NONE', *, *, #3691, .F. ) ;
#1095 = EDGE_CURVE ( 'NONE', #1719, #2535, #3472, .T. ) ;
#1096 = AXIS2_PLACEMENT_3D ( 'NONE', #3624, #2200, #2445 ) ;
#1097 = CARTESIAN_POINT ( 'NONE',  ( -1.200000000000000178, 0.1000000000000000056, -1.625000000000000000 ) ) ;
#1098 = CARTESIAN_POINT ( 'NONE',  ( 0.4750000000000002554, 0.1000000000000000056, -1.973164873297375731E-16 ) ) ;
#1099 = EDGE_CURVE ( 'NONE', #961, #3296, #863, .T. ) ;
#1100 = VECTOR ( 'NONE', #1787, 1000.000000000000000 ) ;
#1101 = DIRECTION ( 'NONE',  ( 0.000000000000000000, -1.000000000000000000, 0.000000000000000000 ) ) ;
#1102 = CARTESIAN_POINT ( 'NONE',  ( 1.199999999999999289, 0.1000000000000000056, 1.325000000000000178 ) ) ;
#1103 = ORIENTED_EDGE ( 'NONE', *, *, #1567, .T. ) ;
#1104 = CARTESIAN_POINT ( 'NONE',  ( 0.8999999999999993561, 0.1000000000000000056, 1.325000000000000178 ) ) ;
#1105 = DIRECTION ( 'NONE',  ( 0.000000000000000000, 1.000000000000000000, 0.000000000000000000 ) ) ;
#1106 = DIRECTION ( 'NONE',  ( 0.000000000000000000, -0.000000000000000000, 1.000000000000000000 ) ) ;
#1107 = VERTEX_POINT ( 'NONE', #3458 ) ;
#1108 = VECTOR ( 'NONE', #1092, 1000.000000000000000 ) ;
#1109 = ADVANCED_FACE ( 'NONE', ( #1999 ), #3118, .T. ) ;
#1110 = SURFACE_STYLE_USAGE ( .BOTH. , #2544 ) ;
#1111 = LINE ( 'NONE', #2196, #2555 ) ;
#1112 = ORIENTED_EDGE ( 'NONE', *, *, #195, .F. ) ;
#1113 = AXIS2_PLACEMENT_3D ( 'NONE', #1653, #1475, #1960 ) ;
#1114 = ADVANCED_FACE ( 'NONE', ( #2825 ), #1416, .F. ) ;
#1115 = LINE ( 'NONE', #1445, #3161 ) ;
#1116 = FACE_OUTER_BOUND ( 'NONE', #763, .T. ) ;
#1117 = LINE ( 'NONE', #3070, #2875 ) ;
#1118 = EDGE_LOOP ( 'NONE', ( #846, #664, #582, #71 ) ) ;
#1119 = DIRECTION ( 'NONE',  ( 0.000000000000000000, 1.000000000000000000, -0.000000000000000000 ) ) ;
#1120 = DIRECTION ( 'NONE',  ( 0.000000000000000000, -0.000000000000000000, -1.000000000000000000 ) ) ;
#1121 = ORIENTED_EDGE ( 'NONE', *, *, #3492, .F. ) ;
#1122 = LINE ( 'NONE', #560, #3382 ) ;
#1123 = CARTESIAN_POINT ( 'NONE',  ( 1.225000000000000089, 0.3790000000000000036, 1.449999999999999734 ) ) ;
#1124 = EDGE_CURVE ( 'NONE', #466, #1850, #3139, .T. ) ;
#1125 = ORIENTED_EDGE ( 'NONE', *, *, #2157, .T. ) ;
#1126 = VECTOR ( 'NONE', #3687, 1000.000000000000000 ) ;
#1127 = VERTEX_POINT ( 'NONE', #1691 ) ;
#1128 = LINE ( 'NONE', #2561, #2559 ) ;
#1129 = CARTESIAN_POINT ( 'NONE',  ( 0.000000000000000000, 0.1000000000000000056, 1.325000000000000178 ) ) ;
#1130 = DIRECTION ( 'NONE',  ( 1.000000000000000000, 0.000000000000000000, 0.000000000000000000 ) ) ;
#1131 = CARTESIAN_POINT ( 'NONE',  ( 0.4750000000000001443, 0.1000000000000000056, -1.102999999999999980 ) ) ;
#1132 = VECTOR ( 'NONE', #1794, 1000.000000000000000 ) ;
#1133 = DIRECTION ( 'NONE',  ( 0.000000000000000000, 0.000000000000000000, -1.000000000000000000 ) ) ;
#1134 = VERTEX_POINT ( 'NONE', #3690 ) ;
#1135 = CARTESIAN_POINT ( 'NONE',  ( -1.025000000000000133, 0.3790000000000000036, 1.449999999999999734 ) ) ;
#1136 = VECTOR ( 'NONE', #2595, 1000.000000000000000 ) ;
#1137 = LINE ( 'NONE', #2573, #3084 ) ;
#1138 = EDGE_LOOP ( 'NONE', ( #135, #1694, #2094, #941 ) ) ;
#1139 = DIRECTION ( 'NONE',  ( -1.000000000000000000, -0.000000000000000000, -0.000000000000000000 ) ) ;
#1140 = CARTESIAN_POINT ( 'NONE',  ( 1.025000000000000133, 5.860320499651279214, -1.575000000000000178 ) ) ;
#1141 = AXIS2_PLACEMENT_3D ( 'NONE', #391, #2715, #3526 ) ;
#1142 = ORIENTED_EDGE ( 'NONE', *, *, #2278, .F. ) ;
#1143 = VERTEX_POINT ( 'NONE', #304 ) ;
#1144 = VECTOR ( 'NONE', #485, 1000.000000000000000 ) ;
#1145 = EDGE_CURVE ( 'NONE', #2242, #1127, #2149, .T. ) ;
#1146 = AXIS2_PLACEMENT_3D ( 'NONE', #1371, #2235, #2526 ) ;
#1147 = EDGE_LOOP ( 'NONE', ( #539, #2442, #3636, #3313 ) ) ;
#1148 = FACE_OUTER_BOUND ( 'NONE', #1557, .T. ) ;
#1149 = LINE ( 'NONE', #2508, #2306 ) ;
#1150 = ORIENTED_EDGE ( 'NONE', *, *, #3261, .T. ) ;
#1151 = DIRECTION ( 'NONE',  ( 0.000000000000000000, -0.000000000000000000, -1.000000000000000000 ) ) ;
#1152 = EDGE_CURVE ( 'NONE', #2238, #2327, #1679, .T. ) ;
#1153 = LINE ( 'NONE', #2260, #51 ) ;
#1154 = ORIENTED_EDGE ( 'NONE', *, *, #1453, .T. ) ;
#1155 = VECTOR ( 'NONE', #387, 1000.000000000000000 ) ;
#1156 = DIRECTION ( 'NONE',  ( 1.000000000000000000, -0.000000000000000000, 0.000000000000000000 ) ) ;
#1157 = FACE_OUTER_BOUND ( 'NONE', #894, .T. ) ;
#1158 = ORIENTED_EDGE ( 'NONE', *, *, #2344, .F. ) ;
#1159 = VECTOR ( 'NONE', #297, 1000.000000000000000 ) ;
#1160 = EDGE_LOOP ( 'NONE', ( #1186, #249, #3547, #2891 ) ) ;
#1161 = EDGE_CURVE ( 'NONE', #22, #2285, #897, .T. ) ;
#1162 = AXIS2_PLACEMENT_3D ( 'NONE', #1967, #1697, #2833 ) ;
#1163 = CIRCLE ( 'NONE', #1526, 0.1250000000000000000 ) ;
#1164 = CARTESIAN_POINT ( 'NONE',  ( 0.4750000000000005884, 0.1000000000000000056, -1.973164873297376964E-16 ) ) ;
#1165 = EDGE_CURVE ( 'NONE', #1001, #28, #2624, .T. ) ;
#1166 = CARTESIAN_POINT ( 'NONE',  ( 1.200000000000000178, 0.1000000000000000056, -1.102999999999999536 ) ) ;
#1167 = ORIENTED_EDGE ( 'NONE', *, *, #3165, .F. ) ;
#1168 = ORIENTED_EDGE ( 'NONE', *, *, #2391, .T. ) ;
#1169 = COLOUR_RGB ( '',0.000000000000000000, 0.000000000000000000, 0.000000000000000000 ) ;
#1170 = VECTOR ( 'NONE', #2518, 1000.000000000000000 ) ;
#1171 = CLOSED_SHELL ( 'NONE', ( #2686, #2606, #3016, #2670, #2988, #1450 ) ) ;
#1172 = LINE ( 'NONE', #2015, #2289 ) ;
#1173 = CARTESIAN_POINT ( 'NONE',  ( -0.4749999999999999223, 0.1000000000000000056, -1.102999999999999536 ) ) ;
#1174 = ORIENTED_EDGE ( 'NONE', *, *, #754, .F. ) ;
#1175 = EDGE_CURVE ( 'NONE', #368, #2531, #25, .T. ) ;
#1176 = DIRECTION ( 'NONE',  ( 0.000000000000000000, -0.000000000000000000, 1.000000000000000000 ) ) ;
#1177 = ORIENTED_EDGE ( 'NONE', *, *, #3445, .T. ) ;
#1178 = ADVANCED_FACE ( 'NONE', ( #1157 ), #3158, .F. ) ;
#1179 = EDGE_LOOP ( 'NONE', ( #2983, #2708, #2504, #3617 ) ) ;
#1180 = ADVANCED_FACE ( 'NONE', ( #1709 ), #880, .F. ) ;
#1181 = ORIENTED_EDGE ( 'NONE', *, *, #1728, .T. ) ;
#1182 = PRODUCT_CONTEXT ( 'NONE', #242, 'mechanical' ) ;
#1183 = PRESENTATION_STYLE_ASSIGNMENT (( #1811 ) ) ;
#1184 = CARTESIAN_POINT ( 'NONE',  ( -4.814824860968089633E-32, 0.000000000000000000, 0.7100000000000000755 ) ) ;
#1185 = ORIENTED_EDGE ( 'NONE', *, *, #3634, .F. ) ;
#1186 = ORIENTED_EDGE ( 'NONE', *, *, #3203, .F. ) ;
#1187 = CARTESIAN_POINT ( 'NONE',  ( 1.325000000000000400, 0.2540000000000000036, -1.749999999999999778 ) ) ;
#1188 = ORIENTED_EDGE ( 'NONE', *, *, #496, .F. ) ;
#1189 = ORIENTED_EDGE ( 'NONE', *, *, #943, .F. ) ;
#1190 = AXIS2_PLACEMENT_3D ( 'NONE', #1980, #615, #1400 ) ;
#1191 = DIRECTION ( 'NONE',  ( -1.000000000000000000, 0.000000000000000000, 0.000000000000000000 ) ) ;
#1192 = ORIENTED_EDGE ( 'NONE', *, *, #2108, .F. ) ;
#1193 = CARTESIAN_POINT ( 'NONE',  ( 1.150000000000000133, 5.860320499651279214, -1.450000000000000178 ) ) ;
#1194 = CARTESIAN_POINT ( 'NONE',  ( -1.025000000000000133, 0.9799999999999999822, -1.450000000000000400 ) ) ;
#1195 = ORIENTED_EDGE ( 'NONE', *, *, #505, .T. ) ;
#1196 = CARTESIAN_POINT ( 'NONE',  ( -0.4750000000000000333, 0.1000000000000000056, -0.8029999999999996030 ) ) ;
#1197 = EDGE_CURVE ( 'NONE', #2356, #3346, #2635, .T. ) ;
#1198 = VECTOR ( 'NONE', #581, 1000.000000000000000 ) ;
#1199 = DIRECTION ( 'NONE',  ( 0.000000000000000000, 0.000000000000000000, 1.000000000000000000 ) ) ;
#1200 = DIRECTION ( 'NONE',  ( 0.000000000000000000, 0.000000000000000000, -1.000000000000000000 ) ) ;
#1201 = ORIENTED_EDGE ( 'NONE', *, *, #1837, .F. ) ;
#1202 = ORIENTED_EDGE ( 'NONE', *, *, #259, .T. ) ;
#1203 = LINE ( 'NONE', #2079, #2656 ) ;
#1204 = DIRECTION ( 'NONE',  ( 0.000000000000000000, 0.000000000000000000, 1.000000000000000000 ) ) ;
#1205 = VERTEX_POINT ( 'NONE', #337 ) ;
#1206 = EDGE_CURVE ( 'NONE', #3629, #1713, #321, .T. ) ;
#1207 = VECTOR ( 'NONE', #839, 1000.000000000000000 ) ;
#1208 = ORIENTED_EDGE ( 'NONE', *, *, #2216, .F. ) ;
#1209 = DIRECTION ( 'NONE',  ( 0.000000000000000000, -1.000000000000000000, 0.000000000000000000 ) ) ;
#1210 = CIRCLE ( 'NONE', #1988, 0.1000000000000000472 ) ;
#1211 = EDGE_LOOP ( 'NONE', ( #319, #2297 ) ) ;
#1212 = CARTESIAN_POINT ( 'NONE',  ( -0.4749999999999998668, 0.1000000000000000056, 9.865824366486865099E-17 ) ) ;
#1213 = DIRECTION ( 'NONE',  ( 0.000000000000000000, -1.000000000000000000, 0.000000000000000000 ) ) ;
#1214 = ORIENTED_EDGE ( 'NONE', *, *, #1520, .T. ) ;
#1215 = PRESENTATION_STYLE_ASSIGNMENT (( #1254 ) ) ;
#1216 = VECTOR ( 'NONE', #3467, 1000.000000000000000 ) ;
#1217 = EDGE_LOOP ( 'NONE', ( #2703, #2398 ) ) ;
#1218 = ADVANCED_FACE ( 'NONE', ( #1758 ), #2609, .F. ) ;
#1219 = ADVANCED_FACE ( 'NONE', ( #2321 ), #6, .F. ) ;
#1220 = PLANE ( 'NONE',  #833 ) ;
#1221 = VECTOR ( 'NONE', #1950, 1000.000000000000000 ) ;
#1222 = FACE_OUTER_BOUND ( 'NONE', #2909, .T. ) ;
#1223 = DIRECTION ( 'NONE',  ( -0.000000000000000000, -0.000000000000000000, 1.000000000000000000 ) ) ;
#1224 = ORIENTED_EDGE ( 'NONE', *, *, #3537, .T. ) ;
#1225 = EDGE_LOOP ( 'NONE', ( #3446, #66, #2498, #3490 ) ) ;
#1226 = DIRECTION ( 'NONE',  ( 0.000000000000000000, -0.000000000000000000, -1.000000000000000000 ) ) ;
#1227 = EDGE_CURVE ( 'NONE', #2266, #233, #2980, .T. ) ;
#1228 = FACE_OUTER_BOUND ( 'NONE', #2319, .T. ) ;
#1229 = PLANE ( 'NONE',  #2590 ) ;
#1230 = EDGE_LOOP ( 'NONE', ( #1570, #2899, #57, #1462 ) ) ;
#1231 = UNCERTAINTY_MEASURE_WITH_UNIT (LENGTH_MEASURE( 1.000000000000000082E-05 ), #3104, 'distance_accuracy_value', 'NONE');
#1232 = ORIENTED_EDGE ( 'NONE', *, *, #2765, .T. ) ;
#1233 = CLOSED_SHELL ( 'NONE', ( #3448, #2130, #1005, #2796, #666, #838, #2586, #2779, #2960, #1060, #1904, #559, #520, #3277, #1114, #3387, #1937, #2414, #276, #2563, #3413, #1218, #295, #478, #1180, #770, #1477, #3047, #3094, #2232, #62, #334, #1925, #534, #154, #2566, #2392, #3424, #2481, #1826, #132, #3236, #670, #824, #1452 ) ) ;
#1234 = VECTOR ( 'NONE', #931, 1000.000000000000000 ) ;
#1235 =( GEOMETRIC_REPRESENTATION_CONTEXT ( 3 ) GLOBAL_UNCERTAINTY_ASSIGNED_CONTEXT ( ( #2998 ) ) GLOBAL_UNIT_ASSIGNED_CONTEXT ( ( #861, #3436, #2095 ) ) REPRESENTATION_CONTEXT ( 'NONE', 'WORKASPACE' ) );
#1236 = CARTESIAN_POINT ( 'NONE',  ( -0.4749999999999999223, 0.1000000000000000056, -1.102999999999999536 ) ) ;
#1237 = EDGE_LOOP ( 'NONE', ( #1635, #2749, #1755, #2388 ) ) ;
#1238 = SURFACE_SIDE_STYLE ('',( #2105 ) ) ;
#1239 = EDGE_CURVE ( 'NONE', #601, #1984, #2931, .T. ) ;
#1240 = ORIENTED_EDGE ( 'NONE', *, *, #809, .F. ) ;
#1241 = DIRECTION ( 'NONE',  ( 0.000000000000000000, 0.000000000000000000, -1.000000000000000000 ) ) ;
#1242 = PLANE ( 'NONE',  #747 ) ;
#1243 = ORIENTED_EDGE ( 'NONE', *, *, #127, .F. ) ;
#1244 = CARTESIAN_POINT ( 'NONE',  ( -1.324999999999999512, 0.000000000000000000, 1.750000000000000222 ) ) ;
#1245 = EDGE_CURVE ( 'NONE', #2733, #233, #1494, .T. ) ;
#1246 = LINE ( 'NONE', #2117, #362 ) ;
#1247 = ORIENTED_EDGE ( 'NONE', *, *, #2387, .T. ) ;
#1248 = EDGE_LOOP ( 'NONE', ( #2086, #2698, #3415, #3130 ) ) ;
#1249 = LINE ( 'NONE', #2711, #1805 ) ;
#1250 = FACE_OUTER_BOUND ( 'NONE', #3604, .T. ) ;
#1251 = EDGE_CURVE ( 'NONE', #3276, #1044, #1516, .T. ) ;
#1252 = CARTESIAN_POINT ( 'NONE',  ( -1.199999999999999734, 0.1000000000000000056, 0.000000000000000000 ) ) ;
#1253 = VECTOR ( 'NONE', #396, 1000.000000000000000 ) ;
#1254 = SURFACE_STYLE_USAGE ( .BOTH. , #2644 ) ;
#1255 = DIRECTION ( 'NONE',  ( 1.000000000000000000, 0.000000000000000000, 5.981805089575197183E-16 ) ) ;
#1256 = EDGE_CURVE ( 'NONE', #1107, #2619, #1249, .T. ) ;
#1257 = CARTESIAN_POINT ( 'NONE',  ( -4.814824860968089633E-32, 0.1000000000000000056, 0.7100000000000000755 ) ) ;
#1258 = CARTESIAN_POINT ( 'NONE',  ( -1.025000000000000133, 0.3790000000000000036, -1.625000000000000222 ) ) ;
#1259 = AXIS2_PLACEMENT_3D ( 'NONE', #1280, #1338, #2134 ) ;
#1260 = DIRECTION ( 'NONE',  ( 5.981805089575198169E-16, 0.000000000000000000, -1.000000000000000000 ) ) ;
#1261 = EDGE_LOOP ( 'NONE', ( #2838, #3045 ) ) ;
#1262 = VECTOR ( 'NONE', #1809, 1000.000000000000000 ) ;
#1263 = LINE ( 'NONE', #625, #278 ) ;
#1264 = PLANE ( 'NONE',  #1564 ) ;
#1265 = CARTESIAN_POINT ( 'NONE',  ( 0.000000000000000000, 0.000000000000000000, 0.000000000000000000 ) ) ;
#1266 = PRESENTATION_LAYER_ASSIGNMENT (  '', '', ( #2761 ) ) ;
#1267 = VERTEX_POINT ( 'NONE', #2640 ) ;
#1268 = ORIENTED_EDGE ( 'NONE', *, *, #195, .T. ) ;
#1269 = EDGE_CURVE ( 'NONE', #1814, #493, #2657, .T. ) ;
#1270 = DIRECTION ( 'NONE',  ( 2.077015656102498460E-16, 0.000000000000000000, 1.000000000000000000 ) ) ;
#1271 = VERTEX_POINT ( 'NONE', #1772 ) ;
#1272 = LINE ( 'NONE', #2072, #1940 ) ;
#1273 = FACE_OUTER_BOUND ( 'NONE', #1986, .T. ) ;
#1274 = ORIENTED_EDGE ( 'NONE', *, *, #1663, .F. ) ;
#1275 =( LENGTH_UNIT ( ) NAMED_UNIT ( * ) SI_UNIT ( .MILLI., .METRE. ) );
#1276 = CARTESIAN_POINT ( 'NONE',  ( -1.199999999999999512, -0.000000000000000000, 4.984837574645996502E-16 ) ) ;
#1277 = CIRCLE ( 'NONE', #3422, 0.1250000000000000000 ) ;
#1278 = EDGE_CURVE ( 'NONE', #1086, #2733, #131, .T. ) ;
#1279 = CARTESIAN_POINT ( 'NONE',  ( -1.225000000000000089, 0.3790000000000000036, 1.449999999999999734 ) ) ;
#1280 = CARTESIAN_POINT ( 'NONE',  ( 0.000000000000000000, 0.1000000000000000056, 0.000000000000000000 ) ) ;
#1281 = VERTEX_POINT ( 'NONE', #3264 ) ;
#1282 = VECTOR ( 'NONE', #3202, 1000.000000000000000 ) ;
#1283 = DIRECTION ( 'NONE',  ( -4.154031312204999386E-16, 0.000000000000000000, -1.000000000000000000 ) ) ;
#1284 = EDGE_CURVE ( 'NONE', #2069, #2327, #1277, .T. ) ;
#1285 = DIRECTION ( 'NONE',  ( -1.000000000000000000, 0.000000000000000000, -2.990902544787598592E-16 ) ) ;
#1286 = CARTESIAN_POINT ( 'NONE',  ( -1.324999999999999512, 0.2540000000000000036, -1.749999999999999778 ) ) ;
#1287 = ORIENTED_EDGE ( 'NONE', *, *, #2360, .T. ) ;
#1288 = EDGE_LOOP ( 'NONE', ( #322, #129, #1247, #858 ) ) ;
#1289 = AXIS2_PLACEMENT_3D ( 'NONE', #2721, #122, #710 ) ;
#1290 = CARTESIAN_POINT ( 'NONE',  ( -0.4750000000000000333, 0.1000000000000000056, -1.624999999999999778 ) ) ;
#1291 = CARTESIAN_POINT ( 'NONE',  ( 0.4750000000000002554, 0.1000000000000000056, -1.973164873297375731E-16 ) ) ;
#1292 = AXIS2_PLACEMENT_3D ( 'NONE', #3097, #614, #3416 ) ;
#1293 = CARTESIAN_POINT ( 'NONE',  ( -1.199999999999999956, 0.1000000000000000056, -1.102999999999999980 ) ) ;
#1294 = CARTESIAN_POINT ( 'NONE',  ( -0.8999999999999998002, 0.1000000000000000056, 0.000000000000000000 ) ) ;
#1295 = ADVANCED_FACE ( 'NONE', ( #3209 ), #1824, .T. ) ;
#1296 = EDGE_CURVE ( 'NONE', #3473, #2266, #96, .T. ) ;
#1297 = ORIENTED_EDGE ( 'NONE', *, *, #1030, .T. ) ;
#1298 =( NAMED_UNIT ( * ) PLANE_ANGLE_UNIT ( ) SI_UNIT ( $, .RADIAN. ) );
#1299 = CARTESIAN_POINT ( 'NONE',  ( 1.025000000000000133, 0.8549999999999999822, -1.450000000000000400 ) ) ;
#1300 = PLANE ( 'NONE',  #3172 ) ;
#1301 = ORIENTED_EDGE ( 'NONE', *, *, #3217, .T. ) ;
#1302 = DIRECTION ( 'NONE',  ( 1.000000000000000000, 0.000000000000000000, -4.154031312204999386E-16 ) ) ;
#1303 = CARTESIAN_POINT ( 'NONE',  ( -1.025000000000000133, 5.860320499651279214, -1.450000000000000178 ) ) ;
#1304 = AXIS2_PLACEMENT_3D ( 'NONE', #3326, #759, #3039 ) ;
#1305 = CARTESIAN_POINT ( 'NONE',  ( -0.8249999999999995115, 0.9299999999999999378, -1.249999999999999778 ) ) ;
#1306 = DIRECTION ( 'NONE',  ( -0.000000000000000000, -1.000000000000000000, -0.000000000000000000 ) ) ;
#1307 = VERTEX_POINT ( 'NONE', #2124 ) ;
#1308 = LINE ( 'NONE', #3607, #2712 ) ;
#1309 = EDGE_CURVE ( 'NONE', #3454, #898, #2949, .T. ) ;
#1310 = LINE ( 'NONE', #1347, #696 ) ;
#1311 = ORIENTED_EDGE ( 'NONE', *, *, #1896, .T. ) ;
#1312 = CARTESIAN_POINT ( 'NONE',  ( -0.8249999999999995115, 0.9299999999999999378, -1.249999999999999778 ) ) ;
#1313 = LINE ( 'NONE', #3347, #1906 ) ;
#1314 = CIRCLE ( 'NONE', #3038, 0.5124999999999999556 ) ;
#1315 = ADVANCED_FACE ( 'NONE', ( #2390 ), #647, .F. ) ;
#1316 = CIRCLE ( 'NONE', #1374, 0.8125000000000003331 ) ;
#1317 = LINE ( 'NONE', #1893, #2418 ) ;
#1318 = CARTESIAN_POINT ( 'NONE',  ( 0.000000000000000000, -0.000000000000000000, 1.625000000000000222 ) ) ;
#1319 = ORIENTED_EDGE ( 'NONE', *, *, #1541, .T. ) ;
#1320 = LINE ( 'NONE', #2993, #976 ) ;
#1321 = VECTOR ( 'NONE', #1223, 1000.000000000000000 ) ;
#1322 = DIRECTION ( 'NONE',  ( 0.000000000000000000, -0.000000000000000000, -1.000000000000000000 ) ) ;
#1323 = VERTEX_POINT ( 'NONE', #1236 ) ;
#1324 = VECTOR ( 'NONE', #3602, 1000.000000000000000 ) ;
#1325 = CARTESIAN_POINT ( 'NONE',  ( 6.597931013801438585E-16, 0.1000000000000000056, -1.102999999999999314 ) ) ;
#1326 = VECTOR ( 'NONE', #688, 1000.000000000000000 ) ;
#1327 = DIRECTION ( 'NONE',  ( 0.000000000000000000, 0.000000000000000000, 1.000000000000000000 ) ) ;
#1328 = ORIENTED_EDGE ( 'NONE', *, *, #2934, .T. ) ;
#1329 = LINE ( 'NONE', #1864, #95 ) ;
#1330 = CARTESIAN_POINT ( 'NONE',  ( -1.199999999999999734, 0.1000000000000000056, 1.625000000000000222 ) ) ;
#1331 = ORIENTED_EDGE ( 'NONE', *, *, #2542, .T. ) ;
#1332 = FILL_AREA_STYLE ('',( #746 ) ) ;
#1333 = CARTESIAN_POINT ( 'NONE',  ( 0.4749999999999999223, 0.1000000000000000056, -1.625000000000000000 ) ) ;
#1334 = CIRCLE ( 'NONE', #1029, 0.1250000000000001110 ) ;
#1335 = DIRECTION ( 'NONE',  ( -1.495451272393798803E-16, 0.000000000000000000, -1.000000000000000000 ) ) ;
#1336 = VECTOR ( 'NONE', #1101, 1000.000000000000000 ) ;
#1337 = DIRECTION ( 'NONE',  ( 1.000000000000000000, -0.000000000000000000, 0.000000000000000000 ) ) ;
#1338 = DIRECTION ( 'NONE',  ( 0.000000000000000000, -1.000000000000000000, 0.000000000000000000 ) ) ;
#1339 = ORIENTED_EDGE ( 'NONE', *, *, #324, .T. ) ;
#1340 = EDGE_CURVE ( 'NONE', #2148, #3120, #150, .T. ) ;
#1341 = LINE ( 'NONE', #1076, #3049 ) ;
#1342 = DIRECTION ( 'NONE',  ( -4.154031312204997907E-16, 0.000000000000000000, 1.000000000000000000 ) ) ;
#1343 = EDGE_CURVE ( 'NONE', #2852, #2244, #2964, .T. ) ;
#1344 = ORIENTED_EDGE ( 'NONE', *, *, #2955, .T. ) ;
#1345 = EDGE_CURVE ( 'NONE', #3135, #1588, #962, .T. ) ;
#1346 = CARTESIAN_POINT ( 'NONE',  ( 1.199999999999999289, 0.1000000000000000056, 1.625000000000000222 ) ) ;
#1347 = CARTESIAN_POINT ( 'NONE',  ( 3.602542115196659055E-16, 0.000000000000000000, -0.8029999999999993809 ) ) ;
#1348 = ORIENTED_EDGE ( 'NONE', *, *, #424, .T. ) ;
#1349 = CIRCLE ( 'NONE', #1651, 0.8125000000000003331 ) ;
#1350 = CARTESIAN_POINT ( 'NONE',  ( -0.4750000000000000333, 0.1000000000000000056, -0.8029999999999996030 ) ) ;
#1351 = FACE_OUTER_BOUND ( 'NONE', #3353, .T. ) ;
#1352 = DIRECTION ( 'NONE',  ( 0.000000000000000000, -1.000000000000000000, 0.000000000000000000 ) ) ;
#1353 = AXIS2_PLACEMENT_3D ( 'NONE', #2046, #1486, #313 ) ;
#1354 = FACE_OUTER_BOUND ( 'NONE', #3255, .T. ) ;
#1355 = STYLED_ITEM ( 'NONE', ( #1577 ), #977 ) ;
#1356 = AXIS2_PLACEMENT_3D ( 'NONE', #2019, #320, #2262 ) ;
#1357 = ORIENTED_EDGE ( 'NONE', *, *, #3082, .F. ) ;
#1358 = CYLINDRICAL_SURFACE ( 'NONE', #3011, 0.1000000000000000472 ) ;
#1359 = CARTESIAN_POINT ( 'NONE',  ( 1.225000000000000089, 0.2540000000000000036, 1.449999999999999734 ) ) ;
#1360 = FACE_OUTER_BOUND ( 'NONE', #2679, .T. ) ;
#1361 = VERTEX_POINT ( 'NONE', #3228 ) ;
#1362 = EDGE_CURVE ( 'NONE', #3240, #2856, #663, .T. ) ;
#1363 = PLANE ( 'NONE',  #3181 ) ;
#1364 = FACE_OUTER_BOUND ( 'NONE', #608, .T. ) ;
#1365 = EDGE_LOOP ( 'NONE', ( #3459, #533, #2821, #1177 ) ) ;
#1366 = CARTESIAN_POINT ( 'NONE',  ( -4.814824860968089633E-32, 0.000000000000000000, 0.7100000000000000755 ) ) ;
#1367 = SURFACE_STYLE_USAGE ( .BOTH. , #1065 ) ;
#1368 = FACE_OUTER_BOUND ( 'NONE', #1885, .T. ) ;
#1369 = ADVANCED_FACE ( 'NONE', ( #682, #1549 ), #986, .F. ) ;
#1370 = CARTESIAN_POINT ( 'NONE',  ( 1.199999999999999956, 0.1000000000000000056, -0.2809999999999999165 ) ) ;
#1371 = CARTESIAN_POINT ( 'NONE',  ( -4.814824860968089633E-32, 0.1000000000000000056, 0.7100000000000000755 ) ) ;
#1372 = EDGE_CURVE ( 'NONE', #3146, #3337, #1210, .T. ) ;
#1373 = CARTESIAN_POINT ( 'NONE',  ( 0.000000000000000000, 0.8549999999999999822, 1.449999999999999956 ) ) ;
#1374 = AXIS2_PLACEMENT_3D ( 'NONE', #3386, #3613, #807 ) ;
#1375 = CARTESIAN_POINT ( 'NONE',  ( 1.200000000000000178, 0.1000000000000000056, -1.102999999999999536 ) ) ;
#1376 = DIRECTION ( 'NONE',  ( 1.000000000000000000, 0.000000000000000000, 0.000000000000000000 ) ) ;
#1377 = ORIENTED_EDGE ( 'NONE', *, *, #2274, .F. ) ;
#1378 = FACE_OUTER_BOUND ( 'NONE', #1843, .T. ) ;
#1379 = DIRECTION ( 'NONE',  ( 0.000000000000000000, -1.000000000000000000, 0.000000000000000000 ) ) ;
#1380 = ORIENTED_EDGE ( 'NONE', *, *, #2628, .T. ) ;
#1381 = PLANE ( 'NONE',  #160 ) ;
#1382 = CARTESIAN_POINT ( 'NONE',  ( -1.025000000000000133, 0.2540000000000000036, -1.450000000000000178 ) ) ;
#1383 = EDGE_CURVE ( 'NONE', #330, #2531, #2224, .T. ) ;
#1384 = DIRECTION ( 'NONE',  ( 0.000000000000000000, 0.000000000000000000, 1.000000000000000000 ) ) ;
#1385 = AXIS2_PLACEMENT_3D ( 'NONE', #736, #2688, #1566 ) ;
#1386 = DIRECTION ( 'NONE',  ( -0.000000000000000000, -1.000000000000000000, -0.000000000000000000 ) ) ;
#1387 = EDGE_CURVE ( 'NONE', #3688, #3250, #3644, .T. ) ;
#1388 = FILL_AREA_STYLE_COLOUR ( '', #205 ) ;
#1389 = DIRECTION ( 'NONE',  ( 0.000000000000000000, 0.000000000000000000, 1.000000000000000000 ) ) ;
#1390 = FACE_OUTER_BOUND ( 'NONE', #1973, .T. ) ;
#1391 = CARTESIAN_POINT ( 'NONE',  ( -1.199999999999999956, -0.000000000000000000, -1.102999999999999980 ) ) ;
#1392 = CARTESIAN_POINT ( 'NONE',  ( -0.8249999999999995115, 0.9799999999999999822, -1.149999999999999689 ) ) ;
#1393 = ORIENTED_EDGE ( 'NONE', *, *, #789, .F. ) ;
#1394 = EDGE_CURVE ( 'NONE', #2856, #3003, #3363, .T. ) ;
#1395 = DIRECTION ( 'NONE',  ( -0.000000000000000000, -1.000000000000000000, -0.000000000000000000 ) ) ;
#1396 = VECTOR ( 'NONE', #2443, 1000.000000000000000 ) ;
#1397 = DIRECTION ( 'NONE',  ( -0.000000000000000000, -1.000000000000000000, -0.000000000000000000 ) ) ;
#1398 = ORIENTED_EDGE ( 'NONE', *, *, #270, .T. ) ;
#1399 = CARTESIAN_POINT ( 'NONE',  ( 0.8999999999999993561, 0.000000000000000000, 1.325000000000000178 ) ) ;
#1400 = DIRECTION ( 'NONE',  ( 0.000000000000000000, 0.000000000000000000, -1.000000000000000000 ) ) ;
#1401 = ORIENTED_EDGE ( 'NONE', *, *, #1239, .T. ) ;
#1402 = ORIENTED_EDGE ( 'NONE', *, *, #1197, .T. ) ;
#1403 = VECTOR ( 'NONE', #2357, 1000.000000000000000 ) ;
#1404 = ORIENTED_EDGE ( 'NONE', *, *, #2434, .F. ) ;
#1405 = CARTESIAN_POINT ( 'NONE',  ( -4.814824860968089633E-32, 0.000000000000000000, 0.7100000000000000755 ) ) ;
#1406 = MECHANICAL_DESIGN_GEOMETRIC_PRESENTATION_REPRESENTATION (  '', ( #1471 ), #2118 ) ;
#1407 = AXIS2_PLACEMENT_3D ( 'NONE', #3080, #2499, #2808 ) ;
#1408 = CARTESIAN_POINT ( 'NONE',  ( -0.8249999999999995115, 0.9299999999999999378, -1.249999999999999778 ) ) ;
#1409 = DIRECTION ( 'NONE',  ( 0.000000000000000000, 0.000000000000000000, -1.000000000000000000 ) ) ;
#1410 = LINE ( 'NONE', #2012, #3666 ) ;
#1411 = ORIENTED_EDGE ( 'NONE', *, *, #1820, .T. ) ;
#1412 = DIRECTION ( 'NONE',  ( -0.000000000000000000, -1.000000000000000000, -0.000000000000000000 ) ) ;
#1413 = LINE ( 'NONE', #542, #3208 ) ;
#1414 = ORIENTED_EDGE ( 'NONE', *, *, #729, .F. ) ;
#1415 = LINE ( 'NONE', #4, #392 ) ;
#1416 = PLANE ( 'NONE',  #356 ) ;
#1417 = EDGE_CURVE ( 'NONE', #1134, #2535, #250, .T. ) ;
#1418 = DIRECTION ( 'NONE',  ( 0.000000000000000000, -1.000000000000000000, 0.000000000000000000 ) ) ;
#1419 = EDGE_LOOP ( 'NONE', ( #1460, #186 ) ) ;
#1420 = CIRCLE ( 'NONE', #3505, 0.04999999999999991257 ) ;
#1421 = ORIENTED_EDGE ( 'NONE', *, *, #3599, .T. ) ;
#1422 = CARTESIAN_POINT ( 'NONE',  ( 1.225000000000000089, 0.3790000000000000036, 1.449999999999999734 ) ) ;
#1423 = ORIENTED_EDGE ( 'NONE', *, *, #2918, .T. ) ;
#1424 = CARTESIAN_POINT ( 'NONE',  ( 0.4749999999999999223, 0.1000000000000000056, -1.625000000000000000 ) ) ;
#1425 = EDGE_LOOP ( 'NONE', ( #2818, #2604, #3076, #498 ) ) ;
#1426 = FILL_AREA_STYLE_COLOUR ( '', #3438 ) ;
#1427 = EDGE_CURVE ( 'NONE', #3207, #1825, #799, .T. ) ;
#1428 = CARTESIAN_POINT ( 'NONE',  ( 0.8999999999999993561, 0.000000000000000000, 1.625000000000000222 ) ) ;
#1429 = CYLINDRICAL_SURFACE ( 'NONE', #2185, 0.2000000000000000944 ) ;
#1430 = CIRCLE ( 'NONE', #2523, 0.1000000000000000472 ) ;
#1431 = EDGE_LOOP ( 'NONE', ( #3225, #1919, #2025, #63 ) ) ;
#1432 = DIRECTION ( 'NONE',  ( -0.000000000000000000, -1.000000000000000000, -0.000000000000000000 ) ) ;
#1433 = CIRCLE ( 'NONE', #2810, 0.8125000000000003331 ) ;
#1434 = CARTESIAN_POINT ( 'NONE',  ( 1.025000000000000133, 0.8550000000000015365, 1.574999999999999734 ) ) ;
#1435 = VERTEX_POINT ( 'NONE', #1611 ) ;
#1436 = DIRECTION ( 'NONE',  ( -1.000000000000000000, 0.000000000000000000, 0.000000000000000000 ) ) ;
#1437 = CARTESIAN_POINT ( 'NONE',  ( -0.8999999999999998002, 0.1000000000000000056, 1.325000000000000178 ) ) ;
#1438 = DIRECTION ( 'NONE',  ( 1.000000000000000000, -0.000000000000000000, 0.000000000000000000 ) ) ;
#1439 = CIRCLE ( 'NONE', #513, 0.1875000000000000555 ) ;
#1440 = ORIENTED_EDGE ( 'NONE', *, *, #1037, .F. ) ;
#1441 = ORIENTED_EDGE ( 'NONE', *, *, #2747, .T. ) ;
#1442 = AXIS2_PLACEMENT_3D ( 'NONE', #460, #189, #2212 ) ;
#1443 = AXIS2_PLACEMENT_3D ( 'NONE', #414, #1617, #706 ) ;
#1444 = ORIENTED_EDGE ( 'NONE', *, *, #3553, .F. ) ;
#1445 = CARTESIAN_POINT ( 'NONE',  ( 1.200000000000000178, 0.1000000000000000056, -0.8029999999999999361 ) ) ;
#1446 = LINE ( 'NONE', #2633, #2489 ) ;
#1447 = CARTESIAN_POINT ( 'NONE',  ( 1.025000000000000133, 0.3790000000000000036, -1.625000000000000222 ) ) ;
#1448 = ORIENTED_EDGE ( 'NONE', *, *, #2577, .T. ) ;
#1449 = ORIENTED_EDGE ( 'NONE', *, *, #16, .F. ) ;
#1450 = ADVANCED_FACE ( 'NONE', ( #1378 ), #1003, .T. ) ;
#1451 = DIRECTION ( 'NONE',  ( 2.077015656102498460E-16, 0.000000000000000000, 1.000000000000000000 ) ) ;
#1452 = ADVANCED_FACE ( 'NONE', ( #1590 ), #2729, .T. ) ;
#1453 = EDGE_CURVE ( 'NONE', #2676, #2579, #1059, .T. ) ;
#1454 = ADVANCED_FACE ( 'NONE', ( #3057 ), #1880, .F. ) ;
#1455 = LINE ( 'NONE', #576, #1207 ) ;
#1456 = ORIENTED_EDGE ( 'NONE', *, *, #1690, .T. ) ;
#1457 = VECTOR ( 'NONE', #3488, 1000.000000000000000 ) ;
#1458 = CARTESIAN_POINT ( 'NONE',  ( -0.8249999999999995115, 0.9299999999999999378, -1.349999999999999867 ) ) ;
#1459 = DIRECTION ( 'NONE',  ( 0.000000000000000000, 0.000000000000000000, -1.000000000000000000 ) ) ;
#1460 = ORIENTED_EDGE ( 'NONE', *, *, #3603, .F. ) ;
#1461 = VECTOR ( 'NONE', #3397, 1000.000000000000000 ) ;
#1462 = ORIENTED_EDGE ( 'NONE', *, *, #1770, .T. ) ;
#1463 = EDGE_LOOP ( 'NONE', ( #373, #1929, #954, #3281 ) ) ;
#1464 =( NAMED_UNIT ( * ) PLANE_ANGLE_UNIT ( ) SI_UNIT ( $, .RADIAN. ) );
#1465 = AXIS2_PLACEMENT_3D ( 'NONE', #3559, #2970, #973 ) ;
#1466 = VECTOR ( 'NONE', #1646, 1000.000000000000000 ) ;
#1467 = CYLINDRICAL_SURFACE ( 'NONE', #187, 0.1250000000000001110 ) ;
#1468 = DIRECTION ( 'NONE',  ( 0.000000000000000000, -1.000000000000000000, 0.000000000000000000 ) ) ;
#1469 = ORIENTED_EDGE ( 'NONE', *, *, #2781, .F. ) ;
#1470 = VERTEX_POINT ( 'NONE', #3073 ) ;
#1471 = STYLED_ITEM ( 'NONE', ( #1215 ), #968 ) ;
#1472 = VECTOR ( 'NONE', #879, 1000.000000000000000 ) ;
#1473 = DIRECTION ( 'NONE',  ( -0.000000000000000000, -1.000000000000000000, 0.000000000000000000 ) ) ;
#1474 = ORIENTED_EDGE ( 'NONE', *, *, #2626, .T. ) ;
#1475 = DIRECTION ( 'NONE',  ( -0.000000000000000000, -1.000000000000000000, -0.000000000000000000 ) ) ;
#1476 = PRODUCT_DEFINITION ( 'UNKNOWN', '', #2614, #1844 ) ;
#1477 = ADVANCED_FACE ( 'NONE', ( #521 ), #1363, .T. ) ;
#1478 = CARTESIAN_POINT ( 'NONE',  ( 0.000000000000000000, 0.1000000000000000056, 1.325000000000000178 ) ) ;
#1479 = AXIS2_PLACEMENT_3D ( 'NONE', #1958, #3153, #1706 ) ;
#1480 = ORIENTED_EDGE ( 'NONE', *, *, #245, .T. ) ;
#1481 = CARTESIAN_POINT ( 'NONE',  ( 9.950255243072243113E-17, 0.000000000000000000, 1.522500000000000409 ) ) ;
#1482 = CARTESIAN_POINT ( 'NONE',  ( -0.4749999999999997558, -0.000000000000000000, 9.865824366486861401E-17 ) ) ;
#1483 = VERTEX_POINT ( 'NONE', #1862 ) ;
#1484 = EDGE_CURVE ( 'NONE', #564, #2215, #1308, .T. ) ;
#1485 = DIRECTION ( 'NONE',  ( 0.000000000000000000, 0.000000000000000000, -1.000000000000000000 ) ) ;
#1486 = DIRECTION ( 'NONE',  ( 0.000000000000000000, -1.000000000000000000, 0.000000000000000000 ) ) ;
#1487 = ORIENTED_EDGE ( 'NONE', *, *, #1663, .T. ) ;
#1488 = LINE ( 'NONE', #1244, #1216 ) ;
#1489 = PRESENTATION_LAYER_ASSIGNMENT (  '', '', ( #2029 ) ) ;
#1490 = CARTESIAN_POINT ( 'NONE',  ( 0.000000000000000000, 0.1000000000000000056, 1.325000000000000178 ) ) ;
#1491 = VERTEX_POINT ( 'NONE', #2999 ) ;
#1492 = VERTEX_POINT ( 'NONE', #2186 ) ;
#1493 = VECTOR ( 'NONE', #289, 1000.000000000000000 ) ;
#1494 = LINE ( 'NONE', #2070, #2769 ) ;
#1495 = EDGE_CURVE ( 'NONE', #531, #1492, #214, .T. ) ;
#1496 = ORIENTED_EDGE ( 'NONE', *, *, #2336, .F. ) ;
#1497 = ORIENTED_EDGE ( 'NONE', *, *, #2313, .F. ) ;
#1498 = EDGE_CURVE ( 'NONE', #1435, #10, #758, .T. ) ;
#1499 = DIRECTION ( 'NONE',  ( 0.000000000000000000, 0.000000000000000000, 1.000000000000000000 ) ) ;
#1500 = CIRCLE ( 'NONE', #3408, 0.1875000000000000555 ) ;
#1501 = EDGE_CURVE ( 'NONE', #2063, #3340, #2783, .T. ) ;
#1502 =( NAMED_UNIT ( * ) SI_UNIT ( $, .STERADIAN. ) SOLID_ANGLE_UNIT ( ) );
#1503 = AXIS2_PLACEMENT_3D ( 'NONE', #275, #2578, #1947 ) ;
#1504 = FACE_OUTER_BOUND ( 'NONE', #1217, .T. ) ;
#1505 = DIRECTION ( 'NONE',  ( -2.077015656102498707E-16, 0.000000000000000000, -1.000000000000000000 ) ) ;
#1506 = LINE ( 'NONE', #88, #1321 ) ;
#1507 = ORIENTED_EDGE ( 'NONE', *, *, #165, .T. ) ;
#1508 = ORIENTED_EDGE ( 'NONE', *, *, #2934, .F. ) ;
#1509 = DIRECTION ( 'NONE',  ( -0.000000000000000000, -1.000000000000000000, 0.000000000000000000 ) ) ;
#1510 = DIRECTION ( 'NONE',  ( 1.000000000000000000, 0.000000000000000000, -4.154031312204999386E-16 ) ) ;
#1511 = ORIENTED_EDGE ( 'NONE', *, *, #1175, .F. ) ;
#1512 = AXIS2_PLACEMENT_3D ( 'NONE', #1490, #1204, #366 ) ;
#1513 = ORIENTED_EDGE ( 'NONE', *, *, #3230, .T. ) ;
#1514 = EDGE_CURVE ( 'NONE', #75, #622, #3341, .T. ) ;
#1515 = DIRECTION ( 'NONE',  ( -4.154031312204997907E-16, 0.000000000000000000, 1.000000000000000000 ) ) ;
#1516 = CIRCLE ( 'NONE', #1926, 0.1250000000000001110 ) ;
#1517 = ORIENTED_EDGE ( 'NONE', *, *, #619, .T. ) ;
#1518 = LINE ( 'NONE', #2073, #454 ) ;
#1519 = CIRCLE ( 'NONE', #503, 0.1250000000000001110 ) ;
#1520 = EDGE_CURVE ( 'NONE', #3246, #1954, #1172, .T. ) ;
#1521 = DIRECTION ( 'NONE',  ( 0.000000000000000000, 0.000000000000000000, 1.000000000000000000 ) ) ;
#1522 = VECTOR ( 'NONE', #3327, 1000.000000000000000 ) ;
#1523 = DIRECTION ( 'NONE',  ( 5.981805089575198169E-16, 0.000000000000000000, -1.000000000000000000 ) ) ;
#1524 = VERTEX_POINT ( 'NONE', #2552 ) ;
#1525 = DIRECTION ( 'NONE',  ( 0.000000000000000000, 0.000000000000000000, -1.000000000000000000 ) ) ;
#1526 = AXIS2_PLACEMENT_3D ( 'NONE', #1972, #298, #1665 ) ;
#1527 = CARTESIAN_POINT ( 'NONE',  ( -1.200847371732219932E-16, -0.000000000000000000, -0.8029999999999997140 ) ) ;
#1528 = DIRECTION ( 'NONE',  ( -4.154031312204999386E-16, 0.000000000000000000, -1.000000000000000000 ) ) ;
#1529 = CARTESIAN_POINT ( 'NONE',  ( 0.4750000000000001443, 0.1000000000000000056, -0.2809999999999999165 ) ) ;
#1530 = EDGE_LOOP ( 'NONE', ( #1702, #226, #1860, #1174 ) ) ;
#1531 = UNCERTAINTY_MEASURE_WITH_UNIT (LENGTH_MEASURE( 1.000000000000000082E-05 ), #1851, 'distance_accuracy_value', 'NONE');
#1532 = ORIENTED_EDGE ( 'NONE', *, *, #2404, .F. ) ;
#1533 = DIRECTION ( 'NONE',  ( -0.000000000000000000, -1.000000000000000000, -0.000000000000000000 ) ) ;
#1534 = EDGE_CURVE ( 'NONE', #3260, #284, #860, .T. ) ;
#1535 = ORIENTED_EDGE ( 'NONE', *, *, #1343, .T. ) ;
#1536 = CARTESIAN_POINT ( 'NONE',  ( 1.325000000000000400, 0.000000000000000000, -1.749999999999999778 ) ) ;
#1537 = CARTESIAN_POINT ( 'NONE',  ( -1.025000000000000133, 0.4289999999999997149, 1.624999999999999778 ) ) ;
#1538 = ORIENTED_EDGE ( 'NONE', *, *, #2747, .F. ) ;
#1539 = FACE_OUTER_BOUND ( 'NONE', #1727, .T. ) ;
#1540 = DIRECTION ( 'NONE',  ( 0.000000000000000000, -1.000000000000000000, 0.000000000000000000 ) ) ;
#1541 = EDGE_CURVE ( 'NONE', #925, #3566, #3412, .T. ) ;
#1542 = ORIENTED_EDGE ( 'NONE', *, *, #596, .T. ) ;
#1543 = CARTESIAN_POINT ( 'NONE',  ( -0.4750000000000000333, 0.1000000000000000056, -1.624999999999999778 ) ) ;
#1544 = CARTESIAN_POINT ( 'NONE',  ( 6.597931013801444502E-16, 0.000000000000000000, -1.103000000000000203 ) ) ;
#1545 = FACE_BOUND ( 'NONE', #679, .T. ) ;
#1546 = FACE_OUTER_BOUND ( 'NONE', #1425, .T. ) ;
#1547 = ORIENTED_EDGE ( 'NONE', *, *, #1067, .T. ) ;
#1548 = ORIENTED_EDGE ( 'NONE', *, *, #2910, .F. ) ;
#1549 = FACE_OUTER_BOUND ( 'NONE', #741, .T. ) ;
#1550 = ORIENTED_EDGE ( 'NONE', *, *, #3478, .F. ) ;
#1551 = DIRECTION ( 'NONE',  ( 0.000000000000000000, 0.000000000000000000, -1.000000000000000000 ) ) ;
#1552 = FACE_BOUND ( 'NONE', #2872, .T. ) ;
#1553 = VECTOR ( 'NONE', #637, 1000.000000000000000 ) ;
#1554 = ADVANCED_FACE ( 'NONE', ( #611 ), #540, .F. ) ;
#1555 = CARTESIAN_POINT ( 'NONE',  ( -4.814824860968089633E-32, 0.1000000000000000056, 0.7100000000000000755 ) ) ;
#1556 = CARTESIAN_POINT ( 'NONE',  ( 1.199999999999999289, 0.1000000000000000056, 0.000000000000000000 ) ) ;
#1557 = EDGE_LOOP ( 'NONE', ( #448, #2102, #1287, #1208 ) ) ;
#1558 = EDGE_CURVE ( 'NONE', #2933, #34, #3133, .T. ) ;
#1559 = PRESENTATION_STYLE_ASSIGNMENT (( #141 ) ) ;
#1560 = DIRECTION ( 'NONE',  ( 0.000000000000000000, 0.000000000000000000, 1.000000000000000000 ) ) ;
#1561 = AXIS2_PLACEMENT_3D ( 'NONE', #2401, #3295, #974 ) ;
#1562 = PLANE ( 'NONE',  #3520 ) ;
#1563 = EDGE_LOOP ( 'NONE', ( #2538, #2728, #433, #200 ) ) ;
#1564 = AXIS2_PLACEMENT_3D ( 'NONE', #2097, #3204, #980 ) ;
#1565 = DIRECTION ( 'NONE',  ( 0.000000000000000000, -0.000000000000000000, 1.000000000000000000 ) ) ;
#1567 = EDGE_CURVE ( 'NONE', #2261, #3020, #1956, .T. ) ;
#1566 = DIRECTION ( 'NONE',  ( 0.000000000000000000, 0.000000000000000000, -1.000000000000000000 ) ) ;
#1568 = MECHANICAL_DESIGN_GEOMETRIC_PRESENTATION_REPRESENTATION (  '', ( #2881 ), #2225 ) ;
#1569 = CYLINDRICAL_SURFACE ( 'NONE', #1096, 0.2000000000000000944 ) ;
#1570 = ORIENTED_EDGE ( 'NONE', *, *, #1099, .T. ) ;
#1571 = ORIENTED_EDGE ( 'NONE', *, *, #3261, .F. ) ;
#1572 = DIRECTION ( 'NONE',  ( 1.000000000000000000, 0.000000000000000000, 0.000000000000000000 ) ) ;
#1573 = EDGE_CURVE ( 'NONE', #3206, #3583, #1698, .T. ) ;
#1574 = EDGE_CURVE ( 'NONE', #3466, #2325, #2888, .T. ) ;
#1575 = DIRECTION ( 'NONE',  ( 0.000000000000000000, 0.000000000000000000, -1.000000000000000000 ) ) ;
#1576 = VECTOR ( 'NONE', #1306, 1000.000000000000000 ) ;
#1577 = PRESENTATION_STYLE_ASSIGNMENT (( #2379 ) ) ;
#1578 = CARTESIAN_POINT ( 'NONE',  ( -1.200000000000000178, 0.3790000000000000036, -1.450000000000000178 ) ) ;
#1579 = ORIENTED_EDGE ( 'NONE', *, *, #586, .F. ) ;
#1580 = VECTOR ( 'NONE', #1648, 1000.000000000000000 ) ;
#1581 = DIRECTION ( 'NONE',  ( -1.000000000000000000, 0.000000000000000000, 1.495451272393798803E-16 ) ) ;
#1582 = CARTESIAN_POINT ( 'NONE',  ( -1.150000000000000133, 5.860320499651279214, 1.449999999999999734 ) ) ;
#1583 = CARTESIAN_POINT ( 'NONE',  ( 6.597931013801438585E-16, 0.1000000000000000056, -1.102999999999999314 ) ) ;
#1584 = ORIENTED_EDGE ( 'NONE', *, *, #1269, .T. ) ;
#1585 = FACE_OUTER_BOUND ( 'NONE', #2690, .T. ) ;
#1586 = FACE_BOUND ( 'NONE', #2184, .T. ) ;
#1587 = ORIENTED_EDGE ( 'NONE', *, *, #3521, .T. ) ;
#1588 = VERTEX_POINT ( 'NONE', #2874 ) ;
#1589 = CIRCLE ( 'NONE', #1162, 0.1875000000000000555 ) ;
#1590 = FACE_OUTER_BOUND ( 'NONE', #3697, .T. ) ;
#1591 = DIRECTION ( 'NONE',  ( 1.000000000000000000, 0.000000000000000000, 0.000000000000000000 ) ) ;
#1592 = VERTEX_POINT ( 'NONE', #818 ) ;
#1593 = CARTESIAN_POINT ( 'NONE',  ( -1.025000000000000355, 0.9799999999999999822, 1.449999999999999734 ) ) ;
#1594 = CARTESIAN_POINT ( 'NONE',  ( 0.8999999999999993561, 0.1000000000000000056, 0.000000000000000000 ) ) ;
#1595 = EDGE_CURVE ( 'NONE', #2148, #1323, #1720, .T. ) ;
#1596 = EDGE_LOOP ( 'NONE', ( #826, #2064, #306, #173 ) ) ;
#1597 = SURFACE_SIDE_STYLE ('',( #782 ) ) ;
#1598 = TOROIDAL_SURFACE ( 'NONE', #686, 0.1750000000000000999, 0.05000000000000000278 ) ;
#1599 =( GEOMETRIC_REPRESENTATION_CONTEXT ( 3 ) GLOBAL_UNCERTAINTY_ASSIGNED_CONTEXT ( ( #1821 ) ) GLOBAL_UNIT_ASSIGNED_CONTEXT ( ( #449, #3592, #1944 ) ) REPRESENTATION_CONTEXT ( 'NONE', 'WORKASPACE' ) );
#1600 =( NAMED_UNIT ( * ) PLANE_ANGLE_UNIT ( ) SI_UNIT ( $, .RADIAN. ) );
#1601 = CARTESIAN_POINT ( 'NONE',  ( -1.200847371732219932E-16, 0.1000000000000000056, -0.8029999999999997140 ) ) ;
#1602 = LINE ( 'NONE', #3012, #2361 ) ;
#1603 = CARTESIAN_POINT ( 'NONE',  ( 1.200000000000000178, 0.000000000000000000, -1.624999999999999778 ) ) ;
#1604 = EDGE_LOOP ( 'NONE', ( #1683, #821, #1072, #3663 ) ) ;
#1605 = DIRECTION ( 'NONE',  ( -1.000000000000000000, 0.000000000000000000, -0.000000000000000000 ) ) ;
#1606 = DIRECTION ( 'NONE',  ( 0.000000000000000000, 0.000000000000000000, -1.000000000000000000 ) ) ;
#1607 = AXIS2_PLACEMENT_3D ( 'NONE', #3265, #1806, #702 ) ;
#1608 = LINE ( 'NONE', #2426, #311 ) ;
#1609 = DIRECTION ( 'NONE',  ( 0.000000000000000000, -0.000000000000000000, 1.000000000000000000 ) ) ;
#1610 = ORIENTED_EDGE ( 'NONE', *, *, #487, .T. ) ;
#1611 = CARTESIAN_POINT ( 'NONE',  ( 1.199999999999999289, 0.1000000000000000056, 1.625000000000000222 ) ) ;
#1612 = DIRECTION ( 'NONE',  ( 1.000000000000000000, 0.000000000000000000, 4.486353817181397148E-16 ) ) ;
#1613 = ORIENTED_EDGE ( 'NONE', *, *, #1573, .F. ) ;
#1614 = DIRECTION ( 'NONE',  ( -0.000000000000000000, -1.000000000000000000, -0.000000000000000000 ) ) ;
#1615 = VERTEX_POINT ( 'NONE', #2819 ) ;
#1616 = CARTESIAN_POINT ( 'NONE',  ( 0.000000000000000000, 0.1000000000000000056, 1.325000000000000178 ) ) ;
#1617 = DIRECTION ( 'NONE',  ( 1.000000000000000000, 0.000000000000000000, 0.000000000000000000 ) ) ;
#1618 = VECTOR ( 'NONE', #2194, 1000.000000000000000 ) ;
#1619 = EDGE_CURVE ( 'NONE', #3566, #2227, #2033, .T. ) ;
#1620 = AXIS2_PLACEMENT_3D ( 'NONE', #2209, #1105, #2791 ) ;
#1621 = EDGE_CURVE ( 'NONE', #136, #3276, #220, .T. ) ;
#1622 = EDGE_CURVE ( 'NONE', #890, #925, #3373, .T. ) ;
#1623 = DIRECTION ( 'NONE',  ( 1.000000000000000000, 0.000000000000000000, 4.486353817181397148E-16 ) ) ;
#1624 = EDGE_LOOP ( 'NONE', ( #1752, #2286, #1474, #2832 ) ) ;
#1625 = PLANE ( 'NONE',  #1289 ) ;
#1626 = DIRECTION ( 'NONE',  ( -1.000000000000000000, 0.000000000000000000, -5.981805089575198169E-16 ) ) ;
#1627 = DIRECTION ( 'NONE',  ( 4.154031312204997907E-16, 0.000000000000000000, -1.000000000000000000 ) ) ;
#1628 = AXIS2_PLACEMENT_3D ( 'NONE', #1366, #3328, #465 ) ;
#1629 = CARTESIAN_POINT ( 'NONE',  ( 1.325000000000000400, 0.000000000000000000, 1.750000000000000222 ) ) ;
#1630 = LINE ( 'NONE', #2762, #3468 ) ;
#1631 = ORIENTED_EDGE ( 'NONE', *, *, #2216, .T. ) ;
#1632 = DIRECTION ( 'NONE',  ( 0.000000000000000000, 0.000000000000000000, 1.000000000000000000 ) ) ;
#1633 = COLOUR_RGB ( '',1.000000000000000000, 0.8117647058823529438, 0.5019607843137254832 ) ;
#1634 = LINE ( 'NONE', #876, #1126 ) ;
#1635 = ORIENTED_EDGE ( 'NONE', *, *, #42, .T. ) ;
#1636 = DIRECTION ( 'NONE',  ( 0.000000000000000000, -0.000000000000000000, -1.000000000000000000 ) ) ;
#1637 = PRESENTATION_STYLE_ASSIGNMENT (( #3593 ) ) ;
#1638 = CARTESIAN_POINT ( 'NONE',  ( -4.814824860968089633E-32, 0.000000000000000000, 0.7100000000000000755 ) ) ;
#1639 = LINE ( 'NONE', #3352, #5 ) ;
#1640 = AXIS2_PLACEMENT_3D ( 'NONE', #1936, #3282, #463 ) ;
#1641 = CARTESIAN_POINT ( 'NONE',  ( 9.950255243072243113E-17, 0.1000000000000000056, 1.522500000000000409 ) ) ;
#1642 = EDGE_LOOP ( 'NONE', ( #2968, #595, #3280, #3655 ) ) ;
#1643 = EDGE_CURVE ( 'NONE', #269, #3284, #2857, .T. ) ;
#1644 = CARTESIAN_POINT ( 'NONE',  ( 1.150000000000000133, 0.4290000000000014357, -1.450000000000000178 ) ) ;
#1645 = CIRCLE ( 'NONE', #380, 0.1750000000000000167 ) ;
#1646 = DIRECTION ( 'NONE',  ( -0.000000000000000000, -1.000000000000000000, -0.000000000000000000 ) ) ;
#1647 = ORIENTED_EDGE ( 'NONE', *, *, #2765, .F. ) ;
#1648 = DIRECTION ( 'NONE',  ( -0.000000000000000000, -1.000000000000000000, -0.000000000000000000 ) ) ;
#1649 = DIRECTION ( 'NONE',  ( 1.000000000000000000, 0.000000000000000000, -2.077015656102498707E-16 ) ) ;
#1650 = ORIENTED_EDGE ( 'NONE', *, *, #2710, .T. ) ;
#1651 = AXIS2_PLACEMENT_3D ( 'NONE', #3491, #3268, #930 ) ;
#1652 = DIRECTION ( 'NONE',  ( 1.000000000000000000, 0.000000000000000000, 0.000000000000000000 ) ) ;
#1653 = CARTESIAN_POINT ( 'NONE',  ( -4.814824860968089633E-32, 0.1000000000000000056, 0.7100000000000000755 ) ) ;
#1654 = PRESENTATION_STYLE_ASSIGNMENT (( #764 ) ) ;
#1655 = LINE ( 'NONE', #528, #2031 ) ;
#1656 = EDGE_CURVE ( 'NONE', #1984, #104, #836, .T. ) ;
#1657 = AXIS2_PLACEMENT_3D ( 'NONE', #2028, #3452, #2315 ) ;
#1658 = CARTESIAN_POINT ( 'NONE',  ( 0.000000000000000000, 0.1000000000000000056, 0.000000000000000000 ) ) ;
#1659 = VECTOR ( 'NONE', #3589, 1000.000000000000000 ) ;
#1660 = STYLED_ITEM ( 'NONE', ( #1654 ), #3564 ) ;
#1661 = EDGE_LOOP ( 'NONE', ( #3641, #1797, #2645, #477 ) ) ;
#1662 = LINE ( 'NONE', #3066, #3190 ) ;
#1663 = EDGE_CURVE ( 'NONE', #98, #2535, #333, .T. ) ;
#1664 = DIRECTION ( 'NONE',  ( 2.990902544787598592E-16, 0.000000000000000000, -1.000000000000000000 ) ) ;
#1665 = DIRECTION ( 'NONE',  ( 1.000000000000000000, 0.000000000000000000, 0.000000000000000000 ) ) ;
#1666 = ORIENTED_EDGE ( 'NONE', *, *, #1869, .T. ) ;
#1667 = CARTESIAN_POINT ( 'NONE',  ( -4.814824860968089633E-32, 0.1000000000000000056, 0.7100000000000000755 ) ) ;
#1668 = AXIS2_PLACEMENT_3D ( 'NONE', #1291, #3283, #1043 ) ;
#1669 = ORIENTED_EDGE ( 'NONE', *, *, #2274, .T. ) ;
#1670 = DIRECTION ( 'NONE',  ( -1.000000000000000000, 0.000000000000000000, 0.000000000000000000 ) ) ;
#1671 = CARTESIAN_POINT ( 'NONE',  ( 1.025000000000000133, 0.4290000000000022684, -1.575000000000000178 ) ) ;
#1672 = ORIENTED_EDGE ( 'NONE', *, *, #2626, .F. ) ;
#1673 = SURFACE_STYLE_FILL_AREA ( #467 ) ;
#1674 = SURFACE_STYLE_FILL_AREA ( #1332 ) ;
#1675 = CARTESIAN_POINT ( 'NONE',  ( -4.814824860968089633E-32, 0.000000000000000000, -0.1025000000000001604 ) ) ;
#1676 = FILL_AREA_STYLE ('',( #1388 ) ) ;
#1677 = DIRECTION ( 'NONE',  ( 0.000000000000000000, -0.000000000000000000, -1.000000000000000000 ) ) ;
#1678 = EDGE_CURVE ( 'NONE', #1143, #2227, #3114, .T. ) ;
#1679 = CIRCLE ( 'NONE', #1190, 0.1250000000000001110 ) ;
#1680 = DIRECTION ( 'NONE',  ( 4.154031312204998893E-16, 0.000000000000000000, 1.000000000000000000 ) ) ;
#1681 = LINE ( 'NONE', #2291, #2954 ) ;
#1682 = DIRECTION ( 'NONE',  ( -0.000000000000000000, -1.000000000000000000, -0.000000000000000000 ) ) ;
#1683 = ORIENTED_EDGE ( 'NONE', *, *, #3603, .T. ) ;
#1684 = DIRECTION ( 'NONE',  ( 0.000000000000000000, -1.000000000000000000, 0.000000000000000000 ) ) ;
#1685 = VECTOR ( 'NONE', #2537, 1000.000000000000000 ) ;
#1686 = DIRECTION ( 'NONE',  ( 1.000000000000000000, 0.000000000000000000, 0.000000000000000000 ) ) ;
#1687 = ORIENTED_EDGE ( 'NONE', *, *, #1690, .F. ) ;
#1688 = CARTESIAN_POINT ( 'NONE',  ( 1.025000000000000133, 0.3790000000000000036, -1.625000000000000222 ) ) ;
#1689 = EDGE_CURVE ( 'NONE', #2215, #438, #31, .T. ) ;
#1690 = EDGE_CURVE ( 'NONE', #2017, #384, #2294, .T. ) ;
#1691 = CARTESIAN_POINT ( 'NONE',  ( -1.200000000000000178, 0.3790000000000000036, 1.449999999999999734 ) ) ;
#1692 = AXIS2_PLACEMENT_3D ( 'NONE', #1658, #1418, #825 ) ;
#1693 = ORIENTED_EDGE ( 'NONE', *, *, #1656, .F. ) ;
#1694 = ORIENTED_EDGE ( 'NONE', *, *, #2255, .F. ) ;
#1695 = FILL_AREA_STYLE_COLOUR ( '', #787 ) ;
#1696 = VECTOR ( 'NONE', #1379, 1000.000000000000000 ) ;
#1697 = DIRECTION ( 'NONE',  ( 0.000000000000000000, -1.000000000000000000, 0.000000000000000000 ) ) ;
#1698 = CIRCLE ( 'NONE', #969, 0.1875000000000000555 ) ;
#1699 = PLANE ( 'NONE',  #353 ) ;
#1700 = LINE ( 'NONE', #3090, #3136 ) ;
#1701 = CARTESIAN_POINT ( 'NONE',  ( -0.8249999999999995115, 0.9299999999999999378, -1.249999999999999778 ) ) ;
#1702 = ORIENTED_EDGE ( 'NONE', *, *, #2716, .F. ) ;
#1703 = EDGE_CURVE ( 'NONE', #2992, #1127, #1645, .T. ) ;
#1704 = CARTESIAN_POINT ( 'NONE',  ( -1.199999999999999512, 0.1000000000000000056, 4.984837574645996502E-16 ) ) ;
#1705 = AXIS2_PLACEMENT_3D ( 'NONE', #979, #2959, #2371 ) ;
#1706 = DIRECTION ( 'NONE',  ( 0.000000000000000000, 0.000000000000000000, 1.000000000000000000 ) ) ;
#1707 = ORIENTED_EDGE ( 'NONE', *, *, #1383, .F. ) ;
#1708 = FACE_OUTER_BOUND ( 'NONE', #3702, .T. ) ;
#1709 = FACE_OUTER_BOUND ( 'NONE', #1835, .T. ) ;
#1710 = VECTOR ( 'NONE', #1024, 1000.000000000000000 ) ;
#1711 = CARTESIAN_POINT ( 'NONE',  ( -0.4749999999999999223, 0.1000000000000000056, -1.102999999999999536 ) ) ;
#1712 = EDGE_CURVE ( 'NONE', #1001, #3688, #1992, .T. ) ;
#1713 = VERTEX_POINT ( 'NONE', #2350 ) ;
#1714 = CIRCLE ( 'NONE', #1049, 0.5124999999999999556 ) ;
#1715 = CARTESIAN_POINT ( 'NONE',  ( 1.200000000000000178, 0.000000000000000000, -1.102999999999999536 ) ) ;
#1716 = CLOSED_SHELL ( 'NONE', ( #717, #2812, #3627, #862 ) ) ;
#1717 = STYLED_ITEM ( 'NONE', ( #53 ), #432 ) ;
#1718 = DIRECTION ( 'NONE',  ( -0.000000000000000000, -1.000000000000000000, -0.000000000000000000 ) ) ;
#1719 = VERTEX_POINT ( 'NONE', #2333 ) ;
#1720 = LINE ( 'NONE', #1736, #145 ) ;
#1721 = ORIENTED_EDGE ( 'NONE', *, *, #1574, .F. ) ;
#1722 = CARTESIAN_POINT ( 'NONE',  ( 0.8999999999999993561, 0.1000000000000000056, 1.625000000000000222 ) ) ;
#1723 = DIRECTION ( 'NONE',  ( -1.000000000000000000, 0.000000000000000000, 0.000000000000000000 ) ) ;
#1724 = CARTESIAN_POINT ( 'NONE',  ( 0.000000000000000000, 0.000000000000000000, -0.2809999999999999165 ) ) ;
#1725 = ORIENTED_EDGE ( 'NONE', *, *, #2502, .T. ) ;
#1726 = CARTESIAN_POINT ( 'NONE',  ( -0.4749999999999999223, 0.1000000000000000056, -0.2809999999999994724 ) ) ;
#1727 = EDGE_LOOP ( 'NONE', ( #2348, #2884, #148, #2987 ) ) ;
#1728 = EDGE_CURVE ( 'NONE', #3296, #2902, #1488, .T. ) ;
#1729 = EDGE_CURVE ( 'NONE', #3260, #79, #2684, .T. ) ;
#1730 = EDGE_CURVE ( 'NONE', #38, #592, #3185, .T. ) ;
#1731 = CARTESIAN_POINT ( 'NONE',  ( 1.025000000000000133, 5.860320499651279214, 1.574999999999999734 ) ) ;
#1732 = DIRECTION ( 'NONE',  ( 0.000000000000000000, 1.000000000000000000, -0.000000000000000000 ) ) ;
#1733 = DIRECTION ( 'NONE',  ( 4.154031312204998893E-16, 0.000000000000000000, 1.000000000000000000 ) ) ;
#1734 = EDGE_LOOP ( 'NONE', ( #3036, #2230 ) ) ;
#1735 = EDGE_LOOP ( 'NONE', ( #2071, #2164, #2221, #2349 ) ) ;
#1736 = CARTESIAN_POINT ( 'NONE',  ( -0.4749999999999997558, 0.1000000000000000056, 9.865824366486861401E-17 ) ) ;
#1737 = CARTESIAN_POINT ( 'NONE',  ( 3.602542115196659055E-16, 0.1000000000000000056, -0.8029999999999993809 ) ) ;
#1738 = ORIENTED_EDGE ( 'NONE', *, *, #3166, .F. ) ;
#1739 = CARTESIAN_POINT ( 'NONE',  ( -4.814824860968089633E-32, 0.03500000000000000333, 0.7100000000000000755 ) ) ;
#1740 = FACE_OUTER_BOUND ( 'NONE', #1734, .T. ) ;
#1741 = CARTESIAN_POINT ( 'NONE',  ( 4.860216635279845185E-16, 0.1000000000000000056, -1.624999999999999556 ) ) ;
#1742 = CIRCLE ( 'NONE', #2589, 0.1250000000000001110 ) ;
#1743 = VERTEX_POINT ( 'NONE', #910 ) ;
#1744 = DIRECTION ( 'NONE',  ( 1.000000000000000000, 0.000000000000000000, 2.990902544787598099E-16 ) ) ;
#1745 = VERTEX_POINT ( 'NONE', #125 ) ;
#1746 = AXIS2_PLACEMENT_3D ( 'NONE', #2284, #1438, #3419 ) ;
#1747 = EDGE_CURVE ( 'NONE', #415, #1907, #2096, .T. ) ;
#1748 = PRESENTATION_LAYER_ASSIGNMENT (  '', '', ( #2881 ) ) ;
#1749 = ORIENTED_EDGE ( 'NONE', *, *, #729, .T. ) ;
#1750 = CARTESIAN_POINT ( 'NONE',  ( 0.000000000000000000, -0.000000000000000000, 1.625000000000000222 ) ) ;
#1751 = LINE ( 'NONE', #2648, #1815 ) ;
#1752 = ORIENTED_EDGE ( 'NONE', *, *, #574, .F. ) ;
#1753 = ORIENTED_EDGE ( 'NONE', *, *, #470, .F. ) ;
#1754 = DIRECTION ( 'NONE',  ( 0.000000000000000000, 0.000000000000000000, 1.000000000000000000 ) ) ;
#1755 = ORIENTED_EDGE ( 'NONE', *, *, #2044, .F. ) ;
#1756 = AXIS2_PLACEMENT_3D ( 'NONE', #3189, #1572, #2911 ) ;
#1757 = EDGE_CURVE ( 'NONE', #2908, #2039, #1263, .T. ) ;
#1758 = FACE_OUTER_BOUND ( 'NONE', #2928, .T. ) ;
#1759 = ORIENTED_EDGE ( 'NONE', *, *, #3549, .T. ) ;
#1760 = LINE ( 'NONE', #3660, #2218 ) ;
#1761 = ORIENTED_EDGE ( 'NONE', *, *, #939, .T. ) ;
#1762 = EDGE_CURVE ( 'NONE', #2261, #2525, #2671, .T. ) ;
#1763 = DIRECTION ( 'NONE',  ( -0.000000000000000000, 0.000000000000000000, -1.000000000000000000 ) ) ;
#1764 = DIRECTION ( 'NONE',  ( 0.000000000000000000, 0.000000000000000000, 1.000000000000000000 ) ) ;
#1765 = DIRECTION ( 'NONE',  ( 0.000000000000000000, -1.000000000000000000, 0.000000000000000000 ) ) ;
#1766 = EDGE_LOOP ( 'NONE', ( #2407, #3647, #2623, #3695 ) ) ;
#1767 = EDGE_LOOP ( 'NONE', ( #1650, #3524, #1854, #1978 ) ) ;
#1768 = CIRCLE ( 'NONE', #2369, 0.1249999999999998890 ) ;
#1769 = DIRECTION ( 'NONE',  ( 4.154031312204998893E-16, 0.000000000000000000, 1.000000000000000000 ) ) ;
#1770 = EDGE_CURVE ( 'NONE', #2852, #961, #110, .T. ) ;
#1771 = ORIENTED_EDGE ( 'NONE', *, *, #375, .F. ) ;
#1772 = CARTESIAN_POINT ( 'NONE',  ( -1.199999999999999734, 0.000000000000000000, 1.625000000000000222 ) ) ;
#1773 = EDGE_CURVE ( 'NONE', #877, #3473, #402, .T. ) ;
#1774 = ORIENTED_EDGE ( 'NONE', *, *, #1206, .T. ) ;
#1775 = DIRECTION ( 'NONE',  ( -0.000000000000000000, -1.000000000000000000, -0.000000000000000000 ) ) ;
#1776 = AXIS2_PLACEMENT_3D ( 'NONE', #1918, #1575, #2145 ) ;
#1777 = LINE ( 'NONE', #920, #599 ) ;
#1778 = ADVANCED_FACE ( 'NONE', ( #3223 ), #1870, .F. ) ;
#1779 = LINE ( 'NONE', #1166, #987 ) ;
#1780 = ORIENTED_EDGE ( 'NONE', *, *, #3151, .F. ) ;
#1781 = CARTESIAN_POINT ( 'NONE',  ( 0.4749999999999999223, 0.000000000000000000, -1.625000000000000000 ) ) ;
#1782 = COLOUR_RGB ( '',1.000000000000000000, 0.8117647058823529438, 0.5019607843137254832 ) ;
#1783 = FACE_OUTER_BOUND ( 'NONE', #2035, .T. ) ;
#1784 = PLANE ( 'NONE',  #3600 ) ;
#1785 = VERTEX_POINT ( 'NONE', #1838 ) ;
#1786 = AXIS2_PLACEMENT_3D ( 'NONE', #1123, #1191, #3440 ) ;
#1787 = DIRECTION ( 'NONE',  ( -1.000000000000000000, -0.000000000000000000, -0.000000000000000000 ) ) ;
#1788 = FACE_OUTER_BOUND ( 'NONE', #3014, .T. ) ;
#1789 = FILL_AREA_STYLE ('',( #649 ) ) ;
#1790 = DIRECTION ( 'NONE',  ( 0.000000000000000000, 0.000000000000000000, -1.000000000000000000 ) ) ;
#1791 = AXIS2_PLACEMENT_3D ( 'NONE', #3336, #769, #2197 ) ;
#1792 = CIRCLE ( 'NONE', #2532, 0.5124999999999999556 ) ;
#1793 =( GEOMETRIC_REPRESENTATION_CONTEXT ( 3 ) GLOBAL_UNCERTAINTY_ASSIGNED_CONTEXT ( ( #1531 ) ) GLOBAL_UNIT_ASSIGNED_CONTEXT ( ( #1851, #435, #750 ) ) REPRESENTATION_CONTEXT ( 'NONE', 'WORKASPACE' ) );
#1794 = DIRECTION ( 'NONE',  ( 0.000000000000000000, 0.000000000000000000, 1.000000000000000000 ) ) ;
#1795 = CARTESIAN_POINT ( 'NONE',  ( 0.000000000000000000, 0.1000000000000000056, 0.000000000000000000 ) ) ;
#1796 = ORIENTED_EDGE ( 'NONE', *, *, #689, .F. ) ;
#1797 = ORIENTED_EDGE ( 'NONE', *, *, #1514, .T. ) ;
#1798 = DIRECTION ( 'NONE',  ( 0.000000000000000000, -0.000000000000000000, -1.000000000000000000 ) ) ;
#1799 = EDGE_CURVE ( 'NONE', #1086, #3170, #1203, .T. ) ;
#1800 = CARTESIAN_POINT ( 'NONE',  ( 0.8999999999999993561, 0.1000000000000000056, 1.325000000000000178 ) ) ;
#1801 = DIRECTION ( 'NONE',  ( 0.000000000000000000, -0.000000000000000000, 1.000000000000000000 ) ) ;
#1802 = LINE ( 'NONE', #2898, #2166 ) ;
#1803 = EDGE_LOOP ( 'NONE', ( #2383, #1995, #2098, #2922 ) ) ;
#1804 = CARTESIAN_POINT ( 'NONE',  ( 0.4750000000000005884, 0.1000000000000000056, -1.973164873297376964E-16 ) ) ;
#1805 = VECTOR ( 'NONE', #928, 1000.000000000000000 ) ;
#1806 = DIRECTION ( 'NONE',  ( 0.000000000000000000, 1.000000000000000000, -0.000000000000000000 ) ) ;
#1807 = DIRECTION ( 'NONE',  ( -4.154031312204999386E-16, 0.000000000000000000, -1.000000000000000000 ) ) ;
#1808 = EDGE_CURVE ( 'NONE', #1814, #3471, #924, .T. ) ;
#1809 = DIRECTION ( 'NONE',  ( 0.000000000000000000, -1.000000000000000000, 0.000000000000000000 ) ) ;
#1810 = AXIS2_PLACEMENT_3D ( 'NONE', #3431, #555, #1754 ) ;
#1811 = SURFACE_STYLE_USAGE ( .BOTH. , #55 ) ;
#1812 = CIRCLE ( 'NONE', #1465, 0.1250000000000001110 ) ;
#1813 = DIRECTION ( 'NONE',  ( 0.000000000000000000, -1.000000000000000000, 0.000000000000000000 ) ) ;
#1814 = VERTEX_POINT ( 'NONE', #1781 ) ;
#1815 = VECTOR ( 'NONE', #638, 1000.000000000000000 ) ;
#1816 = DIRECTION ( 'NONE',  ( 0.000000000000000000, 0.000000000000000000, -1.000000000000000000 ) ) ;
#1817 = LINE ( 'NONE', #1724, #1981 ) ;
#1818 = AXIS2_PLACEMENT_3D ( 'NONE', #3385, #23, #578 ) ;
#1819 = VERTEX_POINT ( 'NONE', #956 ) ;
#1820 = EDGE_CURVE ( 'NONE', #3611, #38, #1932, .T. ) ;
#1821 = UNCERTAINTY_MEASURE_WITH_UNIT (LENGTH_MEASURE( 1.000000000000000082E-05 ), #449, 'distance_accuracy_value', 'NONE');
#1822 = EDGE_LOOP ( 'NONE', ( #1377, #3105, #2040, #3361 ) ) ;
#1823 = CLOSED_SHELL ( 'NONE', ( #831, #992, #2486, #119, #627, #3650 ) ) ;
#1824 = SPHERICAL_SURFACE ( 'NONE', #1756, 0.1250000000000000000 ) ;
#1825 = VERTEX_POINT ( 'NONE', #92 ) ;
#1826 = ADVANCED_FACE ( 'NONE', ( #1228 ), #3536, .T. ) ;
#1827 = FACE_OUTER_BOUND ( 'NONE', #3502, .T. ) ;
#1828 = ORIENTED_EDGE ( 'NONE', *, *, #178, .F. ) ;
#1829 = LINE ( 'NONE', #453, #1144 ) ;
#1830 = LINE ( 'NONE', #1989, #1159 ) ;
#1831 = EDGE_CURVE ( 'NONE', #52, #554, #657, .T. ) ;
#1832 = LINE ( 'NONE', #2737, #1618 ) ;
#1833 = CARTESIAN_POINT ( 'NONE',  ( -0.4749999999999997558, -0.000000000000000000, 9.865824366486861401E-17 ) ) ;
#1834 = FACE_OUTER_BOUND ( 'NONE', #1892, .T. ) ;
#1835 = EDGE_LOOP ( 'NONE', ( #3477, #1891, #577, #3411 ) ) ;
#1836 = EDGE_CURVE ( 'NONE', #3149, #2908, #2116, .T. ) ;
#1837 = EDGE_CURVE ( 'NONE', #3629, #1361, #382, .T. ) ;
#1838 = CARTESIAN_POINT ( 'NONE',  ( 0.4749999999999999223, 0.000000000000000000, -0.8029999999999998250 ) ) ;
#1839 = CARTESIAN_POINT ( 'NONE',  ( -0.8249999999999995115, 0.9299999999999999378, -1.249999999999999778 ) ) ;
#1840 = CARTESIAN_POINT ( 'NONE',  ( 1.199999999999999289, 0.000000000000000000, 1.325000000000000178 ) ) ;
#1841 = PLANE ( 'NONE',  #2047 ) ;
#1842 = ORIENTED_EDGE ( 'NONE', *, *, #1394, .F. ) ;
#1843 = EDGE_LOOP ( 'NONE', ( #984, #1301, #1189, #2204 ) ) ;
#1844 = PRODUCT_DEFINITION_CONTEXT ( 'detailed design', #67, 'design' ) ;
#1845 = CARTESIAN_POINT ( 'NONE',  ( 1.025000000000000133, 0.8549999999999998712, 1.449999999999999734 ) ) ;
#1846 = EDGE_LOOP ( 'NONE', ( #1188, #2342, #617 ) ) ;
#1847 = AXIS2_PLACEMENT_3D ( 'NONE', #45, #842, #1459 ) ;
#1848 =( NAMED_UNIT ( * ) SI_UNIT ( $, .STERADIAN. ) SOLID_ANGLE_UNIT ( ) );
#1849 = FACE_OUTER_BOUND ( 'NONE', #2763, .T. ) ;
#1850 = VERTEX_POINT ( 'NONE', #694 ) ;
#1851 =( LENGTH_UNIT ( ) NAMED_UNIT ( * ) SI_UNIT ( .MILLI., .METRE. ) );
#1852 = FACE_OUTER_BOUND ( 'NONE', #557, .T. ) ;
#1853 = CARTESIAN_POINT ( 'NONE',  ( -4.814824860968089633E-32, 0.1000000000000000056, 0.5225000000000000755 ) ) ;
#1854 = ORIENTED_EDGE ( 'NONE', *, *, #2163, .F. ) ;
#1855 = AXIS2_PLACEMENT_3D ( 'NONE', #1933, #3110, #231 ) ;
#1856 = PRODUCT_RELATED_PRODUCT_CATEGORY ( 'part', '', ( #882 ) ) ;
#1857 = EDGE_CURVE ( 'NONE', #2375, #1267, #2974, .T. ) ;
#1858 = FACE_OUTER_BOUND ( 'NONE', #2683, .T. ) ;
#1859 = LINE ( 'NONE', #440, #605 ) ;
#1860 = ORIENTED_EDGE ( 'NONE', *, *, #588, .T. ) ;
#1861 = ORIENTED_EDGE ( 'NONE', *, *, #3478, .T. ) ;
#1862 = CARTESIAN_POINT ( 'NONE',  ( -4.814824860968089633E-32, 0.1000000000000000056, 0.1975000000000002032 ) ) ;
#1863 = LINE ( 'NONE', #2167, #1957 ) ;
#1864 = CARTESIAN_POINT ( 'NONE',  ( -1.199999999999999734, -0.000000000000000000, 4.984837574645997488E-16 ) ) ;
#1865 = CARTESIAN_POINT ( 'NONE',  ( -0.8249999999999995115, 0.9299999999999999378, -1.149999999999999689 ) ) ;
#1866 = EDGE_LOOP ( 'NONE', ( #2581, #1274, #1905, #3443 ) ) ;
#1867 = DIRECTION ( 'NONE',  ( 1.000000000000000000, 0.000000000000000000, 5.981805089575197183E-16 ) ) ;
#1868 = LINE ( 'NONE', #1276, #2043 ) ;
#1869 = EDGE_CURVE ( 'NONE', #28, #3250, #1320, .T. ) ;
#1870 = TOROIDAL_SURFACE ( 'NONE', #1993, 0.1750000000000000999, 0.05000000000000000278 ) ;
#1871 = PLANE ( 'NONE',  #624 ) ;
#1872 = PLANE ( 'NONE',  #1259 ) ;
#1873 = ORIENTED_EDGE ( 'NONE', *, *, #3605, .T. ) ;
#1874 = FACE_OUTER_BOUND ( 'NONE', #2446, .T. ) ;
#1875 = AXIS2_PLACEMENT_3D ( 'NONE', #829, #3696, #1677 ) ;
#1876 = DIRECTION ( 'NONE',  ( 0.000000000000000000, -1.000000000000000000, 0.000000000000000000 ) ) ;
#1877 = ORIENTED_EDGE ( 'NONE', *, *, #1145, .T. ) ;
#1878 = CIRCLE ( 'NONE', #2720, 0.5124999999999999556 ) ;
#1879 = ADVANCED_FACE ( 'NONE', ( #1930 ), #2484, .F. ) ;
#1880 = PLANE ( 'NONE',  #2478 ) ;
#1881 = EDGE_CURVE ( 'NONE', #3284, #28, #794, .T. ) ;
#1882 = FACE_OUTER_BOUND ( 'NONE', #2966, .T. ) ;
#1883 = ORIENTED_EDGE ( 'NONE', *, *, #2206, .T. ) ;
#1884 = DIRECTION ( 'NONE',  ( 0.000000000000000000, -1.000000000000000000, 0.000000000000000000 ) ) ;
#1885 = EDGE_LOOP ( 'NONE', ( #3575, #1935, #1142, #1517 ) ) ;
#1886 =( NAMED_UNIT ( * ) PLANE_ANGLE_UNIT ( ) SI_UNIT ( $, .RADIAN. ) );
#1887 = VECTOR ( 'NONE', #117, 1000.000000000000000 ) ;
#1888 = MECHANICAL_DESIGN_GEOMETRIC_PRESENTATION_REPRESENTATION (  '', ( #229 ), #1599 ) ;
#1889 = ADVANCED_FACE ( 'NONE', ( #3357 ), #2217, .T. ) ;
#1890 = DIRECTION ( 'NONE',  ( -1.000000000000000000, 0.000000000000000000, -7.477256361968996233E-16 ) ) ;
#1891 = ORIENTED_EDGE ( 'NONE', *, *, #1831, .F. ) ;
#1892 = EDGE_LOOP ( 'NONE', ( #1672, #567, #940, #2402 ) ) ;
#1893 = CARTESIAN_POINT ( 'NONE',  ( 0.8999999999999993561, 0.1000000000000000056, 1.625000000000000222 ) ) ;
#1894 = DIRECTION ( 'NONE',  ( 1.000000000000000000, 0.000000000000000000, 5.981805089575197183E-16 ) ) ;
#1895 = DIRECTION ( 'NONE',  ( 0.000000000000000000, -1.000000000000000000, 0.000000000000000000 ) ) ;
#1896 = EDGE_CURVE ( 'NONE', #3260, #602, #1519, .T. ) ;
#1897 = CARTESIAN_POINT ( 'NONE',  ( 4.860216635279846171E-16, 0.1000000000000000056, -1.625000000000000222 ) ) ;
#1898 = EDGE_LOOP ( 'NONE', ( #3457, #2377, #639, #3463 ) ) ;
#1899 = DIRECTION ( 'NONE',  ( 1.000000000000000000, 0.000000000000000000, 5.981805089575197183E-16 ) ) ;
#1900 = DIRECTION ( 'NONE',  ( -0.000000000000000000, -1.000000000000000000, -0.000000000000000000 ) ) ;
#1901 = PLANE ( 'NONE',  #629 ) ;
#1902 = DIRECTION ( 'NONE',  ( -1.000000000000000000, -0.000000000000000000, -0.000000000000000000 ) ) ;
#1903 = AXIS2_PLACEMENT_3D ( 'NONE', #2256, #552, #535 ) ;
#1904 = ADVANCED_FACE ( 'NONE', ( #1585 ), #2724, .T. ) ;
#1905 = ORIENTED_EDGE ( 'NONE', *, *, #1066, .F. ) ;
#1906 = VECTOR ( 'NONE', #1902, 1000.000000000000000 ) ;
#1907 = VERTEX_POINT ( 'NONE', #1055 ) ;
#1908 = CARTESIAN_POINT ( 'NONE',  ( -1.199999999999999734, -0.000000000000000000, 1.325000000000000178 ) ) ;
#1909 = DIRECTION ( 'NONE',  ( 1.000000000000000000, 0.000000000000000000, -0.000000000000000000 ) ) ;
#1910 = EDGE_CURVE ( 'NONE', #1281, #2676, #3298, .T. ) ;
#1911 = CARTESIAN_POINT ( 'NONE',  ( 1.025000000000000355, 0.8549999999999999822, 1.449999999999999734 ) ) ;
#1912 = CIRCLE ( 'NONE', #2696, 0.1875000000000000555 ) ;
#1913 = CARTESIAN_POINT ( 'NONE',  ( -1.324999999999999512, 0.2540000000000000036, 1.750000000000000222 ) ) ;
#1914 = VERTEX_POINT ( 'NONE', #1644 ) ;
#1915 = VECTOR ( 'NONE', #2405, 1000.000000000000000 ) ;
#1916 = EDGE_CURVE ( 'NONE', #79, #1914, #2466, .T. ) ;
#1917 = DIRECTION ( 'NONE',  ( -0.000000000000000000, -1.000000000000000000, -0.000000000000000000 ) ) ;
#1918 = CARTESIAN_POINT ( 'NONE',  ( -1.200000000000000178, 0.4289999999999997149, -1.450000000000000178 ) ) ;
#1919 = ORIENTED_EDGE ( 'NONE', *, *, #1747, .T. ) ;
#1920 = CARTESIAN_POINT ( 'NONE',  ( -1.199999999999999956, 0.1000000000000000056, -0.2810000000000000275 ) ) ;
#1921 = DIRECTION ( 'NONE',  ( 0.000000000000000000, 0.000000000000000000, -1.000000000000000000 ) ) ;
#1922 = DIRECTION ( 'NONE',  ( 0.000000000000000000, 0.000000000000000000, -1.000000000000000000 ) ) ;
#1923 = CYLINDRICAL_SURFACE ( 'NONE', #2986, 0.5124999999999999556 ) ;
#1924 = ORIENTED_EDGE ( 'NONE', *, *, #1678, .F. ) ;
#1925 = ADVANCED_FACE ( 'NONE', ( #491 ), #3580, .F. ) ;
#1926 = AXIS2_PLACEMENT_3D ( 'NONE', #2691, #2355, #409 ) ;
#1927 = LINE ( 'NONE', #1129, #1221 ) ;
#1928 = DIRECTION ( 'NONE',  ( 0.000000000000000000, -1.000000000000000000, 0.000000000000000000 ) ) ;
#1929 = ORIENTED_EDGE ( 'NONE', *, *, #3266, .F. ) ;
#1930 = FACE_OUTER_BOUND ( 'NONE', #1463, .T. ) ;
#1931 = PLANE ( 'NONE',  #134 ) ;
#1932 = CIRCLE ( 'NONE', #2771, 0.1750000000000000167 ) ;
#1933 = CARTESIAN_POINT ( 'NONE',  ( 0.000000000000000000, 0.9799999999999999822, 0.000000000000000000 ) ) ;
#1934 = CARTESIAN_POINT ( 'NONE',  ( -1.199999999999999734, 0.1000000000000000056, 1.625000000000000222 ) ) ;
#1935 = ORIENTED_EDGE ( 'NONE', *, *, #1558, .F. ) ;
#1936 = CARTESIAN_POINT ( 'NONE',  ( 0.000000000000000000, 0.000000000000000000, 0.000000000000000000 ) ) ;
#1937 = ADVANCED_FACE ( 'NONE', ( #1874 ), #3015, .T. ) ;
#1938 = PLANE ( 'NONE',  #1668 ) ;
#1939 = EDGE_LOOP ( 'NONE', ( #2892, #2625, #1423, #2059 ) ) ;
#1940 = VECTOR ( 'NONE', #2412, 1000.000000000000000 ) ;
#1941 = CARTESIAN_POINT ( 'NONE',  ( 4.860216635279845185E-16, 0.1000000000000000056, -1.624999999999999556 ) ) ;
#1942 = LINE ( 'NONE', #481, #1685 ) ;
#1943 = ORIENTED_EDGE ( 'NONE', *, *, #450, .T. ) ;
#1944 =( NAMED_UNIT ( * ) SI_UNIT ( $, .STERADIAN. ) SOLID_ANGLE_UNIT ( ) );
#1945 = SURFACE_SIDE_STYLE ('',( #1674 ) ) ;
#1946 = EDGE_CURVE ( 'NONE', #75, #1491, #3425, .T. ) ;
#1947 = DIRECTION ( 'NONE',  ( -0.000000000000000000, 0.000000000000000000, -1.000000000000000000 ) ) ;
#1948 = AXIS2_PLACEMENT_3D ( 'NONE', #2474, #3078, #3610 ) ;
#1949 = CARTESIAN_POINT ( 'NONE',  ( -1.025000000000000133, 0.2540000000000000036, 1.649999999999999689 ) ) ;
#1950 = DIRECTION ( 'NONE',  ( -1.000000000000000000, 0.000000000000000000, 0.000000000000000000 ) ) ;
#1951 = DIRECTION ( 'NONE',  ( 1.000000000000000000, 0.000000000000000000, 4.154031312204997907E-16 ) ) ;
#1952 = DIRECTION ( 'NONE',  ( 1.000000000000000000, -0.000000000000000000, -0.000000000000000000 ) ) ;
#1953 = EDGE_CURVE ( 'NONE', #1785, #1470, #1830, .T. ) ;
#1954 = VERTEX_POINT ( 'NONE', #1971 ) ;
#1955 = ADVANCED_FACE ( 'NONE', ( #2816, #3451 ), #3681, .T. ) ;
#1956 = LINE ( 'NONE', #2894, #1336 ) ;
#1957 = VECTOR ( 'NONE', #3002, 1000.000000000000000 ) ;
#1958 = CARTESIAN_POINT ( 'NONE',  ( 1.025000000000000133, 0.8549999999999998712, -1.450000000000000178 ) ) ;
#1959 = EDGE_LOOP ( 'NONE', ( #1669, #431, #236, #1550 ) ) ;
#1960 = DIRECTION ( 'NONE',  ( 0.000000000000000000, 0.000000000000000000, -1.000000000000000000 ) ) ;
#1961 = DIRECTION ( 'NONE',  ( 0.000000000000000000, 0.000000000000000000, -1.000000000000000000 ) ) ;
#1962 = FACE_OUTER_BOUND ( 'NONE', #3639, .T. ) ;
#1963 = ORIENTED_EDGE ( 'NONE', *, *, #434, .F. ) ;
#1964 = ORIENTED_EDGE ( 'NONE', *, *, #905, .F. ) ;
#1965 = AXIS2_PLACEMENT_3D ( 'NONE', #2314, #1130, #832 ) ;
#1966 = VERTEX_POINT ( 'NONE', #3699 ) ;
#1967 = CARTESIAN_POINT ( 'NONE',  ( -4.814824860968089633E-32, 0.000000000000000000, 0.7100000000000000755 ) ) ;
#1968 = ADVANCED_FACE ( 'NONE', ( #1148 ), #606, .F. ) ;
#1969 = EDGE_LOOP ( 'NONE', ( #645, #1421, #175, #82 ) ) ;
#1970 = AXIS2_PLACEMENT_3D ( 'NONE', #3369, #483, #468 ) ;
#1971 = CARTESIAN_POINT ( 'NONE',  ( 1.325000000000000400, 0.000000000000000000, 1.750000000000000222 ) ) ;
#1972 = CARTESIAN_POINT ( 'NONE',  ( -1.025000000000000133, 0.8549999999999999822, -1.450000000000000178 ) ) ;
#1973 = EDGE_LOOP ( 'NONE', ( #3219, #264, #3226 ) ) ;
#1974 = CARTESIAN_POINT ( 'NONE',  ( 1.199999999999999956, 0.1000000000000000056, -0.2809999999999999165 ) ) ;
#1975 = AXIS2_PLACEMENT_3D ( 'NONE', #2463, #1260, #1626 ) ;
#1976 = EDGE_CURVE ( 'NONE', #76, #2564, #283, .T. ) ;
#1977 = FACE_OUTER_BOUND ( 'NONE', #2873, .T. ) ;
#1978 = ORIENTED_EDGE ( 'NONE', *, *, #1256, .T. ) ;
#1979 = CARTESIAN_POINT ( 'NONE',  ( 1.200000000000000178, 0.1000000000000000056, -1.102999999999999536 ) ) ;
#1980 = CARTESIAN_POINT ( 'NONE',  ( -1.025000000000000133, 0.8550000000000007594, 1.449999999999999734 ) ) ;
#1981 = VECTOR ( 'NONE', #2926, 1000.000000000000000 ) ;
#1982 = DIRECTION ( 'NONE',  ( 0.000000000000000000, 0.000000000000000000, -1.000000000000000000 ) ) ;
#1983 = ORIENTED_EDGE ( 'NONE', *, *, #107, .T. ) ;
#1984 = VERTEX_POINT ( 'NONE', #887 ) ;
#1985 = CARTESIAN_POINT ( 'NONE',  ( -0.8249999999999995115, 0.9799999999999999822, -1.149999999999999689 ) ) ;
#1986 = EDGE_LOOP ( 'NONE', ( #728, #349, #2638, #3059 ) ) ;
#1987 = FILL_AREA_STYLE ('',( #1426 ) ) ;
#1988 = AXIS2_PLACEMENT_3D ( 'NONE', #2533, #3584, #1632 ) ;
#1989 = CARTESIAN_POINT ( 'NONE',  ( 0.4750000000000002554, 0.000000000000000000, -1.973164873297375731E-16 ) ) ;
#1990 = PLANE ( 'NONE',  #2782 ) ;
#1991 = ORIENTED_EDGE ( 'NONE', *, *, #2343, .T. ) ;
#1992 = LINE ( 'NONE', #2384, #3483 ) ;
#1993 = AXIS2_PLACEMENT_3D ( 'NONE', #2403, #77, #641 ) ;
#1994 = CARTESIAN_POINT ( 'NONE',  ( -1.199999999999999956, 0.1000000000000000056, -0.2810000000000000275 ) ) ;
#1995 = ORIENTED_EDGE ( 'NONE', *, *, #16, .T. ) ;
#1996 = FACE_OUTER_BOUND ( 'NONE', #1230, .T. ) ;
#1997 = LINE ( 'NONE', #841, #815 ) ;
#1998 = EDGE_CURVE ( 'NONE', #3346, #2356, #2631, .T. ) ;
#1999 = FACE_OUTER_BOUND ( 'NONE', #1138, .T. ) ;
#2000 = AXIS2_PLACEMENT_3D ( 'NONE', #137, #989, #1551 ) ;
#2001 = CARTESIAN_POINT ( 'NONE',  ( 1.200000000000000178, 0.000000000000000000, -1.102999999999999536 ) ) ;
#2002 = VERTEX_POINT ( 'NONE', #3393 ) ;
#2003 = EDGE_CURVE ( 'NONE', #284, #2088, #3377, .T. ) ;
#2004 = ORIENTED_EDGE ( 'NONE', *, *, #3151, .T. ) ;
#2005 = EDGE_CURVE ( 'NONE', #602, #284, #2385, .T. ) ;
#2006 = VECTOR ( 'NONE', #3378, 1000.000000000000000 ) ;
#2007 = COLOUR_RGB ( '',0.000000000000000000, 0.5019607843137254832, 0.000000000000000000 ) ;
#2008 = ORIENTED_EDGE ( 'NONE', *, *, #3162, .F. ) ;
#2009 = SURFACE_STYLE_FILL_AREA ( #1987 ) ;
#2010 = CLOSED_SHELL ( 'NONE', ( #296, #895, #515, #2322, #2893, #3362 ) ) ;
#2011 = DIRECTION ( 'NONE',  ( 0.000000000000000000, 0.000000000000000000, -1.000000000000000000 ) ) ;
#2012 = CARTESIAN_POINT ( 'NONE',  ( -1.200000000000000178, 0.1000000000000000056, -1.625000000000000000 ) ) ;
#2013 = ORIENTED_EDGE ( 'NONE', *, *, #54, .F. ) ;
#2014 = PRODUCT_DEFINITION_SHAPE ( 'NONE', 'NONE',  #1476 ) ;
#2015 = CARTESIAN_POINT ( 'NONE',  ( 1.325000000000000400, 0.2540000000000000036, 1.750000000000000222 ) ) ;
#2016 = DIRECTION ( 'NONE',  ( 0.000000000000000000, 0.000000000000000000, -1.000000000000000000 ) ) ;
#2017 = VERTEX_POINT ( 'NONE', #1097 ) ;
#2018 = FACE_OUTER_BOUND ( 'NONE', #1261, .T. ) ;
#2019 = CARTESIAN_POINT ( 'NONE',  ( 0.000000000000000000, 0.1000000000000000056, 0.000000000000000000 ) ) ;
#2020 = DIRECTION ( 'NONE',  ( -1.000000000000000000, 0.000000000000000000, -2.990902544787598592E-16 ) ) ;
#2021 = CARTESIAN_POINT ( 'NONE',  ( -1.200847371732219932E-16, 0.1000000000000000056, -0.8029999999999997140 ) ) ;
#2022 = ORIENTED_EDGE ( 'NONE', *, *, #566, .T. ) ;
#2023 = LINE ( 'NONE', #3160, #603 ) ;
#2024 = ORIENTED_EDGE ( 'NONE', *, *, #3407, .T. ) ;
#2025 = ORIENTED_EDGE ( 'NONE', *, *, #2725, .T. ) ;
#2026 = APPLICATION_PROTOCOL_DEFINITION ( 'draft international standard', 'automotive_design', 1998, #67 ) ;
#2027 = ADVANCED_FACE ( 'NONE', ( #3109 ), #1699, .F. ) ;
#2028 = CARTESIAN_POINT ( 'NONE',  ( 1.200000000000000178, 0.4289999999999999925, -1.450000000000000178 ) ) ;
#2029 = STYLED_ITEM ( 'NONE', ( #1183 ), #2231 ) ;
#2030 = ORIENTED_EDGE ( 'NONE', *, *, #1643, .T. ) ;
#2031 = VECTOR ( 'NONE', #3311, 1000.000000000000000 ) ;
#2032 = ORIENTED_EDGE ( 'NONE', *, *, #3407, .F. ) ;
#2033 = LINE ( 'NONE', #2588, #2236 ) ;
#2034 = LINE ( 'NONE', #1173, #1696 ) ;
#2035 = EDGE_LOOP ( 'NONE', ( #1873, #308, #3433, #118 ) ) ;
#2036 = EDGE_CURVE ( 'NONE', #368, #1592, #1115, .T. ) ;
#2037 = CARTESIAN_POINT ( 'NONE',  ( 0.8999999999999993561, 0.1000000000000000056, 0.000000000000000000 ) ) ;
#2038 = VECTOR ( 'NONE', #1614, 1000.000000000000000 ) ;
#2039 = VERTEX_POINT ( 'NONE', #1428 ) ;
#2040 = ORIENTED_EDGE ( 'NONE', *, *, #701, .T. ) ;
#2041 = AXIS2_PLACEMENT_3D ( 'NONE', #714, #2424, #3563 ) ;
#2042 = FACE_OUTER_BOUND ( 'NONE', #3187, .T. ) ;
#2043 = VECTOR ( 'NONE', #3574, 1000.000000000000000 ) ;
#2044 = EDGE_CURVE ( 'NONE', #3504, #389, #2835, .T. ) ;
#2045 = CARTESIAN_POINT ( 'NONE',  ( -1.025000000000000133, 5.860320499651279214, 1.449999999999999734 ) ) ;
#2046 = CARTESIAN_POINT ( 'NONE',  ( 0.000000000000000000, 0.1000000000000000056, 0.000000000000000000 ) ) ;
#2047 = AXIS2_PLACEMENT_3D ( 'NONE', #2707, #2778, #1609 ) ;
#2048 = ORIENTED_EDGE ( 'NONE', *, *, #2233, .F. ) ;
#2049 = ORIENTED_EDGE ( 'NONE', *, *, #2083, .F. ) ;
#2050 = ADVANCED_FACE ( 'NONE', ( #1390 ), #853, .T. ) ;
#2051 = CARTESIAN_POINT ( 'NONE',  ( 0.4750000000000002554, 0.1000000000000000056, -1.973164873297375731E-16 ) ) ;
#2052 = EDGE_LOOP ( 'NONE', ( #1861, #2958, #718, #1103 ) ) ;
#2053 = ORIENTED_EDGE ( 'NONE', *, *, #2234, .F. ) ;
#2054 = DIRECTION ( 'NONE',  ( 0.000000000000000000, -0.000000000000000000, 1.000000000000000000 ) ) ;
#2055 = ORIENTED_EDGE ( 'NONE', *, *, #891, .F. ) ;
#2056 = CARTESIAN_POINT ( 'NONE',  ( 0.8999999999999993561, 0.000000000000000000, 1.625000000000000222 ) ) ;
#2057 = CARTESIAN_POINT ( 'NONE',  ( 0.8999999999999993561, 0.1000000000000000056, 0.000000000000000000 ) ) ;
#2058 = EDGE_CURVE ( 'NONE', #2531, #1028, #871, .T. ) ;
#2059 = ORIENTED_EDGE ( 'NONE', *, *, #2520, .F. ) ;
#2060 = AXIS2_PLACEMENT_3D ( 'NONE', #411, #2103, #1807 ) ;
#2061 = DIRECTION ( 'NONE',  ( -0.000000000000000000, -1.000000000000000000, -0.000000000000000000 ) ) ;
#2062 = DIRECTION ( 'NONE',  ( -0.000000000000000000, 0.000000000000000000, -1.000000000000000000 ) ) ;
#2063 = VERTEX_POINT ( 'NONE', #246 ) ;
#2064 = ORIENTED_EDGE ( 'NONE', *, *, #762, .F. ) ;
#2065 = PRESENTATION_LAYER_ASSIGNMENT (  '', '', ( #1471 ) ) ;
#2066 = CIRCLE ( 'NONE', #1407, 0.2000000000000000944 ) ;
#2067 = CARTESIAN_POINT ( 'NONE',  ( -1.199999999999999734, 0.1000000000000000056, 4.984837574645997488E-16 ) ) ;
#2068 = ORIENTED_EDGE ( 'NONE', *, *, #939, .F. ) ;
#2069 = VERTEX_POINT ( 'NONE', #2602 ) ;
#2070 = CARTESIAN_POINT ( 'NONE',  ( -0.4749999999999998668, -0.000000000000000000, 9.865824366486865099E-17 ) ) ;
#2071 = ORIENTED_EDGE ( 'NONE', *, *, #1729, .T. ) ;
#2072 = CARTESIAN_POINT ( 'NONE',  ( 0.4749999999999999223, 0.1000000000000000056, -0.8029999999999998250 ) ) ;
#2073 = CARTESIAN_POINT ( 'NONE',  ( 1.025000000000000355, 0.9799999999999999822, -1.450000000000000178 ) ) ;
#2074 = DIRECTION ( 'NONE',  ( 0.000000000000000000, 0.000000000000000000, -1.000000000000000000 ) ) ;
#2075 = DIRECTION ( 'NONE',  ( 0.000000000000000000, -1.000000000000000000, 0.000000000000000000 ) ) ;
#2076 = EDGE_LOOP ( 'NONE', ( #1195, #3469, #1707, #680 ) ) ;
#2077 = ORIENTED_EDGE ( 'NONE', *, *, #180, .T. ) ;
#2078 = CARTESIAN_POINT ( 'NONE',  ( -0.8999999999999998002, 0.1000000000000000056, 1.625000000000000222 ) ) ;
#2079 = CARTESIAN_POINT ( 'NONE',  ( -0.4749999999999998668, 0.1000000000000000056, 9.865824366486865099E-17 ) ) ;
#2080 = ORIENTED_EDGE ( 'NONE', *, *, #1916, .F. ) ;
#2081 = UNCERTAINTY_MEASURE_WITH_UNIT (LENGTH_MEASURE( 1.000000000000000082E-05 ), #390, 'distance_accuracy_value', 'NONE');
#2082 = ORIENTED_EDGE ( 'NONE', *, *, #2109, .T. ) ;
#2083 = EDGE_CURVE ( 'NONE', #3003, #2579, #32, .T. ) ;
#2084 = AXIS2_PLACEMENT_3D ( 'NONE', #1140, #114, #700 ) ;
#2085 = CARTESIAN_POINT ( 'NONE',  ( -1.025000000000000355, 0.8549999999999999822, 1.449999999999999734 ) ) ;
#2086 = ORIENTED_EDGE ( 'NONE', *, *, #2174, .T. ) ;
#2087 = PRESENTATION_STYLE_ASSIGNMENT (( #947 ) ) ;
#2088 = VERTEX_POINT ( 'NONE', #3661 ) ;
#2089 = VECTOR ( 'NONE', #572, 1000.000000000000000 ) ;
#2090 = AXIS2_PLACEMENT_3D ( 'NONE', #2961, #3538, #3257 ) ;
#2091 = VECTOR ( 'NONE', #2717, 1000.000000000000000 ) ;
#2092 = DIRECTION ( 'NONE',  ( 0.000000000000000000, -0.000000000000000000, -1.000000000000000000 ) ) ;
#2093 = FACE_OUTER_BOUND ( 'NONE', #631, .T. ) ;
#2094 = ORIENTED_EDGE ( 'NONE', *, *, #3044, .F. ) ;
#2095 =( NAMED_UNIT ( * ) SI_UNIT ( $, .STERADIAN. ) SOLID_ANGLE_UNIT ( ) );
#2096 = LINE ( 'NONE', #2051, #1282 ) ;
#2097 = CARTESIAN_POINT ( 'NONE',  ( 0.000000000000000000, 0.1000000000000000056, 0.000000000000000000 ) ) ;
#2098 = ORIENTED_EDGE ( 'NONE', *, *, #1729, .F. ) ;
#2099 = ORIENTED_EDGE ( 'NONE', *, *, #369, .F. ) ;
#2100 = DIRECTION ( 'NONE',  ( -0.000000000000000000, -1.000000000000000000, -0.000000000000000000 ) ) ;
#2101 = VECTOR ( 'NONE', #2142, 1000.000000000000000 ) ;
#2102 = ORIENTED_EDGE ( 'NONE', *, *, #1976, .T. ) ;
#2103 = DIRECTION ( 'NONE',  ( 1.000000000000000000, 0.000000000000000000, -4.154031312204999386E-16 ) ) ;
#2104 = EDGE_CURVE ( 'NONE', #493, #3368, #2239, .T. ) ;
#2105 = SURFACE_STYLE_FILL_AREA ( #2661 ) ;
#2106 = CARTESIAN_POINT ( 'NONE',  ( -0.8249999999999995115, 0.9299999999999999378, -1.149999999999999689 ) ) ;
#2107 = AXIS2_PLACEMENT_3D ( 'NONE', #2605, #1412, #2317 ) ;
#2108 = EDGE_CURVE ( 'NONE', #3466, #2242, #72, .T. ) ;
#2109 = EDGE_CURVE ( 'NONE', #284, #2238, #105, .T. ) ;
#2110 = FACE_OUTER_BOUND ( 'NONE', #1661, .T. ) ;
#2111 = MECHANICAL_DESIGN_GEOMETRIC_PRESENTATION_REPRESENTATION (  '', ( #3132 ), #681 ) ;
#2112 = DIRECTION ( 'NONE',  ( -0.000000000000000000, 0.000000000000000000, -1.000000000000000000 ) ) ;
#2113 = CARTESIAN_POINT ( 'NONE',  ( 4.860216635279846171E-16, 0.1000000000000000056, -1.625000000000000222 ) ) ;
#2114 = ORIENTED_EDGE ( 'NONE', *, *, #945, .F. ) ;
#2115 = CIRCLE ( 'NONE', #509, 0.2000000000000000944 ) ;
#2116 = LINE ( 'NONE', #1800, #806 ) ;
#2117 = CARTESIAN_POINT ( 'NONE',  ( -1.199999999999999734, 0.1000000000000000056, 0.000000000000000000 ) ) ;
#2118 =( GEOMETRIC_REPRESENTATION_CONTEXT ( 3 ) GLOBAL_UNCERTAINTY_ASSIGNED_CONTEXT ( ( #960 ) ) GLOBAL_UNIT_ASSIGNED_CONTEXT ( ( #138, #2951, #1848 ) ) REPRESENTATION_CONTEXT ( 'NONE', 'WORKASPACE' ) );
#2119 =( GEOMETRIC_REPRESENTATION_CONTEXT ( 3 ) GLOBAL_UNCERTAINTY_ASSIGNED_CONTEXT ( ( #2947 ) ) GLOBAL_UNIT_ASSIGNED_CONTEXT ( ( #3061, #1886, #2823 ) ) REPRESENTATION_CONTEXT ( 'NONE', 'WORKASPACE' ) );
#2120 = FACE_BOUND ( 'NONE', #1211, .T. ) ;
#2121 = FACE_OUTER_BOUND ( 'NONE', #1898, .T. ) ;
#2122 = EDGE_LOOP ( 'NONE', ( #983, #1328, #290, #988 ) ) ;
#2123 = VERTEX_POINT ( 'NONE', #690 ) ;
#2124 = CARTESIAN_POINT ( 'NONE',  ( -0.8999999999999998002, -0.000000000000000000, 1.325000000000000178 ) ) ;
#2125 = ORIENTED_EDGE ( 'NONE', *, *, #1309, .F. ) ;
#2126 = CARTESIAN_POINT ( 'NONE',  ( -4.814824860968089633E-32, 0.1000000000000000056, 0.5225000000000000755 ) ) ;
#2127 = CIRCLE ( 'NONE', #522, 0.1750000000000000167 ) ;
#2128 =( NAMED_UNIT ( * ) PLANE_ANGLE_UNIT ( ) SI_UNIT ( $, .RADIAN. ) );
#2129 = LINE ( 'NONE', #3594, #958 ) ;
#2130 = ADVANCED_FACE ( 'NONE', ( #2110 ), #2664, .F. ) ;
#2131 = CIRCLE ( 'NONE', #3392, 0.04999999999999991257 ) ;
#2132 = CARTESIAN_POINT ( 'NONE',  ( -1.199999999999999956, -0.000000000000000000, -1.102999999999999980 ) ) ;
#2133 = CARTESIAN_POINT ( 'NONE',  ( -4.814824860968089633E-32, 0.03500000000000000333, 0.5225000000000000755 ) ) ;
#2134 = DIRECTION ( 'NONE',  ( 0.000000000000000000, -0.000000000000000000, -1.000000000000000000 ) ) ;
#2135 = ORIENTED_EDGE ( 'NONE', *, *, #2562, .F. ) ;
#2136 = DIRECTION ( 'NONE',  ( 0.000000000000000000, 0.000000000000000000, 1.000000000000000000 ) ) ;
#2137 = FACE_OUTER_BOUND ( 'NONE', #2570, .T. ) ;
#2138 = CARTESIAN_POINT ( 'NONE',  ( 0.4750000000000001443, 0.1000000000000000056, -0.2809999999999999165 ) ) ;
#2139 = LINE ( 'NONE', #716, #1576 ) ;
#2140 = ORIENTED_EDGE ( 'NONE', *, *, #1712, .F. ) ;
#2141 = EDGE_LOOP ( 'NONE', ( #2280, #713, #2882, #1571 ) ) ;
#2142 = DIRECTION ( 'NONE',  ( 1.000000000000000000, 0.000000000000000000, 5.981805089575197183E-16 ) ) ;
#2143 = AXIS2_PLACEMENT_3D ( 'NONE', #3426, #2584, #13 ) ;
#2144 = ADVANCED_FACE ( 'NONE', ( #343 ), #932, .T. ) ;
#2145 = DIRECTION ( 'NONE',  ( -1.000000000000000000, 0.000000000000000000, 0.000000000000000000 ) ) ;
#2146 = ORIENTED_EDGE ( 'NONE', *, *, #417, .T. ) ;
#2147 = PLANE ( 'NONE',  #74 ) ;
#2148 = VERTEX_POINT ( 'NONE', #2399 ) ;
#2149 = CIRCLE ( 'NONE', #9, 0.04999999999999991257 ) ;
#2150 = DIRECTION ( 'NONE',  ( 0.000000000000000000, 0.000000000000000000, -1.000000000000000000 ) ) ;
#2151 = FACE_OUTER_BOUND ( 'NONE', #919, .T. ) ;
#2152 = VERTEX_POINT ( 'NONE', #121 ) ;
#2153 = CARTESIAN_POINT ( 'NONE',  ( -0.8249999999999995115, 0.9799999999999999822, -1.249999999999999778 ) ) ;
#2154 = LINE ( 'NONE', #2113, #546 ) ;
#2155 = EDGE_CURVE ( 'NONE', #1850, #3504, #3531, .T. ) ;
#2156 = ORIENTED_EDGE ( 'NONE', *, *, #1099, .F. ) ;
#2157 = EDGE_CURVE ( 'NONE', #778, #1492, #951, .T. ) ;
#2158 = AXIS2_PLACEMENT_3D ( 'NONE', #3388, #3101, #2265 ) ;
#2159 = CARTESIAN_POINT ( 'NONE',  ( 0.000000000000000000, -0.000000000000000000, 1.325000000000000178 ) ) ;
#2160 = DIRECTION ( 'NONE',  ( 0.000000000000000000, 0.000000000000000000, -1.000000000000000000 ) ) ;
#2161 = FACE_OUTER_BOUND ( 'NONE', #1530, .T. ) ;
#2162 = FACE_OUTER_BOUND ( 'NONE', #3159, .T. ) ;
#2163 = EDGE_CURVE ( 'NONE', #1107, #3487, #3645, .T. ) ;
#2164 = ORIENTED_EDGE ( 'NONE', *, *, #1916, .T. ) ;
#2165 = CARTESIAN_POINT ( 'NONE',  ( 0.000000000000000000, 0.1000000000000000056, 0.000000000000000000 ) ) ;
#2166 = VECTOR ( 'NONE', #3186, 1000.000000000000000 ) ;
#2167 = CARTESIAN_POINT ( 'NONE',  ( 0.000000000000000000, 0.1000000000000000056, 1.625000000000000222 ) ) ;
#2168 = CARTESIAN_POINT ( 'NONE',  ( -1.025000000000000133, 0.3790000000000000036, 1.649999999999999689 ) ) ;
#2169 = DIRECTION ( 'NONE',  ( 1.000000000000000000, 0.000000000000000000, 4.486353817181397148E-16 ) ) ;
#2170 =( NAMED_UNIT ( * ) SI_UNIT ( $, .STERADIAN. ) SOLID_ANGLE_UNIT ( ) );
#2171 = CARTESIAN_POINT ( 'NONE',  ( -4.814824860968089633E-32, 0.1000000000000000056, 0.7100000000000000755 ) ) ;
#2172 = VECTOR ( 'NONE', #1515, 1000.000000000000000 ) ;
#2173 = DIRECTION ( 'NONE',  ( 0.000000000000000000, 0.000000000000000000, -1.000000000000000000 ) ) ;
#2174 = EDGE_CURVE ( 'NONE', #379, #1588, #2381, .T. ) ;
#2175 = VECTOR ( 'NONE', #300, 1000.000000000000000 ) ;
#2176 = PLANE ( 'NONE',  #3511 ) ;
#2177 = EDGE_LOOP ( 'NONE', ( #3484, #2389, #2517, #1041 ) ) ;
#2178 = DIRECTION ( 'NONE',  ( 1.000000000000000000, 0.000000000000000000, 0.000000000000000000 ) ) ;
#2179 = DIRECTION ( 'NONE',  ( 1.000000000000000000, 0.000000000000000000, -1.495451272393798803E-16 ) ) ;
#2180 = DIRECTION ( 'NONE',  ( -4.154031312204999386E-16, 0.000000000000000000, -1.000000000000000000 ) ) ;
#2181 = VECTOR ( 'NONE', #2515, 1000.000000000000000 ) ;
#2182 = DIRECTION ( 'NONE',  ( -0.000000000000000000, -1.000000000000000000, -0.000000000000000000 ) ) ;
#2183 = PLANE ( 'NONE',  #2543 ) ;
#2184 = EDGE_LOOP ( 'NONE', ( #1469, #3453, #662, #2545 ) ) ;
#2185 = AXIS2_PLACEMENT_3D ( 'NONE', #2836, #796, #1409 ) ;
#2186 = CARTESIAN_POINT ( 'NONE',  ( -1.025000000000000133, 0.4290000000000014357, -1.575000000000000178 ) ) ;
#2187 = ADVANCED_FACE ( 'NONE', ( #972, #1504 ), #1220, .F. ) ;
#2188 = CYLINDRICAL_SURFACE ( 'NONE', #347, 0.8125000000000003331 ) ;
#2189 = CARTESIAN_POINT ( 'NONE',  ( -1.225000000000000089, 0.3790000000000000036, 1.449999999999999734 ) ) ;
#2190 = LINE ( 'NONE', #2750, #2038 ) ;
#2191 = AXIS2_PLACEMENT_3D ( 'NONE', #3400, #381, #1525 ) ;
#2192 = DIRECTION ( 'NONE',  ( 1.000000000000000000, 0.000000000000000000, 0.000000000000000000 ) ) ;
#2193 = DIRECTION ( 'NONE',  ( 0.000000000000000000, 0.000000000000000000, -1.000000000000000000 ) ) ;
#2194 = DIRECTION ( 'NONE',  ( 0.000000000000000000, 0.000000000000000000, 1.000000000000000000 ) ) ;
#2195 = EDGE_CURVE ( 'NONE', #136, #778, #1777, .T. ) ;
#2196 = CARTESIAN_POINT ( 'NONE',  ( -0.8249999999999995115, 0.9299999999999999378, -1.149999999999999689 ) ) ;
#2197 = DIRECTION ( 'NONE',  ( 0.000000000000000000, 0.000000000000000000, -1.000000000000000000 ) ) ;
#2198 = DIRECTION ( 'NONE',  ( 0.000000000000000000, 0.000000000000000000, -1.000000000000000000 ) ) ;
#2199 = PLANE ( 'NONE',  #2697 ) ;
#2200 = DIRECTION ( 'NONE',  ( -0.000000000000000000, -1.000000000000000000, -0.000000000000000000 ) ) ;
#2201 = EDGE_LOOP ( 'NONE', ( #1877, #2807, #350, #2055 ) ) ;
#2202 = DIRECTION ( 'NONE',  ( 0.000000000000000000, 0.000000000000000000, -1.000000000000000000 ) ) ;
#2203 = CARTESIAN_POINT ( 'NONE',  ( -0.4749999999999999223, 0.1000000000000000056, -0.2809999999999994724 ) ) ;
#2204 = ORIENTED_EDGE ( 'NONE', *, *, #3605, .F. ) ;
#2205 = FACE_OUTER_BOUND ( 'NONE', #3323, .T. ) ;
#2206 = EDGE_CURVE ( 'NONE', #898, #2436, #1314, .T. ) ;
#2207 = ORIENTED_EDGE ( 'NONE', *, *, #978, .F. ) ;
#2208 = DIRECTION ( 'NONE',  ( 2.077015656102498460E-16, 0.000000000000000000, 1.000000000000000000 ) ) ;
#2209 = CARTESIAN_POINT ( 'NONE',  ( -0.8249999999999995115, 0.9299999999999999378, -1.249999999999999778 ) ) ;
#2210 = CARTESIAN_POINT ( 'NONE',  ( -4.814824860968089633E-32, 0.000000000000000000, 0.1975000000000002032 ) ) ;
#2211 = AXIS2_PLACEMENT_3D ( 'NONE', #2439, #3334, #2772 ) ;
#2212 = DIRECTION ( 'NONE',  ( 0.000000000000000000, 0.000000000000000000, 1.000000000000000000 ) ) ;
#2213 = DIRECTION ( 'NONE',  ( -1.000000000000000000, 0.000000000000000000, 0.000000000000000000 ) ) ;
#2214 = DIRECTION ( 'NONE',  ( -0.000000000000000000, -1.000000000000000000, -0.000000000000000000 ) ) ;
#2215 = VERTEX_POINT ( 'NONE', #377 ) ;
#2216 = EDGE_CURVE ( 'NONE', #3201, #3587, #2632, .T. ) ;
#2217 = CYLINDRICAL_SURFACE ( 'NONE', #918, 0.1250000000000001110 ) ;
#2218 = VECTOR ( 'NONE', #27, 1000.000000000000000 ) ;
#2219 = DIRECTION ( 'NONE',  ( 1.000000000000000000, 0.000000000000000000, -2.077015656102498707E-16 ) ) ;
#2220 = PLANE ( 'NONE',  #721 ) ;
#2221 = ORIENTED_EDGE ( 'NONE', *, *, #3375, .F. ) ;
#2222 = AXIS2_PLACEMENT_3D ( 'NONE', #1913, #981, #426 ) ;
#2223 = ADVANCED_FACE ( 'NONE', ( #1539 ), #1467, .T. ) ;
#2224 = LINE ( 'NONE', #2470, #3535 ) ;
#2225 =( GEOMETRIC_REPRESENTATION_CONTEXT ( 3 ) GLOBAL_UNCERTAINTY_ASSIGNED_CONTEXT ( ( #3241 ) ) GLOBAL_UNIT_ASSIGNED_CONTEXT ( ( #139, #1600, #2985 ) ) REPRESENTATION_CONTEXT ( 'NONE', 'WORKASPACE' ) );
#2226 = CARTESIAN_POINT ( 'NONE',  ( 1.199999999999999956, 0.000000000000000000, -0.2809999999999999165 ) ) ;
#2227 = VERTEX_POINT ( 'NONE', #3512 ) ;
#2228 = DIRECTION ( 'NONE',  ( -0.000000000000000000, -1.000000000000000000, -0.000000000000000000 ) ) ;
#2229 = CARTESIAN_POINT ( 'NONE',  ( -0.4749999999999999223, 0.000000000000000000, -1.102999999999999536 ) ) ;
#2230 = ORIENTED_EDGE ( 'NONE', *, *, #671, .F. ) ;
#2231 = MANIFOLD_SOLID_BREP ( 'Boss-Extrude4[7]', #1823 ) ;
#2232 = ADVANCED_FACE ( 'NONE', ( #488 ), #3233, .F. ) ;
#2233 = EDGE_CURVE ( 'NONE', #564, #2335, #1430, .T. ) ;
#2234 = EDGE_CURVE ( 'NONE', #269, #422, #1832, .T. ) ;
#2235 = DIRECTION ( 'NONE',  ( 0.000000000000000000, -1.000000000000000000, 0.000000000000000000 ) ) ;
#2236 = VECTOR ( 'NONE', #3685, 1000.000000000000000 ) ;
#2237 = LINE ( 'NONE', #3106, #2901 ) ;
#2238 = VERTEX_POINT ( 'NONE', #471 ) ;
#2239 = LINE ( 'NONE', #3216, #474 ) ;
#2240 = DIRECTION ( 'NONE',  ( 4.154031312204998893E-16, 0.000000000000000000, 1.000000000000000000 ) ) ;
#2241 = CARTESIAN_POINT ( 'NONE',  ( 0.4749999999999999223, 0.1000000000000000056, -0.8029999999999998250 ) ) ;
#2242 = VERTEX_POINT ( 'NONE', #995 ) ;
#2243 = CARTESIAN_POINT ( 'NONE',  ( 1.200000000000000178, 0.1000000000000000056, -1.624999999999999778 ) ) ;
#2244 = VERTEX_POINT ( 'NONE', #3050 ) ;
#2245 = AXIS2_PLACEMENT_3D ( 'NONE', #142, #2419, #674 ) ;
#2246 = LINE ( 'NONE', #239, #2904 ) ;
#2247 = CARTESIAN_POINT ( 'NONE',  ( 1.025000000000000355, 0.9799999999999999822, -1.450000000000000178 ) ) ;
#2248 = CARTESIAN_POINT ( 'NONE',  ( 1.199999999999999734, 0.000000000000000000, 4.984837574645996502E-16 ) ) ;
#2249 = ORIENTED_EDGE ( 'NONE', *, *, #904, .T. ) ;
#2250 = AXIS2_PLACEMENT_3D ( 'NONE', #2057, #3178, #1763 ) ;
#2251 =( GEOMETRIC_REPRESENTATION_CONTEXT ( 3 ) GLOBAL_UNCERTAINTY_ASSIGNED_CONTEXT ( ( #3263 ) ) GLOBAL_UNIT_ASSIGNED_CONTEXT ( ( #2582, #1464, #1502 ) ) REPRESENTATION_CONTEXT ( 'NONE', 'WORKASPACE' ) );
#2252 = PRESENTATION_STYLE_ASSIGNMENT (( #1110 ) ) ;
#2253 = ORIENTED_EDGE ( 'NONE', *, *, #1197, .F. ) ;
#2254 = DIRECTION ( 'NONE',  ( 1.000000000000000000, 0.000000000000000000, 0.000000000000000000 ) ) ;
#2255 = EDGE_CURVE ( 'NONE', #3450, #379, #1639, .T. ) ;
#2256 = CARTESIAN_POINT ( 'NONE',  ( 0.000000000000000000, 0.1000000000000000056, 0.000000000000000000 ) ) ;
#2257 = DIRECTION ( 'NONE',  ( 2.077015656102498460E-16, 0.000000000000000000, 1.000000000000000000 ) ) ;
#2258 = ORIENTED_EDGE ( 'NONE', *, *, #354, .T. ) ;
#2259 = CARTESIAN_POINT ( 'NONE',  ( -1.199999999999999734, 0.1000000000000000056, 1.325000000000000178 ) ) ;
#2260 = CARTESIAN_POINT ( 'NONE',  ( 0.8999999999999993561, 0.1000000000000000056, 1.625000000000000222 ) ) ;
#2261 = VERTEX_POINT ( 'NONE', #2719 ) ;
#2262 = DIRECTION ( 'NONE',  ( 0.000000000000000000, -0.000000000000000000, -1.000000000000000000 ) ) ;
#2263 = DIRECTION ( 'NONE',  ( -4.154031312204997907E-16, 0.000000000000000000, 1.000000000000000000 ) ) ;
#2264 = ADVANCED_FACE ( 'NONE', ( #3596 ), #3615, .T. ) ;
#2265 = DIRECTION ( 'NONE',  ( -1.000000000000000000, 0.000000000000000000, -7.477256361968996233E-16 ) ) ;
#2266 = VERTEX_POINT ( 'NONE', #767 ) ;
#2267 = ORIENTED_EDGE ( 'NONE', *, *, #54, .T. ) ;
#2268 = DIRECTION ( 'NONE',  ( 0.000000000000000000, -1.000000000000000000, 0.000000000000000000 ) ) ;
#2269 = STYLED_ITEM ( 'NONE', ( #1637 ), #1035 ) ;
#2270 = DIRECTION ( 'NONE',  ( 1.000000000000000000, -0.000000000000000000, 0.000000000000000000 ) ) ;
#2271 = CARTESIAN_POINT ( 'NONE',  ( 0.000000000000000000, 0.1000000000000000056, 1.625000000000000222 ) ) ;
#2272 = LINE ( 'NONE', #3410, #2089 ) ;
#2273 = VERTEX_POINT ( 'NONE', #2132 ) ;
#2274 = EDGE_CURVE ( 'NONE', #3020, #1134, #2969, .T. ) ;
#2275 = CARTESIAN_POINT ( 'NONE',  ( -4.814824860968089633E-32, 0.03500000000000000333, 0.7100000000000000755 ) ) ;
#2276 = VECTOR ( 'NONE', #3560, 1000.000000000000000 ) ;
#2277 = ADVANCED_FACE ( 'NONE', ( #206 ), #2176, .T. ) ;
#2278 = EDGE_CURVE ( 'NONE', #3240, #2933, #3273, .T. ) ;
#2279 = VECTOR ( 'NONE', #1386, 1000.000000000000000 ) ;
#2280 = ORIENTED_EDGE ( 'NONE', *, *, #1037, .T. ) ;
#2281 = PLANE ( 'NONE',  #1292 ) ;
#2282 = DIRECTION ( 'NONE',  ( -0.000000000000000000, -1.000000000000000000, -0.000000000000000000 ) ) ;
#2283 = CARTESIAN_POINT ( 'NONE',  ( 1.199999999999999734, 0.1000000000000000056, 4.984837574645996502E-16 ) ) ;
#2284 = CARTESIAN_POINT ( 'NONE',  ( -1.324999999999999512, 0.2540000000000000036, 1.750000000000000222 ) ) ;
#2285 = VERTEX_POINT ( 'NONE', #161 ) ;
#2286 = ORIENTED_EDGE ( 'NONE', *, *, #1857, .T. ) ;
#2287 = CYLINDRICAL_SURFACE ( 'NONE', #2491, 0.1250000000000001110 ) ;
#2288 = EDGE_LOOP ( 'NONE', ( #2912, #911, #707, #524 ) ) ;
#2289 = VECTOR ( 'NONE', #18, 1000.000000000000000 ) ;
#2290 = DIRECTION ( 'NONE',  ( 0.000000000000000000, 1.000000000000000000, 0.000000000000000000 ) ) ;
#2291 = CARTESIAN_POINT ( 'NONE',  ( 1.199999999999999289, 0.1000000000000000056, 0.000000000000000000 ) ) ;
#2292 = ORIENTED_EDGE ( 'NONE', *, *, #101, .F. ) ;
#2293 = MANIFOLD_SOLID_BREP ( 'Boss-Extrude4[5]', #1171 ) ;
#2294 = LINE ( 'NONE', #1704, #2834 ) ;
#2295 = VECTOR ( 'NONE', #3319, 1000.000000000000000 ) ;
#2296 = DIRECTION ( 'NONE',  ( -0.000000000000000000, -1.000000000000000000, 0.000000000000000000 ) ) ;
#2297 = ORIENTED_EDGE ( 'NONE', *, *, #1080, .F. ) ;
#2298 = FACE_OUTER_BOUND ( 'NONE', #371, .T. ) ;
#2299 = MANIFOLD_SOLID_BREP ( 'Boss-Extrude4[6]', #3141 ) ;
#2300 = DIRECTION ( 'NONE',  ( -1.000000000000000000, 0.000000000000000000, -0.000000000000000000 ) ) ;
#2301 = AXIS2_PLACEMENT_3D ( 'NONE', #2153, #2701, #1560 ) ;
#2302 = FACE_OUTER_BOUND ( 'NONE', #2592, .T. ) ;
#2303 = ORIENTED_EDGE ( 'NONE', *, *, #1622, .T. ) ;
#2304 = DIRECTION ( 'NONE',  ( -0.000000000000000000, -1.000000000000000000, -0.000000000000000000 ) ) ;
#2305 = ORIENTED_EDGE ( 'NONE', *, *, #2937, .T. ) ;
#2306 = VECTOR ( 'NONE', #1376, 1000.000000000000000 ) ;
#2307 = PLANE ( 'NONE',  #2250 ) ;
#2308 = EDGE_CURVE ( 'NONE', #3454, #1483, #486, .T. ) ;
#2309 = CIRCLE ( 'NONE', #2784, 0.1875000000000000555 ) ;
#2310 = VECTOR ( 'NONE', #255, 1000.000000000000000 ) ;
#2311 = ORIENTED_EDGE ( 'NONE', *, *, #1799, .F. ) ;
#2312 = CLOSED_SHELL ( 'NONE', ( #786, #2822, #344, #2519 ) ) ;
#2313 = EDGE_CURVE ( 'NONE', #2649, #2619, #3658, .T. ) ;
#2314 = CARTESIAN_POINT ( 'NONE',  ( 1.025000000000000133, 0.8549999999999999822, 1.449999999999999956 ) ) ;
#2315 = DIRECTION ( 'NONE',  ( -1.000000000000000000, 0.000000000000000000, 0.000000000000000000 ) ) ;
#2316 = ORIENTED_EDGE ( 'NONE', *, *, #669, .T. ) ;
#2317 = DIRECTION ( 'NONE',  ( 0.000000000000000000, 0.000000000000000000, -1.000000000000000000 ) ) ;
#2318 = DIRECTION ( 'NONE',  ( -0.000000000000000000, -1.000000000000000000, -0.000000000000000000 ) ) ;
#2319 = EDGE_LOOP ( 'NONE', ( #2125, #1062, #2258, #2794 ) ) ;
#2320 = MANIFOLD_SOLID_BREP ( 'Boss-Extrude5', #2312 ) ;
#2321 = FACE_OUTER_BOUND ( 'NONE', #3509, .T. ) ;
#2322 = ADVANCED_FACE ( 'NONE', ( #2678 ), #530, .T. ) ;
#2323 = ORIENTED_EDGE ( 'NONE', *, *, #1808, .F. ) ;
#2324 = PLANE ( 'NONE',  #199 ) ;
#2325 = VERTEX_POINT ( 'NONE', #1578 ) ;
#2326 = CARTESIAN_POINT ( 'NONE',  ( -1.200000000000000178, 0.1000000000000000056, -0.8029999999999999361 ) ) ;
#2327 = VERTEX_POINT ( 'NONE', #204 ) ;
#2328 = ORIENTED_EDGE ( 'NONE', *, *, #1251, .F. ) ;
#2329 = CARTESIAN_POINT ( 'NONE',  ( -1.225000000000000089, 0.2540000000000000036, 1.449999999999999734 ) ) ;
#2330 = PLANE ( 'NONE',  #388 ) ;
#2331 = ORIENTED_EDGE ( 'NONE', *, *, #101, .T. ) ;
#2332 = ORIENTED_EDGE ( 'NONE', *, *, #3048, .F. ) ;
#2333 = CARTESIAN_POINT ( 'NONE',  ( -1.199999999999999956, -0.000000000000000000, -0.2810000000000000275 ) ) ;
#2334 = EDGE_LOOP ( 'NONE', ( #3267, #2207, #1542, #207 ) ) ;
#2335 = VERTEX_POINT ( 'NONE', #2106 ) ;
#2336 = EDGE_CURVE ( 'NONE', #3221, #3566, #3231, .T. ) ;
#2337 = DIRECTION ( 'NONE',  ( -1.000000000000000000, -0.000000000000000000, -0.000000000000000000 ) ) ;
#2338 = ORIENTED_EDGE ( 'NONE', *, *, #1773, .T. ) ;
#2339 = PLANE ( 'NONE',  #1141 ) ;
#2340 = EDGE_LOOP ( 'NONE', ( #26, #2865, #2022, #3214 ) ) ;
#2341 = CIRCLE ( 'NONE', #203, 0.5124999999999999556 ) ;
#2342 = ORIENTED_EDGE ( 'NONE', *, *, #604, .F. ) ;
#2343 = EDGE_CURVE ( 'NONE', #1819, #1267, #2435, .T. ) ;
#2344 = EDGE_CURVE ( 'NONE', #1026, #2273, #1868, .T. ) ;
#2345 = VECTOR ( 'NONE', #3134, 1000.000000000000000 ) ;
#2346 = DIRECTION ( 'NONE',  ( 0.000000000000000000, 0.000000000000000000, -1.000000000000000000 ) ) ;
#2347 = CARTESIAN_POINT ( 'NONE',  ( -0.4749999999999997558, 0.1000000000000000056, 9.865824366486861401E-17 ) ) ;
#2348 = ORIENTED_EDGE ( 'NONE', *, *, #3375, .T. ) ;
#2349 = ORIENTED_EDGE ( 'NONE', *, *, #470, .T. ) ;
#2350 = CARTESIAN_POINT ( 'NONE',  ( 0.4750000000000001443, 0.000000000000000000, -0.2809999999999999165 ) ) ;
#2351 = FACE_OUTER_BOUND ( 'NONE', #2597, .T. ) ;
#2352 = EDGE_LOOP ( 'NONE', ( #2723, #2979, #1414, #922 ) ) ;
#2353 = ORIENTED_EDGE ( 'NONE', *, *, #1345, .T. ) ;
#2354 = VECTOR ( 'NONE', #3256, 1000.000000000000000 ) ;
#2355 = DIRECTION ( 'NONE',  ( -0.000000000000000000, -0.000000000000000000, 1.000000000000000000 ) ) ;
#2356 = VERTEX_POINT ( 'NONE', #179 ) ;
#2357 = DIRECTION ( 'NONE',  ( 0.000000000000000000, -1.000000000000000000, 0.000000000000000000 ) ) ;
#2358 = CARTESIAN_POINT ( 'NONE',  ( -4.814824860968089633E-32, 0.1000000000000000056, 0.7100000000000000755 ) ) ;
#2359 = CARTESIAN_POINT ( 'NONE',  ( -0.8999999999999998002, 0.1000000000000000056, 1.625000000000000222 ) ) ;
#2360 = EDGE_CURVE ( 'NONE', #2564, #3587, #2129, .T. ) ;
#2361 = VECTOR ( 'NONE', #455, 1000.000000000000000 ) ;
#2362 = DIRECTION ( 'NONE',  ( -0.000000000000000000, 0.000000000000000000, 1.000000000000000000 ) ) ;
#2363 = PLANE ( 'NONE',  #870 ) ;
#2364 = FACE_OUTER_BOUND ( 'NONE', #2122, .T. ) ;
#2365 = EDGE_CURVE ( 'NONE', #2992, #2692, #610, .T. ) ;
#2366 = ORIENTED_EDGE ( 'NONE', *, *, #789, .T. ) ;
#2367 = ORIENTED_EDGE ( 'NONE', *, *, #2897, .T. ) ;
#2368 = FACE_OUTER_BOUND ( 'NONE', #1237, .T. ) ;
#2369 = AXIS2_PLACEMENT_3D ( 'NONE', #2861, #3435, #878 ) ;
#2370 = PRESENTATION_LAYER_ASSIGNMENT (  '', '', ( #1660 ) ) ;
#2371 = DIRECTION ( 'NONE',  ( 0.000000000000000000, 0.000000000000000000, -1.000000000000000000 ) ) ;
#2372 = DIRECTION ( 'NONE',  ( 0.000000000000000000, 1.000000000000000000, 0.000000000000000000 ) ) ;
#2373 = DIRECTION ( 'NONE',  ( 0.000000000000000000, 0.000000000000000000, -1.000000000000000000 ) ) ;
#2374 = ORIENTED_EDGE ( 'NONE', *, *, #1747, .F. ) ;
#2375 = VERTEX_POINT ( 'NONE', #157 ) ;
#2376 = CARTESIAN_POINT ( 'NONE',  ( -1.225000000000000089, 0.3790000000000000036, 1.449999999999999734 ) ) ;
#2377 = ORIENTED_EDGE ( 'NONE', *, *, #1541, .F. ) ;
#2378 = FACE_OUTER_BOUND ( 'NONE', #3403, .T. ) ;
#2379 = SURFACE_STYLE_USAGE ( .BOTH. , #1238 ) ;
#2380 = ORIENTED_EDGE ( 'NONE', *, *, #3166, .T. ) ;
#2381 = LINE ( 'NONE', #2329, #3099 ) ;
#2382 = DIRECTION ( 'NONE',  ( 0.000000000000000000, 1.000000000000000000, -0.000000000000000000 ) ) ;
#2383 = ORIENTED_EDGE ( 'NONE', *, *, #2003, .T. ) ;
#2384 = CARTESIAN_POINT ( 'NONE',  ( -0.8999999999999998002, 0.1000000000000000056, 0.000000000000000000 ) ) ;
#2385 = CIRCLE ( 'NONE', #1965, 0.1250000000000001110 ) ;
#2386 = DIRECTION ( 'NONE',  ( -1.000000000000000000, 0.000000000000000000, 0.000000000000000000 ) ) ;
#2387 = EDGE_CURVE ( 'NONE', #2941, #3546, #3312, .T. ) ;
#2388 = ORIENTED_EDGE ( 'NONE', *, *, #2155, .F. ) ;
#2389 = ORIENTED_EDGE ( 'NONE', *, *, #2506, .F. ) ;
#2390 = FACE_OUTER_BOUND ( 'NONE', #1147, .T. ) ;
#2391 = EDGE_CURVE ( 'NONE', #3176, #2744, #3029, .T. ) ;
#2392 = ADVANCED_FACE ( 'NONE', ( #2151 ), #2415, .T. ) ;
#2393 = ORIENTED_EDGE ( 'NONE', *, *, #1340, .T. ) ;
#2394 = DIRECTION ( 'NONE',  ( 1.000000000000000000, 0.000000000000000000, -2.077015656102498707E-16 ) ) ;
#2395 = VECTOR ( 'NONE', #2179, 1000.000000000000000 ) ;
#2396 = DIRECTION ( 'NONE',  ( 0.000000000000000000, 0.000000000000000000, -1.000000000000000000 ) ) ;
#2397 = AXIS2_PLACEMENT_3D ( 'NONE', #3299, #2219, #1056 ) ;
#2398 = ORIENTED_EDGE ( 'NONE', *, *, #970, .F. ) ;
#2399 = CARTESIAN_POINT ( 'NONE',  ( -0.4750000000000000333, 0.1000000000000000056, -1.624999999999999778 ) ) ;
#2400 = CARTESIAN_POINT ( 'NONE',  ( -4.814824860968089633E-32, 0.1000000000000000056, 0.5225000000000000755 ) ) ;
#2401 = CARTESIAN_POINT ( 'NONE',  ( 0.000000000000000000, 0.000000000000000000, 0.000000000000000000 ) ) ;
#2402 = ORIENTED_EDGE ( 'NONE', *, *, #3162, .T. ) ;
#2403 = CARTESIAN_POINT ( 'NONE',  ( 1.025000000000000133, 0.4289999999999997149, -1.450000000000000178 ) ) ;
#2404 = EDGE_CURVE ( 'NONE', #3340, #2641, #2341, .T. ) ;
#2405 = DIRECTION ( 'NONE',  ( 0.000000000000000000, -1.000000000000000000, 0.000000000000000000 ) ) ;
#2406 = PLANE ( 'NONE',  #1512 ) ;
#2407 = ORIENTED_EDGE ( 'NONE', *, *, #1453, .F. ) ;
#2408 = ORIENTED_EDGE ( 'NONE', *, *, #2036, .T. ) ;
#2409 = CARTESIAN_POINT ( 'NONE',  ( 6.276314845630179301E-17, 0.1000000000000000056, 1.222500000000000142 ) ) ;
#2410 = AXIS2_PLACEMENT_3D ( 'NONE', #317, #1684, #1151 ) ;
#2411 = EDGE_LOOP ( 'NONE', ( #1547, #912 ) ) ;
#2412 = DIRECTION ( 'NONE',  ( -0.000000000000000000, -1.000000000000000000, -0.000000000000000000 ) ) ;
#2413 = PLANE ( 'NONE',  #3227 ) ;
#2414 = ADVANCED_FACE ( 'NONE', ( #1849 ), #394, .F. ) ;
#2415 = PLANE ( 'NONE',  #1022 ) ;
#2416 = VECTOR ( 'NONE', #938, 1000.000000000000000 ) ;
#2417 = EDGE_CURVE ( 'NONE', #76, #1814, #3009, .T. ) ;
#2418 = VECTOR ( 'NONE', #1010, 1000.000000000000000 ) ;
#2419 = DIRECTION ( 'NONE',  ( -0.000000000000000000, -1.000000000000000000, 0.000000000000000000 ) ) ;
#2420 = PLANE ( 'NONE',  #130 ) ;
#2421 = ORIENTED_EDGE ( 'NONE', *, *, #1520, .F. ) ;
#2422 = ADVANCED_FACE ( 'NONE', ( #2953 ), #967, .F. ) ;
#2423 = CARTESIAN_POINT ( 'NONE',  ( 1.025000000000000133, 5.860320499651279214, 1.449999999999999734 ) ) ;
#2424 = DIRECTION ( 'NONE',  ( 0.000000000000000000, -1.000000000000000000, 0.000000000000000000 ) ) ;
#2425 = VECTOR ( 'NONE', #3004, 1000.000000000000000 ) ;
#2426 = CARTESIAN_POINT ( 'NONE',  ( 2.296212748401283412E-17, 0.1000000000000000056, 0.8975000000000001865 ) ) ;
#2427 = DIRECTION ( 'NONE',  ( -0.000000000000000000, -1.000000000000000000, -0.000000000000000000 ) ) ;
#2428 = ORIENTED_EDGE ( 'NONE', *, *, #2551, .T. ) ;
#2429 = ORIENTED_EDGE ( 'NONE', *, *, #852, .T. ) ;
#2430 = DIRECTION ( 'NONE',  ( -1.000000000000000000, 0.000000000000000000, -0.000000000000000000 ) ) ;
#2431 = CARTESIAN_POINT ( 'NONE',  ( 1.150000000000000133, 0.4290000000000022684, 1.449999999999999734 ) ) ;
#2432 = DIRECTION ( 'NONE',  ( 0.000000000000000000, -1.000000000000000000, 0.000000000000000000 ) ) ;
#2433 = DIRECTION ( 'NONE',  ( -0.000000000000000000, -1.000000000000000000, -0.000000000000000000 ) ) ;
#2434 = EDGE_CURVE ( 'NONE', #10, #3384, #1829, .T. ) ;
#2435 = LINE ( 'NONE', #3614, #2091 ) ;
#2436 = VERTEX_POINT ( 'NONE', #2210 ) ;
#2437 = CIRCLE ( 'NONE', #827, 0.1000000000000000472 ) ;
#2438 = EDGE_CURVE ( 'NONE', #1435, #2285, #506, .T. ) ;
#2439 = CARTESIAN_POINT ( 'NONE',  ( 1.025000000000000133, 0.3790000000000000036, 1.449999999999999734 ) ) ;
#2440 = DIRECTION ( 'NONE',  ( 0.000000000000000000, 0.000000000000000000, -1.000000000000000000 ) ) ;
#2441 = CARTESIAN_POINT ( 'NONE',  ( 0.000000000000000000, 0.1000000000000000056, 1.325000000000000178 ) ) ;
#2442 = ORIENTED_EDGE ( 'NONE', *, *, #944, .F. ) ;
#2443 = DIRECTION ( 'NONE',  ( 4.154031312204998893E-16, 0.000000000000000000, 1.000000000000000000 ) ) ;
#2444 = FACE_OUTER_BOUND ( 'NONE', #774, .T. ) ;
#2445 = DIRECTION ( 'NONE',  ( 0.000000000000000000, 0.000000000000000000, -1.000000000000000000 ) ) ;
#2446 = EDGE_LOOP ( 'NONE', ( #1579, #3545, #1507, #2607 ) ) ;
#2447 = CARTESIAN_POINT ( 'NONE',  ( 6.597931013801444502E-16, 0.000000000000000000, -1.103000000000000203 ) ) ;
#2448 = AXIS2_PLACEMENT_3D ( 'NONE', #2919, #2939, #1199 ) ;
#2449 = CARTESIAN_POINT ( 'NONE',  ( 1.200000000000000178, 0.3790000000000000036, -1.450000000000000178 ) ) ;
#2450 = ADVANCED_FACE ( 'NONE', ( #3043 ), #1923, .F. ) ;
#2451 = ORIENTED_EDGE ( 'NONE', *, *, #636, .F. ) ;
#2452 = CARTESIAN_POINT ( 'NONE',  ( -0.8999999999999998002, -0.000000000000000000, 0.000000000000000000 ) ) ;
#2453 = ORIENTED_EDGE ( 'NONE', *, *, #1728, .F. ) ;
#2454 = LINE ( 'NONE', #2752, #3620 ) ;
#2455 = COLOUR_RGB ( '',0.7921568627450980005, 0.8196078431372548767, 0.9333333333333333481 ) ;
#2456 = CARTESIAN_POINT ( 'NONE',  ( 4.860216635279846171E-16, 0.1000000000000000056, -1.625000000000000222 ) ) ;
#2457 = DIRECTION ( 'NONE',  ( 0.000000000000000000, 1.000000000000000000, -0.000000000000000000 ) ) ;
#2458 = AXIS2_PLACEMENT_3D ( 'NONE', #2358, #964, #412 ) ;
#2459 = VECTOR ( 'NONE', #1606, 1000.000000000000000 ) ;
#2460 = DIRECTION ( 'NONE',  ( -1.495451272393798803E-16, 0.000000000000000000, -1.000000000000000000 ) ) ;
#2461 = EDGE_LOOP ( 'NONE', ( #519, #2558, #934, #2082 ) ) ;
#2462 = DIRECTION ( 'NONE',  ( 0.000000000000000000, 0.000000000000000000, -1.000000000000000000 ) ) ;
#2463 = CARTESIAN_POINT ( 'NONE',  ( 6.597931013801444502E-16, 0.1000000000000000056, -1.103000000000000203 ) ) ;
#2464 = EDGE_LOOP ( 'NONE', ( #885, #410, #1401, #3693 ) ) ;
#2465 = VECTOR ( 'NONE', #864, 1000.000000000000000 ) ;
#2466 = LINE ( 'NONE', #3053, #2295 ) ;
#2467 = CARTESIAN_POINT ( 'NONE',  ( 0.000000000000000000, 0.1000000000000000056, -0.2809999999999999165 ) ) ;
#2468 = CARTESIAN_POINT ( 'NONE',  ( 1.200000000000000178, 0.1000000000000000056, -0.8029999999999999361 ) ) ;
#2469 = ORIENTED_EDGE ( 'NONE', *, *, #3167, .T. ) ;
#2470 = CARTESIAN_POINT ( 'NONE',  ( 0.000000000000000000, 0.1000000000000000056, -0.2809999999999999165 ) ) ;
#2471 = FACE_OUTER_BOUND ( 'NONE', #1118, .T. ) ;
#2472 = ORIENTED_EDGE ( 'NONE', *, *, #1712, .T. ) ;
#2473 = CARTESIAN_POINT ( 'NONE',  ( -1.324999999999999512, 0.2540000000000000036, 1.750000000000000222 ) ) ;
#2474 = CARTESIAN_POINT ( 'NONE',  ( -1.199999999999999512, 0.1000000000000000056, 4.984837574645996502E-16 ) ) ;
#2475 = SURFACE_STYLE_USAGE ( .BOTH. , #3632 ) ;
#2476 = LINE ( 'NONE', #823, #418 ) ;
#2477 = ADVANCED_FACE ( 'NONE', ( #2826 ), #3083, .T. ) ;
#2478 = AXIS2_PLACEMENT_3D ( 'NONE', #2764, #495, #3021 ) ;
#2479 = CARTESIAN_POINT ( 'NONE',  ( 1.025000000000000133, 0.2540000000000000036, -1.450000000000000178 ) ) ;
#2480 = VERTEX_POINT ( 'NONE', #1675 ) ;
#2481 = ADVANCED_FACE ( 'NONE', ( #3063 ), #3692, .T. ) ;
#2482 = VECTOR ( 'NONE', #2622, 1000.000000000000000 ) ;
#2483 = DIRECTION ( 'NONE',  ( 0.000000000000000000, -1.000000000000000000, 0.000000000000000000 ) ) ;
#2484 = PLANE ( 'NONE',  #2895 ) ;
#2485 = VECTOR ( 'NONE', #3294, 1000.000000000000000 ) ;
#2486 = ADVANCED_FACE ( 'NONE', ( #7 ), #2809, .F. ) ;
#2487 = DIRECTION ( 'NONE',  ( 0.000000000000000000, 1.000000000000000000, 0.000000000000000000 ) ) ;
#2488 = EDGE_LOOP ( 'NONE', ( #3125, #3389, #1154, #2114 ) ) ;
#2489 = VECTOR ( 'NONE', #3496, 1000.000000000000000 ) ;
#2490 = CARTESIAN_POINT ( 'NONE',  ( 6.276314845630179301E-17, 0.1000000000000000056, 1.222500000000000142 ) ) ;
#2491 = AXIS2_PLACEMENT_3D ( 'NONE', #2851, #3123, #2915 ) ;
#2492 = STYLED_ITEM ( 'NONE', ( #201 ), #3556 ) ;
#2493 = CARTESIAN_POINT ( 'NONE',  ( -0.4750000000000000333, 0.1000000000000000056, -1.624999999999999778 ) ) ;
#2494 = ORIENTED_EDGE ( 'NONE', *, *, #3372, .F. ) ;
#2495 = CIRCLE ( 'NONE', #1607, 0.1250000000000001110 ) ;
#2496 = LINE ( 'NONE', #1350, #1710 ) ;
#2497 = DIRECTION ( 'NONE',  ( -0.000000000000000000, -1.000000000000000000, -0.000000000000000000 ) ) ;
#2498 = ORIENTED_EDGE ( 'NONE', *, *, #245, .F. ) ;
#2499 = DIRECTION ( 'NONE',  ( 0.000000000000000000, 1.000000000000000000, -0.000000000000000000 ) ) ;
#2500 = DIRECTION ( 'NONE',  ( 0.000000000000000000, 0.000000000000000000, -1.000000000000000000 ) ) ;
#2501 = CARTESIAN_POINT ( 'NONE',  ( -0.8249999999999995115, 0.9799999999999999822, -1.249999999999999778 ) ) ;
#2502 = EDGE_CURVE ( 'NONE', #2641, #3340, #1792, .T. ) ;
#2503 = CARTESIAN_POINT ( 'NONE',  ( -0.8249999999999995115, 0.9299999999999999378, -1.249999999999999778 ) ) ;
#2504 = ORIENTED_EDGE ( 'NONE', *, *, #3167, .F. ) ;
#2505 = DIRECTION ( 'NONE',  ( 0.000000000000000000, 1.000000000000000000, 0.000000000000000000 ) ) ;
#2506 = EDGE_CURVE ( 'NONE', #623, #3184, #262, .T. ) ;
#2507 = PLANE ( 'NONE',  #2397 ) ;
#2508 = CARTESIAN_POINT ( 'NONE',  ( 0.000000000000000000, 0.000000000000000000, -0.2809999999999999165 ) ) ;
#2509 = CARTESIAN_POINT ( 'NONE',  ( -1.199999999999999734, -0.000000000000000000, 0.000000000000000000 ) ) ;
#2510 = ORIENTED_EDGE ( 'NONE', *, *, #417, .F. ) ;
#2511 = DIRECTION ( 'NONE',  ( 0.000000000000000000, -1.000000000000000000, 0.000000000000000000 ) ) ;
#2512 = ADVANCED_FACE ( 'NONE', ( #2541 ), #2770, .T. ) ;
#2513 = PLANE ( 'NONE',  #935 ) ;
#2514 = ORIENTED_EDGE ( 'NONE', *, *, #2434, .T. ) ;
#2515 = DIRECTION ( 'NONE',  ( -0.000000000000000000, -0.000000000000000000, 1.000000000000000000 ) ) ;
#2516 = LINE ( 'NONE', #1330, #2903 ) ;
#2517 = ORIENTED_EDGE ( 'NONE', *, *, #2885, .F. ) ;
#2518 = DIRECTION ( 'NONE',  ( 0.000000000000000000, -1.000000000000000000, 0.000000000000000000 ) ) ;
#2519 = ADVANCED_FACE ( 'NONE', ( #1354 ), #3673, .T. ) ;
#2520 = EDGE_CURVE ( 'NONE', #1592, #1028, #3348, .T. ) ;
#2521 = CARTESIAN_POINT ( 'NONE',  ( -0.8999999999999998002, 0.1000000000000000056, 1.325000000000000178 ) ) ;
#2522 = CARTESIAN_POINT ( 'NONE',  ( -0.4749999999999999223, 0.000000000000000000, -0.2809999999999994724 ) ) ;
#2523 = AXIS2_PLACEMENT_3D ( 'NONE', #2503, #3293, #3031 ) ;
#2524 = VECTOR ( 'NONE', #3402, 1000.000000000000000 ) ;
#2525 = VERTEX_POINT ( 'NONE', #2792 ) ;
#2526 = DIRECTION ( 'NONE',  ( 0.000000000000000000, 0.000000000000000000, -1.000000000000000000 ) ) ;
#2527 = CARTESIAN_POINT ( 'NONE',  ( 6.276314845630179301E-17, 0.000000000000000000, 1.222500000000000142 ) ) ;
#2528 = CARTESIAN_POINT ( 'NONE',  ( 1.025000000000000355, 0.9799999999999999822, 1.449999999999999734 ) ) ;
#2529 = DIRECTION ( 'NONE',  ( -0.000000000000000000, -1.000000000000000000, -0.000000000000000000 ) ) ;
#2530 = CARTESIAN_POINT ( 'NONE',  ( -4.814824860968089633E-32, 0.1000000000000000056, -0.1025000000000001604 ) ) ;
#2531 = VERTEX_POINT ( 'NONE', #1370 ) ;
#2532 = AXIS2_PLACEMENT_3D ( 'NONE', #1638, #563, #1982 ) ;
#2533 = CARTESIAN_POINT ( 'NONE',  ( -0.8249999999999995115, 0.9799999999999999822, -1.249999999999999778 ) ) ;
#2534 = FACE_OUTER_BOUND ( 'NONE', #3579, .T. ) ;
#2535 = VERTEX_POINT ( 'NONE', #2522 ) ;
#2536 = FACE_OUTER_BOUND ( 'NONE', #1735, .T. ) ;
#2537 = DIRECTION ( 'NONE',  ( -0.000000000000000000, -1.000000000000000000, -0.000000000000000000 ) ) ;
#2538 = ORIENTED_EDGE ( 'NONE', *, *, #701, .F. ) ;
#2539 =( NAMED_UNIT ( * ) PLANE_ANGLE_UNIT ( ) SI_UNIT ( $, .RADIAN. ) );
#2540 = CARTESIAN_POINT ( 'NONE',  ( -0.4750000000000000333, 0.1000000000000000056, -0.8029999999999996030 ) ) ;
#2541 = FACE_OUTER_BOUND ( 'NONE', #1288, .T. ) ;
#2542 = EDGE_CURVE ( 'NONE', #415, #601, #3654, .T. ) ;
#2543 = AXIS2_PLACEMENT_3D ( 'NONE', #3301, #3019, #3111 ) ;
#2544 = SURFACE_SIDE_STYLE ('',( #3677 ) ) ;
#2545 = ORIENTED_EDGE ( 'NONE', *, *, #901, .F. ) ;
#2546 = LINE ( 'NONE', #3618, #3314 ) ;
#2547 = CARTESIAN_POINT ( 'NONE',  ( 0.000000000000000000, 0.000000000000000000, 0.000000000000000000 ) ) ;
#2548 = DIRECTION ( 'NONE',  ( 4.154031312204997907E-16, 0.000000000000000000, -1.000000000000000000 ) ) ;
#2549 = CYLINDRICAL_SURFACE ( 'NONE', #3108, 0.1000000000000000472 ) ;
#2550 = EDGE_LOOP ( 'NONE', ( #3482, #3079, #1548, #737 ) ) ;
#2551 = EDGE_CURVE ( 'NONE', #1713, #104, #1817, .T. ) ;
#2552 = CARTESIAN_POINT ( 'NONE',  ( 2.296212748401284028E-17, 0.000000000000000000, 0.8975000000000002975 ) ) ;
#2553 = CARTESIAN_POINT ( 'NONE',  ( -0.4749999999999999223, 0.000000000000000000, -0.2809999999999994724 ) ) ;
#2554 = ORIENTED_EDGE ( 'NONE', *, *, #1896, .F. ) ;
#2555 = VECTOR ( 'NONE', #2505, 1000.000000000000000 ) ;
#2556 = DIRECTION ( 'NONE',  ( 5.981805089575198169E-16, 0.000000000000000000, -1.000000000000000000 ) ) ;
#2557 = DIRECTION ( 'NONE',  ( 0.000000000000000000, 0.000000000000000000, -1.000000000000000000 ) ) ;
#2558 = ORIENTED_EDGE ( 'NONE', *, *, #3634, .T. ) ;
#2559 = VECTOR ( 'NONE', #1867, 1000.000000000000000 ) ;
#2560 = VECTOR ( 'NONE', #1156, 1000.000000000000000 ) ;
#2561 = CARTESIAN_POINT ( 'NONE',  ( 6.597931013801438585E-16, 0.1000000000000000056, -1.102999999999999314 ) ) ;
#2562 = EDGE_CURVE ( 'NONE', #3201, #493, #642, .T. ) ;
#2563 = ADVANCED_FACE ( 'NONE', ( #3441 ), #2596, .T. ) ;
#2564 = VERTEX_POINT ( 'NONE', #364 ) ;
#2565 = PLANE ( 'NONE',  #742 ) ;
#2566 = ADVANCED_FACE ( 'NONE', ( #2302 ), #2687, .T. ) ;
#2567 = DIRECTION ( 'NONE',  ( 0.000000000000000000, -0.000000000000000000, -1.000000000000000000 ) ) ;
#2568 = DIRECTION ( 'NONE',  ( 1.000000000000000000, 0.000000000000000000, 0.000000000000000000 ) ) ;
#2569 = CARTESIAN_POINT ( 'NONE',  ( -4.814824860968089633E-32, 0.1000000000000000056, 0.7100000000000000755 ) ) ;
#2570 = EDGE_LOOP ( 'NONE', ( #2800, #287, #2634, #705 ) ) ;
#2571 = CARTESIAN_POINT ( 'NONE',  ( -0.4749999999999999223, 0.1000000000000000056, -0.2809999999999994724 ) ) ;
#2572 = AXIS2_PLACEMENT_3D ( 'NONE', #1023, #1591, #3342 ) ;
#2573 = CARTESIAN_POINT ( 'NONE',  ( -1.324999999999999512, 0.2540000000000000036, 1.750000000000000222 ) ) ;
#2574 = VERTEX_POINT ( 'NONE', #403 ) ;
#2575 = CARTESIAN_POINT ( 'NONE',  ( -1.199999999999999512, -0.000000000000000000, 4.984837574645996502E-16 ) ) ;
#2576 = DIRECTION ( 'NONE',  ( 2.990902544787598592E-16, 0.000000000000000000, -1.000000000000000000 ) ) ;
#2577 = EDGE_CURVE ( 'NONE', #3471, #3368, #93, .T. ) ;
#2578 = DIRECTION ( 'NONE',  ( 1.000000000000000000, 0.000000000000000000, -0.000000000000000000 ) ) ;
#2579 = VERTEX_POINT ( 'NONE', #2001 ) ;
#2580 =( GEOMETRIC_REPRESENTATION_CONTEXT ( 3 ) GLOBAL_UNCERTAINTY_ASSIGNED_CONTEXT ( ( #113 ) ) GLOBAL_UNIT_ASSIGNED_CONTEXT ( ( #182, #1298, #2758 ) ) REPRESENTATION_CONTEXT ( 'NONE', 'WORKASPACE' ) );
#2581 = ORIENTED_EDGE ( 'NONE', *, *, #1095, .T. ) ;
#2582 =( LENGTH_UNIT ( ) NAMED_UNIT ( * ) SI_UNIT ( .MILLI., .METRE. ) );
#2583 = CIRCLE ( 'NONE', #1620, 0.1000000000000000472 ) ;
#2584 = DIRECTION ( 'NONE',  ( 1.000000000000000000, 0.000000000000000000, 0.000000000000000000 ) ) ;
#2585 = FACE_OUTER_BOUND ( 'NONE', #340, .T. ) ;
#2586 = ADVANCED_FACE ( 'NONE', ( #881 ), #146, .F. ) ;
#2587 = ORIENTED_EDGE ( 'NONE', *, *, #1296, .T. ) ;
#2588 = CARTESIAN_POINT ( 'NONE',  ( -1.025000000000000133, 0.2540000000000000036, -1.650000000000000133 ) ) ;
#2589 = AXIS2_PLACEMENT_3D ( 'NONE', #3193, #2214, #244 ) ;
#2590 = AXIS2_PLACEMENT_3D ( 'NONE', #1839, #2372, #1801 ) ;
#2591 = CYLINDRICAL_SURFACE ( 'NONE', #3567, 0.04999999999999991257 ) ;
#2592 = EDGE_LOOP ( 'NONE', ( #15, #1796, #2338, #2587 ) ) ;
#2593 = CARTESIAN_POINT ( 'NONE',  ( 0.000000000000000000, 0.000000000000000000, 0.000000000000000000 ) ) ;
#2594 = EDGE_CURVE ( 'NONE', #1281, #34, #3224, .T. ) ;
#2595 = DIRECTION ( 'NONE',  ( -0.000000000000000000, -1.000000000000000000, -0.000000000000000000 ) ) ;
#2596 = PLANE ( 'NONE',  #365 ) ;
#2597 = EDGE_LOOP ( 'NONE', ( #3302, #1538, #293, #3421 ) ) ;
#2598 = ADVANCED_FACE ( 'NONE', ( #3140 ), #1264, .F. ) ;
#2599 = ORIENTED_EDGE ( 'NONE', *, *, #2313, .T. ) ;
#2600 = APPLICATION_PROTOCOL_DEFINITION ( 'draft international standard', 'automotive_design', 1998, #242 ) ;
#2601 = AXIS2_PLACEMENT_3D ( 'NONE', #593, #3152, #3093 ) ;
#2602 = CARTESIAN_POINT ( 'NONE',  ( -1.025000000000000355, 0.9799999999999999822, 1.449999999999999734 ) ) ;
#2603 = CARTESIAN_POINT ( 'NONE',  ( 0.000000000000000000, 0.000000000000000000, 1.325000000000000178 ) ) ;
#2604 = ORIENTED_EDGE ( 'NONE', *, *, #1836, .F. ) ;
#2605 = CARTESIAN_POINT ( 'NONE',  ( 1.025000000000000133, 0.8550000000000007594, -1.450000000000000178 ) ) ;
#2606 = ADVANCED_FACE ( 'NONE', ( #1783 ), #695, .F. ) ;
#2607 = ORIENTED_EDGE ( 'NONE', *, *, #1387, .T. ) ;
#2608 = LINE ( 'NONE', #2575, #514 ) ;
#2609 = PLANE ( 'NONE',  #1009 ) ;
#2610 = VECTOR ( 'NONE', #1775, 1000.000000000000000 ) ;
#2611 = ORIENTED_EDGE ( 'NONE', *, *, #790, .T. ) ;
#2612 = VECTOR ( 'NONE', #184, 1000.000000000000000 ) ;
#2613 = AXIS2_PLACEMENT_3D ( 'NONE', #1025, #3631, #1064 ) ;
#2614 = PRODUCT_DEFINITION_FORMATION_WITH_SPECIFIED_SOURCE ( 'ANY', '', #882, .NOT_KNOWN. ) ;
#2615 = EDGE_CURVE ( 'NONE', #466, #1966, #1246, .T. ) ;
#2616 = FILL_AREA_STYLE_COLOUR ( '', #1782 ) ;
#2617 = ADVANCED_FACE ( 'NONE', ( #2653 ), #1229, .T. ) ;
#2618 = CARTESIAN_POINT ( 'NONE',  ( -4.814824860968089633E-32, 0.1000000000000000056, 0.7100000000000000755 ) ) ;
#2619 = VERTEX_POINT ( 'NONE', #383 ) ;
#2620 = ORIENTED_EDGE ( 'NONE', *, *, #292, .F. ) ;
#2621 = VECTOR ( 'NONE', #3432, 1000.000000000000000 ) ;
#2622 = DIRECTION ( 'NONE',  ( -0.000000000000000000, -1.000000000000000000, -0.000000000000000000 ) ) ;
#2623 = ORIENTED_EDGE ( 'NONE', *, *, #1394, .T. ) ;
#2624 = LINE ( 'NONE', #1437, #1136 ) ;
#2625 = ORIENTED_EDGE ( 'NONE', *, *, #1953, .T. ) ;
#2626 = EDGE_CURVE ( 'NONE', #1267, #2039, #2672, .T. ) ;
#2627 = ORIENTED_EDGE ( 'NONE', *, *, #180, .F. ) ;
#2628 = EDGE_CURVE ( 'NONE', #1954, #961, #425, .T. ) ;
#2629 = DIRECTION ( 'NONE',  ( 2.077015656102498460E-16, 0.000000000000000000, 1.000000000000000000 ) ) ;
#2630 = ORIENTED_EDGE ( 'NONE', *, *, #646, .F. ) ;
#2631 = CIRCLE ( 'NONE', #650, 0.1000000000000000472 ) ;
#2632 = LINE ( 'NONE', #328, #2685 ) ;
#2633 = CARTESIAN_POINT ( 'NONE',  ( 1.199999999999999289, 0.1000000000000000056, 0.000000000000000000 ) ) ;
#2634 = ORIENTED_EDGE ( 'NONE', *, *, #1595, .T. ) ;
#2635 = CIRCLE ( 'NONE', #2753, 0.1000000000000000472 ) ;
#2636 = DIRECTION ( 'NONE',  ( -0.000000000000000000, -1.000000000000000000, -0.000000000000000000 ) ) ;
#2637 = EDGE_LOOP ( 'NONE', ( #3475, #867, #3, #1587 ) ) ;
#2638 = ORIENTED_EDGE ( 'NONE', *, *, #2551, .F. ) ;
#2639 = CIRCLE ( 'NONE', #1628, 0.8125000000000003331 ) ;
#2640 = CARTESIAN_POINT ( 'NONE',  ( 1.199999999999999289, 0.000000000000000000, 1.625000000000000222 ) ) ;
#2641 = VERTEX_POINT ( 'NONE', #755 ) ;
#2642 = PLANE ( 'NONE',  #3067 ) ;
#2643 = VECTOR ( 'NONE', #785, 1000.000000000000000 ) ;
#2644 = SURFACE_SIDE_STYLE ('',( #3008 ) ) ;
#2645 = ORIENTED_EDGE ( 'NONE', *, *, #1080, .T. ) ;
#2646 = ORIENTED_EDGE ( 'NONE', *, *, #1998, .T. ) ;
#2647 = DIRECTION ( 'NONE',  ( -0.000000000000000000, -1.000000000000000000, -0.000000000000000000 ) ) ;
#2648 = CARTESIAN_POINT ( 'NONE',  ( -1.200847371732219932E-16, -0.000000000000000000, -0.8029999999999997140 ) ) ;
#2649 = VERTEX_POINT ( 'NONE', #795 ) ;
#2650 = ORIENTED_EDGE ( 'NONE', *, *, #3470, .F. ) ;
#2651 = AXIS2_PLACEMENT_3D ( 'NONE', #738, #2511, #1042 ) ;
#2652 = CARTESIAN_POINT ( 'NONE',  ( -1.199999999999999734, 0.1000000000000000056, 4.984837574645997488E-16 ) ) ;
#2653 = FACE_OUTER_BOUND ( 'NONE', #216, .T. ) ;
#2654 = ORIENTED_EDGE ( 'NONE', *, *, #905, .T. ) ;
#2655 = EDGE_LOOP ( 'NONE', ( #367, #3399, #698, #3245 ) ) ;
#2656 = VECTOR ( 'NONE', #58, 1000.000000000000000 ) ;
#2657 = LINE ( 'NONE', #3244, #3122 ) ;
#2658 = SPHERICAL_SURFACE ( 'NONE', #3030, 0.1250000000000000000 ) ;
#2659 = SURFACE_SIDE_STYLE ('',( #372 ) ) ;
#2660 = ORIENTED_EDGE ( 'NONE', *, *, #3107, .F. ) ;
#2661 = FILL_AREA_STYLE ('',( #966 ) ) ;
#2662 = AXIS2_PLACEMENT_3D ( 'NONE', #2347, #3481, #1505 ) ;
#2663 = EDGE_CURVE ( 'NONE', #609, #3221, #1017, .T. ) ;
#2664 = CYLINDRICAL_SURFACE ( 'NONE', #2917, 0.8125000000000003331 ) ;
#2665 = DIRECTION ( 'NONE',  ( 0.000000000000000000, -1.000000000000000000, 0.000000000000000000 ) ) ;
#2666 = ORIENTED_EDGE ( 'NONE', *, *, #1498, .F. ) ;
#2667 = DIRECTION ( 'NONE',  ( 4.154031312204998893E-16, 0.000000000000000000, 1.000000000000000000 ) ) ;
#2668 = PRESENTATION_LAYER_ASSIGNMENT (  '', '', ( #1717 ) ) ;
#2669 = EDGE_CURVE ( 'NONE', #601, #1361, #1341, .T. ) ;
#2670 = ADVANCED_FACE ( 'NONE', ( #2137 ), #2507, .T. ) ;
#2671 = LINE ( 'NONE', #2067, #3310 ) ;
#2672 = LINE ( 'NONE', #111, #656 ) ;
#2673 = ORIENTED_EDGE ( 'NONE', *, *, #943, .T. ) ;
#2674 = ORIENTED_EDGE ( 'NONE', *, *, #3349, .F. ) ;
#2675 = DIRECTION ( 'NONE',  ( -0.000000000000000000, -1.000000000000000000, -0.000000000000000000 ) ) ;
#2676 = VERTEX_POINT ( 'NONE', #516 ) ;
#2677 = LINE ( 'NONE', #2359, #1887 ) ;
#2678 = FACE_OUTER_BOUND ( 'NONE', #3694, .T. ) ;
#2679 = EDGE_LOOP ( 'NONE', ( #2428, #1693, #655, #1232 ) ) ;
#2680 = FILL_AREA_STYLE ('',( #2616 ) ) ;
#2681 = CARTESIAN_POINT ( 'NONE',  ( -0.4749999999999999223, 0.1000000000000000056, -0.2809999999999994724 ) ) ;
#2682 = LINE ( 'NONE', #2441, #310 ) ;
#2683 = EDGE_LOOP ( 'NONE', ( #59, #1202, #2650, #1058 ) ) ;
#2684 = LINE ( 'NONE', #2925, #2482 ) ;
#2685 = VECTOR ( 'NONE', #1521, 1000.000000000000000 ) ;
#2686 = ADVANCED_FACE ( 'NONE', ( #2797 ), #1931, .T. ) ;
#2687 = PLANE ( 'NONE',  #2090 ) ;
#2688 = DIRECTION ( 'NONE',  ( -0.000000000000000000, -1.000000000000000000, 0.000000000000000000 ) ) ;
#2689 = ORIENTED_EDGE ( 'NONE', *, *, #1621, .F. ) ;
#2690 = EDGE_LOOP ( 'NONE', ( #915, #346, #158, #3343 ) ) ;
#2691 = CARTESIAN_POINT ( 'NONE',  ( 1.025000000000000355, 0.8550000000000015365, -1.450000000000000178 ) ) ;
#2692 = VERTEX_POINT ( 'NONE', #771 ) ;
#2693 = ADVANCED_FACE ( 'NONE', ( #3358 ), #3054, .F. ) ;
#2694 = FACE_OUTER_BOUND ( 'NONE', #3071, .T. ) ;
#2695 = DIRECTION ( 'NONE',  ( 0.000000000000000000, -0.000000000000000000, -1.000000000000000000 ) ) ;
#2696 = AXIS2_PLACEMENT_3D ( 'NONE', #83, #2432, #3213 ) ;
#2697 = AXIS2_PLACEMENT_3D ( 'NONE', #1265, #2727, #1322 ) ;
#2698 = ORIENTED_EDGE ( 'NONE', *, *, #1345, .F. ) ;
#2699 = ADVANCED_FACE ( 'NONE', ( #1858 ), #167, .T. ) ;
#2700 = PRESENTATION_LAYER_ASSIGNMENT (  '', '', ( #316 ) ) ;
#2701 = DIRECTION ( 'NONE',  ( 0.000000000000000000, 1.000000000000000000, 0.000000000000000000 ) ) ;
#2702 = CARTESIAN_POINT ( 'NONE',  ( -4.814824860968089633E-32, 0.1000000000000000056, 0.1975000000000002032 ) ) ;
#2703 = ORIENTED_EDGE ( 'NONE', *, *, #813, .F. ) ;
#2704 = CARTESIAN_POINT ( 'NONE',  ( 0.4750000000000005884, 0.1000000000000000056, -1.973164873297376964E-16 ) ) ;
#2705 = VECTOR ( 'NONE', #2427, 1000.000000000000000 ) ;
#2706 = DIRECTION ( 'NONE',  ( -0.000000000000000000, -1.000000000000000000, -0.000000000000000000 ) ) ;
#2707 = CARTESIAN_POINT ( 'NONE',  ( -0.8249999999999995115, 0.9299999999999999378, -1.249999999999999778 ) ) ;
#2708 = ORIENTED_EDGE ( 'NONE', *, *, #518, .F. ) ;
#2709 = ORIENTED_EDGE ( 'NONE', *, *, #586, .T. ) ;
#2710 = EDGE_CURVE ( 'NONE', #2619, #609, #2932, .T. ) ;
#2711 = CARTESIAN_POINT ( 'NONE',  ( 1.025000000000000133, 0.3790000000000000036, 1.649999999999999689 ) ) ;
#2712 = VECTOR ( 'NONE', #479, 1000.000000000000000 ) ;
#2713 = DIRECTION ( 'NONE',  ( 1.000000000000000000, 0.000000000000000000, 0.000000000000000000 ) ) ;
#2714 =( NAMED_UNIT ( * ) SI_UNIT ( $, .STERADIAN. ) SOLID_ANGLE_UNIT ( ) );
#2715 = DIRECTION ( 'NONE',  ( -1.000000000000000000, 0.000000000000000000, 0.000000000000000000 ) ) ;
#2716 = EDGE_CURVE ( 'NONE', #3514, #3583, #1608, .T. ) ;
#2717 = DIRECTION ( 'NONE',  ( 0.000000000000000000, -1.000000000000000000, 0.000000000000000000 ) ) ;
#2718 = ORIENTED_EDGE ( 'NONE', *, *, #3203, .T. ) ;
#2719 = CARTESIAN_POINT ( 'NONE',  ( -1.200000000000000178, 0.1000000000000000056, -0.8029999999999999361 ) ) ;
#2720 = AXIS2_PLACEMENT_3D ( 'NONE', #3253, #1813, #2440 ) ;
#2721 = CARTESIAN_POINT ( 'NONE',  ( -1.025000000000000133, 5.860320499651279214, 1.574999999999999734 ) ) ;
#2722 = DIRECTION ( 'NONE',  ( 1.000000000000000000, 0.000000000000000000, 0.000000000000000000 ) ) ;
#2723 = ORIENTED_EDGE ( 'NONE', *, *, #813, .T. ) ;
#2724 = PLANE ( 'NONE',  #2948 ) ;
#2725 = EDGE_CURVE ( 'NONE', #1907, #1984, #1039, .T. ) ;
#2726 = AXIS2_PLACEMENT_3D ( 'NONE', #597, #2556, #60 ) ;
#2727 = DIRECTION ( 'NONE',  ( 0.000000000000000000, -1.000000000000000000, 0.000000000000000000 ) ) ;
#2728 = ORIENTED_EDGE ( 'NONE', *, *, #1762, .T. ) ;
#2729 = PLANE ( 'NONE',  #29 ) ;
#2730 = DIRECTION ( 'NONE',  ( -2.077015656102498707E-16, 0.000000000000000000, -1.000000000000000000 ) ) ;
#2731 = CARTESIAN_POINT ( 'NONE',  ( 1.225000000000000089, 0.3790000000000000036, 1.449999999999999734 ) ) ;
#2732 = FACE_OUTER_BOUND ( 'NONE', #2141, .T. ) ;
#2733 = VERTEX_POINT ( 'NONE', #2742 ) ;
#2734 = LINE ( 'NONE', #3633, #2524 ) ;
#2735 = DIRECTION ( 'NONE',  ( 1.000000000000000000, 0.000000000000000000, -0.000000000000000000 ) ) ;
#2736 = VECTOR ( 'NONE', #1327, 1000.000000000000000 ) ;
#2737 = CARTESIAN_POINT ( 'NONE',  ( -1.199999999999999734, 0.1000000000000000056, 0.000000000000000000 ) ) ;
#2738 = FACE_OUTER_BOUND ( 'NONE', #2461, .T. ) ;
#2739 = CARTESIAN_POINT ( 'NONE',  ( 0.000000000000000000, 0.1000000000000000056, 1.625000000000000222 ) ) ;
#2740 = ORIENTED_EDGE ( 'NONE', *, *, #3205, .F. ) ;
#2741 = DIRECTION ( 'NONE',  ( 0.000000000000000000, 0.000000000000000000, -1.000000000000000000 ) ) ;
#2742 = CARTESIAN_POINT ( 'NONE',  ( -0.4750000000000000333, -0.000000000000000000, -0.8029999999999996030 ) ) ;
#2743 = CARTESIAN_POINT ( 'NONE',  ( -4.814824860968089633E-32, 0.1000000000000000056, 0.1975000000000002032 ) ) ;
#2744 = VERTEX_POINT ( 'NONE', #1840 ) ;
#2745 = CARTESIAN_POINT ( 'NONE',  ( -0.8999999999999998002, 0.1000000000000000056, 1.625000000000000222 ) ) ;
#2746 = VECTOR ( 'NONE', #2869, 1000.000000000000000 ) ;
#2747 = EDGE_CURVE ( 'NONE', #330, #1470, #3539, .T. ) ;
#2748 = CARTESIAN_POINT ( 'NONE',  ( -0.8999999999999998002, 0.000000000000000000, 1.325000000000000178 ) ) ;
#2749 = ORIENTED_EDGE ( 'NONE', *, *, #739, .T. ) ;
#2750 = CARTESIAN_POINT ( 'NONE',  ( -1.200000000000000178, 0.1000000000000000056, -0.8029999999999999361 ) ) ;
#2751 = ORIENTED_EDGE ( 'NONE', *, *, #2109, .F. ) ;
#2752 = CARTESIAN_POINT ( 'NONE',  ( -0.4749999999999998668, 0.1000000000000000056, 9.865824366486865099E-17 ) ) ;
#2753 = AXIS2_PLACEMENT_3D ( 'NONE', #914, #2846, #2880 ) ;
#2754 = DIRECTION ( 'NONE',  ( 0.000000000000000000, -1.000000000000000000, 0.000000000000000000 ) ) ;
#2755 = VECTOR ( 'NONE', #2483, 1000.000000000000000 ) ;
#2756 = EDGE_CURVE ( 'NONE', #2244, #3296, #2976, .T. ) ;
#2757 = AXIS2_PLACEMENT_3D ( 'NONE', #1294, #668, #2396 ) ;
#2758 =( NAMED_UNIT ( * ) SI_UNIT ( $, .STERADIAN. ) SOLID_ANGLE_UNIT ( ) );
#2759 = DIRECTION ( 'NONE',  ( 0.000000000000000000, 0.000000000000000000, 1.000000000000000000 ) ) ;
#2760 = CARTESIAN_POINT ( 'NONE',  ( 0.000000000000000000, 0.1000000000000000056, 0.000000000000000000 ) ) ;
#2761 = STYLED_ITEM ( 'NONE', ( #828 ), #2299 ) ;
#2762 = CARTESIAN_POINT ( 'NONE',  ( 1.199999999999999734, 0.000000000000000000, 4.984837574645996502E-16 ) ) ;
#2763 = EDGE_LOOP ( 'NONE', ( #1666, #352, #2140, #584 ) ) ;
#2764 = CARTESIAN_POINT ( 'NONE',  ( -1.025000000000000133, 0.3790000000000000036, -1.650000000000000133 ) ) ;
#2765 = EDGE_CURVE ( 'NONE', #1907, #1713, #3565, .T. ) ;
#2766 = CARTESIAN_POINT ( 'NONE',  ( -1.324999999999999512, 0.000000000000000000, 1.750000000000000222 ) ) ;
#2767 = DIRECTION ( 'NONE',  ( 0.000000000000000000, 0.000000000000000000, 1.000000000000000000 ) ) ;
#2768 = DIRECTION ( 'NONE',  ( -1.000000000000000000, 0.000000000000000000, -2.990902544787597606E-16 ) ) ;
#2769 = VECTOR ( 'NONE', #1270, 1000.000000000000000 ) ;
#2770 = CYLINDRICAL_SURFACE ( 'NONE', #3173, 0.8125000000000003331 ) ;
#2771 = AXIS2_PLACEMENT_3D ( 'NONE', #363, #1509, #1816 ) ;
#2772 = DIRECTION ( 'NONE',  ( 0.000000000000000000, 0.000000000000000000, -1.000000000000000000 ) ) ;
#2773 = FACE_OUTER_BOUND ( 'NONE', #994, .T. ) ;
#2774 = EDGE_CURVE ( 'NONE', #192, #2375, #3339, .T. ) ;
#2775 = CARTESIAN_POINT ( 'NONE',  ( 1.199999999999999289, 0.000000000000000000, 0.000000000000000000 ) ) ;
#2776 = VECTOR ( 'NONE', #3588, 1000.000000000000000 ) ;
#2777 = CARTESIAN_POINT ( 'NONE',  ( 1.200000000000000178, 0.1000000000000000056, -1.624999999999999778 ) ) ;
#2778 = DIRECTION ( 'NONE',  ( 0.000000000000000000, 1.000000000000000000, 0.000000000000000000 ) ) ;
#2779 = ADVANCED_FACE ( 'NONE', ( #1057 ), #2995, .F. ) ;
#2780 = ORIENTED_EDGE ( 'NONE', *, *, #1643, .F. ) ;
#2781 = EDGE_CURVE ( 'NONE', #1026, #554, #1859, .T. ) ;
#2782 = AXIS2_PLACEMENT_3D ( 'NONE', #3128, #3642, #1077 ) ;
#2783 = LINE ( 'NONE', #2490, #494 ) ;
#2784 = AXIS2_PLACEMENT_3D ( 'NONE', #68, #3476, #634 ) ;
#2785 = COLOUR_RGB ( '',1.000000000000000000, 0.8117647058823529438, 0.5019607843137254832 ) ;
#2786 = DIRECTION ( 'NONE',  ( 1.000000000000000000, 0.000000000000000000, -0.000000000000000000 ) ) ;
#2787 = VERTEX_POINT ( 'NONE', #3623 ) ;
#2788 = LINE ( 'NONE', #2473, #2181 ) ;
#2789 = FACE_OUTER_BOUND ( 'NONE', #2637, .T. ) ;
#2790 = EDGE_LOOP ( 'NONE', ( #3154, #140, #1243, #3625 ) ) ;
#2791 = DIRECTION ( 'NONE',  ( 0.000000000000000000, 0.000000000000000000, 1.000000000000000000 ) ) ;
#2792 = CARTESIAN_POINT ( 'NONE',  ( -1.199999999999999956, 0.1000000000000000056, -0.2810000000000000275 ) ) ;
#2793 =( NAMED_UNIT ( * ) SI_UNIT ( $, .STERADIAN. ) SOLID_ANGLE_UNIT ( ) );
#2794 = ORIENTED_EDGE ( 'NONE', *, *, #2206, .F. ) ;
#2795 = FACE_OUTER_BOUND ( 'NONE', #2804, .T. ) ;
#2796 = ADVANCED_FACE ( 'NONE', ( #2120, #3258, #3300, #1586, #3581, #404, #2444, #1545 ), #2199, .T. ) ;
#2797 = FACE_OUTER_BOUND ( 'NONE', #1047, .T. ) ;
#2798 = CARTESIAN_POINT ( 'NONE',  ( 1.325000000000000400, 0.2540000000000000036, -1.749999999999999778 ) ) ;
#2799 = CARTESIAN_POINT ( 'NONE',  ( -1.199999999999999734, -0.000000000000000000, 4.984837574645997488E-16 ) ) ;
#2800 = ORIENTED_EDGE ( 'NONE', *, *, #3217, .F. ) ;
#2801 = DIRECTION ( 'NONE',  ( 0.000000000000000000, -1.000000000000000000, 0.000000000000000000 ) ) ;
#2802 = ADVANCED_FACE ( 'NONE', ( #773 ), #3657, .F. ) ;
#2803 = DIRECTION ( 'NONE',  ( 0.000000000000000000, -1.000000000000000000, 0.000000000000000000 ) ) ;
#2804 = EDGE_LOOP ( 'NONE', ( #254, #2253, #2611, #2380 ) ) ;
#2805 = CARTESIAN_POINT ( 'NONE',  ( -0.8999999999999998002, 0.1000000000000000056, 1.325000000000000178 ) ) ;
#2806 = CARTESIAN_POINT ( 'NONE',  ( 0.000000000000000000, 0.1000000000000000056, 1.325000000000000178 ) ) ;
#2807 = ORIENTED_EDGE ( 'NONE', *, *, #1703, .F. ) ;
#2808 = DIRECTION ( 'NONE',  ( 0.000000000000000000, 0.000000000000000000, -1.000000000000000000 ) ) ;
#2809 = PLANE ( 'NONE',  #2158 ) ;
#2810 = AXIS2_PLACEMENT_3D ( 'NONE', #765, #1352, #2500 ) ;
#2811 = FILL_AREA_STYLE ('',( #1695 ) ) ;
#2812 = ADVANCED_FACE ( 'NONE', ( #2161 ), #191, .T. ) ;
#2813 = ORIENTED_EDGE ( 'NONE', *, *, #2885, .T. ) ;
#2814 = CARTESIAN_POINT ( 'NONE',  ( 1.150000000000000133, 0.8550000000000015365, -1.450000000000000178 ) ) ;
#2815 = EDGE_LOOP ( 'NONE', ( #3390, #108, #1513, #1268, #1348, #1411, #257, #3271 ) ) ;
#2816 = FACE_BOUND ( 'NONE', #644, .T. ) ;
#2817 = FACE_OUTER_BOUND ( 'NONE', #868, .T. ) ;
#2818 = ORIENTED_EDGE ( 'NONE', *, *, #574, .T. ) ;
#2819 = CARTESIAN_POINT ( 'NONE',  ( -1.324999999999999512, 0.2540000000000000036, 1.750000000000000222 ) ) ;
#2820 = DIRECTION ( 'NONE',  ( 0.000000000000000000, 0.000000000000000000, -1.000000000000000000 ) ) ;
#2821 = ORIENTED_EDGE ( 'NONE', *, *, #505, .F. ) ;
#2822 = ADVANCED_FACE ( 'NONE', ( #3018 ), #461, .T. ) ;
#2823 =( NAMED_UNIT ( * ) SI_UNIT ( $, .STERADIAN. ) SOLID_ANGLE_UNIT ( ) );
#2824 = ADVANCED_FACE ( 'NONE', ( #3322 ), #756, .T. ) ;
#2825 = FACE_OUTER_BOUND ( 'NONE', #3262, .T. ) ;
#2826 = FACE_OUTER_BOUND ( 'NONE', #3144, .T. ) ;
#2827 = ORIENTED_EDGE ( 'NONE', *, *, #1881, .T. ) ;
#2828 = EDGE_CURVE ( 'NONE', #1361, #104, #1630, .T. ) ;
#2829 = ORIENTED_EDGE ( 'NONE', *, *, #1770, .F. ) ;
#2830 = VECTOR ( 'NONE', #1917, 1000.000000000000000 ) ;
#2831 =( NAMED_UNIT ( * ) PLANE_ANGLE_UNIT ( ) SI_UNIT ( $, .RADIAN. ) );
#2832 = ORIENTED_EDGE ( 'NONE', *, *, #1757, .F. ) ;
#2833 = DIRECTION ( 'NONE',  ( 0.000000000000000000, 0.000000000000000000, -1.000000000000000000 ) ) ;
#2834 = VECTOR ( 'NONE', #2841, 1000.000000000000000 ) ;
#2835 = LINE ( 'NONE', #1750, #65 ) ;
#2836 = CARTESIAN_POINT ( 'NONE',  ( -1.025000000000000133, 0.3790000000000000036, 1.449999999999999734 ) ) ;
#2837 = LINE ( 'NONE', #248, #11 ) ;
#2838 = ORIENTED_EDGE ( 'NONE', *, *, #1573, .T. ) ;
#2839 = ADVANCED_FACE ( 'NONE', ( #3359, #1116 ), #3700, .T. ) ;
#2840 = AXIS2_PLACEMENT_3D ( 'NONE', #1083, #2228, #3366 ) ;
#2841 = DIRECTION ( 'NONE',  ( 4.154031312204998893E-16, 0.000000000000000000, 1.000000000000000000 ) ) ;
#2842 = CARTESIAN_POINT ( 'NONE',  ( 1.025000000000000133, 0.3790000000000000036, 1.624999999999999778 ) ) ;
#2843 = ORIENTED_EDGE ( 'NONE', *, *, #1558, .T. ) ;
#2844 = FACE_OUTER_BOUND ( 'NONE', #1822, .T. ) ;
#2845 = LINE ( 'NONE', #3222, #2560 ) ;
#2846 = DIRECTION ( 'NONE',  ( 0.000000000000000000, 1.000000000000000000, 0.000000000000000000 ) ) ;
#2847 = DIRECTION ( 'NONE',  ( 0.000000000000000000, 0.000000000000000000, -1.000000000000000000 ) ) ;
#2848 = EDGE_LOOP ( 'NONE', ( #339, #1924, #3542, #1319 ) ) ;
#2849 = AXIS2_PLACEMENT_3D ( 'NONE', #3145, #900, #355 ) ;
#2850 = AXIS2_PLACEMENT_3D ( 'NONE', #2593, #544, #1798 ) ;
#2851 = CARTESIAN_POINT ( 'NONE',  ( 0.000000000000000000, 0.8549999999999999822, -1.450000000000000400 ) ) ;
#2852 = VERTEX_POINT ( 'NONE', #2798 ) ;
#2853 = CARTESIAN_POINT ( 'NONE',  ( 1.325000000000000400, 0.2540000000000000036, 1.750000000000000222 ) ) ;
#2854 = DIRECTION ( 'NONE',  ( 1.000000000000000000, 0.000000000000000000, 0.000000000000000000 ) ) ;
#2855 = FACE_OUTER_BOUND ( 'NONE', #1969, .T. ) ;
#2856 = VERTEX_POINT ( 'NONE', #1131 ) ;
#2857 = LINE ( 'NONE', #2259, #1461 ) ;
#2858 = CARTESIAN_POINT ( 'NONE',  ( 1.025000000000000133, 0.4289999999999994929, -1.625000000000000222 ) ) ;
#2859 = ORIENTED_EDGE ( 'NONE', *, *, #739, .F. ) ;
#2860 = ADVANCED_FACE ( 'NONE', ( #267 ), #2220, .T. ) ;
#2861 = CARTESIAN_POINT ( 'NONE',  ( -1.025000000000000133, 0.8549999999999999822, 1.449999999999999734 ) ) ;
#2862 = DIRECTION ( 'NONE',  ( 0.000000000000000000, -1.000000000000000000, 0.000000000000000000 ) ) ;
#2863 = DIRECTION ( 'NONE',  ( 1.000000000000000000, 0.000000000000000000, -0.000000000000000000 ) ) ;
#2864 = ORIENTED_EDGE ( 'NONE', *, *, #3470, .T. ) ;
#2865 = ORIENTED_EDGE ( 'NONE', *, *, #2417, .F. ) ;
#2866 = VECTOR ( 'NONE', #3127, 1000.000000000000000 ) ;
#2867 = ORIENTED_EDGE ( 'NONE', *, *, #1857, .F. ) ;
#2868 = EDGE_CURVE ( 'NONE', #633, #2787, #1163, .T. ) ;
#2869 = DIRECTION ( 'NONE',  ( -0.000000000000000000, -1.000000000000000000, -0.000000000000000000 ) ) ;
#2870 = CARTESIAN_POINT ( 'NONE',  ( -0.4750000000000000333, 0.000000000000000000, -1.624999999999999778 ) ) ;
#2871 = LINE ( 'NONE', #1447, #1085 ) ;
#2872 = EDGE_LOOP ( 'NONE', ( #3174, #2674 ) ) ;
#2873 = EDGE_LOOP ( 'NONE', ( #1610, #2472, #899, #2053 ) ) ;
#2874 = CARTESIAN_POINT ( 'NONE',  ( -1.225000000000000089, 0.2540000000000000036, 1.449999999999999734 ) ) ;
#2875 = VECTOR ( 'NONE', #538, 1000.000000000000000 ) ;
#2876 = VECTOR ( 'NONE', #2182, 1000.000000000000000 ) ;
#2877 = DIRECTION ( 'NONE',  ( 0.000000000000000000, 0.000000000000000000, -1.000000000000000000 ) ) ;
#2878 = VERTEX_POINT ( 'NONE', #1391 ) ;
#2879 = CARTESIAN_POINT ( 'NONE',  ( 1.025000000000000133, 0.3790000000000000036, 1.449999999999999734 ) ) ;
#2880 = DIRECTION ( 'NONE',  ( 0.000000000000000000, 0.000000000000000000, 1.000000000000000000 ) ) ;
#2881 = STYLED_ITEM ( 'NONE', ( #2252 ), #2320 ) ;
#2882 = ORIENTED_EDGE ( 'NONE', *, *, #107, .F. ) ;
#2883 = FACE_OUTER_BOUND ( 'NONE', #2973, .T. ) ;
#2884 = ORIENTED_EDGE ( 'NONE', *, *, #3183, .T. ) ;
#2885 = EDGE_CURVE ( 'NONE', #52, #623, #1700, .T. ) ;
#2886 = ORIENTED_EDGE ( 'NONE', *, *, #2756, .T. ) ;
#2887 = SHAPE_DEFINITION_REPRESENTATION ( #2014, #432 ) ;
#2888 = CIRCLE ( 'NONE', #3370, 0.04999999999999991257 ) ;
#2889 = DIRECTION ( 'NONE',  ( 0.000000000000000000, -1.000000000000000000, 0.000000000000000000 ) ) ;
#2890 = PLANE ( 'NONE',  #1353 ) ;
#2891 = ORIENTED_EDGE ( 'NONE', *, *, #550, .F. ) ;
#2892 = ORIENTED_EDGE ( 'NONE', *, *, #3000, .F. ) ;
#2893 = ADVANCED_FACE ( 'NONE', ( #3427 ), #3394, .F. ) ;
#2894 = CARTESIAN_POINT ( 'NONE',  ( -1.200000000000000178, 0.1000000000000000056, -0.8029999999999999361 ) ) ;
#2895 = AXIS2_PLACEMENT_3D ( 'NONE', #2704, #1075, #1283 ) ;
#2896 = ADVANCED_FACE ( 'NONE', ( #2585 ), #1429, .T. ) ;
#2897 = EDGE_CURVE ( 'NONE', #1966, #302, #3069, .T. ) ;
#2898 = CARTESIAN_POINT ( 'NONE',  ( 1.225000000000000089, 0.3790000000000000036, 1.449999999999999734 ) ) ;
#2899 = ORIENTED_EDGE ( 'NONE', *, *, #2756, .F. ) ;
#2900 = CARTESIAN_POINT ( 'NONE',  ( 0.000000000000000000, 0.1000000000000000056, 1.625000000000000222 ) ) ;
#2901 = VECTOR ( 'NONE', #265, 1000.000000000000000 ) ;
#2902 = VERTEX_POINT ( 'NONE', #517 ) ;
#2903 = VECTOR ( 'NONE', #1884, 1000.000000000000000 ) ;
#2904 = VECTOR ( 'NONE', #3671, 1000.000000000000000 ) ;
#2905 = SURFACE_SIDE_STYLE ('',( #2009 ) ) ;
#2906 = CARTESIAN_POINT ( 'NONE',  ( -4.814824860968089633E-32, 0.000000000000000000, 0.7100000000000000755 ) ) ;
#2907 = CARTESIAN_POINT ( 'NONE',  ( 1.200000000000000178, 0.1000000000000000056, -1.102999999999999536 ) ) ;
#2908 = VERTEX_POINT ( 'NONE', #3682 ) ;
#2909 = EDGE_LOOP ( 'NONE', ( #2673, #2620, #1964, #1759 ) ) ;
#2910 = EDGE_CURVE ( 'NONE', #3473, #3170, #536, .T. ) ;
#2911 = DIRECTION ( 'NONE',  ( 0.000000000000000000, 0.000000000000000000, 1.000000000000000000 ) ) ;
#2912 = ORIENTED_EDGE ( 'NONE', *, *, #70, .F. ) ;
#2913 = LINE ( 'NONE', #2126, #2610 ) ;
#2914 = CARTESIAN_POINT ( 'NONE',  ( 0.000000000000000000, 0.000000000000000000, 0.000000000000000000 ) ) ;
#2915 = DIRECTION ( 'NONE',  ( 0.000000000000000000, 0.000000000000000000, -1.000000000000000000 ) ) ;
#2916 = EDGE_LOOP ( 'NONE', ( #2267, #2421, #94, #591 ) ) ;
#2917 = AXIS2_PLACEMENT_3D ( 'NONE', #1257, #86, #2346 ) ;
#2918 = EDGE_CURVE ( 'NONE', #1470, #1028, #1149, .T. ) ;
#2919 = CARTESIAN_POINT ( 'NONE',  ( 1.025000000000000133, 0.3790000000000000036, 1.449999999999999734 ) ) ;
#2920 = DIRECTION ( 'NONE',  ( 0.000000000000000000, -0.000000000000000000, -1.000000000000000000 ) ) ;
#2921 = CARTESIAN_POINT ( 'NONE',  ( -1.199999999999999734, 0.1000000000000000056, 1.325000000000000178 ) ) ;
#2922 = ORIENTED_EDGE ( 'NONE', *, *, #1534, .T. ) ;
#2923 = AXIS2_PLACEMENT_3D ( 'NONE', #2456, #261, #2768 ) ;
#2924 = ORIENTED_EDGE ( 'NONE', *, *, #3492, .T. ) ;
#2925 = CARTESIAN_POINT ( 'NONE',  ( 1.150000000000000133, 5.860320499651279214, 1.449999999999999734 ) ) ;
#2926 = DIRECTION ( 'NONE',  ( 1.000000000000000000, 0.000000000000000000, 0.000000000000000000 ) ) ;
#2927 = CARTESIAN_POINT ( 'NONE',  ( 0.000000000000000000, 0.1000000000000000056, -0.2809999999999999165 ) ) ;
#2928 = EDGE_LOOP ( 'NONE', ( #2514, #99, #3032, #936 ) ) ;
#2929 = ORIENTED_EDGE ( 'NONE', *, *, #1256, .F. ) ;
#2930 = VECTOR ( 'NONE', #2169, 1000.000000000000000 ) ;
#2931 = LINE ( 'NONE', #351, #2172 ) ;
#2932 = CIRCLE ( 'NONE', #1442, 0.2000000000000000944 ) ;
#2933 = VERTEX_POINT ( 'NONE', #2777 ) ;
#2934 = EDGE_CURVE ( 'NONE', #3176, #1435, #1681, .T. ) ;
#2935 = AXIS2_PLACEMENT_3D ( 'NONE', #1556, #2735, #469 ) ;
#2936 = PLANE ( 'NONE',  #1970 ) ;
#2937 = EDGE_CURVE ( 'NONE', #422, #1271, #492, .T. ) ;
#2938 = ADVANCED_FACE ( 'NONE', ( #1360 ), #1990, .F. ) ;
#2939 = DIRECTION ( 'NONE',  ( 0.000000000000000000, 1.000000000000000000, 0.000000000000000000 ) ) ;
#2940 = FACE_OUTER_BOUND ( 'NONE', #1596, .T. ) ;
#2941 = VERTEX_POINT ( 'NONE', #2530 ) ;
#2942 = EDGE_LOOP ( 'NONE', ( #2316, #2718 ) ) ;
#2943 = PLANE ( 'NONE',  #1356 ) ;
#2944 = VECTOR ( 'NONE', #1395, 1000.000000000000000 ) ;
#2945 = DIRECTION ( 'NONE',  ( 0.000000000000000000, -1.000000000000000000, 0.000000000000000000 ) ) ;
#2946 = ORIENTED_EDGE ( 'NONE', *, *, #869, .T. ) ;
#2947 = UNCERTAINTY_MEASURE_WITH_UNIT (LENGTH_MEASURE( 1.000000000000000082E-05 ), #3061, 'distance_accuracy_value', 'NONE');
#2948 = AXIS2_PLACEMENT_3D ( 'NONE', #166, #1302, #2180 ) ;
#2949 = LINE ( 'NONE', #2409, #213 ) ;
#2950 = ORIENTED_EDGE ( 'NONE', *, *, #1495, .F. ) ;
#2951 =( NAMED_UNIT ( * ) PLANE_ANGLE_UNIT ( ) SI_UNIT ( $, .RADIAN. ) );
#2952 = CIRCLE ( 'NONE', #3550, 0.8125000000000003331 ) ;
#2953 = FACE_OUTER_BOUND ( 'NONE', #2962, .T. ) ;
#2954 = VECTOR ( 'NONE', #3055, 1000.000000000000000 ) ;
#2955 = EDGE_CURVE ( 'NONE', #279, #330, #3662, .T. ) ;
#2956 = VECTOR ( 'NONE', #1499, 1000.000000000000000 ) ;
#2957 = CARTESIAN_POINT ( 'NONE',  ( 1.200000000000000178, 0.1000000000000000056, 0.000000000000000000 ) ) ;
#2958 = ORIENTED_EDGE ( 'NONE', *, *, #260, .F. ) ;
#2959 = DIRECTION ( 'NONE',  ( -0.000000000000000000, -1.000000000000000000, -0.000000000000000000 ) ) ;
#2960 = ADVANCED_FACE ( 'NONE', ( #2817 ), #2330, .F. ) ;
#2961 = CARTESIAN_POINT ( 'NONE',  ( -1.199999999999999734, 0.1000000000000000056, 4.984837574645997488E-16 ) ) ;
#2962 = EDGE_LOOP ( 'NONE', ( #2331, #1185, #280, #360 ) ) ;
#2963 = ORIENTED_EDGE ( 'NONE', *, *, #3521, .F. ) ;
#2964 = LINE ( 'NONE', #3544, #1100 ) ;
#2965 = EDGE_CURVE ( 'NONE', #2744, #3678, #73, .T. ) ;
#2966 = EDGE_LOOP ( 'NONE', ( #628, #3092, #1344, #1441 ) ) ;
#2967 = LINE ( 'NONE', #2982, #1403 ) ;
#2968 = ORIENTED_EDGE ( 'NONE', *, *, #3165, .T. ) ;
#2969 = LINE ( 'NONE', #1031, #1074 ) ;
#2970 = DIRECTION ( 'NONE',  ( 0.000000000000000000, 1.000000000000000000, -0.000000000000000000 ) ) ;
#2971 = CARTESIAN_POINT ( 'NONE',  ( -1.025000000000000133, 0.8550000000000015365, -1.575000000000000178 ) ) ;
#2972 = ADVANCED_FACE ( 'NONE', ( #106 ), #3465, .T. ) ;
#2973 = EDGE_LOOP ( 'NONE', ( #1380, #2829, #547, #1214 ) ) ;
#2974 = LINE ( 'NONE', #2775, #1038 ) ;
#2975 = CARTESIAN_POINT ( 'NONE',  ( 4.860216635279846171E-16, 0.000000000000000000, -1.625000000000000222 ) ) ;
#2976 = LINE ( 'NONE', #1286, #2876 ) ;
#2977 = DIRECTION ( 'NONE',  ( 0.000000000000000000, 0.000000000000000000, 1.000000000000000000 ) ) ;
#2978 = EDGE_LOOP ( 'NONE', ( #889, #326, #2367, #1963 ) ) ;
#2979 = ORIENTED_EDGE ( 'NONE', *, *, #3272, .T. ) ;
#2980 = LINE ( 'NONE', #942, #1457 ) ;
#2981 = DIRECTION ( 'NONE',  ( 1.000000000000000000, 0.000000000000000000, 0.000000000000000000 ) ) ;
#2982 = CARTESIAN_POINT ( 'NONE',  ( -1.200000000000000178, 0.1000000000000000056, -1.625000000000000000 ) ) ;
#2983 = ORIENTED_EDGE ( 'NONE', *, *, #496, .T. ) ;
#2984 = LINE ( 'NONE', #100, #2956 ) ;
#2985 =( NAMED_UNIT ( * ) SI_UNIT ( $, .STERADIAN. ) SOLID_ANGLE_UNIT ( ) );
#2986 = AXIS2_PLACEMENT_3D ( 'NONE', #3119, #3371, #2847 ) ;
#2987 = ORIENTED_EDGE ( 'NONE', *, *, #1621, .T. ) ;
#2988 = ADVANCED_FACE ( 'NONE', ( #921 ), #2890, .F. ) ;
#2989 = SURFACE_STYLE_FILL_AREA ( #3576 ) ;
#2990 = CYLINDRICAL_SURFACE ( 'NONE', #1045, 0.1250000000000001110 ) ;
#2991 = LINE ( 'NONE', #1583, #359 ) ;
#2992 = VERTEX_POINT ( 'NONE', #621 ) ;
#2993 = CARTESIAN_POINT ( 'NONE',  ( -0.8999999999999998002, -0.000000000000000000, 0.000000000000000000 ) ) ;
#2994 = AXIS2_PLACEMENT_3D ( 'NONE', #3091, #797, #590 ) ;
#2995 = PLANE ( 'NONE',  #2222 ) ;
#2996 = EDGE_LOOP ( 'NONE', ( #1749, #3163 ) ) ;
#2997 = ORIENTED_EDGE ( 'NONE', *, *, #3230, .F. ) ;
#2998 = UNCERTAINTY_MEASURE_WITH_UNIT (LENGTH_MEASURE( 1.000000000000000082E-05 ), #861, 'distance_accuracy_value', 'NONE');
#2999 = CARTESIAN_POINT ( 'NONE',  ( -4.814824860968089633E-32, 0.1000000000000000056, -0.1025000000000001604 ) ) ;
#3000 = EDGE_CURVE ( 'NONE', #1785, #1592, #1751, .T. ) ;
#3001 = EDGE_CURVE ( 'NONE', #192, #1819, #1446, .T. ) ;
#3002 = DIRECTION ( 'NONE',  ( -1.000000000000000000, 0.000000000000000000, 0.000000000000000000 ) ) ;
#3003 = VERTEX_POINT ( 'NONE', #2907 ) ;
#3004 = DIRECTION ( 'NONE',  ( -0.000000000000000000, 1.000000000000000000, -0.000000000000000000 ) ) ;
#3005 = ORIENTED_EDGE ( 'NONE', *, *, #1362, .F. ) ;
#3006 = LINE ( 'NONE', #3689, #1472 ) ;
#3007 = AXIS2_PLACEMENT_3D ( 'NONE', #271, #1119, #575 ) ;
#3008 = SURFACE_STYLE_FILL_AREA ( #726 ) ;
#3009 = LINE ( 'NONE', #1333, #1262 ) ;
#3010 = CARTESIAN_POINT ( 'NONE',  ( -1.200847371732219932E-16, 0.1000000000000000056, -0.8029999999999997140 ) ) ;
#3011 = AXIS2_PLACEMENT_3D ( 'NONE', #3087, #551, #294 ) ;
#3012 = CARTESIAN_POINT ( 'NONE',  ( 0.4749999999999999223, 0.1000000000000000056, -0.8029999999999998250 ) ) ;
#3013 = CARTESIAN_POINT ( 'NONE',  ( 0.000000000000000000, 0.000000000000000000, 1.325000000000000178 ) ) ;
#3014 = EDGE_LOOP ( 'NONE', ( #3395, #616, #1311 ) ) ;
#3015 = PLANE ( 'NONE',  #735 ) ;
#3016 = ADVANCED_FACE ( 'NONE', ( #1222 ), #1242, .F. ) ;
#3017 = PRESENTATION_LAYER_ASSIGNMENT (  '', '', ( #229 ) ) ;
#3018 = FACE_OUTER_BOUND ( 'NONE', #845, .T. ) ;
#3019 = DIRECTION ( 'NONE',  ( 1.000000000000000000, 0.000000000000000000, 0.000000000000000000 ) ) ;
#3020 = VERTEX_POINT ( 'NONE', #589 ) ;
#3021 = DIRECTION ( 'NONE',  ( 1.000000000000000000, 0.000000000000000000, -0.000000000000000000 ) ) ;
#3022 = DIRECTION ( 'NONE',  ( -1.000000000000000000, 0.000000000000000000, -0.000000000000000000 ) ) ;
#3023 = CARTESIAN_POINT ( 'NONE',  ( 6.276314845630179301E-17, 0.1000000000000000056, 1.222500000000000142 ) ) ;
#3024 = LINE ( 'NONE', #2452, #3046 ) ;
#3025 = ADVANCED_FACE ( 'NONE', ( #2940 ), #2363, .F. ) ;
#3026 = ORIENTED_EDGE ( 'NONE', *, *, #1245, .T. ) ;
#3027 = DIRECTION ( 'NONE',  ( 0.000000000000000000, 0.000000000000000000, 1.000000000000000000 ) ) ;
#3028 = PLANE ( 'NONE',  #2923 ) ;
#3029 = LINE ( 'NONE', #727, #1326 ) ;
#3030 = AXIS2_PLACEMENT_3D ( 'NONE', #1845, #2981, #115 ) ;
#3031 = DIRECTION ( 'NONE',  ( 0.000000000000000000, 0.000000000000000000, 1.000000000000000000 ) ) ;
#3032 = ORIENTED_EDGE ( 'NONE', *, *, #2438, .F. ) ;
#3033 = DIRECTION ( 'NONE',  ( 0.000000000000000000, 0.000000000000000000, -1.000000000000000000 ) ) ;
#3034 = DIRECTION ( 'NONE',  ( 1.000000000000000000, 0.000000000000000000, 0.000000000000000000 ) ) ;
#3035 = DIRECTION ( 'NONE',  ( 2.990902544787597606E-16, 0.000000000000000000, -1.000000000000000000 ) ) ;
#3036 = ORIENTED_EDGE ( 'NONE', *, *, #450, .F. ) ;
#3037 = DIRECTION ( 'NONE',  ( 0.000000000000000000, -1.000000000000000000, 0.000000000000000000 ) ) ;
#3038 = AXIS2_PLACEMENT_3D ( 'NONE', #2906, #3252, #1485 ) ;
#3039 = DIRECTION ( 'NONE',  ( -1.000000000000000000, 0.000000000000000000, -4.486353817181397148E-16 ) ) ;
#3040 = ORIENTED_EDGE ( 'NONE', *, *, #2663, .F. ) ;
#3041 = DIRECTION ( 'NONE',  ( 0.000000000000000000, -1.000000000000000000, 0.000000000000000000 ) ) ;
#3042 = PRESENTATION_STYLE_ASSIGNMENT (( #1367 ) ) ;
#3043 = FACE_OUTER_BOUND ( 'NONE', #1160, .T. ) ;
#3044 = EDGE_CURVE ( 'NONE', #1143, #3450, #3316, .T. ) ;
#3045 = ORIENTED_EDGE ( 'NONE', *, *, #754, .T. ) ;
#3046 = VECTOR ( 'NONE', #3060, 1000.000000000000000 ) ;
#3047 = ADVANCED_FACE ( 'NONE', ( #329 ), #378, .F. ) ;
#3048 = EDGE_CURVE ( 'NONE', #3587, #3368, #1779, .T. ) ;
#3049 = VECTOR ( 'NONE', #3622, 1000.000000000000000 ) ;
#3050 = CARTESIAN_POINT ( 'NONE',  ( -1.324999999999999512, 0.2540000000000000036, -1.749999999999999778 ) ) ;
#3051 = DIRECTION ( 'NONE',  ( 0.000000000000000000, 0.000000000000000000, -1.000000000000000000 ) ) ;
#3052 = DIRECTION ( 'NONE',  ( 0.000000000000000000, -1.000000000000000000, 0.000000000000000000 ) ) ;
#3053 = CARTESIAN_POINT ( 'NONE',  ( 1.150000000000000133, 0.4289999999999997149, -1.450000000000000178 ) ) ;
#3054 = CYLINDRICAL_SURFACE ( 'NONE', #2041, 0.5124999999999999556 ) ;
#3055 = DIRECTION ( 'NONE',  ( 0.000000000000000000, 0.000000000000000000, 1.000000000000000000 ) ) ;
#3056 = EDGE_LOOP ( 'NONE', ( #3306, #1883 ) ) ;
#3057 = FACE_OUTER_BOUND ( 'NONE', #2848, .T. ) ;
#3058 = CARTESIAN_POINT ( 'NONE',  ( 1.200000000000000178, 0.000000000000000000, -1.624999999999999778 ) ) ;
#3059 = ORIENTED_EDGE ( 'NONE', *, *, #1206, .F. ) ;
#3060 = DIRECTION ( 'NONE',  ( 0.000000000000000000, 0.000000000000000000, 1.000000000000000000 ) ) ;
#3061 =( LENGTH_UNIT ( ) NAMED_UNIT ( * ) SI_UNIT ( .MILLI., .METRE. ) );
#3062 = VECTOR ( 'NONE', #2100, 1000.000000000000000 ) ;
#3063 = FACE_OUTER_BOUND ( 'NONE', #2550, .T. ) ;
#3064 = VECTOR ( 'NONE', #3171, 1000.000000000000000 ) ;
#3065 = VERTEX_POINT ( 'NONE', #3513 ) ;
#3066 = CARTESIAN_POINT ( 'NONE',  ( 9.950255243072243113E-17, 0.1000000000000000056, 1.522500000000000409 ) ) ;
#3067 = AXIS2_PLACEMENT_3D ( 'NONE', #1212, #2394, #116 ) ;
#3068 = CARTESIAN_POINT ( 'NONE',  ( 4.860216635279845185E-16, 0.1000000000000000056, -1.624999999999999556 ) ) ;
#3069 = LINE ( 'NONE', #2271, #3616 ) ;
#3070 = CARTESIAN_POINT ( 'NONE',  ( -0.8999999999999998002, 0.1000000000000000056, 0.000000000000000000 ) ) ;
#3071 = EDGE_LOOP ( 'NONE', ( #1774, #1647, #2374, #2004 ) ) ;
#3072 = CIRCLE ( 'NONE', #1657, 0.04999999999999991257 ) ;
#3073 = CARTESIAN_POINT ( 'NONE',  ( 0.4750000000000001443, 0.000000000000000000, -0.2809999999999999165 ) ) ;
#3074 = COLOUR_RGB ( '',1.000000000000000000, 0.8117647058823529438, 0.5019607843137254832 ) ;
#3075 = CARTESIAN_POINT ( 'NONE',  ( 9.950255243072243113E-17, 0.1000000000000000056, 1.522500000000000409 ) ) ;
#3076 = ORIENTED_EDGE ( 'NONE', *, *, #3292, .F. ) ;
#3077 = CARTESIAN_POINT ( 'NONE',  ( -1.150000000000000133, 0.4290000000000022684, -1.450000000000000178 ) ) ;
#3078 = DIRECTION ( 'NONE',  ( 1.000000000000000000, 0.000000000000000000, -4.154031312204999386E-16 ) ) ;
#3079 = ORIENTED_EDGE ( 'NONE', *, *, #1799, .T. ) ;
#3080 = CARTESIAN_POINT ( 'NONE',  ( -1.025000000000000133, 0.3790000000000000036, 1.449999999999999734 ) ) ;
#3081 = CARTESIAN_POINT ( 'NONE',  ( 1.200000000000000178, 0.4289999999999997149, 1.449999999999999734 ) ) ;
#3082 = EDGE_CURVE ( 'NONE', #1825, #3207, #3434, .T. ) ;
#3083 = PLANE ( 'NONE',  #1503 ) ;
#3084 = VECTOR ( 'NONE', #2318, 1000.000000000000000 ) ;
#3085 = DIRECTION ( 'NONE',  ( 1.000000000000000000, 0.000000000000000000, 0.000000000000000000 ) ) ;
#3086 = ORIENTED_EDGE ( 'NONE', *, *, #944, .T. ) ;
#3087 = CARTESIAN_POINT ( 'NONE',  ( -0.8249999999999995115, 0.9299999999999999378, -1.249999999999999778 ) ) ;
#3088 = DIRECTION ( 'NONE',  ( 0.000000000000000000, -0.000000000000000000, -1.000000000000000000 ) ) ;
#3089 = EDGE_CURVE ( 'NONE', #38, #1914, #3072, .T. ) ;
#3090 = CARTESIAN_POINT ( 'NONE',  ( -0.4749999999999997558, 0.1000000000000000056, 9.865824366486861401E-17 ) ) ;
#3091 = CARTESIAN_POINT ( 'NONE',  ( -1.025000000000000133, 0.2540000000000000036, -1.450000000000000178 ) ) ;
#3092 = ORIENTED_EDGE ( 'NONE', *, *, #3445, .F. ) ;
#3093 = DIRECTION ( 'NONE',  ( 0.000000000000000000, 0.000000000000000000, -1.000000000000000000 ) ) ;
#3094 = ADVANCED_FACE ( 'NONE', ( #3168 ), #654, .T. ) ;
#3095 = FACE_OUTER_BOUND ( 'NONE', #3498, .T. ) ;
#3096 = ORIENTED_EDGE ( 'NONE', *, *, #399, .F. ) ;
#3097 = CARTESIAN_POINT ( 'NONE',  ( 3.602542115196659055E-16, 0.1000000000000000056, -0.8029999999999993809 ) ) ;
#3098 = PLANE ( 'NONE',  #2850 ) ;
#3099 = VECTOR ( 'NONE', #3480, 1000.000000000000000 ) ;
#3100 = CARTESIAN_POINT ( 'NONE',  ( 0.4750000000000002554, 0.000000000000000000, -1.973164873297375731E-16 ) ) ;
#3101 = DIRECTION ( 'NONE',  ( 7.477256361968996233E-16, 0.000000000000000000, -1.000000000000000000 ) ) ;
#3102 = ORIENTED_EDGE ( 'NONE', *, *, #487, .F. ) ;
#3103 =( GEOMETRIC_REPRESENTATION_CONTEXT ( 3 ) GLOBAL_UNCERTAINTY_ASSIGNED_CONTEXT ( ( #3503 ) ) GLOBAL_UNIT_ASSIGNED_CONTEXT ( ( #1275, #2128, #413 ) ) REPRESENTATION_CONTEXT ( 'NONE', 'WORKASPACE' ) );
#3104 =( LENGTH_UNIT ( ) NAMED_UNIT ( * ) SI_UNIT ( .MILLI., .METRE. ) );
#3105 = ORIENTED_EDGE ( 'NONE', *, *, #1567, .F. ) ;
#3106 = CARTESIAN_POINT ( 'NONE',  ( -4.814824860968089633E-32, 0.1000000000000000056, -0.1025000000000001604 ) ) ;
#3107 = EDGE_CURVE ( 'NONE', #1588, #2649, #2115, .T. ) ;
#3108 = AXIS2_PLACEMENT_3D ( 'NONE', #1701, #3129, #3683 ) ;
#3109 = FACE_OUTER_BOUND ( 'NONE', #1248, .T. ) ;
#3110 = DIRECTION ( 'NONE',  ( 0.000000000000000000, 1.000000000000000000, 0.000000000000000000 ) ) ;
#3111 = DIRECTION ( 'NONE',  ( 0.000000000000000000, 0.000000000000000000, -1.000000000000000000 ) ) ;
#3112 = ORIENTED_EDGE ( 'NONE', *, *, #49, .T. ) ;
#3113 = AXIS2_PLACEMENT_3D ( 'NONE', #1537, #3529, #3249 ) ;
#3114 = LINE ( 'NONE', #892, #3064 ) ;
#3115 = PLANE ( 'NONE',  #3297 ) ;
#3116 = ORIENTED_EDGE ( 'NONE', *, *, #1284, .F. ) ;
#3117 = PLANE ( 'NONE',  #3321 ) ;
#3118 = CYLINDRICAL_SURFACE ( 'NONE', #1847, 0.2000000000000000944 ) ;
#3119 = CARTESIAN_POINT ( 'NONE',  ( -4.814824860968089633E-32, 0.1000000000000000056, 0.7100000000000000755 ) ) ;
#3120 = VERTEX_POINT ( 'NONE', #2870 ) ;
#3121 = EDGE_LOOP ( 'NONE', ( #2630, #1012, #2654, #3428 ) ) ;
#3122 = VECTOR ( 'NONE', #3569, 1000.000000000000000 ) ;
#3123 = DIRECTION ( 'NONE',  ( 1.000000000000000000, 0.000000000000000000, -0.000000000000000000 ) ) ;
#3124 = CARTESIAN_POINT ( 'NONE',  ( -1.200000000000000178, 0.3790000000000000036, -1.450000000000000178 ) ) ;
#3125 = ORIENTED_EDGE ( 'NONE', *, *, #2594, .F. ) ;
#3126 = VECTOR ( 'NONE', #3562, 1000.000000000000000 ) ;
#3127 = DIRECTION ( 'NONE',  ( -0.000000000000000000, -1.000000000000000000, -0.000000000000000000 ) ) ;
#3128 = CARTESIAN_POINT ( 'NONE',  ( 0.000000000000000000, 0.1000000000000000056, -0.2809999999999999165 ) ) ;
#3129 = DIRECTION ( 'NONE',  ( -0.000000000000000000, 1.000000000000000000, -0.000000000000000000 ) ) ;
#3130 = ORIENTED_EDGE ( 'NONE', *, *, #2255, .T. ) ;
#3131 = EDGE_CURVE ( 'NONE', #2436, #898, #1714, .T. ) ;
#3132 = STYLED_ITEM ( 'NONE', ( #2087 ), #3447 ) ;
#3133 = LINE ( 'NONE', #2243, #2944 ) ;
#3134 = DIRECTION ( 'NONE',  ( 0.000000000000000000, -1.000000000000000000, 0.000000000000000000 ) ) ;
#3135 = VERTEX_POINT ( 'NONE', #1279 ) ;
#3136 = VECTOR ( 'NONE', #2257, 1000.000000000000000 ) ;
#3137 = PLANE ( 'NONE',  #1818 ) ;
#3138 = AXIS2_PLACEMENT_3D ( 'NONE', #851, #3197, #903 ) ;
#3139 = LINE ( 'NONE', #580, #251 ) ;
#3140 = FACE_OUTER_BOUND ( 'NONE', #2978, .T. ) ;
#3141 = CLOSED_SHELL ( 'NONE', ( #2277, #3396, #2938, #2860, #1554, #685 ) ) ;
#3142 = EDGE_CURVE ( 'NONE', #3176, #22, #472, .T. ) ;
#3143 = EDGE_LOOP ( 'NONE', ( #3541, #89, #1496, #3040, #3150, #1497, #2660, #3379 ) ) ;
#3144 = EDGE_LOOP ( 'NONE', ( #2859, #2963, #874, #3086 ) ) ;
#3145 = CARTESIAN_POINT ( 'NONE',  ( -1.025000000000000133, 0.4290000000000005476, 1.449999999999999734 ) ) ;
#3146 = VERTEX_POINT ( 'NONE', #420 ) ;
#3147 = CARTESIAN_POINT ( 'NONE',  ( 1.199999999999999956, 0.1000000000000000056, -0.2809999999999999165 ) ) ;
#3148 = DIRECTION ( 'NONE',  ( 0.000000000000000000, -0.000000000000000000, -1.000000000000000000 ) ) ;
#3149 = VERTEX_POINT ( 'NONE', #162 ) ;
#3150 = ORIENTED_EDGE ( 'NONE', *, *, #2710, .F. ) ;
#3151 = EDGE_CURVE ( 'NONE', #415, #3629, #1602, .T. ) ;
#3152 = DIRECTION ( 'NONE',  ( -0.000000000000000000, -1.000000000000000000, -0.000000000000000000 ) ) ;
#3153 = DIRECTION ( 'NONE',  ( 1.000000000000000000, 0.000000000000000000, 0.000000000000000000 ) ) ;
#3154 = ORIENTED_EDGE ( 'NONE', *, *, #3292, .T. ) ;
#3155 = PLANE ( 'NONE',  #3381 ) ;
#3156 = FACE_OUTER_BOUND ( 'NONE', #1959, .T. ) ;
#3157 = ADVANCED_FACE ( 'NONE', ( #2738 ), #1625, .F. ) ;
#3158 = PLANE ( 'NONE',  #1786 ) ;
#3159 = EDGE_LOOP ( 'NONE', ( #2864, #3668, #1167, #1398 ) ) ;
#3160 = CARTESIAN_POINT ( 'NONE',  ( 4.860216635279845185E-16, 0.1000000000000000056, -1.624999999999999556 ) ) ;
#3161 = VECTOR ( 'NONE', #1718, 1000.000000000000000 ) ;
#3162 = EDGE_CURVE ( 'NONE', #850, #2039, #1317, .T. ) ;
#3163 = ORIENTED_EDGE ( 'NONE', *, *, #3439, .T. ) ;
#3164 = ORIENTED_EDGE ( 'NONE', *, *, #1574, .T. ) ;
#3165 = EDGE_CURVE ( 'NONE', #2327, #2242, #397, .T. ) ;
#3166 = EDGE_CURVE ( 'NONE', #3337, #3146, #810, .T. ) ;
#3167 = EDGE_CURVE ( 'NONE', #136, #1044, #282, .T. ) ;
#3168 = FACE_OUTER_BOUND ( 'NONE', #635, .T. ) ;
#3169 = ORIENTED_EDGE ( 'NONE', *, *, #978, .T. ) ;
#3170 = VERTEX_POINT ( 'NONE', #2681 ) ;
#3171 = DIRECTION ( 'NONE',  ( -0.000000000000000000, -1.000000000000000000, -0.000000000000000000 ) ) ;
#3172 = AXIS2_PLACEMENT_3D ( 'NONE', #2760, #3598, #421 ) ;
#3173 = AXIS2_PLACEMENT_3D ( 'NONE', #223, #241, #1070 ) ;
#3174 = ORIENTED_EDGE ( 'NONE', *, *, #904, .F. ) ;
#3175 = DIRECTION ( 'NONE',  ( 0.000000000000000000, 0.000000000000000000, -1.000000000000000000 ) ) ;
#3176 = VERTEX_POINT ( 'NONE', #208 ) ;
#3177 = CARTESIAN_POINT ( 'NONE',  ( 1.200000000000000178, 0.1000000000000000056, -0.8029999999999999361 ) ) ;
#3178 = DIRECTION ( 'NONE',  ( 1.000000000000000000, 0.000000000000000000, -0.000000000000000000 ) ) ;
#3179 = ADVANCED_FACE ( 'NONE', ( #1852 ), #923, .F. ) ;
#3180 = VECTOR ( 'NONE', #2977, 1000.000000000000000 ) ;
#3181 = AXIS2_PLACEMENT_3D ( 'NONE', #1325, #193, #720 ) ;
#3182 = CARTESIAN_POINT ( 'NONE',  ( 0.000000000000000000, 0.2540000000000000036, 0.000000000000000000 ) ) ;
#3183 = EDGE_CURVE ( 'NONE', #1914, #778, #1812, .T. ) ;
#3184 = VERTEX_POINT ( 'NONE', #3532 ) ;
#3185 = LINE ( 'NONE', #348, #2416 ) ;
#3186 = DIRECTION ( 'NONE',  ( -0.000000000000000000, -1.000000000000000000, -0.000000000000000000 ) ) ;
#3187 = EDGE_LOOP ( 'NONE', ( #277, #2008, #1240, #112 ) ) ;
#3188 = ORIENTED_EDGE ( 'NONE', *, *, #2157, .F. ) ;
#3189 = CARTESIAN_POINT ( 'NONE',  ( -1.025000000000000133, 0.8549999999999998712, -1.450000000000000178 ) ) ;
#3190 = VECTOR ( 'NONE', #3374, 1000.000000000000000 ) ;
#3191 = VERTEX_POINT ( 'NONE', #1258 ) ;
#3192 = PLANE ( 'NONE',  #3680 ) ;
#3193 = CARTESIAN_POINT ( 'NONE',  ( -1.025000000000000133, 0.8550000000000007594, -1.450000000000000178 ) ) ;
#3194 = ADVANCED_FACE ( 'NONE', ( #3234 ), #2990, .T. ) ;
#3195 = VECTOR ( 'NONE', #2629, 1000.000000000000000 ) ;
#3196 = CIRCLE ( 'NONE', #687, 0.1750000000000000167 ) ;
#3197 = DIRECTION ( 'NONE',  ( 0.000000000000000000, 0.000000000000000000, 1.000000000000000000 ) ) ;
#3198 = CARTESIAN_POINT ( 'NONE',  ( 0.000000000000000000, 0.1000000000000000056, 0.000000000000000000 ) ) ;
#3199 = CARTESIAN_POINT ( 'NONE',  ( -4.814824860968089633E-32, 0.1000000000000000056, 0.7100000000000000755 ) ) ;
#3200 = ORIENTED_EDGE ( 'NONE', *, *, #1251, .T. ) ;
#3201 = VERTEX_POINT ( 'NONE', #3317 ) ;
#3202 = DIRECTION ( 'NONE',  ( 4.154031312204998893E-16, 0.000000000000000000, 1.000000000000000000 ) ) ;
#3203 = EDGE_CURVE ( 'NONE', #2063, #1743, #1878, .T. ) ;
#3204 = DIRECTION ( 'NONE',  ( 0.000000000000000000, -1.000000000000000000, 0.000000000000000000 ) ) ;
#3205 = EDGE_CURVE ( 'NONE', #2933, #3003, #751, .T. ) ;
#3206 = VERTEX_POINT ( 'NONE', #2133 ) ;
#3207 = VERTEX_POINT ( 'NONE', #2400 ) ;
#3208 = VECTOR ( 'NONE', #1397, 1000.000000000000000 ) ;
#3209 = FACE_OUTER_BOUND ( 'NONE', #1846, .T. ) ;
#3210 = ADVANCED_FACE ( 'NONE', ( #2093 ), #1871, .T. ) ;
#3211 = CARTESIAN_POINT ( 'NONE',  ( 1.199999999999999289, 0.000000000000000000, 1.625000000000000222 ) ) ;
#3212 = CYLINDRICAL_SURFACE ( 'NONE', #2840, 0.1875000000000000555 ) ;
#3213 = DIRECTION ( 'NONE',  ( 0.000000000000000000, 0.000000000000000000, -1.000000000000000000 ) ) ;
#3214 = ORIENTED_EDGE ( 'NONE', *, *, #2562, .T. ) ;
#3215 = CARTESIAN_POINT ( 'NONE',  ( 6.597931013801438585E-16, 0.000000000000000000, -1.102999999999999314 ) ) ;
#3216 = CARTESIAN_POINT ( 'NONE',  ( 1.200000000000000178, 0.000000000000000000, 0.000000000000000000 ) ) ;
#3217 = EDGE_CURVE ( 'NONE', #3120, #766, #691, .T. ) ;
#3218 = DIRECTION ( 'NONE',  ( 0.000000000000000000, 0.000000000000000000, -1.000000000000000000 ) ) ;
#3219 = ORIENTED_EDGE ( 'NONE', *, *, #1284, .T. ) ;
#3220 = VECTOR ( 'NONE', #3653, 1000.000000000000000 ) ;
#3221 = VERTEX_POINT ( 'NONE', #436 ) ;
#3222 = CARTESIAN_POINT ( 'NONE',  ( 1.025000000000000133, 0.9799999999999999822, 1.449999999999999956 ) ) ;
#3223 = FACE_OUTER_BOUND ( 'NONE', #1225, .T. ) ;
#3224 = LINE ( 'NONE', #2975, #2465 ) ;
#3225 = ORIENTED_EDGE ( 'NONE', *, *, #2542, .F. ) ;
#3226 = ORIENTED_EDGE ( 'NONE', *, *, #852, .F. ) ;
#3227 = AXIS2_PLACEMENT_3D ( 'NONE', #990, #704, #238 ) ;
#3228 = CARTESIAN_POINT ( 'NONE',  ( 1.200000000000000178, 0.000000000000000000, -0.8029999999999999361 ) ) ;
#3229 = ORIENTED_EDGE ( 'NONE', *, *, #2360, .F. ) ;
#3230 = EDGE_CURVE ( 'NONE', #1127, #2325, #730, .T. ) ;
#3231 = CIRCLE ( 'NONE', #17, 0.2000000000000000944 ) ;
#3232 = CARTESIAN_POINT ( 'NONE',  ( -1.025000000000000133, 0.4289999999999997149, 1.449999999999999734 ) ) ;
#3233 = PLANE ( 'NONE',  #948 ) ;
#3234 = FACE_OUTER_BOUND ( 'NONE', #548, .T. ) ;
#3235 = ORIENTED_EDGE ( 'NONE', *, *, #3089, .T. ) ;
#3236 = ADVANCED_FACE ( 'NONE', ( #791, #489 ), #3659, .T. ) ;
#3237 = VECTOR ( 'NONE', #1021, 1000.000000000000000 ) ;
#3238 = DIRECTION ( 'NONE',  ( 4.154031312204998893E-16, 0.000000000000000000, 1.000000000000000000 ) ) ;
#3239 = DIRECTION ( 'NONE',  ( 1.000000000000000000, 0.000000000000000000, 0.000000000000000000 ) ) ;
#3240 = VERTEX_POINT ( 'NONE', #1424 ) ;
#3241 = UNCERTAINTY_MEASURE_WITH_UNIT (LENGTH_MEASURE( 1.000000000000000082E-05 ), #139, 'distance_accuracy_value', 'NONE');
#3242 = ORIENTED_EDGE ( 'NONE', *, *, #3485, .T. ) ;
#3243 = AXIS2_PLACEMENT_3D ( 'NONE', #2547, #571, #2567 ) ;
#3244 = CARTESIAN_POINT ( 'NONE',  ( 4.860216635279846171E-16, 0.000000000000000000, -1.625000000000000222 ) ) ;
#3245 = ORIENTED_EDGE ( 'NONE', *, *, #3278, .T. ) ;
#3246 = VERTEX_POINT ( 'NONE', #2853 ) ;
#3247 = VECTOR ( 'NONE', #3474, 1000.000000000000000 ) ;
#3248 = EDGE_CURVE ( 'NONE', #1491, #2480, #2237, .T. ) ;
#3249 = DIRECTION ( 'NONE',  ( 0.000000000000000000, 0.000000000000000000, 1.000000000000000000 ) ) ;
#3250 = VERTEX_POINT ( 'NONE', #3354 ) ;
#3251 = VECTOR ( 'NONE', #908, 1000.000000000000000 ) ;
#3252 = DIRECTION ( 'NONE',  ( 0.000000000000000000, -1.000000000000000000, 0.000000000000000000 ) ) ;
#3253 = CARTESIAN_POINT ( 'NONE',  ( -4.814824860968089633E-32, 0.1000000000000000056, 0.7100000000000000755 ) ) ;
#3254 = LINE ( 'NONE', #3013, #3350 ) ;
#3255 = EDGE_LOOP ( 'NONE', ( #1983, #1078 ) ) ;
#3256 = DIRECTION ( 'NONE',  ( 1.000000000000000000, 0.000000000000000000, -1.495451272393798803E-16 ) ) ;
#3257 = DIRECTION ( 'NONE',  ( -4.154031312204999386E-16, 0.000000000000000000, -1.000000000000000000 ) ) ;
#3258 = FACE_BOUND ( 'NONE', #2288, .T. ) ;
#3259 = FACE_OUTER_BOUND ( 'NONE', #149, .T. ) ;
#3260 = VERTEX_POINT ( 'NONE', #3335 ) ;
#3261 = EDGE_CURVE ( 'NONE', #2335, #438, #1111, .T. ) ;
#3262 = EDGE_LOOP ( 'NONE', ( #2827, #834, #3102, #2030 ) ) ;
#3263 = UNCERTAINTY_MEASURE_WITH_UNIT (LENGTH_MEASURE( 1.000000000000000082E-05 ), #2582, 'distance_accuracy_value', 'NONE');
#3264 = CARTESIAN_POINT ( 'NONE',  ( 0.4749999999999999223, 0.000000000000000000, -1.625000000000000000 ) ) ;
#3265 = CARTESIAN_POINT ( 'NONE',  ( 1.025000000000000133, 0.4290000000000005476, 1.449999999999999734 ) ) ;
#3266 = EDGE_CURVE ( 'NONE', #2564, #3471, #811, .T. ) ;
#3267 = ORIENTED_EDGE ( 'NONE', *, *, #3552, .F. ) ;
#3268 = DIRECTION ( 'NONE',  ( 0.000000000000000000, -1.000000000000000000, 0.000000000000000000 ) ) ;
#3269 = VECTOR ( 'NONE', #2713, 1000.000000000000000 ) ;
#3270 = DIRECTION ( 'NONE',  ( 0.000000000000000000, -1.000000000000000000, 0.000000000000000000 ) ) ;
#3271 = ORIENTED_EDGE ( 'NONE', *, *, #3638, .T. ) ;
#3272 = EDGE_CURVE ( 'NONE', #3287, #2123, #1662, .T. ) ;
#3273 = LINE ( 'NONE', #419, #416 ) ;
#3274 = CARTESIAN_POINT ( 'NONE',  ( 0.000000000000000000, 0.1000000000000000056, 1.325000000000000178 ) ) ;
#3275 = CARTESIAN_POINT ( 'NONE',  ( -0.8249999999999995115, 0.9299999999999999378, -1.349999999999999867 ) ) ;
#3276 = VERTEX_POINT ( 'NONE', #2814 ) ;
#3277 = ADVANCED_FACE ( 'NONE', ( #2773 ), #3640, .T. ) ;
#3278 = EDGE_CURVE ( 'NONE', #2480, #622, #2952, .T. ) ;
#3279 = CARTESIAN_POINT ( 'NONE',  ( 0.4750000000000001443, 0.1000000000000000056, -0.2809999999999999165 ) ) ;
#3280 = ORIENTED_EDGE ( 'NONE', *, *, #712, .F. ) ;
#3281 = ORIENTED_EDGE ( 'NONE', *, *, #2417, .T. ) ;
#3282 = DIRECTION ( 'NONE',  ( 0.000000000000000000, -1.000000000000000000, 0.000000000000000000 ) ) ;
#3283 = DIRECTION ( 'NONE',  ( 1.000000000000000000, 0.000000000000000000, -4.154031312204999386E-16 ) ) ;
#3284 = VERTEX_POINT ( 'NONE', #1908 ) ;
#3285 = CYLINDRICAL_SURFACE ( 'NONE', #814, 0.1000000000000000472 ) ;
#3286 = VECTOR ( 'NONE', #3444, 1000.000000000000000 ) ;
#3287 = VERTEX_POINT ( 'NONE', #1641 ) ;
#3288 = CARTESIAN_POINT ( 'NONE',  ( 1.025000000000000133, 0.3790000000000000036, -1.650000000000000133 ) ) ;
#3289 = CARTESIAN_POINT ( 'NONE',  ( 2.101109037713280984E-16, 0.1000000000000000056, -0.2809999999999990838 ) ) ;
#3290 = VECTOR ( 'NONE', #2706, 1000.000000000000000 ) ;
#3291 = ORIENTED_EDGE ( 'NONE', *, *, #178, .T. ) ;
#3292 = EDGE_CURVE ( 'NONE', #192, #3149, #1927, .T. ) ;
#3293 = DIRECTION ( 'NONE',  ( 0.000000000000000000, 1.000000000000000000, 0.000000000000000000 ) ) ;
#3294 = DIRECTION ( 'NONE',  ( 2.077015656102498460E-16, 0.000000000000000000, 1.000000000000000000 ) ) ;
#3295 = DIRECTION ( 'NONE',  ( 0.000000000000000000, -1.000000000000000000, 0.000000000000000000 ) ) ;
#3296 = VERTEX_POINT ( 'NONE', #227 ) ;
#3297 = AXIS2_PLACEMENT_3D ( 'NONE', #37, #2803, #301 ) ;
#3298 = LINE ( 'NONE', #188, #1396 ) ;
#3299 = CARTESIAN_POINT ( 'NONE',  ( -0.4749999999999997558, 0.1000000000000000056, 9.865824366486861401E-17 ) ) ;
#3300 = FACE_BOUND ( 'NONE', #1939, .T. ) ;
#3301 = CARTESIAN_POINT ( 'NONE',  ( -1.150000000000000133, 5.860320499651279214, -1.450000000000000178 ) ) ;
#3302 = ORIENTED_EDGE ( 'NONE', *, *, #2918, .F. ) ;
#3303 = VECTOR ( 'NONE', #1432, 1000.000000000000000 ) ;
#3304 = DIRECTION ( 'NONE',  ( 0.000000000000000000, -0.000000000000000000, -1.000000000000000000 ) ) ;
#3305 = DIRECTION ( 'NONE',  ( 0.000000000000000000, 0.000000000000000000, -1.000000000000000000 ) ) ;
#3306 = ORIENTED_EDGE ( 'NONE', *, *, #3131, .T. ) ;
#3307 = LINE ( 'NONE', #2189, #1522 ) ;
#3308 = LINE ( 'NONE', #218, #2930 ) ;
#3309 = FILL_AREA_STYLE_COLOUR ( '', #44 ) ;
#3310 = VECTOR ( 'NONE', #3238, 1000.000000000000000 ) ;
#3311 = DIRECTION ( 'NONE',  ( 1.000000000000000000, -0.000000000000000000, -0.000000000000000000 ) ) ;
#3312 = LINE ( 'NONE', #1050, #848 ) ;
#3313 = ORIENTED_EDGE ( 'NONE', *, *, #762, .T. ) ;
#3314 = VECTOR ( 'NONE', #2254, 1000.000000000000000 ) ;
#3315 = DIRECTION ( 'NONE',  ( -1.000000000000000000, 0.000000000000000000, 1.495451272393798803E-16 ) ) ;
#3316 = CIRCLE ( 'NONE', #3555, 0.2000000000000000944 ) ;
#3317 = CARTESIAN_POINT ( 'NONE',  ( 1.200000000000000178, 0.1000000000000000056, -1.624999999999999778 ) ) ;
#3318 = CARTESIAN_POINT ( 'NONE',  ( -1.200847371732219932E-16, 0.1000000000000000056, -0.8029999999999997140 ) ) ;
#3319 = DIRECTION ( 'NONE',  ( 0.000000000000000000, 0.000000000000000000, -1.000000000000000000 ) ) ;
#3320 = CLOSED_SHELL ( 'NONE', ( #2824, #1879, #835, #3210, #1968, #561 ) ) ;
#3321 = AXIS2_PLACEMENT_3D ( 'NONE', #24, #579, #1226 ) ;
#3322 = FACE_OUTER_BOUND ( 'NONE', #2340, .T. ) ;
#3323 = EDGE_LOOP ( 'NONE', ( #745, #855, #2024, #2249 ) ) ;
#3324 = CARTESIAN_POINT ( 'NONE',  ( -1.025000000000000133, 5.860320499651279214, -1.575000000000000178 ) ) ;
#3325 = ADVANCED_FACE ( 'NONE', ( #2795 ), #1358, .F. ) ;
#3326 = CARTESIAN_POINT ( 'NONE',  ( 3.602542115196659055E-16, 0.1000000000000000056, -0.8029999999999993809 ) ) ;
#3327 = DIRECTION ( 'NONE',  ( -0.000000000000000000, -0.000000000000000000, 1.000000000000000000 ) ) ;
#3328 = DIRECTION ( 'NONE',  ( 0.000000000000000000, -1.000000000000000000, 0.000000000000000000 ) ) ;
#3329 = ORIENTED_EDGE ( 'NONE', *, *, #3332, .T. ) ;
#3330 = FILL_AREA_STYLE ('',( #3309 ) ) ;
#3331 = ADVANCED_FACE ( 'NONE', ( #243 ), #1073, .T. ) ;
#3332 = EDGE_CURVE ( 'NONE', #1615, #3246, #2546, .T. ) ;
#3333 = FACE_OUTER_BOUND ( 'NONE', #1604, .T. ) ;
#3334 = DIRECTION ( 'NONE',  ( -0.000000000000000000, -1.000000000000000000, -0.000000000000000000 ) ) ;
#3335 = CARTESIAN_POINT ( 'NONE',  ( 1.150000000000000133, 0.8550000000000015365, 1.449999999999999734 ) ) ;
#3336 = CARTESIAN_POINT ( 'NONE',  ( -1.025000000000000133, 0.8550000000000015365, -1.450000000000000400 ) ) ;
#3337 = VERTEX_POINT ( 'NONE', #1985 ) ;
#3338 = DIRECTION ( 'NONE',  ( 0.000000000000000000, 0.000000000000000000, 1.000000000000000000 ) ) ;
#3339 = LINE ( 'NONE', #715, #1915 ) ;
#3340 = VERTEX_POINT ( 'NONE', #2527 ) ;
#3341 = LINE ( 'NONE', #776, #2830 ) ;
#3342 = DIRECTION ( 'NONE',  ( 0.000000000000000000, 0.000000000000000000, -1.000000000000000000 ) ) ;
#3343 = ORIENTED_EDGE ( 'NONE', *, *, #3698, .T. ) ;
#3344 = LINE ( 'NONE', #743, #35 ) ;
#3345 = CYLINDRICAL_SURFACE ( 'NONE', #1113, 0.1875000000000000555 ) ;
#3346 = VERTEX_POINT ( 'NONE', #3391 ) ;
#3347 = CARTESIAN_POINT ( 'NONE',  ( -1.025000000000000133, 0.3790000000000000036, 1.624999999999999778 ) ) ;
#3348 = LINE ( 'NONE', #2248, #2643 ) ;
#3349 = EDGE_CURVE ( 'NONE', #1524, #2574, #1589, .T. ) ;
#3350 = VECTOR ( 'NONE', #692, 1000.000000000000000 ) ;
#3351 = VECTOR ( 'NONE', #3517, 1000.000000000000000 ) ;
#3352 = CARTESIAN_POINT ( 'NONE',  ( -1.225000000000000089, 0.3790000000000000036, -1.450000000000000178 ) ) ;
#3353 = EDGE_LOOP ( 'NONE', ( #1158, #3096, #1456, #3169 ) ) ;
#3354 = CARTESIAN_POINT ( 'NONE',  ( -0.8999999999999998002, -0.000000000000000000, 1.625000000000000222 ) ) ;
#3355 = CARTESIAN_POINT ( 'NONE',  ( -0.4749999999999999223, 0.1000000000000000056, -1.102999999999999536 ) ) ;
#3356 = MECHANICAL_DESIGN_GEOMETRIC_PRESENTATION_REPRESENTATION (  '', ( #316 ), #1793 ) ;
#3357 = FACE_OUTER_BOUND ( 'NONE', #1803, .T. ) ;
#3358 = FACE_OUTER_BOUND ( 'NONE', #307, .T. ) ;
#3359 = FACE_BOUND ( 'NONE', #949, .T. ) ;
#3360 = DIRECTION ( 'NONE',  ( 0.000000000000000000, 0.000000000000000000, 1.000000000000000000 ) ) ;
#3361 = ORIENTED_EDGE ( 'NONE', *, *, #3462, .T. ) ;
#3362 = ADVANCED_FACE ( 'NONE', ( #281 ), #2565, .T. ) ;
#3363 = LINE ( 'NONE', #444, #1032 ) ;
#3364 = DIRECTION ( 'NONE',  ( 0.000000000000000000, 1.000000000000000000, 0.000000000000000000 ) ) ;
#3365 = ORIENTED_EDGE ( 'NONE', *, *, #424, .F. ) ;
#3366 = DIRECTION ( 'NONE',  ( 0.000000000000000000, 0.000000000000000000, -1.000000000000000000 ) ) ;
#3367 = DIRECTION ( 'NONE',  ( 0.000000000000000000, 0.000000000000000000, -1.000000000000000000 ) ) ;
#3368 = VERTEX_POINT ( 'NONE', #1715 ) ;
#3369 = CARTESIAN_POINT ( 'NONE',  ( -1.199999999999999734, 0.1000000000000000056, 4.984837574645997488E-16 ) ) ;
#3370 = AXIS2_PLACEMENT_3D ( 'NONE', #36, #875, #1 ) ;
#3371 = DIRECTION ( 'NONE',  ( 0.000000000000000000, -1.000000000000000000, 0.000000000000000000 ) ) ;
#3372 = EDGE_CURVE ( 'NONE', #1745, #3065, #2967, .T. ) ;
#3373 = CIRCLE ( 'NONE', #3007, 0.2000000000000000944 ) ;
#3374 = DIRECTION ( 'NONE',  ( 0.000000000000000000, -1.000000000000000000, 0.000000000000000000 ) ) ;
#3375 = EDGE_CURVE ( 'NONE', #3276, #1914, #64, .T. ) ;
#3376 = AXIS2_PLACEMENT_3D ( 'NONE', #3679, #768, #568 ) ;
#3377 = LINE ( 'NONE', #1731, #2866 ) ;
#3378 = DIRECTION ( 'NONE',  ( 1.000000000000000000, 0.000000000000000000, 7.477256361968996233E-16 ) ) ;
#3379 = ORIENTED_EDGE ( 'NONE', *, *, #2174, .F. ) ;
#3380 = CARTESIAN_POINT ( 'NONE',  ( 1.025000000000000133, 0.3790000000000000036, -1.650000000000000133 ) ) ;
#3381 = AXIS2_PLACEMENT_3D ( 'NONE', #1739, #40, #48 ) ;
#3382 = VECTOR ( 'NONE', #1139, 1000.000000000000000 ) ;
#3383 = SPHERICAL_SURFACE ( 'NONE', #1479, 0.1250000000000000000 ) ;
#3384 = VERTEX_POINT ( 'NONE', #2056 ) ;
#3385 = CARTESIAN_POINT ( 'NONE',  ( -1.324999999999999512, 0.2540000000000000036, -1.749999999999999778 ) ) ;
#3386 = CARTESIAN_POINT ( 'NONE',  ( -4.814824860968089633E-32, 0.1000000000000000056, 0.7100000000000000755 ) ) ;
#3387 = ADVANCED_FACE ( 'NONE', ( #1827 ), #3192, .T. ) ;
#3388 = CARTESIAN_POINT ( 'NONE',  ( 2.101109037713280984E-16, 0.1000000000000000056, -0.2809999999999990838 ) ) ;
#3389 = ORIENTED_EDGE ( 'NONE', *, *, #1910, .T. ) ;
#3390 = ORIENTED_EDGE ( 'NONE', *, *, #1014, .T. ) ;
#3391 = CARTESIAN_POINT ( 'NONE',  ( -0.8249999999999995115, 0.9299999999999999378, -1.349999999999999867 ) ) ;
#3392 = AXIS2_PLACEMENT_3D ( 'NONE', #3570, #2786, #151 ) ;
#3393 = CARTESIAN_POINT ( 'NONE',  ( -4.814824860968089633E-32, 0.1000000000000000056, 0.5225000000000000755 ) ) ;
#3394 = PLANE ( 'NONE',  #683 ) ;
#3395 = ORIENTED_EDGE ( 'NONE', *, *, #2005, .T. ) ;
#3396 = ADVANCED_FACE ( 'NONE', ( #2694 ), #632, .F. ) ;
#3397 = DIRECTION ( 'NONE',  ( -0.000000000000000000, -1.000000000000000000, -0.000000000000000000 ) ) ;
#3398 = DIRECTION ( 'NONE',  ( 1.000000000000000000, 0.000000000000000000, -0.000000000000000000 ) ) ;
#3399 = ORIENTED_EDGE ( 'NONE', *, *, #1067, .F. ) ;
#3400 = CARTESIAN_POINT ( 'NONE',  ( -4.814824860968089633E-32, 0.1000000000000000056, 0.7100000000000000755 ) ) ;
#3401 = VECTOR ( 'NONE', #2529, 1000.000000000000000 ) ;
#3402 = DIRECTION ( 'NONE',  ( 4.154031312204998893E-16, 0.000000000000000000, 1.000000000000000000 ) ) ;
#3403 = EDGE_LOOP ( 'NONE', ( #1020, #1393, #512, #675 ) ) ;
#3404 = AXIS2_PLACEMENT_3D ( 'NONE', #3081, #1384, #2192 ) ;
#3405 = EDGE_LOOP ( 'NONE', ( #1357, #3561, #802, #2032 ) ) ;
#3406 = DIRECTION ( 'NONE',  ( 0.000000000000000000, -0.000000000000000000, -1.000000000000000000 ) ) ;
#3407 = EDGE_CURVE ( 'NONE', #3207, #2574, #2913, .T. ) ;
#3408 = AXIS2_PLACEMENT_3D ( 'NONE', #2569, #3701, #1133 ) ;
#3409 = CARTESIAN_POINT ( 'NONE',  ( 2.101109037713280984E-16, 0.1000000000000000056, -0.2809999999999990838 ) ) ;
#3410 = CARTESIAN_POINT ( 'NONE',  ( 2.296212748401283412E-17, 0.1000000000000000056, 0.8975000000000001865 ) ) ;
#3411 = ORIENTED_EDGE ( 'NONE', *, *, #399, .T. ) ;
#3412 = LINE ( 'NONE', #3380, #3303 ) ;
#3413 = ADVANCED_FACE ( 'NONE', ( #2378 ), #3525, .T. ) ;
#3414 = CARTESIAN_POINT ( 'NONE',  ( 1.200000000000000178, 0.4289999999999999925, 1.449999999999999734 ) ) ;
#3415 = ORIENTED_EDGE ( 'NONE', *, *, #3510, .F. ) ;
#3416 = DIRECTION ( 'NONE',  ( -1.000000000000000000, 0.000000000000000000, -4.486353817181397148E-16 ) ) ;
#3417 = CYLINDRICAL_SURFACE ( 'NONE', #1051, 0.1250000000000001110 ) ;
#3418 = CARTESIAN_POINT ( 'NONE',  ( 2.101109037713280984E-16, 0.000000000000000000, -0.2809999999999990838 ) ) ;
#3419 = DIRECTION ( 'NONE',  ( 0.000000000000000000, 0.000000000000000000, -1.000000000000000000 ) ) ;
#3420 = ORIENTED_EDGE ( 'NONE', *, *, #2195, .T. ) ;
#3421 = ORIENTED_EDGE ( 'NONE', *, *, #2058, .T. ) ;
#3422 = AXIS2_PLACEMENT_3D ( 'NONE', #2085, #2054, #81 ) ;
#3423 = CARTESIAN_POINT ( 'NONE',  ( 1.225000000000000089, 0.3790000000000000036, -1.450000000000000178 ) ) ;
#3424 = ADVANCED_FACE ( 'NONE', ( #3508 ), #2642, .F. ) ;
#3425 = CIRCLE ( 'NONE', #676, 0.8125000000000003331 ) ;
#3426 = CARTESIAN_POINT ( 'NONE',  ( -1.025000000000000133, 0.8549999999999998712, 1.449999999999999734 ) ) ;
#3427 = FACE_OUTER_BOUND ( 'NONE', #2790, .T. ) ;
#3428 = ORIENTED_EDGE ( 'NONE', *, *, #1595, .F. ) ;
#3429 = ORIENTED_EDGE ( 'NONE', *, *, #1730, .F. ) ;
#3430 = PRESENTATION_LAYER_ASSIGNMENT (  '', '', ( #3132 ) ) ;
#3431 = CARTESIAN_POINT ( 'NONE',  ( -0.8249999999999995115, 0.9799999999999999822, -1.249999999999999778 ) ) ;
#3432 = DIRECTION ( 'NONE',  ( 1.000000000000000000, 0.000000000000000000, 4.486353817181397148E-16 ) ) ;
#3433 = ORIENTED_EDGE ( 'NONE', *, *, #1089, .F. ) ;
#3434 = CIRCLE ( 'NONE', #225, 0.1875000000000000555 ) ;
#3435 = DIRECTION ( 'NONE',  ( 1.000000000000000000, 0.000000000000000000, -0.000000000000000000 ) ) ;
#3436 =( NAMED_UNIT ( * ) PLANE_ANGLE_UNIT ( ) SI_UNIT ( $, .RADIAN. ) );
#3437 = PRESENTATION_LAYER_ASSIGNMENT (  '', '', ( #1355 ) ) ;
#3438 = COLOUR_RGB ( '',0.7921568627450980005, 0.8196078431372548767, 0.9333333333333333481 ) ;
#3439 = EDGE_CURVE ( 'NONE', #2123, #3546, #1349, .T. ) ;
#3440 = DIRECTION ( 'NONE',  ( 0.000000000000000000, 0.000000000000000000, 1.000000000000000000 ) ) ;
#3441 = FACE_OUTER_BOUND ( 'NONE', #46, .T. ) ;
#3442 = CLOSED_SHELL ( 'NONE', ( #443, #1369, #1109, #2027, #2896, #133, #2264, #1178, #338, #1454, #788, #2699, #395, #2144, #3157, #1889, #3530, #2223, #1219, #2839, #1295, #3676, #883, #2050, #222, #3331, #3194, #19, #1778, #230, #1068, #3179, #2802, #20, #2422, #965, #3325, #2617 ) ) ;
#3443 = ORIENTED_EDGE ( 'NONE', *, *, #260, .T. ) ;
#3444 = DIRECTION ( 'NONE',  ( 1.000000000000000000, 0.000000000000000000, 2.990902544787598099E-16 ) ) ;
#3445 = EDGE_CURVE ( 'NONE', #279, #1785, #1272, .T. ) ;
#3446 = ORIENTED_EDGE ( 'NONE', *, *, #3089, .F. ) ;
#3447 = MANIFOLD_SOLID_BREP ( 'Boss-Extrude4[3]', #393 ) ;
#3448 = ADVANCED_FACE ( 'NONE', ( #3648 ), #3212, .F. ) ;
#3449 = EDGE_CURVE ( 'NONE', #2017, #52, #803, .T. ) ;
#3450 = VERTEX_POINT ( 'NONE', #760 ) ;
#3451 = FACE_OUTER_BOUND ( 'NONE', #2996, .T. ) ;
#3452 = DIRECTION ( 'NONE',  ( -0.000000000000000000, -0.000000000000000000, -1.000000000000000000 ) ) ;
#3453 = ORIENTED_EDGE ( 'NONE', *, *, #2344, .T. ) ;
#3454 = VERTEX_POINT ( 'NONE', #3023 ) ;
#3455 = DIRECTION ( 'NONE',  ( 0.000000000000000000, -1.000000000000000000, 0.000000000000000000 ) ) ;
#3456 = LINE ( 'NONE', #1737, #2621 ) ;
#3457 = ORIENTED_EDGE ( 'NONE', *, *, #2336, .T. ) ;
#3458 = CARTESIAN_POINT ( 'NONE',  ( 1.025000000000000133, 0.3790000000000000036, 1.649999999999999689 ) ) ;
#3459 = ORIENTED_EDGE ( 'NONE', *, *, #3000, .T. ) ;
#3460 = ORIENTED_EDGE ( 'NONE', *, *, #3553, .T. ) ;
#3461 = FACE_OUTER_BOUND ( 'NONE', #1179, .T. ) ;
#3462 = EDGE_CURVE ( 'NONE', #873, #1134, #2496, .T. ) ;
#3463 = ORIENTED_EDGE ( 'NONE', *, *, #375, .T. ) ;
#3464 = CARTESIAN_POINT ( 'NONE',  ( -1.025000000000000133, 0.4289999999999997149, -1.575000000000000178 ) ) ;
#3465 = CYLINDRICAL_SURFACE ( 'NONE', #570, 0.8125000000000003331 ) ;
#3466 = VERTEX_POINT ( 'NONE', #3077 ) ;
#3467 = DIRECTION ( 'NONE',  ( -0.000000000000000000, -0.000000000000000000, 1.000000000000000000 ) ) ;
#3468 = VECTOR ( 'NONE', #1342, 1000.000000000000000 ) ;
#3469 = ORIENTED_EDGE ( 'NONE', *, *, #1175, .T. ) ;
#3470 = EDGE_CURVE ( 'NONE', #2787, #3466, #3344, .T. ) ;
#3471 = VERTEX_POINT ( 'NONE', #3571 ) ;
#3472 = LINE ( 'NONE', #3418, #69 ) ;
#3473 = VERTEX_POINT ( 'NONE', #1920 ) ;
#3474 = DIRECTION ( 'NONE',  ( -0.000000000000000000, -1.000000000000000000, -0.000000000000000000 ) ) ;
#3475 = ORIENTED_EDGE ( 'NONE', *, *, #42, .F. ) ;
#3476 = DIRECTION ( 'NONE',  ( 0.000000000000000000, -1.000000000000000000, 0.000000000000000000 ) ) ;
#3477 = ORIENTED_EDGE ( 'NONE', *, *, #2781, .T. ) ;
#3478 = EDGE_CURVE ( 'NONE', #3020, #1719, #1329, .T. ) ;
#3479 = EDGE_CURVE ( 'NONE', #2152, #1107, #499, .T. ) ;
#3480 = DIRECTION ( 'NONE',  ( -0.000000000000000000, -0.000000000000000000, 1.000000000000000000 ) ) ;
#3481 = DIRECTION ( 'NONE',  ( 1.000000000000000000, 0.000000000000000000, -2.077015656102498707E-16 ) ) ;
#3482 = ORIENTED_EDGE ( 'NONE', *, *, #210, .T. ) ;
#3483 = VECTOR ( 'NONE', #3486, 1000.000000000000000 ) ;
#3484 = ORIENTED_EDGE ( 'NONE', *, *, #901, .T. ) ;
#3485 = EDGE_CURVE ( 'NONE', #633, #2069, #446, .T. ) ;
#3486 = DIRECTION ( 'NONE',  ( 0.000000000000000000, 0.000000000000000000, 1.000000000000000000 ) ) ;
#3487 = VERTEX_POINT ( 'NONE', #2731 ) ;
#3488 = DIRECTION ( 'NONE',  ( 1.000000000000000000, 0.000000000000000000, 7.477256361968996233E-16 ) ) ;
#3489 = COLOUR_RGB ( '',1.000000000000000000, 0.8117647058823529438, 0.5019607843137254832 ) ;
#3490 = ORIENTED_EDGE ( 'NONE', *, *, #3183, .F. ) ;
#3491 = CARTESIAN_POINT ( 'NONE',  ( -4.814824860968089633E-32, 0.000000000000000000, 0.7100000000000000755 ) ) ;
#3492 = EDGE_CURVE ( 'NONE', #2244, #1615, #2788, .T. ) ;
#3493 = AXIS2_PLACEMENT_3D ( 'NONE', #1555, #651, #1790 ) ;
#3494 = PRESENTATION_LAYER_ASSIGNMENT (  '', '', ( #2492 ) ) ;
#3495 = CARTESIAN_POINT ( 'NONE',  ( -1.150000000000000133, 0.4289999999999997149, 1.449999999999999734 ) ) ;
#3496 = DIRECTION ( 'NONE',  ( 0.000000000000000000, 0.000000000000000000, 1.000000000000000000 ) ) ;
#3497 = ORIENTED_EDGE ( 'NONE', *, *, #2233, .T. ) ;
#3498 = EDGE_LOOP ( 'NONE', ( #1480, #3365, #164, #3188 ) ) ;
#3499 = DIRECTION ( 'NONE',  ( 0.000000000000000000, 0.000000000000000000, -1.000000000000000000 ) ) ;
#3500 = DIRECTION ( 'NONE',  ( 0.000000000000000000, 0.000000000000000000, 1.000000000000000000 ) ) ;
#3501 = CARTESIAN_POINT ( 'NONE',  ( 1.200000000000000178, 0.1000000000000000056, -1.624999999999999778 ) ) ;
#3502 = EDGE_LOOP ( 'NONE', ( #2099, #2780, #732, #2305 ) ) ;
#3503 = UNCERTAINTY_MEASURE_WITH_UNIT (LENGTH_MEASURE( 1.000000000000000082E-05 ), #1275, 'distance_accuracy_value', 'NONE');
#3504 = VERTEX_POINT ( 'NONE', #3609 ) ;
#3505 = AXIS2_PLACEMENT_3D ( 'NONE', #3414, #1120, #523 ) ;
#3506 = DIRECTION ( 'NONE',  ( -0.000000000000000000, -1.000000000000000000, -0.000000000000000000 ) ) ;
#3507 = ORIENTED_EDGE ( 'NONE', *, *, #369, .T. ) ;
#3508 = FACE_OUTER_BOUND ( 'NONE', #299, .T. ) ;
#3509 = EDGE_LOOP ( 'NONE', ( #3420, #1125, #2950, #1297 ) ) ;
#3510 = EDGE_CURVE ( 'NONE', #3450, #3135, #3307, .T. ) ;
#3511 = AXIS2_PLACEMENT_3D ( 'NONE', #3010, #1335, #3315 ) ;
#3512 = CARTESIAN_POINT ( 'NONE',  ( -1.025000000000000133, 0.2540000000000000036, -1.650000000000000133 ) ) ;
#3513 = CARTESIAN_POINT ( 'NONE',  ( -1.200000000000000178, 0.000000000000000000, -1.625000000000000000 ) ) ;
#3514 = VERTEX_POINT ( 'NONE', #1063 ) ;
#3515 = PRESENTATION_LAYER_ASSIGNMENT (  '', '', ( #2269 ) ) ;
#3516 = CARTESIAN_POINT ( 'NONE',  ( 0.4750000000000005884, 0.000000000000000000, -1.973164873297376964E-16 ) ) ;
#3517 = DIRECTION ( 'NONE',  ( 0.000000000000000000, -1.000000000000000000, 0.000000000000000000 ) ) ;
#3518 = ORIENTED_EDGE ( 'NONE', *, *, #1869, .F. ) ;
#3519 = ORIENTED_EDGE ( 'NONE', *, *, #80, .T. ) ;
#3520 = AXIS2_PLACEMENT_3D ( 'NONE', #2739, #3533, #1909 ) ;
#3521 = EDGE_CURVE ( 'NONE', #1205, #1307, #237, .T. ) ;
#3522 = DIRECTION ( 'NONE',  ( 0.000000000000000000, 0.000000000000000000, -1.000000000000000000 ) ) ;
#3523 = VECTOR ( 'NONE', #211, 1000.000000000000000 ) ;
#3524 = ORIENTED_EDGE ( 'NONE', *, *, #324, .F. ) ;
#3525 = PLANE ( 'NONE',  #2000 ) ;
#3526 = DIRECTION ( 'NONE',  ( 0.000000000000000000, 0.000000000000000000, 1.000000000000000000 ) ) ;
#3527 = ORIENTED_EDGE ( 'NONE', *, *, #3142, .T. ) ;
#3528 =( GEOMETRIC_REPRESENTATION_CONTEXT ( 3 ) GLOBAL_UNCERTAINTY_ASSIGNED_CONTEXT ( ( #1231 ) ) GLOBAL_UNIT_ASSIGNED_CONTEXT ( ( #3104, #2831, #2793 ) ) REPRESENTATION_CONTEXT ( 'NONE', 'WORKASPACE' ) );
#3529 = DIRECTION ( 'NONE',  ( -1.000000000000000000, 0.000000000000000000, 0.000000000000000000 ) ) ;
#3530 = ADVANCED_FACE ( 'NONE', ( #2536 ), #1381, .F. ) ;
#3531 = LINE ( 'NONE', #653, #1132 ) ;
#3532 = CARTESIAN_POINT ( 'NONE',  ( -0.4749999999999999223, 0.000000000000000000, -1.102999999999999536 ) ) ;
#3533 = DIRECTION ( 'NONE',  ( 0.000000000000000000, 0.000000000000000000, 1.000000000000000000 ) ) ;
#3534 = ORIENTED_EDGE ( 'NONE', *, *, #2502, .F. ) ;
#3535 = VECTOR ( 'NONE', #800, 1000.000000000000000 ) ;
#3536 = CYLINDRICAL_SURFACE ( 'NONE', #1705, 0.5124999999999999556 ) ;
#3537 = EDGE_CURVE ( 'NONE', #873, #98, #2454, .T. ) ;
#3538 = DIRECTION ( 'NONE',  ( 1.000000000000000000, 0.000000000000000000, -4.154031312204999386E-16 ) ) ;
#3539 = LINE ( 'NONE', #2138, #3290 ) ;
#3540 = CARTESIAN_POINT ( 'NONE',  ( -0.8999999999999998002, 0.1000000000000000056, 1.625000000000000222 ) ) ;
#3541 = ORIENTED_EDGE ( 'NONE', *, *, #400, .F. ) ;
#3542 = ORIENTED_EDGE ( 'NONE', *, *, #3664, .F. ) ;
#3543 = VECTOR ( 'NONE', #677, 1000.000000000000000 ) ;
#3544 = CARTESIAN_POINT ( 'NONE',  ( -1.324999999999999512, 0.2540000000000000036, -1.749999999999999778 ) ) ;
#3545 = ORIENTED_EDGE ( 'NONE', *, *, #2937, .F. ) ;
#3546 = VERTEX_POINT ( 'NONE', #176 ) ;
#3547 = ORIENTED_EDGE ( 'NONE', *, *, #2404, .T. ) ;
#3548 = MANIFOLD_SOLID_BREP ( 'Boss-Extrude4[4]', #3320 ) ;
#3549 = EDGE_CURVE ( 'NONE', #331, #2878, #502, .T. ) ;
#3550 = AXIS2_PLACEMENT_3D ( 'NONE', #1405, #849, #3051 ) ;
#3551 = DIRECTION ( 'NONE',  ( 7.477256361968996233E-16, 0.000000000000000000, -1.000000000000000000 ) ) ;
#3552 = EDGE_CURVE ( 'NONE', #2273, #3184, #2246, .T. ) ;
#3553 = EDGE_CURVE ( 'NONE', #3135, #2152, #2066, .T. ) ;
#3554 = ORIENTED_EDGE ( 'NONE', *, *, #2104, .T. ) ;
#3555 = AXIS2_PLACEMENT_3D ( 'NONE', #933, #2382, #2011 ) ;
#3556 = MANIFOLD_SOLID_BREP ( 'Cut-Extrude1', #1233 ) ;
#3557 = MECHANICAL_DESIGN_GEOMETRIC_PRESENTATION_REPRESENTATION (  '', ( #1355 ), #3103 ) ;
#3558 = CIRCLE ( 'NONE', #2191, 0.5124999999999999556 ) ;
#3559 = CARTESIAN_POINT ( 'NONE',  ( 1.025000000000000133, 0.4290000000000005476, -1.450000000000000178 ) ) ;
#3560 = DIRECTION ( 'NONE',  ( 1.000000000000000000, 0.000000000000000000, 0.000000000000000000 ) ) ;
#3561 = ORIENTED_EDGE ( 'NONE', *, *, #459, .T. ) ;
#3562 = DIRECTION ( 'NONE',  ( 1.000000000000000000, 0.000000000000000000, 0.000000000000000000 ) ) ;
#3563 = DIRECTION ( 'NONE',  ( 0.000000000000000000, 0.000000000000000000, -1.000000000000000000 ) ) ;
#3564 = MANIFOLD_SOLID_BREP ( 'Boss-Extrude4[8]', #2010 ) ;
#3565 = LINE ( 'NONE', #3279, #3523 ) ;
#3566 = VERTEX_POINT ( 'NONE', #937 ) ;
#3567 = AXIS2_PLACEMENT_3D ( 'NONE', #893, #1686, #2820 ) ;
#3568 = EDGE_LOOP ( 'NONE', ( #2689, #2469, #2328 ) ) ;
#3569 = DIRECTION ( 'NONE',  ( 1.000000000000000000, 0.000000000000000000, 2.990902544787597606E-16 ) ) ;
#3570 = CARTESIAN_POINT ( 'NONE',  ( -1.025000000000000133, 0.4289999999999997149, -1.625000000000000222 ) ) ;
#3571 = CARTESIAN_POINT ( 'NONE',  ( 0.4750000000000001443, 0.000000000000000000, -1.102999999999999980 ) ) ;
#3572 = VECTOR ( 'NONE', #3646, 1000.000000000000000 ) ;
#3573 = FACE_OUTER_BOUND ( 'NONE', #2052, .T. ) ;
#3574 = DIRECTION ( 'NONE',  ( 4.154031312204998893E-16, 0.000000000000000000, 1.000000000000000000 ) ) ;
#3575 = ORIENTED_EDGE ( 'NONE', *, *, #2594, .T. ) ;
#3576 = FILL_AREA_STYLE ('',( #224 ) ) ;
#3577 = DIRECTION ( 'NONE',  ( 1.000000000000000000, 0.000000000000000000, -0.000000000000000000 ) ) ;
#3578 = LINE ( 'NONE', #437, #780 ) ;
#3579 = EDGE_LOOP ( 'NONE', ( #2146, #2666, #1508, #1168 ) ) ;
#3580 = PLANE ( 'NONE',  #3612 ) ;
#3581 = FACE_BOUND ( 'NONE', #840, .T. ) ;
#3582 = CARTESIAN_POINT ( 'NONE',  ( -1.225000000000000089, 0.2540000000000000036, -1.450000000000000178 ) ) ;
#3583 = VERTEX_POINT ( 'NONE', #3652 ) ;
#3584 = DIRECTION ( 'NONE',  ( 0.000000000000000000, 1.000000000000000000, 0.000000000000000000 ) ) ;
#3585 = EDGE_CURVE ( 'NONE', #3246, #2852, #3006, .T. ) ;
#3586 = PLANE ( 'NONE',  #999 ) ;
#3587 = VERTEX_POINT ( 'NONE', #1979 ) ;
#3588 = DIRECTION ( 'NONE',  ( 1.000000000000000000, 0.000000000000000000, 2.990902544787598099E-16 ) ) ;
#3589 = DIRECTION ( 'NONE',  ( 0.000000000000000000, 0.000000000000000000, 1.000000000000000000 ) ) ;
#3590 = CIRCLE ( 'NONE', #1791, 0.1250000000000001110 ) ;
#3591 = ORIENTED_EDGE ( 'NONE', *, *, #2520, .T. ) ;
#3592 =( NAMED_UNIT ( * ) PLANE_ANGLE_UNIT ( ) SI_UNIT ( $, .RADIAN. ) );
#3593 = SURFACE_STYLE_USAGE ( .BOTH. , #1945 ) ;
#3594 = CARTESIAN_POINT ( 'NONE',  ( 6.597931013801444502E-16, 0.1000000000000000056, -1.103000000000000203 ) ) ;
#3595 = AXIS2_PLACEMENT_3D ( 'NONE', #2501, #3635, #1106 ) ;
#3596 = FACE_OUTER_BOUND ( 'NONE', #1767, .T. ) ;
#3597 = CARTESIAN_POINT ( 'NONE',  ( 1.025000000000000355, 0.8549999999999999822, 0.000000000000000000 ) ) ;
#3598 = DIRECTION ( 'NONE',  ( 0.000000000000000000, -1.000000000000000000, 0.000000000000000000 ) ) ;
#3599 = EDGE_CURVE ( 'NONE', #3346, #3146, #822, .T. ) ;
#3600 = AXIS2_PLACEMENT_3D ( 'NONE', #2927, #2373, #697 ) ;
#3601 = DIRECTION ( 'NONE',  ( 1.000000000000000000, -0.000000000000000000, 4.154031312204997907E-16 ) ) ;
#3602 = DIRECTION ( 'NONE',  ( 1.000000000000000000, 0.000000000000000000, 0.000000000000000000 ) ) ;
#3603 = EDGE_CURVE ( 'NONE', #1483, #3454, #3558, .T. ) ;
#3604 = EDGE_LOOP ( 'NONE', ( #3164, #2997, #757, #1192 ) ) ;
#3605 = EDGE_CURVE ( 'NONE', #3065, #2878, #2608, .T. ) ;
#3606 = VECTOR ( 'NONE', #3506, 1000.000000000000000 ) ;
#3607 = CARTESIAN_POINT ( 'NONE',  ( -0.8249999999999995115, 0.9299999999999999378, -1.349999999999999867 ) ) ;
#3608 = PLANE ( 'NONE',  #1304 ) ;
#3609 = CARTESIAN_POINT ( 'NONE',  ( -1.199999999999999734, 0.000000000000000000, 1.625000000000000222 ) ) ;
#3610 = DIRECTION ( 'NONE',  ( -4.154031312204999386E-16, 0.000000000000000000, -1.000000000000000000 ) ) ;
#3611 = VERTEX_POINT ( 'NONE', #1688 ) ;
#3612 = AXIS2_PLACEMENT_3D ( 'NONE', #733, #3601, #1627 ) ;
#3613 = DIRECTION ( 'NONE',  ( 0.000000000000000000, -1.000000000000000000, 0.000000000000000000 ) ) ;
#3614 = CARTESIAN_POINT ( 'NONE',  ( 1.199999999999999289, 0.1000000000000000056, 1.625000000000000222 ) ) ;
#3615 = CYLINDRICAL_SURFACE ( 'NONE', #2211, 0.2000000000000000944 ) ;
#3616 = VECTOR ( 'NONE', #2568, 1000.000000000000000 ) ;
#3617 = ORIENTED_EDGE ( 'NONE', *, *, #1030, .F. ) ;
#3618 = CARTESIAN_POINT ( 'NONE',  ( -1.324999999999999512, 0.2540000000000000036, 1.750000000000000222 ) ) ;
#3619 = DIRECTION ( 'NONE',  ( 0.000000000000000000, 0.000000000000000000, -1.000000000000000000 ) ) ;
#3620 = VECTOR ( 'NONE', #2208, 1000.000000000000000 ) ;
#3621 = DIRECTION ( 'NONE',  ( 1.000000000000000000, 0.000000000000000000, 0.000000000000000000 ) ) ;
#3622 = DIRECTION ( 'NONE',  ( 0.000000000000000000, -1.000000000000000000, 0.000000000000000000 ) ) ;
#3623 = CARTESIAN_POINT ( 'NONE',  ( -1.150000000000000133, 0.8550000000000015365, -1.450000000000000178 ) ) ;
#3624 = CARTESIAN_POINT ( 'NONE',  ( 1.025000000000000133, 0.3790000000000000036, -1.450000000000000178 ) ) ;
#3625 = ORIENTED_EDGE ( 'NONE', *, *, #3001, .F. ) ;
#3626 = DIRECTION ( 'NONE',  ( 0.000000000000000000, -1.000000000000000000, 0.000000000000000000 ) ) ;
#3627 = ADVANCED_FACE ( 'NONE', ( #1740 ), #2943, .F. ) ;
#3628 = FACE_OUTER_BOUND ( 'NONE', #781, .T. ) ;
#3629 = VERTEX_POINT ( 'NONE', #273 ) ;
#3630 = DIRECTION ( 'NONE',  ( 4.154031312204998893E-16, 0.000000000000000000, 1.000000000000000000 ) ) ;
#3631 = DIRECTION ( 'NONE',  ( 0.000000000000000000, -1.000000000000000000, 0.000000000000000000 ) ) ;
#3632 = SURFACE_SIDE_STYLE ('',( #1027 ) ) ;
#3633 = CARTESIAN_POINT ( 'NONE',  ( -1.199999999999999512, 0.1000000000000000056, 4.984837574645996502E-16 ) ) ;
#3634 = EDGE_CURVE ( 'NONE', #2692, #2088, #1997, .T. ) ;
#3635 = DIRECTION ( 'NONE',  ( 0.000000000000000000, 1.000000000000000000, 0.000000000000000000 ) ) ;
#3636 = ORIENTED_EDGE ( 'NONE', *, *, #2897, .F. ) ;
#3637 = DIRECTION ( 'NONE',  ( -0.000000000000000000, -1.000000000000000000, -0.000000000000000000 ) ) ;
#3638 = EDGE_CURVE ( 'NONE', #592, #212, #3196, .T. ) ;
#3639 = EDGE_LOOP ( 'NONE', ( #3235, #2080, #2627, #3429 ) ) ;
#3640 = PLANE ( 'NONE',  #3376 ) ;
#3641 = ORIENTED_EDGE ( 'NONE', *, *, #1946, .F. ) ;
#3642 = DIRECTION ( 'NONE',  ( 0.000000000000000000, 0.000000000000000000, -1.000000000000000000 ) ) ;
#3643 = ORIENTED_EDGE ( 'NONE', *, *, #3510, .T. ) ;
#3644 = LINE ( 'NONE', #2745, #618 ) ;
#3645 = CIRCLE ( 'NONE', #2448, 0.2000000000000000944 ) ;
#3646 = DIRECTION ( 'NONE',  ( 1.000000000000000000, 0.000000000000000000, 0.000000000000000000 ) ) ;
#3647 = ORIENTED_EDGE ( 'NONE', *, *, #3698, .F. ) ;
#3648 = FACE_OUTER_BOUND ( 'NONE', #3405, .T. ) ;
#3649 = DIRECTION ( 'NONE',  ( -1.000000000000000000, 0.000000000000000000, -0.000000000000000000 ) ) ;
#3650 = ADVANCED_FACE ( 'NONE', ( #3156 ), #3117, .T. ) ;
#3651 = ORIENTED_EDGE ( 'NONE', *, *, #669, .F. ) ;
#3652 = CARTESIAN_POINT ( 'NONE',  ( 2.296212748401284028E-17, 0.03500000000000000333, 0.8975000000000002975 ) ) ;
#3653 = DIRECTION ( 'NONE',  ( 1.000000000000000000, 0.000000000000000000, 0.000000000000000000 ) ) ;
#3654 = LINE ( 'NONE', #2021, #1198 ) ;
#3655 = ORIENTED_EDGE ( 'NONE', *, *, #1152, .T. ) ;
#3656 = VECTOR ( 'NONE', #1733, 1000.000000000000000 ) ;
#3657 = TOROIDAL_SURFACE ( 'NONE', #1385, 0.1750000000000000999, 0.05000000000000000278 ) ;
#3658 = LINE ( 'NONE', #1949, #659 ) ;
#3659 = PLANE ( 'NONE',  #1875 ) ;
#3660 = CARTESIAN_POINT ( 'NONE',  ( 0.4749999999999999223, 0.1000000000000000056, -1.625000000000000000 ) ) ;
#3661 = CARTESIAN_POINT ( 'NONE',  ( 1.025000000000000133, 0.4290000000000014357, 1.574999999999999734 ) ) ;
#3662 = LINE ( 'NONE', #1098, #97 ) ;
#3663 = ORIENTED_EDGE ( 'NONE', *, *, #354, .F. ) ;
#3664 = EDGE_CURVE ( 'NONE', #925, #1143, #1122, .T. ) ;
#3665 = DIRECTION ( 'NONE',  ( 0.000000000000000000, 0.000000000000000000, -1.000000000000000000 ) ) ;
#3666 = VECTOR ( 'NONE', #1682, 1000.000000000000000 ) ;
#3667 = CARTESIAN_POINT ( 'NONE',  ( -1.025000000000000133, 0.3790000000000000036, -1.450000000000000178 ) ) ;
#3668 = ORIENTED_EDGE ( 'NONE', *, *, #2108, .T. ) ;
#3669 = LINE ( 'NONE', #1104, #286 ) ;
#3670 = ORIENTED_EDGE ( 'NONE', *, *, #3082, .T. ) ;
#3671 = DIRECTION ( 'NONE',  ( 1.000000000000000000, 0.000000000000000000, 5.981805089575197183E-16 ) ) ;
#3672 = CARTESIAN_POINT ( 'NONE',  ( -1.200000000000000178, 0.000000000000000000, -1.625000000000000000 ) ) ;
#3673 = PLANE ( 'NONE',  #3595 ) ;
#3674 = ORIENTED_EDGE ( 'NONE', *, *, #3638, .F. ) ;
#3675 = ADVANCED_FACE ( 'NONE', ( #2368 ), #3098, .T. ) ;
#3676 = ADVANCED_FACE ( 'NONE', ( #1708 ), #3417, .T. ) ;
#3677 = SURFACE_STYLE_FILL_AREA ( #1676 ) ;
#3678 = VERTEX_POINT ( 'NONE', #1399 ) ;
#3679 = CARTESIAN_POINT ( 'NONE',  ( 0.000000000000000000, 0.1000000000000000056, 0.000000000000000000 ) ) ;
#3680 = AXIS2_PLACEMENT_3D ( 'NONE', #1252, #916, #665 ) ;
#3681 = PLANE ( 'NONE',  #3243 ) ;
#3682 = CARTESIAN_POINT ( 'NONE',  ( 0.8999999999999993561, 0.000000000000000000, 1.325000000000000178 ) ) ;
#3683 = DIRECTION ( 'NONE',  ( 0.000000000000000000, 0.000000000000000000, 1.000000000000000000 ) ) ;
#3684 = ORIENTED_EDGE ( 'NONE', *, *, #2669, .T. ) ;
#3685 = DIRECTION ( 'NONE',  ( -1.000000000000000000, -0.000000000000000000, -0.000000000000000000 ) ) ;
#3686 = MECHANICAL_DESIGN_GEOMETRIC_PRESENTATION_REPRESENTATION (  '', ( #2492 ), #103 ) ;
#3687 = DIRECTION ( 'NONE',  ( 1.000000000000000000, 0.000000000000000000, 0.000000000000000000 ) ) ;
#3688 = VERTEX_POINT ( 'NONE', #2078 ) ;
#3689 = CARTESIAN_POINT ( 'NONE',  ( 1.325000000000000400, 0.2540000000000000036, 1.750000000000000222 ) ) ;
#3690 = CARTESIAN_POINT ( 'NONE',  ( -0.4750000000000000333, 0.000000000000000000, -0.8029999999999996030 ) ) ;
#3691 = EDGE_CURVE ( 'NONE', #2069, #602, #2845, .T. ) ;
#3692 = PLANE ( 'NONE',  #1692 ) ;
#3693 = ORIENTED_EDGE ( 'NONE', *, *, #1656, .T. ) ;
#3694 = EDGE_LOOP ( 'NONE', ( #2867, #78, #8, #1991 ) ) ;
#3695 = ORIENTED_EDGE ( 'NONE', *, *, #2083, .T. ) ;
#3696 = DIRECTION ( 'NONE',  ( 0.000000000000000000, -1.000000000000000000, 0.000000000000000000 ) ) ;
#3697 = EDGE_LOOP ( 'NONE', ( #719, #3670 ) ) ;
#3698 = EDGE_CURVE ( 'NONE', #2856, #2676, #1415, .T. ) ;
#3699 = CARTESIAN_POINT ( 'NONE',  ( -1.199999999999999734, 0.1000000000000000056, 1.625000000000000222 ) ) ;
#3700 = PLANE ( 'NONE',  #1855 ) ;
#3701 = DIRECTION ( 'NONE',  ( 0.000000000000000000, -1.000000000000000000, 0.000000000000000000 ) ) ;
#3702 = EDGE_LOOP ( 'NONE', ( #959, #406, #3116, #703 ) ) ;
ENDSEC;
END-ISO-10303-21;
