ISO-10303-21;
HEADER;
FILE_DESCRIPTION((''),'2;1');
FILE_NAME('RQY0009A_ASM','2020-03-02T10:13:08',('a0412086'),(''),
'CREO PARAMETRIC BY PTC INC, 2019292','CREO PARAMETRIC BY PTC INC, 2019292','');
FILE_SCHEMA(('AUTOMOTIVE_DESIGN { 1 0 10303 214 1 1 1 1 }'));
ENDSEC;
DATA;
#30=DIRECTION('',(0.E0,0.E0,1.E0));
#31=VECTOR('',#30,3.5E-1);
#32=CARTESIAN_POINT('',(-6.25E-1,0.E0,-1.25E0));
#33=LINE('',#32,#31);
#34=DRAUGHTING_PRE_DEFINED_CURVE_FONT('continuous');
#35=CURVE_STYLE('',#34,POSITIVE_LENGTH_MEASURE(2.E-2),#22);
#36=PRESENTATION_STYLE_ASSIGNMENT((#35));
#37=STYLED_ITEM('',(#36),#33);
#38=DIRECTION('',(1.E0,0.E0,0.E0));
#39=VECTOR('',#38,1.5E-1);
#40=CARTESIAN_POINT('',(-6.25E-1,0.E0,-9.E-1));
#41=LINE('',#40,#39);
#42=CURVE_STYLE('',#34,POSITIVE_LENGTH_MEASURE(2.E-2),#22);
#43=PRESENTATION_STYLE_ASSIGNMENT((#42));
#44=STYLED_ITEM('',(#43),#41);
#45=DIRECTION('',(7.071067811866E-1,0.E0,-7.071067811864E-1));
#46=VECTOR('',#45,1.414213562373E-1);
#47=CARTESIAN_POINT('',(-4.75E-1,0.E0,-9.E-1));
#48=LINE('',#47,#46);
#49=CURVE_STYLE('',#34,POSITIVE_LENGTH_MEASURE(2.E-2),#22);
#50=PRESENTATION_STYLE_ASSIGNMENT((#49));
#51=STYLED_ITEM('',(#50),#48);
#52=DIRECTION('',(0.E0,0.E0,-1.E0));
#53=VECTOR('',#52,2.5E-1);
#54=CARTESIAN_POINT('',(-3.75E-1,0.E0,-1.E0));
#55=LINE('',#54,#53);
#56=CURVE_STYLE('',#34,POSITIVE_LENGTH_MEASURE(2.E-2),#22);
#57=PRESENTATION_STYLE_ASSIGNMENT((#56));
#58=STYLED_ITEM('',(#57),#55);
#59=DIRECTION('',(-1.E0,0.E0,0.E0));
#60=VECTOR('',#59,2.5E-1);
#61=CARTESIAN_POINT('',(-3.75E-1,0.E0,-1.25E0));
#62=LINE('',#61,#60);
#63=CURVE_STYLE('',#34,POSITIVE_LENGTH_MEASURE(2.E-2),#22);
#64=PRESENTATION_STYLE_ASSIGNMENT((#63));
#65=STYLED_ITEM('',(#64),#62);
#66=DIRECTION('',(0.E0,1.E0,0.E0));
#67=VECTOR('',#66,1.E-1);
#68=CARTESIAN_POINT('',(-6.25E-1,0.E0,-1.25E0));
#69=LINE('',#68,#67);
#70=CURVE_STYLE('',#34,POSITIVE_LENGTH_MEASURE(2.E-2),#22);
#71=PRESENTATION_STYLE_ASSIGNMENT((#70));
#72=STYLED_ITEM('',(#71),#69);
#73=DIRECTION('',(0.E0,1.E0,0.E0));
#74=VECTOR('',#73,1.E-1);
#75=CARTESIAN_POINT('',(-3.75E-1,0.E0,-1.25E0));
#76=LINE('',#75,#74);
#77=CURVE_STYLE('',#34,POSITIVE_LENGTH_MEASURE(2.E-2),#22);
#78=PRESENTATION_STYLE_ASSIGNMENT((#77));
#79=STYLED_ITEM('',(#78),#76);
#80=DIRECTION('',(0.E0,1.E0,0.E0));
#81=VECTOR('',#80,1.E-1);
#82=CARTESIAN_POINT('',(-3.75E-1,0.E0,-1.E0));
#83=LINE('',#82,#81);
#84=CURVE_STYLE('',#34,POSITIVE_LENGTH_MEASURE(2.E-2),#22);
#85=PRESENTATION_STYLE_ASSIGNMENT((#84));
#86=STYLED_ITEM('',(#85),#83);
#87=DIRECTION('',(0.E0,1.E0,0.E0));
#88=VECTOR('',#87,1.E-1);
#89=CARTESIAN_POINT('',(-4.75E-1,0.E0,-9.E-1));
#90=LINE('',#89,#88);
#91=CURVE_STYLE('',#34,POSITIVE_LENGTH_MEASURE(2.E-2),#22);
#92=PRESENTATION_STYLE_ASSIGNMENT((#91));
#93=STYLED_ITEM('',(#92),#90);
#94=DIRECTION('',(0.E0,1.E0,0.E0));
#95=VECTOR('',#94,1.E-1);
#96=CARTESIAN_POINT('',(-6.25E-1,0.E0,-9.E-1));
#97=LINE('',#96,#95);
#98=CURVE_STYLE('',#34,POSITIVE_LENGTH_MEASURE(2.E-2),#22);
#99=PRESENTATION_STYLE_ASSIGNMENT((#98));
#100=STYLED_ITEM('',(#99),#97);
#101=DIRECTION('',(0.E0,0.E0,1.E0));
#102=VECTOR('',#101,3.5E-1);
#103=CARTESIAN_POINT('',(-6.25E-1,1.E-1,-1.25E0));
#104=LINE('',#103,#102);
#105=CURVE_STYLE('',#34,POSITIVE_LENGTH_MEASURE(2.E-2),#22);
#106=PRESENTATION_STYLE_ASSIGNMENT((#105));
#107=STYLED_ITEM('',(#106),#104);
#108=DIRECTION('',(-1.E0,0.E0,0.E0));
#109=VECTOR('',#108,2.5E-1);
#110=CARTESIAN_POINT('',(-3.75E-1,1.E-1,-1.25E0));
#111=LINE('',#110,#109);
#112=CURVE_STYLE('',#34,POSITIVE_LENGTH_MEASURE(2.E-2),#22);
#113=PRESENTATION_STYLE_ASSIGNMENT((#112));
#114=STYLED_ITEM('',(#113),#111);
#115=DIRECTION('',(0.E0,0.E0,-1.E0));
#116=VECTOR('',#115,2.5E-1);
#117=CARTESIAN_POINT('',(-3.75E-1,1.E-1,-1.E0));
#118=LINE('',#117,#116);
#119=CURVE_STYLE('',#34,POSITIVE_LENGTH_MEASURE(2.E-2),#22);
#120=PRESENTATION_STYLE_ASSIGNMENT((#119));
#121=STYLED_ITEM('',(#120),#118);
#122=DIRECTION('',(7.071067811866E-1,0.E0,-7.071067811864E-1));
#123=VECTOR('',#122,1.414213562373E-1);
#124=CARTESIAN_POINT('',(-4.75E-1,1.E-1,-9.E-1));
#125=LINE('',#124,#123);
#126=CURVE_STYLE('',#34,POSITIVE_LENGTH_MEASURE(2.E-2),#22);
#127=PRESENTATION_STYLE_ASSIGNMENT((#126));
#128=STYLED_ITEM('',(#127),#125);
#129=DIRECTION('',(1.E0,0.E0,0.E0));
#130=VECTOR('',#129,1.5E-1);
#131=CARTESIAN_POINT('',(-6.25E-1,1.E-1,-9.E-1));
#132=LINE('',#131,#130);
#133=CURVE_STYLE('',#34,POSITIVE_LENGTH_MEASURE(2.E-2),#22);
#134=PRESENTATION_STYLE_ASSIGNMENT((#133));
#135=STYLED_ITEM('',(#134),#132);
#136=CARTESIAN_POINT('',(-6.25E-1,0.E0,-1.25E0));
#137=CARTESIAN_POINT('',(-6.25E-1,0.E0,-9.E-1));
#138=VERTEX_POINT('',#136);
#139=VERTEX_POINT('',#137);
#140=CARTESIAN_POINT('',(-4.75E-1,0.E0,-9.E-1));
#141=VERTEX_POINT('',#140);
#142=CARTESIAN_POINT('',(-3.75E-1,0.E0,-1.E0));
#143=VERTEX_POINT('',#142);
#144=CARTESIAN_POINT('',(-3.75E-1,0.E0,-1.25E0));
#145=VERTEX_POINT('',#144);
#146=CARTESIAN_POINT('',(-6.25E-1,1.E-1,-1.25E0));
#147=CARTESIAN_POINT('',(-6.25E-1,1.E-1,-9.E-1));
#148=VERTEX_POINT('',#146);
#149=VERTEX_POINT('',#147);
#150=CARTESIAN_POINT('',(-4.75E-1,1.E-1,-9.E-1));
#151=VERTEX_POINT('',#150);
#152=CARTESIAN_POINT('',(-3.75E-1,1.E-1,-1.E0));
#153=VERTEX_POINT('',#152);
#154=CARTESIAN_POINT('',(-3.75E-1,1.E-1,-1.25E0));
#155=VERTEX_POINT('',#154);
#156=CARTESIAN_POINT('',(0.E0,0.E0,0.E0));
#157=DIRECTION('',(0.E0,1.E0,0.E0));
#158=DIRECTION('',(1.E0,0.E0,0.E0));
#159=AXIS2_PLACEMENT_3D('',#156,#157,#158);
#160=PLANE('',#159);
#162=ORIENTED_EDGE('',*,*,#161,.T.);
#164=ORIENTED_EDGE('',*,*,#163,.T.);
#166=ORIENTED_EDGE('',*,*,#165,.T.);
#168=ORIENTED_EDGE('',*,*,#167,.T.);
#170=ORIENTED_EDGE('',*,*,#169,.T.);
#171=EDGE_LOOP('',(#162,#164,#166,#168,#170));
#172=FACE_OUTER_BOUND('',#171,.F.);
#174=CARTESIAN_POINT('',(-6.25E-1,0.E0,-1.25E0));
#175=DIRECTION('',(-1.E0,0.E0,0.E0));
#176=DIRECTION('',(0.E0,0.E0,1.E0));
#177=AXIS2_PLACEMENT_3D('',#174,#175,#176);
#178=PLANE('',#177);
#179=ORIENTED_EDGE('',*,*,#161,.F.);
#181=ORIENTED_EDGE('',*,*,#180,.T.);
#183=ORIENTED_EDGE('',*,*,#182,.T.);
#185=ORIENTED_EDGE('',*,*,#184,.F.);
#186=EDGE_LOOP('',(#179,#181,#183,#185));
#187=FACE_OUTER_BOUND('',#186,.F.);
#189=CARTESIAN_POINT('',(-3.75E-1,0.E0,-1.25E0));
#190=DIRECTION('',(0.E0,0.E0,-1.E0));
#191=DIRECTION('',(-1.E0,0.E0,0.E0));
#192=AXIS2_PLACEMENT_3D('',#189,#190,#191);
#193=PLANE('',#192);
#194=ORIENTED_EDGE('',*,*,#169,.F.);
#196=ORIENTED_EDGE('',*,*,#195,.T.);
#198=ORIENTED_EDGE('',*,*,#197,.T.);
#199=ORIENTED_EDGE('',*,*,#180,.F.);
#200=EDGE_LOOP('',(#194,#196,#198,#199));
#201=FACE_OUTER_BOUND('',#200,.F.);
#203=FILL_AREA_STYLE_COLOUR('',#20);
#204=FILL_AREA_STYLE('',(#203));
#205=SURFACE_STYLE_FILL_AREA(#204);
#206=SURFACE_SIDE_STYLE('',(#205));
#207=SURFACE_STYLE_USAGE(.POSITIVE.,#206);
#208=FILL_AREA_STYLE_COLOUR('',#22);
#209=FILL_AREA_STYLE('',(#208));
#210=SURFACE_STYLE_FILL_AREA(#209);
#211=SURFACE_SIDE_STYLE('',(#210));
#212=SURFACE_STYLE_USAGE(.NEGATIVE.,#211);
#213=PRESENTATION_STYLE_ASSIGNMENT((#207,#212));
#214=OVER_RIDING_STYLED_ITEM('',(#213),#202,#29);
#215=CARTESIAN_POINT('',(-3.75E-1,0.E0,-1.E0));
#216=DIRECTION('',(1.E0,0.E0,0.E0));
#217=DIRECTION('',(0.E0,0.E0,-1.E0));
#218=AXIS2_PLACEMENT_3D('',#215,#216,#217);
#219=PLANE('',#218);
#220=ORIENTED_EDGE('',*,*,#167,.F.);
#222=ORIENTED_EDGE('',*,*,#221,.T.);
#224=ORIENTED_EDGE('',*,*,#223,.T.);
#225=ORIENTED_EDGE('',*,*,#195,.F.);
#226=EDGE_LOOP('',(#220,#222,#224,#225));
#227=FACE_OUTER_BOUND('',#226,.F.);
#229=CARTESIAN_POINT('',(-4.75E-1,0.E0,-9.E-1));
#230=DIRECTION('',(7.071067811864E-1,0.E0,7.071067811866E-1));
#231=DIRECTION('',(7.071067811866E-1,0.E0,-7.071067811864E-1));
#232=AXIS2_PLACEMENT_3D('',#229,#230,#231);
#233=PLANE('',#232);
#234=ORIENTED_EDGE('',*,*,#165,.F.);
#236=ORIENTED_EDGE('',*,*,#235,.T.);
#238=ORIENTED_EDGE('',*,*,#237,.T.);
#239=ORIENTED_EDGE('',*,*,#221,.F.);
#240=EDGE_LOOP('',(#234,#236,#238,#239));
#241=FACE_OUTER_BOUND('',#240,.F.);
#243=CARTESIAN_POINT('',(-6.25E-1,0.E0,-9.E-1));
#244=DIRECTION('',(0.E0,0.E0,1.E0));
#245=DIRECTION('',(1.E0,0.E0,0.E0));
#246=AXIS2_PLACEMENT_3D('',#243,#244,#245);
#247=PLANE('',#246);
#248=ORIENTED_EDGE('',*,*,#163,.F.);
#249=ORIENTED_EDGE('',*,*,#184,.T.);
#251=ORIENTED_EDGE('',*,*,#250,.T.);
#252=ORIENTED_EDGE('',*,*,#235,.F.);
#253=EDGE_LOOP('',(#248,#249,#251,#252));
#254=FACE_OUTER_BOUND('',#253,.F.);
#256=CARTESIAN_POINT('',(0.E0,1.E-1,0.E0));
#257=DIRECTION('',(0.E0,1.E0,0.E0));
#258=DIRECTION('',(1.E0,0.E0,0.E0));
#259=AXIS2_PLACEMENT_3D('',#256,#257,#258);
#260=PLANE('',#259);
#261=ORIENTED_EDGE('',*,*,#182,.F.);
#262=ORIENTED_EDGE('',*,*,#197,.F.);
#263=ORIENTED_EDGE('',*,*,#223,.F.);
#264=ORIENTED_EDGE('',*,*,#237,.F.);
#265=ORIENTED_EDGE('',*,*,#250,.F.);
#266=EDGE_LOOP('',(#261,#262,#263,#264,#265));
#267=FACE_OUTER_BOUND('',#266,.F.);
#269=CLOSED_SHELL('',(#173,#188,#202,#228,#242,#255,#268));
#270=MANIFOLD_SOLID_BREP('',#269);
#271=FILL_AREA_STYLE_COLOUR('',#22);
#272=FILL_AREA_STYLE('',(#271));
#273=SURFACE_STYLE_FILL_AREA(#272);
#274=SURFACE_SIDE_STYLE('',(#273));
#275=SURFACE_STYLE_USAGE(.BOTH.,#274);
#276=PRESENTATION_STYLE_ASSIGNMENT((#275));
#29=STYLED_ITEM('',(#276),#270);
#278=DIRECTION('',(0.E0,0.E0,1.E0));
#279=VECTOR('',#278,2.E-1);
#280=CARTESIAN_POINT('',(-7.5E-1,0.E0,-5.E-1));
#281=LINE('',#280,#279);
#282=CURVE_STYLE('',#34,POSITIVE_LENGTH_MEASURE(2.E-2),#22);
#283=PRESENTATION_STYLE_ASSIGNMENT((#282));
#284=STYLED_ITEM('',(#283),#281);
#285=DIRECTION('',(1.E0,0.E0,0.E0));
#286=VECTOR('',#285,6.5E-1);
#287=CARTESIAN_POINT('',(-7.5E-1,0.E0,-3.E-1));
#288=LINE('',#287,#286);
#289=CURVE_STYLE('',#34,POSITIVE_LENGTH_MEASURE(2.E-2),#22);
#290=PRESENTATION_STYLE_ASSIGNMENT((#289));
#291=STYLED_ITEM('',(#290),#288);
#292=CARTESIAN_POINT('',(-1.E-1,0.E0,-4.E-1));
#293=DIRECTION('',(0.E0,1.E0,0.E0));
#294=DIRECTION('',(0.E0,0.E0,1.E0));
#295=AXIS2_PLACEMENT_3D('',#292,#293,#294);
#297=CURVE_STYLE('',#34,POSITIVE_LENGTH_MEASURE(2.E-2),#22);
#298=PRESENTATION_STYLE_ASSIGNMENT((#297));
#299=STYLED_ITEM('',(#298),#296);
#300=DIRECTION('',(-1.E0,0.E0,0.E0));
#301=VECTOR('',#300,6.5E-1);
#302=CARTESIAN_POINT('',(-1.E-1,0.E0,-5.E-1));
#303=LINE('',#302,#301);
#304=CURVE_STYLE('',#34,POSITIVE_LENGTH_MEASURE(2.E-2),#22);
#305=PRESENTATION_STYLE_ASSIGNMENT((#304));
#306=STYLED_ITEM('',(#305),#303);
#307=DIRECTION('',(0.E0,1.E0,0.E0));
#308=VECTOR('',#307,1.E-1);
#309=CARTESIAN_POINT('',(-7.5E-1,0.E0,-5.E-1));
#310=LINE('',#309,#308);
#311=CURVE_STYLE('',#34,POSITIVE_LENGTH_MEASURE(2.E-2),#22);
#312=PRESENTATION_STYLE_ASSIGNMENT((#311));
#313=STYLED_ITEM('',(#312),#310);
#314=DIRECTION('',(0.E0,1.E0,0.E0));
#315=VECTOR('',#314,1.E-1);
#316=CARTESIAN_POINT('',(-1.E-1,0.E0,-5.E-1));
#317=LINE('',#316,#315);
#318=CURVE_STYLE('',#34,POSITIVE_LENGTH_MEASURE(2.E-2),#22);
#319=PRESENTATION_STYLE_ASSIGNMENT((#318));
#320=STYLED_ITEM('',(#319),#317);
#321=DIRECTION('',(0.E0,1.E0,0.E0));
#322=VECTOR('',#321,1.E-1);
#323=CARTESIAN_POINT('',(-1.E-1,0.E0,-3.E-1));
#324=LINE('',#323,#322);
#325=CURVE_STYLE('',#34,POSITIVE_LENGTH_MEASURE(2.E-2),#22);
#326=PRESENTATION_STYLE_ASSIGNMENT((#325));
#327=STYLED_ITEM('',(#326),#324);
#328=DIRECTION('',(0.E0,1.E0,0.E0));
#329=VECTOR('',#328,1.E-1);
#330=CARTESIAN_POINT('',(-7.5E-1,0.E0,-3.E-1));
#331=LINE('',#330,#329);
#332=CURVE_STYLE('',#34,POSITIVE_LENGTH_MEASURE(2.E-2),#22);
#333=PRESENTATION_STYLE_ASSIGNMENT((#332));
#334=STYLED_ITEM('',(#333),#331);
#335=DIRECTION('',(0.E0,0.E0,1.E0));
#336=VECTOR('',#335,2.E-1);
#337=CARTESIAN_POINT('',(-7.5E-1,1.E-1,-5.E-1));
#338=LINE('',#337,#336);
#339=CURVE_STYLE('',#34,POSITIVE_LENGTH_MEASURE(2.E-2),#22);
#340=PRESENTATION_STYLE_ASSIGNMENT((#339));
#341=STYLED_ITEM('',(#340),#338);
#342=DIRECTION('',(-1.E0,0.E0,0.E0));
#343=VECTOR('',#342,6.5E-1);
#344=CARTESIAN_POINT('',(-1.E-1,1.E-1,-5.E-1));
#345=LINE('',#344,#343);
#346=CURVE_STYLE('',#34,POSITIVE_LENGTH_MEASURE(2.E-2),#22);
#347=PRESENTATION_STYLE_ASSIGNMENT((#346));
#348=STYLED_ITEM('',(#347),#345);
#349=CARTESIAN_POINT('',(-1.E-1,1.E-1,-4.E-1));
#350=DIRECTION('',(0.E0,1.E0,0.E0));
#351=DIRECTION('',(0.E0,0.E0,1.E0));
#352=AXIS2_PLACEMENT_3D('',#349,#350,#351);
#354=CURVE_STYLE('',#34,POSITIVE_LENGTH_MEASURE(2.E-2),#22);
#355=PRESENTATION_STYLE_ASSIGNMENT((#354));
#356=STYLED_ITEM('',(#355),#353);
#357=DIRECTION('',(1.E0,0.E0,0.E0));
#358=VECTOR('',#357,6.5E-1);
#359=CARTESIAN_POINT('',(-7.5E-1,1.E-1,-3.E-1));
#360=LINE('',#359,#358);
#361=CURVE_STYLE('',#34,POSITIVE_LENGTH_MEASURE(2.E-2),#22);
#362=PRESENTATION_STYLE_ASSIGNMENT((#361));
#363=STYLED_ITEM('',(#362),#360);
#364=CARTESIAN_POINT('',(-7.5E-1,0.E0,-5.E-1));
#365=CARTESIAN_POINT('',(-7.5E-1,0.E0,-3.E-1));
#366=VERTEX_POINT('',#364);
#367=VERTEX_POINT('',#365);
#368=CARTESIAN_POINT('',(-1.E-1,0.E0,-3.E-1));
#369=VERTEX_POINT('',#368);
#370=CARTESIAN_POINT('',(-1.E-1,0.E0,-5.E-1));
#371=VERTEX_POINT('',#370);
#372=CARTESIAN_POINT('',(-7.5E-1,1.E-1,-5.E-1));
#373=CARTESIAN_POINT('',(-7.5E-1,1.E-1,-3.E-1));
#374=VERTEX_POINT('',#372);
#375=VERTEX_POINT('',#373);
#376=CARTESIAN_POINT('',(-1.E-1,1.E-1,-3.E-1));
#377=VERTEX_POINT('',#376);
#378=CARTESIAN_POINT('',(-1.E-1,1.E-1,-5.E-1));
#379=VERTEX_POINT('',#378);
#380=CARTESIAN_POINT('',(0.E0,0.E0,0.E0));
#381=DIRECTION('',(0.E0,1.E0,0.E0));
#382=DIRECTION('',(1.E0,0.E0,0.E0));
#383=AXIS2_PLACEMENT_3D('',#380,#381,#382);
#384=PLANE('',#383);
#386=ORIENTED_EDGE('',*,*,#385,.T.);
#388=ORIENTED_EDGE('',*,*,#387,.T.);
#390=ORIENTED_EDGE('',*,*,#389,.T.);
#392=ORIENTED_EDGE('',*,*,#391,.T.);
#393=EDGE_LOOP('',(#386,#388,#390,#392));
#394=FACE_OUTER_BOUND('',#393,.F.);
#396=CARTESIAN_POINT('',(-7.5E-1,0.E0,-5.E-1));
#397=DIRECTION('',(-1.E0,0.E0,0.E0));
#398=DIRECTION('',(0.E0,0.E0,1.E0));
#399=AXIS2_PLACEMENT_3D('',#396,#397,#398);
#400=PLANE('',#399);
#401=ORIENTED_EDGE('',*,*,#385,.F.);
#403=ORIENTED_EDGE('',*,*,#402,.T.);
#405=ORIENTED_EDGE('',*,*,#404,.T.);
#407=ORIENTED_EDGE('',*,*,#406,.F.);
#408=EDGE_LOOP('',(#401,#403,#405,#407));
#409=FACE_OUTER_BOUND('',#408,.F.);
#411=FILL_AREA_STYLE_COLOUR('',#20);
#412=FILL_AREA_STYLE('',(#411));
#413=SURFACE_STYLE_FILL_AREA(#412);
#414=SURFACE_SIDE_STYLE('',(#413));
#415=SURFACE_STYLE_USAGE(.POSITIVE.,#414);
#416=PRESENTATION_STYLE_ASSIGNMENT((#415));
#417=OVER_RIDING_STYLED_ITEM('',(#416),#410,#277);
#418=CARTESIAN_POINT('',(-1.E-1,0.E0,-5.E-1));
#419=DIRECTION('',(0.E0,0.E0,-1.E0));
#420=DIRECTION('',(-1.E0,0.E0,0.E0));
#421=AXIS2_PLACEMENT_3D('',#418,#419,#420);
#422=PLANE('',#421);
#423=ORIENTED_EDGE('',*,*,#391,.F.);
#425=ORIENTED_EDGE('',*,*,#424,.T.);
#427=ORIENTED_EDGE('',*,*,#426,.T.);
#428=ORIENTED_EDGE('',*,*,#402,.F.);
#429=EDGE_LOOP('',(#423,#425,#427,#428));
#430=FACE_OUTER_BOUND('',#429,.F.);
#432=CARTESIAN_POINT('',(-1.E-1,0.E0,-4.E-1));
#433=DIRECTION('',(0.E0,1.E0,0.E0));
#434=DIRECTION('',(1.E0,0.E0,0.E0));
#435=AXIS2_PLACEMENT_3D('',#432,#433,#434);
#436=CYLINDRICAL_SURFACE('',#435,9.999999999999E-2);
#437=ORIENTED_EDGE('',*,*,#389,.F.);
#439=ORIENTED_EDGE('',*,*,#438,.T.);
#441=ORIENTED_EDGE('',*,*,#440,.T.);
#442=ORIENTED_EDGE('',*,*,#424,.F.);
#443=EDGE_LOOP('',(#437,#439,#441,#442));
#444=FACE_OUTER_BOUND('',#443,.F.);
#446=CARTESIAN_POINT('',(-7.5E-1,0.E0,-3.E-1));
#447=DIRECTION('',(0.E0,0.E0,1.E0));
#448=DIRECTION('',(1.E0,0.E0,0.E0));
#449=AXIS2_PLACEMENT_3D('',#446,#447,#448);
#450=PLANE('',#449);
#451=ORIENTED_EDGE('',*,*,#387,.F.);
#452=ORIENTED_EDGE('',*,*,#406,.T.);
#454=ORIENTED_EDGE('',*,*,#453,.T.);
#455=ORIENTED_EDGE('',*,*,#438,.F.);
#456=EDGE_LOOP('',(#451,#452,#454,#455));
#457=FACE_OUTER_BOUND('',#456,.F.);
#459=CARTESIAN_POINT('',(0.E0,1.E-1,0.E0));
#460=DIRECTION('',(0.E0,1.E0,0.E0));
#461=DIRECTION('',(1.E0,0.E0,0.E0));
#462=AXIS2_PLACEMENT_3D('',#459,#460,#461);
#463=PLANE('',#462);
#464=ORIENTED_EDGE('',*,*,#404,.F.);
#465=ORIENTED_EDGE('',*,*,#426,.F.);
#466=ORIENTED_EDGE('',*,*,#440,.F.);
#467=ORIENTED_EDGE('',*,*,#453,.F.);
#468=EDGE_LOOP('',(#464,#465,#466,#467));
#469=FACE_OUTER_BOUND('',#468,.F.);
#471=CLOSED_SHELL('',(#395,#410,#431,#445,#458,#470));
#472=MANIFOLD_SOLID_BREP('',#471);
#473=FILL_AREA_STYLE_COLOUR('',#22);
#474=FILL_AREA_STYLE('',(#473));
#475=SURFACE_STYLE_FILL_AREA(#474);
#476=SURFACE_SIDE_STYLE('',(#475));
#477=SURFACE_STYLE_USAGE(.POSITIVE.,#476);
#478=PRESENTATION_STYLE_ASSIGNMENT((#477));
#277=STYLED_ITEM('',(#478),#472);
#480=DIRECTION('',(0.E0,0.E0,1.E0));
#481=VECTOR('',#480,2.E-1);
#482=CARTESIAN_POINT('',(-7.5E-1,0.E0,3.E-1));
#483=LINE('',#482,#481);
#484=CURVE_STYLE('',#34,POSITIVE_LENGTH_MEASURE(2.E-2),#22);
#485=PRESENTATION_STYLE_ASSIGNMENT((#484));
#486=STYLED_ITEM('',(#485),#483);
#487=DIRECTION('',(1.E0,0.E0,0.E0));
#488=VECTOR('',#487,6.5E-1);
#489=CARTESIAN_POINT('',(-7.5E-1,0.E0,5.E-1));
#490=LINE('',#489,#488);
#491=CURVE_STYLE('',#34,POSITIVE_LENGTH_MEASURE(2.E-2),#22);
#492=PRESENTATION_STYLE_ASSIGNMENT((#491));
#493=STYLED_ITEM('',(#492),#490);
#494=CARTESIAN_POINT('',(-1.E-1,0.E0,4.E-1));
#495=DIRECTION('',(0.E0,1.E0,0.E0));
#496=DIRECTION('',(0.E0,0.E0,1.E0));
#497=AXIS2_PLACEMENT_3D('',#494,#495,#496);
#499=CURVE_STYLE('',#34,POSITIVE_LENGTH_MEASURE(2.E-2),#22);
#500=PRESENTATION_STYLE_ASSIGNMENT((#499));
#501=STYLED_ITEM('',(#500),#498);
#502=DIRECTION('',(-1.E0,0.E0,0.E0));
#503=VECTOR('',#502,6.5E-1);
#504=CARTESIAN_POINT('',(-1.E-1,0.E0,3.E-1));
#505=LINE('',#504,#503);
#506=CURVE_STYLE('',#34,POSITIVE_LENGTH_MEASURE(2.E-2),#22);
#507=PRESENTATION_STYLE_ASSIGNMENT((#506));
#508=STYLED_ITEM('',(#507),#505);
#509=DIRECTION('',(0.E0,1.E0,0.E0));
#510=VECTOR('',#509,1.E-1);
#511=CARTESIAN_POINT('',(-7.5E-1,0.E0,3.E-1));
#512=LINE('',#511,#510);
#513=CURVE_STYLE('',#34,POSITIVE_LENGTH_MEASURE(2.E-2),#22);
#514=PRESENTATION_STYLE_ASSIGNMENT((#513));
#515=STYLED_ITEM('',(#514),#512);
#516=DIRECTION('',(0.E0,1.E0,0.E0));
#517=VECTOR('',#516,1.E-1);
#518=CARTESIAN_POINT('',(-1.E-1,0.E0,3.E-1));
#519=LINE('',#518,#517);
#520=CURVE_STYLE('',#34,POSITIVE_LENGTH_MEASURE(2.E-2),#22);
#521=PRESENTATION_STYLE_ASSIGNMENT((#520));
#522=STYLED_ITEM('',(#521),#519);
#523=DIRECTION('',(0.E0,1.E0,0.E0));
#524=VECTOR('',#523,1.E-1);
#525=CARTESIAN_POINT('',(-1.E-1,0.E0,5.E-1));
#526=LINE('',#525,#524);
#527=CURVE_STYLE('',#34,POSITIVE_LENGTH_MEASURE(2.E-2),#22);
#528=PRESENTATION_STYLE_ASSIGNMENT((#527));
#529=STYLED_ITEM('',(#528),#526);
#530=DIRECTION('',(0.E0,1.E0,0.E0));
#531=VECTOR('',#530,1.E-1);
#532=CARTESIAN_POINT('',(-7.5E-1,0.E0,5.E-1));
#533=LINE('',#532,#531);
#534=CURVE_STYLE('',#34,POSITIVE_LENGTH_MEASURE(2.E-2),#22);
#535=PRESENTATION_STYLE_ASSIGNMENT((#534));
#536=STYLED_ITEM('',(#535),#533);
#537=DIRECTION('',(0.E0,0.E0,1.E0));
#538=VECTOR('',#537,2.E-1);
#539=CARTESIAN_POINT('',(-7.5E-1,1.E-1,3.E-1));
#540=LINE('',#539,#538);
#541=CURVE_STYLE('',#34,POSITIVE_LENGTH_MEASURE(2.E-2),#22);
#542=PRESENTATION_STYLE_ASSIGNMENT((#541));
#543=STYLED_ITEM('',(#542),#540);
#544=DIRECTION('',(-1.E0,0.E0,0.E0));
#545=VECTOR('',#544,6.5E-1);
#546=CARTESIAN_POINT('',(-1.E-1,1.E-1,3.E-1));
#547=LINE('',#546,#545);
#548=CURVE_STYLE('',#34,POSITIVE_LENGTH_MEASURE(2.E-2),#22);
#549=PRESENTATION_STYLE_ASSIGNMENT((#548));
#550=STYLED_ITEM('',(#549),#547);
#551=CARTESIAN_POINT('',(-1.E-1,1.E-1,4.E-1));
#552=DIRECTION('',(0.E0,1.E0,0.E0));
#553=DIRECTION('',(0.E0,0.E0,1.E0));
#554=AXIS2_PLACEMENT_3D('',#551,#552,#553);
#556=CURVE_STYLE('',#34,POSITIVE_LENGTH_MEASURE(2.E-2),#22);
#557=PRESENTATION_STYLE_ASSIGNMENT((#556));
#558=STYLED_ITEM('',(#557),#555);
#559=DIRECTION('',(1.E0,0.E0,0.E0));
#560=VECTOR('',#559,6.5E-1);
#561=CARTESIAN_POINT('',(-7.5E-1,1.E-1,5.E-1));
#562=LINE('',#561,#560);
#563=CURVE_STYLE('',#34,POSITIVE_LENGTH_MEASURE(2.E-2),#22);
#564=PRESENTATION_STYLE_ASSIGNMENT((#563));
#565=STYLED_ITEM('',(#564),#562);
#566=CARTESIAN_POINT('',(-7.5E-1,0.E0,3.E-1));
#567=CARTESIAN_POINT('',(-7.5E-1,0.E0,5.E-1));
#568=VERTEX_POINT('',#566);
#569=VERTEX_POINT('',#567);
#570=CARTESIAN_POINT('',(-1.E-1,0.E0,5.E-1));
#571=VERTEX_POINT('',#570);
#572=CARTESIAN_POINT('',(-1.E-1,0.E0,3.E-1));
#573=VERTEX_POINT('',#572);
#574=CARTESIAN_POINT('',(-7.5E-1,1.E-1,3.E-1));
#575=CARTESIAN_POINT('',(-7.5E-1,1.E-1,5.E-1));
#576=VERTEX_POINT('',#574);
#577=VERTEX_POINT('',#575);
#578=CARTESIAN_POINT('',(-1.E-1,1.E-1,5.E-1));
#579=VERTEX_POINT('',#578);
#580=CARTESIAN_POINT('',(-1.E-1,1.E-1,3.E-1));
#581=VERTEX_POINT('',#580);
#582=CARTESIAN_POINT('',(0.E0,0.E0,0.E0));
#583=DIRECTION('',(0.E0,1.E0,0.E0));
#584=DIRECTION('',(1.E0,0.E0,0.E0));
#585=AXIS2_PLACEMENT_3D('',#582,#583,#584);
#586=PLANE('',#585);
#588=ORIENTED_EDGE('',*,*,#587,.T.);
#590=ORIENTED_EDGE('',*,*,#589,.T.);
#592=ORIENTED_EDGE('',*,*,#591,.T.);
#594=ORIENTED_EDGE('',*,*,#593,.T.);
#595=EDGE_LOOP('',(#588,#590,#592,#594));
#596=FACE_OUTER_BOUND('',#595,.F.);
#598=CARTESIAN_POINT('',(-7.5E-1,0.E0,3.E-1));
#599=DIRECTION('',(-1.E0,0.E0,0.E0));
#600=DIRECTION('',(0.E0,0.E0,1.E0));
#601=AXIS2_PLACEMENT_3D('',#598,#599,#600);
#602=PLANE('',#601);
#603=ORIENTED_EDGE('',*,*,#587,.F.);
#605=ORIENTED_EDGE('',*,*,#604,.T.);
#607=ORIENTED_EDGE('',*,*,#606,.T.);
#609=ORIENTED_EDGE('',*,*,#608,.F.);
#610=EDGE_LOOP('',(#603,#605,#607,#609));
#611=FACE_OUTER_BOUND('',#610,.F.);
#613=FILL_AREA_STYLE_COLOUR('',#20);
#614=FILL_AREA_STYLE('',(#613));
#615=SURFACE_STYLE_FILL_AREA(#614);
#616=SURFACE_SIDE_STYLE('',(#615));
#617=SURFACE_STYLE_USAGE(.POSITIVE.,#616);
#618=PRESENTATION_STYLE_ASSIGNMENT((#617));
#619=OVER_RIDING_STYLED_ITEM('',(#618),#612,#479);
#620=CARTESIAN_POINT('',(-1.E-1,0.E0,3.E-1));
#621=DIRECTION('',(0.E0,0.E0,-1.E0));
#622=DIRECTION('',(-1.E0,0.E0,0.E0));
#623=AXIS2_PLACEMENT_3D('',#620,#621,#622);
#624=PLANE('',#623);
#625=ORIENTED_EDGE('',*,*,#593,.F.);
#627=ORIENTED_EDGE('',*,*,#626,.T.);
#629=ORIENTED_EDGE('',*,*,#628,.T.);
#630=ORIENTED_EDGE('',*,*,#604,.F.);
#631=EDGE_LOOP('',(#625,#627,#629,#630));
#632=FACE_OUTER_BOUND('',#631,.F.);
#634=CARTESIAN_POINT('',(-1.E-1,0.E0,4.E-1));
#635=DIRECTION('',(0.E0,1.E0,0.E0));
#636=DIRECTION('',(1.E0,0.E0,0.E0));
#637=AXIS2_PLACEMENT_3D('',#634,#635,#636);
#638=CYLINDRICAL_SURFACE('',#637,9.999999999999E-2);
#639=ORIENTED_EDGE('',*,*,#591,.F.);
#641=ORIENTED_EDGE('',*,*,#640,.T.);
#643=ORIENTED_EDGE('',*,*,#642,.T.);
#644=ORIENTED_EDGE('',*,*,#626,.F.);
#645=EDGE_LOOP('',(#639,#641,#643,#644));
#646=FACE_OUTER_BOUND('',#645,.F.);
#648=CARTESIAN_POINT('',(-7.5E-1,0.E0,5.E-1));
#649=DIRECTION('',(0.E0,0.E0,1.E0));
#650=DIRECTION('',(1.E0,0.E0,0.E0));
#651=AXIS2_PLACEMENT_3D('',#648,#649,#650);
#652=PLANE('',#651);
#653=ORIENTED_EDGE('',*,*,#589,.F.);
#654=ORIENTED_EDGE('',*,*,#608,.T.);
#656=ORIENTED_EDGE('',*,*,#655,.T.);
#657=ORIENTED_EDGE('',*,*,#640,.F.);
#658=EDGE_LOOP('',(#653,#654,#656,#657));
#659=FACE_OUTER_BOUND('',#658,.F.);
#661=CARTESIAN_POINT('',(0.E0,1.E-1,0.E0));
#662=DIRECTION('',(0.E0,1.E0,0.E0));
#663=DIRECTION('',(1.E0,0.E0,0.E0));
#664=AXIS2_PLACEMENT_3D('',#661,#662,#663);
#665=PLANE('',#664);
#666=ORIENTED_EDGE('',*,*,#606,.F.);
#667=ORIENTED_EDGE('',*,*,#628,.F.);
#668=ORIENTED_EDGE('',*,*,#642,.F.);
#669=ORIENTED_EDGE('',*,*,#655,.F.);
#670=EDGE_LOOP('',(#666,#667,#668,#669));
#671=FACE_OUTER_BOUND('',#670,.F.);
#673=CLOSED_SHELL('',(#597,#612,#633,#647,#660,#672));
#674=MANIFOLD_SOLID_BREP('',#673);
#675=FILL_AREA_STYLE_COLOUR('',#22);
#676=FILL_AREA_STYLE('',(#675));
#677=SURFACE_STYLE_FILL_AREA(#676);
#678=SURFACE_SIDE_STYLE('',(#677));
#679=SURFACE_STYLE_USAGE(.POSITIVE.,#678);
#680=PRESENTATION_STYLE_ASSIGNMENT((#679));
#479=STYLED_ITEM('',(#680),#674);
#682=DIRECTION('',(1.E0,0.E0,0.E0));
#683=VECTOR('',#682,2.5E-1);
#684=CARTESIAN_POINT('',(-6.25E-1,0.E0,1.25E0));
#685=LINE('',#684,#683);
#686=CURVE_STYLE('',#34,POSITIVE_LENGTH_MEASURE(2.E-2),#22);
#687=PRESENTATION_STYLE_ASSIGNMENT((#686));
#688=STYLED_ITEM('',(#687),#685);
#689=DIRECTION('',(0.E0,0.E0,-1.E0));
#690=VECTOR('',#689,2.25E-1);
#691=CARTESIAN_POINT('',(-3.75E-1,0.E0,1.25E0));
#692=LINE('',#691,#690);
#693=CURVE_STYLE('',#34,POSITIVE_LENGTH_MEASURE(2.E-2),#22);
#694=PRESENTATION_STYLE_ASSIGNMENT((#693));
#695=STYLED_ITEM('',(#694),#692);
#696=CARTESIAN_POINT('',(-5.E-1,0.E0,1.025E0));
#697=DIRECTION('',(0.E0,1.E0,0.E0));
#698=DIRECTION('',(1.E0,0.E0,0.E0));
#699=AXIS2_PLACEMENT_3D('',#696,#697,#698);
#701=CURVE_STYLE('',#34,POSITIVE_LENGTH_MEASURE(2.E-2),#22);
#702=PRESENTATION_STYLE_ASSIGNMENT((#701));
#703=STYLED_ITEM('',(#702),#700);
#704=DIRECTION('',(0.E0,0.E0,1.E0));
#705=VECTOR('',#704,2.25E-1);
#706=CARTESIAN_POINT('',(-6.25E-1,0.E0,1.025E0));
#707=LINE('',#706,#705);
#708=CURVE_STYLE('',#34,POSITIVE_LENGTH_MEASURE(2.E-2),#22);
#709=PRESENTATION_STYLE_ASSIGNMENT((#708));
#710=STYLED_ITEM('',(#709),#707);
#711=DIRECTION('',(0.E0,1.E0,0.E0));
#712=VECTOR('',#711,1.E-1);
#713=CARTESIAN_POINT('',(-6.25E-1,0.E0,1.25E0));
#714=LINE('',#713,#712);
#715=CURVE_STYLE('',#34,POSITIVE_LENGTH_MEASURE(2.E-2),#22);
#716=PRESENTATION_STYLE_ASSIGNMENT((#715));
#717=STYLED_ITEM('',(#716),#714);
#718=DIRECTION('',(0.E0,1.E0,0.E0));
#719=VECTOR('',#718,1.E-1);
#720=CARTESIAN_POINT('',(-6.25E-1,0.E0,1.025E0));
#721=LINE('',#720,#719);
#722=CURVE_STYLE('',#34,POSITIVE_LENGTH_MEASURE(2.E-2),#22);
#723=PRESENTATION_STYLE_ASSIGNMENT((#722));
#724=STYLED_ITEM('',(#723),#721);
#725=DIRECTION('',(0.E0,1.E0,0.E0));
#726=VECTOR('',#725,1.E-1);
#727=CARTESIAN_POINT('',(-3.75E-1,0.E0,1.025E0));
#728=LINE('',#727,#726);
#729=CURVE_STYLE('',#34,POSITIVE_LENGTH_MEASURE(2.E-2),#22);
#730=PRESENTATION_STYLE_ASSIGNMENT((#729));
#731=STYLED_ITEM('',(#730),#728);
#732=DIRECTION('',(0.E0,1.E0,0.E0));
#733=VECTOR('',#732,1.E-1);
#734=CARTESIAN_POINT('',(-3.75E-1,0.E0,1.25E0));
#735=LINE('',#734,#733);
#736=CURVE_STYLE('',#34,POSITIVE_LENGTH_MEASURE(2.E-2),#22);
#737=PRESENTATION_STYLE_ASSIGNMENT((#736));
#738=STYLED_ITEM('',(#737),#735);
#739=DIRECTION('',(1.E0,0.E0,0.E0));
#740=VECTOR('',#739,2.5E-1);
#741=CARTESIAN_POINT('',(-6.25E-1,1.E-1,1.25E0));
#742=LINE('',#741,#740);
#743=CURVE_STYLE('',#34,POSITIVE_LENGTH_MEASURE(2.E-2),#22);
#744=PRESENTATION_STYLE_ASSIGNMENT((#743));
#745=STYLED_ITEM('',(#744),#742);
#746=DIRECTION('',(0.E0,0.E0,1.E0));
#747=VECTOR('',#746,2.25E-1);
#748=CARTESIAN_POINT('',(-6.25E-1,1.E-1,1.025E0));
#749=LINE('',#748,#747);
#750=CURVE_STYLE('',#34,POSITIVE_LENGTH_MEASURE(2.E-2),#22);
#751=PRESENTATION_STYLE_ASSIGNMENT((#750));
#752=STYLED_ITEM('',(#751),#749);
#753=CARTESIAN_POINT('',(-5.E-1,1.E-1,1.025E0));
#754=DIRECTION('',(0.E0,1.E0,0.E0));
#755=DIRECTION('',(1.E0,0.E0,0.E0));
#756=AXIS2_PLACEMENT_3D('',#753,#754,#755);
#758=CURVE_STYLE('',#34,POSITIVE_LENGTH_MEASURE(2.E-2),#22);
#759=PRESENTATION_STYLE_ASSIGNMENT((#758));
#760=STYLED_ITEM('',(#759),#757);
#761=DIRECTION('',(0.E0,0.E0,-1.E0));
#762=VECTOR('',#761,2.25E-1);
#763=CARTESIAN_POINT('',(-3.75E-1,1.E-1,1.25E0));
#764=LINE('',#763,#762);
#765=CURVE_STYLE('',#34,POSITIVE_LENGTH_MEASURE(2.E-2),#22);
#766=PRESENTATION_STYLE_ASSIGNMENT((#765));
#767=STYLED_ITEM('',(#766),#764);
#768=CARTESIAN_POINT('',(-6.25E-1,0.E0,1.25E0));
#769=CARTESIAN_POINT('',(-3.75E-1,0.E0,1.25E0));
#770=VERTEX_POINT('',#768);
#771=VERTEX_POINT('',#769);
#772=CARTESIAN_POINT('',(-3.75E-1,0.E0,1.025E0));
#773=VERTEX_POINT('',#772);
#774=CARTESIAN_POINT('',(-6.25E-1,0.E0,1.025E0));
#775=VERTEX_POINT('',#774);
#776=CARTESIAN_POINT('',(-6.25E-1,1.E-1,1.25E0));
#777=CARTESIAN_POINT('',(-3.75E-1,1.E-1,1.25E0));
#778=VERTEX_POINT('',#776);
#779=VERTEX_POINT('',#777);
#780=CARTESIAN_POINT('',(-3.75E-1,1.E-1,1.025E0));
#781=VERTEX_POINT('',#780);
#782=CARTESIAN_POINT('',(-6.25E-1,1.E-1,1.025E0));
#783=VERTEX_POINT('',#782);
#784=CARTESIAN_POINT('',(0.E0,0.E0,0.E0));
#785=DIRECTION('',(0.E0,1.E0,0.E0));
#786=DIRECTION('',(1.E0,0.E0,0.E0));
#787=AXIS2_PLACEMENT_3D('',#784,#785,#786);
#788=PLANE('',#787);
#790=ORIENTED_EDGE('',*,*,#789,.T.);
#792=ORIENTED_EDGE('',*,*,#791,.T.);
#794=ORIENTED_EDGE('',*,*,#793,.T.);
#796=ORIENTED_EDGE('',*,*,#795,.T.);
#797=EDGE_LOOP('',(#790,#792,#794,#796));
#798=FACE_OUTER_BOUND('',#797,.F.);
#800=CARTESIAN_POINT('',(-6.25E-1,0.E0,1.25E0));
#801=DIRECTION('',(0.E0,0.E0,1.E0));
#802=DIRECTION('',(1.E0,0.E0,0.E0));
#803=AXIS2_PLACEMENT_3D('',#800,#801,#802);
#804=PLANE('',#803);
#805=ORIENTED_EDGE('',*,*,#789,.F.);
#807=ORIENTED_EDGE('',*,*,#806,.T.);
#809=ORIENTED_EDGE('',*,*,#808,.T.);
#811=ORIENTED_EDGE('',*,*,#810,.F.);
#812=EDGE_LOOP('',(#805,#807,#809,#811));
#813=FACE_OUTER_BOUND('',#812,.F.);
#815=FILL_AREA_STYLE_COLOUR('',#20);
#816=FILL_AREA_STYLE('',(#815));
#817=SURFACE_STYLE_FILL_AREA(#816);
#818=SURFACE_SIDE_STYLE('',(#817));
#819=SURFACE_STYLE_USAGE(.POSITIVE.,#818);
#820=PRESENTATION_STYLE_ASSIGNMENT((#819));
#821=OVER_RIDING_STYLED_ITEM('',(#820),#814,#681);
#822=CARTESIAN_POINT('',(-6.25E-1,0.E0,1.025E0));
#823=DIRECTION('',(-1.E0,0.E0,0.E0));
#824=DIRECTION('',(0.E0,0.E0,1.E0));
#825=AXIS2_PLACEMENT_3D('',#822,#823,#824);
#826=PLANE('',#825);
#827=ORIENTED_EDGE('',*,*,#795,.F.);
#829=ORIENTED_EDGE('',*,*,#828,.T.);
#831=ORIENTED_EDGE('',*,*,#830,.T.);
#832=ORIENTED_EDGE('',*,*,#806,.F.);
#833=EDGE_LOOP('',(#827,#829,#831,#832));
#834=FACE_OUTER_BOUND('',#833,.F.);
#836=CARTESIAN_POINT('',(-5.E-1,0.E0,1.025E0));
#837=DIRECTION('',(0.E0,1.E0,0.E0));
#838=DIRECTION('',(1.E0,0.E0,0.E0));
#839=AXIS2_PLACEMENT_3D('',#836,#837,#838);
#840=CYLINDRICAL_SURFACE('',#839,1.25E-1);
#841=ORIENTED_EDGE('',*,*,#793,.F.);
#843=ORIENTED_EDGE('',*,*,#842,.T.);
#845=ORIENTED_EDGE('',*,*,#844,.T.);
#846=ORIENTED_EDGE('',*,*,#828,.F.);
#847=EDGE_LOOP('',(#841,#843,#845,#846));
#848=FACE_OUTER_BOUND('',#847,.F.);
#850=CARTESIAN_POINT('',(-3.75E-1,0.E0,1.25E0));
#851=DIRECTION('',(1.E0,0.E0,0.E0));
#852=DIRECTION('',(0.E0,0.E0,-1.E0));
#853=AXIS2_PLACEMENT_3D('',#850,#851,#852);
#854=PLANE('',#853);
#855=ORIENTED_EDGE('',*,*,#791,.F.);
#856=ORIENTED_EDGE('',*,*,#810,.T.);
#858=ORIENTED_EDGE('',*,*,#857,.T.);
#859=ORIENTED_EDGE('',*,*,#842,.F.);
#860=EDGE_LOOP('',(#855,#856,#858,#859));
#861=FACE_OUTER_BOUND('',#860,.F.);
#863=CARTESIAN_POINT('',(0.E0,1.E-1,0.E0));
#864=DIRECTION('',(0.E0,1.E0,0.E0));
#865=DIRECTION('',(1.E0,0.E0,0.E0));
#866=AXIS2_PLACEMENT_3D('',#863,#864,#865);
#867=PLANE('',#866);
#868=ORIENTED_EDGE('',*,*,#808,.F.);
#869=ORIENTED_EDGE('',*,*,#830,.F.);
#870=ORIENTED_EDGE('',*,*,#844,.F.);
#871=ORIENTED_EDGE('',*,*,#857,.F.);
#872=EDGE_LOOP('',(#868,#869,#870,#871));
#873=FACE_OUTER_BOUND('',#872,.F.);
#875=CLOSED_SHELL('',(#799,#814,#835,#849,#862,#874));
#876=MANIFOLD_SOLID_BREP('',#875);
#877=FILL_AREA_STYLE_COLOUR('',#22);
#878=FILL_AREA_STYLE('',(#877));
#879=SURFACE_STYLE_FILL_AREA(#878);
#880=SURFACE_SIDE_STYLE('',(#879));
#881=SURFACE_STYLE_USAGE(.POSITIVE.,#880);
#882=PRESENTATION_STYLE_ASSIGNMENT((#881));
#681=STYLED_ITEM('',(#882),#876);
#884=DIRECTION('',(1.E0,0.E0,0.E0));
#885=VECTOR('',#884,2.5E-1);
#886=CARTESIAN_POINT('',(-1.25E-1,0.E0,1.25E0));
#887=LINE('',#886,#885);
#888=CURVE_STYLE('',#34,POSITIVE_LENGTH_MEASURE(2.E-2),#22);
#889=PRESENTATION_STYLE_ASSIGNMENT((#888));
#890=STYLED_ITEM('',(#889),#887);
#891=DIRECTION('',(0.E0,0.E0,-1.E0));
#892=VECTOR('',#891,2.25E-1);
#893=CARTESIAN_POINT('',(1.25E-1,0.E0,1.25E0));
#894=LINE('',#893,#892);
#895=CURVE_STYLE('',#34,POSITIVE_LENGTH_MEASURE(2.E-2),#22);
#896=PRESENTATION_STYLE_ASSIGNMENT((#895));
#897=STYLED_ITEM('',(#896),#894);
#898=CARTESIAN_POINT('',(0.E0,0.E0,1.025E0));
#899=DIRECTION('',(0.E0,1.E0,0.E0));
#900=DIRECTION('',(1.E0,0.E0,0.E0));
#901=AXIS2_PLACEMENT_3D('',#898,#899,#900);
#903=CURVE_STYLE('',#34,POSITIVE_LENGTH_MEASURE(2.E-2),#22);
#904=PRESENTATION_STYLE_ASSIGNMENT((#903));
#905=STYLED_ITEM('',(#904),#902);
#906=DIRECTION('',(0.E0,0.E0,1.E0));
#907=VECTOR('',#906,2.25E-1);
#908=CARTESIAN_POINT('',(-1.25E-1,0.E0,1.025E0));
#909=LINE('',#908,#907);
#910=CURVE_STYLE('',#34,POSITIVE_LENGTH_MEASURE(2.E-2),#22);
#911=PRESENTATION_STYLE_ASSIGNMENT((#910));
#912=STYLED_ITEM('',(#911),#909);
#913=DIRECTION('',(0.E0,1.E0,0.E0));
#914=VECTOR('',#913,1.E-1);
#915=CARTESIAN_POINT('',(-1.25E-1,0.E0,1.25E0));
#916=LINE('',#915,#914);
#917=CURVE_STYLE('',#34,POSITIVE_LENGTH_MEASURE(2.E-2),#22);
#918=PRESENTATION_STYLE_ASSIGNMENT((#917));
#919=STYLED_ITEM('',(#918),#916);
#920=DIRECTION('',(0.E0,1.E0,0.E0));
#921=VECTOR('',#920,1.E-1);
#922=CARTESIAN_POINT('',(-1.25E-1,0.E0,1.025E0));
#923=LINE('',#922,#921);
#924=CURVE_STYLE('',#34,POSITIVE_LENGTH_MEASURE(2.E-2),#22);
#925=PRESENTATION_STYLE_ASSIGNMENT((#924));
#926=STYLED_ITEM('',(#925),#923);
#927=DIRECTION('',(0.E0,1.E0,0.E0));
#928=VECTOR('',#927,1.E-1);
#929=CARTESIAN_POINT('',(1.25E-1,0.E0,1.025E0));
#930=LINE('',#929,#928);
#931=CURVE_STYLE('',#34,POSITIVE_LENGTH_MEASURE(2.E-2),#22);
#932=PRESENTATION_STYLE_ASSIGNMENT((#931));
#933=STYLED_ITEM('',(#932),#930);
#934=DIRECTION('',(0.E0,1.E0,0.E0));
#935=VECTOR('',#934,1.E-1);
#936=CARTESIAN_POINT('',(1.25E-1,0.E0,1.25E0));
#937=LINE('',#936,#935);
#938=CURVE_STYLE('',#34,POSITIVE_LENGTH_MEASURE(2.E-2),#22);
#939=PRESENTATION_STYLE_ASSIGNMENT((#938));
#940=STYLED_ITEM('',(#939),#937);
#941=DIRECTION('',(1.E0,0.E0,0.E0));
#942=VECTOR('',#941,2.5E-1);
#943=CARTESIAN_POINT('',(-1.25E-1,1.E-1,1.25E0));
#944=LINE('',#943,#942);
#945=CURVE_STYLE('',#34,POSITIVE_LENGTH_MEASURE(2.E-2),#22);
#946=PRESENTATION_STYLE_ASSIGNMENT((#945));
#947=STYLED_ITEM('',(#946),#944);
#948=DIRECTION('',(0.E0,0.E0,1.E0));
#949=VECTOR('',#948,2.25E-1);
#950=CARTESIAN_POINT('',(-1.25E-1,1.E-1,1.025E0));
#951=LINE('',#950,#949);
#952=CURVE_STYLE('',#34,POSITIVE_LENGTH_MEASURE(2.E-2),#22);
#953=PRESENTATION_STYLE_ASSIGNMENT((#952));
#954=STYLED_ITEM('',(#953),#951);
#955=CARTESIAN_POINT('',(0.E0,1.E-1,1.025E0));
#956=DIRECTION('',(0.E0,1.E0,0.E0));
#957=DIRECTION('',(1.E0,0.E0,0.E0));
#958=AXIS2_PLACEMENT_3D('',#955,#956,#957);
#960=CURVE_STYLE('',#34,POSITIVE_LENGTH_MEASURE(2.E-2),#22);
#961=PRESENTATION_STYLE_ASSIGNMENT((#960));
#962=STYLED_ITEM('',(#961),#959);
#963=DIRECTION('',(0.E0,0.E0,-1.E0));
#964=VECTOR('',#963,2.25E-1);
#965=CARTESIAN_POINT('',(1.25E-1,1.E-1,1.25E0));
#966=LINE('',#965,#964);
#967=CURVE_STYLE('',#34,POSITIVE_LENGTH_MEASURE(2.E-2),#22);
#968=PRESENTATION_STYLE_ASSIGNMENT((#967));
#969=STYLED_ITEM('',(#968),#966);
#970=CARTESIAN_POINT('',(-1.25E-1,0.E0,1.25E0));
#971=CARTESIAN_POINT('',(1.25E-1,0.E0,1.25E0));
#972=VERTEX_POINT('',#970);
#973=VERTEX_POINT('',#971);
#974=CARTESIAN_POINT('',(1.25E-1,0.E0,1.025E0));
#975=VERTEX_POINT('',#974);
#976=CARTESIAN_POINT('',(-1.25E-1,0.E0,1.025E0));
#977=VERTEX_POINT('',#976);
#978=CARTESIAN_POINT('',(-1.25E-1,1.E-1,1.25E0));
#979=CARTESIAN_POINT('',(1.25E-1,1.E-1,1.25E0));
#980=VERTEX_POINT('',#978);
#981=VERTEX_POINT('',#979);
#982=CARTESIAN_POINT('',(1.25E-1,1.E-1,1.025E0));
#983=VERTEX_POINT('',#982);
#984=CARTESIAN_POINT('',(-1.25E-1,1.E-1,1.025E0));
#985=VERTEX_POINT('',#984);
#986=CARTESIAN_POINT('',(0.E0,0.E0,0.E0));
#987=DIRECTION('',(0.E0,1.E0,0.E0));
#988=DIRECTION('',(1.E0,0.E0,0.E0));
#989=AXIS2_PLACEMENT_3D('',#986,#987,#988);
#990=PLANE('',#989);
#992=ORIENTED_EDGE('',*,*,#991,.T.);
#994=ORIENTED_EDGE('',*,*,#993,.T.);
#996=ORIENTED_EDGE('',*,*,#995,.T.);
#998=ORIENTED_EDGE('',*,*,#997,.T.);
#999=EDGE_LOOP('',(#992,#994,#996,#998));
#1000=FACE_OUTER_BOUND('',#999,.F.);
#1002=CARTESIAN_POINT('',(-1.25E-1,0.E0,1.25E0));
#1003=DIRECTION('',(0.E0,0.E0,1.E0));
#1004=DIRECTION('',(1.E0,0.E0,0.E0));
#1005=AXIS2_PLACEMENT_3D('',#1002,#1003,#1004);
#1006=PLANE('',#1005);
#1007=ORIENTED_EDGE('',*,*,#991,.F.);
#1009=ORIENTED_EDGE('',*,*,#1008,.T.);
#1011=ORIENTED_EDGE('',*,*,#1010,.T.);
#1013=ORIENTED_EDGE('',*,*,#1012,.F.);
#1014=EDGE_LOOP('',(#1007,#1009,#1011,#1013));
#1015=FACE_OUTER_BOUND('',#1014,.F.);
#1017=FILL_AREA_STYLE_COLOUR('',#20);
#1018=FILL_AREA_STYLE('',(#1017));
#1019=SURFACE_STYLE_FILL_AREA(#1018);
#1020=SURFACE_SIDE_STYLE('',(#1019));
#1021=SURFACE_STYLE_USAGE(.POSITIVE.,#1020);
#1022=PRESENTATION_STYLE_ASSIGNMENT((#1021));
#1023=OVER_RIDING_STYLED_ITEM('',(#1022),#1016,#883);
#1024=CARTESIAN_POINT('',(-1.25E-1,0.E0,1.025E0));
#1025=DIRECTION('',(-1.E0,0.E0,0.E0));
#1026=DIRECTION('',(0.E0,0.E0,1.E0));
#1027=AXIS2_PLACEMENT_3D('',#1024,#1025,#1026);
#1028=PLANE('',#1027);
#1029=ORIENTED_EDGE('',*,*,#997,.F.);
#1031=ORIENTED_EDGE('',*,*,#1030,.T.);
#1033=ORIENTED_EDGE('',*,*,#1032,.T.);
#1034=ORIENTED_EDGE('',*,*,#1008,.F.);
#1035=EDGE_LOOP('',(#1029,#1031,#1033,#1034));
#1036=FACE_OUTER_BOUND('',#1035,.F.);
#1038=CARTESIAN_POINT('',(0.E0,0.E0,1.025E0));
#1039=DIRECTION('',(0.E0,1.E0,0.E0));
#1040=DIRECTION('',(1.E0,0.E0,0.E0));
#1041=AXIS2_PLACEMENT_3D('',#1038,#1039,#1040);
#1042=CYLINDRICAL_SURFACE('',#1041,1.25E-1);
#1043=ORIENTED_EDGE('',*,*,#995,.F.);
#1045=ORIENTED_EDGE('',*,*,#1044,.T.);
#1047=ORIENTED_EDGE('',*,*,#1046,.T.);
#1048=ORIENTED_EDGE('',*,*,#1030,.F.);
#1049=EDGE_LOOP('',(#1043,#1045,#1047,#1048));
#1050=FACE_OUTER_BOUND('',#1049,.F.);
#1052=CARTESIAN_POINT('',(1.25E-1,0.E0,1.25E0));
#1053=DIRECTION('',(1.E0,0.E0,0.E0));
#1054=DIRECTION('',(0.E0,0.E0,-1.E0));
#1055=AXIS2_PLACEMENT_3D('',#1052,#1053,#1054);
#1056=PLANE('',#1055);
#1057=ORIENTED_EDGE('',*,*,#993,.F.);
#1058=ORIENTED_EDGE('',*,*,#1012,.T.);
#1060=ORIENTED_EDGE('',*,*,#1059,.T.);
#1061=ORIENTED_EDGE('',*,*,#1044,.F.);
#1062=EDGE_LOOP('',(#1057,#1058,#1060,#1061));
#1063=FACE_OUTER_BOUND('',#1062,.F.);
#1065=CARTESIAN_POINT('',(0.E0,1.E-1,0.E0));
#1066=DIRECTION('',(0.E0,1.E0,0.E0));
#1067=DIRECTION('',(1.E0,0.E0,0.E0));
#1068=AXIS2_PLACEMENT_3D('',#1065,#1066,#1067);
#1069=PLANE('',#1068);
#1070=ORIENTED_EDGE('',*,*,#1010,.F.);
#1071=ORIENTED_EDGE('',*,*,#1032,.F.);
#1072=ORIENTED_EDGE('',*,*,#1046,.F.);
#1073=ORIENTED_EDGE('',*,*,#1059,.F.);
#1074=EDGE_LOOP('',(#1070,#1071,#1072,#1073));
#1075=FACE_OUTER_BOUND('',#1074,.F.);
#1077=CLOSED_SHELL('',(#1001,#1016,#1037,#1051,#1064,#1076));
#1078=MANIFOLD_SOLID_BREP('',#1077);
#1079=FILL_AREA_STYLE_COLOUR('',#22);
#1080=FILL_AREA_STYLE('',(#1079));
#1081=SURFACE_STYLE_FILL_AREA(#1080);
#1082=SURFACE_SIDE_STYLE('',(#1081));
#1083=SURFACE_STYLE_USAGE(.POSITIVE.,#1082);
#1084=PRESENTATION_STYLE_ASSIGNMENT((#1083));
#883=STYLED_ITEM('',(#1084),#1078);
#1086=DIRECTION('',(1.E0,0.E0,0.E0));
#1087=VECTOR('',#1086,2.5E-1);
#1088=CARTESIAN_POINT('',(3.75E-1,0.E0,1.25E0));
#1089=LINE('',#1088,#1087);
#1090=CURVE_STYLE('',#34,POSITIVE_LENGTH_MEASURE(2.E-2),#22);
#1091=PRESENTATION_STYLE_ASSIGNMENT((#1090));
#1092=STYLED_ITEM('',(#1091),#1089);
#1093=DIRECTION('',(0.E0,0.E0,-1.E0));
#1094=VECTOR('',#1093,2.25E-1);
#1095=CARTESIAN_POINT('',(6.25E-1,0.E0,1.25E0));
#1096=LINE('',#1095,#1094);
#1097=CURVE_STYLE('',#34,POSITIVE_LENGTH_MEASURE(2.E-2),#22);
#1098=PRESENTATION_STYLE_ASSIGNMENT((#1097));
#1099=STYLED_ITEM('',(#1098),#1096);
#1100=CARTESIAN_POINT('',(5.E-1,0.E0,1.025E0));
#1101=DIRECTION('',(0.E0,1.E0,0.E0));
#1102=DIRECTION('',(1.E0,0.E0,0.E0));
#1103=AXIS2_PLACEMENT_3D('',#1100,#1101,#1102);
#1105=CURVE_STYLE('',#34,POSITIVE_LENGTH_MEASURE(2.E-2),#22);
#1106=PRESENTATION_STYLE_ASSIGNMENT((#1105));
#1107=STYLED_ITEM('',(#1106),#1104);
#1108=DIRECTION('',(0.E0,0.E0,1.E0));
#1109=VECTOR('',#1108,2.25E-1);
#1110=CARTESIAN_POINT('',(3.75E-1,0.E0,1.025E0));
#1111=LINE('',#1110,#1109);
#1112=CURVE_STYLE('',#34,POSITIVE_LENGTH_MEASURE(2.E-2),#22);
#1113=PRESENTATION_STYLE_ASSIGNMENT((#1112));
#1114=STYLED_ITEM('',(#1113),#1111);
#1115=DIRECTION('',(0.E0,1.E0,0.E0));
#1116=VECTOR('',#1115,1.E-1);
#1117=CARTESIAN_POINT('',(3.75E-1,0.E0,1.25E0));
#1118=LINE('',#1117,#1116);
#1119=CURVE_STYLE('',#34,POSITIVE_LENGTH_MEASURE(2.E-2),#22);
#1120=PRESENTATION_STYLE_ASSIGNMENT((#1119));
#1121=STYLED_ITEM('',(#1120),#1118);
#1122=DIRECTION('',(0.E0,1.E0,0.E0));
#1123=VECTOR('',#1122,1.E-1);
#1124=CARTESIAN_POINT('',(3.75E-1,0.E0,1.025E0));
#1125=LINE('',#1124,#1123);
#1126=CURVE_STYLE('',#34,POSITIVE_LENGTH_MEASURE(2.E-2),#22);
#1127=PRESENTATION_STYLE_ASSIGNMENT((#1126));
#1128=STYLED_ITEM('',(#1127),#1125);
#1129=DIRECTION('',(0.E0,1.E0,0.E0));
#1130=VECTOR('',#1129,1.E-1);
#1131=CARTESIAN_POINT('',(6.25E-1,0.E0,1.025E0));
#1132=LINE('',#1131,#1130);
#1133=CURVE_STYLE('',#34,POSITIVE_LENGTH_MEASURE(2.E-2),#22);
#1134=PRESENTATION_STYLE_ASSIGNMENT((#1133));
#1135=STYLED_ITEM('',(#1134),#1132);
#1136=DIRECTION('',(0.E0,1.E0,0.E0));
#1137=VECTOR('',#1136,1.E-1);
#1138=CARTESIAN_POINT('',(6.25E-1,0.E0,1.25E0));
#1139=LINE('',#1138,#1137);
#1140=CURVE_STYLE('',#34,POSITIVE_LENGTH_MEASURE(2.E-2),#22);
#1141=PRESENTATION_STYLE_ASSIGNMENT((#1140));
#1142=STYLED_ITEM('',(#1141),#1139);
#1143=DIRECTION('',(1.E0,0.E0,0.E0));
#1144=VECTOR('',#1143,2.5E-1);
#1145=CARTESIAN_POINT('',(3.75E-1,1.E-1,1.25E0));
#1146=LINE('',#1145,#1144);
#1147=CURVE_STYLE('',#34,POSITIVE_LENGTH_MEASURE(2.E-2),#22);
#1148=PRESENTATION_STYLE_ASSIGNMENT((#1147));
#1149=STYLED_ITEM('',(#1148),#1146);
#1150=DIRECTION('',(0.E0,0.E0,1.E0));
#1151=VECTOR('',#1150,2.25E-1);
#1152=CARTESIAN_POINT('',(3.75E-1,1.E-1,1.025E0));
#1153=LINE('',#1152,#1151);
#1154=CURVE_STYLE('',#34,POSITIVE_LENGTH_MEASURE(2.E-2),#22);
#1155=PRESENTATION_STYLE_ASSIGNMENT((#1154));
#1156=STYLED_ITEM('',(#1155),#1153);
#1157=CARTESIAN_POINT('',(5.E-1,1.E-1,1.025E0));
#1158=DIRECTION('',(0.E0,1.E0,0.E0));
#1159=DIRECTION('',(1.E0,0.E0,0.E0));
#1160=AXIS2_PLACEMENT_3D('',#1157,#1158,#1159);
#1162=CURVE_STYLE('',#34,POSITIVE_LENGTH_MEASURE(2.E-2),#22);
#1163=PRESENTATION_STYLE_ASSIGNMENT((#1162));
#1164=STYLED_ITEM('',(#1163),#1161);
#1165=DIRECTION('',(0.E0,0.E0,-1.E0));
#1166=VECTOR('',#1165,2.25E-1);
#1167=CARTESIAN_POINT('',(6.25E-1,1.E-1,1.25E0));
#1168=LINE('',#1167,#1166);
#1169=CURVE_STYLE('',#34,POSITIVE_LENGTH_MEASURE(2.E-2),#22);
#1170=PRESENTATION_STYLE_ASSIGNMENT((#1169));
#1171=STYLED_ITEM('',(#1170),#1168);
#1172=CARTESIAN_POINT('',(3.75E-1,0.E0,1.25E0));
#1173=CARTESIAN_POINT('',(6.25E-1,0.E0,1.25E0));
#1174=VERTEX_POINT('',#1172);
#1175=VERTEX_POINT('',#1173);
#1176=CARTESIAN_POINT('',(6.25E-1,0.E0,1.025E0));
#1177=VERTEX_POINT('',#1176);
#1178=CARTESIAN_POINT('',(3.75E-1,0.E0,1.025E0));
#1179=VERTEX_POINT('',#1178);
#1180=CARTESIAN_POINT('',(3.75E-1,1.E-1,1.25E0));
#1181=CARTESIAN_POINT('',(6.25E-1,1.E-1,1.25E0));
#1182=VERTEX_POINT('',#1180);
#1183=VERTEX_POINT('',#1181);
#1184=CARTESIAN_POINT('',(6.25E-1,1.E-1,1.025E0));
#1185=VERTEX_POINT('',#1184);
#1186=CARTESIAN_POINT('',(3.75E-1,1.E-1,1.025E0));
#1187=VERTEX_POINT('',#1186);
#1188=CARTESIAN_POINT('',(0.E0,0.E0,0.E0));
#1189=DIRECTION('',(0.E0,1.E0,0.E0));
#1190=DIRECTION('',(1.E0,0.E0,0.E0));
#1191=AXIS2_PLACEMENT_3D('',#1188,#1189,#1190);
#1192=PLANE('',#1191);
#1194=ORIENTED_EDGE('',*,*,#1193,.T.);
#1196=ORIENTED_EDGE('',*,*,#1195,.T.);
#1198=ORIENTED_EDGE('',*,*,#1197,.T.);
#1200=ORIENTED_EDGE('',*,*,#1199,.T.);
#1201=EDGE_LOOP('',(#1194,#1196,#1198,#1200));
#1202=FACE_OUTER_BOUND('',#1201,.F.);
#1204=CARTESIAN_POINT('',(3.75E-1,0.E0,1.25E0));
#1205=DIRECTION('',(0.E0,0.E0,1.E0));
#1206=DIRECTION('',(1.E0,0.E0,0.E0));
#1207=AXIS2_PLACEMENT_3D('',#1204,#1205,#1206);
#1208=PLANE('',#1207);
#1209=ORIENTED_EDGE('',*,*,#1193,.F.);
#1211=ORIENTED_EDGE('',*,*,#1210,.T.);
#1213=ORIENTED_EDGE('',*,*,#1212,.T.);
#1215=ORIENTED_EDGE('',*,*,#1214,.F.);
#1216=EDGE_LOOP('',(#1209,#1211,#1213,#1215));
#1217=FACE_OUTER_BOUND('',#1216,.F.);
#1219=FILL_AREA_STYLE_COLOUR('',#20);
#1220=FILL_AREA_STYLE('',(#1219));
#1221=SURFACE_STYLE_FILL_AREA(#1220);
#1222=SURFACE_SIDE_STYLE('',(#1221));
#1223=SURFACE_STYLE_USAGE(.POSITIVE.,#1222);
#1224=PRESENTATION_STYLE_ASSIGNMENT((#1223));
#1225=OVER_RIDING_STYLED_ITEM('',(#1224),#1218,#1085);
#1226=CARTESIAN_POINT('',(3.75E-1,0.E0,1.025E0));
#1227=DIRECTION('',(-1.E0,0.E0,0.E0));
#1228=DIRECTION('',(0.E0,0.E0,1.E0));
#1229=AXIS2_PLACEMENT_3D('',#1226,#1227,#1228);
#1230=PLANE('',#1229);
#1231=ORIENTED_EDGE('',*,*,#1199,.F.);
#1233=ORIENTED_EDGE('',*,*,#1232,.T.);
#1235=ORIENTED_EDGE('',*,*,#1234,.T.);
#1236=ORIENTED_EDGE('',*,*,#1210,.F.);
#1237=EDGE_LOOP('',(#1231,#1233,#1235,#1236));
#1238=FACE_OUTER_BOUND('',#1237,.F.);
#1240=CARTESIAN_POINT('',(5.E-1,0.E0,1.025E0));
#1241=DIRECTION('',(0.E0,1.E0,0.E0));
#1242=DIRECTION('',(1.E0,0.E0,0.E0));
#1243=AXIS2_PLACEMENT_3D('',#1240,#1241,#1242);
#1244=CYLINDRICAL_SURFACE('',#1243,1.25E-1);
#1245=ORIENTED_EDGE('',*,*,#1197,.F.);
#1247=ORIENTED_EDGE('',*,*,#1246,.T.);
#1249=ORIENTED_EDGE('',*,*,#1248,.T.);
#1250=ORIENTED_EDGE('',*,*,#1232,.F.);
#1251=EDGE_LOOP('',(#1245,#1247,#1249,#1250));
#1252=FACE_OUTER_BOUND('',#1251,.F.);
#1254=CARTESIAN_POINT('',(6.25E-1,0.E0,1.25E0));
#1255=DIRECTION('',(1.E0,0.E0,0.E0));
#1256=DIRECTION('',(0.E0,0.E0,-1.E0));
#1257=AXIS2_PLACEMENT_3D('',#1254,#1255,#1256);
#1258=PLANE('',#1257);
#1259=ORIENTED_EDGE('',*,*,#1195,.F.);
#1260=ORIENTED_EDGE('',*,*,#1214,.T.);
#1262=ORIENTED_EDGE('',*,*,#1261,.T.);
#1263=ORIENTED_EDGE('',*,*,#1246,.F.);
#1264=EDGE_LOOP('',(#1259,#1260,#1262,#1263));
#1265=FACE_OUTER_BOUND('',#1264,.F.);
#1267=CARTESIAN_POINT('',(0.E0,1.E-1,0.E0));
#1268=DIRECTION('',(0.E0,1.E0,0.E0));
#1269=DIRECTION('',(1.E0,0.E0,0.E0));
#1270=AXIS2_PLACEMENT_3D('',#1267,#1268,#1269);
#1271=PLANE('',#1270);
#1272=ORIENTED_EDGE('',*,*,#1212,.F.);
#1273=ORIENTED_EDGE('',*,*,#1234,.F.);
#1274=ORIENTED_EDGE('',*,*,#1248,.F.);
#1275=ORIENTED_EDGE('',*,*,#1261,.F.);
#1276=EDGE_LOOP('',(#1272,#1273,#1274,#1275));
#1277=FACE_OUTER_BOUND('',#1276,.F.);
#1279=CLOSED_SHELL('',(#1203,#1218,#1239,#1253,#1266,#1278));
#1280=MANIFOLD_SOLID_BREP('',#1279);
#1281=FILL_AREA_STYLE_COLOUR('',#22);
#1282=FILL_AREA_STYLE('',(#1281));
#1283=SURFACE_STYLE_FILL_AREA(#1282);
#1284=SURFACE_SIDE_STYLE('',(#1283));
#1285=SURFACE_STYLE_USAGE(.POSITIVE.,#1284);
#1286=PRESENTATION_STYLE_ASSIGNMENT((#1285));
#1085=STYLED_ITEM('',(#1286),#1280);
#1288=DIRECTION('',(0.E0,0.E0,-1.E0));
#1289=VECTOR('',#1288,2.E-1);
#1290=CARTESIAN_POINT('',(7.5E-1,0.E0,9.999999999999E-2));
#1291=LINE('',#1290,#1289);
#1292=CURVE_STYLE('',#34,POSITIVE_LENGTH_MEASURE(2.E-2),#22);
#1293=PRESENTATION_STYLE_ASSIGNMENT((#1292));
#1294=STYLED_ITEM('',(#1293),#1291);
#1295=DIRECTION('',(-1.E0,0.E0,0.E0));
#1296=VECTOR('',#1295,6.5E-1);
#1297=CARTESIAN_POINT('',(7.5E-1,0.E0,-9.999999999999E-2));
#1298=LINE('',#1297,#1296);
#1299=CURVE_STYLE('',#34,POSITIVE_LENGTH_MEASURE(2.E-2),#22);
#1300=PRESENTATION_STYLE_ASSIGNMENT((#1299));
#1301=STYLED_ITEM('',(#1300),#1298);
#1302=CARTESIAN_POINT('',(1.E-1,0.E0,0.E0));
#1303=DIRECTION('',(0.E0,1.E0,0.E0));
#1304=DIRECTION('',(0.E0,0.E0,-1.E0));
#1305=AXIS2_PLACEMENT_3D('',#1302,#1303,#1304);
#1307=CURVE_STYLE('',#34,POSITIVE_LENGTH_MEASURE(2.E-2),#22);
#1308=PRESENTATION_STYLE_ASSIGNMENT((#1307));
#1309=STYLED_ITEM('',(#1308),#1306);
#1310=DIRECTION('',(1.E0,0.E0,0.E0));
#1311=VECTOR('',#1310,6.5E-1);
#1312=CARTESIAN_POINT('',(1.E-1,0.E0,9.999999999999E-2));
#1313=LINE('',#1312,#1311);
#1314=CURVE_STYLE('',#34,POSITIVE_LENGTH_MEASURE(2.E-2),#22);
#1315=PRESENTATION_STYLE_ASSIGNMENT((#1314));
#1316=STYLED_ITEM('',(#1315),#1313);
#1317=DIRECTION('',(0.E0,1.E0,0.E0));
#1318=VECTOR('',#1317,1.E-1);
#1319=CARTESIAN_POINT('',(7.5E-1,0.E0,9.999999999999E-2));
#1320=LINE('',#1319,#1318);
#1321=CURVE_STYLE('',#34,POSITIVE_LENGTH_MEASURE(2.E-2),#22);
#1322=PRESENTATION_STYLE_ASSIGNMENT((#1321));
#1323=STYLED_ITEM('',(#1322),#1320);
#1324=DIRECTION('',(0.E0,1.E0,0.E0));
#1325=VECTOR('',#1324,1.E-1);
#1326=CARTESIAN_POINT('',(1.E-1,0.E0,9.999999999999E-2));
#1327=LINE('',#1326,#1325);
#1328=CURVE_STYLE('',#34,POSITIVE_LENGTH_MEASURE(2.E-2),#22);
#1329=PRESENTATION_STYLE_ASSIGNMENT((#1328));
#1330=STYLED_ITEM('',(#1329),#1327);
#1331=DIRECTION('',(0.E0,1.E0,0.E0));
#1332=VECTOR('',#1331,1.E-1);
#1333=CARTESIAN_POINT('',(1.E-1,0.E0,-9.999999999999E-2));
#1334=LINE('',#1333,#1332);
#1335=CURVE_STYLE('',#34,POSITIVE_LENGTH_MEASURE(2.E-2),#22);
#1336=PRESENTATION_STYLE_ASSIGNMENT((#1335));
#1337=STYLED_ITEM('',(#1336),#1334);
#1338=DIRECTION('',(0.E0,1.E0,0.E0));
#1339=VECTOR('',#1338,1.E-1);
#1340=CARTESIAN_POINT('',(7.5E-1,0.E0,-9.999999999999E-2));
#1341=LINE('',#1340,#1339);
#1342=CURVE_STYLE('',#34,POSITIVE_LENGTH_MEASURE(2.E-2),#22);
#1343=PRESENTATION_STYLE_ASSIGNMENT((#1342));
#1344=STYLED_ITEM('',(#1343),#1341);
#1345=DIRECTION('',(0.E0,0.E0,-1.E0));
#1346=VECTOR('',#1345,2.E-1);
#1347=CARTESIAN_POINT('',(7.5E-1,1.E-1,9.999999999999E-2));
#1348=LINE('',#1347,#1346);
#1349=CURVE_STYLE('',#34,POSITIVE_LENGTH_MEASURE(2.E-2),#22);
#1350=PRESENTATION_STYLE_ASSIGNMENT((#1349));
#1351=STYLED_ITEM('',(#1350),#1348);
#1352=DIRECTION('',(1.E0,0.E0,0.E0));
#1353=VECTOR('',#1352,6.5E-1);
#1354=CARTESIAN_POINT('',(1.E-1,1.E-1,9.999999999999E-2));
#1355=LINE('',#1354,#1353);
#1356=CURVE_STYLE('',#34,POSITIVE_LENGTH_MEASURE(2.E-2),#22);
#1357=PRESENTATION_STYLE_ASSIGNMENT((#1356));
#1358=STYLED_ITEM('',(#1357),#1355);
#1359=CARTESIAN_POINT('',(1.E-1,1.E-1,0.E0));
#1360=DIRECTION('',(0.E0,1.E0,0.E0));
#1361=DIRECTION('',(0.E0,0.E0,-1.E0));
#1362=AXIS2_PLACEMENT_3D('',#1359,#1360,#1361);
#1364=CURVE_STYLE('',#34,POSITIVE_LENGTH_MEASURE(2.E-2),#22);
#1365=PRESENTATION_STYLE_ASSIGNMENT((#1364));
#1366=STYLED_ITEM('',(#1365),#1363);
#1367=DIRECTION('',(-1.E0,0.E0,0.E0));
#1368=VECTOR('',#1367,6.5E-1);
#1369=CARTESIAN_POINT('',(7.5E-1,1.E-1,-9.999999999999E-2));
#1370=LINE('',#1369,#1368);
#1371=CURVE_STYLE('',#34,POSITIVE_LENGTH_MEASURE(2.E-2),#22);
#1372=PRESENTATION_STYLE_ASSIGNMENT((#1371));
#1373=STYLED_ITEM('',(#1372),#1370);
#1374=CARTESIAN_POINT('',(7.5E-1,0.E0,9.999999999999E-2));
#1375=CARTESIAN_POINT('',(7.5E-1,0.E0,-9.999999999999E-2));
#1376=VERTEX_POINT('',#1374);
#1377=VERTEX_POINT('',#1375);
#1378=CARTESIAN_POINT('',(1.E-1,0.E0,-9.999999999999E-2));
#1379=VERTEX_POINT('',#1378);
#1380=CARTESIAN_POINT('',(1.E-1,0.E0,9.999999999999E-2));
#1381=VERTEX_POINT('',#1380);
#1382=CARTESIAN_POINT('',(7.5E-1,1.E-1,9.999999999999E-2));
#1383=CARTESIAN_POINT('',(7.5E-1,1.E-1,-9.999999999999E-2));
#1384=VERTEX_POINT('',#1382);
#1385=VERTEX_POINT('',#1383);
#1386=CARTESIAN_POINT('',(1.E-1,1.E-1,-9.999999999999E-2));
#1387=VERTEX_POINT('',#1386);
#1388=CARTESIAN_POINT('',(1.E-1,1.E-1,9.999999999999E-2));
#1389=VERTEX_POINT('',#1388);
#1390=CARTESIAN_POINT('',(0.E0,0.E0,0.E0));
#1391=DIRECTION('',(0.E0,1.E0,0.E0));
#1392=DIRECTION('',(1.E0,0.E0,0.E0));
#1393=AXIS2_PLACEMENT_3D('',#1390,#1391,#1392);
#1394=PLANE('',#1393);
#1396=ORIENTED_EDGE('',*,*,#1395,.T.);
#1398=ORIENTED_EDGE('',*,*,#1397,.T.);
#1400=ORIENTED_EDGE('',*,*,#1399,.T.);
#1402=ORIENTED_EDGE('',*,*,#1401,.T.);
#1403=EDGE_LOOP('',(#1396,#1398,#1400,#1402));
#1404=FACE_OUTER_BOUND('',#1403,.F.);
#1406=CARTESIAN_POINT('',(7.5E-1,0.E0,9.999999999999E-2));
#1407=DIRECTION('',(1.E0,0.E0,0.E0));
#1408=DIRECTION('',(0.E0,0.E0,-1.E0));
#1409=AXIS2_PLACEMENT_3D('',#1406,#1407,#1408);
#1410=PLANE('',#1409);
#1411=ORIENTED_EDGE('',*,*,#1395,.F.);
#1413=ORIENTED_EDGE('',*,*,#1412,.T.);
#1415=ORIENTED_EDGE('',*,*,#1414,.T.);
#1417=ORIENTED_EDGE('',*,*,#1416,.F.);
#1418=EDGE_LOOP('',(#1411,#1413,#1415,#1417));
#1419=FACE_OUTER_BOUND('',#1418,.F.);
#1421=FILL_AREA_STYLE_COLOUR('',#20);
#1422=FILL_AREA_STYLE('',(#1421));
#1423=SURFACE_STYLE_FILL_AREA(#1422);
#1424=SURFACE_SIDE_STYLE('',(#1423));
#1425=SURFACE_STYLE_USAGE(.POSITIVE.,#1424);
#1426=PRESENTATION_STYLE_ASSIGNMENT((#1425));
#1427=OVER_RIDING_STYLED_ITEM('',(#1426),#1420,#1287);
#1428=CARTESIAN_POINT('',(1.E-1,0.E0,9.999999999999E-2));
#1429=DIRECTION('',(0.E0,0.E0,1.E0));
#1430=DIRECTION('',(1.E0,0.E0,0.E0));
#1431=AXIS2_PLACEMENT_3D('',#1428,#1429,#1430);
#1432=PLANE('',#1431);
#1433=ORIENTED_EDGE('',*,*,#1401,.F.);
#1435=ORIENTED_EDGE('',*,*,#1434,.T.);
#1437=ORIENTED_EDGE('',*,*,#1436,.T.);
#1438=ORIENTED_EDGE('',*,*,#1412,.F.);
#1439=EDGE_LOOP('',(#1433,#1435,#1437,#1438));
#1440=FACE_OUTER_BOUND('',#1439,.F.);
#1442=CARTESIAN_POINT('',(1.E-1,0.E0,0.E0));
#1443=DIRECTION('',(0.E0,1.E0,0.E0));
#1444=DIRECTION('',(1.E0,0.E0,0.E0));
#1445=AXIS2_PLACEMENT_3D('',#1442,#1443,#1444);
#1446=CYLINDRICAL_SURFACE('',#1445,9.999999999999E-2);
#1447=ORIENTED_EDGE('',*,*,#1399,.F.);
#1449=ORIENTED_EDGE('',*,*,#1448,.T.);
#1451=ORIENTED_EDGE('',*,*,#1450,.T.);
#1452=ORIENTED_EDGE('',*,*,#1434,.F.);
#1453=EDGE_LOOP('',(#1447,#1449,#1451,#1452));
#1454=FACE_OUTER_BOUND('',#1453,.F.);
#1456=CARTESIAN_POINT('',(7.5E-1,0.E0,-9.999999999999E-2));
#1457=DIRECTION('',(0.E0,0.E0,-1.E0));
#1458=DIRECTION('',(-1.E0,0.E0,0.E0));
#1459=AXIS2_PLACEMENT_3D('',#1456,#1457,#1458);
#1460=PLANE('',#1459);
#1461=ORIENTED_EDGE('',*,*,#1397,.F.);
#1462=ORIENTED_EDGE('',*,*,#1416,.T.);
#1464=ORIENTED_EDGE('',*,*,#1463,.T.);
#1465=ORIENTED_EDGE('',*,*,#1448,.F.);
#1466=EDGE_LOOP('',(#1461,#1462,#1464,#1465));
#1467=FACE_OUTER_BOUND('',#1466,.F.);
#1469=CARTESIAN_POINT('',(0.E0,1.E-1,0.E0));
#1470=DIRECTION('',(0.E0,1.E0,0.E0));
#1471=DIRECTION('',(1.E0,0.E0,0.E0));
#1472=AXIS2_PLACEMENT_3D('',#1469,#1470,#1471);
#1473=PLANE('',#1472);
#1474=ORIENTED_EDGE('',*,*,#1414,.F.);
#1475=ORIENTED_EDGE('',*,*,#1436,.F.);
#1476=ORIENTED_EDGE('',*,*,#1450,.F.);
#1477=ORIENTED_EDGE('',*,*,#1463,.F.);
#1478=EDGE_LOOP('',(#1474,#1475,#1476,#1477));
#1479=FACE_OUTER_BOUND('',#1478,.F.);
#1481=CLOSED_SHELL('',(#1405,#1420,#1441,#1455,#1468,#1480));
#1482=MANIFOLD_SOLID_BREP('',#1481);
#1483=FILL_AREA_STYLE_COLOUR('',#22);
#1484=FILL_AREA_STYLE('',(#1483));
#1485=SURFACE_STYLE_FILL_AREA(#1484);
#1486=SURFACE_SIDE_STYLE('',(#1485));
#1487=SURFACE_STYLE_USAGE(.POSITIVE.,#1486);
#1488=PRESENTATION_STYLE_ASSIGNMENT((#1487));
#1287=STYLED_ITEM('',(#1488),#1482);
#1490=DIRECTION('',(0.E0,0.E0,1.E0));
#1491=VECTOR('',#1490,2.25E-1);
#1492=CARTESIAN_POINT('',(3.75E-1,0.E0,-1.25E0));
#1493=LINE('',#1492,#1491);
#1494=CURVE_STYLE('',#34,POSITIVE_LENGTH_MEASURE(2.E-2),#22);
#1495=PRESENTATION_STYLE_ASSIGNMENT((#1494));
#1496=STYLED_ITEM('',(#1495),#1493);
#1497=CARTESIAN_POINT('',(5.E-1,0.E0,-1.025E0));
#1498=DIRECTION('',(0.E0,1.E0,0.E0));
#1499=DIRECTION('',(-1.E0,0.E0,0.E0));
#1500=AXIS2_PLACEMENT_3D('',#1497,#1498,#1499);
#1502=CURVE_STYLE('',#34,POSITIVE_LENGTH_MEASURE(2.E-2),#22);
#1503=PRESENTATION_STYLE_ASSIGNMENT((#1502));
#1504=STYLED_ITEM('',(#1503),#1501);
#1505=DIRECTION('',(0.E0,0.E0,-1.E0));
#1506=VECTOR('',#1505,2.25E-1);
#1507=CARTESIAN_POINT('',(6.25E-1,0.E0,-1.025E0));
#1508=LINE('',#1507,#1506);
#1509=CURVE_STYLE('',#34,POSITIVE_LENGTH_MEASURE(2.E-2),#22);
#1510=PRESENTATION_STYLE_ASSIGNMENT((#1509));
#1511=STYLED_ITEM('',(#1510),#1508);
#1512=DIRECTION('',(-1.E0,0.E0,0.E0));
#1513=VECTOR('',#1512,2.5E-1);
#1514=CARTESIAN_POINT('',(6.25E-1,0.E0,-1.25E0));
#1515=LINE('',#1514,#1513);
#1516=CURVE_STYLE('',#34,POSITIVE_LENGTH_MEASURE(2.E-2),#22);
#1517=PRESENTATION_STYLE_ASSIGNMENT((#1516));
#1518=STYLED_ITEM('',(#1517),#1515);
#1519=DIRECTION('',(0.E0,1.E0,0.E0));
#1520=VECTOR('',#1519,1.E-1);
#1521=CARTESIAN_POINT('',(3.75E-1,0.E0,-1.25E0));
#1522=LINE('',#1521,#1520);
#1523=CURVE_STYLE('',#34,POSITIVE_LENGTH_MEASURE(2.E-2),#22);
#1524=PRESENTATION_STYLE_ASSIGNMENT((#1523));
#1525=STYLED_ITEM('',(#1524),#1522);
#1526=DIRECTION('',(0.E0,1.E0,0.E0));
#1527=VECTOR('',#1526,1.E-1);
#1528=CARTESIAN_POINT('',(6.25E-1,0.E0,-1.25E0));
#1529=LINE('',#1528,#1527);
#1530=CURVE_STYLE('',#34,POSITIVE_LENGTH_MEASURE(2.E-2),#22);
#1531=PRESENTATION_STYLE_ASSIGNMENT((#1530));
#1532=STYLED_ITEM('',(#1531),#1529);
#1533=DIRECTION('',(0.E0,1.E0,0.E0));
#1534=VECTOR('',#1533,1.E-1);
#1535=CARTESIAN_POINT('',(6.25E-1,0.E0,-1.025E0));
#1536=LINE('',#1535,#1534);
#1537=CURVE_STYLE('',#34,POSITIVE_LENGTH_MEASURE(2.E-2),#22);
#1538=PRESENTATION_STYLE_ASSIGNMENT((#1537));
#1539=STYLED_ITEM('',(#1538),#1536);
#1540=DIRECTION('',(0.E0,1.E0,0.E0));
#1541=VECTOR('',#1540,1.E-1);
#1542=CARTESIAN_POINT('',(3.75E-1,0.E0,-1.025E0));
#1543=LINE('',#1542,#1541);
#1544=CURVE_STYLE('',#34,POSITIVE_LENGTH_MEASURE(2.E-2),#22);
#1545=PRESENTATION_STYLE_ASSIGNMENT((#1544));
#1546=STYLED_ITEM('',(#1545),#1543);
#1547=DIRECTION('',(0.E0,0.E0,1.E0));
#1548=VECTOR('',#1547,2.25E-1);
#1549=CARTESIAN_POINT('',(3.75E-1,1.E-1,-1.25E0));
#1550=LINE('',#1549,#1548);
#1551=CURVE_STYLE('',#34,POSITIVE_LENGTH_MEASURE(2.E-2),#22);
#1552=PRESENTATION_STYLE_ASSIGNMENT((#1551));
#1553=STYLED_ITEM('',(#1552),#1550);
#1554=DIRECTION('',(-1.E0,0.E0,0.E0));
#1555=VECTOR('',#1554,2.5E-1);
#1556=CARTESIAN_POINT('',(6.25E-1,1.E-1,-1.25E0));
#1557=LINE('',#1556,#1555);
#1558=CURVE_STYLE('',#34,POSITIVE_LENGTH_MEASURE(2.E-2),#22);
#1559=PRESENTATION_STYLE_ASSIGNMENT((#1558));
#1560=STYLED_ITEM('',(#1559),#1557);
#1561=DIRECTION('',(0.E0,0.E0,-1.E0));
#1562=VECTOR('',#1561,2.25E-1);
#1563=CARTESIAN_POINT('',(6.25E-1,1.E-1,-1.025E0));
#1564=LINE('',#1563,#1562);
#1565=CURVE_STYLE('',#34,POSITIVE_LENGTH_MEASURE(2.E-2),#22);
#1566=PRESENTATION_STYLE_ASSIGNMENT((#1565));
#1567=STYLED_ITEM('',(#1566),#1564);
#1568=CARTESIAN_POINT('',(5.E-1,1.E-1,-1.025E0));
#1569=DIRECTION('',(0.E0,1.E0,0.E0));
#1570=DIRECTION('',(-1.E0,0.E0,0.E0));
#1571=AXIS2_PLACEMENT_3D('',#1568,#1569,#1570);
#1573=CURVE_STYLE('',#34,POSITIVE_LENGTH_MEASURE(2.E-2),#22);
#1574=PRESENTATION_STYLE_ASSIGNMENT((#1573));
#1575=STYLED_ITEM('',(#1574),#1572);
#1576=CARTESIAN_POINT('',(3.75E-1,0.E0,-1.25E0));
#1577=CARTESIAN_POINT('',(3.75E-1,0.E0,-1.025E0));
#1578=VERTEX_POINT('',#1576);
#1579=VERTEX_POINT('',#1577);
#1580=CARTESIAN_POINT('',(6.25E-1,0.E0,-1.025E0));
#1581=VERTEX_POINT('',#1580);
#1582=CARTESIAN_POINT('',(6.25E-1,0.E0,-1.25E0));
#1583=VERTEX_POINT('',#1582);
#1584=CARTESIAN_POINT('',(3.75E-1,1.E-1,-1.25E0));
#1585=CARTESIAN_POINT('',(3.75E-1,1.E-1,-1.025E0));
#1586=VERTEX_POINT('',#1584);
#1587=VERTEX_POINT('',#1585);
#1588=CARTESIAN_POINT('',(6.25E-1,1.E-1,-1.025E0));
#1589=VERTEX_POINT('',#1588);
#1590=CARTESIAN_POINT('',(6.25E-1,1.E-1,-1.25E0));
#1591=VERTEX_POINT('',#1590);
#1592=CARTESIAN_POINT('',(0.E0,0.E0,0.E0));
#1593=DIRECTION('',(0.E0,1.E0,0.E0));
#1594=DIRECTION('',(1.E0,0.E0,0.E0));
#1595=AXIS2_PLACEMENT_3D('',#1592,#1593,#1594);
#1596=PLANE('',#1595);
#1598=ORIENTED_EDGE('',*,*,#1597,.T.);
#1600=ORIENTED_EDGE('',*,*,#1599,.T.);
#1602=ORIENTED_EDGE('',*,*,#1601,.T.);
#1604=ORIENTED_EDGE('',*,*,#1603,.T.);
#1605=EDGE_LOOP('',(#1598,#1600,#1602,#1604));
#1606=FACE_OUTER_BOUND('',#1605,.F.);
#1608=CARTESIAN_POINT('',(3.75E-1,0.E0,-1.25E0));
#1609=DIRECTION('',(-1.E0,0.E0,0.E0));
#1610=DIRECTION('',(0.E0,0.E0,1.E0));
#1611=AXIS2_PLACEMENT_3D('',#1608,#1609,#1610);
#1612=PLANE('',#1611);
#1613=ORIENTED_EDGE('',*,*,#1597,.F.);
#1615=ORIENTED_EDGE('',*,*,#1614,.T.);
#1617=ORIENTED_EDGE('',*,*,#1616,.T.);
#1619=ORIENTED_EDGE('',*,*,#1618,.F.);
#1620=EDGE_LOOP('',(#1613,#1615,#1617,#1619));
#1621=FACE_OUTER_BOUND('',#1620,.F.);
#1623=CARTESIAN_POINT('',(6.25E-1,0.E0,-1.25E0));
#1624=DIRECTION('',(0.E0,0.E0,-1.E0));
#1625=DIRECTION('',(-1.E0,0.E0,0.E0));
#1626=AXIS2_PLACEMENT_3D('',#1623,#1624,#1625);
#1627=PLANE('',#1626);
#1628=ORIENTED_EDGE('',*,*,#1603,.F.);
#1630=ORIENTED_EDGE('',*,*,#1629,.T.);
#1632=ORIENTED_EDGE('',*,*,#1631,.T.);
#1633=ORIENTED_EDGE('',*,*,#1614,.F.);
#1634=EDGE_LOOP('',(#1628,#1630,#1632,#1633));
#1635=FACE_OUTER_BOUND('',#1634,.F.);
#1637=FILL_AREA_STYLE_COLOUR('',#20);
#1638=FILL_AREA_STYLE('',(#1637));
#1639=SURFACE_STYLE_FILL_AREA(#1638);
#1640=SURFACE_SIDE_STYLE('',(#1639));
#1641=SURFACE_STYLE_USAGE(.POSITIVE.,#1640);
#1642=PRESENTATION_STYLE_ASSIGNMENT((#1641));
#1643=OVER_RIDING_STYLED_ITEM('',(#1642),#1636,#1489);
#1644=CARTESIAN_POINT('',(6.25E-1,0.E0,-1.025E0));
#1645=DIRECTION('',(1.E0,0.E0,0.E0));
#1646=DIRECTION('',(0.E0,0.E0,-1.E0));
#1647=AXIS2_PLACEMENT_3D('',#1644,#1645,#1646);
#1648=PLANE('',#1647);
#1649=ORIENTED_EDGE('',*,*,#1601,.F.);
#1651=ORIENTED_EDGE('',*,*,#1650,.T.);
#1653=ORIENTED_EDGE('',*,*,#1652,.T.);
#1654=ORIENTED_EDGE('',*,*,#1629,.F.);
#1655=EDGE_LOOP('',(#1649,#1651,#1653,#1654));
#1656=FACE_OUTER_BOUND('',#1655,.F.);
#1658=CARTESIAN_POINT('',(5.E-1,0.E0,-1.025E0));
#1659=DIRECTION('',(0.E0,1.E0,0.E0));
#1660=DIRECTION('',(1.E0,0.E0,0.E0));
#1661=AXIS2_PLACEMENT_3D('',#1658,#1659,#1660);
#1662=CYLINDRICAL_SURFACE('',#1661,1.25E-1);
#1663=ORIENTED_EDGE('',*,*,#1599,.F.);
#1664=ORIENTED_EDGE('',*,*,#1618,.T.);
#1666=ORIENTED_EDGE('',*,*,#1665,.T.);
#1667=ORIENTED_EDGE('',*,*,#1650,.F.);
#1668=EDGE_LOOP('',(#1663,#1664,#1666,#1667));
#1669=FACE_OUTER_BOUND('',#1668,.F.);
#1671=CARTESIAN_POINT('',(0.E0,1.E-1,0.E0));
#1672=DIRECTION('',(0.E0,1.E0,0.E0));
#1673=DIRECTION('',(1.E0,0.E0,0.E0));
#1674=AXIS2_PLACEMENT_3D('',#1671,#1672,#1673);
#1675=PLANE('',#1674);
#1676=ORIENTED_EDGE('',*,*,#1616,.F.);
#1677=ORIENTED_EDGE('',*,*,#1631,.F.);
#1678=ORIENTED_EDGE('',*,*,#1652,.F.);
#1679=ORIENTED_EDGE('',*,*,#1665,.F.);
#1680=EDGE_LOOP('',(#1676,#1677,#1678,#1679));
#1681=FACE_OUTER_BOUND('',#1680,.F.);
#1683=CLOSED_SHELL('',(#1607,#1622,#1636,#1657,#1670,#1682));
#1684=MANIFOLD_SOLID_BREP('',#1683);
#1685=FILL_AREA_STYLE_COLOUR('',#22);
#1686=FILL_AREA_STYLE('',(#1685));
#1687=SURFACE_STYLE_FILL_AREA(#1686);
#1688=SURFACE_SIDE_STYLE('',(#1687));
#1689=SURFACE_STYLE_USAGE(.POSITIVE.,#1688);
#1690=PRESENTATION_STYLE_ASSIGNMENT((#1689));
#1489=STYLED_ITEM('',(#1690),#1684);
#1692=DIRECTION('',(0.E0,0.E0,1.E0));
#1693=VECTOR('',#1692,2.25E-1);
#1694=CARTESIAN_POINT('',(-1.25E-1,0.E0,-1.25E0));
#1695=LINE('',#1694,#1693);
#1696=CURVE_STYLE('',#34,POSITIVE_LENGTH_MEASURE(2.E-2),#22);
#1697=PRESENTATION_STYLE_ASSIGNMENT((#1696));
#1698=STYLED_ITEM('',(#1697),#1695);
#1699=CARTESIAN_POINT('',(0.E0,0.E0,-1.025E0));
#1700=DIRECTION('',(0.E0,1.E0,0.E0));
#1701=DIRECTION('',(-1.E0,0.E0,0.E0));
#1702=AXIS2_PLACEMENT_3D('',#1699,#1700,#1701);
#1704=CURVE_STYLE('',#34,POSITIVE_LENGTH_MEASURE(2.E-2),#22);
#1705=PRESENTATION_STYLE_ASSIGNMENT((#1704));
#1706=STYLED_ITEM('',(#1705),#1703);
#1707=DIRECTION('',(0.E0,0.E0,-1.E0));
#1708=VECTOR('',#1707,2.25E-1);
#1709=CARTESIAN_POINT('',(1.25E-1,0.E0,-1.025E0));
#1710=LINE('',#1709,#1708);
#1711=CURVE_STYLE('',#34,POSITIVE_LENGTH_MEASURE(2.E-2),#22);
#1712=PRESENTATION_STYLE_ASSIGNMENT((#1711));
#1713=STYLED_ITEM('',(#1712),#1710);
#1714=DIRECTION('',(-1.E0,0.E0,0.E0));
#1715=VECTOR('',#1714,2.5E-1);
#1716=CARTESIAN_POINT('',(1.25E-1,0.E0,-1.25E0));
#1717=LINE('',#1716,#1715);
#1718=CURVE_STYLE('',#34,POSITIVE_LENGTH_MEASURE(2.E-2),#22);
#1719=PRESENTATION_STYLE_ASSIGNMENT((#1718));
#1720=STYLED_ITEM('',(#1719),#1717);
#1721=DIRECTION('',(0.E0,1.E0,0.E0));
#1722=VECTOR('',#1721,1.E-1);
#1723=CARTESIAN_POINT('',(-1.25E-1,0.E0,-1.25E0));
#1724=LINE('',#1723,#1722);
#1725=CURVE_STYLE('',#34,POSITIVE_LENGTH_MEASURE(2.E-2),#22);
#1726=PRESENTATION_STYLE_ASSIGNMENT((#1725));
#1727=STYLED_ITEM('',(#1726),#1724);
#1728=DIRECTION('',(0.E0,1.E0,0.E0));
#1729=VECTOR('',#1728,1.E-1);
#1730=CARTESIAN_POINT('',(1.25E-1,0.E0,-1.25E0));
#1731=LINE('',#1730,#1729);
#1732=CURVE_STYLE('',#34,POSITIVE_LENGTH_MEASURE(2.E-2),#22);
#1733=PRESENTATION_STYLE_ASSIGNMENT((#1732));
#1734=STYLED_ITEM('',(#1733),#1731);
#1735=DIRECTION('',(0.E0,1.E0,0.E0));
#1736=VECTOR('',#1735,1.E-1);
#1737=CARTESIAN_POINT('',(1.25E-1,0.E0,-1.025E0));
#1738=LINE('',#1737,#1736);
#1739=CURVE_STYLE('',#34,POSITIVE_LENGTH_MEASURE(2.E-2),#22);
#1740=PRESENTATION_STYLE_ASSIGNMENT((#1739));
#1741=STYLED_ITEM('',(#1740),#1738);
#1742=DIRECTION('',(0.E0,1.E0,0.E0));
#1743=VECTOR('',#1742,1.E-1);
#1744=CARTESIAN_POINT('',(-1.25E-1,0.E0,-1.025E0));
#1745=LINE('',#1744,#1743);
#1746=CURVE_STYLE('',#34,POSITIVE_LENGTH_MEASURE(2.E-2),#22);
#1747=PRESENTATION_STYLE_ASSIGNMENT((#1746));
#1748=STYLED_ITEM('',(#1747),#1745);
#1749=DIRECTION('',(0.E0,0.E0,1.E0));
#1750=VECTOR('',#1749,2.25E-1);
#1751=CARTESIAN_POINT('',(-1.25E-1,1.E-1,-1.25E0));
#1752=LINE('',#1751,#1750);
#1753=CURVE_STYLE('',#34,POSITIVE_LENGTH_MEASURE(2.E-2),#22);
#1754=PRESENTATION_STYLE_ASSIGNMENT((#1753));
#1755=STYLED_ITEM('',(#1754),#1752);
#1756=DIRECTION('',(-1.E0,0.E0,0.E0));
#1757=VECTOR('',#1756,2.5E-1);
#1758=CARTESIAN_POINT('',(1.25E-1,1.E-1,-1.25E0));
#1759=LINE('',#1758,#1757);
#1760=CURVE_STYLE('',#34,POSITIVE_LENGTH_MEASURE(2.E-2),#22);
#1761=PRESENTATION_STYLE_ASSIGNMENT((#1760));
#1762=STYLED_ITEM('',(#1761),#1759);
#1763=DIRECTION('',(0.E0,0.E0,-1.E0));
#1764=VECTOR('',#1763,2.25E-1);
#1765=CARTESIAN_POINT('',(1.25E-1,1.E-1,-1.025E0));
#1766=LINE('',#1765,#1764);
#1767=CURVE_STYLE('',#34,POSITIVE_LENGTH_MEASURE(2.E-2),#22);
#1768=PRESENTATION_STYLE_ASSIGNMENT((#1767));
#1769=STYLED_ITEM('',(#1768),#1766);
#1770=CARTESIAN_POINT('',(0.E0,1.E-1,-1.025E0));
#1771=DIRECTION('',(0.E0,1.E0,0.E0));
#1772=DIRECTION('',(-1.E0,0.E0,0.E0));
#1773=AXIS2_PLACEMENT_3D('',#1770,#1771,#1772);
#1775=CURVE_STYLE('',#34,POSITIVE_LENGTH_MEASURE(2.E-2),#22);
#1776=PRESENTATION_STYLE_ASSIGNMENT((#1775));
#1777=STYLED_ITEM('',(#1776),#1774);
#1778=CARTESIAN_POINT('',(-1.25E-1,0.E0,-1.25E0));
#1779=CARTESIAN_POINT('',(-1.25E-1,0.E0,-1.025E0));
#1780=VERTEX_POINT('',#1778);
#1781=VERTEX_POINT('',#1779);
#1782=CARTESIAN_POINT('',(1.25E-1,0.E0,-1.025E0));
#1783=VERTEX_POINT('',#1782);
#1784=CARTESIAN_POINT('',(1.25E-1,0.E0,-1.25E0));
#1785=VERTEX_POINT('',#1784);
#1786=CARTESIAN_POINT('',(-1.25E-1,1.E-1,-1.25E0));
#1787=CARTESIAN_POINT('',(-1.25E-1,1.E-1,-1.025E0));
#1788=VERTEX_POINT('',#1786);
#1789=VERTEX_POINT('',#1787);
#1790=CARTESIAN_POINT('',(1.25E-1,1.E-1,-1.025E0));
#1791=VERTEX_POINT('',#1790);
#1792=CARTESIAN_POINT('',(1.25E-1,1.E-1,-1.25E0));
#1793=VERTEX_POINT('',#1792);
#1794=CARTESIAN_POINT('',(0.E0,0.E0,0.E0));
#1795=DIRECTION('',(0.E0,1.E0,0.E0));
#1796=DIRECTION('',(1.E0,0.E0,0.E0));
#1797=AXIS2_PLACEMENT_3D('',#1794,#1795,#1796);
#1798=PLANE('',#1797);
#1800=ORIENTED_EDGE('',*,*,#1799,.T.);
#1802=ORIENTED_EDGE('',*,*,#1801,.T.);
#1804=ORIENTED_EDGE('',*,*,#1803,.T.);
#1806=ORIENTED_EDGE('',*,*,#1805,.T.);
#1807=EDGE_LOOP('',(#1800,#1802,#1804,#1806));
#1808=FACE_OUTER_BOUND('',#1807,.F.);
#1810=CARTESIAN_POINT('',(-1.25E-1,0.E0,-1.25E0));
#1811=DIRECTION('',(-1.E0,0.E0,0.E0));
#1812=DIRECTION('',(0.E0,0.E0,1.E0));
#1813=AXIS2_PLACEMENT_3D('',#1810,#1811,#1812);
#1814=PLANE('',#1813);
#1815=ORIENTED_EDGE('',*,*,#1799,.F.);
#1817=ORIENTED_EDGE('',*,*,#1816,.T.);
#1819=ORIENTED_EDGE('',*,*,#1818,.T.);
#1821=ORIENTED_EDGE('',*,*,#1820,.F.);
#1822=EDGE_LOOP('',(#1815,#1817,#1819,#1821));
#1823=FACE_OUTER_BOUND('',#1822,.F.);
#1825=CARTESIAN_POINT('',(1.25E-1,0.E0,-1.25E0));
#1826=DIRECTION('',(0.E0,0.E0,-1.E0));
#1827=DIRECTION('',(-1.E0,0.E0,0.E0));
#1828=AXIS2_PLACEMENT_3D('',#1825,#1826,#1827);
#1829=PLANE('',#1828);
#1830=ORIENTED_EDGE('',*,*,#1805,.F.);
#1832=ORIENTED_EDGE('',*,*,#1831,.T.);
#1834=ORIENTED_EDGE('',*,*,#1833,.T.);
#1835=ORIENTED_EDGE('',*,*,#1816,.F.);
#1836=EDGE_LOOP('',(#1830,#1832,#1834,#1835));
#1837=FACE_OUTER_BOUND('',#1836,.F.);
#1839=FILL_AREA_STYLE_COLOUR('',#20);
#1840=FILL_AREA_STYLE('',(#1839));
#1841=SURFACE_STYLE_FILL_AREA(#1840);
#1842=SURFACE_SIDE_STYLE('',(#1841));
#1843=SURFACE_STYLE_USAGE(.POSITIVE.,#1842);
#1844=PRESENTATION_STYLE_ASSIGNMENT((#1843));
#1845=OVER_RIDING_STYLED_ITEM('',(#1844),#1838,#1691);
#1846=CARTESIAN_POINT('',(1.25E-1,0.E0,-1.025E0));
#1847=DIRECTION('',(1.E0,0.E0,0.E0));
#1848=DIRECTION('',(0.E0,0.E0,-1.E0));
#1849=AXIS2_PLACEMENT_3D('',#1846,#1847,#1848);
#1850=PLANE('',#1849);
#1851=ORIENTED_EDGE('',*,*,#1803,.F.);
#1853=ORIENTED_EDGE('',*,*,#1852,.T.);
#1855=ORIENTED_EDGE('',*,*,#1854,.T.);
#1856=ORIENTED_EDGE('',*,*,#1831,.F.);
#1857=EDGE_LOOP('',(#1851,#1853,#1855,#1856));
#1858=FACE_OUTER_BOUND('',#1857,.F.);
#1860=CARTESIAN_POINT('',(0.E0,0.E0,-1.025E0));
#1861=DIRECTION('',(0.E0,1.E0,0.E0));
#1862=DIRECTION('',(1.E0,0.E0,0.E0));
#1863=AXIS2_PLACEMENT_3D('',#1860,#1861,#1862);
#1864=CYLINDRICAL_SURFACE('',#1863,1.25E-1);
#1865=ORIENTED_EDGE('',*,*,#1801,.F.);
#1866=ORIENTED_EDGE('',*,*,#1820,.T.);
#1868=ORIENTED_EDGE('',*,*,#1867,.T.);
#1869=ORIENTED_EDGE('',*,*,#1852,.F.);
#1870=EDGE_LOOP('',(#1865,#1866,#1868,#1869));
#1871=FACE_OUTER_BOUND('',#1870,.F.);
#1873=CARTESIAN_POINT('',(0.E0,1.E-1,0.E0));
#1874=DIRECTION('',(0.E0,1.E0,0.E0));
#1875=DIRECTION('',(1.E0,0.E0,0.E0));
#1876=AXIS2_PLACEMENT_3D('',#1873,#1874,#1875);
#1877=PLANE('',#1876);
#1878=ORIENTED_EDGE('',*,*,#1818,.F.);
#1879=ORIENTED_EDGE('',*,*,#1833,.F.);
#1880=ORIENTED_EDGE('',*,*,#1854,.F.);
#1881=ORIENTED_EDGE('',*,*,#1867,.F.);
#1882=EDGE_LOOP('',(#1878,#1879,#1880,#1881));
#1883=FACE_OUTER_BOUND('',#1882,.F.);
#1885=CLOSED_SHELL('',(#1809,#1824,#1838,#1859,#1872,#1884));
#1886=MANIFOLD_SOLID_BREP('',#1885);
#1887=FILL_AREA_STYLE_COLOUR('',#22);
#1888=FILL_AREA_STYLE('',(#1887));
#1889=SURFACE_STYLE_FILL_AREA(#1888);
#1890=SURFACE_SIDE_STYLE('',(#1889));
#1891=SURFACE_STYLE_USAGE(.POSITIVE.,#1890);
#1892=PRESENTATION_STYLE_ASSIGNMENT((#1891));
#1691=STYLED_ITEM('',(#1892),#1886);
#1894=DIRECTION('',(-1.E0,0.E0,0.E0));
#1895=VECTOR('',#1894,1.E-1);
#1896=CARTESIAN_POINT('',(7.5E-1,1.E-1,-1.1E0));
#1897=LINE('',#1896,#1895);
#1898=CURVE_STYLE('',#34,POSITIVE_LENGTH_MEASURE(2.E-2),#22);
#1899=PRESENTATION_STYLE_ASSIGNMENT((#1898));
#1900=STYLED_ITEM('',(#1899),#1897);
#1901=DIRECTION('',(0.E0,0.E0,1.E0));
#1902=VECTOR('',#1901,2.E-1);
#1903=CARTESIAN_POINT('',(6.5E-1,1.E-1,-1.1E0));
#1904=LINE('',#1903,#1902);
#1905=CURVE_STYLE('',#34,POSITIVE_LENGTH_MEASURE(2.E-2),#22);
#1906=PRESENTATION_STYLE_ASSIGNMENT((#1905));
#1907=STYLED_ITEM('',(#1906),#1904);
#1908=DIRECTION('',(1.E0,0.E0,0.E0));
#1909=VECTOR('',#1908,1.E-1);
#1910=CARTESIAN_POINT('',(6.5E-1,1.E-1,-9.E-1));
#1911=LINE('',#1910,#1909);
#1912=CURVE_STYLE('',#34,POSITIVE_LENGTH_MEASURE(2.E-2),#22);
#1913=PRESENTATION_STYLE_ASSIGNMENT((#1912));
#1914=STYLED_ITEM('',(#1913),#1911);
#1915=DIRECTION('',(0.E0,0.E0,-1.E0));
#1916=VECTOR('',#1915,2.E-1);
#1917=CARTESIAN_POINT('',(7.5E-1,1.E-1,-9.E-1));
#1918=LINE('',#1917,#1916);
#1919=CURVE_STYLE('',#34,POSITIVE_LENGTH_MEASURE(2.E-2),#22);
#1920=PRESENTATION_STYLE_ASSIGNMENT((#1919));
#1921=STYLED_ITEM('',(#1920),#1918);
#1922=DIRECTION('',(0.E0,1.E0,0.E0));
#1923=VECTOR('',#1922,1.E-1);
#1924=CARTESIAN_POINT('',(7.5E-1,1.E-1,-1.1E0));
#1925=LINE('',#1924,#1923);
#1926=CURVE_STYLE('',#34,POSITIVE_LENGTH_MEASURE(2.E-2),#22);
#1927=PRESENTATION_STYLE_ASSIGNMENT((#1926));
#1928=STYLED_ITEM('',(#1927),#1925);
#1929=DIRECTION('',(0.E0,1.E0,0.E0));
#1930=VECTOR('',#1929,1.E-1);
#1931=CARTESIAN_POINT('',(7.5E-1,1.E-1,-9.E-1));
#1932=LINE('',#1931,#1930);
#1933=CURVE_STYLE('',#34,POSITIVE_LENGTH_MEASURE(2.E-2),#22);
#1934=PRESENTATION_STYLE_ASSIGNMENT((#1933));
#1935=STYLED_ITEM('',(#1934),#1932);
#1936=DIRECTION('',(0.E0,1.E0,0.E0));
#1937=VECTOR('',#1936,1.E-1);
#1938=CARTESIAN_POINT('',(6.5E-1,1.E-1,-9.E-1));
#1939=LINE('',#1938,#1937);
#1940=CURVE_STYLE('',#34,POSITIVE_LENGTH_MEASURE(2.E-2),#22);
#1941=PRESENTATION_STYLE_ASSIGNMENT((#1940));
#1942=STYLED_ITEM('',(#1941),#1939);
#1943=DIRECTION('',(0.E0,1.E0,0.E0));
#1944=VECTOR('',#1943,1.E-1);
#1945=CARTESIAN_POINT('',(6.5E-1,1.E-1,-1.1E0));
#1946=LINE('',#1945,#1944);
#1947=CURVE_STYLE('',#34,POSITIVE_LENGTH_MEASURE(2.E-2),#22);
#1948=PRESENTATION_STYLE_ASSIGNMENT((#1947));
#1949=STYLED_ITEM('',(#1948),#1946);
#1950=DIRECTION('',(-1.E0,0.E0,0.E0));
#1951=VECTOR('',#1950,1.E-1);
#1952=CARTESIAN_POINT('',(7.5E-1,2.E-1,-1.1E0));
#1953=LINE('',#1952,#1951);
#1954=CURVE_STYLE('',#34,POSITIVE_LENGTH_MEASURE(2.E-2),#22);
#1955=PRESENTATION_STYLE_ASSIGNMENT((#1954));
#1956=STYLED_ITEM('',(#1955),#1953);
#1957=DIRECTION('',(0.E0,0.E0,-1.E0));
#1958=VECTOR('',#1957,2.E-1);
#1959=CARTESIAN_POINT('',(7.5E-1,2.E-1,-9.E-1));
#1960=LINE('',#1959,#1958);
#1961=CURVE_STYLE('',#34,POSITIVE_LENGTH_MEASURE(2.E-2),#22);
#1962=PRESENTATION_STYLE_ASSIGNMENT((#1961));
#1963=STYLED_ITEM('',(#1962),#1960);
#1964=DIRECTION('',(1.E0,0.E0,0.E0));
#1965=VECTOR('',#1964,1.E-1);
#1966=CARTESIAN_POINT('',(6.5E-1,2.E-1,-9.E-1));
#1967=LINE('',#1966,#1965);
#1968=CURVE_STYLE('',#34,POSITIVE_LENGTH_MEASURE(2.E-2),#22);
#1969=PRESENTATION_STYLE_ASSIGNMENT((#1968));
#1970=STYLED_ITEM('',(#1969),#1967);
#1971=DIRECTION('',(0.E0,0.E0,1.E0));
#1972=VECTOR('',#1971,2.E-1);
#1973=CARTESIAN_POINT('',(6.5E-1,2.E-1,-1.1E0));
#1974=LINE('',#1973,#1972);
#1975=CURVE_STYLE('',#34,POSITIVE_LENGTH_MEASURE(2.E-2),#22);
#1976=PRESENTATION_STYLE_ASSIGNMENT((#1975));
#1977=STYLED_ITEM('',(#1976),#1974);
#1978=CARTESIAN_POINT('',(7.5E-1,1.E-1,-1.1E0));
#1979=CARTESIAN_POINT('',(6.5E-1,1.E-1,-1.1E0));
#1980=VERTEX_POINT('',#1978);
#1981=VERTEX_POINT('',#1979);
#1982=CARTESIAN_POINT('',(6.5E-1,1.E-1,-9.E-1));
#1983=VERTEX_POINT('',#1982);
#1984=CARTESIAN_POINT('',(7.5E-1,1.E-1,-9.E-1));
#1985=VERTEX_POINT('',#1984);
#1986=CARTESIAN_POINT('',(7.5E-1,2.E-1,-1.1E0));
#1987=CARTESIAN_POINT('',(6.5E-1,2.E-1,-1.1E0));
#1988=VERTEX_POINT('',#1986);
#1989=VERTEX_POINT('',#1987);
#1990=CARTESIAN_POINT('',(6.5E-1,2.E-1,-9.E-1));
#1991=VERTEX_POINT('',#1990);
#1992=CARTESIAN_POINT('',(7.5E-1,2.E-1,-9.E-1));
#1993=VERTEX_POINT('',#1992);
#1994=CARTESIAN_POINT('',(0.E0,1.E-1,0.E0));
#1995=DIRECTION('',(0.E0,1.E0,0.E0));
#1996=DIRECTION('',(1.E0,0.E0,0.E0));
#1997=AXIS2_PLACEMENT_3D('',#1994,#1995,#1996);
#1998=PLANE('',#1997);
#2000=ORIENTED_EDGE('',*,*,#1999,.T.);
#2002=ORIENTED_EDGE('',*,*,#2001,.T.);
#2004=ORIENTED_EDGE('',*,*,#2003,.T.);
#2006=ORIENTED_EDGE('',*,*,#2005,.T.);
#2007=EDGE_LOOP('',(#2000,#2002,#2004,#2006));
#2008=FACE_OUTER_BOUND('',#2007,.F.);
#2010=CARTESIAN_POINT('',(7.5E-1,1.E-1,-1.1E0));
#2011=DIRECTION('',(0.E0,0.E0,-1.E0));
#2012=DIRECTION('',(-1.E0,0.E0,0.E0));
#2013=AXIS2_PLACEMENT_3D('',#2010,#2011,#2012);
#2014=PLANE('',#2013);
#2015=ORIENTED_EDGE('',*,*,#1999,.F.);
#2017=ORIENTED_EDGE('',*,*,#2016,.T.);
#2019=ORIENTED_EDGE('',*,*,#2018,.T.);
#2021=ORIENTED_EDGE('',*,*,#2020,.F.);
#2022=EDGE_LOOP('',(#2015,#2017,#2019,#2021));
#2023=FACE_OUTER_BOUND('',#2022,.F.);
#2025=CARTESIAN_POINT('',(7.5E-1,1.E-1,-9.E-1));
#2026=DIRECTION('',(1.E0,0.E0,0.E0));
#2027=DIRECTION('',(0.E0,0.E0,-1.E0));
#2028=AXIS2_PLACEMENT_3D('',#2025,#2026,#2027);
#2029=PLANE('',#2028);
#2030=ORIENTED_EDGE('',*,*,#2005,.F.);
#2032=ORIENTED_EDGE('',*,*,#2031,.T.);
#2034=ORIENTED_EDGE('',*,*,#2033,.T.);
#2035=ORIENTED_EDGE('',*,*,#2016,.F.);
#2036=EDGE_LOOP('',(#2030,#2032,#2034,#2035));
#2037=FACE_OUTER_BOUND('',#2036,.F.);
#2039=FILL_AREA_STYLE_COLOUR('',#20);
#2040=FILL_AREA_STYLE('',(#2039));
#2041=SURFACE_STYLE_FILL_AREA(#2040);
#2042=SURFACE_SIDE_STYLE('',(#2041));
#2043=SURFACE_STYLE_USAGE(.POSITIVE.,#2042);
#2044=PRESENTATION_STYLE_ASSIGNMENT((#2043));
#2045=OVER_RIDING_STYLED_ITEM('',(#2044),#2038,#1893);
#2046=CARTESIAN_POINT('',(6.5E-1,1.E-1,-9.E-1));
#2047=DIRECTION('',(0.E0,0.E0,1.E0));
#2048=DIRECTION('',(1.E0,0.E0,0.E0));
#2049=AXIS2_PLACEMENT_3D('',#2046,#2047,#2048);
#2050=PLANE('',#2049);
#2051=ORIENTED_EDGE('',*,*,#2003,.F.);
#2053=ORIENTED_EDGE('',*,*,#2052,.T.);
#2055=ORIENTED_EDGE('',*,*,#2054,.T.);
#2056=ORIENTED_EDGE('',*,*,#2031,.F.);
#2057=EDGE_LOOP('',(#2051,#2053,#2055,#2056));
#2058=FACE_OUTER_BOUND('',#2057,.F.);
#2060=CARTESIAN_POINT('',(6.5E-1,1.E-1,-1.1E0));
#2061=DIRECTION('',(-1.E0,0.E0,0.E0));
#2062=DIRECTION('',(0.E0,0.E0,1.E0));
#2063=AXIS2_PLACEMENT_3D('',#2060,#2061,#2062);
#2064=PLANE('',#2063);
#2065=ORIENTED_EDGE('',*,*,#2001,.F.);
#2066=ORIENTED_EDGE('',*,*,#2020,.T.);
#2068=ORIENTED_EDGE('',*,*,#2067,.T.);
#2069=ORIENTED_EDGE('',*,*,#2052,.F.);
#2070=EDGE_LOOP('',(#2065,#2066,#2068,#2069));
#2071=FACE_OUTER_BOUND('',#2070,.F.);
#2073=CARTESIAN_POINT('',(0.E0,2.E-1,0.E0));
#2074=DIRECTION('',(0.E0,1.E0,0.E0));
#2075=DIRECTION('',(1.E0,0.E0,0.E0));
#2076=AXIS2_PLACEMENT_3D('',#2073,#2074,#2075);
#2077=PLANE('',#2076);
#2078=ORIENTED_EDGE('',*,*,#2018,.F.);
#2079=ORIENTED_EDGE('',*,*,#2033,.F.);
#2080=ORIENTED_EDGE('',*,*,#2054,.F.);
#2081=ORIENTED_EDGE('',*,*,#2067,.F.);
#2082=EDGE_LOOP('',(#2078,#2079,#2080,#2081));
#2083=FACE_OUTER_BOUND('',#2082,.F.);
#2085=CLOSED_SHELL('',(#2009,#2024,#2038,#2059,#2072,#2084));
#2086=MANIFOLD_SOLID_BREP('',#2085);
#2087=FILL_AREA_STYLE_COLOUR('',#22);
#2088=FILL_AREA_STYLE('',(#2087));
#2089=SURFACE_STYLE_FILL_AREA(#2088);
#2090=SURFACE_SIDE_STYLE('',(#2089));
#2091=SURFACE_STYLE_USAGE(.POSITIVE.,#2090);
#2092=PRESENTATION_STYLE_ASSIGNMENT((#2091));
#1893=STYLED_ITEM('',(#2092),#2086);
#2094=DIRECTION('',(0.E0,0.E0,-1.E0));
#2095=VECTOR('',#2094,2.E-1);
#2096=CARTESIAN_POINT('',(7.5E-1,1.E-1,1.1E0));
#2097=LINE('',#2096,#2095);
#2098=CURVE_STYLE('',#34,POSITIVE_LENGTH_MEASURE(2.E-2),#22);
#2099=PRESENTATION_STYLE_ASSIGNMENT((#2098));
#2100=STYLED_ITEM('',(#2099),#2097);
#2101=DIRECTION('',(-1.E0,0.E0,0.E0));
#2102=VECTOR('',#2101,1.E-1);
#2103=CARTESIAN_POINT('',(7.5E-1,1.E-1,9.E-1));
#2104=LINE('',#2103,#2102);
#2105=CURVE_STYLE('',#34,POSITIVE_LENGTH_MEASURE(2.E-2),#22);
#2106=PRESENTATION_STYLE_ASSIGNMENT((#2105));
#2107=STYLED_ITEM('',(#2106),#2104);
#2108=DIRECTION('',(0.E0,0.E0,1.E0));
#2109=VECTOR('',#2108,2.E-1);
#2110=CARTESIAN_POINT('',(6.5E-1,1.E-1,9.E-1));
#2111=LINE('',#2110,#2109);
#2112=CURVE_STYLE('',#34,POSITIVE_LENGTH_MEASURE(2.E-2),#22);
#2113=PRESENTATION_STYLE_ASSIGNMENT((#2112));
#2114=STYLED_ITEM('',(#2113),#2111);
#2115=DIRECTION('',(1.E0,0.E0,0.E0));
#2116=VECTOR('',#2115,1.E-1);
#2117=CARTESIAN_POINT('',(6.5E-1,1.E-1,1.1E0));
#2118=LINE('',#2117,#2116);
#2119=CURVE_STYLE('',#34,POSITIVE_LENGTH_MEASURE(2.E-2),#22);
#2120=PRESENTATION_STYLE_ASSIGNMENT((#2119));
#2121=STYLED_ITEM('',(#2120),#2118);
#2122=DIRECTION('',(0.E0,1.E0,0.E0));
#2123=VECTOR('',#2122,1.E-1);
#2124=CARTESIAN_POINT('',(7.5E-1,1.E-1,1.1E0));
#2125=LINE('',#2124,#2123);
#2126=CURVE_STYLE('',#34,POSITIVE_LENGTH_MEASURE(2.E-2),#22);
#2127=PRESENTATION_STYLE_ASSIGNMENT((#2126));
#2128=STYLED_ITEM('',(#2127),#2125);
#2129=DIRECTION('',(0.E0,1.E0,0.E0));
#2130=VECTOR('',#2129,1.E-1);
#2131=CARTESIAN_POINT('',(6.5E-1,1.E-1,1.1E0));
#2132=LINE('',#2131,#2130);
#2133=CURVE_STYLE('',#34,POSITIVE_LENGTH_MEASURE(2.E-2),#22);
#2134=PRESENTATION_STYLE_ASSIGNMENT((#2133));
#2135=STYLED_ITEM('',(#2134),#2132);
#2136=DIRECTION('',(0.E0,1.E0,0.E0));
#2137=VECTOR('',#2136,1.E-1);
#2138=CARTESIAN_POINT('',(6.5E-1,1.E-1,9.E-1));
#2139=LINE('',#2138,#2137);
#2140=CURVE_STYLE('',#34,POSITIVE_LENGTH_MEASURE(2.E-2),#22);
#2141=PRESENTATION_STYLE_ASSIGNMENT((#2140));
#2142=STYLED_ITEM('',(#2141),#2139);
#2143=DIRECTION('',(0.E0,1.E0,0.E0));
#2144=VECTOR('',#2143,1.E-1);
#2145=CARTESIAN_POINT('',(7.5E-1,1.E-1,9.E-1));
#2146=LINE('',#2145,#2144);
#2147=CURVE_STYLE('',#34,POSITIVE_LENGTH_MEASURE(2.E-2),#22);
#2148=PRESENTATION_STYLE_ASSIGNMENT((#2147));
#2149=STYLED_ITEM('',(#2148),#2146);
#2150=DIRECTION('',(0.E0,0.E0,-1.E0));
#2151=VECTOR('',#2150,2.E-1);
#2152=CARTESIAN_POINT('',(7.5E-1,2.E-1,1.1E0));
#2153=LINE('',#2152,#2151);
#2154=CURVE_STYLE('',#34,POSITIVE_LENGTH_MEASURE(2.E-2),#22);
#2155=PRESENTATION_STYLE_ASSIGNMENT((#2154));
#2156=STYLED_ITEM('',(#2155),#2153);
#2157=DIRECTION('',(1.E0,0.E0,0.E0));
#2158=VECTOR('',#2157,1.E-1);
#2159=CARTESIAN_POINT('',(6.5E-1,2.E-1,1.1E0));
#2160=LINE('',#2159,#2158);
#2161=CURVE_STYLE('',#34,POSITIVE_LENGTH_MEASURE(2.E-2),#22);
#2162=PRESENTATION_STYLE_ASSIGNMENT((#2161));
#2163=STYLED_ITEM('',(#2162),#2160);
#2164=DIRECTION('',(0.E0,0.E0,1.E0));
#2165=VECTOR('',#2164,2.E-1);
#2166=CARTESIAN_POINT('',(6.5E-1,2.E-1,9.E-1));
#2167=LINE('',#2166,#2165);
#2168=CURVE_STYLE('',#34,POSITIVE_LENGTH_MEASURE(2.E-2),#22);
#2169=PRESENTATION_STYLE_ASSIGNMENT((#2168));
#2170=STYLED_ITEM('',(#2169),#2167);
#2171=DIRECTION('',(-1.E0,0.E0,0.E0));
#2172=VECTOR('',#2171,1.E-1);
#2173=CARTESIAN_POINT('',(7.5E-1,2.E-1,9.E-1));
#2174=LINE('',#2173,#2172);
#2175=CURVE_STYLE('',#34,POSITIVE_LENGTH_MEASURE(2.E-2),#22);
#2176=PRESENTATION_STYLE_ASSIGNMENT((#2175));
#2177=STYLED_ITEM('',(#2176),#2174);
#2178=CARTESIAN_POINT('',(7.5E-1,1.E-1,1.1E0));
#2179=CARTESIAN_POINT('',(7.5E-1,1.E-1,9.E-1));
#2180=VERTEX_POINT('',#2178);
#2181=VERTEX_POINT('',#2179);
#2182=CARTESIAN_POINT('',(6.5E-1,1.E-1,9.E-1));
#2183=VERTEX_POINT('',#2182);
#2184=CARTESIAN_POINT('',(6.5E-1,1.E-1,1.1E0));
#2185=VERTEX_POINT('',#2184);
#2186=CARTESIAN_POINT('',(7.5E-1,2.E-1,1.1E0));
#2187=CARTESIAN_POINT('',(7.5E-1,2.E-1,9.E-1));
#2188=VERTEX_POINT('',#2186);
#2189=VERTEX_POINT('',#2187);
#2190=CARTESIAN_POINT('',(6.5E-1,2.E-1,9.E-1));
#2191=VERTEX_POINT('',#2190);
#2192=CARTESIAN_POINT('',(6.5E-1,2.E-1,1.1E0));
#2193=VERTEX_POINT('',#2192);
#2194=CARTESIAN_POINT('',(0.E0,1.E-1,0.E0));
#2195=DIRECTION('',(0.E0,1.E0,0.E0));
#2196=DIRECTION('',(1.E0,0.E0,0.E0));
#2197=AXIS2_PLACEMENT_3D('',#2194,#2195,#2196);
#2198=PLANE('',#2197);
#2200=ORIENTED_EDGE('',*,*,#2199,.T.);
#2202=ORIENTED_EDGE('',*,*,#2201,.T.);
#2204=ORIENTED_EDGE('',*,*,#2203,.T.);
#2206=ORIENTED_EDGE('',*,*,#2205,.T.);
#2207=EDGE_LOOP('',(#2200,#2202,#2204,#2206));
#2208=FACE_OUTER_BOUND('',#2207,.F.);
#2210=CARTESIAN_POINT('',(7.5E-1,1.E-1,1.1E0));
#2211=DIRECTION('',(1.E0,0.E0,0.E0));
#2212=DIRECTION('',(0.E0,0.E0,-1.E0));
#2213=AXIS2_PLACEMENT_3D('',#2210,#2211,#2212);
#2214=PLANE('',#2213);
#2215=ORIENTED_EDGE('',*,*,#2199,.F.);
#2217=ORIENTED_EDGE('',*,*,#2216,.T.);
#2219=ORIENTED_EDGE('',*,*,#2218,.T.);
#2221=ORIENTED_EDGE('',*,*,#2220,.F.);
#2222=EDGE_LOOP('',(#2215,#2217,#2219,#2221));
#2223=FACE_OUTER_BOUND('',#2222,.F.);
#2225=FILL_AREA_STYLE_COLOUR('',#20);
#2226=FILL_AREA_STYLE('',(#2225));
#2227=SURFACE_STYLE_FILL_AREA(#2226);
#2228=SURFACE_SIDE_STYLE('',(#2227));
#2229=SURFACE_STYLE_USAGE(.POSITIVE.,#2228);
#2230=PRESENTATION_STYLE_ASSIGNMENT((#2229));
#2231=OVER_RIDING_STYLED_ITEM('',(#2230),#2224,#2093);
#2232=CARTESIAN_POINT('',(6.5E-1,1.E-1,1.1E0));
#2233=DIRECTION('',(0.E0,0.E0,1.E0));
#2234=DIRECTION('',(1.E0,0.E0,0.E0));
#2235=AXIS2_PLACEMENT_3D('',#2232,#2233,#2234);
#2236=PLANE('',#2235);
#2237=ORIENTED_EDGE('',*,*,#2205,.F.);
#2239=ORIENTED_EDGE('',*,*,#2238,.T.);
#2241=ORIENTED_EDGE('',*,*,#2240,.T.);
#2242=ORIENTED_EDGE('',*,*,#2216,.F.);
#2243=EDGE_LOOP('',(#2237,#2239,#2241,#2242));
#2244=FACE_OUTER_BOUND('',#2243,.F.);
#2246=CARTESIAN_POINT('',(6.5E-1,1.E-1,9.E-1));
#2247=DIRECTION('',(-1.E0,0.E0,0.E0));
#2248=DIRECTION('',(0.E0,0.E0,1.E0));
#2249=AXIS2_PLACEMENT_3D('',#2246,#2247,#2248);
#2250=PLANE('',#2249);
#2251=ORIENTED_EDGE('',*,*,#2203,.F.);
#2253=ORIENTED_EDGE('',*,*,#2252,.T.);
#2255=ORIENTED_EDGE('',*,*,#2254,.T.);
#2256=ORIENTED_EDGE('',*,*,#2238,.F.);
#2257=EDGE_LOOP('',(#2251,#2253,#2255,#2256));
#2258=FACE_OUTER_BOUND('',#2257,.F.);
#2260=CARTESIAN_POINT('',(7.5E-1,1.E-1,9.E-1));
#2261=DIRECTION('',(0.E0,0.E0,-1.E0));
#2262=DIRECTION('',(-1.E0,0.E0,0.E0));
#2263=AXIS2_PLACEMENT_3D('',#2260,#2261,#2262);
#2264=PLANE('',#2263);
#2265=ORIENTED_EDGE('',*,*,#2201,.F.);
#2266=ORIENTED_EDGE('',*,*,#2220,.T.);
#2268=ORIENTED_EDGE('',*,*,#2267,.T.);
#2269=ORIENTED_EDGE('',*,*,#2252,.F.);
#2270=EDGE_LOOP('',(#2265,#2266,#2268,#2269));
#2271=FACE_OUTER_BOUND('',#2270,.F.);
#2273=CARTESIAN_POINT('',(0.E0,2.E-1,0.E0));
#2274=DIRECTION('',(0.E0,1.E0,0.E0));
#2275=DIRECTION('',(1.E0,0.E0,0.E0));
#2276=AXIS2_PLACEMENT_3D('',#2273,#2274,#2275);
#2277=PLANE('',#2276);
#2278=ORIENTED_EDGE('',*,*,#2218,.F.);
#2279=ORIENTED_EDGE('',*,*,#2240,.F.);
#2280=ORIENTED_EDGE('',*,*,#2254,.F.);
#2281=ORIENTED_EDGE('',*,*,#2267,.F.);
#2282=EDGE_LOOP('',(#2278,#2279,#2280,#2281));
#2283=FACE_OUTER_BOUND('',#2282,.F.);
#2285=CLOSED_SHELL('',(#2209,#2224,#2245,#2259,#2272,#2284));
#2286=MANIFOLD_SOLID_BREP('',#2285);
#2287=FILL_AREA_STYLE_COLOUR('',#22);
#2288=FILL_AREA_STYLE('',(#2287));
#2289=SURFACE_STYLE_FILL_AREA(#2288);
#2290=SURFACE_SIDE_STYLE('',(#2289));
#2291=SURFACE_STYLE_USAGE(.POSITIVE.,#2290);
#2292=PRESENTATION_STYLE_ASSIGNMENT((#2291));
#2093=STYLED_ITEM('',(#2292),#2286);
#2294=DIRECTION('',(0.E0,0.E0,1.E0));
#2295=VECTOR('',#2294,2.E-1);
#2296=CARTESIAN_POINT('',(-7.5E-1,1.E-1,-1.1E0));
#2297=LINE('',#2296,#2295);
#2298=CURVE_STYLE('',#34,POSITIVE_LENGTH_MEASURE(2.E-2),#22);
#2299=PRESENTATION_STYLE_ASSIGNMENT((#2298));
#2300=STYLED_ITEM('',(#2299),#2297);
#2301=DIRECTION('',(1.E0,0.E0,0.E0));
#2302=VECTOR('',#2301,1.E-1);
#2303=CARTESIAN_POINT('',(-7.5E-1,1.E-1,-9.E-1));
#2304=LINE('',#2303,#2302);
#2305=CURVE_STYLE('',#34,POSITIVE_LENGTH_MEASURE(2.E-2),#22);
#2306=PRESENTATION_STYLE_ASSIGNMENT((#2305));
#2307=STYLED_ITEM('',(#2306),#2304);
#2308=DIRECTION('',(0.E0,0.E0,-1.E0));
#2309=VECTOR('',#2308,2.E-1);
#2310=CARTESIAN_POINT('',(-6.5E-1,1.E-1,-9.E-1));
#2311=LINE('',#2310,#2309);
#2312=CURVE_STYLE('',#34,POSITIVE_LENGTH_MEASURE(2.E-2),#22);
#2313=PRESENTATION_STYLE_ASSIGNMENT((#2312));
#2314=STYLED_ITEM('',(#2313),#2311);
#2315=DIRECTION('',(-1.E0,0.E0,0.E0));
#2316=VECTOR('',#2315,1.E-1);
#2317=CARTESIAN_POINT('',(-6.5E-1,1.E-1,-1.1E0));
#2318=LINE('',#2317,#2316);
#2319=CURVE_STYLE('',#34,POSITIVE_LENGTH_MEASURE(2.E-2),#22);
#2320=PRESENTATION_STYLE_ASSIGNMENT((#2319));
#2321=STYLED_ITEM('',(#2320),#2318);
#2322=DIRECTION('',(0.E0,1.E0,0.E0));
#2323=VECTOR('',#2322,1.E-1);
#2324=CARTESIAN_POINT('',(-7.5E-1,1.E-1,-1.1E0));
#2325=LINE('',#2324,#2323);
#2326=CURVE_STYLE('',#34,POSITIVE_LENGTH_MEASURE(2.E-2),#22);
#2327=PRESENTATION_STYLE_ASSIGNMENT((#2326));
#2328=STYLED_ITEM('',(#2327),#2325);
#2329=DIRECTION('',(0.E0,1.E0,0.E0));
#2330=VECTOR('',#2329,1.E-1);
#2331=CARTESIAN_POINT('',(-6.5E-1,1.E-1,-1.1E0));
#2332=LINE('',#2331,#2330);
#2333=CURVE_STYLE('',#34,POSITIVE_LENGTH_MEASURE(2.E-2),#22);
#2334=PRESENTATION_STYLE_ASSIGNMENT((#2333));
#2335=STYLED_ITEM('',(#2334),#2332);
#2336=DIRECTION('',(0.E0,1.E0,0.E0));
#2337=VECTOR('',#2336,1.E-1);
#2338=CARTESIAN_POINT('',(-6.5E-1,1.E-1,-9.E-1));
#2339=LINE('',#2338,#2337);
#2340=CURVE_STYLE('',#34,POSITIVE_LENGTH_MEASURE(2.E-2),#22);
#2341=PRESENTATION_STYLE_ASSIGNMENT((#2340));
#2342=STYLED_ITEM('',(#2341),#2339);
#2343=DIRECTION('',(0.E0,1.E0,0.E0));
#2344=VECTOR('',#2343,1.E-1);
#2345=CARTESIAN_POINT('',(-7.5E-1,1.E-1,-9.E-1));
#2346=LINE('',#2345,#2344);
#2347=CURVE_STYLE('',#34,POSITIVE_LENGTH_MEASURE(2.E-2),#22);
#2348=PRESENTATION_STYLE_ASSIGNMENT((#2347));
#2349=STYLED_ITEM('',(#2348),#2346);
#2350=DIRECTION('',(0.E0,0.E0,1.E0));
#2351=VECTOR('',#2350,2.E-1);
#2352=CARTESIAN_POINT('',(-7.5E-1,2.E-1,-1.1E0));
#2353=LINE('',#2352,#2351);
#2354=CURVE_STYLE('',#34,POSITIVE_LENGTH_MEASURE(2.E-2),#22);
#2355=PRESENTATION_STYLE_ASSIGNMENT((#2354));
#2356=STYLED_ITEM('',(#2355),#2353);
#2357=DIRECTION('',(-1.E0,0.E0,0.E0));
#2358=VECTOR('',#2357,1.E-1);
#2359=CARTESIAN_POINT('',(-6.5E-1,2.E-1,-1.1E0));
#2360=LINE('',#2359,#2358);
#2361=CURVE_STYLE('',#34,POSITIVE_LENGTH_MEASURE(2.E-2),#22);
#2362=PRESENTATION_STYLE_ASSIGNMENT((#2361));
#2363=STYLED_ITEM('',(#2362),#2360);
#2364=DIRECTION('',(0.E0,0.E0,-1.E0));
#2365=VECTOR('',#2364,2.E-1);
#2366=CARTESIAN_POINT('',(-6.5E-1,2.E-1,-9.E-1));
#2367=LINE('',#2366,#2365);
#2368=CURVE_STYLE('',#34,POSITIVE_LENGTH_MEASURE(2.E-2),#22);
#2369=PRESENTATION_STYLE_ASSIGNMENT((#2368));
#2370=STYLED_ITEM('',(#2369),#2367);
#2371=DIRECTION('',(1.E0,0.E0,0.E0));
#2372=VECTOR('',#2371,1.E-1);
#2373=CARTESIAN_POINT('',(-7.5E-1,2.E-1,-9.E-1));
#2374=LINE('',#2373,#2372);
#2375=CURVE_STYLE('',#34,POSITIVE_LENGTH_MEASURE(2.E-2),#22);
#2376=PRESENTATION_STYLE_ASSIGNMENT((#2375));
#2377=STYLED_ITEM('',(#2376),#2374);
#2378=CARTESIAN_POINT('',(-7.5E-1,1.E-1,-1.1E0));
#2379=CARTESIAN_POINT('',(-7.5E-1,1.E-1,-9.E-1));
#2380=VERTEX_POINT('',#2378);
#2381=VERTEX_POINT('',#2379);
#2382=CARTESIAN_POINT('',(-6.5E-1,1.E-1,-9.E-1));
#2383=VERTEX_POINT('',#2382);
#2384=CARTESIAN_POINT('',(-6.5E-1,1.E-1,-1.1E0));
#2385=VERTEX_POINT('',#2384);
#2386=CARTESIAN_POINT('',(-7.5E-1,2.E-1,-1.1E0));
#2387=CARTESIAN_POINT('',(-7.5E-1,2.E-1,-9.E-1));
#2388=VERTEX_POINT('',#2386);
#2389=VERTEX_POINT('',#2387);
#2390=CARTESIAN_POINT('',(-6.5E-1,2.E-1,-9.E-1));
#2391=VERTEX_POINT('',#2390);
#2392=CARTESIAN_POINT('',(-6.5E-1,2.E-1,-1.1E0));
#2393=VERTEX_POINT('',#2392);
#2394=CARTESIAN_POINT('',(0.E0,1.E-1,0.E0));
#2395=DIRECTION('',(0.E0,1.E0,0.E0));
#2396=DIRECTION('',(1.E0,0.E0,0.E0));
#2397=AXIS2_PLACEMENT_3D('',#2394,#2395,#2396);
#2398=PLANE('',#2397);
#2400=ORIENTED_EDGE('',*,*,#2399,.T.);
#2402=ORIENTED_EDGE('',*,*,#2401,.T.);
#2404=ORIENTED_EDGE('',*,*,#2403,.T.);
#2406=ORIENTED_EDGE('',*,*,#2405,.T.);
#2407=EDGE_LOOP('',(#2400,#2402,#2404,#2406));
#2408=FACE_OUTER_BOUND('',#2407,.F.);
#2410=CARTESIAN_POINT('',(-7.5E-1,1.E-1,-1.1E0));
#2411=DIRECTION('',(-1.E0,0.E0,0.E0));
#2412=DIRECTION('',(0.E0,0.E0,1.E0));
#2413=AXIS2_PLACEMENT_3D('',#2410,#2411,#2412);
#2414=PLANE('',#2413);
#2415=ORIENTED_EDGE('',*,*,#2399,.F.);
#2417=ORIENTED_EDGE('',*,*,#2416,.T.);
#2419=ORIENTED_EDGE('',*,*,#2418,.T.);
#2421=ORIENTED_EDGE('',*,*,#2420,.F.);
#2422=EDGE_LOOP('',(#2415,#2417,#2419,#2421));
#2423=FACE_OUTER_BOUND('',#2422,.F.);
#2425=FILL_AREA_STYLE_COLOUR('',#20);
#2426=FILL_AREA_STYLE('',(#2425));
#2427=SURFACE_STYLE_FILL_AREA(#2426);
#2428=SURFACE_SIDE_STYLE('',(#2427));
#2429=SURFACE_STYLE_USAGE(.POSITIVE.,#2428);
#2430=PRESENTATION_STYLE_ASSIGNMENT((#2429));
#2431=OVER_RIDING_STYLED_ITEM('',(#2430),#2424,#2293);
#2432=CARTESIAN_POINT('',(-6.5E-1,1.E-1,-1.1E0));
#2433=DIRECTION('',(0.E0,0.E0,-1.E0));
#2434=DIRECTION('',(-1.E0,0.E0,0.E0));
#2435=AXIS2_PLACEMENT_3D('',#2432,#2433,#2434);
#2436=PLANE('',#2435);
#2437=ORIENTED_EDGE('',*,*,#2405,.F.);
#2439=ORIENTED_EDGE('',*,*,#2438,.T.);
#2441=ORIENTED_EDGE('',*,*,#2440,.T.);
#2442=ORIENTED_EDGE('',*,*,#2416,.F.);
#2443=EDGE_LOOP('',(#2437,#2439,#2441,#2442));
#2444=FACE_OUTER_BOUND('',#2443,.F.);
#2446=CARTESIAN_POINT('',(-6.5E-1,1.E-1,-9.E-1));
#2447=DIRECTION('',(1.E0,0.E0,0.E0));
#2448=DIRECTION('',(0.E0,0.E0,-1.E0));
#2449=AXIS2_PLACEMENT_3D('',#2446,#2447,#2448);
#2450=PLANE('',#2449);
#2451=ORIENTED_EDGE('',*,*,#2403,.F.);
#2453=ORIENTED_EDGE('',*,*,#2452,.T.);
#2455=ORIENTED_EDGE('',*,*,#2454,.T.);
#2456=ORIENTED_EDGE('',*,*,#2438,.F.);
#2457=EDGE_LOOP('',(#2451,#2453,#2455,#2456));
#2458=FACE_OUTER_BOUND('',#2457,.F.);
#2460=CARTESIAN_POINT('',(-7.5E-1,1.E-1,-9.E-1));
#2461=DIRECTION('',(0.E0,0.E0,1.E0));
#2462=DIRECTION('',(1.E0,0.E0,0.E0));
#2463=AXIS2_PLACEMENT_3D('',#2460,#2461,#2462);
#2464=PLANE('',#2463);
#2465=ORIENTED_EDGE('',*,*,#2401,.F.);
#2466=ORIENTED_EDGE('',*,*,#2420,.T.);
#2468=ORIENTED_EDGE('',*,*,#2467,.T.);
#2469=ORIENTED_EDGE('',*,*,#2452,.F.);
#2470=EDGE_LOOP('',(#2465,#2466,#2468,#2469));
#2471=FACE_OUTER_BOUND('',#2470,.F.);
#2473=CARTESIAN_POINT('',(0.E0,2.E-1,0.E0));
#2474=DIRECTION('',(0.E0,1.E0,0.E0));
#2475=DIRECTION('',(1.E0,0.E0,0.E0));
#2476=AXIS2_PLACEMENT_3D('',#2473,#2474,#2475);
#2477=PLANE('',#2476);
#2478=ORIENTED_EDGE('',*,*,#2418,.F.);
#2479=ORIENTED_EDGE('',*,*,#2440,.F.);
#2480=ORIENTED_EDGE('',*,*,#2454,.F.);
#2481=ORIENTED_EDGE('',*,*,#2467,.F.);
#2482=EDGE_LOOP('',(#2478,#2479,#2480,#2481));
#2483=FACE_OUTER_BOUND('',#2482,.F.);
#2485=CLOSED_SHELL('',(#2409,#2424,#2445,#2459,#2472,#2484));
#2486=MANIFOLD_SOLID_BREP('',#2485);
#2487=FILL_AREA_STYLE_COLOUR('',#22);
#2488=FILL_AREA_STYLE('',(#2487));
#2489=SURFACE_STYLE_FILL_AREA(#2488);
#2490=SURFACE_SIDE_STYLE('',(#2489));
#2491=SURFACE_STYLE_USAGE(.POSITIVE.,#2490);
#2492=PRESENTATION_STYLE_ASSIGNMENT((#2491));
#2293=STYLED_ITEM('',(#2492),#2486);
#2494=DIRECTION('',(1.E0,0.E0,0.E0));
#2495=VECTOR('',#2494,1.E-1);
#2496=CARTESIAN_POINT('',(-7.5E-1,1.E-1,1.1E0));
#2497=LINE('',#2496,#2495);
#2498=CURVE_STYLE('',#34,POSITIVE_LENGTH_MEASURE(2.E-2),#22);
#2499=PRESENTATION_STYLE_ASSIGNMENT((#2498));
#2500=STYLED_ITEM('',(#2499),#2497);
#2501=DIRECTION('',(0.E0,0.E0,-1.E0));
#2502=VECTOR('',#2501,2.E-1);
#2503=CARTESIAN_POINT('',(-6.5E-1,1.E-1,1.1E0));
#2504=LINE('',#2503,#2502);
#2505=CURVE_STYLE('',#34,POSITIVE_LENGTH_MEASURE(2.E-2),#22);
#2506=PRESENTATION_STYLE_ASSIGNMENT((#2505));
#2507=STYLED_ITEM('',(#2506),#2504);
#2508=DIRECTION('',(-1.E0,0.E0,0.E0));
#2509=VECTOR('',#2508,1.E-1);
#2510=CARTESIAN_POINT('',(-6.5E-1,1.E-1,9.E-1));
#2511=LINE('',#2510,#2509);
#2512=CURVE_STYLE('',#34,POSITIVE_LENGTH_MEASURE(2.E-2),#22);
#2513=PRESENTATION_STYLE_ASSIGNMENT((#2512));
#2514=STYLED_ITEM('',(#2513),#2511);
#2515=DIRECTION('',(0.E0,0.E0,1.E0));
#2516=VECTOR('',#2515,2.E-1);
#2517=CARTESIAN_POINT('',(-7.5E-1,1.E-1,9.E-1));
#2518=LINE('',#2517,#2516);
#2519=CURVE_STYLE('',#34,POSITIVE_LENGTH_MEASURE(2.E-2),#22);
#2520=PRESENTATION_STYLE_ASSIGNMENT((#2519));
#2521=STYLED_ITEM('',(#2520),#2518);
#2522=DIRECTION('',(0.E0,1.E0,0.E0));
#2523=VECTOR('',#2522,1.E-1);
#2524=CARTESIAN_POINT('',(-7.5E-1,1.E-1,1.1E0));
#2525=LINE('',#2524,#2523);
#2526=CURVE_STYLE('',#34,POSITIVE_LENGTH_MEASURE(2.E-2),#22);
#2527=PRESENTATION_STYLE_ASSIGNMENT((#2526));
#2528=STYLED_ITEM('',(#2527),#2525);
#2529=DIRECTION('',(0.E0,1.E0,0.E0));
#2530=VECTOR('',#2529,1.E-1);
#2531=CARTESIAN_POINT('',(-7.5E-1,1.E-1,9.E-1));
#2532=LINE('',#2531,#2530);
#2533=CURVE_STYLE('',#34,POSITIVE_LENGTH_MEASURE(2.E-2),#22);
#2534=PRESENTATION_STYLE_ASSIGNMENT((#2533));
#2535=STYLED_ITEM('',(#2534),#2532);
#2536=DIRECTION('',(0.E0,1.E0,0.E0));
#2537=VECTOR('',#2536,1.E-1);
#2538=CARTESIAN_POINT('',(-6.5E-1,1.E-1,9.E-1));
#2539=LINE('',#2538,#2537);
#2540=CURVE_STYLE('',#34,POSITIVE_LENGTH_MEASURE(2.E-2),#22);
#2541=PRESENTATION_STYLE_ASSIGNMENT((#2540));
#2542=STYLED_ITEM('',(#2541),#2539);
#2543=DIRECTION('',(0.E0,1.E0,0.E0));
#2544=VECTOR('',#2543,1.E-1);
#2545=CARTESIAN_POINT('',(-6.5E-1,1.E-1,1.1E0));
#2546=LINE('',#2545,#2544);
#2547=CURVE_STYLE('',#34,POSITIVE_LENGTH_MEASURE(2.E-2),#22);
#2548=PRESENTATION_STYLE_ASSIGNMENT((#2547));
#2549=STYLED_ITEM('',(#2548),#2546);
#2550=DIRECTION('',(1.E0,0.E0,0.E0));
#2551=VECTOR('',#2550,1.E-1);
#2552=CARTESIAN_POINT('',(-7.5E-1,2.E-1,1.1E0));
#2553=LINE('',#2552,#2551);
#2554=CURVE_STYLE('',#34,POSITIVE_LENGTH_MEASURE(2.E-2),#22);
#2555=PRESENTATION_STYLE_ASSIGNMENT((#2554));
#2556=STYLED_ITEM('',(#2555),#2553);
#2557=DIRECTION('',(0.E0,0.E0,1.E0));
#2558=VECTOR('',#2557,2.E-1);
#2559=CARTESIAN_POINT('',(-7.5E-1,2.E-1,9.E-1));
#2560=LINE('',#2559,#2558);
#2561=CURVE_STYLE('',#34,POSITIVE_LENGTH_MEASURE(2.E-2),#22);
#2562=PRESENTATION_STYLE_ASSIGNMENT((#2561));
#2563=STYLED_ITEM('',(#2562),#2560);
#2564=DIRECTION('',(-1.E0,0.E0,0.E0));
#2565=VECTOR('',#2564,1.E-1);
#2566=CARTESIAN_POINT('',(-6.5E-1,2.E-1,9.E-1));
#2567=LINE('',#2566,#2565);
#2568=CURVE_STYLE('',#34,POSITIVE_LENGTH_MEASURE(2.E-2),#22);
#2569=PRESENTATION_STYLE_ASSIGNMENT((#2568));
#2570=STYLED_ITEM('',(#2569),#2567);
#2571=DIRECTION('',(0.E0,0.E0,-1.E0));
#2572=VECTOR('',#2571,2.E-1);
#2573=CARTESIAN_POINT('',(-6.5E-1,2.E-1,1.1E0));
#2574=LINE('',#2573,#2572);
#2575=CURVE_STYLE('',#34,POSITIVE_LENGTH_MEASURE(2.E-2),#22);
#2576=PRESENTATION_STYLE_ASSIGNMENT((#2575));
#2577=STYLED_ITEM('',(#2576),#2574);
#2578=CARTESIAN_POINT('',(-7.5E-1,1.E-1,1.1E0));
#2579=CARTESIAN_POINT('',(-6.5E-1,1.E-1,1.1E0));
#2580=VERTEX_POINT('',#2578);
#2581=VERTEX_POINT('',#2579);
#2582=CARTESIAN_POINT('',(-6.5E-1,1.E-1,9.E-1));
#2583=VERTEX_POINT('',#2582);
#2584=CARTESIAN_POINT('',(-7.5E-1,1.E-1,9.E-1));
#2585=VERTEX_POINT('',#2584);
#2586=CARTESIAN_POINT('',(-7.5E-1,2.E-1,1.1E0));
#2587=CARTESIAN_POINT('',(-6.5E-1,2.E-1,1.1E0));
#2588=VERTEX_POINT('',#2586);
#2589=VERTEX_POINT('',#2587);
#2590=CARTESIAN_POINT('',(-6.5E-1,2.E-1,9.E-1));
#2591=VERTEX_POINT('',#2590);
#2592=CARTESIAN_POINT('',(-7.5E-1,2.E-1,9.E-1));
#2593=VERTEX_POINT('',#2592);
#2594=CARTESIAN_POINT('',(0.E0,1.E-1,0.E0));
#2595=DIRECTION('',(0.E0,1.E0,0.E0));
#2596=DIRECTION('',(1.E0,0.E0,0.E0));
#2597=AXIS2_PLACEMENT_3D('',#2594,#2595,#2596);
#2598=PLANE('',#2597);
#2600=ORIENTED_EDGE('',*,*,#2599,.T.);
#2602=ORIENTED_EDGE('',*,*,#2601,.T.);
#2604=ORIENTED_EDGE('',*,*,#2603,.T.);
#2606=ORIENTED_EDGE('',*,*,#2605,.T.);
#2607=EDGE_LOOP('',(#2600,#2602,#2604,#2606));
#2608=FACE_OUTER_BOUND('',#2607,.F.);
#2610=CARTESIAN_POINT('',(-7.5E-1,1.E-1,1.1E0));
#2611=DIRECTION('',(0.E0,0.E0,1.E0));
#2612=DIRECTION('',(1.E0,0.E0,0.E0));
#2613=AXIS2_PLACEMENT_3D('',#2610,#2611,#2612);
#2614=PLANE('',#2613);
#2615=ORIENTED_EDGE('',*,*,#2599,.F.);
#2617=ORIENTED_EDGE('',*,*,#2616,.T.);
#2619=ORIENTED_EDGE('',*,*,#2618,.T.);
#2621=ORIENTED_EDGE('',*,*,#2620,.F.);
#2622=EDGE_LOOP('',(#2615,#2617,#2619,#2621));
#2623=FACE_OUTER_BOUND('',#2622,.F.);
#2625=CARTESIAN_POINT('',(-7.5E-1,1.E-1,9.E-1));
#2626=DIRECTION('',(-1.E0,0.E0,0.E0));
#2627=DIRECTION('',(0.E0,0.E0,1.E0));
#2628=AXIS2_PLACEMENT_3D('',#2625,#2626,#2627);
#2629=PLANE('',#2628);
#2630=ORIENTED_EDGE('',*,*,#2605,.F.);
#2632=ORIENTED_EDGE('',*,*,#2631,.T.);
#2634=ORIENTED_EDGE('',*,*,#2633,.T.);
#2635=ORIENTED_EDGE('',*,*,#2616,.F.);
#2636=EDGE_LOOP('',(#2630,#2632,#2634,#2635));
#2637=FACE_OUTER_BOUND('',#2636,.F.);
#2639=FILL_AREA_STYLE_COLOUR('',#20);
#2640=FILL_AREA_STYLE('',(#2639));
#2641=SURFACE_STYLE_FILL_AREA(#2640);
#2642=SURFACE_SIDE_STYLE('',(#2641));
#2643=SURFACE_STYLE_USAGE(.POSITIVE.,#2642);
#2644=PRESENTATION_STYLE_ASSIGNMENT((#2643));
#2645=OVER_RIDING_STYLED_ITEM('',(#2644),#2638,#2493);
#2646=CARTESIAN_POINT('',(-6.5E-1,1.E-1,9.E-1));
#2647=DIRECTION('',(0.E0,0.E0,-1.E0));
#2648=DIRECTION('',(-1.E0,0.E0,0.E0));
#2649=AXIS2_PLACEMENT_3D('',#2646,#2647,#2648);
#2650=PLANE('',#2649);
#2651=ORIENTED_EDGE('',*,*,#2603,.F.);
#2653=ORIENTED_EDGE('',*,*,#2652,.T.);
#2655=ORIENTED_EDGE('',*,*,#2654,.T.);
#2656=ORIENTED_EDGE('',*,*,#2631,.F.);
#2657=EDGE_LOOP('',(#2651,#2653,#2655,#2656));
#2658=FACE_OUTER_BOUND('',#2657,.F.);
#2660=CARTESIAN_POINT('',(-6.5E-1,1.E-1,1.1E0));
#2661=DIRECTION('',(1.E0,0.E0,0.E0));
#2662=DIRECTION('',(0.E0,0.E0,-1.E0));
#2663=AXIS2_PLACEMENT_3D('',#2660,#2661,#2662);
#2664=PLANE('',#2663);
#2665=ORIENTED_EDGE('',*,*,#2601,.F.);
#2666=ORIENTED_EDGE('',*,*,#2620,.T.);
#2668=ORIENTED_EDGE('',*,*,#2667,.T.);
#2669=ORIENTED_EDGE('',*,*,#2652,.F.);
#2670=EDGE_LOOP('',(#2665,#2666,#2668,#2669));
#2671=FACE_OUTER_BOUND('',#2670,.F.);
#2673=CARTESIAN_POINT('',(0.E0,2.E-1,0.E0));
#2674=DIRECTION('',(0.E0,1.E0,0.E0));
#2675=DIRECTION('',(1.E0,0.E0,0.E0));
#2676=AXIS2_PLACEMENT_3D('',#2673,#2674,#2675);
#2677=PLANE('',#2676);
#2678=ORIENTED_EDGE('',*,*,#2618,.F.);
#2679=ORIENTED_EDGE('',*,*,#2633,.F.);
#2680=ORIENTED_EDGE('',*,*,#2654,.F.);
#2681=ORIENTED_EDGE('',*,*,#2667,.F.);
#2682=EDGE_LOOP('',(#2678,#2679,#2680,#2681));
#2683=FACE_OUTER_BOUND('',#2682,.F.);
#2685=CLOSED_SHELL('',(#2609,#2624,#2638,#2659,#2672,#2684));
#2686=MANIFOLD_SOLID_BREP('',#2685);
#2687=FILL_AREA_STYLE_COLOUR('',#22);
#2688=FILL_AREA_STYLE('',(#2687));
#2689=SURFACE_STYLE_FILL_AREA(#2688);
#2690=SURFACE_SIDE_STYLE('',(#2689));
#2691=SURFACE_STYLE_USAGE(.POSITIVE.,#2690);
#2692=PRESENTATION_STYLE_ASSIGNMENT((#2691));
#2493=STYLED_ITEM('',(#2692),#2686);
#2695=PLANE_ANGLE_MEASURE_WITH_UNIT(PLANE_ANGLE_MEASURE(1.745329251994E-2),
#2694);
#2696=(CONVERSION_BASED_UNIT('DEGREE',#2695)NAMED_UNIT(*)PLANE_ANGLE_UNIT());
#2698=UNCERTAINTY_MEASURE_WITH_UNIT(LENGTH_MEASURE(2.922210946127E-4),#2693,
'distance_accuracy_value',
'Maximum model space distance between geometric entities at asserted connectivities');
#2700=CARTESIAN_POINT('',(0.E0,0.E0,0.E0));
#2701=DIRECTION('',(0.E0,0.E0,1.E0));
#2702=DIRECTION('',(1.E0,0.E0,0.E0));
#2705=APPLICATION_CONTEXT('automotive_design');
#2706=APPLICATION_PROTOCOL_DEFINITION('international standard',
'automotive_design',2001,#2705);
#2707=PRODUCT_DEFINITION_CONTEXT('part definition',#2705,'design');
#2708=PRODUCT_CONTEXT('',#2705,'mechanical');
#2709=PRODUCT('FRAME','FRAME','NOT SPECIFIED',(#2708));
#2710=PRODUCT_DEFINITION_FORMATION('4','LAST_VERSION',#2709);
#2718=DERIVED_UNIT_ELEMENT(#2717,2.E0);
#2719=DERIVED_UNIT((#2718));
#2720=MEASURE_REPRESENTATION_ITEM('surface area measure',AREA_MEASURE(
3.451924161700E0),#2719);
#2725=DERIVED_UNIT_ELEMENT(#2724,3.E0);
#2726=DERIVED_UNIT((#2725));
#2727=MEASURE_REPRESENTATION_ITEM('volume measure',VOLUME_MEASURE(
1.003592352175E-1),#2726);
#2731=CARTESIAN_POINT('centre point',(-5.725991852586E-2,5.797136404510E-2,
-1.550687366890E-3));
#2736=DERIVED_UNIT_ELEMENT(#2735,2.E0);
#2737=DERIVED_UNIT((#2736));
#2738=MEASURE_REPRESENTATION_ITEM('surface area measure',AREA_MEASURE(
3.451924161700E0),#2737);
#2743=DERIVED_UNIT_ELEMENT(#2742,3.E0);
#2744=DERIVED_UNIT((#2743));
#2745=MEASURE_REPRESENTATION_ITEM('volume measure',VOLUME_MEASURE(
1.003592352175E-1),#2744);
#2749=CARTESIAN_POINT('centre point',(-5.725991852586E-2,5.797136404510E-2,
-1.550687366890E-3));
#2759=CARTESIAN_POINT('centre point',(-5.725991852586E-2,1.550687366890E-3,
5.797136404510E-2));
#2763=CARTESIAN_POINT('',(0.E0,0.E0,0.E0));
#2764=DIRECTION('',(0.E0,-1.E0,0.E0));
#2765=DIRECTION('',(1.E0,0.E0,0.E0));
#2766=AXIS2_PLACEMENT_3D('',#2763,#2764,#2765);
#2767=ITEM_DEFINED_TRANSFORMATION('','',#2703,#2766);
#2768=(REPRESENTATION_RELATIONSHIP('','',#2704,#2756)REPRESENTATION_RELATIONSHIP_WITH_TRANSFORMATION(#2767)SHAPE_REPRESENTATION_RELATIONSHIP());
#2769=CONTEXT_DEPENDENT_SHAPE_REPRESENTATION(#2768,#2758);
#2772=DIRECTION('',(0.E0,0.E0,1.E0));
#2773=VECTOR('',#2772,3.5E-1);
#2774=CARTESIAN_POINT('',(-6.25E-1,0.E0,-1.25E0));
#2775=LINE('',#2774,#2773);
#2776=CURVE_STYLE('',#34,POSITIVE_LENGTH_MEASURE(2.E-2),#3);
#2777=PRESENTATION_STYLE_ASSIGNMENT((#2776));
#2778=STYLED_ITEM('',(#2777),#2775);
#2779=DIRECTION('',(-1.E0,0.E0,0.E0));
#2780=VECTOR('',#2779,1.25E-1);
#2781=CARTESIAN_POINT('',(-6.25E-1,0.E0,-1.25E0));
#2782=LINE('',#2781,#2780);
#2783=CURVE_STYLE('',#34,POSITIVE_LENGTH_MEASURE(2.E-2),#3);
#2784=PRESENTATION_STYLE_ASSIGNMENT((#2783));
#2785=STYLED_ITEM('',(#2784),#2782);
#2786=DIRECTION('',(0.E0,0.E0,1.E0));
#2787=VECTOR('',#2786,7.5E-1);
#2788=CARTESIAN_POINT('',(-7.5E-1,0.E0,-1.25E0));
#2789=LINE('',#2788,#2787);
#2790=CURVE_STYLE('',#34,POSITIVE_LENGTH_MEASURE(2.E-2),#3);
#2791=PRESENTATION_STYLE_ASSIGNMENT((#2790));
#2792=STYLED_ITEM('',(#2791),#2789);
#2793=DIRECTION('',(1.E0,0.E0,0.E0));
#2794=VECTOR('',#2793,6.5E-1);
#2795=CARTESIAN_POINT('',(-7.5E-1,0.E0,-5.E-1));
#2796=LINE('',#2795,#2794);
#2797=CURVE_STYLE('',#34,POSITIVE_LENGTH_MEASURE(2.E-2),#3);
#2798=PRESENTATION_STYLE_ASSIGNMENT((#2797));
#2799=STYLED_ITEM('',(#2798),#2796);
#2800=CARTESIAN_POINT('',(-1.E-1,0.E0,-4.E-1));
#2801=DIRECTION('',(0.E0,1.E0,0.E0));
#2802=DIRECTION('',(0.E0,0.E0,1.E0));
#2803=AXIS2_PLACEMENT_3D('',#2800,#2801,#2802);
#2805=CURVE_STYLE('',#34,POSITIVE_LENGTH_MEASURE(2.E-2),#3);
#2806=PRESENTATION_STYLE_ASSIGNMENT((#2805));
#2807=STYLED_ITEM('',(#2806),#2804);
#2808=DIRECTION('',(1.E0,0.E0,0.E0));
#2809=VECTOR('',#2808,6.5E-1);
#2810=CARTESIAN_POINT('',(-7.5E-1,0.E0,-3.E-1));
#2811=LINE('',#2810,#2809);
#2812=CURVE_STYLE('',#34,POSITIVE_LENGTH_MEASURE(2.E-2),#3);
#2813=PRESENTATION_STYLE_ASSIGNMENT((#2812));
#2814=STYLED_ITEM('',(#2813),#2811);
#2815=DIRECTION('',(0.E0,0.E0,1.E0));
#2816=VECTOR('',#2815,6.E-1);
#2817=CARTESIAN_POINT('',(-7.5E-1,0.E0,-3.E-1));
#2818=LINE('',#2817,#2816);
#2819=CURVE_STYLE('',#34,POSITIVE_LENGTH_MEASURE(2.E-2),#3);
#2820=PRESENTATION_STYLE_ASSIGNMENT((#2819));
#2821=STYLED_ITEM('',(#2820),#2818);
#2822=DIRECTION('',(1.E0,0.E0,0.E0));
#2823=VECTOR('',#2822,6.5E-1);
#2824=CARTESIAN_POINT('',(-7.5E-1,0.E0,3.E-1));
#2825=LINE('',#2824,#2823);
#2826=CURVE_STYLE('',#34,POSITIVE_LENGTH_MEASURE(2.E-2),#3);
#2827=PRESENTATION_STYLE_ASSIGNMENT((#2826));
#2828=STYLED_ITEM('',(#2827),#2825);
#2829=CARTESIAN_POINT('',(-1.E-1,0.E0,4.E-1));
#2830=DIRECTION('',(0.E0,1.E0,0.E0));
#2831=DIRECTION('',(0.E0,0.E0,1.E0));
#2832=AXIS2_PLACEMENT_3D('',#2829,#2830,#2831);
#2834=CURVE_STYLE('',#34,POSITIVE_LENGTH_MEASURE(2.E-2),#3);
#2835=PRESENTATION_STYLE_ASSIGNMENT((#2834));
#2836=STYLED_ITEM('',(#2835),#2833);
#2837=DIRECTION('',(1.E0,0.E0,0.E0));
#2838=VECTOR('',#2837,6.5E-1);
#2839=CARTESIAN_POINT('',(-7.5E-1,0.E0,5.E-1));
#2840=LINE('',#2839,#2838);
#2841=CURVE_STYLE('',#34,POSITIVE_LENGTH_MEASURE(2.E-2),#3);
#2842=PRESENTATION_STYLE_ASSIGNMENT((#2841));
#2843=STYLED_ITEM('',(#2842),#2840);
#2844=DIRECTION('',(0.E0,0.E0,1.E0));
#2845=VECTOR('',#2844,7.5E-1);
#2846=CARTESIAN_POINT('',(-7.5E-1,0.E0,5.E-1));
#2847=LINE('',#2846,#2845);
#2848=CURVE_STYLE('',#34,POSITIVE_LENGTH_MEASURE(2.E-2),#3);
#2849=PRESENTATION_STYLE_ASSIGNMENT((#2848));
#2850=STYLED_ITEM('',(#2849),#2847);
#2851=DIRECTION('',(1.E0,0.E0,0.E0));
#2852=VECTOR('',#2851,1.25E-1);
#2853=CARTESIAN_POINT('',(-7.5E-1,0.E0,1.25E0));
#2854=LINE('',#2853,#2852);
#2855=CURVE_STYLE('',#34,POSITIVE_LENGTH_MEASURE(2.E-2),#3);
#2856=PRESENTATION_STYLE_ASSIGNMENT((#2855));
#2857=STYLED_ITEM('',(#2856),#2854);
#2858=DIRECTION('',(0.E0,0.E0,-1.E0));
#2859=VECTOR('',#2858,2.25E-1);
#2860=CARTESIAN_POINT('',(-6.25E-1,0.E0,1.25E0));
#2861=LINE('',#2860,#2859);
#2862=CURVE_STYLE('',#34,POSITIVE_LENGTH_MEASURE(2.E-2),#3);
#2863=PRESENTATION_STYLE_ASSIGNMENT((#2862));
#2864=STYLED_ITEM('',(#2863),#2861);
#2865=CARTESIAN_POINT('',(-5.E-1,0.E0,1.025E0));
#2866=DIRECTION('',(0.E0,1.E0,0.E0));
#2867=DIRECTION('',(1.E0,0.E0,0.E0));
#2868=AXIS2_PLACEMENT_3D('',#2865,#2866,#2867);
#2870=CURVE_STYLE('',#34,POSITIVE_LENGTH_MEASURE(2.E-2),#3);
#2871=PRESENTATION_STYLE_ASSIGNMENT((#2870));
#2872=STYLED_ITEM('',(#2871),#2869);
#2873=DIRECTION('',(0.E0,0.E0,-1.E0));
#2874=VECTOR('',#2873,2.25E-1);
#2875=CARTESIAN_POINT('',(-3.75E-1,0.E0,1.25E0));
#2876=LINE('',#2875,#2874);
#2877=CURVE_STYLE('',#34,POSITIVE_LENGTH_MEASURE(2.E-2),#3);
#2878=PRESENTATION_STYLE_ASSIGNMENT((#2877));
#2879=STYLED_ITEM('',(#2878),#2876);
#2880=DIRECTION('',(1.E0,0.E0,0.E0));
#2881=VECTOR('',#2880,2.5E-1);
#2882=CARTESIAN_POINT('',(-3.75E-1,0.E0,1.25E0));
#2883=LINE('',#2882,#2881);
#2884=CURVE_STYLE('',#34,POSITIVE_LENGTH_MEASURE(2.E-2),#3);
#2885=PRESENTATION_STYLE_ASSIGNMENT((#2884));
#2886=STYLED_ITEM('',(#2885),#2883);
#2887=DIRECTION('',(0.E0,0.E0,-1.E0));
#2888=VECTOR('',#2887,2.25E-1);
#2889=CARTESIAN_POINT('',(-1.25E-1,0.E0,1.25E0));
#2890=LINE('',#2889,#2888);
#2891=CURVE_STYLE('',#34,POSITIVE_LENGTH_MEASURE(2.E-2),#3);
#2892=PRESENTATION_STYLE_ASSIGNMENT((#2891));
#2893=STYLED_ITEM('',(#2892),#2890);
#2894=CARTESIAN_POINT('',(0.E0,0.E0,1.025E0));
#2895=DIRECTION('',(0.E0,1.E0,0.E0));
#2896=DIRECTION('',(1.E0,0.E0,0.E0));
#2897=AXIS2_PLACEMENT_3D('',#2894,#2895,#2896);
#2899=CURVE_STYLE('',#34,POSITIVE_LENGTH_MEASURE(2.E-2),#3);
#2900=PRESENTATION_STYLE_ASSIGNMENT((#2899));
#2901=STYLED_ITEM('',(#2900),#2898);
#2902=DIRECTION('',(0.E0,0.E0,-1.E0));
#2903=VECTOR('',#2902,2.25E-1);
#2904=CARTESIAN_POINT('',(1.25E-1,0.E0,1.25E0));
#2905=LINE('',#2904,#2903);
#2906=CURVE_STYLE('',#34,POSITIVE_LENGTH_MEASURE(2.E-2),#3);
#2907=PRESENTATION_STYLE_ASSIGNMENT((#2906));
#2908=STYLED_ITEM('',(#2907),#2905);
#2909=DIRECTION('',(1.E0,0.E0,0.E0));
#2910=VECTOR('',#2909,2.5E-1);
#2911=CARTESIAN_POINT('',(1.25E-1,0.E0,1.25E0));
#2912=LINE('',#2911,#2910);
#2913=CURVE_STYLE('',#34,POSITIVE_LENGTH_MEASURE(2.E-2),#3);
#2914=PRESENTATION_STYLE_ASSIGNMENT((#2913));
#2915=STYLED_ITEM('',(#2914),#2912);
#2916=DIRECTION('',(0.E0,0.E0,-1.E0));
#2917=VECTOR('',#2916,2.25E-1);
#2918=CARTESIAN_POINT('',(3.75E-1,0.E0,1.25E0));
#2919=LINE('',#2918,#2917);
#2920=CURVE_STYLE('',#34,POSITIVE_LENGTH_MEASURE(2.E-2),#3);
#2921=PRESENTATION_STYLE_ASSIGNMENT((#2920));
#2922=STYLED_ITEM('',(#2921),#2919);
#2923=CARTESIAN_POINT('',(5.E-1,0.E0,1.025E0));
#2924=DIRECTION('',(0.E0,1.E0,0.E0));
#2925=DIRECTION('',(1.E0,0.E0,0.E0));
#2926=AXIS2_PLACEMENT_3D('',#2923,#2924,#2925);
#2928=CURVE_STYLE('',#34,POSITIVE_LENGTH_MEASURE(2.E-2),#3);
#2929=PRESENTATION_STYLE_ASSIGNMENT((#2928));
#2930=STYLED_ITEM('',(#2929),#2927);
#2931=DIRECTION('',(0.E0,0.E0,-1.E0));
#2932=VECTOR('',#2931,2.25E-1);
#2933=CARTESIAN_POINT('',(6.25E-1,0.E0,1.25E0));
#2934=LINE('',#2933,#2932);
#2935=CURVE_STYLE('',#34,POSITIVE_LENGTH_MEASURE(2.E-2),#3);
#2936=PRESENTATION_STYLE_ASSIGNMENT((#2935));
#2937=STYLED_ITEM('',(#2936),#2934);
#2938=DIRECTION('',(1.E0,0.E0,0.E0));
#2939=VECTOR('',#2938,1.25E-1);
#2940=CARTESIAN_POINT('',(6.25E-1,0.E0,1.25E0));
#2941=LINE('',#2940,#2939);
#2942=CURVE_STYLE('',#34,POSITIVE_LENGTH_MEASURE(2.E-2),#3);
#2943=PRESENTATION_STYLE_ASSIGNMENT((#2942));
#2944=STYLED_ITEM('',(#2943),#2941);
#2945=DIRECTION('',(0.E0,0.E0,-1.E0));
#2946=VECTOR('',#2945,1.15E0);
#2947=CARTESIAN_POINT('',(7.5E-1,0.E0,1.25E0));
#2948=LINE('',#2947,#2946);
#2949=CURVE_STYLE('',#34,POSITIVE_LENGTH_MEASURE(2.E-2),#3);
#2950=PRESENTATION_STYLE_ASSIGNMENT((#2949));
#2951=STYLED_ITEM('',(#2950),#2948);
#2952=DIRECTION('',(-1.E0,0.E0,0.E0));
#2953=VECTOR('',#2952,6.5E-1);
#2954=CARTESIAN_POINT('',(7.5E-1,0.E0,9.999999999999E-2));
#2955=LINE('',#2954,#2953);
#2956=CURVE_STYLE('',#34,POSITIVE_LENGTH_MEASURE(2.E-2),#3);
#2957=PRESENTATION_STYLE_ASSIGNMENT((#2956));
#2958=STYLED_ITEM('',(#2957),#2955);
#2959=CARTESIAN_POINT('',(1.E-1,0.E0,0.E0));
#2960=DIRECTION('',(0.E0,1.E0,0.E0));
#2961=DIRECTION('',(0.E0,0.E0,-1.E0));
#2962=AXIS2_PLACEMENT_3D('',#2959,#2960,#2961);
#2964=CURVE_STYLE('',#34,POSITIVE_LENGTH_MEASURE(2.E-2),#3);
#2965=PRESENTATION_STYLE_ASSIGNMENT((#2964));
#2966=STYLED_ITEM('',(#2965),#2963);
#2967=DIRECTION('',(-1.E0,0.E0,0.E0));
#2968=VECTOR('',#2967,6.5E-1);
#2969=CARTESIAN_POINT('',(7.5E-1,0.E0,-9.999999999999E-2));
#2970=LINE('',#2969,#2968);
#2971=CURVE_STYLE('',#34,POSITIVE_LENGTH_MEASURE(2.E-2),#3);
#2972=PRESENTATION_STYLE_ASSIGNMENT((#2971));
#2973=STYLED_ITEM('',(#2972),#2970);
#2974=DIRECTION('',(0.E0,0.E0,-1.E0));
#2975=VECTOR('',#2974,1.15E0);
#2976=CARTESIAN_POINT('',(7.5E-1,0.E0,-9.999999999999E-2));
#2977=LINE('',#2976,#2975);
#2978=CURVE_STYLE('',#34,POSITIVE_LENGTH_MEASURE(2.E-2),#3);
#2979=PRESENTATION_STYLE_ASSIGNMENT((#2978));
#2980=STYLED_ITEM('',(#2979),#2977);
#2981=DIRECTION('',(-1.E0,0.E0,0.E0));
#2982=VECTOR('',#2981,1.25E-1);
#2983=CARTESIAN_POINT('',(7.5E-1,0.E0,-1.25E0));
#2984=LINE('',#2983,#2982);
#2985=CURVE_STYLE('',#34,POSITIVE_LENGTH_MEASURE(2.E-2),#3);
#2986=PRESENTATION_STYLE_ASSIGNMENT((#2985));
#2987=STYLED_ITEM('',(#2986),#2984);
#2988=DIRECTION('',(0.E0,0.E0,1.E0));
#2989=VECTOR('',#2988,2.25E-1);
#2990=CARTESIAN_POINT('',(6.25E-1,0.E0,-1.25E0));
#2991=LINE('',#2990,#2989);
#2992=CURVE_STYLE('',#34,POSITIVE_LENGTH_MEASURE(2.E-2),#3);
#2993=PRESENTATION_STYLE_ASSIGNMENT((#2992));
#2994=STYLED_ITEM('',(#2993),#2991);
#2995=CARTESIAN_POINT('',(5.E-1,0.E0,-1.025E0));
#2996=DIRECTION('',(0.E0,1.E0,0.E0));
#2997=DIRECTION('',(-1.E0,0.E0,0.E0));
#2998=AXIS2_PLACEMENT_3D('',#2995,#2996,#2997);
#3000=CURVE_STYLE('',#34,POSITIVE_LENGTH_MEASURE(2.E-2),#3);
#3001=PRESENTATION_STYLE_ASSIGNMENT((#3000));
#3002=STYLED_ITEM('',(#3001),#2999);
#3003=DIRECTION('',(0.E0,0.E0,1.E0));
#3004=VECTOR('',#3003,2.25E-1);
#3005=CARTESIAN_POINT('',(3.75E-1,0.E0,-1.25E0));
#3006=LINE('',#3005,#3004);
#3007=CURVE_STYLE('',#34,POSITIVE_LENGTH_MEASURE(2.E-2),#3);
#3008=PRESENTATION_STYLE_ASSIGNMENT((#3007));
#3009=STYLED_ITEM('',(#3008),#3006);
#3010=DIRECTION('',(-1.E0,0.E0,0.E0));
#3011=VECTOR('',#3010,2.5E-1);
#3012=CARTESIAN_POINT('',(3.75E-1,0.E0,-1.25E0));
#3013=LINE('',#3012,#3011);
#3014=CURVE_STYLE('',#34,POSITIVE_LENGTH_MEASURE(2.E-2),#3);
#3015=PRESENTATION_STYLE_ASSIGNMENT((#3014));
#3016=STYLED_ITEM('',(#3015),#3013);
#3017=DIRECTION('',(0.E0,0.E0,1.E0));
#3018=VECTOR('',#3017,2.25E-1);
#3019=CARTESIAN_POINT('',(1.25E-1,0.E0,-1.25E0));
#3020=LINE('',#3019,#3018);
#3021=CURVE_STYLE('',#34,POSITIVE_LENGTH_MEASURE(2.E-2),#3);
#3022=PRESENTATION_STYLE_ASSIGNMENT((#3021));
#3023=STYLED_ITEM('',(#3022),#3020);
#3024=CARTESIAN_POINT('',(0.E0,0.E0,-1.025E0));
#3025=DIRECTION('',(0.E0,1.E0,0.E0));
#3026=DIRECTION('',(-1.E0,0.E0,0.E0));
#3027=AXIS2_PLACEMENT_3D('',#3024,#3025,#3026);
#3029=CURVE_STYLE('',#34,POSITIVE_LENGTH_MEASURE(2.E-2),#3);
#3030=PRESENTATION_STYLE_ASSIGNMENT((#3029));
#3031=STYLED_ITEM('',(#3030),#3028);
#3032=DIRECTION('',(0.E0,0.E0,1.E0));
#3033=VECTOR('',#3032,2.25E-1);
#3034=CARTESIAN_POINT('',(-1.25E-1,0.E0,-1.25E0));
#3035=LINE('',#3034,#3033);
#3036=CURVE_STYLE('',#34,POSITIVE_LENGTH_MEASURE(2.E-2),#3);
#3037=PRESENTATION_STYLE_ASSIGNMENT((#3036));
#3038=STYLED_ITEM('',(#3037),#3035);
#3039=DIRECTION('',(-1.E0,0.E0,0.E0));
#3040=VECTOR('',#3039,2.5E-1);
#3041=CARTESIAN_POINT('',(-1.25E-1,0.E0,-1.25E0));
#3042=LINE('',#3041,#3040);
#3043=CURVE_STYLE('',#34,POSITIVE_LENGTH_MEASURE(2.E-2),#3);
#3044=PRESENTATION_STYLE_ASSIGNMENT((#3043));
#3045=STYLED_ITEM('',(#3044),#3042);
#3046=DIRECTION('',(0.E0,0.E0,1.E0));
#3047=VECTOR('',#3046,2.5E-1);
#3048=CARTESIAN_POINT('',(-3.75E-1,0.E0,-1.25E0));
#3049=LINE('',#3048,#3047);
#3050=CURVE_STYLE('',#34,POSITIVE_LENGTH_MEASURE(2.E-2),#3);
#3051=PRESENTATION_STYLE_ASSIGNMENT((#3050));
#3052=STYLED_ITEM('',(#3051),#3049);
#3053=DIRECTION('',(7.071067811866E-1,0.E0,-7.071067811864E-1));
#3054=VECTOR('',#3053,1.414213562373E-1);
#3055=CARTESIAN_POINT('',(-4.75E-1,0.E0,-9.E-1));
#3056=LINE('',#3055,#3054);
#3057=CURVE_STYLE('',#34,POSITIVE_LENGTH_MEASURE(2.E-2),#3);
#3058=PRESENTATION_STYLE_ASSIGNMENT((#3057));
#3059=STYLED_ITEM('',(#3058),#3056);
#3060=DIRECTION('',(1.E0,0.E0,0.E0));
#3061=VECTOR('',#3060,1.5E-1);
#3062=CARTESIAN_POINT('',(-6.25E-1,0.E0,-9.E-1));
#3063=LINE('',#3062,#3061);
#3064=CURVE_STYLE('',#34,POSITIVE_LENGTH_MEASURE(2.E-2),#3);
#3065=PRESENTATION_STYLE_ASSIGNMENT((#3064));
#3066=STYLED_ITEM('',(#3065),#3063);
#3067=DIRECTION('',(0.E0,1.E0,0.E0));
#3068=VECTOR('',#3067,7.5E-2);
#3069=CARTESIAN_POINT('',(-6.25E-1,0.E0,-9.E-1));
#3070=LINE('',#3069,#3068);
#3071=CURVE_STYLE('',#34,POSITIVE_LENGTH_MEASURE(2.E-2),#3);
#3072=PRESENTATION_STYLE_ASSIGNMENT((#3071));
#3073=STYLED_ITEM('',(#3072),#3070);
#3074=DIRECTION('',(0.E0,1.E0,0.E0));
#3075=VECTOR('',#3074,7.5E-2);
#3076=CARTESIAN_POINT('',(-4.75E-1,0.E0,-9.E-1));
#3077=LINE('',#3076,#3075);
#3078=CURVE_STYLE('',#34,POSITIVE_LENGTH_MEASURE(2.E-2),#3);
#3079=PRESENTATION_STYLE_ASSIGNMENT((#3078));
#3080=STYLED_ITEM('',(#3079),#3077);
#3081=DIRECTION('',(0.E0,1.E0,0.E0));
#3082=VECTOR('',#3081,7.5E-2);
#3083=CARTESIAN_POINT('',(-3.75E-1,0.E0,-1.E0));
#3084=LINE('',#3083,#3082);
#3085=CURVE_STYLE('',#34,POSITIVE_LENGTH_MEASURE(2.E-2),#3);
#3086=PRESENTATION_STYLE_ASSIGNMENT((#3085));
#3087=STYLED_ITEM('',(#3086),#3084);
#3088=DIRECTION('',(-1.E0,0.E0,0.E0));
#3089=VECTOR('',#3088,2.5E-1);
#3090=CARTESIAN_POINT('',(6.25E-1,7.5E-2,-1.25E0));
#3091=LINE('',#3090,#3089);
#3092=CURVE_STYLE('',#34,POSITIVE_LENGTH_MEASURE(2.E-2),#3);
#3093=PRESENTATION_STYLE_ASSIGNMENT((#3092));
#3094=STYLED_ITEM('',(#3093),#3091);
#3095=DIRECTION('',(0.E0,1.E0,0.E0));
#3096=VECTOR('',#3095,7.5E-2);
#3097=CARTESIAN_POINT('',(6.25E-1,0.E0,-1.25E0));
#3098=LINE('',#3097,#3096);
#3099=CURVE_STYLE('',#34,POSITIVE_LENGTH_MEASURE(2.E-2),#3);
#3100=PRESENTATION_STYLE_ASSIGNMENT((#3099));
#3101=STYLED_ITEM('',(#3100),#3098);
#3102=DIRECTION('',(0.E0,1.E0,0.E0));
#3103=VECTOR('',#3102,9.75E-1);
#3104=CARTESIAN_POINT('',(7.5E-1,0.E0,-1.25E0));
#3105=LINE('',#3104,#3103);
#3106=CURVE_STYLE('',#34,POSITIVE_LENGTH_MEASURE(2.E-2),#3);
#3107=PRESENTATION_STYLE_ASSIGNMENT((#3106));
#3108=STYLED_ITEM('',(#3107),#3105);
#3109=DIRECTION('',(0.E0,1.E0,0.E0));
#3110=VECTOR('',#3109,7.5E-2);
#3111=CARTESIAN_POINT('',(-6.25E-1,0.E0,-1.25E0));
#3112=LINE('',#3111,#3110);
#3113=CURVE_STYLE('',#34,POSITIVE_LENGTH_MEASURE(2.E-2),#3);
#3114=PRESENTATION_STYLE_ASSIGNMENT((#3113));
#3115=STYLED_ITEM('',(#3114),#3112);
#3116=DIRECTION('',(-1.E0,0.E0,0.E0));
#3117=VECTOR('',#3116,2.5E-1);
#3118=CARTESIAN_POINT('',(-3.75E-1,7.5E-2,-1.25E0));
#3119=LINE('',#3118,#3117);
#3120=CURVE_STYLE('',#34,POSITIVE_LENGTH_MEASURE(2.E-2),#3);
#3121=PRESENTATION_STYLE_ASSIGNMENT((#3120));
#3122=STYLED_ITEM('',(#3121),#3119);
#3123=DIRECTION('',(0.E0,1.E0,0.E0));
#3124=VECTOR('',#3123,7.5E-2);
#3125=CARTESIAN_POINT('',(-3.75E-1,0.E0,-1.25E0));
#3126=LINE('',#3125,#3124);
#3127=CURVE_STYLE('',#34,POSITIVE_LENGTH_MEASURE(2.E-2),#3);
#3128=PRESENTATION_STYLE_ASSIGNMENT((#3127));
#3129=STYLED_ITEM('',(#3128),#3126);
#3130=DIRECTION('',(0.E0,1.E0,0.E0));
#3131=VECTOR('',#3130,7.5E-2);
#3132=CARTESIAN_POINT('',(-1.25E-1,0.E0,-1.25E0));
#3133=LINE('',#3132,#3131);
#3134=CURVE_STYLE('',#34,POSITIVE_LENGTH_MEASURE(2.E-2),#3);
#3135=PRESENTATION_STYLE_ASSIGNMENT((#3134));
#3136=STYLED_ITEM('',(#3135),#3133);
#3137=DIRECTION('',(-1.E0,0.E0,0.E0));
#3138=VECTOR('',#3137,2.5E-1);
#3139=CARTESIAN_POINT('',(1.25E-1,7.5E-2,-1.25E0));
#3140=LINE('',#3139,#3138);
#3141=CURVE_STYLE('',#34,POSITIVE_LENGTH_MEASURE(2.E-2),#3);
#3142=PRESENTATION_STYLE_ASSIGNMENT((#3141));
#3143=STYLED_ITEM('',(#3142),#3140);
#3144=DIRECTION('',(0.E0,1.E0,0.E0));
#3145=VECTOR('',#3144,7.5E-2);
#3146=CARTESIAN_POINT('',(1.25E-1,0.E0,-1.25E0));
#3147=LINE('',#3146,#3145);
#3148=CURVE_STYLE('',#34,POSITIVE_LENGTH_MEASURE(2.E-2),#3);
#3149=PRESENTATION_STYLE_ASSIGNMENT((#3148));
#3150=STYLED_ITEM('',(#3149),#3147);
#3151=DIRECTION('',(0.E0,1.E0,0.E0));
#3152=VECTOR('',#3151,7.5E-2);
#3153=CARTESIAN_POINT('',(3.75E-1,0.E0,-1.25E0));
#3154=LINE('',#3153,#3152);
#3155=CURVE_STYLE('',#34,POSITIVE_LENGTH_MEASURE(2.E-2),#3);
#3156=PRESENTATION_STYLE_ASSIGNMENT((#3155));
#3157=STYLED_ITEM('',(#3156),#3154);
#3158=DIRECTION('',(0.E0,0.E0,-1.E0));
#3159=VECTOR('',#3158,2.25E-1);
#3160=CARTESIAN_POINT('',(-3.75E-1,7.5E-2,1.25E0));
#3161=LINE('',#3160,#3159);
#3162=CURVE_STYLE('',#34,POSITIVE_LENGTH_MEASURE(2.E-2),#3);
#3163=PRESENTATION_STYLE_ASSIGNMENT((#3162));
#3164=STYLED_ITEM('',(#3163),#3161);
#3165=CARTESIAN_POINT('',(-5.E-1,7.5E-2,1.025E0));
#3166=DIRECTION('',(0.E0,1.E0,0.E0));
#3167=DIRECTION('',(1.E0,0.E0,0.E0));
#3168=AXIS2_PLACEMENT_3D('',#3165,#3166,#3167);
#3170=CURVE_STYLE('',#34,POSITIVE_LENGTH_MEASURE(2.E-2),#3);
#3171=PRESENTATION_STYLE_ASSIGNMENT((#3170));
#3172=STYLED_ITEM('',(#3171),#3169);
#3173=DIRECTION('',(0.E0,0.E0,1.E0));
#3174=VECTOR('',#3173,2.25E-1);
#3175=CARTESIAN_POINT('',(-6.25E-1,7.5E-2,1.025E0));
#3176=LINE('',#3175,#3174);
#3177=CURVE_STYLE('',#34,POSITIVE_LENGTH_MEASURE(2.E-2),#3);
#3178=PRESENTATION_STYLE_ASSIGNMENT((#3177));
#3179=STYLED_ITEM('',(#3178),#3176);
#3180=DIRECTION('',(0.E0,0.E0,-1.E0));
#3181=VECTOR('',#3180,2.25E-1);
#3182=CARTESIAN_POINT('',(1.25E-1,7.5E-2,1.25E0));
#3183=LINE('',#3182,#3181);
#3184=CURVE_STYLE('',#34,POSITIVE_LENGTH_MEASURE(2.E-2),#3);
#3185=PRESENTATION_STYLE_ASSIGNMENT((#3184));
#3186=STYLED_ITEM('',(#3185),#3183);
#3187=CARTESIAN_POINT('',(0.E0,7.5E-2,1.025E0));
#3188=DIRECTION('',(0.E0,1.E0,0.E0));
#3189=DIRECTION('',(1.E0,0.E0,0.E0));
#3190=AXIS2_PLACEMENT_3D('',#3187,#3188,#3189);
#3192=CURVE_STYLE('',#34,POSITIVE_LENGTH_MEASURE(2.E-2),#3);
#3193=PRESENTATION_STYLE_ASSIGNMENT((#3192));
#3194=STYLED_ITEM('',(#3193),#3191);
#3195=DIRECTION('',(0.E0,0.E0,1.E0));
#3196=VECTOR('',#3195,2.25E-1);
#3197=CARTESIAN_POINT('',(-1.25E-1,7.5E-2,1.025E0));
#3198=LINE('',#3197,#3196);
#3199=CURVE_STYLE('',#34,POSITIVE_LENGTH_MEASURE(2.E-2),#3);
#3200=PRESENTATION_STYLE_ASSIGNMENT((#3199));
#3201=STYLED_ITEM('',(#3200),#3198);
#3202=DIRECTION('',(0.E0,0.E0,-1.E0));
#3203=VECTOR('',#3202,2.25E-1);
#3204=CARTESIAN_POINT('',(6.25E-1,7.5E-2,1.25E0));
#3205=LINE('',#3204,#3203);
#3206=CURVE_STYLE('',#34,POSITIVE_LENGTH_MEASURE(2.E-2),#3);
#3207=PRESENTATION_STYLE_ASSIGNMENT((#3206));
#3208=STYLED_ITEM('',(#3207),#3205);
#3209=CARTESIAN_POINT('',(5.E-1,7.5E-2,1.025E0));
#3210=DIRECTION('',(0.E0,1.E0,0.E0));
#3211=DIRECTION('',(1.E0,0.E0,0.E0));
#3212=AXIS2_PLACEMENT_3D('',#3209,#3210,#3211);
#3214=CURVE_STYLE('',#34,POSITIVE_LENGTH_MEASURE(2.E-2),#3);
#3215=PRESENTATION_STYLE_ASSIGNMENT((#3214));
#3216=STYLED_ITEM('',(#3215),#3213);
#3217=DIRECTION('',(0.E0,0.E0,1.E0));
#3218=VECTOR('',#3217,2.25E-1);
#3219=CARTESIAN_POINT('',(3.75E-1,7.5E-2,1.025E0));
#3220=LINE('',#3219,#3218);
#3221=CURVE_STYLE('',#34,POSITIVE_LENGTH_MEASURE(2.E-2),#3);
#3222=PRESENTATION_STYLE_ASSIGNMENT((#3221));
#3223=STYLED_ITEM('',(#3222),#3220);
#3224=DIRECTION('',(-1.E0,0.E0,0.E0));
#3225=VECTOR('',#3224,6.5E-1);
#3226=CARTESIAN_POINT('',(7.5E-1,7.5E-2,-9.999999999999E-2));
#3227=LINE('',#3226,#3225);
#3228=CURVE_STYLE('',#34,POSITIVE_LENGTH_MEASURE(2.E-2),#3);
#3229=PRESENTATION_STYLE_ASSIGNMENT((#3228));
#3230=STYLED_ITEM('',(#3229),#3227);
#3231=CARTESIAN_POINT('',(1.E-1,7.5E-2,0.E0));
#3232=DIRECTION('',(0.E0,1.E0,0.E0));
#3233=DIRECTION('',(0.E0,0.E0,-1.E0));
#3234=AXIS2_PLACEMENT_3D('',#3231,#3232,#3233);
#3236=CURVE_STYLE('',#34,POSITIVE_LENGTH_MEASURE(2.E-2),#3);
#3237=PRESENTATION_STYLE_ASSIGNMENT((#3236));
#3238=STYLED_ITEM('',(#3237),#3235);
#3239=DIRECTION('',(1.E0,0.E0,0.E0));
#3240=VECTOR('',#3239,6.5E-1);
#3241=CARTESIAN_POINT('',(1.E-1,7.5E-2,9.999999999999E-2));
#3242=LINE('',#3241,#3240);
#3243=CURVE_STYLE('',#34,POSITIVE_LENGTH_MEASURE(2.E-2),#3);
#3244=PRESENTATION_STYLE_ASSIGNMENT((#3243));
#3245=STYLED_ITEM('',(#3244),#3242);
#3246=DIRECTION('',(0.E0,0.E0,1.E0));
#3247=VECTOR('',#3246,2.25E-1);
#3248=CARTESIAN_POINT('',(3.75E-1,7.5E-2,-1.25E0));
#3249=LINE('',#3248,#3247);
#3250=CURVE_STYLE('',#34,POSITIVE_LENGTH_MEASURE(2.E-2),#3);
#3251=PRESENTATION_STYLE_ASSIGNMENT((#3250));
#3252=STYLED_ITEM('',(#3251),#3249);
#3253=CARTESIAN_POINT('',(5.E-1,7.5E-2,-1.025E0));
#3254=DIRECTION('',(0.E0,1.E0,0.E0));
#3255=DIRECTION('',(-1.E0,0.E0,0.E0));
#3256=AXIS2_PLACEMENT_3D('',#3253,#3254,#3255);
#3258=CURVE_STYLE('',#34,POSITIVE_LENGTH_MEASURE(2.E-2),#3);
#3259=PRESENTATION_STYLE_ASSIGNMENT((#3258));
#3260=STYLED_ITEM('',(#3259),#3257);
#3261=DIRECTION('',(0.E0,0.E0,-1.E0));
#3262=VECTOR('',#3261,2.25E-1);
#3263=CARTESIAN_POINT('',(6.25E-1,7.5E-2,-1.025E0));
#3264=LINE('',#3263,#3262);
#3265=CURVE_STYLE('',#34,POSITIVE_LENGTH_MEASURE(2.E-2),#3);
#3266=PRESENTATION_STYLE_ASSIGNMENT((#3265));
#3267=STYLED_ITEM('',(#3266),#3264);
#3268=DIRECTION('',(0.E0,0.E0,1.E0));
#3269=VECTOR('',#3268,2.25E-1);
#3270=CARTESIAN_POINT('',(-1.25E-1,7.5E-2,-1.25E0));
#3271=LINE('',#3270,#3269);
#3272=CURVE_STYLE('',#34,POSITIVE_LENGTH_MEASURE(2.E-2),#3);
#3273=PRESENTATION_STYLE_ASSIGNMENT((#3272));
#3274=STYLED_ITEM('',(#3273),#3271);
#3275=CARTESIAN_POINT('',(0.E0,7.5E-2,-1.025E0));
#3276=DIRECTION('',(0.E0,1.E0,0.E0));
#3277=DIRECTION('',(-1.E0,0.E0,0.E0));
#3278=AXIS2_PLACEMENT_3D('',#3275,#3276,#3277);
#3280=CURVE_STYLE('',#34,POSITIVE_LENGTH_MEASURE(2.E-2),#3);
#3281=PRESENTATION_STYLE_ASSIGNMENT((#3280));
#3282=STYLED_ITEM('',(#3281),#3279);
#3283=DIRECTION('',(0.E0,0.E0,-1.E0));
#3284=VECTOR('',#3283,2.25E-1);
#3285=CARTESIAN_POINT('',(1.25E-1,7.5E-2,-1.025E0));
#3286=LINE('',#3285,#3284);
#3287=CURVE_STYLE('',#34,POSITIVE_LENGTH_MEASURE(2.E-2),#3);
#3288=PRESENTATION_STYLE_ASSIGNMENT((#3287));
#3289=STYLED_ITEM('',(#3288),#3286);
#3290=DIRECTION('',(0.E0,0.E0,1.E0));
#3291=VECTOR('',#3290,3.5E-1);
#3292=CARTESIAN_POINT('',(-6.25E-1,7.5E-2,-1.25E0));
#3293=LINE('',#3292,#3291);
#3294=CURVE_STYLE('',#34,POSITIVE_LENGTH_MEASURE(2.E-2),#3);
#3295=PRESENTATION_STYLE_ASSIGNMENT((#3294));
#3296=STYLED_ITEM('',(#3295),#3293);
#3297=DIRECTION('',(1.E0,0.E0,0.E0));
#3298=VECTOR('',#3297,1.5E-1);
#3299=CARTESIAN_POINT('',(-6.25E-1,7.5E-2,-9.E-1));
#3300=LINE('',#3299,#3298);
#3301=CURVE_STYLE('',#34,POSITIVE_LENGTH_MEASURE(2.E-2),#3);
#3302=PRESENTATION_STYLE_ASSIGNMENT((#3301));
#3303=STYLED_ITEM('',(#3302),#3300);
#3304=DIRECTION('',(7.071067811866E-1,0.E0,-7.071067811864E-1));
#3305=VECTOR('',#3304,1.414213562373E-1);
#3306=CARTESIAN_POINT('',(-4.75E-1,7.5E-2,-9.E-1));
#3307=LINE('',#3306,#3305);
#3308=CURVE_STYLE('',#34,POSITIVE_LENGTH_MEASURE(2.E-2),#3);
#3309=PRESENTATION_STYLE_ASSIGNMENT((#3308));
#3310=STYLED_ITEM('',(#3309),#3307);
#3311=DIRECTION('',(0.E0,0.E0,-1.E0));
#3312=VECTOR('',#3311,2.5E-1);
#3313=CARTESIAN_POINT('',(-3.75E-1,7.5E-2,-1.E0));
#3314=LINE('',#3313,#3312);
#3315=CURVE_STYLE('',#34,POSITIVE_LENGTH_MEASURE(2.E-2),#3);
#3316=PRESENTATION_STYLE_ASSIGNMENT((#3315));
#3317=STYLED_ITEM('',(#3316),#3314);
#3318=DIRECTION('',(1.E0,0.E0,0.E0));
#3319=VECTOR('',#3318,6.5E-1);
#3320=CARTESIAN_POINT('',(-7.5E-1,7.5E-2,-3.E-1));
#3321=LINE('',#3320,#3319);
#3322=CURVE_STYLE('',#34,POSITIVE_LENGTH_MEASURE(2.E-2),#3);
#3323=PRESENTATION_STYLE_ASSIGNMENT((#3322));
#3324=STYLED_ITEM('',(#3323),#3321);
#3325=CARTESIAN_POINT('',(-1.E-1,7.5E-2,-4.E-1));
#3326=DIRECTION('',(0.E0,1.E0,0.E0));
#3327=DIRECTION('',(0.E0,0.E0,1.E0));
#3328=AXIS2_PLACEMENT_3D('',#3325,#3326,#3327);
#3330=CURVE_STYLE('',#34,POSITIVE_LENGTH_MEASURE(2.E-2),#3);
#3331=PRESENTATION_STYLE_ASSIGNMENT((#3330));
#3332=STYLED_ITEM('',(#3331),#3329);
#3333=DIRECTION('',(-1.E0,0.E0,0.E0));
#3334=VECTOR('',#3333,6.5E-1);
#3335=CARTESIAN_POINT('',(-1.E-1,7.5E-2,-5.E-1));
#3336=LINE('',#3335,#3334);
#3337=CURVE_STYLE('',#34,POSITIVE_LENGTH_MEASURE(2.E-2),#3);
#3338=PRESENTATION_STYLE_ASSIGNMENT((#3337));
#3339=STYLED_ITEM('',(#3338),#3336);
#3340=DIRECTION('',(1.E0,0.E0,0.E0));
#3341=VECTOR('',#3340,6.5E-1);
#3342=CARTESIAN_POINT('',(-7.5E-1,7.5E-2,5.E-1));
#3343=LINE('',#3342,#3341);
#3344=CURVE_STYLE('',#34,POSITIVE_LENGTH_MEASURE(2.E-2),#3);
#3345=PRESENTATION_STYLE_ASSIGNMENT((#3344));
#3346=STYLED_ITEM('',(#3345),#3343);
#3347=CARTESIAN_POINT('',(-1.E-1,7.5E-2,4.E-1));
#3348=DIRECTION('',(0.E0,1.E0,0.E0));
#3349=DIRECTION('',(0.E0,0.E0,1.E0));
#3350=AXIS2_PLACEMENT_3D('',#3347,#3348,#3349);
#3352=CURVE_STYLE('',#34,POSITIVE_LENGTH_MEASURE(2.E-2),#3);
#3353=PRESENTATION_STYLE_ASSIGNMENT((#3352));
#3354=STYLED_ITEM('',(#3353),#3351);
#3355=DIRECTION('',(-1.E0,0.E0,0.E0));
#3356=VECTOR('',#3355,6.5E-1);
#3357=CARTESIAN_POINT('',(-1.E-1,7.5E-2,3.E-1));
#3358=LINE('',#3357,#3356);
#3359=CURVE_STYLE('',#34,POSITIVE_LENGTH_MEASURE(2.E-2),#3);
#3360=PRESENTATION_STYLE_ASSIGNMENT((#3359));
#3361=STYLED_ITEM('',(#3360),#3358);
#3362=DIRECTION('',(1.E0,0.E0,0.E0));
#3363=VECTOR('',#3362,2.5E-1);
#3364=CARTESIAN_POINT('',(-6.25E-1,7.5E-2,1.25E0));
#3365=LINE('',#3364,#3363);
#3366=CURVE_STYLE('',#34,POSITIVE_LENGTH_MEASURE(2.E-2),#3);
#3367=PRESENTATION_STYLE_ASSIGNMENT((#3366));
#3368=STYLED_ITEM('',(#3367),#3365);
#3369=DIRECTION('',(0.E0,1.E0,0.E0));
#3370=VECTOR('',#3369,7.5E-2);
#3371=CARTESIAN_POINT('',(-6.25E-1,0.E0,1.25E0));
#3372=LINE('',#3371,#3370);
#3373=CURVE_STYLE('',#34,POSITIVE_LENGTH_MEASURE(2.E-2),#3);
#3374=PRESENTATION_STYLE_ASSIGNMENT((#3373));
#3375=STYLED_ITEM('',(#3374),#3372);
#3376=DIRECTION('',(0.E0,1.E0,0.E0));
#3377=VECTOR('',#3376,9.75E-1);
#3378=CARTESIAN_POINT('',(-7.5E-1,0.E0,1.25E0));
#3379=LINE('',#3378,#3377);
#3380=CURVE_STYLE('',#34,POSITIVE_LENGTH_MEASURE(2.E-2),#3);
#3381=PRESENTATION_STYLE_ASSIGNMENT((#3380));
#3382=STYLED_ITEM('',(#3381),#3379);
#3383=DIRECTION('',(0.E0,1.E0,0.E0));
#3384=VECTOR('',#3383,7.5E-2);
#3385=CARTESIAN_POINT('',(6.25E-1,0.E0,1.25E0));
#3386=LINE('',#3385,#3384);
#3387=CURVE_STYLE('',#34,POSITIVE_LENGTH_MEASURE(2.E-2),#3);
#3388=PRESENTATION_STYLE_ASSIGNMENT((#3387));
#3389=STYLED_ITEM('',(#3388),#3386);
#3390=DIRECTION('',(1.E0,0.E0,0.E0));
#3391=VECTOR('',#3390,2.5E-1);
#3392=CARTESIAN_POINT('',(3.75E-1,7.5E-2,1.25E0));
#3393=LINE('',#3392,#3391);
#3394=CURVE_STYLE('',#34,POSITIVE_LENGTH_MEASURE(2.E-2),#3);
#3395=PRESENTATION_STYLE_ASSIGNMENT((#3394));
#3396=STYLED_ITEM('',(#3395),#3393);
#3397=DIRECTION('',(0.E0,1.E0,0.E0));
#3398=VECTOR('',#3397,7.5E-2);
#3399=CARTESIAN_POINT('',(3.75E-1,0.E0,1.25E0));
#3400=LINE('',#3399,#3398);
#3401=CURVE_STYLE('',#34,POSITIVE_LENGTH_MEASURE(2.E-2),#3);
#3402=PRESENTATION_STYLE_ASSIGNMENT((#3401));
#3403=STYLED_ITEM('',(#3402),#3400);
#3404=DIRECTION('',(0.E0,1.E0,0.E0));
#3405=VECTOR('',#3404,7.5E-2);
#3406=CARTESIAN_POINT('',(1.25E-1,0.E0,1.25E0));
#3407=LINE('',#3406,#3405);
#3408=CURVE_STYLE('',#34,POSITIVE_LENGTH_MEASURE(2.E-2),#3);
#3409=PRESENTATION_STYLE_ASSIGNMENT((#3408));
#3410=STYLED_ITEM('',(#3409),#3407);
#3411=DIRECTION('',(1.E0,0.E0,0.E0));
#3412=VECTOR('',#3411,2.5E-1);
#3413=CARTESIAN_POINT('',(-1.25E-1,7.5E-2,1.25E0));
#3414=LINE('',#3413,#3412);
#3415=CURVE_STYLE('',#34,POSITIVE_LENGTH_MEASURE(2.E-2),#3);
#3416=PRESENTATION_STYLE_ASSIGNMENT((#3415));
#3417=STYLED_ITEM('',(#3416),#3414);
#3418=DIRECTION('',(0.E0,1.E0,0.E0));
#3419=VECTOR('',#3418,7.5E-2);
#3420=CARTESIAN_POINT('',(-1.25E-1,0.E0,1.25E0));
#3421=LINE('',#3420,#3419);
#3422=CURVE_STYLE('',#34,POSITIVE_LENGTH_MEASURE(2.E-2),#3);
#3423=PRESENTATION_STYLE_ASSIGNMENT((#3422));
#3424=STYLED_ITEM('',(#3423),#3421);
#3425=DIRECTION('',(0.E0,1.E0,0.E0));
#3426=VECTOR('',#3425,7.5E-2);
#3427=CARTESIAN_POINT('',(-3.75E-1,0.E0,1.25E0));
#3428=LINE('',#3427,#3426);
#3429=CURVE_STYLE('',#34,POSITIVE_LENGTH_MEASURE(2.E-2),#3);
#3430=PRESENTATION_STYLE_ASSIGNMENT((#3429));
#3431=STYLED_ITEM('',(#3430),#3428);
#3432=DIRECTION('',(0.E0,1.E0,0.E0));
#3433=VECTOR('',#3432,7.5E-2);
#3434=CARTESIAN_POINT('',(-6.25E-1,0.E0,1.025E0));
#3435=LINE('',#3434,#3433);
#3436=CURVE_STYLE('',#34,POSITIVE_LENGTH_MEASURE(2.E-2),#3);
#3437=PRESENTATION_STYLE_ASSIGNMENT((#3436));
#3438=STYLED_ITEM('',(#3437),#3435);
#3439=DIRECTION('',(0.E0,1.E0,0.E0));
#3440=VECTOR('',#3439,7.5E-2);
#3441=CARTESIAN_POINT('',(-3.75E-1,0.E0,1.025E0));
#3442=LINE('',#3441,#3440);
#3443=CURVE_STYLE('',#34,POSITIVE_LENGTH_MEASURE(2.E-2),#3);
#3444=PRESENTATION_STYLE_ASSIGNMENT((#3443));
#3445=STYLED_ITEM('',(#3444),#3442);
#3446=DIRECTION('',(0.E0,0.E0,1.E0));
#3447=VECTOR('',#3446,2.E-1);
#3448=CARTESIAN_POINT('',(-7.5E-1,7.5E-2,-5.E-1));
#3449=LINE('',#3448,#3447);
#3450=CURVE_STYLE('',#34,POSITIVE_LENGTH_MEASURE(2.E-2),#3);
#3451=PRESENTATION_STYLE_ASSIGNMENT((#3450));
#3452=STYLED_ITEM('',(#3451),#3449);
#3453=DIRECTION('',(0.E0,1.E0,0.E0));
#3454=VECTOR('',#3453,7.5E-2);
#3455=CARTESIAN_POINT('',(-7.5E-1,0.E0,-5.E-1));
#3456=LINE('',#3455,#3454);
#3457=CURVE_STYLE('',#34,POSITIVE_LENGTH_MEASURE(2.E-2),#3);
#3458=PRESENTATION_STYLE_ASSIGNMENT((#3457));
#3459=STYLED_ITEM('',(#3458),#3456);
#3460=DIRECTION('',(0.E0,1.E0,0.E0));
#3461=VECTOR('',#3460,9.75E-1);
#3462=CARTESIAN_POINT('',(-7.5E-1,0.E0,-1.25E0));
#3463=LINE('',#3462,#3461);
#3464=CURVE_STYLE('',#34,POSITIVE_LENGTH_MEASURE(2.E-2),#3);
#3465=PRESENTATION_STYLE_ASSIGNMENT((#3464));
#3466=STYLED_ITEM('',(#3465),#3463);
#3467=DIRECTION('',(0.E0,1.E0,0.E0));
#3468=VECTOR('',#3467,7.5E-2);
#3469=CARTESIAN_POINT('',(-7.5E-1,0.E0,5.E-1));
#3470=LINE('',#3469,#3468);
#3471=CURVE_STYLE('',#34,POSITIVE_LENGTH_MEASURE(2.E-2),#3);
#3472=PRESENTATION_STYLE_ASSIGNMENT((#3471));
#3473=STYLED_ITEM('',(#3472),#3470);
#3474=DIRECTION('',(0.E0,0.E0,1.E0));
#3475=VECTOR('',#3474,2.E-1);
#3476=CARTESIAN_POINT('',(-7.5E-1,7.5E-2,3.E-1));
#3477=LINE('',#3476,#3475);
#3478=CURVE_STYLE('',#34,POSITIVE_LENGTH_MEASURE(2.E-2),#3);
#3479=PRESENTATION_STYLE_ASSIGNMENT((#3478));
#3480=STYLED_ITEM('',(#3479),#3477);
#3481=DIRECTION('',(0.E0,1.E0,0.E0));
#3482=VECTOR('',#3481,7.5E-2);
#3483=CARTESIAN_POINT('',(-7.5E-1,0.E0,3.E-1));
#3484=LINE('',#3483,#3482);
#3485=CURVE_STYLE('',#34,POSITIVE_LENGTH_MEASURE(2.E-2),#3);
#3486=PRESENTATION_STYLE_ASSIGNMENT((#3485));
#3487=STYLED_ITEM('',(#3486),#3484);
#3488=DIRECTION('',(0.E0,1.E0,0.E0));
#3489=VECTOR('',#3488,7.5E-2);
#3490=CARTESIAN_POINT('',(-7.5E-1,0.E0,-3.E-1));
#3491=LINE('',#3490,#3489);
#3492=CURVE_STYLE('',#34,POSITIVE_LENGTH_MEASURE(2.E-2),#3);
#3493=PRESENTATION_STYLE_ASSIGNMENT((#3492));
#3494=STYLED_ITEM('',(#3493),#3491);
#3495=DIRECTION('',(0.E0,0.E0,-1.E0));
#3496=VECTOR('',#3495,2.E-1);
#3497=CARTESIAN_POINT('',(-7.5E-1,7.5E-2,1.1E0));
#3498=LINE('',#3497,#3496);
#3499=CURVE_STYLE('',#34,POSITIVE_LENGTH_MEASURE(2.E-2),#3);
#3500=PRESENTATION_STYLE_ASSIGNMENT((#3499));
#3501=STYLED_ITEM('',(#3500),#3498);
#3502=DIRECTION('',(0.E0,1.E0,0.E0));
#3503=VECTOR('',#3502,1.E-1);
#3504=CARTESIAN_POINT('',(-7.5E-1,7.5E-2,1.1E0));
#3505=LINE('',#3504,#3503);
#3506=CURVE_STYLE('',#34,POSITIVE_LENGTH_MEASURE(2.E-2),#3);
#3507=PRESENTATION_STYLE_ASSIGNMENT((#3506));
#3508=STYLED_ITEM('',(#3507),#3505);
#3509=DIRECTION('',(0.E0,0.E0,-1.E0));
#3510=VECTOR('',#3509,2.E-1);
#3511=CARTESIAN_POINT('',(-7.5E-1,1.75E-1,1.1E0));
#3512=LINE('',#3511,#3510);
#3513=CURVE_STYLE('',#34,POSITIVE_LENGTH_MEASURE(2.E-2),#3);
#3514=PRESENTATION_STYLE_ASSIGNMENT((#3513));
#3515=STYLED_ITEM('',(#3514),#3512);
#3516=DIRECTION('',(0.E0,1.E0,0.E0));
#3517=VECTOR('',#3516,1.E-1);
#3518=CARTESIAN_POINT('',(-7.5E-1,7.5E-2,9.E-1));
#3519=LINE('',#3518,#3517);
#3520=CURVE_STYLE('',#34,POSITIVE_LENGTH_MEASURE(2.E-2),#3);
#3521=PRESENTATION_STYLE_ASSIGNMENT((#3520));
#3522=STYLED_ITEM('',(#3521),#3519);
#3523=DIRECTION('',(0.E0,0.E0,-1.E0));
#3524=VECTOR('',#3523,2.E-1);
#3525=CARTESIAN_POINT('',(-7.5E-1,7.5E-2,-9.E-1));
#3526=LINE('',#3525,#3524);
#3527=CURVE_STYLE('',#34,POSITIVE_LENGTH_MEASURE(2.E-2),#3);
#3528=PRESENTATION_STYLE_ASSIGNMENT((#3527));
#3529=STYLED_ITEM('',(#3528),#3526);
#3530=DIRECTION('',(0.E0,1.E0,0.E0));
#3531=VECTOR('',#3530,1.E-1);
#3532=CARTESIAN_POINT('',(-7.5E-1,7.5E-2,-9.E-1));
#3533=LINE('',#3532,#3531);
#3534=CURVE_STYLE('',#34,POSITIVE_LENGTH_MEASURE(2.E-2),#3);
#3535=PRESENTATION_STYLE_ASSIGNMENT((#3534));
#3536=STYLED_ITEM('',(#3535),#3533);
#3537=DIRECTION('',(0.E0,0.E0,-1.E0));
#3538=VECTOR('',#3537,2.E-1);
#3539=CARTESIAN_POINT('',(-7.5E-1,1.75E-1,-9.E-1));
#3540=LINE('',#3539,#3538);
#3541=CURVE_STYLE('',#34,POSITIVE_LENGTH_MEASURE(2.E-2),#3);
#3542=PRESENTATION_STYLE_ASSIGNMENT((#3541));
#3543=STYLED_ITEM('',(#3542),#3540);
#3544=DIRECTION('',(0.E0,1.E0,0.E0));
#3545=VECTOR('',#3544,1.E-1);
#3546=CARTESIAN_POINT('',(-7.5E-1,7.5E-2,-1.1E0));
#3547=LINE('',#3546,#3545);
#3548=CURVE_STYLE('',#34,POSITIVE_LENGTH_MEASURE(2.E-2),#3);
#3549=PRESENTATION_STYLE_ASSIGNMENT((#3548));
#3550=STYLED_ITEM('',(#3549),#3547);
#3551=DIRECTION('',(0.E0,1.E0,0.E0));
#3552=VECTOR('',#3551,7.5E-2);
#3553=CARTESIAN_POINT('',(-1.E-1,0.E0,-5.E-1));
#3554=LINE('',#3553,#3552);
#3555=CURVE_STYLE('',#34,POSITIVE_LENGTH_MEASURE(2.E-2),#3);
#3556=PRESENTATION_STYLE_ASSIGNMENT((#3555));
#3557=STYLED_ITEM('',(#3556),#3554);
#3558=DIRECTION('',(0.E0,1.E0,0.E0));
#3559=VECTOR('',#3558,7.5E-2);
#3560=CARTESIAN_POINT('',(-1.E-1,0.E0,-3.E-1));
#3561=LINE('',#3560,#3559);
#3562=CURVE_STYLE('',#34,POSITIVE_LENGTH_MEASURE(2.E-2),#3);
#3563=PRESENTATION_STYLE_ASSIGNMENT((#3562));
#3564=STYLED_ITEM('',(#3563),#3561);
#3565=DIRECTION('',(1.E0,0.E0,0.E0));
#3566=VECTOR('',#3565,1.5E0);
#3567=CARTESIAN_POINT('',(-7.5E-1,9.75E-1,1.25E0));
#3568=LINE('',#3567,#3566);
#3569=CURVE_STYLE('',#34,POSITIVE_LENGTH_MEASURE(2.E-2),#3);
#3570=PRESENTATION_STYLE_ASSIGNMENT((#3569));
#3571=STYLED_ITEM('',(#3570),#3568);
#3572=DIRECTION('',(0.E0,0.E0,1.E0));
#3573=VECTOR('',#3572,2.5E0);
#3574=CARTESIAN_POINT('',(-7.5E-1,9.75E-1,-1.25E0));
#3575=LINE('',#3574,#3573);
#3576=CURVE_STYLE('',#34,POSITIVE_LENGTH_MEASURE(2.E-2),#3);
#3577=PRESENTATION_STYLE_ASSIGNMENT((#3576));
#3578=STYLED_ITEM('',(#3577),#3575);
#3579=DIRECTION('',(-1.E0,0.E0,0.E0));
#3580=VECTOR('',#3579,1.5E0);
#3581=CARTESIAN_POINT('',(7.5E-1,9.75E-1,-1.25E0));
#3582=LINE('',#3581,#3580);
#3583=CURVE_STYLE('',#34,POSITIVE_LENGTH_MEASURE(2.E-2),#3);
#3584=PRESENTATION_STYLE_ASSIGNMENT((#3583));
#3585=STYLED_ITEM('',(#3584),#3582);
#3586=DIRECTION('',(0.E0,0.E0,-1.E0));
#3587=VECTOR('',#3586,2.5E0);
#3588=CARTESIAN_POINT('',(7.5E-1,9.75E-1,1.25E0));
#3589=LINE('',#3588,#3587);
#3590=CURVE_STYLE('',#34,POSITIVE_LENGTH_MEASURE(2.E-2),#3);
#3591=PRESENTATION_STYLE_ASSIGNMENT((#3590));
#3592=STYLED_ITEM('',(#3591),#3589);
#3593=DIRECTION('',(0.E0,0.E0,-1.E0));
#3594=VECTOR('',#3593,2.E-1);
#3595=CARTESIAN_POINT('',(7.5E-1,7.5E-2,9.999999999999E-2));
#3596=LINE('',#3595,#3594);
#3597=CURVE_STYLE('',#34,POSITIVE_LENGTH_MEASURE(2.E-2),#3);
#3598=PRESENTATION_STYLE_ASSIGNMENT((#3597));
#3599=STYLED_ITEM('',(#3598),#3596);
#3600=DIRECTION('',(0.E0,1.E0,0.E0));
#3601=VECTOR('',#3600,7.5E-2);
#3602=CARTESIAN_POINT('',(7.5E-1,0.E0,9.999999999999E-2));
#3603=LINE('',#3602,#3601);
#3604=CURVE_STYLE('',#34,POSITIVE_LENGTH_MEASURE(2.E-2),#3);
#3605=PRESENTATION_STYLE_ASSIGNMENT((#3604));
#3606=STYLED_ITEM('',(#3605),#3603);
#3607=DIRECTION('',(0.E0,1.E0,0.E0));
#3608=VECTOR('',#3607,9.75E-1);
#3609=CARTESIAN_POINT('',(7.5E-1,0.E0,1.25E0));
#3610=LINE('',#3609,#3608);
#3611=CURVE_STYLE('',#34,POSITIVE_LENGTH_MEASURE(2.E-2),#3);
#3612=PRESENTATION_STYLE_ASSIGNMENT((#3611));
#3613=STYLED_ITEM('',(#3612),#3610);
#3614=DIRECTION('',(0.E0,1.E0,0.E0));
#3615=VECTOR('',#3614,7.5E-2);
#3616=CARTESIAN_POINT('',(7.5E-1,0.E0,-9.999999999999E-2));
#3617=LINE('',#3616,#3615);
#3618=CURVE_STYLE('',#34,POSITIVE_LENGTH_MEASURE(2.E-2),#3);
#3619=PRESENTATION_STYLE_ASSIGNMENT((#3618));
#3620=STYLED_ITEM('',(#3619),#3617);
#3621=DIRECTION('',(0.E0,0.E0,-1.E0));
#3622=VECTOR('',#3621,2.E-1);
#3623=CARTESIAN_POINT('',(7.5E-1,7.5E-2,1.1E0));
#3624=LINE('',#3623,#3622);
#3625=CURVE_STYLE('',#34,POSITIVE_LENGTH_MEASURE(2.E-2),#3);
#3626=PRESENTATION_STYLE_ASSIGNMENT((#3625));
#3627=STYLED_ITEM('',(#3626),#3624);
#3628=DIRECTION('',(0.E0,1.E0,0.E0));
#3629=VECTOR('',#3628,1.E-1);
#3630=CARTESIAN_POINT('',(7.5E-1,7.5E-2,9.E-1));
#3631=LINE('',#3630,#3629);
#3632=CURVE_STYLE('',#34,POSITIVE_LENGTH_MEASURE(2.E-2),#3);
#3633=PRESENTATION_STYLE_ASSIGNMENT((#3632));
#3634=STYLED_ITEM('',(#3633),#3631);
#3635=DIRECTION('',(0.E0,0.E0,-1.E0));
#3636=VECTOR('',#3635,2.E-1);
#3637=CARTESIAN_POINT('',(7.5E-1,1.75E-1,1.1E0));
#3638=LINE('',#3637,#3636);
#3639=CURVE_STYLE('',#34,POSITIVE_LENGTH_MEASURE(2.E-2),#3);
#3640=PRESENTATION_STYLE_ASSIGNMENT((#3639));
#3641=STYLED_ITEM('',(#3640),#3638);
#3642=DIRECTION('',(0.E0,1.E0,0.E0));
#3643=VECTOR('',#3642,1.E-1);
#3644=CARTESIAN_POINT('',(7.5E-1,7.5E-2,1.1E0));
#3645=LINE('',#3644,#3643);
#3646=CURVE_STYLE('',#34,POSITIVE_LENGTH_MEASURE(2.E-2),#3);
#3647=PRESENTATION_STYLE_ASSIGNMENT((#3646));
#3648=STYLED_ITEM('',(#3647),#3645);
#3649=DIRECTION('',(0.E0,0.E0,-1.E0));
#3650=VECTOR('',#3649,2.E-1);
#3651=CARTESIAN_POINT('',(7.5E-1,7.5E-2,-9.E-1));
#3652=LINE('',#3651,#3650);
#3653=CURVE_STYLE('',#34,POSITIVE_LENGTH_MEASURE(2.E-2),#3);
#3654=PRESENTATION_STYLE_ASSIGNMENT((#3653));
#3655=STYLED_ITEM('',(#3654),#3652);
#3656=DIRECTION('',(0.E0,1.E0,0.E0));
#3657=VECTOR('',#3656,1.E-1);
#3658=CARTESIAN_POINT('',(7.5E-1,7.5E-2,-1.1E0));
#3659=LINE('',#3658,#3657);
#3660=CURVE_STYLE('',#34,POSITIVE_LENGTH_MEASURE(2.E-2),#3);
#3661=PRESENTATION_STYLE_ASSIGNMENT((#3660));
#3662=STYLED_ITEM('',(#3661),#3659);
#3663=DIRECTION('',(0.E0,0.E0,-1.E0));
#3664=VECTOR('',#3663,2.E-1);
#3665=CARTESIAN_POINT('',(7.5E-1,1.75E-1,-9.E-1));
#3666=LINE('',#3665,#3664);
#3667=CURVE_STYLE('',#34,POSITIVE_LENGTH_MEASURE(2.E-2),#3);
#3668=PRESENTATION_STYLE_ASSIGNMENT((#3667));
#3669=STYLED_ITEM('',(#3668),#3666);
#3670=DIRECTION('',(0.E0,1.E0,0.E0));
#3671=VECTOR('',#3670,1.E-1);
#3672=CARTESIAN_POINT('',(7.5E-1,7.5E-2,-9.E-1));
#3673=LINE('',#3672,#3671);
#3674=CURVE_STYLE('',#34,POSITIVE_LENGTH_MEASURE(2.E-2),#3);
#3675=PRESENTATION_STYLE_ASSIGNMENT((#3674));
#3676=STYLED_ITEM('',(#3675),#3673);
#3677=DIRECTION('',(0.E0,1.E0,0.E0));
#3678=VECTOR('',#3677,7.5E-2);
#3679=CARTESIAN_POINT('',(1.E-1,0.E0,9.999999999999E-2));
#3680=LINE('',#3679,#3678);
#3681=CURVE_STYLE('',#34,POSITIVE_LENGTH_MEASURE(2.E-2),#3);
#3682=PRESENTATION_STYLE_ASSIGNMENT((#3681));
#3683=STYLED_ITEM('',(#3682),#3680);
#3684=DIRECTION('',(0.E0,1.E0,0.E0));
#3685=VECTOR('',#3684,7.5E-2);
#3686=CARTESIAN_POINT('',(1.E-1,0.E0,-9.999999999999E-2));
#3687=LINE('',#3686,#3685);
#3688=CURVE_STYLE('',#34,POSITIVE_LENGTH_MEASURE(2.E-2),#3);
#3689=PRESENTATION_STYLE_ASSIGNMENT((#3688));
#3690=STYLED_ITEM('',(#3689),#3687);
#3691=DIRECTION('',(1.E0,0.E0,0.E0));
#3692=VECTOR('',#3691,1.E-1);
#3693=CARTESIAN_POINT('',(6.5E-1,7.5E-2,1.1E0));
#3694=LINE('',#3693,#3692);
#3695=CURVE_STYLE('',#34,POSITIVE_LENGTH_MEASURE(2.E-2),#3);
#3696=PRESENTATION_STYLE_ASSIGNMENT((#3695));
#3697=STYLED_ITEM('',(#3696),#3694);
#3698=DIRECTION('',(0.E0,0.E0,1.E0));
#3699=VECTOR('',#3698,2.E-1);
#3700=CARTESIAN_POINT('',(6.5E-1,7.5E-2,9.E-1));
#3701=LINE('',#3700,#3699);
#3702=CURVE_STYLE('',#34,POSITIVE_LENGTH_MEASURE(2.E-2),#3);
#3703=PRESENTATION_STYLE_ASSIGNMENT((#3702));
#3704=STYLED_ITEM('',(#3703),#3701);
#3705=DIRECTION('',(-1.E0,0.E0,0.E0));
#3706=VECTOR('',#3705,1.E-1);
#3707=CARTESIAN_POINT('',(7.5E-1,7.5E-2,9.E-1));
#3708=LINE('',#3707,#3706);
#3709=CURVE_STYLE('',#34,POSITIVE_LENGTH_MEASURE(2.E-2),#3);
#3710=PRESENTATION_STYLE_ASSIGNMENT((#3709));
#3711=STYLED_ITEM('',(#3710),#3708);
#3712=DIRECTION('',(1.E0,0.E0,0.E0));
#3713=VECTOR('',#3712,1.E-1);
#3714=CARTESIAN_POINT('',(6.5E-1,7.5E-2,-9.E-1));
#3715=LINE('',#3714,#3713);
#3716=CURVE_STYLE('',#34,POSITIVE_LENGTH_MEASURE(2.E-2),#3);
#3717=PRESENTATION_STYLE_ASSIGNMENT((#3716));
#3718=STYLED_ITEM('',(#3717),#3715);
#3719=DIRECTION('',(0.E0,0.E0,1.E0));
#3720=VECTOR('',#3719,2.E-1);
#3721=CARTESIAN_POINT('',(6.5E-1,7.5E-2,-1.1E0));
#3722=LINE('',#3721,#3720);
#3723=CURVE_STYLE('',#34,POSITIVE_LENGTH_MEASURE(2.E-2),#3);
#3724=PRESENTATION_STYLE_ASSIGNMENT((#3723));
#3725=STYLED_ITEM('',(#3724),#3722);
#3726=DIRECTION('',(-1.E0,0.E0,0.E0));
#3727=VECTOR('',#3726,1.E-1);
#3728=CARTESIAN_POINT('',(7.5E-1,7.5E-2,-1.1E0));
#3729=LINE('',#3728,#3727);
#3730=CURVE_STYLE('',#34,POSITIVE_LENGTH_MEASURE(2.E-2),#3);
#3731=PRESENTATION_STYLE_ASSIGNMENT((#3730));
#3732=STYLED_ITEM('',(#3731),#3729);
#3733=DIRECTION('',(-1.E0,0.E0,0.E0));
#3734=VECTOR('',#3733,1.E-1);
#3735=CARTESIAN_POINT('',(-6.5E-1,7.5E-2,9.E-1));
#3736=LINE('',#3735,#3734);
#3737=CURVE_STYLE('',#34,POSITIVE_LENGTH_MEASURE(2.E-2),#3);
#3738=PRESENTATION_STYLE_ASSIGNMENT((#3737));
#3739=STYLED_ITEM('',(#3738),#3736);
#3740=DIRECTION('',(0.E0,0.E0,-1.E0));
#3741=VECTOR('',#3740,2.E-1);
#3742=CARTESIAN_POINT('',(-6.5E-1,7.5E-2,1.1E0));
#3743=LINE('',#3742,#3741);
#3744=CURVE_STYLE('',#34,POSITIVE_LENGTH_MEASURE(2.E-2),#3);
#3745=PRESENTATION_STYLE_ASSIGNMENT((#3744));
#3746=STYLED_ITEM('',(#3745),#3743);
#3747=DIRECTION('',(1.E0,0.E0,0.E0));
#3748=VECTOR('',#3747,1.E-1);
#3749=CARTESIAN_POINT('',(-7.5E-1,7.5E-2,1.1E0));
#3750=LINE('',#3749,#3748);
#3751=CURVE_STYLE('',#34,POSITIVE_LENGTH_MEASURE(2.E-2),#3);
#3752=PRESENTATION_STYLE_ASSIGNMENT((#3751));
#3753=STYLED_ITEM('',(#3752),#3750);
#3754=DIRECTION('',(-1.E0,0.E0,0.E0));
#3755=VECTOR('',#3754,1.E-1);
#3756=CARTESIAN_POINT('',(-6.5E-1,7.5E-2,-1.1E0));
#3757=LINE('',#3756,#3755);
#3758=CURVE_STYLE('',#34,POSITIVE_LENGTH_MEASURE(2.E-2),#3);
#3759=PRESENTATION_STYLE_ASSIGNMENT((#3758));
#3760=STYLED_ITEM('',(#3759),#3757);
#3761=DIRECTION('',(0.E0,0.E0,-1.E0));
#3762=VECTOR('',#3761,2.E-1);
#3763=CARTESIAN_POINT('',(-6.5E-1,7.5E-2,-9.E-1));
#3764=LINE('',#3763,#3762);
#3765=CURVE_STYLE('',#34,POSITIVE_LENGTH_MEASURE(2.E-2),#3);
#3766=PRESENTATION_STYLE_ASSIGNMENT((#3765));
#3767=STYLED_ITEM('',(#3766),#3764);
#3768=DIRECTION('',(1.E0,0.E0,0.E0));
#3769=VECTOR('',#3768,1.E-1);
#3770=CARTESIAN_POINT('',(-7.5E-1,7.5E-2,-9.E-1));
#3771=LINE('',#3770,#3769);
#3772=CURVE_STYLE('',#34,POSITIVE_LENGTH_MEASURE(2.E-2),#3);
#3773=PRESENTATION_STYLE_ASSIGNMENT((#3772));
#3774=STYLED_ITEM('',(#3773),#3771);
#3775=DIRECTION('',(0.E0,1.E0,0.E0));
#3776=VECTOR('',#3775,1.E-1);
#3777=CARTESIAN_POINT('',(6.5E-1,7.5E-2,1.1E0));
#3778=LINE('',#3777,#3776);
#3779=CURVE_STYLE('',#34,POSITIVE_LENGTH_MEASURE(2.E-2),#3);
#3780=PRESENTATION_STYLE_ASSIGNMENT((#3779));
#3781=STYLED_ITEM('',(#3780),#3778);
#3782=DIRECTION('',(-1.E0,0.E0,0.E0));
#3783=VECTOR('',#3782,1.E-1);
#3784=CARTESIAN_POINT('',(7.5E-1,1.75E-1,9.E-1));
#3785=LINE('',#3784,#3783);
#3786=CURVE_STYLE('',#34,POSITIVE_LENGTH_MEASURE(2.E-2),#3);
#3787=PRESENTATION_STYLE_ASSIGNMENT((#3786));
#3788=STYLED_ITEM('',(#3787),#3785);
#3789=DIRECTION('',(0.E0,0.E0,1.E0));
#3790=VECTOR('',#3789,2.E-1);
#3791=CARTESIAN_POINT('',(6.5E-1,1.75E-1,9.E-1));
#3792=LINE('',#3791,#3790);
#3793=CURVE_STYLE('',#34,POSITIVE_LENGTH_MEASURE(2.E-2),#3);
#3794=PRESENTATION_STYLE_ASSIGNMENT((#3793));
#3795=STYLED_ITEM('',(#3794),#3792);
#3796=DIRECTION('',(1.E0,0.E0,0.E0));
#3797=VECTOR('',#3796,1.E-1);
#3798=CARTESIAN_POINT('',(6.5E-1,1.75E-1,1.1E0));
#3799=LINE('',#3798,#3797);
#3800=CURVE_STYLE('',#34,POSITIVE_LENGTH_MEASURE(2.E-2),#3);
#3801=PRESENTATION_STYLE_ASSIGNMENT((#3800));
#3802=STYLED_ITEM('',(#3801),#3799);
#3803=DIRECTION('',(-1.E0,0.E0,0.E0));
#3804=VECTOR('',#3803,1.E-1);
#3805=CARTESIAN_POINT('',(7.5E-1,1.75E-1,-1.1E0));
#3806=LINE('',#3805,#3804);
#3807=CURVE_STYLE('',#34,POSITIVE_LENGTH_MEASURE(2.E-2),#3);
#3808=PRESENTATION_STYLE_ASSIGNMENT((#3807));
#3809=STYLED_ITEM('',(#3808),#3806);
#3810=DIRECTION('',(0.E0,0.E0,1.E0));
#3811=VECTOR('',#3810,2.E-1);
#3812=CARTESIAN_POINT('',(6.5E-1,1.75E-1,-1.1E0));
#3813=LINE('',#3812,#3811);
#3814=CURVE_STYLE('',#34,POSITIVE_LENGTH_MEASURE(2.E-2),#3);
#3815=PRESENTATION_STYLE_ASSIGNMENT((#3814));
#3816=STYLED_ITEM('',(#3815),#3813);
#3817=DIRECTION('',(1.E0,0.E0,0.E0));
#3818=VECTOR('',#3817,1.E-1);
#3819=CARTESIAN_POINT('',(6.5E-1,1.75E-1,-9.E-1));
#3820=LINE('',#3819,#3818);
#3821=CURVE_STYLE('',#34,POSITIVE_LENGTH_MEASURE(2.E-2),#3);
#3822=PRESENTATION_STYLE_ASSIGNMENT((#3821));
#3823=STYLED_ITEM('',(#3822),#3820);
#3824=DIRECTION('',(1.E0,0.E0,0.E0));
#3825=VECTOR('',#3824,1.E-1);
#3826=CARTESIAN_POINT('',(-7.5E-1,1.75E-1,1.1E0));
#3827=LINE('',#3826,#3825);
#3828=CURVE_STYLE('',#34,POSITIVE_LENGTH_MEASURE(2.E-2),#3);
#3829=PRESENTATION_STYLE_ASSIGNMENT((#3828));
#3830=STYLED_ITEM('',(#3829),#3827);
#3831=DIRECTION('',(0.E0,0.E0,-1.E0));
#3832=VECTOR('',#3831,2.E-1);
#3833=CARTESIAN_POINT('',(-6.5E-1,1.75E-1,1.1E0));
#3834=LINE('',#3833,#3832);
#3835=CURVE_STYLE('',#34,POSITIVE_LENGTH_MEASURE(2.E-2),#3);
#3836=PRESENTATION_STYLE_ASSIGNMENT((#3835));
#3837=STYLED_ITEM('',(#3836),#3834);
#3838=DIRECTION('',(-1.E0,0.E0,0.E0));
#3839=VECTOR('',#3838,1.E-1);
#3840=CARTESIAN_POINT('',(-6.5E-1,1.75E-1,9.E-1));
#3841=LINE('',#3840,#3839);
#3842=CURVE_STYLE('',#34,POSITIVE_LENGTH_MEASURE(2.E-2),#3);
#3843=PRESENTATION_STYLE_ASSIGNMENT((#3842));
#3844=STYLED_ITEM('',(#3843),#3841);
#3845=DIRECTION('',(1.E0,0.E0,0.E0));
#3846=VECTOR('',#3845,1.E-1);
#3847=CARTESIAN_POINT('',(-7.5E-1,1.75E-1,-9.E-1));
#3848=LINE('',#3847,#3846);
#3849=CURVE_STYLE('',#34,POSITIVE_LENGTH_MEASURE(2.E-2),#3);
#3850=PRESENTATION_STYLE_ASSIGNMENT((#3849));
#3851=STYLED_ITEM('',(#3850),#3848);
#3852=DIRECTION('',(0.E0,0.E0,-1.E0));
#3853=VECTOR('',#3852,2.E-1);
#3854=CARTESIAN_POINT('',(-6.5E-1,1.75E-1,-9.E-1));
#3855=LINE('',#3854,#3853);
#3856=CURVE_STYLE('',#34,POSITIVE_LENGTH_MEASURE(2.E-2),#3);
#3857=PRESENTATION_STYLE_ASSIGNMENT((#3856));
#3858=STYLED_ITEM('',(#3857),#3855);
#3859=DIRECTION('',(-1.E0,0.E0,0.E0));
#3860=VECTOR('',#3859,1.E-1);
#3861=CARTESIAN_POINT('',(-6.5E-1,1.75E-1,-1.1E0));
#3862=LINE('',#3861,#3860);
#3863=CURVE_STYLE('',#34,POSITIVE_LENGTH_MEASURE(2.E-2),#3);
#3864=PRESENTATION_STYLE_ASSIGNMENT((#3863));
#3865=STYLED_ITEM('',(#3864),#3862);
#3866=DIRECTION('',(0.E0,1.E0,0.E0));
#3867=VECTOR('',#3866,1.E-1);
#3868=CARTESIAN_POINT('',(6.5E-1,7.5E-2,9.E-1));
#3869=LINE('',#3868,#3867);
#3870=CURVE_STYLE('',#34,POSITIVE_LENGTH_MEASURE(2.E-2),#3);
#3871=PRESENTATION_STYLE_ASSIGNMENT((#3870));
#3872=STYLED_ITEM('',(#3871),#3869);
#3873=DIRECTION('',(0.E0,1.E0,0.E0));
#3874=VECTOR('',#3873,1.E-1);
#3875=CARTESIAN_POINT('',(6.5E-1,7.5E-2,-1.1E0));
#3876=LINE('',#3875,#3874);
#3877=CURVE_STYLE('',#34,POSITIVE_LENGTH_MEASURE(2.E-2),#3);
#3878=PRESENTATION_STYLE_ASSIGNMENT((#3877));
#3879=STYLED_ITEM('',(#3878),#3876);
#3880=DIRECTION('',(0.E0,1.E0,0.E0));
#3881=VECTOR('',#3880,1.E-1);
#3882=CARTESIAN_POINT('',(6.5E-1,7.5E-2,-9.E-1));
#3883=LINE('',#3882,#3881);
#3884=CURVE_STYLE('',#34,POSITIVE_LENGTH_MEASURE(2.E-2),#3);
#3885=PRESENTATION_STYLE_ASSIGNMENT((#3884));
#3886=STYLED_ITEM('',(#3885),#3883);
#3887=DIRECTION('',(0.E0,1.E0,0.E0));
#3888=VECTOR('',#3887,1.E-1);
#3889=CARTESIAN_POINT('',(-6.5E-1,7.5E-2,1.1E0));
#3890=LINE('',#3889,#3888);
#3891=CURVE_STYLE('',#34,POSITIVE_LENGTH_MEASURE(2.E-2),#3);
#3892=PRESENTATION_STYLE_ASSIGNMENT((#3891));
#3893=STYLED_ITEM('',(#3892),#3890);
#3894=DIRECTION('',(0.E0,1.E0,0.E0));
#3895=VECTOR('',#3894,1.E-1);
#3896=CARTESIAN_POINT('',(-6.5E-1,7.5E-2,9.E-1));
#3897=LINE('',#3896,#3895);
#3898=CURVE_STYLE('',#34,POSITIVE_LENGTH_MEASURE(2.E-2),#3);
#3899=PRESENTATION_STYLE_ASSIGNMENT((#3898));
#3900=STYLED_ITEM('',(#3899),#3897);
#3901=DIRECTION('',(0.E0,1.E0,0.E0));
#3902=VECTOR('',#3901,1.E-1);
#3903=CARTESIAN_POINT('',(-6.5E-1,7.5E-2,-9.E-1));
#3904=LINE('',#3903,#3902);
#3905=CURVE_STYLE('',#34,POSITIVE_LENGTH_MEASURE(2.E-2),#3);
#3906=PRESENTATION_STYLE_ASSIGNMENT((#3905));
#3907=STYLED_ITEM('',(#3906),#3904);
#3908=DIRECTION('',(0.E0,1.E0,0.E0));
#3909=VECTOR('',#3908,1.E-1);
#3910=CARTESIAN_POINT('',(-6.5E-1,7.5E-2,-1.1E0));
#3911=LINE('',#3910,#3909);
#3912=CURVE_STYLE('',#34,POSITIVE_LENGTH_MEASURE(2.E-2),#3);
#3913=PRESENTATION_STYLE_ASSIGNMENT((#3912));
#3914=STYLED_ITEM('',(#3913),#3911);
#3915=DIRECTION('',(0.E0,1.E0,0.E0));
#3916=VECTOR('',#3915,7.5E-2);
#3917=CARTESIAN_POINT('',(-1.E-1,0.E0,5.E-1));
#3918=LINE('',#3917,#3916);
#3919=CURVE_STYLE('',#34,POSITIVE_LENGTH_MEASURE(2.E-2),#3);
#3920=PRESENTATION_STYLE_ASSIGNMENT((#3919));
#3921=STYLED_ITEM('',(#3920),#3918);
#3922=DIRECTION('',(0.E0,1.E0,0.E0));
#3923=VECTOR('',#3922,7.5E-2);
#3924=CARTESIAN_POINT('',(-1.E-1,0.E0,3.E-1));
#3925=LINE('',#3924,#3923);
#3926=CURVE_STYLE('',#34,POSITIVE_LENGTH_MEASURE(2.E-2),#3);
#3927=PRESENTATION_STYLE_ASSIGNMENT((#3926));
#3928=STYLED_ITEM('',(#3927),#3925);
#3929=DIRECTION('',(0.E0,1.E0,0.E0));
#3930=VECTOR('',#3929,7.5E-2);
#3931=CARTESIAN_POINT('',(6.25E-1,0.E0,1.025E0));
#3932=LINE('',#3931,#3930);
#3933=CURVE_STYLE('',#34,POSITIVE_LENGTH_MEASURE(2.E-2),#3);
#3934=PRESENTATION_STYLE_ASSIGNMENT((#3933));
#3935=STYLED_ITEM('',(#3934),#3932);
#3936=DIRECTION('',(0.E0,1.E0,0.E0));
#3937=VECTOR('',#3936,7.5E-2);
#3938=CARTESIAN_POINT('',(3.75E-1,0.E0,1.025E0));
#3939=LINE('',#3938,#3937);
#3940=CURVE_STYLE('',#34,POSITIVE_LENGTH_MEASURE(2.E-2),#3);
#3941=PRESENTATION_STYLE_ASSIGNMENT((#3940));
#3942=STYLED_ITEM('',(#3941),#3939);
#3943=DIRECTION('',(0.E0,1.E0,0.E0));
#3944=VECTOR('',#3943,7.5E-2);
#3945=CARTESIAN_POINT('',(1.25E-1,0.E0,1.025E0));
#3946=LINE('',#3945,#3944);
#3947=CURVE_STYLE('',#34,POSITIVE_LENGTH_MEASURE(2.E-2),#3);
#3948=PRESENTATION_STYLE_ASSIGNMENT((#3947));
#3949=STYLED_ITEM('',(#3948),#3946);
#3950=DIRECTION('',(0.E0,1.E0,0.E0));
#3951=VECTOR('',#3950,7.5E-2);
#3952=CARTESIAN_POINT('',(-1.25E-1,0.E0,1.025E0));
#3953=LINE('',#3952,#3951);
#3954=CURVE_STYLE('',#34,POSITIVE_LENGTH_MEASURE(2.E-2),#3);
#3955=PRESENTATION_STYLE_ASSIGNMENT((#3954));
#3956=STYLED_ITEM('',(#3955),#3953);
#3957=DIRECTION('',(0.E0,1.E0,0.E0));
#3958=VECTOR('',#3957,7.5E-2);
#3959=CARTESIAN_POINT('',(3.75E-1,0.E0,-1.025E0));
#3960=LINE('',#3959,#3958);
#3961=CURVE_STYLE('',#34,POSITIVE_LENGTH_MEASURE(2.E-2),#3);
#3962=PRESENTATION_STYLE_ASSIGNMENT((#3961));
#3963=STYLED_ITEM('',(#3962),#3960);
#3964=DIRECTION('',(0.E0,1.E0,0.E0));
#3965=VECTOR('',#3964,7.5E-2);
#3966=CARTESIAN_POINT('',(6.25E-1,0.E0,-1.025E0));
#3967=LINE('',#3966,#3965);
#3968=CURVE_STYLE('',#34,POSITIVE_LENGTH_MEASURE(2.E-2),#3);
#3969=PRESENTATION_STYLE_ASSIGNMENT((#3968));
#3970=STYLED_ITEM('',(#3969),#3967);
#3971=DIRECTION('',(0.E0,1.E0,0.E0));
#3972=VECTOR('',#3971,7.5E-2);
#3973=CARTESIAN_POINT('',(-1.25E-1,0.E0,-1.025E0));
#3974=LINE('',#3973,#3972);
#3975=CURVE_STYLE('',#34,POSITIVE_LENGTH_MEASURE(2.E-2),#3);
#3976=PRESENTATION_STYLE_ASSIGNMENT((#3975));
#3977=STYLED_ITEM('',(#3976),#3974);
#3978=DIRECTION('',(0.E0,1.E0,0.E0));
#3979=VECTOR('',#3978,7.5E-2);
#3980=CARTESIAN_POINT('',(1.25E-1,0.E0,-1.025E0));
#3981=LINE('',#3980,#3979);
#3982=CURVE_STYLE('',#34,POSITIVE_LENGTH_MEASURE(2.E-2),#3);
#3983=PRESENTATION_STYLE_ASSIGNMENT((#3982));
#3984=STYLED_ITEM('',(#3983),#3981);
#3985=CARTESIAN_POINT('',(-7.5E-1,9.75E-1,1.25E0));
#3986=CARTESIAN_POINT('',(7.5E-1,9.75E-1,1.25E0));
#3987=VERTEX_POINT('',#3985);
#3988=VERTEX_POINT('',#3986);
#3989=CARTESIAN_POINT('',(7.5E-1,9.75E-1,-1.25E0));
#3990=VERTEX_POINT('',#3989);
#3991=CARTESIAN_POINT('',(-7.5E-1,9.75E-1,-1.25E0));
#3992=VERTEX_POINT('',#3991);
#3993=CARTESIAN_POINT('',(-7.5E-1,0.E0,1.25E0));
#3994=VERTEX_POINT('',#3993);
#3995=CARTESIAN_POINT('',(7.5E-1,0.E0,1.25E0));
#3996=VERTEX_POINT('',#3995);
#3997=CARTESIAN_POINT('',(7.5E-1,0.E0,-1.25E0));
#3998=VERTEX_POINT('',#3997);
#3999=CARTESIAN_POINT('',(-7.5E-1,0.E0,-1.25E0));
#4000=VERTEX_POINT('',#3999);
#4001=CARTESIAN_POINT('',(-6.25E-1,7.5E-2,-9.E-1));
#4002=CARTESIAN_POINT('',(-4.75E-1,7.5E-2,-9.E-1));
#4003=VERTEX_POINT('',#4001);
#4004=VERTEX_POINT('',#4002);
#4005=CARTESIAN_POINT('',(-3.75E-1,7.5E-2,-1.E0));
#4006=VERTEX_POINT('',#4005);
#4007=CARTESIAN_POINT('',(-1.E-1,7.5E-2,-3.E-1));
#4008=CARTESIAN_POINT('',(-1.E-1,7.5E-2,-5.E-1));
#4009=VERTEX_POINT('',#4007);
#4010=VERTEX_POINT('',#4008);
#4011=CARTESIAN_POINT('',(-1.E-1,7.5E-2,5.E-1));
#4012=CARTESIAN_POINT('',(-1.E-1,7.5E-2,3.E-1));
#4013=VERTEX_POINT('',#4011);
#4014=VERTEX_POINT('',#4012);
#4015=CARTESIAN_POINT('',(-3.75E-1,7.5E-2,1.025E0));
#4016=CARTESIAN_POINT('',(-6.25E-1,7.5E-2,1.025E0));
#4017=VERTEX_POINT('',#4015);
#4018=VERTEX_POINT('',#4016);
#4019=CARTESIAN_POINT('',(1.25E-1,7.5E-2,1.025E0));
#4020=CARTESIAN_POINT('',(-1.25E-1,7.5E-2,1.025E0));
#4021=VERTEX_POINT('',#4019);
#4022=VERTEX_POINT('',#4020);
#4023=CARTESIAN_POINT('',(6.25E-1,7.5E-2,1.025E0));
#4024=CARTESIAN_POINT('',(3.75E-1,7.5E-2,1.025E0));
#4025=VERTEX_POINT('',#4023);
#4026=VERTEX_POINT('',#4024);
#4027=CARTESIAN_POINT('',(1.E-1,7.5E-2,-9.999999999999E-2));
#4028=CARTESIAN_POINT('',(1.E-1,7.5E-2,9.999999999999E-2));
#4029=VERTEX_POINT('',#4027);
#4030=VERTEX_POINT('',#4028);
#4031=CARTESIAN_POINT('',(3.75E-1,7.5E-2,-1.025E0));
#4032=CARTESIAN_POINT('',(6.25E-1,7.5E-2,-1.025E0));
#4033=VERTEX_POINT('',#4031);
#4034=VERTEX_POINT('',#4032);
#4035=CARTESIAN_POINT('',(-1.25E-1,7.5E-2,-1.025E0));
#4036=CARTESIAN_POINT('',(1.25E-1,7.5E-2,-1.025E0));
#4037=VERTEX_POINT('',#4035);
#4038=VERTEX_POINT('',#4036);
#4039=CARTESIAN_POINT('',(6.5E-1,7.5E-2,-1.1E0));
#4040=CARTESIAN_POINT('',(6.5E-1,7.5E-2,-9.E-1));
#4041=VERTEX_POINT('',#4039);
#4042=VERTEX_POINT('',#4040);
#4043=CARTESIAN_POINT('',(6.5E-1,7.5E-2,9.E-1));
#4044=CARTESIAN_POINT('',(6.5E-1,7.5E-2,1.1E0));
#4045=VERTEX_POINT('',#4043);
#4046=VERTEX_POINT('',#4044);
#4047=CARTESIAN_POINT('',(-6.5E-1,7.5E-2,-9.E-1));
#4048=CARTESIAN_POINT('',(-6.5E-1,7.5E-2,-1.1E0));
#4049=VERTEX_POINT('',#4047);
#4050=VERTEX_POINT('',#4048);
#4051=CARTESIAN_POINT('',(-6.5E-1,7.5E-2,1.1E0));
#4052=CARTESIAN_POINT('',(-6.5E-1,7.5E-2,9.E-1));
#4053=VERTEX_POINT('',#4051);
#4054=VERTEX_POINT('',#4052);
#4055=CARTESIAN_POINT('',(6.5E-1,1.75E-1,-1.1E0));
#4056=CARTESIAN_POINT('',(6.5E-1,1.75E-1,-9.E-1));
#4057=VERTEX_POINT('',#4055);
#4058=VERTEX_POINT('',#4056);
#4059=CARTESIAN_POINT('',(6.5E-1,1.75E-1,9.E-1));
#4060=CARTESIAN_POINT('',(6.5E-1,1.75E-1,1.1E0));
#4061=VERTEX_POINT('',#4059);
#4062=VERTEX_POINT('',#4060);
#4063=CARTESIAN_POINT('',(-6.5E-1,1.75E-1,-9.E-1));
#4064=CARTESIAN_POINT('',(-6.5E-1,1.75E-1,-1.1E0));
#4065=VERTEX_POINT('',#4063);
#4066=VERTEX_POINT('',#4064);
#4067=CARTESIAN_POINT('',(-6.5E-1,1.75E-1,1.1E0));
#4068=CARTESIAN_POINT('',(-6.5E-1,1.75E-1,9.E-1));
#4069=VERTEX_POINT('',#4067);
#4070=VERTEX_POINT('',#4068);
#4071=CARTESIAN_POINT('',(-6.25E-1,0.E0,-1.25E0));
#4072=CARTESIAN_POINT('',(-6.25E-1,0.E0,-9.E-1));
#4073=VERTEX_POINT('',#4071);
#4074=VERTEX_POINT('',#4072);
#4075=CARTESIAN_POINT('',(-4.75E-1,0.E0,-9.E-1));
#4076=VERTEX_POINT('',#4075);
#4077=CARTESIAN_POINT('',(-3.75E-1,0.E0,-1.E0));
#4078=VERTEX_POINT('',#4077);
#4079=CARTESIAN_POINT('',(-3.75E-1,0.E0,-1.25E0));
#4080=VERTEX_POINT('',#4079);
#4081=CARTESIAN_POINT('',(-7.5E-1,0.E0,-3.E-1));
#4082=CARTESIAN_POINT('',(-1.E-1,0.E0,-3.E-1));
#4083=VERTEX_POINT('',#4081);
#4084=VERTEX_POINT('',#4082);
#4085=CARTESIAN_POINT('',(-1.E-1,0.E0,-5.E-1));
#4086=VERTEX_POINT('',#4085);
#4087=CARTESIAN_POINT('',(-7.5E-1,0.E0,-5.E-1));
#4088=VERTEX_POINT('',#4087);
#4089=CARTESIAN_POINT('',(-7.5E-1,0.E0,5.E-1));
#4090=CARTESIAN_POINT('',(-1.E-1,0.E0,5.E-1));
#4091=VERTEX_POINT('',#4089);
#4092=VERTEX_POINT('',#4090);
#4093=CARTESIAN_POINT('',(-1.E-1,0.E0,3.E-1));
#4094=VERTEX_POINT('',#4093);
#4095=CARTESIAN_POINT('',(-7.5E-1,0.E0,3.E-1));
#4096=VERTEX_POINT('',#4095);
#4097=CARTESIAN_POINT('',(-3.75E-1,0.E0,1.25E0));
#4098=CARTESIAN_POINT('',(-3.75E-1,0.E0,1.025E0));
#4099=VERTEX_POINT('',#4097);
#4100=VERTEX_POINT('',#4098);
#4101=CARTESIAN_POINT('',(-6.25E-1,0.E0,1.025E0));
#4102=VERTEX_POINT('',#4101);
#4103=CARTESIAN_POINT('',(-6.25E-1,0.E0,1.25E0));
#4104=VERTEX_POINT('',#4103);
#4105=CARTESIAN_POINT('',(1.25E-1,0.E0,1.25E0));
#4106=CARTESIAN_POINT('',(1.25E-1,0.E0,1.025E0));
#4107=VERTEX_POINT('',#4105);
#4108=VERTEX_POINT('',#4106);
#4109=CARTESIAN_POINT('',(-1.25E-1,0.E0,1.025E0));
#4110=VERTEX_POINT('',#4109);
#4111=CARTESIAN_POINT('',(-1.25E-1,0.E0,1.25E0));
#4112=VERTEX_POINT('',#4111);
#4113=CARTESIAN_POINT('',(6.25E-1,0.E0,1.25E0));
#4114=CARTESIAN_POINT('',(6.25E-1,0.E0,1.025E0));
#4115=VERTEX_POINT('',#4113);
#4116=VERTEX_POINT('',#4114);
#4117=CARTESIAN_POINT('',(3.75E-1,0.E0,1.025E0));
#4118=VERTEX_POINT('',#4117);
#4119=CARTESIAN_POINT('',(3.75E-1,0.E0,1.25E0));
#4120=VERTEX_POINT('',#4119);
#4121=CARTESIAN_POINT('',(7.5E-1,0.E0,-9.999999999999E-2));
#4122=CARTESIAN_POINT('',(1.E-1,0.E0,-9.999999999999E-2));
#4123=VERTEX_POINT('',#4121);
#4124=VERTEX_POINT('',#4122);
#4125=CARTESIAN_POINT('',(1.E-1,0.E0,9.999999999999E-2));
#4126=VERTEX_POINT('',#4125);
#4127=CARTESIAN_POINT('',(7.5E-1,0.E0,9.999999999999E-2));
#4128=VERTEX_POINT('',#4127);
#4129=CARTESIAN_POINT('',(3.75E-1,0.E0,-1.25E0));
#4130=CARTESIAN_POINT('',(3.75E-1,0.E0,-1.025E0));
#4131=VERTEX_POINT('',#4129);
#4132=VERTEX_POINT('',#4130);
#4133=CARTESIAN_POINT('',(6.25E-1,0.E0,-1.025E0));
#4134=VERTEX_POINT('',#4133);
#4135=CARTESIAN_POINT('',(6.25E-1,0.E0,-1.25E0));
#4136=VERTEX_POINT('',#4135);
#4137=CARTESIAN_POINT('',(-1.25E-1,0.E0,-1.25E0));
#4138=CARTESIAN_POINT('',(-1.25E-1,0.E0,-1.025E0));
#4139=VERTEX_POINT('',#4137);
#4140=VERTEX_POINT('',#4138);
#4141=CARTESIAN_POINT('',(1.25E-1,0.E0,-1.025E0));
#4142=VERTEX_POINT('',#4141);
#4143=CARTESIAN_POINT('',(1.25E-1,0.E0,-1.25E0));
#4144=VERTEX_POINT('',#4143);
#4145=CARTESIAN_POINT('',(-6.25E-1,7.5E-2,1.25E0));
#4146=CARTESIAN_POINT('',(-3.75E-1,7.5E-2,1.25E0));
#4147=VERTEX_POINT('',#4145);
#4148=VERTEX_POINT('',#4146);
#4149=CARTESIAN_POINT('',(-1.25E-1,7.5E-2,1.25E0));
#4150=CARTESIAN_POINT('',(1.25E-1,7.5E-2,1.25E0));
#4151=VERTEX_POINT('',#4149);
#4152=VERTEX_POINT('',#4150);
#4153=CARTESIAN_POINT('',(3.75E-1,7.5E-2,1.25E0));
#4154=CARTESIAN_POINT('',(6.25E-1,7.5E-2,1.25E0));
#4155=VERTEX_POINT('',#4153);
#4156=VERTEX_POINT('',#4154);
#4157=CARTESIAN_POINT('',(7.5E-1,7.5E-2,9.999999999999E-2));
#4158=CARTESIAN_POINT('',(7.5E-1,7.5E-2,-9.999999999999E-2));
#4159=VERTEX_POINT('',#4157);
#4160=VERTEX_POINT('',#4158);
#4161=CARTESIAN_POINT('',(7.5E-1,7.5E-2,1.1E0));
#4162=CARTESIAN_POINT('',(7.5E-1,7.5E-2,9.E-1));
#4163=VERTEX_POINT('',#4161);
#4164=VERTEX_POINT('',#4162);
#4165=CARTESIAN_POINT('',(7.5E-1,7.5E-2,-9.E-1));
#4166=CARTESIAN_POINT('',(7.5E-1,7.5E-2,-1.1E0));
#4167=VERTEX_POINT('',#4165);
#4168=VERTEX_POINT('',#4166);
#4169=CARTESIAN_POINT('',(7.5E-1,1.75E-1,1.1E0));
#4170=CARTESIAN_POINT('',(7.5E-1,1.75E-1,9.E-1));
#4171=VERTEX_POINT('',#4169);
#4172=VERTEX_POINT('',#4170);
#4173=CARTESIAN_POINT('',(7.5E-1,1.75E-1,-9.E-1));
#4174=CARTESIAN_POINT('',(7.5E-1,1.75E-1,-1.1E0));
#4175=VERTEX_POINT('',#4173);
#4176=VERTEX_POINT('',#4174);
#4177=CARTESIAN_POINT('',(6.25E-1,7.5E-2,-1.25E0));
#4178=CARTESIAN_POINT('',(3.75E-1,7.5E-2,-1.25E0));
#4179=VERTEX_POINT('',#4177);
#4180=VERTEX_POINT('',#4178);
#4181=CARTESIAN_POINT('',(1.25E-1,7.5E-2,-1.25E0));
#4182=CARTESIAN_POINT('',(-1.25E-1,7.5E-2,-1.25E0));
#4183=VERTEX_POINT('',#4181);
#4184=VERTEX_POINT('',#4182);
#4185=CARTESIAN_POINT('',(-3.75E-1,7.5E-2,-1.25E0));
#4186=CARTESIAN_POINT('',(-6.25E-1,7.5E-2,-1.25E0));
#4187=VERTEX_POINT('',#4185);
#4188=VERTEX_POINT('',#4186);
#4189=CARTESIAN_POINT('',(-7.5E-1,7.5E-2,-5.E-1));
#4190=CARTESIAN_POINT('',(-7.5E-1,7.5E-2,-3.E-1));
#4191=VERTEX_POINT('',#4189);
#4192=VERTEX_POINT('',#4190);
#4193=CARTESIAN_POINT('',(-7.5E-1,7.5E-2,3.E-1));
#4194=CARTESIAN_POINT('',(-7.5E-1,7.5E-2,5.E-1));
#4195=VERTEX_POINT('',#4193);
#4196=VERTEX_POINT('',#4194);
#4197=CARTESIAN_POINT('',(-7.5E-1,7.5E-2,1.1E0));
#4198=CARTESIAN_POINT('',(-7.5E-1,7.5E-2,9.E-1));
#4199=VERTEX_POINT('',#4197);
#4200=VERTEX_POINT('',#4198);
#4201=CARTESIAN_POINT('',(-7.5E-1,7.5E-2,-9.E-1));
#4202=CARTESIAN_POINT('',(-7.5E-1,7.5E-2,-1.1E0));
#4203=VERTEX_POINT('',#4201);
#4204=VERTEX_POINT('',#4202);
#4205=CARTESIAN_POINT('',(-7.5E-1,1.75E-1,1.1E0));
#4206=CARTESIAN_POINT('',(-7.5E-1,1.75E-1,9.E-1));
#4207=VERTEX_POINT('',#4205);
#4208=VERTEX_POINT('',#4206);
#4209=CARTESIAN_POINT('',(-7.5E-1,1.75E-1,-9.E-1));
#4210=CARTESIAN_POINT('',(-7.5E-1,1.75E-1,-1.1E0));
#4211=VERTEX_POINT('',#4209);
#4212=VERTEX_POINT('',#4210);
#4213=CARTESIAN_POINT('',(0.E0,0.E0,0.E0));
#4214=DIRECTION('',(0.E0,1.E0,0.E0));
#4215=DIRECTION('',(1.E0,0.E0,0.E0));
#4216=AXIS2_PLACEMENT_3D('',#4213,#4214,#4215);
#4217=PLANE('',#4216);
#4219=ORIENTED_EDGE('',*,*,#4218,.F.);
#4221=ORIENTED_EDGE('',*,*,#4220,.T.);
#4223=ORIENTED_EDGE('',*,*,#4222,.T.);
#4225=ORIENTED_EDGE('',*,*,#4224,.T.);
#4227=ORIENTED_EDGE('',*,*,#4226,.F.);
#4229=ORIENTED_EDGE('',*,*,#4228,.F.);
#4231=ORIENTED_EDGE('',*,*,#4230,.T.);
#4233=ORIENTED_EDGE('',*,*,#4232,.T.);
#4235=ORIENTED_EDGE('',*,*,#4234,.F.);
#4237=ORIENTED_EDGE('',*,*,#4236,.F.);
#4239=ORIENTED_EDGE('',*,*,#4238,.T.);
#4241=ORIENTED_EDGE('',*,*,#4240,.T.);
#4243=ORIENTED_EDGE('',*,*,#4242,.T.);
#4245=ORIENTED_EDGE('',*,*,#4244,.F.);
#4247=ORIENTED_EDGE('',*,*,#4246,.F.);
#4249=ORIENTED_EDGE('',*,*,#4248,.T.);
#4251=ORIENTED_EDGE('',*,*,#4250,.T.);
#4253=ORIENTED_EDGE('',*,*,#4252,.F.);
#4255=ORIENTED_EDGE('',*,*,#4254,.F.);
#4257=ORIENTED_EDGE('',*,*,#4256,.T.);
#4259=ORIENTED_EDGE('',*,*,#4258,.T.);
#4261=ORIENTED_EDGE('',*,*,#4260,.F.);
#4263=ORIENTED_EDGE('',*,*,#4262,.F.);
#4265=ORIENTED_EDGE('',*,*,#4264,.T.);
#4267=ORIENTED_EDGE('',*,*,#4266,.T.);
#4269=ORIENTED_EDGE('',*,*,#4268,.T.);
#4271=ORIENTED_EDGE('',*,*,#4270,.F.);
#4273=ORIENTED_EDGE('',*,*,#4272,.F.);
#4275=ORIENTED_EDGE('',*,*,#4274,.T.);
#4277=ORIENTED_EDGE('',*,*,#4276,.T.);
#4279=ORIENTED_EDGE('',*,*,#4278,.T.);
#4281=ORIENTED_EDGE('',*,*,#4280,.F.);
#4283=ORIENTED_EDGE('',*,*,#4282,.F.);
#4285=ORIENTED_EDGE('',*,*,#4284,.T.);
#4287=ORIENTED_EDGE('',*,*,#4286,.T.);
#4289=ORIENTED_EDGE('',*,*,#4288,.F.);
#4291=ORIENTED_EDGE('',*,*,#4290,.F.);
#4293=ORIENTED_EDGE('',*,*,#4292,.T.);
#4295=ORIENTED_EDGE('',*,*,#4294,.T.);
#4297=ORIENTED_EDGE('',*,*,#4296,.F.);
#4299=ORIENTED_EDGE('',*,*,#4298,.F.);
#4300=EDGE_LOOP('',(#4219,#4221,#4223,#4225,#4227,#4229,#4231,#4233,#4235,#4237,
#4239,#4241,#4243,#4245,#4247,#4249,#4251,#4253,#4255,#4257,#4259,#4261,#4263,
#4265,#4267,#4269,#4271,#4273,#4275,#4277,#4279,#4281,#4283,#4285,#4287,#4289,
#4291,#4293,#4295,#4297,#4299));
#4301=FACE_OUTER_BOUND('',#4300,.F.);
#4303=CARTESIAN_POINT('',(-6.25E-1,-2.5E-2,-1.25E0));
#4304=DIRECTION('',(-1.E0,0.E0,0.E0));
#4305=DIRECTION('',(0.E0,0.E0,1.E0));
#4306=AXIS2_PLACEMENT_3D('',#4303,#4304,#4305);
#4307=PLANE('',#4306);
#4308=ORIENTED_EDGE('',*,*,#4218,.T.);
#4310=ORIENTED_EDGE('',*,*,#4309,.T.);
#4312=ORIENTED_EDGE('',*,*,#4311,.F.);
#4314=ORIENTED_EDGE('',*,*,#4313,.F.);
#4315=EDGE_LOOP('',(#4308,#4310,#4312,#4314));
#4316=FACE_OUTER_BOUND('',#4315,.F.);
#4318=CARTESIAN_POINT('',(-6.25E-1,-2.5E-2,-9.E-1));
#4319=DIRECTION('',(0.E0,0.E0,1.E0));
#4320=DIRECTION('',(1.E0,0.E0,0.E0));
#4321=AXIS2_PLACEMENT_3D('',#4318,#4319,#4320);
#4322=PLANE('',#4321);
#4323=ORIENTED_EDGE('',*,*,#4298,.T.);
#4325=ORIENTED_EDGE('',*,*,#4324,.T.);
#4327=ORIENTED_EDGE('',*,*,#4326,.F.);
#4328=ORIENTED_EDGE('',*,*,#4309,.F.);
#4329=EDGE_LOOP('',(#4323,#4325,#4327,#4328));
#4330=FACE_OUTER_BOUND('',#4329,.F.);
#4332=CARTESIAN_POINT('',(-4.75E-1,-2.5E-2,-9.E-1));
#4333=DIRECTION('',(7.071067811864E-1,0.E0,7.071067811866E-1));
#4334=DIRECTION('',(7.071067811866E-1,0.E0,-7.071067811864E-1));
#4335=AXIS2_PLACEMENT_3D('',#4332,#4333,#4334);
#4336=PLANE('',#4335);
#4337=ORIENTED_EDGE('',*,*,#4296,.T.);
#4339=ORIENTED_EDGE('',*,*,#4338,.T.);
#4341=ORIENTED_EDGE('',*,*,#4340,.F.);
#4342=ORIENTED_EDGE('',*,*,#4324,.F.);
#4343=EDGE_LOOP('',(#4337,#4339,#4341,#4342));
#4344=FACE_OUTER_BOUND('',#4343,.F.);
#4346=CARTESIAN_POINT('',(-3.75E-1,-2.5E-2,-1.E0));
#4347=DIRECTION('',(1.E0,0.E0,0.E0));
#4348=DIRECTION('',(0.E0,0.E0,-1.E0));
#4349=AXIS2_PLACEMENT_3D('',#4346,#4347,#4348);
#4350=PLANE('',#4349);
#4351=ORIENTED_EDGE('',*,*,#4294,.F.);
#4353=ORIENTED_EDGE('',*,*,#4352,.T.);
#4355=ORIENTED_EDGE('',*,*,#4354,.F.);
#4356=ORIENTED_EDGE('',*,*,#4338,.F.);
#4357=EDGE_LOOP('',(#4351,#4353,#4355,#4356));
#4358=FACE_OUTER_BOUND('',#4357,.F.);
#4360=CARTESIAN_POINT('',(7.5E-1,0.E0,-1.25E0));
#4361=DIRECTION('',(0.E0,0.E0,-1.E0));
#4362=DIRECTION('',(-1.E0,0.E0,0.E0));
#4363=AXIS2_PLACEMENT_3D('',#4360,#4361,#4362);
#4364=PLANE('',#4363);
#4366=ORIENTED_EDGE('',*,*,#4365,.F.);
#4368=ORIENTED_EDGE('',*,*,#4367,.F.);
#4369=ORIENTED_EDGE('',*,*,#4276,.F.);
#4371=ORIENTED_EDGE('',*,*,#4370,.T.);
#4373=ORIENTED_EDGE('',*,*,#4372,.T.);
#4375=ORIENTED_EDGE('',*,*,#4374,.F.);
#4376=ORIENTED_EDGE('',*,*,#4220,.F.);
#4377=ORIENTED_EDGE('',*,*,#4313,.T.);
#4379=ORIENTED_EDGE('',*,*,#4378,.F.);
#4380=ORIENTED_EDGE('',*,*,#4352,.F.);
#4381=ORIENTED_EDGE('',*,*,#4292,.F.);
#4383=ORIENTED_EDGE('',*,*,#4382,.T.);
#4385=ORIENTED_EDGE('',*,*,#4384,.F.);
#4387=ORIENTED_EDGE('',*,*,#4386,.F.);
#4388=ORIENTED_EDGE('',*,*,#4284,.F.);
#4390=ORIENTED_EDGE('',*,*,#4389,.T.);
#4391=EDGE_LOOP('',(#4366,#4368,#4369,#4371,#4373,#4375,#4376,#4377,#4379,#4380,
#4381,#4383,#4385,#4387,#4388,#4390));
#4392=FACE_OUTER_BOUND('',#4391,.F.);
#4394=CARTESIAN_POINT('',(0.E0,7.5E-2,0.E0));
#4395=DIRECTION('',(0.E0,1.E0,0.E0));
#4396=DIRECTION('',(1.E0,0.E0,0.E0));
#4397=AXIS2_PLACEMENT_3D('',#4394,#4395,#4396);
#4398=PLANE('',#4397);
#4400=ORIENTED_EDGE('',*,*,#4399,.T.);
#4402=ORIENTED_EDGE('',*,*,#4401,.T.);
#4404=ORIENTED_EDGE('',*,*,#4403,.T.);
#4406=ORIENTED_EDGE('',*,*,#4405,.T.);
#4407=EDGE_LOOP('',(#4400,#4402,#4404,#4406));
#4408=FACE_OUTER_BOUND('',#4407,.F.);
#4410=CARTESIAN_POINT('',(0.E0,7.5E-2,0.E0));
#4411=DIRECTION('',(0.E0,1.E0,0.E0));
#4412=DIRECTION('',(1.E0,0.E0,0.E0));
#4413=AXIS2_PLACEMENT_3D('',#4410,#4411,#4412);
#4414=PLANE('',#4413);
#4416=ORIENTED_EDGE('',*,*,#4415,.T.);
#4418=ORIENTED_EDGE('',*,*,#4417,.T.);
#4420=ORIENTED_EDGE('',*,*,#4419,.T.);
#4422=ORIENTED_EDGE('',*,*,#4421,.T.);
#4423=EDGE_LOOP('',(#4416,#4418,#4420,#4422));
#4424=FACE_OUTER_BOUND('',#4423,.F.);
#4426=CARTESIAN_POINT('',(0.E0,7.5E-2,0.E0));
#4427=DIRECTION('',(0.E0,1.E0,0.E0));
#4428=DIRECTION('',(1.E0,0.E0,0.E0));
#4429=AXIS2_PLACEMENT_3D('',#4426,#4427,#4428);
#4430=PLANE('',#4429);
#4432=ORIENTED_EDGE('',*,*,#4431,.T.);
#4434=ORIENTED_EDGE('',*,*,#4433,.T.);
#4436=ORIENTED_EDGE('',*,*,#4435,.T.);
#4438=ORIENTED_EDGE('',*,*,#4437,.T.);
#4439=EDGE_LOOP('',(#4432,#4434,#4436,#4438));
#4440=FACE_OUTER_BOUND('',#4439,.F.);
#4442=CARTESIAN_POINT('',(0.E0,7.5E-2,0.E0));
#4443=DIRECTION('',(0.E0,1.E0,0.E0));
#4444=DIRECTION('',(1.E0,0.E0,0.E0));
#4445=AXIS2_PLACEMENT_3D('',#4442,#4443,#4444);
#4446=PLANE('',#4445);
#4448=ORIENTED_EDGE('',*,*,#4447,.T.);
#4450=ORIENTED_EDGE('',*,*,#4449,.T.);
#4452=ORIENTED_EDGE('',*,*,#4451,.T.);
#4454=ORIENTED_EDGE('',*,*,#4453,.T.);
#4455=EDGE_LOOP('',(#4448,#4450,#4452,#4454));
#4456=FACE_OUTER_BOUND('',#4455,.F.);
#4458=CARTESIAN_POINT('',(0.E0,7.5E-2,0.E0));
#4459=DIRECTION('',(0.E0,1.E0,0.E0));
#4460=DIRECTION('',(1.E0,0.E0,0.E0));
#4461=AXIS2_PLACEMENT_3D('',#4458,#4459,#4460);
#4462=PLANE('',#4461);
#4463=ORIENTED_EDGE('',*,*,#4365,.T.);
#4465=ORIENTED_EDGE('',*,*,#4464,.T.);
#4467=ORIENTED_EDGE('',*,*,#4466,.T.);
#4469=ORIENTED_EDGE('',*,*,#4468,.T.);
#4470=EDGE_LOOP('',(#4463,#4465,#4467,#4469));
#4471=FACE_OUTER_BOUND('',#4470,.F.);
#4473=CARTESIAN_POINT('',(0.E0,7.5E-2,0.E0));
#4474=DIRECTION('',(0.E0,1.E0,0.E0));
#4475=DIRECTION('',(1.E0,0.E0,0.E0));
#4476=AXIS2_PLACEMENT_3D('',#4473,#4474,#4475);
#4477=PLANE('',#4476);
#4478=ORIENTED_EDGE('',*,*,#4384,.T.);
#4480=ORIENTED_EDGE('',*,*,#4479,.T.);
#4482=ORIENTED_EDGE('',*,*,#4481,.T.);
#4484=ORIENTED_EDGE('',*,*,#4483,.T.);
#4485=EDGE_LOOP('',(#4478,#4480,#4482,#4484));
#4486=FACE_OUTER_BOUND('',#4485,.F.);
#4488=CARTESIAN_POINT('',(0.E0,7.5E-2,0.E0));
#4489=DIRECTION('',(0.E0,1.E0,0.E0));
#4490=DIRECTION('',(1.E0,0.E0,0.E0));
#4491=AXIS2_PLACEMENT_3D('',#4488,#4489,#4490);
#4492=PLANE('',#4491);
#4493=ORIENTED_EDGE('',*,*,#4378,.T.);
#4494=ORIENTED_EDGE('',*,*,#4311,.T.);
#4495=ORIENTED_EDGE('',*,*,#4326,.T.);
#4496=ORIENTED_EDGE('',*,*,#4340,.T.);
#4497=ORIENTED_EDGE('',*,*,#4354,.T.);
#4498=EDGE_LOOP('',(#4493,#4494,#4495,#4496,#4497));
#4499=FACE_OUTER_BOUND('',#4498,.F.);
#4501=CARTESIAN_POINT('',(0.E0,7.5E-2,0.E0));
#4502=DIRECTION('',(0.E0,1.E0,0.E0));
#4503=DIRECTION('',(1.E0,0.E0,0.E0));
#4504=AXIS2_PLACEMENT_3D('',#4501,#4502,#4503);
#4505=PLANE('',#4504);
#4507=ORIENTED_EDGE('',*,*,#4506,.T.);
#4509=ORIENTED_EDGE('',*,*,#4508,.T.);
#4511=ORIENTED_EDGE('',*,*,#4510,.T.);
#4513=ORIENTED_EDGE('',*,*,#4512,.T.);
#4514=EDGE_LOOP('',(#4507,#4509,#4511,#4513));
#4515=FACE_OUTER_BOUND('',#4514,.F.);
#4517=CARTESIAN_POINT('',(0.E0,7.5E-2,0.E0));
#4518=DIRECTION('',(0.E0,1.E0,0.E0));
#4519=DIRECTION('',(1.E0,0.E0,0.E0));
#4520=AXIS2_PLACEMENT_3D('',#4517,#4518,#4519);
#4521=PLANE('',#4520);
#4523=ORIENTED_EDGE('',*,*,#4522,.T.);
#4525=ORIENTED_EDGE('',*,*,#4524,.T.);
#4527=ORIENTED_EDGE('',*,*,#4526,.T.);
#4529=ORIENTED_EDGE('',*,*,#4528,.T.);
#4530=EDGE_LOOP('',(#4523,#4525,#4527,#4529));
#4531=FACE_OUTER_BOUND('',#4530,.F.);
#4533=CARTESIAN_POINT('',(-7.5E-1,0.E0,1.25E0));
#4534=DIRECTION('',(0.E0,0.E0,1.E0));
#4535=DIRECTION('',(1.E0,0.E0,0.E0));
#4536=AXIS2_PLACEMENT_3D('',#4533,#4534,#4535);
#4537=PLANE('',#4536);
#4538=ORIENTED_EDGE('',*,*,#4399,.F.);
#4540=ORIENTED_EDGE('',*,*,#4539,.F.);
#4541=ORIENTED_EDGE('',*,*,#4240,.F.);
#4543=ORIENTED_EDGE('',*,*,#4542,.T.);
#4545=ORIENTED_EDGE('',*,*,#4544,.T.);
#4547=ORIENTED_EDGE('',*,*,#4546,.F.);
#4548=ORIENTED_EDGE('',*,*,#4264,.F.);
#4550=ORIENTED_EDGE('',*,*,#4549,.T.);
#4551=ORIENTED_EDGE('',*,*,#4431,.F.);
#4553=ORIENTED_EDGE('',*,*,#4552,.F.);
#4554=ORIENTED_EDGE('',*,*,#4256,.F.);
#4556=ORIENTED_EDGE('',*,*,#4555,.T.);
#4557=ORIENTED_EDGE('',*,*,#4415,.F.);
#4559=ORIENTED_EDGE('',*,*,#4558,.F.);
#4560=ORIENTED_EDGE('',*,*,#4248,.F.);
#4562=ORIENTED_EDGE('',*,*,#4561,.T.);
#4563=EDGE_LOOP('',(#4538,#4540,#4541,#4543,#4545,#4547,#4548,#4550,#4551,#4553,
#4554,#4556,#4557,#4559,#4560,#4562));
#4564=FACE_OUTER_BOUND('',#4563,.F.);
#4566=CARTESIAN_POINT('',(-6.25E-1,-2.5E-2,1.025E0));
#4567=DIRECTION('',(-1.E0,0.E0,0.E0));
#4568=DIRECTION('',(0.E0,0.E0,1.E0));
#4569=AXIS2_PLACEMENT_3D('',#4566,#4567,#4568);
#4570=PLANE('',#4569);
#4571=ORIENTED_EDGE('',*,*,#4242,.F.);
#4572=ORIENTED_EDGE('',*,*,#4539,.T.);
#4573=ORIENTED_EDGE('',*,*,#4405,.F.);
#4575=ORIENTED_EDGE('',*,*,#4574,.F.);
#4576=EDGE_LOOP('',(#4571,#4572,#4573,#4575));
#4577=FACE_OUTER_BOUND('',#4576,.F.);
#4579=CARTESIAN_POINT('',(-5.E-1,-2.5E-2,1.025E0));
#4580=DIRECTION('',(0.E0,1.E0,0.E0));
#4581=DIRECTION('',(1.E0,0.E0,0.E0));
#4582=AXIS2_PLACEMENT_3D('',#4579,#4580,#4581);
#4583=CYLINDRICAL_SURFACE('',#4582,1.25E-1);
#4584=ORIENTED_EDGE('',*,*,#4244,.T.);
#4585=ORIENTED_EDGE('',*,*,#4574,.T.);
#4586=ORIENTED_EDGE('',*,*,#4403,.F.);
#4588=ORIENTED_EDGE('',*,*,#4587,.F.);
#4589=EDGE_LOOP('',(#4584,#4585,#4586,#4588));
#4590=FACE_OUTER_BOUND('',#4589,.F.);
#4592=CARTESIAN_POINT('',(-3.75E-1,-2.5E-2,1.25E0));
#4593=DIRECTION('',(1.E0,0.E0,0.E0));
#4594=DIRECTION('',(0.E0,0.E0,-1.E0));
#4595=AXIS2_PLACEMENT_3D('',#4592,#4593,#4594);
#4596=PLANE('',#4595);
#4597=ORIENTED_EDGE('',*,*,#4246,.T.);
#4598=ORIENTED_EDGE('',*,*,#4587,.T.);
#4599=ORIENTED_EDGE('',*,*,#4401,.F.);
#4600=ORIENTED_EDGE('',*,*,#4561,.F.);
#4601=EDGE_LOOP('',(#4597,#4598,#4599,#4600));
#4602=FACE_OUTER_BOUND('',#4601,.F.);
#4604=CARTESIAN_POINT('',(-7.5E-1,0.E0,-1.25E0));
#4605=DIRECTION('',(-1.E0,0.E0,0.E0));
#4606=DIRECTION('',(0.E0,0.E0,1.E0));
#4607=AXIS2_PLACEMENT_3D('',#4604,#4605,#4606);
#4608=PLANE('',#4607);
#4609=ORIENTED_EDGE('',*,*,#4506,.F.);
#4611=ORIENTED_EDGE('',*,*,#4610,.F.);
#4612=ORIENTED_EDGE('',*,*,#4222,.F.);
#4613=ORIENTED_EDGE('',*,*,#4374,.T.);
#4615=ORIENTED_EDGE('',*,*,#4614,.T.);
#4616=ORIENTED_EDGE('',*,*,#4542,.F.);
#4617=ORIENTED_EDGE('',*,*,#4238,.F.);
#4619=ORIENTED_EDGE('',*,*,#4618,.T.);
#4620=ORIENTED_EDGE('',*,*,#4522,.F.);
#4622=ORIENTED_EDGE('',*,*,#4621,.F.);
#4623=ORIENTED_EDGE('',*,*,#4230,.F.);
#4625=ORIENTED_EDGE('',*,*,#4624,.T.);
#4626=EDGE_LOOP('',(#4609,#4611,#4612,#4613,#4615,#4616,#4617,#4619,#4620,#4622,
#4623,#4625));
#4627=FACE_OUTER_BOUND('',#4626,.F.);
#4629=ORIENTED_EDGE('',*,*,#4628,.F.);
#4631=ORIENTED_EDGE('',*,*,#4630,.T.);
#4633=ORIENTED_EDGE('',*,*,#4632,.T.);
#4635=ORIENTED_EDGE('',*,*,#4634,.F.);
#4636=EDGE_LOOP('',(#4629,#4631,#4633,#4635));
#4637=FACE_BOUND('',#4636,.F.);
#4639=ORIENTED_EDGE('',*,*,#4638,.F.);
#4641=ORIENTED_EDGE('',*,*,#4640,.T.);
#4643=ORIENTED_EDGE('',*,*,#4642,.T.);
#4645=ORIENTED_EDGE('',*,*,#4644,.F.);
#4646=EDGE_LOOP('',(#4639,#4641,#4643,#4645));
#4647=FACE_BOUND('',#4646,.F.);
#4649=CARTESIAN_POINT('',(-1.E-1,-2.5E-2,-5.E-1));
#4650=DIRECTION('',(0.E0,0.E0,-1.E0));
#4651=DIRECTION('',(-1.E0,0.E0,0.E0));
#4652=AXIS2_PLACEMENT_3D('',#4649,#4650,#4651);
#4653=PLANE('',#4652);
#4654=ORIENTED_EDGE('',*,*,#4224,.F.);
#4655=ORIENTED_EDGE('',*,*,#4610,.T.);
#4656=ORIENTED_EDGE('',*,*,#4512,.F.);
#4658=ORIENTED_EDGE('',*,*,#4657,.F.);
#4659=EDGE_LOOP('',(#4654,#4655,#4656,#4658));
#4660=FACE_OUTER_BOUND('',#4659,.F.);
#4662=CARTESIAN_POINT('',(-1.E-1,-2.5E-2,-4.E-1));
#4663=DIRECTION('',(0.E0,1.E0,0.E0));
#4664=DIRECTION('',(1.E0,0.E0,0.E0));
#4665=AXIS2_PLACEMENT_3D('',#4662,#4663,#4664);
#4666=CYLINDRICAL_SURFACE('',#4665,9.999999999999E-2);
#4667=ORIENTED_EDGE('',*,*,#4226,.T.);
#4668=ORIENTED_EDGE('',*,*,#4657,.T.);
#4669=ORIENTED_EDGE('',*,*,#4510,.F.);
#4671=ORIENTED_EDGE('',*,*,#4670,.F.);
#4672=EDGE_LOOP('',(#4667,#4668,#4669,#4671));
#4673=FACE_OUTER_BOUND('',#4672,.F.);
#4675=CARTESIAN_POINT('',(-7.5E-1,-2.5E-2,-3.E-1));
#4676=DIRECTION('',(0.E0,0.E0,1.E0));
#4677=DIRECTION('',(1.E0,0.E0,0.E0));
#4678=AXIS2_PLACEMENT_3D('',#4675,#4676,#4677);
#4679=PLANE('',#4678);
#4680=ORIENTED_EDGE('',*,*,#4228,.T.);
#4681=ORIENTED_EDGE('',*,*,#4670,.T.);
#4682=ORIENTED_EDGE('',*,*,#4508,.F.);
#4683=ORIENTED_EDGE('',*,*,#4624,.F.);
#4684=EDGE_LOOP('',(#4680,#4681,#4682,#4683));
#4685=FACE_OUTER_BOUND('',#4684,.F.);
#4687=CARTESIAN_POINT('',(0.E0,9.75E-1,0.E0));
#4688=DIRECTION('',(0.E0,1.E0,0.E0));
#4689=DIRECTION('',(1.E0,0.E0,0.E0));
#4690=AXIS2_PLACEMENT_3D('',#4687,#4688,#4689);
#4691=PLANE('',#4690);
#4692=ORIENTED_EDGE('',*,*,#4544,.F.);
#4693=ORIENTED_EDGE('',*,*,#4614,.F.);
#4694=ORIENTED_EDGE('',*,*,#4372,.F.);
#4696=ORIENTED_EDGE('',*,*,#4695,.F.);
#4697=EDGE_LOOP('',(#4692,#4693,#4694,#4696));
#4698=FACE_OUTER_BOUND('',#4697,.F.);
#4700=CARTESIAN_POINT('',(7.5E-1,0.E0,1.25E0));
#4701=DIRECTION('',(1.E0,0.E0,0.E0));
#4702=DIRECTION('',(0.E0,0.E0,-1.E0));
#4703=AXIS2_PLACEMENT_3D('',#4700,#4701,#4702);
#4704=PLANE('',#4703);
#4705=ORIENTED_EDGE('',*,*,#4447,.F.);
#4707=ORIENTED_EDGE('',*,*,#4706,.F.);
#4708=ORIENTED_EDGE('',*,*,#4266,.F.);
#4709=ORIENTED_EDGE('',*,*,#4546,.T.);
#4710=ORIENTED_EDGE('',*,*,#4695,.T.);
#4711=ORIENTED_EDGE('',*,*,#4370,.F.);
#4712=ORIENTED_EDGE('',*,*,#4274,.F.);
#4714=ORIENTED_EDGE('',*,*,#4713,.T.);
#4715=EDGE_LOOP('',(#4705,#4707,#4708,#4709,#4710,#4711,#4712,#4714));
#4716=FACE_OUTER_BOUND('',#4715,.F.);
#4718=ORIENTED_EDGE('',*,*,#4717,.T.);
#4720=ORIENTED_EDGE('',*,*,#4719,.T.);
#4722=ORIENTED_EDGE('',*,*,#4721,.F.);
#4724=ORIENTED_EDGE('',*,*,#4723,.F.);
#4725=EDGE_LOOP('',(#4718,#4720,#4722,#4724));
#4726=FACE_BOUND('',#4725,.F.);
#4728=ORIENTED_EDGE('',*,*,#4727,.T.);
#4730=ORIENTED_EDGE('',*,*,#4729,.T.);
#4732=ORIENTED_EDGE('',*,*,#4731,.F.);
#4734=ORIENTED_EDGE('',*,*,#4733,.F.);
#4735=EDGE_LOOP('',(#4728,#4730,#4732,#4734));
#4736=FACE_BOUND('',#4735,.F.);
#4738=CARTESIAN_POINT('',(1.E-1,-2.5E-2,9.999999999999E-2));
#4739=DIRECTION('',(0.E0,0.E0,1.E0));
#4740=DIRECTION('',(1.E0,0.E0,0.E0));
#4741=AXIS2_PLACEMENT_3D('',#4738,#4739,#4740);
#4742=PLANE('',#4741);
#4743=ORIENTED_EDGE('',*,*,#4268,.F.);
#4744=ORIENTED_EDGE('',*,*,#4706,.T.);
#4745=ORIENTED_EDGE('',*,*,#4453,.F.);
#4747=ORIENTED_EDGE('',*,*,#4746,.F.);
#4748=EDGE_LOOP('',(#4743,#4744,#4745,#4747));
#4749=FACE_OUTER_BOUND('',#4748,.F.);
#4751=CARTESIAN_POINT('',(1.E-1,-2.5E-2,0.E0));
#4752=DIRECTION('',(0.E0,1.E0,0.E0));
#4753=DIRECTION('',(1.E0,0.E0,0.E0));
#4754=AXIS2_PLACEMENT_3D('',#4751,#4752,#4753);
#4755=CYLINDRICAL_SURFACE('',#4754,9.999999999999E-2);
#4756=ORIENTED_EDGE('',*,*,#4270,.T.);
#4757=ORIENTED_EDGE('',*,*,#4746,.T.);
#4758=ORIENTED_EDGE('',*,*,#4451,.F.);
#4760=ORIENTED_EDGE('',*,*,#4759,.F.);
#4761=EDGE_LOOP('',(#4756,#4757,#4758,#4760));
#4762=FACE_OUTER_BOUND('',#4761,.F.);
#4764=CARTESIAN_POINT('',(7.5E-1,-2.5E-2,-9.999999999999E-2));
#4765=DIRECTION('',(0.E0,0.E0,-1.E0));
#4766=DIRECTION('',(-1.E0,0.E0,0.E0));
#4767=AXIS2_PLACEMENT_3D('',#4764,#4765,#4766);
#4768=PLANE('',#4767);
#4769=ORIENTED_EDGE('',*,*,#4272,.T.);
#4770=ORIENTED_EDGE('',*,*,#4759,.T.);
#4771=ORIENTED_EDGE('',*,*,#4449,.F.);
#4772=ORIENTED_EDGE('',*,*,#4713,.F.);
#4773=EDGE_LOOP('',(#4769,#4770,#4771,#4772));
#4774=FACE_OUTER_BOUND('',#4773,.F.);
#4776=CARTESIAN_POINT('',(0.E0,7.5E-2,0.E0));
#4777=DIRECTION('',(0.E0,1.E0,0.E0));
#4778=DIRECTION('',(1.E0,0.E0,0.E0));
#4779=AXIS2_PLACEMENT_3D('',#4776,#4777,#4778);
#4780=PLANE('',#4779);
#4781=ORIENTED_EDGE('',*,*,#4717,.F.);
#4783=ORIENTED_EDGE('',*,*,#4782,.F.);
#4785=ORIENTED_EDGE('',*,*,#4784,.F.);
#4787=ORIENTED_EDGE('',*,*,#4786,.F.);
#4788=EDGE_LOOP('',(#4781,#4783,#4785,#4787));
#4789=FACE_OUTER_BOUND('',#4788,.F.);
#4791=CARTESIAN_POINT('',(0.E0,7.5E-2,0.E0));
#4792=DIRECTION('',(0.E0,1.E0,0.E0));
#4793=DIRECTION('',(1.E0,0.E0,0.E0));
#4794=AXIS2_PLACEMENT_3D('',#4791,#4792,#4793);
#4795=PLANE('',#4794);
#4796=ORIENTED_EDGE('',*,*,#4727,.F.);
#4798=ORIENTED_EDGE('',*,*,#4797,.F.);
#4800=ORIENTED_EDGE('',*,*,#4799,.F.);
#4802=ORIENTED_EDGE('',*,*,#4801,.F.);
#4803=EDGE_LOOP('',(#4796,#4798,#4800,#4802));
#4804=FACE_OUTER_BOUND('',#4803,.F.);
#4806=CARTESIAN_POINT('',(0.E0,7.5E-2,0.E0));
#4807=DIRECTION('',(0.E0,1.E0,0.E0));
#4808=DIRECTION('',(1.E0,0.E0,0.E0));
#4809=AXIS2_PLACEMENT_3D('',#4806,#4807,#4808);
#4810=PLANE('',#4809);
#4811=ORIENTED_EDGE('',*,*,#4628,.T.);
#4813=ORIENTED_EDGE('',*,*,#4812,.F.);
#4815=ORIENTED_EDGE('',*,*,#4814,.F.);
#4817=ORIENTED_EDGE('',*,*,#4816,.F.);
#4818=EDGE_LOOP('',(#4811,#4813,#4815,#4817));
#4819=FACE_OUTER_BOUND('',#4818,.F.);
#4821=CARTESIAN_POINT('',(0.E0,7.5E-2,0.E0));
#4822=DIRECTION('',(0.E0,1.E0,0.E0));
#4823=DIRECTION('',(1.E0,0.E0,0.E0));
#4824=AXIS2_PLACEMENT_3D('',#4821,#4822,#4823);
#4825=PLANE('',#4824);
#4826=ORIENTED_EDGE('',*,*,#4638,.T.);
#4828=ORIENTED_EDGE('',*,*,#4827,.F.);
#4830=ORIENTED_EDGE('',*,*,#4829,.F.);
#4832=ORIENTED_EDGE('',*,*,#4831,.F.);
#4833=EDGE_LOOP('',(#4826,#4828,#4830,#4832));
#4834=FACE_OUTER_BOUND('',#4833,.F.);
#4836=CARTESIAN_POINT('',(6.5E-1,7.5E-2,1.1E0));
#4837=DIRECTION('',(0.E0,0.E0,1.E0));
#4838=DIRECTION('',(1.E0,0.E0,0.E0));
#4839=AXIS2_PLACEMENT_3D('',#4836,#4837,#4838);
#4840=PLANE('',#4839);
#4841=ORIENTED_EDGE('',*,*,#4723,.T.);
#4843=ORIENTED_EDGE('',*,*,#4842,.F.);
#4845=ORIENTED_EDGE('',*,*,#4844,.F.);
#4846=ORIENTED_EDGE('',*,*,#4782,.T.);
#4847=EDGE_LOOP('',(#4841,#4843,#4845,#4846));
#4848=FACE_OUTER_BOUND('',#4847,.F.);
#4850=CARTESIAN_POINT('',(0.E0,1.75E-1,0.E0));
#4851=DIRECTION('',(0.E0,1.E0,0.E0));
#4852=DIRECTION('',(1.E0,0.E0,0.E0));
#4853=AXIS2_PLACEMENT_3D('',#4850,#4851,#4852);
#4854=PLANE('',#4853);
#4855=ORIENTED_EDGE('',*,*,#4721,.T.);
#4857=ORIENTED_EDGE('',*,*,#4856,.T.);
#4859=ORIENTED_EDGE('',*,*,#4858,.T.);
#4860=ORIENTED_EDGE('',*,*,#4842,.T.);
#4861=EDGE_LOOP('',(#4855,#4857,#4859,#4860));
#4862=FACE_OUTER_BOUND('',#4861,.F.);
#4864=CARTESIAN_POINT('',(0.E0,1.75E-1,0.E0));
#4865=DIRECTION('',(0.E0,1.E0,0.E0));
#4866=DIRECTION('',(1.E0,0.E0,0.E0));
#4867=AXIS2_PLACEMENT_3D('',#4864,#4865,#4866);
#4868=PLANE('',#4867);
#4869=ORIENTED_EDGE('',*,*,#4731,.T.);
#4871=ORIENTED_EDGE('',*,*,#4870,.T.);
#4873=ORIENTED_EDGE('',*,*,#4872,.T.);
#4875=ORIENTED_EDGE('',*,*,#4874,.T.);
#4876=EDGE_LOOP('',(#4869,#4871,#4873,#4875));
#4877=FACE_OUTER_BOUND('',#4876,.F.);
#4879=CARTESIAN_POINT('',(0.E0,1.75E-1,0.E0));
#4880=DIRECTION('',(0.E0,1.E0,0.E0));
#4881=DIRECTION('',(1.E0,0.E0,0.E0));
#4882=AXIS2_PLACEMENT_3D('',#4879,#4880,#4881);
#4883=PLANE('',#4882);
#4884=ORIENTED_EDGE('',*,*,#4632,.F.);
#4886=ORIENTED_EDGE('',*,*,#4885,.T.);
#4888=ORIENTED_EDGE('',*,*,#4887,.T.);
#4890=ORIENTED_EDGE('',*,*,#4889,.T.);
#4891=EDGE_LOOP('',(#4884,#4886,#4888,#4890));
#4892=FACE_OUTER_BOUND('',#4891,.F.);
#4894=CARTESIAN_POINT('',(0.E0,1.75E-1,0.E0));
#4895=DIRECTION('',(0.E0,1.E0,0.E0));
#4896=DIRECTION('',(1.E0,0.E0,0.E0));
#4897=AXIS2_PLACEMENT_3D('',#4894,#4895,#4896);
#4898=PLANE('',#4897);
#4899=ORIENTED_EDGE('',*,*,#4642,.F.);
#4901=ORIENTED_EDGE('',*,*,#4900,.T.);
#4903=ORIENTED_EDGE('',*,*,#4902,.T.);
#4905=ORIENTED_EDGE('',*,*,#4904,.T.);
#4906=EDGE_LOOP('',(#4899,#4901,#4903,#4905));
#4907=FACE_OUTER_BOUND('',#4906,.F.);
#4909=CARTESIAN_POINT('',(7.5E-1,7.5E-2,9.E-1));
#4910=DIRECTION('',(0.E0,0.E0,-1.E0));
#4911=DIRECTION('',(-1.E0,0.E0,0.E0));
#4912=AXIS2_PLACEMENT_3D('',#4909,#4910,#4911);
#4913=PLANE('',#4912);
#4914=ORIENTED_EDGE('',*,*,#4719,.F.);
#4915=ORIENTED_EDGE('',*,*,#4786,.T.);
#4917=ORIENTED_EDGE('',*,*,#4916,.T.);
#4918=ORIENTED_EDGE('',*,*,#4856,.F.);
#4919=EDGE_LOOP('',(#4914,#4915,#4917,#4918));
#4920=FACE_OUTER_BOUND('',#4919,.F.);
#4922=CARTESIAN_POINT('',(6.5E-1,7.5E-2,9.E-1));
#4923=DIRECTION('',(-1.E0,0.E0,0.E0));
#4924=DIRECTION('',(0.E0,0.E0,1.E0));
#4925=AXIS2_PLACEMENT_3D('',#4922,#4923,#4924);
#4926=PLANE('',#4925);
#4927=ORIENTED_EDGE('',*,*,#4784,.T.);
#4928=ORIENTED_EDGE('',*,*,#4844,.T.);
#4929=ORIENTED_EDGE('',*,*,#4858,.F.);
#4930=ORIENTED_EDGE('',*,*,#4916,.F.);
#4931=EDGE_LOOP('',(#4927,#4928,#4929,#4930));
#4932=FACE_OUTER_BOUND('',#4931,.F.);
#4934=CARTESIAN_POINT('',(7.5E-1,7.5E-2,-1.1E0));
#4935=DIRECTION('',(0.E0,0.E0,-1.E0));
#4936=DIRECTION('',(-1.E0,0.E0,0.E0));
#4937=AXIS2_PLACEMENT_3D('',#4934,#4935,#4936);
#4938=PLANE('',#4937);
#4939=ORIENTED_EDGE('',*,*,#4729,.F.);
#4940=ORIENTED_EDGE('',*,*,#4801,.T.);
#4942=ORIENTED_EDGE('',*,*,#4941,.T.);
#4943=ORIENTED_EDGE('',*,*,#4870,.F.);
#4944=EDGE_LOOP('',(#4939,#4940,#4942,#4943));
#4945=FACE_OUTER_BOUND('',#4944,.F.);
#4947=CARTESIAN_POINT('',(6.5E-1,7.5E-2,-1.1E0));
#4948=DIRECTION('',(-1.E0,0.E0,0.E0));
#4949=DIRECTION('',(0.E0,0.E0,1.E0));
#4950=AXIS2_PLACEMENT_3D('',#4947,#4948,#4949);
#4951=PLANE('',#4950);
#4952=ORIENTED_EDGE('',*,*,#4799,.T.);
#4954=ORIENTED_EDGE('',*,*,#4953,.T.);
#4955=ORIENTED_EDGE('',*,*,#4872,.F.);
#4956=ORIENTED_EDGE('',*,*,#4941,.F.);
#4957=EDGE_LOOP('',(#4952,#4954,#4955,#4956));
#4958=FACE_OUTER_BOUND('',#4957,.F.);
#4960=CARTESIAN_POINT('',(6.5E-1,7.5E-2,-9.E-1));
#4961=DIRECTION('',(0.E0,0.E0,1.E0));
#4962=DIRECTION('',(1.E0,0.E0,0.E0));
#4963=AXIS2_PLACEMENT_3D('',#4960,#4961,#4962);
#4964=PLANE('',#4963);
#4965=ORIENTED_EDGE('',*,*,#4733,.T.);
#4966=ORIENTED_EDGE('',*,*,#4874,.F.);
#4967=ORIENTED_EDGE('',*,*,#4953,.F.);
#4968=ORIENTED_EDGE('',*,*,#4797,.T.);
#4969=EDGE_LOOP('',(#4965,#4966,#4967,#4968));
#4970=FACE_OUTER_BOUND('',#4969,.F.);
#4972=CARTESIAN_POINT('',(-7.5E-1,7.5E-2,1.1E0));
#4973=DIRECTION('',(0.E0,0.E0,1.E0));
#4974=DIRECTION('',(1.E0,0.E0,0.E0));
#4975=AXIS2_PLACEMENT_3D('',#4972,#4973,#4974);
#4976=PLANE('',#4975);
#4977=ORIENTED_EDGE('',*,*,#4630,.F.);
#4978=ORIENTED_EDGE('',*,*,#4816,.T.);
#4980=ORIENTED_EDGE('',*,*,#4979,.T.);
#4981=ORIENTED_EDGE('',*,*,#4885,.F.);
#4982=EDGE_LOOP('',(#4977,#4978,#4980,#4981));
#4983=FACE_OUTER_BOUND('',#4982,.F.);
#4985=CARTESIAN_POINT('',(-6.5E-1,7.5E-2,1.1E0));
#4986=DIRECTION('',(1.E0,0.E0,0.E0));
#4987=DIRECTION('',(0.E0,0.E0,-1.E0));
#4988=AXIS2_PLACEMENT_3D('',#4985,#4986,#4987);
#4989=PLANE('',#4988);
#4990=ORIENTED_EDGE('',*,*,#4814,.T.);
#4992=ORIENTED_EDGE('',*,*,#4991,.T.);
#4993=ORIENTED_EDGE('',*,*,#4887,.F.);
#4994=ORIENTED_EDGE('',*,*,#4979,.F.);
#4995=EDGE_LOOP('',(#4990,#4992,#4993,#4994));
#4996=FACE_OUTER_BOUND('',#4995,.F.);
#4998=CARTESIAN_POINT('',(-6.5E-1,7.5E-2,9.E-1));
#4999=DIRECTION('',(0.E0,0.E0,-1.E0));
#5000=DIRECTION('',(-1.E0,0.E0,0.E0));
#5001=AXIS2_PLACEMENT_3D('',#4998,#4999,#5000);
#5002=PLANE('',#5001);
#5003=ORIENTED_EDGE('',*,*,#4634,.T.);
#5004=ORIENTED_EDGE('',*,*,#4889,.F.);
#5005=ORIENTED_EDGE('',*,*,#4991,.F.);
#5006=ORIENTED_EDGE('',*,*,#4812,.T.);
#5007=EDGE_LOOP('',(#5003,#5004,#5005,#5006));
#5008=FACE_OUTER_BOUND('',#5007,.F.);
#5010=CARTESIAN_POINT('',(-7.5E-1,7.5E-2,-9.E-1));
#5011=DIRECTION('',(0.E0,0.E0,1.E0));
#5012=DIRECTION('',(1.E0,0.E0,0.E0));
#5013=AXIS2_PLACEMENT_3D('',#5010,#5011,#5012);
#5014=PLANE('',#5013);
#5015=ORIENTED_EDGE('',*,*,#4640,.F.);
#5016=ORIENTED_EDGE('',*,*,#4831,.T.);
#5018=ORIENTED_EDGE('',*,*,#5017,.T.);
#5019=ORIENTED_EDGE('',*,*,#4900,.F.);
#5020=EDGE_LOOP('',(#5015,#5016,#5018,#5019));
#5021=FACE_OUTER_BOUND('',#5020,.F.);
#5023=CARTESIAN_POINT('',(-6.5E-1,7.5E-2,-9.E-1));
#5024=DIRECTION('',(1.E0,0.E0,0.E0));
#5025=DIRECTION('',(0.E0,0.E0,-1.E0));
#5026=AXIS2_PLACEMENT_3D('',#5023,#5024,#5025);
#5027=PLANE('',#5026);
#5028=ORIENTED_EDGE('',*,*,#4829,.T.);
#5030=ORIENTED_EDGE('',*,*,#5029,.T.);
#5031=ORIENTED_EDGE('',*,*,#4902,.F.);
#5032=ORIENTED_EDGE('',*,*,#5017,.F.);
#5033=EDGE_LOOP('',(#5028,#5030,#5031,#5032));
#5034=FACE_OUTER_BOUND('',#5033,.F.);
#5036=CARTESIAN_POINT('',(-6.5E-1,7.5E-2,-1.1E0));
#5037=DIRECTION('',(0.E0,0.E0,-1.E0));
#5038=DIRECTION('',(-1.E0,0.E0,0.E0));
#5039=AXIS2_PLACEMENT_3D('',#5036,#5037,#5038);
#5040=PLANE('',#5039);
#5041=ORIENTED_EDGE('',*,*,#4644,.T.);
#5042=ORIENTED_EDGE('',*,*,#4904,.F.);
#5043=ORIENTED_EDGE('',*,*,#5029,.F.);
#5044=ORIENTED_EDGE('',*,*,#4827,.T.);
#5045=EDGE_LOOP('',(#5041,#5042,#5043,#5044));
#5046=FACE_OUTER_BOUND('',#5045,.F.);
#5048=CARTESIAN_POINT('',(-7.5E-1,-2.5E-2,5.E-1));
#5049=DIRECTION('',(0.E0,0.E0,1.E0));
#5050=DIRECTION('',(1.E0,0.E0,0.E0));
#5051=AXIS2_PLACEMENT_3D('',#5048,#5049,#5050);
#5052=PLANE('',#5051);
#5053=ORIENTED_EDGE('',*,*,#4236,.T.);
#5055=ORIENTED_EDGE('',*,*,#5054,.T.);
#5056=ORIENTED_EDGE('',*,*,#4524,.F.);
#5057=ORIENTED_EDGE('',*,*,#4618,.F.);
#5058=EDGE_LOOP('',(#5053,#5055,#5056,#5057));
#5059=FACE_OUTER_BOUND('',#5058,.F.);
#5061=CARTESIAN_POINT('',(-1.E-1,-2.5E-2,4.E-1));
#5062=DIRECTION('',(0.E0,1.E0,0.E0));
#5063=DIRECTION('',(1.E0,0.E0,0.E0));
#5064=AXIS2_PLACEMENT_3D('',#5061,#5062,#5063);
#5065=CYLINDRICAL_SURFACE('',#5064,9.999999999999E-2);
#5066=ORIENTED_EDGE('',*,*,#4234,.T.);
#5068=ORIENTED_EDGE('',*,*,#5067,.T.);
#5069=ORIENTED_EDGE('',*,*,#4526,.F.);
#5070=ORIENTED_EDGE('',*,*,#5054,.F.);
#5071=EDGE_LOOP('',(#5066,#5068,#5069,#5070));
#5072=FACE_OUTER_BOUND('',#5071,.F.);
#5074=CARTESIAN_POINT('',(-1.E-1,-2.5E-2,3.E-1));
#5075=DIRECTION('',(0.E0,0.E0,-1.E0));
#5076=DIRECTION('',(-1.E0,0.E0,0.E0));
#5077=AXIS2_PLACEMENT_3D('',#5074,#5075,#5076);
#5078=PLANE('',#5077);
#5079=ORIENTED_EDGE('',*,*,#4232,.F.);
#5080=ORIENTED_EDGE('',*,*,#4621,.T.);
#5081=ORIENTED_EDGE('',*,*,#4528,.F.);
#5082=ORIENTED_EDGE('',*,*,#5067,.F.);
#5083=EDGE_LOOP('',(#5079,#5080,#5081,#5082));
#5084=FACE_OUTER_BOUND('',#5083,.F.);
#5086=CARTESIAN_POINT('',(6.25E-1,-2.5E-2,1.25E0));
#5087=DIRECTION('',(1.E0,0.E0,0.E0));
#5088=DIRECTION('',(0.E0,0.E0,-1.E0));
#5089=AXIS2_PLACEMENT_3D('',#5086,#5087,#5088);
#5090=PLANE('',#5089);
#5091=ORIENTED_EDGE('',*,*,#4262,.T.);
#5093=ORIENTED_EDGE('',*,*,#5092,.T.);
#5094=ORIENTED_EDGE('',*,*,#4433,.F.);
#5095=ORIENTED_EDGE('',*,*,#4549,.F.);
#5096=EDGE_LOOP('',(#5091,#5093,#5094,#5095));
#5097=FACE_OUTER_BOUND('',#5096,.F.);
#5099=CARTESIAN_POINT('',(5.E-1,-2.5E-2,1.025E0));
#5100=DIRECTION('',(0.E0,1.E0,0.E0));
#5101=DIRECTION('',(1.E0,0.E0,0.E0));
#5102=AXIS2_PLACEMENT_3D('',#5099,#5100,#5101);
#5103=CYLINDRICAL_SURFACE('',#5102,1.25E-1);
#5104=ORIENTED_EDGE('',*,*,#4260,.T.);
#5106=ORIENTED_EDGE('',*,*,#5105,.T.);
#5107=ORIENTED_EDGE('',*,*,#4435,.F.);
#5108=ORIENTED_EDGE('',*,*,#5092,.F.);
#5109=EDGE_LOOP('',(#5104,#5106,#5107,#5108));
#5110=FACE_OUTER_BOUND('',#5109,.F.);
#5112=CARTESIAN_POINT('',(3.75E-1,-2.5E-2,1.025E0));
#5113=DIRECTION('',(-1.E0,0.E0,0.E0));
#5114=DIRECTION('',(0.E0,0.E0,1.E0));
#5115=AXIS2_PLACEMENT_3D('',#5112,#5113,#5114);
#5116=PLANE('',#5115);
#5117=ORIENTED_EDGE('',*,*,#4258,.F.);
#5118=ORIENTED_EDGE('',*,*,#4552,.T.);
#5119=ORIENTED_EDGE('',*,*,#4437,.F.);
#5120=ORIENTED_EDGE('',*,*,#5105,.F.);
#5121=EDGE_LOOP('',(#5117,#5118,#5119,#5120));
#5122=FACE_OUTER_BOUND('',#5121,.F.);
#5124=CARTESIAN_POINT('',(1.25E-1,-2.5E-2,1.25E0));
#5125=DIRECTION('',(1.E0,0.E0,0.E0));
#5126=DIRECTION('',(0.E0,0.E0,-1.E0));
#5127=AXIS2_PLACEMENT_3D('',#5124,#5125,#5126);
#5128=PLANE('',#5127);
#5129=ORIENTED_EDGE('',*,*,#4254,.T.);
#5131=ORIENTED_EDGE('',*,*,#5130,.T.);
#5132=ORIENTED_EDGE('',*,*,#4417,.F.);
#5133=ORIENTED_EDGE('',*,*,#4555,.F.);
#5134=EDGE_LOOP('',(#5129,#5131,#5132,#5133));
#5135=FACE_OUTER_BOUND('',#5134,.F.);
#5137=CARTESIAN_POINT('',(0.E0,-2.5E-2,1.025E0));
#5138=DIRECTION('',(0.E0,1.E0,0.E0));
#5139=DIRECTION('',(1.E0,0.E0,0.E0));
#5140=AXIS2_PLACEMENT_3D('',#5137,#5138,#5139);
#5141=CYLINDRICAL_SURFACE('',#5140,1.25E-1);
#5142=ORIENTED_EDGE('',*,*,#4252,.T.);
#5144=ORIENTED_EDGE('',*,*,#5143,.T.);
#5145=ORIENTED_EDGE('',*,*,#4419,.F.);
#5146=ORIENTED_EDGE('',*,*,#5130,.F.);
#5147=EDGE_LOOP('',(#5142,#5144,#5145,#5146));
#5148=FACE_OUTER_BOUND('',#5147,.F.);
#5150=CARTESIAN_POINT('',(-1.25E-1,-2.5E-2,1.025E0));
#5151=DIRECTION('',(-1.E0,0.E0,0.E0));
#5152=DIRECTION('',(0.E0,0.E0,1.E0));
#5153=AXIS2_PLACEMENT_3D('',#5150,#5151,#5152);
#5154=PLANE('',#5153);
#5155=ORIENTED_EDGE('',*,*,#4250,.F.);
#5156=ORIENTED_EDGE('',*,*,#4558,.T.);
#5157=ORIENTED_EDGE('',*,*,#4421,.F.);
#5158=ORIENTED_EDGE('',*,*,#5143,.F.);
#5159=EDGE_LOOP('',(#5155,#5156,#5157,#5158));
#5160=FACE_OUTER_BOUND('',#5159,.F.);
#5162=CARTESIAN_POINT('',(3.75E-1,-2.5E-2,-1.25E0));
#5163=DIRECTION('',(-1.E0,0.E0,0.E0));
#5164=DIRECTION('',(0.E0,0.E0,1.E0));
#5165=AXIS2_PLACEMENT_3D('',#5162,#5163,#5164);
#5166=PLANE('',#5165);
#5167=ORIENTED_EDGE('',*,*,#4282,.T.);
#5169=ORIENTED_EDGE('',*,*,#5168,.T.);
#5170=ORIENTED_EDGE('',*,*,#4464,.F.);
#5171=ORIENTED_EDGE('',*,*,#4389,.F.);
#5172=EDGE_LOOP('',(#5167,#5169,#5170,#5171));
#5173=FACE_OUTER_BOUND('',#5172,.F.);
#5175=CARTESIAN_POINT('',(5.E-1,-2.5E-2,-1.025E0));
#5176=DIRECTION('',(0.E0,1.E0,0.E0));
#5177=DIRECTION('',(1.E0,0.E0,0.E0));
#5178=AXIS2_PLACEMENT_3D('',#5175,#5176,#5177);
#5179=CYLINDRICAL_SURFACE('',#5178,1.25E-1);
#5180=ORIENTED_EDGE('',*,*,#4280,.T.);
#5182=ORIENTED_EDGE('',*,*,#5181,.T.);
#5183=ORIENTED_EDGE('',*,*,#4466,.F.);
#5184=ORIENTED_EDGE('',*,*,#5168,.F.);
#5185=EDGE_LOOP('',(#5180,#5182,#5183,#5184));
#5186=FACE_OUTER_BOUND('',#5185,.F.);
#5188=CARTESIAN_POINT('',(6.25E-1,-2.5E-2,-1.025E0));
#5189=DIRECTION('',(1.E0,0.E0,0.E0));
#5190=DIRECTION('',(0.E0,0.E0,-1.E0));
#5191=AXIS2_PLACEMENT_3D('',#5188,#5189,#5190);
#5192=PLANE('',#5191);
#5193=ORIENTED_EDGE('',*,*,#4278,.F.);
#5194=ORIENTED_EDGE('',*,*,#4367,.T.);
#5195=ORIENTED_EDGE('',*,*,#4468,.F.);
#5196=ORIENTED_EDGE('',*,*,#5181,.F.);
#5197=EDGE_LOOP('',(#5193,#5194,#5195,#5196));
#5198=FACE_OUTER_BOUND('',#5197,.F.);
#5200=CARTESIAN_POINT('',(-1.25E-1,-2.5E-2,-1.25E0));
#5201=DIRECTION('',(-1.E0,0.E0,0.E0));
#5202=DIRECTION('',(0.E0,0.E0,1.E0));
#5203=AXIS2_PLACEMENT_3D('',#5200,#5201,#5202);
#5204=PLANE('',#5203);
#5205=ORIENTED_EDGE('',*,*,#4290,.T.);
#5207=ORIENTED_EDGE('',*,*,#5206,.T.);
#5208=ORIENTED_EDGE('',*,*,#4479,.F.);
#5209=ORIENTED_EDGE('',*,*,#4382,.F.);
#5210=EDGE_LOOP('',(#5205,#5207,#5208,#5209));
#5211=FACE_OUTER_BOUND('',#5210,.F.);
#5213=CARTESIAN_POINT('',(0.E0,-2.5E-2,-1.025E0));
#5214=DIRECTION('',(0.E0,1.E0,0.E0));
#5215=DIRECTION('',(1.E0,0.E0,0.E0));
#5216=AXIS2_PLACEMENT_3D('',#5213,#5214,#5215);
#5217=CYLINDRICAL_SURFACE('',#5216,1.25E-1);
#5218=ORIENTED_EDGE('',*,*,#4288,.T.);
#5220=ORIENTED_EDGE('',*,*,#5219,.T.);
#5221=ORIENTED_EDGE('',*,*,#4481,.F.);
#5222=ORIENTED_EDGE('',*,*,#5206,.F.);
#5223=EDGE_LOOP('',(#5218,#5220,#5221,#5222));
#5224=FACE_OUTER_BOUND('',#5223,.F.);
#5226=CARTESIAN_POINT('',(1.25E-1,-2.5E-2,-1.025E0));
#5227=DIRECTION('',(1.E0,0.E0,0.E0));
#5228=DIRECTION('',(0.E0,0.E0,-1.E0));
#5229=AXIS2_PLACEMENT_3D('',#5226,#5227,#5228);
#5230=PLANE('',#5229);
#5231=ORIENTED_EDGE('',*,*,#4286,.F.);
#5232=ORIENTED_EDGE('',*,*,#4386,.T.);
#5233=ORIENTED_EDGE('',*,*,#4483,.F.);
#5234=ORIENTED_EDGE('',*,*,#5219,.F.);
#5235=EDGE_LOOP('',(#5231,#5232,#5233,#5234));
#5236=FACE_OUTER_BOUND('',#5235,.F.);
#5238=CLOSED_SHELL('',(#4302,#4317,#4331,#4345,#4359,#4393,#4409,#4425,#4441,
#4457,#4472,#4487,#4500,#4516,#4532,#4565,#4578,#4591,#4603,#4648,#4661,#4674,
#4686,#4699,#4737,#4750,#4763,#4775,#4790,#4805,#4820,#4835,#4849,#4863,#4878,
#4893,#4908,#4921,#4933,#4946,#4959,#4971,#4984,#4997,#5009,#5022,#5035,#5047,
#5060,#5073,#5085,#5098,#5111,#5123,#5136,#5149,#5161,#5174,#5187,#5199,#5212,
#5225,#5237));
#5239=MANIFOLD_SOLID_BREP('',#5238);
#5240=FILL_AREA_STYLE_COLOUR('',#3);
#5241=FILL_AREA_STYLE('',(#5240));
#5242=SURFACE_STYLE_FILL_AREA(#5241);
#5243=SURFACE_SIDE_STYLE('',(#5242));
#5244=SURFACE_STYLE_USAGE(.BOTH.,#5243);
#5245=PRESENTATION_STYLE_ASSIGNMENT((#5244));
#2771=STYLED_ITEM('',(#5245),#5239);
#5248=PLANE_ANGLE_MEASURE_WITH_UNIT(PLANE_ANGLE_MEASURE(1.745329251994E-2),
#5247);
#5249=(CONVERSION_BASED_UNIT('DEGREE',#5248)NAMED_UNIT(*)PLANE_ANGLE_UNIT());
#5251=UNCERTAINTY_MEASURE_WITH_UNIT(LENGTH_MEASURE(3.082083713204E-4),#5246,
'distance_accuracy_value',
'Maximum model space distance between geometric entities at asserted connectivities');
#5253=CARTESIAN_POINT('',(0.E0,0.E0,0.E0));
#5254=DIRECTION('',(0.E0,0.E0,1.E0));
#5255=DIRECTION('',(1.E0,0.E0,0.E0));
#5258=PRODUCT_CONTEXT('',#2705,'mechanical');
#5259=PRODUCT('MOLD','MOLD','NOT SPECIFIED',(#5258));
#5260=PRODUCT_DEFINITION_FORMATION('2','LAST_VERSION',#5259);
#5268=DERIVED_UNIT_ELEMENT(#5267,2.E0);
#5269=DERIVED_UNIT((#5268));
#5270=MEASURE_REPRESENTATION_ITEM('surface area measure',AREA_MEASURE(
1.612855459203E1),#5269);
#5275=DERIVED_UNIT_ELEMENT(#5274,3.E0);
#5276=DERIVED_UNIT((#5275));
#5277=MEASURE_REPRESENTATION_ITEM('volume measure',VOLUME_MEASURE(
3.578980573287E0),#5276);
#5281=CARTESIAN_POINT('centre point',(1.204232312854E-3,4.970198175277E-1,
3.261260251101E-5));
#5286=DERIVED_UNIT_ELEMENT(#5285,2.E0);
#5287=DERIVED_UNIT((#5286));
#5288=MEASURE_REPRESENTATION_ITEM('surface area measure',AREA_MEASURE(
1.612855459203E1),#5287);
#5293=DERIVED_UNIT_ELEMENT(#5292,3.E0);
#5294=DERIVED_UNIT((#5293));
#5295=MEASURE_REPRESENTATION_ITEM('volume measure',VOLUME_MEASURE(
3.578980573287E0),#5294);
#5299=CARTESIAN_POINT('centre point',(1.204232312854E-3,4.970198175277E-1,
3.261260251101E-5));
#5306=CARTESIAN_POINT('centre point',(1.204232312854E-3,-3.261260251101E-5,
5.220198175277E-1));
#5310=CARTESIAN_POINT('',(0.E0,0.E0,2.5E-2));
#5311=DIRECTION('',(0.E0,-1.E0,0.E0));
#5312=DIRECTION('',(1.E0,0.E0,0.E0));
#5313=AXIS2_PLACEMENT_3D('',#5310,#5311,#5312);
#5314=ITEM_DEFINED_TRANSFORMATION('','',#5256,#5313);
#5315=(REPRESENTATION_RELATIONSHIP('','',#5257,#2756)REPRESENTATION_RELATIONSHIP_WITH_TRANSFORMATION(#5314)SHAPE_REPRESENTATION_RELATIONSHIP());
#5316=CONTEXT_DEPENDENT_SHAPE_REPRESENTATION(#5315,#5305);
#5319=PLANE_ANGLE_MEASURE_WITH_UNIT(PLANE_ANGLE_MEASURE(1.745329251994E-2),
#5318);
#5320=(CONVERSION_BASED_UNIT('DEGREE',#5319)NAMED_UNIT(*)PLANE_ANGLE_UNIT());
#5322=UNCERTAINTY_MEASURE_WITH_UNIT(LENGTH_MEASURE(3.082083713204E-4),#5317,
'distance_accuracy_value',
'Maximum model space distance between geometric entities at asserted connectivities');
#5324=CARTESIAN_POINT('',(0.E0,0.E0,0.E0));
#5325=DIRECTION('',(0.E0,0.E0,1.E0));
#5326=DIRECTION('',(1.E0,0.E0,0.E0));
#5328=MECHANICAL_DESIGN_GEOMETRIC_PRESENTATION_REPRESENTATION('',(#37,#44,#51,
#58,#65,#72,#79,#86,#93,#100,#107,#114,#121,#128,#135,#214,#29,#284,#291,#299,
#306,#313,#320,#327,#334,#341,#348,#356,#363,#417,#277,#486,#493,#501,#508,#515,
#522,#529,#536,#543,#550,#558,#565,#619,#479,#688,#695,#703,#710,#717,#724,#731,
#738,#745,#752,#760,#767,#821,#681,#890,#897,#905,#912,#919,#926,#933,#940,#947,
#954,#962,#969,#1023,#883,#1092,#1099,#1107,#1114,#1121,#1128,#1135,#1142,#1149,
#1156,#1164,#1171,#1225,#1085,#1294,#1301,#1309,#1316,#1323,#1330,#1337,#1344,
#1351,#1358,#1366,#1373,#1427,#1287,#1496,#1504,#1511,#1518,#1525,#1532,#1539,
#1546,#1553,#1560,#1567,#1575,#1643,#1489,#1698,#1706,#1713,#1720,#1727,#1734,
#1741,#1748,#1755,#1762,#1769,#1777,#1845,#1691,#1900,#1907,#1914,#1921,#1928,
#1935,#1942,#1949,#1956,#1963,#1970,#1977,#2045,#1893,#2100,#2107,#2114,#2121,
#2128,#2135,#2142,#2149,#2156,#2163,#2170,#2177,#2231,#2093,#2300,#2307,#2314,
#2321,#2328,#2335,#2342,#2349,#2356,#2363,#2370,#2377,#2431,#2293,#2500,#2507,
#2514,#2521,#2528,#2535,#2542,#2549,#2556,#2563,#2570,#2577,#2645,#2493,#2778,
#2785,#2792,#2799,#2807,#2814,#2821,#2828,#2836,#2843,#2850,#2857,#2864,#2872,
#2879,#2886,#2893,#2901,#2908,#2915,#2922,#2930,#2937,#2944,#2951,#2958,#2966,
#2973,#2980,#2987,#2994,#3002,#3009,#3016,#3023,#3031,#3038,#3045,#3052,#3059,
#3066,#3073,#3080,#3087,#3094,#3101,#3108,#3115,#3122,#3129,#3136,#3143,#3150,
#3157,#3164,#3172,#3179,#3186,#3194,#3201,#3208,#3216,#3223,#3230,#3238,#3245,
#3252,#3260,#3267,#3274,#3282,#3289,#3296,#3303,#3310,#3317,#3324,#3332,#3339,
#3346,#3354,#3361,#3368,#3375,#3382,#3389,#3396,#3403,#3410,#3417,#3424,#3431,
#3438,#3445,#3452,#3459,#3466,#3473,#3480,#3487,#3494,#3501,#3508,#3515,#3522,
#3529,#3536,#3543,#3550,#3557,#3564,#3571,#3578,#3585,#3592,#3599,#3606,#3613,
#3620,#3627,#3634,#3641,#3648,#3655,#3662,#3669,#3676,#3683,#3690,#3697,#3704,
#3711,#3718,#3725,#3732,#3739,#3746,#3753,#3760,#3767,#3774,#3781,#3788,#3795,
#3802,#3809,#3816,#3823,#3830,#3837,#3844,#3851,#3858,#3865,#3872,#3879,#3886,
#3893,#3900,#3907,#3914,#3921,#3928,#3935,#3942,#3949,#3956,#3963,#3970,#3977,
#3984,#2771),#5323);
#5329=PRODUCT_DEFINITION_CONTEXT('part definition',#2705,'design');
#5330=PRODUCT_CONTEXT('',#2705,'mechanical');
#5331=PRODUCT('RQY0009A_ASM','RQY0009A_ASM','NOT SPECIFIED',(#5330));
#5332=PRODUCT_DEFINITION_FORMATION('1','LAST_VERSION',#5331);
#5335=DERIVED_UNIT_ELEMENT(#5334,2.E0);
#5336=DERIVED_UNIT((#5335));
#5337=MEASURE_REPRESENTATION_ITEM('surface area measure',AREA_MEASURE(
1.958047875373E1),#5336);
#5342=DERIVED_UNIT_ELEMENT(#5341,3.E0);
#5343=DERIVED_UNIT((#5342));
#5344=MEASURE_REPRESENTATION_ITEM('volume measure',VOLUME_MEASURE(
3.679339808504E0),#5343);
#5348=CARTESIAN_POINT('centre point',(-3.904606949118E-4,1.057415987547E-5,
5.093622348310E-1));
#5352=PRODUCT_RELATED_PRODUCT_CATEGORY('part','',(#5331,#2709,#5259));
#1=COLOUR_RGB('',0.E0,4.3E-1,1.E0);
#2=COLOUR_RGB('',0.E0,6.6E-1,0.E0);
#3=COLOUR_RGB('',9.8039E-2,9.8039E-2,9.8039E-2);
#4=COLOUR_RGB('',1.80392E-1,2.7451E-1,9.8039E-2);
#5=COLOUR_RGB('',3.E-1,1.29412E-1,2.5098E-1);
#6=COLOUR_RGB('',3.13725E-1,3.13725E-1,3.13725E-1);
#7=COLOUR_RGB('',3.2E-1,4.9E-1,1.76471E-1);
#8=COLOUR_RGB('',3.5E-1,3.5E-1,3.5E-1);
#9=COLOUR_RGB('',3.92157E-1,3.92157E-1,3.92157E-1);
#10=COLOUR_RGB('',5.7E-1,0.E0,1.E0);
#11=COLOUR_RGB('',5.9E-1,3.E-1,0.E0);
#12=COLOUR_RGB('',6.E-1,6.E-1,6.E-1);
#13=COLOUR_RGB('',6.2E-1,3.3E-1,2.3E-1);
#14=COLOUR_RGB('',6.35294E-1,6.86275E-1,7.4902E-1);
#15=COLOUR_RGB('',6.66667E-1,6.66667E-1,6.66667E-1);
#16=COLOUR_RGB('',6.9E-1,0.E0,0.E0);
#17=COLOUR_RGB('',7.E-1,7.E-1,7.E-1);
#18=COLOUR_RGB('',8.23529E-1,7.05882E-1,4.31373E-1);
#19=COLOUR_RGB('',8.39216E-1,8.90196E-1,7.68627E-1);
#20=COLOUR_RGB('',8.62745E-1,4.98039E-1,3.92157E-1);
#21=COLOUR_RGB('',8.7E-1,7.5E-1,4.9E-1);
#22=COLOUR_RGB('',8.82353E-1,8.82353E-1,8.82353E-1);
#23=COLOUR_RGB('',9.80392E-1,9.80392E-1,9.80392E-1);
#24=COLOUR_RGB('',9.9E-1,1.E0,0.E0);
#25=COLOUR_RGB('',1.E0,5.E-1,0.E0);
#26=COLOUR_RGB('',1.E0,6.19608E-1,5.17647E-1);
#27=DRAUGHTING_PRE_DEFINED_COLOUR('white');
#28=COLOUR_RGB('',0.E0,5.E-1,1.E0);
#161=EDGE_CURVE('',#138,#139,#33,.T.);
#163=EDGE_CURVE('',#139,#141,#41,.T.);
#165=EDGE_CURVE('',#141,#143,#48,.T.);
#167=EDGE_CURVE('',#143,#145,#55,.T.);
#169=EDGE_CURVE('',#145,#138,#62,.T.);
#173=ADVANCED_FACE('',(#172),#160,.F.);
#180=EDGE_CURVE('',#138,#148,#69,.T.);
#182=EDGE_CURVE('',#148,#149,#104,.T.);
#184=EDGE_CURVE('',#139,#149,#97,.T.);
#188=ADVANCED_FACE('',(#187),#178,.T.);
#195=EDGE_CURVE('',#145,#155,#76,.T.);
#197=EDGE_CURVE('',#155,#148,#111,.T.);
#202=ADVANCED_FACE('',(#201),#193,.T.);
#221=EDGE_CURVE('',#143,#153,#83,.T.);
#223=EDGE_CURVE('',#153,#155,#118,.T.);
#228=ADVANCED_FACE('',(#227),#219,.T.);
#235=EDGE_CURVE('',#141,#151,#90,.T.);
#237=EDGE_CURVE('',#151,#153,#125,.T.);
#242=ADVANCED_FACE('',(#241),#233,.T.);
#250=EDGE_CURVE('',#149,#151,#132,.T.);
#255=ADVANCED_FACE('',(#254),#247,.T.);
#268=ADVANCED_FACE('',(#267),#260,.T.);
#296=CIRCLE('',#295,9.999999999999E-2);
#353=CIRCLE('',#352,9.999999999999E-2);
#385=EDGE_CURVE('',#366,#367,#281,.T.);
#387=EDGE_CURVE('',#367,#369,#288,.T.);
#389=EDGE_CURVE('',#369,#371,#296,.T.);
#391=EDGE_CURVE('',#371,#366,#303,.T.);
#395=ADVANCED_FACE('',(#394),#384,.F.);
#402=EDGE_CURVE('',#366,#374,#310,.T.);
#404=EDGE_CURVE('',#374,#375,#338,.T.);
#406=EDGE_CURVE('',#367,#375,#331,.T.);
#410=ADVANCED_FACE('',(#409),#400,.T.);
#424=EDGE_CURVE('',#371,#379,#317,.T.);
#426=EDGE_CURVE('',#379,#374,#345,.T.);
#431=ADVANCED_FACE('',(#430),#422,.T.);
#438=EDGE_CURVE('',#369,#377,#324,.T.);
#440=EDGE_CURVE('',#377,#379,#353,.T.);
#445=ADVANCED_FACE('',(#444),#436,.T.);
#453=EDGE_CURVE('',#375,#377,#360,.T.);
#458=ADVANCED_FACE('',(#457),#450,.T.);
#470=ADVANCED_FACE('',(#469),#463,.T.);
#498=CIRCLE('',#497,9.999999999999E-2);
#555=CIRCLE('',#554,9.999999999999E-2);
#587=EDGE_CURVE('',#568,#569,#483,.T.);
#589=EDGE_CURVE('',#569,#571,#490,.T.);
#591=EDGE_CURVE('',#571,#573,#498,.T.);
#593=EDGE_CURVE('',#573,#568,#505,.T.);
#597=ADVANCED_FACE('',(#596),#586,.F.);
#604=EDGE_CURVE('',#568,#576,#512,.T.);
#606=EDGE_CURVE('',#576,#577,#540,.T.);
#608=EDGE_CURVE('',#569,#577,#533,.T.);
#612=ADVANCED_FACE('',(#611),#602,.T.);
#626=EDGE_CURVE('',#573,#581,#519,.T.);
#628=EDGE_CURVE('',#581,#576,#547,.T.);
#633=ADVANCED_FACE('',(#632),#624,.T.);
#640=EDGE_CURVE('',#571,#579,#526,.T.);
#642=EDGE_CURVE('',#579,#581,#555,.T.);
#647=ADVANCED_FACE('',(#646),#638,.T.);
#655=EDGE_CURVE('',#577,#579,#562,.T.);
#660=ADVANCED_FACE('',(#659),#652,.T.);
#672=ADVANCED_FACE('',(#671),#665,.T.);
#700=CIRCLE('',#699,1.25E-1);
#757=CIRCLE('',#756,1.25E-1);
#789=EDGE_CURVE('',#770,#771,#685,.T.);
#791=EDGE_CURVE('',#771,#773,#692,.T.);
#793=EDGE_CURVE('',#773,#775,#700,.T.);
#795=EDGE_CURVE('',#775,#770,#707,.T.);
#799=ADVANCED_FACE('',(#798),#788,.F.);
#806=EDGE_CURVE('',#770,#778,#714,.T.);
#808=EDGE_CURVE('',#778,#779,#742,.T.);
#810=EDGE_CURVE('',#771,#779,#735,.T.);
#814=ADVANCED_FACE('',(#813),#804,.T.);
#828=EDGE_CURVE('',#775,#783,#721,.T.);
#830=EDGE_CURVE('',#783,#778,#749,.T.);
#835=ADVANCED_FACE('',(#834),#826,.T.);
#842=EDGE_CURVE('',#773,#781,#728,.T.);
#844=EDGE_CURVE('',#781,#783,#757,.T.);
#849=ADVANCED_FACE('',(#848),#840,.T.);
#857=EDGE_CURVE('',#779,#781,#764,.T.);
#862=ADVANCED_FACE('',(#861),#854,.T.);
#874=ADVANCED_FACE('',(#873),#867,.T.);
#902=CIRCLE('',#901,1.25E-1);
#959=CIRCLE('',#958,1.25E-1);
#991=EDGE_CURVE('',#972,#973,#887,.T.);
#993=EDGE_CURVE('',#973,#975,#894,.T.);
#995=EDGE_CURVE('',#975,#977,#902,.T.);
#997=EDGE_CURVE('',#977,#972,#909,.T.);
#1001=ADVANCED_FACE('',(#1000),#990,.F.);
#1008=EDGE_CURVE('',#972,#980,#916,.T.);
#1010=EDGE_CURVE('',#980,#981,#944,.T.);
#1012=EDGE_CURVE('',#973,#981,#937,.T.);
#1016=ADVANCED_FACE('',(#1015),#1006,.T.);
#1030=EDGE_CURVE('',#977,#985,#923,.T.);
#1032=EDGE_CURVE('',#985,#980,#951,.T.);
#1037=ADVANCED_FACE('',(#1036),#1028,.T.);
#1044=EDGE_CURVE('',#975,#983,#930,.T.);
#1046=EDGE_CURVE('',#983,#985,#959,.T.);
#1051=ADVANCED_FACE('',(#1050),#1042,.T.);
#1059=EDGE_CURVE('',#981,#983,#966,.T.);
#1064=ADVANCED_FACE('',(#1063),#1056,.T.);
#1076=ADVANCED_FACE('',(#1075),#1069,.T.);
#1104=CIRCLE('',#1103,1.25E-1);
#1161=CIRCLE('',#1160,1.25E-1);
#1193=EDGE_CURVE('',#1174,#1175,#1089,.T.);
#1195=EDGE_CURVE('',#1175,#1177,#1096,.T.);
#1197=EDGE_CURVE('',#1177,#1179,#1104,.T.);
#1199=EDGE_CURVE('',#1179,#1174,#1111,.T.);
#1203=ADVANCED_FACE('',(#1202),#1192,.F.);
#1210=EDGE_CURVE('',#1174,#1182,#1118,.T.);
#1212=EDGE_CURVE('',#1182,#1183,#1146,.T.);
#1214=EDGE_CURVE('',#1175,#1183,#1139,.T.);
#1218=ADVANCED_FACE('',(#1217),#1208,.T.);
#1232=EDGE_CURVE('',#1179,#1187,#1125,.T.);
#1234=EDGE_CURVE('',#1187,#1182,#1153,.T.);
#1239=ADVANCED_FACE('',(#1238),#1230,.T.);
#1246=EDGE_CURVE('',#1177,#1185,#1132,.T.);
#1248=EDGE_CURVE('',#1185,#1187,#1161,.T.);
#1253=ADVANCED_FACE('',(#1252),#1244,.T.);
#1261=EDGE_CURVE('',#1183,#1185,#1168,.T.);
#1266=ADVANCED_FACE('',(#1265),#1258,.T.);
#1278=ADVANCED_FACE('',(#1277),#1271,.T.);
#1306=CIRCLE('',#1305,9.999999999999E-2);
#1363=CIRCLE('',#1362,9.999999999999E-2);
#1395=EDGE_CURVE('',#1376,#1377,#1291,.T.);
#1397=EDGE_CURVE('',#1377,#1379,#1298,.T.);
#1399=EDGE_CURVE('',#1379,#1381,#1306,.T.);
#1401=EDGE_CURVE('',#1381,#1376,#1313,.T.);
#1405=ADVANCED_FACE('',(#1404),#1394,.F.);
#1412=EDGE_CURVE('',#1376,#1384,#1320,.T.);
#1414=EDGE_CURVE('',#1384,#1385,#1348,.T.);
#1416=EDGE_CURVE('',#1377,#1385,#1341,.T.);
#1420=ADVANCED_FACE('',(#1419),#1410,.T.);
#1434=EDGE_CURVE('',#1381,#1389,#1327,.T.);
#1436=EDGE_CURVE('',#1389,#1384,#1355,.T.);
#1441=ADVANCED_FACE('',(#1440),#1432,.T.);
#1448=EDGE_CURVE('',#1379,#1387,#1334,.T.);
#1450=EDGE_CURVE('',#1387,#1389,#1363,.T.);
#1455=ADVANCED_FACE('',(#1454),#1446,.T.);
#1463=EDGE_CURVE('',#1385,#1387,#1370,.T.);
#1468=ADVANCED_FACE('',(#1467),#1460,.T.);
#1480=ADVANCED_FACE('',(#1479),#1473,.T.);
#1501=CIRCLE('',#1500,1.25E-1);
#1572=CIRCLE('',#1571,1.25E-1);
#1597=EDGE_CURVE('',#1578,#1579,#1493,.T.);
#1599=EDGE_CURVE('',#1579,#1581,#1501,.T.);
#1601=EDGE_CURVE('',#1581,#1583,#1508,.T.);
#1603=EDGE_CURVE('',#1583,#1578,#1515,.T.);
#1607=ADVANCED_FACE('',(#1606),#1596,.F.);
#1614=EDGE_CURVE('',#1578,#1586,#1522,.T.);
#1616=EDGE_CURVE('',#1586,#1587,#1550,.T.);
#1618=EDGE_CURVE('',#1579,#1587,#1543,.T.);
#1622=ADVANCED_FACE('',(#1621),#1612,.T.);
#1629=EDGE_CURVE('',#1583,#1591,#1529,.T.);
#1631=EDGE_CURVE('',#1591,#1586,#1557,.T.);
#1636=ADVANCED_FACE('',(#1635),#1627,.T.);
#1650=EDGE_CURVE('',#1581,#1589,#1536,.T.);
#1652=EDGE_CURVE('',#1589,#1591,#1564,.T.);
#1657=ADVANCED_FACE('',(#1656),#1648,.T.);
#1665=EDGE_CURVE('',#1587,#1589,#1572,.T.);
#1670=ADVANCED_FACE('',(#1669),#1662,.T.);
#1682=ADVANCED_FACE('',(#1681),#1675,.T.);
#1703=CIRCLE('',#1702,1.25E-1);
#1774=CIRCLE('',#1773,1.25E-1);
#1799=EDGE_CURVE('',#1780,#1781,#1695,.T.);
#1801=EDGE_CURVE('',#1781,#1783,#1703,.T.);
#1803=EDGE_CURVE('',#1783,#1785,#1710,.T.);
#1805=EDGE_CURVE('',#1785,#1780,#1717,.T.);
#1809=ADVANCED_FACE('',(#1808),#1798,.F.);
#1816=EDGE_CURVE('',#1780,#1788,#1724,.T.);
#1818=EDGE_CURVE('',#1788,#1789,#1752,.T.);
#1820=EDGE_CURVE('',#1781,#1789,#1745,.T.);
#1824=ADVANCED_FACE('',(#1823),#1814,.T.);
#1831=EDGE_CURVE('',#1785,#1793,#1731,.T.);
#1833=EDGE_CURVE('',#1793,#1788,#1759,.T.);
#1838=ADVANCED_FACE('',(#1837),#1829,.T.);
#1852=EDGE_CURVE('',#1783,#1791,#1738,.T.);
#1854=EDGE_CURVE('',#1791,#1793,#1766,.T.);
#1859=ADVANCED_FACE('',(#1858),#1850,.T.);
#1867=EDGE_CURVE('',#1789,#1791,#1774,.T.);
#1872=ADVANCED_FACE('',(#1871),#1864,.T.);
#1884=ADVANCED_FACE('',(#1883),#1877,.T.);
#1999=EDGE_CURVE('',#1980,#1981,#1897,.T.);
#2001=EDGE_CURVE('',#1981,#1983,#1904,.T.);
#2003=EDGE_CURVE('',#1983,#1985,#1911,.T.);
#2005=EDGE_CURVE('',#1985,#1980,#1918,.T.);
#2009=ADVANCED_FACE('',(#2008),#1998,.F.);
#2016=EDGE_CURVE('',#1980,#1988,#1925,.T.);
#2018=EDGE_CURVE('',#1988,#1989,#1953,.T.);
#2020=EDGE_CURVE('',#1981,#1989,#1946,.T.);
#2024=ADVANCED_FACE('',(#2023),#2014,.T.);
#2031=EDGE_CURVE('',#1985,#1993,#1932,.T.);
#2033=EDGE_CURVE('',#1993,#1988,#1960,.T.);
#2038=ADVANCED_FACE('',(#2037),#2029,.T.);
#2052=EDGE_CURVE('',#1983,#1991,#1939,.T.);
#2054=EDGE_CURVE('',#1991,#1993,#1967,.T.);
#2059=ADVANCED_FACE('',(#2058),#2050,.T.);
#2067=EDGE_CURVE('',#1989,#1991,#1974,.T.);
#2072=ADVANCED_FACE('',(#2071),#2064,.T.);
#2084=ADVANCED_FACE('',(#2083),#2077,.T.);
#2199=EDGE_CURVE('',#2180,#2181,#2097,.T.);
#2201=EDGE_CURVE('',#2181,#2183,#2104,.T.);
#2203=EDGE_CURVE('',#2183,#2185,#2111,.T.);
#2205=EDGE_CURVE('',#2185,#2180,#2118,.T.);
#2209=ADVANCED_FACE('',(#2208),#2198,.F.);
#2216=EDGE_CURVE('',#2180,#2188,#2125,.T.);
#2218=EDGE_CURVE('',#2188,#2189,#2153,.T.);
#2220=EDGE_CURVE('',#2181,#2189,#2146,.T.);
#2224=ADVANCED_FACE('',(#2223),#2214,.T.);
#2238=EDGE_CURVE('',#2185,#2193,#2132,.T.);
#2240=EDGE_CURVE('',#2193,#2188,#2160,.T.);
#2245=ADVANCED_FACE('',(#2244),#2236,.T.);
#2252=EDGE_CURVE('',#2183,#2191,#2139,.T.);
#2254=EDGE_CURVE('',#2191,#2193,#2167,.T.);
#2259=ADVANCED_FACE('',(#2258),#2250,.T.);
#2267=EDGE_CURVE('',#2189,#2191,#2174,.T.);
#2272=ADVANCED_FACE('',(#2271),#2264,.T.);
#2284=ADVANCED_FACE('',(#2283),#2277,.T.);
#2399=EDGE_CURVE('',#2380,#2381,#2297,.T.);
#2401=EDGE_CURVE('',#2381,#2383,#2304,.T.);
#2403=EDGE_CURVE('',#2383,#2385,#2311,.T.);
#2405=EDGE_CURVE('',#2385,#2380,#2318,.T.);
#2409=ADVANCED_FACE('',(#2408),#2398,.F.);
#2416=EDGE_CURVE('',#2380,#2388,#2325,.T.);
#2418=EDGE_CURVE('',#2388,#2389,#2353,.T.);
#2420=EDGE_CURVE('',#2381,#2389,#2346,.T.);
#2424=ADVANCED_FACE('',(#2423),#2414,.T.);
#2438=EDGE_CURVE('',#2385,#2393,#2332,.T.);
#2440=EDGE_CURVE('',#2393,#2388,#2360,.T.);
#2445=ADVANCED_FACE('',(#2444),#2436,.T.);
#2452=EDGE_CURVE('',#2383,#2391,#2339,.T.);
#2454=EDGE_CURVE('',#2391,#2393,#2367,.T.);
#2459=ADVANCED_FACE('',(#2458),#2450,.T.);
#2467=EDGE_CURVE('',#2389,#2391,#2374,.T.);
#2472=ADVANCED_FACE('',(#2471),#2464,.T.);
#2484=ADVANCED_FACE('',(#2483),#2477,.T.);
#2599=EDGE_CURVE('',#2580,#2581,#2497,.T.);
#2601=EDGE_CURVE('',#2581,#2583,#2504,.T.);
#2603=EDGE_CURVE('',#2583,#2585,#2511,.T.);
#2605=EDGE_CURVE('',#2585,#2580,#2518,.T.);
#2609=ADVANCED_FACE('',(#2608),#2598,.F.);
#2616=EDGE_CURVE('',#2580,#2588,#2525,.T.);
#2618=EDGE_CURVE('',#2588,#2589,#2553,.T.);
#2620=EDGE_CURVE('',#2581,#2589,#2546,.T.);
#2624=ADVANCED_FACE('',(#2623),#2614,.T.);
#2631=EDGE_CURVE('',#2585,#2593,#2532,.T.);
#2633=EDGE_CURVE('',#2593,#2588,#2560,.T.);
#2638=ADVANCED_FACE('',(#2637),#2629,.T.);
#2652=EDGE_CURVE('',#2583,#2591,#2539,.T.);
#2654=EDGE_CURVE('',#2591,#2593,#2567,.T.);
#2659=ADVANCED_FACE('',(#2658),#2650,.T.);
#2667=EDGE_CURVE('',#2589,#2591,#2574,.T.);
#2672=ADVANCED_FACE('',(#2671),#2664,.T.);
#2684=ADVANCED_FACE('',(#2683),#2677,.T.);
#2693=(LENGTH_UNIT()NAMED_UNIT(*)SI_UNIT(.MILLI.,.METRE.));
#2694=(NAMED_UNIT(*)PLANE_ANGLE_UNIT()SI_UNIT($,.RADIAN.));
#2697=(NAMED_UNIT(*)SI_UNIT($,.STERADIAN.)SOLID_ANGLE_UNIT());
#2699=(GEOMETRIC_REPRESENTATION_CONTEXT(3)GLOBAL_UNCERTAINTY_ASSIGNED_CONTEXT((
#2698))GLOBAL_UNIT_ASSIGNED_CONTEXT((#2693,#2696,#2697))REPRESENTATION_CONTEXT(
'ID1','3'));
#2703=AXIS2_PLACEMENT_3D('',#2700,#2701,#2702);
#2704=ADVANCED_BREP_SHAPE_REPRESENTATION('',(#2703,#270,#472,#674,#876,#1078,
#1280,#1482,#1684,#1886,#2086,#2286,#2486,#2686),#2699);
#2711=PRODUCT_DEFINITION('part definition','',#2710,#2707);
#2712=PRODUCT_DEFINITION_SHAPE('','SHAPE FOR FRAME.',#2711);
#2713=SHAPE_ASPECT('','solid data associated with FRAME',#2712,.F.);
#2714=PROPERTY_DEFINITION('',
'shape for solid data with which properties are associated',#2713);
#2715=SHAPE_REPRESENTATION('',(#2686),#2699);
#2716=SHAPE_DEFINITION_REPRESENTATION(#2714,#2715);
#2717=(LENGTH_UNIT()NAMED_UNIT(*)SI_UNIT(.MILLI.,.METRE.));
#2721=PROPERTY_DEFINITION('geometric validation property','area of FRAME',
#2713);
#2722=REPRESENTATION('surface area',(#2720),#2699);
#2723=PROPERTY_DEFINITION_REPRESENTATION(#2721,#2722);
#2724=(LENGTH_UNIT()NAMED_UNIT(*)SI_UNIT(.MILLI.,.METRE.));
#2728=PROPERTY_DEFINITION('geometric validation property','volume of FRAME',
#2713);
#2729=REPRESENTATION('volume',(#2727),#2699);
#2730=PROPERTY_DEFINITION_REPRESENTATION(#2728,#2729);
#2732=PROPERTY_DEFINITION('geometric validation property','centroid of FRAME',
#2713);
#2733=REPRESENTATION('centroid',(#2731),#2699);
#2734=PROPERTY_DEFINITION_REPRESENTATION(#2732,#2733);
#2735=(LENGTH_UNIT()NAMED_UNIT(*)SI_UNIT(.MILLI.,.METRE.));
#2739=PROPERTY_DEFINITION('geometric validation property','area of FRAME',
#2712);
#2740=REPRESENTATION('surface area',(#2738),#2699);
#2741=PROPERTY_DEFINITION_REPRESENTATION(#2739,#2740);
#2742=(LENGTH_UNIT()NAMED_UNIT(*)SI_UNIT(.MILLI.,.METRE.));
#2746=PROPERTY_DEFINITION('geometric validation property','volume of FRAME',
#2712);
#2747=REPRESENTATION('volume',(#2745),#2699);
#2748=PROPERTY_DEFINITION_REPRESENTATION(#2746,#2747);
#2750=PROPERTY_DEFINITION('geometric validation property','centroid of FRAME',
#2712);
#2751=REPRESENTATION('centroid',(#2749),#2699);
#2752=PROPERTY_DEFINITION_REPRESENTATION(#2750,#2751);
#2753=SHAPE_DEFINITION_REPRESENTATION(#2712,#2704);
#2754=SHAPE_DEFINITION_REPRESENTATION(#2755,#2756);
#2755=PRODUCT_DEFINITION_SHAPE('','SHAPE FOR RQY0009A_ASM.',#5333);
#2756=SHAPE_REPRESENTATION('',(#2766,#5313,#5327),#5323);
#2757=NEXT_ASSEMBLY_USAGE_OCCURRENCE('0','Next assembly relationship','FRAME',
#5333,#2711,$);
#2758=PRODUCT_DEFINITION_SHAPE('Placement #0',
'Placement of FRAME with respect to RQY0009A_ASM',#2757);
#2760=PROPERTY_DEFINITION('geometric validation property','centroid of FRAME',
#2758);
#2761=REPRESENTATION('centroid',(#2759),#2699);
#2762=PROPERTY_DEFINITION_REPRESENTATION(#2760,#2761);
#2770=COLOUR_RGB('',0.E0,5.E-1,1.E0);
#2804=CIRCLE('',#2803,9.999999999999E-2);
#2833=CIRCLE('',#2832,9.999999999999E-2);
#2869=CIRCLE('',#2868,1.25E-1);
#2898=CIRCLE('',#2897,1.25E-1);
#2927=CIRCLE('',#2926,1.25E-1);
#2963=CIRCLE('',#2962,9.999999999999E-2);
#2999=CIRCLE('',#2998,1.25E-1);
#3028=CIRCLE('',#3027,1.25E-1);
#3169=CIRCLE('',#3168,1.25E-1);
#3191=CIRCLE('',#3190,1.25E-1);
#3213=CIRCLE('',#3212,1.25E-1);
#3235=CIRCLE('',#3234,9.999999999999E-2);
#3257=CIRCLE('',#3256,1.25E-1);
#3279=CIRCLE('',#3278,1.25E-1);
#3329=CIRCLE('',#3328,9.999999999999E-2);
#3351=CIRCLE('',#3350,9.999999999999E-2);
#4218=EDGE_CURVE('',#4073,#4074,#2775,.T.);
#4220=EDGE_CURVE('',#4073,#4000,#2782,.T.);
#4222=EDGE_CURVE('',#4000,#4088,#2789,.T.);
#4224=EDGE_CURVE('',#4088,#4086,#2796,.T.);
#4226=EDGE_CURVE('',#4084,#4086,#2804,.T.);
#4228=EDGE_CURVE('',#4083,#4084,#2811,.T.);
#4230=EDGE_CURVE('',#4083,#4096,#2818,.T.);
#4232=EDGE_CURVE('',#4096,#4094,#2825,.T.);
#4234=EDGE_CURVE('',#4092,#4094,#2833,.T.);
#4236=EDGE_CURVE('',#4091,#4092,#2840,.T.);
#4238=EDGE_CURVE('',#4091,#3994,#2847,.T.);
#4240=EDGE_CURVE('',#3994,#4104,#2854,.T.);
#4242=EDGE_CURVE('',#4104,#4102,#2861,.T.);
#4244=EDGE_CURVE('',#4100,#4102,#2869,.T.);
#4246=EDGE_CURVE('',#4099,#4100,#2876,.T.);
#4248=EDGE_CURVE('',#4099,#4112,#2883,.T.);
#4250=EDGE_CURVE('',#4112,#4110,#2890,.T.);
#4252=EDGE_CURVE('',#4108,#4110,#2898,.T.);
#4254=EDGE_CURVE('',#4107,#4108,#2905,.T.);
#4256=EDGE_CURVE('',#4107,#4120,#2912,.T.);
#4258=EDGE_CURVE('',#4120,#4118,#2919,.T.);
#4260=EDGE_CURVE('',#4116,#4118,#2927,.T.);
#4262=EDGE_CURVE('',#4115,#4116,#2934,.T.);
#4264=EDGE_CURVE('',#4115,#3996,#2941,.T.);
#4266=EDGE_CURVE('',#3996,#4128,#2948,.T.);
#4268=EDGE_CURVE('',#4128,#4126,#2955,.T.);
#4270=EDGE_CURVE('',#4124,#4126,#2963,.T.);
#4272=EDGE_CURVE('',#4123,#4124,#2970,.T.);
#4274=EDGE_CURVE('',#4123,#3998,#2977,.T.);
#4276=EDGE_CURVE('',#3998,#4136,#2984,.T.);
#4278=EDGE_CURVE('',#4136,#4134,#2991,.T.);
#4280=EDGE_CURVE('',#4132,#4134,#2999,.T.);
#4282=EDGE_CURVE('',#4131,#4132,#3006,.T.);
#4284=EDGE_CURVE('',#4131,#4144,#3013,.T.);
#4286=EDGE_CURVE('',#4144,#4142,#3020,.T.);
#4288=EDGE_CURVE('',#4140,#4142,#3028,.T.);
#4290=EDGE_CURVE('',#4139,#4140,#3035,.T.);
#4292=EDGE_CURVE('',#4139,#4080,#3042,.T.);
#4294=EDGE_CURVE('',#4080,#4078,#3049,.T.);
#4296=EDGE_CURVE('',#4076,#4078,#3056,.T.);
#4298=EDGE_CURVE('',#4074,#4076,#3063,.T.);
#4302=ADVANCED_FACE('',(#4301),#4217,.F.);
#4309=EDGE_CURVE('',#4074,#4003,#3070,.T.);
#4311=EDGE_CURVE('',#4188,#4003,#3293,.T.);
#4313=EDGE_CURVE('',#4073,#4188,#3112,.T.);
#4317=ADVANCED_FACE('',(#4316),#4307,.F.);
#4324=EDGE_CURVE('',#4076,#4004,#3077,.T.);
#4326=EDGE_CURVE('',#4003,#4004,#3300,.T.);
#4331=ADVANCED_FACE('',(#4330),#4322,.F.);
#4338=EDGE_CURVE('',#4078,#4006,#3084,.T.);
#4340=EDGE_CURVE('',#4004,#4006,#3307,.T.);
#4345=ADVANCED_FACE('',(#4344),#4336,.F.);
#4352=EDGE_CURVE('',#4080,#4187,#3126,.T.);
#4354=EDGE_CURVE('',#4006,#4187,#3314,.T.);
#4359=ADVANCED_FACE('',(#4358),#4350,.F.);
#4365=EDGE_CURVE('',#4179,#4180,#3091,.T.);
#4367=EDGE_CURVE('',#4136,#4179,#3098,.T.);
#4370=EDGE_CURVE('',#3998,#3990,#3105,.T.);
#4372=EDGE_CURVE('',#3990,#3992,#3582,.T.);
#4374=EDGE_CURVE('',#4000,#3992,#3463,.T.);
#4378=EDGE_CURVE('',#4187,#4188,#3119,.T.);
#4382=EDGE_CURVE('',#4139,#4184,#3133,.T.);
#4384=EDGE_CURVE('',#4183,#4184,#3140,.T.);
#4386=EDGE_CURVE('',#4144,#4183,#3147,.T.);
#4389=EDGE_CURVE('',#4131,#4180,#3154,.T.);
#4393=ADVANCED_FACE('',(#4392),#4364,.T.);
#4399=EDGE_CURVE('',#4147,#4148,#3365,.T.);
#4401=EDGE_CURVE('',#4148,#4017,#3161,.T.);
#4403=EDGE_CURVE('',#4017,#4018,#3169,.T.);
#4405=EDGE_CURVE('',#4018,#4147,#3176,.T.);
#4409=ADVANCED_FACE('',(#4408),#4398,.F.);
#4415=EDGE_CURVE('',#4151,#4152,#3414,.T.);
#4417=EDGE_CURVE('',#4152,#4021,#3183,.T.);
#4419=EDGE_CURVE('',#4021,#4022,#3191,.T.);
#4421=EDGE_CURVE('',#4022,#4151,#3198,.T.);
#4425=ADVANCED_FACE('',(#4424),#4414,.F.);
#4431=EDGE_CURVE('',#4155,#4156,#3393,.T.);
#4433=EDGE_CURVE('',#4156,#4025,#3205,.T.);
#4435=EDGE_CURVE('',#4025,#4026,#3213,.T.);
#4437=EDGE_CURVE('',#4026,#4155,#3220,.T.);
#4441=ADVANCED_FACE('',(#4440),#4430,.F.);
#4447=EDGE_CURVE('',#4159,#4160,#3596,.T.);
#4449=EDGE_CURVE('',#4160,#4029,#3227,.T.);
#4451=EDGE_CURVE('',#4029,#4030,#3235,.T.);
#4453=EDGE_CURVE('',#4030,#4159,#3242,.T.);
#4457=ADVANCED_FACE('',(#4456),#4446,.F.);
#4464=EDGE_CURVE('',#4180,#4033,#3249,.T.);
#4466=EDGE_CURVE('',#4033,#4034,#3257,.T.);
#4468=EDGE_CURVE('',#4034,#4179,#3264,.T.);
#4472=ADVANCED_FACE('',(#4471),#4462,.F.);
#4479=EDGE_CURVE('',#4184,#4037,#3271,.T.);
#4481=EDGE_CURVE('',#4037,#4038,#3279,.T.);
#4483=EDGE_CURVE('',#4038,#4183,#3286,.T.);
#4487=ADVANCED_FACE('',(#4486),#4477,.F.);
#4500=ADVANCED_FACE('',(#4499),#4492,.F.);
#4506=EDGE_CURVE('',#4191,#4192,#3449,.T.);
#4508=EDGE_CURVE('',#4192,#4009,#3321,.T.);
#4510=EDGE_CURVE('',#4009,#4010,#3329,.T.);
#4512=EDGE_CURVE('',#4010,#4191,#3336,.T.);
#4516=ADVANCED_FACE('',(#4515),#4505,.F.);
#4522=EDGE_CURVE('',#4195,#4196,#3477,.T.);
#4524=EDGE_CURVE('',#4196,#4013,#3343,.T.);
#4526=EDGE_CURVE('',#4013,#4014,#3351,.T.);
#4528=EDGE_CURVE('',#4014,#4195,#3358,.T.);
#4532=ADVANCED_FACE('',(#4531),#4521,.F.);
#4539=EDGE_CURVE('',#4104,#4147,#3372,.T.);
#4542=EDGE_CURVE('',#3994,#3987,#3379,.T.);
#4544=EDGE_CURVE('',#3987,#3988,#3568,.T.);
#4546=EDGE_CURVE('',#3996,#3988,#3610,.T.);
#4549=EDGE_CURVE('',#4115,#4156,#3386,.T.);
#4552=EDGE_CURVE('',#4120,#4155,#3400,.T.);
#4555=EDGE_CURVE('',#4107,#4152,#3407,.T.);
#4558=EDGE_CURVE('',#4112,#4151,#3421,.T.);
#4561=EDGE_CURVE('',#4099,#4148,#3428,.T.);
#4565=ADVANCED_FACE('',(#4564),#4537,.T.);
#4574=EDGE_CURVE('',#4102,#4018,#3435,.T.);
#4578=ADVANCED_FACE('',(#4577),#4570,.F.);
#4587=EDGE_CURVE('',#4100,#4017,#3442,.T.);
#4591=ADVANCED_FACE('',(#4590),#4583,.F.);
#4603=ADVANCED_FACE('',(#4602),#4596,.F.);
#4610=EDGE_CURVE('',#4088,#4191,#3456,.T.);
#4614=EDGE_CURVE('',#3992,#3987,#3575,.T.);
#4618=EDGE_CURVE('',#4091,#4196,#3470,.T.);
#4621=EDGE_CURVE('',#4096,#4195,#3484,.T.);
#4624=EDGE_CURVE('',#4083,#4192,#3491,.T.);
#4628=EDGE_CURVE('',#4199,#4200,#3498,.T.);
#4630=EDGE_CURVE('',#4199,#4207,#3505,.T.);
#4632=EDGE_CURVE('',#4207,#4208,#3512,.T.);
#4634=EDGE_CURVE('',#4200,#4208,#3519,.T.);
#4638=EDGE_CURVE('',#4203,#4204,#3526,.T.);
#4640=EDGE_CURVE('',#4203,#4211,#3533,.T.);
#4642=EDGE_CURVE('',#4211,#4212,#3540,.T.);
#4644=EDGE_CURVE('',#4204,#4212,#3547,.T.);
#4648=ADVANCED_FACE('',(#4627,#4637,#4647),#4608,.T.);
#4657=EDGE_CURVE('',#4086,#4010,#3554,.T.);
#4661=ADVANCED_FACE('',(#4660),#4653,.F.);
#4670=EDGE_CURVE('',#4084,#4009,#3561,.T.);
#4674=ADVANCED_FACE('',(#4673),#4666,.F.);
#4686=ADVANCED_FACE('',(#4685),#4679,.F.);
#4695=EDGE_CURVE('',#3988,#3990,#3589,.T.);
#4699=ADVANCED_FACE('',(#4698),#4691,.T.);
#4706=EDGE_CURVE('',#4128,#4159,#3603,.T.);
#4713=EDGE_CURVE('',#4123,#4160,#3617,.T.);
#4717=EDGE_CURVE('',#4163,#4164,#3624,.T.);
#4719=EDGE_CURVE('',#4164,#4172,#3631,.T.);
#4721=EDGE_CURVE('',#4171,#4172,#3638,.T.);
#4723=EDGE_CURVE('',#4163,#4171,#3645,.T.);
#4727=EDGE_CURVE('',#4167,#4168,#3652,.T.);
#4729=EDGE_CURVE('',#4168,#4176,#3659,.T.);
#4731=EDGE_CURVE('',#4175,#4176,#3666,.T.);
#4733=EDGE_CURVE('',#4167,#4175,#3673,.T.);
#4737=ADVANCED_FACE('',(#4716,#4726,#4736),#4704,.T.);
#4746=EDGE_CURVE('',#4126,#4030,#3680,.T.);
#4750=ADVANCED_FACE('',(#4749),#4742,.F.);
#4759=EDGE_CURVE('',#4124,#4029,#3687,.T.);
#4763=ADVANCED_FACE('',(#4762),#4755,.F.);
#4775=ADVANCED_FACE('',(#4774),#4768,.F.);
#4782=EDGE_CURVE('',#4046,#4163,#3694,.T.);
#4784=EDGE_CURVE('',#4045,#4046,#3701,.T.);
#4786=EDGE_CURVE('',#4164,#4045,#3708,.T.);
#4790=ADVANCED_FACE('',(#4789),#4780,.T.);
#4797=EDGE_CURVE('',#4042,#4167,#3715,.T.);
#4799=EDGE_CURVE('',#4041,#4042,#3722,.T.);
#4801=EDGE_CURVE('',#4168,#4041,#3729,.T.);
#4805=ADVANCED_FACE('',(#4804),#4795,.T.);
#4812=EDGE_CURVE('',#4054,#4200,#3736,.T.);
#4814=EDGE_CURVE('',#4053,#4054,#3743,.T.);
#4816=EDGE_CURVE('',#4199,#4053,#3750,.T.);
#4820=ADVANCED_FACE('',(#4819),#4810,.T.);
#4827=EDGE_CURVE('',#4050,#4204,#3757,.T.);
#4829=EDGE_CURVE('',#4049,#4050,#3764,.T.);
#4831=EDGE_CURVE('',#4203,#4049,#3771,.T.);
#4835=ADVANCED_FACE('',(#4834),#4825,.T.);
#4842=EDGE_CURVE('',#4062,#4171,#3799,.T.);
#4844=EDGE_CURVE('',#4046,#4062,#3778,.T.);
#4849=ADVANCED_FACE('',(#4848),#4840,.F.);
#4856=EDGE_CURVE('',#4172,#4061,#3785,.T.);
#4858=EDGE_CURVE('',#4061,#4062,#3792,.T.);
#4863=ADVANCED_FACE('',(#4862),#4854,.F.);
#4870=EDGE_CURVE('',#4176,#4057,#3806,.T.);
#4872=EDGE_CURVE('',#4057,#4058,#3813,.T.);
#4874=EDGE_CURVE('',#4058,#4175,#3820,.T.);
#4878=ADVANCED_FACE('',(#4877),#4868,.F.);
#4885=EDGE_CURVE('',#4207,#4069,#3827,.T.);
#4887=EDGE_CURVE('',#4069,#4070,#3834,.T.);
#4889=EDGE_CURVE('',#4070,#4208,#3841,.T.);
#4893=ADVANCED_FACE('',(#4892),#4883,.F.);
#4900=EDGE_CURVE('',#4211,#4065,#3848,.T.);
#4902=EDGE_CURVE('',#4065,#4066,#3855,.T.);
#4904=EDGE_CURVE('',#4066,#4212,#3862,.T.);
#4908=ADVANCED_FACE('',(#4907),#4898,.F.);
#4916=EDGE_CURVE('',#4045,#4061,#3869,.T.);
#4921=ADVANCED_FACE('',(#4920),#4913,.F.);
#4933=ADVANCED_FACE('',(#4932),#4926,.F.);
#4941=EDGE_CURVE('',#4041,#4057,#3876,.T.);
#4946=ADVANCED_FACE('',(#4945),#4938,.F.);
#4953=EDGE_CURVE('',#4042,#4058,#3883,.T.);
#4959=ADVANCED_FACE('',(#4958),#4951,.F.);
#4971=ADVANCED_FACE('',(#4970),#4964,.F.);
#4979=EDGE_CURVE('',#4053,#4069,#3890,.T.);
#4984=ADVANCED_FACE('',(#4983),#4976,.F.);
#4991=EDGE_CURVE('',#4054,#4070,#3897,.T.);
#4997=ADVANCED_FACE('',(#4996),#4989,.F.);
#5009=ADVANCED_FACE('',(#5008),#5002,.F.);
#5017=EDGE_CURVE('',#4049,#4065,#3904,.T.);
#5022=ADVANCED_FACE('',(#5021),#5014,.F.);
#5029=EDGE_CURVE('',#4050,#4066,#3911,.T.);
#5035=ADVANCED_FACE('',(#5034),#5027,.F.);
#5047=ADVANCED_FACE('',(#5046),#5040,.F.);
#5054=EDGE_CURVE('',#4092,#4013,#3918,.T.);
#5060=ADVANCED_FACE('',(#5059),#5052,.F.);
#5067=EDGE_CURVE('',#4094,#4014,#3925,.T.);
#5073=ADVANCED_FACE('',(#5072),#5065,.F.);
#5085=ADVANCED_FACE('',(#5084),#5078,.F.);
#5092=EDGE_CURVE('',#4116,#4025,#3932,.T.);
#5098=ADVANCED_FACE('',(#5097),#5090,.F.);
#5105=EDGE_CURVE('',#4118,#4026,#3939,.T.);
#5111=ADVANCED_FACE('',(#5110),#5103,.F.);
#5123=ADVANCED_FACE('',(#5122),#5116,.F.);
#5130=EDGE_CURVE('',#4108,#4021,#3946,.T.);
#5136=ADVANCED_FACE('',(#5135),#5128,.F.);
#5143=EDGE_CURVE('',#4110,#4022,#3953,.T.);
#5149=ADVANCED_FACE('',(#5148),#5141,.F.);
#5161=ADVANCED_FACE('',(#5160),#5154,.F.);
#5168=EDGE_CURVE('',#4132,#4033,#3960,.T.);
#5174=ADVANCED_FACE('',(#5173),#5166,.F.);
#5181=EDGE_CURVE('',#4134,#4034,#3967,.T.);
#5187=ADVANCED_FACE('',(#5186),#5179,.F.);
#5199=ADVANCED_FACE('',(#5198),#5192,.F.);
#5206=EDGE_CURVE('',#4140,#4037,#3974,.T.);
#5212=ADVANCED_FACE('',(#5211),#5204,.F.);
#5219=EDGE_CURVE('',#4142,#4038,#3981,.T.);
#5225=ADVANCED_FACE('',(#5224),#5217,.F.);
#5237=ADVANCED_FACE('',(#5236),#5230,.F.);
#5246=(LENGTH_UNIT()NAMED_UNIT(*)SI_UNIT(.MILLI.,.METRE.));
#5247=(NAMED_UNIT(*)PLANE_ANGLE_UNIT()SI_UNIT($,.RADIAN.));
#5250=(NAMED_UNIT(*)SI_UNIT($,.STERADIAN.)SOLID_ANGLE_UNIT());
#5252=(GEOMETRIC_REPRESENTATION_CONTEXT(3)GLOBAL_UNCERTAINTY_ASSIGNED_CONTEXT((
#5251))GLOBAL_UNIT_ASSIGNED_CONTEXT((#5246,#5249,#5250))REPRESENTATION_CONTEXT(
'ID2','3'));
#5256=AXIS2_PLACEMENT_3D('',#5253,#5254,#5255);
#5257=ADVANCED_BREP_SHAPE_REPRESENTATION('',(#5256,#5239),#5252);
#5261=PRODUCT_DEFINITION('part definition','',#5260,#2707);
#5262=PRODUCT_DEFINITION_SHAPE('','SHAPE FOR MOLD.',#5261);
#5263=SHAPE_ASPECT('','solid data associated with MOLD',#5262,.F.);
#5264=PROPERTY_DEFINITION('',
'shape for solid data with which properties are associated',#5263);
#5265=SHAPE_REPRESENTATION('',(#5239),#5252);
#5266=SHAPE_DEFINITION_REPRESENTATION(#5264,#5265);
#5267=(LENGTH_UNIT()NAMED_UNIT(*)SI_UNIT(.MILLI.,.METRE.));
#5271=PROPERTY_DEFINITION('geometric validation property','area of MOLD',#5263);
#5272=REPRESENTATION('surface area',(#5270),#5252);
#5273=PROPERTY_DEFINITION_REPRESENTATION(#5271,#5272);
#5274=(LENGTH_UNIT()NAMED_UNIT(*)SI_UNIT(.MILLI.,.METRE.));
#5278=PROPERTY_DEFINITION('geometric validation property','volume of MOLD',
#5263);
#5279=REPRESENTATION('volume',(#5277),#5252);
#5280=PROPERTY_DEFINITION_REPRESENTATION(#5278,#5279);
#5282=PROPERTY_DEFINITION('geometric validation property','centroid of MOLD',
#5263);
#5283=REPRESENTATION('centroid',(#5281),#5252);
#5284=PROPERTY_DEFINITION_REPRESENTATION(#5282,#5283);
#5285=(LENGTH_UNIT()NAMED_UNIT(*)SI_UNIT(.MILLI.,.METRE.));
#5289=PROPERTY_DEFINITION('geometric validation property','area of MOLD',#5262);
#5290=REPRESENTATION('surface area',(#5288),#5252);
#5291=PROPERTY_DEFINITION_REPRESENTATION(#5289,#5290);
#5292=(LENGTH_UNIT()NAMED_UNIT(*)SI_UNIT(.MILLI.,.METRE.));
#5296=PROPERTY_DEFINITION('geometric validation property','volume of MOLD',
#5262);
#5297=REPRESENTATION('volume',(#5295),#5252);
#5298=PROPERTY_DEFINITION_REPRESENTATION(#5296,#5297);
#5300=PROPERTY_DEFINITION('geometric validation property','centroid of MOLD',
#5262);
#5301=REPRESENTATION('centroid',(#5299),#5252);
#5302=PROPERTY_DEFINITION_REPRESENTATION(#5300,#5301);
#5303=SHAPE_DEFINITION_REPRESENTATION(#5262,#5257);
#5304=NEXT_ASSEMBLY_USAGE_OCCURRENCE('1','Next assembly relationship','MOLD',
#5333,#5261,$);
#5305=PRODUCT_DEFINITION_SHAPE('Placement #1',
'Placement of MOLD with respect to RQY0009A_ASM',#5304);
#5307=PROPERTY_DEFINITION('geometric validation property','centroid of MOLD',
#5305);
#5308=REPRESENTATION('centroid',(#5306),#5252);
#5309=PROPERTY_DEFINITION_REPRESENTATION(#5307,#5308);
#5317=(LENGTH_UNIT()NAMED_UNIT(*)SI_UNIT(.MILLI.,.METRE.));
#5318=(NAMED_UNIT(*)PLANE_ANGLE_UNIT()SI_UNIT($,.RADIAN.));
#5321=(NAMED_UNIT(*)SI_UNIT($,.STERADIAN.)SOLID_ANGLE_UNIT());
#5323=(GEOMETRIC_REPRESENTATION_CONTEXT(3)GLOBAL_UNCERTAINTY_ASSIGNED_CONTEXT((
#5322))GLOBAL_UNIT_ASSIGNED_CONTEXT((#5317,#5320,#5321))REPRESENTATION_CONTEXT(
'ID3','3'));
#5327=AXIS2_PLACEMENT_3D('',#5324,#5325,#5326);
#5333=PRODUCT_DEFINITION('part definition','',#5332,#5329);
#5334=(LENGTH_UNIT()NAMED_UNIT(*)SI_UNIT(.MILLI.,.METRE.));
#5338=PROPERTY_DEFINITION('geometric validation property',
'area of RQY0009A_ASM',#2755);
#5339=REPRESENTATION('surface area',(#5337),#5323);
#5340=PROPERTY_DEFINITION_REPRESENTATION(#5338,#5339);
#5341=(LENGTH_UNIT()NAMED_UNIT(*)SI_UNIT(.MILLI.,.METRE.));
#5345=PROPERTY_DEFINITION('geometric validation property',
'volume of RQY0009A_ASM',#2755);
#5346=REPRESENTATION('volume',(#5344),#5323);
#5347=PROPERTY_DEFINITION_REPRESENTATION(#5345,#5346);
#5349=PROPERTY_DEFINITION('geometric validation property',
'centroid of RQY0009A_ASM',#2755);
#5350=REPRESENTATION('centroid',(#5348),#5323);
#5351=PROPERTY_DEFINITION_REPRESENTATION(#5349,#5350);
ENDSEC;
END-ISO-10303-21;
