ISO-10303-21;
HEADER;
FILE_DESCRIPTION (( 'STEP AP214' ),
    '1' );
FILE_NAME ('SN74LVC1T45DPKR.STEP',
    '2022-09-22T17:17:46',
    ( '' ),
    ( '' ),
    'SwSTEP 2.0',
    'SolidWorks 2017',
    '' );
FILE_SCHEMA (( 'AUTOMOTIVE_DESIGN' ));
ENDSEC;

DATA;
#1 = VECTOR ( 'NONE', #1799, 1000.000000000000000 ) ;
#2 = CARTESIAN_POINT ( 'NONE',  ( 0.4999999999999872300, 0.0000000000000000000, -0.6000000000000052000 ) ) ;
#3 = DIRECTION ( 'NONE',  ( 0.0000000000000000000, 1.000000000000000000, 0.0000000000000000000 ) ) ;
#4 = FACE_OUTER_BOUND ( 'NONE', #1436, .T. ) ;
#5 = VECTOR ( 'NONE', #1268, 1000.000000000000000 ) ;
#6 = CARTESIAN_POINT ( 'NONE',  ( 0.0000000000000000000, 0.0000000000000000000, 0.0000000000000000000 ) ) ;
#7 = AXIS2_PLACEMENT_3D ( 'NONE', #1511, #958, #969 ) ;
#8 = STYLED_ITEM ( 'NONE', ( #1331 ), #312 ) ;
#9 = FACE_OUTER_BOUND ( 'NONE', #1110, .T. ) ;
#10 = CARTESIAN_POINT ( 'NONE',  ( 0.8000000000000000400, 0.04999999999999991300, -0.4000000000000069100 ) ) ;
#11 = ORIENTED_EDGE ( 'NONE', *, *, #1594, .T. ) ;
#12 = VECTOR ( 'NONE', #1008, 1000.000000000000000 ) ;
#13 = CARTESIAN_POINT ( 'NONE',  ( -0.4999999999999888400, 0.1250000000000000000, 0.5999999999999913200 ) ) ;
#14 = DIRECTION ( 'NONE',  ( 0.0000000000000000000, -0.0000000000000000000, -1.000000000000000000 ) ) ;
#15 = VERTEX_POINT ( 'NONE', #1584 ) ;
#16 = ORIENTED_EDGE ( 'NONE', *, *, #567, .F. ) ;
#17 = ORIENTED_EDGE ( 'NONE', *, *, #675, .T. ) ;
#18 = VERTEX_POINT ( 'NONE', #2266 ) ;
#19 = VERTEX_POINT ( 'NONE', #525 ) ;
#20 = CLOSED_SHELL ( 'NONE', ( #2182, #901, #254, #636, #104, #1322 ) ) ;
#21 = CARTESIAN_POINT ( 'NONE',  ( 0.8000000000000052600, 0.0000000000000000000, -0.1000000000000000500 ) ) ;
#22 = EDGE_LOOP ( 'NONE', ( #153, #300 ) ) ;
#23 = DIRECTION ( 'NONE',  ( 0.0000000000000000000, -1.000000000000000000, 0.0000000000000000000 ) ) ;
#24 = DIRECTION ( 'NONE',  ( -3.614007241618346300E-016, 0.0000000000000000000, -1.000000000000000000 ) ) ;
#25 = DIRECTION ( 'NONE',  ( 1.000000000000000000, 0.0000000000000000000, -2.258754526011466300E-016 ) ) ;
#26 = CARTESIAN_POINT ( 'NONE',  ( -0.4999999999999880700, 0.1250000000000000000, -0.1000000000000050200 ) ) ;
#27 = DIRECTION ( 'NONE',  ( 1.067939139898270100E-013, 0.0000000000000000000, 1.000000000000000000 ) ) ;
#28 = DIRECTION ( 'NONE',  ( -1.000000000000000000, 0.0000000000000000000, 1.734723475976818500E-014 ) ) ;
#29 = DIRECTION ( 'NONE',  ( -1.000000000000000000, 0.0000000000000000000, 3.614007241618346300E-016 ) ) ;
#30 = LINE ( 'NONE', #420, #929 ) ;
#31 = FACE_OUTER_BOUND ( 'NONE', #654, .T. ) ;
#32 = DIRECTION ( 'NONE',  ( 1.000000000000000000, 0.0000000000000000000, -1.048062100069276000E-014 ) ) ;
#33 = VECTOR ( 'NONE', #1299, 1000.000000000000000 ) ;
#34 = DIRECTION ( 'NONE',  ( 0.0000000000000000000, -0.0000000000000000000, -1.000000000000000000 ) ) ;
#35 = VECTOR ( 'NONE', #1094, 1000.000000000000000 ) ;
#36 = EDGE_CURVE ( 'NONE', #2180, #809, #1169, .T. ) ;
#37 = CARTESIAN_POINT ( 'NONE',  ( -0.5999999999999785500, 0.0000000000000000000, -0.7000000000000083900 ) ) ;
#38 = CARTESIAN_POINT ( 'NONE',  ( 0.4999999999999872300, 0.1250000000000000000, -0.6000000000000052000 ) ) ;
#39 = VECTOR ( 'NONE', #512, 1000.000000000000000 ) ;
#40 = ORIENTED_EDGE ( 'NONE', *, *, #143, .T. ) ;
#41 = CARTESIAN_POINT ( 'NONE',  ( -0.7999999999999889400, 0.1250000000000000000, 0.5999999999999914300 ) ) ;
#42 = ORIENTED_EDGE ( 'NONE', *, *, #732, .T. ) ;
#43 = ORIENTED_EDGE ( 'NONE', *, *, #1010, .T. ) ;
#44 = EDGE_LOOP ( 'NONE', ( #1553, #1715, #413, #1438 ) ) ;
#45 = ORIENTED_EDGE ( 'NONE', *, *, #801, .F. ) ;
#46 = ORIENTED_EDGE ( 'NONE', *, *, #1833, .F. ) ;
#47 = VERTEX_POINT ( 'NONE', #332 ) ;
#48 = DIRECTION ( 'NONE',  ( 0.0000000000000000000, -1.000000000000000000, 0.0000000000000000000 ) ) ;
#49 = EDGE_CURVE ( 'NONE', #2022, #1147, #271, .T. ) ;
#50 = EDGE_LOOP ( 'NONE', ( #2079, #2236, #470, #1199 ) ) ;
#51 = ORIENTED_EDGE ( 'NONE', *, *, #795, .F. ) ;
#52 = VERTEX_POINT ( 'NONE', #370 ) ;
#53 = CARTESIAN_POINT ( 'NONE',  ( -0.4999999999999786300, 0.1250000000000000000, -0.7000000000000083900 ) ) ;
#54 = MECHANICAL_DESIGN_GEOMETRIC_PRESENTATION_REPRESENTATION (  '', ( #249 ), #2075 ) ;
#55 = CARTESIAN_POINT ( 'NONE',  ( -0.8000000000000103700, 0.0000000000000000000, 0.4000000000000004100 ) ) ;
#56 = ADVANCED_FACE ( 'NONE', ( #744 ), #751, .T. ) ;
#57 = CARTESIAN_POINT ( 'NONE',  ( 0.0000000000000000000, 0.1250000000000000000, 0.0000000000000000000 ) ) ;
#58 = MECHANICAL_DESIGN_GEOMETRIC_PRESENTATION_REPRESENTATION (  '', ( #2151 ), #1140 ) ;
#59 = DIRECTION ( 'NONE',  ( -2.258754526011466300E-016, 0.0000000000000000000, -1.000000000000000000 ) ) ;
#60 = DIRECTION ( 'NONE',  ( -1.000000000000000000, 0.0000000000000000000, -7.842395714311733800E-014 ) ) ;
#61 = FACE_OUTER_BOUND ( 'NONE', #1439, .T. ) ;
#62 = CARTESIAN_POINT ( 'NONE',  ( 0.8000000000000000400, 0.04999999999999991300, -0.6000000000000083000 ) ) ;
#63 = DIRECTION ( 'NONE',  ( 1.029992063861229500E-014, 0.0000000000000000000, 1.000000000000000000 ) ) ;
#64 = DIRECTION ( 'NONE',  ( 0.0000000000000000000, 0.0000000000000000000, 1.000000000000000000 ) ) ;
#65 = VECTOR ( 'NONE', #395, 1000.000000000000000 ) ;
#66 = DIRECTION ( 'NONE',  ( 0.0000000000000000000, -0.0000000000000000000, -1.000000000000000000 ) ) ;
#67 = LINE ( 'NONE', #561, #1895 ) ;
#68 = ADVANCED_FACE ( 'NONE', ( #2046 ), #1944, .T. ) ;
#69 = VECTOR ( 'NONE', #2139, 1000.000000000000000 ) ;
#70 = FACE_OUTER_BOUND ( 'NONE', #379, .T. ) ;
#71 = CARTESIAN_POINT ( 'NONE',  ( 0.4999999999999892900, 0.1250000000000000000, -0.4000000000000052400 ) ) ;
#72 = AXIS2_PLACEMENT_3D ( 'NONE', #870, #151, #327 ) ;
#73 = VECTOR ( 'NONE', #1677, 1000.000000000000000 ) ;
#74 = CARTESIAN_POINT ( 'NONE',  ( 0.8000000000000000400, 0.1250000000000000000, -0.6000000000000083000 ) ) ;
#75 = DIRECTION ( 'NONE',  ( 0.0000000000000000000, -1.000000000000000000, 0.0000000000000000000 ) ) ;
#76 = ORIENTED_EDGE ( 'NONE', *, *, #1205, .F. ) ;
#77 =( NAMED_UNIT ( * ) PLANE_ANGLE_UNIT ( ) SI_UNIT ( $, .RADIAN. ) );
#78 = EDGE_LOOP ( 'NONE', ( #975, #2156, #1466, #2257 ) ) ;
#79 = ORIENTED_EDGE ( 'NONE', *, *, #732, .F. ) ;
#80 = DIRECTION ( 'NONE',  ( 7.842395714311733800E-014, 0.0000000000000000000, -1.000000000000000000 ) ) ;
#81 = VERTEX_POINT ( 'NONE', #1289 ) ;
#82 = ORIENTED_EDGE ( 'NONE', *, *, #1509, .T. ) ;
#83 = EDGE_CURVE ( 'NONE', #1141, #294, #513, .T. ) ;
#84 = EDGE_LOOP ( 'NONE', ( #1972, #1261, #919, #1112 ) ) ;
#85 = ORIENTED_EDGE ( 'NONE', *, *, #110, .T. ) ;
#86 = ADVANCED_FACE ( 'NONE', ( #441 ), #391, .F. ) ;
#87 = DIRECTION ( 'NONE',  ( -0.0000000000000000000, -1.000000000000000000, -0.0000000000000000000 ) ) ;
#88 = EDGE_CURVE ( 'NONE', #2180, #1141, #1303, .T. ) ;
#89 = EDGE_CURVE ( 'NONE', #1141, #357, #292, .T. ) ;
#90 = CARTESIAN_POINT ( 'NONE',  ( 0.0000000000000000000, 0.1250000000000000000, 0.0000000000000000000 ) ) ;
#91 = CARTESIAN_POINT ( 'NONE',  ( 0.4999999999999946200, 0.04999999999999991300, 0.09999999999999471800 ) ) ;
#92 = CARTESIAN_POINT ( 'NONE',  ( 0.4999999999999872300, 0.1250000000000000000, -0.6000000000000052000 ) ) ;
#93 = ADVANCED_FACE ( 'NONE', ( #380 ), #235, .F. ) ;
#94 = LINE ( 'NONE', #1292, #533 ) ;
#95 = DIRECTION ( 'NONE',  ( 0.0000000000000000000, -1.000000000000000000, 0.0000000000000000000 ) ) ;
#96 = DIRECTION ( 'NONE',  ( -1.048062100069320400E-014, 0.0000000000000000000, -1.000000000000000000 ) ) ;
#97 = LINE ( 'NONE', #1447, #1566 ) ;
#98 = CARTESIAN_POINT ( 'NONE',  ( -0.8000000000000002700, 0.1250000000000000000, -0.3999999999999999700 ) ) ;
#99 = CIRCLE ( 'NONE', #204, 0.1000000000000001600 ) ;
#100 = FACE_OUTER_BOUND ( 'NONE', #782, .T. ) ;
#101 = ORIENTED_EDGE ( 'NONE', *, *, #1010, .F. ) ;
#102 = PRODUCT_CONTEXT ( 'NONE', #987, 'mechanical' ) ;
#103 = ORIENTED_EDGE ( 'NONE', *, *, #1581, .T. ) ;
#104 = ADVANCED_FACE ( 'NONE', ( #2149 ), #253, .F. ) ;
#105 = VERTEX_POINT ( 'NONE', #53 ) ;
#106 = DIRECTION ( 'NONE',  ( 1.000000000000000000, 0.0000000000000000000, -3.614007241618346300E-016 ) ) ;
#107 = ORIENTED_EDGE ( 'NONE', *, *, #2294, .T. ) ;
#108 = ORIENTED_EDGE ( 'NONE', *, *, #1860, .F. ) ;
#109 = ORIENTED_EDGE ( 'NONE', *, *, #445, .T. ) ;
#110 = EDGE_CURVE ( 'NONE', #1006, #2022, #1685, .T. ) ;
#111 = VERTEX_POINT ( 'NONE', #591 ) ;
#112 = CARTESIAN_POINT ( 'NONE',  ( -0.4999999999999886200, 0.04999999999999991300, -2.439454888092370400E-015 ) ) ;
#113 = AXIS2_PLACEMENT_3D ( 'NONE', #2146, #555, #1093 ) ;
#114 = ADVANCED_FACE ( 'NONE', ( #1249 ), #579, .T. ) ;
#115 = AXIS2_PLACEMENT_3D ( 'NONE', #816, #823, #2058 ) ;
#116 = FACE_OUTER_BOUND ( 'NONE', #189, .T. ) ;
#117 = LINE ( 'NONE', #1309, #1130 ) ;
#118 = LINE ( 'NONE', #1473, #1215 ) ;
#119 = EDGE_CURVE ( 'NONE', #1086, #1312, #1708, .T. ) ;
#120 = FACE_OUTER_BOUND ( 'NONE', #1502, .T. ) ;
#121 = EDGE_CURVE ( 'NONE', #1333, #243, #1656, .T. ) ;
#122 = LINE ( 'NONE', #1079, #39 ) ;
#123 = LINE ( 'NONE', #41, #1547 ) ;
#124 = VERTEX_POINT ( 'NONE', #2028 ) ;
#125 = CARTESIAN_POINT ( 'NONE',  ( 0.0000000000000000000, 0.04999999999999991300, 0.0000000000000000000 ) ) ;
#126 = EDGE_CURVE ( 'NONE', #2237, #1007, #706, .T. ) ;
#127 = ORIENTED_EDGE ( 'NONE', *, *, #1527, .T. ) ;
#128 = ORIENTED_EDGE ( 'NONE', *, *, #1073, .F. ) ;
#129 = ORIENTED_EDGE ( 'NONE', *, *, #83, .F. ) ;
#130 = ORIENTED_EDGE ( 'NONE', *, *, #1132, .F. ) ;
#131 = DIRECTION ( 'NONE',  ( -0.0000000000000000000, -1.000000000000000000, -0.0000000000000000000 ) ) ;
#132 = FILL_AREA_STYLE ('',( #1391 ) ) ;
#133 = EDGE_CURVE ( 'NONE', #1886, #1711, #1818, .T. ) ;
#134 = CARTESIAN_POINT ( 'NONE',  ( 0.7999999999999893900, 0.1250000000000000000, -0.4000000000000083500 ) ) ;
#135 =( NAMED_UNIT ( * ) SI_UNIT ( $, .STERADIAN. ) SOLID_ANGLE_UNIT ( ) );
#136 = DIRECTION ( 'NONE',  ( 1.000000000000000000, 0.0000000000000000000, 0.0000000000000000000 ) ) ;
#137 = PRESENTATION_LAYER_ASSIGNMENT (  '', '', ( #1785 ) ) ;
#138 = VECTOR ( 'NONE', #293, 1000.000000000000000 ) ;
#139 = STYLED_ITEM ( 'NONE', ( #2200 ), #1125 ) ;
#140 = VECTOR ( 'NONE', #745, 1000.000000000000000 ) ;
#141 = DIRECTION ( 'NONE',  ( -1.000000000000000000, -0.0000000000000000000, -5.421010862426935500E-016 ) ) ;
#142 = VECTOR ( 'NONE', #1813, 1000.000000000000000 ) ;
#143 = EDGE_CURVE ( 'NONE', #491, #1024, #1491, .T. ) ;
#144 = DIRECTION ( 'NONE',  ( -0.0000000000000000000, -1.000000000000000000, -0.0000000000000000000 ) ) ;
#145 = DIRECTION ( 'NONE',  ( 0.0000000000000000000, 0.0000000000000000000, -1.000000000000000000 ) ) ;
#146 = LINE ( 'NONE', #1389, #172 ) ;
#147 = FACE_OUTER_BOUND ( 'NONE', #2132, .T. ) ;
#148 = DIRECTION ( 'NONE',  ( -0.0000000000000000000, -1.000000000000000000, -0.0000000000000000000 ) ) ;
#149 = ORIENTED_EDGE ( 'NONE', *, *, #1475, .F. ) ;
#150 = DIRECTION ( 'NONE',  ( -1.000000000000000000, -0.0000000000000000000, 1.730205966924685500E-014 ) ) ;
#151 = DIRECTION ( 'NONE',  ( 0.0000000000000000000, 0.0000000000000000000, 1.000000000000000000 ) ) ;
#152 = FILL_AREA_STYLE ('',( #793 ) ) ;
#153 = ORIENTED_EDGE ( 'NONE', *, *, #651, .F. ) ;
#154 = VERTEX_POINT ( 'NONE', #1672 ) ;
#155 = CARTESIAN_POINT ( 'NONE',  ( -0.5000000000000025500, 0.04999999999999991300, 1.138412281109806500E-014 ) ) ;
#156 = ORIENTED_EDGE ( 'NONE', *, *, #1565, .F. ) ;
#157 = ORIENTED_EDGE ( 'NONE', *, *, #785, .F. ) ;
#158 = EDGE_LOOP ( 'NONE', ( #1304, #2053, #1582, #635 ) ) ;
#159 = VERTEX_POINT ( 'NONE', #947 ) ;
#160 = CARTESIAN_POINT ( 'NONE',  ( 0.8000000000000000400, 0.04999999999999991300, -0.8000000000000001600 ) ) ;
#161 = DIRECTION ( 'NONE',  ( -0.0000000000000000000, -1.000000000000000000, -0.0000000000000000000 ) ) ;
#162 = PLANE ( 'NONE',  #1730 ) ;
#163 = AXIS2_PLACEMENT_3D ( 'NONE', #224, #59, #1834 ) ;
#164 = EDGE_CURVE ( 'NONE', #463, #2130, #2175, .T. ) ;
#165 = CARTESIAN_POINT ( 'NONE',  ( 0.0000000000000000000, 0.0000000000000000000, 0.0000000000000000000 ) ) ;
#166 = DIRECTION ( 'NONE',  ( 0.0000000000000000000, 1.000000000000000000, 0.0000000000000000000 ) ) ;
#167 = DIRECTION ( 'NONE',  ( -1.000000000000000000, 0.0000000000000000000, 2.276824562219601600E-014 ) ) ;
#168 = DIRECTION ( 'NONE',  ( 1.000000000000000000, 0.0000000000000000000, -1.730205966924685800E-014 ) ) ;
#169 = CARTESIAN_POINT ( 'NONE',  ( -0.7999999999999891600, 0.1250000000000000000, 0.09999999999999170700 ) ) ;
#170 = DIRECTION ( 'NONE',  ( 1.000000000000000000, -0.0000000000000000000, -1.048062100069320400E-014 ) ) ;
#171 = CARTESIAN_POINT ( 'NONE',  ( 0.4999999999999892900, 0.1250000000000000000, 0.3999999999999912000 ) ) ;
#172 = VECTOR ( 'NONE', #106, 1000.000000000000000 ) ;
#173 = VECTOR ( 'NONE', #1001, 1000.000000000000000 ) ;
#174 = VECTOR ( 'NONE', #1922, 1000.000000000000000 ) ;
#175 = DIRECTION ( 'NONE',  ( -5.258380536554917400E-014, 0.0000000000000000000, 1.000000000000000000 ) ) ;
#176 = DIRECTION ( 'NONE',  ( -1.057097118173413400E-013, 0.0000000000000000000, 1.000000000000000000 ) ) ;
#177 = CARTESIAN_POINT ( 'NONE',  ( -0.4999999999999880700, 0.1250000000000000000, -0.1000000000000050200 ) ) ;
#178 = LINE ( 'NONE', #1490, #1193 ) ;
#179 = ORIENTED_EDGE ( 'NONE', *, *, #2109, .T. ) ;
#180 = ORIENTED_EDGE ( 'NONE', *, *, #245, .F. ) ;
#181 = CARTESIAN_POINT ( 'NONE',  ( 0.4999999999999892900, 0.04999999999999991300, 0.3999999999999912000 ) ) ;
#182 = VERTEX_POINT ( 'NONE', #430 ) ;
#183 = EDGE_LOOP ( 'NONE', ( #299, #1202, #1885, #127 ) ) ;
#184 = PLANE ( 'NONE',  #113 ) ;
#185 = DIRECTION ( 'NONE',  ( 0.0000000000000000000, -1.000000000000000000, 0.0000000000000000000 ) ) ;
#186 = AXIS2_PLACEMENT_3D ( 'NONE', #242, #979, #1824 ) ;
#187 = ORIENTED_EDGE ( 'NONE', *, *, #717, .F. ) ;
#188 = CARTESIAN_POINT ( 'NONE',  ( 0.7999999999999893900, 0.1250000000000000000, -0.4000000000000083500 ) ) ;
#189 = EDGE_LOOP ( 'NONE', ( #1411, #2056, #2054, #322 ) ) ;
#190 = DIRECTION ( 'NONE',  ( 0.0000000000000000000, -1.000000000000000000, 0.0000000000000000000 ) ) ;
#191 = AXIS2_PLACEMENT_3D ( 'NONE', #515, #167, #1597 ) ;
#192 = EDGE_CURVE ( 'NONE', #2154, #575, #178, .T. ) ;
#193 =( NAMED_UNIT ( * ) PLANE_ANGLE_UNIT ( ) SI_UNIT ( $, .RADIAN. ) );
#194 = CARTESIAN_POINT ( 'NONE',  ( -0.4999999999999933900, 0.1250000000000000000, 0.3999999999999949700 ) ) ;
#195 = EDGE_CURVE ( 'NONE', #1579, #1911, #773, .T. ) ;
#196 = CARTESIAN_POINT ( 'NONE',  ( 0.8000000000000000400, 0.0000000000000000000, -0.6000000000000083000 ) ) ;
#197 = EDGE_CURVE ( 'NONE', #2098, #469, #123, .T. ) ;
#198 = LINE ( 'NONE', #899, #1700 ) ;
#199 = LINE ( 'NONE', #1762, #140 ) ;
#200 = EDGE_CURVE ( 'NONE', #575, #1287, #544, .T. ) ;
#201 = CARTESIAN_POINT ( 'NONE',  ( 0.8000000000000105900, 0.1250000000000000000, 0.3999999999999999700 ) ) ;
#202 = VECTOR ( 'NONE', #594, 1000.000000000000000 ) ;
#203 = FACE_OUTER_BOUND ( 'NONE', #2254, .T. ) ;
#204 = AXIS2_PLACEMENT_3D ( 'NONE', #453, #1486, #231 ) ;
#205 = COLOUR_RGB ( '',0.7921568627450980000, 0.8196078431372548800, 0.9333333333333333500 ) ;
#206 = CARTESIAN_POINT ( 'NONE',  ( 0.7999999999999947200, 0.1250000000000000000, 0.09999999999999158200 ) ) ;
#207 = CARTESIAN_POINT ( 'NONE',  ( -0.5000000000000022200, 0.1250000000000000000, -0.4000000000000051800 ) ) ;
#208 = ORIENTED_EDGE ( 'NONE', *, *, #1745, .T. ) ;
#209 = VECTOR ( 'NONE', #1767, 1000.000000000000000 ) ;
#210 = CARTESIAN_POINT ( 'NONE',  ( 0.8000000000000000400, 0.04999999999999991300, 0.8000000000000001600 ) ) ;
#211 = DIRECTION ( 'NONE',  ( 1.000000000000000000, 0.0000000000000000000, -1.067939139898270100E-013 ) ) ;
#212 = ORIENTED_EDGE ( 'NONE', *, *, #1338, .F. ) ;
#213 = ORIENTED_EDGE ( 'NONE', *, *, #557, .F. ) ;
#214 = EDGE_LOOP ( 'NONE', ( #2259, #1144, #443, #440 ) ) ;
#215 = ORIENTED_EDGE ( 'NONE', *, *, #1887, .F. ) ;
#216 = DIRECTION ( 'NONE',  ( 2.276824562219601600E-014, 0.0000000000000000000, 1.000000000000000000 ) ) ;
#217 = UNCERTAINTY_MEASURE_WITH_UNIT (LENGTH_MEASURE( 1.000000000000000100E-005 ), #1210, 'distance_accuracy_value', 'NONE');
#218 = CARTESIAN_POINT ( 'NONE',  ( 0.8000000000000052600, 0.1250000000000000000, -0.1000000000000000500 ) ) ;
#219 = DIRECTION ( 'NONE',  ( 1.807003620809072000E-014, -0.0000000000000000000, 1.000000000000000000 ) ) ;
#220 = CARTESIAN_POINT ( 'NONE',  ( -0.4999999999999933900, 0.04999999999999991300, 0.3999999999999949700 ) ) ;
#221 = LINE ( 'NONE', #976, #2221 ) ;
#222 = DIRECTION ( 'NONE',  ( 0.0000000000000000000, 1.000000000000000000, 0.0000000000000000000 ) ) ;
#223 = LINE ( 'NONE', #1388, #282 ) ;
#224 = CARTESIAN_POINT ( 'NONE',  ( -0.7999999999999891600, 0.1250000000000000000, 0.09999999999999170700 ) ) ;
#225 = LINE ( 'NONE', #155, #962 ) ;
#226 = DIRECTION ( 'NONE',  ( -0.0000000000000000000, -1.000000000000000000, -0.0000000000000000000 ) ) ;
#227 = FACE_OUTER_BOUND ( 'NONE', #1578, .T. ) ;
#228 = VECTOR ( 'NONE', #952, 1000.000000000000000 ) ;
#229 = AXIS2_PLACEMENT_3D ( 'NONE', #1648, #1838, #1829 ) ;
#230 = CARTESIAN_POINT ( 'NONE',  ( -0.6000000000000003100, 0.5499999999999999300, -0.6000000000000002000 ) ) ;
#231 = DIRECTION ( 'NONE',  ( 0.0000000000000000000, 0.0000000000000000000, 1.000000000000000000 ) ) ;
#232 = VECTOR ( 'NONE', #1279, 1000.000000000000000 ) ;
#233 = LINE ( 'NONE', #196, #1191 ) ;
#234 = EDGE_CURVE ( 'NONE', #2159, #805, #485, .T. ) ;
#235 = PLANE ( 'NONE',  #163 ) ;
#236 = VECTOR ( 'NONE', #1143, 1000.000000000000000 ) ;
#237 = ORIENTED_EDGE ( 'NONE', *, *, #1542, .F. ) ;
#238 = ORIENTED_EDGE ( 'NONE', *, *, #598, .T. ) ;
#239 = PLANE ( 'NONE',  #2245 ) ;
#240 = VERTEX_POINT ( 'NONE', #634 ) ;
#241 = ADVANCED_FACE ( 'NONE', ( #2070 ), #1857, .T. ) ;
#242 = CARTESIAN_POINT ( 'NONE',  ( -0.6000000000000003100, 0.5499999999999999300, -0.6000000000000002000 ) ) ;
#243 = VERTEX_POINT ( 'NONE', #2039 ) ;
#244 = CARTESIAN_POINT ( 'NONE',  ( 0.4999999999999920100, 0.04999999999999991300, -1.328147661294699400E-014 ) ) ;
#245 = EDGE_CURVE ( 'NONE', #2130, #1943, #973, .T. ) ;
#246 = CARTESIAN_POINT ( 'NONE',  ( 0.4999999999999892900, 0.04999999999999991300, -0.0000000000000000000 ) ) ;
#247 = ORIENTED_EDGE ( 'NONE', *, *, #483, .T. ) ;
#248 = DIRECTION ( 'NONE',  ( 0.0000000000000000000, 0.0000000000000000000, 1.000000000000000000 ) ) ;
#249 = STYLED_ITEM ( 'NONE', ( #957 ), #1367 ) ;
#250 = EDGE_CURVE ( 'NONE', #648, #920, #314, .T. ) ;
#251 = DIRECTION ( 'NONE',  ( -1.000000000000000000, 0.0000000000000000000, -2.855065720878343300E-014 ) ) ;
#252 = AXIS2_PLACEMENT_3D ( 'NONE', #90, #1131, #611 ) ;
#253 = PLANE ( 'NONE',  #679 ) ;
#254 = ADVANCED_FACE ( 'NONE', ( #1281 ), #2049, .F. ) ;
#255 = EDGE_CURVE ( 'NONE', #1087, #1340, #849, .T. ) ;
#256 = CARTESIAN_POINT ( 'NONE',  ( -0.4999999999999933900, 0.0000000000000000000, 0.3999999999999949700 ) ) ;
#257 = FACE_OUTER_BOUND ( 'NONE', #84, .T. ) ;
#258 = DIRECTION ( 'NONE',  ( 2.656295322589441400E-014, 0.0000000000000000000, 1.000000000000000000 ) ) ;
#259 = LINE ( 'NONE', #933, #5 ) ;
#260 = CARTESIAN_POINT ( 'NONE',  ( 0.8000000000000000400, 0.5999999999999999800, 0.8000000000000001600 ) ) ;
#261 = LINE ( 'NONE', #1106, #33 ) ;
#262 = FACE_OUTER_BOUND ( 'NONE', #1639, .T. ) ;
#263 = VECTOR ( 'NONE', #421, 1000.000000000000000 ) ;
#264 = SURFACE_STYLE_USAGE ( .BOTH. , #2206 ) ;
#265 = ORIENTED_EDGE ( 'NONE', *, *, #1889, .F. ) ;
#266 = AXIS2_PLACEMENT_3D ( 'NONE', #345, #1274, #1599 ) ;
#267 = VECTOR ( 'NONE', #1888, 1000.000000000000000 ) ;
#268 = ADVANCED_FACE ( 'NONE', ( #879 ), #1165, .T. ) ;
#269 = DIRECTION ( 'NONE',  ( -1.048062100069320400E-014, 0.0000000000000000000, -1.000000000000000000 ) ) ;
#270 = ORIENTED_EDGE ( 'NONE', *, *, #954, .F. ) ;
#271 = LINE ( 'NONE', #877, #680 ) ;
#272 = CARTESIAN_POINT ( 'NONE',  ( -0.8000000000000052600, 0.1250000000000000000, -0.09999999999999982500 ) ) ;
#273 = CLOSED_SHELL ( 'NONE', ( #2203, #1867, #114, #359, #1705, #796, #1652, #286, #605, #1345, #2224, #1184, #1260, #241, #786, #1699, #423, #450, #1160, #1507, #1846, #2141, #2061, #1540, #1884, #1153, #615, #278, #398, #1668, #1515, #2216, #268, #56, #2029 ) ) ;
#274 = ORIENTED_EDGE ( 'NONE', *, *, #1368, .F. ) ;
#275 = ORIENTED_EDGE ( 'NONE', *, *, #1889, .T. ) ;
#276 = VERTEX_POINT ( 'NONE', #260 ) ;
#277 = VERTEX_POINT ( 'NONE', #272 ) ;
#278 = ADVANCED_FACE ( 'NONE', ( #1845 ), #624, .T. ) ;
#279 = DIRECTION ( 'NONE',  ( -2.276824562219601600E-014, -0.0000000000000000000, -1.000000000000000000 ) ) ;
#280 = CARTESIAN_POINT ( 'NONE',  ( 0.4999999999999892900, 0.1250000000000000000, -0.1000000000000086100 ) ) ;
#281 = DIRECTION ( 'NONE',  ( -1.734723475976818500E-014, 0.0000000000000000000, -1.000000000000000000 ) ) ;
#282 = VECTOR ( 'NONE', #1038, 1000.000000000000000 ) ;
#283 = EDGE_CURVE ( 'NONE', #1735, #1574, #597, .T. ) ;
#284 = LINE ( 'NONE', #1766, #1753 ) ;
#285 = EDGE_CURVE ( 'NONE', #417, #1776, #409, .T. ) ;
#286 = ADVANCED_FACE ( 'NONE', ( #1964 ), #1901, .F. ) ;
#287 = LINE ( 'NONE', #1484, #1187 ) ;
#288 = VECTOR ( 'NONE', #2263, 1000.000000000000000 ) ;
#289 = UNCERTAINTY_MEASURE_WITH_UNIT (LENGTH_MEASURE( 1.000000000000000100E-005 ), #746, 'distance_accuracy_value', 'NONE');
#290 = LINE ( 'NONE', #2291, #232 ) ;
#291 = SURFACE_STYLE_FILL_AREA ( #2003 ) ;
#292 = LINE ( 'NONE', #206, #2124 ) ;
#293 = DIRECTION ( 'NONE',  ( 0.0000000000000000000, 0.0000000000000000000, 1.000000000000000000 ) ) ;
#294 = VERTEX_POINT ( 'NONE', #1893 ) ;
#295 = ORIENTED_EDGE ( 'NONE', *, *, #1433, .F. ) ;
#296 = ORIENTED_EDGE ( 'NONE', *, *, #2004, .T. ) ;
#297 = ORIENTED_EDGE ( 'NONE', *, *, #466, .F. ) ;
#298 = CARTESIAN_POINT ( 'NONE',  ( -0.7999999999999891600, 0.1250000000000000000, 0.09999999999999170700 ) ) ;
#299 = ORIENTED_EDGE ( 'NONE', *, *, #1557, .T. ) ;
#300 = ORIENTED_EDGE ( 'NONE', *, *, #2188, .F. ) ;
#301 = EDGE_LOOP ( 'NONE', ( #977, #1601, #1554, #1075 ) ) ;
#302 = PRESENTATION_LAYER_ASSIGNMENT (  '', '', ( #2174 ) ) ;
#303 = CARTESIAN_POINT ( 'NONE',  ( -0.5999999999999785500, 0.04999999999999991300, -0.7000000000000083900 ) ) ;
#304 = EDGE_CURVE ( 'NONE', #1120, #1463, #1019, .T. ) ;
#305 = VECTOR ( 'NONE', #1786, 1000.000000000000000 ) ;
#306 = DIRECTION ( 'NONE',  ( 0.0000000000000000000, -1.000000000000000000, 0.0000000000000000000 ) ) ;
#307 = EDGE_CURVE ( 'NONE', #1197, #1256, #741, .T. ) ;
#308 = VECTOR ( 'NONE', #2271, 1000.000000000000000 ) ;
#309 = LINE ( 'NONE', #1062, #769 ) ;
#310 = EDGE_CURVE ( 'NONE', #47, #1600, #1377, .T. ) ;
#311 = FACE_OUTER_BOUND ( 'NONE', #183, .T. ) ;
#312 = MANIFOLD_SOLID_BREP ( 'Pin[5]', #752 ) ;
#313 = DIRECTION ( 'NONE',  ( -1.000000000000000000, 0.0000000000000000000, 1.730205966924685800E-014 ) ) ;
#314 = LINE ( 'NONE', #112, #1074 ) ;
#315 = ORIENTED_EDGE ( 'NONE', *, *, #283, .F. ) ;
#316 = CARTESIAN_POINT ( 'NONE',  ( -0.8000000000000002700, 0.1250000000000000000, -0.6000000000000084200 ) ) ;
#317 = EDGE_CURVE ( 'NONE', #1803, #1172, #1962, .T. ) ;
#318 = ORIENTED_EDGE ( 'NONE', *, *, #1509, .F. ) ;
#319 = ORIENTED_EDGE ( 'NONE', *, *, #2104, .F. ) ;
#320 = ORIENTED_EDGE ( 'NONE', *, *, #358, .F. ) ;
#321 =( NAMED_UNIT ( * ) PLANE_ANGLE_UNIT ( ) SI_UNIT ( $, .RADIAN. ) );
#322 = ORIENTED_EDGE ( 'NONE', *, *, #2214, .F. ) ;
#323 = EDGE_LOOP ( 'NONE', ( #16, #2045, #1612, #1706 ) ) ;
#324 = CARTESIAN_POINT ( 'NONE',  ( 0.8000000000000105900, 0.1250000000000000000, 0.3999999999999999700 ) ) ;
#325 = CARTESIAN_POINT ( 'NONE',  ( 0.8000000000000000400, 0.04999999999999991300, 0.5999999999999912100 ) ) ;
#326 = SURFACE_SIDE_STYLE ('',( #1751 ) ) ;
#327 = DIRECTION ( 'NONE',  ( 1.000000000000000000, 0.0000000000000000000, -0.0000000000000000000 ) ) ;
#328 = CARTESIAN_POINT ( 'NONE',  ( -0.8000000000000052600, 0.0000000000000000000, -0.09999999999999982500 ) ) ;
#329 = CARTESIAN_POINT ( 'NONE',  ( 0.4999999999999892900, 0.1250000000000000000, -0.4000000000000052400 ) ) ;
#330 = DIRECTION ( 'NONE',  ( -0.0000000000000000000, -1.000000000000000000, -0.0000000000000000000 ) ) ;
#331 = AXIS2_PLACEMENT_3D ( 'NONE', #1748, #688, #1931 ) ;
#332 = CARTESIAN_POINT ( 'NONE',  ( -0.4999999999999933900, 0.1250000000000000000, 0.3999999999999949700 ) ) ;
#333 = VECTOR ( 'NONE', #1961, 1000.000000000000000 ) ;
#334 = LINE ( 'NONE', #1115, #2247 ) ;
#335 = EDGE_CURVE ( 'NONE', #775, #1333, #972, .T. ) ;
#336 = CARTESIAN_POINT ( 'NONE',  ( -0.6000000000000003100, 0.5499999999999999300, -0.7000000000000002900 ) ) ;
#337 = CARTESIAN_POINT ( 'NONE',  ( 0.8000000000000052600, 0.1250000000000000000, -0.1000000000000000500 ) ) ;
#338 = VECTOR ( 'NONE', #377, 1000.000000000000000 ) ;
#339 = VECTOR ( 'NONE', #131, 1000.000000000000000 ) ;
#340 = LINE ( 'NONE', #356, #69 ) ;
#341 = LINE ( 'NONE', #38, #1217 ) ;
#342 = CARTESIAN_POINT ( 'NONE',  ( 0.8000000000000000400, 0.5999999999999999800, 0.8000000000000001600 ) ) ;
#343 = VECTOR ( 'NONE', #1302, 1000.000000000000000 ) ;
#344 = CARTESIAN_POINT ( 'NONE',  ( -0.6000000000000003100, 0.5499999999999999300, -0.5000000000000000000 ) ) ;
#345 = CARTESIAN_POINT ( 'NONE',  ( 0.0000000000000000000, 0.0000000000000000000, 0.0000000000000000000 ) ) ;
#346 = PRESENTATION_LAYER_ASSIGNMENT (  '', '', ( #2101 ) ) ;
#347 = VERTEX_POINT ( 'NONE', #1373 ) ;
#348 = DIRECTION ( 'NONE',  ( -1.048062100069320400E-014, 0.0000000000000000000, -1.000000000000000000 ) ) ;
#349 = ORIENTED_EDGE ( 'NONE', *, *, #88, .T. ) ;
#350 = VERTEX_POINT ( 'NONE', #316 ) ;
#351 = AXIS2_PLACEMENT_3D ( 'NONE', #880, #1058, #2115 ) ;
#352 = VERTEX_POINT ( 'NONE', #1722 ) ;
#353 = VERTEX_POINT ( 'NONE', #325 ) ;
#354 = DIRECTION ( 'NONE',  ( 0.0000000000000000000, -1.000000000000000000, 0.0000000000000000000 ) ) ;
#355 = VERTEX_POINT ( 'NONE', #1919 ) ;
#356 = CARTESIAN_POINT ( 'NONE',  ( -0.7999999999999891600, 0.1250000000000000000, 0.09999999999999170700 ) ) ;
#357 = VERTEX_POINT ( 'NONE', #2243 ) ;
#358 = EDGE_CURVE ( 'NONE', #803, #1340, #2229, .T. ) ;
#359 = ADVANCED_FACE ( 'NONE', ( #70 ), #1203, .T. ) ;
#360 = EDGE_CURVE ( 'NONE', #2154, #1880, #1595, .T. ) ;
#361 = EDGE_CURVE ( 'NONE', #1256, #353, #541, .T. ) ;
#362 = DIRECTION ( 'NONE',  ( -1.000000000000000000, -0.0000000000000000000, 1.807003620809072000E-014 ) ) ;
#363 = DIRECTION ( 'NONE',  ( 1.067939139898270100E-013, 0.0000000000000000000, 1.000000000000000000 ) ) ;
#364 = CARTESIAN_POINT ( 'NONE',  ( 0.0000000000000000000, 0.0000000000000000000, 0.0000000000000000000 ) ) ;
#365 = FACE_OUTER_BOUND ( 'NONE', #780, .T. ) ;
#366 = CARTESIAN_POINT ( 'NONE',  ( 0.8000000000000000400, 0.04999999999999991300, -0.8000000000000001600 ) ) ;
#367 = DIRECTION ( 'NONE',  ( 0.0000000000000000000, -0.0000000000000000000, -1.000000000000000000 ) ) ;
#368 = FACE_OUTER_BOUND ( 'NONE', #323, .T. ) ;
#369 = AXIS2_PLACEMENT_3D ( 'NONE', #6, #190, #367 ) ;
#370 = CARTESIAN_POINT ( 'NONE',  ( 0.4999999999999892900, 0.1250000000000000000, 0.5999999999999912100 ) ) ;
#371 =( LENGTH_UNIT ( ) NAMED_UNIT ( * ) SI_UNIT ( .MILLI., .METRE. ) );
#372 = VECTOR ( 'NONE', #729, 1000.000000000000000 ) ;
#373 = LINE ( 'NONE', #342, #1212 ) ;
#374 = DIRECTION ( 'NONE',  ( 0.0000000000000000000, 0.0000000000000000000, 1.000000000000000000 ) ) ;
#375 = CARTESIAN_POINT ( 'NONE',  ( 0.4999999999999892900, 0.0000000000000000000, 0.3999999999999912000 ) ) ;
#376 = VECTOR ( 'NONE', #1422, 1000.000000000000000 ) ;
#377 = DIRECTION ( 'NONE',  ( 5.258380536554916800E-014, -0.0000000000000000000, -1.000000000000000000 ) ) ;
#378 = FACE_OUTER_BOUND ( 'NONE', #1403, .T. ) ;
#379 = EDGE_LOOP ( 'NONE', ( #270, #1577, #1942, #1445, #315, #2052, #980, #1718, #2205, #40, #2127, #1361, #1874, #2134, #1313, #42, #2260, #1176, #1443, #1773, #2097, #17, #1937, #1054, #714, #82, #1606, #1364, #156, #2051 ) ) ;
#380 = FACE_OUTER_BOUND ( 'NONE', #1467, .T. ) ;
#381 = ORIENTED_EDGE ( 'NONE', *, *, #89, .F. ) ;
#382 = ORIENTED_EDGE ( 'NONE', *, *, #770, .T. ) ;
#383 = ORIENTED_EDGE ( 'NONE', *, *, #317, .T. ) ;
#384 = ORIENTED_EDGE ( 'NONE', *, *, #2069, .F. ) ;
#385 = ORIENTED_EDGE ( 'NONE', *, *, #1518, .T. ) ;
#386 = ADVANCED_FACE ( 'NONE', ( #2171 ), #528, .F. ) ;
#387 = PLANE ( 'NONE',  #1894 ) ;
#388 = ORIENTED_EDGE ( 'NONE', *, *, #1689, .T. ) ;
#389 = PLANE ( 'NONE',  #1263 ) ;
#390 = DIRECTION ( 'NONE',  ( 0.0000000000000000000, 1.000000000000000000, 0.0000000000000000000 ) ) ;
#391 = PLANE ( 'NONE',  #2226 ) ;
#392 = EDGE_CURVE ( 'NONE', #277, #1803, #1570, .T. ) ;
#393 = DIRECTION ( 'NONE',  ( 7.842395714311732500E-014, -0.0000000000000000000, -1.000000000000000000 ) ) ;
#394 = DIRECTION ( 'NONE',  ( -0.0000000000000000000, -1.000000000000000000, -0.0000000000000000000 ) ) ;
#395 = DIRECTION ( 'NONE',  ( -0.0000000000000000000, -0.0000000000000000000, 1.000000000000000000 ) ) ;
#396 = CARTESIAN_POINT ( 'NONE',  ( 0.7999999999999893900, 0.1250000000000000000, 0.5999999999999912100 ) ) ;
#397 = SURFACE_STYLE_FILL_AREA ( #2235 ) ;
#398 = ADVANCED_FACE ( 'NONE', ( #1301 ), #2278, .T. ) ;
#399 = LINE ( 'NONE', #767, #1238 ) ;
#400 = DIRECTION ( 'NONE',  ( 1.000000000000000000, 0.0000000000000000000, 0.0000000000000000000 ) ) ;
#401 = DIRECTION ( 'NONE',  ( 1.000000000000000000, 0.0000000000000000000, 0.0000000000000000000 ) ) ;
#402 = LINE ( 'NONE', #424, #563 ) ;
#403 = LINE ( 'NONE', #777, #2225 ) ;
#404 = LINE ( 'NONE', #1560, #288 ) ;
#405 = VECTOR ( 'NONE', #1464, 1000.000000000000000 ) ;
#406 = PLANE ( 'NONE',  #229 ) ;
#407 = EDGE_CURVE ( 'NONE', #1007, #1006, #1844, .T. ) ;
#408 = DIRECTION ( 'NONE',  ( 4.878909776184851200E-015, -0.0000000000000000000, -1.000000000000000000 ) ) ;
#409 = LINE ( 'NONE', #663, #2252 ) ;
#410 = DIRECTION ( 'NONE',  ( -0.0000000000000000000, -1.000000000000000000, -0.0000000000000000000 ) ) ;
#411 = EDGE_LOOP ( 'NONE', ( #1556, #521, #1310, #2201 ) ) ;
#412 = EDGE_LOOP ( 'NONE', ( #2073, #1821, #921, #79 ) ) ;
#413 = ORIENTED_EDGE ( 'NONE', *, *, #1223, .T. ) ;
#414 = ORIENTED_EDGE ( 'NONE', *, *, #806, .F. ) ;
#415 = CARTESIAN_POINT ( 'NONE',  ( -0.8000000000000002700, 0.04999999999999991300, 0.8000000000000001600 ) ) ;
#416 = ORIENTED_EDGE ( 'NONE', *, *, #554, .T. ) ;
#417 = VERTEX_POINT ( 'NONE', #895 ) ;
#418 = ORIENTED_EDGE ( 'NONE', *, *, #2031, .F. ) ;
#419 = DIRECTION ( 'NONE',  ( 1.000000000000000000, 0.0000000000000000000, 2.927345865710654300E-014 ) ) ;
#420 = CARTESIAN_POINT ( 'NONE',  ( 0.8000000000000052600, 0.1250000000000000000, -0.1000000000000000500 ) ) ;
#421 = DIRECTION ( 'NONE',  ( 0.0000000000000000000, -1.000000000000000000, 0.0000000000000000000 ) ) ;
#422 = CARTESIAN_POINT ( 'NONE',  ( -1.170938346284193000E-014, 0.04999999999999991300, 0.3999999999999765400 ) ) ;
#423 = ADVANCED_FACE ( 'NONE', ( #1704 ), #1763, .T. ) ;
#424 = CARTESIAN_POINT ( 'NONE',  ( 0.8000000000000000400, 0.1250000000000000000, -0.6000000000000083000 ) ) ;
#425 = CARTESIAN_POINT ( 'NONE',  ( -0.4999999999999880700, 0.04999999999999991300, -0.1000000000000050200 ) ) ;
#426 = VECTOR ( 'NONE', #2172, 1000.000000000000000 ) ;
#427 = DIRECTION ( 'NONE',  ( 5.258380536554916800E-014, -0.0000000000000000000, -1.000000000000000000 ) ) ;
#428 = PLANE ( 'NONE',  #812 ) ;
#429 = DIRECTION ( 'NONE',  ( 0.0000000000000000000, 0.0000000000000000000, 1.000000000000000000 ) ) ;
#430 = CARTESIAN_POINT ( 'NONE',  ( -0.4999999999999786300, 0.1250000000000000000, -0.7000000000000083900 ) ) ;
#431 = FACE_OUTER_BOUND ( 'NONE', #301, .T. ) ;
#432 = FACE_OUTER_BOUND ( 'NONE', #1222, .T. ) ;
#433 = LINE ( 'NONE', #759, #1513 ) ;
#434 = ADVANCED_FACE ( 'NONE', ( #771 ), #1235, .F. ) ;
#435 = PLANE ( 'NONE',  #757 ) ;
#436 = CARTESIAN_POINT ( 'NONE',  ( 0.4999999999999892900, 0.04999999999999991300, 0.5999999999999912100 ) ) ;
#437 = COLOUR_RGB ( '',0.7921568627450980000, 0.8196078431372548800, 0.9333333333333333500 ) ;
#438 = CARTESIAN_POINT ( 'NONE',  ( -0.8000000000000052600, 0.1250000000000000000, -0.09999999999999982500 ) ) ;
#439 = DIRECTION ( 'NONE',  ( 0.0000000000000000000, -1.000000000000000000, 0.0000000000000000000 ) ) ;
#440 = ORIENTED_EDGE ( 'NONE', *, *, #1737, .T. ) ;
#441 = FACE_OUTER_BOUND ( 'NONE', #1495, .T. ) ;
#442 = EDGE_CURVE ( 'NONE', #851, #1335, #1135, .T. ) ;
#443 = ORIENTED_EDGE ( 'NONE', *, *, #1204, .F. ) ;
#444 = EDGE_LOOP ( 'NONE', ( #103, #1283, #1528, #516 ) ) ;
#445 = EDGE_CURVE ( 'NONE', #677, #749, #1899, .T. ) ;
#446 = ORIENTED_EDGE ( 'NONE', *, *, #556, .T. ) ;
#447 = ORIENTED_EDGE ( 'NONE', *, *, #361, .T. ) ;
#448 = ORIENTED_EDGE ( 'NONE', *, *, #1189, .T. ) ;
#449 = DIRECTION ( 'NONE',  ( -1.029992063861229500E-014, 0.0000000000000000000, -1.000000000000000000 ) ) ;
#450 = ADVANCED_FACE ( 'NONE', ( #9 ), #719, .T. ) ;
#451 = CARTESIAN_POINT ( 'NONE',  ( -0.5999999999999785500, 0.0000000000000000000, -0.6000000000000083000 ) ) ;
#452 = CARTESIAN_POINT ( 'NONE',  ( 0.7999999999999947200, 0.1250000000000000000, 0.09999999999999158200 ) ) ;
#453 = CARTESIAN_POINT ( 'NONE',  ( -0.6000000000000003100, 0.5999999999999999800, -0.6000000000000002000 ) ) ;
#454 = PRESENTATION_LAYER_ASSIGNMENT (  '', '', ( #2151 ) ) ;
#455 = ADVANCED_FACE ( 'NONE', ( #462 ), #2120, .T. ) ;
#456 = VECTOR ( 'NONE', #1831, 1000.000000000000000 ) ;
#457 = DIRECTION ( 'NONE',  ( -1.000000000000000000, 0.0000000000000000000, 1.734723475976818500E-014 ) ) ;
#458 = LINE ( 'NONE', #1620, #2270 ) ;
#459 = DIRECTION ( 'NONE',  ( -1.000000000000000000, -0.0000000000000000000, -0.0000000000000000000 ) ) ;
#460 = LINE ( 'NONE', #1418, #338 ) ;
#461 = AXIS2_PLACEMENT_3D ( 'NONE', #2126, #1952, #534 ) ;
#462 = FACE_OUTER_BOUND ( 'NONE', #889, .T. ) ;
#463 = VERTEX_POINT ( 'NONE', #865 ) ;
#464 = ORIENTED_EDGE ( 'NONE', *, *, #1429, .F. ) ;
#465 = UNCERTAINTY_MEASURE_WITH_UNIT (LENGTH_MEASURE( 1.000000000000000100E-005 ), #505, 'distance_accuracy_value', 'NONE');
#466 = EDGE_CURVE ( 'NONE', #655, #471, #122, .T. ) ;
#467 = ORIENTED_EDGE ( 'NONE', *, *, #1095, .T. ) ;
#468 = ADVANCED_FACE ( 'NONE', ( #100 ), #697, .F. ) ;
#469 = VERTEX_POINT ( 'NONE', #2103 ) ;
#470 = ORIENTED_EDGE ( 'NONE', *, *, #567, .T. ) ;
#471 = VERTEX_POINT ( 'NONE', #1294 ) ;
#472 = ORIENTED_EDGE ( 'NONE', *, *, #1267, .T. ) ;
#473 = ORIENTED_EDGE ( 'NONE', *, *, #524, .T. ) ;
#474 = ORIENTED_EDGE ( 'NONE', *, *, #1872, .F. ) ;
#475 = PLANE ( 'NONE',  #705 ) ;
#476 = LINE ( 'NONE', #630, #1890 ) ;
#477 = EDGE_CURVE ( 'NONE', #807, #1087, #233, .T. ) ;
#478 = LINE ( 'NONE', #1674, #1392 ) ;
#479 = LINE ( 'NONE', #622, #1898 ) ;
#480 = VECTOR ( 'NONE', #1236, 1000.000000000000000 ) ;
#481 = AXIS2_PLACEMENT_3D ( 'NONE', #564, #1809, #32 ) ;
#482 = CARTESIAN_POINT ( 'NONE',  ( -0.6000000000000003100, 0.5499999999999999300, -0.6000000000000002000 ) ) ;
#483 = EDGE_CURVE ( 'NONE', #1906, #1086, #1376, .T. ) ;
#484 = VECTOR ( 'NONE', #2137, 1000.000000000000000 ) ;
#485 = LINE ( 'NONE', #1883, #267 ) ;
#486 = CARTESIAN_POINT ( 'NONE',  ( 0.0000000000000000000, 0.0000000000000000000, 0.0000000000000000000 ) ) ;
#487 = ORIENTED_EDGE ( 'NONE', *, *, #2104, .T. ) ;
#488 = EDGE_LOOP ( 'NONE', ( #43, #1739, #208, #517 ) ) ;
#489 = ORIENTED_EDGE ( 'NONE', *, *, #133, .F. ) ;
#490 = DIRECTION ( 'NONE',  ( -2.855065720878343300E-014, 0.0000000000000000000, 1.000000000000000000 ) ) ;
#491 = VERTEX_POINT ( 'NONE', #1450 ) ;
#492 = VERTEX_POINT ( 'NONE', #1973 ) ;
#493 = DIRECTION ( 'NONE',  ( 0.0000000000000000000, -0.0000000000000000000, -1.000000000000000000 ) ) ;
#494 = PLANE ( 'NONE',  #351 ) ;
#495 = CARTESIAN_POINT ( 'NONE',  ( -1.730205966924922300E-015, 0.04999999999999991300, -0.1000000000000136600 ) ) ;
#496 = CARTESIAN_POINT ( 'NONE',  ( -0.4999999999999786300, 0.04999999999999991300, -0.7000000000000083900 ) ) ;
#497 = CARTESIAN_POINT ( 'NONE',  ( -0.8000000000000103700, 0.1250000000000000000, 0.4000000000000004100 ) ) ;
#498 = MECHANICAL_DESIGN_GEOMETRIC_PRESENTATION_REPRESENTATION (  '', ( #2174 ), #1787 ) ;
#499 = LINE ( 'NONE', #951, #426 ) ;
#500 = DIRECTION ( 'NONE',  ( 0.0000000000000000000, 1.000000000000000000, 0.0000000000000000000 ) ) ;
#501 = EDGE_CURVE ( 'NONE', #1172, #648, #510, .T. ) ;
#502 = DIRECTION ( 'NONE',  ( -2.276824562219601600E-014, -0.0000000000000000000, -1.000000000000000000 ) ) ;
#503 = LINE ( 'NONE', #74, #456 ) ;
#504 = DIRECTION ( 'NONE',  ( 1.000000000000000000, 0.0000000000000000000, -0.0000000000000000000 ) ) ;
#505 =( LENGTH_UNIT ( ) NAMED_UNIT ( * ) SI_UNIT ( .MILLI., .METRE. ) );
#506 = FACE_OUTER_BOUND ( 'NONE', #50, .T. ) ;
#507 = LINE ( 'NONE', #1667, #1653 ) ;
#508 = LINE ( 'NONE', #1969, #35 ) ;
#509 = PLANE ( 'NONE',  #2219 ) ;
#510 = LINE ( 'NONE', #1826, #936 ) ;
#511 = ORIENTED_EDGE ( 'NONE', *, *, #1830, .F. ) ;
#512 = DIRECTION ( 'NONE',  ( -1.000000000000000000, -0.0000000000000000000, -0.0000000000000000000 ) ) ;
#513 = LINE ( 'NONE', #1788, #1764 ) ;
#514 = ORIENTED_EDGE ( 'NONE', *, *, #1011, .T. ) ;
#515 = CARTESIAN_POINT ( 'NONE',  ( -0.4999999999999933900, 0.1250000000000000000, 0.3999999999999949700 ) ) ;
#516 = ORIENTED_EDGE ( 'NONE', *, *, #1904, .T. ) ;
#517 = ORIENTED_EDGE ( 'NONE', *, *, #234, .T. ) ;
#518 = EDGE_LOOP ( 'NONE', ( #981, #652, #319, #180, #1805, #1777 ) ) ;
#519 = ORIENTED_EDGE ( 'NONE', *, *, #501, .F. ) ;
#520 = FILL_AREA_STYLE_COLOUR ( '', #639 ) ;
#521 = ORIENTED_EDGE ( 'NONE', *, *, #1860, .T. ) ;
#522 = PLANE ( 'NONE',  #1991 ) ;
#523 = ORIENTED_EDGE ( 'NONE', *, *, #1429, .T. ) ;
#524 = EDGE_CURVE ( 'NONE', #1362, #1713, #910, .T. ) ;
#525 = CARTESIAN_POINT ( 'NONE',  ( -0.4999999999999880700, 0.1250000000000000000, -0.1000000000000050200 ) ) ;
#526 = CARTESIAN_POINT ( 'NONE',  ( -0.6000000000000003100, 0.5499999999999999300, -0.7000000000000002900 ) ) ;
#527 = CARTESIAN_POINT ( 'NONE',  ( -0.8000000000000002700, 0.04999999999999991300, 0.8000000000000001600 ) ) ;
#528 = PLANE ( 'NONE',  #1559 ) ;
#529 = VECTOR ( 'NONE', #27, 1000.000000000000000 ) ;
#530 = MANIFOLD_SOLID_BREP ( 'Pin 1 Mark', #1684 ) ;
#531 = DIRECTION ( 'NONE',  ( -0.0000000000000000000, -1.000000000000000000, -0.0000000000000000000 ) ) ;
#532 = DIRECTION ( 'NONE',  ( -2.656295322589441400E-014, 0.0000000000000000000, -1.000000000000000000 ) ) ;
#533 = VECTOR ( 'NONE', #1979, 1000.000000000000000 ) ;
#534 = DIRECTION ( 'NONE',  ( 0.0000000000000000000, 0.0000000000000000000, 1.000000000000000000 ) ) ;
#535 = PLANE ( 'NONE',  #1300 ) ;
#536 = DIRECTION ( 'NONE',  ( -0.0000000000000000000, -0.0000000000000000000, 1.000000000000000000 ) ) ;
#537 = VECTOR ( 'NONE', #1869, 1000.000000000000000 ) ;
#538 = LINE ( 'NONE', #1558, #1298 ) ;
#539 = CARTESIAN_POINT ( 'NONE',  ( 0.8000000000000000400, 0.1250000000000000000, -0.6000000000000083000 ) ) ;
#540 = FACE_OUTER_BOUND ( 'NONE', #1534, .T. ) ;
#541 = LINE ( 'NONE', #862, #2122 ) ;
#542 = DIRECTION ( 'NONE',  ( 0.0000000000000000000, -1.000000000000000000, 0.0000000000000000000 ) ) ;
#543 = ORIENTED_EDGE ( 'NONE', *, *, #1671, .F. ) ;
#544 = LINE ( 'NONE', #2162, #12 ) ;
#545 = EDGE_LOOP ( 'NONE', ( #487, #774, #1974, #1314 ) ) ;
#546 = ADVANCED_FACE ( 'NONE', ( #1041 ), #389, .F. ) ;
#547 = DIRECTION ( 'NONE',  ( -0.0000000000000000000, -1.000000000000000000, -0.0000000000000000000 ) ) ;
#548 = DIRECTION ( 'NONE',  ( 0.0000000000000000000, -1.000000000000000000, 0.0000000000000000000 ) ) ;
#549 = EDGE_LOOP ( 'NONE', ( #1022, #1025, #382, #349 ) ) ;
#550 = ORIENTED_EDGE ( 'NONE', *, *, #335, .F. ) ;
#551 = DIRECTION ( 'NONE',  ( -1.000000000000000000, 0.0000000000000000000, 1.807003620809072000E-014 ) ) ;
#552 = EDGE_LOOP ( 'NONE', ( #1253, #1174, #1471, #1286, #107, #1441 ) ) ;
#553 = EDGE_LOOP ( 'NONE', ( #750, #1050, #473, #2279 ) ) ;
#554 = EDGE_CURVE ( 'NONE', #2231, #417, #2276, .T. ) ;
#555 = DIRECTION ( 'NONE',  ( -1.000000000000000000, 0.0000000000000000000, -5.312590645178973600E-014 ) ) ;
#556 = EDGE_CURVE ( 'NONE', #491, #1312, #1461, .T. ) ;
#557 = EDGE_CURVE ( 'NONE', #2022, #2237, #341, .T. ) ;
#558 = DIRECTION ( 'NONE',  ( 0.0000000000000000000, -0.0000000000000000000, -1.000000000000000000 ) ) ;
#559 = CARTESIAN_POINT ( 'NONE',  ( -0.6000000000000003100, 0.5499999999999999300, -0.7000000000000002900 ) ) ;
#560 =( NAMED_UNIT ( * ) SI_UNIT ( $, .STERADIAN. ) SOLID_ANGLE_UNIT ( ) );
#561 = CARTESIAN_POINT ( 'NONE',  ( -0.4999999999999880700, 0.1250000000000000000, -0.1000000000000050200 ) ) ;
#562 = CIRCLE ( 'NONE', #186, 0.1000000000000001600 ) ;
#563 = VECTOR ( 'NONE', #937, 1000.000000000000000 ) ;
#564 = CARTESIAN_POINT ( 'NONE',  ( 0.8000000000000000400, 0.1250000000000000000, -0.6000000000000083000 ) ) ;
#565 = LINE ( 'NONE', #2036, #537 ) ;
#566 = CARTESIAN_POINT ( 'NONE',  ( -0.5999999999999785500, 0.1250000000000000000, -0.7000000000000083900 ) ) ;
#567 = EDGE_CURVE ( 'NONE', #1084, #1024, #2090, .T. ) ;
#568 = FACE_OUTER_BOUND ( 'NONE', #411, .T. ) ;
#569 = CARTESIAN_POINT ( 'NONE',  ( 0.8000000000000105900, 0.1250000000000000000, 0.3999999999999999700 ) ) ;
#570 = DIRECTION ( 'NONE',  ( -0.0000000000000000000, -1.000000000000000000, -0.0000000000000000000 ) ) ;
#571 = ORIENTED_EDGE ( 'NONE', *, *, #1307, .F. ) ;
#572 = CARTESIAN_POINT ( 'NONE',  ( -0.6000000000000003100, 0.5999999999999999800, -0.6000000000000002000 ) ) ;
#573 = ORIENTED_EDGE ( 'NONE', *, *, #126, .F. ) ;
#574 = DIRECTION ( 'NONE',  ( 0.0000000000000000000, -1.000000000000000000, 0.0000000000000000000 ) ) ;
#575 = VERTEX_POINT ( 'NONE', #800 ) ;
#576 = DIRECTION ( 'NONE',  ( 2.656295322589441400E-014, 0.0000000000000000000, 1.000000000000000000 ) ) ;
#577 = ORIENTED_EDGE ( 'NONE', *, *, #164, .T. ) ;
#578 = ORIENTED_EDGE ( 'NONE', *, *, #234, .F. ) ;
#579 = PLANE ( 'NONE',  #1523 ) ;
#580 = ADVANCED_FACE ( 'NONE', ( #568 ), #1657, .F. ) ;
#581 = CARTESIAN_POINT ( 'NONE',  ( -6.288372600415655100E-015, 0.04999999999999991300, -0.5999999999999999800 ) ) ;
#582 = CARTESIAN_POINT ( 'NONE',  ( 0.4999999999999892900, 0.1250000000000000000, -0.4000000000000052400 ) ) ;
#583 = CARTESIAN_POINT ( 'NONE',  ( -6.938893903907513200E-015, 0.04999999999999991300, -0.4000000000000138400 ) ) ;
#584 = AXIS2_PLACEMENT_3D ( 'NONE', #201, #927, #176 ) ;
#585 = LINE ( 'NONE', #256, #959 ) ;
#586 = DIRECTION ( 'NONE',  ( 0.0000000000000000000, -1.000000000000000000, 0.0000000000000000000 ) ) ;
#587 = ADVANCED_FACE ( 'NONE', ( #311 ), #1675, .F. ) ;
#588 = FACE_OUTER_BOUND ( 'NONE', #678, .T. ) ;
#589 = PLANE ( 'NONE',  #1607 ) ;
#590 = VECTOR ( 'NONE', #713, 1000.000000000000000 ) ;
#591 = CARTESIAN_POINT ( 'NONE',  ( 0.4999999999999892900, 0.0000000000000000000, -0.4000000000000052400 ) ) ;
#592 = LINE ( 'NONE', #1804, #905 ) ;
#593 = VECTOR ( 'NONE', #48, 1000.000000000000000 ) ;
#594 = DIRECTION ( 'NONE',  ( 0.0000000000000000000, -1.000000000000000000, 0.0000000000000000000 ) ) ;
#595 = EDGE_CURVE ( 'NONE', #1524, #1139, #1683, .T. ) ;
#596 = DIRECTION ( 'NONE',  ( 0.0000000000000000000, 0.0000000000000000000, -1.000000000000000000 ) ) ;
#597 = LINE ( 'NONE', #2250, #1733 ) ;
#598 = EDGE_CURVE ( 'NONE', #1049, #1970, #676, .T. ) ;
#599 = ORIENTED_EDGE ( 'NONE', *, *, #1698, .F. ) ;
#600 = FILL_AREA_STYLE_COLOUR ( '', #1134 ) ;
#601 = ORIENTED_EDGE ( 'NONE', *, *, #798, .T. ) ;
#602 = ORIENTED_EDGE ( 'NONE', *, *, #900, .F. ) ;
#603 = CARTESIAN_POINT ( 'NONE',  ( 0.7999999999999893900, 0.1250000000000000000, 0.5999999999999912100 ) ) ;
#604 = PRESENTATION_LAYER_ASSIGNMENT (  '', '', ( #249 ) ) ;
#605 = ADVANCED_FACE ( 'NONE', ( #739 ), #589, .T. ) ;
#606 = EDGE_LOOP ( 'NONE', ( #1999, #1280, #1080, #650 ) ) ;
#607 = VERTEX_POINT ( 'NONE', #1325 ) ;
#608 = ORIENTED_EDGE ( 'NONE', *, *, #664, .T. ) ;
#609 = ORIENTED_EDGE ( 'NONE', *, *, #1267, .F. ) ;
#610 = DIRECTION ( 'NONE',  ( 0.0000000000000000000, -1.000000000000000000, 0.0000000000000000000 ) ) ;
#611 = DIRECTION ( 'NONE',  ( 0.0000000000000000000, -0.0000000000000000000, -1.000000000000000000 ) ) ;
#612 = CARTESIAN_POINT ( 'NONE',  ( 0.8000000000000000400, 0.0000000000000000000, -0.6000000000000083000 ) ) ;
#613 = AXIS2_PLACEMENT_3D ( 'NONE', #482, #1915, #1227 ) ;
#614 = DIRECTION ( 'NONE',  ( -1.000000000000000000, 0.0000000000000000000, -4.878909776184852000E-015 ) ) ;
#615 = ADVANCED_FACE ( 'NONE', ( #1567 ), #428, .T. ) ;
#616 = LINE ( 'NONE', #1875, #138 ) ;
#617 = LINE ( 'NONE', #324, #840 ) ;
#618 = LINE ( 'NONE', #1455, #202 ) ;
#619 = VECTOR ( 'NONE', #2218, 1000.000000000000000 ) ;
#620 = CARTESIAN_POINT ( 'NONE',  ( -0.8000000000000103700, 0.1250000000000000000, 0.4000000000000004100 ) ) ;
#621 = FACE_OUTER_BOUND ( 'NONE', #2016, .T. ) ;
#622 = CARTESIAN_POINT ( 'NONE',  ( -0.8000000000000052600, 0.1250000000000000000, -0.09999999999999982500 ) ) ;
#623 = PRESENTATION_STYLE_ASSIGNMENT (( #1214 ) ) ;
#624 = PLANE ( 'NONE',  #2080 ) ;
#625 = VECTOR ( 'NONE', #850, 1000.000000000000000 ) ;
#626 = ADVANCED_FACE ( 'NONE', ( #378 ), #1479, .T. ) ;
#627 = ORIENTED_EDGE ( 'NONE', *, *, #245, .T. ) ;
#628 = EDGE_LOOP ( 'NONE', ( #802, #1305, #2179, #1660 ) ) ;
#629 = ORIENTED_EDGE ( 'NONE', *, *, #1248, .F. ) ;
#630 = CARTESIAN_POINT ( 'NONE',  ( -0.4999999999999786300, 0.1250000000000000000, -0.7000000000000083900 ) ) ;
#631 = ORIENTED_EDGE ( 'NONE', *, *, #1163, .F. ) ;
#632 = ORIENTED_EDGE ( 'NONE', *, *, #1034, .F. ) ;
#633 = ORIENTED_EDGE ( 'NONE', *, *, #1398, .T. ) ;
#634 = CARTESIAN_POINT ( 'NONE',  ( 0.8000000000000052600, 0.1250000000000000000, -0.1000000000000000500 ) ) ;
#635 = ORIENTED_EDGE ( 'NONE', *, *, #1717, .F. ) ;
#636 = ADVANCED_FACE ( 'NONE', ( #847 ), #768, .F. ) ;
#637 = FACE_OUTER_BOUND ( 'NONE', #1665, .T. ) ;
#638 = EDGE_CURVE ( 'NONE', #1284, #1086, #1519, .T. ) ;
#639 = COLOUR_RGB ( '',0.7921568627450980000, 0.8196078431372548800, 0.9333333333333333500 ) ;
#640 = LINE ( 'NONE', #696, #1372 ) ;
#641 = DIRECTION ( 'NONE',  ( 1.000000000000000000, 0.0000000000000000000, -1.029992063861229500E-014 ) ) ;
#642 = LINE ( 'NONE', #1173, #619 ) ;
#643 = VECTOR ( 'NONE', #429, 1000.000000000000000 ) ;
#644 = CARTESIAN_POINT ( 'NONE',  ( 0.4999999999999933900, 0.04999999999999991300, -5.149960319306079800E-015 ) ) ;
#645 = CARTESIAN_POINT ( 'NONE',  ( 0.0000000000000000000, 0.1250000000000000000, 0.0000000000000000000 ) ) ;
#646 = VECTOR ( 'NONE', #459, 1000.000000000000000 ) ;
#647 = EDGE_CURVE ( 'NONE', #2135, #2238, #2042, .T. ) ;
#648 = VERTEX_POINT ( 'NONE', #1670 ) ;
#649 =( NAMED_UNIT ( * ) SI_UNIT ( $, .STERADIAN. ) SOLID_ANGLE_UNIT ( ) );
#650 = ORIENTED_EDGE ( 'NONE', *, *, #119, .F. ) ;
#651 = EDGE_CURVE ( 'NONE', #1713, #1003, #99, .T. ) ;
#652 = ORIENTED_EDGE ( 'NONE', *, *, #2072, .F. ) ;
#653 = APPLICATION_CONTEXT ( 'automotive_design' ) ;
#654 = EDGE_LOOP ( 'NONE', ( #296, #571, #578, #1363 ) ) ;
#655 = VERTEX_POINT ( 'NONE', #1499 ) ;
#656 = VERTEX_POINT ( 'NONE', #436 ) ;
#657 = MANIFOLD_SOLID_BREP ( 'Pin[1]', #2209 ) ;
#658 = ORIENTED_EDGE ( 'NONE', *, *, #1475, .T. ) ;
#659 = CARTESIAN_POINT ( 'NONE',  ( 0.7999999999999947200, 0.1250000000000000000, 0.09999999999999158200 ) ) ;
#660 = AXIS2_PLACEMENT_3D ( 'NONE', #707, #2133, #1072 ) ;
#661 = CARTESIAN_POINT ( 'NONE',  ( 0.8000000000000052600, 0.1250000000000000000, -0.1000000000000000500 ) ) ;
#662 = CARTESIAN_POINT ( 'NONE',  ( -0.8000000000000002700, 0.04999999999999991300, -0.6000000000000083000 ) ) ;
#663 = CARTESIAN_POINT ( 'NONE',  ( 0.8000000000000105900, 0.0000000000000000000, 0.3999999999999999700 ) ) ;
#664 = EDGE_CURVE ( 'NONE', #469, #1197, #1628, .T. ) ;
#665 = APPLICATION_PROTOCOL_DEFINITION ( 'draft international standard', 'automotive_design', 1998, #653 ) ;
#666 = VECTOR ( 'NONE', #1149, 1000.000000000000000 ) ;
#667 = CARTESIAN_POINT ( 'NONE',  ( 0.7999999999999947200, 0.0000000000000000000, 0.09999999999999158200 ) ) ;
#668 = LINE ( 'NONE', #1655, #1987 ) ;
#669 = DIRECTION ( 'NONE',  ( -1.000000000000000000, -0.0000000000000000000, -5.421010862426935500E-016 ) ) ;
#670 = CARTESIAN_POINT ( 'NONE',  ( -0.8000000000000052600, 0.0000000000000000000, -0.09999999999999982500 ) ) ;
#671 = DIRECTION ( 'NONE',  ( -8.023096076393073600E-014, 0.0000000000000000000, -1.000000000000000000 ) ) ;
#672 = LINE ( 'NONE', #695, #996 ) ;
#673 = CIRCLE ( 'NONE', #2021, 0.1000000000000001600 ) ;
#674 = DIRECTION ( 'NONE',  ( -1.000000000000000000, -0.0000000000000000000, 1.807003620809072000E-014 ) ) ;
#675 = EDGE_CURVE ( 'NONE', #920, #718, #2040, .T. ) ;
#676 = LINE ( 'NONE', #2032, #1990 ) ;
#677 = VERTEX_POINT ( 'NONE', #2210 ) ;
#678 = EDGE_LOOP ( 'NONE', ( #891, #179, #1384, #1686 ) ) ;
#679 = AXIS2_PLACEMENT_3D ( 'NONE', #1480, #1474, #762 ) ;
#680 = VECTOR ( 'NONE', #2110, 1000.000000000000000 ) ;
#681 = EDGE_LOOP ( 'NONE', ( #2282, #1605, #1083, #1196 ) ) ;
#682 = EDGE_LOOP ( 'NONE', ( #2233, #1765, #1825, #827, #1385, #1575, #447, #295, #950, #1255, #446, #128, #1051, #1496, #1827, #1909 ) ) ;
#683 = ORIENTED_EDGE ( 'NONE', *, *, #1398, .F. ) ;
#684 = EDGE_LOOP ( 'NONE', ( #915, #1026 ) ) ;
#685 = EDGE_LOOP ( 'NONE', ( #885, #1230, #1415, #974 ) ) ;
#686 = EDGE_CURVE ( 'NONE', #2074, #159, #565, .T. ) ;
#687 = EDGE_LOOP ( 'NONE', ( #1221, #2096, #1382, #753, #608, #2095, #1116, #2255, #2177, #1734, #1965, #916, #1231, #831, #748, #383 ) ) ;
#688 = DIRECTION ( 'NONE',  ( 0.0000000000000000000, 0.0000000000000000000, -1.000000000000000000 ) ) ;
#689 = CARTESIAN_POINT ( 'NONE',  ( 0.8000000000000000400, 0.04999999999999991300, 0.09999999999999310800 ) ) ;
#690 = CARTESIAN_POINT ( 'NONE',  ( -0.4999999999999880700, 0.1250000000000000000, -0.1000000000000050200 ) ) ;
#691 = AXIS2_PLACEMENT_3D ( 'NONE', #57, #787, #1150 ) ;
#692 = CIRCLE ( 'NONE', #2062, 0.1000000000000001600 ) ;
#693 = CARTESIAN_POINT ( 'NONE',  ( 0.4999999999999946200, 0.1250000000000000000, 0.09999999999999471800 ) ) ;
#694 = CARTESIAN_POINT ( 'NONE',  ( -0.6000000000000003100, 0.5999999999999999800, -0.6000000000000002000 ) ) ;
#695 = CARTESIAN_POINT ( 'NONE',  ( -4.192248400277281200E-015, 0.04999999999999991300, -0.3999999999999999700 ) ) ;
#696 = CARTESIAN_POINT ( 'NONE',  ( -0.8000000000000002700, 0.1250000000000000000, -0.3999999999999999700 ) ) ;
#697 = PLANE ( 'NONE',  #2037 ) ;
#698 = FACE_OUTER_BOUND ( 'NONE', #1819, .T. ) ;
#699 = VECTOR ( 'NONE', #1696, 1000.000000000000000 ) ;
#700 = VECTOR ( 'NONE', #23, 1000.000000000000000 ) ;
#701 = CARTESIAN_POINT ( 'NONE',  ( -0.7999999999999889400, 0.0000000000000000000, 0.5999999999999914300 ) ) ;
#702 = SURFACE_STYLE_FILL_AREA ( #1085 ) ;
#703 = AXIS2_PLACEMENT_3D ( 'NONE', #2138, #2297, #1241 ) ;
#704 = DIRECTION ( 'NONE',  ( 0.0000000000000000000, -0.0000000000000000000, -1.000000000000000000 ) ) ;
#705 = AXIS2_PLACEMENT_3D ( 'NONE', #645, #2242, #1891 ) ;
#706 = LINE ( 'NONE', #1661, #73 ) ;
#707 = CARTESIAN_POINT ( 'NONE',  ( -0.4999999999999786300, 0.1250000000000000000, -0.7000000000000083900 ) ) ;
#708 = EDGE_LOOP ( 'NONE', ( #2077, #2017, #46, #388 ) ) ;
#709 = EDGE_CURVE ( 'NONE', #851, #47, #1590, .T. ) ;
#710 = VERTEX_POINT ( 'NONE', #1738 ) ;
#711 = VERTEX_POINT ( 'NONE', #670 ) ;
#712 = DIRECTION ( 'NONE',  ( 2.656295322589441400E-014, 0.0000000000000000000, 1.000000000000000000 ) ) ;
#713 = DIRECTION ( 'NONE',  ( 0.0000000000000000000, 1.000000000000000000, 0.0000000000000000000 ) ) ;
#714 = ORIENTED_EDGE ( 'NONE', *, *, #133, .T. ) ;
#715 = ORIENTED_EDGE ( 'NONE', *, *, #1557, .F. ) ;
#716 = DIRECTION ( 'NONE',  ( -0.0000000000000000000, -0.0000000000000000000, 1.000000000000000000 ) ) ;
#717 = EDGE_CURVE ( 'NONE', #294, #1049, #1133, .T. ) ;
#718 = VERTEX_POINT ( 'NONE', #1521 ) ;
#719 = PLANE ( 'NONE',  #2193 ) ;
#720 = EDGE_CURVE ( 'NONE', #471, #81, #642, .T. ) ;
#721 = PLANE ( 'NONE',  #703 ) ;
#722 = CARTESIAN_POINT ( 'NONE',  ( 0.4999999999999946200, 0.0000000000000000000, 0.09999999999999471800 ) ) ;
#723 = DIRECTION ( 'NONE',  ( 0.0000000000000000000, -1.000000000000000000, 0.0000000000000000000 ) ) ;
#724 = DIRECTION ( 'NONE',  ( 8.023096076393072300E-014, 0.0000000000000000000, 1.000000000000000000 ) ) ;
#725 = STYLED_ITEM ( 'NONE', ( #623 ), #657 ) ;
#726 = CARTESIAN_POINT ( 'NONE',  ( 0.0000000000000000000, 0.5999999999999999800, 0.0000000000000000000 ) ) ;
#727 = DIRECTION ( 'NONE',  ( -1.048062100069320400E-014, 0.0000000000000000000, -1.000000000000000000 ) ) ;
#728 = FACE_OUTER_BOUND ( 'NONE', #811, .T. ) ;
#729 = DIRECTION ( 'NONE',  ( 4.878909776184851200E-015, -0.0000000000000000000, -1.000000000000000000 ) ) ;
#730 = DIRECTION ( 'NONE',  ( -3.614007241618346300E-016, 0.0000000000000000000, -1.000000000000000000 ) ) ;
#731 = LINE ( 'NONE', #931, #2064 ) ;
#732 = EDGE_CURVE ( 'NONE', #469, #1335, #146, .T. ) ;
#733 = CARTESIAN_POINT ( 'NONE',  ( -0.8000000000000002700, 0.1250000000000000000, -0.3999999999999999700 ) ) ;
#734 = CIRCLE ( 'NONE', #2086, 0.1000000000000001600 ) ;
#735 = DIRECTION ( 'NONE',  ( -0.0000000000000000000, 1.000000000000000000, -0.0000000000000000000 ) ) ;
#736 = EDGE_CURVE ( 'NONE', #711, #749, #1066, .T. ) ;
#737 = LINE ( 'NONE', #1258, #1868 ) ;
#738 = LINE ( 'NONE', #848, #1592 ) ;
#739 = FACE_OUTER_BOUND ( 'NONE', #684, .T. ) ;
#740 = CARTESIAN_POINT ( 'NONE',  ( 0.7999999999999893900, 0.1250000000000000000, -0.4000000000000083500 ) ) ;
#741 = LINE ( 'NONE', #1207, #1136 ) ;
#742 = CARTESIAN_POINT ( 'NONE',  ( -0.8000000000000103700, 0.1250000000000000000, 0.4000000000000004100 ) ) ;
#743 = ORIENTED_EDGE ( 'NONE', *, *, #1527, .F. ) ;
#744 = FACE_OUTER_BOUND ( 'NONE', #1801, .T. ) ;
#745 = DIRECTION ( 'NONE',  ( 0.0000000000000000000, 0.0000000000000000000, 1.000000000000000000 ) ) ;
#746 =( LENGTH_UNIT ( ) NAMED_UNIT ( * ) SI_UNIT ( .MILLI., .METRE. ) );
#747 = AXIS2_PLACEMENT_3D ( 'NONE', #2173, #1306, #1295 ) ;
#748 = ORIENTED_EDGE ( 'NONE', *, *, #392, .T. ) ;
#749 = VERTEX_POINT ( 'NONE', #1346 ) ;
#750 = ORIENTED_EDGE ( 'NONE', *, *, #1011, .F. ) ;
#751 = PLANE ( 'NONE',  #1028 ) ;
#752 = CLOSED_SHELL ( 'NONE', ( #810, #989, #2050, #2011, #386, #1009 ) ) ;
#753 = ORIENTED_EDGE ( 'NONE', *, *, #197, .T. ) ;
#754 = DIRECTION ( 'NONE',  ( -1.000000000000000000, -0.0000000000000000000, 1.730205966924685500E-014 ) ) ;
#755 = PLANE ( 'NONE',  #1897 ) ;
#756 = DIRECTION ( 'NONE',  ( 1.000000000000000000, 0.0000000000000000000, 5.421010862426936400E-016 ) ) ;
#757 = AXIS2_PLACEMENT_3D ( 'NONE', #791, #1847, #1138 ) ;
#758 = DIRECTION ( 'NONE',  ( 0.0000000000000000000, 1.000000000000000000, 0.0000000000000000000 ) ) ;
#759 = CARTESIAN_POINT ( 'NONE',  ( -0.7999999999999889400, 0.1250000000000000000, 0.5999999999999914300 ) ) ;
#760 = DIRECTION ( 'NONE',  ( 1.000000000000000000, 0.0000000000000000000, -1.734723475976818500E-014 ) ) ;
#761 = VECTOR ( 'NONE', #150, 1000.000000000000000 ) ;
#762 = DIRECTION ( 'NONE',  ( 0.0000000000000000000, -0.0000000000000000000, -1.000000000000000000 ) ) ;
#763 = VECTOR ( 'NONE', #551, 1000.000000000000000 ) ;
#764 = VECTOR ( 'NONE', #2116, 1000.000000000000000 ) ;
#765 = CARTESIAN_POINT ( 'NONE',  ( 0.0000000000000000000, 0.1250000000000000000, 0.0000000000000000000 ) ) ;
#766 = EDGE_CURVE ( 'NONE', #52, #1113, #2065, .T. ) ;
#767 = CARTESIAN_POINT ( 'NONE',  ( -0.8000000000000103700, 0.0000000000000000000, 0.4000000000000004100 ) ) ;
#768 = PLANE ( 'NONE',  #845 ) ;
#769 = VECTOR ( 'NONE', #531, 1000.000000000000000 ) ;
#770 = EDGE_CURVE ( 'NONE', #352, #2180, #1926, .T. ) ;
#771 = FACE_OUTER_BOUND ( 'NONE', #488, .T. ) ;
#772 = CARTESIAN_POINT ( 'NONE',  ( -0.5000000000000335300, 0.04999999999999991300, -3.921197857156130100E-014 ) ) ;
#773 = LINE ( 'NONE', #603, #2202 ) ;
#774 = ORIENTED_EDGE ( 'NONE', *, *, #1168, .F. ) ;
#775 = VERTEX_POINT ( 'NONE', #1913 ) ;
#776 = DIRECTION ( 'NONE',  ( 0.0000000000000000000, 0.0000000000000000000, -1.000000000000000000 ) ) ;
#777 = CARTESIAN_POINT ( 'NONE',  ( -0.8000000000000052600, 0.0000000000000000000, -0.09999999999999982500 ) ) ;
#778 = ORIENTED_EDGE ( 'NONE', *, *, #795, .T. ) ;
#779 = CARTESIAN_POINT ( 'NONE',  ( -0.8000000000000002700, 0.5999999999999999800, 0.8000000000000001600 ) ) ;
#780 = EDGE_LOOP ( 'NONE', ( #2157, #573, #213, #886 ) ) ;
#781 =( LENGTH_UNIT ( ) NAMED_UNIT ( * ) SI_UNIT ( .MILLI., .METRE. ) );
#782 = EDGE_LOOP ( 'NONE', ( #633, #1694, #101, #1997 ) ) ;
#783 = ORIENTED_EDGE ( 'NONE', *, *, #2047, .F. ) ;
#784 = DIRECTION ( 'NONE',  ( -1.000000000000000000, 0.0000000000000000000, 0.0000000000000000000 ) ) ;
#785 = EDGE_CURVE ( 'NONE', #942, #1002, #1103, .T. ) ;
#786 = ADVANCED_FACE ( 'NONE', ( #1459 ), #1790, .T. ) ;
#787 = DIRECTION ( 'NONE',  ( 0.0000000000000000000, -1.000000000000000000, 0.0000000000000000000 ) ) ;
#788 = DIRECTION ( 'NONE',  ( -0.0000000000000000000, -1.000000000000000000, -0.0000000000000000000 ) ) ;
#789 = VECTOR ( 'NONE', #868, 1000.000000000000000 ) ;
#790 = STYLED_ITEM ( 'NONE', ( #2249 ), #1045 ) ;
#791 = CARTESIAN_POINT ( 'NONE',  ( 0.4999999999999892900, 0.1250000000000000000, 0.3999999999999912000 ) ) ;
#792 = LINE ( 'NONE', #218, #666 ) ;
#793 = FILL_AREA_STYLE_COLOUR ( '', #205 ) ;
#794 = LINE ( 'NONE', #1413, #480 ) ;
#795 = EDGE_CURVE ( 'NONE', #1873, #1709, #737, .T. ) ;
#796 = ADVANCED_FACE ( 'NONE', ( #2006 ), #535, .T. ) ;
#797 = FACE_OUTER_BOUND ( 'NONE', #1410, .T. ) ;
#798 = EDGE_CURVE ( 'NONE', #357, #1049, #460, .T. ) ;
#799 = VECTOR ( 'NONE', #835, 1000.000000000000000 ) ;
#800 = CARTESIAN_POINT ( 'NONE',  ( -0.5999999999999785500, 0.04999999999999991300, -0.6000000000000083000 ) ) ;
#801 = EDGE_CURVE ( 'NONE', #944, #1574, #672, .T. ) ;
#802 = ORIENTED_EDGE ( 'NONE', *, *, #834, .F. ) ;
#803 = VERTEX_POINT ( 'NONE', #871 ) ;
#804 = VERTEX_POINT ( 'NONE', #1947 ) ;
#805 = VERTEX_POINT ( 'NONE', #194 ) ;
#806 = EDGE_CURVE ( 'NONE', #1463, #463, #2273, .T. ) ;
#807 = VERTEX_POINT ( 'NONE', #2287 ) ;
#808 = APPLICATION_PROTOCOL_DEFINITION ( 'draft international standard', 'automotive_design', 1998, #987 ) ;
#809 = VERTEX_POINT ( 'NONE', #722 ) ;
#810 = ADVANCED_FACE ( 'NONE', ( #227 ), #1775, .F. ) ;
#811 = EDGE_LOOP ( 'NONE', ( #1148, #2102, #2284, #1658 ) ) ;
#812 = AXIS2_PLACEMENT_3D ( 'NONE', #1682, #75, #66 ) ;
#813 = AXIS2_PLACEMENT_3D ( 'NONE', #1710, #641, #449 ) ;
#814 =( LENGTH_UNIT ( ) NAMED_UNIT ( * ) SI_UNIT ( .MILLI., .METRE. ) );
#815 = CARTESIAN_POINT ( 'NONE',  ( -0.4999999999999933900, 0.1250000000000000000, 0.3999999999999949700 ) ) ;
#816 = CARTESIAN_POINT ( 'NONE',  ( -0.5999999999999785500, 0.1250000000000000000, -0.7000000000000083900 ) ) ;
#817 = DIRECTION ( 'NONE',  ( 1.000000000000000000, 0.0000000000000000000, -1.029992063861229500E-014 ) ) ;
#818 = ADVANCED_FACE ( 'NONE', ( #1516 ), #1432, .T. ) ;
#819 = LINE ( 'NONE', #2125, #1647 ) ;
#820 = LINE ( 'NONE', #2007, #1923 ) ;
#821 = VECTOR ( 'NONE', #1569, 1000.000000000000000 ) ;
#822 = VECTOR ( 'NONE', #1053, 1000.000000000000000 ) ;
#823 = DIRECTION ( 'NONE',  ( -0.0000000000000000000, 0.0000000000000000000, 1.000000000000000000 ) ) ;
#824 = VECTOR ( 'NONE', #2033, 1000.000000000000000 ) ;
#825 = ADVANCED_FACE ( 'NONE', ( #1482 ), #1627, .F. ) ;
#826 = ORIENTED_EDGE ( 'NONE', *, *, #1594, .F. ) ;
#827 = ORIENTED_EDGE ( 'NONE', *, *, #1747, .T. ) ;
#828 = ORIENTED_EDGE ( 'NONE', *, *, #1876, .F. ) ;
#829 = ORIENTED_EDGE ( 'NONE', *, *, #595, .T. ) ;
#830 = DIRECTION ( 'NONE',  ( 4.878909776184852000E-015, 0.0000000000000000000, -1.000000000000000000 ) ) ;
#831 = ORIENTED_EDGE ( 'NONE', *, *, #1793, .F. ) ;
#832 = ORIENTED_EDGE ( 'NONE', *, *, #1781, .F. ) ;
#833 =( GEOMETRIC_REPRESENTATION_CONTEXT ( 3 ) GLOBAL_UNCERTAINTY_ASSIGNED_CONTEXT ( ( #912 ) ) GLOBAL_UNIT_ASSIGNED_CONTEXT ( ( #371, #2123, #2299 ) ) REPRESENTATION_CONTEXT ( 'NONE', 'WORKASPACE' ) );
#834 = EDGE_CURVE ( 'NONE', #1911, #853, #261, .T. ) ;
#835 = DIRECTION ( 'NONE',  ( 1.000000000000000000, -0.0000000000000000000, -1.734723475976818500E-014 ) ) ;
#836 = EDGE_CURVE ( 'NONE', #350, #607, #118, .T. ) ;
#837 = CARTESIAN_POINT ( 'NONE',  ( 0.4999999999999892900, 0.1250000000000000000, -0.1000000000000086100 ) ) ;
#838 = EDGE_CURVE ( 'NONE', #18, #19, #1650, .T. ) ;
#839 = VECTOR ( 'NONE', #1171, 1000.000000000000000 ) ;
#840 = VECTOR ( 'NONE', #1571, 1000.000000000000000 ) ;
#841 = LINE ( 'NONE', #667, #174 ) ;
#842 = LINE ( 'NONE', #964, #2144 ) ;
#843 = CARTESIAN_POINT ( 'NONE',  ( 0.8000000000000000400, 0.1250000000000000000, -0.6000000000000083000 ) ) ;
#844 = SURFACE_STYLE_FILL_AREA ( #1676 ) ;
#845 = AXIS2_PLACEMENT_3D ( 'NONE', #1832, #269, #2199 ) ;
#846 = PRESENTATION_LAYER_ASSIGNMENT (  '', '', ( #8 ) ) ;
#847 = FACE_OUTER_BOUND ( 'NONE', #214, .T. ) ;
#848 = CARTESIAN_POINT ( 'NONE',  ( -0.8000000000000002700, 0.1250000000000000000, -0.6000000000000084200 ) ) ;
#849 = LINE ( 'NONE', #2215, #1598 ) ;
#850 = DIRECTION ( 'NONE',  ( -0.0000000000000000000, -1.000000000000000000, -0.0000000000000000000 ) ) ;
#851 = VERTEX_POINT ( 'NONE', #1448 ) ;
#852 = EDGE_CURVE ( 'NONE', #1693, #920, #67, .T. ) ;
#853 = VERTEX_POINT ( 'NONE', #991 ) ;
#854 = EDGE_LOOP ( 'NONE', ( #543, #275, #2153, #1744 ) ) ;
#855 = DIRECTION ( 'NONE',  ( 0.0000000000000000000, -1.000000000000000000, 0.0000000000000000000 ) ) ;
#856 = ORIENTED_EDGE ( 'NONE', *, *, #1512, .T. ) ;
#857 = ORIENTED_EDGE ( 'NONE', *, *, #1993, .T. ) ;
#858 = ORIENTED_EDGE ( 'NONE', *, *, #285, .F. ) ;
#859 = PLANE ( 'NONE',  #1470 ) ;
#860 = CARTESIAN_POINT ( 'NONE',  ( -0.8000000000000052600, 0.1250000000000000000, -0.09999999999999982500 ) ) ;
#861 = DIRECTION ( 'NONE',  ( -1.000000000000000000, 0.0000000000000000000, 1.048062100069320400E-014 ) ) ;
#862 = CARTESIAN_POINT ( 'NONE',  ( 0.8000000000000000400, 0.04999999999999991300, 0.8000000000000001600 ) ) ;
#863 = AXIS2_PLACEMENT_3D ( 'NONE', #1621, #904, #1958 ) ;
#864 = CARTESIAN_POINT ( 'NONE',  ( -0.7999999999999889400, 0.1250000000000000000, 0.5999999999999914300 ) ) ;
#865 = CARTESIAN_POINT ( 'NONE',  ( -0.5000000000000022200, 0.0000000000000000000, -0.4000000000000051800 ) ) ;
#866 = CARTESIAN_POINT ( 'NONE',  ( -0.4999999999999890600, 0.1250000000000000000, 0.09999999999999163700 ) ) ;
#867 = FILL_AREA_STYLE ('',( #1370 ) ) ;
#868 = DIRECTION ( 'NONE',  ( 0.0000000000000000000, 1.000000000000000000, 0.0000000000000000000 ) ) ;
#869 = LINE ( 'NONE', #1645, #1101 ) ;
#870 = CARTESIAN_POINT ( 'NONE',  ( -0.5999999999999785500, 0.1250000000000000000, -0.7000000000000083900 ) ) ;
#871 = CARTESIAN_POINT ( 'NONE',  ( 0.4999999999999872300, 0.1250000000000000000, -0.6000000000000052000 ) ) ;
#872 = AXIS2_PLACEMENT_3D ( 'NONE', #1562, #2268, #671 ) ;
#873 = CARTESIAN_POINT ( 'NONE',  ( 0.7999999999999947200, 0.1250000000000000000, 0.09999999999999158200 ) ) ;
#874 = DIRECTION ( 'NONE',  ( 0.0000000000000000000, -1.000000000000000000, 0.0000000000000000000 ) ) ;
#875 = UNCERTAINTY_MEASURE_WITH_UNIT (LENGTH_MEASURE( 1.000000000000000100E-005 ), #1349, 'distance_accuracy_value', 'NONE');
#876 = COLOUR_RGB ( '',1.000000000000000000, 1.000000000000000000, 1.000000000000000000 ) ;
#877 = CARTESIAN_POINT ( 'NONE',  ( 0.4999999999999872300, 0.1250000000000000000, -0.6000000000000052000 ) ) ;
#878 = VERTEX_POINT ( 'NONE', #451 ) ;
#879 = FACE_OUTER_BOUND ( 'NONE', #685, .T. ) ;
#880 = CARTESIAN_POINT ( 'NONE',  ( -0.5999999999999785500, 0.1250000000000000000, -0.7000000000000083900 ) ) ;
#881 = CARTESIAN_POINT ( 'NONE',  ( -0.8000000000000002700, 0.04999999999999991300, -0.8000000000000001600 ) ) ;
#882 = ORIENTED_EDGE ( 'NONE', *, *, #1451, .F. ) ;
#883 = EDGE_CURVE ( 'NONE', #942, #2074, #1396, .T. ) ;
#884 = ORIENTED_EDGE ( 'NONE', *, *, #883, .F. ) ;
#885 = ORIENTED_EDGE ( 'NONE', *, *, #49, .F. ) ;
#886 = ORIENTED_EDGE ( 'NONE', *, *, #110, .F. ) ;
#887 = EDGE_CURVE ( 'NONE', #2237, #944, #1624, .T. ) ;
#888 = ORIENTED_EDGE ( 'NONE', *, *, #1098, .T. ) ;
#889 = EDGE_LOOP ( 'NONE', ( #858, #212, #1940, #632 ) ) ;
#890 = FILL_AREA_STYLE_COLOUR ( '', #437 ) ;
#891 = ORIENTED_EDGE ( 'NONE', *, *, #852, .F. ) ;
#892 = AXIS2_PLACEMENT_3D ( 'NONE', #1462, #730, #2155 ) ;
#893 = DIRECTION ( 'NONE',  ( 1.000000000000000000, 0.0000000000000000000, 0.0000000000000000000 ) ) ;
#894 = CARTESIAN_POINT ( 'NONE',  ( 0.8000000000000052600, 0.1250000000000000000, -0.1000000000000000500 ) ) ;
#895 = CARTESIAN_POINT ( 'NONE',  ( 0.7999999999999893900, 0.0000000000000000000, 0.5999999999999912100 ) ) ;
#896 = DIRECTION ( 'NONE',  ( 4.878909776184851200E-015, -0.0000000000000000000, -1.000000000000000000 ) ) ;
#897 = CARTESIAN_POINT ( 'NONE',  ( 0.8000000000000105900, 0.0000000000000000000, 0.3999999999999999700 ) ) ;
#898 = LINE ( 'NONE', #742, #529 ) ;
#899 = CARTESIAN_POINT ( 'NONE',  ( -0.8000000000000002700, 0.0000000000000000000, -0.6000000000000084200 ) ) ;
#900 = EDGE_CURVE ( 'NONE', #1635, #648, #1812, .T. ) ;
#901 = ADVANCED_FACE ( 'NONE', ( #1959 ), #988, .F. ) ;
#902 = CARTESIAN_POINT ( 'NONE',  ( -0.8000000000000002700, 0.1250000000000000000, -0.6000000000000084200 ) ) ;
#903 = LINE ( 'NONE', #1456, #65 ) ;
#904 = DIRECTION ( 'NONE',  ( 0.0000000000000000000, -1.000000000000000000, 0.0000000000000000000 ) ) ;
#905 = VECTOR ( 'NONE', #362, 1000.000000000000000 ) ;
#906 = FACE_BOUND ( 'NONE', #22, .T. ) ;
#907 = PLANE ( 'NONE',  #1546 ) ;
#908 = COLOUR_RGB ( '',0.7921568627450980000, 0.8196078431372548800, 0.9333333333333333500 ) ;
#909 = DIRECTION ( 'NONE',  ( 0.0000000000000000000, 0.0000000000000000000, -1.000000000000000000 ) ) ;
#910 = LINE ( 'NONE', #1089, #1399 ) ;
#911 = AXIS2_PLACEMENT_3D ( 'NONE', #726, #1386, #1055 ) ;
#912 = UNCERTAINTY_MEASURE_WITH_UNIT (LENGTH_MEASURE( 1.000000000000000100E-005 ), #371, 'distance_accuracy_value', 'NONE');
#913 = AXIS2_PLACEMENT_3D ( 'NONE', #2106, #2112, #1383 ) ;
#914 = VECTOR ( 'NONE', #80, 1000.000000000000000 ) ;
#915 = ORIENTED_EDGE ( 'NONE', *, *, #1934, .T. ) ;
#916 = ORIENTED_EDGE ( 'NONE', *, *, #1532, .T. ) ;
#917 = DIRECTION ( 'NONE',  ( -0.0000000000000000000, 1.000000000000000000, -0.0000000000000000000 ) ) ;
#918 = EDGE_CURVE ( 'NONE', #1170, #711, #403, .T. ) ;
#919 = ORIENTED_EDGE ( 'NONE', *, *, #1743, .F. ) ;
#920 = VERTEX_POINT ( 'NONE', #425 ) ;
#921 = ORIENTED_EDGE ( 'NONE', *, *, #442, .T. ) ;
#922 = EDGE_LOOP ( 'NONE', ( #385, #130, #599, #1179 ) ) ;
#923 = SURFACE_SIDE_STYLE ('',( #291 ) ) ;
#924 = EDGE_CURVE ( 'NONE', #1340, #111, #1756, .T. ) ;
#925 = PLANE ( 'NONE',  #863 ) ;
#926 = CARTESIAN_POINT ( 'NONE',  ( -0.4999999999999888400, 0.04999999999999991300, 0.5999999999999913200 ) ) ;
#927 = DIRECTION ( 'NONE',  ( -1.000000000000000000, 0.0000000000000000000, -1.057097118173413400E-013 ) ) ;
#928 =( NAMED_UNIT ( * ) SI_UNIT ( $, .STERADIAN. ) SOLID_ANGLE_UNIT ( ) );
#929 = VECTOR ( 'NONE', #427, 1000.000000000000000 ) ;
#930 = EDGE_CURVE ( 'NONE', #1006, #1498, #287, .T. ) ;
#931 = CARTESIAN_POINT ( 'NONE',  ( -0.8000000000000002700, 0.04999999999999991300, 0.8000000000000001600 ) ) ;
#932 = LINE ( 'NONE', #1264, #763 ) ;
#933 = CARTESIAN_POINT ( 'NONE',  ( -0.8000000000000002700, 0.1250000000000000000, -0.3999999999999999700 ) ) ;
#934 = VECTOR ( 'NONE', #586, 1000.000000000000000 ) ;
#935 = LINE ( 'NONE', #55, #228 ) ;
#936 = VECTOR ( 'NONE', #25, 1000.000000000000000 ) ;
#937 = DIRECTION ( 'NONE',  ( -0.0000000000000000000, -1.000000000000000000, -0.0000000000000000000 ) ) ;
#938 = CARTESIAN_POINT ( 'NONE',  ( 0.8000000000000105900, 0.1250000000000000000, 0.3999999999999999700 ) ) ;
#939 = ORIENTED_EDGE ( 'NONE', *, *, #2031, .T. ) ;
#940 = VERTEX_POINT ( 'NONE', #1716 ) ;
#941 = CARTESIAN_POINT ( 'NONE',  ( -0.8000000000000002700, 0.1250000000000000000, -0.6000000000000084200 ) ) ;
#942 = VERTEX_POINT ( 'NONE', #2055 ) ;
#943 = AXIS2_PLACEMENT_3D ( 'NONE', #2142, #1614, #14 ) ;
#944 = VERTEX_POINT ( 'NONE', #1020 ) ;
#945 = ORIENTED_EDGE ( 'NONE', *, *, #1163, .T. ) ;
#946 = ORIENTED_EDGE ( 'NONE', *, *, #798, .F. ) ;
#947 = CARTESIAN_POINT ( 'NONE',  ( -0.6000000000000003100, 0.5999999999999999800, -0.5000000000000000000 ) ) ;
#948 = ORIENTED_EDGE ( 'NONE', *, *, #1993, .F. ) ;
#949 = ORIENTED_EDGE ( 'NONE', *, *, #2047, .T. ) ;
#950 = ORIENTED_EDGE ( 'NONE', *, *, #834, .T. ) ;
#951 = CARTESIAN_POINT ( 'NONE',  ( 0.7999999999999893900, 0.0000000000000000000, -0.4000000000000083500 ) ) ;
#952 = DIRECTION ( 'NONE',  ( -1.000000000000000000, -0.0000000000000000000, 1.807003620809072000E-014 ) ) ;
#953 = EDGE_LOOP ( 'NONE', ( #1254, #884 ) ) ;
#954 = EDGE_CURVE ( 'NONE', #1498, #2135, #507, .T. ) ;
#955 = CARTESIAN_POINT ( 'NONE',  ( 0.4999999999999946200, 0.1250000000000000000, 0.09999999999999471800 ) ) ;
#956 = MANIFOLD_SOLID_BREP ( 'Pin[4]', #1771 ) ;
#957 = PRESENTATION_STYLE_ASSIGNMENT (( #264 ) ) ;
#958 = DIRECTION ( 'NONE',  ( 0.0000000000000000000, 1.000000000000000000, 0.0000000000000000000 ) ) ;
#959 = VECTOR ( 'NONE', #279, 1000.000000000000000 ) ;
#960 = EDGE_CURVE ( 'NONE', #1609, #1284, #1329, .T. ) ;
#961 = ADVANCED_FACE ( 'NONE', ( #540 ), #1327, .T. ) ;
#962 = VECTOR ( 'NONE', #1589, 1000.000000000000000 ) ;
#963 = FACE_OUTER_BOUND ( 'NONE', #1288, .T. ) ;
#964 = CARTESIAN_POINT ( 'NONE',  ( -0.0000000000000000000, 0.04999999999999991300, 0.5999999999999912100 ) ) ;
#965 = EDGE_CURVE ( 'NONE', #809, #357, #841, .T. ) ;
#966 = LINE ( 'NONE', #1719, #339 ) ;
#967 = DIRECTION ( 'NONE',  ( 0.0000000000000000000, 0.0000000000000000000, 1.000000000000000000 ) ) ;
#968 = CARTESIAN_POINT ( 'NONE',  ( 0.4999999999999892900, 0.1250000000000000000, -0.1000000000000086100 ) ) ;
#969 = DIRECTION ( 'NONE',  ( 0.0000000000000000000, -0.0000000000000000000, 1.000000000000000000 ) ) ;
#970 = LINE ( 'NONE', #559, #1070 ) ;
#971 = CARTESIAN_POINT ( 'NONE',  ( -0.8000000000000002700, 0.1250000000000000000, -0.3999999999999999700 ) ) ;
#972 = LINE ( 'NONE', #1017, #1071 ) ;
#973 = LINE ( 'NONE', #1646, #646 ) ;
#974 = ORIENTED_EDGE ( 'NONE', *, *, #2296, .F. ) ;
#975 = ORIENTED_EDGE ( 'NONE', *, *, #192, .F. ) ;
#976 = CARTESIAN_POINT ( 'NONE',  ( -0.5999999999999785500, 0.04999999999999991300, 0.0000000000000000000 ) ) ;
#977 = ORIENTED_EDGE ( 'NONE', *, *, #2072, .T. ) ;
#978 = ADVANCED_FACE ( 'NONE', ( #4 ), #1755, .T. ) ;
#979 = DIRECTION ( 'NONE',  ( 0.0000000000000000000, 1.000000000000000000, 0.0000000000000000000 ) ) ;
#980 = ORIENTED_EDGE ( 'NONE', *, *, #638, .T. ) ;
#981 = ORIENTED_EDGE ( 'NONE', *, *, #1518, .F. ) ;
#982 = PRESENTATION_LAYER_ASSIGNMENT (  '', '', ( #725 ) ) ;
#983 = MECHANICAL_DESIGN_GEOMETRIC_PRESENTATION_REPRESENTATION (  '', ( #8 ), #1091 ) ;
#984 = ORIENTED_EDGE ( 'NONE', *, *, #121, .F. ) ;
#985 = ORIENTED_EDGE ( 'NONE', *, *, #524, .F. ) ;
#986 = DIRECTION ( 'NONE',  ( 1.000000000000000000, -0.0000000000000000000, -0.0000000000000000000 ) ) ;
#987 = APPLICATION_CONTEXT ( 'automotive_design' ) ;
#988 = PLANE ( 'NONE',  #1695 ) ;
#989 = ADVANCED_FACE ( 'NONE', ( #432 ), #2281, .F. ) ;
#990 = SHAPE_DEFINITION_REPRESENTATION ( #1250, #1367 ) ;
#991 = CARTESIAN_POINT ( 'NONE',  ( 0.8000000000000105900, 0.1250000000000000000, 0.3999999999999999700 ) ) ;
#992 = AXIS2_PLACEMENT_3D ( 'NONE', #364, #1935, #1476 ) ;
#993 = VECTOR ( 'NONE', #401, 1000.000000000000000 ) ;
#994 = DIRECTION ( 'NONE',  ( 0.0000000000000000000, -1.000000000000000000, 0.0000000000000000000 ) ) ;
#995 = VECTOR ( 'NONE', #170, 1000.000000000000000 ) ;
#996 = VECTOR ( 'NONE', #1275, 1000.000000000000000 ) ;
#997 = FACE_OUTER_BOUND ( 'NONE', #953, .T. ) ;
#998 = DIRECTION ( 'NONE',  ( 1.029992063861229500E-014, 0.0000000000000000000, 1.000000000000000000 ) ) ;
#999 = ADVANCED_FACE ( 'NONE', ( #797 ), #2272, .F. ) ;
#1000 = DIRECTION ( 'NONE',  ( -1.000000000000000000, 0.0000000000000000000, 1.048062100069320400E-014 ) ) ;
#1001 = DIRECTION ( 'NONE',  ( -1.000000000000000000, -0.0000000000000000000, -0.0000000000000000000 ) ) ;
#1002 = VERTEX_POINT ( 'NONE', #1056 ) ;
#1003 = VERTEX_POINT ( 'NONE', #1982 ) ;
#1004 = ORIENTED_EDGE ( 'NONE', *, *, #1638, .T. ) ;
#1005 = ORIENTED_EDGE ( 'NONE', *, *, #36, .F. ) ;
#1006 = VERTEX_POINT ( 'NONE', #843 ) ;
#1007 = VERTEX_POINT ( 'NONE', #1048 ) ;
#1008 = DIRECTION ( 'NONE',  ( -1.000000000000000000, 0.0000000000000000000, -5.421010862426936400E-016 ) ) ;
#1009 = ADVANCED_FACE ( 'NONE', ( #963 ), #925, .T. ) ;
#1010 = EDGE_CURVE ( 'NONE', #805, #1524, #592, .T. ) ;
#1011 = EDGE_CURVE ( 'NONE', #1044, #1003, #970, .T. ) ;
#1012 = PRESENTATION_STYLE_ASSIGNMENT (( #2262 ) ) ;
#1013 = LINE ( 'NONE', #1077, #1 ) ;
#1014 = SURFACE_STYLE_FILL_AREA ( #867 ) ;
#1015 = VECTOR ( 'NONE', #500, 1000.000000000000000 ) ;
#1016 = EDGE_CURVE ( 'NONE', #1635, #1693, #1245, .T. ) ;
#1017 = CARTESIAN_POINT ( 'NONE',  ( -0.7999999999999889400, 0.1250000000000000000, 0.5999999999999914300 ) ) ;
#1018 = PRESENTATION_STYLE_ASSIGNMENT (( #1630 ) ) ;
#1019 = LINE ( 'NONE', #1195, #799 ) ;
#1020 = CARTESIAN_POINT ( 'NONE',  ( 0.4999999999999892900, 0.04999999999999991300, -0.4000000000000052400 ) ) ;
#1021 = ORIENTED_EDGE ( 'NONE', *, *, #2188, .T. ) ;
#1022 = ORIENTED_EDGE ( 'NONE', *, *, #83, .T. ) ;
#1023 = PLANE ( 'NONE',  #115 ) ;
#1024 = VERTEX_POINT ( 'NONE', #181 ) ;
#1025 = ORIENTED_EDGE ( 'NONE', *, *, #1248, .T. ) ;
#1026 = ORIENTED_EDGE ( 'NONE', *, *, #1887, .T. ) ;
#1027 =( NAMED_UNIT ( * ) PLANE_ANGLE_UNIT ( ) SI_UNIT ( $, .RADIAN. ) );
#1028 = AXIS2_PLACEMENT_3D ( 'NONE', #740, #727, #1981 ) ;
#1029 = DIRECTION ( 'NONE',  ( 0.0000000000000000000, -1.000000000000000000, 0.0000000000000000000 ) ) ;
#1030 = AXIS2_PLACEMENT_3D ( 'NONE', #1442, #1636, #1976 ) ;
#1031 = FACE_OUTER_BOUND ( 'NONE', #682, .T. ) ;
#1032 = DIRECTION ( 'NONE',  ( 0.0000000000000000000, 0.0000000000000000000, 1.000000000000000000 ) ) ;
#1033 = DIRECTION ( 'NONE',  ( 0.0000000000000000000, 0.0000000000000000000, -1.000000000000000000 ) ) ;
#1034 = EDGE_CURVE ( 'NONE', #1776, #492, #1375, .T. ) ;
#1035 = DIRECTION ( 'NONE',  ( 0.0000000000000000000, -1.000000000000000000, 0.0000000000000000000 ) ) ;
#1036 = VECTOR ( 'NONE', #185, 1000.000000000000000 ) ;
#1037 = VECTOR ( 'NONE', #1311, 1000.000000000000000 ) ;
#1038 = DIRECTION ( 'NONE',  ( 0.0000000000000000000, 0.0000000000000000000, 1.000000000000000000 ) ) ;
#1039 = CARTESIAN_POINT ( 'NONE',  ( 0.8000000000000052600, 0.1250000000000000000, -0.1000000000000000500 ) ) ;
#1040 = SURFACE_SIDE_STYLE ('',( #1107 ) ) ;
#1041 = FACE_OUTER_BOUND ( 'NONE', #1742, .T. ) ;
#1042 = DIRECTION ( 'NONE',  ( 1.730205966924685800E-014, 0.0000000000000000000, 1.000000000000000000 ) ) ;
#1043 = EDGE_LOOP ( 'NONE', ( #577, #609, #1526, #1850 ) ) ;
#1044 = VERTEX_POINT ( 'NONE', #526 ) ;
#1045 = MANIFOLD_SOLID_BREP ( 'Pin[3]', #1047 ) ;
#1046 = ORIENTED_EDGE ( 'NONE', *, *, #1908, .F. ) ;
#1047 = CLOSED_SHELL ( 'NONE', ( #468, #546, #2191, #1533, #434, #818 ) ) ;
#1048 = CARTESIAN_POINT ( 'NONE',  ( 0.7999999999999893900, 0.1250000000000000000, -0.4000000000000083500 ) ) ;
#1049 = VERTEX_POINT ( 'NONE', #21 ) ;
#1050 = ORIENTED_EDGE ( 'NONE', *, *, #1934, .F. ) ;
#1051 = ORIENTED_EDGE ( 'NONE', *, *, #1916, .T. ) ;
#1052 = DIRECTION ( 'NONE',  ( 0.0000000000000000000, 0.0000000000000000000, -1.000000000000000000 ) ) ;
#1053 = DIRECTION ( 'NONE',  ( 1.000000000000000000, -0.0000000000000000000, -1.048062100069320400E-014 ) ) ;
#1054 = ORIENTED_EDGE ( 'NONE', *, *, #1876, .T. ) ;
#1055 = DIRECTION ( 'NONE',  ( 0.0000000000000000000, -0.0000000000000000000, -1.000000000000000000 ) ) ;
#1056 = CARTESIAN_POINT ( 'NONE',  ( -0.6000000000000003100, 0.5999999999999999800, -0.7000000000000002900 ) ) ;
#1057 = PLANE ( 'NONE',  #2136 ) ;
#1058 = DIRECTION ( 'NONE',  ( 1.000000000000000000, 0.0000000000000000000, -0.0000000000000000000 ) ) ;
#1059 = CARTESIAN_POINT ( 'NONE',  ( 0.4999999999999892900, 0.1250000000000000000, -0.1000000000000086100 ) ) ;
#1060 = EDGE_CURVE ( 'NONE', #677, #18, #340, .T. ) ;
#1061 = LINE ( 'NONE', #644, #1920 ) ;
#1062 = CARTESIAN_POINT ( 'NONE',  ( 0.7999999999999893900, 0.1250000000000000000, -0.4000000000000083500 ) ) ;
#1063 = LINE ( 'NONE', #366, #1983 ) ;
#1064 = CARTESIAN_POINT ( 'NONE',  ( 0.4999999999999892900, 0.1250000000000000000, 0.5999999999999912100 ) ) ;
#1065 = DIRECTION ( 'NONE',  ( 1.000000000000000000, -0.0000000000000000000, -1.734723475976818500E-014 ) ) ;
#1066 = LINE ( 'NONE', #328, #1989 ) ;
#1067 = LINE ( 'NONE', #2081, #173 ) ;
#1068 = CARTESIAN_POINT ( 'NONE',  ( 0.0000000000000000000, 0.1250000000000000000, 0.0000000000000000000 ) ) ;
#1069 = AXIS2_PLACEMENT_3D ( 'NONE', #661, #1907, #1393 ) ;
#1070 = VECTOR ( 'NONE', #917, 1000.000000000000000 ) ;
#1071 = VECTOR ( 'NONE', #148, 1000.000000000000000 ) ;
#1072 = DIRECTION ( 'NONE',  ( -7.842395714311733800E-014, 0.0000000000000000000, 1.000000000000000000 ) ) ;
#1073 = EDGE_CURVE ( 'NONE', #15, #1312, #290, .T. ) ;
#1074 = VECTOR ( 'NONE', #830, 1000.000000000000000 ) ;
#1075 = ORIENTED_EDGE ( 'NONE', *, *, #1168, .T. ) ;
#1076 = ORIENTED_EDGE ( 'NONE', *, *, #717, .T. ) ;
#1077 = CARTESIAN_POINT ( 'NONE',  ( -0.8000000000000052600, 0.1250000000000000000, -0.09999999999999982500 ) ) ;
#1078 = EDGE_CURVE ( 'NONE', #1741, #807, #309, .T. ) ;
#1079 = CARTESIAN_POINT ( 'NONE',  ( -0.8000000000000002700, 0.5999999999999999800, -0.8000000000000001600 ) ) ;
#1080 = ORIENTED_EDGE ( 'NONE', *, *, #1073, .T. ) ;
#1081 = ORIENTED_EDGE ( 'NONE', *, *, #924, .F. ) ;
#1082 = EDGE_CURVE ( 'NONE', #347, #492, #2121, .T. ) ;
#1083 = ORIENTED_EDGE ( 'NONE', *, *, #1629, .T. ) ;
#1084 = VERTEX_POINT ( 'NONE', #2211 ) ;
#1085 = FILL_AREA_STYLE ('',( #890 ) ) ;
#1086 = VERTEX_POINT ( 'NONE', #91 ) ;
#1087 = VERTEX_POINT ( 'NONE', #612 ) ;
#1088 = CARTESIAN_POINT ( 'NONE',  ( -0.5000000000000022200, 0.1250000000000000000, -0.4000000000000051800 ) ) ;
#1089 = CARTESIAN_POINT ( 'NONE',  ( -0.6000000000000003100, 0.5499999999999999300, -0.5000000000000000000 ) ) ;
#1090 =( GEOMETRIC_REPRESENTATION_CONTEXT ( 3 ) GLOBAL_UNCERTAINTY_ASSIGNED_CONTEXT ( ( #2176 ) ) GLOBAL_UNIT_ASSIGNED_CONTEXT ( ( #1536, #1027, #135 ) ) REPRESENTATION_CONTEXT ( 'NONE', 'WORKASPACE' ) );
#1091 =( GEOMETRIC_REPRESENTATION_CONTEXT ( 3 ) GLOBAL_UNCERTAINTY_ASSIGNED_CONTEXT ( ( #465 ) ) GLOBAL_UNIT_ASSIGNED_CONTEXT ( ( #505, #2240, #649 ) ) REPRESENTATION_CONTEXT ( 'NONE', 'WORKASPACE' ) );
#1092 = DIRECTION ( 'NONE',  ( 0.0000000000000000000, -1.000000000000000000, 0.0000000000000000000 ) ) ;
#1093 = DIRECTION ( 'NONE',  ( -5.312590645178973600E-014, 0.0000000000000000000, 1.000000000000000000 ) ) ;
#1094 = DIRECTION ( 'NONE',  ( -0.0000000000000000000, -1.000000000000000000, -0.0000000000000000000 ) ) ;
#1095 = EDGE_CURVE ( 'NONE', #1228, #711, #479, .T. ) ;
#1096 = CYLINDRICAL_SURFACE ( 'NONE', #1030, 0.1000000000000001600 ) ;
#1097 = DIRECTION ( 'NONE',  ( -5.421010862426936400E-016, 0.0000000000000000000, 1.000000000000000000 ) ) ;
#1098 = EDGE_CURVE ( 'NONE', #804, #1201, #1216, .T. ) ;
#1099 = LINE ( 'NONE', #329, #1588 ) ;
#1100 = DIRECTION ( 'NONE',  ( 5.258380536554916800E-014, -0.0000000000000000000, -1.000000000000000000 ) ) ;
#1101 = VECTOR ( 'NONE', #574, 1000.000000000000000 ) ;
#1102 = CARTESIAN_POINT ( 'NONE',  ( -0.6000000000000003100, 0.5999999999999999800, -0.6000000000000002000 ) ) ;
#1103 = LINE ( 'NONE', #336, #590 ) ;
#1104 = CARTESIAN_POINT ( 'NONE',  ( -0.5000000000000022200, 0.1250000000000000000, -0.4000000000000051800 ) ) ;
#1105 = CYLINDRICAL_SURFACE ( 'NONE', #461, 0.1000000000000001600 ) ;
#1106 = CARTESIAN_POINT ( 'NONE',  ( 0.8000000000000105900, 0.1250000000000000000, 0.3999999999999999700 ) ) ;
#1107 = SURFACE_STYLE_FILL_AREA ( #152 ) ;
#1108 = CARTESIAN_POINT ( 'NONE',  ( 0.8000000000000105900, 0.0000000000000000000, 0.3999999999999999700 ) ) ;
#1109 = MECHANICAL_DESIGN_GEOMETRIC_PRESENTATION_REPRESENTATION (  '', ( #139 ), #1278 ) ;
#1110 = EDGE_LOOP ( 'NONE', ( #602, #1551, #1851, #1308 ) ) ;
#1111 = PLANE ( 'NONE',  #911 ) ;
#1112 = ORIENTED_EDGE ( 'NONE', *, *, #1082, .T. ) ;
#1113 = VERTEX_POINT ( 'NONE', #1849 ) ;
#1114 = EDGE_LOOP ( 'NONE', ( #1408, #1548, #1341, #519 ) ) ;
#1115 = CARTESIAN_POINT ( 'NONE',  ( -0.7999999999999891600, 0.0000000000000000000, 0.09999999999999170700 ) ) ;
#1116 = ORIENTED_EDGE ( 'NONE', *, *, #720, .F. ) ;
#1117 = ORIENTED_EDGE ( 'NONE', *, *, #1745, .F. ) ;
#1118 = CARTESIAN_POINT ( 'NONE',  ( -0.8000000000000002700, 0.04999999999999991300, -0.3999999999999999700 ) ) ;
#1119 = EDGE_LOOP ( 'NONE', ( #1770, #1225, #715, #416 ) ) ;
#1120 = VERTEX_POINT ( 'NONE', #98 ) ;
#1121 = DIRECTION ( 'NONE',  ( 1.000000000000000000, 0.0000000000000000000, -1.048062100069320400E-014 ) ) ;
#1122 = AXIS2_PLACEMENT_3D ( 'NONE', #1234, #1247, #145 ) ;
#1123 = DIRECTION ( 'NONE',  ( 1.000000000000000000, 0.0000000000000000000, -2.258754526011466300E-016 ) ) ;
#1124 = DIRECTION ( 'NONE',  ( 5.312590645178973600E-014, -0.0000000000000000000, -1.000000000000000000 ) ) ;
#1125 = MANIFOLD_SOLID_BREP ( 'Housing', #273 ) ;
#1126 = FACE_OUTER_BOUND ( 'NONE', #1290, .T. ) ;
#1127 = DIRECTION ( 'NONE',  ( -1.000000000000000000, 0.0000000000000000000, -2.855065720878343300E-014 ) ) ;
#1128 = EDGE_CURVE ( 'NONE', #1024, #656, #2068, .T. ) ;
#1129 = DIRECTION ( 'NONE',  ( 1.000000000000000000, -0.0000000000000000000, 0.0000000000000000000 ) ) ;
#1130 = VECTOR ( 'NONE', #1323, 1000.000000000000000 ) ;
#1131 = DIRECTION ( 'NONE',  ( 0.0000000000000000000, -1.000000000000000000, 0.0000000000000000000 ) ) ;
#1132 = EDGE_CURVE ( 'NONE', #1120, #940, #1353, .T. ) ;
#1133 = LINE ( 'NONE', #1925, #1161 ) ;
#1134 = COLOUR_RGB ( '',0.2509803921568627400, 0.2509803921568627400, 0.2509803921568627400 ) ;
#1135 = LINE ( 'NONE', #1239, #1654 ) ;
#1136 = VECTOR ( 'NONE', #136, 1000.000000000000000 ) ;
#1137 = ADVANCED_FACE ( 'NONE', ( #1190 ), #2189, .F. ) ;
#1138 = DIRECTION ( 'NONE',  ( -0.0000000000000000000, 0.0000000000000000000, -1.000000000000000000 ) ) ;
#1139 = VERTEX_POINT ( 'NONE', #1500 ) ;
#1140 =( GEOMETRIC_REPRESENTATION_CONTEXT ( 3 ) GLOBAL_UNCERTAINTY_ASSIGNED_CONTEXT ( ( #289 ) ) GLOBAL_UNIT_ASSIGNED_CONTEXT ( ( #746, #1988, #928 ) ) REPRESENTATION_CONTEXT ( 'NONE', 'WORKASPACE' ) );
#1141 = VERTEX_POINT ( 'NONE', #659 ) ;
#1142 = ORIENTED_EDGE ( 'NONE', *, *, #2220, .F. ) ;
#1143 = DIRECTION ( 'NONE',  ( -1.000000000000000000, 0.0000000000000000000, -2.927345865710654300E-014 ) ) ;
#1144 = ORIENTED_EDGE ( 'NONE', *, *, #1078, .F. ) ;
#1145 = EDGE_LOOP ( 'NONE', ( #1966, #85, #2212, #1494 ) ) ;
#1146 = ORIENTED_EDGE ( 'NONE', *, *, #1916, .F. ) ;
#1147 = VERTEX_POINT ( 'NONE', #1192 ) ;
#1148 = ORIENTED_EDGE ( 'NONE', *, *, #477, .T. ) ;
#1149 = DIRECTION ( 'NONE',  ( -1.000000000000000000, 0.0000000000000000000, -2.855065720878343300E-014 ) ) ;
#1150 = DIRECTION ( 'NONE',  ( 0.0000000000000000000, -0.0000000000000000000, -1.000000000000000000 ) ) ;
#1151 = DIRECTION ( 'NONE',  ( -0.0000000000000000000, -1.000000000000000000, -0.0000000000000000000 ) ) ;
#1152 = CARTESIAN_POINT ( 'NONE',  ( -0.4999999999999880700, 0.1250000000000000000, -0.1000000000000050200 ) ) ;
#1153 = ADVANCED_FACE ( 'NONE', ( #621 ), #1697, .T. ) ;
#1154 = PRESENTATION_LAYER_ASSIGNMENT (  '', '', ( #790 ) ) ;
#1155 = CARTESIAN_POINT ( 'NONE',  ( -0.5999999999999785500, 0.1250000000000000000, -0.7000000000000083900 ) ) ;
#1156 = FACE_OUTER_BOUND ( 'NONE', #545, .T. ) ;
#1157 = VECTOR ( 'NONE', #760, 1000.000000000000000 ) ;
#1158 = LINE ( 'NONE', #337, #1374 ) ;
#1159 = DIRECTION ( 'NONE',  ( 1.000000000000000000, 0.0000000000000000000, -1.048062100069276000E-014 ) ) ;
#1160 = ADVANCED_FACE ( 'NONE', ( #1428 ), #475, .T. ) ;
#1161 = VECTOR ( 'NONE', #144, 1000.000000000000000 ) ;
#1162 = FACE_OUTER_BOUND ( 'NONE', #1229, .T. ) ;
#1163 = EDGE_CURVE ( 'NONE', #182, #804, #1067, .T. ) ;
#1164 = VECTOR ( 'NONE', #258, 1000.000000000000000 ) ;
#1165 = PLANE ( 'NONE',  #2067 ) ;
#1166 = VECTOR ( 'NONE', #2195, 1000.000000000000000 ) ;
#1167 = ORIENTED_EDGE ( 'NONE', *, *, #1512, .F. ) ;
#1168 = EDGE_CURVE ( 'NONE', #124, #878, #966, .T. ) ;
#1169 = LINE ( 'NONE', #1401, #209 ) ;
#1170 = VERTEX_POINT ( 'NONE', #1537 ) ;
#1171 = DIRECTION ( 'NONE',  ( 5.312590645178973600E-014, -0.0000000000000000000, -1.000000000000000000 ) ) ;
#1172 = VERTEX_POINT ( 'NONE', #2248 ) ;
#1173 = CARTESIAN_POINT ( 'NONE',  ( -0.8000000000000002700, 0.5999999999999999800, 0.8000000000000001600 ) ) ;
#1174 = ORIENTED_EDGE ( 'NONE', *, *, #304, .T. ) ;
#1175 = ORIENTED_EDGE ( 'NONE', *, *, #195, .T. ) ;
#1176 = ORIENTED_EDGE ( 'NONE', *, *, #1555, .T. ) ;
#1177 = DIRECTION ( 'NONE',  ( -1.000000000000000000, 0.0000000000000000000, 1.048062100069276000E-014 ) ) ;
#1178 = ADVANCED_FACE ( 'NONE', ( #2274 ), #1879, .F. ) ;
#1179 = ORIENTED_EDGE ( 'NONE', *, *, #836, .T. ) ;
#1180 =( NAMED_UNIT ( * ) SI_UNIT ( $, .STERADIAN. ) SOLID_ANGLE_UNIT ( ) );
#1181 = DIRECTION ( 'NONE',  ( 0.0000000000000000000, -1.000000000000000000, 0.0000000000000000000 ) ) ;
#1182 = CARTESIAN_POINT ( 'NONE',  ( -0.8000000000000002700, 0.04999999999999991300, 0.8000000000000001600 ) ) ;
#1183 = PRODUCT ( 'SN74LVC1T45DPKR', 'SN74LVC1T45DPKR', '', ( #102 ) ) ;
#1184 = ADVANCED_FACE ( 'NONE', ( #1162 ), #1023, .T. ) ;
#1185 = FACE_OUTER_BOUND ( 'NONE', #681, .T. ) ;
#1186 = DIRECTION ( 'NONE',  ( 1.000000000000000000, 0.0000000000000000000, 5.421010862426936400E-016 ) ) ;
#1187 = VECTOR ( 'NONE', #1200, 1000.000000000000000 ) ;
#1188 = LINE ( 'NONE', #1726, #2041 ) ;
#1189 = EDGE_CURVE ( 'NONE', #182, #1711, #404, .T. ) ;
#1190 = FACE_OUTER_BOUND ( 'NONE', #1740, .T. ) ;
#1191 = VECTOR ( 'NONE', #1124, 1000.000000000000000 ) ;
#1192 = CARTESIAN_POINT ( 'NONE',  ( 0.4999999999999872300, 0.04999999999999991300, -0.6000000000000052000 ) ) ;
#1193 = VECTOR ( 'NONE', #1843, 1000.000000000000000 ) ;
#1194 = ORIENTED_EDGE ( 'NONE', *, *, #1251, .T. ) ;
#1195 = CARTESIAN_POINT ( 'NONE',  ( -0.5000000000000022200, 0.1250000000000000000, -0.4000000000000051800 ) ) ;
#1196 = ORIENTED_EDGE ( 'NONE', *, *, #1555, .F. ) ;
#1197 = VERTEX_POINT ( 'NONE', #1182 ) ;
#1198 = MECHANICAL_DESIGN_GEOMETRIC_PRESENTATION_REPRESENTATION (  '', ( #790 ), #833 ) ;
#1199 = ORIENTED_EDGE ( 'NONE', *, *, #143, .F. ) ;
#1200 = DIRECTION ( 'NONE',  ( 0.0000000000000000000, -1.000000000000000000, 0.0000000000000000000 ) ) ;
#1201 = VERTEX_POINT ( 'NONE', #303 ) ;
#1202 = ORIENTED_EDGE ( 'NONE', *, *, #1833, .T. ) ;
#1203 = PLANE ( 'NONE',  #1721 ) ;
#1204 = EDGE_CURVE ( 'NONE', #2290, #1741, #1896, .T. ) ;
#1205 = EDGE_CURVE ( 'NONE', #159, #1002, #2227, .T. ) ;
#1206 = PRODUCT_DEFINITION_FORMATION_WITH_SPECIFIED_SOURCE ( 'ANY', '', #1183, .NOT_KNOWN. ) ;
#1207 = CARTESIAN_POINT ( 'NONE',  ( -0.8000000000000002700, 0.04999999999999991300, 0.8000000000000001600 ) ) ;
#1208 = FACE_OUTER_BOUND ( 'NONE', #158, .T. ) ;
#1209 = FACE_OUTER_BOUND ( 'NONE', #2213, .T. ) ;
#1210 =( LENGTH_UNIT ( ) NAMED_UNIT ( * ) SI_UNIT ( .MILLI., .METRE. ) );
#1211 = MECHANICAL_DESIGN_GEOMETRIC_PRESENTATION_REPRESENTATION (  '', ( #725 ), #1090 ) ;
#1212 = VECTOR ( 'NONE', #1437, 1000.000000000000000 ) ;
#1213 = DIRECTION ( 'NONE',  ( -1.000000000000000000, 0.0000000000000000000, -2.855065720878343300E-014 ) ) ;
#1214 = SURFACE_STYLE_USAGE ( .BOTH. , #1040 ) ;
#1215 = VECTOR ( 'NONE', #394, 1000.000000000000000 ) ;
#1216 = LINE ( 'NONE', #1155, #1431 ) ;
#1217 = VECTOR ( 'NONE', #2192, 1000.000000000000000 ) ;
#1218 = ORIENTED_EDGE ( 'NONE', *, *, #1095, .F. ) ;
#1219 = EDGE_CURVE ( 'NONE', #124, #350, #738, .T. ) ;
#1220 = VECTOR ( 'NONE', #1121, 1000.000000000000000 ) ;
#1221 = ORIENTED_EDGE ( 'NONE', *, *, #1754, .T. ) ;
#1222 = EDGE_LOOP ( 'NONE', ( #238, #418, #629, #1076 ) ) ;
#1223 = EDGE_CURVE ( 'NONE', #803, #2290, #1188, .T. ) ;
#1224 = DIRECTION ( 'NONE',  ( 0.0000000000000000000, 0.0000000000000000000, 1.000000000000000000 ) ) ;
#1225 = ORIENTED_EDGE ( 'NONE', *, *, #1689, .F. ) ;
#1226 = CLOSED_SHELL ( 'NONE', ( #1137, #1678, #93, #86, #580, #978 ) ) ;
#1227 = DIRECTION ( 'NONE',  ( 0.0000000000000000000, 0.0000000000000000000, 1.000000000000000000 ) ) ;
#1228 = VERTEX_POINT ( 'NONE', #860 ) ;
#1229 = EDGE_LOOP ( 'NONE', ( #1903, #945, #888, #318 ) ) ;
#1230 = ORIENTED_EDGE ( 'NONE', *, *, #557, .T. ) ;
#1231 = ORIENTED_EDGE ( 'NONE', *, *, #1861, .T. ) ;
#1232 = PLANE ( 'NONE',  #191 ) ;
#1233 = CARTESIAN_POINT ( 'NONE',  ( -0.8000000000000002700, 0.04999999999999991300, 0.8000000000000001600 ) ) ;
#1234 = CARTESIAN_POINT ( 'NONE',  ( 0.4999999999999892900, 0.1250000000000000000, 0.3999999999999912000 ) ) ;
#1235 = PLANE ( 'NONE',  #1487 ) ;
#1236 = DIRECTION ( 'NONE',  ( 1.057097118173413400E-013, -0.0000000000000000000, -1.000000000000000000 ) ) ;
#1237 = CARTESIAN_POINT ( 'NONE',  ( 0.0000000000000000000, 0.1250000000000000000, 0.0000000000000000000 ) ) ;
#1238 = VECTOR ( 'NONE', #2167, 1000.000000000000000 ) ;
#1239 = CARTESIAN_POINT ( 'NONE',  ( -0.4999999999999888400, 0.1250000000000000000, 0.5999999999999913200 ) ) ;
#1240 = LINE ( 'NONE', #2241, #1564 ) ;
#1241 = DIRECTION ( 'NONE',  ( 1.000000000000000000, 0.0000000000000000000, 2.927345865710654300E-014 ) ) ;
#1242 = VECTOR ( 'NONE', #63, 1000.000000000000000 ) ;
#1243 = LINE ( 'NONE', #1430, #2119 ) ;
#1244 = PLANE ( 'NONE',  #1702 ) ;
#1245 = LINE ( 'NONE', #26, #372 ) ;
#1246 = VECTOR ( 'NONE', #330, 1000.000000000000000 ) ;
#1247 = DIRECTION ( 'NONE',  ( 1.000000000000000000, 0.0000000000000000000, 0.0000000000000000000 ) ) ;
#1248 = EDGE_CURVE ( 'NONE', #294, #352, #2008, .T. ) ;
#1249 = FACE_OUTER_BOUND ( 'NONE', #687, .T. ) ;
#1250 = PRODUCT_DEFINITION_SHAPE ( 'NONE', 'NONE',  #2145 ) ;
#1251 = EDGE_CURVE ( 'NONE', #1256, #276, #1703, .T. ) ;
#1252 = CARTESIAN_POINT ( 'NONE',  ( -0.4999999999999933900, 0.1250000000000000000, 0.3999999999999949700 ) ) ;
#1253 = ORIENTED_EDGE ( 'NONE', *, *, #1698, .T. ) ;
#1254 = ORIENTED_EDGE ( 'NONE', *, *, #1321, .F. ) ;
#1255 = ORIENTED_EDGE ( 'NONE', *, *, #1326, .T. ) ;
#1256 = VERTEX_POINT ( 'NONE', #2100 ) ;
#1257 = DIRECTION ( 'NONE',  ( 1.000000000000000000, -0.0000000000000000000, -0.0000000000000000000 ) ) ;
#1258 = CARTESIAN_POINT ( 'NONE',  ( -0.5000000000000022200, 0.1250000000000000000, -0.4000000000000051800 ) ) ;
#1259 = EDGE_LOOP ( 'NONE', ( #832, #1380, #474, #631, #149, #51 ) ) ;
#1260 = ADVANCED_FACE ( 'NONE', ( #120 ), #494, .T. ) ;
#1261 = ORIENTED_EDGE ( 'NONE', *, *, #766, .F. ) ;
#1262 = DIRECTION ( 'NONE',  ( -2.656295322589441400E-014, 0.0000000000000000000, -1.000000000000000000 ) ) ;
#1263 = AXIS2_PLACEMENT_3D ( 'NONE', #2158, #211, #1457 ) ;
#1264 = CARTESIAN_POINT ( 'NONE',  ( 7.228014483236034100E-015, 0.04999999999999991300, 0.3999999999999859200 ) ) ;
#1265 = CARTESIAN_POINT ( 'NONE',  ( -0.5999999999999785500, 0.1250000000000000000, -0.6000000000000083000 ) ) ;
#1266 = DIRECTION ( 'NONE',  ( -1.734723475976818500E-014, 0.0000000000000000000, -1.000000000000000000 ) ) ;
#1267 = EDGE_CURVE ( 'NONE', #105, #2130, #1960, .T. ) ;
#1268 = DIRECTION ( 'NONE',  ( 0.0000000000000000000, -1.000000000000000000, 0.0000000000000000000 ) ) ;
#1269 = PLANE ( 'NONE',  #2288 ) ;
#1270 = CARTESIAN_POINT ( 'NONE',  ( 0.7999999999999947200, 0.1250000000000000000, 0.09999999999999158200 ) ) ;
#1271 = SURFACE_STYLE_FILL_AREA ( #1759 ) ;
#1272 = SURFACE_STYLE_USAGE ( .BOTH. , #1769 ) ;
#1273 = CIRCLE ( 'NONE', #1355, 0.1000000000000001600 ) ;
#1274 = DIRECTION ( 'NONE',  ( 0.0000000000000000000, -1.000000000000000000, 0.0000000000000000000 ) ) ;
#1275 = DIRECTION ( 'NONE',  ( 1.000000000000000000, 0.0000000000000000000, -1.048062100069320400E-014 ) ) ;
#1276 = DIRECTION ( 'NONE',  ( 8.023096076393072300E-014, 0.0000000000000000000, 1.000000000000000000 ) ) ;
#1277 = FACE_OUTER_BOUND ( 'NONE', #552, .T. ) ;
#1278 =( GEOMETRIC_REPRESENTATION_CONTEXT ( 3 ) GLOBAL_UNCERTAINTY_ASSIGNED_CONTEXT ( ( #1489 ) ) GLOBAL_UNIT_ASSIGNED_CONTEXT ( ( #781, #77, #1347 ) ) REPRESENTATION_CONTEXT ( 'NONE', 'WORKASPACE' ) );
#1279 = DIRECTION ( 'NONE',  ( 0.0000000000000000000, -1.000000000000000000, 0.0000000000000000000 ) ) ;
#1280 = ORIENTED_EDGE ( 'NONE', *, *, #1542, .T. ) ;
#1281 = FACE_OUTER_BOUND ( 'NONE', #1994, .T. ) ;
#1282 = CARTESIAN_POINT ( 'NONE',  ( 2.855065720878996600E-015, 0.04999999999999991300, -0.1000000000000228800 ) ) ;
#1283 = ORIENTED_EDGE ( 'NONE', *, *, #466, .T. ) ;
#1284 = VERTEX_POINT ( 'NONE', #1760 ) ;
#1285 = CARTESIAN_POINT ( 'NONE',  ( -0.8000000000000103700, 0.1250000000000000000, 0.4000000000000004100 ) ) ;
#1286 = ORIENTED_EDGE ( 'NONE', *, *, #1451, .T. ) ;
#1287 = VERTEX_POINT ( 'NONE', #662 ) ;
#1288 = EDGE_LOOP ( 'NONE', ( #946, #1469, #783, #1905 ) ) ;
#1289 = CARTESIAN_POINT ( 'NONE',  ( -0.8000000000000002700, 0.5999999999999999800, 0.8000000000000001600 ) ) ;
#1290 = EDGE_LOOP ( 'NONE', ( #1604, #1046, #1117, #1550 ) ) ;
#1291 = DIRECTION ( 'NONE',  ( 1.000000000000000000, 0.0000000000000000000, -3.614007241618346300E-016 ) ) ;
#1292 = CARTESIAN_POINT ( 'NONE',  ( 0.8000000000000105900, 0.1250000000000000000, 0.3999999999999999700 ) ) ;
#1293 = PRODUCT_DEFINITION_CONTEXT ( 'detailed design', #653, 'design' ) ;
#1294 = CARTESIAN_POINT ( 'NONE',  ( -0.8000000000000002700, 0.5999999999999999800, -0.8000000000000001600 ) ) ;
#1295 = DIRECTION ( 'NONE',  ( 1.000000000000000000, 0.0000000000000000000, -1.807003620809072000E-014 ) ) ;
#1296 = CARTESIAN_POINT ( 'NONE',  ( 0.8000000000000000400, 0.1250000000000000000, -0.6000000000000083000 ) ) ;
#1297 = LINE ( 'NONE', #1359, #2223 ) ;
#1298 = VECTOR ( 'NONE', #161, 1000.000000000000000 ) ;
#1299 = DIRECTION ( 'NONE',  ( 1.057097118173413400E-013, -0.0000000000000000000, -1.000000000000000000 ) ) ;
#1300 = AXIS2_PLACEMENT_3D ( 'NONE', #881, #909, #1761 ) ;
#1301 = FACE_OUTER_BOUND ( 'NONE', #2186, .T. ) ;
#1302 = DIRECTION ( 'NONE',  ( -1.000000000000000000, 0.0000000000000000000, 1.048062100069276000E-014 ) ) ;
#1303 = LINE ( 'NONE', #1852, #1166 ) ;
#1304 = ORIENTED_EDGE ( 'NONE', *, *, #442, .F. ) ;
#1305 = ORIENTED_EDGE ( 'NONE', *, *, #195, .F. ) ;
#1306 = DIRECTION ( 'NONE',  ( 1.807003620809072000E-014, 0.0000000000000000000, 1.000000000000000000 ) ) ;
#1307 = EDGE_CURVE ( 'NONE', #805, #710, #538, .T. ) ;
#1308 = ORIENTED_EDGE ( 'NONE', *, *, #250, .F. ) ;
#1309 = CARTESIAN_POINT ( 'NONE',  ( -0.5999999999999785500, 0.1250000000000000000, -0.7000000000000083900 ) ) ;
#1310 = ORIENTED_EDGE ( 'NONE', *, *, #1060, .T. ) ;
#1311 = DIRECTION ( 'NONE',  ( -1.000000000000000000, -0.0000000000000000000, -0.0000000000000000000 ) ) ;
#1312 = VERTEX_POINT ( 'NONE', #689 ) ;
#1313 = ORIENTED_EDGE ( 'NONE', *, *, #664, .F. ) ;
#1314 = ORIENTED_EDGE ( 'NONE', *, *, #1368, .T. ) ;
#1315 = DIRECTION ( 'NONE',  ( -4.878909776184852000E-015, 0.0000000000000000000, 1.000000000000000000 ) ) ;
#1316 = ADVANCED_FACE ( 'NONE', ( #262 ), #1912, .F. ) ;
#1317 = CARTESIAN_POINT ( 'NONE',  ( 0.4999999999999892900, 0.1250000000000000000, -0.4000000000000052400 ) ) ;
#1318 = CARTESIAN_POINT ( 'NONE',  ( -0.8000000000000002700, 0.04999999999999991300, -0.8000000000000001600 ) ) ;
#1319 = SURFACE_STYLE_USAGE ( .BOTH. , #2024 ) ;
#1320 = CARTESIAN_POINT ( 'NONE',  ( -0.4999999999999786300, 0.0000000000000000000, -0.7000000000000083900 ) ) ;
#1321 = EDGE_CURVE ( 'NONE', #2074, #942, #673, .T. ) ;
#1322 = ADVANCED_FACE ( 'NONE', ( #2170 ), #1406, .T. ) ;
#1323 = DIRECTION ( 'NONE',  ( 0.0000000000000000000, 0.0000000000000000000, 1.000000000000000000 ) ) ;
#1324 = VECTOR ( 'NONE', #1810, 1000.000000000000000 ) ;
#1325 = CARTESIAN_POINT ( 'NONE',  ( -0.8000000000000002700, 0.0000000000000000000, -0.6000000000000084200 ) ) ;
#1326 = EDGE_CURVE ( 'NONE', #853, #491, #1626, .T. ) ;
#1327 = CYLINDRICAL_SURFACE ( 'NONE', #913, 0.1000000000000001600 ) ;
#1328 = LINE ( 'NONE', #566, #142 ) ;
#1329 = LINE ( 'NONE', #837, #1792 ) ;
#1330 = DIRECTION ( 'NONE',  ( -1.000000000000000000, -0.0000000000000000000, 1.730205966924685500E-014 ) ) ;
#1331 = PRESENTATION_STYLE_ASSIGNMENT (( #2258 ) ) ;
#1332 = FILL_AREA_STYLE_COLOUR ( '', #2194 ) ;
#1333 = VERTEX_POINT ( 'NONE', #701 ) ;
#1334 = DIRECTION ( 'NONE',  ( 1.730205966924685800E-014, -0.0000000000000000000, 1.000000000000000000 ) ) ;
#1335 = VERTEX_POINT ( 'NONE', #926 ) ;
#1336 = ADVANCED_FACE ( 'NONE', ( #203 ), #1105, .T. ) ;
#1337 = ORIENTED_EDGE ( 'NONE', *, *, #686, .T. ) ;
#1338 = EDGE_CURVE ( 'NONE', #1113, #417, #97, .T. ) ;
#1339 = EDGE_LOOP ( 'NONE', ( #2076, #1996, #108, #467 ) ) ;
#1340 = VERTEX_POINT ( 'NONE', #2 ) ;
#1341 = ORIENTED_EDGE ( 'NONE', *, *, #900, .T. ) ;
#1342 = EDGE_CURVE ( 'NONE', #492, #1113, #1927, .T. ) ;
#1343 = PLANE ( 'NONE',  #1664 ) ;
#1344 = DIRECTION ( 'NONE',  ( -1.029992063861229500E-014, 0.0000000000000000000, -1.000000000000000000 ) ) ;
#1345 = ADVANCED_FACE ( 'NONE', ( #147 ), #2292, .T. ) ;
#1346 = CARTESIAN_POINT ( 'NONE',  ( -0.7999999999999891600, 0.0000000000000000000, 0.09999999999999170700 ) ) ;
#1347 =( NAMED_UNIT ( * ) SI_UNIT ( $, .STERADIAN. ) SOLID_ANGLE_UNIT ( ) );
#1348 = EDGE_CURVE ( 'NONE', #1524, #775, #1243, .T. ) ;
#1349 =( LENGTH_UNIT ( ) NAMED_UNIT ( * ) SI_UNIT ( .MILLI., .METRE. ) );
#1350 = VECTOR ( 'NONE', #896, 1000.000000000000000 ) ;
#1351 = VECTOR ( 'NONE', #2187, 1000.000000000000000 ) ;
#1352 = CARTESIAN_POINT ( 'NONE',  ( 0.4999999999999892900, 0.1250000000000000000, 0.5999999999999912100 ) ) ;
#1353 = LINE ( 'NONE', #971, #1651 ) ;
#1354 = VECTOR ( 'NONE', #570, 1000.000000000000000 ) ;
#1355 = AXIS2_PLACEMENT_3D ( 'NONE', #230, #222, #64 ) ;
#1356 = ADVANCED_FACE ( 'NONE', ( #997 ), #907, .F. ) ;
#1357 = VECTOR ( 'NONE', #1503, 1000.000000000000000 ) ;
#1358 = DIRECTION ( 'NONE',  ( 1.000000000000000000, 0.0000000000000000000, 0.0000000000000000000 ) ) ;
#1359 = CARTESIAN_POINT ( 'NONE',  ( -0.8000000000000002700, 0.0000000000000000000, -0.3999999999999999700 ) ) ;
#1360 = ORIENTED_EDGE ( 'NONE', *, *, #770, .F. ) ;
#1361 = ORIENTED_EDGE ( 'NONE', *, *, #1421, .T. ) ;
#1362 = VERTEX_POINT ( 'NONE', #1984 ) ;
#1363 = ORIENTED_EDGE ( 'NONE', *, *, #1908, .T. ) ;
#1364 = ORIENTED_EDGE ( 'NONE', *, *, #200, .T. ) ;
#1365 = AXIS2_PLACEMENT_3D ( 'NONE', #165, #542, #558 ) ;
#1366 = ORIENTED_EDGE ( 'NONE', *, *, #1956, .F. ) ;
#1367 = ADVANCED_BREP_SHAPE_REPRESENTATION ( 'SN74LVC1T45DPKR', ( #530, #1125, #657, #2043, #312, #956, #1045, #2140, #1440 ), #1914 ) ;
#1368 = EDGE_CURVE ( 'NONE', #1779, #1943, #508, .T. ) ;
#1369 = CARTESIAN_POINT ( 'NONE',  ( 0.7999999999999893900, 0.1250000000000000000, 0.5999999999999912100 ) ) ;
#1370 = FILL_AREA_STYLE_COLOUR ( '', #908 ) ;
#1371 = FACE_OUTER_BOUND ( 'NONE', #2152, .T. ) ;
#1372 = VECTOR ( 'NONE', #1948, 1000.000000000000000 ) ;
#1373 = CARTESIAN_POINT ( 'NONE',  ( 0.4999999999999892900, 0.1250000000000000000, 0.3999999999999912000 ) ) ;
#1374 = VECTOR ( 'NONE', #2117, 1000.000000000000000 ) ;
#1375 = LINE ( 'NONE', #897, #1593 ) ;
#1376 = LINE ( 'NONE', #1800, #593 ) ;
#1377 = LINE ( 'NONE', #497, #1631 ) ;
#1378 = ORIENTED_EDGE ( 'NONE', *, *, #883, .T. ) ;
#1379 = ORIENTED_EDGE ( 'NONE', *, *, #2253, .T. ) ;
#1380 = ORIENTED_EDGE ( 'NONE', *, *, #360, .F. ) ;
#1381 = AXIS2_PLACEMENT_3D ( 'NONE', #1707, #281, #457 ) ;
#1382 = ORIENTED_EDGE ( 'NONE', *, *, #2214, .T. ) ;
#1383 = DIRECTION ( 'NONE',  ( 0.0000000000000000000, 0.0000000000000000000, 1.000000000000000000 ) ) ;
#1384 = ORIENTED_EDGE ( 'NONE', *, *, #1793, .T. ) ;
#1385 = ORIENTED_EDGE ( 'NONE', *, *, #1581, .F. ) ;
#1386 = DIRECTION ( 'NONE',  ( 0.0000000000000000000, -1.000000000000000000, 0.0000000000000000000 ) ) ;
#1387 = EDGE_CURVE ( 'NONE', #1579, #656, #1757, .T. ) ;
#1388 = CARTESIAN_POINT ( 'NONE',  ( -0.5999999999999785500, 0.0000000000000000000, -0.7000000000000083900 ) ) ;
#1389 = CARTESIAN_POINT ( 'NONE',  ( 2.168404344970975300E-016, 0.04999999999999991300, 0.5999999999999911000 ) ) ;
#1390 = DIRECTION ( 'NONE',  ( 0.0000000000000000000, 0.0000000000000000000, 1.000000000000000000 ) ) ;
#1391 = FILL_AREA_STYLE_COLOUR ( '', #1796 ) ;
#1392 = VECTOR ( 'NONE', #410, 1000.000000000000000 ) ;
#1393 = DIRECTION ( 'NONE',  ( 1.000000000000000000, 0.0000000000000000000, 2.855065720878343300E-014 ) ) ;
#1394 = FACE_OUTER_BOUND ( 'NONE', #444, .T. ) ;
#1395 = CARTESIAN_POINT ( 'NONE',  ( -0.6000000000000003100, 0.5999999999999999800, -0.5000000000000000000 ) ) ;
#1396 = CIRCLE ( 'NONE', #2161, 0.1000000000000001600 ) ;
#1397 = EDGE_CURVE ( 'NONE', #1735, #1284, #2089, .T. ) ;
#1398 = EDGE_CURVE ( 'NONE', #710, #1139, #935, .T. ) ;
#1399 = VECTOR ( 'NONE', #735, 1000.000000000000000 ) ;
#1400 = PLANE ( 'NONE',  #660 ) ;
#1401 = CARTESIAN_POINT ( 'NONE',  ( 0.4999999999999946200, 0.1250000000000000000, 0.09999999999999471800 ) ) ;
#1402 = DIRECTION ( 'NONE',  ( 0.0000000000000000000, -0.0000000000000000000, -1.000000000000000000 ) ) ;
#1403 = EDGE_LOOP ( 'NONE', ( #1662, #1412 ) ) ;
#1404 = ORIENTED_EDGE ( 'NONE', *, *, #736, .F. ) ;
#1405 = CARTESIAN_POINT ( 'NONE',  ( -0.8000000000000002700, 0.04999999999999991300, 0.8000000000000001600 ) ) ;
#1406 = PLANE ( 'NONE',  #266 ) ;
#1407 = ORIENTED_EDGE ( 'NONE', *, *, #2059, .F. ) ;
#1408 = ORIENTED_EDGE ( 'NONE', *, *, #317, .F. ) ;
#1409 = CARTESIAN_POINT ( 'NONE',  ( 0.4999999999999892900, 0.1250000000000000000, 0.3999999999999912000 ) ) ;
#1410 = EDGE_LOOP ( 'NONE', ( #1501, #1910, #743, #1634 ) ) ;
#1411 = ORIENTED_EDGE ( 'NONE', *, *, #310, .F. ) ;
#1412 = ORIENTED_EDGE ( 'NONE', *, *, #1632, .T. ) ;
#1413 = CARTESIAN_POINT ( 'NONE',  ( 0.8000000000000105900, 0.1250000000000000000, 0.3999999999999999700 ) ) ;
#1414 = ORIENTED_EDGE ( 'NONE', *, *, #1872, .T. ) ;
#1415 = ORIENTED_EDGE ( 'NONE', *, *, #887, .T. ) ;
#1416 = FILL_AREA_STYLE ('',( #1332 ) ) ;
#1417 = CARTESIAN_POINT ( 'NONE',  ( -0.6000000000000003100, 0.5499999999999999300, -0.6000000000000002000 ) ) ;
#1418 = CARTESIAN_POINT ( 'NONE',  ( 0.8000000000000052600, 0.0000000000000000000, -0.1000000000000000500 ) ) ;
#1419 = CARTESIAN_POINT ( 'NONE',  ( -0.5000000000000022200, 0.1250000000000000000, -0.4000000000000051800 ) ) ;
#1420 = DIRECTION ( 'NONE',  ( -2.258754526011466300E-016, 0.0000000000000000000, -1.000000000000000000 ) ) ;
#1421 = EDGE_CURVE ( 'NONE', #656, #353, #842, .T. ) ;
#1422 = DIRECTION ( 'NONE',  ( -0.0000000000000000000, -1.000000000000000000, -0.0000000000000000000 ) ) ;
#1423 = COLOUR_RGB ( '',0.7921568627450980000, 0.8196078431372548800, 0.9333333333333333500 ) ;
#1424 = CARTESIAN_POINT ( 'NONE',  ( -0.8000000000000052600, 0.1250000000000000000, -0.09999999999999982500 ) ) ;
#1425 = AXIS2_PLACEMENT_3D ( 'NONE', #902, #1097, #756 ) ;
#1426 = DIRECTION ( 'NONE',  ( 0.0000000000000000000, -1.000000000000000000, 0.0000000000000000000 ) ) ;
#1427 = VECTOR ( 'NONE', #313, 1000.000000000000000 ) ;
#1428 = FACE_OUTER_BOUND ( 'NONE', #2000, .T. ) ;
#1429 = EDGE_CURVE ( 'NONE', #1709, #1886, #869, .T. ) ;
#1430 = CARTESIAN_POINT ( 'NONE',  ( -0.8000000000000103700, 0.1250000000000000000, 0.4000000000000004100 ) ) ;
#1431 = VECTOR ( 'NONE', #994, 1000.000000000000000 ) ;
#1432 = PLANE ( 'NONE',  #992 ) ;
#1433 = EDGE_CURVE ( 'NONE', #1911, #353, #618, .T. ) ;
#1434 = DIRECTION ( 'NONE',  ( -1.000000000000000000, 0.0000000000000000000, 2.258754526011466300E-016 ) ) ;
#1435 = EDGE_CURVE ( 'NONE', #2098, #851, #433, .T. ) ;
#1436 = EDGE_LOOP ( 'NONE', ( #2261, #826, #1167, #1404 ) ) ;
#1437 = DIRECTION ( 'NONE',  ( 0.0000000000000000000, 0.0000000000000000000, -1.000000000000000000 ) ) ;
#1438 = ORIENTED_EDGE ( 'NONE', *, *, #1204, .T. ) ;
#1439 = EDGE_LOOP ( 'NONE', ( #949, #1005, #1360, #939 ) ) ;
#1440 = AXIS2_PLACEMENT_3D ( 'NONE', #2060, #1859, #1358 ) ;
#1441 = ORIENTED_EDGE ( 'NONE', *, *, #1219, .T. ) ;
#1442 = CARTESIAN_POINT ( 'NONE',  ( -0.6000000000000003100, 0.5499999999999999300, -0.6000000000000002000 ) ) ;
#1443 = ORIENTED_EDGE ( 'NONE', *, *, #1754, .F. ) ;
#1444 = CARTESIAN_POINT ( 'NONE',  ( -0.4999999999999890600, 0.1250000000000000000, 0.09999999999999163700 ) ) ;
#1445 = ORIENTED_EDGE ( 'NONE', *, *, #801, .T. ) ;
#1446 = CARTESIAN_POINT ( 'NONE',  ( -0.4999999999999933900, 0.1250000000000000000, 0.3999999999999949700 ) ) ;
#1447 = CARTESIAN_POINT ( 'NONE',  ( 0.7999999999999893900, 0.0000000000000000000, 0.5999999999999912100 ) ) ;
#1448 = CARTESIAN_POINT ( 'NONE',  ( -0.4999999999999888400, 0.1250000000000000000, 0.5999999999999913200 ) ) ;
#1449 = CARTESIAN_POINT ( 'NONE',  ( -0.7999999999999889400, 0.1250000000000000000, 0.5999999999999914300 ) ) ;
#1450 = CARTESIAN_POINT ( 'NONE',  ( 0.8000000000000105900, 0.04999999999999991300, 0.3999999999999999700 ) ) ;
#1451 = EDGE_CURVE ( 'NONE', #105, #1779, #1328, .T. ) ;
#1452 = CARTESIAN_POINT ( 'NONE',  ( -0.8000000000000002700, 0.04999999999999991300, -0.8000000000000001600 ) ) ;
#1453 = PLANE ( 'NONE',  #481 ) ;
#1454 = FACE_OUTER_BOUND ( 'NONE', #1119, .T. ) ;
#1455 = CARTESIAN_POINT ( 'NONE',  ( 0.7999999999999893900, 0.1250000000000000000, 0.5999999999999912100 ) ) ;
#1456 = CARTESIAN_POINT ( 'NONE',  ( -0.8000000000000002700, 0.04999999999999991300, 0.8000000000000001600 ) ) ;
#1457 = DIRECTION ( 'NONE',  ( -1.067939139898270100E-013, 0.0000000000000000000, -1.000000000000000000 ) ) ;
#1458 = PRESENTATION_LAYER_ASSIGNMENT (  '', '', ( #139 ) ) ;
#1459 = FACE_OUTER_BOUND ( 'NONE', #1259, .T. ) ;
#1460 = VECTOR ( 'NONE', #1784, 1000.000000000000000 ) ;
#1461 = LINE ( 'NONE', #1995, #405 ) ;
#1462 = CARTESIAN_POINT ( 'NONE',  ( -0.7999999999999889400, 0.1250000000000000000, 0.5999999999999914300 ) ) ;
#1463 = VERTEX_POINT ( 'NONE', #207 ) ;
#1464 = DIRECTION ( 'NONE',  ( 0.0000000000000000000, 0.0000000000000000000, -1.000000000000000000 ) ) ;
#1465 = ORIENTED_EDGE ( 'NONE', *, *, #255, .F. ) ;
#1466 = ORIENTED_EDGE ( 'NONE', *, *, #1954, .T. ) ;
#1467 = EDGE_LOOP ( 'NONE', ( #856, #511, #1968, #109 ) ) ;
#1468 = CARTESIAN_POINT ( 'NONE',  ( -0.7999999999999889400, 0.0000000000000000000, 0.5999999999999914300 ) ) ;
#1469 = ORIENTED_EDGE ( 'NONE', *, *, #965, .F. ) ;
#1470 = AXIS2_PLACEMENT_3D ( 'NONE', #2198, #1181, #493 ) ;
#1471 = ORIENTED_EDGE ( 'NONE', *, *, #2010, .T. ) ;
#1472 = DIRECTION ( 'NONE',  ( -1.000000000000000000, 0.0000000000000000000, 1.048062100069276000E-014 ) ) ;
#1473 = CARTESIAN_POINT ( 'NONE',  ( -0.8000000000000002700, 0.1250000000000000000, -0.6000000000000084200 ) ) ;
#1474 = DIRECTION ( 'NONE',  ( 0.0000000000000000000, -1.000000000000000000, 0.0000000000000000000 ) ) ;
#1475 = EDGE_CURVE ( 'NONE', #1709, #182, #668, .T. ) ;
#1476 = DIRECTION ( 'NONE',  ( 0.0000000000000000000, -0.0000000000000000000, -1.000000000000000000 ) ) ;
#1477 = ADVANCED_FACE ( 'NONE', ( #1277 ), #406, .F. ) ;
#1478 = CARTESIAN_POINT ( 'NONE',  ( 0.7999999999999893900, 0.1250000000000000000, 0.5999999999999912100 ) ) ;
#1479 = PLANE ( 'NONE',  #7 ) ;
#1480 = CARTESIAN_POINT ( 'NONE',  ( 0.0000000000000000000, 0.1250000000000000000, 0.0000000000000000000 ) ) ;
#1481 = LINE ( 'NONE', #1444, #1510 ) ;
#1482 = FACE_OUTER_BOUND ( 'NONE', #708, .T. ) ;
#1483 = PLANE ( 'NONE',  #747 ) ;
#1484 = CARTESIAN_POINT ( 'NONE',  ( 0.8000000000000000400, 0.1250000000000000000, -0.6000000000000083000 ) ) ;
#1485 = DIRECTION ( 'NONE',  ( 0.0000000000000000000, 0.0000000000000000000, -1.000000000000000000 ) ) ;
#1486 = DIRECTION ( 'NONE',  ( 0.0000000000000000000, 1.000000000000000000, 0.0000000000000000000 ) ) ;
#1487 = AXIS2_PLACEMENT_3D ( 'NONE', #1068, #1426, #1794 ) ;
#1488 = VECTOR ( 'NONE', #1573, 1000.000000000000000 ) ;
#1489 = UNCERTAINTY_MEASURE_WITH_UNIT (LENGTH_MEASURE( 1.000000000000000100E-005 ), #781, 'distance_accuracy_value', 'NONE');
#1490 = CARTESIAN_POINT ( 'NONE',  ( -0.5999999999999785500, 0.1250000000000000000, -0.6000000000000083000 ) ) ;
#1491 = LINE ( 'NONE', #422, #236 ) ;
#1492 = ADVANCED_FACE ( 'NONE', ( #2038 ), #755, .F. ) ;
#1493 = EDGE_CURVE ( 'NONE', #1666, #1087, #402, .T. ) ;
#1494 = ORIENTED_EDGE ( 'NONE', *, *, #2228, .F. ) ;
#1495 = EDGE_LOOP ( 'NONE', ( #11, #1856, #1802, #1731 ) ) ;
#1496 = ORIENTED_EDGE ( 'NONE', *, *, #1671, .T. ) ;
#1497 = CARTESIAN_POINT ( 'NONE',  ( 0.4999999999999892900, 0.0000000000000000000, -0.1000000000000086100 ) ) ;
#1498 = VERTEX_POINT ( 'NONE', #62 ) ;
#1499 = CARTESIAN_POINT ( 'NONE',  ( 0.8000000000000000400, 0.5999999999999999800, -0.8000000000000001600 ) ) ;
#1500 = CARTESIAN_POINT ( 'NONE',  ( -0.8000000000000103700, 0.0000000000000000000, 0.4000000000000004100 ) ) ;
#1501 = ORIENTED_EDGE ( 'NONE', *, *, #1338, .T. ) ;
#1502 = EDGE_LOOP ( 'NONE', ( #1659, #1414, #1633, #1142 ) ) ;
#1503 = DIRECTION ( 'NONE',  ( 7.842395714311732500E-014, -0.0000000000000000000, -1.000000000000000000 ) ) ;
#1504 = MECHANICAL_DESIGN_GEOMETRIC_PRESENTATION_REPRESENTATION (  '', ( #2101 ), #1545 ) ;
#1505 = PLANE ( 'NONE',  #1863 ) ;
#1506 = AXIS2_PLACEMENT_3D ( 'NONE', #486, #1035, #1402 ) ;
#1507 = ADVANCED_FACE ( 'NONE', ( #1185 ), #1483, .T. ) ;
#1508 =( NAMED_UNIT ( * ) PLANE_ANGLE_UNIT ( ) SI_UNIT ( $, .RADIAN. ) );
#1509 = EDGE_CURVE ( 'NONE', #1711, #1201, #820, .T. ) ;
#1510 = VECTOR ( 'NONE', #547, 1000.000000000000000 ) ;
#1511 = CARTESIAN_POINT ( 'NONE',  ( -0.6000000000000003100, 0.5999999999999999800, -0.6000000000000002000 ) ) ;
#1512 = EDGE_CURVE ( 'NONE', #749, #154, #334, .T. ) ;
#1513 = VECTOR ( 'NONE', #1291, 1000.000000000000000 ) ;
#1514 = CARTESIAN_POINT ( 'NONE',  ( -0.8000000000000002700, 0.1250000000000000000, -0.6000000000000084200 ) ) ;
#1515 = ADVANCED_FACE ( 'NONE', ( #698 ), #239, .T. ) ;
#1516 = FACE_OUTER_BOUND ( 'NONE', #1572, .T. ) ;
#1517 = VECTOR ( 'NONE', #1213, 1000.000000000000000 ) ;
#1518 = EDGE_CURVE ( 'NONE', #607, #940, #1297, .T. ) ;
#1519 = LINE ( 'NONE', #244, #1164 ) ;
#1520 = CARTESIAN_POINT ( 'NONE',  ( -0.4999999999999890600, 0.1250000000000000000, 0.09999999999999163700 ) ) ;
#1521 = CARTESIAN_POINT ( 'NONE',  ( -0.8000000000000052600, 0.04999999999999991300, -0.09999999999999982500 ) ) ;
#1522 = VERTEX_POINT ( 'NONE', #220 ) ;
#1523 = AXIS2_PLACEMENT_3D ( 'NONE', #415, #784, #248 ) ;
#1524 = VERTEX_POINT ( 'NONE', #2030 ) ;
#1525 = ORIENTED_EDGE ( 'NONE', *, *, #1433, .T. ) ;
#1526 = ORIENTED_EDGE ( 'NONE', *, *, #2010, .F. ) ;
#1527 = EDGE_CURVE ( 'NONE', #52, #2231, #1240, .T. ) ;
#1528 = ORIENTED_EDGE ( 'NONE', *, *, #720, .T. ) ;
#1529 = ORIENTED_EDGE ( 'NONE', *, *, #36, .T. ) ;
#1530 = FILL_AREA_STYLE_COLOUR ( '', #1423 ) ;
#1531 = ORIENTED_EDGE ( 'NONE', *, *, #1539, .T. ) ;
#1532 = EDGE_CURVE ( 'NONE', #1873, #1881, #259, .T. ) ;
#1533 = ADVANCED_FACE ( 'NONE', ( #31 ), #1232, .F. ) ;
#1534 = EDGE_LOOP ( 'NONE', ( #157, #1378, #1337, #2234 ) ) ;
#1535 = CARTESIAN_POINT ( 'NONE',  ( 0.4999999999999872300, 0.1250000000000000000, -0.6000000000000052000 ) ) ;
#1536 =( LENGTH_UNIT ( ) NAMED_UNIT ( * ) SI_UNIT ( .MILLI., .METRE. ) );
#1537 = CARTESIAN_POINT ( 'NONE',  ( -0.4999999999999880700, 0.0000000000000000000, -0.1000000000000050200 ) ) ;
#1538 = AXIS2_PLACEMENT_3D ( 'NONE', #894, #2293, #175 ) ;
#1539 = EDGE_CURVE ( 'NONE', #940, #463, #2114, .T. ) ;
#1540 = ADVANCED_FACE ( 'NONE', ( #506 ), #721, .T. ) ;
#1541 = LINE ( 'NONE', #1774, #1586 ) ;
#1542 = EDGE_CURVE ( 'NONE', #1906, #15, #2087, .T. ) ;
#1543 = LINE ( 'NONE', #733, #1561 ) ;
#1544 = VECTOR ( 'NONE', #502, 1000.000000000000000 ) ;
#1545 =( GEOMETRIC_REPRESENTATION_CONTEXT ( 3 ) GLOBAL_UNCERTAINTY_ASSIGNED_CONTEXT ( ( #2107 ) ) GLOBAL_UNIT_ASSIGNED_CONTEXT ( ( #1568, #1750, #2113 ) ) REPRESENTATION_CONTEXT ( 'NONE', 'WORKASPACE' ) );
#1546 = AXIS2_PLACEMENT_3D ( 'NONE', #1615, #1625, #1977 ) ;
#1547 = VECTOR ( 'NONE', #439, 1000.000000000000000 ) ;
#1548 = ORIENTED_EDGE ( 'NONE', *, *, #2059, .T. ) ;
#1549 = ORIENTED_EDGE ( 'NONE', *, *, #307, .T. ) ;
#1550 = ORIENTED_EDGE ( 'NONE', *, *, #335, .T. ) ;
#1551 = ORIENTED_EDGE ( 'NONE', *, *, #1016, .T. ) ;
#1552 = DIRECTION ( 'NONE',  ( 1.057097118173413400E-013, -0.0000000000000000000, -1.000000000000000000 ) ) ;
#1553 = ORIENTED_EDGE ( 'NONE', *, *, #2002, .T. ) ;
#1554 = ORIENTED_EDGE ( 'NONE', *, *, #1219, .F. ) ;
#1555 = EDGE_CURVE ( 'NONE', #1522, #355, #932, .T. ) ;
#1556 = ORIENTED_EDGE ( 'NONE', *, *, #2143, .T. ) ;
#1557 = EDGE_CURVE ( 'NONE', #2231, #1663, #794, .T. ) ;
#1558 = CARTESIAN_POINT ( 'NONE',  ( -0.4999999999999933900, 0.1250000000000000000, 0.3999999999999949700 ) ) ;
#1559 = AXIS2_PLACEMENT_3D ( 'NONE', #1780, #874, #704 ) ;
#1560 = CARTESIAN_POINT ( 'NONE',  ( -0.4999999999999786300, 0.1250000000000000000, -0.7000000000000083900 ) ) ;
#1561 = VECTOR ( 'NONE', #536, 1000.000000000000000 ) ;
#1562 = CARTESIAN_POINT ( 'NONE',  ( -0.8000000000000052600, 0.1250000000000000000, -0.09999999999999982500 ) ) ;
#1563 = CARTESIAN_POINT ( 'NONE',  ( -0.8000000000000002700, 0.1250000000000000000, -0.6000000000000084200 ) ) ;
#1564 = VECTOR ( 'NONE', #986, 1000.000000000000000 ) ;
#1565 = EDGE_CURVE ( 'NONE', #2238, #1287, #284, .T. ) ;
#1566 = VECTOR ( 'NONE', #1257, 1000.000000000000000 ) ;
#1567 = FACE_OUTER_BOUND ( 'NONE', #628, .T. ) ;
#1568 =( LENGTH_UNIT ( ) NAMED_UNIT ( * ) SI_UNIT ( .MILLI., .METRE. ) );
#1569 = DIRECTION ( 'NONE',  ( -0.0000000000000000000, -0.0000000000000000000, 1.000000000000000000 ) ) ;
#1570 = LINE ( 'NONE', #1752, #1817 ) ;
#1571 = DIRECTION ( 'NONE',  ( -0.0000000000000000000, -1.000000000000000000, -0.0000000000000000000 ) ) ;
#1572 = EDGE_LOOP ( 'NONE', ( #683, #1877, #984, #1366 ) ) ;
#1573 = DIRECTION ( 'NONE',  ( -1.000000000000000000, -0.0000000000000000000, -5.421010862426935500E-016 ) ) ;
#1574 = VERTEX_POINT ( 'NONE', #10 ) ;
#1575 = ORIENTED_EDGE ( 'NONE', *, *, #1251, .F. ) ;
#1576 =( NAMED_UNIT ( * ) SI_UNIT ( $, .STERADIAN. ) SOLID_ANGLE_UNIT ( ) );
#1577 = ORIENTED_EDGE ( 'NONE', *, *, #2228, .T. ) ;
#1578 = EDGE_LOOP ( 'NONE', ( #601, #187, #129, #2128 ) ) ;
#1579 = VERTEX_POINT ( 'NONE', #1930 ) ;
#1580 = DIRECTION ( 'NONE',  ( 1.000000000000000000, 0.0000000000000000000, -2.656295322589441400E-014 ) ) ;
#1581 = EDGE_CURVE ( 'NONE', #276, #655, #373, .T. ) ;
#1582 = ORIENTED_EDGE ( 'NONE', *, *, #1591, .T. ) ;
#1583 = PLANE ( 'NONE',  #2204 ) ;
#1584 = CARTESIAN_POINT ( 'NONE',  ( 0.7999999999999947200, 0.1250000000000000000, 0.09999999999999158200 ) ) ;
#1585 = CARTESIAN_POINT ( 'NONE',  ( -0.4999999999999786300, 0.0000000000000000000, -0.7000000000000083900 ) ) ;
#1586 = VECTOR ( 'NONE', #1783, 1000.000000000000000 ) ;
#1587 =( LENGTH_UNIT ( ) NAMED_UNIT ( * ) SI_UNIT ( .MILLI., .METRE. ) );
#1588 = VECTOR ( 'NONE', #1938, 1000.000000000000000 ) ;
#1589 = DIRECTION ( 'NONE',  ( -2.276824562219601600E-014, 0.0000000000000000000, -1.000000000000000000 ) ) ;
#1590 = LINE ( 'NONE', #815, #1544 ) ;
#1591 = EDGE_CURVE ( 'NONE', #47, #1522, #1866, .T. ) ;
#1592 = VECTOR ( 'NONE', #669, 1000.000000000000000 ) ;
#1593 = VECTOR ( 'NONE', #1782, 1000.000000000000000 ) ;
#1594 = EDGE_CURVE ( 'NONE', #154, #1170, #1680, .T. ) ;
#1595 = LINE ( 'NONE', #1563, #1488 ) ;
#1596 = CARTESIAN_POINT ( 'NONE',  ( -0.8000000000000103700, 0.1250000000000000000, 0.4000000000000004100 ) ) ;
#1597 = DIRECTION ( 'NONE',  ( 2.276824562219601600E-014, 0.0000000000000000000, 1.000000000000000000 ) ) ;
#1598 = VECTOR ( 'NONE', #1177, 1000.000000000000000 ) ;
#1599 = DIRECTION ( 'NONE',  ( 0.0000000000000000000, -0.0000000000000000000, -1.000000000000000000 ) ) ;
#1600 = VERTEX_POINT ( 'NONE', #1596 ) ;
#1601 = ORIENTED_EDGE ( 'NONE', *, *, #836, .F. ) ;
#1602 = CARTESIAN_POINT ( 'NONE',  ( -0.8000000000000052600, 0.1250000000000000000, -0.09999999999999982500 ) ) ;
#1603 = CARTESIAN_POINT ( 'NONE',  ( -0.7999999999999891600, 0.1250000000000000000, 0.09999999999999170700 ) ) ;
#1604 = ORIENTED_EDGE ( 'NONE', *, *, #121, .T. ) ;
#1605 = ORIENTED_EDGE ( 'NONE', *, *, #310, .T. ) ;
#1606 = ORIENTED_EDGE ( 'NONE', *, *, #2220, .T. ) ;
#1607 = AXIS2_PLACEMENT_3D ( 'NONE', #2013, #1840, #2023 ) ;
#1608 = CARTESIAN_POINT ( 'NONE',  ( -0.4999999999999880700, 0.0000000000000000000, -0.1000000000000050200 ) ) ;
#1609 = VERTEX_POINT ( 'NONE', #1957 ) ;
#1610 = ADVANCED_FACE ( 'NONE', ( #2168 ), #1400, .F. ) ;
#1611 = ORIENTED_EDGE ( 'NONE', *, *, #1747, .F. ) ;
#1612 = ORIENTED_EDGE ( 'NONE', *, *, #1387, .T. ) ;
#1613 = DIRECTION ( 'NONE',  ( 0.0000000000000000000, 0.0000000000000000000, 1.000000000000000000 ) ) ;
#1614 = DIRECTION ( 'NONE',  ( 0.0000000000000000000, -1.000000000000000000, 0.0000000000000000000 ) ) ;
#1615 = CARTESIAN_POINT ( 'NONE',  ( -0.6000000000000003100, 0.5499999999999999300, -0.6000000000000002000 ) ) ;
#1616 = AXIS2_PLACEMENT_3D ( 'NONE', #1951, #893, #1052 ) ;
#1617 = LINE ( 'NONE', #2217, #839 ) ;
#1618 = AXIS2_PLACEMENT_3D ( 'NONE', #1369, #1900, #1870 ) ;
#1619 = VECTOR ( 'NONE', #723, 1000.000000000000000 ) ;
#1620 = CARTESIAN_POINT ( 'NONE',  ( -0.8000000000000103700, 0.1250000000000000000, 0.4000000000000004100 ) ) ;
#1621 = CARTESIAN_POINT ( 'NONE',  ( 0.0000000000000000000, 0.0000000000000000000, 0.0000000000000000000 ) ) ;
#1622 = FACE_OUTER_BOUND ( 'NONE', #606, .T. ) ;
#1623 = PLANE ( 'NONE',  #892 ) ;
#1624 = LINE ( 'NONE', #582, #934 ) ;
#1625 = DIRECTION ( 'NONE',  ( 0.0000000000000000000, 1.000000000000000000, 0.0000000000000000000 ) ) ;
#1626 = LINE ( 'NONE', #2147, #1036 ) ;
#1627 = PLANE ( 'NONE',  #1980 ) ;
#1628 = LINE ( 'NONE', #1233, #821 ) ;
#1629 = EDGE_CURVE ( 'NONE', #1600, #355, #458, .T. ) ;
#1630 = SURFACE_STYLE_USAGE ( .BOTH. , #923 ) ;
#1631 = VECTOR ( 'NONE', #674, 1000.000000000000000 ) ;
#1632 = EDGE_CURVE ( 'NONE', #1002, #159, #734, .T. ) ;
#1633 = ORIENTED_EDGE ( 'NONE', *, *, #192, .T. ) ;
#1634 = ORIENTED_EDGE ( 'NONE', *, *, #766, .T. ) ;
#1635 = VERTEX_POINT ( 'NONE', #866 ) ;
#1636 = DIRECTION ( 'NONE',  ( -0.0000000000000000000, 1.000000000000000000, -0.0000000000000000000 ) ) ;
#1637 = ORIENTED_EDGE ( 'NONE', *, *, #924, .T. ) ;
#1638 = EDGE_CURVE ( 'NONE', #2238, #471, #1701, .T. ) ;
#1639 = EDGE_LOOP ( 'NONE', ( #627, #274, #882, #472 ) ) ;
#1640 = CARTESIAN_POINT ( 'NONE',  ( -0.7999999999999889400, 0.1250000000000000000, 0.5999999999999914300 ) ) ;
#1641 = ORIENTED_EDGE ( 'NONE', *, *, #392, .F. ) ;
#1642 = CARTESIAN_POINT ( 'NONE',  ( 0.4999999999999892900, 0.1250000000000000000, 0.3999999999999912000 ) ) ;
#1643 = ORIENTED_EDGE ( 'NONE', *, *, #1348, .F. ) ;
#1644 = CARTESIAN_POINT ( 'NONE',  ( -0.8000000000000052600, 0.1250000000000000000, -0.09999999999999982500 ) ) ;
#1645 = CARTESIAN_POINT ( 'NONE',  ( -0.5000000000000022200, 0.1250000000000000000, -0.4000000000000051800 ) ) ;
#1646 = CARTESIAN_POINT ( 'NONE',  ( -0.5999999999999785500, 0.0000000000000000000, -0.7000000000000083900 ) ) ;
#1647 = VECTOR ( 'NONE', #712, 1000.000000000000000 ) ;
#1648 = CARTESIAN_POINT ( 'NONE',  ( 0.0000000000000000000, 0.1250000000000000000, 0.0000000000000000000 ) ) ;
#1649 = VECTOR ( 'NONE', #354, 1000.000000000000000 ) ;
#1650 = LINE ( 'NONE', #2160, #2169 ) ;
#1651 = VECTOR ( 'NONE', #1151, 1000.000000000000000 ) ;
#1652 = ADVANCED_FACE ( 'NONE', ( #906, #1394 ), #1111, .F. ) ;
#1653 = VECTOR ( 'NONE', #596, 1000.000000000000000 ) ;
#1654 = VECTOR ( 'NONE', #548, 1000.000000000000000 ) ;
#1655 = CARTESIAN_POINT ( 'NONE',  ( -0.4999999999999786300, 0.1250000000000000000, -0.7000000000000083900 ) ) ;
#1656 = LINE ( 'NONE', #1468, #824 ) ;
#1657 = PLANE ( 'NONE',  #252 ) ;
#1658 = ORIENTED_EDGE ( 'NONE', *, *, #1078, .T. ) ;
#1659 = ORIENTED_EDGE ( 'NONE', *, *, #1098, .F. ) ;
#1660 = ORIENTED_EDGE ( 'NONE', *, *, #1865, .F. ) ;
#1661 = CARTESIAN_POINT ( 'NONE',  ( 0.7999999999999893900, 0.1250000000000000000, -0.4000000000000083500 ) ) ;
#1662 = ORIENTED_EDGE ( 'NONE', *, *, #1205, .T. ) ;
#1663 = VERTEX_POINT ( 'NONE', #1918 ) ;
#1664 = AXIS2_PLACEMENT_3D ( 'NONE', #452, #96, #1000 ) ;
#1665 = EDGE_LOOP ( 'NONE', ( #215, #514, #1021, #985 ) ) ;
#1666 = VERTEX_POINT ( 'NONE', #2264 ) ;
#1667 = CARTESIAN_POINT ( 'NONE',  ( 0.8000000000000000400, 0.04999999999999991300, 0.8000000000000001600 ) ) ;
#1668 = ADVANCED_FACE ( 'NONE', ( #1622 ), #1583, .T. ) ;
#1669 = CARTESIAN_POINT ( 'NONE',  ( -0.5000000000000022200, 0.04999999999999991300, -0.4000000000000051800 ) ) ;
#1670 = CARTESIAN_POINT ( 'NONE',  ( -0.4999999999999890600, 0.04999999999999991300, 0.09999999999999163700 ) ) ;
#1671 = EDGE_CURVE ( 'NONE', #240, #1735, #1158, .T. ) ;
#1672 = CARTESIAN_POINT ( 'NONE',  ( -0.4999999999999890600, 0.0000000000000000000, 0.09999999999999163700 ) ) ;
#1673 = EDGE_CURVE ( 'NONE', #1084, #1579, #1725, .T. ) ;
#1674 = CARTESIAN_POINT ( 'NONE',  ( -0.4999999999999888400, 0.1250000000000000000, 0.5999999999999913200 ) ) ;
#1675 = PLANE ( 'NONE',  #691 ) ;
#1676 = FILL_AREA_STYLE ('',( #600 ) ) ;
#1677 = DIRECTION ( 'NONE',  ( 1.000000000000000000, -0.0000000000000000000, -1.048062100069320400E-014 ) ) ;
#1678 = ADVANCED_FACE ( 'NONE', ( #1839 ), #2277, .F. ) ;
#1679 = LINE ( 'NONE', #1449, #305 ) ;
#1680 = LINE ( 'NONE', #1608, #1350 ) ;
#1681 = PLANE ( 'NONE',  #1616 ) ;
#1682 = CARTESIAN_POINT ( 'NONE',  ( 0.0000000000000000000, 0.1250000000000000000, 0.0000000000000000000 ) ) ;
#1683 = LINE ( 'NONE', #620, #1729 ) ;
#1684 = CLOSED_SHELL ( 'NONE', ( #1336, #961, #1356, #626 ) ) ;
#1685 = LINE ( 'NONE', #1296, #343 ) ;
#1686 = ORIENTED_EDGE ( 'NONE', *, *, #675, .F. ) ;
#1687 = EDGE_LOOP ( 'NONE', ( #1967, #320, #2027, #2094 ) ) ;
#1688 =( NAMED_UNIT ( * ) SI_UNIT ( $, .STERADIAN. ) SOLID_ANGLE_UNIT ( ) );
#1689 = EDGE_CURVE ( 'NONE', #1663, #1776, #617, .T. ) ;
#1690 = ADVANCED_FACE ( 'NONE', ( #257 ), #2289, .F. ) ;
#1691 = ORIENTED_EDGE ( 'NONE', *, *, #686, .F. ) ;
#1692 = ORIENTED_EDGE ( 'NONE', *, *, #1421, .F. ) ;
#1693 = VERTEX_POINT ( 'NONE', #690 ) ;
#1694 = ORIENTED_EDGE ( 'NONE', *, *, #595, .F. ) ;
#1695 = AXIS2_PLACEMENT_3D ( 'NONE', #2207, #2019, #1159 ) ;
#1696 = DIRECTION ( 'NONE',  ( -0.0000000000000000000, -1.000000000000000000, -0.0000000000000000000 ) ) ;
#1697 = PLANE ( 'NONE',  #1618 ) ;
#1698 = EDGE_CURVE ( 'NONE', #350, #1120, #640, .T. ) ;
#1699 = ADVANCED_FACE ( 'NONE', ( #588 ), #162, .T. ) ;
#1700 = VECTOR ( 'NONE', #141, 1000.000000000000000 ) ;
#1701 = LINE ( 'NONE', #1452, #1842 ) ;
#1702 = AXIS2_PLACEMENT_3D ( 'NONE', #1446, #1806, #216 ) ;
#1703 = LINE ( 'NONE', #2256, #1015 ) ;
#1704 = FACE_OUTER_BOUND ( 'NONE', #1114, .T. ) ;
#1705 = ADVANCED_FACE ( 'NONE', ( #1209 ), #522, .T. ) ;
#1706 = ORIENTED_EDGE ( 'NONE', *, *, #1128, .F. ) ;
#1707 = CARTESIAN_POINT ( 'NONE',  ( -0.5000000000000022200, 0.1250000000000000000, -0.4000000000000051800 ) ) ;
#1708 = LINE ( 'NONE', #2005, #1220 ) ;
#1709 = VERTEX_POINT ( 'NONE', #1419 ) ;
#1710 = CARTESIAN_POINT ( 'NONE',  ( 0.4999999999999872300, 0.1250000000000000000, -0.6000000000000052000 ) ) ;
#1711 = VERTEX_POINT ( 'NONE', #496 ) ;
#1712 = ORIENTED_EDGE ( 'NONE', *, *, #304, .F. ) ;
#1713 = VERTEX_POINT ( 'NONE', #1395 ) ;
#1714 =( NAMED_UNIT ( * ) PLANE_ANGLE_UNIT ( ) SI_UNIT ( $, .RADIAN. ) );
#1715 = ORIENTED_EDGE ( 'NONE', *, *, #1921, .T. ) ;
#1716 = CARTESIAN_POINT ( 'NONE',  ( -0.8000000000000002700, 0.0000000000000000000, -0.3999999999999999700 ) ) ;
#1717 = EDGE_CURVE ( 'NONE', #1335, #1522, #225, .T. ) ;
#1718 = ORIENTED_EDGE ( 'NONE', *, *, #119, .T. ) ;
#1719 = CARTESIAN_POINT ( 'NONE',  ( -0.5999999999999785500, 0.1250000000000000000, -0.6000000000000083000 ) ) ;
#1720 = DIRECTION ( 'NONE',  ( 0.0000000000000000000, -1.000000000000000000, 0.0000000000000000000 ) ) ;
#1721 = AXIS2_PLACEMENT_3D ( 'NONE', #125, #306, #1902 ) ;
#1722 = CARTESIAN_POINT ( 'NONE',  ( 0.4999999999999892900, 0.1250000000000000000, -0.1000000000000086100 ) ) ;
#1723 = FACE_OUTER_BOUND ( 'NONE', #412, .T. ) ;
#1724 = SURFACE_STYLE_USAGE ( .BOTH. , #2088 ) ;
#1725 = LINE ( 'NONE', #1409, #1864 ) ;
#1726 = CARTESIAN_POINT ( 'NONE',  ( 0.4999999999999872300, 0.1250000000000000000, -0.6000000000000052000 ) ) ;
#1727 = DIRECTION ( 'NONE',  ( 2.656295322589441400E-014, 0.0000000000000000000, 1.000000000000000000 ) ) ;
#1728 = DIRECTION ( 'NONE',  ( 1.000000000000000000, 0.0000000000000000000, 2.855065720878343300E-014 ) ) ;
#1729 = VECTOR ( 'NONE', #87, 1000.000000000000000 ) ;
#1730 = AXIS2_PLACEMENT_3D ( 'NONE', #2129, #1042, #168 ) ;
#1731 = ORIENTED_EDGE ( 'NONE', *, *, #1830, .T. ) ;
#1732 = AXIS2_PLACEMENT_3D ( 'NONE', #694, #1933, #1224 ) ;
#1733 = VECTOR ( 'NONE', #2085, 1000.000000000000000 ) ;
#1734 = ORIENTED_EDGE ( 'NONE', *, *, #1954, .F. ) ;
#1735 = VERTEX_POINT ( 'NONE', #1778 ) ;
#1736 = CARTESIAN_POINT ( 'NONE',  ( -0.4999999999999786300, 0.1250000000000000000, -0.7000000000000083900 ) ) ;
#1737 = EDGE_CURVE ( 'NONE', #2290, #111, #1099, .T. ) ;
#1738 = CARTESIAN_POINT ( 'NONE',  ( -0.4999999999999933900, 0.0000000000000000000, 0.3999999999999949700 ) ) ;
#1739 = ORIENTED_EDGE ( 'NONE', *, *, #1348, .T. ) ;
#1740 = EDGE_LOOP ( 'NONE', ( #1941, #1218, #2183, #1379 ) ) ;
#1741 = VERTEX_POINT ( 'NONE', #1953 ) ;
#1742 = EDGE_LOOP ( 'NONE', ( #2025, #550, #1643, #829 ) ) ;
#1743 = EDGE_CURVE ( 'NONE', #347, #52, #199, .T. ) ;
#1744 = ORIENTED_EDGE ( 'NONE', *, *, #1397, .F. ) ;
#1745 = EDGE_CURVE ( 'NONE', #775, #2159, #1679, .T. ) ;
#1746 = CARTESIAN_POINT ( 'NONE',  ( 0.4999999999999892900, 0.1250000000000000000, -0.1000000000000086100 ) ) ;
#1747 = EDGE_CURVE ( 'NONE', #2135, #655, #1063, .T. ) ;
#1748 = CARTESIAN_POINT ( 'NONE',  ( 0.7999999999999893900, 0.1250000000000000000, 0.5999999999999912100 ) ) ;
#1749 = AXIS2_PLACEMENT_3D ( 'NONE', #1514, #1871, #1186 ) ;
#1750 =( NAMED_UNIT ( * ) PLANE_ANGLE_UNIT ( ) SI_UNIT ( $, .RADIAN. ) );
#1751 = SURFACE_STYLE_FILL_AREA ( #1416 ) ;
#1752 = CARTESIAN_POINT ( 'NONE',  ( -0.8000000000000052600, 0.1250000000000000000, -0.09999999999999982500 ) ) ;
#1753 = VECTOR ( 'NONE', #1949, 1000.000000000000000 ) ;
#1754 = EDGE_CURVE ( 'NONE', #1172, #355, #731, .T. ) ;
#1755 = PLANE ( 'NONE',  #1506 ) ;
#1756 = LINE ( 'NONE', #2009, #1242 ) ;
#1757 = LINE ( 'NONE', #1064, #700 ) ;
#1758 = PRODUCT_RELATED_PRODUCT_CATEGORY ( 'part', '', ( #1183 ) ) ;
#1759 = FILL_AREA_STYLE ('',( #520 ) ) ;
#1760 = CARTESIAN_POINT ( 'NONE',  ( 0.4999999999999892900, 0.04999999999999991300, -0.1000000000000086100 ) ) ;
#1761 = DIRECTION ( 'NONE',  ( -1.000000000000000000, 0.0000000000000000000, -0.0000000000000000000 ) ) ;
#1762 = CARTESIAN_POINT ( 'NONE',  ( 0.4999999999999892900, 0.1250000000000000000, 0.3999999999999912000 ) ) ;
#1763 = PLANE ( 'NONE',  #1917 ) ;
#1764 = VECTOR ( 'NONE', #1100, 1000.000000000000000 ) ;
#1765 = ORIENTED_EDGE ( 'NONE', *, *, #930, .T. ) ;
#1766 = CARTESIAN_POINT ( 'NONE',  ( -0.8000000000000002700, 0.04999999999999991300, 0.8000000000000001600 ) ) ;
#1767 = DIRECTION ( 'NONE',  ( -0.0000000000000000000, -1.000000000000000000, -0.0000000000000000000 ) ) ;
#1768 = ORIENTED_EDGE ( 'NONE', *, *, #1223, .F. ) ;
#1769 = SURFACE_SIDE_STYLE ('',( #702 ) ) ;
#1770 = ORIENTED_EDGE ( 'NONE', *, *, #285, .T. ) ;
#1771 = CLOSED_SHELL ( 'NONE', ( #1858, #825, #1690, #999, #587, #455 ) ) ;
#1772 = UNCERTAINTY_MEASURE_WITH_UNIT (LENGTH_MEASURE( 1.000000000000000100E-005 ), #1587, 'distance_accuracy_value', 'NONE');
#1773 = ORIENTED_EDGE ( 'NONE', *, *, #501, .T. ) ;
#1774 = CARTESIAN_POINT ( 'NONE',  ( 0.4999999999999892900, 0.1250000000000000000, -0.1000000000000086100 ) ) ;
#1775 = PLANE ( 'NONE',  #1538 ) ;
#1776 = VERTEX_POINT ( 'NONE', #1108 ) ;
#1777 = ORIENTED_EDGE ( 'NONE', *, *, #1539, .F. ) ;
#1778 = CARTESIAN_POINT ( 'NONE',  ( 0.8000000000000052600, 0.04999999999999991300, -0.1000000000000000500 ) ) ;
#1779 = VERTEX_POINT ( 'NONE', #1986 ) ;
#1780 = CARTESIAN_POINT ( 'NONE',  ( 0.0000000000000000000, 0.1250000000000000000, 0.0000000000000000000 ) ) ;
#1781 = EDGE_CURVE ( 'NONE', #1880, #1873, #1543, .T. ) ;
#1782 = DIRECTION ( 'NONE',  ( -1.000000000000000000, 0.0000000000000000000, -2.927345865710654300E-014 ) ) ;
#1783 = DIRECTION ( 'NONE',  ( -0.0000000000000000000, -1.000000000000000000, -0.0000000000000000000 ) ) ;
#1784 = DIRECTION ( 'NONE',  ( 0.0000000000000000000, 0.0000000000000000000, 1.000000000000000000 ) ) ;
#1785 = STYLED_ITEM ( 'NONE', ( #1811 ), #2140 ) ;
#1786 = DIRECTION ( 'NONE',  ( 1.000000000000000000, 0.0000000000000000000, -3.614007241618346300E-016 ) ) ;
#1787 =( GEOMETRIC_REPRESENTATION_CONTEXT ( 3 ) GLOBAL_UNCERTAINTY_ASSIGNED_CONTEXT ( ( #217 ) ) GLOBAL_UNIT_ASSIGNED_CONTEXT ( ( #1210, #321, #1576 ) ) REPRESENTATION_CONTEXT ( 'NONE', 'WORKASPACE' ) );
#1788 = CARTESIAN_POINT ( 'NONE',  ( 0.8000000000000052600, 0.1250000000000000000, -0.1000000000000000500 ) ) ;
#1789 = LINE ( 'NONE', #569, #1324 ) ;
#1790 = PLANE ( 'NONE',  #943 ) ;
#1791 = CARTESIAN_POINT ( 'NONE',  ( -0.7999999999999891600, 0.1250000000000000000, 0.09999999999999170700 ) ) ;
#1792 = VECTOR ( 'NONE', #855, 1000.000000000000000 ) ;
#1793 = EDGE_CURVE ( 'NONE', #277, #718, #1013, .T. ) ;
#1794 = DIRECTION ( 'NONE',  ( 0.0000000000000000000, -0.0000000000000000000, -1.000000000000000000 ) ) ;
#1795 = EDGE_CURVE ( 'NONE', #1007, #1574, #2196, .T. ) ;
#1796 = COLOUR_RGB ( '',0.7921568627450980000, 0.8196078431372548800, 0.9333333333333333500 ) ;
#1797 = ORIENTED_EDGE ( 'NONE', *, *, #1132, .T. ) ;
#1798 = ORIENTED_EDGE ( 'NONE', *, *, #960, .F. ) ;
#1799 = DIRECTION ( 'NONE',  ( 0.0000000000000000000, -1.000000000000000000, 0.0000000000000000000 ) ) ;
#1800 = CARTESIAN_POINT ( 'NONE',  ( 0.4999999999999946200, 0.1250000000000000000, 0.09999999999999471800 ) ) ;
#1801 = EDGE_LOOP ( 'NONE', ( #2048, #1854, #2150, #45 ) ) ;
#1802 = ORIENTED_EDGE ( 'NONE', *, *, #838, .F. ) ;
#1803 = VERTEX_POINT ( 'NONE', #1791 ) ;
#1804 = CARTESIAN_POINT ( 'NONE',  ( -0.8000000000000103700, 0.1250000000000000000, 0.4000000000000004100 ) ) ;
#1805 = ORIENTED_EDGE ( 'NONE', *, *, #164, .F. ) ;
#1806 = DIRECTION ( 'NONE',  ( -1.000000000000000000, 0.0000000000000000000, 2.276824562219601600E-014 ) ) ;
#1807 = FILL_AREA_STYLE_COLOUR ( '', #876 ) ;
#1808 = DIRECTION ( 'NONE',  ( 0.0000000000000000000, 0.0000000000000000000, 1.000000000000000000 ) ) ;
#1809 = DIRECTION ( 'NONE',  ( 1.048062100069276000E-014, 0.0000000000000000000, 1.000000000000000000 ) ) ;
#1810 = DIRECTION ( 'NONE',  ( -1.000000000000000000, 0.0000000000000000000, -2.927345865710654300E-014 ) ) ;
#1811 = PRESENTATION_STYLE_ASSIGNMENT (( #2285 ) ) ;
#1812 = LINE ( 'NONE', #1520, #1351 ) ;
#1813 = DIRECTION ( 'NONE',  ( -1.000000000000000000, -0.0000000000000000000, -0.0000000000000000000 ) ) ;
#1814 = VECTOR ( 'NONE', #1127, 1000.000000000000000 ) ;
#1815 = CARTESIAN_POINT ( 'NONE',  ( -0.8000000000000002700, 0.1250000000000000000, -0.3999999999999999700 ) ) ;
#1816 = DIRECTION ( 'NONE',  ( 1.000000000000000000, 0.0000000000000000000, -1.807003620809072000E-014 ) ) ;
#1817 = VECTOR ( 'NONE', #724, 1000.000000000000000 ) ;
#1818 = LINE ( 'NONE', #772, #914 ) ;
#1819 = EDGE_LOOP ( 'NONE', ( #1146, #237, #948, #265 ) ) ;
#1820 = MECHANICAL_DESIGN_GEOMETRIC_PRESENTATION_REPRESENTATION (  '', ( #1785 ), #1978 ) ;
#1821 = ORIENTED_EDGE ( 'NONE', *, *, #1435, .T. ) ;
#1822 = ORIENTED_EDGE ( 'NONE', *, *, #1387, .F. ) ;
#1823 = ORIENTED_EDGE ( 'NONE', *, *, #88, .F. ) ;
#1824 = DIRECTION ( 'NONE',  ( 0.0000000000000000000, 0.0000000000000000000, 1.000000000000000000 ) ) ;
#1825 = ORIENTED_EDGE ( 'NONE', *, *, #954, .T. ) ;
#1826 = CARTESIAN_POINT ( 'NONE',  ( 2.258754526011275100E-017, 0.04999999999999991300, 0.09999999999999154000 ) ) ;
#1827 = ORIENTED_EDGE ( 'NONE', *, *, #283, .T. ) ;
#1828 = DIRECTION ( 'NONE',  ( 1.000000000000000000, -0.0000000000000000000, -0.0000000000000000000 ) ) ;
#1829 = DIRECTION ( 'NONE',  ( 0.0000000000000000000, -0.0000000000000000000, -1.000000000000000000 ) ) ;
#1830 = EDGE_CURVE ( 'NONE', #18, #154, #1481, .T. ) ;
#1831 = DIRECTION ( 'NONE',  ( -1.000000000000000000, 0.0000000000000000000, 1.048062100069276000E-014 ) ) ;
#1832 = CARTESIAN_POINT ( 'NONE',  ( 0.7999999999999893900, 0.1250000000000000000, -0.4000000000000083500 ) ) ;
#1833 = EDGE_CURVE ( 'NONE', #1663, #347, #94, .T. ) ;
#1834 = DIRECTION ( 'NONE',  ( -1.000000000000000000, 0.0000000000000000000, 2.258754526011466300E-016 ) ) ;
#1835 = FACE_OUTER_BOUND ( 'NONE', #2020, .T. ) ;
#1836 = ADVANCED_FACE ( 'NONE', ( #431 ), #2148, .F. ) ;
#1837 = LINE ( 'NONE', #968, #2298 ) ;
#1838 = DIRECTION ( 'NONE',  ( 0.0000000000000000000, -1.000000000000000000, 0.0000000000000000000 ) ) ;
#1839 = FACE_OUTER_BOUND ( 'NONE', #1339, .T. ) ;
#1840 = DIRECTION ( 'NONE',  ( 0.0000000000000000000, 1.000000000000000000, 0.0000000000000000000 ) ) ;
#1841 = AXIS2_PLACEMENT_3D ( 'NONE', #1059, #1939, #1262 ) ;
#1842 = VECTOR ( 'NONE', #390, 1000.000000000000000 ) ;
#1843 = DIRECTION ( 'NONE',  ( 0.0000000000000000000, -1.000000000000000000, 0.0000000000000000000 ) ) ;
#1844 = LINE ( 'NONE', #539, #484 ) ;
#1845 = FACE_OUTER_BOUND ( 'NONE', #854, .T. ) ;
#1846 = ADVANCED_FACE ( 'NONE', ( #1723 ), #387, .T. ) ;
#1847 = DIRECTION ( 'NONE',  ( 1.000000000000000000, 0.0000000000000000000, -0.0000000000000000000 ) ) ;
#1848 = ORIENTED_EDGE ( 'NONE', *, *, #1532, .F. ) ;
#1849 = CARTESIAN_POINT ( 'NONE',  ( 0.4999999999999892900, 0.0000000000000000000, 0.5999999999999912100 ) ) ;
#1850 = ORIENTED_EDGE ( 'NONE', *, *, #806, .T. ) ;
#1851 = ORIENTED_EDGE ( 'NONE', *, *, #852, .T. ) ;
#1852 = CARTESIAN_POINT ( 'NONE',  ( 0.7999999999999947200, 0.1250000000000000000, 0.09999999999999158200 ) ) ;
#1853 = ORIENTED_EDGE ( 'NONE', *, *, #785, .T. ) ;
#1854 = ORIENTED_EDGE ( 'NONE', *, *, #126, .T. ) ;
#1855 = CARTESIAN_POINT ( 'NONE',  ( -0.8000000000000002700, 0.04999999999999991300, -0.8000000000000001600 ) ) ;
#1856 = ORIENTED_EDGE ( 'NONE', *, *, #2253, .F. ) ;
#1857 = PLANE ( 'NONE',  #1749 ) ;
#1858 = ADVANCED_FACE ( 'NONE', ( #1454 ), #1971, .F. ) ;
#1859 = DIRECTION ( 'NONE',  ( 0.0000000000000000000, 0.0000000000000000000, 1.000000000000000000 ) ) ;
#1860 = EDGE_CURVE ( 'NONE', #1228, #677, #1955, .T. ) ;
#1861 = EDGE_CURVE ( 'NONE', #1881, #718, #903, .T. ) ;
#1862 = VECTOR ( 'NONE', #1472, 1000.000000000000000 ) ;
#1863 = AXIS2_PLACEMENT_3D ( 'NONE', #2184, #60, #2190 ) ;
#1864 = VECTOR ( 'NONE', #1390, 1000.000000000000000 ) ;
#1865 = EDGE_CURVE ( 'NONE', #853, #1084, #1789, .T. ) ;
#1866 = LINE ( 'NONE', #1252, #1649 ) ;
#1867 = ADVANCED_FACE ( 'NONE', ( #1031 ), #1269, .T. ) ;
#1868 = VECTOR ( 'NONE', #1065, 1000.000000000000000 ) ;
#1869 = DIRECTION ( 'NONE',  ( 0.0000000000000000000, 1.000000000000000000, 0.0000000000000000000 ) ) ;
#1870 = DIRECTION ( 'NONE',  ( -1.000000000000000000, 0.0000000000000000000, 0.0000000000000000000 ) ) ;
#1871 = DIRECTION ( 'NONE',  ( -5.421010862426936400E-016, 0.0000000000000000000, 1.000000000000000000 ) ) ;
#1872 = EDGE_CURVE ( 'NONE', #804, #2154, #117, .T. ) ;
#1873 = VERTEX_POINT ( 'NONE', #1815 ) ;
#1874 = ORIENTED_EDGE ( 'NONE', *, *, #361, .F. ) ;
#1875 = CARTESIAN_POINT ( 'NONE',  ( -0.5999999999999785500, 0.1250000000000000000, -0.7000000000000083900 ) ) ;
#1876 = EDGE_CURVE ( 'NONE', #1881, #1886, #2084, .T. ) ;
#1877 = ORIENTED_EDGE ( 'NONE', *, *, #2004, .F. ) ;
#1878 = ORIENTED_EDGE ( 'NONE', *, *, #1737, .F. ) ;
#1879 = PLANE ( 'NONE',  #1381 ) ;
#1880 = VERTEX_POINT ( 'NONE', #2012 ) ;
#1881 = VERTEX_POINT ( 'NONE', #1118 ) ;
#1882 = ORIENTED_EDGE ( 'NONE', *, *, #647, .T. ) ;
#1883 = CARTESIAN_POINT ( 'NONE',  ( -0.4999999999999933900, 0.1250000000000000000, 0.3999999999999949700 ) ) ;
#1884 = ADVANCED_FACE ( 'NONE', ( #368 ), #435, .T. ) ;
#1885 = ORIENTED_EDGE ( 'NONE', *, *, #1743, .T. ) ;
#1886 = VERTEX_POINT ( 'NONE', #1669 ) ;
#1887 = EDGE_CURVE ( 'NONE', #1044, #1362, #1273, .T. ) ;
#1888 = DIRECTION ( 'NONE',  ( -2.276824562219601600E-014, -0.0000000000000000000, -1.000000000000000000 ) ) ;
#1889 = EDGE_CURVE ( 'NONE', #240, #1609, #792, .T. ) ;
#1890 = VECTOR ( 'NONE', #2057, 1000.000000000000000 ) ;
#1891 = DIRECTION ( 'NONE',  ( 0.0000000000000000000, -0.0000000000000000000, -1.000000000000000000 ) ) ;
#1892 = LINE ( 'NONE', #779, #993 ) ;
#1893 = CARTESIAN_POINT ( 'NONE',  ( 0.8000000000000052600, 0.1250000000000000000, -0.1000000000000000500 ) ) ;
#1894 = AXIS2_PLACEMENT_3D ( 'NONE', #1640, #24, #29 ) ;
#1895 = VECTOR ( 'NONE', #95, 1000.000000000000000 ) ;
#1896 = LINE ( 'NONE', #134, #822 ) ;
#1897 = AXIS2_PLACEMENT_3D ( 'NONE', #2185, #2001, #776 ) ;
#1898 = VECTOR ( 'NONE', #788, 1000.000000000000000 ) ;
#1899 = LINE ( 'NONE', #1603, #1246 ) ;
#1900 = DIRECTION ( 'NONE',  ( -0.0000000000000000000, 0.0000000000000000000, -1.000000000000000000 ) ) ;
#1901 = CYLINDRICAL_SURFACE ( 'NONE', #613, 0.1000000000000001600 ) ;
#1902 = DIRECTION ( 'NONE',  ( 0.0000000000000000000, -0.0000000000000000000, -1.000000000000000000 ) ) ;
#1903 = ORIENTED_EDGE ( 'NONE', *, *, #1189, .F. ) ;
#1904 = EDGE_CURVE ( 'NONE', #81, #276, #1892, .T. ) ;
#1905 = ORIENTED_EDGE ( 'NONE', *, *, #598, .F. ) ;
#1906 = VERTEX_POINT ( 'NONE', #955 ) ;
#1907 = DIRECTION ( 'NONE',  ( -2.855065720878343300E-014, 0.0000000000000000000, 1.000000000000000000 ) ) ;
#1908 = EDGE_CURVE ( 'NONE', #2159, #243, #478, .T. ) ;
#1909 = ORIENTED_EDGE ( 'NONE', *, *, #1795, .F. ) ;
#1910 = ORIENTED_EDGE ( 'NONE', *, *, #554, .F. ) ;
#1911 = VERTEX_POINT ( 'NONE', #1478 ) ;
#1912 = PLANE ( 'NONE',  #72 ) ;
#1913 = CARTESIAN_POINT ( 'NONE',  ( -0.7999999999999889400, 0.1250000000000000000, 0.5999999999999914300 ) ) ;
#1914 =( GEOMETRIC_REPRESENTATION_CONTEXT ( 3 ) GLOBAL_UNCERTAINTY_ASSIGNED_CONTEXT ( ( #1945 ) ) GLOBAL_UNIT_ASSIGNED_CONTEXT ( ( #814, #1714, #1180 ) ) REPRESENTATION_CONTEXT ( 'NONE', 'WORKASPACE' ) );
#1915 = DIRECTION ( 'NONE',  ( -0.0000000000000000000, 1.000000000000000000, -0.0000000000000000000 ) ) ;
#1916 = EDGE_CURVE ( 'NONE', #15, #240, #30, .T. ) ;
#1917 = AXIS2_PLACEMENT_3D ( 'NONE', #169, #1420, #1434 ) ;
#1918 = CARTESIAN_POINT ( 'NONE',  ( 0.8000000000000105900, 0.1250000000000000000, 0.3999999999999999700 ) ) ;
#1919 = CARTESIAN_POINT ( 'NONE',  ( -0.8000000000000103700, 0.04999999999999991300, 0.4000000000000004100 ) ) ;
#1920 = VECTOR ( 'NONE', #998, 1000.000000000000000 ) ;
#1921 = EDGE_CURVE ( 'NONE', #1666, #803, #503, .T. ) ;
#1922 = DIRECTION ( 'NONE',  ( 1.000000000000000000, -0.0000000000000000000, -1.048062100069320400E-014 ) ) ;
#1923 = VECTOR ( 'NONE', #2166, 1000.000000000000000 ) ;
#1924 = DIRECTION ( 'NONE',  ( 1.029992063861229500E-014, 0.0000000000000000000, 1.000000000000000000 ) ) ;
#1925 = CARTESIAN_POINT ( 'NONE',  ( 0.8000000000000052600, 0.1250000000000000000, -0.1000000000000000500 ) ) ;
#1926 = LINE ( 'NONE', #280, #2118 ) ;
#1927 = LINE ( 'NONE', #375, #1460 ) ;
#1928 = AXIS2_PLACEMENT_3D ( 'NONE', #438, #1334, #2239 ) ;
#1929 = VECTOR ( 'NONE', #1720, 1000.000000000000000 ) ;
#1930 = CARTESIAN_POINT ( 'NONE',  ( 0.4999999999999892900, 0.1250000000000000000, 0.5999999999999912100 ) ) ;
#1931 = DIRECTION ( 'NONE',  ( -1.000000000000000000, 0.0000000000000000000, -0.0000000000000000000 ) ) ;
#1932 = ORIENTED_EDGE ( 'NONE', *, *, #1016, .F. ) ;
#1933 = DIRECTION ( 'NONE',  ( 0.0000000000000000000, 1.000000000000000000, 0.0000000000000000000 ) ) ;
#1934 = EDGE_CURVE ( 'NONE', #1362, #1044, #562, .T. ) ;
#1935 = DIRECTION ( 'NONE',  ( 0.0000000000000000000, -1.000000000000000000, 0.0000000000000000000 ) ) ;
#1936 = ORIENTED_EDGE ( 'NONE', *, *, #638, .F. ) ;
#1937 = ORIENTED_EDGE ( 'NONE', *, *, #1861, .F. ) ;
#1938 = DIRECTION ( 'NONE',  ( -0.0000000000000000000, -1.000000000000000000, -0.0000000000000000000 ) ) ;
#1939 = DIRECTION ( 'NONE',  ( 1.000000000000000000, 0.0000000000000000000, -2.656295322589441400E-014 ) ) ;
#1940 = ORIENTED_EDGE ( 'NONE', *, *, #1342, .F. ) ;
#1941 = ORIENTED_EDGE ( 'NONE', *, *, #918, .T. ) ;
#1942 = ORIENTED_EDGE ( 'NONE', *, *, #2296, .T. ) ;
#1943 = VERTEX_POINT ( 'NONE', #37 ) ;
#1944 = PLANE ( 'NONE',  #1365 ) ;
#1945 = UNCERTAINTY_MEASURE_WITH_UNIT (LENGTH_MEASURE( 1.000000000000000100E-005 ), #814, 'distance_accuracy_value', 'NONE');
#1946 = SURFACE_SIDE_STYLE ('',( #1271 ) ) ;
#1947 = CARTESIAN_POINT ( 'NONE',  ( -0.5999999999999785500, 0.1250000000000000000, -0.7000000000000083900 ) ) ;
#1948 = DIRECTION ( 'NONE',  ( -0.0000000000000000000, -0.0000000000000000000, 1.000000000000000000 ) ) ;
#1949 = DIRECTION ( 'NONE',  ( -0.0000000000000000000, -0.0000000000000000000, 1.000000000000000000 ) ) ;
#1950 = VECTOR ( 'NONE', #226, 1000.000000000000000 ) ;
#1951 = CARTESIAN_POINT ( 'NONE',  ( -0.5999999999999785500, 0.1250000000000000000, -0.7000000000000083900 ) ) ;
#1952 = DIRECTION ( 'NONE',  ( 0.0000000000000000000, 1.000000000000000000, 0.0000000000000000000 ) ) ;
#1953 = CARTESIAN_POINT ( 'NONE',  ( 0.7999999999999893900, 0.1250000000000000000, -0.4000000000000083500 ) ) ;
#1954 = EDGE_CURVE ( 'NONE', #1880, #1287, #2222, .T. ) ;
#1955 = LINE ( 'NONE', #1602, #2246 ) ;
#1956 = EDGE_CURVE ( 'NONE', #1139, #1333, #399, .T. ) ;
#1957 = CARTESIAN_POINT ( 'NONE',  ( 0.4999999999999892900, 0.1250000000000000000, -0.1000000000000086100 ) ) ;
#1958 = DIRECTION ( 'NONE',  ( 0.0000000000000000000, -0.0000000000000000000, -1.000000000000000000 ) ) ;
#1959 = FACE_OUTER_BOUND ( 'NONE', #1687, .T. ) ;
#1960 = LINE ( 'NONE', #1736, #2066 ) ;
#1961 = DIRECTION ( 'NONE',  ( 1.000000000000000000, 0.0000000000000000000, -2.258754526011466300E-016 ) ) ;
#1962 = LINE ( 'NONE', #298, #1929 ) ;
#1963 = DIRECTION ( 'NONE',  ( -4.878909776184852000E-015, 0.0000000000000000000, 1.000000000000000000 ) ) ;
#1964 = FACE_OUTER_BOUND ( 'NONE', #553, .T. ) ;
#1965 = ORIENTED_EDGE ( 'NONE', *, *, #1781, .T. ) ;
#1966 = ORIENTED_EDGE ( 'NONE', *, *, #930, .F. ) ;
#1967 = ORIENTED_EDGE ( 'NONE', *, *, #255, .T. ) ;
#1968 = ORIENTED_EDGE ( 'NONE', *, *, #1060, .F. ) ;
#1969 = CARTESIAN_POINT ( 'NONE',  ( -0.5999999999999785500, 0.1250000000000000000, -0.7000000000000083900 ) ) ;
#1970 = VERTEX_POINT ( 'NONE', #1497 ) ;
#1971 = PLANE ( 'NONE',  #584 ) ;
#1972 = ORIENTED_EDGE ( 'NONE', *, *, #1342, .T. ) ;
#1973 = CARTESIAN_POINT ( 'NONE',  ( 0.4999999999999892900, 0.0000000000000000000, 0.3999999999999912000 ) ) ;
#1974 = ORIENTED_EDGE ( 'NONE', *, *, #2294, .F. ) ;
#1975 = DIRECTION ( 'NONE',  ( 0.0000000000000000000, 1.000000000000000000, 0.0000000000000000000 ) ) ;
#1976 = DIRECTION ( 'NONE',  ( 0.0000000000000000000, 0.0000000000000000000, 1.000000000000000000 ) ) ;
#1977 = DIRECTION ( 'NONE',  ( 0.0000000000000000000, -0.0000000000000000000, 1.000000000000000000 ) ) ;
#1978 =( GEOMETRIC_REPRESENTATION_CONTEXT ( 3 ) GLOBAL_UNCERTAINTY_ASSIGNED_CONTEXT ( ( #1772 ) ) GLOBAL_UNIT_ASSIGNED_CONTEXT ( ( #1587, #193, #560 ) ) REPRESENTATION_CONTEXT ( 'NONE', 'WORKASPACE' ) );
#1979 = DIRECTION ( 'NONE',  ( -1.000000000000000000, 0.0000000000000000000, -2.927345865710654300E-014 ) ) ;
#1980 = AXIS2_PLACEMENT_3D ( 'NONE', #938, #1985, #419 ) ;
#1981 = DIRECTION ( 'NONE',  ( -1.000000000000000000, 0.0000000000000000000, 1.048062100069320400E-014 ) ) ;
#1982 = CARTESIAN_POINT ( 'NONE',  ( -0.6000000000000003100, 0.5999999999999999800, -0.7000000000000002900 ) ) ;
#1983 = VECTOR ( 'NONE', #3, 1000.000000000000000 ) ;
#1984 = CARTESIAN_POINT ( 'NONE',  ( -0.6000000000000003100, 0.5499999999999999300, -0.5000000000000000000 ) ) ;
#1985 = DIRECTION ( 'NONE',  ( -2.927345865710654300E-014, 0.0000000000000000000, 1.000000000000000000 ) ) ;
#1986 = CARTESIAN_POINT ( 'NONE',  ( -0.5999999999999785500, 0.1250000000000000000, -0.7000000000000083900 ) ) ;
#1987 = VECTOR ( 'NONE', #393, 1000.000000000000000 ) ;
#1988 =( NAMED_UNIT ( * ) PLANE_ANGLE_UNIT ( ) SI_UNIT ( $, .RADIAN. ) );
#1989 = VECTOR ( 'NONE', #2091, 1000.000000000000000 ) ;
#1990 = VECTOR ( 'NONE', #251, 1000.000000000000000 ) ;
#1991 = AXIS2_PLACEMENT_3D ( 'NONE', #527, #1032, #504 ) ;
#1992 = DIRECTION ( 'NONE',  ( 0.0000000000000000000, -1.000000000000000000, 0.0000000000000000000 ) ) ;
#1993 = EDGE_CURVE ( 'NONE', #1609, #1906, #1837, .T. ) ;
#1994 = EDGE_LOOP ( 'NONE', ( #1637, #1878, #1768, #2283 ) ) ;
#1995 = CARTESIAN_POINT ( 'NONE',  ( 0.8000000000000000400, 0.04999999999999991300, 0.8000000000000001600 ) ) ;
#1996 = ORIENTED_EDGE ( 'NONE', *, *, #445, .F. ) ;
#1997 = ORIENTED_EDGE ( 'NONE', *, *, #1307, .T. ) ;
#1998 = ORIENTED_EDGE ( 'NONE', *, *, #477, .F. ) ;
#1999 = ORIENTED_EDGE ( 'NONE', *, *, #483, .F. ) ;
#2000 = EDGE_LOOP ( 'NONE', ( #2178, #1932, #1407, #1641 ) ) ;
#2001 = DIRECTION ( 'NONE',  ( 1.000000000000000000, -0.0000000000000000000, 0.0000000000000000000 ) ) ;
#2002 = EDGE_CURVE ( 'NONE', #1741, #1666, #1617, .T. ) ;
#2003 = FILL_AREA_STYLE ('',( #1807 ) ) ;
#2004 = EDGE_CURVE ( 'NONE', #243, #710, #585, .T. ) ;
#2005 = CARTESIAN_POINT ( 'NONE',  ( 1.048062100069319900E-015, 0.04999999999999991300, 0.09999999999999996400 ) ) ;
#2006 = FACE_OUTER_BOUND ( 'NONE', #2280, .T. ) ;
#2007 = CARTESIAN_POINT ( 'NONE',  ( -0.0000000000000000000, 0.04999999999999991300, -0.7000000000000083900 ) ) ;
#2008 = LINE ( 'NONE', #1039, #1517 ) ;
#2009 = CARTESIAN_POINT ( 'NONE',  ( 0.4999999999999872300, 0.0000000000000000000, -0.6000000000000052000 ) ) ;
#2010 = EDGE_CURVE ( 'NONE', #1463, #105, #476, .T. ) ;
#2011 = ADVANCED_FACE ( 'NONE', ( #1371 ), #1343, .F. ) ;
#2012 = CARTESIAN_POINT ( 'NONE',  ( -0.8000000000000002700, 0.1250000000000000000, -0.6000000000000084200 ) ) ;
#2013 = CARTESIAN_POINT ( 'NONE',  ( -0.6000000000000003100, 0.5499999999999999300, -0.6000000000000002000 ) ) ;
#2014 = PRESENTATION_STYLE_ASSIGNMENT (( #1724 ) ) ;
#2015 = ORIENTED_EDGE ( 'NONE', *, *, #1321, .T. ) ;
#2016 = EDGE_LOOP ( 'NONE', ( #1822, #1175, #1525, #1692 ) ) ;
#2017 = ORIENTED_EDGE ( 'NONE', *, *, #1082, .F. ) ;
#2018 = DIRECTION ( 'NONE',  ( 0.0000000000000000000, 0.0000000000000000000, 1.000000000000000000 ) ) ;
#2019 = DIRECTION ( 'NONE',  ( 1.048062100069276000E-014, -0.0000000000000000000, 1.000000000000000000 ) ) ;
#2020 = EDGE_LOOP ( 'NONE', ( #464, #658, #448, #489 ) ) ;
#2021 = AXIS2_PLACEMENT_3D ( 'NONE', #1417, #166, #1613 ) ;
#2022 = VERTEX_POINT ( 'NONE', #1535 ) ;
#2023 = DIRECTION ( 'NONE',  ( 0.0000000000000000000, -0.0000000000000000000, 1.000000000000000000 ) ) ;
#2024 = SURFACE_SIDE_STYLE ('',( #844 ) ) ;
#2025 = ORIENTED_EDGE ( 'NONE', *, *, #1956, .T. ) ;
#2026 = EDGE_LOOP ( 'NONE', ( #1998, #2078, #1081, #1465 ) ) ;
#2027 = ORIENTED_EDGE ( 'NONE', *, *, #1921, .F. ) ;
#2028 = CARTESIAN_POINT ( 'NONE',  ( -0.5999999999999785500, 0.1250000000000000000, -0.6000000000000083000 ) ) ;
#2029 = ADVANCED_FACE ( 'NONE', ( #365 ), #859, .T. ) ;
#2030 = CARTESIAN_POINT ( 'NONE',  ( -0.8000000000000103700, 0.1250000000000000000, 0.4000000000000004100 ) ) ;
#2031 = EDGE_CURVE ( 'NONE', #352, #1970, #1541, .T. ) ;
#2032 = CARTESIAN_POINT ( 'NONE',  ( 0.8000000000000052600, 0.0000000000000000000, -0.1000000000000000500 ) ) ;
#2033 = DIRECTION ( 'NONE',  ( 1.000000000000000000, 0.0000000000000000000, -3.614007241618346300E-016 ) ) ;
#2034 = DIRECTION ( 'NONE',  ( 0.0000000000000000000, 1.000000000000000000, 0.0000000000000000000 ) ) ;
#2035 = ADVANCED_FACE ( 'NONE', ( #1156 ), #1681, .F. ) ;
#2036 = CARTESIAN_POINT ( 'NONE',  ( -0.6000000000000003100, 0.5499999999999999300, -0.5000000000000000000 ) ) ;
#2037 = AXIS2_PLACEMENT_3D ( 'NONE', #1285, #219, #1816 ) ;
#2038 = FACE_OUTER_BOUND ( 'NONE', #922, .T. ) ;
#2039 = CARTESIAN_POINT ( 'NONE',  ( -0.4999999999999888400, 0.0000000000000000000, 0.5999999999999913200 ) ) ;
#2040 = LINE ( 'NONE', #495, #1427 ) ;
#2041 = VECTOR ( 'NONE', #1924, 1000.000000000000000 ) ;
#2042 = LINE ( 'NONE', #1318, #1037 ) ;
#2043 = MANIFOLD_SOLID_BREP ( 'Pin[6]', #20 ) ;
#2044 = CARTESIAN_POINT ( 'NONE',  ( -0.6000000000000003100, 0.5499999999999999300, -0.6000000000000002000 ) ) ;
#2045 = ORIENTED_EDGE ( 'NONE', *, *, #1673, .T. ) ;
#2046 = FACE_OUTER_BOUND ( 'NONE', #518, .T. ) ;
#2047 = EDGE_CURVE ( 'NONE', #1970, #809, #819, .T. ) ;
#2048 = ORIENTED_EDGE ( 'NONE', *, *, #887, .F. ) ;
#2049 = PLANE ( 'NONE',  #813 ) ;
#2050 = ADVANCED_FACE ( 'NONE', ( #61 ), #509, .F. ) ;
#2051 = ORIENTED_EDGE ( 'NONE', *, *, #647, .F. ) ;
#2052 = ORIENTED_EDGE ( 'NONE', *, *, #1397, .T. ) ;
#2053 = ORIENTED_EDGE ( 'NONE', *, *, #709, .T. ) ;
#2054 = ORIENTED_EDGE ( 'NONE', *, *, #1435, .F. ) ;
#2055 = CARTESIAN_POINT ( 'NONE',  ( -0.6000000000000003100, 0.5499999999999999300, -0.7000000000000002900 ) ) ;
#2056 = ORIENTED_EDGE ( 'NONE', *, *, #709, .F. ) ;
#2057 = DIRECTION ( 'NONE',  ( 7.842395714311732500E-014, -0.0000000000000000000, -1.000000000000000000 ) ) ;
#2058 = DIRECTION ( 'NONE',  ( 1.000000000000000000, 0.0000000000000000000, 0.0000000000000000000 ) ) ;
#2059 = EDGE_CURVE ( 'NONE', #1803, #1635, #2063, .T. ) ;
#2060 = CARTESIAN_POINT ( 'NONE',  ( 0.0000000000000000000, 0.0000000000000000000, 0.0000000000000000000 ) ) ;
#2061 = ADVANCED_FACE ( 'NONE', ( #116 ), #1057, .T. ) ;
#2062 = AXIS2_PLACEMENT_3D ( 'NONE', #1102, #758, #374 ) ;
#2063 = LINE ( 'NONE', #2275, #333 ) ;
#2064 = VECTOR ( 'NONE', #716, 1000.000000000000000 ) ;
#2065 = LINE ( 'NONE', #1352, #699 ) ;
#2066 = VECTOR ( 'NONE', #2286, 1000.000000000000000 ) ;
#2067 = AXIS2_PLACEMENT_3D ( 'NONE', #92, #817, #1344 ) ;
#2068 = LINE ( 'NONE', #246, #643 ) ;
#2069 = EDGE_CURVE ( 'NONE', #1197, #81, #2165, .T. ) ;
#2070 = FACE_OUTER_BOUND ( 'NONE', #78, .T. ) ;
#2071 = DIRECTION ( 'NONE',  ( -0.0000000000000000000, -0.0000000000000000000, 1.000000000000000000 ) ) ;
#2072 = EDGE_CURVE ( 'NONE', #878, #607, #198, .T. ) ;
#2073 = ORIENTED_EDGE ( 'NONE', *, *, #197, .F. ) ;
#2074 = VERTEX_POINT ( 'NONE', #344 ) ;
#2075 =( GEOMETRIC_REPRESENTATION_CONTEXT ( 3 ) GLOBAL_UNCERTAINTY_ASSIGNED_CONTEXT ( ( #875 ) ) GLOBAL_UNIT_ASSIGNED_CONTEXT ( ( #1349, #1508, #1688 ) ) REPRESENTATION_CONTEXT ( 'NONE', 'WORKASPACE' ) );
#2076 = ORIENTED_EDGE ( 'NONE', *, *, #736, .T. ) ;
#2077 = ORIENTED_EDGE ( 'NONE', *, *, #1034, .T. ) ;
#2078 = ORIENTED_EDGE ( 'NONE', *, *, #2251, .F. ) ;
#2079 = ORIENTED_EDGE ( 'NONE', *, *, #1326, .F. ) ;
#2080 = AXIS2_PLACEMENT_3D ( 'NONE', #2265, #490, #1728 ) ;
#2081 = CARTESIAN_POINT ( 'NONE',  ( -0.5999999999999785500, 0.1250000000000000000, -0.7000000000000083900 ) ) ;
#2082 = SURFACE_SIDE_STYLE ('',( #2230 ) ) ;
#2083 = VECTOR ( 'NONE', #754, 1000.000000000000000 ) ;
#2084 = LINE ( 'NONE', #583, #1157 ) ;
#2085 = DIRECTION ( 'NONE',  ( 0.0000000000000000000, 0.0000000000000000000, -1.000000000000000000 ) ) ;
#2086 = AXIS2_PLACEMENT_3D ( 'NONE', #572, #1975, #1808 ) ;
#2087 = LINE ( 'NONE', #1270, #995 ) ;
#2088 = SURFACE_SIDE_STYLE ('',( #1014 ) ) ;
#2089 = LINE ( 'NONE', #1282, #1814 ) ;
#2090 = LINE ( 'NONE', #1642, #263 ) ;
#2091 = DIRECTION ( 'NONE',  ( 8.023096076393072300E-014, 0.0000000000000000000, 1.000000000000000000 ) ) ;
#2092 = EDGE_LOOP ( 'NONE', ( #1531, #414, #1712, #1797 ) ) ;
#2093 = CARTESIAN_POINT ( 'NONE',  ( 0.4999999999999872300, 0.1250000000000000000, -0.6000000000000052000 ) ) ;
#2094 = ORIENTED_EDGE ( 'NONE', *, *, #1493, .T. ) ;
#2095 = ORIENTED_EDGE ( 'NONE', *, *, #2069, .T. ) ;
#2096 = ORIENTED_EDGE ( 'NONE', *, *, #1629, .F. ) ;
#2097 = ORIENTED_EDGE ( 'NONE', *, *, #250, .T. ) ;
#2098 = VERTEX_POINT ( 'NONE', #864 ) ;
#2099 = DIRECTION ( 'NONE',  ( 0.0000000000000000000, -0.0000000000000000000, -1.000000000000000000 ) ) ;
#2100 = CARTESIAN_POINT ( 'NONE',  ( 0.8000000000000000400, 0.04999999999999991300, 0.8000000000000001600 ) ) ;
#2101 = STYLED_ITEM ( 'NONE', ( #1012 ), #2043 ) ;
#2102 = ORIENTED_EDGE ( 'NONE', *, *, #1493, .F. ) ;
#2103 = CARTESIAN_POINT ( 'NONE',  ( -0.7999999999999889400, 0.04999999999999991300, 0.5999999999999914300 ) ) ;
#2104 = EDGE_CURVE ( 'NONE', #1943, #878, #223, .T. ) ;
#2105 = CARTESIAN_POINT ( 'NONE',  ( -0.5000000000000022200, 0.0000000000000000000, -0.4000000000000051800 ) ) ;
#2106 = CARTESIAN_POINT ( 'NONE',  ( -0.6000000000000003100, 0.5499999999999999300, -0.6000000000000002000 ) ) ;
#2107 = UNCERTAINTY_MEASURE_WITH_UNIT (LENGTH_MEASURE( 1.000000000000000100E-005 ), #1568, 'distance_accuracy_value', 'NONE');
#2108 = LINE ( 'NONE', #581, #1862 ) ;
#2109 = EDGE_CURVE ( 'NONE', #1693, #277, #2267, .T. ) ;
#2110 = DIRECTION ( 'NONE',  ( 0.0000000000000000000, -1.000000000000000000, 0.0000000000000000000 ) ) ;
#2111 = VECTOR ( 'NONE', #610, 1000.000000000000000 ) ;
#2112 = DIRECTION ( 'NONE',  ( 0.0000000000000000000, 1.000000000000000000, 0.0000000000000000000 ) ) ;
#2113 =( NAMED_UNIT ( * ) SI_UNIT ( $, .STERADIAN. ) SOLID_ANGLE_UNIT ( ) );
#2114 = LINE ( 'NONE', #2105, #308 ) ;
#2115 = DIRECTION ( 'NONE',  ( -0.0000000000000000000, 0.0000000000000000000, -1.000000000000000000 ) ) ;
#2116 = DIRECTION ( 'NONE',  ( -0.0000000000000000000, -1.000000000000000000, -0.0000000000000000000 ) ) ;
#2117 = DIRECTION ( 'NONE',  ( 0.0000000000000000000, -1.000000000000000000, 0.0000000000000000000 ) ) ;
#2118 = VECTOR ( 'NONE', #1727, 1000.000000000000000 ) ;
#2119 = VECTOR ( 'NONE', #363, 1000.000000000000000 ) ;
#2120 = PLANE ( 'NONE',  #369 ) ;
#2121 = LINE ( 'NONE', #171, #376 ) ;
#2122 = VECTOR ( 'NONE', #1033, 1000.000000000000000 ) ;
#2123 =( NAMED_UNIT ( * ) PLANE_ANGLE_UNIT ( ) SI_UNIT ( $, .RADIAN. ) );
#2124 = VECTOR ( 'NONE', #2181, 1000.000000000000000 ) ;
#2125 = CARTESIAN_POINT ( 'NONE',  ( 0.4999999999999892900, 0.0000000000000000000, -0.1000000000000086100 ) ) ;
#2126 = CARTESIAN_POINT ( 'NONE',  ( -0.6000000000000003100, 0.5499999999999999300, -0.6000000000000002000 ) ) ;
#2127 = ORIENTED_EDGE ( 'NONE', *, *, #1128, .T. ) ;
#2128 = ORIENTED_EDGE ( 'NONE', *, *, #89, .T. ) ;
#2129 = CARTESIAN_POINT ( 'NONE',  ( -0.8000000000000052600, 0.1250000000000000000, -0.09999999999999982500 ) ) ;
#2130 = VERTEX_POINT ( 'NONE', #1585 ) ;
#2131 = ORIENTED_EDGE ( 'NONE', *, *, #1904, .F. ) ;
#2132 = EDGE_LOOP ( 'NONE', ( #1848, #778, #523, #828 ) ) ;
#2133 = DIRECTION ( 'NONE',  ( -1.000000000000000000, 0.0000000000000000000, -7.842395714311733800E-014 ) ) ;
#2134 = ORIENTED_EDGE ( 'NONE', *, *, #307, .F. ) ;
#2135 = VERTEX_POINT ( 'NONE', #160 ) ;
#2136 = AXIS2_PLACEMENT_3D ( 'NONE', #1237, #1029, #2099 ) ;
#2137 = DIRECTION ( 'NONE',  ( 5.312590645178973600E-014, -0.0000000000000000000, -1.000000000000000000 ) ) ;
#2138 = CARTESIAN_POINT ( 'NONE',  ( 0.8000000000000105900, 0.1250000000000000000, 0.3999999999999999700 ) ) ;
#2139 = DIRECTION ( 'NONE',  ( 1.000000000000000000, 0.0000000000000000000, -2.258754526011466300E-016 ) ) ;
#2140 = MANIFOLD_SOLID_BREP ( 'Pin[2]', #1226 ) ;
#2141 = ADVANCED_FACE ( 'NONE', ( #1208 ), #1244, .T. ) ;
#2142 = CARTESIAN_POINT ( 'NONE',  ( 0.0000000000000000000, 0.1250000000000000000, 0.0000000000000000000 ) ) ;
#2143 = EDGE_CURVE ( 'NONE', #19, #1228, #2244, .T. ) ;
#2144 = VECTOR ( 'NONE', #400, 1000.000000000000000 ) ;
#2145 = PRODUCT_DEFINITION ( 'UNKNOWN', '', #1206, #1293 ) ;
#2146 = CARTESIAN_POINT ( 'NONE',  ( 0.8000000000000000400, 0.1250000000000000000, -0.6000000000000083000 ) ) ;
#2147 = CARTESIAN_POINT ( 'NONE',  ( 0.8000000000000105900, 0.1250000000000000000, 0.3999999999999999700 ) ) ;
#2148 = PLANE ( 'NONE',  #1425 ) ;
#2149 = FACE_OUTER_BOUND ( 'NONE', #44, .T. ) ;
#2150 = ORIENTED_EDGE ( 'NONE', *, *, #1795, .T. ) ;
#2151 = STYLED_ITEM ( 'NONE', ( #1018 ), #530 ) ;
#2152 = EDGE_LOOP ( 'NONE', ( #2232, #381, #1823, #1529 ) ) ;
#2153 = ORIENTED_EDGE ( 'NONE', *, *, #960, .T. ) ;
#2154 = VERTEX_POINT ( 'NONE', #1265 ) ;
#2155 = DIRECTION ( 'NONE',  ( -1.000000000000000000, 0.0000000000000000000, 3.614007241618346300E-016 ) ) ;
#2156 = ORIENTED_EDGE ( 'NONE', *, *, #360, .T. ) ;
#2157 = ORIENTED_EDGE ( 'NONE', *, *, #407, .F. ) ;
#2158 = CARTESIAN_POINT ( 'NONE',  ( -0.8000000000000103700, 0.1250000000000000000, 0.4000000000000004100 ) ) ;
#2159 = VERTEX_POINT ( 'NONE', #13 ) ;
#2160 = CARTESIAN_POINT ( 'NONE',  ( -0.4999999999999880700, 0.1250000000000000000, -0.1000000000000050200 ) ) ;
#2161 = AXIS2_PLACEMENT_3D ( 'NONE', #2044, #2034, #967 ) ;
#2162 = CARTESIAN_POINT ( 'NONE',  ( 3.252606517456205200E-016, 0.04999999999999991300, -0.6000000000000079700 ) ) ;
#2163 = FACE_OUTER_BOUND ( 'NONE', #1145, .T. ) ;
#2164 = CARTESIAN_POINT ( 'NONE',  ( -0.4999999999999880700, 0.1250000000000000000, -0.1000000000000050200 ) ) ;
#2165 = LINE ( 'NONE', #1405, #789 ) ;
#2166 = DIRECTION ( 'NONE',  ( -1.000000000000000000, 0.0000000000000000000, 0.0000000000000000000 ) ) ;
#2167 = DIRECTION ( 'NONE',  ( 1.067939139898270100E-013, 0.0000000000000000000, 1.000000000000000000 ) ) ;
#2168 = FACE_OUTER_BOUND ( 'NONE', #1043, .T. ) ;
#2169 = VECTOR ( 'NONE', #408, 1000.000000000000000 ) ;
#2170 = FACE_OUTER_BOUND ( 'NONE', #2026, .T. ) ;
#2171 = FACE_OUTER_BOUND ( 'NONE', #549, .T. ) ;
#2172 = DIRECTION ( 'NONE',  ( 1.000000000000000000, -0.0000000000000000000, -1.048062100069320400E-014 ) ) ;
#2173 = CARTESIAN_POINT ( 'NONE',  ( -0.8000000000000103700, 0.1250000000000000000, 0.4000000000000004100 ) ) ;
#2174 = STYLED_ITEM ( 'NONE', ( #2014 ), #956 ) ;
#2175 = LINE ( 'NONE', #1320, #1357 ) ;
#2176 = UNCERTAINTY_MEASURE_WITH_UNIT (LENGTH_MEASURE( 1.000000000000000100E-005 ), #1536, 'distance_accuracy_value', 'NONE');
#2177 = ORIENTED_EDGE ( 'NONE', *, *, #1565, .T. ) ;
#2178 = ORIENTED_EDGE ( 'NONE', *, *, #2109, .F. ) ;
#2179 = ORIENTED_EDGE ( 'NONE', *, *, #1673, .F. ) ;
#2180 = VERTEX_POINT ( 'NONE', #693 ) ;
#2181 = DIRECTION ( 'NONE',  ( -0.0000000000000000000, -1.000000000000000000, -0.0000000000000000000 ) ) ;
#2182 = ADVANCED_FACE ( 'NONE', ( #728 ), #184, .F. ) ;
#2183 = ORIENTED_EDGE ( 'NONE', *, *, #2143, .F. ) ;
#2184 = CARTESIAN_POINT ( 'NONE',  ( -0.4999999999999786300, 0.1250000000000000000, -0.7000000000000083900 ) ) ;
#2185 = CARTESIAN_POINT ( 'NONE',  ( -0.8000000000000002700, 0.1250000000000000000, -0.3999999999999999700 ) ) ;
#2186 = EDGE_LOOP ( 'NONE', ( #1798, #857, #247, #1936 ) ) ;
#2187 = DIRECTION ( 'NONE',  ( 0.0000000000000000000, -1.000000000000000000, 0.0000000000000000000 ) ) ;
#2188 = EDGE_CURVE ( 'NONE', #1003, #1713, #692, .T. ) ;
#2189 = PLANE ( 'NONE',  #1928 ) ;
#2190 = DIRECTION ( 'NONE',  ( -7.842395714311733800E-014, 0.0000000000000000000, 1.000000000000000000 ) ) ;
#2191 = ADVANCED_FACE ( 'NONE', ( #1126 ), #1623, .F. ) ;
#2192 = DIRECTION ( 'NONE',  ( 1.029992063861229500E-014, 0.0000000000000000000, 1.000000000000000000 ) ) ;
#2193 = AXIS2_PLACEMENT_3D ( 'NONE', #177, #2269, #1963 ) ;
#2194 = COLOUR_RGB ( '',0.7921568627450980000, 0.8196078431372548800, 0.9333333333333333500 ) ;
#2195 = DIRECTION ( 'NONE',  ( 1.000000000000000000, -0.0000000000000000000, -1.048062100069320400E-014 ) ) ;
#2196 = LINE ( 'NONE', #188, #1619 ) ;
#2197 = CARTESIAN_POINT ( 'NONE',  ( 0.7999999999999893900, 0.1250000000000000000, 0.5999999999999912100 ) ) ;
#2198 = CARTESIAN_POINT ( 'NONE',  ( 0.0000000000000000000, 0.1250000000000000000, 0.0000000000000000000 ) ) ;
#2199 = DIRECTION ( 'NONE',  ( -1.000000000000000000, 0.0000000000000000000, 1.048062100069320400E-014 ) ) ;
#2200 = PRESENTATION_STYLE_ASSIGNMENT (( #1319 ) ) ;
#2201 = ORIENTED_EDGE ( 'NONE', *, *, #838, .T. ) ;
#2202 = VECTOR ( 'NONE', #1828, 1000.000000000000000 ) ;
#2203 = ADVANCED_FACE ( 'NONE', ( #637 ), #1096, .F. ) ;
#2204 = AXIS2_PLACEMENT_3D ( 'NONE', #873, #348, #861 ) ;
#2205 = ORIENTED_EDGE ( 'NONE', *, *, #556, .F. ) ;
#2206 = SURFACE_SIDE_STYLE ('',( #397 ) ) ;
#2207 = CARTESIAN_POINT ( 'NONE',  ( 0.8000000000000000400, 0.1250000000000000000, -0.6000000000000083000 ) ) ;
#2208 = AXIS2_PLACEMENT_3D ( 'NONE', #1104, #1266, #28 ) ;
#2209 = CLOSED_SHELL ( 'NONE', ( #1492, #1178, #1610, #1316, #2035, #1836, #1477, #68 ) ) ;
#2210 = CARTESIAN_POINT ( 'NONE',  ( -0.7999999999999891600, 0.1250000000000000000, 0.09999999999999170700 ) ) ;
#2211 = CARTESIAN_POINT ( 'NONE',  ( 0.4999999999999892900, 0.1250000000000000000, 0.3999999999999912000 ) ) ;
#2212 = ORIENTED_EDGE ( 'NONE', *, *, #49, .T. ) ;
#2213 = EDGE_LOOP ( 'NONE', ( #2131, #384, #1549, #1194 ) ) ;
#2214 = EDGE_CURVE ( 'NONE', #1600, #2098, #898, .T. ) ;
#2215 = CARTESIAN_POINT ( 'NONE',  ( 0.8000000000000000400, 0.0000000000000000000, -0.6000000000000083000 ) ) ;
#2216 = ADVANCED_FACE ( 'NONE', ( #2163 ), #1453, .T. ) ;
#2217 = CARTESIAN_POINT ( 'NONE',  ( 0.8000000000000000400, 0.1250000000000000000, -0.6000000000000083000 ) ) ;
#2218 = DIRECTION ( 'NONE',  ( -0.0000000000000000000, -0.0000000000000000000, 1.000000000000000000 ) ) ;
#2219 = AXIS2_PLACEMENT_3D ( 'NONE', #1746, #1580, #532 ) ;
#2220 = EDGE_CURVE ( 'NONE', #1201, #575, #221, .T. ) ;
#2221 = VECTOR ( 'NONE', #2018, 1000.000000000000000 ) ;
#2222 = LINE ( 'NONE', #941, #2111 ) ;
#2223 = VECTOR ( 'NONE', #2071, 1000.000000000000000 ) ;
#2224 = ADVANCED_FACE ( 'NONE', ( #1835 ), #1505, .T. ) ;
#2225 = VECTOR ( 'NONE', #1330, 1000.000000000000000 ) ;
#2226 = AXIS2_PLACEMENT_3D ( 'NONE', #1152, #614, #1315 ) ;
#2227 = CIRCLE ( 'NONE', #1732, 0.1000000000000001600 ) ;
#2228 = EDGE_CURVE ( 'NONE', #1498, #1147, #2108, .T. ) ;
#2229 = LINE ( 'NONE', #2093, #625 ) ;
#2230 = SURFACE_STYLE_FILL_AREA ( #132 ) ;
#2231 = VERTEX_POINT ( 'NONE', #2197 ) ;
#2232 = ORIENTED_EDGE ( 'NONE', *, *, #965, .T. ) ;
#2233 = ORIENTED_EDGE ( 'NONE', *, *, #407, .T. ) ;
#2234 = ORIENTED_EDGE ( 'NONE', *, *, #1632, .F. ) ;
#2235 = FILL_AREA_STYLE ('',( #1530 ) ) ;
#2236 = ORIENTED_EDGE ( 'NONE', *, *, #1865, .T. ) ;
#2237 = VERTEX_POINT ( 'NONE', #71 ) ;
#2238 = VERTEX_POINT ( 'NONE', #1855 ) ;
#2239 = DIRECTION ( 'NONE',  ( 1.000000000000000000, 0.0000000000000000000, -1.730205966924685800E-014 ) ) ;
#2240 =( NAMED_UNIT ( * ) PLANE_ANGLE_UNIT ( ) SI_UNIT ( $, .RADIAN. ) );
#2241 = CARTESIAN_POINT ( 'NONE',  ( 0.7999999999999893900, 0.1250000000000000000, 0.5999999999999912100 ) ) ;
#2242 = DIRECTION ( 'NONE',  ( 0.0000000000000000000, -1.000000000000000000, 0.0000000000000000000 ) ) ;
#2243 = CARTESIAN_POINT ( 'NONE',  ( 0.7999999999999947200, 0.0000000000000000000, 0.09999999999999158200 ) ) ;
#2244 = LINE ( 'NONE', #1644, #2083 ) ;
#2245 = AXIS2_PLACEMENT_3D ( 'NONE', #765, #1992, #34 ) ;
#2246 = VECTOR ( 'NONE', #1276, 1000.000000000000000 ) ;
#2247 = VECTOR ( 'NONE', #1123, 1000.000000000000000 ) ;
#2248 = CARTESIAN_POINT ( 'NONE',  ( -0.7999999999999891600, 0.04999999999999991300, 0.09999999999999170700 ) ) ;
#2249 = PRESENTATION_STYLE_ASSIGNMENT (( #1272 ) ) ;
#2250 = CARTESIAN_POINT ( 'NONE',  ( 0.8000000000000000400, 0.04999999999999991300, 0.8000000000000001600 ) ) ;
#2251 = EDGE_CURVE ( 'NONE', #111, #807, #499, .T. ) ;
#2252 = VECTOR ( 'NONE', #1552, 1000.000000000000000 ) ;
#2253 = EDGE_CURVE ( 'NONE', #19, #1170, #2295, .T. ) ;
#2254 = EDGE_LOOP ( 'NONE', ( #2015, #1853, #76, #1691 ) ) ;
#2255 = ORIENTED_EDGE ( 'NONE', *, *, #1638, .F. ) ;
#2256 = CARTESIAN_POINT ( 'NONE',  ( 0.8000000000000000400, 0.04999999999999991300, 0.8000000000000001600 ) ) ;
#2257 = ORIENTED_EDGE ( 'NONE', *, *, #200, .F. ) ;
#2258 = SURFACE_STYLE_USAGE ( .BOTH. , #2082 ) ;
#2259 = ORIENTED_EDGE ( 'NONE', *, *, #2251, .T. ) ;
#2260 = ORIENTED_EDGE ( 'NONE', *, *, #1717, .T. ) ;
#2261 = ORIENTED_EDGE ( 'NONE', *, *, #918, .F. ) ;
#2262 = SURFACE_STYLE_USAGE ( .BOTH. , #326 ) ;
#2263 = DIRECTION ( 'NONE',  ( 0.0000000000000000000, -1.000000000000000000, 0.0000000000000000000 ) ) ;
#2264 = CARTESIAN_POINT ( 'NONE',  ( 0.8000000000000000400, 0.1250000000000000000, -0.6000000000000083000 ) ) ;
#2265 = CARTESIAN_POINT ( 'NONE',  ( 0.8000000000000052600, 0.1250000000000000000, -0.1000000000000000500 ) ) ;
#2266 = CARTESIAN_POINT ( 'NONE',  ( -0.4999999999999890600, 0.1250000000000000000, 0.09999999999999163700 ) ) ;
#2267 = LINE ( 'NONE', #1424, #761 ) ;
#2268 = DIRECTION ( 'NONE',  ( 1.000000000000000000, 0.0000000000000000000, -8.023096076393073600E-014 ) ) ;
#2269 = DIRECTION ( 'NONE',  ( -1.000000000000000000, 0.0000000000000000000, -4.878909776184852000E-015 ) ) ;
#2270 = VECTOR ( 'NONE', #1092, 1000.000000000000000 ) ;
#2271 = DIRECTION ( 'NONE',  ( 1.000000000000000000, -0.0000000000000000000, -1.734723475976818500E-014 ) ) ;
#2272 = PLANE ( 'NONE',  #331 ) ;
#2273 = LINE ( 'NONE', #1088, #764 ) ;
#2274 = FACE_OUTER_BOUND ( 'NONE', #2092, .T. ) ;
#2275 = CARTESIAN_POINT ( 'NONE',  ( -0.7999999999999891600, 0.1250000000000000000, 0.09999999999999170700 ) ) ;
#2276 = LINE ( 'NONE', #396, #1354 ) ;
#2277 = PLANE ( 'NONE',  #872 ) ;
#2278 = PLANE ( 'NONE',  #1841 ) ;
#2279 = ORIENTED_EDGE ( 'NONE', *, *, #651, .T. ) ;
#2280 = EDGE_LOOP ( 'NONE', ( #297, #1611, #1882, #1004 ) ) ;
#2281 = PLANE ( 'NONE',  #1069 ) ;
#2282 = ORIENTED_EDGE ( 'NONE', *, *, #1591, .F. ) ;
#2283 = ORIENTED_EDGE ( 'NONE', *, *, #358, .T. ) ;
#2284 = ORIENTED_EDGE ( 'NONE', *, *, #2002, .F. ) ;
#2285 = SURFACE_STYLE_USAGE ( .BOTH. , #1946 ) ;
#2286 = DIRECTION ( 'NONE',  ( -0.0000000000000000000, -1.000000000000000000, -0.0000000000000000000 ) ) ;
#2287 = CARTESIAN_POINT ( 'NONE',  ( 0.7999999999999893900, 0.0000000000000000000, -0.4000000000000083500 ) ) ;
#2288 = AXIS2_PLACEMENT_3D ( 'NONE', #210, #1129, #1485 ) ;
#2289 = PLANE ( 'NONE',  #1122 ) ;
#2290 = VERTEX_POINT ( 'NONE', #1317 ) ;
#2291 = CARTESIAN_POINT ( 'NONE',  ( 0.7999999999999947200, 0.1250000000000000000, 0.09999999999999158200 ) ) ;
#2292 = PLANE ( 'NONE',  #2208 ) ;
#2293 = DIRECTION ( 'NONE',  ( -1.000000000000000000, 0.0000000000000000000, -5.258380536554917400E-014 ) ) ;
#2294 = EDGE_CURVE ( 'NONE', #1779, #124, #616, .T. ) ;
#2295 = LINE ( 'NONE', #2164, #1950 ) ;
#2296 = EDGE_CURVE ( 'NONE', #1147, #944, #1061, .T. ) ;
#2297 = DIRECTION ( 'NONE',  ( -2.927345865710654300E-014, 0.0000000000000000000, 1.000000000000000000 ) ) ;
#2298 = VECTOR ( 'NONE', #576, 1000.000000000000000 ) ;
#2299 =( NAMED_UNIT ( * ) SI_UNIT ( $, .STERADIAN. ) SOLID_ANGLE_UNIT ( ) );
ENDSEC;
END-ISO-10303-21;
