ISO-10303-21;
HEADER;
FILE_DESCRIPTION( ( 'Unknown' ), '1' );
FILE_NAME( 'I:/User_Groups_Only/17_EMC_Product_&_Development/Article_Master/Inductors_Power/IndHCM/Master_Data/01_CAD_drawing/1_Drawing/7443070xx/Released_data/7443070xx.stp', 'Unknown', ( 'Unknown' ), ( 'Unknown' ), 'XStep 1.0', 'Unknown', '  ' );
FILE_SCHEMA( ( 'automotive_design' ) );
ENDSEC;
DATA;
#1 = MECHANICAL_DESIGN_GEOMETRIC_PRESENTATION_REPRESENTATION( ' ', ( #22, #23, #24, #25, #26, #27, #28, #29, #30, #31, #32, #33, #34, #35, #36, #37, #38, #39, #40, #41, #42, #43, #44, #45, #46, #47, #48, #49, #50, #51, #52, #53, #54, #55, #56, #57, #58, #59, #60, #61, #62, #63, #64, #65, #66, #67, #68, #69, #70, #71, #72, #73, #74, #75, #76, #77, #78, #79, #80, #81, #82, #83, #84, #85, #86, #87, #88, #89, #90, #91, #92, #93, #94, #95, #96, #97, #98, #99, #100, #101, #102, #103, #104, #105, #106, #107, #108, #109, #110, #111, #112, #113, #114, #115, #116, #117, #118, #119, #120, #121, #122, #123, #124, #125, #126, #127, #128, #129, #130, #131, #132, #133, #134, #135, #136, #137, #138, #139, #140, #141, #142, #143, #144, #145, #146, #147, #148, #149, #150, #151, #152, #153, #154, #155, #156, #157, #158, #159, #160, #161, #162, #163, #164, #165, #166, #167, #168, #169, #170, #171, #172, #173, #174, #175, #176, #177, #178, #179, #180, #181, #182, #183, #184, #185, #186, #187, #188, #189, #190, #191, #192, #193, #194, #195, #196 ), #18 );
#2 = PRODUCT_DEFINITION_CONTEXT( '', #197, 'design' );
#3 = APPLICATION_PROTOCOL_DEFINITION( 'INTERNATIONAL STANDARD', 'automotive_design', 1994, #197 );
#4 = PRODUCT_CATEGORY_RELATIONSHIP( 'NONE', 'NONE', #198, #199 );
#5 = SHAPE_DEFINITION_REPRESENTATION( #200, #201 );
#6 = PRODUCT_DEFINITION_CONTEXT( '', #202, 'design' );
#7 = APPLICATION_PROTOCOL_DEFINITION( 'INTERNATIONAL STANDARD', 'automotive_design', 1994, #202 );
#8 = PRODUCT_CATEGORY_RELATIONSHIP( 'NONE', 'NONE', #203, #204 );
#9 = SHAPE_DEFINITION_REPRESENTATION( #205, #206 );
#10 = PRODUCT_DEFINITION_CONTEXT( '', #207, 'design' );
#11 = APPLICATION_PROTOCOL_DEFINITION( 'INTERNATIONAL STANDARD', 'automotive_design', 1994, #207 );
#12 = PRODUCT_CATEGORY_RELATIONSHIP( 'NONE', 'NONE', #208, #209 );
#13 = SHAPE_DEFINITION_REPRESENTATION( #210, #211 );
#14 = PRODUCT_DEFINITION_CONTEXT( '', #212, 'design' );
#15 = APPLICATION_PROTOCOL_DEFINITION( 'INTERNATIONAL STANDARD', 'automotive_design', 1994, #212 );
#16 = PRODUCT_CATEGORY_RELATIONSHIP( 'NONE', 'NONE', #213, #214 );
#17 = SHAPE_DEFINITION_REPRESENTATION( #215, #216 );
#18 =  ( GEOMETRIC_REPRESENTATION_CONTEXT( 3 )GLOBAL_UNCERTAINTY_ASSIGNED_CONTEXT( ( #219 ) )GLOBAL_UNIT_ASSIGNED_CONTEXT( ( #221, #222, #223 ) )REPRESENTATION_CONTEXT( 'NONE', 'WORKSPACE' ) );
#22 = STYLED_ITEM( '', ( #225 ), #226 );
#23 = STYLED_ITEM( '', ( #227 ), #228 );
#24 = STYLED_ITEM( '', ( #229 ), #230 );
#25 = STYLED_ITEM( '', ( #231 ), #232 );
#26 = STYLED_ITEM( '', ( #233 ), #234 );
#27 = STYLED_ITEM( '', ( #235 ), #236 );
#28 = STYLED_ITEM( '', ( #237 ), #238 );
#29 = STYLED_ITEM( '', ( #239 ), #240 );
#30 = STYLED_ITEM( '', ( #241 ), #242 );
#31 = STYLED_ITEM( '', ( #243 ), #244 );
#32 = STYLED_ITEM( '', ( #245 ), #246 );
#33 = STYLED_ITEM( '', ( #247 ), #248 );
#34 = STYLED_ITEM( '', ( #249 ), #250 );
#35 = STYLED_ITEM( '', ( #251 ), #252 );
#36 = STYLED_ITEM( '', ( #253 ), #254 );
#37 = STYLED_ITEM( '', ( #255 ), #256 );
#38 = STYLED_ITEM( '', ( #257 ), #258 );
#39 = STYLED_ITEM( '', ( #259 ), #260 );
#40 = STYLED_ITEM( '', ( #261 ), #262 );
#41 = STYLED_ITEM( '', ( #263 ), #264 );
#42 = STYLED_ITEM( '', ( #265 ), #266 );
#43 = STYLED_ITEM( '', ( #267 ), #268 );
#44 = STYLED_ITEM( '', ( #269 ), #270 );
#45 = STYLED_ITEM( '', ( #271 ), #272 );
#46 = STYLED_ITEM( '', ( #273 ), #274 );
#47 = STYLED_ITEM( '', ( #275 ), #276 );
#48 = STYLED_ITEM( '', ( #277 ), #278 );
#49 = STYLED_ITEM( '', ( #279 ), #280 );
#50 = STYLED_ITEM( '', ( #281 ), #282 );
#51 = STYLED_ITEM( '', ( #283 ), #284 );
#52 = STYLED_ITEM( '', ( #285 ), #286 );
#53 = STYLED_ITEM( '', ( #287 ), #288 );
#54 = STYLED_ITEM( '', ( #289 ), #290 );
#55 = STYLED_ITEM( '', ( #291 ), #292 );
#56 = STYLED_ITEM( '', ( #293 ), #294 );
#57 = STYLED_ITEM( '', ( #295 ), #296 );
#58 = STYLED_ITEM( '', ( #297 ), #298 );
#59 = STYLED_ITEM( '', ( #299 ), #300 );
#60 = STYLED_ITEM( '', ( #301 ), #302 );
#61 = STYLED_ITEM( '', ( #303 ), #304 );
#62 = STYLED_ITEM( '', ( #305 ), #306 );
#63 = STYLED_ITEM( '', ( #307 ), #308 );
#64 = STYLED_ITEM( '', ( #309 ), #310 );
#65 = STYLED_ITEM( '', ( #311 ), #312 );
#66 = STYLED_ITEM( '', ( #313 ), #314 );
#67 = STYLED_ITEM( '', ( #315 ), #316 );
#68 = STYLED_ITEM( '', ( #317 ), #318 );
#69 = STYLED_ITEM( '', ( #319 ), #320 );
#70 = STYLED_ITEM( '', ( #321 ), #322 );
#71 = STYLED_ITEM( '', ( #323 ), #324 );
#72 = STYLED_ITEM( '', ( #325 ), #326 );
#73 = STYLED_ITEM( '', ( #327 ), #328 );
#74 = STYLED_ITEM( '', ( #329 ), #330 );
#75 = STYLED_ITEM( '', ( #331 ), #332 );
#76 = STYLED_ITEM( '', ( #333 ), #334 );
#77 = STYLED_ITEM( '', ( #335 ), #336 );
#78 = STYLED_ITEM( '', ( #337 ), #338 );
#79 = STYLED_ITEM( '', ( #339 ), #340 );
#80 = STYLED_ITEM( '', ( #341 ), #342 );
#81 = STYLED_ITEM( '', ( #343 ), #344 );
#82 = STYLED_ITEM( '', ( #345 ), #346 );
#83 = STYLED_ITEM( '', ( #347 ), #348 );
#84 = STYLED_ITEM( '', ( #349 ), #350 );
#85 = STYLED_ITEM( '', ( #351 ), #352 );
#86 = STYLED_ITEM( '', ( #353 ), #354 );
#87 = STYLED_ITEM( '', ( #355 ), #356 );
#88 = STYLED_ITEM( '', ( #357 ), #358 );
#89 = STYLED_ITEM( '', ( #359 ), #360 );
#90 = STYLED_ITEM( '', ( #361 ), #362 );
#91 = STYLED_ITEM( '', ( #363 ), #364 );
#92 = STYLED_ITEM( '', ( #365 ), #366 );
#93 = STYLED_ITEM( '', ( #367 ), #368 );
#94 = STYLED_ITEM( '', ( #369 ), #370 );
#95 = STYLED_ITEM( '', ( #371 ), #372 );
#96 = STYLED_ITEM( '', ( #373 ), #374 );
#97 = STYLED_ITEM( '', ( #375 ), #376 );
#98 = STYLED_ITEM( '', ( #377 ), #378 );
#99 = STYLED_ITEM( '', ( #379 ), #380 );
#100 = STYLED_ITEM( '', ( #381 ), #382 );
#101 = STYLED_ITEM( '', ( #383 ), #384 );
#102 = STYLED_ITEM( '', ( #385 ), #386 );
#103 = STYLED_ITEM( '', ( #387 ), #388 );
#104 = STYLED_ITEM( '', ( #389 ), #390 );
#105 = STYLED_ITEM( '', ( #391 ), #392 );
#106 = STYLED_ITEM( '', ( #393 ), #394 );
#107 = STYLED_ITEM( '', ( #395 ), #396 );
#108 = STYLED_ITEM( '', ( #397 ), #398 );
#109 = STYLED_ITEM( '', ( #399 ), #400 );
#110 = STYLED_ITEM( '', ( #401 ), #402 );
#111 = STYLED_ITEM( '', ( #403 ), #404 );
#112 = STYLED_ITEM( '', ( #405 ), #406 );
#113 = STYLED_ITEM( '', ( #407 ), #408 );
#114 = STYLED_ITEM( '', ( #409 ), #410 );
#115 = STYLED_ITEM( '', ( #411 ), #412 );
#116 = STYLED_ITEM( '', ( #413 ), #414 );
#117 = STYLED_ITEM( '', ( #415 ), #416 );
#118 = STYLED_ITEM( '', ( #417 ), #418 );
#119 = STYLED_ITEM( '', ( #419 ), #420 );
#120 = STYLED_ITEM( '', ( #421 ), #422 );
#121 = STYLED_ITEM( '', ( #423 ), #424 );
#122 = STYLED_ITEM( '', ( #425 ), #426 );
#123 = STYLED_ITEM( '', ( #427 ), #428 );
#124 = STYLED_ITEM( '', ( #429 ), #430 );
#125 = STYLED_ITEM( '', ( #431 ), #432 );
#126 = STYLED_ITEM( '', ( #433 ), #434 );
#127 = STYLED_ITEM( '', ( #435 ), #436 );
#128 = STYLED_ITEM( '', ( #437 ), #438 );
#129 = STYLED_ITEM( '', ( #439 ), #440 );
#130 = STYLED_ITEM( '', ( #441 ), #442 );
#131 = STYLED_ITEM( '', ( #443 ), #444 );
#132 = STYLED_ITEM( '', ( #445 ), #446 );
#133 = STYLED_ITEM( '', ( #447 ), #448 );
#134 = STYLED_ITEM( '', ( #449 ), #450 );
#135 = STYLED_ITEM( '', ( #451 ), #452 );
#136 = STYLED_ITEM( '', ( #453 ), #454 );
#137 = STYLED_ITEM( '', ( #455 ), #456 );
#138 = STYLED_ITEM( '', ( #457 ), #458 );
#139 = STYLED_ITEM( '', ( #459 ), #460 );
#140 = STYLED_ITEM( '', ( #461 ), #462 );
#141 = STYLED_ITEM( '', ( #463 ), #464 );
#142 = STYLED_ITEM( '', ( #465 ), #466 );
#143 = STYLED_ITEM( '', ( #467 ), #468 );
#144 = STYLED_ITEM( '', ( #469 ), #470 );
#145 = STYLED_ITEM( '', ( #471 ), #472 );
#146 = STYLED_ITEM( '', ( #473 ), #474 );
#147 = STYLED_ITEM( '', ( #475 ), #476 );
#148 = STYLED_ITEM( '', ( #477 ), #478 );
#149 = STYLED_ITEM( '', ( #479 ), #480 );
#150 = STYLED_ITEM( '', ( #481 ), #482 );
#151 = STYLED_ITEM( '', ( #483 ), #484 );
#152 = STYLED_ITEM( '', ( #485 ), #486 );
#153 = STYLED_ITEM( '', ( #487 ), #488 );
#154 = STYLED_ITEM( '', ( #489 ), #490 );
#155 = STYLED_ITEM( '', ( #491 ), #492 );
#156 = STYLED_ITEM( '', ( #493 ), #494 );
#157 = STYLED_ITEM( '', ( #495 ), #496 );
#158 = STYLED_ITEM( '', ( #497 ), #498 );
#159 = STYLED_ITEM( '', ( #499 ), #500 );
#160 = STYLED_ITEM( '', ( #501 ), #502 );
#161 = STYLED_ITEM( '', ( #503 ), #504 );
#162 = STYLED_ITEM( '', ( #505 ), #506 );
#163 = STYLED_ITEM( '', ( #507 ), #508 );
#164 = STYLED_ITEM( '', ( #509 ), #510 );
#165 = STYLED_ITEM( '', ( #511 ), #512 );
#166 = STYLED_ITEM( '', ( #513 ), #514 );
#167 = STYLED_ITEM( '', ( #515 ), #516 );
#168 = STYLED_ITEM( '', ( #517 ), #518 );
#169 = STYLED_ITEM( '', ( #519 ), #520 );
#170 = STYLED_ITEM( '', ( #521 ), #522 );
#171 = STYLED_ITEM( '', ( #523 ), #524 );
#172 = STYLED_ITEM( '', ( #525 ), #526 );
#173 = STYLED_ITEM( '', ( #527 ), #528 );
#174 = STYLED_ITEM( '', ( #529 ), #530 );
#175 = STYLED_ITEM( '', ( #531 ), #532 );
#176 = STYLED_ITEM( '', ( #533 ), #534 );
#177 = STYLED_ITEM( '', ( #535 ), #536 );
#178 = STYLED_ITEM( '', ( #537 ), #538 );
#179 = STYLED_ITEM( '', ( #539 ), #540 );
#180 = STYLED_ITEM( '', ( #541 ), #542 );
#181 = STYLED_ITEM( '', ( #543 ), #544 );
#182 = STYLED_ITEM( '', ( #545 ), #546 );
#183 = STYLED_ITEM( '', ( #547 ), #548 );
#184 = STYLED_ITEM( '', ( #549 ), #550 );
#185 = STYLED_ITEM( '', ( #551 ), #552 );
#186 = STYLED_ITEM( '', ( #553 ), #554 );
#187 = STYLED_ITEM( '', ( #555 ), #556 );
#188 = STYLED_ITEM( '', ( #557 ), #558 );
#189 = STYLED_ITEM( '', ( #559 ), #560 );
#190 = STYLED_ITEM( '', ( #561 ), #562 );
#191 = STYLED_ITEM( '', ( #563 ), #564 );
#192 = STYLED_ITEM( '', ( #565 ), #566 );
#193 = STYLED_ITEM( '', ( #567 ), #568 );
#194 = STYLED_ITEM( '', ( #569 ), #570 );
#195 = STYLED_ITEM( '', ( #571 ), #572 );
#196 = STYLED_ITEM( '', ( #573 ), #574 );
#197 = APPLICATION_CONTEXT( ' ' );
#198 = PRODUCT_CATEGORY( 'part', 'NONE' );
#199 = PRODUCT_RELATED_PRODUCT_CATEGORY( 'detail', ' ', ( #575 ) );
#200 = PRODUCT_DEFINITION_SHAPE( 'NONE', 'NONE', #576 );
#201 = ADVANCED_BREP_SHAPE_REPRESENTATION( 'Assem1', ( #577, #578, #579, #580 ), #18 );
#202 = APPLICATION_CONTEXT( ' ' );
#203 = PRODUCT_CATEGORY( 'part', 'NONE' );
#204 = PRODUCT_RELATED_PRODUCT_CATEGORY( 'detail', ' ', ( #581 ) );
#205 = PRODUCT_DEFINITION_SHAPE( 'NONE', 'NONE', #582 );
#206 = ADVANCED_BREP_SHAPE_REPRESENTATION( 'core_base', ( #583 ), #18 );
#207 = APPLICATION_CONTEXT( ' ' );
#208 = PRODUCT_CATEGORY( 'part', 'NONE' );
#209 = PRODUCT_RELATED_PRODUCT_CATEGORY( 'detail', ' ', ( #584 ) );
#210 = PRODUCT_DEFINITION_SHAPE( 'NONE', 'NONE', #585 );
#211 = ADVANCED_BREP_SHAPE_REPRESENTATION( 'core', ( #586 ), #18 );
#212 = APPLICATION_CONTEXT( ' ' );
#213 = PRODUCT_CATEGORY( 'part', 'NONE' );
#214 = PRODUCT_RELATED_PRODUCT_CATEGORY( 'detail', ' ', ( #587 ) );
#215 = PRODUCT_DEFINITION_SHAPE( 'NONE', 'NONE', #588 );
#216 = ADVANCED_BREP_SHAPE_REPRESENTATION( 'Pin', ( #589 ), #18 );
#219 = UNCERTAINTY_MEASURE_WITH_UNIT( LENGTH_MEASURE( 0.00100000000000000 ), #221, '', '' );
#221 =  ( CONVERSION_BASED_UNIT( 'MILLIMETRE', #592 )LENGTH_UNIT(  )NAMED_UNIT( #595 ) );
#222 =  ( NAMED_UNIT( #597 )PLANE_ANGLE_UNIT(  )SI_UNIT( $, .RADIAN. ) );
#223 =  ( NAMED_UNIT( #597 )SOLID_ANGLE_UNIT(  )SI_UNIT( $, .STERADIAN. ) );
#225 = PRESENTATION_STYLE_ASSIGNMENT( ( #603 ) );
#226 = ADVANCED_FACE( '', ( #604 ), #605, .T. );
#227 = PRESENTATION_STYLE_ASSIGNMENT( ( #606 ) );
#228 = ADVANCED_FACE( '', ( #607 ), #608, .T. );
#229 = PRESENTATION_STYLE_ASSIGNMENT( ( #609 ) );
#230 = ADVANCED_FACE( '', ( #610 ), #611, .T. );
#231 = PRESENTATION_STYLE_ASSIGNMENT( ( #612 ) );
#232 = ADVANCED_FACE( '', ( #613 ), #614, .T. );
#233 = PRESENTATION_STYLE_ASSIGNMENT( ( #615 ) );
#234 = ADVANCED_FACE( '', ( #616 ), #617, .T. );
#235 = PRESENTATION_STYLE_ASSIGNMENT( ( #618 ) );
#236 = ADVANCED_FACE( '', ( #619 ), #620, .T. );
#237 = PRESENTATION_STYLE_ASSIGNMENT( ( #621 ) );
#238 = ADVANCED_FACE( '', ( #622 ), #623, .T. );
#239 = PRESENTATION_STYLE_ASSIGNMENT( ( #624 ) );
#240 = ADVANCED_FACE( '', ( #625 ), #626, .F. );
#241 = PRESENTATION_STYLE_ASSIGNMENT( ( #627 ) );
#242 = ADVANCED_FACE( '', ( #628 ), #629, .T. );
#243 = PRESENTATION_STYLE_ASSIGNMENT( ( #630 ) );
#244 = ADVANCED_FACE( '', ( #631 ), #632, .T. );
#245 = PRESENTATION_STYLE_ASSIGNMENT( ( #633 ) );
#246 = ADVANCED_FACE( '', ( #634 ), #635, .T. );
#247 = PRESENTATION_STYLE_ASSIGNMENT( ( #636 ) );
#248 = ADVANCED_FACE( '', ( #637 ), #638, .T. );
#249 = PRESENTATION_STYLE_ASSIGNMENT( ( #639 ) );
#250 = ADVANCED_FACE( '', ( #640 ), #641, .T. );
#251 = PRESENTATION_STYLE_ASSIGNMENT( ( #642 ) );
#252 = ADVANCED_FACE( '', ( #643 ), #644, .T. );
#253 = PRESENTATION_STYLE_ASSIGNMENT( ( #645 ) );
#254 = ADVANCED_FACE( '', ( #646 ), #647, .F. );
#255 = PRESENTATION_STYLE_ASSIGNMENT( ( #648 ) );
#256 = ADVANCED_FACE( '', ( #649 ), #650, .T. );
#257 = PRESENTATION_STYLE_ASSIGNMENT( ( #651 ) );
#258 = ADVANCED_FACE( '', ( #652 ), #653, .T. );
#259 = PRESENTATION_STYLE_ASSIGNMENT( ( #654 ) );
#260 = ADVANCED_FACE( '', ( #655 ), #656, .T. );
#261 = PRESENTATION_STYLE_ASSIGNMENT( ( #657 ) );
#262 = ADVANCED_FACE( '', ( #658 ), #659, .T. );
#263 = PRESENTATION_STYLE_ASSIGNMENT( ( #660 ) );
#264 = ADVANCED_FACE( '', ( #661 ), #662, .T. );
#265 = PRESENTATION_STYLE_ASSIGNMENT( ( #663 ) );
#266 = ADVANCED_FACE( '', ( #664 ), #665, .F. );
#267 = PRESENTATION_STYLE_ASSIGNMENT( ( #666 ) );
#268 = ADVANCED_FACE( '', ( #667 ), #668, .T. );
#269 = PRESENTATION_STYLE_ASSIGNMENT( ( #669 ) );
#270 = ADVANCED_FACE( '', ( #670 ), #671, .T. );
#271 = PRESENTATION_STYLE_ASSIGNMENT( ( #672 ) );
#272 = ADVANCED_FACE( '', ( #673 ), #674, .T. );
#273 = PRESENTATION_STYLE_ASSIGNMENT( ( #675 ) );
#274 = ADVANCED_FACE( '', ( #676 ), #677, .T. );
#275 = PRESENTATION_STYLE_ASSIGNMENT( ( #678 ) );
#276 = ADVANCED_FACE( '', ( #679 ), #680, .T. );
#277 = PRESENTATION_STYLE_ASSIGNMENT( ( #681 ) );
#278 = ADVANCED_FACE( '', ( #682 ), #683, .T. );
#279 = PRESENTATION_STYLE_ASSIGNMENT( ( #684 ) );
#280 = ADVANCED_FACE( '', ( #685 ), #686, .T. );
#281 = PRESENTATION_STYLE_ASSIGNMENT( ( #687 ) );
#282 = ADVANCED_FACE( '', ( #688 ), #689, .T. );
#283 = PRESENTATION_STYLE_ASSIGNMENT( ( #690 ) );
#284 = ADVANCED_FACE( '', ( #691 ), #692, .T. );
#285 = PRESENTATION_STYLE_ASSIGNMENT( ( #693 ) );
#286 = ADVANCED_FACE( '', ( #694 ), #695, .T. );
#287 = PRESENTATION_STYLE_ASSIGNMENT( ( #696 ) );
#288 = ADVANCED_FACE( '', ( #697 ), #698, .T. );
#289 = PRESENTATION_STYLE_ASSIGNMENT( ( #699 ) );
#290 = ADVANCED_FACE( '', ( #700 ), #701, .T. );
#291 = PRESENTATION_STYLE_ASSIGNMENT( ( #702 ) );
#292 = ADVANCED_FACE( '', ( #703 ), #704, .T. );
#293 = PRESENTATION_STYLE_ASSIGNMENT( ( #705 ) );
#294 = ADVANCED_FACE( '', ( #706 ), #707, .T. );
#295 = PRESENTATION_STYLE_ASSIGNMENT( ( #708 ) );
#296 = ADVANCED_FACE( '', ( #709 ), #710, .F. );
#297 = PRESENTATION_STYLE_ASSIGNMENT( ( #711 ) );
#298 = ADVANCED_FACE( '', ( #712 ), #713, .T. );
#299 = PRESENTATION_STYLE_ASSIGNMENT( ( #714 ) );
#300 = ADVANCED_FACE( '', ( #715 ), #716, .T. );
#301 = PRESENTATION_STYLE_ASSIGNMENT( ( #717 ) );
#302 = ADVANCED_FACE( '', ( #718, #719 ), #720, .T. );
#303 = PRESENTATION_STYLE_ASSIGNMENT( ( #721 ) );
#304 = ADVANCED_FACE( '', ( #722 ), #723, .T. );
#305 = PRESENTATION_STYLE_ASSIGNMENT( ( #724 ) );
#306 = ADVANCED_FACE( '', ( #725 ), #726, .T. );
#307 = PRESENTATION_STYLE_ASSIGNMENT( ( #727 ) );
#308 = ADVANCED_FACE( '', ( #728 ), #729, .T. );
#309 = PRESENTATION_STYLE_ASSIGNMENT( ( #730 ) );
#310 = ADVANCED_FACE( '', ( #731 ), #732, .T. );
#311 = PRESENTATION_STYLE_ASSIGNMENT( ( #733 ) );
#312 = ADVANCED_FACE( '', ( #734, #735 ), #736, .T. );
#313 = PRESENTATION_STYLE_ASSIGNMENT( ( #737 ) );
#314 = ADVANCED_FACE( '', ( #738 ), #739, .T. );
#315 = PRESENTATION_STYLE_ASSIGNMENT( ( #740 ) );
#316 = ADVANCED_FACE( '', ( #741 ), #742, .T. );
#317 = PRESENTATION_STYLE_ASSIGNMENT( ( #743 ) );
#318 = ADVANCED_FACE( '', ( #744 ), #745, .T. );
#319 = PRESENTATION_STYLE_ASSIGNMENT( ( #746 ) );
#320 = ADVANCED_FACE( '', ( #747 ), #748, .F. );
#321 = PRESENTATION_STYLE_ASSIGNMENT( ( #749 ) );
#322 = ADVANCED_FACE( '', ( #750 ), #751, .T. );
#323 = PRESENTATION_STYLE_ASSIGNMENT( ( #752 ) );
#324 = ADVANCED_FACE( '', ( #753 ), #754, .T. );
#325 = PRESENTATION_STYLE_ASSIGNMENT( ( #755 ) );
#326 = ADVANCED_FACE( '', ( #756, #757 ), #758, .T. );
#327 = PRESENTATION_STYLE_ASSIGNMENT( ( #759 ) );
#328 = ADVANCED_FACE( '', ( #760 ), #761, .T. );
#329 = PRESENTATION_STYLE_ASSIGNMENT( ( #762 ) );
#330 = ADVANCED_FACE( '', ( #763 ), #764, .T. );
#331 = PRESENTATION_STYLE_ASSIGNMENT( ( #765 ) );
#332 = ADVANCED_FACE( '', ( #766 ), #767, .T. );
#333 = PRESENTATION_STYLE_ASSIGNMENT( ( #768 ) );
#334 = ADVANCED_FACE( '', ( #769 ), #770, .T. );
#335 = PRESENTATION_STYLE_ASSIGNMENT( ( #771 ) );
#336 = ADVANCED_FACE( '', ( #772 ), #773, .T. );
#337 = PRESENTATION_STYLE_ASSIGNMENT( ( #774 ) );
#338 = ADVANCED_FACE( '', ( #775 ), #776, .T. );
#339 = PRESENTATION_STYLE_ASSIGNMENT( ( #777 ) );
#340 = ADVANCED_FACE( '', ( #778 ), #779, .F. );
#341 = PRESENTATION_STYLE_ASSIGNMENT( ( #780 ) );
#342 = ADVANCED_FACE( '', ( #781 ), #782, .T. );
#343 = PRESENTATION_STYLE_ASSIGNMENT( ( #783 ) );
#344 = ADVANCED_FACE( '', ( #784 ), #785, .T. );
#345 = PRESENTATION_STYLE_ASSIGNMENT( ( #786 ) );
#346 = ADVANCED_FACE( '', ( #787 ), #788, .T. );
#347 = PRESENTATION_STYLE_ASSIGNMENT( ( #789 ) );
#348 = ADVANCED_FACE( '', ( #790 ), #791, .T. );
#349 = PRESENTATION_STYLE_ASSIGNMENT( ( #792 ) );
#350 = ADVANCED_FACE( '', ( #793, #794, #795, #796, #797, #798, #799, #800, #801, #802, #803, #804, #805, #806, #807, #808, #809, #810, #811 ), #812, .T. );
#351 = PRESENTATION_STYLE_ASSIGNMENT( ( #813 ) );
#352 = ADVANCED_FACE( '', ( #814 ), #815, .T. );
#353 = PRESENTATION_STYLE_ASSIGNMENT( ( #816 ) );
#354 = ADVANCED_FACE( '', ( #817 ), #818, .T. );
#355 = PRESENTATION_STYLE_ASSIGNMENT( ( #819 ) );
#356 = ADVANCED_FACE( '', ( #820 ), #821, .F. );
#357 = PRESENTATION_STYLE_ASSIGNMENT( ( #822 ) );
#358 = ADVANCED_FACE( '', ( #823 ), #824, .T. );
#359 = PRESENTATION_STYLE_ASSIGNMENT( ( #825 ) );
#360 = ADVANCED_FACE( '', ( #826 ), #827, .T. );
#361 = PRESENTATION_STYLE_ASSIGNMENT( ( #828 ) );
#362 = ADVANCED_FACE( '', ( #829 ), #830, .T. );
#363 = PRESENTATION_STYLE_ASSIGNMENT( ( #831 ) );
#364 = ADVANCED_FACE( '', ( #832 ), #833, .T. );
#365 = PRESENTATION_STYLE_ASSIGNMENT( ( #834 ) );
#366 = ADVANCED_FACE( '', ( #835 ), #836, .T. );
#367 = PRESENTATION_STYLE_ASSIGNMENT( ( #837 ) );
#368 = ADVANCED_FACE( '', ( #838 ), #839, .T. );
#369 = PRESENTATION_STYLE_ASSIGNMENT( ( #840 ) );
#370 = ADVANCED_FACE( '', ( #841 ), #842, .T. );
#371 = PRESENTATION_STYLE_ASSIGNMENT( ( #843 ) );
#372 = ADVANCED_FACE( '', ( #844, #845 ), #846, .T. );
#373 = PRESENTATION_STYLE_ASSIGNMENT( ( #847 ) );
#374 = ADVANCED_FACE( '', ( #848 ), #849, .T. );
#375 = PRESENTATION_STYLE_ASSIGNMENT( ( #850 ) );
#376 = ADVANCED_FACE( '', ( #851 ), #852, .T. );
#377 = PRESENTATION_STYLE_ASSIGNMENT( ( #853 ) );
#378 = ADVANCED_FACE( '', ( #854, #855 ), #856, .T. );
#379 = PRESENTATION_STYLE_ASSIGNMENT( ( #857 ) );
#380 = ADVANCED_FACE( '', ( #858 ), #859, .T. );
#381 = PRESENTATION_STYLE_ASSIGNMENT( ( #860 ) );
#382 = ADVANCED_FACE( '', ( #861 ), #862, .T. );
#383 = PRESENTATION_STYLE_ASSIGNMENT( ( #863 ) );
#384 = ADVANCED_FACE( '', ( #864 ), #865, .T. );
#385 = PRESENTATION_STYLE_ASSIGNMENT( ( #866 ) );
#386 = ADVANCED_FACE( '', ( #867 ), #868, .T. );
#387 = PRESENTATION_STYLE_ASSIGNMENT( ( #869 ) );
#388 = ADVANCED_FACE( '', ( #870, #871 ), #872, .T. );
#389 = PRESENTATION_STYLE_ASSIGNMENT( ( #873 ) );
#390 = ADVANCED_FACE( '', ( #874 ), #875, .T. );
#391 = PRESENTATION_STYLE_ASSIGNMENT( ( #876 ) );
#392 = ADVANCED_FACE( '', ( #877 ), #878, .T. );
#393 = PRESENTATION_STYLE_ASSIGNMENT( ( #879 ) );
#394 = ADVANCED_FACE( '', ( #880 ), #881, .T. );
#395 = PRESENTATION_STYLE_ASSIGNMENT( ( #882 ) );
#396 = ADVANCED_FACE( '', ( #883 ), #884, .F. );
#397 = PRESENTATION_STYLE_ASSIGNMENT( ( #885 ) );
#398 = ADVANCED_FACE( '', ( #886, #887 ), #888, .T. );
#399 = PRESENTATION_STYLE_ASSIGNMENT( ( #889 ) );
#400 = ADVANCED_FACE( '', ( #890 ), #891, .T. );
#401 = PRESENTATION_STYLE_ASSIGNMENT( ( #892 ) );
#402 = ADVANCED_FACE( '', ( #893 ), #894, .T. );
#403 = PRESENTATION_STYLE_ASSIGNMENT( ( #895 ) );
#404 = ADVANCED_FACE( '', ( #896 ), #897, .T. );
#405 = PRESENTATION_STYLE_ASSIGNMENT( ( #898 ) );
#406 = ADVANCED_FACE( '', ( #899 ), #900, .T. );
#407 = PRESENTATION_STYLE_ASSIGNMENT( ( #901 ) );
#408 = ADVANCED_FACE( '', ( #902 ), #903, .T. );
#409 = PRESENTATION_STYLE_ASSIGNMENT( ( #904 ) );
#410 = ADVANCED_FACE( '', ( #905 ), #906, .T. );
#411 = PRESENTATION_STYLE_ASSIGNMENT( ( #907 ) );
#412 = ADVANCED_FACE( '', ( #908 ), #909, .F. );
#413 = PRESENTATION_STYLE_ASSIGNMENT( ( #910 ) );
#414 = ADVANCED_FACE( '', ( #911 ), #912, .T. );
#415 = PRESENTATION_STYLE_ASSIGNMENT( ( #913 ) );
#416 = ADVANCED_FACE( '', ( #914 ), #915, .F. );
#417 = PRESENTATION_STYLE_ASSIGNMENT( ( #916 ) );
#418 = ADVANCED_FACE( '', ( #917 ), #918, .T. );
#419 = PRESENTATION_STYLE_ASSIGNMENT( ( #919 ) );
#420 = ADVANCED_FACE( '', ( #920 ), #921, .T. );
#421 = PRESENTATION_STYLE_ASSIGNMENT( ( #922 ) );
#422 = ADVANCED_FACE( '', ( #923 ), #924, .T. );
#423 = PRESENTATION_STYLE_ASSIGNMENT( ( #925 ) );
#424 = ADVANCED_FACE( '', ( #926 ), #927, .T. );
#425 = PRESENTATION_STYLE_ASSIGNMENT( ( #928 ) );
#426 = ADVANCED_FACE( '', ( #929 ), #930, .T. );
#427 = PRESENTATION_STYLE_ASSIGNMENT( ( #931 ) );
#428 = ADVANCED_FACE( '', ( #932 ), #933, .F. );
#429 = PRESENTATION_STYLE_ASSIGNMENT( ( #934 ) );
#430 = ADVANCED_FACE( '', ( #935 ), #936, .T. );
#431 = PRESENTATION_STYLE_ASSIGNMENT( ( #937 ) );
#432 = ADVANCED_FACE( '', ( #938 ), #939, .T. );
#433 = PRESENTATION_STYLE_ASSIGNMENT( ( #940 ) );
#434 = ADVANCED_FACE( '', ( #941 ), #942, .T. );
#435 = PRESENTATION_STYLE_ASSIGNMENT( ( #943 ) );
#436 = ADVANCED_FACE( '', ( #944 ), #945, .F. );
#437 = PRESENTATION_STYLE_ASSIGNMENT( ( #946 ) );
#438 = ADVANCED_FACE( '', ( #947 ), #948, .T. );
#439 = PRESENTATION_STYLE_ASSIGNMENT( ( #949 ) );
#440 = ADVANCED_FACE( '', ( #950 ), #951, .F. );
#441 = PRESENTATION_STYLE_ASSIGNMENT( ( #952 ) );
#442 = ADVANCED_FACE( '', ( #953 ), #954, .T. );
#443 = PRESENTATION_STYLE_ASSIGNMENT( ( #955 ) );
#444 = ADVANCED_FACE( '', ( #956 ), #957, .T. );
#445 = PRESENTATION_STYLE_ASSIGNMENT( ( #958 ) );
#446 = ADVANCED_FACE( '', ( #959 ), #960, .F. );
#447 = PRESENTATION_STYLE_ASSIGNMENT( ( #961 ) );
#448 = ADVANCED_FACE( '', ( #962 ), #963, .T. );
#449 = PRESENTATION_STYLE_ASSIGNMENT( ( #964 ) );
#450 = ADVANCED_FACE( '', ( #965 ), #966, .T. );
#451 = PRESENTATION_STYLE_ASSIGNMENT( ( #967 ) );
#452 = ADVANCED_FACE( '', ( #968 ), #969, .T. );
#453 = PRESENTATION_STYLE_ASSIGNMENT( ( #970 ) );
#454 = ADVANCED_FACE( '', ( #971 ), #972, .T. );
#455 = PRESENTATION_STYLE_ASSIGNMENT( ( #973 ) );
#456 = ADVANCED_FACE( '', ( #974 ), #975, .T. );
#457 = PRESENTATION_STYLE_ASSIGNMENT( ( #976 ) );
#458 = ADVANCED_FACE( '', ( #977 ), #978, .T. );
#459 = PRESENTATION_STYLE_ASSIGNMENT( ( #979 ) );
#460 = ADVANCED_FACE( '', ( #980 ), #981, .T. );
#461 = PRESENTATION_STYLE_ASSIGNMENT( ( #982 ) );
#462 = ADVANCED_FACE( '', ( #983 ), #984, .F. );
#463 = PRESENTATION_STYLE_ASSIGNMENT( ( #985 ) );
#464 = ADVANCED_FACE( '', ( #986 ), #987, .T. );
#465 = PRESENTATION_STYLE_ASSIGNMENT( ( #988 ) );
#466 = ADVANCED_FACE( '', ( #989 ), #990, .T. );
#467 = PRESENTATION_STYLE_ASSIGNMENT( ( #991 ) );
#468 = ADVANCED_FACE( '', ( #992 ), #993, .T. );
#469 = PRESENTATION_STYLE_ASSIGNMENT( ( #994 ) );
#470 = ADVANCED_FACE( '', ( #995, #996 ), #997, .T. );
#471 = PRESENTATION_STYLE_ASSIGNMENT( ( #998 ) );
#472 = ADVANCED_FACE( '', ( #999 ), #1000, .T. );
#473 = PRESENTATION_STYLE_ASSIGNMENT( ( #1001 ) );
#474 = ADVANCED_FACE( '', ( #1002 ), #1003, .T. );
#475 = PRESENTATION_STYLE_ASSIGNMENT( ( #1004 ) );
#476 = ADVANCED_FACE( '', ( #1005 ), #1006, .T. );
#477 = PRESENTATION_STYLE_ASSIGNMENT( ( #1007 ) );
#478 = ADVANCED_FACE( '', ( #1008 ), #1009, .T. );
#479 = PRESENTATION_STYLE_ASSIGNMENT( ( #1010 ) );
#480 = ADVANCED_FACE( '', ( #1011 ), #1012, .F. );
#481 = PRESENTATION_STYLE_ASSIGNMENT( ( #1013 ) );
#482 = ADVANCED_FACE( '', ( #1014 ), #1015, .T. );
#483 = PRESENTATION_STYLE_ASSIGNMENT( ( #1016 ) );
#484 = ADVANCED_FACE( '', ( #1017, #1018 ), #1019, .T. );
#485 = PRESENTATION_STYLE_ASSIGNMENT( ( #1020 ) );
#486 = ADVANCED_FACE( '', ( #1021 ), #1022, .T. );
#487 = PRESENTATION_STYLE_ASSIGNMENT( ( #1023 ) );
#488 = ADVANCED_FACE( '', ( #1024 ), #1025, .T. );
#489 = PRESENTATION_STYLE_ASSIGNMENT( ( #1026 ) );
#490 = ADVANCED_FACE( '', ( #1027 ), #1028, .T. );
#491 = PRESENTATION_STYLE_ASSIGNMENT( ( #1029 ) );
#492 = ADVANCED_FACE( '', ( #1030 ), #1031, .T. );
#493 = PRESENTATION_STYLE_ASSIGNMENT( ( #1032 ) );
#494 = ADVANCED_FACE( '', ( #1033 ), #1034, .T. );
#495 = PRESENTATION_STYLE_ASSIGNMENT( ( #1035 ) );
#496 = ADVANCED_FACE( '', ( #1036 ), #1037, .T. );
#497 = PRESENTATION_STYLE_ASSIGNMENT( ( #1038 ) );
#498 = ADVANCED_FACE( '', ( #1039 ), #1040, .T. );
#499 = PRESENTATION_STYLE_ASSIGNMENT( ( #1041 ) );
#500 = ADVANCED_FACE( '', ( #1042 ), #1043, .T. );
#501 = PRESENTATION_STYLE_ASSIGNMENT( ( #1044 ) );
#502 = ADVANCED_FACE( '', ( #1045 ), #1046, .T. );
#503 = PRESENTATION_STYLE_ASSIGNMENT( ( #1047 ) );
#504 = ADVANCED_FACE( '', ( #1048 ), #1049, .T. );
#505 = PRESENTATION_STYLE_ASSIGNMENT( ( #1050 ) );
#506 = ADVANCED_FACE( '', ( #1051 ), #1052, .T. );
#507 = PRESENTATION_STYLE_ASSIGNMENT( ( #1053 ) );
#508 = ADVANCED_FACE( '', ( #1054 ), #1055, .T. );
#509 = PRESENTATION_STYLE_ASSIGNMENT( ( #1056 ) );
#510 = ADVANCED_FACE( '', ( #1057 ), #1058, .T. );
#511 = PRESENTATION_STYLE_ASSIGNMENT( ( #1059 ) );
#512 = ADVANCED_FACE( '', ( #1060 ), #1061, .T. );
#513 = PRESENTATION_STYLE_ASSIGNMENT( ( #1062 ) );
#514 = ADVANCED_FACE( '', ( #1063 ), #1064, .T. );
#515 = PRESENTATION_STYLE_ASSIGNMENT( ( #1065 ) );
#516 = ADVANCED_FACE( '', ( #1066 ), #1067, .T. );
#517 = PRESENTATION_STYLE_ASSIGNMENT( ( #1068 ) );
#518 = ADVANCED_FACE( '', ( #1069 ), #1070, .T. );
#519 = PRESENTATION_STYLE_ASSIGNMENT( ( #1071 ) );
#520 = ADVANCED_FACE( '', ( #1072 ), #1073, .T. );
#521 = PRESENTATION_STYLE_ASSIGNMENT( ( #1074 ) );
#522 = ADVANCED_FACE( '', ( #1075 ), #1076, .T. );
#523 = PRESENTATION_STYLE_ASSIGNMENT( ( #1077 ) );
#524 = ADVANCED_FACE( '', ( #1078 ), #1079, .T. );
#525 = PRESENTATION_STYLE_ASSIGNMENT( ( #1080 ) );
#526 = ADVANCED_FACE( '', ( #1081 ), #1082, .T. );
#527 = PRESENTATION_STYLE_ASSIGNMENT( ( #1083 ) );
#528 = ADVANCED_FACE( '', ( #1084 ), #1085, .T. );
#529 = PRESENTATION_STYLE_ASSIGNMENT( ( #1086 ) );
#530 = ADVANCED_FACE( '', ( #1087 ), #1088, .T. );
#531 = PRESENTATION_STYLE_ASSIGNMENT( ( #1089 ) );
#532 = ADVANCED_FACE( '', ( #1090 ), #1091, .T. );
#533 = PRESENTATION_STYLE_ASSIGNMENT( ( #1092 ) );
#534 = ADVANCED_FACE( '', ( #1093, #1094 ), #1095, .T. );
#535 = PRESENTATION_STYLE_ASSIGNMENT( ( #1096 ) );
#536 = ADVANCED_FACE( '', ( #1097 ), #1098, .T. );
#537 = PRESENTATION_STYLE_ASSIGNMENT( ( #1099 ) );
#538 = ADVANCED_FACE( '', ( #1100 ), #1101, .F. );
#539 = PRESENTATION_STYLE_ASSIGNMENT( ( #1102 ) );
#540 = ADVANCED_FACE( '', ( #1103 ), #1104, .T. );
#541 = PRESENTATION_STYLE_ASSIGNMENT( ( #1105 ) );
#542 = ADVANCED_FACE( '', ( #1106 ), #1107, .T. );
#543 = PRESENTATION_STYLE_ASSIGNMENT( ( #1108 ) );
#544 = ADVANCED_FACE( '', ( #1109 ), #1110, .T. );
#545 = PRESENTATION_STYLE_ASSIGNMENT( ( #1111 ) );
#546 = ADVANCED_FACE( '', ( #1112 ), #1113, .T. );
#547 = PRESENTATION_STYLE_ASSIGNMENT( ( #1114 ) );
#548 = ADVANCED_FACE( '', ( #1115, #1116 ), #1117, .T. );
#549 = PRESENTATION_STYLE_ASSIGNMENT( ( #1118 ) );
#550 = ADVANCED_FACE( '', ( #1119 ), #1120, .T. );
#551 = PRESENTATION_STYLE_ASSIGNMENT( ( #1121 ) );
#552 = ADVANCED_FACE( '', ( #1122 ), #1123, .F. );
#553 = PRESENTATION_STYLE_ASSIGNMENT( ( #1124 ) );
#554 = ADVANCED_FACE( '', ( #1125 ), #1126, .T. );
#555 = PRESENTATION_STYLE_ASSIGNMENT( ( #1127 ) );
#556 = ADVANCED_FACE( '', ( #1128, #1129 ), #1130, .T. );
#557 = PRESENTATION_STYLE_ASSIGNMENT( ( #1131 ) );
#558 = ADVANCED_FACE( '', ( #1132 ), #1133, .T. );
#559 = PRESENTATION_STYLE_ASSIGNMENT( ( #1134 ) );
#560 = ADVANCED_FACE( '', ( #1135 ), #1136, .T. );
#561 = PRESENTATION_STYLE_ASSIGNMENT( ( #1137 ) );
#562 = ADVANCED_FACE( '', ( #1138 ), #1139, .T. );
#563 = PRESENTATION_STYLE_ASSIGNMENT( ( #1140 ) );
#564 = ADVANCED_FACE( '', ( #1141 ), #1142, .F. );
#565 = PRESENTATION_STYLE_ASSIGNMENT( ( #1143 ) );
#566 = ADVANCED_FACE( '', ( #1144 ), #1145, .F. );
#567 = PRESENTATION_STYLE_ASSIGNMENT( ( #1146 ) );
#568 = ADVANCED_FACE( '', ( #1147 ), #1148, .T. );
#569 = PRESENTATION_STYLE_ASSIGNMENT( ( #1149 ) );
#570 = ADVANCED_FACE( '', ( #1150 ), #1151, .T. );
#571 = PRESENTATION_STYLE_ASSIGNMENT( ( #1152 ) );
#572 = ADVANCED_FACE( '', ( #1153, #1154 ), #1155, .T. );
#573 = PRESENTATION_STYLE_ASSIGNMENT( ( #1156 ) );
#574 = ADVANCED_FACE( '', ( #1157 ), #1158, .T. );
#575 = PRODUCT( 'Assem1', 'Assem1', 'PART-Assem1-DESC', ( #1159 ) );
#576 = PRODUCT_DEFINITION( 'NONE', 'NONE', #1160, #2 );
#577 = MAPPED_ITEM( '', #1161, #1162 );
#578 = MAPPED_ITEM( '', #1163, #1164 );
#579 = MAPPED_ITEM( '', #1165, #1166 );
#580 = AXIS2_PLACEMENT_3D( '', #1167, #1168, #1169 );
#581 = PRODUCT( 'core_base', 'core_base', 'PART-core_base-DESC', ( #1170 ) );
#582 = PRODUCT_DEFINITION( 'NONE', 'NONE', #1171, #6 );
#583 = MANIFOLD_SOLID_BREP( 'core_base', #1172 );
#584 = PRODUCT( 'core', 'core', 'PART-core-DESC', ( #1173 ) );
#585 = PRODUCT_DEFINITION( 'NONE', 'NONE', #1174, #10 );
#586 = MANIFOLD_SOLID_BREP( 'core', #1175 );
#587 = PRODUCT( 'Pin', 'Pin', 'PART-Pin-DESC', ( #1176 ) );
#588 = PRODUCT_DEFINITION( 'NONE', 'NONE', #1177, #14 );
#589 = MANIFOLD_SOLID_BREP( 'Pin', #1178 );
#592 = LENGTH_MEASURE_WITH_UNIT( LENGTH_MEASURE( 1.00000000000000 ), #1179 );
#595 = DIMENSIONAL_EXPONENTS( 1.00000000000000, 0.000000000000000, 0.000000000000000, 0.000000000000000, 0.000000000000000, 0.000000000000000, 0.000000000000000 );
#597 = DIMENSIONAL_EXPONENTS( 0.000000000000000, 0.000000000000000, 0.000000000000000, 0.000000000000000, 0.000000000000000, 0.000000000000000, 0.000000000000000 );
#603 = SURFACE_STYLE_USAGE( .BOTH., #1180 );
#604 = FACE_OUTER_BOUND( '', #1181, .T. );
#605 = PLANE( '', #1182 );
#606 = SURFACE_STYLE_USAGE( .BOTH., #1183 );
#607 = FACE_OUTER_BOUND( '', #1184, .T. );
#608 = PLANE( '', #1185 );
#609 = SURFACE_STYLE_USAGE( .BOTH., #1186 );
#610 = FACE_OUTER_BOUND( '', #1187, .T. );
#611 = PLANE( '', #1188 );
#612 = SURFACE_STYLE_USAGE( .BOTH., #1189 );
#613 = FACE_OUTER_BOUND( '', #1190, .T. );
#614 = PLANE( '', #1191 );
#615 = SURFACE_STYLE_USAGE( .BOTH., #1192 );
#616 = FACE_OUTER_BOUND( '', #1193, .T. );
#617 = PLANE( '', #1194 );
#618 = SURFACE_STYLE_USAGE( .BOTH., #1195 );
#619 = FACE_OUTER_BOUND( '', #1196, .T. );
#620 = PLANE( '', #1197 );
#621 = SURFACE_STYLE_USAGE( .BOTH., #1198 );
#622 = FACE_OUTER_BOUND( '', #1199, .T. );
#623 = PLANE( '', #1200 );
#624 = SURFACE_STYLE_USAGE( .BOTH., #1201 );
#625 = FACE_OUTER_BOUND( '', #1202, .T. );
#626 = PLANE( '', #1203 );
#627 = SURFACE_STYLE_USAGE( .BOTH., #1204 );
#628 = FACE_OUTER_BOUND( '', #1205, .T. );
#629 = PLANE( '', #1206 );
#630 = SURFACE_STYLE_USAGE( .BOTH., #1207 );
#631 = FACE_OUTER_BOUND( '', #1208, .T. );
#632 = PLANE( '', #1209 );
#633 = SURFACE_STYLE_USAGE( .BOTH., #1210 );
#634 = FACE_OUTER_BOUND( '', #1211, .T. );
#635 = PLANE( '', #1212 );
#636 = SURFACE_STYLE_USAGE( .BOTH., #1213 );
#637 = FACE_OUTER_BOUND( '', #1214, .T. );
#638 = SURFACE_OF_LINEAR_EXTRUSION( '', #1215, #1216 );
#639 = SURFACE_STYLE_USAGE( .BOTH., #1217 );
#640 = FACE_OUTER_BOUND( '', #1218, .T. );
#641 = PLANE( '', #1219 );
#642 = SURFACE_STYLE_USAGE( .BOTH., #1220 );
#643 = FACE_OUTER_BOUND( '', #1221, .T. );
#644 = PLANE( '', #1222 );
#645 = SURFACE_STYLE_USAGE( .BOTH., #1223 );
#646 = FACE_OUTER_BOUND( '', #1224, .T. );
#647 = PLANE( '', #1225 );
#648 = SURFACE_STYLE_USAGE( .BOTH., #1226 );
#649 = FACE_OUTER_BOUND( '', #1227, .T. );
#650 = PLANE( '', #1228 );
#651 = SURFACE_STYLE_USAGE( .BOTH., #1229 );
#652 = FACE_OUTER_BOUND( '', #1230, .T. );
#653 = PLANE( '', #1231 );
#654 = SURFACE_STYLE_USAGE( .BOTH., #1232 );
#655 = FACE_OUTER_BOUND( '', #1233, .T. );
#656 = PLANE( '', #1234 );
#657 = SURFACE_STYLE_USAGE( .BOTH., #1235 );
#658 = FACE_OUTER_BOUND( '', #1236, .T. );
#659 = PLANE( '', #1237 );
#660 = SURFACE_STYLE_USAGE( .BOTH., #1238 );
#661 = FACE_OUTER_BOUND( '', #1239, .T. );
#662 = PLANE( '', #1240 );
#663 = SURFACE_STYLE_USAGE( .BOTH., #1241 );
#664 = FACE_OUTER_BOUND( '', #1242, .T. );
#665 = PLANE( '', #1243 );
#666 = SURFACE_STYLE_USAGE( .BOTH., #1244 );
#667 = FACE_OUTER_BOUND( '', #1245, .T. );
#668 = PLANE( '', #1246 );
#669 = SURFACE_STYLE_USAGE( .BOTH., #1247 );
#670 = FACE_OUTER_BOUND( '', #1248, .T. );
#671 = PLANE( '', #1249 );
#672 = SURFACE_STYLE_USAGE( .BOTH., #1250 );
#673 = FACE_OUTER_BOUND( '', #1251, .T. );
#674 = PLANE( '', #1252 );
#675 = SURFACE_STYLE_USAGE( .BOTH., #1253 );
#676 = FACE_OUTER_BOUND( '', #1254, .T. );
#677 = PLANE( '', #1255 );
#678 = SURFACE_STYLE_USAGE( .BOTH., #1256 );
#679 = FACE_OUTER_BOUND( '', #1257, .T. );
#680 = PLANE( '', #1258 );
#681 = SURFACE_STYLE_USAGE( .BOTH., #1259 );
#682 = FACE_OUTER_BOUND( '', #1260, .T. );
#683 = PLANE( '', #1261 );
#684 = SURFACE_STYLE_USAGE( .BOTH., #1262 );
#685 = FACE_OUTER_BOUND( '', #1263, .T. );
#686 = PLANE( '', #1264 );
#687 = SURFACE_STYLE_USAGE( .BOTH., #1265 );
#688 = FACE_OUTER_BOUND( '', #1266, .T. );
#689 = PLANE( '', #1267 );
#690 = SURFACE_STYLE_USAGE( .BOTH., #1268 );
#691 = FACE_OUTER_BOUND( '', #1269, .T. );
#692 = PLANE( '', #1270 );
#693 = SURFACE_STYLE_USAGE( .BOTH., #1271 );
#694 = FACE_OUTER_BOUND( '', #1272, .T. );
#695 = PLANE( '', #1273 );
#696 = SURFACE_STYLE_USAGE( .BOTH., #1274 );
#697 = FACE_OUTER_BOUND( '', #1275, .T. );
#698 = PLANE( '', #1276 );
#699 = SURFACE_STYLE_USAGE( .BOTH., #1277 );
#700 = FACE_OUTER_BOUND( '', #1278, .T. );
#701 = PLANE( '', #1279 );
#702 = SURFACE_STYLE_USAGE( .BOTH., #1280 );
#703 = FACE_OUTER_BOUND( '', #1281, .T. );
#704 = PLANE( '', #1282 );
#705 = SURFACE_STYLE_USAGE( .BOTH., #1283 );
#706 = FACE_OUTER_BOUND( '', #1284, .T. );
#707 = PLANE( '', #1285 );
#708 = SURFACE_STYLE_USAGE( .BOTH., #1286 );
#709 = FACE_OUTER_BOUND( '', #1287, .T. );
#710 = PLANE( '', #1288 );
#711 = SURFACE_STYLE_USAGE( .BOTH., #1289 );
#712 = FACE_OUTER_BOUND( '', #1290, .T. );
#713 = PLANE( '', #1291 );
#714 = SURFACE_STYLE_USAGE( .BOTH., #1292 );
#715 = FACE_OUTER_BOUND( '', #1293, .T. );
#716 = SURFACE_OF_LINEAR_EXTRUSION( '', #1294, #1295 );
#717 = SURFACE_STYLE_USAGE( .BOTH., #1296 );
#718 = FACE_BOUND( '', #1297, .T. );
#719 = FACE_OUTER_BOUND( '', #1298, .T. );
#720 = PLANE( '', #1299 );
#721 = SURFACE_STYLE_USAGE( .BOTH., #1300 );
#722 = FACE_OUTER_BOUND( '', #1301, .T. );
#723 = SURFACE_OF_LINEAR_EXTRUSION( '', #1302, #1303 );
#724 = SURFACE_STYLE_USAGE( .BOTH., #1304 );
#725 = FACE_OUTER_BOUND( '', #1305, .T. );
#726 = PLANE( '', #1306 );
#727 = SURFACE_STYLE_USAGE( .BOTH., #1307 );
#728 = FACE_OUTER_BOUND( '', #1308, .T. );
#729 = PLANE( '', #1309 );
#730 = SURFACE_STYLE_USAGE( .BOTH., #1310 );
#731 = FACE_OUTER_BOUND( '', #1311, .T. );
#732 = PLANE( '', #1312 );
#733 = SURFACE_STYLE_USAGE( .BOTH., #1313 );
#734 = FACE_OUTER_BOUND( '', #1314, .T. );
#735 = FACE_OUTER_BOUND( '', #1315, .T. );
#736 = SURFACE_OF_LINEAR_EXTRUSION( '', #1316, #1317 );
#737 = SURFACE_STYLE_USAGE( .BOTH., #1318 );
#738 = FACE_OUTER_BOUND( '', #1319, .T. );
#739 = PLANE( '', #1320 );
#740 = SURFACE_STYLE_USAGE( .BOTH., #1321 );
#741 = FACE_OUTER_BOUND( '', #1322, .T. );
#742 = SURFACE_OF_LINEAR_EXTRUSION( '', #1323, #1324 );
#743 = SURFACE_STYLE_USAGE( .BOTH., #1325 );
#744 = FACE_OUTER_BOUND( '', #1326, .T. );
#745 = PLANE( '', #1327 );
#746 = SURFACE_STYLE_USAGE( .BOTH., #1328 );
#747 = FACE_OUTER_BOUND( '', #1329, .T. );
#748 = PLANE( '', #1330 );
#749 = SURFACE_STYLE_USAGE( .BOTH., #1331 );
#750 = FACE_OUTER_BOUND( '', #1332, .T. );
#751 = PLANE( '', #1333 );
#752 = SURFACE_STYLE_USAGE( .BOTH., #1334 );
#753 = FACE_OUTER_BOUND( '', #1335, .T. );
#754 = PLANE( '', #1336 );
#755 = SURFACE_STYLE_USAGE( .BOTH., #1337 );
#756 = FACE_BOUND( '', #1338, .T. );
#757 = FACE_OUTER_BOUND( '', #1339, .T. );
#758 = PLANE( '', #1340 );
#759 = SURFACE_STYLE_USAGE( .BOTH., #1341 );
#760 = FACE_OUTER_BOUND( '', #1342, .T. );
#761 = PLANE( '', #1343 );
#762 = SURFACE_STYLE_USAGE( .BOTH., #1344 );
#763 = FACE_OUTER_BOUND( '', #1345, .T. );
#764 = SURFACE_OF_LINEAR_EXTRUSION( '', #1346, #1347 );
#765 = SURFACE_STYLE_USAGE( .BOTH., #1348 );
#766 = FACE_OUTER_BOUND( '', #1349, .T. );
#767 = PLANE( '', #1350 );
#768 = SURFACE_STYLE_USAGE( .BOTH., #1351 );
#769 = FACE_OUTER_BOUND( '', #1352, .T. );
#770 = PLANE( '', #1353 );
#771 = SURFACE_STYLE_USAGE( .BOTH., #1354 );
#772 = FACE_OUTER_BOUND( '', #1355, .T. );
#773 = SURFACE_OF_LINEAR_EXTRUSION( '', #1356, #1357 );
#774 = SURFACE_STYLE_USAGE( .BOTH., #1358 );
#775 = FACE_OUTER_BOUND( '', #1359, .T. );
#776 = PLANE( '', #1360 );
#777 = SURFACE_STYLE_USAGE( .BOTH., #1361 );
#778 = FACE_OUTER_BOUND( '', #1362, .T. );
#779 = PLANE( '', #1363 );
#780 = SURFACE_STYLE_USAGE( .BOTH., #1364 );
#781 = FACE_OUTER_BOUND( '', #1365, .T. );
#782 = PLANE( '', #1366 );
#783 = SURFACE_STYLE_USAGE( .BOTH., #1367 );
#784 = FACE_OUTER_BOUND( '', #1368, .T. );
#785 = SURFACE_OF_LINEAR_EXTRUSION( '', #1369, #1370 );
#786 = SURFACE_STYLE_USAGE( .BOTH., #1371 );
#787 = FACE_OUTER_BOUND( '', #1372, .T. );
#788 = PLANE( '', #1373 );
#789 = SURFACE_STYLE_USAGE( .BOTH., #1374 );
#790 = FACE_OUTER_BOUND( '', #1375, .T. );
#791 = PLANE( '', #1376 );
#792 = SURFACE_STYLE_USAGE( .BOTH., #1377 );
#793 = FACE_BOUND( '', #1378, .T. );
#794 = FACE_BOUND( '', #1379, .T. );
#795 = FACE_BOUND( '', #1380, .T. );
#796 = FACE_BOUND( '', #1381, .T. );
#797 = FACE_BOUND( '', #1382, .T. );
#798 = FACE_BOUND( '', #1383, .T. );
#799 = FACE_BOUND( '', #1384, .T. );
#800 = FACE_BOUND( '', #1385, .T. );
#801 = FACE_BOUND( '', #1386, .T. );
#802 = FACE_OUTER_BOUND( '', #1387, .T. );
#803 = FACE_BOUND( '', #1388, .T. );
#804 = FACE_BOUND( '', #1389, .T. );
#805 = FACE_BOUND( '', #1390, .T. );
#806 = FACE_BOUND( '', #1391, .T. );
#807 = FACE_BOUND( '', #1392, .T. );
#808 = FACE_BOUND( '', #1393, .T. );
#809 = FACE_BOUND( '', #1394, .T. );
#810 = FACE_BOUND( '', #1395, .T. );
#811 = FACE_BOUND( '', #1396, .T. );
#812 = PLANE( '', #1397 );
#813 = SURFACE_STYLE_USAGE( .BOTH., #1398 );
#814 = FACE_OUTER_BOUND( '', #1399, .T. );
#815 = PLANE( '', #1400 );
#816 = SURFACE_STYLE_USAGE( .BOTH., #1401 );
#817 = FACE_OUTER_BOUND( '', #1402, .T. );
#818 = PLANE( '', #1403 );
#819 = SURFACE_STYLE_USAGE( .BOTH., #1404 );
#820 = FACE_OUTER_BOUND( '', #1405, .T. );
#821 = PLANE( '', #1406 );
#822 = SURFACE_STYLE_USAGE( .BOTH., #1407 );
#823 = FACE_OUTER_BOUND( '', #1408, .T. );
#824 = PLANE( '', #1409 );
#825 = SURFACE_STYLE_USAGE( .BOTH., #1410 );
#826 = FACE_OUTER_BOUND( '', #1411, .T. );
#827 = SURFACE_OF_LINEAR_EXTRUSION( '', #1412, #1413 );
#828 = SURFACE_STYLE_USAGE( .BOTH., #1414 );
#829 = FACE_OUTER_BOUND( '', #1415, .T. );
#830 = PLANE( '', #1416 );
#831 = SURFACE_STYLE_USAGE( .BOTH., #1417 );
#832 = FACE_OUTER_BOUND( '', #1418, .T. );
#833 = PLANE( '', #1419 );
#834 = SURFACE_STYLE_USAGE( .BOTH., #1420 );
#835 = FACE_OUTER_BOUND( '', #1421, .T. );
#836 = SURFACE_OF_LINEAR_EXTRUSION( '', #1422, #1423 );
#837 = SURFACE_STYLE_USAGE( .BOTH., #1424 );
#838 = FACE_OUTER_BOUND( '', #1425, .T. );
#839 = PLANE( '', #1426 );
#840 = SURFACE_STYLE_USAGE( .BOTH., #1427 );
#841 = FACE_OUTER_BOUND( '', #1428, .T. );
#842 = SURFACE_OF_LINEAR_EXTRUSION( '', #1429, #1430 );
#843 = SURFACE_STYLE_USAGE( .BOTH., #1431 );
#844 = FACE_OUTER_BOUND( '', #1432, .T. );
#845 = FACE_OUTER_BOUND( '', #1433, .T. );
#846 = SURFACE_OF_LINEAR_EXTRUSION( '', #1434, #1435 );
#847 = SURFACE_STYLE_USAGE( .BOTH., #1436 );
#848 = FACE_OUTER_BOUND( '', #1437, .T. );
#849 = PLANE( '', #1438 );
#850 = SURFACE_STYLE_USAGE( .BOTH., #1439 );
#851 = FACE_OUTER_BOUND( '', #1440, .T. );
#852 = PLANE( '', #1441 );
#853 = SURFACE_STYLE_USAGE( .BOTH., #1442 );
#854 = FACE_BOUND( '', #1443, .T. );
#855 = FACE_OUTER_BOUND( '', #1444, .T. );
#856 = PLANE( '', #1445 );
#857 = SURFACE_STYLE_USAGE( .BOTH., #1446 );
#858 = FACE_OUTER_BOUND( '', #1447, .T. );
#859 = PLANE( '', #1448 );
#860 = SURFACE_STYLE_USAGE( .BOTH., #1449 );
#861 = FACE_OUTER_BOUND( '', #1450, .T. );
#862 = PLANE( '', #1451 );
#863 = SURFACE_STYLE_USAGE( .BOTH., #1452 );
#864 = FACE_OUTER_BOUND( '', #1453, .T. );
#865 = PLANE( '', #1454 );
#866 = SURFACE_STYLE_USAGE( .BOTH., #1455 );
#867 = FACE_OUTER_BOUND( '', #1456, .T. );
#868 = PLANE( '', #1457 );
#869 = SURFACE_STYLE_USAGE( .BOTH., #1458 );
#870 = FACE_BOUND( '', #1459, .T. );
#871 = FACE_OUTER_BOUND( '', #1460, .T. );
#872 = PLANE( '', #1461 );
#873 = SURFACE_STYLE_USAGE( .BOTH., #1462 );
#874 = FACE_OUTER_BOUND( '', #1463, .T. );
#875 = PLANE( '', #1464 );
#876 = SURFACE_STYLE_USAGE( .BOTH., #1465 );
#877 = FACE_OUTER_BOUND( '', #1466, .T. );
#878 = PLANE( '', #1467 );
#879 = SURFACE_STYLE_USAGE( .BOTH., #1468 );
#880 = FACE_OUTER_BOUND( '', #1469, .T. );
#881 = SURFACE_OF_LINEAR_EXTRUSION( '', #1470, #1471 );
#882 = SURFACE_STYLE_USAGE( .BOTH., #1472 );
#883 = FACE_OUTER_BOUND( '', #1473, .T. );
#884 = PLANE( '', #1474 );
#885 = SURFACE_STYLE_USAGE( .BOTH., #1475 );
#886 = FACE_BOUND( '', #1476, .T. );
#887 = FACE_OUTER_BOUND( '', #1477, .T. );
#888 = PLANE( '', #1478 );
#889 = SURFACE_STYLE_USAGE( .BOTH., #1479 );
#890 = FACE_OUTER_BOUND( '', #1480, .T. );
#891 = PLANE( '', #1481 );
#892 = SURFACE_STYLE_USAGE( .BOTH., #1482 );
#893 = FACE_OUTER_BOUND( '', #1483, .T. );
#894 = PLANE( '', #1484 );
#895 = SURFACE_STYLE_USAGE( .BOTH., #1485 );
#896 = FACE_OUTER_BOUND( '', #1486, .T. );
#897 = PLANE( '', #1487 );
#898 = SURFACE_STYLE_USAGE( .BOTH., #1488 );
#899 = FACE_OUTER_BOUND( '', #1489, .T. );
#900 = SURFACE_OF_LINEAR_EXTRUSION( '', #1490, #1491 );
#901 = SURFACE_STYLE_USAGE( .BOTH., #1492 );
#902 = FACE_OUTER_BOUND( '', #1493, .T. );
#903 = PLANE( '', #1494 );
#904 = SURFACE_STYLE_USAGE( .BOTH., #1495 );
#905 = FACE_OUTER_BOUND( '', #1496, .T. );
#906 = SURFACE_OF_LINEAR_EXTRUSION( '', #1497, #1498 );
#907 = SURFACE_STYLE_USAGE( .BOTH., #1499 );
#908 = FACE_OUTER_BOUND( '', #1500, .T. );
#909 = PLANE( '', #1501 );
#910 = SURFACE_STYLE_USAGE( .BOTH., #1502 );
#911 = FACE_OUTER_BOUND( '', #1503, .T. );
#912 = PLANE( '', #1504 );
#913 = SURFACE_STYLE_USAGE( .BOTH., #1505 );
#914 = FACE_OUTER_BOUND( '', #1506, .T. );
#915 = PLANE( '', #1507 );
#916 = SURFACE_STYLE_USAGE( .BOTH., #1508 );
#917 = FACE_OUTER_BOUND( '', #1509, .T. );
#918 = SURFACE_OF_LINEAR_EXTRUSION( '', #1510, #1511 );
#919 = SURFACE_STYLE_USAGE( .BOTH., #1512 );
#920 = FACE_OUTER_BOUND( '', #1513, .T. );
#921 = SURFACE_OF_LINEAR_EXTRUSION( '', #1514, #1515 );
#922 = SURFACE_STYLE_USAGE( .BOTH., #1516 );
#923 = FACE_OUTER_BOUND( '', #1517, .T. );
#924 = PLANE( '', #1518 );
#925 = SURFACE_STYLE_USAGE( .BOTH., #1519 );
#926 = FACE_OUTER_BOUND( '', #1520, .T. );
#927 = SURFACE_OF_LINEAR_EXTRUSION( '', #1521, #1522 );
#928 = SURFACE_STYLE_USAGE( .BOTH., #1523 );
#929 = FACE_OUTER_BOUND( '', #1524, .T. );
#930 = PLANE( '', #1525 );
#931 = SURFACE_STYLE_USAGE( .BOTH., #1526 );
#932 = FACE_OUTER_BOUND( '', #1527, .T. );
#933 = PLANE( '', #1528 );
#934 = SURFACE_STYLE_USAGE( .BOTH., #1529 );
#935 = FACE_OUTER_BOUND( '', #1530, .T. );
#936 = PLANE( '', #1531 );
#937 = SURFACE_STYLE_USAGE( .BOTH., #1532 );
#938 = FACE_OUTER_BOUND( '', #1533, .T. );
#939 = SURFACE_OF_LINEAR_EXTRUSION( '', #1534, #1535 );
#940 = SURFACE_STYLE_USAGE( .BOTH., #1536 );
#941 = FACE_OUTER_BOUND( '', #1537, .T. );
#942 = PLANE( '', #1538 );
#943 = SURFACE_STYLE_USAGE( .BOTH., #1539 );
#944 = FACE_OUTER_BOUND( '', #1540, .T. );
#945 = PLANE( '', #1541 );
#946 = SURFACE_STYLE_USAGE( .BOTH., #1542 );
#947 = FACE_OUTER_BOUND( '', #1543, .T. );
#948 = SURFACE_OF_LINEAR_EXTRUSION( '', #1544, #1545 );
#949 = SURFACE_STYLE_USAGE( .BOTH., #1546 );
#950 = FACE_OUTER_BOUND( '', #1547, .T. );
#951 = PLANE( '', #1548 );
#952 = SURFACE_STYLE_USAGE( .BOTH., #1549 );
#953 = FACE_OUTER_BOUND( '', #1550, .T. );
#954 = PLANE( '', #1551 );
#955 = SURFACE_STYLE_USAGE( .BOTH., #1552 );
#956 = FACE_OUTER_BOUND( '', #1553, .T. );
#957 = PLANE( '', #1554 );
#958 = SURFACE_STYLE_USAGE( .BOTH., #1555 );
#959 = FACE_OUTER_BOUND( '', #1556, .T. );
#960 = PLANE( '', #1557 );
#961 = SURFACE_STYLE_USAGE( .BOTH., #1558 );
#962 = FACE_OUTER_BOUND( '', #1559, .T. );
#963 = PLANE( '', #1560 );
#964 = SURFACE_STYLE_USAGE( .BOTH., #1561 );
#965 = FACE_OUTER_BOUND( '', #1562, .T. );
#966 = SURFACE_OF_LINEAR_EXTRUSION( '', #1563, #1564 );
#967 = SURFACE_STYLE_USAGE( .BOTH., #1565 );
#968 = FACE_OUTER_BOUND( '', #1566, .T. );
#969 = SURFACE_OF_LINEAR_EXTRUSION( '', #1567, #1568 );
#970 = SURFACE_STYLE_USAGE( .BOTH., #1569 );
#971 = FACE_OUTER_BOUND( '', #1570, .T. );
#972 = PLANE( '', #1571 );
#973 = SURFACE_STYLE_USAGE( .BOTH., #1572 );
#974 = FACE_OUTER_BOUND( '', #1573, .T. );
#975 = PLANE( '', #1574 );
#976 = SURFACE_STYLE_USAGE( .BOTH., #1575 );
#977 = FACE_OUTER_BOUND( '', #1576, .T. );
#978 = PLANE( '', #1577 );
#979 = SURFACE_STYLE_USAGE( .BOTH., #1578 );
#980 = FACE_OUTER_BOUND( '', #1579, .T. );
#981 = PLANE( '', #1580 );
#982 = SURFACE_STYLE_USAGE( .BOTH., #1581 );
#983 = FACE_OUTER_BOUND( '', #1582, .T. );
#984 = PLANE( '', #1583 );
#985 = SURFACE_STYLE_USAGE( .BOTH., #1584 );
#986 = FACE_OUTER_BOUND( '', #1585, .T. );
#987 = PLANE( '', #1586 );
#988 = SURFACE_STYLE_USAGE( .BOTH., #1587 );
#989 = FACE_OUTER_BOUND( '', #1588, .T. );
#990 = PLANE( '', #1589 );
#991 = SURFACE_STYLE_USAGE( .BOTH., #1590 );
#992 = FACE_OUTER_BOUND( '', #1591, .T. );
#993 = SURFACE_OF_LINEAR_EXTRUSION( '', #1592, #1593 );
#994 = SURFACE_STYLE_USAGE( .BOTH., #1594 );
#995 = FACE_OUTER_BOUND( '', #1595, .T. );
#996 = FACE_OUTER_BOUND( '', #1596, .T. );
#997 = SURFACE_OF_LINEAR_EXTRUSION( '', #1597, #1598 );
#998 = SURFACE_STYLE_USAGE( .BOTH., #1599 );
#999 = FACE_OUTER_BOUND( '', #1600, .T. );
#1000 = SURFACE_OF_LINEAR_EXTRUSION( '', #1601, #1602 );
#1001 = SURFACE_STYLE_USAGE( .BOTH., #1603 );
#1002 = FACE_OUTER_BOUND( '', #1604, .T. );
#1003 = SURFACE_OF_LINEAR_EXTRUSION( '', #1605, #1606 );
#1004 = SURFACE_STYLE_USAGE( .BOTH., #1607 );
#1005 = FACE_OUTER_BOUND( '', #1608, .T. );
#1006 = PLANE( '', #1609 );
#1007 = SURFACE_STYLE_USAGE( .BOTH., #1610 );
#1008 = FACE_OUTER_BOUND( '', #1611, .T. );
#1009 = PLANE( '', #1612 );
#1010 = SURFACE_STYLE_USAGE( .BOTH., #1613 );
#1011 = FACE_OUTER_BOUND( '', #1614, .T. );
#1012 = PLANE( '', #1615 );
#1013 = SURFACE_STYLE_USAGE( .BOTH., #1616 );
#1014 = FACE_OUTER_BOUND( '', #1617, .T. );
#1015 = PLANE( '', #1618 );
#1016 = SURFACE_STYLE_USAGE( .BOTH., #1619 );
#1017 = FACE_OUTER_BOUND( '', #1620, .T. );
#1018 = FACE_OUTER_BOUND( '', #1621, .T. );
#1019 = SURFACE_OF_LINEAR_EXTRUSION( '', #1622, #1623 );
#1020 = SURFACE_STYLE_USAGE( .BOTH., #1624 );
#1021 = FACE_OUTER_BOUND( '', #1625, .T. );
#1022 = PLANE( '', #1626 );
#1023 = SURFACE_STYLE_USAGE( .BOTH., #1627 );
#1024 = FACE_OUTER_BOUND( '', #1628, .T. );
#1025 = PLANE( '', #1629 );
#1026 = SURFACE_STYLE_USAGE( .BOTH., #1630 );
#1027 = FACE_OUTER_BOUND( '', #1631, .T. );
#1028 = PLANE( '', #1632 );
#1029 = SURFACE_STYLE_USAGE( .BOTH., #1633 );
#1030 = FACE_OUTER_BOUND( '', #1634, .T. );
#1031 = PLANE( '', #1635 );
#1032 = SURFACE_STYLE_USAGE( .BOTH., #1636 );
#1033 = FACE_OUTER_BOUND( '', #1637, .T. );
#1034 = PLANE( '', #1638 );
#1035 = SURFACE_STYLE_USAGE( .BOTH., #1639 );
#1036 = FACE_OUTER_BOUND( '', #1640, .T. );
#1037 = PLANE( '', #1641 );
#1038 = SURFACE_STYLE_USAGE( .BOTH., #1642 );
#1039 = FACE_OUTER_BOUND( '', #1643, .T. );
#1040 = PLANE( '', #1644 );
#1041 = SURFACE_STYLE_USAGE( .BOTH., #1645 );
#1042 = FACE_OUTER_BOUND( '', #1646, .T. );
#1043 = PLANE( '', #1647 );
#1044 = SURFACE_STYLE_USAGE( .BOTH., #1648 );
#1045 = FACE_OUTER_BOUND( '', #1649, .T. );
#1046 = PLANE( '', #1650 );
#1047 = SURFACE_STYLE_USAGE( .BOTH., #1651 );
#1048 = FACE_OUTER_BOUND( '', #1652, .T. );
#1049 = PLANE( '', #1653 );
#1050 = SURFACE_STYLE_USAGE( .BOTH., #1654 );
#1051 = FACE_OUTER_BOUND( '', #1655, .T. );
#1052 = PLANE( '', #1656 );
#1053 = SURFACE_STYLE_USAGE( .BOTH., #1657 );
#1054 = FACE_OUTER_BOUND( '', #1658, .T. );
#1055 = PLANE( '', #1659 );
#1056 = SURFACE_STYLE_USAGE( .BOTH., #1660 );
#1057 = FACE_OUTER_BOUND( '', #1661, .T. );
#1058 = PLANE( '', #1662 );
#1059 = SURFACE_STYLE_USAGE( .BOTH., #1663 );
#1060 = FACE_OUTER_BOUND( '', #1664, .T. );
#1061 = PLANE( '', #1665 );
#1062 = SURFACE_STYLE_USAGE( .BOTH., #1666 );
#1063 = FACE_OUTER_BOUND( '', #1667, .T. );
#1064 = PLANE( '', #1668 );
#1065 = SURFACE_STYLE_USAGE( .BOTH., #1669 );
#1066 = FACE_OUTER_BOUND( '', #1670, .T. );
#1067 = SURFACE_OF_LINEAR_EXTRUSION( '', #1671, #1672 );
#1068 = SURFACE_STYLE_USAGE( .BOTH., #1673 );
#1069 = FACE_OUTER_BOUND( '', #1674, .T. );
#1070 = PLANE( '', #1675 );
#1071 = SURFACE_STYLE_USAGE( .BOTH., #1676 );
#1072 = FACE_OUTER_BOUND( '', #1677, .T. );
#1073 = PLANE( '', #1678 );
#1074 = SURFACE_STYLE_USAGE( .BOTH., #1679 );
#1075 = FACE_OUTER_BOUND( '', #1680, .T. );
#1076 = PLANE( '', #1681 );
#1077 = SURFACE_STYLE_USAGE( .BOTH., #1682 );
#1078 = FACE_OUTER_BOUND( '', #1683, .T. );
#1079 = PLANE( '', #1684 );
#1080 = SURFACE_STYLE_USAGE( .BOTH., #1685 );
#1081 = FACE_OUTER_BOUND( '', #1686, .T. );
#1082 = PLANE( '', #1687 );
#1083 = SURFACE_STYLE_USAGE( .BOTH., #1688 );
#1084 = FACE_OUTER_BOUND( '', #1689, .T. );
#1085 = PLANE( '', #1690 );
#1086 = SURFACE_STYLE_USAGE( .BOTH., #1691 );
#1087 = FACE_OUTER_BOUND( '', #1692, .T. );
#1088 = PLANE( '', #1693 );
#1089 = SURFACE_STYLE_USAGE( .BOTH., #1694 );
#1090 = FACE_OUTER_BOUND( '', #1695, .T. );
#1091 = PLANE( '', #1696 );
#1092 = SURFACE_STYLE_USAGE( .BOTH., #1697 );
#1093 = FACE_BOUND( '', #1698, .T. );
#1094 = FACE_OUTER_BOUND( '', #1699, .T. );
#1095 = PLANE( '', #1700 );
#1096 = SURFACE_STYLE_USAGE( .BOTH., #1701 );
#1097 = FACE_OUTER_BOUND( '', #1702, .T. );
#1098 = PLANE( '', #1703 );
#1099 = SURFACE_STYLE_USAGE( .BOTH., #1704 );
#1100 = FACE_OUTER_BOUND( '', #1705, .T. );
#1101 = PLANE( '', #1706 );
#1102 = SURFACE_STYLE_USAGE( .BOTH., #1707 );
#1103 = FACE_OUTER_BOUND( '', #1708, .T. );
#1104 = PLANE( '', #1709 );
#1105 = SURFACE_STYLE_USAGE( .BOTH., #1710 );
#1106 = FACE_OUTER_BOUND( '', #1711, .T. );
#1107 = PLANE( '', #1712 );
#1108 = SURFACE_STYLE_USAGE( .BOTH., #1713 );
#1109 = FACE_OUTER_BOUND( '', #1714, .T. );
#1110 = PLANE( '', #1715 );
#1111 = SURFACE_STYLE_USAGE( .BOTH., #1716 );
#1112 = FACE_OUTER_BOUND( '', #1717, .T. );
#1113 = PLANE( '', #1718 );
#1114 = SURFACE_STYLE_USAGE( .BOTH., #1719 );
#1115 = FACE_BOUND( '', #1720, .T. );
#1116 = FACE_OUTER_BOUND( '', #1721, .T. );
#1117 = PLANE( '', #1722 );
#1118 = SURFACE_STYLE_USAGE( .BOTH., #1723 );
#1119 = FACE_OUTER_BOUND( '', #1724, .T. );
#1120 = PLANE( '', #1725 );
#1121 = SURFACE_STYLE_USAGE( .BOTH., #1726 );
#1122 = FACE_OUTER_BOUND( '', #1727, .T. );
#1123 = PLANE( '', #1728 );
#1124 = SURFACE_STYLE_USAGE( .BOTH., #1729 );
#1125 = FACE_OUTER_BOUND( '', #1730, .T. );
#1126 = PLANE( '', #1731 );
#1127 = SURFACE_STYLE_USAGE( .BOTH., #1732 );
#1128 = FACE_OUTER_BOUND( '', #1733, .T. );
#1129 = FACE_OUTER_BOUND( '', #1734, .T. );
#1130 = SURFACE_OF_LINEAR_EXTRUSION( '', #1735, #1736 );
#1131 = SURFACE_STYLE_USAGE( .BOTH., #1737 );
#1132 = FACE_OUTER_BOUND( '', #1738, .T. );
#1133 = PLANE( '', #1739 );
#1134 = SURFACE_STYLE_USAGE( .BOTH., #1740 );
#1135 = FACE_OUTER_BOUND( '', #1741, .T. );
#1136 = SURFACE_OF_LINEAR_EXTRUSION( '', #1742, #1743 );
#1137 = SURFACE_STYLE_USAGE( .BOTH., #1744 );
#1138 = FACE_OUTER_BOUND( '', #1745, .T. );
#1139 = PLANE( '', #1746 );
#1140 = SURFACE_STYLE_USAGE( .BOTH., #1747 );
#1141 = FACE_OUTER_BOUND( '', #1748, .T. );
#1142 = PLANE( '', #1749 );
#1143 = SURFACE_STYLE_USAGE( .BOTH., #1750 );
#1144 = FACE_OUTER_BOUND( '', #1751, .T. );
#1145 = PLANE( '', #1752 );
#1146 = SURFACE_STYLE_USAGE( .BOTH., #1753 );
#1147 = FACE_OUTER_BOUND( '', #1754, .T. );
#1148 = PLANE( '', #1755 );
#1149 = SURFACE_STYLE_USAGE( .BOTH., #1756 );
#1150 = FACE_OUTER_BOUND( '', #1757, .T. );
#1151 = PLANE( '', #1758 );
#1152 = SURFACE_STYLE_USAGE( .BOTH., #1759 );
#1153 = FACE_OUTER_BOUND( '', #1760, .T. );
#1154 = FACE_OUTER_BOUND( '', #1761, .T. );
#1155 = SURFACE_OF_LINEAR_EXTRUSION( '', #1762, #1763 );
#1156 = SURFACE_STYLE_USAGE( .BOTH., #1764 );
#1157 = FACE_OUTER_BOUND( '', #1765, .T. );
#1158 = PLANE( '', #1766 );
#1159 = PRODUCT_CONTEXT( '', #197, 'mechanical' );
#1160 = PRODUCT_DEFINITION_FORMATION_WITH_SPECIFIED_SOURCE( ' ', 'NONE', #575, .NOT_KNOWN. );
#1161 = REPRESENTATION_MAP( #580, #206 );
#1162 = AXIS2_PLACEMENT_3D( '', #1767, #1768, #1769 );
#1163 = REPRESENTATION_MAP( #580, #211 );
#1164 = AXIS2_PLACEMENT_3D( '', #1770, #1771, #1772 );
#1165 = REPRESENTATION_MAP( #580, #216 );
#1166 = AXIS2_PLACEMENT_3D( '', #1773, #1774, #1775 );
#1167 = CARTESIAN_POINT( '', ( 0.000000000000000, 0.000000000000000, 0.000000000000000 ) );
#1168 = DIRECTION( '', ( 0.000000000000000, 0.000000000000000, 1.00000000000000 ) );
#1169 = DIRECTION( '', ( 1.00000000000000, 0.000000000000000, 0.000000000000000 ) );
#1170 = PRODUCT_CONTEXT( '', #202, 'mechanical' );
#1171 = PRODUCT_DEFINITION_FORMATION_WITH_SPECIFIED_SOURCE( ' ', 'NONE', #581, .NOT_KNOWN. );
#1172 = CLOSED_SHELL( '', ( #1776, #1777, #1778, #1779, #1780, #1781, #1782, #1783, #1784, #1785, #1786, #1787, #1788, #1789, #1790, #1791, #1792, #1793, #1794, #1795 ) );
#1173 = PRODUCT_CONTEXT( '', #207, 'mechanical' );
#1174 = PRODUCT_DEFINITION_FORMATION_WITH_SPECIFIED_SOURCE( ' ', 'NONE', #584, .NOT_KNOWN. );
#1175 = CLOSED_SHELL( '', ( #350, #436, #398, #438, #490, #420, #376, #276, #264, #544, #524, #272, #482, #402, #324, #422, #488, #294, #476, #546, #460, #550, #232, #290, #562, #542, #454, #314, #292, #404, #234, #268, #236, #392, #308, #330, #322, #394, #316, #468, #574, #472, #406, #474, #458, #302, #352, #370, #424, #526, #238, #434, #528, #538, #340, #356, #462, #480, #552, #296, #254, #564, #428, #266, #240, #566, #530, #274, #364, #282, #332, #334, #520, #426, #278, #414, #502, #242, #492, #346, #342, #354, #382, #554, #446, #286, #358, #540, #494, #320, #348, #408, #306, #456, #522, #388, #252, #372, #514, #300, #270, #478, #548, #244, #556, #228, #410, #230, #284, #326, #464, #470, #444, #416, #412, #396, #440, #260, #226, #518, #532, #380, #360, #534, #568, #384, #374, #344, #378, #570, #442, #312, #386, #516, #366, #390, #248, #450, #466, #362, #508, #500, #536, #246, #430, #262, #318, #250, #400, #510, #336, #328, #558, #572, #298, #496, #560, #448, #280, #498, #432, #504, #256, #484, #506, #288, #452, #310, #512, #368, #418, #486, #258, #338, #304 ) );
#1176 = PRODUCT_CONTEXT( '', #212, 'mechanical' );
#1177 = PRODUCT_DEFINITION_FORMATION_WITH_SPECIFIED_SOURCE( ' ', 'NONE', #587, .NOT_KNOWN. );
#1178 = CLOSED_SHELL( '', ( #1796, #1797, #1798, #1799, #1800, #1801, #1802, #1803, #1804, #1805, #1806, #1807, #1808, #1809, #1810, #1811, #1812, #1813, #1814, #1815, #1816, #1817 ) );
#1179 =  ( NAMED_UNIT( #595 )LENGTH_UNIT(  )SI_UNIT( .MILLI., .METRE. ) );
#1180 = SURFACE_SIDE_STYLE( '', ( #1819 ) );
#1181 = EDGE_LOOP( '', ( #1820 ) );
#1182 = AXIS2_PLACEMENT_3D( '', #1821, #1822, #1823 );
#1183 = SURFACE_SIDE_STYLE( '', ( #1824 ) );
#1184 = EDGE_LOOP( '', ( #1825, #1826, #1827, #1828 ) );
#1185 = AXIS2_PLACEMENT_3D( '', #1829, #1830, #1831 );
#1186 = SURFACE_SIDE_STYLE( '', ( #1832 ) );
#1187 = EDGE_LOOP( '', ( #1833, #1834, #1835, #1836 ) );
#1188 = AXIS2_PLACEMENT_3D( '', #1837, #1838, #1839 );
#1189 = SURFACE_SIDE_STYLE( '', ( #1840 ) );
#1190 = EDGE_LOOP( '', ( #1841, #1842, #1843, #1844 ) );
#1191 = AXIS2_PLACEMENT_3D( '', #1845, #1846, #1847 );
#1192 = SURFACE_SIDE_STYLE( '', ( #1848 ) );
#1193 = EDGE_LOOP( '', ( #1849, #1850, #1851, #1852 ) );
#1194 = AXIS2_PLACEMENT_3D( '', #1853, #1854, #1855 );
#1195 = SURFACE_SIDE_STYLE( '', ( #1856 ) );
#1196 = EDGE_LOOP( '', ( #1857, #1858, #1859, #1860 ) );
#1197 = AXIS2_PLACEMENT_3D( '', #1861, #1862, #1863 );
#1198 = SURFACE_SIDE_STYLE( '', ( #1864 ) );
#1199 = EDGE_LOOP( '', ( #1865, #1866, #1867, #1868 ) );
#1200 = AXIS2_PLACEMENT_3D( '', #1869, #1870, #1871 );
#1201 = SURFACE_SIDE_STYLE( '', ( #1872 ) );
#1202 = EDGE_LOOP( '', ( #1873, #1874, #1875, #1876 ) );
#1203 = AXIS2_PLACEMENT_3D( '', #1877, #1878, #1879 );
#1204 = SURFACE_SIDE_STYLE( '', ( #1880 ) );
#1205 = EDGE_LOOP( '', ( #1881, #1882, #1883, #1884 ) );
#1206 = AXIS2_PLACEMENT_3D( '', #1885, #1886, #1887 );
#1207 = SURFACE_SIDE_STYLE( '', ( #1888 ) );
#1208 = EDGE_LOOP( '', ( #1889, #1890, #1891, #1892 ) );
#1209 = AXIS2_PLACEMENT_3D( '', #1893, #1894, #1895 );
#1210 = SURFACE_SIDE_STYLE( '', ( #1896 ) );
#1211 = EDGE_LOOP( '', ( #1897, #1898, #1899, #1900 ) );
#1212 = AXIS2_PLACEMENT_3D( '', #1901, #1902, #1903 );
#1213 = SURFACE_SIDE_STYLE( '', ( #1904 ) );
#1214 = EDGE_LOOP( '', ( #1905, #1906, #1907, #1908 ) );
#1215 = B_SPLINE_CURVE_WITH_KNOTS( '', 3, ( #1909, #1910, #1911, #1912, #1913, #1914, #1915, #1916, #1917, #1918, #1919, #1920, #1921, #1922, #1923, #1924, #1925, #1926, #1927, #1928, #1929 ), .UNSPECIFIED., .F., .F., ( 4, 3, 3, 3, 2, 3, 3, 4 ), ( 0.582642405372108, 0.698030922609412, 0.727724576757617, 0.748604179526965, 0.772506600642294, 0.811043157134353, 0.864201897660731, 0.967753964216161 ), .UNSPECIFIED. );
#1216 = VECTOR( '', #1930, 1000.00000000000 );
#1217 = SURFACE_SIDE_STYLE( '', ( #1931 ) );
#1218 = EDGE_LOOP( '', ( #1932, #1933, #1934, #1935 ) );
#1219 = AXIS2_PLACEMENT_3D( '', #1936, #1937, #1938 );
#1220 = SURFACE_SIDE_STYLE( '', ( #1939 ) );
#1221 = EDGE_LOOP( '', ( #1940, #1941, #1942, #1943 ) );
#1222 = AXIS2_PLACEMENT_3D( '', #1944, #1945, #1946 );
#1223 = SURFACE_SIDE_STYLE( '', ( #1947 ) );
#1224 = EDGE_LOOP( '', ( #1948, #1949, #1950, #1951 ) );
#1225 = AXIS2_PLACEMENT_3D( '', #1952, #1953, #1954 );
#1226 = SURFACE_SIDE_STYLE( '', ( #1955 ) );
#1227 = EDGE_LOOP( '', ( #1956, #1957, #1958, #1959 ) );
#1228 = AXIS2_PLACEMENT_3D( '', #1960, #1961, #1962 );
#1229 = SURFACE_SIDE_STYLE( '', ( #1963 ) );
#1230 = EDGE_LOOP( '', ( #1964, #1965, #1966, #1967 ) );
#1231 = AXIS2_PLACEMENT_3D( '', #1968, #1969, #1970 );
#1232 = SURFACE_SIDE_STYLE( '', ( #1971 ) );
#1233 = EDGE_LOOP( '', ( #1972, #1973 ) );
#1234 = AXIS2_PLACEMENT_3D( '', #1974, #1975, #1976 );
#1235 = SURFACE_SIDE_STYLE( '', ( #1977 ) );
#1236 = EDGE_LOOP( '', ( #1978, #1979, #1980, #1981 ) );
#1237 = AXIS2_PLACEMENT_3D( '', #1982, #1983, #1984 );
#1238 = SURFACE_SIDE_STYLE( '', ( #1985 ) );
#1239 = EDGE_LOOP( '', ( #1986, #1987, #1988, #1989 ) );
#1240 = AXIS2_PLACEMENT_3D( '', #1990, #1991, #1992 );
#1241 = SURFACE_SIDE_STYLE( '', ( #1993 ) );
#1242 = EDGE_LOOP( '', ( #1994, #1995, #1996, #1997 ) );
#1243 = AXIS2_PLACEMENT_3D( '', #1998, #1999, #2000 );
#1244 = SURFACE_SIDE_STYLE( '', ( #2001 ) );
#1245 = EDGE_LOOP( '', ( #2002, #2003, #2004, #2005 ) );
#1246 = AXIS2_PLACEMENT_3D( '', #2006, #2007, #2008 );
#1247 = SURFACE_SIDE_STYLE( '', ( #2009 ) );
#1248 = EDGE_LOOP( '', ( #2010, #2011, #2012, #2013 ) );
#1249 = AXIS2_PLACEMENT_3D( '', #2014, #2015, #2016 );
#1250 = SURFACE_SIDE_STYLE( '', ( #2017 ) );
#1251 = EDGE_LOOP( '', ( #2018, #2019, #2020, #2021 ) );
#1252 = AXIS2_PLACEMENT_3D( '', #2022, #2023, #2024 );
#1253 = SURFACE_SIDE_STYLE( '', ( #2025 ) );
#1254 = EDGE_LOOP( '', ( #2026, #2027, #2028, #2029 ) );
#1255 = AXIS2_PLACEMENT_3D( '', #2030, #2031, #2032 );
#1256 = SURFACE_SIDE_STYLE( '', ( #2033 ) );
#1257 = EDGE_LOOP( '', ( #2034, #2035, #2036, #2037 ) );
#1258 = AXIS2_PLACEMENT_3D( '', #2038, #2039, #2040 );
#1259 = SURFACE_SIDE_STYLE( '', ( #2041 ) );
#1260 = EDGE_LOOP( '', ( #2042, #2043, #2044, #2045 ) );
#1261 = AXIS2_PLACEMENT_3D( '', #2046, #2047, #2048 );
#1262 = SURFACE_SIDE_STYLE( '', ( #2049 ) );
#1263 = EDGE_LOOP( '', ( #2050, #2051, #2052, #2053 ) );
#1264 = AXIS2_PLACEMENT_3D( '', #2054, #2055, #2056 );
#1265 = SURFACE_SIDE_STYLE( '', ( #2057 ) );
#1266 = EDGE_LOOP( '', ( #2058, #2059, #2060, #2061 ) );
#1267 = AXIS2_PLACEMENT_3D( '', #2062, #2063, #2064 );
#1268 = SURFACE_SIDE_STYLE( '', ( #2065 ) );
#1269 = EDGE_LOOP( '', ( #2066 ) );
#1270 = AXIS2_PLACEMENT_3D( '', #2067, #2068, #2069 );
#1271 = SURFACE_SIDE_STYLE( '', ( #2070 ) );
#1272 = EDGE_LOOP( '', ( #2071, #2072, #2073, #2074 ) );
#1273 = AXIS2_PLACEMENT_3D( '', #2075, #2076, #2077 );
#1274 = SURFACE_SIDE_STYLE( '', ( #2078 ) );
#1275 = EDGE_LOOP( '', ( #2079, #2080, #2081, #2082 ) );
#1276 = AXIS2_PLACEMENT_3D( '', #2083, #2084, #2085 );
#1277 = SURFACE_SIDE_STYLE( '', ( #2086 ) );
#1278 = EDGE_LOOP( '', ( #2087, #2088, #2089, #2090 ) );
#1279 = AXIS2_PLACEMENT_3D( '', #2091, #2092, #2093 );
#1280 = SURFACE_SIDE_STYLE( '', ( #2094 ) );
#1281 = EDGE_LOOP( '', ( #2095, #2096, #2097, #2098 ) );
#1282 = AXIS2_PLACEMENT_3D( '', #2099, #2100, #2101 );
#1283 = SURFACE_SIDE_STYLE( '', ( #2102 ) );
#1284 = EDGE_LOOP( '', ( #2103, #2104, #2105, #2106 ) );
#1285 = AXIS2_PLACEMENT_3D( '', #2107, #2108, #2109 );
#1286 = SURFACE_SIDE_STYLE( '', ( #2110 ) );
#1287 = EDGE_LOOP( '', ( #2111, #2112, #2113, #2114 ) );
#1288 = AXIS2_PLACEMENT_3D( '', #2115, #2116, #2117 );
#1289 = SURFACE_SIDE_STYLE( '', ( #2118 ) );
#1290 = EDGE_LOOP( '', ( #2119, #2120, #2121, #2122 ) );
#1291 = AXIS2_PLACEMENT_3D( '', #2123, #2124, #2125 );
#1292 = SURFACE_SIDE_STYLE( '', ( #2126 ) );
#1293 = EDGE_LOOP( '', ( #2127, #2128, #2129, #2130 ) );
#1294 = B_SPLINE_CURVE_WITH_KNOTS( '', 3, ( #2131, #2132, #2133, #2134, #2135, #2136, #2137 ), .UNSPECIFIED., .F., .F., ( 4, 3, 4 ), ( 0.000000000000000, 0.100000000000000, 0.200000000000000 ), .UNSPECIFIED. );
#1295 = VECTOR( '', #2138, 1000.00000000000 );
#1296 = SURFACE_SIDE_STYLE( '', ( #2139 ) );
#1297 = EDGE_LOOP( '', ( #2140, #2141 ) );
#1298 = EDGE_LOOP( '', ( #2142, #2143, #2144, #2145, #2146, #2147 ) );
#1299 = AXIS2_PLACEMENT_3D( '', #2148, #2149, #2150 );
#1300 = SURFACE_SIDE_STYLE( '', ( #2151 ) );
#1301 = EDGE_LOOP( '', ( #2152, #2153, #2154, #2155 ) );
#1302 = B_SPLINE_CURVE_WITH_KNOTS( '', 3, ( #2156, #2157, #2158, #2159, #2160, #2161, #2162 ), .UNSPECIFIED., .F., .F., ( 4, 3, 4 ), ( 0.000000000000000, 0.100000000000000, 0.200000000000000 ), .UNSPECIFIED. );
#1303 = VECTOR( '', #2163, 1000.00000000000 );
#1304 = SURFACE_SIDE_STYLE( '', ( #2164 ) );
#1305 = EDGE_LOOP( '', ( #2165, #2166, #2167, #2168 ) );
#1306 = AXIS2_PLACEMENT_3D( '', #2169, #2170, #2171 );
#1307 = SURFACE_SIDE_STYLE( '', ( #2172 ) );
#1308 = EDGE_LOOP( '', ( #2173, #2174, #2175, #2176, #2177, #2178, #2179 ) );
#1309 = AXIS2_PLACEMENT_3D( '', #2180, #2181, #2182 );
#1310 = SURFACE_SIDE_STYLE( '', ( #2183 ) );
#1311 = EDGE_LOOP( '', ( #2184, #2185, #2186, #2187 ) );
#1312 = AXIS2_PLACEMENT_3D( '', #2188, #2189, #2190 );
#1313 = SURFACE_SIDE_STYLE( '', ( #2191 ) );
#1314 = EDGE_LOOP( '', ( #2192 ) );
#1315 = EDGE_LOOP( '', ( #2193 ) );
#1316 = B_SPLINE_CURVE_WITH_KNOTS( '', 3, ( #2194, #2195, #2196, #2197, #2198, #2199, #2200, #2201, #2202, #2203, #2204, #2205, #2206, #2207, #2208, #2209, #2210, #2211, #2212, #2213, #2214, #2215 ), .UNSPECIFIED., .T., .F., ( 4, 3, 2, 3, 2, 3, 2, 3, 4 ), ( 0.000000000000000, 0.145725648599780, 0.253739848575261, 0.360498069481258, 0.506371984583446, 0.645994160466968, 0.753918182700976, 0.860557395146483, 1.00000000000000 ), .UNSPECIFIED. );
#1317 = VECTOR( '', #2216, 1000.00000000000 );
#1318 = SURFACE_SIDE_STYLE( '', ( #2217 ) );
#1319 = EDGE_LOOP( '', ( #2218, #2219, #2220, #2221 ) );
#1320 = AXIS2_PLACEMENT_3D( '', #2222, #2223, #2224 );
#1321 = SURFACE_SIDE_STYLE( '', ( #2225 ) );
#1322 = EDGE_LOOP( '', ( #2226, #2227, #2228, #2229 ) );
#1323 = B_SPLINE_CURVE_WITH_KNOTS( '', 3, ( #2230, #2231, #2232, #2233, #2234, #2235, #2236, #2237, #2238, #2239, #2240, #2241, #2242, #2243 ), .UNSPECIFIED., .F., .F., ( 4, 2, 3, 2, 3, 4 ), ( 0.362528169213019, 0.366057223032389, 0.403868513954221, 0.445363653380551, 0.483768729232579, 0.519310668057314 ), .UNSPECIFIED. );
#1324 = VECTOR( '', #2244, 1000.00000000000 );
#1325 = SURFACE_SIDE_STYLE( '', ( #2245 ) );
#1326 = EDGE_LOOP( '', ( #2246, #2247, #2248, #2249 ) );
#1327 = AXIS2_PLACEMENT_3D( '', #2250, #2251, #2252 );
#1328 = SURFACE_SIDE_STYLE( '', ( #2253 ) );
#1329 = EDGE_LOOP( '', ( #2254, #2255, #2256, #2257 ) );
#1330 = AXIS2_PLACEMENT_3D( '', #2258, #2259, #2260 );
#1331 = SURFACE_SIDE_STYLE( '', ( #2261 ) );
#1332 = EDGE_LOOP( '', ( #2262, #2263, #2264, #2265 ) );
#1333 = AXIS2_PLACEMENT_3D( '', #2266, #2267, #2268 );
#1334 = SURFACE_SIDE_STYLE( '', ( #2269 ) );
#1335 = EDGE_LOOP( '', ( #2270, #2271, #2272, #2273 ) );
#1336 = AXIS2_PLACEMENT_3D( '', #2274, #2275, #2276 );
#1337 = SURFACE_SIDE_STYLE( '', ( #2277 ) );
#1338 = EDGE_LOOP( '', ( #2278 ) );
#1339 = EDGE_LOOP( '', ( #2279, #2280, #2281, #2282, #2283, #2284, #2285, #2286 ) );
#1340 = AXIS2_PLACEMENT_3D( '', #2287, #2288, #2289 );
#1341 = SURFACE_SIDE_STYLE( '', ( #2290 ) );
#1342 = EDGE_LOOP( '', ( #2291, #2292, #2293, #2294 ) );
#1343 = AXIS2_PLACEMENT_3D( '', #2295, #2296, #2297 );
#1344 = SURFACE_SIDE_STYLE( '', ( #2298 ) );
#1345 = EDGE_LOOP( '', ( #2299, #2300, #2301, #2302 ) );
#1346 = B_SPLINE_CURVE_WITH_KNOTS( '', 3, ( #2303, #2304, #2305, #2306, #2307, #2308, #2309, #2310, #2311, #2312, #2313, #2314, #2315, #2316, #2317 ), .UNSPECIFIED., .F., .F., ( 4, 2, 3, 3, 3, 4 ), ( 0.610496873413852, 0.649807139161474, 0.684749597603804, 0.720464220066894, 0.783384391372682, 0.947144434200416 ), .UNSPECIFIED. );
#1347 = VECTOR( '', #2318, 1000.00000000000 );
#1348 = SURFACE_SIDE_STYLE( '', ( #2319 ) );
#1349 = EDGE_LOOP( '', ( #2320, #2321, #2322, #2323 ) );
#1350 = AXIS2_PLACEMENT_3D( '', #2324, #2325, #2326 );
#1351 = SURFACE_SIDE_STYLE( '', ( #2327 ) );
#1352 = EDGE_LOOP( '', ( #2328, #2329, #2330, #2331 ) );
#1353 = AXIS2_PLACEMENT_3D( '', #2332, #2333, #2334 );
#1354 = SURFACE_SIDE_STYLE( '', ( #2335 ) );
#1355 = EDGE_LOOP( '', ( #2336, #2337, #2338, #2339 ) );
#1356 = B_SPLINE_CURVE_WITH_KNOTS( '', 3, ( #2340, #2341, #2342, #2343, #2344, #2345, #2346 ), .UNSPECIFIED., .F., .F., ( 4, 3, 4 ), ( 0.500000000000000, 0.600000000000000, 0.700000000000000 ), .UNSPECIFIED. );
#1357 = VECTOR( '', #2347, 1000.00000000000 );
#1358 = SURFACE_SIDE_STYLE( '', ( #2348 ) );
#1359 = EDGE_LOOP( '', ( #2349, #2350, #2351, #2352 ) );
#1360 = AXIS2_PLACEMENT_3D( '', #2353, #2354, #2355 );
#1361 = SURFACE_SIDE_STYLE( '', ( #2356 ) );
#1362 = EDGE_LOOP( '', ( #2357, #2358, #2359, #2360 ) );
#1363 = AXIS2_PLACEMENT_3D( '', #2361, #2362, #2363 );
#1364 = SURFACE_SIDE_STYLE( '', ( #2364 ) );
#1365 = EDGE_LOOP( '', ( #2365, #2366, #2367, #2368 ) );
#1366 = AXIS2_PLACEMENT_3D( '', #2369, #2370, #2371 );
#1367 = SURFACE_SIDE_STYLE( '', ( #2372 ) );
#1368 = EDGE_LOOP( '', ( #2373, #2374, #2375, #2376 ) );
#1369 = B_SPLINE_CURVE_WITH_KNOTS( '', 3, ( #2377, #2378, #2379, #2380, #2381, #2382, #2383 ), .UNSPECIFIED., .F., .F., ( 4, 3, 4 ), ( 0.000000000000000, 0.100000000000000, 0.200000000000000 ), .UNSPECIFIED. );
#1370 = VECTOR( '', #2384, 1000.00000000000 );
#1371 = SURFACE_SIDE_STYLE( '', ( #2385 ) );
#1372 = EDGE_LOOP( '', ( #2386, #2387, #2388, #2389 ) );
#1373 = AXIS2_PLACEMENT_3D( '', #2390, #2391, #2392 );
#1374 = SURFACE_SIDE_STYLE( '', ( #2393 ) );
#1375 = EDGE_LOOP( '', ( #2394, #2395, #2396, #2397 ) );
#1376 = AXIS2_PLACEMENT_3D( '', #2398, #2399, #2400 );
#1377 = SURFACE_SIDE_STYLE( '', ( #2401 ) );
#1378 = EDGE_LOOP( '', ( #2402, #2403, #2404, #2405, #2406, #2407, #2408 ) );
#1379 = EDGE_LOOP( '', ( #2409, #2410, #2411, #2412 ) );
#1380 = EDGE_LOOP( '', ( #2413, #2414, #2415, #2416, #2417, #2418, #2419 ) );
#1381 = EDGE_LOOP( '', ( #2420, #2421, #2422, #2423, #2424, #2425, #2426, #2427, #2428, #2429, #2430, #2431, #2432 ) );
#1382 = EDGE_LOOP( '', ( #2433, #2434, #2435, #2436, #2437, #2438, #2439, #2440, #2441, #2442, #2443, #2444 ) );
#1383 = EDGE_LOOP( '', ( #2445, #2446, #2447, #2448 ) );
#1384 = EDGE_LOOP( '', ( #2449, #2450, #2451, #2452 ) );
#1385 = EDGE_LOOP( '', ( #2453, #2454, #2455, #2456, #2457, #2458, #2459, #2460 ) );
#1386 = EDGE_LOOP( '', ( #2461, #2462, #2463, #2464, #2465, #2466, #2467, #2468 ) );
#1387 = EDGE_LOOP( '', ( #2469, #2470, #2471, #2472 ) );
#1388 = EDGE_LOOP( '', ( #2473, #2474, #2475, #2476, #2477, #2478, #2479, #2480 ) );
#1389 = EDGE_LOOP( '', ( #2481, #2482, #2483, #2484, #2485, #2486, #2487, #2488 ) );
#1390 = EDGE_LOOP( '', ( #2489, #2490, #2491, #2492, #2493, #2494, #2495, #2496 ) );
#1391 = EDGE_LOOP( '', ( #2497, #2498, #2499, #2500 ) );
#1392 = EDGE_LOOP( '', ( #2501, #2502, #2503, #2504, #2505, #2506, #2507, #2508, #2509, #2510, #2511, #2512, #2513 ) );
#1393 = EDGE_LOOP( '', ( #2514, #2515, #2516, #2517, #2518, #2519 ) );
#1394 = EDGE_LOOP( '', ( #2520, #2521, #2522, #2523, #2524, #2525, #2526, #2527, #2528, #2529, #2530, #2531 ) );
#1395 = EDGE_LOOP( '', ( #2532, #2533, #2534, #2535 ) );
#1396 = EDGE_LOOP( '', ( #2536, #2537, #2538, #2539, #2540, #2541 ) );
#1397 = AXIS2_PLACEMENT_3D( '', #2542, #2543, #2544 );
#1398 = SURFACE_SIDE_STYLE( '', ( #2545 ) );
#1399 = EDGE_LOOP( '', ( #2546, #2547, #2548, #2549 ) );
#1400 = AXIS2_PLACEMENT_3D( '', #2550, #2551, #2552 );
#1401 = SURFACE_SIDE_STYLE( '', ( #2553 ) );
#1402 = EDGE_LOOP( '', ( #2554, #2555, #2556, #2557 ) );
#1403 = AXIS2_PLACEMENT_3D( '', #2558, #2559, #2560 );
#1404 = SURFACE_SIDE_STYLE( '', ( #2561 ) );
#1405 = EDGE_LOOP( '', ( #2562, #2563, #2564, #2565 ) );
#1406 = AXIS2_PLACEMENT_3D( '', #2566, #2567, #2568 );
#1407 = SURFACE_SIDE_STYLE( '', ( #2569 ) );
#1408 = EDGE_LOOP( '', ( #2570, #2571, #2572, #2573 ) );
#1409 = AXIS2_PLACEMENT_3D( '', #2574, #2575, #2576 );
#1410 = SURFACE_SIDE_STYLE( '', ( #2577 ) );
#1411 = EDGE_LOOP( '', ( #2578, #2579, #2580, #2581 ) );
#1412 = B_SPLINE_CURVE_WITH_KNOTS( '', 3, ( #2582, #2583, #2584, #2585, #2586, #2587, #2588 ), .UNSPECIFIED., .F., .F., ( 4, 3, 4 ), ( 0.000000000000000, 0.100000000000000, 0.200000000000000 ), .UNSPECIFIED. );
#1413 = VECTOR( '', #2589, 1000.00000000000 );
#1414 = SURFACE_SIDE_STYLE( '', ( #2590 ) );
#1415 = EDGE_LOOP( '', ( #2591, #2592, #2593, #2594 ) );
#1416 = AXIS2_PLACEMENT_3D( '', #2595, #2596, #2597 );
#1417 = SURFACE_SIDE_STYLE( '', ( #2598 ) );
#1418 = EDGE_LOOP( '', ( #2599, #2600, #2601, #2602 ) );
#1419 = AXIS2_PLACEMENT_3D( '', #2603, #2604, #2605 );
#1420 = SURFACE_SIDE_STYLE( '', ( #2606 ) );
#1421 = EDGE_LOOP( '', ( #2607, #2608, #2609, #2610 ) );
#1422 = B_SPLINE_CURVE_WITH_KNOTS( '', 3, ( #2611, #2612, #2613, #2614, #2615, #2616, #2617, #2618, #2619, #2620, #2621, #2622, #2623, #2624, #2625 ), .UNSPECIFIED., .F., .F., ( 4, 3, 2, 3, 3, 4 ), ( 0.0288265999323133, 0.0516727188448847, 0.0829996027516194, 0.116676002951360, 0.144691390818840, 0.182812365804201 ), .UNSPECIFIED. );
#1423 = VECTOR( '', #2626, 1000.00000000000 );
#1424 = SURFACE_SIDE_STYLE( '', ( #2627 ) );
#1425 = EDGE_LOOP( '', ( #2628, #2629, #2630, #2631 ) );
#1426 = AXIS2_PLACEMENT_3D( '', #2632, #2633, #2634 );
#1427 = SURFACE_SIDE_STYLE( '', ( #2635 ) );
#1428 = EDGE_LOOP( '', ( #2636, #2637, #2638, #2639 ) );
#1429 = B_SPLINE_CURVE_WITH_KNOTS( '', 3, ( #2640, #2641, #2642, #2643, #2644, #2645, #2646 ), .UNSPECIFIED., .F., .F., ( 4, 3, 4 ), ( 0.149267852012901, 0.242232609513676, 0.261565049315470 ), .UNSPECIFIED. );
#1430 = VECTOR( '', #2647, 1000.00000000000 );
#1431 = SURFACE_SIDE_STYLE( '', ( #2648 ) );
#1432 = EDGE_LOOP( '', ( #2649 ) );
#1433 = EDGE_LOOP( '', ( #2650 ) );
#1434 = B_SPLINE_CURVE_WITH_KNOTS( '', 3, ( #2651, #2652, #2653, #2654, #2655, #2656, #2657, #2658, #2659, #2660, #2661, #2662, #2663 ), .UNSPECIFIED., .T., .F., ( 4, 3, 3, 3, 4 ), ( 0.000000000000000, 0.250000000000000, 0.500000000000000, 0.750000000000000, 1.00000000000000 ), .UNSPECIFIED. );
#1435 = VECTOR( '', #2664, 1000.00000000000 );
#1436 = SURFACE_SIDE_STYLE( '', ( #2665 ) );
#1437 = EDGE_LOOP( '', ( #2666 ) );
#1438 = AXIS2_PLACEMENT_3D( '', #2667, #2668, #2669 );
#1439 = SURFACE_SIDE_STYLE( '', ( #2670 ) );
#1440 = EDGE_LOOP( '', ( #2671, #2672, #2673, #2674 ) );
#1441 = AXIS2_PLACEMENT_3D( '', #2675, #2676, #2677 );
#1442 = SURFACE_SIDE_STYLE( '', ( #2678 ) );
#1443 = EDGE_LOOP( '', ( #2679 ) );
#1444 = EDGE_LOOP( '', ( #2680, #2681, #2682, #2683, #2684, #2685, #2686, #2687 ) );
#1445 = AXIS2_PLACEMENT_3D( '', #2688, #2689, #2690 );
#1446 = SURFACE_SIDE_STYLE( '', ( #2691 ) );
#1447 = EDGE_LOOP( '', ( #2692 ) );
#1448 = AXIS2_PLACEMENT_3D( '', #2693, #2694, #2695 );
#1449 = SURFACE_SIDE_STYLE( '', ( #2696 ) );
#1450 = EDGE_LOOP( '', ( #2697, #2698, #2699, #2700 ) );
#1451 = AXIS2_PLACEMENT_3D( '', #2701, #2702, #2703 );
#1452 = SURFACE_SIDE_STYLE( '', ( #2704 ) );
#1453 = EDGE_LOOP( '', ( #2705, #2706, #2707, #2708 ) );
#1454 = AXIS2_PLACEMENT_3D( '', #2709, #2710, #2711 );
#1455 = SURFACE_SIDE_STYLE( '', ( #2712 ) );
#1456 = EDGE_LOOP( '', ( #2713, #2714, #2715, #2716 ) );
#1457 = AXIS2_PLACEMENT_3D( '', #2717, #2718, #2719 );
#1458 = SURFACE_SIDE_STYLE( '', ( #2720 ) );
#1459 = EDGE_LOOP( '', ( #2721 ) );
#1460 = EDGE_LOOP( '', ( #2722, #2723, #2724, #2725, #2726, #2727, #2728, #2729 ) );
#1461 = AXIS2_PLACEMENT_3D( '', #2730, #2731, #2732 );
#1462 = SURFACE_SIDE_STYLE( '', ( #2733 ) );
#1463 = EDGE_LOOP( '', ( #2734, #2735, #2736, #2737, #2738, #2739, #2740 ) );
#1464 = AXIS2_PLACEMENT_3D( '', #2741, #2742, #2743 );
#1465 = SURFACE_SIDE_STYLE( '', ( #2744 ) );
#1466 = EDGE_LOOP( '', ( #2745, #2746, #2747, #2748 ) );
#1467 = AXIS2_PLACEMENT_3D( '', #2749, #2750, #2751 );
#1468 = SURFACE_SIDE_STYLE( '', ( #2752 ) );
#1469 = EDGE_LOOP( '', ( #2753, #2754, #2755, #2756 ) );
#1470 = B_SPLINE_CURVE_WITH_KNOTS( '', 3, ( #2757, #2758, #2759, #2760, #2761, #2762, #2763, #2764, #2765, #2766, #2767, #2768, #2769, #2770, #2771, #2772, #2773, #2774, #2775, #2776, #2777, #2778, #2779, #2780, #2781, #2782 ), .UNSPECIFIED., .F., .F., ( 4, 3, 2, 3, 2, 3, 3, 3, 3, 4 ), ( 0.000000000000000, 0.0433889308325332, 0.0792593364791307, 0.138224386857099, 0.185912169798142, 0.213686373049520, 0.240658847146019, 0.268211704955663, 0.299497694161617, 0.362528169213019 ), .UNSPECIFIED. );
#1471 = VECTOR( '', #2783, 1000.00000000000 );
#1472 = SURFACE_SIDE_STYLE( '', ( #2784 ) );
#1473 = EDGE_LOOP( '', ( #2785, #2786, #2787, #2788 ) );
#1474 = AXIS2_PLACEMENT_3D( '', #2789, #2790, #2791 );
#1475 = SURFACE_SIDE_STYLE( '', ( #2792 ) );
#1476 = EDGE_LOOP( '', ( #2793 ) );
#1477 = EDGE_LOOP( '', ( #2794, #2795, #2796, #2797, #2798, #2799 ) );
#1478 = AXIS2_PLACEMENT_3D( '', #2800, #2801, #2802 );
#1479 = SURFACE_SIDE_STYLE( '', ( #2803 ) );
#1480 = EDGE_LOOP( '', ( #2804, #2805, #2806, #2807 ) );
#1481 = AXIS2_PLACEMENT_3D( '', #2808, #2809, #2810 );
#1482 = SURFACE_SIDE_STYLE( '', ( #2811 ) );
#1483 = EDGE_LOOP( '', ( #2812, #2813, #2814, #2815 ) );
#1484 = AXIS2_PLACEMENT_3D( '', #2816, #2817, #2818 );
#1485 = SURFACE_SIDE_STYLE( '', ( #2819 ) );
#1486 = EDGE_LOOP( '', ( #2820, #2821, #2822, #2823 ) );
#1487 = AXIS2_PLACEMENT_3D( '', #2824, #2825, #2826 );
#1488 = SURFACE_SIDE_STYLE( '', ( #2827 ) );
#1489 = EDGE_LOOP( '', ( #2828, #2829, #2830, #2831 ) );
#1490 = B_SPLINE_CURVE_WITH_KNOTS( '', 3, ( #2832, #2833, #2834, #2835, #2836, #2837, #2838, #2839, #2840, #2841, #2842, #2843, #2844, #2845, #2846 ), .UNSPECIFIED., .F., .F., ( 4, 3, 3, 3, 2, 4 ), ( 0.000000000000000, 0.192070068930128, 0.294393381873452, 0.353711497330155, 0.409804698233785, 0.497450324645707 ), .UNSPECIFIED. );
#1491 = VECTOR( '', #2847, 1000.00000000000 );
#1492 = SURFACE_SIDE_STYLE( '', ( #2848 ) );
#1493 = EDGE_LOOP( '', ( #2849, #2850, #2851, #2852 ) );
#1494 = AXIS2_PLACEMENT_3D( '', #2853, #2854, #2855 );
#1495 = SURFACE_SIDE_STYLE( '', ( #2856 ) );
#1496 = EDGE_LOOP( '', ( #2857, #2858, #2859, #2860 ) );
#1497 = B_SPLINE_CURVE_WITH_KNOTS( '', 3, ( #2861, #2862, #2863, #2864, #2865, #2866, #2867 ), .UNSPECIFIED., .F., .F., ( 4, 3, 4 ), ( 0.000000000000000, 0.100000000000000, 0.200000000000000 ), .UNSPECIFIED. );
#1498 = VECTOR( '', #2868, 1000.00000000000 );
#1499 = SURFACE_SIDE_STYLE( '', ( #2869 ) );
#1500 = EDGE_LOOP( '', ( #2870, #2871, #2872, #2873 ) );
#1501 = AXIS2_PLACEMENT_3D( '', #2874, #2875, #2876 );
#1502 = SURFACE_SIDE_STYLE( '', ( #2877 ) );
#1503 = EDGE_LOOP( '', ( #2878, #2879, #2880, #2881 ) );
#1504 = AXIS2_PLACEMENT_3D( '', #2882, #2883, #2884 );
#1505 = SURFACE_SIDE_STYLE( '', ( #2885 ) );
#1506 = EDGE_LOOP( '', ( #2886, #2887, #2888, #2889 ) );
#1507 = AXIS2_PLACEMENT_3D( '', #2890, #2891, #2892 );
#1508 = SURFACE_SIDE_STYLE( '', ( #2893 ) );
#1509 = EDGE_LOOP( '', ( #2894, #2895, #2896, #2897 ) );
#1510 = B_SPLINE_CURVE_WITH_KNOTS( '', 3, ( #2898, #2899, #2900, #2901, #2902, #2903, #2904 ), .UNSPECIFIED., .F., .F., ( 4, 3, 4 ), ( 0.500000000000000, 0.600000000000000, 0.700000000000000 ), .UNSPECIFIED. );
#1511 = VECTOR( '', #2905, 1000.00000000000 );
#1512 = SURFACE_SIDE_STYLE( '', ( #2906 ) );
#1513 = EDGE_LOOP( '', ( #2907, #2908, #2909, #2910 ) );
#1514 = B_SPLINE_CURVE_WITH_KNOTS( '', 3, ( #2911, #2912, #2913, #2914, #2915, #2916, #2917, #2918, #2919, #2920, #2921, #2922, #2923, #2924, #2925, #2926, #2927, #2928 ), .UNSPECIFIED., .F., .F., ( 4, 2, 3, 3, 3, 3, 4 ), ( 0.245767083541690, 0.317813895968497, 0.349304555704718, 0.376551090352998, 0.402672518453466, 0.433961612401984, 0.550570672484398 ), .UNSPECIFIED. );
#1515 = VECTOR( '', #2929, 1000.00000000000 );
#1516 = SURFACE_SIDE_STYLE( '', ( #2930 ) );
#1517 = EDGE_LOOP( '', ( #2931, #2932, #2933, #2934 ) );
#1518 = AXIS2_PLACEMENT_3D( '', #2935, #2936, #2937 );
#1519 = SURFACE_SIDE_STYLE( '', ( #2938 ) );
#1520 = EDGE_LOOP( '', ( #2939, #2940, #2941, #2942 ) );
#1521 = B_SPLINE_CURVE_WITH_KNOTS( '', 3, ( #2943, #2944, #2945, #2946, #2947, #2948, #2949 ), .UNSPECIFIED., .F., .F., ( 4, 3, 4 ), ( 0.261565049315470, 0.282521531307130, 0.374154628781295 ), .UNSPECIFIED. );
#1522 = VECTOR( '', #2950, 1000.00000000000 );
#1523 = SURFACE_SIDE_STYLE( '', ( #2951 ) );
#1524 = EDGE_LOOP( '', ( #2952, #2953, #2954, #2955 ) );
#1525 = AXIS2_PLACEMENT_3D( '', #2956, #2957, #2958 );
#1526 = SURFACE_SIDE_STYLE( '', ( #2959 ) );
#1527 = EDGE_LOOP( '', ( #2960, #2961, #2962, #2963 ) );
#1528 = AXIS2_PLACEMENT_3D( '', #2964, #2965, #2966 );
#1529 = SURFACE_SIDE_STYLE( '', ( #2967 ) );
#1530 = EDGE_LOOP( '', ( #2968, #2969, #2970, #2971 ) );
#1531 = AXIS2_PLACEMENT_3D( '', #2972, #2973, #2974 );
#1532 = SURFACE_SIDE_STYLE( '', ( #2975 ) );
#1533 = EDGE_LOOP( '', ( #2976, #2977, #2978, #2979 ) );
#1534 = B_SPLINE_CURVE_WITH_KNOTS( '', 3, ( #2980, #2981, #2982, #2983, #2984, #2985, #2986 ), .UNSPECIFIED., .F., .F., ( 4, 3, 4 ), ( 0.500000000000000, 0.600000000000000, 0.700000000000000 ), .UNSPECIFIED. );
#1535 = VECTOR( '', #2987, 1000.00000000000 );
#1536 = SURFACE_SIDE_STYLE( '', ( #2988 ) );
#1537 = EDGE_LOOP( '', ( #2989, #2990, #2991, #2992 ) );
#1538 = AXIS2_PLACEMENT_3D( '', #2993, #2994, #2995 );
#1539 = SURFACE_SIDE_STYLE( '', ( #2996 ) );
#1540 = EDGE_LOOP( '', ( #2997, #2998, #2999, #3000 ) );
#1541 = AXIS2_PLACEMENT_3D( '', #3001, #3002, #3003 );
#1542 = SURFACE_SIDE_STYLE( '', ( #3004 ) );
#1543 = EDGE_LOOP( '', ( #3005, #3006, #3007, #3008 ) );
#1544 = B_SPLINE_CURVE_WITH_KNOTS( '', 3, ( #3009, #3010, #3011, #3012, #3013, #3014, #3015, #3016, #3017, #3018, #3019, #3020, #3021, #3022, #3023, #3024, #3025 ), .UNSPECIFIED., .F., .F., ( 4, 3, 3, 3, 2, 2, 4 ), ( 0.606720106537831, 0.756917030169936, 0.815557044737275, 0.853399998535366, 0.896704606014080, 0.948352303007040, 1.00000000000000 ), .UNSPECIFIED. );
#1545 = VECTOR( '', #3026, 1000.00000000000 );
#1546 = SURFACE_SIDE_STYLE( '', ( #3027 ) );
#1547 = EDGE_LOOP( '', ( #3028, #3029, #3030, #3031 ) );
#1548 = AXIS2_PLACEMENT_3D( '', #3032, #3033, #3034 );
#1549 = SURFACE_SIDE_STYLE( '', ( #3035 ) );
#1550 = EDGE_LOOP( '', ( #3036, #3037, #3038, #3039 ) );
#1551 = AXIS2_PLACEMENT_3D( '', #3040, #3041, #3042 );
#1552 = SURFACE_SIDE_STYLE( '', ( #3043 ) );
#1553 = EDGE_LOOP( '', ( #3044, #3045, #3046, #3047 ) );
#1554 = AXIS2_PLACEMENT_3D( '', #3048, #3049, #3050 );
#1555 = SURFACE_SIDE_STYLE( '', ( #3051 ) );
#1556 = EDGE_LOOP( '', ( #3052, #3053, #3054, #3055 ) );
#1557 = AXIS2_PLACEMENT_3D( '', #3056, #3057, #3058 );
#1558 = SURFACE_SIDE_STYLE( '', ( #3059 ) );
#1559 = EDGE_LOOP( '', ( #3060, #3061, #3062, #3063 ) );
#1560 = AXIS2_PLACEMENT_3D( '', #3064, #3065, #3066 );
#1561 = SURFACE_SIDE_STYLE( '', ( #3067 ) );
#1562 = EDGE_LOOP( '', ( #3068, #3069, #3070, #3071 ) );
#1563 = B_SPLINE_CURVE_WITH_KNOTS( '', 3, ( #3072, #3073, #3074, #3075, #3076, #3077, #3078, #3079, #3080 ), .UNSPECIFIED., .F., .F., ( 4, 3, 2, 4 ), ( 0.407619825378315, 0.463311165288449, 0.502551155735914, 0.557843869548252 ), .UNSPECIFIED. );
#1564 = VECTOR( '', #3081, 1000.00000000000 );
#1565 = SURFACE_SIDE_STYLE( '', ( #3082 ) );
#1566 = EDGE_LOOP( '', ( #3083, #3084, #3085, #3086 ) );
#1567 = B_SPLINE_CURVE_WITH_KNOTS( '', 3, ( #3087, #3088, #3089, #3090, #3091, #3092, #3093 ), .UNSPECIFIED., .F., .F., ( 4, 3, 4 ), ( 0.500000000000000, 0.600000000000000, 0.700000000000000 ), .UNSPECIFIED. );
#1568 = VECTOR( '', #3094, 1000.00000000000 );
#1569 = SURFACE_SIDE_STYLE( '', ( #3095 ) );
#1570 = EDGE_LOOP( '', ( #3096, #3097, #3098, #3099 ) );
#1571 = AXIS2_PLACEMENT_3D( '', #3100, #3101, #3102 );
#1572 = SURFACE_SIDE_STYLE( '', ( #3103 ) );
#1573 = EDGE_LOOP( '', ( #3104, #3105, #3106, #3107 ) );
#1574 = AXIS2_PLACEMENT_3D( '', #3108, #3109, #3110 );
#1575 = SURFACE_SIDE_STYLE( '', ( #3111 ) );
#1576 = EDGE_LOOP( '', ( #3112, #3113, #3114, #3115 ) );
#1577 = AXIS2_PLACEMENT_3D( '', #3116, #3117, #3118 );
#1578 = SURFACE_SIDE_STYLE( '', ( #3119 ) );
#1579 = EDGE_LOOP( '', ( #3120, #3121, #3122, #3123 ) );
#1580 = AXIS2_PLACEMENT_3D( '', #3124, #3125, #3126 );
#1581 = SURFACE_SIDE_STYLE( '', ( #3127 ) );
#1582 = EDGE_LOOP( '', ( #3128, #3129, #3130, #3131 ) );
#1583 = AXIS2_PLACEMENT_3D( '', #3132, #3133, #3134 );
#1584 = SURFACE_SIDE_STYLE( '', ( #3135 ) );
#1585 = EDGE_LOOP( '', ( #3136, #3137, #3138, #3139 ) );
#1586 = AXIS2_PLACEMENT_3D( '', #3140, #3141, #3142 );
#1587 = SURFACE_SIDE_STYLE( '', ( #3143 ) );
#1588 = EDGE_LOOP( '', ( #3144, #3145, #3146, #3147 ) );
#1589 = AXIS2_PLACEMENT_3D( '', #3148, #3149, #3150 );
#1590 = SURFACE_SIDE_STYLE( '', ( #3151 ) );
#1591 = EDGE_LOOP( '', ( #3152, #3153, #3154, #3155 ) );
#1592 = B_SPLINE_CURVE_WITH_KNOTS( '', 3, ( #3156, #3157, #3158, #3159 ), .UNSPECIFIED., .F., .F., ( 4, 4 ), ( 0.973653901836818, 1.00000000000000 ), .UNSPECIFIED. );
#1593 = VECTOR( '', #3160, 1000.00000000000 );
#1594 = SURFACE_SIDE_STYLE( '', ( #3161 ) );
#1595 = EDGE_LOOP( '', ( #3162 ) );
#1596 = EDGE_LOOP( '', ( #3163 ) );
#1597 = B_SPLINE_CURVE_WITH_KNOTS( '', 3, ( #3164, #3165, #3166, #3167, #3168, #3169, #3170, #3171, #3172, #3173, #3174, #3175, #3176 ), .UNSPECIFIED., .T., .F., ( 4, 3, 3, 3, 4 ), ( 0.000000000000000, 0.250000000000000, 0.500000000000000, 0.750000000000000, 1.00000000000000 ), .UNSPECIFIED. );
#1598 = VECTOR( '', #3177, 1000.00000000000 );
#1599 = SURFACE_SIDE_STYLE( '', ( #3178 ) );
#1600 = EDGE_LOOP( '', ( #3179, #3180, #3181, #3182 ) );
#1601 = B_SPLINE_CURVE_WITH_KNOTS( '', 3, ( #3183, #3184, #3185, #3186, #3187, #3188, #3189, #3190, #3191, #3192, #3193, #3194, #3195, #3196 ), .UNSPECIFIED., .F., .F., ( 4, 2, 2, 3, 3, 4 ), ( 0.497450324645707, 0.611814374763957, 0.726178424882207, 0.840542475000456, 0.957886565368742, 1.00000000000000 ), .UNSPECIFIED. );
#1602 = VECTOR( '', #3197, 1000.00000000000 );
#1603 = SURFACE_SIDE_STYLE( '', ( #3198 ) );
#1604 = EDGE_LOOP( '', ( #3199, #3200, #3201, #3202 ) );
#1605 = B_SPLINE_CURVE_WITH_KNOTS( '', 3, ( #3203, #3204, #3205, #3206, #3207, #3208, #3209, #3210, #3211, #3212, #3213, #3214, #3215, #3216, #3217, #3218, #3219, #3220, #3221, #3222, #3223, #3224, #3225, #3226, #3227, #3228, #3229, #3230 ), .UNSPECIFIED., .F., .F., ( 4, 3, 3, 2, 2, 2, 3, 3, 3, 3, 4 ), ( 0.553415480859037, 0.591837508675408, 0.629046781297263, 0.665225484139925, 0.701404186982588, 0.737582889825251, 0.773761592667915, 0.805616457499947, 0.851753601437082, 0.912529489473367, 0.938350690160087 ), .UNSPECIFIED. );
#1606 = VECTOR( '', #3231, 1000.00000000000 );
#1607 = SURFACE_SIDE_STYLE( '', ( #3232 ) );
#1608 = EDGE_LOOP( '', ( #3233, #3234, #3235, #3236 ) );
#1609 = AXIS2_PLACEMENT_3D( '', #3237, #3238, #3239 );
#1610 = SURFACE_SIDE_STYLE( '', ( #3240 ) );
#1611 = EDGE_LOOP( '', ( #3241 ) );
#1612 = AXIS2_PLACEMENT_3D( '', #3242, #3243, #3244 );
#1613 = SURFACE_SIDE_STYLE( '', ( #3245 ) );
#1614 = EDGE_LOOP( '', ( #3246, #3247, #3248, #3249 ) );
#1615 = AXIS2_PLACEMENT_3D( '', #3250, #3251, #3252 );
#1616 = SURFACE_SIDE_STYLE( '', ( #3253 ) );
#1617 = EDGE_LOOP( '', ( #3254, #3255, #3256, #3257 ) );
#1618 = AXIS2_PLACEMENT_3D( '', #3258, #3259, #3260 );
#1619 = SURFACE_SIDE_STYLE( '', ( #3261 ) );
#1620 = EDGE_LOOP( '', ( #3262 ) );
#1621 = EDGE_LOOP( '', ( #3263 ) );
#1622 = B_SPLINE_CURVE_WITH_KNOTS( '', 3, ( #3264, #3265, #3266, #3267, #3268, #3269, #3270, #3271, #3272, #3273, #3274, #3275, #3276 ), .UNSPECIFIED., .T., .F., ( 4, 3, 3, 3, 4 ), ( 0.000000000000000, 0.250000000000000, 0.500000000000000, 0.750000000000000, 1.00000000000000 ), .UNSPECIFIED. );
#1623 = VECTOR( '', #3277, 1000.00000000000 );
#1624 = SURFACE_SIDE_STYLE( '', ( #3278 ) );
#1625 = EDGE_LOOP( '', ( #3279, #3280, #3281, #3282 ) );
#1626 = AXIS2_PLACEMENT_3D( '', #3283, #3284, #3285 );
#1627 = SURFACE_SIDE_STYLE( '', ( #3286 ) );
#1628 = EDGE_LOOP( '', ( #3287, #3288, #3289, #3290 ) );
#1629 = AXIS2_PLACEMENT_3D( '', #3291, #3292, #3293 );
#1630 = SURFACE_SIDE_STYLE( '', ( #3294 ) );
#1631 = EDGE_LOOP( '', ( #3295, #3296, #3297, #3298 ) );
#1632 = AXIS2_PLACEMENT_3D( '', #3299, #3300, #3301 );
#1633 = SURFACE_SIDE_STYLE( '', ( #3302 ) );
#1634 = EDGE_LOOP( '', ( #3303, #3304, #3305, #3306 ) );
#1635 = AXIS2_PLACEMENT_3D( '', #3307, #3308, #3309 );
#1636 = SURFACE_SIDE_STYLE( '', ( #3310 ) );
#1637 = EDGE_LOOP( '', ( #3311, #3312, #3313, #3314 ) );
#1638 = AXIS2_PLACEMENT_3D( '', #3315, #3316, #3317 );
#1639 = SURFACE_SIDE_STYLE( '', ( #3318 ) );
#1640 = EDGE_LOOP( '', ( #3319, #3320, #3321, #3322 ) );
#1641 = AXIS2_PLACEMENT_3D( '', #3323, #3324, #3325 );
#1642 = SURFACE_SIDE_STYLE( '', ( #3326 ) );
#1643 = EDGE_LOOP( '', ( #3327, #3328, #3329, #3330 ) );
#1644 = AXIS2_PLACEMENT_3D( '', #3331, #3332, #3333 );
#1645 = SURFACE_SIDE_STYLE( '', ( #3334 ) );
#1646 = EDGE_LOOP( '', ( #3335, #3336, #3337, #3338 ) );
#1647 = AXIS2_PLACEMENT_3D( '', #3339, #3340, #3341 );
#1648 = SURFACE_SIDE_STYLE( '', ( #3342 ) );
#1649 = EDGE_LOOP( '', ( #3343, #3344, #3345, #3346 ) );
#1650 = AXIS2_PLACEMENT_3D( '', #3347, #3348, #3349 );
#1651 = SURFACE_SIDE_STYLE( '', ( #3350 ) );
#1652 = EDGE_LOOP( '', ( #3351, #3352, #3353, #3354 ) );
#1653 = AXIS2_PLACEMENT_3D( '', #3355, #3356, #3357 );
#1654 = SURFACE_SIDE_STYLE( '', ( #3358 ) );
#1655 = EDGE_LOOP( '', ( #3359, #3360, #3361, #3362 ) );
#1656 = AXIS2_PLACEMENT_3D( '', #3363, #3364, #3365 );
#1657 = SURFACE_SIDE_STYLE( '', ( #3366 ) );
#1658 = EDGE_LOOP( '', ( #3367, #3368, #3369, #3370 ) );
#1659 = AXIS2_PLACEMENT_3D( '', #3371, #3372, #3373 );
#1660 = SURFACE_SIDE_STYLE( '', ( #3374 ) );
#1661 = EDGE_LOOP( '', ( #3375, #3376, #3377, #3378 ) );
#1662 = AXIS2_PLACEMENT_3D( '', #3379, #3380, #3381 );
#1663 = SURFACE_SIDE_STYLE( '', ( #3382 ) );
#1664 = EDGE_LOOP( '', ( #3383, #3384, #3385, #3386 ) );
#1665 = AXIS2_PLACEMENT_3D( '', #3387, #3388, #3389 );
#1666 = SURFACE_SIDE_STYLE( '', ( #3390 ) );
#1667 = EDGE_LOOP( '', ( #3391, #3392, #3393, #3394 ) );
#1668 = AXIS2_PLACEMENT_3D( '', #3395, #3396, #3397 );
#1669 = SURFACE_SIDE_STYLE( '', ( #3398 ) );
#1670 = EDGE_LOOP( '', ( #3399, #3400, #3401, #3402 ) );
#1671 = B_SPLINE_CURVE_WITH_KNOTS( '', 3, ( #3403, #3404, #3405, #3406, #3407, #3408, #3409, #3410, #3411, #3412, #3413, #3414, #3415, #3416, #3417, #3418, #3419, #3420, #3421 ), .UNSPECIFIED., .F., .F., ( 4, 2, 3, 2, 3, 3, 2, 4 ), ( 0.182812365804201, 0.235961726471821, 0.301849363663083, 0.368915956853649, 0.415107517726622, 0.457360045979293, 0.501038584972397, 0.558676244674639 ), .UNSPECIFIED. );
#1672 = VECTOR( '', #3422, 1000.00000000000 );
#1673 = SURFACE_SIDE_STYLE( '', ( #3423 ) );
#1674 = EDGE_LOOP( '', ( #3424, #3425, #3426, #3427 ) );
#1675 = AXIS2_PLACEMENT_3D( '', #3428, #3429, #3430 );
#1676 = SURFACE_SIDE_STYLE( '', ( #3431 ) );
#1677 = EDGE_LOOP( '', ( #3432, #3433, #3434, #3435 ) );
#1678 = AXIS2_PLACEMENT_3D( '', #3436, #3437, #3438 );
#1679 = SURFACE_SIDE_STYLE( '', ( #3439 ) );
#1680 = EDGE_LOOP( '', ( #3440 ) );
#1681 = AXIS2_PLACEMENT_3D( '', #3441, #3442, #3443 );
#1682 = SURFACE_SIDE_STYLE( '', ( #3444 ) );
#1683 = EDGE_LOOP( '', ( #3445, #3446, #3447, #3448 ) );
#1684 = AXIS2_PLACEMENT_3D( '', #3449, #3450, #3451 );
#1685 = SURFACE_SIDE_STYLE( '', ( #3452 ) );
#1686 = EDGE_LOOP( '', ( #3453, #3454, #3455, #3456 ) );
#1687 = AXIS2_PLACEMENT_3D( '', #3457, #3458, #3459 );
#1688 = SURFACE_SIDE_STYLE( '', ( #3460 ) );
#1689 = EDGE_LOOP( '', ( #3461, #3462, #3463, #3464, #3465, #3466, #3467, #3468, #3469, #3470, #3471, #3472 ) );
#1690 = AXIS2_PLACEMENT_3D( '', #3473, #3474, #3475 );
#1691 = SURFACE_SIDE_STYLE( '', ( #3476 ) );
#1692 = EDGE_LOOP( '', ( #3477, #3478, #3479, #3480 ) );
#1693 = AXIS2_PLACEMENT_3D( '', #3481, #3482, #3483 );
#1694 = SURFACE_SIDE_STYLE( '', ( #3484 ) );
#1695 = EDGE_LOOP( '', ( #3485, #3486, #3487, #3488 ) );
#1696 = AXIS2_PLACEMENT_3D( '', #3489, #3490, #3491 );
#1697 = SURFACE_SIDE_STYLE( '', ( #3492 ) );
#1698 = EDGE_LOOP( '', ( #3493 ) );
#1699 = EDGE_LOOP( '', ( #3494, #3495, #3496, #3497, #3498, #3499, #3500, #3501 ) );
#1700 = AXIS2_PLACEMENT_3D( '', #3502, #3503, #3504 );
#1701 = SURFACE_SIDE_STYLE( '', ( #3505 ) );
#1702 = EDGE_LOOP( '', ( #3506, #3507, #3508, #3509 ) );
#1703 = AXIS2_PLACEMENT_3D( '', #3510, #3511, #3512 );
#1704 = SURFACE_SIDE_STYLE( '', ( #3513 ) );
#1705 = EDGE_LOOP( '', ( #3514, #3515, #3516, #3517 ) );
#1706 = AXIS2_PLACEMENT_3D( '', #3518, #3519, #3520 );
#1707 = SURFACE_SIDE_STYLE( '', ( #3521 ) );
#1708 = EDGE_LOOP( '', ( #3522, #3523, #3524, #3525 ) );
#1709 = AXIS2_PLACEMENT_3D( '', #3526, #3527, #3528 );
#1710 = SURFACE_SIDE_STYLE( '', ( #3529 ) );
#1711 = EDGE_LOOP( '', ( #3530, #3531, #3532, #3533 ) );
#1712 = AXIS2_PLACEMENT_3D( '', #3534, #3535, #3536 );
#1713 = SURFACE_SIDE_STYLE( '', ( #3537 ) );
#1714 = EDGE_LOOP( '', ( #3538, #3539, #3540, #3541 ) );
#1715 = AXIS2_PLACEMENT_3D( '', #3542, #3543, #3544 );
#1716 = SURFACE_SIDE_STYLE( '', ( #3545 ) );
#1717 = EDGE_LOOP( '', ( #3546, #3547, #3548, #3549 ) );
#1718 = AXIS2_PLACEMENT_3D( '', #3550, #3551, #3552 );
#1719 = SURFACE_SIDE_STYLE( '', ( #3553 ) );
#1720 = EDGE_LOOP( '', ( #3554 ) );
#1721 = EDGE_LOOP( '', ( #3555, #3556, #3557, #3558, #3559, #3560, #3561, #3562 ) );
#1722 = AXIS2_PLACEMENT_3D( '', #3563, #3564, #3565 );
#1723 = SURFACE_SIDE_STYLE( '', ( #3566 ) );
#1724 = EDGE_LOOP( '', ( #3567, #3568, #3569, #3570, #3571, #3572, #3573, #3574, #3575, #3576, #3577, #3578 ) );
#1725 = AXIS2_PLACEMENT_3D( '', #3579, #3580, #3581 );
#1726 = SURFACE_SIDE_STYLE( '', ( #3582 ) );
#1727 = EDGE_LOOP( '', ( #3583, #3584, #3585, #3586 ) );
#1728 = AXIS2_PLACEMENT_3D( '', #3587, #3588, #3589 );
#1729 = SURFACE_SIDE_STYLE( '', ( #3590 ) );
#1730 = EDGE_LOOP( '', ( #3591, #3592, #3593, #3594 ) );
#1731 = AXIS2_PLACEMENT_3D( '', #3595, #3596, #3597 );
#1732 = SURFACE_SIDE_STYLE( '', ( #3598 ) );
#1733 = EDGE_LOOP( '', ( #3599 ) );
#1734 = EDGE_LOOP( '', ( #3600 ) );
#1735 = B_SPLINE_CURVE_WITH_KNOTS( '', 3, ( #3601, #3602, #3603, #3604, #3605, #3606, #3607, #3608, #3609, #3610, #3611, #3612, #3613 ), .UNSPECIFIED., .T., .F., ( 4, 3, 3, 3, 4 ), ( 0.000000000000000, 0.250000000000000, 0.500000000000000, 0.750000000000000, 1.00000000000000 ), .UNSPECIFIED. );
#1736 = VECTOR( '', #3614, 1000.00000000000 );
#1737 = SURFACE_SIDE_STYLE( '', ( #3615 ) );
#1738 = EDGE_LOOP( '', ( #3616, #3617, #3618, #3619 ) );
#1739 = AXIS2_PLACEMENT_3D( '', #3620, #3621, #3622 );
#1740 = SURFACE_SIDE_STYLE( '', ( #3623 ) );
#1741 = EDGE_LOOP( '', ( #3624, #3625, #3626, #3627 ) );
#1742 = B_SPLINE_CURVE_WITH_KNOTS( '', 3, ( #3628, #3629, #3630, #3631, #3632, #3633, #3634 ), .UNSPECIFIED., .F., .F., ( 4, 3, 4 ), ( 0.500000000000000, 0.600000000000000, 0.700000000000000 ), .UNSPECIFIED. );
#1743 = VECTOR( '', #3635, 1000.00000000000 );
#1744 = SURFACE_SIDE_STYLE( '', ( #3636 ) );
#1745 = EDGE_LOOP( '', ( #3637, #3638, #3639, #3640 ) );
#1746 = AXIS2_PLACEMENT_3D( '', #3641, #3642, #3643 );
#1747 = SURFACE_SIDE_STYLE( '', ( #3644 ) );
#1748 = EDGE_LOOP( '', ( #3645, #3646, #3647, #3648 ) );
#1749 = AXIS2_PLACEMENT_3D( '', #3649, #3650, #3651 );
#1750 = SURFACE_SIDE_STYLE( '', ( #3652 ) );
#1751 = EDGE_LOOP( '', ( #3653, #3654, #3655, #3656, #3657, #3658, #3659, #3660, #3661, #3662, #3663, #3664, #3665 ) );
#1752 = AXIS2_PLACEMENT_3D( '', #3666, #3667, #3668 );
#1753 = SURFACE_SIDE_STYLE( '', ( #3669 ) );
#1754 = EDGE_LOOP( '', ( #3670, #3671, #3672, #3673 ) );
#1755 = AXIS2_PLACEMENT_3D( '', #3674, #3675, #3676 );
#1756 = SURFACE_SIDE_STYLE( '', ( #3677 ) );
#1757 = EDGE_LOOP( '', ( #3678, #3679, #3680, #3681 ) );
#1758 = AXIS2_PLACEMENT_3D( '', #3682, #3683, #3684 );
#1759 = SURFACE_SIDE_STYLE( '', ( #3685 ) );
#1760 = EDGE_LOOP( '', ( #3686 ) );
#1761 = EDGE_LOOP( '', ( #3687 ) );
#1762 = B_SPLINE_CURVE_WITH_KNOTS( '', 3, ( #3688, #3689, #3690, #3691, #3692, #3693, #3694, #3695, #3696, #3697, #3698, #3699, #3700 ), .UNSPECIFIED., .T., .F., ( 4, 3, 3, 3, 4 ), ( 0.000000000000000, 0.250000000000000, 0.500000000000000, 0.750000000000000, 1.00000000000000 ), .UNSPECIFIED. );
#1763 = VECTOR( '', #3701, 1000.00000000000 );
#1764 = SURFACE_SIDE_STYLE( '', ( #3702 ) );
#1765 = EDGE_LOOP( '', ( #3703, #3704, #3705, #3706, #3707, #3708, #3709, #3710, #3711, #3712, #3713, #3714, #3715 ) );
#1766 = AXIS2_PLACEMENT_3D( '', #3716, #3717, #3718 );
#1767 = CARTESIAN_POINT( '', ( 0.000000000000000, 0.000000000000000, 0.000000000000000 ) );
#1768 = DIRECTION( '', ( 0.000000000000000, 0.000000000000000, 1.00000000000000 ) );
#1769 = DIRECTION( '', ( 1.00000000000000, 0.000000000000000, 0.000000000000000 ) );
#1770 = CARTESIAN_POINT( '', ( 0.000000000000000, 0.000000000000000, 0.000000000000000 ) );
#1771 = DIRECTION( '', ( 5.55111512312578E-017, -5.55111512312578E-017, 1.00000000000000 ) );
#1772 = DIRECTION( '', ( 6.02334540269725E-017, 1.00000000000000, 5.55111512312578E-017 ) );
#1773 = CARTESIAN_POINT( '', ( 0.000000000000000, 0.000000000000000, 0.000000000000000 ) );
#1774 = DIRECTION( '', ( 0.000000000000000, 0.000000000000000, 1.00000000000000 ) );
#1775 = DIRECTION( '', ( 1.00000000000000, 0.000000000000000, 0.000000000000000 ) );
#1776 = ADVANCED_FACE( '', ( #3719 ), #3720, .T. );
#1777 = ADVANCED_FACE( '', ( #3721 ), #3722, .F. );
#1778 = ADVANCED_FACE( '', ( #3723 ), #3724, .T. );
#1779 = ADVANCED_FACE( '', ( #3725, #3726 ), #3727, .T. );
#1780 = ADVANCED_FACE( '', ( #3728 ), #3729, .T. );
#1781 = ADVANCED_FACE( '', ( #3730 ), #3731, .T. );
#1782 = ADVANCED_FACE( '', ( #3732, #3733 ), #3734, .T. );
#1783 = ADVANCED_FACE( '', ( #3735 ), #3736, .T. );
#1784 = ADVANCED_FACE( '', ( #3737 ), #3738, .T. );
#1785 = ADVANCED_FACE( '', ( #3739 ), #3740, .T. );
#1786 = ADVANCED_FACE( '', ( #3741 ), #3742, .F. );
#1787 = ADVANCED_FACE( '', ( #3743 ), #3744, .T. );
#1788 = ADVANCED_FACE( '', ( #3745 ), #3746, .F. );
#1789 = ADVANCED_FACE( '', ( #3747 ), #3748, .T. );
#1790 = ADVANCED_FACE( '', ( #3749 ), #3750, .T. );
#1791 = ADVANCED_FACE( '', ( #3751 ), #3752, .T. );
#1792 = ADVANCED_FACE( '', ( #3753 ), #3754, .F. );
#1793 = ADVANCED_FACE( '', ( #3755 ), #3756, .F. );
#1794 = ADVANCED_FACE( '', ( #3757 ), #3758, .T. );
#1795 = ADVANCED_FACE( '', ( #3759 ), #3760, .T. );
#1796 = ADVANCED_FACE( '', ( #3761 ), #3762, .T. );
#1797 = ADVANCED_FACE( '', ( #3763 ), #3764, .T. );
#1798 = ADVANCED_FACE( '', ( #3765 ), #3766, .T. );
#1799 = ADVANCED_FACE( '', ( #3767 ), #3768, .F. );
#1800 = ADVANCED_FACE( '', ( #3769 ), #3770, .T. );
#1801 = ADVANCED_FACE( '', ( #3771 ), #3772, .T. );
#1802 = ADVANCED_FACE( '', ( #3773 ), #3774, .T. );
#1803 = ADVANCED_FACE( '', ( #3775 ), #3776, .T. );
#1804 = ADVANCED_FACE( '', ( #3777 ), #3778, .T. );
#1805 = ADVANCED_FACE( '', ( #3779 ), #3780, .F. );
#1806 = ADVANCED_FACE( '', ( #3781 ), #3782, .T. );
#1807 = ADVANCED_FACE( '', ( #3783 ), #3784, .F. );
#1808 = ADVANCED_FACE( '', ( #3785 ), #3786, .T. );
#1809 = ADVANCED_FACE( '', ( #3787 ), #3788, .F. );
#1810 = ADVANCED_FACE( '', ( #3789 ), #3790, .T. );
#1811 = ADVANCED_FACE( '', ( #3791 ), #3792, .F. );
#1812 = ADVANCED_FACE( '', ( #3793 ), #3794, .T. );
#1813 = ADVANCED_FACE( '', ( #3795 ), #3796, .T. );
#1814 = ADVANCED_FACE( '', ( #3797 ), #3798, .T. );
#1815 = ADVANCED_FACE( '', ( #3799 ), #3800, .T. );
#1816 = ADVANCED_FACE( '', ( #3801 ), #3802, .T. );
#1817 = ADVANCED_FACE( '', ( #3803 ), #3804, .T. );
#1819 = SURFACE_STYLE_FILL_AREA( #3805 );
#1820 = ORIENTED_EDGE( '', *, *, #3806, .T. );
#1821 = CARTESIAN_POINT( '', ( -3.60000000000000, -3.60000000000000, 3.00000000000000 ) );
#1822 = DIRECTION( '', ( 0.000000000000000, 0.000000000000000, 1.00000000000000 ) );
#1823 = DIRECTION( '', ( 1.00000000000000, 0.000000000000000, 0.000000000000000 ) );
#1824 = SURFACE_STYLE_FILL_AREA( #3807 );
#1825 = ORIENTED_EDGE( '', *, *, #3808, .F. );
#1826 = ORIENTED_EDGE( '', *, *, #3809, .F. );
#1827 = ORIENTED_EDGE( '', *, *, #3810, .T. );
#1828 = ORIENTED_EDGE( '', *, *, #3811, .T. );
#1829 = CARTESIAN_POINT( '', ( -3.14799691988393, 0.906242172369820, 2.99000000000000 ) );
#1830 = DIRECTION( '', ( 1.00000000000000, 0.000000000000000, 0.000000000000000 ) );
#1831 = DIRECTION( '', ( 0.000000000000000, 0.000000000000000, -1.00000000000000 ) );
#1832 = SURFACE_STYLE_FILL_AREA( #3812 );
#1833 = ORIENTED_EDGE( '', *, *, #3813, .F. );
#1834 = ORIENTED_EDGE( '', *, *, #3814, .F. );
#1835 = ORIENTED_EDGE( '', *, *, #3815, .T. );
#1836 = ORIENTED_EDGE( '', *, *, #3816, .T. );
#1837 = CARTESIAN_POINT( '', ( 2.12378756295247, 1.45710069570550, 2.99000000000000 ) );
#1838 = DIRECTION( '', ( 0.000000000000000, -1.00000000000000, 0.000000000000000 ) );
#1839 = DIRECTION( '', ( 0.000000000000000, 0.000000000000000, -1.00000000000000 ) );
#1840 = SURFACE_STYLE_FILL_AREA( #3817 );
#1841 = ORIENTED_EDGE( '', *, *, #3818, .F. );
#1842 = ORIENTED_EDGE( '', *, *, #3819, .F. );
#1843 = ORIENTED_EDGE( '', *, *, #3820, .T. );
#1844 = ORIENTED_EDGE( '', *, *, #3821, .T. );
#1845 = CARTESIAN_POINT( '', ( 0.128295819935692, -1.32438906752411, 2.99000000000000 ) );
#1846 = DIRECTION( '', ( -1.00000000000000, 0.000000000000000, 0.000000000000000 ) );
#1847 = DIRECTION( '', ( 0.000000000000000, 0.000000000000000, 1.00000000000000 ) );
#1848 = SURFACE_STYLE_FILL_AREA( #3822 );
#1849 = ORIENTED_EDGE( '', *, *, #3823, .F. );
#1850 = ORIENTED_EDGE( '', *, *, #3824, .F. );
#1851 = ORIENTED_EDGE( '', *, *, #3825, .T. );
#1852 = ORIENTED_EDGE( '', *, *, #3826, .T. );
#1853 = CARTESIAN_POINT( '', ( 0.128295819935692, -0.635000000000000, 2.99000000000000 ) );
#1854 = DIRECTION( '', ( -1.00000000000000, 0.000000000000000, 0.000000000000000 ) );
#1855 = DIRECTION( '', ( 0.000000000000000, 0.000000000000000, 1.00000000000000 ) );
#1856 = SURFACE_STYLE_FILL_AREA( #3827 );
#1857 = ORIENTED_EDGE( '', *, *, #3828, .F. );
#1858 = ORIENTED_EDGE( '', *, *, #3829, .F. );
#1859 = ORIENTED_EDGE( '', *, *, #3830, .T. );
#1860 = ORIENTED_EDGE( '', *, *, #3831, .T. );
#1861 = CARTESIAN_POINT( '', ( 0.00996784565916443, -1.60155948553055, 2.99000000000000 ) );
#1862 = DIRECTION( '', ( 1.00000000000000, 0.000000000000000, 0.000000000000000 ) );
#1863 = DIRECTION( '', ( 0.000000000000000, 0.000000000000000, -1.00000000000000 ) );
#1864 = SURFACE_STYLE_FILL_AREA( #3832 );
#1865 = ORIENTED_EDGE( '', *, *, #3833, .F. );
#1866 = ORIENTED_EDGE( '', *, *, #3834, .F. );
#1867 = ORIENTED_EDGE( '', *, *, #3835, .T. );
#1868 = ORIENTED_EDGE( '', *, *, #3836, .T. );
#1869 = CARTESIAN_POINT( '', ( -2.30578778135048, -1.60155948553055, 2.99000000000000 ) );
#1870 = DIRECTION( '', ( 1.00000000000000, 0.000000000000000, 0.000000000000000 ) );
#1871 = DIRECTION( '', ( 0.000000000000000, 0.000000000000000, -1.00000000000000 ) );
#1872 = SURFACE_STYLE_FILL_AREA( #3837 );
#1873 = ORIENTED_EDGE( '', *, *, #3838, .T. );
#1874 = ORIENTED_EDGE( '', *, *, #3839, .F. );
#1875 = ORIENTED_EDGE( '', *, *, #3840, .F. );
#1876 = ORIENTED_EDGE( '', *, *, #3841, .T. );
#1877 = CARTESIAN_POINT( '', ( 1.05349251834856, 2.77668957598912, 2.99000000000000 ) );
#1878 = DIRECTION( '', ( 0.000000000000000, 1.00000000000000, 0.000000000000000 ) );
#1879 = DIRECTION( '', ( 0.000000000000000, 0.000000000000000, 1.00000000000000 ) );
#1880 = SURFACE_STYLE_FILL_AREA( #3842 );
#1881 = ORIENTED_EDGE( '', *, *, #3843, .F. );
#1882 = ORIENTED_EDGE( '', *, *, #3844, .F. );
#1883 = ORIENTED_EDGE( '', *, *, #3845, .T. );
#1884 = ORIENTED_EDGE( '', *, *, #3846, .T. );
#1885 = CARTESIAN_POINT( '', ( -2.53242854203242, 2.77668957598912, 2.99000000000000 ) );
#1886 = DIRECTION( '', ( 0.000000000000000, -1.00000000000000, 0.000000000000000 ) );
#1887 = DIRECTION( '', ( 0.000000000000000, 0.000000000000000, -1.00000000000000 ) );
#1888 = SURFACE_STYLE_FILL_AREA( #3847 );
#1889 = ORIENTED_EDGE( '', *, *, #3848, .F. );
#1890 = ORIENTED_EDGE( '', *, *, #3811, .F. );
#1891 = ORIENTED_EDGE( '', *, *, #3849, .T. );
#1892 = ORIENTED_EDGE( '', *, *, #3850, .T. );
#1893 = CARTESIAN_POINT( '', ( -3.14799691988393, 0.969059135194855, 2.99000000000000 ) );
#1894 = DIRECTION( '', ( 0.000000000000000, -1.00000000000000, 0.000000000000000 ) );
#1895 = DIRECTION( '', ( 0.000000000000000, 0.000000000000000, -1.00000000000000 ) );
#1896 = SURFACE_STYLE_FILL_AREA( #3851 );
#1897 = ORIENTED_EDGE( '', *, *, #3852, .F. );
#1898 = ORIENTED_EDGE( '', *, *, #3853, .F. );
#1899 = ORIENTED_EDGE( '', *, *, #3854, .T. );
#1900 = ORIENTED_EDGE( '', *, *, #3855, .T. );
#1901 = CARTESIAN_POINT( '', ( -1.78745980707395, -1.60155948553055, 2.99000000000000 ) );
#1902 = DIRECTION( '', ( 0.000000000000000, 1.00000000000000, 0.000000000000000 ) );
#1903 = DIRECTION( '', ( 0.000000000000000, 0.000000000000000, 1.00000000000000 ) );
#1904 = SURFACE_STYLE_FILL_AREA( #3856 );
#1905 = ORIENTED_EDGE( '', *, *, #3857, .F. );
#1906 = ORIENTED_EDGE( '', *, *, #3858, .F. );
#1907 = ORIENTED_EDGE( '', *, *, #3859, .T. );
#1908 = ORIENTED_EDGE( '', *, *, #3860, .T. );
#1909 = CARTESIAN_POINT( '', ( 1.43569131832797, -1.60155948553055, 2.99000000000000 ) );
#1910 = CARTESIAN_POINT( '', ( 1.43569131832797, -1.45965166130761, 2.99000000000000 ) );
#1911 = CARTESIAN_POINT( '', ( 1.43569131832797, -1.31774383708467, 2.99000000000000 ) );
#1912 = CARTESIAN_POINT( '', ( 1.43569131832797, -1.17583601286174, 2.99000000000000 ) );
#1913 = CARTESIAN_POINT( '', ( 1.43569131832797, -1.12760450160772, 2.99000000000000 ) );
#1914 = CARTESIAN_POINT( '', ( 1.43118971061093, -1.09159163987138, 2.99000000000000 ) );
#1915 = CARTESIAN_POINT( '', ( 1.42154340836013, -1.06779742765273, 2.99000000000000 ) );
#1916 = CARTESIAN_POINT( '', ( 1.41176397019369, -1.04367481350886, 2.99000000000000 ) );
#1917 = CARTESIAN_POINT( '', ( 1.39581993569132, -1.02471061093248, 2.99000000000000 ) );
#1918 = CARTESIAN_POINT( '', ( 1.37266881028939, -1.00991961414791, 2.99000000000000 ) );
#1919 = CARTESIAN_POINT( '', ( 1.34935277276131, -0.995023256838303, 2.99000000000000 ) );
#1920 = CARTESIAN_POINT( '', ( 1.32122186495177, -0.988697749196141, 2.99000000000000 ) );
#1921 = CARTESIAN_POINT( '', ( 1.23890675241158, -0.988697749196141, 2.99000000000000 ) );
#1922 = CARTESIAN_POINT( '', ( 1.19517684887460, -1.00477491961415, 2.99000000000000 ) );
#1923 = CARTESIAN_POINT( '', ( 1.15787781350482, -1.03692926045016, 2.99000000000000 ) );
#1924 = CARTESIAN_POINT( '', ( 1.12094769765269, -1.06876556721924, 2.99000000000000 ) );
#1925 = CARTESIAN_POINT( '', ( 1.10321543408360, -1.13017684887460, 2.99000000000000 ) );
#1926 = CARTESIAN_POINT( '', ( 1.10321543408360, -1.21956591639871, 2.99000000000000 ) );
#1927 = CARTESIAN_POINT( '', ( 1.10321543408360, -1.34689710610932, 2.99000000000000 ) );
#1928 = CARTESIAN_POINT( '', ( 1.10321543408360, -1.47422829581993, 2.99000000000000 ) );
#1929 = CARTESIAN_POINT( '', ( 1.10321543408360, -1.60155948553055, 2.99000000000000 ) );
#1930 = DIRECTION( '', ( 0.000000000000000, 0.000000000000000, 1.00000000000000 ) );
#1931 = SURFACE_STYLE_FILL_AREA( #3861 );
#1932 = ORIENTED_EDGE( '', *, *, #3862, .F. );
#1933 = ORIENTED_EDGE( '', *, *, #3863, .F. );
#1934 = ORIENTED_EDGE( '', *, *, #3864, .T. );
#1935 = ORIENTED_EDGE( '', *, *, #3865, .T. );
#1936 = CARTESIAN_POINT( '', ( -1.38231511254019, -0.635000000000000, 2.99000000000000 ) );
#1937 = DIRECTION( '', ( -1.00000000000000, 0.000000000000000, 0.000000000000000 ) );
#1938 = DIRECTION( '', ( 0.000000000000000, 0.000000000000000, 1.00000000000000 ) );
#1939 = SURFACE_STYLE_FILL_AREA( #3866 );
#1940 = ORIENTED_EDGE( '', *, *, #3867, .F. );
#1941 = ORIENTED_EDGE( '', *, *, #3868, .F. );
#1942 = ORIENTED_EDGE( '', *, *, #3869, .T. );
#1943 = ORIENTED_EDGE( '', *, *, #3870, .T. );
#1944 = CARTESIAN_POINT( '', ( -3.14799691988393, 2.90226941901945, 2.99000000000000 ) );
#1945 = DIRECTION( '', ( 0.000000000000000, -1.00000000000000, 0.000000000000000 ) );
#1946 = DIRECTION( '', ( 0.000000000000000, 0.000000000000000, -1.00000000000000 ) );
#1947 = SURFACE_STYLE_FILL_AREA( #3871 );
#1948 = ORIENTED_EDGE( '', *, *, #3872, .T. );
#1949 = ORIENTED_EDGE( '', *, *, #3873, .F. );
#1950 = ORIENTED_EDGE( '', *, *, #3874, .F. );
#1951 = ORIENTED_EDGE( '', *, *, #3875, .T. );
#1952 = CARTESIAN_POINT( '', ( 0.277082429397897, 1.45723590225484, 2.99000000000000 ) );
#1953 = DIRECTION( '', ( 0.000000000000000, 1.00000000000000, 0.000000000000000 ) );
#1954 = DIRECTION( '', ( 0.000000000000000, 0.000000000000000, 1.00000000000000 ) );
#1955 = SURFACE_STYLE_FILL_AREA( #3876 );
#1956 = ORIENTED_EDGE( '', *, *, #3877, .F. );
#1957 = ORIENTED_EDGE( '', *, *, #3878, .F. );
#1958 = ORIENTED_EDGE( '', *, *, #3879, .T. );
#1959 = ORIENTED_EDGE( '', *, *, #3880, .T. );
#1960 = CARTESIAN_POINT( '', ( 3.13137380997081, 0.969059135194855, 2.99000000000000 ) );
#1961 = DIRECTION( '', ( -1.00000000000000, 0.000000000000000, 0.000000000000000 ) );
#1962 = DIRECTION( '', ( 0.000000000000000, 0.000000000000000, 1.00000000000000 ) );
#1963 = SURFACE_STYLE_FILL_AREA( #3881 );
#1964 = ORIENTED_EDGE( '', *, *, #3882, .F. );
#1965 = ORIENTED_EDGE( '', *, *, #3883, .F. );
#1966 = ORIENTED_EDGE( '', *, *, #3884, .T. );
#1967 = ORIENTED_EDGE( '', *, *, #3885, .T. );
#1968 = CARTESIAN_POINT( '', ( 3.13137380997081, 1.94514225621614, 2.99000000000000 ) );
#1969 = DIRECTION( '', ( -1.00000000000000, 0.000000000000000, 0.000000000000000 ) );
#1970 = DIRECTION( '', ( 0.000000000000000, 0.000000000000000, 1.00000000000000 ) );
#1971 = SURFACE_STYLE_FILL_AREA( #3886 );
#1972 = ORIENTED_EDGE( '', *, *, #3887, .T. );
#1973 = ORIENTED_EDGE( '', *, *, #3888, .T. );
#1974 = CARTESIAN_POINT( '', ( -3.60000000000000, -3.60000000000000, 3.00000000000000 ) );
#1975 = DIRECTION( '', ( 0.000000000000000, 0.000000000000000, 1.00000000000000 ) );
#1976 = DIRECTION( '', ( 1.00000000000000, 0.000000000000000, 0.000000000000000 ) );
#1977 = SURFACE_STYLE_FILL_AREA( #3889 );
#1978 = ORIENTED_EDGE( '', *, *, #3890, .F. );
#1979 = ORIENTED_EDGE( '', *, *, #3891, .F. );
#1980 = ORIENTED_EDGE( '', *, *, #3892, .T. );
#1981 = ORIENTED_EDGE( '', *, *, #3893, .T. );
#1982 = CARTESIAN_POINT( '', ( -1.50643086816720, -1.60155948553055, 2.99000000000000 ) );
#1983 = DIRECTION( '', ( 1.00000000000000, 0.000000000000000, 0.000000000000000 ) );
#1984 = DIRECTION( '', ( 0.000000000000000, 0.000000000000000, -1.00000000000000 ) );
#1985 = SURFACE_STYLE_FILL_AREA( #3894 );
#1986 = ORIENTED_EDGE( '', *, *, #3895, .F. );
#1987 = ORIENTED_EDGE( '', *, *, #3896, .F. );
#1988 = ORIENTED_EDGE( '', *, *, #3897, .T. );
#1989 = ORIENTED_EDGE( '', *, *, #3898, .T. );
#1990 = CARTESIAN_POINT( '', ( 0.984244372990354, -0.901237942122186, 2.99000000000000 ) );
#1991 = DIRECTION( '', ( 0.000000000000000, -1.00000000000000, 0.000000000000000 ) );
#1992 = DIRECTION( '', ( 0.000000000000000, 0.000000000000000, -1.00000000000000 ) );
#1993 = SURFACE_STYLE_FILL_AREA( #3899 );
#1994 = ORIENTED_EDGE( '', *, *, #3900, .T. );
#1995 = ORIENTED_EDGE( '', *, *, #3901, .F. );
#1996 = ORIENTED_EDGE( '', *, *, #3902, .F. );
#1997 = ORIENTED_EDGE( '', *, *, #3839, .T. );
#1998 = CARTESIAN_POINT( '', ( -0.193057783979653, 2.77668957598912, 2.99000000000000 ) );
#1999 = DIRECTION( '', ( -0.863966758174713, 0.503548846457895, 0.000000000000000 ) );
#2000 = DIRECTION( '', ( -0.503548846457895, -0.863966758174713, 0.000000000000000 ) );
#2001 = SURFACE_STYLE_FILL_AREA( #3903 );
#2002 = ORIENTED_EDGE( '', *, *, #3904, .F. );
#2003 = ORIENTED_EDGE( '', *, *, #3831, .F. );
#2004 = ORIENTED_EDGE( '', *, *, #3905, .T. );
#2005 = ORIENTED_EDGE( '', *, *, #3824, .T. );
#2006 = CARTESIAN_POINT( '', ( 0.00996784565916443, -0.635000000000000, 2.99000000000000 ) );
#2007 = DIRECTION( '', ( 0.000000000000000, -1.00000000000000, 0.000000000000000 ) );
#2008 = DIRECTION( '', ( 0.000000000000000, 0.000000000000000, -1.00000000000000 ) );
#2009 = SURFACE_STYLE_FILL_AREA( #3906 );
#2010 = ORIENTED_EDGE( '', *, *, #3907, .F. );
#2011 = ORIENTED_EDGE( '', *, *, #3908, .F. );
#2012 = ORIENTED_EDGE( '', *, *, #3909, .T. );
#2013 = ORIENTED_EDGE( '', *, *, #3910, .T. );
#2014 = CARTESIAN_POINT( '', ( 2.12378756295247, 2.43315677541691, 2.99000000000000 ) );
#2015 = DIRECTION( '', ( 2.68377123451253E-005, -0.999999999639869, 0.000000000000000 ) );
#2016 = DIRECTION( '', ( 0.999999999639869, 2.68377123451253E-005, 0.000000000000000 ) );
#2017 = SURFACE_STYLE_FILL_AREA( #3911 );
#2018 = ORIENTED_EDGE( '', *, *, #3912, .F. );
#2019 = ORIENTED_EDGE( '', *, *, #3913, .F. );
#2020 = ORIENTED_EDGE( '', *, *, #3914, .F. );
#2021 = ORIENTED_EDGE( '', *, *, #3915, .F. );
#2022 = CARTESIAN_POINT( '', ( 0.744372990353699, -1.60155948553055, 2.99000000000000 ) );
#2023 = DIRECTION( '', ( 0.000000000000000, 0.000000000000000, 1.00000000000000 ) );
#2024 = DIRECTION( '', ( 1.00000000000000, 0.000000000000000, 0.000000000000000 ) );
#2025 = SURFACE_STYLE_FILL_AREA( #3916 );
#2026 = ORIENTED_EDGE( '', *, *, #3917, .F. );
#2027 = ORIENTED_EDGE( '', *, *, #3918, .F. );
#2028 = ORIENTED_EDGE( '', *, *, #3919, .T. );
#2029 = ORIENTED_EDGE( '', *, *, #3920, .T. );
#2030 = CARTESIAN_POINT( '', ( -1.83119329451679, 1.33138564612582, 2.99000000000000 ) );
#2031 = DIRECTION( '', ( -0.834335938836837, 0.551256329818764, 0.000000000000000 ) );
#2032 = DIRECTION( '', ( -0.551256329818764, -0.834335938836837, 0.000000000000000 ) );
#2033 = SURFACE_STYLE_FILL_AREA( #3921 );
#2034 = ORIENTED_EDGE( '', *, *, #3922, .F. );
#2035 = ORIENTED_EDGE( '', *, *, #3898, .F. );
#2036 = ORIENTED_EDGE( '', *, *, #3923, .T. );
#2037 = ORIENTED_EDGE( '', *, *, #3924, .T. );
#2038 = CARTESIAN_POINT( '', ( 1.09099678456592, -0.901237942122186, 2.99000000000000 ) );
#2039 = DIRECTION( '', ( -1.00000000000000, 0.000000000000000, 0.000000000000000 ) );
#2040 = DIRECTION( '', ( 0.000000000000000, 0.000000000000000, 1.00000000000000 ) );
#2041 = SURFACE_STYLE_FILL_AREA( #3925 );
#2042 = ORIENTED_EDGE( '', *, *, #3926, .F. );
#2043 = ORIENTED_EDGE( '', *, *, #3927, .F. );
#2044 = ORIENTED_EDGE( '', *, *, #3928, .T. );
#2045 = ORIENTED_EDGE( '', *, *, #3929, .T. );
#2046 = CARTESIAN_POINT( '', ( -1.85796419128682, 2.13967743941171, 2.99000000000000 ) );
#2047 = DIRECTION( '', ( 0.000000000000000, -1.00000000000000, 0.000000000000000 ) );
#2048 = DIRECTION( '', ( 0.000000000000000, 0.000000000000000, -1.00000000000000 ) );
#2049 = SURFACE_STYLE_FILL_AREA( #3930 );
#2050 = ORIENTED_EDGE( '', *, *, #3931, .F. );
#2051 = ORIENTED_EDGE( '', *, *, #3910, .F. );
#2052 = ORIENTED_EDGE( '', *, *, #3932, .T. );
#2053 = ORIENTED_EDGE( '', *, *, #3933, .T. );
#2054 = CARTESIAN_POINT( '', ( 3.13137380997081, 2.43318381672679, 2.99000000000000 ) );
#2055 = DIRECTION( '', ( -1.00000000000000, 0.000000000000000, 0.000000000000000 ) );
#2056 = DIRECTION( '', ( 0.000000000000000, 0.000000000000000, 1.00000000000000 ) );
#2057 = SURFACE_STYLE_FILL_AREA( #3934 );
#2058 = ORIENTED_EDGE( '', *, *, #3935, .F. );
#2059 = ORIENTED_EDGE( '', *, *, #3936, .F. );
#2060 = ORIENTED_EDGE( '', *, *, #3937, .T. );
#2061 = ORIENTED_EDGE( '', *, *, #3938, .T. );
#2062 = CARTESIAN_POINT( '', ( -1.33871695918768, 1.03163272623107, 2.99000000000000 ) );
#2063 = DIRECTION( '', ( 0.000000000000000, 1.00000000000000, 0.000000000000000 ) );
#2064 = DIRECTION( '', ( 0.000000000000000, 0.000000000000000, 1.00000000000000 ) );
#2065 = SURFACE_STYLE_FILL_AREA( #3939 );
#2066 = ORIENTED_EDGE( '', *, *, #3940, .T. );
#2067 = CARTESIAN_POINT( '', ( -3.60000000000000, -3.60000000000000, 3.00000000000000 ) );
#2068 = DIRECTION( '', ( 0.000000000000000, 0.000000000000000, 1.00000000000000 ) );
#2069 = DIRECTION( '', ( 1.00000000000000, 0.000000000000000, 0.000000000000000 ) );
#2070 = SURFACE_STYLE_FILL_AREA( #3941 );
#2071 = ORIENTED_EDGE( '', *, *, #3942, .F. );
#2072 = ORIENTED_EDGE( '', *, *, #3943, .F. );
#2073 = ORIENTED_EDGE( '', *, *, #3944, .T. );
#2074 = ORIENTED_EDGE( '', *, *, #3945, .T. );
#2075 = CARTESIAN_POINT( '', ( -2.58594329426261, 1.39428373288046, 2.99000000000000 ) );
#2076 = DIRECTION( '', ( 0.000000000000000, 1.00000000000000, 0.000000000000000 ) );
#2077 = DIRECTION( '', ( 0.000000000000000, 0.000000000000000, 1.00000000000000 ) );
#2078 = SURFACE_STYLE_FILL_AREA( #3946 );
#2079 = ORIENTED_EDGE( '', *, *, #3947, .F. );
#2080 = ORIENTED_EDGE( '', *, *, #3948, .F. );
#2081 = ORIENTED_EDGE( '', *, *, #3949, .T. );
#2082 = ORIENTED_EDGE( '', *, *, #3950, .T. );
#2083 = CARTESIAN_POINT( '', ( 1.69661599095631, 1.39428373288046, 2.99000000000000 ) );
#2084 = DIRECTION( '', ( 0.000000000000000, 1.00000000000000, 0.000000000000000 ) );
#2085 = DIRECTION( '', ( 0.000000000000000, 0.000000000000000, 1.00000000000000 ) );
#2086 = SURFACE_STYLE_FILL_AREA( #3951 );
#2087 = ORIENTED_EDGE( '', *, *, #3952, .F. );
#2088 = ORIENTED_EDGE( '', *, *, #3953, .F. );
#2089 = ORIENTED_EDGE( '', *, *, #3954, .T. );
#2090 = ORIENTED_EDGE( '', *, *, #3819, .T. );
#2091 = CARTESIAN_POINT( '', ( 0.210610932475885, -1.24400321543408, 2.99000000000000 ) );
#2092 = DIRECTION( '', ( -0.698672998985501, 0.715441150961144, 0.000000000000000 ) );
#2093 = DIRECTION( '', ( -0.715441150961144, -0.698672998985501, 0.000000000000000 ) );
#2094 = SURFACE_STYLE_FILL_AREA( #3955 );
#2095 = ORIENTED_EDGE( '', *, *, #3956, .F. );
#2096 = ORIENTED_EDGE( '', *, *, #3957, .F. );
#2097 = ORIENTED_EDGE( '', *, *, #3958, .T. );
#2098 = ORIENTED_EDGE( '', *, *, #3959, .T. );
#2099 = CARTESIAN_POINT( '', ( 0.409324758842444, -0.901237942122186, 2.99000000000000 ) );
#2100 = DIRECTION( '', ( 0.000000000000000, -1.00000000000000, 0.000000000000000 ) );
#2101 = DIRECTION( '', ( 0.000000000000000, 0.000000000000000, -1.00000000000000 ) );
#2102 = SURFACE_STYLE_FILL_AREA( #3960 );
#2103 = ORIENTED_EDGE( '', *, *, #3961, .F. );
#2104 = ORIENTED_EDGE( '', *, *, #3962, .F. );
#2105 = ORIENTED_EDGE( '', *, *, #3963, .T. );
#2106 = ORIENTED_EDGE( '', *, *, #3964, .T. );
#2107 = CARTESIAN_POINT( '', ( 0.803536977491963, -0.635000000000000, 2.99000000000000 ) );
#2108 = DIRECTION( '', ( -1.00000000000000, 0.000000000000000, 0.000000000000000 ) );
#2109 = DIRECTION( '', ( 0.000000000000000, 0.000000000000000, 1.00000000000000 ) );
#2110 = SURFACE_STYLE_FILL_AREA( #3965 );
#2111 = ORIENTED_EDGE( '', *, *, #3966, .T. );
#2112 = ORIENTED_EDGE( '', *, *, #3967, .F. );
#2113 = ORIENTED_EDGE( '', *, *, #3968, .F. );
#2114 = ORIENTED_EDGE( '', *, *, #3873, .T. );
#2115 = CARTESIAN_POINT( '', ( -0.461956569314197, 1.45723590225484, 2.99000000000000 ) );
#2116 = DIRECTION( '', ( 0.861792152832439, -0.507261555133473, 0.000000000000000 ) );
#2117 = DIRECTION( '', ( 0.507261555133473, 0.861792152832439, 0.000000000000000 ) );
#2118 = SURFACE_STYLE_FILL_AREA( #3969 );
#2119 = ORIENTED_EDGE( '', *, *, #3970, .F. );
#2120 = ORIENTED_EDGE( '', *, *, #3971, .F. );
#2121 = ORIENTED_EDGE( '', *, *, #3972, .T. );
#2122 = ORIENTED_EDGE( '', *, *, #3973, .T. );
#2123 = CARTESIAN_POINT( '', ( 0.939919016899941, 2.37036685390175, 2.99000000000000 ) );
#2124 = DIRECTION( '', ( 0.861752890656597, -0.507328252165203, 0.000000000000000 ) );
#2125 = DIRECTION( '', ( 0.507328252165203, 0.861752890656597, 0.000000000000000 ) );
#2126 = SURFACE_STYLE_FILL_AREA( #3974 );
#2127 = ORIENTED_EDGE( '', *, *, #3975, .F. );
#2128 = ORIENTED_EDGE( '', *, *, #3976, .F. );
#2129 = ORIENTED_EDGE( '', *, *, #3977, .T. );
#2130 = ORIENTED_EDGE( '', *, *, #3908, .T. );
#2131 = CARTESIAN_POINT( '', ( 1.69661599095631, 2.43315677541691, 2.99000000000000 ) );
#2132 = CARTESIAN_POINT( '', ( 1.71181320710253, 2.53750919020030, 2.99000000000000 ) );
#2133 = CARTESIAN_POINT( '', ( 1.80164443848641, 2.61763259134132, 2.99000000000000 ) );
#2134 = CARTESIAN_POINT( '', ( 1.91018825629945, 2.61763259134132, 2.99000000000000 ) );
#2135 = CARTESIAN_POINT( '', ( 2.01875911542236, 2.61763259134132, 2.99000000000000 ) );
#2136 = CARTESIAN_POINT( '', ( 2.10859034680624, 2.53750919020030, 2.99000000000000 ) );
#2137 = CARTESIAN_POINT( '', ( 2.12378756295247, 2.43315677541691, 2.99000000000000 ) );
#2138 = DIRECTION( '', ( 0.000000000000000, 0.000000000000000, 1.00000000000000 ) );
#2139 = SURFACE_STYLE_FILL_AREA( #3978 );
#2140 = ORIENTED_EDGE( '', *, *, #3979, .F. );
#2141 = ORIENTED_EDGE( '', *, *, #3980, .F. );
#2142 = ORIENTED_EDGE( '', *, *, #3981, .F. );
#2143 = ORIENTED_EDGE( '', *, *, #3982, .F. );
#2144 = ORIENTED_EDGE( '', *, *, #3983, .F. );
#2145 = ORIENTED_EDGE( '', *, *, #3984, .F. );
#2146 = ORIENTED_EDGE( '', *, *, #3985, .F. );
#2147 = ORIENTED_EDGE( '', *, *, #3986, .F. );
#2148 = CARTESIAN_POINT( '', ( -0.723954983922829, -1.56152733118971, 2.99000000000000 ) );
#2149 = DIRECTION( '', ( 0.000000000000000, 0.000000000000000, 1.00000000000000 ) );
#2150 = DIRECTION( '', ( 1.00000000000000, 0.000000000000000, 0.000000000000000 ) );
#2151 = SURFACE_STYLE_FILL_AREA( #3987 );
#2152 = ORIENTED_EDGE( '', *, *, #3988, .F. );
#2153 = ORIENTED_EDGE( '', *, *, #3989, .F. );
#2154 = ORIENTED_EDGE( '', *, *, #3990, .T. );
#2155 = ORIENTED_EDGE( '', *, *, #3991, .T. );
#2156 = CARTESIAN_POINT( '', ( 2.41761843598597, 1.94514225621614, 2.99000000000000 ) );
#2157 = CARTESIAN_POINT( '', ( 2.43284269344205, 2.04946762968966, 2.99000000000000 ) );
#2158 = CARTESIAN_POINT( '', ( 2.52267392482594, 2.12959103083067, 2.99000000000000 ) );
#2159 = CARTESIAN_POINT( '', ( 2.63121774263898, 2.12959103083067, 2.99000000000000 ) );
#2160 = CARTESIAN_POINT( '', ( 2.73976156045202, 2.12959103083067, 2.99000000000000 ) );
#2161 = CARTESIAN_POINT( '', ( 2.82959279183590, 2.04946762968966, 2.99000000000000 ) );
#2162 = CARTESIAN_POINT( '', ( 2.84481704929199, 1.94514225621614, 2.99000000000000 ) );
#2163 = DIRECTION( '', ( 0.000000000000000, 0.000000000000000, 1.00000000000000 ) );
#2164 = SURFACE_STYLE_FILL_AREA( #3992 );
#2165 = ORIENTED_EDGE( '', *, *, #3993, .F. );
#2166 = ORIENTED_EDGE( '', *, *, #3994, .F. );
#2167 = ORIENTED_EDGE( '', *, *, #3995, .T. );
#2168 = ORIENTED_EDGE( '', *, *, #3996, .T. );
#2169 = CARTESIAN_POINT( '', ( -3.14799691988393, 1.94514225621614, 2.99000000000000 ) );
#2170 = DIRECTION( '', ( 0.000000000000000, -1.00000000000000, 0.000000000000000 ) );
#2171 = DIRECTION( '', ( 0.000000000000000, 0.000000000000000, -1.00000000000000 ) );
#2172 = SURFACE_STYLE_FILL_AREA( #3997 );
#2173 = ORIENTED_EDGE( '', *, *, #3998, .F. );
#2174 = ORIENTED_EDGE( '', *, *, #3999, .F. );
#2175 = ORIENTED_EDGE( '', *, *, #4000, .F. );
#2176 = ORIENTED_EDGE( '', *, *, #4001, .F. );
#2177 = ORIENTED_EDGE( '', *, *, #4002, .F. );
#2178 = ORIENTED_EDGE( '', *, *, #4003, .F. );
#2179 = ORIENTED_EDGE( '', *, *, #4004, .F. );
#2180 = CARTESIAN_POINT( '', ( -0.223814231414906, -0.891757820220213, 2.99000000000000 ) );
#2181 = DIRECTION( '', ( 0.000000000000000, 0.000000000000000, 1.00000000000000 ) );
#2182 = DIRECTION( '', ( 1.00000000000000, 0.000000000000000, 0.000000000000000 ) );
#2183 = SURFACE_STYLE_FILL_AREA( #4005 );
#2184 = ORIENTED_EDGE( '', *, *, #4006, .F. );
#2185 = ORIENTED_EDGE( '', *, *, #4007, .F. );
#2186 = ORIENTED_EDGE( '', *, *, #4008, .T. );
#2187 = ORIENTED_EDGE( '', *, *, #4009, .T. );
#2188 = CARTESIAN_POINT( '', ( 3.13137380997081, 1.39428373288046, 2.99000000000000 ) );
#2189 = DIRECTION( '', ( 0.000000000000000, 1.00000000000000, 0.000000000000000 ) );
#2190 = DIRECTION( '', ( 0.000000000000000, 0.000000000000000, 1.00000000000000 ) );
#2191 = SURFACE_STYLE_FILL_AREA( #4010 );
#2192 = ORIENTED_EDGE( '', *, *, #4011, .T. );
#2193 = ORIENTED_EDGE( '', *, *, #3806, .F. );
#2194 = CARTESIAN_POINT( '', ( 1.81125401929260, -1.23950160771704, 2.99000000000000 ) );
#2195 = CARTESIAN_POINT( '', ( 1.81125401929260, -1.33146302250804, 2.99000000000000 ) );
#2196 = CARTESIAN_POINT( '', ( 1.82926045016077, -1.39834405144694, 2.99000000000000 ) );
#2197 = CARTESIAN_POINT( '', ( 1.86591639871383, -1.44078778135048, 2.99000000000000 ) );
#2198 = CARTESIAN_POINT( '', ( 1.90284708613178, -1.48354962993969, 2.99000000000000 ) );
#2199 = CARTESIAN_POINT( '', ( 1.94887459807074, -1.50445337620579, 2.99000000000000 ) );
#2200 = CARTESIAN_POINT( '', ( 2.05884244372990, -1.50445337620579, 2.99000000000000 ) );
#2201 = CARTESIAN_POINT( '', ( 2.10514469453376, -1.48323151125402, 2.99000000000000 ) );
#2202 = CARTESIAN_POINT( '', ( 2.14180064308682, -1.44143086816720, 2.99000000000000 ) );
#2203 = CARTESIAN_POINT( '', ( 2.17905493599677, -1.39894790256813, 2.99000000000000 ) );
#2204 = CARTESIAN_POINT( '', ( 2.19774919614148, -1.33339228295820, 2.99000000000000 ) );
#2205 = CARTESIAN_POINT( '', ( 2.19774919614148, -1.15718649517685, 2.99000000000000 ) );
#2206 = CARTESIAN_POINT( '', ( 2.17845659163987, -1.09287781350482, 2.99000000000000 ) );
#2207 = CARTESIAN_POINT( '', ( 2.14051446945338, -1.04914790996784, 2.99000000000000 ) );
#2208 = CARTESIAN_POINT( '', ( 2.10229614921519, -1.00509967647298, 2.99000000000000 ) );
#2209 = CARTESIAN_POINT( '', ( 2.05627009646302, -0.983553054662379, 2.99000000000000 ) );
#2210 = CARTESIAN_POINT( '', ( 1.94887459807074, -0.983553054662379, 2.99000000000000 ) );
#2211 = CARTESIAN_POINT( '', ( 1.90385852090032, -1.00477491961415, 2.99000000000000 ) );
#2212 = CARTESIAN_POINT( '', ( 1.86655948553055, -1.04786173633440, 2.99000000000000 ) );
#2213 = CARTESIAN_POINT( '', ( 1.82953593011130, -1.09063032621527, 2.99000000000000 ) );
#2214 = CARTESIAN_POINT( '', ( 1.81125401929260, -1.15461414790997, 2.99000000000000 ) );
#2215 = CARTESIAN_POINT( '', ( 1.81125401929260, -1.23950160771704, 2.99000000000000 ) );
#2216 = DIRECTION( '', ( 0.000000000000000, 0.000000000000000, 1.00000000000000 ) );
#2217 = SURFACE_STYLE_FILL_AREA( #4012 );
#2218 = ORIENTED_EDGE( '', *, *, #4013, .F. );
#2219 = ORIENTED_EDGE( '', *, *, #3959, .F. );
#2220 = ORIENTED_EDGE( '', *, *, #4014, .T. );
#2221 = ORIENTED_EDGE( '', *, *, #4015, .T. );
#2222 = CARTESIAN_POINT( '', ( 0.563022508038586, -0.901237942122186, 2.99000000000000 ) );
#2223 = DIRECTION( '', ( -0.697570147004133, 0.716516496675850, 0.000000000000000 ) );
#2224 = DIRECTION( '', ( -0.716516496675850, -0.697570147004133, 0.000000000000000 ) );
#2225 = SURFACE_STYLE_FILL_AREA( #4016 );
#2226 = ORIENTED_EDGE( '', *, *, #4017, .F. );
#2227 = ORIENTED_EDGE( '', *, *, #4018, .F. );
#2228 = ORIENTED_EDGE( '', *, *, #3985, .T. );
#2229 = ORIENTED_EDGE( '', *, *, #4019, .T. );
#2230 = CARTESIAN_POINT( '', ( -0.740514469453375, -1.15782958199357, 2.99000000000000 ) );
#2231 = CARTESIAN_POINT( '', ( -0.739871382636655, -1.14110932475884, 2.99000000000000 ) );
#2232 = CARTESIAN_POINT( '', ( -0.739871382636655, -1.13081993569132, 2.99000000000000 ) );
#2233 = CARTESIAN_POINT( '', ( -0.739871382636655, -1.07808681672026, 2.99000000000000 ) );
#2234 = CARTESIAN_POINT( '', ( -0.750803858520900, -1.04400321543408, 2.99000000000000 ) );
#2235 = CARTESIAN_POINT( '', ( -0.773311897106109, -1.02406752411575, 2.99000000000000 ) );
#2236 = CARTESIAN_POINT( '', ( -0.804015909485383, -0.996872541722684, 2.99000000000000 ) );
#2237 = CARTESIAN_POINT( '', ( -0.849196141479099, -0.983553054662379, 2.99000000000000 ) );
#2238 = CARTESIAN_POINT( '', ( -0.965594855305466, -0.983553054662379, 2.99000000000000 ) );
#2239 = CARTESIAN_POINT( '', ( -1.00739549839228, -0.993199356913183, 2.99000000000000 ) );
#2240 = CARTESIAN_POINT( '', ( -1.03376205787781, -1.01313504823151, 2.99000000000000 ) );
#2241 = CARTESIAN_POINT( '', ( -1.06053778804423, -1.03338011250368, 2.99000000000000 ) );
#2242 = CARTESIAN_POINT( '', ( -1.08070739549839, -1.06779742765273, 2.99000000000000 ) );
#2243 = CARTESIAN_POINT( '', ( -1.09356913183280, -1.11731511254019, 2.99000000000000 ) );
#2244 = DIRECTION( '', ( 0.000000000000000, 0.000000000000000, 1.00000000000000 ) );
#2245 = SURFACE_STYLE_FILL_AREA( #4020 );
#2246 = ORIENTED_EDGE( '', *, *, #4021, .F. );
#2247 = ORIENTED_EDGE( '', *, *, #3865, .F. );
#2248 = ORIENTED_EDGE( '', *, *, #4022, .T. );
#2249 = ORIENTED_EDGE( '', *, *, #3891, .T. );
#2250 = CARTESIAN_POINT( '', ( -1.38231511254019, -1.60155948553055, 2.99000000000000 ) );
#2251 = DIRECTION( '', ( 0.000000000000000, 1.00000000000000, 0.000000000000000 ) );
#2252 = DIRECTION( '', ( 0.000000000000000, 0.000000000000000, 1.00000000000000 ) );
#2253 = SURFACE_STYLE_FILL_AREA( #4023 );
#2254 = ORIENTED_EDGE( '', *, *, #4024, .F. );
#2255 = ORIENTED_EDGE( '', *, *, #4025, .F. );
#2256 = ORIENTED_EDGE( '', *, *, #4026, .F. );
#2257 = ORIENTED_EDGE( '', *, *, #3995, .F. );
#2258 = CARTESIAN_POINT( '', ( -3.14799691988393, 1.94514225621614, 2.99000000000000 ) );
#2259 = DIRECTION( '', ( 0.000000000000000, 0.000000000000000, -1.00000000000000 ) );
#2260 = DIRECTION( '', ( -1.00000000000000, 0.000000000000000, 0.000000000000000 ) );
#2261 = SURFACE_STYLE_FILL_AREA( #4027 );
#2262 = ORIENTED_EDGE( '', *, *, #4028, .F. );
#2263 = ORIENTED_EDGE( '', *, *, #4029, .F. );
#2264 = ORIENTED_EDGE( '', *, *, #4000, .T. );
#2265 = ORIENTED_EDGE( '', *, *, #4030, .T. );
#2266 = CARTESIAN_POINT( '', ( -0.0607717041800638, -0.923745980707395, 2.99000000000000 ) );
#2267 = DIRECTION( '', ( -0.932923130042578, 0.360075594051526, 0.000000000000000 ) );
#2268 = DIRECTION( '', ( -0.360075594051525, -0.932923130042578, 0.000000000000000 ) );
#2269 = SURFACE_STYLE_FILL_AREA( #4031 );
#2270 = ORIENTED_EDGE( '', *, *, #4032, .F. );
#2271 = ORIENTED_EDGE( '', *, *, #4033, .F. );
#2272 = ORIENTED_EDGE( '', *, *, #3915, .T. );
#2273 = ORIENTED_EDGE( '', *, *, #4034, .T. );
#2274 = CARTESIAN_POINT( '', ( 0.685209003215435, -1.60155948553055, 2.99000000000000 ) );
#2275 = DIRECTION( '', ( 1.00000000000000, 0.000000000000000, 0.000000000000000 ) );
#2276 = DIRECTION( '', ( 0.000000000000000, 0.000000000000000, -1.00000000000000 ) );
#2277 = SURFACE_STYLE_FILL_AREA( #4035 );
#2278 = ORIENTED_EDGE( '', *, *, #4036, .F. );
#2279 = ORIENTED_EDGE( '', *, *, #3990, .F. );
#2280 = ORIENTED_EDGE( '', *, *, #4037, .F. );
#2281 = ORIENTED_EDGE( '', *, *, #4038, .F. );
#2282 = ORIENTED_EDGE( '', *, *, #4039, .F. );
#2283 = ORIENTED_EDGE( '', *, *, #4040, .F. );
#2284 = ORIENTED_EDGE( '', *, *, #4041, .F. );
#2285 = ORIENTED_EDGE( '', *, *, #3884, .F. );
#2286 = ORIENTED_EDGE( '', *, *, #4042, .F. );
#2287 = CARTESIAN_POINT( '', ( 2.63121774263898, 2.12959103083067, 2.99000000000000 ) );
#2288 = DIRECTION( '', ( 0.000000000000000, 0.000000000000000, 1.00000000000000 ) );
#2289 = DIRECTION( '', ( 1.00000000000000, 0.000000000000000, 0.000000000000000 ) );
#2290 = SURFACE_STYLE_FILL_AREA( #4043 );
#2291 = ORIENTED_EDGE( '', *, *, #4044, .F. );
#2292 = ORIENTED_EDGE( '', *, *, #4045, .F. );
#2293 = ORIENTED_EDGE( '', *, *, #4046, .T. );
#2294 = ORIENTED_EDGE( '', *, *, #4047, .T. );
#2295 = CARTESIAN_POINT( '', ( 3.13137380997081, 2.83947949750429, 2.99000000000000 ) );
#2296 = DIRECTION( '', ( 0.000000000000000, 1.00000000000000, 0.000000000000000 ) );
#2297 = DIRECTION( '', ( 0.000000000000000, 0.000000000000000, 1.00000000000000 ) );
#2298 = SURFACE_STYLE_FILL_AREA( #4048 );
#2299 = ORIENTED_EDGE( '', *, *, #4049, .F. );
#2300 = ORIENTED_EDGE( '', *, *, #4030, .F. );
#2301 = ORIENTED_EDGE( '', *, *, #3999, .T. );
#2302 = ORIENTED_EDGE( '', *, *, #4050, .T. );
#2303 = CARTESIAN_POINT( '', ( -0.103215434083601, -1.03371382636656, 2.99000000000000 ) );
#2304 = CARTESIAN_POINT( '', ( -0.132154340836012, -1.01635048231511, 2.99000000000000 ) );
#2305 = CARTESIAN_POINT( '', ( -0.161093247588424, -1.00799035369775, 2.99000000000000 ) );
#2306 = CARTESIAN_POINT( '', ( -0.215755627009645, -1.00799035369775, 2.99000000000000 ) );
#2307 = CARTESIAN_POINT( '', ( -0.238906752411575, -1.01570739549839, 2.99000000000000 ) );
#2308 = CARTESIAN_POINT( '', ( -0.259485530546623, -1.03114147909968, 2.99000000000000 ) );
#2309 = CARTESIAN_POINT( '', ( -0.280372990353697, -1.04680707395498, 2.99000000000000 ) );
#2310 = CARTESIAN_POINT( '', ( -0.294855305466238, -1.06844051446945, 2.99000000000000 ) );
#2311 = CARTESIAN_POINT( '', ( -0.303858520900321, -1.09609324758842, 2.99000000000000 ) );
#2312 = CARTESIAN_POINT( '', ( -0.317585672843339, -1.13825521427055, 2.99000000000000 ) );
#2313 = CARTESIAN_POINT( '', ( -0.323794212218649, -1.18483922829582, 2.99000000000000 ) );
#2314 = CARTESIAN_POINT( '', ( -0.323794212218649, -1.23500000000000, 2.99000000000000 ) );
#2315 = CARTESIAN_POINT( '', ( -0.323794212218649, -1.35718649517685, 2.99000000000000 ) );
#2316 = CARTESIAN_POINT( '', ( -0.323794212218649, -1.47937299035370, 2.99000000000000 ) );
#2317 = CARTESIAN_POINT( '', ( -0.323794212218649, -1.60155948553055, 2.99000000000000 ) );
#2318 = DIRECTION( '', ( 0.000000000000000, 0.000000000000000, 1.00000000000000 ) );
#2319 = SURFACE_STYLE_FILL_AREA( #4051 );
#2320 = ORIENTED_EDGE( '', *, *, #4052, .F. );
#2321 = ORIENTED_EDGE( '', *, *, #4053, .F. );
#2322 = ORIENTED_EDGE( '', *, *, #4054, .T. );
#2323 = ORIENTED_EDGE( '', *, *, #3936, .T. );
#2324 = CARTESIAN_POINT( '', ( -0.316285033051406, 2.77668957598912, 2.99000000000000 ) );
#2325 = DIRECTION( '', ( -0.862812800576462, 0.505523561430525, 0.000000000000000 ) );
#2326 = DIRECTION( '', ( -0.505523561430525, -0.862812800576462, 0.000000000000000 ) );
#2327 = SURFACE_STYLE_FILL_AREA( #4055 );
#2328 = ORIENTED_EDGE( '', *, *, #4056, .F. );
#2329 = ORIENTED_EDGE( '', *, *, #4057, .F. );
#2330 = ORIENTED_EDGE( '', *, *, #4058, .T. );
#2331 = ORIENTED_EDGE( '', *, *, #4053, .T. );
#2332 = CARTESIAN_POINT( '', ( -0.808761368380519, 2.77668957598912, 2.99000000000000 ) );
#2333 = DIRECTION( '', ( 0.000000000000000, -1.00000000000000, 0.000000000000000 ) );
#2334 = DIRECTION( '', ( 0.000000000000000, 0.000000000000000, -1.00000000000000 ) );
#2335 = SURFACE_STYLE_FILL_AREA( #4059 );
#2336 = ORIENTED_EDGE( '', *, *, #4060, .F. );
#2337 = ORIENTED_EDGE( '', *, *, #4047, .F. );
#2338 = ORIENTED_EDGE( '', *, *, #4061, .T. );
#2339 = ORIENTED_EDGE( '', *, *, #4062, .T. );
#2340 = CARTESIAN_POINT( '', ( 2.84481704929199, 2.83947949750429, 2.99000000000000 ) );
#2341 = CARTESIAN_POINT( '', ( 2.82959279183590, 2.73515412403077, 2.99000000000000 ) );
#2342 = CARTESIAN_POINT( '', ( 2.73976156045202, 2.65503072288975, 2.99000000000000 ) );
#2343 = CARTESIAN_POINT( '', ( 2.63121774263898, 2.65503072288975, 2.99000000000000 ) );
#2344 = CARTESIAN_POINT( '', ( 2.52267392482594, 2.65503072288975, 2.99000000000000 ) );
#2345 = CARTESIAN_POINT( '', ( 2.43284269344205, 2.73515412403077, 2.99000000000000 ) );
#2346 = CARTESIAN_POINT( '', ( 2.41761843598597, 2.83947949750429, 2.99000000000000 ) );
#2347 = DIRECTION( '', ( 0.000000000000000, 0.000000000000000, 1.00000000000000 ) );
#2348 = SURFACE_STYLE_FILL_AREA( #4063 );
#2349 = ORIENTED_EDGE( '', *, *, #4064, .F. );
#2350 = ORIENTED_EDGE( '', *, *, #3991, .F. );
#2351 = ORIENTED_EDGE( '', *, *, #4042, .T. );
#2352 = ORIENTED_EDGE( '', *, *, #3883, .T. );
#2353 = CARTESIAN_POINT( '', ( 2.84481704929199, 1.94514225621614, 2.99000000000000 ) );
#2354 = DIRECTION( '', ( 0.000000000000000, -1.00000000000000, 0.000000000000000 ) );
#2355 = DIRECTION( '', ( 0.000000000000000, 0.000000000000000, -1.00000000000000 ) );
#2356 = SURFACE_STYLE_FILL_AREA( #4065 );
#2357 = ORIENTED_EDGE( '', *, *, #4066, .T. );
#2358 = ORIENTED_EDGE( '', *, *, #4067, .F. );
#2359 = ORIENTED_EDGE( '', *, *, #4068, .F. );
#2360 = ORIENTED_EDGE( '', *, *, #4069, .T. );
#2361 = CARTESIAN_POINT( '', ( 0.0648081469284537, 2.34254134604683, 2.99000000000000 ) );
#2362 = DIRECTION( '', ( 0.000000000000000, -1.00000000000000, 0.000000000000000 ) );
#2363 = DIRECTION( '', ( 0.000000000000000, 0.000000000000000, -1.00000000000000 ) );
#2364 = SURFACE_STYLE_FILL_AREA( #4070 );
#2365 = ORIENTED_EDGE( '', *, *, #4071, .F. );
#2366 = ORIENTED_EDGE( '', *, *, #4072, .F. );
#2367 = ORIENTED_EDGE( '', *, *, #4073, .T. );
#2368 = ORIENTED_EDGE( '', *, *, #4074, .T. );
#2369 = CARTESIAN_POINT( '', ( -2.63683503943553, 2.37036685390175, 2.99000000000000 ) );
#2370 = DIRECTION( '', ( 0.000000000000000, 1.00000000000000, 0.000000000000000 ) );
#2371 = DIRECTION( '', ( 0.000000000000000, 0.000000000000000, 1.00000000000000 ) );
#2372 = SURFACE_STYLE_FILL_AREA( #4075 );
#2373 = ORIENTED_EDGE( '', *, *, #4076, .F. );
#2374 = ORIENTED_EDGE( '', *, *, #3870, .F. );
#2375 = ORIENTED_EDGE( '', *, *, #4077, .T. );
#2376 = ORIENTED_EDGE( '', *, *, #4078, .T. );
#2377 = CARTESIAN_POINT( '', ( 2.41761843598597, 2.90226941901945, 2.99000000000000 ) );
#2378 = CARTESIAN_POINT( '', ( 2.43284269344205, 3.00659479249297, 2.99000000000000 ) );
#2379 = CARTESIAN_POINT( '', ( 2.52267392482594, 3.08671819363399, 2.99000000000000 ) );
#2380 = CARTESIAN_POINT( '', ( 2.63121774263898, 3.08671819363399, 2.99000000000000 ) );
#2381 = CARTESIAN_POINT( '', ( 2.73976156045202, 3.08671819363399, 2.99000000000000 ) );
#2382 = CARTESIAN_POINT( '', ( 2.82959279183590, 3.00659479249297, 2.99000000000000 ) );
#2383 = CARTESIAN_POINT( '', ( 2.84481704929199, 2.90226941901945, 2.99000000000000 ) );
#2384 = DIRECTION( '', ( 0.000000000000000, 0.000000000000000, 1.00000000000000 ) );
#2385 = SURFACE_STYLE_FILL_AREA( #4079 );
#2386 = ORIENTED_EDGE( '', *, *, #4080, .F. );
#2387 = ORIENTED_EDGE( '', *, *, #4073, .F. );
#2388 = ORIENTED_EDGE( '', *, *, #4081, .F. );
#2389 = ORIENTED_EDGE( '', *, *, #4082, .F. );
#2390 = CARTESIAN_POINT( '', ( -3.14799691988393, 2.37036685390175, 2.99000000000000 ) );
#2391 = DIRECTION( '', ( 0.000000000000000, 0.000000000000000, 1.00000000000000 ) );
#2392 = DIRECTION( '', ( 1.00000000000000, 0.000000000000000, 0.000000000000000 ) );
#2393 = SURFACE_STYLE_FILL_AREA( #4083 );
#2394 = ORIENTED_EDGE( '', *, *, #4084, .F. );
#2395 = ORIENTED_EDGE( '', *, *, #4085, .F. );
#2396 = ORIENTED_EDGE( '', *, *, #4025, .T. );
#2397 = ORIENTED_EDGE( '', *, *, #4086, .T. );
#2398 = CARTESIAN_POINT( '', ( -2.61138916684907, 1.88232529339111, 2.99000000000000 ) );
#2399 = DIRECTION( '', ( 0.000000000000000, 1.00000000000000, 0.000000000000000 ) );
#2400 = DIRECTION( '', ( 0.000000000000000, 0.000000000000000, 1.00000000000000 ) );
#2401 = SURFACE_STYLE_FILL_AREA( #4087 );
#2402 = ORIENTED_EDGE( '', *, *, #3857, .T. );
#2403 = ORIENTED_EDGE( '', *, *, #4088, .T. );
#2404 = ORIENTED_EDGE( '', *, *, #4089, .T. );
#2405 = ORIENTED_EDGE( '', *, *, #3895, .T. );
#2406 = ORIENTED_EDGE( '', *, *, #3922, .T. );
#2407 = ORIENTED_EDGE( '', *, *, #4090, .T. );
#2408 = ORIENTED_EDGE( '', *, *, #4091, .T. );
#2409 = ORIENTED_EDGE( '', *, *, #3961, .T. );
#2410 = ORIENTED_EDGE( '', *, *, #4092, .T. );
#2411 = ORIENTED_EDGE( '', *, *, #4093, .T. );
#2412 = ORIENTED_EDGE( '', *, *, #4094, .T. );
#2413 = ORIENTED_EDGE( '', *, *, #4049, .T. );
#2414 = ORIENTED_EDGE( '', *, *, #4095, .T. );
#2415 = ORIENTED_EDGE( '', *, *, #4096, .T. );
#2416 = ORIENTED_EDGE( '', *, *, #4097, .T. );
#2417 = ORIENTED_EDGE( '', *, *, #4098, .T. );
#2418 = ORIENTED_EDGE( '', *, *, #4099, .T. );
#2419 = ORIENTED_EDGE( '', *, *, #4028, .T. );
#2420 = ORIENTED_EDGE( '', *, *, #4100, .T. );
#2421 = ORIENTED_EDGE( '', *, *, #4101, .T. );
#2422 = ORIENTED_EDGE( '', *, *, #3833, .T. );
#2423 = ORIENTED_EDGE( '', *, *, #4102, .T. );
#2424 = ORIENTED_EDGE( '', *, *, #4103, .T. );
#2425 = ORIENTED_EDGE( '', *, *, #4104, .T. );
#2426 = ORIENTED_EDGE( '', *, *, #4105, .T. );
#2427 = ORIENTED_EDGE( '', *, *, #3862, .T. );
#2428 = ORIENTED_EDGE( '', *, *, #4021, .T. );
#2429 = ORIENTED_EDGE( '', *, *, #3890, .T. );
#2430 = ORIENTED_EDGE( '', *, *, #4106, .T. );
#2431 = ORIENTED_EDGE( '', *, *, #3852, .T. );
#2432 = ORIENTED_EDGE( '', *, *, #4107, .T. );
#2433 = ORIENTED_EDGE( '', *, *, #3838, .F. );
#2434 = ORIENTED_EDGE( '', *, *, #4108, .F. );
#2435 = ORIENTED_EDGE( '', *, *, #4066, .F. );
#2436 = ORIENTED_EDGE( '', *, *, #4109, .F. );
#2437 = ORIENTED_EDGE( '', *, *, #4110, .F. );
#2438 = ORIENTED_EDGE( '', *, *, #4111, .F. );
#2439 = ORIENTED_EDGE( '', *, *, #4112, .F. );
#2440 = ORIENTED_EDGE( '', *, *, #3966, .F. );
#2441 = ORIENTED_EDGE( '', *, *, #3872, .F. );
#2442 = ORIENTED_EDGE( '', *, *, #4113, .F. );
#2443 = ORIENTED_EDGE( '', *, *, #4114, .F. );
#2444 = ORIENTED_EDGE( '', *, *, #3900, .F. );
#2445 = ORIENTED_EDGE( '', *, *, #4071, .T. );
#2446 = ORIENTED_EDGE( '', *, *, #4115, .T. );
#2447 = ORIENTED_EDGE( '', *, *, #4116, .T. );
#2448 = ORIENTED_EDGE( '', *, *, #4117, .T. );
#2449 = ORIENTED_EDGE( '', *, *, #4084, .T. );
#2450 = ORIENTED_EDGE( '', *, *, #4118, .T. );
#2451 = ORIENTED_EDGE( '', *, *, #3993, .T. );
#2452 = ORIENTED_EDGE( '', *, *, #4119, .T. );
#2453 = ORIENTED_EDGE( '', *, *, #4120, .T. );
#2454 = ORIENTED_EDGE( '', *, *, #3975, .T. );
#2455 = ORIENTED_EDGE( '', *, *, #3907, .T. );
#2456 = ORIENTED_EDGE( '', *, *, #3931, .T. );
#2457 = ORIENTED_EDGE( '', *, *, #4121, .T. );
#2458 = ORIENTED_EDGE( '', *, *, #4122, .T. );
#2459 = ORIENTED_EDGE( '', *, *, #4123, .T. );
#2460 = ORIENTED_EDGE( '', *, *, #3970, .T. );
#2461 = ORIENTED_EDGE( '', *, *, #4124, .T. );
#2462 = ORIENTED_EDGE( '', *, *, #4125, .T. );
#2463 = ORIENTED_EDGE( '', *, *, #3813, .T. );
#2464 = ORIENTED_EDGE( '', *, *, #4126, .T. );
#2465 = ORIENTED_EDGE( '', *, *, #4006, .T. );
#2466 = ORIENTED_EDGE( '', *, *, #4127, .T. );
#2467 = ORIENTED_EDGE( '', *, *, #3947, .T. );
#2468 = ORIENTED_EDGE( '', *, *, #4128, .T. );
#2469 = ORIENTED_EDGE( '', *, *, #4129, .T. );
#2470 = ORIENTED_EDGE( '', *, *, #4130, .T. );
#2471 = ORIENTED_EDGE( '', *, *, #4131, .T. );
#2472 = ORIENTED_EDGE( '', *, *, #4132, .T. );
#2473 = ORIENTED_EDGE( '', *, *, #4133, .T. );
#2474 = ORIENTED_EDGE( '', *, *, #3988, .T. );
#2475 = ORIENTED_EDGE( '', *, *, #4064, .T. );
#2476 = ORIENTED_EDGE( '', *, *, #3882, .T. );
#2477 = ORIENTED_EDGE( '', *, *, #4134, .T. );
#2478 = ORIENTED_EDGE( '', *, *, #4135, .T. );
#2479 = ORIENTED_EDGE( '', *, *, #4136, .T. );
#2480 = ORIENTED_EDGE( '', *, *, #4137, .T. );
#2481 = ORIENTED_EDGE( '', *, *, #3848, .T. );
#2482 = ORIENTED_EDGE( '', *, *, #4138, .T. );
#2483 = ORIENTED_EDGE( '', *, *, #4139, .T. );
#2484 = ORIENTED_EDGE( '', *, *, #3877, .T. );
#2485 = ORIENTED_EDGE( '', *, *, #4140, .T. );
#2486 = ORIENTED_EDGE( '', *, *, #4141, .T. );
#2487 = ORIENTED_EDGE( '', *, *, #4142, .T. );
#2488 = ORIENTED_EDGE( '', *, *, #3808, .T. );
#2489 = ORIENTED_EDGE( '', *, *, #3867, .T. );
#2490 = ORIENTED_EDGE( '', *, *, #4076, .T. );
#2491 = ORIENTED_EDGE( '', *, *, #4143, .T. );
#2492 = ORIENTED_EDGE( '', *, *, #4144, .T. );
#2493 = ORIENTED_EDGE( '', *, *, #4044, .T. );
#2494 = ORIENTED_EDGE( '', *, *, #4060, .T. );
#2495 = ORIENTED_EDGE( '', *, *, #4145, .T. );
#2496 = ORIENTED_EDGE( '', *, *, #4146, .T. );
#2497 = ORIENTED_EDGE( '', *, *, #3942, .T. );
#2498 = ORIENTED_EDGE( '', *, *, #4147, .T. );
#2499 = ORIENTED_EDGE( '', *, *, #4148, .T. );
#2500 = ORIENTED_EDGE( '', *, *, #4149, .T. );
#2501 = ORIENTED_EDGE( '', *, *, #4150, .T. );
#2502 = ORIENTED_EDGE( '', *, *, #4151, .T. );
#2503 = ORIENTED_EDGE( '', *, *, #3843, .T. );
#2504 = ORIENTED_EDGE( '', *, *, #4152, .T. );
#2505 = ORIENTED_EDGE( '', *, *, #4153, .T. );
#2506 = ORIENTED_EDGE( '', *, *, #3926, .T. );
#2507 = ORIENTED_EDGE( '', *, *, #4154, .T. );
#2508 = ORIENTED_EDGE( '', *, *, #4155, .T. );
#2509 = ORIENTED_EDGE( '', *, *, #4056, .T. );
#2510 = ORIENTED_EDGE( '', *, *, #4052, .T. );
#2511 = ORIENTED_EDGE( '', *, *, #3935, .T. );
#2512 = ORIENTED_EDGE( '', *, *, #4156, .T. );
#2513 = ORIENTED_EDGE( '', *, *, #3917, .T. );
#2514 = ORIENTED_EDGE( '', *, *, #4157, .T. );
#2515 = ORIENTED_EDGE( '', *, *, #4158, .T. );
#2516 = ORIENTED_EDGE( '', *, *, #4159, .T. );
#2517 = ORIENTED_EDGE( '', *, *, #4017, .T. );
#2518 = ORIENTED_EDGE( '', *, *, #4160, .T. );
#2519 = ORIENTED_EDGE( '', *, *, #4161, .T. );
#2520 = ORIENTED_EDGE( '', *, *, #3818, .T. );
#2521 = ORIENTED_EDGE( '', *, *, #4162, .T. );
#2522 = ORIENTED_EDGE( '', *, *, #3828, .T. );
#2523 = ORIENTED_EDGE( '', *, *, #3904, .T. );
#2524 = ORIENTED_EDGE( '', *, *, #3823, .T. );
#2525 = ORIENTED_EDGE( '', *, *, #4163, .T. );
#2526 = ORIENTED_EDGE( '', *, *, #3956, .T. );
#2527 = ORIENTED_EDGE( '', *, *, #4013, .T. );
#2528 = ORIENTED_EDGE( '', *, *, #4164, .T. );
#2529 = ORIENTED_EDGE( '', *, *, #4165, .T. );
#2530 = ORIENTED_EDGE( '', *, *, #4166, .T. );
#2531 = ORIENTED_EDGE( '', *, *, #3952, .T. );
#2532 = ORIENTED_EDGE( '', *, *, #4167, .T. );
#2533 = ORIENTED_EDGE( '', *, *, #4168, .T. );
#2534 = ORIENTED_EDGE( '', *, *, #4032, .T. );
#2535 = ORIENTED_EDGE( '', *, *, #4169, .T. );
#2536 = ORIENTED_EDGE( '', *, *, #4170, .T. );
#2537 = ORIENTED_EDGE( '', *, *, #4171, .T. );
#2538 = ORIENTED_EDGE( '', *, *, #4172, .T. );
#2539 = ORIENTED_EDGE( '', *, *, #4173, .T. );
#2540 = ORIENTED_EDGE( '', *, *, #4174, .T. );
#2541 = ORIENTED_EDGE( '', *, *, #4175, .T. );
#2542 = CARTESIAN_POINT( '', ( -3.60000000000000, -3.60000000000000, 3.00000000000000 ) );
#2543 = DIRECTION( '', ( 0.000000000000000, 0.000000000000000, 1.00000000000000 ) );
#2544 = DIRECTION( '', ( 1.00000000000000, 0.000000000000000, 0.000000000000000 ) );
#2545 = SURFACE_STYLE_FILL_AREA( #4176 );
#2546 = ORIENTED_EDGE( '', *, *, #4160, .F. );
#2547 = ORIENTED_EDGE( '', *, *, #4019, .F. );
#2548 = ORIENTED_EDGE( '', *, *, #3984, .T. );
#2549 = ORIENTED_EDGE( '', *, *, #4177, .T. );
#2550 = CARTESIAN_POINT( '', ( -1.09356913183280, -1.11731511254019, 2.99000000000000 ) );
#2551 = DIRECTION( '', ( 0.131446184459896, 0.991323307801716, 0.000000000000000 ) );
#2552 = DIRECTION( '', ( -0.991323307801716, 0.131446184459896, 0.000000000000000 ) );
#2553 = SURFACE_STYLE_FILL_AREA( #4178 );
#2554 = ORIENTED_EDGE( '', *, *, #4117, .F. );
#2555 = ORIENTED_EDGE( '', *, *, #4179, .F. );
#2556 = ORIENTED_EDGE( '', *, *, #4081, .T. );
#2557 = ORIENTED_EDGE( '', *, *, #4072, .T. );
#2558 = CARTESIAN_POINT( '', ( -2.64010703792966, 2.43315677541691, 2.99000000000000 ) );
#2559 = DIRECTION( '', ( -0.998645019874251, -0.0520396414318698, 0.000000000000000 ) );
#2560 = DIRECTION( '', ( 0.0520396414318698, -0.998645019874251, 0.000000000000000 ) );
#2561 = SURFACE_STYLE_FILL_AREA( #4180 );
#2562 = ORIENTED_EDGE( '', *, *, #4109, .T. );
#2563 = ORIENTED_EDGE( '', *, *, #4069, .F. );
#2564 = ORIENTED_EDGE( '', *, *, #4181, .F. );
#2565 = ORIENTED_EDGE( '', *, *, #4182, .T. );
#2566 = CARTESIAN_POINT( '', ( -0.0585813500025129, 2.13967743941171, 2.99000000000000 ) );
#2567 = DIRECTION( '', ( 0.854372242878022, -0.519661496168013, 0.000000000000000 ) );
#2568 = DIRECTION( '', ( 0.519661496168013, 0.854372242878022, 0.000000000000000 ) );
#2569 = SURFACE_STYLE_FILL_AREA( #4183 );
#2570 = ORIENTED_EDGE( '', *, *, #4149, .F. );
#2571 = ORIENTED_EDGE( '', *, *, #4184, .F. );
#2572 = ORIENTED_EDGE( '', *, *, #4185, .T. );
#2573 = ORIENTED_EDGE( '', *, *, #3943, .T. );
#2574 = CARTESIAN_POINT( '', ( -2.58921529275672, 1.45710069570550, 2.99000000000000 ) );
#2575 = DIRECTION( '', ( -0.998646183833549, -0.0520173001480316, 0.000000000000000 ) );
#2576 = DIRECTION( '', ( 0.0520173001480316, -0.998646183833549, 0.000000000000000 ) );
#2577 = SURFACE_STYLE_FILL_AREA( #4186 );
#2578 = ORIENTED_EDGE( '', *, *, #4138, .F. );
#2579 = ORIENTED_EDGE( '', *, *, #3850, .F. );
#2580 = ORIENTED_EDGE( '', *, *, #4187, .T. );
#2581 = ORIENTED_EDGE( '', *, *, #4188, .T. );
#2582 = CARTESIAN_POINT( '', ( 2.41761843598597, 0.969059135194855, 2.99000000000000 ) );
#2583 = CARTESIAN_POINT( '', ( 2.43284269344205, 1.07338450866837, 2.99000000000000 ) );
#2584 = CARTESIAN_POINT( '', ( 2.52267392482594, 1.15350790980939, 2.99000000000000 ) );
#2585 = CARTESIAN_POINT( '', ( 2.63121774263898, 1.15350790980939, 2.99000000000000 ) );
#2586 = CARTESIAN_POINT( '', ( 2.73976156045202, 1.15350790980939, 2.99000000000000 ) );
#2587 = CARTESIAN_POINT( '', ( 2.82959279183590, 1.07338450866837, 2.99000000000000 ) );
#2588 = CARTESIAN_POINT( '', ( 2.84481704929199, 0.969059135194855, 2.99000000000000 ) );
#2589 = DIRECTION( '', ( 0.000000000000000, 0.000000000000000, 1.00000000000000 ) );
#2590 = SURFACE_STYLE_FILL_AREA( #4189 );
#2591 = ORIENTED_EDGE( '', *, *, #4097, .F. );
#2592 = ORIENTED_EDGE( '', *, *, #4190, .F. );
#2593 = ORIENTED_EDGE( '', *, *, #4003, .T. );
#2594 = ORIENTED_EDGE( '', *, *, #4191, .T. );
#2595 = CARTESIAN_POINT( '', ( -0.442122186495177, -0.901237942122186, 2.99000000000000 ) );
#2596 = DIRECTION( '', ( 0.000000000000000, -1.00000000000000, 0.000000000000000 ) );
#2597 = DIRECTION( '', ( 0.000000000000000, 0.000000000000000, -1.00000000000000 ) );
#2598 = SURFACE_STYLE_FILL_AREA( #4192 );
#2599 = ORIENTED_EDGE( '', *, *, #4156, .F. );
#2600 = ORIENTED_EDGE( '', *, *, #3938, .F. );
#2601 = ORIENTED_EDGE( '', *, *, #4193, .T. );
#2602 = ORIENTED_EDGE( '', *, *, #3918, .T. );
#2603 = CARTESIAN_POINT( '', ( -1.78835985968474, 1.03163272623107, 2.99000000000000 ) );
#2604 = DIRECTION( '', ( 0.989944134660289, 0.141458864167965, 0.000000000000000 ) );
#2605 = DIRECTION( '', ( -0.141458864167965, 0.989944134660289, 0.000000000000000 ) );
#2606 = SURFACE_STYLE_FILL_AREA( #4194 );
#2607 = ORIENTED_EDGE( '', *, *, #4173, .F. );
#2608 = ORIENTED_EDGE( '', *, *, #4195, .F. );
#2609 = ORIENTED_EDGE( '', *, *, #4196, .T. );
#2610 = ORIENTED_EDGE( '', *, *, #4197, .T. );
#2611 = CARTESIAN_POINT( '', ( 1.82861736334405, -1.67487138263666, 2.99000000000000 ) );
#2612 = CARTESIAN_POINT( '', ( 1.83311897106109, -1.71152733118971, 2.99000000000000 ) );
#2613 = CARTESIAN_POINT( '', ( 1.84662379421222, -1.73789389067524, 2.99000000000000 ) );
#2614 = CARTESIAN_POINT( '', ( 1.86913183279742, -1.75461414790997, 2.99000000000000 ) );
#2615 = CARTESIAN_POINT( '', ( 1.89896889604558, -1.77677882346574, 2.99000000000000 ) );
#2616 = CARTESIAN_POINT( '', ( 1.93858520900322, -1.78805466237942, 2.99000000000000 ) );
#2617 = CARTESIAN_POINT( '', ( 2.04533762057878, -1.78805466237942, 2.99000000000000 ) );
#2618 = CARTESIAN_POINT( '', ( 2.08778135048231, -1.77712218649518, 2.99000000000000 ) );
#2619 = CARTESIAN_POINT( '', ( 2.11800643086817, -1.75525723472669, 2.99000000000000 ) );
#2620 = CARTESIAN_POINT( '', ( 2.14811474274138, -1.73347675379713, 2.99000000000000 ) );
#2621 = CARTESIAN_POINT( '', ( 2.16816720257235, -1.70188102893891, 2.99000000000000 ) );
#2622 = CARTESIAN_POINT( '', ( 2.17845659163987, -1.66265273311897, 2.99000000000000 ) );
#2623 = CARTESIAN_POINT( '', ( 2.18486773222557, -1.63821025963599, 2.99000000000000 ) );
#2624 = CARTESIAN_POINT( '', ( 2.18745980707396, -1.58741157556270, 2.99000000000000 ) );
#2625 = CARTESIAN_POINT( '', ( 2.18745980707396, -1.50959807073955, 2.99000000000000 ) );
#2626 = DIRECTION( '', ( 0.000000000000000, 0.000000000000000, 1.00000000000000 ) );
#2627 = SURFACE_STYLE_FILL_AREA( #4198 );
#2628 = ORIENTED_EDGE( '', *, *, #4136, .F. );
#2629 = ORIENTED_EDGE( '', *, *, #4199, .F. );
#2630 = ORIENTED_EDGE( '', *, *, #4039, .T. );
#2631 = ORIENTED_EDGE( '', *, *, #4200, .T. );
#2632 = CARTESIAN_POINT( '', ( 2.41761843598597, 1.88232529339111, 2.99000000000000 ) );
#2633 = DIRECTION( '', ( 0.000000000000000, 1.00000000000000, 0.000000000000000 ) );
#2634 = DIRECTION( '', ( 0.000000000000000, 0.000000000000000, 1.00000000000000 ) );
#2635 = SURFACE_STYLE_FILL_AREA( #4201 );
#2636 = ORIENTED_EDGE( '', *, *, #4103, .F. );
#2637 = ORIENTED_EDGE( '', *, *, #4202, .F. );
#2638 = ORIENTED_EDGE( '', *, *, #4203, .T. );
#2639 = ORIENTED_EDGE( '', *, *, #4204, .T. );
#2640 = CARTESIAN_POINT( '', ( -2.11350482315113, -0.635000000000000, 2.99000000000000 ) );
#2641 = CARTESIAN_POINT( '', ( -2.03697749196142, -0.863081457663451, 2.99000000000000 ) );
#2642 = CARTESIAN_POINT( '', ( -1.96045016077171, -1.09116291532690, 2.99000000000000 ) );
#2643 = CARTESIAN_POINT( '', ( -1.88392282958200, -1.31924437299035, 2.99000000000000 ) );
#2644 = CARTESIAN_POINT( '', ( -1.86264054624227, -1.38267392333619, 2.99000000000000 ) );
#2645 = CARTESIAN_POINT( '', ( -1.84790996784566, -1.43049839228296, 2.99000000000000 ) );
#2646 = CARTESIAN_POINT( '', ( -1.83762057877813, -1.46200964630225, 2.99000000000000 ) );
#2647 = DIRECTION( '', ( 0.000000000000000, 0.000000000000000, 1.00000000000000 ) );
#2648 = SURFACE_STYLE_FILL_AREA( #4205 );
#2649 = ORIENTED_EDGE( '', *, *, #4206, .T. );
#2650 = ORIENTED_EDGE( '', *, *, #4207, .F. );
#2651 = CARTESIAN_POINT( '', ( 2.47816392878203, 2.87087445826187, 2.99000000000000 ) );
#2652 = CARTESIAN_POINT( '', ( 2.47816392878203, 2.78634332361226, 2.99000000000000 ) );
#2653 = CARTESIAN_POINT( '', ( 2.54668660798936, 2.71782064440492, 2.99000000000000 ) );
#2654 = CARTESIAN_POINT( '', ( 2.63121774263898, 2.71782064440492, 2.99000000000000 ) );
#2655 = CARTESIAN_POINT( '', ( 2.71574887728859, 2.71782064440492, 2.99000000000000 ) );
#2656 = CARTESIAN_POINT( '', ( 2.78427155649593, 2.78634332361226, 2.99000000000000 ) );
#2657 = CARTESIAN_POINT( '', ( 2.78427155649593, 2.87087445826187, 2.99000000000000 ) );
#2658 = CARTESIAN_POINT( '', ( 2.78427155649593, 2.95540559291149, 2.99000000000000 ) );
#2659 = CARTESIAN_POINT( '', ( 2.71574887728859, 3.02392827211882, 2.99000000000000 ) );
#2660 = CARTESIAN_POINT( '', ( 2.63121774263898, 3.02392827211882, 2.99000000000000 ) );
#2661 = CARTESIAN_POINT( '', ( 2.54668660798936, 3.02392827211882, 2.99000000000000 ) );
#2662 = CARTESIAN_POINT( '', ( 2.47816392878203, 2.95540559291149, 2.99000000000000 ) );
#2663 = CARTESIAN_POINT( '', ( 2.47816392878203, 2.87087445826187, 2.99000000000000 ) );
#2664 = DIRECTION( '', ( 0.000000000000000, 0.000000000000000, 1.00000000000000 ) );
#2665 = SURFACE_STYLE_FILL_AREA( #4208 );
#2666 = ORIENTED_EDGE( '', *, *, #4209, .T. );
#2667 = CARTESIAN_POINT( '', ( -3.60000000000000, -3.60000000000000, 3.00000000000000 ) );
#2668 = DIRECTION( '', ( 0.000000000000000, 0.000000000000000, 1.00000000000000 ) );
#2669 = DIRECTION( '', ( 1.00000000000000, 0.000000000000000, 0.000000000000000 ) );
#2670 = SURFACE_STYLE_FILL_AREA( #4210 );
#2671 = ORIENTED_EDGE( '', *, *, #4091, .F. );
#2672 = ORIENTED_EDGE( '', *, *, #4211, .F. );
#2673 = ORIENTED_EDGE( '', *, *, #4212, .T. );
#2674 = ORIENTED_EDGE( '', *, *, #3858, .T. );
#2675 = CARTESIAN_POINT( '', ( 1.55401929260450, -1.60155948553055, 2.99000000000000 ) );
#2676 = DIRECTION( '', ( 0.000000000000000, 1.00000000000000, 0.000000000000000 ) );
#2677 = DIRECTION( '', ( 0.000000000000000, 0.000000000000000, 1.00000000000000 ) );
#2678 = SURFACE_STYLE_FILL_AREA( #4213 );
#2679 = ORIENTED_EDGE( '', *, *, #4214, .F. );
#2680 = ORIENTED_EDGE( '', *, *, #3977, .F. );
#2681 = ORIENTED_EDGE( '', *, *, #4215, .F. );
#2682 = ORIENTED_EDGE( '', *, *, #3972, .F. );
#2683 = ORIENTED_EDGE( '', *, *, #4216, .F. );
#2684 = ORIENTED_EDGE( '', *, *, #4217, .F. );
#2685 = ORIENTED_EDGE( '', *, *, #4218, .F. );
#2686 = ORIENTED_EDGE( '', *, *, #3932, .F. );
#2687 = ORIENTED_EDGE( '', *, *, #3909, .F. );
#2688 = CARTESIAN_POINT( '', ( 1.91018825629945, 2.61763259134132, 2.99000000000000 ) );
#2689 = DIRECTION( '', ( 0.000000000000000, 0.000000000000000, 1.00000000000000 ) );
#2690 = DIRECTION( '', ( 1.00000000000000, 0.000000000000000, 0.000000000000000 ) );
#2691 = SURFACE_STYLE_FILL_AREA( #4219 );
#2692 = ORIENTED_EDGE( '', *, *, #4220, .T. );
#2693 = CARTESIAN_POINT( '', ( -3.60000000000000, -3.60000000000000, 3.00000000000000 ) );
#2694 = DIRECTION( '', ( 0.000000000000000, 0.000000000000000, 1.00000000000000 ) );
#2695 = DIRECTION( '', ( 1.00000000000000, 0.000000000000000, 0.000000000000000 ) );
#2696 = SURFACE_STYLE_FILL_AREA( #4221 );
#2697 = ORIENTED_EDGE( '', *, *, #4116, .F. );
#2698 = ORIENTED_EDGE( '', *, *, #4222, .F. );
#2699 = ORIENTED_EDGE( '', *, *, #4082, .T. );
#2700 = ORIENTED_EDGE( '', *, *, #4179, .T. );
#2701 = CARTESIAN_POINT( '', ( -3.14799691988393, 2.43318381672679, 2.99000000000000 ) );
#2702 = DIRECTION( '', ( -5.32424661174757E-005, -0.999999998582620, 0.000000000000000 ) );
#2703 = DIRECTION( '', ( 0.999999998582620, -5.32424661174757E-005, 0.000000000000000 ) );
#2704 = SURFACE_STYLE_FILL_AREA( #4223 );
#2705 = ORIENTED_EDGE( '', *, *, #4124, .F. );
#2706 = ORIENTED_EDGE( '', *, *, #4224, .F. );
#2707 = ORIENTED_EDGE( '', *, *, #4225, .T. );
#2708 = ORIENTED_EDGE( '', *, *, #4226, .T. );
#2709 = CARTESIAN_POINT( '', ( 0.402689313738096, 1.45723590225484, 2.99000000000000 ) );
#2710 = DIRECTION( '', ( -0.000104493207370396, -0.999999994540585, 0.000000000000000 ) );
#2711 = DIRECTION( '', ( 0.999999994540585, -0.000104493207370396, 0.000000000000000 ) );
#2712 = SURFACE_STYLE_FILL_AREA( #4227 );
#2713 = ORIENTED_EDGE( '', *, *, #4175, .F. );
#2714 = ORIENTED_EDGE( '', *, *, #4228, .F. );
#2715 = ORIENTED_EDGE( '', *, *, #4229, .T. );
#2716 = ORIENTED_EDGE( '', *, *, #4230, .T. );
#2717 = CARTESIAN_POINT( '', ( 2.19774919614148, -0.986768488745980, 2.99000000000000 ) );
#2718 = DIRECTION( '', ( 1.00000000000000, 0.000000000000000, 0.000000000000000 ) );
#2719 = DIRECTION( '', ( 0.000000000000000, 0.000000000000000, -1.00000000000000 ) );
#2720 = SURFACE_STYLE_FILL_AREA( #4231 );
#2721 = ORIENTED_EDGE( '', *, *, #4206, .F. );
#2722 = ORIENTED_EDGE( '', *, *, #4077, .F. );
#2723 = ORIENTED_EDGE( '', *, *, #3869, .F. );
#2724 = ORIENTED_EDGE( '', *, *, #4232, .F. );
#2725 = ORIENTED_EDGE( '', *, *, #4233, .F. );
#2726 = ORIENTED_EDGE( '', *, *, #4061, .F. );
#2727 = ORIENTED_EDGE( '', *, *, #4046, .F. );
#2728 = ORIENTED_EDGE( '', *, *, #4234, .F. );
#2729 = ORIENTED_EDGE( '', *, *, #4235, .F. );
#2730 = CARTESIAN_POINT( '', ( 2.63121774263898, 3.08671819363399, 2.99000000000000 ) );
#2731 = DIRECTION( '', ( 0.000000000000000, 0.000000000000000, 1.00000000000000 ) );
#2732 = DIRECTION( '', ( 1.00000000000000, 0.000000000000000, 0.000000000000000 ) );
#2733 = SURFACE_STYLE_FILL_AREA( #4236 );
#2734 = ORIENTED_EDGE( '', *, *, #4237, .F. );
#2735 = ORIENTED_EDGE( '', *, *, #3859, .F. );
#2736 = ORIENTED_EDGE( '', *, *, #4212, .F. );
#2737 = ORIENTED_EDGE( '', *, *, #4238, .F. );
#2738 = ORIENTED_EDGE( '', *, *, #3923, .F. );
#2739 = ORIENTED_EDGE( '', *, *, #3897, .F. );
#2740 = ORIENTED_EDGE( '', *, *, #4239, .F. );
#2741 = CARTESIAN_POINT( '', ( 1.54345831005968, -1.03905131327954, 2.99000000000000 ) );
#2742 = DIRECTION( '', ( 0.000000000000000, 0.000000000000000, 1.00000000000000 ) );
#2743 = DIRECTION( '', ( 1.00000000000000, 0.000000000000000, 0.000000000000000 ) );
#2744 = SURFACE_STYLE_FILL_AREA( #4240 );
#2745 = ORIENTED_EDGE( '', *, *, #4162, .F. );
#2746 = ORIENTED_EDGE( '', *, *, #3821, .F. );
#2747 = ORIENTED_EDGE( '', *, *, #4241, .T. );
#2748 = ORIENTED_EDGE( '', *, *, #3829, .T. );
#2749 = CARTESIAN_POINT( '', ( 0.128295819935692, -1.60155948553055, 2.99000000000000 ) );
#2750 = DIRECTION( '', ( 0.000000000000000, 1.00000000000000, 0.000000000000000 ) );
#2751 = DIRECTION( '', ( 0.000000000000000, 0.000000000000000, 1.00000000000000 ) );
#2752 = SURFACE_STYLE_FILL_AREA( #4242 );
#2753 = ORIENTED_EDGE( '', *, *, #4159, .F. );
#2754 = ORIENTED_EDGE( '', *, *, #4243, .F. );
#2755 = ORIENTED_EDGE( '', *, *, #3986, .T. );
#2756 = ORIENTED_EDGE( '', *, *, #4018, .T. );
#2757 = CARTESIAN_POINT( '', ( -0.732797427652732, -1.51474276527331, 2.99000000000000 ) );
#2758 = CARTESIAN_POINT( '', ( -0.775241157556270, -1.55204180064308, 2.99000000000000 ) );
#2759 = CARTESIAN_POINT( '', ( -0.817684887459806, -1.57905144694534, 2.99000000000000 ) );
#2760 = CARTESIAN_POINT( '', ( -0.858199356913183, -1.59448553054663, 2.99000000000000 ) );
#2761 = CARTESIAN_POINT( '', ( -0.899275413071853, -1.61013355194041, 2.99000000000000 ) );
#2762 = CARTESIAN_POINT( '', ( -0.943086816720257, -1.61763665594856, 2.99000000000000 ) );
#2763 = CARTESIAN_POINT( '', ( -1.06720257234727, -1.61763665594856, 2.99000000000000 ) );
#2764 = CARTESIAN_POINT( '', ( -1.12700964630225, -1.59898713826366, 2.99000000000000 ) );
#2765 = CARTESIAN_POINT( '', ( -1.16881028938907, -1.56104501607717, 2.99000000000000 ) );
#2766 = CARTESIAN_POINT( '', ( -1.20993830338910, -1.52371343413868, 2.99000000000000 ) );
#2767 = CARTESIAN_POINT( '', ( -1.23118971061093, -1.47551446945338, 2.99000000000000 ) );
#2768 = CARTESIAN_POINT( '', ( -1.23118971061093, -1.38290996784566, 2.99000000000000 ) );
#2769 = CARTESIAN_POINT( '', ( -1.22282958199357, -1.35204180064309, 2.99000000000000 ) );
#2770 = CARTESIAN_POINT( '', ( -1.20739549839228, -1.32310289389067, 2.99000000000000 ) );
#2771 = CARTESIAN_POINT( '', ( -1.19208602676932, -1.29439763459762, 2.99000000000000 ) );
#2772 = CARTESIAN_POINT( '', ( -1.17073954983923, -1.27229903536977, 2.99000000000000 ) );
#2773 = CARTESIAN_POINT( '', ( -1.14565916398714, -1.25493569131833, 2.99000000000000 ) );
#2774 = CARTESIAN_POINT( '', ( -1.12044501607717, -1.23747974276527, 2.99000000000000 ) );
#2775 = CARTESIAN_POINT( '', ( -1.09163987138264, -1.22535369774920, 2.99000000000000 ) );
#2776 = CARTESIAN_POINT( '', ( -1.05948553054662, -1.21635048231511, 2.99000000000000 ) );
#2777 = CARTESIAN_POINT( '', ( -1.03634776303109, -1.20987190741076, 2.99000000000000 ) );
#2778 = CARTESIAN_POINT( '', ( -1.00096463022508, -1.20413183279743, 2.99000000000000 ) );
#2779 = CARTESIAN_POINT( '', ( -0.953376205787781, -1.19834405144694, 2.99000000000000 ) );
#2780 = CARTESIAN_POINT( '', ( -0.857009004025512, -1.18662371609748, 2.99000000000000 ) );
#2781 = CARTESIAN_POINT( '', ( -0.786173633440514, -1.17326366559485, 2.99000000000000 ) );
#2782 = CARTESIAN_POINT( '', ( -0.740514469453375, -1.15782958199357, 2.99000000000000 ) );
#2783 = DIRECTION( '', ( 0.000000000000000, 0.000000000000000, 1.00000000000000 ) );
#2784 = SURFACE_STYLE_FILL_AREA( #4244 );
#2785 = ORIENTED_EDGE( '', *, *, #4245, .T. );
#2786 = ORIENTED_EDGE( '', *, *, #4246, .F. );
#2787 = ORIENTED_EDGE( '', *, *, #4132, .F. );
#2788 = ORIENTED_EDGE( '', *, *, #4247, .T. );
#2789 = CARTESIAN_POINT( '', ( 3.60000000000000, 3.60000000000000, 3.00000000000000 ) );
#2790 = DIRECTION( '', ( -6.02334540269725E-017, -1.00000000000000, 0.000000000000000 ) );
#2791 = DIRECTION( '', ( 1.00000000000000, -6.02334540269725E-017, 0.000000000000000 ) );
#2792 = SURFACE_STYLE_FILL_AREA( #4248 );
#2793 = ORIENTED_EDGE( '', *, *, #4011, .F. );
#2794 = ORIENTED_EDGE( '', *, *, #4249, .F. );
#2795 = ORIENTED_EDGE( '', *, *, #4250, .F. );
#2796 = ORIENTED_EDGE( '', *, *, #4229, .F. );
#2797 = ORIENTED_EDGE( '', *, *, #4251, .F. );
#2798 = ORIENTED_EDGE( '', *, *, #4196, .F. );
#2799 = ORIENTED_EDGE( '', *, *, #4252, .F. );
#2800 = CARTESIAN_POINT( '', ( 2.28489553533576, -1.70595035913275, 2.99000000000000 ) );
#2801 = DIRECTION( '', ( 0.000000000000000, 0.000000000000000, 1.00000000000000 ) );
#2802 = DIRECTION( '', ( 1.00000000000000, 0.000000000000000, 0.000000000000000 ) );
#2803 = SURFACE_STYLE_FILL_AREA( #4253 );
#2804 = ORIENTED_EDGE( '', *, *, #4105, .F. );
#2805 = ORIENTED_EDGE( '', *, *, #4254, .F. );
#2806 = ORIENTED_EDGE( '', *, *, #4255, .T. );
#2807 = ORIENTED_EDGE( '', *, *, #3863, .T. );
#2808 = CARTESIAN_POINT( '', ( -1.55466237942122, -0.635000000000000, 2.99000000000000 ) );
#2809 = DIRECTION( '', ( 0.000000000000000, -1.00000000000000, 0.000000000000000 ) );
#2810 = DIRECTION( '', ( 0.000000000000000, 0.000000000000000, -1.00000000000000 ) );
#2811 = SURFACE_STYLE_FILL_AREA( #4256 );
#2812 = ORIENTED_EDGE( '', *, *, #4169, .F. );
#2813 = ORIENTED_EDGE( '', *, *, #4034, .F. );
#2814 = ORIENTED_EDGE( '', *, *, #3914, .T. );
#2815 = ORIENTED_EDGE( '', *, *, #4257, .T. );
#2816 = CARTESIAN_POINT( '', ( 0.685209003215435, -0.901237942122186, 2.99000000000000 ) );
#2817 = DIRECTION( '', ( 0.000000000000000, -1.00000000000000, 0.000000000000000 ) );
#2818 = DIRECTION( '', ( 0.000000000000000, 0.000000000000000, -1.00000000000000 ) );
#2819 = SURFACE_STYLE_FILL_AREA( #4258 );
#2820 = ORIENTED_EDGE( '', *, *, #4163, .F. );
#2821 = ORIENTED_EDGE( '', *, *, #3826, .F. );
#2822 = ORIENTED_EDGE( '', *, *, #4259, .T. );
#2823 = ORIENTED_EDGE( '', *, *, #3957, .T. );
#2824 = CARTESIAN_POINT( '', ( 0.128295819935692, -1.18483922829582, 2.99000000000000 ) );
#2825 = DIRECTION( '', ( 0.710320852925214, -0.703878033397546, 0.000000000000000 ) );
#2826 = DIRECTION( '', ( 0.703878033397546, 0.710320852925214, 0.000000000000000 ) );
#2827 = SURFACE_STYLE_FILL_AREA( #4260 );
#2828 = ORIENTED_EDGE( '', *, *, #3887, .F. );
#2829 = ORIENTED_EDGE( '', *, *, #4261, .F. );
#2830 = ORIENTED_EDGE( '', *, *, #3980, .T. );
#2831 = ORIENTED_EDGE( '', *, *, #4262, .T. );
#2832 = CARTESIAN_POINT( '', ( -0.743086816720256, -1.24979099678457, 2.99000000000000 ) );
#2833 = CARTESIAN_POINT( '', ( -0.786173633440514, -1.26779742765273, 2.99000000000000 ) );
#2834 = CARTESIAN_POINT( '', ( -0.851125401929260, -1.28258842443730, 2.99000000000000 ) );
#2835 = CARTESIAN_POINT( '', ( -0.937299035369774, -1.29480707395498, 2.99000000000000 ) );
#2836 = CARTESIAN_POINT( '', ( -0.985563232862062, -1.30165050494270, 2.99000000000000 ) );
#2837 = CARTESIAN_POINT( '', ( -1.02025723472669, -1.31024115755627, 2.99000000000000 ) );
#2838 = CARTESIAN_POINT( '', ( -1.04083601286174, -1.31860128617363, 2.99000000000000 ) );
#2839 = CARTESIAN_POINT( '', ( -1.06108704851182, -1.32682826940648, 2.99000000000000 ) );
#2840 = CARTESIAN_POINT( '', ( -1.07620578778135, -1.34046623794212, 2.99000000000000 ) );
#2841 = CARTESIAN_POINT( '', ( -1.08713826366559, -1.35782958199357, 2.99000000000000 ) );
#2842 = CARTESIAN_POINT( '', ( -1.09778078193798, -1.37473240513206, 2.99000000000000 ) );
#2843 = CARTESIAN_POINT( '', ( -1.10385852090032, -1.39319935691318, 2.99000000000000 ) );
#2844 = CARTESIAN_POINT( '', ( -1.10385852090032, -1.44593247588424, 2.99000000000000 ) );
#2845 = CARTESIAN_POINT( '', ( -1.09163987138264, -1.47229903536977, 2.99000000000000 ) );
#2846 = CARTESIAN_POINT( '', ( -1.06784565916399, -1.49352090032154, 2.99000000000000 ) );
#2847 = DIRECTION( '', ( 0.000000000000000, 0.000000000000000, 1.00000000000000 ) );
#2848 = SURFACE_STYLE_FILL_AREA( #4263 );
#2849 = ORIENTED_EDGE( '', *, *, #4119, .F. );
#2850 = ORIENTED_EDGE( '', *, *, #3996, .F. );
#2851 = ORIENTED_EDGE( '', *, *, #4026, .T. );
#2852 = ORIENTED_EDGE( '', *, *, #4085, .T. );
#2853 = CARTESIAN_POINT( '', ( -2.61466116534319, 1.94514225621614, 2.99000000000000 ) );
#2854 = DIRECTION( '', ( -0.998646183833549, -0.0520173001480330, 0.000000000000000 ) );
#2855 = DIRECTION( '', ( 0.0520173001480330, -0.998646183833548, 0.000000000000000 ) );
#2856 = SURFACE_STYLE_FILL_AREA( #4264 );
#2857 = ORIENTED_EDGE( '', *, *, #4125, .F. );
#2858 = ORIENTED_EDGE( '', *, *, #4226, .F. );
#2859 = ORIENTED_EDGE( '', *, *, #4265, .T. );
#2860 = ORIENTED_EDGE( '', *, *, #3814, .T. );
#2861 = CARTESIAN_POINT( '', ( 1.69661599095631, 1.45710069570550, 2.99000000000000 ) );
#2862 = CARTESIAN_POINT( '', ( 1.71181320710253, 1.56142606917901, 2.99000000000000 ) );
#2863 = CARTESIAN_POINT( '', ( 1.80164443848641, 1.64154947032003, 2.99000000000000 ) );
#2864 = CARTESIAN_POINT( '', ( 1.91018825629945, 1.64154947032003, 2.99000000000000 ) );
#2865 = CARTESIAN_POINT( '', ( 2.01875911542236, 1.64154947032003, 2.99000000000000 ) );
#2866 = CARTESIAN_POINT( '', ( 2.10859034680624, 1.56142606917901, 2.99000000000000 ) );
#2867 = CARTESIAN_POINT( '', ( 2.12378756295247, 1.45710069570550, 2.99000000000000 ) );
#2868 = DIRECTION( '', ( 0.000000000000000, 0.000000000000000, 1.00000000000000 ) );
#2869 = SURFACE_STYLE_FILL_AREA( #4266 );
#2870 = ORIENTED_EDGE( '', *, *, #4267, .F. );
#2871 = ORIENTED_EDGE( '', *, *, #4245, .F. );
#2872 = ORIENTED_EDGE( '', *, *, #4268, .F. );
#2873 = ORIENTED_EDGE( '', *, *, #4269, .F. );
#2874 = CARTESIAN_POINT( '', ( -3.60000000000000, -3.60000000000000, 0.000000000000000 ) );
#2875 = DIRECTION( '', ( 0.000000000000000, 0.000000000000000, 1.00000000000000 ) );
#2876 = DIRECTION( '', ( 1.00000000000000, 0.000000000000000, 0.000000000000000 ) );
#2877 = SURFACE_STYLE_FILL_AREA( #4270 );
#2878 = ORIENTED_EDGE( '', *, *, #4153, .F. );
#2879 = ORIENTED_EDGE( '', *, *, #4271, .F. );
#2880 = ORIENTED_EDGE( '', *, *, #4272, .T. );
#2881 = ORIENTED_EDGE( '', *, *, #3927, .T. );
#2882 = CARTESIAN_POINT( '', ( -2.05066056541132, 1.87131948027454, 2.99000000000000 ) );
#2883 = DIRECTION( '', ( 0.812281971897562, -0.583264946769655, 0.000000000000000 ) );
#2884 = DIRECTION( '', ( 0.583264946769655, 0.812281971897562, 0.000000000000000 ) );
#2885 = SURFACE_STYLE_FILL_AREA( #4273 );
#2886 = ORIENTED_EDGE( '', *, *, #4268, .T. );
#2887 = ORIENTED_EDGE( '', *, *, #4247, .F. );
#2888 = ORIENTED_EDGE( '', *, *, #4131, .F. );
#2889 = ORIENTED_EDGE( '', *, *, #4274, .T. );
#2890 = CARTESIAN_POINT( '', ( 3.60000000000000, -3.60000000000000, 3.00000000000000 ) );
#2891 = DIRECTION( '', ( -1.00000000000000, 0.000000000000000, 0.000000000000000 ) );
#2892 = DIRECTION( '', ( 0.000000000000000, 0.000000000000000, 1.00000000000000 ) );
#2893 = SURFACE_STYLE_FILL_AREA( #4275 );
#2894 = ORIENTED_EDGE( '', *, *, #4135, .F. );
#2895 = ORIENTED_EDGE( '', *, *, #4276, .F. );
#2896 = ORIENTED_EDGE( '', *, *, #4040, .T. );
#2897 = ORIENTED_EDGE( '', *, *, #4199, .T. );
#2898 = CARTESIAN_POINT( '', ( 2.84481704929199, 1.88232529339111, 2.99000000000000 ) );
#2899 = CARTESIAN_POINT( '', ( 2.82959279183590, 1.77799991991758, 2.99000000000000 ) );
#2900 = CARTESIAN_POINT( '', ( 2.73976156045202, 1.69787651877657, 2.99000000000000 ) );
#2901 = CARTESIAN_POINT( '', ( 2.63121774263898, 1.69787651877657, 2.99000000000000 ) );
#2902 = CARTESIAN_POINT( '', ( 2.52267392482594, 1.69787651877657, 2.99000000000000 ) );
#2903 = CARTESIAN_POINT( '', ( 2.43284269344205, 1.77799991991758, 2.99000000000000 ) );
#2904 = CARTESIAN_POINT( '', ( 2.41761843598597, 1.88232529339111, 2.99000000000000 ) );
#2905 = DIRECTION( '', ( 0.000000000000000, 0.000000000000000, 1.00000000000000 ) );
#2906 = SURFACE_STYLE_FILL_AREA( #4277 );
#2907 = ORIENTED_EDGE( '', *, *, #4090, .F. );
#2908 = ORIENTED_EDGE( '', *, *, #3924, .F. );
#2909 = ORIENTED_EDGE( '', *, *, #4238, .T. );
#2910 = ORIENTED_EDGE( '', *, *, #4211, .T. );
#2911 = CARTESIAN_POINT( '', ( 1.09099678456592, -1.00091639871383, 2.99000000000000 ) );
#2912 = CARTESIAN_POINT( '', ( 1.14244372990354, -0.924389067524115, 2.99000000000000 ) );
#2913 = CARTESIAN_POINT( '', ( 1.21704180064309, -0.885803858520900, 2.99000000000000 ) );
#2914 = CARTESIAN_POINT( '', ( 1.35659163987138, -0.885803858520900, 2.99000000000000 ) );
#2915 = CARTESIAN_POINT( '', ( 1.39517684887460, -0.893520900321543, 2.99000000000000 ) );
#2916 = CARTESIAN_POINT( '', ( 1.43054662379421, -0.908954983922829, 2.99000000000000 ) );
#2917 = CARTESIAN_POINT( '', ( 1.46622088719550, -0.924521935225209, 2.99000000000000 ) );
#2918 = CARTESIAN_POINT( '', ( 1.49292604501608, -0.943681672025723, 2.99000000000000 ) );
#2919 = CARTESIAN_POINT( '', ( 1.51028938906752, -0.968118971061093, 2.99000000000000 ) );
#2920 = CARTESIAN_POINT( '', ( 1.52817211524661, -0.993287252350167, 2.99000000000000 ) );
#2921 = CARTESIAN_POINT( '', ( 1.54051446945338, -1.02213826366559, 2.99000000000000 ) );
#2922 = CARTESIAN_POINT( '', ( 1.54758842443730, -1.05622186495177, 2.99000000000000 ) );
#2923 = CARTESIAN_POINT( '', ( 1.55212493003962, -1.07807957376293, 2.99000000000000 ) );
#2924 = CARTESIAN_POINT( '', ( 1.55401929260450, -1.11667202572347, 2.99000000000000 ) );
#2925 = CARTESIAN_POINT( '', ( 1.55401929260450, -1.17133440514469, 2.99000000000000 ) );
#2926 = CARTESIAN_POINT( '', ( 1.55401929260450, -1.31474276527331, 2.99000000000000 ) );
#2927 = CARTESIAN_POINT( '', ( 1.55401929260450, -1.45815112540193, 2.99000000000000 ) );
#2928 = CARTESIAN_POINT( '', ( 1.55401929260450, -1.60155948553055, 2.99000000000000 ) );
#2929 = DIRECTION( '', ( 0.000000000000000, 0.000000000000000, 1.00000000000000 ) );
#2930 = SURFACE_STYLE_FILL_AREA( #4278 );
#2931 = ORIENTED_EDGE( '', *, *, #4168, .F. );
#2932 = ORIENTED_EDGE( '', *, *, #4279, .F. );
#2933 = ORIENTED_EDGE( '', *, *, #3912, .T. );
#2934 = ORIENTED_EDGE( '', *, *, #4033, .T. );
#2935 = CARTESIAN_POINT( '', ( 0.803536977491963, -1.60155948553055, 2.99000000000000 ) );
#2936 = DIRECTION( '', ( 0.000000000000000, 1.00000000000000, 0.000000000000000 ) );
#2937 = DIRECTION( '', ( 0.000000000000000, 0.000000000000000, 1.00000000000000 ) );
#2938 = SURFACE_STYLE_FILL_AREA( #4280 );
#2939 = ORIENTED_EDGE( '', *, *, #4104, .F. );
#2940 = ORIENTED_EDGE( '', *, *, #4204, .F. );
#2941 = ORIENTED_EDGE( '', *, *, #4281, .T. );
#2942 = ORIENTED_EDGE( '', *, *, #4254, .T. );
#2943 = CARTESIAN_POINT( '', ( -1.83762057877813, -1.46200964630225, 2.99000000000000 ) );
#2944 = CARTESIAN_POINT( '', ( -1.82668810289389, -1.42728295819936, 2.99000000000000 ) );
#2945 = CARTESIAN_POINT( '', ( -1.80996784565917, -1.37583601286174, 2.99000000000000 ) );
#2946 = CARTESIAN_POINT( '', ( -1.78617363344051, -1.30766881028939, 2.99000000000000 ) );
#2947 = CARTESIAN_POINT( '', ( -1.70802617923696, -1.08378691446299, 2.99000000000000 ) );
#2948 = CARTESIAN_POINT( '', ( -1.63183279742765, -0.859222936763129, 2.99000000000000 ) );
#2949 = CARTESIAN_POINT( '', ( -1.55466237942122, -0.635000000000000, 2.99000000000000 ) );
#2950 = DIRECTION( '', ( 0.000000000000000, 0.000000000000000, 1.00000000000000 ) );
#2951 = SURFACE_STYLE_FILL_AREA( #4282 );
#2952 = ORIENTED_EDGE( '', *, *, #4154, .F. );
#2953 = ORIENTED_EDGE( '', *, *, #3929, .F. );
#2954 = ORIENTED_EDGE( '', *, *, #4283, .T. );
#2955 = ORIENTED_EDGE( '', *, *, #4284, .T. );
#2956 = CARTESIAN_POINT( '', ( -1.40296711143575, 2.13967743941171, 2.99000000000000 ) );
#2957 = DIRECTION( '', ( -0.985344937398060, -0.170573603889971, 0.000000000000000 ) );
#2958 = DIRECTION( '', ( 0.170573603889971, -0.985344937398060, 0.000000000000000 ) );
#2959 = SURFACE_STYLE_FILL_AREA( #4285 );
#2960 = ORIENTED_EDGE( '', *, *, #4114, .T. );
#2961 = ORIENTED_EDGE( '', *, *, #4286, .F. );
#2962 = ORIENTED_EDGE( '', *, *, #4287, .F. );
#2963 = ORIENTED_EDGE( '', *, *, #3901, .T. );
#2964 = CARTESIAN_POINT( '', ( -1.21013553076192, 1.03163272623107, 2.99000000000000 ) );
#2965 = DIRECTION( '', ( 0.000000000000000, -1.00000000000000, 0.000000000000000 ) );
#2966 = DIRECTION( '', ( 0.000000000000000, 0.000000000000000, -1.00000000000000 ) );
#2967 = SURFACE_STYLE_FILL_AREA( #4288 );
#2968 = ORIENTED_EDGE( '', *, *, #4106, .F. );
#2969 = ORIENTED_EDGE( '', *, *, #3893, .F. );
#2970 = ORIENTED_EDGE( '', *, *, #4289, .T. );
#2971 = ORIENTED_EDGE( '', *, *, #3853, .T. );
#2972 = CARTESIAN_POINT( '', ( -1.50643086816720, -0.791913183279742, 2.99000000000000 ) );
#2973 = DIRECTION( '', ( -0.944709181211550, 0.327909382199721, 0.000000000000000 ) );
#2974 = DIRECTION( '', ( -0.327909382199721, -0.944709181211550, 0.000000000000000 ) );
#2975 = SURFACE_STYLE_FILL_AREA( #4290 );
#2976 = ORIENTED_EDGE( '', *, *, #4141, .F. );
#2977 = ORIENTED_EDGE( '', *, *, #4291, .F. );
#2978 = ORIENTED_EDGE( '', *, *, #4292, .T. );
#2979 = ORIENTED_EDGE( '', *, *, #4293, .T. );
#2980 = CARTESIAN_POINT( '', ( 2.84481704929199, 0.906242172369820, 2.99000000000000 ) );
#2981 = CARTESIAN_POINT( '', ( 2.82959279183590, 0.801916798896303, 2.99000000000000 ) );
#2982 = CARTESIAN_POINT( '', ( 2.73976156045202, 0.721793397755288, 2.99000000000000 ) );
#2983 = CARTESIAN_POINT( '', ( 2.63121774263898, 0.721793397755288, 2.99000000000000 ) );
#2984 = CARTESIAN_POINT( '', ( 2.52267392482594, 0.721793397755288, 2.99000000000000 ) );
#2985 = CARTESIAN_POINT( '', ( 2.43284269344205, 0.801916798896303, 2.99000000000000 ) );
#2986 = CARTESIAN_POINT( '', ( 2.41761843598597, 0.906242172369820, 2.99000000000000 ) );
#2987 = DIRECTION( '', ( 0.000000000000000, 0.000000000000000, 1.00000000000000 ) );
#2988 = SURFACE_STYLE_FILL_AREA( #4294 );
#2989 = ORIENTED_EDGE( '', *, *, #4101, .F. );
#2990 = ORIENTED_EDGE( '', *, *, #4295, .F. );
#2991 = ORIENTED_EDGE( '', *, *, #4296, .T. );
#2992 = ORIENTED_EDGE( '', *, *, #3834, .T. );
#2993 = CARTESIAN_POINT( '', ( -2.18167202572347, -1.60155948553055, 2.99000000000000 ) );
#2994 = DIRECTION( '', ( 0.000000000000000, 1.00000000000000, 0.000000000000000 ) );
#2995 = DIRECTION( '', ( 0.000000000000000, 0.000000000000000, 1.00000000000000 ) );
#2996 = SURFACE_STYLE_FILL_AREA( #4297 );
#2997 = ORIENTED_EDGE( '', *, *, #4267, .T. );
#2998 = ORIENTED_EDGE( '', *, *, #4298, .F. );
#2999 = ORIENTED_EDGE( '', *, *, #4129, .F. );
#3000 = ORIENTED_EDGE( '', *, *, #4246, .T. );
#3001 = CARTESIAN_POINT( '', ( -3.60000000000000, 3.60000000000000, 3.00000000000000 ) );
#3002 = DIRECTION( '', ( 1.00000000000000, 0.000000000000000, 0.000000000000000 ) );
#3003 = DIRECTION( '', ( 0.000000000000000, 0.000000000000000, -1.00000000000000 ) );
#3004 = SURFACE_STYLE_FILL_AREA( #4299 );
#3005 = ORIENTED_EDGE( '', *, *, #4171, .F. );
#3006 = ORIENTED_EDGE( '', *, *, #4300, .F. );
#3007 = ORIENTED_EDGE( '', *, *, #4249, .T. );
#3008 = ORIENTED_EDGE( '', *, *, #4301, .T. );
#3009 = CARTESIAN_POINT( '', ( 2.30578778135048, -0.901237942122186, 2.99000000000000 ) );
#3010 = CARTESIAN_POINT( '', ( 2.30578778135048, -1.10295284030011, 2.99000000000000 ) );
#3011 = CARTESIAN_POINT( '', ( 2.30578778135048, -1.30466773847803, 2.99000000000000 ) );
#3012 = CARTESIAN_POINT( '', ( 2.30578778135048, -1.50638263665595, 2.99000000000000 ) );
#3013 = CARTESIAN_POINT( '', ( 2.30578778135048, -1.61570739549839, 2.99000000000000 ) );
#3014 = CARTESIAN_POINT( '', ( 2.29485530546624, -1.69287781350482, 2.99000000000000 ) );
#3015 = CARTESIAN_POINT( '', ( 2.27234726688103, -1.73853697749196, 2.99000000000000 ) );
#3016 = CARTESIAN_POINT( '', ( 2.25021998988057, -1.78342373940718, 2.99000000000000 ) );
#3017 = CARTESIAN_POINT( '', ( 2.21511254019293, -1.81956591639872, 2.99000000000000 ) );
#3018 = CARTESIAN_POINT( '', ( 2.16752411575563, -1.84593247588425, 2.99000000000000 ) );
#3019 = CARTESIAN_POINT( '', ( 2.11944364948399, -1.87257165314285, 2.99000000000000 ) );
#3020 = CARTESIAN_POINT( '', ( 2.06012861736335, -1.88580385852090, 2.99000000000000 ) );
#3021 = CARTESIAN_POINT( '', ( 1.90643086816721, -1.88580385852090, 2.99000000000000 ) );
#3022 = CARTESIAN_POINT( '', ( 1.83954983922830, -1.86715434083601, 2.99000000000000 ) );
#3023 = CARTESIAN_POINT( '', ( 1.73665594855306, -1.79127009646302, 2.99000000000000 ) );
#3024 = CARTESIAN_POINT( '', ( 1.71157556270097, -1.73467845659164, 2.99000000000000 ) );
#3025 = CARTESIAN_POINT( '', ( 1.71350482315113, -1.65943729903537, 2.99000000000000 ) );
#3026 = DIRECTION( '', ( 0.000000000000000, 0.000000000000000, 1.00000000000000 ) );
#3027 = SURFACE_STYLE_FILL_AREA( #4302 );
#3028 = ORIENTED_EDGE( '', *, *, #4269, .T. );
#3029 = ORIENTED_EDGE( '', *, *, #4274, .F. );
#3030 = ORIENTED_EDGE( '', *, *, #4130, .F. );
#3031 = ORIENTED_EDGE( '', *, *, #4298, .T. );
#3032 = CARTESIAN_POINT( '', ( -3.60000000000000, -3.60000000000000, 3.00000000000000 ) );
#3033 = DIRECTION( '', ( -6.02334540269725E-017, 1.00000000000000, 0.000000000000000 ) );
#3034 = DIRECTION( '', ( -1.00000000000000, -6.02334540269725E-017, 0.000000000000000 ) );
#3035 = SURFACE_STYLE_FILL_AREA( #4303 );
#3036 = ORIENTED_EDGE( '', *, *, #4120, .F. );
#3037 = ORIENTED_EDGE( '', *, *, #3973, .F. );
#3038 = ORIENTED_EDGE( '', *, *, #4215, .T. );
#3039 = ORIENTED_EDGE( '', *, *, #3976, .T. );
#3040 = CARTESIAN_POINT( '', ( 0.976884487490480, 2.43315677541691, 2.99000000000000 ) );
#3041 = DIRECTION( '', ( 0.000000000000000, -1.00000000000000, 0.000000000000000 ) );
#3042 = DIRECTION( '', ( 0.000000000000000, 0.000000000000000, -1.00000000000000 ) );
#3043 = SURFACE_STYLE_FILL_AREA( #4304 );
#3044 = ORIENTED_EDGE( '', *, *, #4137, .F. );
#3045 = ORIENTED_EDGE( '', *, *, #4200, .F. );
#3046 = ORIENTED_EDGE( '', *, *, #4038, .T. );
#3047 = ORIENTED_EDGE( '', *, *, #4305, .T. );
#3048 = CARTESIAN_POINT( '', ( 0.651929066798081, 1.88232529339111, 2.99000000000000 ) );
#3049 = DIRECTION( '', ( 0.863144825738467, -0.504956443469050, 0.000000000000000 ) );
#3050 = DIRECTION( '', ( 0.504956443469050, 0.863144825738467, 0.000000000000000 ) );
#3051 = SURFACE_STYLE_FILL_AREA( #4306 );
#3052 = ORIENTED_EDGE( '', *, *, #4307, .F. );
#3053 = ORIENTED_EDGE( '', *, *, #3944, .F. );
#3054 = ORIENTED_EDGE( '', *, *, #4185, .F. );
#3055 = ORIENTED_EDGE( '', *, *, #4308, .F. );
#3056 = CARTESIAN_POINT( '', ( -3.14799691988393, 1.45710069570550, 2.99000000000000 ) );
#3057 = DIRECTION( '', ( 0.000000000000000, 0.000000000000000, -1.00000000000000 ) );
#3058 = DIRECTION( '', ( -1.00000000000000, 0.000000000000000, 0.000000000000000 ) );
#3059 = SURFACE_STYLE_FILL_AREA( #4309 );
#3060 = ORIENTED_EDGE( '', *, *, #4121, .F. );
#3061 = ORIENTED_EDGE( '', *, *, #3933, .F. );
#3062 = ORIENTED_EDGE( '', *, *, #4218, .T. );
#3063 = ORIENTED_EDGE( '', *, *, #4310, .T. );
#3064 = CARTESIAN_POINT( '', ( 3.13137380997081, 2.37036685390175, 2.99000000000000 ) );
#3065 = DIRECTION( '', ( 0.000000000000000, 1.00000000000000, 0.000000000000000 ) );
#3066 = DIRECTION( '', ( 0.000000000000000, 0.000000000000000, 1.00000000000000 ) );
#3067 = SURFACE_STYLE_FILL_AREA( #4311 );
#3068 = ORIENTED_EDGE( '', *, *, #4099, .F. );
#3069 = ORIENTED_EDGE( '', *, *, #4312, .F. );
#3070 = ORIENTED_EDGE( '', *, *, #4001, .T. );
#3071 = ORIENTED_EDGE( '', *, *, #4029, .T. );
#3072 = CARTESIAN_POINT( '', ( -0.336012861736333, -1.00734726688103, 2.99000000000000 ) );
#3073 = CARTESIAN_POINT( '', ( -0.308360128617363, -0.957829581993569, 2.99000000000000 ) );
#3074 = CARTESIAN_POINT( '', ( -0.283279742765273, -0.925675241157556, 2.99000000000000 ) );
#3075 = CARTESIAN_POINT( '', ( -0.260128617363343, -0.909598070739549, 2.99000000000000 ) );
#3076 = CARTESIAN_POINT( '', ( -0.236844924351096, -0.893428839481044, 2.99000000000000 ) );
#3077 = CARTESIAN_POINT( '', ( -0.211254019292604, -0.885803858520900, 2.99000000000000 ) );
#3078 = CARTESIAN_POINT( '', ( -0.143086816720256, -0.885803858520900, 2.99000000000000 ) );
#3079 = CARTESIAN_POINT( '', ( -0.101929260450161, -0.898665594855305, 2.99000000000000 ) );
#3080 = CARTESIAN_POINT( '', ( -0.0607717041800638, -0.923745980707395, 2.99000000000000 ) );
#3081 = DIRECTION( '', ( 0.000000000000000, 0.000000000000000, 1.00000000000000 ) );
#3082 = SURFACE_STYLE_FILL_AREA( #4313 );
#3083 = ORIENTED_EDGE( '', *, *, #4127, .F. );
#3084 = ORIENTED_EDGE( '', *, *, #4009, .F. );
#3085 = ORIENTED_EDGE( '', *, *, #4314, .T. );
#3086 = ORIENTED_EDGE( '', *, *, #3948, .T. );
#3087 = CARTESIAN_POINT( '', ( 2.12378756295247, 1.39428373288046, 2.99000000000000 ) );
#3088 = CARTESIAN_POINT( '', ( 2.10859034680624, 1.28995835940694, 2.99000000000000 ) );
#3089 = CARTESIAN_POINT( '', ( 2.01875911542236, 1.20983495826593, 2.99000000000000 ) );
#3090 = CARTESIAN_POINT( '', ( 1.91018825629945, 1.20983495826593, 2.99000000000000 ) );
#3091 = CARTESIAN_POINT( '', ( 1.80164443848641, 1.20983495826593, 2.99000000000000 ) );
#3092 = CARTESIAN_POINT( '', ( 1.71181320710253, 1.28995835940694, 2.99000000000000 ) );
#3093 = CARTESIAN_POINT( '', ( 1.69661599095631, 1.39428373288046, 2.99000000000000 ) );
#3094 = DIRECTION( '', ( 0.000000000000000, 0.000000000000000, 1.00000000000000 ) );
#3095 = SURFACE_STYLE_FILL_AREA( #4315 );
#3096 = ORIENTED_EDGE( '', *, *, #4164, .F. );
#3097 = ORIENTED_EDGE( '', *, *, #4015, .F. );
#3098 = ORIENTED_EDGE( '', *, *, #4316, .T. );
#3099 = ORIENTED_EDGE( '', *, *, #4317, .T. );
#3100 = CARTESIAN_POINT( '', ( 0.295498392282959, -1.16168810289389, 2.99000000000000 ) );
#3101 = DIRECTION( '', ( -0.830365572146960, -0.557219002361775, 0.000000000000000 ) );
#3102 = DIRECTION( '', ( 0.557219002361775, -0.830365572146960, 0.000000000000000 ) );
#3103 = SURFACE_STYLE_FILL_AREA( #4318 );
#3104 = ORIENTED_EDGE( '', *, *, #4118, .F. );
#3105 = ORIENTED_EDGE( '', *, *, #4086, .F. );
#3106 = ORIENTED_EDGE( '', *, *, #4024, .T. );
#3107 = ORIENTED_EDGE( '', *, *, #3994, .T. );
#3108 = CARTESIAN_POINT( '', ( -3.14799691988393, 1.88232529339111, 2.99000000000000 ) );
#3109 = DIRECTION( '', ( 1.00000000000000, 0.000000000000000, 0.000000000000000 ) );
#3110 = DIRECTION( '', ( 0.000000000000000, 0.000000000000000, -1.00000000000000 ) );
#3111 = SURFACE_STYLE_FILL_AREA( #4319 );
#3112 = ORIENTED_EDGE( '', *, *, #4157, .F. );
#3113 = ORIENTED_EDGE( '', *, *, #4320, .F. );
#3114 = ORIENTED_EDGE( '', *, *, #3982, .T. );
#3115 = ORIENTED_EDGE( '', *, *, #4321, .T. );
#3116 = CARTESIAN_POINT( '', ( -0.586816720257234, -1.60155948553055, 2.99000000000000 ) );
#3117 = DIRECTION( '', ( 0.000000000000000, 1.00000000000000, 0.000000000000000 ) );
#3118 = DIRECTION( '', ( 0.000000000000000, 0.000000000000000, 1.00000000000000 ) );
#3119 = SURFACE_STYLE_FILL_AREA( #4322 );
#3120 = ORIENTED_EDGE( '', *, *, #4092, .F. );
#3121 = ORIENTED_EDGE( '', *, *, #3964, .F. );
#3122 = ORIENTED_EDGE( '', *, *, #4323, .T. );
#3123 = ORIENTED_EDGE( '', *, *, #4324, .T. );
#3124 = CARTESIAN_POINT( '', ( 0.803536977491963, -0.770691318327974, 2.99000000000000 ) );
#3125 = DIRECTION( '', ( 0.000000000000000, 1.00000000000000, 0.000000000000000 ) );
#3126 = DIRECTION( '', ( 0.000000000000000, 0.000000000000000, 1.00000000000000 ) );
#3127 = SURFACE_STYLE_FILL_AREA( #4325 );
#3128 = ORIENTED_EDGE( '', *, *, #4110, .T. );
#3129 = ORIENTED_EDGE( '', *, *, #4182, .F. );
#3130 = ORIENTED_EDGE( '', *, *, #4326, .F. );
#3131 = ORIENTED_EDGE( '', *, *, #4327, .T. );
#3132 = CARTESIAN_POINT( '', ( 0.676915237116778, 2.13967743941171, 2.99000000000000 ) );
#3133 = DIRECTION( '', ( 0.000000000000000, 1.00000000000000, 0.000000000000000 ) );
#3134 = DIRECTION( '', ( 0.000000000000000, 0.000000000000000, 1.00000000000000 ) );
#3135 = SURFACE_STYLE_FILL_AREA( #4328 );
#3136 = ORIENTED_EDGE( '', *, *, #4133, .F. );
#3137 = ORIENTED_EDGE( '', *, *, #4305, .F. );
#3138 = ORIENTED_EDGE( '', *, *, #4037, .T. );
#3139 = ORIENTED_EDGE( '', *, *, #3989, .T. );
#3140 = CARTESIAN_POINT( '', ( 0.688678206909670, 1.94514225621614, 2.99000000000000 ) );
#3141 = DIRECTION( '', ( 0.000000000000000, -1.00000000000000, 0.000000000000000 ) );
#3142 = DIRECTION( '', ( 0.000000000000000, 0.000000000000000, -1.00000000000000 ) );
#3143 = SURFACE_STYLE_FILL_AREA( #4329 );
#3144 = ORIENTED_EDGE( '', *, *, #4098, .F. );
#3145 = ORIENTED_EDGE( '', *, *, #4191, .F. );
#3146 = ORIENTED_EDGE( '', *, *, #4002, .T. );
#3147 = ORIENTED_EDGE( '', *, *, #4312, .T. );
#3148 = CARTESIAN_POINT( '', ( -0.336012861736333, -0.901237942122186, 2.99000000000000 ) );
#3149 = DIRECTION( '', ( -1.00000000000000, 0.000000000000000, 0.000000000000000 ) );
#3150 = DIRECTION( '', ( 0.000000000000000, 0.000000000000000, 1.00000000000000 ) );
#3151 = SURFACE_STYLE_FILL_AREA( #4330 );
#3152 = ORIENTED_EDGE( '', *, *, #4158, .F. );
#3153 = ORIENTED_EDGE( '', *, *, #4321, .F. );
#3154 = ORIENTED_EDGE( '', *, *, #3981, .T. );
#3155 = ORIENTED_EDGE( '', *, *, #4243, .T. );
#3156 = CARTESIAN_POINT( '', ( -0.708360128617363, -1.60155948553055, 2.99000000000000 ) );
#3157 = CARTESIAN_POINT( '', ( -0.721221864951768, -1.57712218649518, 2.99000000000000 ) );
#3158 = CARTESIAN_POINT( '', ( -0.728938906752412, -1.54818327974277, 2.99000000000000 ) );
#3159 = CARTESIAN_POINT( '', ( -0.732797427652732, -1.51474276527331, 2.99000000000000 ) );
#3160 = DIRECTION( '', ( 0.000000000000000, 0.000000000000000, 1.00000000000000 ) );
#3161 = SURFACE_STYLE_FILL_AREA( #4331 );
#3162 = ORIENTED_EDGE( '', *, *, #4036, .T. );
#3163 = ORIENTED_EDGE( '', *, *, #3940, .F. );
#3164 = CARTESIAN_POINT( '', ( 2.47816392878203, 1.91372025414869, 2.99000000000000 ) );
#3165 = CARTESIAN_POINT( '', ( 2.47816392878203, 1.82918911949907, 2.99000000000000 ) );
#3166 = CARTESIAN_POINT( '', ( 2.54668660798936, 1.76066644029174, 2.99000000000000 ) );
#3167 = CARTESIAN_POINT( '', ( 2.63121774263898, 1.76066644029174, 2.99000000000000 ) );
#3168 = CARTESIAN_POINT( '', ( 2.71574887728859, 1.76066644029174, 2.99000000000000 ) );
#3169 = CARTESIAN_POINT( '', ( 2.78427155649593, 1.82918911949907, 2.99000000000000 ) );
#3170 = CARTESIAN_POINT( '', ( 2.78427155649593, 1.91372025414869, 2.99000000000000 ) );
#3171 = CARTESIAN_POINT( '', ( 2.78427155649593, 1.99827843010818, 2.99000000000000 ) );
#3172 = CARTESIAN_POINT( '', ( 2.71574887728859, 2.06680110931551, 2.99000000000000 ) );
#3173 = CARTESIAN_POINT( '', ( 2.63121774263898, 2.06680110931551, 2.99000000000000 ) );
#3174 = CARTESIAN_POINT( '', ( 2.54668660798936, 2.06680110931551, 2.99000000000000 ) );
#3175 = CARTESIAN_POINT( '', ( 2.47816392878203, 1.99827843010818, 2.99000000000000 ) );
#3176 = CARTESIAN_POINT( '', ( 2.47816392878203, 1.91372025414869, 2.99000000000000 ) );
#3177 = DIRECTION( '', ( 0.000000000000000, 0.000000000000000, 1.00000000000000 ) );
#3178 = SURFACE_STYLE_FILL_AREA( #4332 );
#3179 = ORIENTED_EDGE( '', *, *, #3888, .F. );
#3180 = ORIENTED_EDGE( '', *, *, #4262, .F. );
#3181 = ORIENTED_EDGE( '', *, *, #3979, .T. );
#3182 = ORIENTED_EDGE( '', *, *, #4261, .T. );
#3183 = CARTESIAN_POINT( '', ( -1.06784565916399, -1.49352090032154, 2.99000000000000 ) );
#3184 = CARTESIAN_POINT( '', ( -1.04369327532122, -1.51506221564077, 2.99000000000000 ) );
#3185 = CARTESIAN_POINT( '', ( -1.00803858520900, -1.52503215434083, 2.99000000000000 ) );
#3186 = CARTESIAN_POINT( '', ( -0.915434083601286, -1.52503215434083, 2.99000000000000 ) );
#3187 = CARTESIAN_POINT( '', ( -0.874919614147910, -1.51538585209003, 2.99000000000000 ) );
#3188 = CARTESIAN_POINT( '', ( -0.802893890675241, -1.47551446945338, 2.99000000000000 ) );
#3189 = CARTESIAN_POINT( '', ( -0.776527331189711, -1.44786173633440, 2.99000000000000 ) );
#3190 = CARTESIAN_POINT( '', ( -0.759807073954984, -1.41313504823151, 2.99000000000000 ) );
#3191 = CARTESIAN_POINT( '', ( -0.746829324185936, -1.38618126024964, 2.99000000000000 ) );
#3192 = CARTESIAN_POINT( '', ( -0.740514469453375, -1.34625401929260, 2.99000000000000 ) );
#3193 = CARTESIAN_POINT( '', ( -0.740514469453375, -1.29352090032154, 2.99000000000000 ) );
#3194 = CARTESIAN_POINT( '', ( -0.740514469453375, -1.27894426580922, 2.99000000000000 ) );
#3195 = CARTESIAN_POINT( '', ( -0.742229367631296, -1.26436763129689, 2.99000000000000 ) );
#3196 = CARTESIAN_POINT( '', ( -0.743086816720256, -1.24979099678457, 2.99000000000000 ) );
#3197 = DIRECTION( '', ( 0.000000000000000, 0.000000000000000, 1.00000000000000 ) );
#3198 = SURFACE_STYLE_FILL_AREA( #4333 );
#3199 = ORIENTED_EDGE( '', *, *, #4161, .F. );
#3200 = ORIENTED_EDGE( '', *, *, #4177, .F. );
#3201 = ORIENTED_EDGE( '', *, *, #3983, .T. );
#3202 = ORIENTED_EDGE( '', *, *, #4320, .T. );
#3203 = CARTESIAN_POINT( '', ( -1.20996784565916, -1.10188102893891, 2.99000000000000 ) );
#3204 = CARTESIAN_POINT( '', ( -1.19967845659164, -1.05236334405145, 2.99000000000000 ) );
#3205 = CARTESIAN_POINT( '', ( -1.18231511254019, -1.01184887459807, 2.99000000000000 ) );
#3206 = CARTESIAN_POINT( '', ( -1.15787781350482, -0.981623794212218, 2.99000000000000 ) );
#3207 = CARTESIAN_POINT( '', ( -1.13338030760076, -0.951324247436146, 2.99000000000000 ) );
#3208 = CARTESIAN_POINT( '', ( -1.09871382636656, -0.926961414790996, 2.99000000000000 ) );
#3209 = CARTESIAN_POINT( '', ( -1.05305466237942, -0.910884244372990, 2.99000000000000 ) );
#3210 = CARTESIAN_POINT( '', ( -1.00719403720279, -0.894736136916429, 2.99000000000000 ) );
#3211 = CARTESIAN_POINT( '', ( -0.954019292604501, -0.885803858520900, 2.99000000000000 ) );
#3212 = CARTESIAN_POINT( '', ( -0.834405144694534, -0.885803858520900, 2.99000000000000 ) );
#3213 = CARTESIAN_POINT( '', ( -0.785530546623794, -0.892877813504823, 2.99000000000000 ) );
#3214 = CARTESIAN_POINT( '', ( -0.710932475884244, -0.921173633440514, 2.99000000000000 ) );
#3215 = CARTESIAN_POINT( '', ( -0.683279742765273, -0.939180064308681, 2.99000000000000 ) );
#3216 = CARTESIAN_POINT( '', ( -0.648553054662379, -0.981623794212218, 2.99000000000000 ) );
#3217 = CARTESIAN_POINT( '', ( -0.636334405144694, -1.00863344051447, 2.99000000000000 ) );
#3218 = CARTESIAN_POINT( '', ( -0.629260450160771, -1.04078778135048, 2.99000000000000 ) );
#3219 = CARTESIAN_POINT( '', ( -0.624734306510242, -1.06136116158016, 2.99000000000000 ) );
#3220 = CARTESIAN_POINT( '', ( -0.622829581993568, -1.09802250803858, 2.99000000000000 ) );
#3221 = CARTESIAN_POINT( '', ( -0.622829581993568, -1.15011254019293, 2.99000000000000 ) );
#3222 = CARTESIAN_POINT( '', ( -0.622829581993568, -1.20306002143623, 2.99000000000000 ) );
#3223 = CARTESIAN_POINT( '', ( -0.622829581993568, -1.25600750267953, 2.99000000000000 ) );
#3224 = CARTESIAN_POINT( '', ( -0.622829581993568, -1.30895498392283, 2.99000000000000 ) );
#3225 = CARTESIAN_POINT( '', ( -0.622829581993568, -1.41956591639871, 2.99000000000000 ) );
#3226 = CARTESIAN_POINT( '', ( -0.620257234726687, -1.48901929260450, 2.99000000000000 ) );
#3227 = CARTESIAN_POINT( '', ( -0.615755627009646, -1.51795819935692, 2.99000000000000 ) );
#3228 = CARTESIAN_POINT( '', ( -0.611141153525350, -1.54762267175596, 2.99000000000000 ) );
#3229 = CARTESIAN_POINT( '', ( -0.600964630225080, -1.57519292604502, 2.99000000000000 ) );
#3230 = CARTESIAN_POINT( '', ( -0.586816720257234, -1.60155948553055, 2.99000000000000 ) );
#3231 = DIRECTION( '', ( 0.000000000000000, 0.000000000000000, 1.00000000000000 ) );
#3232 = SURFACE_STYLE_FILL_AREA( #4334 );
#3233 = ORIENTED_EDGE( '', *, *, #4094, .F. );
#3234 = ORIENTED_EDGE( '', *, *, #4335, .F. );
#3235 = ORIENTED_EDGE( '', *, *, #4336, .T. );
#3236 = ORIENTED_EDGE( '', *, *, #3962, .T. );
#3237 = CARTESIAN_POINT( '', ( 0.685209003215435, -0.635000000000000, 2.99000000000000 ) );
#3238 = DIRECTION( '', ( 0.000000000000000, -1.00000000000000, 0.000000000000000 ) );
#3239 = DIRECTION( '', ( 0.000000000000000, 0.000000000000000, -1.00000000000000 ) );
#3240 = SURFACE_STYLE_FILL_AREA( #4337 );
#3241 = ORIENTED_EDGE( '', *, *, #4338, .T. );
#3242 = CARTESIAN_POINT( '', ( -3.60000000000000, -3.60000000000000, 3.00000000000000 ) );
#3243 = DIRECTION( '', ( 0.000000000000000, 0.000000000000000, 1.00000000000000 ) );
#3244 = DIRECTION( '', ( 1.00000000000000, 0.000000000000000, 0.000000000000000 ) );
#3245 = SURFACE_STYLE_FILL_AREA( #4339 );
#3246 = ORIENTED_EDGE( '', *, *, #4111, .T. );
#3247 = ORIENTED_EDGE( '', *, *, #4327, .F. );
#3248 = ORIENTED_EDGE( '', *, *, #4340, .F. );
#3249 = ORIENTED_EDGE( '', *, *, #4341, .T. );
#3250 = CARTESIAN_POINT( '', ( 0.423240709238325, 1.70609707697667, 2.99000000000000 ) );
#3251 = DIRECTION( '', ( 0.863126069470666, -0.504988503037564, 0.000000000000000 ) );
#3252 = DIRECTION( '', ( 0.504988503037564, 0.863126069470666, 0.000000000000000 ) );
#3253 = SURFACE_STYLE_FILL_AREA( #4342 );
#3254 = ORIENTED_EDGE( '', *, *, #4167, .F. );
#3255 = ORIENTED_EDGE( '', *, *, #4257, .F. );
#3256 = ORIENTED_EDGE( '', *, *, #3913, .T. );
#3257 = ORIENTED_EDGE( '', *, *, #4279, .T. );
#3258 = CARTESIAN_POINT( '', ( 0.803536977491963, -0.901237942122186, 2.99000000000000 ) );
#3259 = DIRECTION( '', ( -1.00000000000000, 0.000000000000000, 0.000000000000000 ) );
#3260 = DIRECTION( '', ( 0.000000000000000, 0.000000000000000, 1.00000000000000 ) );
#3261 = SURFACE_STYLE_FILL_AREA( #4343 );
#3262 = ORIENTED_EDGE( '', *, *, #4344, .T. );
#3263 = ORIENTED_EDGE( '', *, *, #4220, .F. );
#3264 = CARTESIAN_POINT( '', ( 1.75713444244250, 1.42567869363805, 2.99000000000000 ) );
#3265 = CARTESIAN_POINT( '', ( 1.75713444244250, 1.34114755898843, 2.99000000000000 ) );
#3266 = CARTESIAN_POINT( '', ( 1.82565712164984, 1.27262487978110, 2.99000000000000 ) );
#3267 = CARTESIAN_POINT( '', ( 1.91018825629945, 1.27262487978110, 2.99000000000000 ) );
#3268 = CARTESIAN_POINT( '', ( 1.99474643225893, 1.27262487978110, 2.99000000000000 ) );
#3269 = CARTESIAN_POINT( '', ( 2.06326911146627, 1.34114755898843, 2.99000000000000 ) );
#3270 = CARTESIAN_POINT( '', ( 2.06326911146627, 1.42567869363805, 2.99000000000000 ) );
#3271 = CARTESIAN_POINT( '', ( 2.06326911146627, 1.51023686959753, 2.99000000000000 ) );
#3272 = CARTESIAN_POINT( '', ( 1.99474643225893, 1.57875954880487, 2.99000000000000 ) );
#3273 = CARTESIAN_POINT( '', ( 1.91018825629945, 1.57875954880487, 2.99000000000000 ) );
#3274 = CARTESIAN_POINT( '', ( 1.82565712164984, 1.57875954880487, 2.99000000000000 ) );
#3275 = CARTESIAN_POINT( '', ( 1.75713444244250, 1.51023686959753, 2.99000000000000 ) );
#3276 = CARTESIAN_POINT( '', ( 1.75713444244250, 1.42567869363805, 2.99000000000000 ) );
#3277 = DIRECTION( '', ( 0.000000000000000, 0.000000000000000, 1.00000000000000 ) );
#3278 = SURFACE_STYLE_FILL_AREA( #4345 );
#3279 = ORIENTED_EDGE( '', *, *, #4134, .F. );
#3280 = ORIENTED_EDGE( '', *, *, #3885, .F. );
#3281 = ORIENTED_EDGE( '', *, *, #4041, .T. );
#3282 = ORIENTED_EDGE( '', *, *, #4276, .T. );
#3283 = CARTESIAN_POINT( '', ( 3.13137380997081, 1.88232529339111, 2.99000000000000 ) );
#3284 = DIRECTION( '', ( 0.000000000000000, 1.00000000000000, 0.000000000000000 ) );
#3285 = DIRECTION( '', ( 0.000000000000000, 0.000000000000000, 1.00000000000000 ) );
#3286 = SURFACE_STYLE_FILL_AREA( #4346 );
#3287 = ORIENTED_EDGE( '', *, *, #4323, .F. );
#3288 = ORIENTED_EDGE( '', *, *, #3963, .F. );
#3289 = ORIENTED_EDGE( '', *, *, #4336, .F. );
#3290 = ORIENTED_EDGE( '', *, *, #4347, .F. );
#3291 = CARTESIAN_POINT( '', ( 0.744372990353699, -0.770691318327974, 2.99000000000000 ) );
#3292 = DIRECTION( '', ( 0.000000000000000, 0.000000000000000, 1.00000000000000 ) );
#3293 = DIRECTION( '', ( 1.00000000000000, 0.000000000000000, 0.000000000000000 ) );
#3294 = SURFACE_STYLE_FILL_AREA( #4348 );
#3295 = ORIENTED_EDGE( '', *, *, #4172, .F. );
#3296 = ORIENTED_EDGE( '', *, *, #4301, .F. );
#3297 = ORIENTED_EDGE( '', *, *, #4252, .T. );
#3298 = ORIENTED_EDGE( '', *, *, #4195, .T. );
#3299 = CARTESIAN_POINT( '', ( 1.71350482315113, -1.65943729903537, 2.99000000000000 ) );
#3300 = DIRECTION( '', ( -0.132889061676681, -0.991130918338587, 0.000000000000000 ) );
#3301 = DIRECTION( '', ( 0.991130918338587, -0.132889061676681, 0.000000000000000 ) );
#3302 = SURFACE_STYLE_FILL_AREA( #4349 );
#3303 = ORIENTED_EDGE( '', *, *, #4151, .F. );
#3304 = ORIENTED_EDGE( '', *, *, #4350, .F. );
#3305 = ORIENTED_EDGE( '', *, *, #4351, .T. );
#3306 = ORIENTED_EDGE( '', *, *, #3844, .T. );
#3307 = CARTESIAN_POINT( '', ( -2.44143453432417, 1.03163272623107, 2.99000000000000 ) );
#3308 = DIRECTION( '', ( 0.998643274761987, 0.0520731194826537, 0.000000000000000 ) );
#3309 = DIRECTION( '', ( -0.0520731194826537, 0.998643274761987, 0.000000000000000 ) );
#3310 = SURFACE_STYLE_FILL_AREA( #4352 );
#3311 = ORIENTED_EDGE( '', *, *, #4147, .F. );
#3312 = ORIENTED_EDGE( '', *, *, #3945, .F. );
#3313 = ORIENTED_EDGE( '', *, *, #4307, .T. );
#3314 = ORIENTED_EDGE( '', *, *, #4353, .T. );
#3315 = CARTESIAN_POINT( '', ( -3.14799691988393, 1.39428373288046, 2.99000000000000 ) );
#3316 = DIRECTION( '', ( 1.00000000000000, 0.000000000000000, 0.000000000000000 ) );
#3317 = DIRECTION( '', ( 0.000000000000000, 0.000000000000000, -1.00000000000000 ) );
#3318 = SURFACE_STYLE_FILL_AREA( #4354 );
#3319 = ORIENTED_EDGE( '', *, *, #4123, .F. );
#3320 = ORIENTED_EDGE( '', *, *, #4355, .F. );
#3321 = ORIENTED_EDGE( '', *, *, #4216, .T. );
#3322 = ORIENTED_EDGE( '', *, *, #3971, .T. );
#3323 = CARTESIAN_POINT( '', ( 1.69661599095631, 2.37036685390175, 2.99000000000000 ) );
#3324 = DIRECTION( '', ( 0.000000000000000, 1.00000000000000, 0.000000000000000 ) );
#3325 = DIRECTION( '', ( 0.000000000000000, 0.000000000000000, 1.00000000000000 ) );
#3326 = SURFACE_STYLE_FILL_AREA( #4356 );
#3327 = ORIENTED_EDGE( '', *, *, #4142, .F. );
#3328 = ORIENTED_EDGE( '', *, *, #4293, .F. );
#3329 = ORIENTED_EDGE( '', *, *, #4357, .T. );
#3330 = ORIENTED_EDGE( '', *, *, #3809, .T. );
#3331 = CARTESIAN_POINT( '', ( 2.41761843598597, 0.906242172369820, 2.99000000000000 ) );
#3332 = DIRECTION( '', ( 0.000000000000000, 1.00000000000000, 0.000000000000000 ) );
#3333 = DIRECTION( '', ( 0.000000000000000, 0.000000000000000, 1.00000000000000 ) );
#3334 = SURFACE_STYLE_FILL_AREA( #4358 );
#3335 = ORIENTED_EDGE( '', *, *, #4100, .F. );
#3336 = ORIENTED_EDGE( '', *, *, #4359, .F. );
#3337 = ORIENTED_EDGE( '', *, *, #4360, .T. );
#3338 = ORIENTED_EDGE( '', *, *, #4295, .T. );
#3339 = CARTESIAN_POINT( '', ( -2.18167202572347, -0.779694533762057, 2.99000000000000 ) );
#3340 = DIRECTION( '', ( -1.00000000000000, 0.000000000000000, 0.000000000000000 ) );
#3341 = DIRECTION( '', ( 0.000000000000000, 0.000000000000000, 1.00000000000000 ) );
#3342 = SURFACE_STYLE_FILL_AREA( #4361 );
#3343 = ORIENTED_EDGE( '', *, *, #4152, .F. );
#3344 = ORIENTED_EDGE( '', *, *, #3846, .F. );
#3345 = ORIENTED_EDGE( '', *, *, #4362, .T. );
#3346 = ORIENTED_EDGE( '', *, *, #4271, .T. );
#3347 = CARTESIAN_POINT( '', ( -2.09349400024336, 2.77668957598912, 2.99000000000000 ) );
#3348 = DIRECTION( '', ( -0.998882737529132, -0.0472575567111538, 0.000000000000000 ) );
#3349 = DIRECTION( '', ( 0.0472575567111538, -0.998882737529132, 0.000000000000000 ) );
#3350 = SURFACE_STYLE_FILL_AREA( #4363 );
#3351 = ORIENTED_EDGE( '', *, *, #4140, .F. );
#3352 = ORIENTED_EDGE( '', *, *, #3880, .F. );
#3353 = ORIENTED_EDGE( '', *, *, #4364, .T. );
#3354 = ORIENTED_EDGE( '', *, *, #4291, .T. );
#3355 = CARTESIAN_POINT( '', ( 3.13137380997081, 0.906242172369820, 2.99000000000000 ) );
#3356 = DIRECTION( '', ( 0.000000000000000, 1.00000000000000, 0.000000000000000 ) );
#3357 = DIRECTION( '', ( 0.000000000000000, 0.000000000000000, 1.00000000000000 ) );
#3358 = SURFACE_STYLE_FILL_AREA( #4365 );
#3359 = ORIENTED_EDGE( '', *, *, #4128, .F. );
#3360 = ORIENTED_EDGE( '', *, *, #3950, .F. );
#3361 = ORIENTED_EDGE( '', *, *, #4366, .T. );
#3362 = ORIENTED_EDGE( '', *, *, #4224, .T. );
#3363 = CARTESIAN_POINT( '', ( 0.365426388739002, 1.39428373288046, 2.99000000000000 ) );
#3364 = DIRECTION( '', ( 0.860543615525386, -0.509376762110814, 0.000000000000000 ) );
#3365 = DIRECTION( '', ( 0.509376762110814, 0.860543615525386, 0.000000000000000 ) );
#3366 = SURFACE_STYLE_FILL_AREA( #4367 );
#3367 = ORIENTED_EDGE( '', *, *, #4096, .F. );
#3368 = ORIENTED_EDGE( '', *, *, #4368, .F. );
#3369 = ORIENTED_EDGE( '', *, *, #4004, .T. );
#3370 = ORIENTED_EDGE( '', *, *, #4190, .T. );
#3371 = CARTESIAN_POINT( '', ( -0.442122186495177, -1.60155948553055, 2.99000000000000 ) );
#3372 = DIRECTION( '', ( 1.00000000000000, 0.000000000000000, 0.000000000000000 ) );
#3373 = DIRECTION( '', ( 0.000000000000000, 0.000000000000000, -1.00000000000000 ) );
#3374 = SURFACE_STYLE_FILL_AREA( #4369 );
#3375 = ORIENTED_EDGE( '', *, *, #4145, .F. );
#3376 = ORIENTED_EDGE( '', *, *, #4062, .F. );
#3377 = ORIENTED_EDGE( '', *, *, #4233, .T. );
#3378 = ORIENTED_EDGE( '', *, *, #4370, .T. );
#3379 = CARTESIAN_POINT( '', ( 2.41761843598597, 2.83947949750429, 2.99000000000000 ) );
#3380 = DIRECTION( '', ( 0.000000000000000, 1.00000000000000, 0.000000000000000 ) );
#3381 = DIRECTION( '', ( 0.000000000000000, 0.000000000000000, 1.00000000000000 ) );
#3382 = SURFACE_STYLE_FILL_AREA( #4371 );
#3383 = ORIENTED_EDGE( '', *, *, #4126, .F. );
#3384 = ORIENTED_EDGE( '', *, *, #3816, .F. );
#3385 = ORIENTED_EDGE( '', *, *, #4372, .T. );
#3386 = ORIENTED_EDGE( '', *, *, #4007, .T. );
#3387 = CARTESIAN_POINT( '', ( 3.13137380997081, 1.45710069570550, 2.99000000000000 ) );
#3388 = DIRECTION( '', ( -1.00000000000000, 0.000000000000000, 0.000000000000000 ) );
#3389 = DIRECTION( '', ( 0.000000000000000, 0.000000000000000, 1.00000000000000 ) );
#3390 = SURFACE_STYLE_FILL_AREA( #4373 );
#3391 = ORIENTED_EDGE( '', *, *, #4146, .F. );
#3392 = ORIENTED_EDGE( '', *, *, #4370, .F. );
#3393 = ORIENTED_EDGE( '', *, *, #4232, .T. );
#3394 = ORIENTED_EDGE( '', *, *, #3868, .T. );
#3395 = CARTESIAN_POINT( '', ( -3.14799691988393, 2.83947949750429, 2.99000000000000 ) );
#3396 = DIRECTION( '', ( 1.00000000000000, 0.000000000000000, 0.000000000000000 ) );
#3397 = DIRECTION( '', ( 0.000000000000000, 0.000000000000000, -1.00000000000000 ) );
#3398 = SURFACE_STYLE_FILL_AREA( #4374 );
#3399 = ORIENTED_EDGE( '', *, *, #4174, .F. );
#3400 = ORIENTED_EDGE( '', *, *, #4197, .F. );
#3401 = ORIENTED_EDGE( '', *, *, #4251, .T. );
#3402 = ORIENTED_EDGE( '', *, *, #4228, .T. );
#3403 = CARTESIAN_POINT( '', ( 2.18745980707396, -1.50959807073955, 2.99000000000000 ) );
#3404 = CARTESIAN_POINT( '', ( 2.13536977491962, -1.57133440514470, 2.99000000000000 ) );
#3405 = CARTESIAN_POINT( '', ( 2.07041800643087, -1.60155948553055, 2.99000000000000 ) );
#3406 = CARTESIAN_POINT( '', ( 1.89614147909968, -1.60155948553055, 2.99000000000000 ) );
#3407 = CARTESIAN_POINT( '', ( 1.82154340836013, -1.56683279742765, 2.99000000000000 ) );
#3408 = CARTESIAN_POINT( '', ( 1.76881028938907, -1.49737942122186, 2.99000000000000 ) );
#3409 = CARTESIAN_POINT( '', ( 1.71615173323579, -1.42802424970290, 2.99000000000000 ) );
#3410 = CARTESIAN_POINT( '', ( 1.68906752411575, -1.34496784565916, 2.99000000000000 ) );
#3411 = CARTESIAN_POINT( '', ( 1.68906752411575, -1.18098070739550, 2.99000000000000 ) );
#3412 = CARTESIAN_POINT( '', ( 1.70128617363344, -1.11924437299035, 2.99000000000000 ) );
#3413 = CARTESIAN_POINT( '', ( 1.72572347266881, -1.06329581993569, 2.99000000000000 ) );
#3414 = CARTESIAN_POINT( '', ( 1.75029362731860, -1.00704309744802, 2.99000000000000 ) );
#3415 = CARTESIAN_POINT( '', ( 1.78488745980708, -0.962974276527331, 2.99000000000000 ) );
#3416 = CARTESIAN_POINT( '', ( 1.83054662379422, -0.932106109324758, 2.99000000000000 ) );
#3417 = CARTESIAN_POINT( '', ( 1.87664714933930, -0.900939556843577, 2.99000000000000 ) );
#3418 = CARTESIAN_POINT( '', ( 1.93086816720257, -0.885803858520900, 2.99000000000000 ) );
#3419 = CARTESIAN_POINT( '', ( 2.07556270096463, -0.885803858520900, 2.99000000000000 ) );
#3420 = CARTESIAN_POINT( '', ( 2.14372990353698, -0.919887459807073, 2.99000000000000 ) );
#3421 = CARTESIAN_POINT( '', ( 2.19774919614148, -0.986768488745980, 2.99000000000000 ) );
#3422 = DIRECTION( '', ( 0.000000000000000, 0.000000000000000, 1.00000000000000 ) );
#3423 = SURFACE_STYLE_FILL_AREA( #4375 );
#3424 = ORIENTED_EDGE( '', *, *, #4095, .F. );
#3425 = ORIENTED_EDGE( '', *, *, #4050, .F. );
#3426 = ORIENTED_EDGE( '', *, *, #3998, .T. );
#3427 = ORIENTED_EDGE( '', *, *, #4368, .T. );
#3428 = CARTESIAN_POINT( '', ( -0.323794212218649, -1.60155948553055, 2.99000000000000 ) );
#3429 = DIRECTION( '', ( 0.000000000000000, 1.00000000000000, 0.000000000000000 ) );
#3430 = DIRECTION( '', ( 0.000000000000000, 0.000000000000000, 1.00000000000000 ) );
#3431 = SURFACE_STYLE_FILL_AREA( #4376 );
#3432 = ORIENTED_EDGE( '', *, *, #4155, .F. );
#3433 = ORIENTED_EDGE( '', *, *, #4284, .F. );
#3434 = ORIENTED_EDGE( '', *, *, #4377, .T. );
#3435 = ORIENTED_EDGE( '', *, *, #4057, .T. );
#3436 = CARTESIAN_POINT( '', ( -1.35477949724969, 1.86131419562311, 2.99000000000000 ) );
#3437 = DIRECTION( '', ( 0.858817546736232, -0.512281584109716, 0.000000000000000 ) );
#3438 = DIRECTION( '', ( 0.512281584109716, 0.858817546736232, 0.000000000000000 ) );
#3439 = SURFACE_STYLE_FILL_AREA( #4378 );
#3440 = ORIENTED_EDGE( '', *, *, #4207, .T. );
#3441 = CARTESIAN_POINT( '', ( -3.60000000000000, -3.60000000000000, 3.00000000000000 ) );
#3442 = DIRECTION( '', ( 0.000000000000000, 0.000000000000000, 1.00000000000000 ) );
#3443 = DIRECTION( '', ( 1.00000000000000, 0.000000000000000, 0.000000000000000 ) );
#3444 = SURFACE_STYLE_FILL_AREA( #4379 );
#3445 = ORIENTED_EDGE( '', *, *, #4088, .F. );
#3446 = ORIENTED_EDGE( '', *, *, #3860, .F. );
#3447 = ORIENTED_EDGE( '', *, *, #4237, .T. );
#3448 = ORIENTED_EDGE( '', *, *, #4380, .T. );
#3449 = CARTESIAN_POINT( '', ( 1.10321543408360, -1.60155948553055, 2.99000000000000 ) );
#3450 = DIRECTION( '', ( 0.000000000000000, 1.00000000000000, 0.000000000000000 ) );
#3451 = DIRECTION( '', ( 0.000000000000000, 0.000000000000000, 1.00000000000000 ) );
#3452 = SURFACE_STYLE_FILL_AREA( #4381 );
#3453 = ORIENTED_EDGE( '', *, *, #4102, .F. );
#3454 = ORIENTED_EDGE( '', *, *, #3836, .F. );
#3455 = ORIENTED_EDGE( '', *, *, #4382, .T. );
#3456 = ORIENTED_EDGE( '', *, *, #4202, .T. );
#3457 = CARTESIAN_POINT( '', ( -2.30578778135048, -0.635000000000000, 2.99000000000000 ) );
#3458 = DIRECTION( '', ( -1.12771530315382E-015, -1.00000000000000, 0.000000000000000 ) );
#3459 = DIRECTION( '', ( 1.00000000000000, -1.12771530315382E-015, 0.000000000000000 ) );
#3460 = SURFACE_STYLE_FILL_AREA( #4383 );
#3461 = ORIENTED_EDGE( '', *, *, #3840, .T. );
#3462 = ORIENTED_EDGE( '', *, *, #3902, .T. );
#3463 = ORIENTED_EDGE( '', *, *, #4287, .T. );
#3464 = ORIENTED_EDGE( '', *, *, #4384, .T. );
#3465 = ORIENTED_EDGE( '', *, *, #3874, .T. );
#3466 = ORIENTED_EDGE( '', *, *, #3968, .T. );
#3467 = ORIENTED_EDGE( '', *, *, #4385, .T. );
#3468 = ORIENTED_EDGE( '', *, *, #4340, .T. );
#3469 = ORIENTED_EDGE( '', *, *, #4326, .T. );
#3470 = ORIENTED_EDGE( '', *, *, #4181, .T. );
#3471 = ORIENTED_EDGE( '', *, *, #4068, .T. );
#3472 = ORIENTED_EDGE( '', *, *, #4386, .T. );
#3473 = CARTESIAN_POINT( '', ( -0.193057783979653, 2.77668957598912, 2.99000000000000 ) );
#3474 = DIRECTION( '', ( 0.000000000000000, 0.000000000000000, 1.00000000000000 ) );
#3475 = DIRECTION( '', ( 1.00000000000000, 0.000000000000000, 0.000000000000000 ) );
#3476 = SURFACE_STYLE_FILL_AREA( #4387 );
#3477 = ORIENTED_EDGE( '', *, *, #4150, .F. );
#3478 = ORIENTED_EDGE( '', *, *, #3920, .F. );
#3479 = ORIENTED_EDGE( '', *, *, #4388, .T. );
#3480 = ORIENTED_EDGE( '', *, *, #4350, .T. );
#3481 = CARTESIAN_POINT( '', ( -2.02924384799529, 1.03163272623107, 2.99000000000000 ) );
#3482 = DIRECTION( '', ( 0.000000000000000, 1.00000000000000, 0.000000000000000 ) );
#3483 = DIRECTION( '', ( 0.000000000000000, 0.000000000000000, 1.00000000000000 ) );
#3484 = SURFACE_STYLE_FILL_AREA( #4389 );
#3485 = ORIENTED_EDGE( '', *, *, #4170, .F. );
#3486 = ORIENTED_EDGE( '', *, *, #4230, .F. );
#3487 = ORIENTED_EDGE( '', *, *, #4250, .T. );
#3488 = ORIENTED_EDGE( '', *, *, #4300, .T. );
#3489 = CARTESIAN_POINT( '', ( 2.19774919614148, -0.901237942122186, 2.99000000000000 ) );
#3490 = DIRECTION( '', ( 0.000000000000000, -1.00000000000000, 0.000000000000000 ) );
#3491 = DIRECTION( '', ( 0.000000000000000, 0.000000000000000, -1.00000000000000 ) );
#3492 = SURFACE_STYLE_FILL_AREA( #4390 );
#3493 = ORIENTED_EDGE( '', *, *, #4344, .F. );
#3494 = ORIENTED_EDGE( '', *, *, #4265, .F. );
#3495 = ORIENTED_EDGE( '', *, *, #4225, .F. );
#3496 = ORIENTED_EDGE( '', *, *, #4366, .F. );
#3497 = ORIENTED_EDGE( '', *, *, #3949, .F. );
#3498 = ORIENTED_EDGE( '', *, *, #4314, .F. );
#3499 = ORIENTED_EDGE( '', *, *, #4008, .F. );
#3500 = ORIENTED_EDGE( '', *, *, #4372, .F. );
#3501 = ORIENTED_EDGE( '', *, *, #3815, .F. );
#3502 = CARTESIAN_POINT( '', ( 1.91018825629945, 1.64154947032003, 2.99000000000000 ) );
#3503 = DIRECTION( '', ( 0.000000000000000, 0.000000000000000, 1.00000000000000 ) );
#3504 = DIRECTION( '', ( 1.00000000000000, 0.000000000000000, 0.000000000000000 ) );
#3505 = SURFACE_STYLE_FILL_AREA( #4391 );
#3506 = ORIENTED_EDGE( '', *, *, #4107, .F. );
#3507 = ORIENTED_EDGE( '', *, *, #3855, .F. );
#3508 = ORIENTED_EDGE( '', *, *, #4392, .T. );
#3509 = ORIENTED_EDGE( '', *, *, #4359, .T. );
#3510 = CARTESIAN_POINT( '', ( -1.90257234726688, -1.60155948553055, 2.99000000000000 ) );
#3511 = DIRECTION( '', ( 0.946890101941337, 0.321557358562239, 0.000000000000000 ) );
#3512 = DIRECTION( '', ( -0.321557358562239, 0.946890101941337, 0.000000000000000 ) );
#3513 = SURFACE_STYLE_FILL_AREA( #4393 );
#3514 = ORIENTED_EDGE( '', *, *, #4108, .T. );
#3515 = ORIENTED_EDGE( '', *, *, #3841, .F. );
#3516 = ORIENTED_EDGE( '', *, *, #4386, .F. );
#3517 = ORIENTED_EDGE( '', *, *, #4067, .T. );
#3518 = CARTESIAN_POINT( '', ( 0.797952140089166, 2.34254134604683, 2.99000000000000 ) );
#3519 = DIRECTION( '', ( 0.861796194174880, -0.507254689190443, 0.000000000000000 ) );
#3520 = DIRECTION( '', ( 0.507254689190443, 0.861796194174880, 0.000000000000000 ) );
#3521 = SURFACE_STYLE_FILL_AREA( #4394 );
#3522 = ORIENTED_EDGE( '', *, *, #4148, .F. );
#3523 = ORIENTED_EDGE( '', *, *, #4353, .F. );
#3524 = ORIENTED_EDGE( '', *, *, #4308, .T. );
#3525 = ORIENTED_EDGE( '', *, *, #4184, .T. );
#3526 = CARTESIAN_POINT( '', ( -3.14799691988393, 1.45710069570550, 2.99000000000000 ) );
#3527 = DIRECTION( '', ( 0.000000000000000, -1.00000000000000, 0.000000000000000 ) );
#3528 = DIRECTION( '', ( 0.000000000000000, 0.000000000000000, -1.00000000000000 ) );
#3529 = SURFACE_STYLE_FILL_AREA( #4395 );
#3530 = ORIENTED_EDGE( '', *, *, #4165, .F. );
#3531 = ORIENTED_EDGE( '', *, *, #4317, .F. );
#3532 = ORIENTED_EDGE( '', *, *, #4396, .T. );
#3533 = ORIENTED_EDGE( '', *, *, #4397, .T. );
#3534 = CARTESIAN_POINT( '', ( 0.590675241157557, -1.60155948553055, 2.99000000000000 ) );
#3535 = DIRECTION( '', ( 0.000000000000000, 1.00000000000000, 0.000000000000000 ) );
#3536 = DIRECTION( '', ( 0.000000000000000, 0.000000000000000, 1.00000000000000 ) );
#3537 = SURFACE_STYLE_FILL_AREA( #4398 );
#3538 = ORIENTED_EDGE( '', *, *, #4089, .F. );
#3539 = ORIENTED_EDGE( '', *, *, #4380, .F. );
#3540 = ORIENTED_EDGE( '', *, *, #4239, .T. );
#3541 = ORIENTED_EDGE( '', *, *, #3896, .T. );
#3542 = CARTESIAN_POINT( '', ( 0.984244372990354, -1.60155948553055, 2.99000000000000 ) );
#3543 = DIRECTION( '', ( 1.00000000000000, 0.000000000000000, 0.000000000000000 ) );
#3544 = DIRECTION( '', ( 0.000000000000000, 0.000000000000000, -1.00000000000000 ) );
#3545 = SURFACE_STYLE_FILL_AREA( #4399 );
#3546 = ORIENTED_EDGE( '', *, *, #4093, .F. );
#3547 = ORIENTED_EDGE( '', *, *, #4324, .F. );
#3548 = ORIENTED_EDGE( '', *, *, #4347, .T. );
#3549 = ORIENTED_EDGE( '', *, *, #4335, .T. );
#3550 = CARTESIAN_POINT( '', ( 0.685209003215435, -0.770691318327974, 2.99000000000000 ) );
#3551 = DIRECTION( '', ( 1.00000000000000, 0.000000000000000, 0.000000000000000 ) );
#3552 = DIRECTION( '', ( 0.000000000000000, 0.000000000000000, -1.00000000000000 ) );
#3553 = SURFACE_STYLE_FILL_AREA( #4400 );
#3554 = ORIENTED_EDGE( '', *, *, #4401, .F. );
#3555 = ORIENTED_EDGE( '', *, *, #4187, .F. );
#3556 = ORIENTED_EDGE( '', *, *, #3849, .F. );
#3557 = ORIENTED_EDGE( '', *, *, #3810, .F. );
#3558 = ORIENTED_EDGE( '', *, *, #4357, .F. );
#3559 = ORIENTED_EDGE( '', *, *, #4292, .F. );
#3560 = ORIENTED_EDGE( '', *, *, #4364, .F. );
#3561 = ORIENTED_EDGE( '', *, *, #3879, .F. );
#3562 = ORIENTED_EDGE( '', *, *, #4402, .F. );
#3563 = CARTESIAN_POINT( '', ( 2.63121774263898, 1.15350790980939, 2.99000000000000 ) );
#3564 = DIRECTION( '', ( 0.000000000000000, 0.000000000000000, 1.00000000000000 ) );
#3565 = DIRECTION( '', ( 1.00000000000000, 0.000000000000000, 0.000000000000000 ) );
#3566 = SURFACE_STYLE_FILL_AREA( #4403 );
#3567 = ORIENTED_EDGE( '', *, *, #4241, .F. );
#3568 = ORIENTED_EDGE( '', *, *, #3820, .F. );
#3569 = ORIENTED_EDGE( '', *, *, #3954, .F. );
#3570 = ORIENTED_EDGE( '', *, *, #4404, .F. );
#3571 = ORIENTED_EDGE( '', *, *, #4396, .F. );
#3572 = ORIENTED_EDGE( '', *, *, #4316, .F. );
#3573 = ORIENTED_EDGE( '', *, *, #4014, .F. );
#3574 = ORIENTED_EDGE( '', *, *, #3958, .F. );
#3575 = ORIENTED_EDGE( '', *, *, #4259, .F. );
#3576 = ORIENTED_EDGE( '', *, *, #3825, .F. );
#3577 = ORIENTED_EDGE( '', *, *, #3905, .F. );
#3578 = ORIENTED_EDGE( '', *, *, #3830, .F. );
#3579 = CARTESIAN_POINT( '', ( 0.0691318327974285, -1.60155948553055, 2.99000000000000 ) );
#3580 = DIRECTION( '', ( 0.000000000000000, 0.000000000000000, 1.00000000000000 ) );
#3581 = DIRECTION( '', ( 1.00000000000000, 0.000000000000000, 0.000000000000000 ) );
#3582 = SURFACE_STYLE_FILL_AREA( #4405 );
#3583 = ORIENTED_EDGE( '', *, *, #4112, .T. );
#3584 = ORIENTED_EDGE( '', *, *, #4341, .F. );
#3585 = ORIENTED_EDGE( '', *, *, #4385, .F. );
#3586 = ORIENTED_EDGE( '', *, *, #3967, .T. );
#3587 = CARTESIAN_POINT( '', ( -0.315473793755344, 1.70609707697667, 2.99000000000000 ) );
#3588 = DIRECTION( '', ( 0.000000000000000, -1.00000000000000, 0.000000000000000 ) );
#3589 = DIRECTION( '', ( 0.000000000000000, 0.000000000000000, -1.00000000000000 ) );
#3590 = SURFACE_STYLE_FILL_AREA( #4406 );
#3591 = ORIENTED_EDGE( '', *, *, #4115, .F. );
#3592 = ORIENTED_EDGE( '', *, *, #4074, .F. );
#3593 = ORIENTED_EDGE( '', *, *, #4080, .T. );
#3594 = ORIENTED_EDGE( '', *, *, #4222, .T. );
#3595 = CARTESIAN_POINT( '', ( -3.14799691988393, 2.37036685390175, 2.99000000000000 ) );
#3596 = DIRECTION( '', ( 1.00000000000000, 0.000000000000000, 0.000000000000000 ) );
#3597 = DIRECTION( '', ( 0.000000000000000, 0.000000000000000, -1.00000000000000 ) );
#3598 = SURFACE_STYLE_FILL_AREA( #4407 );
#3599 = ORIENTED_EDGE( '', *, *, #4401, .T. );
#3600 = ORIENTED_EDGE( '', *, *, #4338, .F. );
#3601 = CARTESIAN_POINT( '', ( 2.47816392878203, 0.937637133127404, 2.99000000000000 ) );
#3602 = CARTESIAN_POINT( '', ( 2.47816392878203, 0.853105998477788, 2.99000000000000 ) );
#3603 = CARTESIAN_POINT( '', ( 2.54668660798936, 0.784583319270453, 2.99000000000000 ) );
#3604 = CARTESIAN_POINT( '', ( 2.63121774263898, 0.784583319270453, 2.99000000000000 ) );
#3605 = CARTESIAN_POINT( '', ( 2.71574887728859, 0.784583319270453, 2.99000000000000 ) );
#3606 = CARTESIAN_POINT( '', ( 2.78427155649593, 0.853105998477788, 2.99000000000000 ) );
#3607 = CARTESIAN_POINT( '', ( 2.78427155649593, 0.937637133127404, 2.99000000000000 ) );
#3608 = CARTESIAN_POINT( '', ( 2.78427155649593, 1.02219530908689, 2.99000000000000 ) );
#3609 = CARTESIAN_POINT( '', ( 2.71574887728859, 1.09071798829422, 2.99000000000000 ) );
#3610 = CARTESIAN_POINT( '', ( 2.63121774263898, 1.09071798829422, 2.99000000000000 ) );
#3611 = CARTESIAN_POINT( '', ( 2.54668660798936, 1.09071798829422, 2.99000000000000 ) );
#3612 = CARTESIAN_POINT( '', ( 2.47816392878203, 1.02219530908689, 2.99000000000000 ) );
#3613 = CARTESIAN_POINT( '', ( 2.47816392878203, 0.937637133127404, 2.99000000000000 ) );
#3614 = DIRECTION( '', ( 0.000000000000000, 0.000000000000000, 1.00000000000000 ) );
#3615 = SURFACE_STYLE_FILL_AREA( #4408 );
#3616 = ORIENTED_EDGE( '', *, *, #4144, .F. );
#3617 = ORIENTED_EDGE( '', *, *, #4409, .F. );
#3618 = ORIENTED_EDGE( '', *, *, #4234, .T. );
#3619 = ORIENTED_EDGE( '', *, *, #4045, .T. );
#3620 = CARTESIAN_POINT( '', ( 3.13137380997081, 2.90226941901945, 2.99000000000000 ) );
#3621 = DIRECTION( '', ( -1.00000000000000, 0.000000000000000, 0.000000000000000 ) );
#3622 = DIRECTION( '', ( 0.000000000000000, 0.000000000000000, 1.00000000000000 ) );
#3623 = SURFACE_STYLE_FILL_AREA( #4410 );
#3624 = ORIENTED_EDGE( '', *, *, #4122, .F. );
#3625 = ORIENTED_EDGE( '', *, *, #4310, .F. );
#3626 = ORIENTED_EDGE( '', *, *, #4217, .T. );
#3627 = ORIENTED_EDGE( '', *, *, #4355, .T. );
#3628 = CARTESIAN_POINT( '', ( 2.12378756295247, 2.37036685390175, 2.99000000000000 ) );
#3629 = CARTESIAN_POINT( '', ( 2.10859034680624, 2.26604148042823, 2.99000000000000 ) );
#3630 = CARTESIAN_POINT( '', ( 2.01875911542236, 2.18591807928722, 2.99000000000000 ) );
#3631 = CARTESIAN_POINT( '', ( 1.91018825629945, 2.18591807928722, 2.99000000000000 ) );
#3632 = CARTESIAN_POINT( '', ( 1.80164443848641, 2.18591807928722, 2.99000000000000 ) );
#3633 = CARTESIAN_POINT( '', ( 1.71181320710253, 2.26604148042823, 2.99000000000000 ) );
#3634 = CARTESIAN_POINT( '', ( 1.69661599095631, 2.37036685390175, 2.99000000000000 ) );
#3635 = DIRECTION( '', ( 0.000000000000000, 0.000000000000000, 1.00000000000000 ) );
#3636 = SURFACE_STYLE_FILL_AREA( #4411 );
#3637 = ORIENTED_EDGE( '', *, *, #4166, .F. );
#3638 = ORIENTED_EDGE( '', *, *, #4397, .F. );
#3639 = ORIENTED_EDGE( '', *, *, #4404, .T. );
#3640 = ORIENTED_EDGE( '', *, *, #3953, .T. );
#3641 = CARTESIAN_POINT( '', ( 0.444051446945338, -1.60155948553055, 2.99000000000000 ) );
#3642 = DIRECTION( '', ( 0.837340851324117, 0.546681167321322, 0.000000000000000 ) );
#3643 = DIRECTION( '', ( -0.546681167321322, 0.837340851324117, 0.000000000000000 ) );
#3644 = SURFACE_STYLE_FILL_AREA( #4412 );
#3645 = ORIENTED_EDGE( '', *, *, #4113, .T. );
#3646 = ORIENTED_EDGE( '', *, *, #3875, .F. );
#3647 = ORIENTED_EDGE( '', *, *, #4384, .F. );
#3648 = ORIENTED_EDGE( '', *, *, #4286, .T. );
#3649 = CARTESIAN_POINT( '', ( 0.0252737519003845, 1.03163272623107, 2.99000000000000 ) );
#3650 = DIRECTION( '', ( 0.860646621654615, -0.509202702893944, 0.000000000000000 ) );
#3651 = DIRECTION( '', ( 0.509202702893944, 0.860646621654615, 0.000000000000000 ) );
#3652 = SURFACE_STYLE_FILL_AREA( #4413 );
#3653 = ORIENTED_EDGE( '', *, *, #4351, .F. );
#3654 = ORIENTED_EDGE( '', *, *, #4388, .F. );
#3655 = ORIENTED_EDGE( '', *, *, #3919, .F. );
#3656 = ORIENTED_EDGE( '', *, *, #4193, .F. );
#3657 = ORIENTED_EDGE( '', *, *, #3937, .F. );
#3658 = ORIENTED_EDGE( '', *, *, #4054, .F. );
#3659 = ORIENTED_EDGE( '', *, *, #4058, .F. );
#3660 = ORIENTED_EDGE( '', *, *, #4377, .F. );
#3661 = ORIENTED_EDGE( '', *, *, #4283, .F. );
#3662 = ORIENTED_EDGE( '', *, *, #3928, .F. );
#3663 = ORIENTED_EDGE( '', *, *, #4272, .F. );
#3664 = ORIENTED_EDGE( '', *, *, #4362, .F. );
#3665 = ORIENTED_EDGE( '', *, *, #3845, .F. );
#3666 = CARTESIAN_POINT( '', ( -2.53242854203241, 2.77668957598912, 2.99000000000000 ) );
#3667 = DIRECTION( '', ( 0.000000000000000, 0.000000000000000, -1.00000000000000 ) );
#3668 = DIRECTION( '', ( -1.00000000000000, 0.000000000000000, 0.000000000000000 ) );
#3669 = SURFACE_STYLE_FILL_AREA( #4414 );
#3670 = ORIENTED_EDGE( '', *, *, #4139, .F. );
#3671 = ORIENTED_EDGE( '', *, *, #4188, .F. );
#3672 = ORIENTED_EDGE( '', *, *, #4402, .T. );
#3673 = ORIENTED_EDGE( '', *, *, #3878, .T. );
#3674 = CARTESIAN_POINT( '', ( 2.84481704929199, 0.969059135194855, 2.99000000000000 ) );
#3675 = DIRECTION( '', ( 0.000000000000000, -1.00000000000000, 0.000000000000000 ) );
#3676 = DIRECTION( '', ( 0.000000000000000, 0.000000000000000, -1.00000000000000 ) );
#3677 = SURFACE_STYLE_FILL_AREA( #4415 );
#3678 = ORIENTED_EDGE( '', *, *, #4143, .F. );
#3679 = ORIENTED_EDGE( '', *, *, #4078, .F. );
#3680 = ORIENTED_EDGE( '', *, *, #4235, .T. );
#3681 = ORIENTED_EDGE( '', *, *, #4409, .T. );
#3682 = CARTESIAN_POINT( '', ( 2.84481704929199, 2.90226941901945, 2.99000000000000 ) );
#3683 = DIRECTION( '', ( 0.000000000000000, -1.00000000000000, 0.000000000000000 ) );
#3684 = DIRECTION( '', ( 0.000000000000000, 0.000000000000000, -1.00000000000000 ) );
#3685 = SURFACE_STYLE_FILL_AREA( #4416 );
#3686 = ORIENTED_EDGE( '', *, *, #4214, .T. );
#3687 = ORIENTED_EDGE( '', *, *, #4209, .F. );
#3688 = CARTESIAN_POINT( '', ( 1.75713444244250, 2.40176181465933, 2.99000000000000 ) );
#3689 = CARTESIAN_POINT( '', ( 1.75713444244250, 2.31723068000971, 2.99000000000000 ) );
#3690 = CARTESIAN_POINT( '', ( 1.82565712164984, 2.24870800080238, 2.99000000000000 ) );
#3691 = CARTESIAN_POINT( '', ( 1.91018825629945, 2.24870800080238, 2.99000000000000 ) );
#3692 = CARTESIAN_POINT( '', ( 1.99474643225893, 2.24870800080238, 2.99000000000000 ) );
#3693 = CARTESIAN_POINT( '', ( 2.06326911146627, 2.31723068000971, 2.99000000000000 ) );
#3694 = CARTESIAN_POINT( '', ( 2.06326911146627, 2.40176181465933, 2.99000000000000 ) );
#3695 = CARTESIAN_POINT( '', ( 2.06326911146627, 2.48631999061881, 2.99000000000000 ) );
#3696 = CARTESIAN_POINT( '', ( 1.99474643225893, 2.55484266982615, 2.99000000000000 ) );
#3697 = CARTESIAN_POINT( '', ( 1.91018825629945, 2.55484266982615, 2.99000000000000 ) );
#3698 = CARTESIAN_POINT( '', ( 1.82565712164984, 2.55484266982615, 2.99000000000000 ) );
#3699 = CARTESIAN_POINT( '', ( 1.75713444244250, 2.48631999061881, 2.99000000000000 ) );
#3700 = CARTESIAN_POINT( '', ( 1.75713444244250, 2.40176181465933, 2.99000000000000 ) );
#3701 = DIRECTION( '', ( 0.000000000000000, 0.000000000000000, 1.00000000000000 ) );
#3702 = SURFACE_STYLE_FILL_AREA( #4417 );
#3703 = ORIENTED_EDGE( '', *, *, #4296, .F. );
#3704 = ORIENTED_EDGE( '', *, *, #4360, .F. );
#3705 = ORIENTED_EDGE( '', *, *, #4392, .F. );
#3706 = ORIENTED_EDGE( '', *, *, #3854, .F. );
#3707 = ORIENTED_EDGE( '', *, *, #4289, .F. );
#3708 = ORIENTED_EDGE( '', *, *, #3892, .F. );
#3709 = ORIENTED_EDGE( '', *, *, #4022, .F. );
#3710 = ORIENTED_EDGE( '', *, *, #3864, .F. );
#3711 = ORIENTED_EDGE( '', *, *, #4255, .F. );
#3712 = ORIENTED_EDGE( '', *, *, #4281, .F. );
#3713 = ORIENTED_EDGE( '', *, *, #4203, .F. );
#3714 = ORIENTED_EDGE( '', *, *, #4382, .F. );
#3715 = ORIENTED_EDGE( '', *, *, #3835, .F. );
#3716 = CARTESIAN_POINT( '', ( -1.97484252185520, -1.04826803523491, 2.99000000000000 ) );
#3717 = DIRECTION( '', ( 0.000000000000000, 0.000000000000000, 1.00000000000000 ) );
#3718 = DIRECTION( '', ( 1.00000000000000, 0.000000000000000, 0.000000000000000 ) );
#3719 = FACE_OUTER_BOUND( '', #4418, .T. );
#3720 = PLANE( '', #4419 );
#3721 = FACE_OUTER_BOUND( '', #4420, .T. );
#3722 = PLANE( '', #4421 );
#3723 = FACE_OUTER_BOUND( '', #4422, .T. );
#3724 = PLANE( '', #4423 );
#3725 = FACE_OUTER_BOUND( '', #4424, .T. );
#3726 = FACE_BOUND( '', #4425, .T. );
#3727 = PLANE( '', #4426 );
#3728 = FACE_OUTER_BOUND( '', #4427, .T. );
#3729 = PLANE( '', #4428 );
#3730 = FACE_OUTER_BOUND( '', #4429, .T. );
#3731 = PLANE( '', #4430 );
#3732 = FACE_OUTER_BOUND( '', #4431, .T. );
#3733 = FACE_BOUND( '', #4432, .T. );
#3734 = PLANE( '', #4433 );
#3735 = FACE_OUTER_BOUND( '', #4434, .T. );
#3736 = PLANE( '', #4435 );
#3737 = FACE_OUTER_BOUND( '', #4436, .T. );
#3738 = PLANE( '', #4437 );
#3739 = FACE_OUTER_BOUND( '', #4438, .T. );
#3740 = PLANE( '', #4439 );
#3741 = FACE_OUTER_BOUND( '', #4440, .T. );
#3742 = PLANE( '', #4441 );
#3743 = FACE_OUTER_BOUND( '', #4442, .T. );
#3744 = PLANE( '', #4443 );
#3745 = FACE_OUTER_BOUND( '', #4444, .T. );
#3746 = PLANE( '', #4445 );
#3747 = FACE_OUTER_BOUND( '', #4446, .T. );
#3748 = PLANE( '', #4447 );
#3749 = FACE_OUTER_BOUND( '', #4448, .T. );
#3750 = PLANE( '', #4449 );
#3751 = FACE_OUTER_BOUND( '', #4450, .T. );
#3752 = PLANE( '', #4451 );
#3753 = FACE_OUTER_BOUND( '', #4452, .T. );
#3754 = PLANE( '', #4453 );
#3755 = FACE_OUTER_BOUND( '', #4454, .T. );
#3756 = PLANE( '', #4455 );
#3757 = FACE_OUTER_BOUND( '', #4456, .T. );
#3758 = PLANE( '', #4457 );
#3759 = FACE_OUTER_BOUND( '', #4458, .T. );
#3760 = PLANE( '', #4459 );
#3761 = FACE_OUTER_BOUND( '', #4460, .T. );
#3762 = CYLINDRICAL_SURFACE( '', #4461, 0.600000000000000 );
#3763 = FACE_OUTER_BOUND( '', #4462, .T. );
#3764 = CYLINDRICAL_SURFACE( '', #4463, 0.600000000000000 );
#3765 = FACE_OUTER_BOUND( '', #4464, .T. );
#3766 = PLANE( '', #4465 );
#3767 = FACE_OUTER_BOUND( '', #4466, .T. );
#3768 = PLANE( '', #4467 );
#3769 = FACE_OUTER_BOUND( '', #4468, .T. );
#3770 = PLANE( '', #4469 );
#3771 = FACE_OUTER_BOUND( '', #4470, .T. );
#3772 = CYLINDRICAL_SURFACE( '', #4471, 0.600000000000000 );
#3773 = FACE_OUTER_BOUND( '', #4472, .T. );
#3774 = PLANE( '', #4473 );
#3775 = FACE_OUTER_BOUND( '', #4474, .T. );
#3776 = PLANE( '', #4475 );
#3777 = FACE_OUTER_BOUND( '', #4476, .T. );
#3778 = PLANE( '', #4477 );
#3779 = FACE_OUTER_BOUND( '', #4478, .T. );
#3780 = CYLINDRICAL_SURFACE( '', #4479, 0.200000000000000 );
#3781 = FACE_OUTER_BOUND( '', #4480, .T. );
#3782 = PLANE( '', #4481 );
#3783 = FACE_OUTER_BOUND( '', #4482, .T. );
#3784 = CYLINDRICAL_SURFACE( '', #4483, 0.200000000000000 );
#3785 = FACE_OUTER_BOUND( '', #4484, .T. );
#3786 = PLANE( '', #4485 );
#3787 = FACE_OUTER_BOUND( '', #4486, .T. );
#3788 = CYLINDRICAL_SURFACE( '', #4487, 0.200000000000000 );
#3789 = FACE_OUTER_BOUND( '', #4488, .T. );
#3790 = PLANE( '', #4489 );
#3791 = FACE_OUTER_BOUND( '', #4490, .T. );
#3792 = CYLINDRICAL_SURFACE( '', #4491, 0.200000000000000 );
#3793 = FACE_OUTER_BOUND( '', #4492, .T. );
#3794 = PLANE( '', #4493 );
#3795 = FACE_OUTER_BOUND( '', #4494, .T. );
#3796 = PLANE( '', #4495 );
#3797 = FACE_OUTER_BOUND( '', #4496, .T. );
#3798 = PLANE( '', #4497 );
#3799 = FACE_OUTER_BOUND( '', #4498, .T. );
#3800 = CYLINDRICAL_SURFACE( '', #4499, 0.600000000000000 );
#3801 = FACE_OUTER_BOUND( '', #4500, .T. );
#3802 = PLANE( '', #4501 );
#3803 = FACE_OUTER_BOUND( '', #4502, .T. );
#3804 = PLANE( '', #4503 );
#3805 = FILL_AREA_STYLE( '', ( #4504 ) );
#3806 = EDGE_CURVE( '', #4505, #4505, #4506, .T. );
#3807 = FILL_AREA_STYLE( '', ( #4507 ) );
#3808 = EDGE_CURVE( '', #4508, #4509, #4510, .T. );
#3809 = EDGE_CURVE( '', #4511, #4508, #4512, .T. );
#3810 = EDGE_CURVE( '', #4511, #4513, #4514, .T. );
#3811 = EDGE_CURVE( '', #4513, #4509, #4515, .T. );
#3812 = FILL_AREA_STYLE( '', ( #4516 ) );
#3813 = EDGE_CURVE( '', #4517, #4518, #4519, .T. );
#3814 = EDGE_CURVE( '', #4520, #4517, #4521, .T. );
#3815 = EDGE_CURVE( '', #4520, #4522, #4523, .T. );
#3816 = EDGE_CURVE( '', #4522, #4518, #4524, .T. );
#3817 = FILL_AREA_STYLE( '', ( #4525 ) );
#3818 = EDGE_CURVE( '', #4526, #4527, #4528, .T. );
#3819 = EDGE_CURVE( '', #4529, #4526, #4530, .T. );
#3820 = EDGE_CURVE( '', #4529, #4531, #4532, .T. );
#3821 = EDGE_CURVE( '', #4531, #4527, #4533, .T. );
#3822 = FILL_AREA_STYLE( '', ( #4534 ) );
#3823 = EDGE_CURVE( '', #4535, #4536, #4537, .T. );
#3824 = EDGE_CURVE( '', #4538, #4535, #4539, .T. );
#3825 = EDGE_CURVE( '', #4538, #4540, #4541, .T. );
#3826 = EDGE_CURVE( '', #4540, #4536, #4542, .T. );
#3827 = FILL_AREA_STYLE( '', ( #4543 ) );
#3828 = EDGE_CURVE( '', #4544, #4545, #4546, .T. );
#3829 = EDGE_CURVE( '', #4547, #4544, #4548, .T. );
#3830 = EDGE_CURVE( '', #4547, #4549, #4550, .T. );
#3831 = EDGE_CURVE( '', #4549, #4545, #4551, .T. );
#3832 = FILL_AREA_STYLE( '', ( #4552 ) );
#3833 = EDGE_CURVE( '', #4553, #4554, #4555, .T. );
#3834 = EDGE_CURVE( '', #4556, #4553, #4557, .T. );
#3835 = EDGE_CURVE( '', #4556, #4558, #4559, .T. );
#3836 = EDGE_CURVE( '', #4558, #4554, #4560, .T. );
#3837 = FILL_AREA_STYLE( '', ( #4561 ) );
#3838 = EDGE_CURVE( '', #4562, #4563, #4564, .T. );
#3839 = EDGE_CURVE( '', #4565, #4563, #4566, .T. );
#3840 = EDGE_CURVE( '', #4567, #4565, #4568, .T. );
#3841 = EDGE_CURVE( '', #4567, #4562, #4569, .T. );
#3842 = FILL_AREA_STYLE( '', ( #4570 ) );
#3843 = EDGE_CURVE( '', #4571, #4572, #4573, .T. );
#3844 = EDGE_CURVE( '', #4574, #4571, #4575, .T. );
#3845 = EDGE_CURVE( '', #4574, #4576, #4577, .T. );
#3846 = EDGE_CURVE( '', #4576, #4572, #4578, .T. );
#3847 = FILL_AREA_STYLE( '', ( #4579 ) );
#3848 = EDGE_CURVE( '', #4509, #4580, #4581, .T. );
#3849 = EDGE_CURVE( '', #4513, #4582, #4583, .T. );
#3850 = EDGE_CURVE( '', #4582, #4580, #4584, .T. );
#3851 = FILL_AREA_STYLE( '', ( #4585 ) );
#3852 = EDGE_CURVE( '', #4586, #4587, #4588, .T. );
#3853 = EDGE_CURVE( '', #4589, #4586, #4590, .T. );
#3854 = EDGE_CURVE( '', #4589, #4591, #4592, .T. );
#3855 = EDGE_CURVE( '', #4591, #4587, #4593, .T. );
#3856 = FILL_AREA_STYLE( '', ( #4594 ) );
#3857 = EDGE_CURVE( '', #4595, #4596, #4597, .T. );
#3858 = EDGE_CURVE( '', #4598, #4595, #4599, .T. );
#3859 = EDGE_CURVE( '', #4598, #4600, #4601, .T. );
#3860 = EDGE_CURVE( '', #4600, #4596, #4602, .T. );
#3861 = FILL_AREA_STYLE( '', ( #4603 ) );
#3862 = EDGE_CURVE( '', #4604, #4605, #4606, .T. );
#3863 = EDGE_CURVE( '', #4607, #4604, #4608, .T. );
#3864 = EDGE_CURVE( '', #4607, #4609, #4610, .T. );
#3865 = EDGE_CURVE( '', #4609, #4605, #4611, .T. );
#3866 = FILL_AREA_STYLE( '', ( #4612 ) );
#3867 = EDGE_CURVE( '', #4613, #4614, #4615, .T. );
#3868 = EDGE_CURVE( '', #4616, #4613, #4617, .T. );
#3869 = EDGE_CURVE( '', #4616, #4618, #4619, .T. );
#3870 = EDGE_CURVE( '', #4618, #4614, #4620, .T. );
#3871 = FILL_AREA_STYLE( '', ( #4621 ) );
#3872 = EDGE_CURVE( '', #4622, #4623, #4624, .T. );
#3873 = EDGE_CURVE( '', #4625, #4623, #4626, .T. );
#3874 = EDGE_CURVE( '', #4627, #4625, #4628, .T. );
#3875 = EDGE_CURVE( '', #4627, #4622, #4629, .T. );
#3876 = FILL_AREA_STYLE( '', ( #4630 ) );
#3877 = EDGE_CURVE( '', #4631, #4632, #4633, .T. );
#3878 = EDGE_CURVE( '', #4634, #4631, #4635, .T. );
#3879 = EDGE_CURVE( '', #4634, #4636, #4637, .T. );
#3880 = EDGE_CURVE( '', #4636, #4632, #4638, .T. );
#3881 = FILL_AREA_STYLE( '', ( #4639 ) );
#3882 = EDGE_CURVE( '', #4640, #4641, #4642, .T. );
#3883 = EDGE_CURVE( '', #4643, #4640, #4644, .T. );
#3884 = EDGE_CURVE( '', #4643, #4645, #4646, .T. );
#3885 = EDGE_CURVE( '', #4645, #4641, #4647, .T. );
#3886 = FILL_AREA_STYLE( '', ( #4648 ) );
#3887 = EDGE_CURVE( '', #4649, #4650, #4651, .T. );
#3888 = EDGE_CURVE( '', #4650, #4649, #4652, .T. );
#3889 = FILL_AREA_STYLE( '', ( #4653 ) );
#3890 = EDGE_CURVE( '', #4654, #4655, #4656, .T. );
#3891 = EDGE_CURVE( '', #4657, #4654, #4658, .T. );
#3892 = EDGE_CURVE( '', #4657, #4659, #4660, .T. );
#3893 = EDGE_CURVE( '', #4659, #4655, #4661, .T. );
#3894 = FILL_AREA_STYLE( '', ( #4662 ) );
#3895 = EDGE_CURVE( '', #4663, #4664, #4665, .T. );
#3896 = EDGE_CURVE( '', #4666, #4663, #4667, .T. );
#3897 = EDGE_CURVE( '', #4666, #4668, #4669, .T. );
#3898 = EDGE_CURVE( '', #4668, #4664, #4670, .T. );
#3899 = FILL_AREA_STYLE( '', ( #4671 ) );
#3900 = EDGE_CURVE( '', #4563, #4672, #4673, .T. );
#3901 = EDGE_CURVE( '', #4674, #4672, #4675, .T. );
#3902 = EDGE_CURVE( '', #4565, #4674, #4676, .T. );
#3903 = FILL_AREA_STYLE( '', ( #4677 ) );
#3904 = EDGE_CURVE( '', #4545, #4535, #4678, .T. );
#3905 = EDGE_CURVE( '', #4549, #4538, #4679, .T. );
#3906 = FILL_AREA_STYLE( '', ( #4680 ) );
#3907 = EDGE_CURVE( '', #4681, #4682, #4683, .T. );
#3908 = EDGE_CURVE( '', #4684, #4681, #4685, .T. );
#3909 = EDGE_CURVE( '', #4684, #4686, #4687, .T. );
#3910 = EDGE_CURVE( '', #4686, #4682, #4688, .T. );
#3911 = FILL_AREA_STYLE( '', ( #4689 ) );
#3912 = EDGE_CURVE( '', #4690, #4691, #4692, .T. );
#3913 = EDGE_CURVE( '', #4693, #4690, #4694, .T. );
#3914 = EDGE_CURVE( '', #4695, #4693, #4696, .T. );
#3915 = EDGE_CURVE( '', #4691, #4695, #4697, .T. );
#3916 = FILL_AREA_STYLE( '', ( #4698 ) );
#3917 = EDGE_CURVE( '', #4699, #4700, #4701, .T. );
#3918 = EDGE_CURVE( '', #4702, #4699, #4703, .T. );
#3919 = EDGE_CURVE( '', #4702, #4704, #4705, .T. );
#3920 = EDGE_CURVE( '', #4704, #4700, #4706, .T. );
#3921 = FILL_AREA_STYLE( '', ( #4707 ) );
#3922 = EDGE_CURVE( '', #4664, #4708, #4709, .T. );
#3923 = EDGE_CURVE( '', #4668, #4710, #4711, .T. );
#3924 = EDGE_CURVE( '', #4710, #4708, #4712, .T. );
#3925 = FILL_AREA_STYLE( '', ( #4713 ) );
#3926 = EDGE_CURVE( '', #4714, #4715, #4716, .T. );
#3927 = EDGE_CURVE( '', #4717, #4714, #4718, .T. );
#3928 = EDGE_CURVE( '', #4717, #4719, #4720, .T. );
#3929 = EDGE_CURVE( '', #4719, #4715, #4721, .T. );
#3930 = FILL_AREA_STYLE( '', ( #4722 ) );
#3931 = EDGE_CURVE( '', #4682, #4723, #4724, .T. );
#3932 = EDGE_CURVE( '', #4686, #4725, #4726, .T. );
#3933 = EDGE_CURVE( '', #4725, #4723, #4727, .T. );
#3934 = FILL_AREA_STYLE( '', ( #4728 ) );
#3935 = EDGE_CURVE( '', #4729, #4730, #4731, .T. );
#3936 = EDGE_CURVE( '', #4732, #4729, #4733, .T. );
#3937 = EDGE_CURVE( '', #4732, #4734, #4735, .T. );
#3938 = EDGE_CURVE( '', #4734, #4730, #4736, .T. );
#3939 = FILL_AREA_STYLE( '', ( #4737 ) );
#3940 = EDGE_CURVE( '', #4738, #4738, #4739, .T. );
#3941 = FILL_AREA_STYLE( '', ( #4740 ) );
#3942 = EDGE_CURVE( '', #4741, #4742, #4743, .T. );
#3943 = EDGE_CURVE( '', #4744, #4741, #4745, .T. );
#3944 = EDGE_CURVE( '', #4744, #4746, #4747, .T. );
#3945 = EDGE_CURVE( '', #4746, #4742, #4748, .T. );
#3946 = FILL_AREA_STYLE( '', ( #4749 ) );
#3947 = EDGE_CURVE( '', #4750, #4751, #4752, .T. );
#3948 = EDGE_CURVE( '', #4753, #4750, #4754, .T. );
#3949 = EDGE_CURVE( '', #4753, #4755, #4756, .T. );
#3950 = EDGE_CURVE( '', #4755, #4751, #4757, .T. );
#3951 = FILL_AREA_STYLE( '', ( #4758 ) );
#3952 = EDGE_CURVE( '', #4759, #4526, #4760, .T. );
#3953 = EDGE_CURVE( '', #4761, #4759, #4762, .T. );
#3954 = EDGE_CURVE( '', #4761, #4529, #4763, .T. );
#3955 = FILL_AREA_STYLE( '', ( #4764 ) );
#3956 = EDGE_CURVE( '', #4765, #4766, #4767, .T. );
#3957 = EDGE_CURVE( '', #4768, #4765, #4769, .T. );
#3958 = EDGE_CURVE( '', #4768, #4770, #4771, .T. );
#3959 = EDGE_CURVE( '', #4770, #4766, #4772, .T. );
#3960 = FILL_AREA_STYLE( '', ( #4773 ) );
#3961 = EDGE_CURVE( '', #4774, #4775, #4776, .T. );
#3962 = EDGE_CURVE( '', #4777, #4774, #4778, .T. );
#3963 = EDGE_CURVE( '', #4777, #4779, #4780, .T. );
#3964 = EDGE_CURVE( '', #4779, #4775, #4781, .T. );
#3965 = FILL_AREA_STYLE( '', ( #4782 ) );
#3966 = EDGE_CURVE( '', #4623, #4783, #4784, .T. );
#3967 = EDGE_CURVE( '', #4785, #4783, #4786, .T. );
#3968 = EDGE_CURVE( '', #4625, #4785, #4787, .T. );
#3969 = FILL_AREA_STYLE( '', ( #4788 ) );
#3970 = EDGE_CURVE( '', #4789, #4790, #4791, .T. );
#3971 = EDGE_CURVE( '', #4792, #4789, #4793, .T. );
#3972 = EDGE_CURVE( '', #4792, #4794, #4795, .T. );
#3973 = EDGE_CURVE( '', #4794, #4790, #4796, .T. );
#3974 = FILL_AREA_STYLE( '', ( #4797 ) );
#3975 = EDGE_CURVE( '', #4798, #4681, #4799, .T. );
#3976 = EDGE_CURVE( '', #4800, #4798, #4801, .T. );
#3977 = EDGE_CURVE( '', #4800, #4684, #4802, .T. );
#3978 = FILL_AREA_STYLE( '', ( #4803 ) );
#3979 = EDGE_CURVE( '', #4804, #4805, #4806, .T. );
#3980 = EDGE_CURVE( '', #4805, #4804, #4807, .T. );
#3981 = EDGE_CURVE( '', #4808, #4809, #4810, .T. );
#3982 = EDGE_CURVE( '', #4811, #4808, #4812, .T. );
#3983 = EDGE_CURVE( '', #4813, #4811, #4814, .T. );
#3984 = EDGE_CURVE( '', #4815, #4813, #4816, .T. );
#3985 = EDGE_CURVE( '', #4817, #4815, #4818, .T. );
#3986 = EDGE_CURVE( '', #4809, #4817, #4819, .T. );
#3987 = FILL_AREA_STYLE( '', ( #4820 ) );
#3988 = EDGE_CURVE( '', #4821, #4822, #4823, .T. );
#3989 = EDGE_CURVE( '', #4824, #4821, #4825, .T. );
#3990 = EDGE_CURVE( '', #4824, #4826, #4827, .T. );
#3991 = EDGE_CURVE( '', #4826, #4822, #4828, .T. );
#3992 = FILL_AREA_STYLE( '', ( #4829 ) );
#3993 = EDGE_CURVE( '', #4830, #4831, #4832, .T. );
#3994 = EDGE_CURVE( '', #4833, #4830, #4834, .T. );
#3995 = EDGE_CURVE( '', #4833, #4835, #4836, .T. );
#3996 = EDGE_CURVE( '', #4835, #4831, #4837, .T. );
#3997 = FILL_AREA_STYLE( '', ( #4838 ) );
#3998 = EDGE_CURVE( '', #4839, #4840, #4841, .T. );
#3999 = EDGE_CURVE( '', #4842, #4839, #4843, .T. );
#4000 = EDGE_CURVE( '', #4844, #4842, #4845, .T. );
#4001 = EDGE_CURVE( '', #4846, #4844, #4847, .T. );
#4002 = EDGE_CURVE( '', #4848, #4846, #4849, .T. );
#4003 = EDGE_CURVE( '', #4850, #4848, #4851, .T. );
#4004 = EDGE_CURVE( '', #4840, #4850, #4852, .T. );
#4005 = FILL_AREA_STYLE( '', ( #4853 ) );
#4006 = EDGE_CURVE( '', #4854, #4855, #4856, .T. );
#4007 = EDGE_CURVE( '', #4857, #4854, #4858, .T. );
#4008 = EDGE_CURVE( '', #4857, #4859, #4860, .T. );
#4009 = EDGE_CURVE( '', #4859, #4855, #4861, .T. );
#4010 = FILL_AREA_STYLE( '', ( #4862 ) );
#4011 = EDGE_CURVE( '', #4863, #4863, #4864, .T. );
#4012 = FILL_AREA_STYLE( '', ( #4865 ) );
#4013 = EDGE_CURVE( '', #4766, #4866, #4867, .T. );
#4014 = EDGE_CURVE( '', #4770, #4868, #4869, .T. );
#4015 = EDGE_CURVE( '', #4868, #4866, #4870, .T. );
#4016 = FILL_AREA_STYLE( '', ( #4871 ) );
#4017 = EDGE_CURVE( '', #4872, #4873, #4874, .T. );
#4018 = EDGE_CURVE( '', #4817, #4872, #4875, .T. );
#4019 = EDGE_CURVE( '', #4815, #4873, #4876, .T. );
#4020 = FILL_AREA_STYLE( '', ( #4877 ) );
#4021 = EDGE_CURVE( '', #4605, #4654, #4878, .T. );
#4022 = EDGE_CURVE( '', #4609, #4657, #4879, .T. );
#4023 = FILL_AREA_STYLE( '', ( #4880 ) );
#4024 = EDGE_CURVE( '', #4881, #4833, #4882, .T. );
#4025 = EDGE_CURVE( '', #4883, #4881, #4884, .T. );
#4026 = EDGE_CURVE( '', #4835, #4883, #4885, .T. );
#4027 = FILL_AREA_STYLE( '', ( #4886 ) );
#4028 = EDGE_CURVE( '', #4887, #4888, #4889, .T. );
#4029 = EDGE_CURVE( '', #4844, #4887, #4890, .T. );
#4030 = EDGE_CURVE( '', #4842, #4888, #4891, .T. );
#4031 = FILL_AREA_STYLE( '', ( #4892 ) );
#4032 = EDGE_CURVE( '', #4893, #4894, #4895, .T. );
#4033 = EDGE_CURVE( '', #4691, #4893, #4896, .T. );
#4034 = EDGE_CURVE( '', #4695, #4894, #4897, .T. );
#4035 = FILL_AREA_STYLE( '', ( #4898 ) );
#4036 = EDGE_CURVE( '', #4899, #4899, #4900, .T. );
#4037 = EDGE_CURVE( '', #4901, #4824, #4902, .T. );
#4038 = EDGE_CURVE( '', #4903, #4901, #4904, .T. );
#4039 = EDGE_CURVE( '', #4905, #4903, #4906, .T. );
#4040 = EDGE_CURVE( '', #4907, #4905, #4908, .T. );
#4041 = EDGE_CURVE( '', #4645, #4907, #4909, .T. );
#4042 = EDGE_CURVE( '', #4826, #4643, #4910, .T. );
#4043 = FILL_AREA_STYLE( '', ( #4911 ) );
#4044 = EDGE_CURVE( '', #4912, #4913, #4914, .T. );
#4045 = EDGE_CURVE( '', #4915, #4912, #4916, .T. );
#4046 = EDGE_CURVE( '', #4915, #4917, #4918, .T. );
#4047 = EDGE_CURVE( '', #4917, #4913, #4919, .T. );
#4048 = FILL_AREA_STYLE( '', ( #4920 ) );
#4049 = EDGE_CURVE( '', #4888, #4921, #4922, .T. );
#4050 = EDGE_CURVE( '', #4839, #4921, #4923, .T. );
#4051 = FILL_AREA_STYLE( '', ( #4924 ) );
#4052 = EDGE_CURVE( '', #4925, #4729, #4926, .T. );
#4053 = EDGE_CURVE( '', #4927, #4925, #4928, .T. );
#4054 = EDGE_CURVE( '', #4927, #4732, #4929, .T. );
#4055 = FILL_AREA_STYLE( '', ( #4930 ) );
#4056 = EDGE_CURVE( '', #4931, #4925, #4932, .T. );
#4057 = EDGE_CURVE( '', #4933, #4931, #4934, .T. );
#4058 = EDGE_CURVE( '', #4933, #4927, #4935, .T. );
#4059 = FILL_AREA_STYLE( '', ( #4936 ) );
#4060 = EDGE_CURVE( '', #4913, #4937, #4938, .T. );
#4061 = EDGE_CURVE( '', #4917, #4939, #4940, .T. );
#4062 = EDGE_CURVE( '', #4939, #4937, #4941, .T. );
#4063 = FILL_AREA_STYLE( '', ( #4942 ) );
#4064 = EDGE_CURVE( '', #4822, #4640, #4943, .T. );
#4065 = FILL_AREA_STYLE( '', ( #4944 ) );
#4066 = EDGE_CURVE( '', #4945, #4946, #4947, .T. );
#4067 = EDGE_CURVE( '', #4948, #4946, #4949, .T. );
#4068 = EDGE_CURVE( '', #4950, #4948, #4951, .T. );
#4069 = EDGE_CURVE( '', #4950, #4945, #4952, .T. );
#4070 = FILL_AREA_STYLE( '', ( #4953 ) );
#4071 = EDGE_CURVE( '', #4954, #4955, #4956, .T. );
#4072 = EDGE_CURVE( '', #4957, #4954, #4958, .T. );
#4073 = EDGE_CURVE( '', #4957, #4959, #4960, .T. );
#4074 = EDGE_CURVE( '', #4959, #4955, #4961, .T. );
#4075 = FILL_AREA_STYLE( '', ( #4962 ) );
#4076 = EDGE_CURVE( '', #4614, #4963, #4964, .T. );
#4077 = EDGE_CURVE( '', #4618, #4965, #4966, .T. );
#4078 = EDGE_CURVE( '', #4965, #4963, #4967, .T. );
#4079 = FILL_AREA_STYLE( '', ( #4968 ) );
#4080 = EDGE_CURVE( '', #4959, #4969, #4970, .T. );
#4081 = EDGE_CURVE( '', #4971, #4957, #4972, .T. );
#4082 = EDGE_CURVE( '', #4969, #4971, #4973, .T. );
#4083 = FILL_AREA_STYLE( '', ( #4974 ) );
#4084 = EDGE_CURVE( '', #4975, #4976, #4977, .T. );
#4085 = EDGE_CURVE( '', #4883, #4975, #4978, .T. );
#4086 = EDGE_CURVE( '', #4881, #4976, #4979, .T. );
#4087 = FILL_AREA_STYLE( '', ( #4980 ) );
#4088 = EDGE_CURVE( '', #4596, #4981, #4982, .T. );
#4089 = EDGE_CURVE( '', #4981, #4663, #4983, .T. );
#4090 = EDGE_CURVE( '', #4708, #4984, #4985, .T. );
#4091 = EDGE_CURVE( '', #4984, #4595, #4986, .T. );
#4092 = EDGE_CURVE( '', #4775, #4987, #4988, .T. );
#4093 = EDGE_CURVE( '', #4987, #4989, #4990, .T. );
#4094 = EDGE_CURVE( '', #4989, #4774, #4991, .T. );
#4095 = EDGE_CURVE( '', #4921, #4992, #4993, .T. );
#4096 = EDGE_CURVE( '', #4992, #4994, #4995, .T. );
#4097 = EDGE_CURVE( '', #4994, #4996, #4997, .T. );
#4098 = EDGE_CURVE( '', #4996, #4998, #4999, .T. );
#4099 = EDGE_CURVE( '', #4998, #4887, #5000, .T. );
#4100 = EDGE_CURVE( '', #5001, #5002, #5003, .T. );
#4101 = EDGE_CURVE( '', #5002, #4553, #5004, .T. );
#4102 = EDGE_CURVE( '', #4554, #5005, #5006, .T. );
#4103 = EDGE_CURVE( '', #5005, #5007, #5008, .T. );
#4104 = EDGE_CURVE( '', #5007, #5009, #5010, .T. );
#4105 = EDGE_CURVE( '', #5009, #4604, #5011, .T. );
#4106 = EDGE_CURVE( '', #4655, #4586, #5012, .T. );
#4107 = EDGE_CURVE( '', #4587, #5001, #5013, .T. );
#4108 = EDGE_CURVE( '', #4946, #4562, #5014, .T. );
#4109 = EDGE_CURVE( '', #5015, #4945, #5016, .T. );
#4110 = EDGE_CURVE( '', #5017, #5015, #5018, .T. );
#4111 = EDGE_CURVE( '', #5019, #5017, #5020, .T. );
#4112 = EDGE_CURVE( '', #4783, #5019, #5021, .T. );
#4113 = EDGE_CURVE( '', #5022, #4622, #5023, .T. );
#4114 = EDGE_CURVE( '', #4672, #5022, #5024, .T. );
#4115 = EDGE_CURVE( '', #4955, #5025, #5026, .T. );
#4116 = EDGE_CURVE( '', #5025, #5027, #5028, .T. );
#4117 = EDGE_CURVE( '', #5027, #4954, #5029, .T. );
#4118 = EDGE_CURVE( '', #4976, #4830, #5030, .T. );
#4119 = EDGE_CURVE( '', #4831, #4975, #5031, .T. );
#4120 = EDGE_CURVE( '', #4790, #4798, #5032, .T. );
#4121 = EDGE_CURVE( '', #4723, #5033, #5034, .T. );
#4122 = EDGE_CURVE( '', #5033, #5035, #5036, .T. );
#4123 = EDGE_CURVE( '', #5035, #4789, #5037, .T. );
#4124 = EDGE_CURVE( '', #5038, #5039, #5040, .T. );
#4125 = EDGE_CURVE( '', #5039, #4517, #5041, .T. );
#4126 = EDGE_CURVE( '', #4518, #4854, #5042, .T. );
#4127 = EDGE_CURVE( '', #4855, #4750, #5043, .T. );
#4128 = EDGE_CURVE( '', #4751, #5038, #5044, .T. );
#4129 = EDGE_CURVE( '', #5045, #5046, #5047, .T. );
#4130 = EDGE_CURVE( '', #5046, #5048, #5049, .T. );
#4131 = EDGE_CURVE( '', #5048, #5050, #5051, .T. );
#4132 = EDGE_CURVE( '', #5050, #5045, #5052, .T. );
#4133 = EDGE_CURVE( '', #5053, #4821, #5054, .T. );
#4134 = EDGE_CURVE( '', #4641, #5055, #5056, .T. );
#4135 = EDGE_CURVE( '', #5055, #5057, #5058, .T. );
#4136 = EDGE_CURVE( '', #5057, #5059, #5060, .T. );
#4137 = EDGE_CURVE( '', #5059, #5053, #5061, .T. );
#4138 = EDGE_CURVE( '', #4580, #5062, #5063, .T. );
#4139 = EDGE_CURVE( '', #5062, #4631, #5064, .T. );
#4140 = EDGE_CURVE( '', #4632, #5065, #5066, .T. );
#4141 = EDGE_CURVE( '', #5065, #5067, #5068, .T. );
#4142 = EDGE_CURVE( '', #5067, #4508, #5069, .T. );
#4143 = EDGE_CURVE( '', #4963, #5070, #5071, .T. );
#4144 = EDGE_CURVE( '', #5070, #4912, #5072, .T. );
#4145 = EDGE_CURVE( '', #4937, #5073, #5074, .T. );
#4146 = EDGE_CURVE( '', #5073, #4613, #5075, .T. );
#4147 = EDGE_CURVE( '', #4742, #5076, #5077, .T. );
#4148 = EDGE_CURVE( '', #5076, #5078, #5079, .T. );
#4149 = EDGE_CURVE( '', #5078, #4741, #5080, .T. );
#4150 = EDGE_CURVE( '', #4700, #5081, #5082, .T. );
#4151 = EDGE_CURVE( '', #5081, #4571, #5083, .T. );
#4152 = EDGE_CURVE( '', #4572, #5084, #5085, .T. );
#4153 = EDGE_CURVE( '', #5084, #4714, #5086, .T. );
#4154 = EDGE_CURVE( '', #4715, #5087, #5088, .T. );
#4155 = EDGE_CURVE( '', #5087, #4931, #5089, .T. );
#4156 = EDGE_CURVE( '', #4730, #4699, #5090, .T. );
#4157 = EDGE_CURVE( '', #5091, #5092, #5093, .T. );
#4158 = EDGE_CURVE( '', #5092, #5094, #5095, .T. );
#4159 = EDGE_CURVE( '', #5094, #4872, #5096, .T. );
#4160 = EDGE_CURVE( '', #4873, #5097, #5098, .T. );
#4161 = EDGE_CURVE( '', #5097, #5091, #5099, .T. );
#4162 = EDGE_CURVE( '', #4527, #4544, #5100, .T. );
#4163 = EDGE_CURVE( '', #4536, #4765, #5101, .T. );
#4164 = EDGE_CURVE( '', #4866, #5102, #5103, .T. );
#4165 = EDGE_CURVE( '', #5102, #5104, #5105, .T. );
#4166 = EDGE_CURVE( '', #5104, #4759, #5106, .T. );
#4167 = EDGE_CURVE( '', #5107, #5108, #5109, .T. );
#4168 = EDGE_CURVE( '', #5108, #4893, #5110, .T. );
#4169 = EDGE_CURVE( '', #4894, #5107, #5111, .T. );
#4170 = EDGE_CURVE( '', #5112, #5113, #5114, .T. );
#4171 = EDGE_CURVE( '', #5113, #5115, #5116, .T. );
#4172 = EDGE_CURVE( '', #5115, #5117, #5118, .T. );
#4173 = EDGE_CURVE( '', #5117, #5119, #5120, .T. );
#4174 = EDGE_CURVE( '', #5119, #5121, #5122, .T. );
#4175 = EDGE_CURVE( '', #5121, #5112, #5123, .T. );
#4176 = FILL_AREA_STYLE( '', ( #5124 ) );
#4177 = EDGE_CURVE( '', #4813, #5097, #5125, .T. );
#4178 = FILL_AREA_STYLE( '', ( #5126 ) );
#4179 = EDGE_CURVE( '', #4971, #5027, #5127, .T. );
#4180 = FILL_AREA_STYLE( '', ( #5128 ) );
#4181 = EDGE_CURVE( '', #5129, #4950, #5130, .T. );
#4182 = EDGE_CURVE( '', #5129, #5015, #5131, .T. );
#4183 = FILL_AREA_STYLE( '', ( #5132 ) );
#4184 = EDGE_CURVE( '', #5133, #5078, #5134, .T. );
#4185 = EDGE_CURVE( '', #5133, #4744, #5135, .T. );
#4186 = FILL_AREA_STYLE( '', ( #5136 ) );
#4187 = EDGE_CURVE( '', #4582, #5137, #5138, .T. );
#4188 = EDGE_CURVE( '', #5137, #5062, #5139, .T. );
#4189 = FILL_AREA_STYLE( '', ( #5140 ) );
#4190 = EDGE_CURVE( '', #4850, #4994, #5141, .T. );
#4191 = EDGE_CURVE( '', #4848, #4996, #5142, .T. );
#4192 = FILL_AREA_STYLE( '', ( #5143 ) );
#4193 = EDGE_CURVE( '', #4734, #4702, #5144, .T. );
#4194 = FILL_AREA_STYLE( '', ( #5145 ) );
#4195 = EDGE_CURVE( '', #5146, #5117, #5147, .T. );
#4196 = EDGE_CURVE( '', #5146, #5148, #5149, .T. );
#4197 = EDGE_CURVE( '', #5148, #5119, #5150, .T. );
#4198 = FILL_AREA_STYLE( '', ( #5151 ) );
#4199 = EDGE_CURVE( '', #4905, #5057, #5152, .T. );
#4200 = EDGE_CURVE( '', #4903, #5059, #5153, .T. );
#4201 = FILL_AREA_STYLE( '', ( #5154 ) );
#4202 = EDGE_CURVE( '', #5155, #5005, #5156, .T. );
#4203 = EDGE_CURVE( '', #5155, #5157, #5158, .T. );
#4204 = EDGE_CURVE( '', #5157, #5007, #5159, .T. );
#4205 = FILL_AREA_STYLE( '', ( #5160 ) );
#4206 = EDGE_CURVE( '', #5161, #5161, #5162, .T. );
#4207 = EDGE_CURVE( '', #5163, #5163, #5164, .T. );
#4208 = FILL_AREA_STYLE( '', ( #5165 ) );
#4209 = EDGE_CURVE( '', #5166, #5166, #5167, .T. );
#4210 = FILL_AREA_STYLE( '', ( #5168 ) );
#4211 = EDGE_CURVE( '', #5169, #4984, #5170, .T. );
#4212 = EDGE_CURVE( '', #5169, #4598, #5171, .T. );
#4213 = FILL_AREA_STYLE( '', ( #5172 ) );
#4214 = EDGE_CURVE( '', #5173, #5173, #5174, .T. );
#4215 = EDGE_CURVE( '', #4794, #4800, #5175, .T. );
#4216 = EDGE_CURVE( '', #5176, #4792, #5177, .T. );
#4217 = EDGE_CURVE( '', #5178, #5176, #5179, .T. );
#4218 = EDGE_CURVE( '', #4725, #5178, #5180, .T. );
#4219 = FILL_AREA_STYLE( '', ( #5181 ) );
#4220 = EDGE_CURVE( '', #5182, #5182, #5183, .T. );
#4221 = FILL_AREA_STYLE( '', ( #5184 ) );
#4222 = EDGE_CURVE( '', #4969, #5025, #5185, .T. );
#4223 = FILL_AREA_STYLE( '', ( #5186 ) );
#4224 = EDGE_CURVE( '', #5187, #5038, #5188, .T. );
#4225 = EDGE_CURVE( '', #5187, #5189, #5190, .T. );
#4226 = EDGE_CURVE( '', #5189, #5039, #5191, .T. );
#4227 = FILL_AREA_STYLE( '', ( #5192 ) );
#4228 = EDGE_CURVE( '', #5193, #5121, #5194, .T. );
#4229 = EDGE_CURVE( '', #5193, #5195, #5196, .T. );
#4230 = EDGE_CURVE( '', #5195, #5112, #5197, .T. );
#4231 = FILL_AREA_STYLE( '', ( #5198 ) );
#4232 = EDGE_CURVE( '', #5199, #4616, #5200, .T. );
#4233 = EDGE_CURVE( '', #4939, #5199, #5201, .T. );
#4234 = EDGE_CURVE( '', #5202, #4915, #5203, .T. );
#4235 = EDGE_CURVE( '', #4965, #5202, #5204, .T. );
#4236 = FILL_AREA_STYLE( '', ( #5205 ) );
#4237 = EDGE_CURVE( '', #4600, #5206, #5207, .T. );
#4238 = EDGE_CURVE( '', #4710, #5169, #5208, .T. );
#4239 = EDGE_CURVE( '', #5206, #4666, #5209, .T. );
#4240 = FILL_AREA_STYLE( '', ( #5210 ) );
#4241 = EDGE_CURVE( '', #4531, #4547, #5211, .T. );
#4242 = FILL_AREA_STYLE( '', ( #5212 ) );
#4243 = EDGE_CURVE( '', #4809, #5094, #5213, .T. );
#4244 = FILL_AREA_STYLE( '', ( #5214 ) );
#4245 = EDGE_CURVE( '', #5215, #5216, #5217, .T. );
#4246 = EDGE_CURVE( '', #5045, #5216, #5218, .T. );
#4247 = EDGE_CURVE( '', #5050, #5215, #5219, .T. );
#4248 = FILL_AREA_STYLE( '', ( #5220 ) );
#4249 = EDGE_CURVE( '', #5221, #5222, #5223, .T. );
#4250 = EDGE_CURVE( '', #5195, #5221, #5224, .T. );
#4251 = EDGE_CURVE( '', #5148, #5193, #5225, .T. );
#4252 = EDGE_CURVE( '', #5222, #5146, #5226, .T. );
#4253 = FILL_AREA_STYLE( '', ( #5227 ) );
#4254 = EDGE_CURVE( '', #5228, #5009, #5229, .T. );
#4255 = EDGE_CURVE( '', #5228, #4607, #5230, .T. );
#4256 = FILL_AREA_STYLE( '', ( #5231 ) );
#4257 = EDGE_CURVE( '', #4693, #5107, #5232, .T. );
#4258 = FILL_AREA_STYLE( '', ( #5233 ) );
#4259 = EDGE_CURVE( '', #4540, #4768, #5234, .T. );
#4260 = FILL_AREA_STYLE( '', ( #5235 ) );
#4261 = EDGE_CURVE( '', #4805, #4649, #5236, .T. );
#4262 = EDGE_CURVE( '', #4804, #4650, #5237, .T. );
#4263 = FILL_AREA_STYLE( '', ( #5238 ) );
#4264 = FILL_AREA_STYLE( '', ( #5239 ) );
#4265 = EDGE_CURVE( '', #5189, #4520, #5240, .T. );
#4266 = FILL_AREA_STYLE( '', ( #5241 ) );
#4267 = EDGE_CURVE( '', #5216, #5242, #5243, .T. );
#4268 = EDGE_CURVE( '', #5244, #5215, #5245, .T. );
#4269 = EDGE_CURVE( '', #5242, #5244, #5246, .T. );
#4270 = FILL_AREA_STYLE( '', ( #5247 ) );
#4271 = EDGE_CURVE( '', #5248, #5084, #5249, .T. );
#4272 = EDGE_CURVE( '', #5248, #4717, #5250, .T. );
#4273 = FILL_AREA_STYLE( '', ( #5251 ) );
#4274 = EDGE_CURVE( '', #5048, #5244, #5252, .T. );
#4275 = FILL_AREA_STYLE( '', ( #5253 ) );
#4276 = EDGE_CURVE( '', #4907, #5055, #5254, .T. );
#4277 = FILL_AREA_STYLE( '', ( #5255 ) );
#4278 = FILL_AREA_STYLE( '', ( #5256 ) );
#4279 = EDGE_CURVE( '', #4690, #5108, #5257, .T. );
#4280 = FILL_AREA_STYLE( '', ( #5258 ) );
#4281 = EDGE_CURVE( '', #5157, #5228, #5259, .T. );
#4282 = FILL_AREA_STYLE( '', ( #5260 ) );
#4283 = EDGE_CURVE( '', #4719, #5261, #5262, .T. );
#4284 = EDGE_CURVE( '', #5261, #5087, #5263, .T. );
#4285 = FILL_AREA_STYLE( '', ( #5264 ) );
#4286 = EDGE_CURVE( '', #5265, #5022, #5266, .T. );
#4287 = EDGE_CURVE( '', #4674, #5265, #5267, .T. );
#4288 = FILL_AREA_STYLE( '', ( #5268 ) );
#4289 = EDGE_CURVE( '', #4659, #4589, #5269, .T. );
#4290 = FILL_AREA_STYLE( '', ( #5270 ) );
#4291 = EDGE_CURVE( '', #5271, #5065, #5272, .T. );
#4292 = EDGE_CURVE( '', #5271, #5273, #5274, .T. );
#4293 = EDGE_CURVE( '', #5273, #5067, #5275, .T. );
#4294 = FILL_AREA_STYLE( '', ( #5276 ) );
#4295 = EDGE_CURVE( '', #5277, #5002, #5278, .T. );
#4296 = EDGE_CURVE( '', #5277, #4556, #5279, .T. );
#4297 = FILL_AREA_STYLE( '', ( #5280 ) );
#4298 = EDGE_CURVE( '', #5046, #5242, #5281, .T. );
#4299 = FILL_AREA_STYLE( '', ( #5282 ) );
#4300 = EDGE_CURVE( '', #5221, #5113, #5283, .T. );
#4301 = EDGE_CURVE( '', #5222, #5115, #5284, .T. );
#4302 = FILL_AREA_STYLE( '', ( #5285 ) );
#4303 = FILL_AREA_STYLE( '', ( #5286 ) );
#4304 = FILL_AREA_STYLE( '', ( #5287 ) );
#4305 = EDGE_CURVE( '', #4901, #5053, #5288, .T. );
#4306 = FILL_AREA_STYLE( '', ( #5289 ) );
#4307 = EDGE_CURVE( '', #4746, #5290, #5291, .T. );
#4308 = EDGE_CURVE( '', #5290, #5133, #5292, .T. );
#4309 = FILL_AREA_STYLE( '', ( #5293 ) );
#4310 = EDGE_CURVE( '', #5178, #5033, #5294, .T. );
#4311 = FILL_AREA_STYLE( '', ( #5295 ) );
#4312 = EDGE_CURVE( '', #4846, #4998, #5296, .T. );
#4313 = FILL_AREA_STYLE( '', ( #5297 ) );
#4314 = EDGE_CURVE( '', #4859, #4753, #5298, .T. );
#4315 = FILL_AREA_STYLE( '', ( #5299 ) );
#4316 = EDGE_CURVE( '', #4868, #5300, #5301, .T. );
#4317 = EDGE_CURVE( '', #5300, #5102, #5302, .T. );
#4318 = FILL_AREA_STYLE( '', ( #5303 ) );
#4319 = FILL_AREA_STYLE( '', ( #5304 ) );
#4320 = EDGE_CURVE( '', #4811, #5091, #5305, .T. );
#4321 = EDGE_CURVE( '', #4808, #5092, #5306, .T. );
#4322 = FILL_AREA_STYLE( '', ( #5307 ) );
#4323 = EDGE_CURVE( '', #4779, #5308, #5309, .T. );
#4324 = EDGE_CURVE( '', #5308, #4987, #5310, .T. );
#4325 = FILL_AREA_STYLE( '', ( #5311 ) );
#4326 = EDGE_CURVE( '', #5312, #5129, #5313, .T. );
#4327 = EDGE_CURVE( '', #5312, #5017, #5314, .T. );
#4328 = FILL_AREA_STYLE( '', ( #5315 ) );
#4329 = FILL_AREA_STYLE( '', ( #5316 ) );
#4330 = FILL_AREA_STYLE( '', ( #5317 ) );
#4331 = FILL_AREA_STYLE( '', ( #5318 ) );
#4332 = FILL_AREA_STYLE( '', ( #5319 ) );
#4333 = FILL_AREA_STYLE( '', ( #5320 ) );
#4334 = FILL_AREA_STYLE( '', ( #5321 ) );
#4335 = EDGE_CURVE( '', #5322, #4989, #5323, .T. );
#4336 = EDGE_CURVE( '', #5322, #4777, #5324, .T. );
#4337 = FILL_AREA_STYLE( '', ( #5325 ) );
#4338 = EDGE_CURVE( '', #5326, #5326, #5327, .T. );
#4339 = FILL_AREA_STYLE( '', ( #5328 ) );
#4340 = EDGE_CURVE( '', #5329, #5312, #5330, .T. );
#4341 = EDGE_CURVE( '', #5329, #5019, #5331, .T. );
#4342 = FILL_AREA_STYLE( '', ( #5332 ) );
#4343 = FILL_AREA_STYLE( '', ( #5333 ) );
#4344 = EDGE_CURVE( '', #5334, #5334, #5335, .T. );
#4345 = FILL_AREA_STYLE( '', ( #5336 ) );
#4346 = FILL_AREA_STYLE( '', ( #5337 ) );
#4347 = EDGE_CURVE( '', #5308, #5322, #5338, .T. );
#4348 = FILL_AREA_STYLE( '', ( #5339 ) );
#4349 = FILL_AREA_STYLE( '', ( #5340 ) );
#4350 = EDGE_CURVE( '', #5341, #5081, #5342, .T. );
#4351 = EDGE_CURVE( '', #5341, #4574, #5343, .T. );
#4352 = FILL_AREA_STYLE( '', ( #5344 ) );
#4353 = EDGE_CURVE( '', #5290, #5076, #5345, .T. );
#4354 = FILL_AREA_STYLE( '', ( #5346 ) );
#4355 = EDGE_CURVE( '', #5176, #5035, #5347, .T. );
#4356 = FILL_AREA_STYLE( '', ( #5348 ) );
#4357 = EDGE_CURVE( '', #5273, #4511, #5349, .T. );
#4358 = FILL_AREA_STYLE( '', ( #5350 ) );
#4359 = EDGE_CURVE( '', #5351, #5001, #5352, .T. );
#4360 = EDGE_CURVE( '', #5351, #5277, #5353, .T. );
#4361 = FILL_AREA_STYLE( '', ( #5354 ) );
#4362 = EDGE_CURVE( '', #4576, #5248, #5355, .T. );
#4363 = FILL_AREA_STYLE( '', ( #5356 ) );
#4364 = EDGE_CURVE( '', #4636, #5271, #5357, .T. );
#4365 = FILL_AREA_STYLE( '', ( #5358 ) );
#4366 = EDGE_CURVE( '', #4755, #5187, #5359, .T. );
#4367 = FILL_AREA_STYLE( '', ( #5360 ) );
#4368 = EDGE_CURVE( '', #4840, #4992, #5361, .T. );
#4369 = FILL_AREA_STYLE( '', ( #5362 ) );
#4370 = EDGE_CURVE( '', #5199, #5073, #5363, .T. );
#4371 = FILL_AREA_STYLE( '', ( #5364 ) );
#4372 = EDGE_CURVE( '', #4522, #4857, #5365, .T. );
#4373 = FILL_AREA_STYLE( '', ( #5366 ) );
#4374 = FILL_AREA_STYLE( '', ( #5367 ) );
#4375 = FILL_AREA_STYLE( '', ( #5368 ) );
#4376 = FILL_AREA_STYLE( '', ( #5369 ) );
#4377 = EDGE_CURVE( '', #5261, #4933, #5370, .T. );
#4378 = FILL_AREA_STYLE( '', ( #5371 ) );
#4379 = FILL_AREA_STYLE( '', ( #5372 ) );
#4380 = EDGE_CURVE( '', #5206, #4981, #5373, .T. );
#4381 = FILL_AREA_STYLE( '', ( #5374 ) );
#4382 = EDGE_CURVE( '', #4558, #5155, #5375, .T. );
#4383 = FILL_AREA_STYLE( '', ( #5376 ) );
#4384 = EDGE_CURVE( '', #5265, #4627, #5377, .T. );
#4385 = EDGE_CURVE( '', #4785, #5329, #5378, .T. );
#4386 = EDGE_CURVE( '', #4948, #4567, #5379, .T. );
#4387 = FILL_AREA_STYLE( '', ( #5380 ) );
#4388 = EDGE_CURVE( '', #4704, #5341, #5381, .T. );
#4389 = FILL_AREA_STYLE( '', ( #5382 ) );
#4390 = FILL_AREA_STYLE( '', ( #5383 ) );
#4391 = FILL_AREA_STYLE( '', ( #5384 ) );
#4392 = EDGE_CURVE( '', #4591, #5351, #5385, .T. );
#4393 = FILL_AREA_STYLE( '', ( #5386 ) );
#4394 = FILL_AREA_STYLE( '', ( #5387 ) );
#4395 = FILL_AREA_STYLE( '', ( #5388 ) );
#4396 = EDGE_CURVE( '', #5300, #5389, #5390, .T. );
#4397 = EDGE_CURVE( '', #5389, #5104, #5391, .T. );
#4398 = FILL_AREA_STYLE( '', ( #5392 ) );
#4399 = FILL_AREA_STYLE( '', ( #5393 ) );
#4400 = FILL_AREA_STYLE( '', ( #5394 ) );
#4401 = EDGE_CURVE( '', #5395, #5395, #5396, .T. );
#4402 = EDGE_CURVE( '', #5137, #4634, #5397, .T. );
#4403 = FILL_AREA_STYLE( '', ( #5398 ) );
#4404 = EDGE_CURVE( '', #5389, #4761, #5399, .T. );
#4405 = FILL_AREA_STYLE( '', ( #5400 ) );
#4406 = FILL_AREA_STYLE( '', ( #5401 ) );
#4407 = FILL_AREA_STYLE( '', ( #5402 ) );
#4408 = FILL_AREA_STYLE( '', ( #5403 ) );
#4409 = EDGE_CURVE( '', #5202, #5070, #5404, .T. );
#4410 = FILL_AREA_STYLE( '', ( #5405 ) );
#4411 = FILL_AREA_STYLE( '', ( #5406 ) );
#4412 = FILL_AREA_STYLE( '', ( #5407 ) );
#4413 = FILL_AREA_STYLE( '', ( #5408 ) );
#4414 = FILL_AREA_STYLE( '', ( #5409 ) );
#4415 = FILL_AREA_STYLE( '', ( #5410 ) );
#4416 = FILL_AREA_STYLE( '', ( #5411 ) );
#4417 = FILL_AREA_STYLE( '', ( #5412 ) );
#4418 = EDGE_LOOP( '', ( #5413, #5414, #5415, #5416 ) );
#4419 = AXIS2_PLACEMENT_3D( '', #5417, #5418, #5419 );
#4420 = EDGE_LOOP( '', ( #5420, #5421, #5422, #5423 ) );
#4421 = AXIS2_PLACEMENT_3D( '', #5424, #5425, #5426 );
#4422 = EDGE_LOOP( '', ( #5427, #5428, #5429, #5430 ) );
#4423 = AXIS2_PLACEMENT_3D( '', #5431, #5432, #5433 );
#4424 = EDGE_LOOP( '', ( #5434, #5435, #5436, #5437 ) );
#4425 = EDGE_LOOP( '', ( #5438, #5439, #5440, #5441, #5442, #5443, #5444, #5445 ) );
#4426 = AXIS2_PLACEMENT_3D( '', #5446, #5447, #5448 );
#4427 = EDGE_LOOP( '', ( #5449, #5450, #5451, #5452 ) );
#4428 = AXIS2_PLACEMENT_3D( '', #5453, #5454, #5455 );
#4429 = EDGE_LOOP( '', ( #5456, #5457, #5458, #5459 ) );
#4430 = AXIS2_PLACEMENT_3D( '', #5460, #5461, #5462 );
#4431 = EDGE_LOOP( '', ( #5463, #5464, #5465, #5466 ) );
#4432 = EDGE_LOOP( '', ( #5467, #5468, #5469, #5470, #5471, #5472, #5473, #5474 ) );
#4433 = AXIS2_PLACEMENT_3D( '', #5475, #5476, #5477 );
#4434 = EDGE_LOOP( '', ( #5478, #5479, #5480, #5481 ) );
#4435 = AXIS2_PLACEMENT_3D( '', #5482, #5483, #5484 );
#4436 = EDGE_LOOP( '', ( #5485, #5486, #5487, #5488 ) );
#4437 = AXIS2_PLACEMENT_3D( '', #5489, #5490, #5491 );
#4438 = EDGE_LOOP( '', ( #5492, #5493, #5494, #5495 ) );
#4439 = AXIS2_PLACEMENT_3D( '', #5496, #5497, #5498 );
#4440 = EDGE_LOOP( '', ( #5499, #5500, #5501, #5502 ) );
#4441 = AXIS2_PLACEMENT_3D( '', #5503, #5504, #5505 );
#4442 = EDGE_LOOP( '', ( #5506, #5507, #5508, #5509 ) );
#4443 = AXIS2_PLACEMENT_3D( '', #5510, #5511, #5512 );
#4444 = EDGE_LOOP( '', ( #5513, #5514, #5515, #5516 ) );
#4445 = AXIS2_PLACEMENT_3D( '', #5517, #5518, #5519 );
#4446 = EDGE_LOOP( '', ( #5520, #5521, #5522, #5523 ) );
#4447 = AXIS2_PLACEMENT_3D( '', #5524, #5525, #5526 );
#4448 = EDGE_LOOP( '', ( #5527, #5528, #5529, #5530 ) );
#4449 = AXIS2_PLACEMENT_3D( '', #5531, #5532, #5533 );
#4450 = EDGE_LOOP( '', ( #5534, #5535, #5536, #5537 ) );
#4451 = AXIS2_PLACEMENT_3D( '', #5538, #5539, #5540 );
#4452 = EDGE_LOOP( '', ( #5541, #5542, #5543, #5544 ) );
#4453 = AXIS2_PLACEMENT_3D( '', #5545, #5546, #5547 );
#4454 = EDGE_LOOP( '', ( #5548, #5549, #5550, #5551 ) );
#4455 = AXIS2_PLACEMENT_3D( '', #5552, #5553, #5554 );
#4456 = EDGE_LOOP( '', ( #5555, #5556, #5557, #5558 ) );
#4457 = AXIS2_PLACEMENT_3D( '', #5559, #5560, #5561 );
#4458 = EDGE_LOOP( '', ( #5562, #5563, #5564, #5565 ) );
#4459 = AXIS2_PLACEMENT_3D( '', #5566, #5567, #5568 );
#4460 = EDGE_LOOP( '', ( #5569, #5570, #5571, #5572 ) );
#4461 = AXIS2_PLACEMENT_3D( '', #5573, #5574, #5575 );
#4462 = EDGE_LOOP( '', ( #5576, #5577, #5578, #5579 ) );
#4463 = AXIS2_PLACEMENT_3D( '', #5580, #5581, #5582 );
#4464 = EDGE_LOOP( '', ( #5583, #5584, #5585, #5586 ) );
#4465 = AXIS2_PLACEMENT_3D( '', #5587, #5588, #5589 );
#4466 = EDGE_LOOP( '', ( #5590, #5591, #5592, #5593, #5594, #5595, #5596, #5597, #5598, #5599, #5600, #5601, #5602, #5603, #5604, #5605, #5606, #5607, #5608, #5609 ) );
#4467 = AXIS2_PLACEMENT_3D( '', #5610, #5611, #5612 );
#4468 = EDGE_LOOP( '', ( #5613, #5614, #5615, #5616 ) );
#4469 = AXIS2_PLACEMENT_3D( '', #5617, #5618, #5619 );
#4470 = EDGE_LOOP( '', ( #5620, #5621, #5622, #5623 ) );
#4471 = AXIS2_PLACEMENT_3D( '', #5624, #5625, #5626 );
#4472 = EDGE_LOOP( '', ( #5627, #5628, #5629, #5630, #5631, #5632, #5633, #5634, #5635, #5636, #5637, #5638, #5639, #5640, #5641, #5642, #5643, #5644, #5645, #5646 ) );
#4473 = AXIS2_PLACEMENT_3D( '', #5647, #5648, #5649 );
#4474 = EDGE_LOOP( '', ( #5650, #5651, #5652, #5653 ) );
#4475 = AXIS2_PLACEMENT_3D( '', #5654, #5655, #5656 );
#4476 = EDGE_LOOP( '', ( #5657, #5658, #5659, #5660 ) );
#4477 = AXIS2_PLACEMENT_3D( '', #5661, #5662, #5663 );
#4478 = EDGE_LOOP( '', ( #5664, #5665, #5666, #5667 ) );
#4479 = AXIS2_PLACEMENT_3D( '', #5668, #5669, #5670 );
#4480 = EDGE_LOOP( '', ( #5671, #5672, #5673, #5674 ) );
#4481 = AXIS2_PLACEMENT_3D( '', #5675, #5676, #5677 );
#4482 = EDGE_LOOP( '', ( #5678, #5679, #5680, #5681 ) );
#4483 = AXIS2_PLACEMENT_3D( '', #5682, #5683, #5684 );
#4484 = EDGE_LOOP( '', ( #5685, #5686, #5687, #5688 ) );
#4485 = AXIS2_PLACEMENT_3D( '', #5689, #5690, #5691 );
#4486 = EDGE_LOOP( '', ( #5692, #5693, #5694, #5695 ) );
#4487 = AXIS2_PLACEMENT_3D( '', #5696, #5697, #5698 );
#4488 = EDGE_LOOP( '', ( #5699, #5700, #5701, #5702 ) );
#4489 = AXIS2_PLACEMENT_3D( '', #5703, #5704, #5705 );
#4490 = EDGE_LOOP( '', ( #5706, #5707, #5708, #5709 ) );
#4491 = AXIS2_PLACEMENT_3D( '', #5710, #5711, #5712 );
#4492 = EDGE_LOOP( '', ( #5713, #5714, #5715, #5716 ) );
#4493 = AXIS2_PLACEMENT_3D( '', #5717, #5718, #5719 );
#4494 = EDGE_LOOP( '', ( #5720, #5721, #5722, #5723 ) );
#4495 = AXIS2_PLACEMENT_3D( '', #5724, #5725, #5726 );
#4496 = EDGE_LOOP( '', ( #5727, #5728, #5729, #5730 ) );
#4497 = AXIS2_PLACEMENT_3D( '', #5731, #5732, #5733 );
#4498 = EDGE_LOOP( '', ( #5734, #5735, #5736, #5737 ) );
#4499 = AXIS2_PLACEMENT_3D( '', #5738, #5739, #5740 );
#4500 = EDGE_LOOP( '', ( #5741, #5742, #5743, #5744 ) );
#4501 = AXIS2_PLACEMENT_3D( '', #5745, #5746, #5747 );
#4502 = EDGE_LOOP( '', ( #5748, #5749, #5750, #5751 ) );
#4503 = AXIS2_PLACEMENT_3D( '', #5752, #5753, #5754 );
#4504 = FILL_AREA_STYLE_COLOUR( '', #5755 );
#4505 = VERTEX_POINT( '', #5756 );
#4506 = B_SPLINE_CURVE_WITH_KNOTS( '', 3, ( #5757, #5758, #5759, #5760, #5761, #5762, #5763, #5764, #5765, #5766, #5767, #5768, #5769, #5770, #5771, #5772, #5773, #5774, #5775, #5776, #5777, #5778 ), .UNSPECIFIED., .T., .F., ( 4, 3, 2, 3, 2, 3, 2, 3, 4 ), ( 0.000000000000000, 0.145725648599780, 0.253739848575261, 0.360498069481258, 0.506371984583446, 0.645994160466968, 0.753918182700976, 0.860557395146483, 1.00000000000000 ), .UNSPECIFIED. );
#4507 = FILL_AREA_STYLE_COLOUR( '', #5779 );
#4508 = VERTEX_POINT( '', #5780 );
#4509 = VERTEX_POINT( '', #5781 );
#4510 = B_SPLINE_CURVE_WITH_KNOTS( '', 3, ( #5782, #5783, #5784, #5785 ), .UNSPECIFIED., .F., .F., ( 4, 4 ), ( 0.800000000000000, 0.900000000000000 ), .UNSPECIFIED. );
#4511 = VERTEX_POINT( '', #5786 );
#4512 = LINE( '', #5787, #5788 );
#4513 = VERTEX_POINT( '', #5789 );
#4514 = B_SPLINE_CURVE_WITH_KNOTS( '', 3, ( #5790, #5791, #5792, #5793 ), .UNSPECIFIED., .F., .F., ( 4, 4 ), ( 0.800000000000000, 0.900000000000000 ), .UNSPECIFIED. );
#4515 = LINE( '', #5794, #5795 );
#4516 = FILL_AREA_STYLE_COLOUR( '', #5796 );
#4517 = VERTEX_POINT( '', #5797 );
#4518 = VERTEX_POINT( '', #5798 );
#4519 = B_SPLINE_CURVE_WITH_KNOTS( '', 3, ( #5799, #5800, #5801, #5802 ), .UNSPECIFIED., .F., .F., ( 4, 4 ), ( 0.200000000000000, 0.300000000000000 ), .UNSPECIFIED. );
#4520 = VERTEX_POINT( '', #5803 );
#4521 = LINE( '', #5804, #5805 );
#4522 = VERTEX_POINT( '', #5806 );
#4523 = B_SPLINE_CURVE_WITH_KNOTS( '', 3, ( #5807, #5808, #5809, #5810 ), .UNSPECIFIED., .F., .F., ( 4, 4 ), ( 0.200000000000000, 0.300000000000000 ), .UNSPECIFIED. );
#4524 = LINE( '', #5811, #5812 );
#4525 = FILL_AREA_STYLE_COLOUR( '', #5813 );
#4526 = VERTEX_POINT( '', #5814 );
#4527 = VERTEX_POINT( '', #5815 );
#4528 = B_SPLINE_CURVE_WITH_KNOTS( '', 1, ( #5816, #5817 ), .UNSPECIFIED., .F., .F., ( 2, 2 ), ( 0.905269246612485, 0.971657790856418 ), .UNSPECIFIED. );
#4529 = VERTEX_POINT( '', #5818 );
#4530 = LINE( '', #5819, #5820 );
#4531 = VERTEX_POINT( '', #5821 );
#4532 = B_SPLINE_CURVE_WITH_KNOTS( '', 1, ( #5822, #5823 ), .UNSPECIFIED., .F., .F., ( 2, 2 ), ( 0.905269246612485, 0.971657790856418 ), .UNSPECIFIED. );
#4533 = LINE( '', #5824, #5825 );
#4534 = FILL_AREA_STYLE_COLOUR( '', #5826 );
#4535 = VERTEX_POINT( '', #5827 );
#4536 = VERTEX_POINT( '', #5828 );
#4537 = B_SPLINE_CURVE_WITH_KNOTS( '', 1, ( #5829, #5830 ), .UNSPECIFIED., .F., .F., ( 2, 2 ), ( 0.259854928397947, 0.391553780668395 ), .UNSPECIFIED. );
#4538 = VERTEX_POINT( '', #5831 );
#4539 = LINE( '', #5832, #5833 );
#4540 = VERTEX_POINT( '', #5834 );
#4541 = B_SPLINE_CURVE_WITH_KNOTS( '', 1, ( #5835, #5836 ), .UNSPECIFIED., .F., .F., ( 2, 2 ), ( 0.259854928397947, 0.391553780668395 ), .UNSPECIFIED. );
#4542 = LINE( '', #5837, #5838 );
#4543 = FILL_AREA_STYLE_COLOUR( '', #5839 );
#4544 = VERTEX_POINT( '', #5840 );
#4545 = VERTEX_POINT( '', #5841 );
#4546 = B_SPLINE_CURVE_WITH_KNOTS( '', 1, ( #5842, #5843 ), .UNSPECIFIED., .F., .F., ( 2, 2 ), ( 0.000000000000000, 0.231512719254366 ), .UNSPECIFIED. );
#4547 = VERTEX_POINT( '', #5844 );
#4548 = LINE( '', #5845, #5846 );
#4549 = VERTEX_POINT( '', #5847 );
#4550 = B_SPLINE_CURVE_WITH_KNOTS( '', 1, ( #5848, #5849 ), .UNSPECIFIED., .F., .F., ( 2, 2 ), ( 0.000000000000000, 0.231512719254366 ), .UNSPECIFIED. );
#4551 = LINE( '', #5850, #5851 );
#4552 = FILL_AREA_STYLE_COLOUR( '', #5852 );
#4553 = VERTEX_POINT( '', #5853 );
#4554 = VERTEX_POINT( '', #5854 );
#4555 = B_SPLINE_CURVE_WITH_KNOTS( '', 3, ( #5855, #5856, #5857, #5858 ), .UNSPECIFIED., .F., .F., ( 4, 4 ), ( 0.000000000000000, 0.124500322738840 ), .UNSPECIFIED. );
#4556 = VERTEX_POINT( '', #5859 );
#4557 = LINE( '', #5860, #5861 );
#4558 = VERTEX_POINT( '', #5862 );
#4559 = B_SPLINE_CURVE_WITH_KNOTS( '', 3, ( #5863, #5864, #5865, #5866 ), .UNSPECIFIED., .F., .F., ( 4, 4 ), ( 0.000000000000000, 0.124500322738840 ), .UNSPECIFIED. );
#4560 = LINE( '', #5867, #5868 );
#4561 = FILL_AREA_STYLE_COLOUR( '', #5869 );
#4562 = VERTEX_POINT( '', #5870 );
#4563 = VERTEX_POINT( '', #5871 );
#4564 = LINE( '', #5872, #5873 );
#4565 = VERTEX_POINT( '', #5874 );
#4566 = LINE( '', #5875, #5876 );
#4567 = VERTEX_POINT( '', #5877 );
#4568 = LINE( '', #5878, #5879 );
#4569 = LINE( '', #5880, #5881 );
#4570 = FILL_AREA_STYLE_COLOUR( '', #5882 );
#4571 = VERTEX_POINT( '', #5883 );
#4572 = VERTEX_POINT( '', #5884 );
#4573 = LINE( '', #5885, #5886 );
#4574 = VERTEX_POINT( '', #5887 );
#4575 = LINE( '', #5888, #5889 );
#4576 = VERTEX_POINT( '', #5890 );
#4577 = LINE( '', #5891, #5892 );
#4578 = LINE( '', #5893, #5894 );
#4579 = FILL_AREA_STYLE_COLOUR( '', #5895 );
#4580 = VERTEX_POINT( '', #5896 );
#4581 = B_SPLINE_CURVE_WITH_KNOTS( '', 3, ( #5897, #5898, #5899, #5900 ), .UNSPECIFIED., .F., .F., ( 4, 4 ), ( 0.900000000000000, 1.00000000000000 ), .UNSPECIFIED. );
#4582 = VERTEX_POINT( '', #5901 );
#4583 = B_SPLINE_CURVE_WITH_KNOTS( '', 3, ( #5902, #5903, #5904, #5905 ), .UNSPECIFIED., .F., .F., ( 4, 4 ), ( 0.900000000000000, 1.00000000000000 ), .UNSPECIFIED. );
#4584 = LINE( '', #5906, #5907 );
#4585 = FILL_AREA_STYLE_COLOUR( '', #5908 );
#4586 = VERTEX_POINT( '', #5909 );
#4587 = VERTEX_POINT( '', #5910 );
#4588 = B_SPLINE_CURVE_WITH_KNOTS( '', 3, ( #5911, #5912, #5913, #5914 ), .UNSPECIFIED., .F., .F., ( 4, 4 ), ( 0.751522749248908, 0.766350132994917 ), .UNSPECIFIED. );
#4589 = VERTEX_POINT( '', #5915 );
#4590 = LINE( '', #5916, #5917 );
#4591 = VERTEX_POINT( '', #5918 );
#4592 = B_SPLINE_CURVE_WITH_KNOTS( '', 3, ( #5919, #5920, #5921, #5922 ), .UNSPECIFIED., .F., .F., ( 4, 4 ), ( 0.751522749248908, 0.766350132994917 ), .UNSPECIFIED. );
#4593 = LINE( '', #5923, #5924 );
#4594 = FILL_AREA_STYLE_COLOUR( '', #5925 );
#4595 = VERTEX_POINT( '', #5926 );
#4596 = VERTEX_POINT( '', #5927 );
#4597 = B_SPLINE_CURVE_WITH_KNOTS( '', 3, ( #5928, #5929, #5930, #5931, #5932, #5933, #5934, #5935, #5936, #5937, #5938, #5939, #5940, #5941, #5942, #5943, #5944, #5945, #5946, #5947, #5948 ), .UNSPECIFIED., .F., .F., ( 4, 3, 3, 3, 2, 3, 3, 4 ), ( 0.582642405372108, 0.698030922609412, 0.727724576757617, 0.748604179526965, 0.772506600642294, 0.811043157134353, 0.864201897660731, 0.967753964216161 ), .UNSPECIFIED. );
#4598 = VERTEX_POINT( '', #5949 );
#4599 = LINE( '', #5950, #5951 );
#4600 = VERTEX_POINT( '', #5952 );
#4601 = B_SPLINE_CURVE_WITH_KNOTS( '', 3, ( #5953, #5954, #5955, #5956, #5957, #5958, #5959, #5960, #5961, #5962, #5963, #5964, #5965, #5966, #5967, #5968, #5969, #5970, #5971, #5972, #5973 ), .UNSPECIFIED., .F., .F., ( 4, 3, 3, 3, 2, 3, 3, 4 ), ( 0.582642405372108, 0.698030922609412, 0.727724576757617, 0.748604179526965, 0.772506600642294, 0.811043157134353, 0.864201897660731, 0.967753964216161 ), .UNSPECIFIED. );
#4602 = LINE( '', #5974, #5975 );
#4603 = FILL_AREA_STYLE_COLOUR( '', #5976 );
#4604 = VERTEX_POINT( '', #5977 );
#4605 = VERTEX_POINT( '', #5978 );
#4606 = B_SPLINE_CURVE_WITH_KNOTS( '', 3, ( #5979, #5980, #5981, #5982 ), .UNSPECIFIED., .F., .F., ( 4, 4 ), ( 0.396354287127276, 0.520854609866117 ), .UNSPECIFIED. );
#4607 = VERTEX_POINT( '', #5983 );
#4608 = LINE( '', #5984, #5985 );
#4609 = VERTEX_POINT( '', #5986 );
#4610 = B_SPLINE_CURVE_WITH_KNOTS( '', 3, ( #5987, #5988, #5989, #5990 ), .UNSPECIFIED., .F., .F., ( 4, 4 ), ( 0.396354287127276, 0.520854609866117 ), .UNSPECIFIED. );
#4611 = LINE( '', #5991, #5992 );
#4612 = FILL_AREA_STYLE_COLOUR( '', #5993 );
#4613 = VERTEX_POINT( '', #5994 );
#4614 = VERTEX_POINT( '', #5995 );
#4615 = B_SPLINE_CURVE_WITH_KNOTS( '', 3, ( #5996, #5997, #5998, #5999 ), .UNSPECIFIED., .F., .F., ( 4, 4 ), ( 0.900000000000000, 1.00000000000000 ), .UNSPECIFIED. );
#4616 = VERTEX_POINT( '', #6000 );
#4617 = LINE( '', #6001, #6002 );
#4618 = VERTEX_POINT( '', #6003 );
#4619 = B_SPLINE_CURVE_WITH_KNOTS( '', 3, ( #6004, #6005, #6006, #6007 ), .UNSPECIFIED., .F., .F., ( 4, 4 ), ( 0.900000000000000, 1.00000000000000 ), .UNSPECIFIED. );
#4620 = LINE( '', #6008, #6009 );
#4621 = FILL_AREA_STYLE_COLOUR( '', #6010 );
#4622 = VERTEX_POINT( '', #6011 );
#4623 = VERTEX_POINT( '', #6012 );
#4624 = LINE( '', #6013, #6014 );
#4625 = VERTEX_POINT( '', #6015 );
#4626 = LINE( '', #6016, #6017 );
#4627 = VERTEX_POINT( '', #6018 );
#4628 = LINE( '', #6019, #6020 );
#4629 = LINE( '', #6021, #6022 );
#4630 = FILL_AREA_STYLE_COLOUR( '', #6023 );
#4631 = VERTEX_POINT( '', #6024 );
#4632 = VERTEX_POINT( '', #6025 );
#4633 = B_SPLINE_CURVE_WITH_KNOTS( '', 3, ( #6026, #6027, #6028, #6029 ), .UNSPECIFIED., .F., .F., ( 4, 4 ), ( 0.300000000000000, 0.400000000000000 ), .UNSPECIFIED. );
#4634 = VERTEX_POINT( '', #6030 );
#4635 = LINE( '', #6031, #6032 );
#4636 = VERTEX_POINT( '', #6033 );
#4637 = B_SPLINE_CURVE_WITH_KNOTS( '', 3, ( #6034, #6035, #6036, #6037 ), .UNSPECIFIED., .F., .F., ( 4, 4 ), ( 0.300000000000000, 0.400000000000000 ), .UNSPECIFIED. );
#4638 = LINE( '', #6038, #6039 );
#4639 = FILL_AREA_STYLE_COLOUR( '', #6040 );
#4640 = VERTEX_POINT( '', #6041 );
#4641 = VERTEX_POINT( '', #6042 );
#4642 = B_SPLINE_CURVE_WITH_KNOTS( '', 3, ( #6043, #6044, #6045, #6046 ), .UNSPECIFIED., .F., .F., ( 4, 4 ), ( 0.300000000000000, 0.400000000000000 ), .UNSPECIFIED. );
#4643 = VERTEX_POINT( '', #6047 );
#4644 = LINE( '', #6048, #6049 );
#4645 = VERTEX_POINT( '', #6050 );
#4646 = B_SPLINE_CURVE_WITH_KNOTS( '', 3, ( #6051, #6052, #6053, #6054 ), .UNSPECIFIED., .F., .F., ( 4, 4 ), ( 0.300000000000000, 0.400000000000000 ), .UNSPECIFIED. );
#4647 = LINE( '', #6055, #6056 );
#4648 = FILL_AREA_STYLE_COLOUR( '', #6057 );
#4649 = VERTEX_POINT( '', #6058 );
#4650 = VERTEX_POINT( '', #6059 );
#4651 = B_SPLINE_CURVE_WITH_KNOTS( '', 3, ( #6060, #6061, #6062, #6063, #6064, #6065, #6066, #6067, #6068, #6069, #6070, #6071, #6072, #6073, #6074 ), .UNSPECIFIED., .F., .F., ( 4, 3, 3, 3, 2, 4 ), ( 0.000000000000000, 0.192070068930128, 0.294393381873452, 0.353711497330155, 0.409804698233785, 0.497450324645707 ), .UNSPECIFIED. );
#4652 = B_SPLINE_CURVE_WITH_KNOTS( '', 3, ( #6075, #6076, #6077, #6078, #6079, #6080, #6081, #6082, #6083, #6084, #6085, #6086, #6087, #6088 ), .UNSPECIFIED., .F., .F., ( 4, 2, 2, 3, 3, 4 ), ( 0.497450324645707, 0.611814374763957, 0.726178424882207, 0.840542475000456, 0.957886565368742, 1.00000000000000 ), .UNSPECIFIED. );
#4653 = FILL_AREA_STYLE_COLOUR( '', #6089 );
#4654 = VERTEX_POINT( '', #6090 );
#4655 = VERTEX_POINT( '', #6091 );
#4656 = B_SPLINE_CURVE_WITH_KNOTS( '', 3, ( #6092, #6093, #6094, #6095 ), .UNSPECIFIED., .F., .F., ( 4, 4 ), ( 0.536841677257065, 0.641130370755535 ), .UNSPECIFIED. );
#4657 = VERTEX_POINT( '', #6096 );
#4658 = LINE( '', #6097, #6098 );
#4659 = VERTEX_POINT( '', #6099 );
#4660 = B_SPLINE_CURVE_WITH_KNOTS( '', 3, ( #6100, #6101, #6102, #6103 ), .UNSPECIFIED., .F., .F., ( 4, 4 ), ( 0.536841677257065, 0.641130370755535 ), .UNSPECIFIED. );
#4661 = LINE( '', #6104, #6105 );
#4662 = FILL_AREA_STYLE_COLOUR( '', #6106 );
#4663 = VERTEX_POINT( '', #6107 );
#4664 = VERTEX_POINT( '', #6108 );
#4665 = B_SPLINE_CURVE_WITH_KNOTS( '', 3, ( #6109, #6110, #6111, #6112 ), .UNSPECIFIED., .F., .F., ( 4, 4 ), ( 0.189815853884326, 0.218750134641717 ), .UNSPECIFIED. );
#4666 = VERTEX_POINT( '', #6113 );
#4667 = LINE( '', #6114, #6115 );
#4668 = VERTEX_POINT( '', #6116 );
#4669 = B_SPLINE_CURVE_WITH_KNOTS( '', 3, ( #6117, #6118, #6119, #6120 ), .UNSPECIFIED., .F., .F., ( 4, 4 ), ( 0.189815853884326, 0.218750134641717 ), .UNSPECIFIED. );
#4670 = LINE( '', #6121, #6122 );
#4671 = FILL_AREA_STYLE_COLOUR( '', #6123 );
#4672 = VERTEX_POINT( '', #6124 );
#4673 = LINE( '', #6125, #6126 );
#4674 = VERTEX_POINT( '', #6127 );
#4675 = LINE( '', #6128, #6129 );
#4676 = LINE( '', #6130, #6131 );
#4677 = FILL_AREA_STYLE_COLOUR( '', #6132 );
#4678 = B_SPLINE_CURVE_WITH_KNOTS( '', 1, ( #6133, #6134 ), .UNSPECIFIED., .F., .F., ( 2, 2 ), ( 0.231512719254366, 0.259854928397947 ), .UNSPECIFIED. );
#4679 = B_SPLINE_CURVE_WITH_KNOTS( '', 1, ( #6135, #6136 ), .UNSPECIFIED., .F., .F., ( 2, 2 ), ( 0.231512719254366, 0.259854928397947 ), .UNSPECIFIED. );
#4680 = FILL_AREA_STYLE_COLOUR( '', #6137 );
#4681 = VERTEX_POINT( '', #6138 );
#4682 = VERTEX_POINT( '', #6139 );
#4683 = B_SPLINE_CURVE_WITH_KNOTS( '', 3, ( #6140, #6141, #6142, #6143 ), .UNSPECIFIED., .F., .F., ( 4, 4 ), ( 0.200000000000000, 0.300000000000000 ), .UNSPECIFIED. );
#4684 = VERTEX_POINT( '', #6144 );
#4685 = LINE( '', #6145, #6146 );
#4686 = VERTEX_POINT( '', #6147 );
#4687 = B_SPLINE_CURVE_WITH_KNOTS( '', 3, ( #6148, #6149, #6150, #6151 ), .UNSPECIFIED., .F., .F., ( 4, 4 ), ( 0.200000000000000, 0.300000000000000 ), .UNSPECIFIED. );
#4688 = LINE( '', #6152, #6153 );
#4689 = FILL_AREA_STYLE_COLOUR( '', #6154 );
#4690 = VERTEX_POINT( '', #6155 );
#4691 = VERTEX_POINT( '', #6156 );
#4692 = B_SPLINE_CURVE_WITH_KNOTS( '', 1, ( #6157, #6158 ), .UNSPECIFIED., .F., .F., ( 2, 2 ), ( 0.927729772191673, 1.00000000000000 ), .UNSPECIFIED. );
#4693 = VERTEX_POINT( '', #6159 );
#4694 = B_SPLINE_CURVE_WITH_KNOTS( '', 1, ( #6160, #6161 ), .UNSPECIFIED., .F., .F., ( 2, 2 ), ( 0.500000000000000, 0.927729772191673 ), .UNSPECIFIED. );
#4695 = VERTEX_POINT( '', #6162 );
#4696 = B_SPLINE_CURVE_WITH_KNOTS( '', 1, ( #6163, #6164 ), .UNSPECIFIED., .F., .F., ( 2, 2 ), ( 0.427729772191673, 0.500000000000000 ), .UNSPECIFIED. );
#4697 = B_SPLINE_CURVE_WITH_KNOTS( '', 1, ( #6165, #6166 ), .UNSPECIFIED., .F., .F., ( 2, 2 ), ( 0.000000000000000, 0.427729772191673 ), .UNSPECIFIED. );
#4698 = FILL_AREA_STYLE_COLOUR( '', #6167 );
#4699 = VERTEX_POINT( '', #6168 );
#4700 = VERTEX_POINT( '', #6169 );
#4701 = LINE( '', #6170, #6171 );
#4702 = VERTEX_POINT( '', #6172 );
#4703 = LINE( '', #6173, #6174 );
#4704 = VERTEX_POINT( '', #6175 );
#4705 = LINE( '', #6176, #6177 );
#4706 = LINE( '', #6178, #6179 );
#4707 = FILL_AREA_STYLE_COLOUR( '', #6180 );
#4708 = VERTEX_POINT( '', #6181 );
#4709 = B_SPLINE_CURVE_WITH_KNOTS( '', 3, ( #6182, #6183, #6184, #6185 ), .UNSPECIFIED., .F., .F., ( 4, 4 ), ( 0.218750134641717, 0.245767083541690 ), .UNSPECIFIED. );
#4710 = VERTEX_POINT( '', #6186 );
#4711 = B_SPLINE_CURVE_WITH_KNOTS( '', 3, ( #6187, #6188, #6189, #6190 ), .UNSPECIFIED., .F., .F., ( 4, 4 ), ( 0.218750134641717, 0.245767083541690 ), .UNSPECIFIED. );
#4712 = LINE( '', #6191, #6192 );
#4713 = FILL_AREA_STYLE_COLOUR( '', #6193 );
#4714 = VERTEX_POINT( '', #6194 );
#4715 = VERTEX_POINT( '', #6195 );
#4716 = LINE( '', #6196, #6197 );
#4717 = VERTEX_POINT( '', #6198 );
#4718 = LINE( '', #6199, #6200 );
#4719 = VERTEX_POINT( '', #6201 );
#4720 = LINE( '', #6202, #6203 );
#4721 = LINE( '', #6204, #6205 );
#4722 = FILL_AREA_STYLE_COLOUR( '', #6206 );
#4723 = VERTEX_POINT( '', #6207 );
#4724 = B_SPLINE_CURVE_WITH_KNOTS( '', 3, ( #6208, #6209, #6210, #6211 ), .UNSPECIFIED., .F., .F., ( 4, 4 ), ( 0.300000000000000, 0.400000000000000 ), .UNSPECIFIED. );
#4725 = VERTEX_POINT( '', #6212 );
#4726 = B_SPLINE_CURVE_WITH_KNOTS( '', 3, ( #6213, #6214, #6215, #6216 ), .UNSPECIFIED., .F., .F., ( 4, 4 ), ( 0.300000000000000, 0.400000000000000 ), .UNSPECIFIED. );
#4727 = LINE( '', #6217, #6218 );
#4728 = FILL_AREA_STYLE_COLOUR( '', #6219 );
#4729 = VERTEX_POINT( '', #6220 );
#4730 = VERTEX_POINT( '', #6221 );
#4731 = LINE( '', #6222, #6223 );
#4732 = VERTEX_POINT( '', #6224 );
#4733 = LINE( '', #6225, #6226 );
#4734 = VERTEX_POINT( '', #6227 );
#4735 = LINE( '', #6228, #6229 );
#4736 = LINE( '', #6230, #6231 );
#4737 = FILL_AREA_STYLE_COLOUR( '', #6232 );
#4738 = VERTEX_POINT( '', #6233 );
#4739 = B_SPLINE_CURVE_WITH_KNOTS( '', 3, ( #6234, #6235, #6236, #6237, #6238, #6239, #6240, #6241, #6242, #6243, #6244, #6245, #6246 ), .UNSPECIFIED., .T., .F., ( 4, 3, 3, 3, 4 ), ( 0.000000000000000, 0.250000000000000, 0.500000000000000, 0.750000000000000, 1.00000000000000 ), .UNSPECIFIED. );
#4740 = FILL_AREA_STYLE_COLOUR( '', #6247 );
#4741 = VERTEX_POINT( '', #6248 );
#4742 = VERTEX_POINT( '', #6249 );
#4743 = LINE( '', #6250, #6251 );
#4744 = VERTEX_POINT( '', #6252 );
#4745 = LINE( '', #6253, #6254 );
#4746 = VERTEX_POINT( '', #6255 );
#4747 = LINE( '', #6256, #6257 );
#4748 = LINE( '', #6258, #6259 );
#4749 = FILL_AREA_STYLE_COLOUR( '', #6260 );
#4750 = VERTEX_POINT( '', #6261 );
#4751 = VERTEX_POINT( '', #6262 );
#4752 = B_SPLINE_CURVE_WITH_KNOTS( '', 3, ( #6263, #6264, #6265, #6266 ), .UNSPECIFIED., .F., .F., ( 4, 4 ), ( 0.700000000000000, 0.800000000000000 ), .UNSPECIFIED. );
#4753 = VERTEX_POINT( '', #6267 );
#4754 = LINE( '', #6268, #6269 );
#4755 = VERTEX_POINT( '', #6270 );
#4756 = B_SPLINE_CURVE_WITH_KNOTS( '', 3, ( #6271, #6272, #6273, #6274 ), .UNSPECIFIED., .F., .F., ( 4, 4 ), ( 0.700000000000000, 0.800000000000000 ), .UNSPECIFIED. );
#4757 = LINE( '', #6275, #6276 );
#4758 = FILL_AREA_STYLE_COLOUR( '', #6277 );
#4759 = VERTEX_POINT( '', #6278 );
#4760 = B_SPLINE_CURVE_WITH_KNOTS( '', 1, ( #6279, #6280 ), .UNSPECIFIED., .F., .F., ( 2, 2 ), ( 0.877710978014512, 0.905269246612485 ), .UNSPECIFIED. );
#4761 = VERTEX_POINT( '', #6281 );
#4762 = LINE( '', #6282, #6283 );
#4763 = B_SPLINE_CURVE_WITH_KNOTS( '', 1, ( #6284, #6285 ), .UNSPECIFIED., .F., .F., ( 2, 2 ), ( 0.877710978014512, 0.905269246612485 ), .UNSPECIFIED. );
#4764 = FILL_AREA_STYLE_COLOUR( '', #6286 );
#4765 = VERTEX_POINT( '', #6287 );
#4766 = VERTEX_POINT( '', #6288 );
#4767 = B_SPLINE_CURVE_WITH_KNOTS( '', 1, ( #6289, #6290 ), .UNSPECIFIED., .F., .F., ( 2, 2 ), ( 0.487185045634990, 0.523999110772577 ), .UNSPECIFIED. );
#4768 = VERTEX_POINT( '', #6291 );
#4769 = LINE( '', #6292, #6293 );
#4770 = VERTEX_POINT( '', #6294 );
#4771 = B_SPLINE_CURVE_WITH_KNOTS( '', 1, ( #6295, #6296 ), .UNSPECIFIED., .F., .F., ( 2, 2 ), ( 0.487185045634990, 0.523999110772577 ), .UNSPECIFIED. );
#4772 = LINE( '', #6297, #6298 );
#4773 = FILL_AREA_STYLE_COLOUR( '', #6299 );
#4774 = VERTEX_POINT( '', #6300 );
#4775 = VERTEX_POINT( '', #6301 );
#4776 = B_SPLINE_CURVE_WITH_KNOTS( '', 1, ( #6302, #6303 ), .UNSPECIFIED., .F., .F., ( 2, 2 ), ( 0.500000000000000, 0.767088607594936 ), .UNSPECIFIED. );
#4777 = VERTEX_POINT( '', #6304 );
#4778 = LINE( '', #6305, #6306 );
#4779 = VERTEX_POINT( '', #6307 );
#4780 = B_SPLINE_CURVE_WITH_KNOTS( '', 1, ( #6308, #6309 ), .UNSPECIFIED., .F., .F., ( 2, 2 ), ( 0.500000000000000, 0.767088607594936 ), .UNSPECIFIED. );
#4781 = LINE( '', #6310, #6311 );
#4782 = FILL_AREA_STYLE_COLOUR( '', #6312 );
#4783 = VERTEX_POINT( '', #6313 );
#4784 = LINE( '', #6314, #6315 );
#4785 = VERTEX_POINT( '', #6316 );
#4786 = LINE( '', #6317, #6318 );
#4787 = LINE( '', #6319, #6320 );
#4788 = FILL_AREA_STYLE_COLOUR( '', #6321 );
#4789 = VERTEX_POINT( '', #6322 );
#4790 = VERTEX_POINT( '', #6323 );
#4791 = B_SPLINE_CURVE_WITH_KNOTS( '', 3, ( #6324, #6325, #6326, #6327 ), .UNSPECIFIED., .F., .F., ( 4, 4 ), ( 0.800000000000000, 0.900000000000000 ), .UNSPECIFIED. );
#4792 = VERTEX_POINT( '', #6328 );
#4793 = LINE( '', #6329, #6330 );
#4794 = VERTEX_POINT( '', #6331 );
#4795 = B_SPLINE_CURVE_WITH_KNOTS( '', 3, ( #6332, #6333, #6334, #6335 ), .UNSPECIFIED., .F., .F., ( 4, 4 ), ( 0.800000000000000, 0.900000000000000 ), .UNSPECIFIED. );
#4796 = LINE( '', #6336, #6337 );
#4797 = FILL_AREA_STYLE_COLOUR( '', #6338 );
#4798 = VERTEX_POINT( '', #6339 );
#4799 = B_SPLINE_CURVE_WITH_KNOTS( '', 3, ( #6340, #6341, #6342, #6343, #6344, #6345, #6346 ), .UNSPECIFIED., .F., .F., ( 4, 3, 4 ), ( 0.000000000000000, 0.100000000000000, 0.200000000000000 ), .UNSPECIFIED. );
#4800 = VERTEX_POINT( '', #6347 );
#4801 = LINE( '', #6348, #6349 );
#4802 = B_SPLINE_CURVE_WITH_KNOTS( '', 3, ( #6350, #6351, #6352, #6353, #6354, #6355, #6356 ), .UNSPECIFIED., .F., .F., ( 4, 3, 4 ), ( 0.000000000000000, 0.100000000000000, 0.200000000000000 ), .UNSPECIFIED. );
#4803 = FILL_AREA_STYLE_COLOUR( '', #6357 );
#4804 = VERTEX_POINT( '', #6358 );
#4805 = VERTEX_POINT( '', #6359 );
#4806 = B_SPLINE_CURVE_WITH_KNOTS( '', 3, ( #6360, #6361, #6362, #6363, #6364, #6365, #6366, #6367, #6368, #6369, #6370, #6371, #6372, #6373 ), .UNSPECIFIED., .F., .F., ( 4, 2, 2, 3, 3, 4 ), ( 0.497450324645707, 0.611814374763957, 0.726178424882207, 0.840542475000456, 0.957886565368742, 1.00000000000000 ), .UNSPECIFIED. );
#4807 = B_SPLINE_CURVE_WITH_KNOTS( '', 3, ( #6374, #6375, #6376, #6377, #6378, #6379, #6380, #6381, #6382, #6383, #6384, #6385, #6386, #6387, #6388 ), .UNSPECIFIED., .F., .F., ( 4, 3, 3, 3, 2, 4 ), ( 0.000000000000000, 0.192070068930128, 0.294393381873452, 0.353711497330155, 0.409804698233785, 0.497450324645707 ), .UNSPECIFIED. );
#4808 = VERTEX_POINT( '', #6389 );
#4809 = VERTEX_POINT( '', #6390 );
#4810 = B_SPLINE_CURVE_WITH_KNOTS( '', 3, ( #6391, #6392, #6393, #6394 ), .UNSPECIFIED., .F., .F., ( 4, 4 ), ( 0.973653901836818, 1.00000000000000 ), .UNSPECIFIED. );
#4811 = VERTEX_POINT( '', #6395 );
#4812 = B_SPLINE_CURVE_WITH_KNOTS( '', 3, ( #6396, #6397, #6398, #6399 ), .UNSPECIFIED., .F., .F., ( 4, 4 ), ( 0.938350690160087, 0.973653901836818 ), .UNSPECIFIED. );
#4813 = VERTEX_POINT( '', #6400 );
#4814 = B_SPLINE_CURVE_WITH_KNOTS( '', 3, ( #6401, #6402, #6403, #6404, #6405, #6406, #6407, #6408, #6409, #6410, #6411, #6412, #6413, #6414, #6415, #6416, #6417, #6418, #6419, #6420, #6421, #6422, #6423, #6424, #6425, #6426, #6427, #6428 ), .UNSPECIFIED., .F., .F., ( 4, 3, 3, 2, 2, 2, 3, 3, 3, 3, 4 ), ( 0.553415480859037, 0.591837508675408, 0.629046781297263, 0.665225484139925, 0.701404186982588, 0.737582889825251, 0.773761592667915, 0.805616457499947, 0.851753601437082, 0.912529489473367, 0.938350690160087 ), .UNSPECIFIED. );
#4815 = VERTEX_POINT( '', #6429 );
#4816 = B_SPLINE_CURVE_WITH_KNOTS( '', 3, ( #6430, #6431, #6432, #6433 ), .UNSPECIFIED., .F., .F., ( 4, 4 ), ( 0.519310668057314, 0.553415480859037 ), .UNSPECIFIED. );
#4817 = VERTEX_POINT( '', #6434 );
#4818 = B_SPLINE_CURVE_WITH_KNOTS( '', 3, ( #6435, #6436, #6437, #6438, #6439, #6440, #6441, #6442, #6443, #6444, #6445, #6446, #6447, #6448 ), .UNSPECIFIED., .F., .F., ( 4, 2, 3, 2, 3, 4 ), ( 0.362528169213019, 0.366057223032389, 0.403868513954221, 0.445363653380551, 0.483768729232579, 0.519310668057314 ), .UNSPECIFIED. );
#4819 = B_SPLINE_CURVE_WITH_KNOTS( '', 3, ( #6449, #6450, #6451, #6452, #6453, #6454, #6455, #6456, #6457, #6458, #6459, #6460, #6461, #6462, #6463, #6464, #6465, #6466, #6467, #6468, #6469, #6470, #6471, #6472, #6473, #6474 ), .UNSPECIFIED., .F., .F., ( 4, 3, 2, 3, 2, 3, 3, 3, 3, 4 ), ( 0.000000000000000, 0.0433889308325332, 0.0792593364791307, 0.138224386857099, 0.185912169798142, 0.213686373049520, 0.240658847146019, 0.268211704955663, 0.299497694161617, 0.362528169213019 ), .UNSPECIFIED. );
#4820 = FILL_AREA_STYLE_COLOUR( '', #6475 );
#4821 = VERTEX_POINT( '', #6476 );
#4822 = VERTEX_POINT( '', #6477 );
#4823 = B_SPLINE_CURVE_WITH_KNOTS( '', 3, ( #6478, #6479, #6480, #6481, #6482, #6483, #6484 ), .UNSPECIFIED., .F., .F., ( 4, 3, 4 ), ( 0.000000000000000, 0.100000000000000, 0.200000000000000 ), .UNSPECIFIED. );
#4824 = VERTEX_POINT( '', #6485 );
#4825 = LINE( '', #6486, #6487 );
#4826 = VERTEX_POINT( '', #6488 );
#4827 = B_SPLINE_CURVE_WITH_KNOTS( '', 3, ( #6489, #6490, #6491, #6492, #6493, #6494, #6495 ), .UNSPECIFIED., .F., .F., ( 4, 3, 4 ), ( 0.000000000000000, 0.100000000000000, 0.200000000000000 ), .UNSPECIFIED. );
#4828 = LINE( '', #6496, #6497 );
#4829 = FILL_AREA_STYLE_COLOUR( '', #6498 );
#4830 = VERTEX_POINT( '', #6499 );
#4831 = VERTEX_POINT( '', #6500 );
#4832 = LINE( '', #6501, #6502 );
#4833 = VERTEX_POINT( '', #6503 );
#4834 = LINE( '', #6504, #6505 );
#4835 = VERTEX_POINT( '', #6506 );
#4836 = LINE( '', #6507, #6508 );
#4837 = LINE( '', #6509, #6510 );
#4838 = FILL_AREA_STYLE_COLOUR( '', #6511 );
#4839 = VERTEX_POINT( '', #6512 );
#4840 = VERTEX_POINT( '', #6513 );
#4841 = B_SPLINE_CURVE_WITH_KNOTS( '', 3, ( #6514, #6515, #6516, #6517 ), .UNSPECIFIED., .F., .F., ( 4, 4 ), ( 0.947144434200416, 1.00000000000000 ), .UNSPECIFIED. );
#4842 = VERTEX_POINT( '', #6518 );
#4843 = B_SPLINE_CURVE_WITH_KNOTS( '', 3, ( #6519, #6520, #6521, #6522, #6523, #6524, #6525, #6526, #6527, #6528, #6529, #6530, #6531, #6532, #6533 ), .UNSPECIFIED., .F., .F., ( 4, 2, 3, 3, 3, 4 ), ( 0.610496873413852, 0.649807139161474, 0.684749597603804, 0.720464220066894, 0.783384391372682, 0.947144434200416 ), .UNSPECIFIED. );
#4844 = VERTEX_POINT( '', #6534 );
#4845 = B_SPLINE_CURVE_WITH_KNOTS( '', 3, ( #6535, #6536, #6537, #6538 ), .UNSPECIFIED., .F., .F., ( 4, 4 ), ( 0.557843869548252, 0.610496873413852 ), .UNSPECIFIED. );
#4846 = VERTEX_POINT( '', #6539 );
#4847 = B_SPLINE_CURVE_WITH_KNOTS( '', 3, ( #6540, #6541, #6542, #6543, #6544, #6545, #6546, #6547, #6548 ), .UNSPECIFIED., .F., .F., ( 4, 3, 2, 4 ), ( 0.407619825378315, 0.463311165288449, 0.502551155735914, 0.557843869548252 ), .UNSPECIFIED. );
#4848 = VERTEX_POINT( '', #6549 );
#4849 = B_SPLINE_CURVE_WITH_KNOTS( '', 3, ( #6550, #6551, #6552, #6553 ), .UNSPECIFIED., .F., .F., ( 4, 4 ), ( 0.360222171264557, 0.407619825378315 ), .UNSPECIFIED. );
#4850 = VERTEX_POINT( '', #6554 );
#4851 = B_SPLINE_CURVE_WITH_KNOTS( '', 3, ( #6555, #6556, #6557, #6558 ), .UNSPECIFIED., .F., .F., ( 4, 4 ), ( 0.312824517150800, 0.360222171264557 ), .UNSPECIFIED. );
#4852 = B_SPLINE_CURVE_WITH_KNOTS( '', 3, ( #6559, #6560, #6561, #6562 ), .UNSPECIFIED., .F., .F., ( 4, 4 ), ( 0.000000000000000, 0.312824517150800 ), .UNSPECIFIED. );
#4853 = FILL_AREA_STYLE_COLOUR( '', #6563 );
#4854 = VERTEX_POINT( '', #6564 );
#4855 = VERTEX_POINT( '', #6565 );
#4856 = B_SPLINE_CURVE_WITH_KNOTS( '', 3, ( #6566, #6567, #6568, #6569 ), .UNSPECIFIED., .F., .F., ( 4, 4 ), ( 0.400000000000000, 0.500000000000000 ), .UNSPECIFIED. );
#4857 = VERTEX_POINT( '', #6570 );
#4858 = LINE( '', #6571, #6572 );
#4859 = VERTEX_POINT( '', #6573 );
#4860 = B_SPLINE_CURVE_WITH_KNOTS( '', 3, ( #6574, #6575, #6576, #6577 ), .UNSPECIFIED., .F., .F., ( 4, 4 ), ( 0.400000000000000, 0.500000000000000 ), .UNSPECIFIED. );
#4861 = LINE( '', #6578, #6579 );
#4862 = FILL_AREA_STYLE_COLOUR( '', #6580 );
#4863 = VERTEX_POINT( '', #6581 );
#4864 = B_SPLINE_CURVE_WITH_KNOTS( '', 3, ( #6582, #6583, #6584, #6585, #6586, #6587, #6588, #6589, #6590, #6591, #6592, #6593, #6594, #6595, #6596, #6597, #6598, #6599, #6600, #6601, #6602, #6603 ), .UNSPECIFIED., .T., .F., ( 4, 3, 2, 3, 2, 3, 2, 3, 4 ), ( 0.000000000000000, 0.145725648599780, 0.253739848575261, 0.360498069481258, 0.506371984583446, 0.645994160466968, 0.753918182700976, 0.860557395146483, 1.00000000000000 ), .UNSPECIFIED. );
#4865 = FILL_AREA_STYLE_COLOUR( '', #6604 );
#4866 = VERTEX_POINT( '', #6605 );
#4867 = B_SPLINE_CURVE_WITH_KNOTS( '', 1, ( #6606, #6607 ), .UNSPECIFIED., .F., .F., ( 2, 2 ), ( 0.523999110772577, 0.613429065785516 ), .UNSPECIFIED. );
#4868 = VERTEX_POINT( '', #6608 );
#4869 = B_SPLINE_CURVE_WITH_KNOTS( '', 1, ( #6609, #6610 ), .UNSPECIFIED., .F., .F., ( 2, 2 ), ( 0.523999110772577, 0.613429065785516 ), .UNSPECIFIED. );
#4870 = LINE( '', #6611, #6612 );
#4871 = FILL_AREA_STYLE_COLOUR( '', #6613 );
#4872 = VERTEX_POINT( '', #6614 );
#4873 = VERTEX_POINT( '', #6615 );
#4874 = B_SPLINE_CURVE_WITH_KNOTS( '', 3, ( #6616, #6617, #6618, #6619, #6620, #6621, #6622, #6623, #6624, #6625, #6626, #6627, #6628, #6629 ), .UNSPECIFIED., .F., .F., ( 4, 2, 3, 2, 3, 4 ), ( 0.362528169213019, 0.366057223032389, 0.403868513954221, 0.445363653380551, 0.483768729232579, 0.519310668057314 ), .UNSPECIFIED. );
#4875 = LINE( '', #6630, #6631 );
#4876 = LINE( '', #6632, #6633 );
#4877 = FILL_AREA_STYLE_COLOUR( '', #6634 );
#4878 = B_SPLINE_CURVE_WITH_KNOTS( '', 3, ( #6635, #6636, #6637, #6638 ), .UNSPECIFIED., .F., .F., ( 4, 4 ), ( 0.520854609866117, 0.536841677257065 ), .UNSPECIFIED. );
#4879 = B_SPLINE_CURVE_WITH_KNOTS( '', 3, ( #6639, #6640, #6641, #6642 ), .UNSPECIFIED., .F., .F., ( 4, 4 ), ( 0.520854609866117, 0.536841677257065 ), .UNSPECIFIED. );
#4880 = FILL_AREA_STYLE_COLOUR( '', #6643 );
#4881 = VERTEX_POINT( '', #6644 );
#4882 = LINE( '', #6645, #6646 );
#4883 = VERTEX_POINT( '', #6647 );
#4884 = LINE( '', #6648, #6649 );
#4885 = LINE( '', #6650, #6651 );
#4886 = FILL_AREA_STYLE_COLOUR( '', #6652 );
#4887 = VERTEX_POINT( '', #6653 );
#4888 = VERTEX_POINT( '', #6654 );
#4889 = B_SPLINE_CURVE_WITH_KNOTS( '', 3, ( #6655, #6656, #6657, #6658 ), .UNSPECIFIED., .F., .F., ( 4, 4 ), ( 0.557843869548252, 0.610496873413852 ), .UNSPECIFIED. );
#4890 = LINE( '', #6659, #6660 );
#4891 = LINE( '', #6661, #6662 );
#4892 = FILL_AREA_STYLE_COLOUR( '', #6663 );
#4893 = VERTEX_POINT( '', #6664 );
#4894 = VERTEX_POINT( '', #6665 );
#4895 = B_SPLINE_CURVE_WITH_KNOTS( '', 1, ( #6666, #6667 ), .UNSPECIFIED., .F., .F., ( 2, 2 ), ( 0.000000000000000, 0.427729772191673 ), .UNSPECIFIED. );
#4896 = LINE( '', #6668, #6669 );
#4897 = LINE( '', #6670, #6671 );
#4898 = FILL_AREA_STYLE_COLOUR( '', #6672 );
#4899 = VERTEX_POINT( '', #6673 );
#4900 = B_SPLINE_CURVE_WITH_KNOTS( '', 3, ( #6674, #6675, #6676, #6677, #6678, #6679, #6680, #6681, #6682, #6683, #6684, #6685, #6686 ), .UNSPECIFIED., .T., .F., ( 4, 3, 3, 3, 4 ), ( 0.000000000000000, 0.250000000000000, 0.500000000000000, 0.750000000000000, 1.00000000000000 ), .UNSPECIFIED. );
#4901 = VERTEX_POINT( '', #6687 );
#4902 = B_SPLINE_CURVE_WITH_KNOTS( '', 3, ( #6688, #6689, #6690, #6691 ), .UNSPECIFIED., .F., .F., ( 4, 4 ), ( 0.900000000000000, 1.00000000000000 ), .UNSPECIFIED. );
#4903 = VERTEX_POINT( '', #6692 );
#4904 = B_SPLINE_CURVE_WITH_KNOTS( '', 3, ( #6693, #6694, #6695, #6696 ), .UNSPECIFIED., .F., .F., ( 4, 4 ), ( 0.800000000000000, 0.900000000000000 ), .UNSPECIFIED. );
#4905 = VERTEX_POINT( '', #6697 );
#4906 = B_SPLINE_CURVE_WITH_KNOTS( '', 3, ( #6698, #6699, #6700, #6701 ), .UNSPECIFIED., .F., .F., ( 4, 4 ), ( 0.700000000000000, 0.800000000000000 ), .UNSPECIFIED. );
#4907 = VERTEX_POINT( '', #6702 );
#4908 = B_SPLINE_CURVE_WITH_KNOTS( '', 3, ( #6703, #6704, #6705, #6706, #6707, #6708, #6709 ), .UNSPECIFIED., .F., .F., ( 4, 3, 4 ), ( 0.500000000000000, 0.600000000000000, 0.700000000000000 ), .UNSPECIFIED. );
#4909 = B_SPLINE_CURVE_WITH_KNOTS( '', 3, ( #6710, #6711, #6712, #6713 ), .UNSPECIFIED., .F., .F., ( 4, 4 ), ( 0.400000000000000, 0.500000000000000 ), .UNSPECIFIED. );
#4910 = B_SPLINE_CURVE_WITH_KNOTS( '', 3, ( #6714, #6715, #6716, #6717 ), .UNSPECIFIED., .F., .F., ( 4, 4 ), ( 0.200000000000000, 0.300000000000000 ), .UNSPECIFIED. );
#4911 = FILL_AREA_STYLE_COLOUR( '', #6718 );
#4912 = VERTEX_POINT( '', #6719 );
#4913 = VERTEX_POINT( '', #6720 );
#4914 = B_SPLINE_CURVE_WITH_KNOTS( '', 3, ( #6721, #6722, #6723, #6724 ), .UNSPECIFIED., .F., .F., ( 4, 4 ), ( 0.400000000000000, 0.500000000000000 ), .UNSPECIFIED. );
#4915 = VERTEX_POINT( '', #6725 );
#4916 = LINE( '', #6726, #6727 );
#4917 = VERTEX_POINT( '', #6728 );
#4918 = B_SPLINE_CURVE_WITH_KNOTS( '', 3, ( #6729, #6730, #6731, #6732 ), .UNSPECIFIED., .F., .F., ( 4, 4 ), ( 0.400000000000000, 0.500000000000000 ), .UNSPECIFIED. );
#4919 = LINE( '', #6733, #6734 );
#4920 = FILL_AREA_STYLE_COLOUR( '', #6735 );
#4921 = VERTEX_POINT( '', #6736 );
#4922 = B_SPLINE_CURVE_WITH_KNOTS( '', 3, ( #6737, #6738, #6739, #6740, #6741, #6742, #6743, #6744, #6745, #6746, #6747, #6748, #6749, #6750, #6751 ), .UNSPECIFIED., .F., .F., ( 4, 2, 3, 3, 3, 4 ), ( 0.610496873413852, 0.649807139161474, 0.684749597603804, 0.720464220066894, 0.783384391372682, 0.947144434200416 ), .UNSPECIFIED. );
#4923 = LINE( '', #6752, #6753 );
#4924 = FILL_AREA_STYLE_COLOUR( '', #6754 );
#4925 = VERTEX_POINT( '', #6755 );
#4926 = LINE( '', #6756, #6757 );
#4927 = VERTEX_POINT( '', #6758 );
#4928 = LINE( '', #6759, #6760 );
#4929 = LINE( '', #6761, #6762 );
#4930 = FILL_AREA_STYLE_COLOUR( '', #6763 );
#4931 = VERTEX_POINT( '', #6764 );
#4932 = LINE( '', #6765, #6766 );
#4933 = VERTEX_POINT( '', #6767 );
#4934 = LINE( '', #6768, #6769 );
#4935 = LINE( '', #6770, #6771 );
#4936 = FILL_AREA_STYLE_COLOUR( '', #6772 );
#4937 = VERTEX_POINT( '', #6773 );
#4938 = B_SPLINE_CURVE_WITH_KNOTS( '', 3, ( #6774, #6775, #6776, #6777, #6778, #6779, #6780 ), .UNSPECIFIED., .F., .F., ( 4, 3, 4 ), ( 0.500000000000000, 0.600000000000000, 0.700000000000000 ), .UNSPECIFIED. );
#4939 = VERTEX_POINT( '', #6781 );
#4940 = B_SPLINE_CURVE_WITH_KNOTS( '', 3, ( #6782, #6783, #6784, #6785, #6786, #6787, #6788 ), .UNSPECIFIED., .F., .F., ( 4, 3, 4 ), ( 0.500000000000000, 0.600000000000000, 0.700000000000000 ), .UNSPECIFIED. );
#4941 = LINE( '', #6789, #6790 );
#4942 = FILL_AREA_STYLE_COLOUR( '', #6791 );
#4943 = B_SPLINE_CURVE_WITH_KNOTS( '', 3, ( #6792, #6793, #6794, #6795 ), .UNSPECIFIED., .F., .F., ( 4, 4 ), ( 0.200000000000000, 0.300000000000000 ), .UNSPECIFIED. );
#4944 = FILL_AREA_STYLE_COLOUR( '', #6796 );
#4945 = VERTEX_POINT( '', #6797 );
#4946 = VERTEX_POINT( '', #6798 );
#4947 = LINE( '', #6799, #6800 );
#4948 = VERTEX_POINT( '', #6801 );
#4949 = LINE( '', #6802, #6803 );
#4950 = VERTEX_POINT( '', #6804 );
#4951 = LINE( '', #6805, #6806 );
#4952 = LINE( '', #6807, #6808 );
#4953 = FILL_AREA_STYLE_COLOUR( '', #6809 );
#4954 = VERTEX_POINT( '', #6810 );
#4955 = VERTEX_POINT( '', #6811 );
#4956 = LINE( '', #6812, #6813 );
#4957 = VERTEX_POINT( '', #6814 );
#4958 = LINE( '', #6815, #6816 );
#4959 = VERTEX_POINT( '', #6817 );
#4960 = LINE( '', #6818, #6819 );
#4961 = LINE( '', #6820, #6821 );
#4962 = FILL_AREA_STYLE_COLOUR( '', #6822 );
#4963 = VERTEX_POINT( '', #6823 );
#4964 = B_SPLINE_CURVE_WITH_KNOTS( '', 3, ( #6824, #6825, #6826, #6827, #6828, #6829, #6830 ), .UNSPECIFIED., .F., .F., ( 4, 3, 4 ), ( 0.000000000000000, 0.100000000000000, 0.200000000000000 ), .UNSPECIFIED. );
#4965 = VERTEX_POINT( '', #6831 );
#4966 = B_SPLINE_CURVE_WITH_KNOTS( '', 3, ( #6832, #6833, #6834, #6835, #6836, #6837, #6838 ), .UNSPECIFIED., .F., .F., ( 4, 3, 4 ), ( 0.000000000000000, 0.100000000000000, 0.200000000000000 ), .UNSPECIFIED. );
#4967 = LINE( '', #6839, #6840 );
#4968 = FILL_AREA_STYLE_COLOUR( '', #6841 );
#4969 = VERTEX_POINT( '', #6842 );
#4970 = LINE( '', #6843, #6844 );
#4971 = VERTEX_POINT( '', #6845 );
#4972 = LINE( '', #6846, #6847 );
#4973 = LINE( '', #6848, #6849 );
#4974 = FILL_AREA_STYLE_COLOUR( '', #6850 );
#4975 = VERTEX_POINT( '', #6851 );
#4976 = VERTEX_POINT( '', #6852 );
#4977 = LINE( '', #6853, #6854 );
#4978 = LINE( '', #6855, #6856 );
#4979 = LINE( '', #6857, #6858 );
#4980 = FILL_AREA_STYLE_COLOUR( '', #6859 );
#4981 = VERTEX_POINT( '', #6860 );
#4982 = B_SPLINE_CURVE_WITH_KNOTS( '', 3, ( #6861, #6862, #6863, #6864 ), .UNSPECIFIED., .F., .F., ( 4, 4 ), ( 0.967753964216161, 1.00000000000000 ), .UNSPECIFIED. );
#4983 = B_SPLINE_CURVE_WITH_KNOTS( '', 3, ( #6865, #6866, #6867, #6868 ), .UNSPECIFIED., .F., .F., ( 4, 4 ), ( 0.000000000000000, 0.189815853884326 ), .UNSPECIFIED. );
#4984 = VERTEX_POINT( '', #6869 );
#4985 = B_SPLINE_CURVE_WITH_KNOTS( '', 3, ( #6870, #6871, #6872, #6873, #6874, #6875, #6876, #6877, #6878, #6879, #6880, #6881, #6882, #6883, #6884, #6885, #6886, #6887 ), .UNSPECIFIED., .F., .F., ( 4, 2, 3, 3, 3, 3, 4 ), ( 0.245767083541690, 0.317813895968497, 0.349304555704718, 0.376551090352998, 0.402672518453466, 0.433961612401984, 0.550570672484398 ), .UNSPECIFIED. );
#4986 = B_SPLINE_CURVE_WITH_KNOTS( '', 3, ( #6888, #6889, #6890, #6891 ), .UNSPECIFIED., .F., .F., ( 4, 4 ), ( 0.550570672484398, 0.582642405372108 ), .UNSPECIFIED. );
#4987 = VERTEX_POINT( '', #6892 );
#4988 = B_SPLINE_CURVE_WITH_KNOTS( '', 1, ( #6893, #6894 ), .UNSPECIFIED., .F., .F., ( 2, 2 ), ( 0.767088607594936, 1.00000000000000 ), .UNSPECIFIED. );
#4989 = VERTEX_POINT( '', #6895 );
#4990 = B_SPLINE_CURVE_WITH_KNOTS( '', 1, ( #6896, #6897 ), .UNSPECIFIED., .F., .F., ( 2, 2 ), ( 0.000000000000000, 0.267088607594936 ), .UNSPECIFIED. );
#4991 = B_SPLINE_CURVE_WITH_KNOTS( '', 1, ( #6898, #6899 ), .UNSPECIFIED., .F., .F., ( 2, 2 ), ( 0.267088607594936, 0.500000000000000 ), .UNSPECIFIED. );
#4992 = VERTEX_POINT( '', #6900 );
#4993 = B_SPLINE_CURVE_WITH_KNOTS( '', 3, ( #6901, #6902, #6903, #6904 ), .UNSPECIFIED., .F., .F., ( 4, 4 ), ( 0.947144434200416, 1.00000000000000 ), .UNSPECIFIED. );
#4994 = VERTEX_POINT( '', #6905 );
#4995 = B_SPLINE_CURVE_WITH_KNOTS( '', 3, ( #6906, #6907, #6908, #6909 ), .UNSPECIFIED., .F., .F., ( 4, 4 ), ( 0.000000000000000, 0.312824517150800 ), .UNSPECIFIED. );
#4996 = VERTEX_POINT( '', #6910 );
#4997 = B_SPLINE_CURVE_WITH_KNOTS( '', 3, ( #6911, #6912, #6913, #6914 ), .UNSPECIFIED., .F., .F., ( 4, 4 ), ( 0.312824517150800, 0.360222171264557 ), .UNSPECIFIED. );
#4998 = VERTEX_POINT( '', #6915 );
#4999 = B_SPLINE_CURVE_WITH_KNOTS( '', 3, ( #6916, #6917, #6918, #6919 ), .UNSPECIFIED., .F., .F., ( 4, 4 ), ( 0.360222171264557, 0.407619825378315 ), .UNSPECIFIED. );
#5000 = B_SPLINE_CURVE_WITH_KNOTS( '', 3, ( #6920, #6921, #6922, #6923, #6924, #6925, #6926, #6927, #6928 ), .UNSPECIFIED., .F., .F., ( 4, 3, 2, 4 ), ( 0.407619825378315, 0.463311165288449, 0.502551155735914, 0.557843869548252 ), .UNSPECIFIED. );
#5001 = VERTEX_POINT( '', #6929 );
#5002 = VERTEX_POINT( '', #6930 );
#5003 = B_SPLINE_CURVE_WITH_KNOTS( '', 3, ( #6931, #6932, #6933, #6934 ), .UNSPECIFIED., .F., .F., ( 4, 4 ), ( 0.878150382735307, 0.984012932609051 ), .UNSPECIFIED. );
#5004 = B_SPLINE_CURVE_WITH_KNOTS( '', 3, ( #6935, #6936, #6937, #6938 ), .UNSPECIFIED., .F., .F., ( 4, 4 ), ( 0.984012932609051, 1.00000000000000 ), .UNSPECIFIED. );
#5005 = VERTEX_POINT( '', #6939 );
#5006 = B_SPLINE_CURVE_WITH_KNOTS( '', 3, ( #6940, #6941, #6942, #6943 ), .UNSPECIFIED., .F., .F., ( 4, 4 ), ( 0.124500322738840, 0.149267852012901 ), .UNSPECIFIED. );
#5007 = VERTEX_POINT( '', #6944 );
#5008 = B_SPLINE_CURVE_WITH_KNOTS( '', 3, ( #6945, #6946, #6947, #6948, #6949, #6950, #6951 ), .UNSPECIFIED., .F., .F., ( 4, 3, 4 ), ( 0.149267852012901, 0.242232609513676, 0.261565049315470 ), .UNSPECIFIED. );
#5009 = VERTEX_POINT( '', #6952 );
#5010 = B_SPLINE_CURVE_WITH_KNOTS( '', 3, ( #6953, #6954, #6955, #6956, #6957, #6958, #6959 ), .UNSPECIFIED., .F., .F., ( 4, 3, 4 ), ( 0.261565049315470, 0.282521531307130, 0.374154628781295 ), .UNSPECIFIED. );
#5011 = B_SPLINE_CURVE_WITH_KNOTS( '', 3, ( #6960, #6961, #6962, #6963 ), .UNSPECIFIED., .F., .F., ( 4, 4 ), ( 0.374154628781295, 0.396354287127276 ), .UNSPECIFIED. );
#5012 = B_SPLINE_CURVE_WITH_KNOTS( '', 3, ( #6964, #6965, #6966, #6967 ), .UNSPECIFIED., .F., .F., ( 4, 4 ), ( 0.641130370755535, 0.751522749248908 ), .UNSPECIFIED. );
#5013 = B_SPLINE_CURVE_WITH_KNOTS( '', 3, ( #6968, #6969, #6970, #6971 ), .UNSPECIFIED., .F., .F., ( 4, 4 ), ( 0.766350132994917, 0.878150382735307 ), .UNSPECIFIED. );
#5014 = LINE( '', #6972, #6973 );
#5015 = VERTEX_POINT( '', #6974 );
#5016 = LINE( '', #6975, #6976 );
#5017 = VERTEX_POINT( '', #6977 );
#5018 = LINE( '', #6978, #6979 );
#5019 = VERTEX_POINT( '', #6980 );
#5020 = LINE( '', #6981, #6982 );
#5021 = LINE( '', #6983, #6984 );
#5022 = VERTEX_POINT( '', #6985 );
#5023 = LINE( '', #6986, #6987 );
#5024 = LINE( '', #6988, #6989 );
#5025 = VERTEX_POINT( '', #6990 );
#5026 = LINE( '', #6991, #6992 );
#5027 = VERTEX_POINT( '', #6993 );
#5028 = LINE( '', #6994, #6995 );
#5029 = LINE( '', #6996, #6997 );
#5030 = LINE( '', #6998, #6999 );
#5031 = LINE( '', #7000, #7001 );
#5032 = B_SPLINE_CURVE_WITH_KNOTS( '', 3, ( #7002, #7003, #7004, #7005 ), .UNSPECIFIED., .F., .F., ( 4, 4 ), ( 0.900000000000000, 1.00000000000000 ), .UNSPECIFIED. );
#5033 = VERTEX_POINT( '', #7006 );
#5034 = B_SPLINE_CURVE_WITH_KNOTS( '', 3, ( #7007, #7008, #7009, #7010 ), .UNSPECIFIED., .F., .F., ( 4, 4 ), ( 0.400000000000000, 0.500000000000000 ), .UNSPECIFIED. );
#5035 = VERTEX_POINT( '', #7011 );
#5036 = B_SPLINE_CURVE_WITH_KNOTS( '', 3, ( #7012, #7013, #7014, #7015, #7016, #7017, #7018 ), .UNSPECIFIED., .F., .F., ( 4, 3, 4 ), ( 0.500000000000000, 0.600000000000000, 0.700000000000000 ), .UNSPECIFIED. );
#5037 = B_SPLINE_CURVE_WITH_KNOTS( '', 3, ( #7019, #7020, #7021, #7022 ), .UNSPECIFIED., .F., .F., ( 4, 4 ), ( 0.700000000000000, 0.800000000000000 ), .UNSPECIFIED. );
#5038 = VERTEX_POINT( '', #7023 );
#5039 = VERTEX_POINT( '', #7024 );
#5040 = B_SPLINE_CURVE_WITH_KNOTS( '', 3, ( #7025, #7026, #7027, #7028 ), .UNSPECIFIED., .F., .F., ( 4, 4 ), ( 0.900000000000000, 1.00000000000000 ), .UNSPECIFIED. );
#5041 = B_SPLINE_CURVE_WITH_KNOTS( '', 3, ( #7029, #7030, #7031, #7032, #7033, #7034, #7035 ), .UNSPECIFIED., .F., .F., ( 4, 3, 4 ), ( 0.000000000000000, 0.100000000000000, 0.200000000000000 ), .UNSPECIFIED. );
#5042 = B_SPLINE_CURVE_WITH_KNOTS( '', 3, ( #7036, #7037, #7038, #7039 ), .UNSPECIFIED., .F., .F., ( 4, 4 ), ( 0.300000000000000, 0.400000000000000 ), .UNSPECIFIED. );
#5043 = B_SPLINE_CURVE_WITH_KNOTS( '', 3, ( #7040, #7041, #7042, #7043, #7044, #7045, #7046 ), .UNSPECIFIED., .F., .F., ( 4, 3, 4 ), ( 0.500000000000000, 0.600000000000000, 0.700000000000000 ), .UNSPECIFIED. );
#5044 = B_SPLINE_CURVE_WITH_KNOTS( '', 3, ( #7047, #7048, #7049, #7050 ), .UNSPECIFIED., .F., .F., ( 4, 4 ), ( 0.800000000000000, 0.900000000000000 ), .UNSPECIFIED. );
#5045 = VERTEX_POINT( '', #7051 );
#5046 = VERTEX_POINT( '', #7052 );
#5047 = LINE( '', #7053, #7054 );
#5048 = VERTEX_POINT( '', #7055 );
#5049 = LINE( '', #7056, #7057 );
#5050 = VERTEX_POINT( '', #7058 );
#5051 = LINE( '', #7059, #7060 );
#5052 = LINE( '', #7061, #7062 );
#5053 = VERTEX_POINT( '', #7063 );
#5054 = B_SPLINE_CURVE_WITH_KNOTS( '', 3, ( #7064, #7065, #7066, #7067 ), .UNSPECIFIED., .F., .F., ( 4, 4 ), ( 0.900000000000000, 1.00000000000000 ), .UNSPECIFIED. );
#5055 = VERTEX_POINT( '', #7068 );
#5056 = B_SPLINE_CURVE_WITH_KNOTS( '', 3, ( #7069, #7070, #7071, #7072 ), .UNSPECIFIED., .F., .F., ( 4, 4 ), ( 0.400000000000000, 0.500000000000000 ), .UNSPECIFIED. );
#5057 = VERTEX_POINT( '', #7073 );
#5058 = B_SPLINE_CURVE_WITH_KNOTS( '', 3, ( #7074, #7075, #7076, #7077, #7078, #7079, #7080 ), .UNSPECIFIED., .F., .F., ( 4, 3, 4 ), ( 0.500000000000000, 0.600000000000000, 0.700000000000000 ), .UNSPECIFIED. );
#5059 = VERTEX_POINT( '', #7081 );
#5060 = B_SPLINE_CURVE_WITH_KNOTS( '', 3, ( #7082, #7083, #7084, #7085 ), .UNSPECIFIED., .F., .F., ( 4, 4 ), ( 0.700000000000000, 0.800000000000000 ), .UNSPECIFIED. );
#5061 = B_SPLINE_CURVE_WITH_KNOTS( '', 3, ( #7086, #7087, #7088, #7089 ), .UNSPECIFIED., .F., .F., ( 4, 4 ), ( 0.800000000000000, 0.900000000000000 ), .UNSPECIFIED. );
#5062 = VERTEX_POINT( '', #7090 );
#5063 = B_SPLINE_CURVE_WITH_KNOTS( '', 3, ( #7091, #7092, #7093, #7094, #7095, #7096, #7097 ), .UNSPECIFIED., .F., .F., ( 4, 3, 4 ), ( 0.000000000000000, 0.100000000000000, 0.200000000000000 ), .UNSPECIFIED. );
#5064 = B_SPLINE_CURVE_WITH_KNOTS( '', 3, ( #7098, #7099, #7100, #7101 ), .UNSPECIFIED., .F., .F., ( 4, 4 ), ( 0.200000000000000, 0.300000000000000 ), .UNSPECIFIED. );
#5065 = VERTEX_POINT( '', #7102 );
#5066 = B_SPLINE_CURVE_WITH_KNOTS( '', 3, ( #7103, #7104, #7105, #7106 ), .UNSPECIFIED., .F., .F., ( 4, 4 ), ( 0.400000000000000, 0.500000000000000 ), .UNSPECIFIED. );
#5067 = VERTEX_POINT( '', #7107 );
#5068 = B_SPLINE_CURVE_WITH_KNOTS( '', 3, ( #7108, #7109, #7110, #7111, #7112, #7113, #7114 ), .UNSPECIFIED., .F., .F., ( 4, 3, 4 ), ( 0.500000000000000, 0.600000000000000, 0.700000000000000 ), .UNSPECIFIED. );
#5069 = B_SPLINE_CURVE_WITH_KNOTS( '', 3, ( #7115, #7116, #7117, #7118 ), .UNSPECIFIED., .F., .F., ( 4, 4 ), ( 0.700000000000000, 0.800000000000000 ), .UNSPECIFIED. );
#5070 = VERTEX_POINT( '', #7119 );
#5071 = B_SPLINE_CURVE_WITH_KNOTS( '', 3, ( #7120, #7121, #7122, #7123 ), .UNSPECIFIED., .F., .F., ( 4, 4 ), ( 0.200000000000000, 0.300000000000000 ), .UNSPECIFIED. );
#5072 = B_SPLINE_CURVE_WITH_KNOTS( '', 3, ( #7124, #7125, #7126, #7127 ), .UNSPECIFIED., .F., .F., ( 4, 4 ), ( 0.300000000000000, 0.400000000000000 ), .UNSPECIFIED. );
#5073 = VERTEX_POINT( '', #7128 );
#5074 = B_SPLINE_CURVE_WITH_KNOTS( '', 3, ( #7129, #7130, #7131, #7132 ), .UNSPECIFIED., .F., .F., ( 4, 4 ), ( 0.700000000000000, 0.800000000000000 ), .UNSPECIFIED. );
#5075 = B_SPLINE_CURVE_WITH_KNOTS( '', 3, ( #7133, #7134, #7135, #7136 ), .UNSPECIFIED., .F., .F., ( 4, 4 ), ( 0.800000000000000, 0.900000000000000 ), .UNSPECIFIED. );
#5076 = VERTEX_POINT( '', #7137 );
#5077 = LINE( '', #7138, #7139 );
#5078 = VERTEX_POINT( '', #7140 );
#5079 = LINE( '', #7141, #7142 );
#5080 = LINE( '', #7143, #7144 );
#5081 = VERTEX_POINT( '', #7145 );
#5082 = LINE( '', #7146, #7147 );
#5083 = LINE( '', #7148, #7149 );
#5084 = VERTEX_POINT( '', #7150 );
#5085 = LINE( '', #7151, #7152 );
#5086 = LINE( '', #7153, #7154 );
#5087 = VERTEX_POINT( '', #7155 );
#5088 = LINE( '', #7156, #7157 );
#5089 = LINE( '', #7158, #7159 );
#5090 = LINE( '', #7160, #7161 );
#5091 = VERTEX_POINT( '', #7162 );
#5092 = VERTEX_POINT( '', #7163 );
#5093 = B_SPLINE_CURVE_WITH_KNOTS( '', 3, ( #7164, #7165, #7166, #7167 ), .UNSPECIFIED., .F., .F., ( 4, 4 ), ( 0.938350690160087, 0.973653901836818 ), .UNSPECIFIED. );
#5094 = VERTEX_POINT( '', #7168 );
#5095 = B_SPLINE_CURVE_WITH_KNOTS( '', 3, ( #7169, #7170, #7171, #7172 ), .UNSPECIFIED., .F., .F., ( 4, 4 ), ( 0.973653901836818, 1.00000000000000 ), .UNSPECIFIED. );
#5096 = B_SPLINE_CURVE_WITH_KNOTS( '', 3, ( #7173, #7174, #7175, #7176, #7177, #7178, #7179, #7180, #7181, #7182, #7183, #7184, #7185, #7186, #7187, #7188, #7189, #7190, #7191, #7192, #7193, #7194, #7195, #7196, #7197, #7198 ), .UNSPECIFIED., .F., .F., ( 4, 3, 2, 3, 2, 3, 3, 3, 3, 4 ), ( 0.000000000000000, 0.0433889308325332, 0.0792593364791307, 0.138224386857099, 0.185912169798142, 0.213686373049520, 0.240658847146019, 0.268211704955663, 0.299497694161617, 0.362528169213019 ), .UNSPECIFIED. );
#5097 = VERTEX_POINT( '', #7199 );
#5098 = B_SPLINE_CURVE_WITH_KNOTS( '', 3, ( #7200, #7201, #7202, #7203 ), .UNSPECIFIED., .F., .F., ( 4, 4 ), ( 0.519310668057314, 0.553415480859037 ), .UNSPECIFIED. );
#5099 = B_SPLINE_CURVE_WITH_KNOTS( '', 3, ( #7204, #7205, #7206, #7207, #7208, #7209, #7210, #7211, #7212, #7213, #7214, #7215, #7216, #7217, #7218, #7219, #7220, #7221, #7222, #7223, #7224, #7225, #7226, #7227, #7228, #7229, #7230, #7231 ), .UNSPECIFIED., .F., .F., ( 4, 3, 3, 2, 2, 2, 3, 3, 3, 3, 4 ), ( 0.553415480859037, 0.591837508675408, 0.629046781297263, 0.665225484139925, 0.701404186982588, 0.737582889825251, 0.773761592667915, 0.805616457499947, 0.851753601437082, 0.912529489473367, 0.938350690160087 ), .UNSPECIFIED. );
#5100 = B_SPLINE_CURVE_WITH_KNOTS( '', 1, ( #7232, #7233 ), .UNSPECIFIED., .F., .F., ( 2, 2 ), ( 0.971657790856418, 1.00000000000000 ), .UNSPECIFIED. );
#5101 = B_SPLINE_CURVE_WITH_KNOTS( '', 1, ( #7234, #7235 ), .UNSPECIFIED., .F., .F., ( 2, 2 ), ( 0.391553780668395, 0.487185045634990 ), .UNSPECIFIED. );
#5102 = VERTEX_POINT( '', #7236 );
#5103 = B_SPLINE_CURVE_WITH_KNOTS( '', 1, ( #7237, #7238 ), .UNSPECIFIED., .F., .F., ( 2, 2 ), ( 0.613429065785516, 0.740311833268211 ), .UNSPECIFIED. );
#5104 = VERTEX_POINT( '', #7239 );
#5105 = B_SPLINE_CURVE_WITH_KNOTS( '', 1, ( #7240, #7241 ), .UNSPECIFIED., .F., .F., ( 2, 2 ), ( 0.740311833268211, 0.775431527206997 ), .UNSPECIFIED. );
#5106 = B_SPLINE_CURVE_WITH_KNOTS( '', 1, ( #7242, #7243 ), .UNSPECIFIED., .F., .F., ( 2, 2 ), ( 0.775431527206997, 0.877710978014512 ), .UNSPECIFIED. );
#5107 = VERTEX_POINT( '', #7244 );
#5108 = VERTEX_POINT( '', #7245 );
#5109 = B_SPLINE_CURVE_WITH_KNOTS( '', 1, ( #7246, #7247 ), .UNSPECIFIED., .F., .F., ( 2, 2 ), ( 0.500000000000000, 0.927729772191673 ), .UNSPECIFIED. );
#5110 = B_SPLINE_CURVE_WITH_KNOTS( '', 1, ( #7248, #7249 ), .UNSPECIFIED., .F., .F., ( 2, 2 ), ( 0.927729772191673, 1.00000000000000 ), .UNSPECIFIED. );
#5111 = B_SPLINE_CURVE_WITH_KNOTS( '', 1, ( #7250, #7251 ), .UNSPECIFIED., .F., .F., ( 2, 2 ), ( 0.427729772191673, 0.500000000000000 ), .UNSPECIFIED. );
#5112 = VERTEX_POINT( '', #7252 );
#5113 = VERTEX_POINT( '', #7253 );
#5114 = B_SPLINE_CURVE_WITH_KNOTS( '', 3, ( #7254, #7255, #7256, #7257 ), .UNSPECIFIED., .F., .F., ( 4, 4 ), ( 0.579904927823492, 0.606720106537831 ), .UNSPECIFIED. );
#5115 = VERTEX_POINT( '', #7258 );
#5116 = B_SPLINE_CURVE_WITH_KNOTS( '', 3, ( #7259, #7260, #7261, #7262, #7263, #7264, #7265, #7266, #7267, #7268, #7269, #7270, #7271, #7272, #7273, #7274, #7275 ), .UNSPECIFIED., .F., .F., ( 4, 3, 3, 3, 2, 2, 4 ), ( 0.606720106537831, 0.756917030169936, 0.815557044737275, 0.853399998535366, 0.896704606014080, 0.948352303007040, 1.00000000000000 ), .UNSPECIFIED. );
#5117 = VERTEX_POINT( '', #7276 );
#5118 = B_SPLINE_CURVE_WITH_KNOTS( '', 3, ( #7277, #7278, #7279, #7280 ), .UNSPECIFIED., .F., .F., ( 4, 4 ), ( 0.000000000000000, 0.0288265999323133 ), .UNSPECIFIED. );
#5119 = VERTEX_POINT( '', #7281 );
#5120 = B_SPLINE_CURVE_WITH_KNOTS( '', 3, ( #7282, #7283, #7284, #7285, #7286, #7287, #7288, #7289, #7290, #7291, #7292, #7293, #7294, #7295, #7296 ), .UNSPECIFIED., .F., .F., ( 4, 3, 2, 3, 3, 4 ), ( 0.0288265999323133, 0.0516727188448847, 0.0829996027516194, 0.116676002951360, 0.144691390818840, 0.182812365804201 ), .UNSPECIFIED. );
#5121 = VERTEX_POINT( '', #7297 );
#5122 = B_SPLINE_CURVE_WITH_KNOTS( '', 3, ( #7298, #7299, #7300, #7301, #7302, #7303, #7304, #7305, #7306, #7307, #7308, #7309, #7310, #7311, #7312, #7313, #7314, #7315, #7316 ), .UNSPECIFIED., .F., .F., ( 4, 2, 3, 2, 3, 3, 2, 4 ), ( 0.182812365804201, 0.235961726471821, 0.301849363663083, 0.368915956853649, 0.415107517726622, 0.457360045979293, 0.501038584972397, 0.558676244674639 ), .UNSPECIFIED. );
#5123 = B_SPLINE_CURVE_WITH_KNOTS( '', 3, ( #7317, #7318, #7319, #7320 ), .UNSPECIFIED., .F., .F., ( 4, 4 ), ( 0.558676244674639, 0.579904927823492 ), .UNSPECIFIED. );
#5124 = FILL_AREA_STYLE_COLOUR( '', #7321 );
#5125 = LINE( '', #7322, #7323 );
#5126 = FILL_AREA_STYLE_COLOUR( '', #7324 );
#5127 = LINE( '', #7325, #7326 );
#5128 = FILL_AREA_STYLE_COLOUR( '', #7327 );
#5129 = VERTEX_POINT( '', #7328 );
#5130 = LINE( '', #7329, #7330 );
#5131 = LINE( '', #7331, #7332 );
#5132 = FILL_AREA_STYLE_COLOUR( '', #7333 );
#5133 = VERTEX_POINT( '', #7334 );
#5134 = LINE( '', #7335, #7336 );
#5135 = LINE( '', #7337, #7338 );
#5136 = FILL_AREA_STYLE_COLOUR( '', #7339 );
#5137 = VERTEX_POINT( '', #7340 );
#5138 = B_SPLINE_CURVE_WITH_KNOTS( '', 3, ( #7341, #7342, #7343, #7344, #7345, #7346, #7347 ), .UNSPECIFIED., .F., .F., ( 4, 3, 4 ), ( 0.000000000000000, 0.100000000000000, 0.200000000000000 ), .UNSPECIFIED. );
#5139 = LINE( '', #7348, #7349 );
#5140 = FILL_AREA_STYLE_COLOUR( '', #7350 );
#5141 = LINE( '', #7351, #7352 );
#5142 = LINE( '', #7353, #7354 );
#5143 = FILL_AREA_STYLE_COLOUR( '', #7355 );
#5144 = LINE( '', #7356, #7357 );
#5145 = FILL_AREA_STYLE_COLOUR( '', #7358 );
#5146 = VERTEX_POINT( '', #7359 );
#5147 = LINE( '', #7360, #7361 );
#5148 = VERTEX_POINT( '', #7362 );
#5149 = B_SPLINE_CURVE_WITH_KNOTS( '', 3, ( #7363, #7364, #7365, #7366, #7367, #7368, #7369, #7370, #7371, #7372, #7373, #7374, #7375, #7376, #7377 ), .UNSPECIFIED., .F., .F., ( 4, 3, 2, 3, 3, 4 ), ( 0.0288265999323133, 0.0516727188448847, 0.0829996027516194, 0.116676002951360, 0.144691390818840, 0.182812365804201 ), .UNSPECIFIED. );
#5150 = LINE( '', #7378, #7379 );
#5151 = FILL_AREA_STYLE_COLOUR( '', #7380 );
#5152 = LINE( '', #7381, #7382 );
#5153 = LINE( '', #7383, #7384 );
#5154 = FILL_AREA_STYLE_COLOUR( '', #7385 );
#5155 = VERTEX_POINT( '', #7386 );
#5156 = LINE( '', #7387, #7388 );
#5157 = VERTEX_POINT( '', #7389 );
#5158 = B_SPLINE_CURVE_WITH_KNOTS( '', 3, ( #7390, #7391, #7392, #7393, #7394, #7395, #7396 ), .UNSPECIFIED., .F., .F., ( 4, 3, 4 ), ( 0.149267852012901, 0.242232609513676, 0.261565049315470 ), .UNSPECIFIED. );
#5159 = LINE( '', #7397, #7398 );
#5160 = FILL_AREA_STYLE_COLOUR( '', #7399 );
#5161 = VERTEX_POINT( '', #7400 );
#5162 = B_SPLINE_CURVE_WITH_KNOTS( '', 3, ( #7401, #7402, #7403, #7404, #7405, #7406, #7407, #7408, #7409, #7410, #7411, #7412, #7413 ), .UNSPECIFIED., .T., .F., ( 4, 3, 3, 3, 4 ), ( 0.000000000000000, 0.250000000000000, 0.500000000000000, 0.750000000000000, 1.00000000000000 ), .UNSPECIFIED. );
#5163 = VERTEX_POINT( '', #7414 );
#5164 = B_SPLINE_CURVE_WITH_KNOTS( '', 3, ( #7415, #7416, #7417, #7418, #7419, #7420, #7421, #7422, #7423, #7424, #7425, #7426, #7427 ), .UNSPECIFIED., .T., .F., ( 4, 3, 3, 3, 4 ), ( 0.000000000000000, 0.250000000000000, 0.500000000000000, 0.750000000000000, 1.00000000000000 ), .UNSPECIFIED. );
#5165 = FILL_AREA_STYLE_COLOUR( '', #7428 );
#5166 = VERTEX_POINT( '', #7429 );
#5167 = B_SPLINE_CURVE_WITH_KNOTS( '', 3, ( #7430, #7431, #7432, #7433, #7434, #7435, #7436, #7437, #7438, #7439, #7440, #7441, #7442 ), .UNSPECIFIED., .T., .F., ( 4, 3, 3, 3, 4 ), ( 0.000000000000000, 0.250000000000000, 0.500000000000000, 0.750000000000000, 1.00000000000000 ), .UNSPECIFIED. );
#5168 = FILL_AREA_STYLE_COLOUR( '', #7443 );
#5169 = VERTEX_POINT( '', #7444 );
#5170 = LINE( '', #7445, #7446 );
#5171 = B_SPLINE_CURVE_WITH_KNOTS( '', 3, ( #7447, #7448, #7449, #7450 ), .UNSPECIFIED., .F., .F., ( 4, 4 ), ( 0.550570672484398, 0.582642405372108 ), .UNSPECIFIED. );
#5172 = FILL_AREA_STYLE_COLOUR( '', #7451 );
#5173 = VERTEX_POINT( '', #7452 );
#5174 = B_SPLINE_CURVE_WITH_KNOTS( '', 3, ( #7453, #7454, #7455, #7456, #7457, #7458, #7459, #7460, #7461, #7462, #7463, #7464, #7465 ), .UNSPECIFIED., .T., .F., ( 4, 3, 3, 3, 4 ), ( 0.000000000000000, 0.250000000000000, 0.500000000000000, 0.750000000000000, 1.00000000000000 ), .UNSPECIFIED. );
#5175 = B_SPLINE_CURVE_WITH_KNOTS( '', 3, ( #7466, #7467, #7468, #7469 ), .UNSPECIFIED., .F., .F., ( 4, 4 ), ( 0.900000000000000, 1.00000000000000 ), .UNSPECIFIED. );
#5176 = VERTEX_POINT( '', #7470 );
#5177 = B_SPLINE_CURVE_WITH_KNOTS( '', 3, ( #7471, #7472, #7473, #7474 ), .UNSPECIFIED., .F., .F., ( 4, 4 ), ( 0.700000000000000, 0.800000000000000 ), .UNSPECIFIED. );
#5178 = VERTEX_POINT( '', #7475 );
#5179 = B_SPLINE_CURVE_WITH_KNOTS( '', 3, ( #7476, #7477, #7478, #7479, #7480, #7481, #7482 ), .UNSPECIFIED., .F., .F., ( 4, 3, 4 ), ( 0.500000000000000, 0.600000000000000, 0.700000000000000 ), .UNSPECIFIED. );
#5180 = B_SPLINE_CURVE_WITH_KNOTS( '', 3, ( #7483, #7484, #7485, #7486 ), .UNSPECIFIED., .F., .F., ( 4, 4 ), ( 0.400000000000000, 0.500000000000000 ), .UNSPECIFIED. );
#5181 = FILL_AREA_STYLE_COLOUR( '', #7487 );
#5182 = VERTEX_POINT( '', #7488 );
#5183 = B_SPLINE_CURVE_WITH_KNOTS( '', 3, ( #7489, #7490, #7491, #7492, #7493, #7494, #7495, #7496, #7497, #7498, #7499, #7500, #7501 ), .UNSPECIFIED., .T., .F., ( 4, 3, 3, 3, 4 ), ( 0.000000000000000, 0.250000000000000, 0.500000000000000, 0.750000000000000, 1.00000000000000 ), .UNSPECIFIED. );
#5184 = FILL_AREA_STYLE_COLOUR( '', #7502 );
#5185 = LINE( '', #7503, #7504 );
#5186 = FILL_AREA_STYLE_COLOUR( '', #7505 );
#5187 = VERTEX_POINT( '', #7506 );
#5188 = LINE( '', #7507, #7508 );
#5189 = VERTEX_POINT( '', #7509 );
#5190 = B_SPLINE_CURVE_WITH_KNOTS( '', 3, ( #7510, #7511, #7512, #7513 ), .UNSPECIFIED., .F., .F., ( 4, 4 ), ( 0.900000000000000, 1.00000000000000 ), .UNSPECIFIED. );
#5191 = LINE( '', #7514, #7515 );
#5192 = FILL_AREA_STYLE_COLOUR( '', #7516 );
#5193 = VERTEX_POINT( '', #7517 );
#5194 = LINE( '', #7518, #7519 );
#5195 = VERTEX_POINT( '', #7520 );
#5196 = B_SPLINE_CURVE_WITH_KNOTS( '', 3, ( #7521, #7522, #7523, #7524 ), .UNSPECIFIED., .F., .F., ( 4, 4 ), ( 0.558676244674639, 0.579904927823492 ), .UNSPECIFIED. );
#5197 = LINE( '', #7525, #7526 );
#5198 = FILL_AREA_STYLE_COLOUR( '', #7527 );
#5199 = VERTEX_POINT( '', #7528 );
#5200 = B_SPLINE_CURVE_WITH_KNOTS( '', 3, ( #7529, #7530, #7531, #7532 ), .UNSPECIFIED., .F., .F., ( 4, 4 ), ( 0.800000000000000, 0.900000000000000 ), .UNSPECIFIED. );
#5201 = B_SPLINE_CURVE_WITH_KNOTS( '', 3, ( #7533, #7534, #7535, #7536 ), .UNSPECIFIED., .F., .F., ( 4, 4 ), ( 0.700000000000000, 0.800000000000000 ), .UNSPECIFIED. );
#5202 = VERTEX_POINT( '', #7537 );
#5203 = B_SPLINE_CURVE_WITH_KNOTS( '', 3, ( #7538, #7539, #7540, #7541 ), .UNSPECIFIED., .F., .F., ( 4, 4 ), ( 0.300000000000000, 0.400000000000000 ), .UNSPECIFIED. );
#5204 = B_SPLINE_CURVE_WITH_KNOTS( '', 3, ( #7542, #7543, #7544, #7545 ), .UNSPECIFIED., .F., .F., ( 4, 4 ), ( 0.200000000000000, 0.300000000000000 ), .UNSPECIFIED. );
#5205 = FILL_AREA_STYLE_COLOUR( '', #7546 );
#5206 = VERTEX_POINT( '', #7547 );
#5207 = B_SPLINE_CURVE_WITH_KNOTS( '', 3, ( #7548, #7549, #7550, #7551 ), .UNSPECIFIED., .F., .F., ( 4, 4 ), ( 0.967753964216161, 1.00000000000000 ), .UNSPECIFIED. );
#5208 = B_SPLINE_CURVE_WITH_KNOTS( '', 3, ( #7552, #7553, #7554, #7555, #7556, #7557, #7558, #7559, #7560, #7561, #7562, #7563, #7564, #7565, #7566, #7567, #7568, #7569 ), .UNSPECIFIED., .F., .F., ( 4, 2, 3, 3, 3, 3, 4 ), ( 0.245767083541690, 0.317813895968497, 0.349304555704718, 0.376551090352998, 0.402672518453466, 0.433961612401984, 0.550570672484398 ), .UNSPECIFIED. );
#5209 = B_SPLINE_CURVE_WITH_KNOTS( '', 3, ( #7570, #7571, #7572, #7573 ), .UNSPECIFIED., .F., .F., ( 4, 4 ), ( 0.000000000000000, 0.189815853884326 ), .UNSPECIFIED. );
#5210 = FILL_AREA_STYLE_COLOUR( '', #7574 );
#5211 = B_SPLINE_CURVE_WITH_KNOTS( '', 1, ( #7575, #7576 ), .UNSPECIFIED., .F., .F., ( 2, 2 ), ( 0.971657790856418, 1.00000000000000 ), .UNSPECIFIED. );
#5212 = FILL_AREA_STYLE_COLOUR( '', #7577 );
#5213 = LINE( '', #7578, #7579 );
#5214 = FILL_AREA_STYLE_COLOUR( '', #7580 );
#5215 = VERTEX_POINT( '', #7581 );
#5216 = VERTEX_POINT( '', #7582 );
#5217 = LINE( '', #7583, #7584 );
#5218 = LINE( '', #7585, #7586 );
#5219 = LINE( '', #7587, #7588 );
#5220 = FILL_AREA_STYLE_COLOUR( '', #7589 );
#5221 = VERTEX_POINT( '', #7590 );
#5222 = VERTEX_POINT( '', #7591 );
#5223 = B_SPLINE_CURVE_WITH_KNOTS( '', 3, ( #7592, #7593, #7594, #7595, #7596, #7597, #7598, #7599, #7600, #7601, #7602, #7603, #7604, #7605, #7606, #7607, #7608 ), .UNSPECIFIED., .F., .F., ( 4, 3, 3, 3, 2, 2, 4 ), ( 0.606720106537831, 0.756917030169936, 0.815557044737275, 0.853399998535366, 0.896704606014080, 0.948352303007040, 1.00000000000000 ), .UNSPECIFIED. );
#5224 = B_SPLINE_CURVE_WITH_KNOTS( '', 3, ( #7609, #7610, #7611, #7612 ), .UNSPECIFIED., .F., .F., ( 4, 4 ), ( 0.579904927823492, 0.606720106537831 ), .UNSPECIFIED. );
#5225 = B_SPLINE_CURVE_WITH_KNOTS( '', 3, ( #7613, #7614, #7615, #7616, #7617, #7618, #7619, #7620, #7621, #7622, #7623, #7624, #7625, #7626, #7627, #7628, #7629, #7630, #7631 ), .UNSPECIFIED., .F., .F., ( 4, 2, 3, 2, 3, 3, 2, 4 ), ( 0.182812365804201, 0.235961726471821, 0.301849363663083, 0.368915956853649, 0.415107517726622, 0.457360045979293, 0.501038584972397, 0.558676244674639 ), .UNSPECIFIED. );
#5226 = B_SPLINE_CURVE_WITH_KNOTS( '', 3, ( #7632, #7633, #7634, #7635 ), .UNSPECIFIED., .F., .F., ( 4, 4 ), ( 0.000000000000000, 0.0288265999323133 ), .UNSPECIFIED. );
#5227 = FILL_AREA_STYLE_COLOUR( '', #7636 );
#5228 = VERTEX_POINT( '', #7637 );
#5229 = LINE( '', #7638, #7639 );
#5230 = B_SPLINE_CURVE_WITH_KNOTS( '', 3, ( #7640, #7641, #7642, #7643 ), .UNSPECIFIED., .F., .F., ( 4, 4 ), ( 0.374154628781295, 0.396354287127276 ), .UNSPECIFIED. );
#5231 = FILL_AREA_STYLE_COLOUR( '', #7644 );
#5232 = LINE( '', #7645, #7646 );
#5233 = FILL_AREA_STYLE_COLOUR( '', #7647 );
#5234 = B_SPLINE_CURVE_WITH_KNOTS( '', 1, ( #7648, #7649 ), .UNSPECIFIED., .F., .F., ( 2, 2 ), ( 0.391553780668395, 0.487185045634990 ), .UNSPECIFIED. );
#5235 = FILL_AREA_STYLE_COLOUR( '', #7650 );
#5236 = LINE( '', #7651, #7652 );
#5237 = LINE( '', #7653, #7654 );
#5238 = FILL_AREA_STYLE_COLOUR( '', #7655 );
#5239 = FILL_AREA_STYLE_COLOUR( '', #7656 );
#5240 = B_SPLINE_CURVE_WITH_KNOTS( '', 3, ( #7657, #7658, #7659, #7660, #7661, #7662, #7663 ), .UNSPECIFIED., .F., .F., ( 4, 3, 4 ), ( 0.000000000000000, 0.100000000000000, 0.200000000000000 ), .UNSPECIFIED. );
#5241 = FILL_AREA_STYLE_COLOUR( '', #7664 );
#5242 = VERTEX_POINT( '', #7665 );
#5243 = LINE( '', #7666, #7667 );
#5244 = VERTEX_POINT( '', #7668 );
#5245 = LINE( '', #7669, #7670 );
#5246 = LINE( '', #7671, #7672 );
#5247 = FILL_AREA_STYLE_COLOUR( '', #7673 );
#5248 = VERTEX_POINT( '', #7674 );
#5249 = LINE( '', #7675, #7676 );
#5250 = LINE( '', #7677, #7678 );
#5251 = FILL_AREA_STYLE_COLOUR( '', #7679 );
#5252 = LINE( '', #7680, #7681 );
#5253 = FILL_AREA_STYLE_COLOUR( '', #7682 );
#5254 = LINE( '', #7683, #7684 );
#5255 = FILL_AREA_STYLE_COLOUR( '', #7685 );
#5256 = FILL_AREA_STYLE_COLOUR( '', #7686 );
#5257 = LINE( '', #7687, #7688 );
#5258 = FILL_AREA_STYLE_COLOUR( '', #7689 );
#5259 = B_SPLINE_CURVE_WITH_KNOTS( '', 3, ( #7690, #7691, #7692, #7693, #7694, #7695, #7696 ), .UNSPECIFIED., .F., .F., ( 4, 3, 4 ), ( 0.261565049315470, 0.282521531307130, 0.374154628781295 ), .UNSPECIFIED. );
#5260 = FILL_AREA_STYLE_COLOUR( '', #7697 );
#5261 = VERTEX_POINT( '', #7698 );
#5262 = LINE( '', #7699, #7700 );
#5263 = LINE( '', #7701, #7702 );
#5264 = FILL_AREA_STYLE_COLOUR( '', #7703 );
#5265 = VERTEX_POINT( '', #7704 );
#5266 = LINE( '', #7705, #7706 );
#5267 = LINE( '', #7707, #7708 );
#5268 = FILL_AREA_STYLE_COLOUR( '', #7709 );
#5269 = B_SPLINE_CURVE_WITH_KNOTS( '', 3, ( #7710, #7711, #7712, #7713 ), .UNSPECIFIED., .F., .F., ( 4, 4 ), ( 0.641130370755535, 0.751522749248908 ), .UNSPECIFIED. );
#5270 = FILL_AREA_STYLE_COLOUR( '', #7714 );
#5271 = VERTEX_POINT( '', #7715 );
#5272 = LINE( '', #7716, #7717 );
#5273 = VERTEX_POINT( '', #7718 );
#5274 = B_SPLINE_CURVE_WITH_KNOTS( '', 3, ( #7719, #7720, #7721, #7722, #7723, #7724, #7725 ), .UNSPECIFIED., .F., .F., ( 4, 3, 4 ), ( 0.500000000000000, 0.600000000000000, 0.700000000000000 ), .UNSPECIFIED. );
#5275 = LINE( '', #7726, #7727 );
#5276 = FILL_AREA_STYLE_COLOUR( '', #7728 );
#5277 = VERTEX_POINT( '', #7729 );
#5278 = LINE( '', #7730, #7731 );
#5279 = B_SPLINE_CURVE_WITH_KNOTS( '', 3, ( #7732, #7733, #7734, #7735 ), .UNSPECIFIED., .F., .F., ( 4, 4 ), ( 0.984012932609051, 1.00000000000000 ), .UNSPECIFIED. );
#5280 = FILL_AREA_STYLE_COLOUR( '', #7736 );
#5281 = LINE( '', #7737, #7738 );
#5282 = FILL_AREA_STYLE_COLOUR( '', #7739 );
#5283 = LINE( '', #7740, #7741 );
#5284 = LINE( '', #7742, #7743 );
#5285 = FILL_AREA_STYLE_COLOUR( '', #7744 );
#5286 = FILL_AREA_STYLE_COLOUR( '', #7745 );
#5287 = FILL_AREA_STYLE_COLOUR( '', #7746 );
#5288 = LINE( '', #7747, #7748 );
#5289 = FILL_AREA_STYLE_COLOUR( '', #7749 );
#5290 = VERTEX_POINT( '', #7750 );
#5291 = LINE( '', #7751, #7752 );
#5292 = LINE( '', #7753, #7754 );
#5293 = FILL_AREA_STYLE_COLOUR( '', #7755 );
#5294 = LINE( '', #7756, #7757 );
#5295 = FILL_AREA_STYLE_COLOUR( '', #7758 );
#5296 = LINE( '', #7759, #7760 );
#5297 = FILL_AREA_STYLE_COLOUR( '', #7761 );
#5298 = B_SPLINE_CURVE_WITH_KNOTS( '', 3, ( #7762, #7763, #7764, #7765, #7766, #7767, #7768 ), .UNSPECIFIED., .F., .F., ( 4, 3, 4 ), ( 0.500000000000000, 0.600000000000000, 0.700000000000000 ), .UNSPECIFIED. );
#5299 = FILL_AREA_STYLE_COLOUR( '', #7769 );
#5300 = VERTEX_POINT( '', #7770 );
#5301 = B_SPLINE_CURVE_WITH_KNOTS( '', 1, ( #7771, #7772 ), .UNSPECIFIED., .F., .F., ( 2, 2 ), ( 0.613429065785516, 0.740311833268211 ), .UNSPECIFIED. );
#5302 = LINE( '', #7773, #7774 );
#5303 = FILL_AREA_STYLE_COLOUR( '', #7775 );
#5304 = FILL_AREA_STYLE_COLOUR( '', #7776 );
#5305 = LINE( '', #7777, #7778 );
#5306 = LINE( '', #7779, #7780 );
#5307 = FILL_AREA_STYLE_COLOUR( '', #7781 );
#5308 = VERTEX_POINT( '', #7782 );
#5309 = B_SPLINE_CURVE_WITH_KNOTS( '', 1, ( #7783, #7784 ), .UNSPECIFIED., .F., .F., ( 2, 2 ), ( 0.767088607594936, 1.00000000000000 ), .UNSPECIFIED. );
#5310 = LINE( '', #7785, #7786 );
#5311 = FILL_AREA_STYLE_COLOUR( '', #7787 );
#5312 = VERTEX_POINT( '', #7788 );
#5313 = LINE( '', #7789, #7790 );
#5314 = LINE( '', #7791, #7792 );
#5315 = FILL_AREA_STYLE_COLOUR( '', #7793 );
#5316 = FILL_AREA_STYLE_COLOUR( '', #7794 );
#5317 = FILL_AREA_STYLE_COLOUR( '', #7795 );
#5318 = FILL_AREA_STYLE_COLOUR( '', #7796 );
#5319 = FILL_AREA_STYLE_COLOUR( '', #7797 );
#5320 = FILL_AREA_STYLE_COLOUR( '', #7798 );
#5321 = FILL_AREA_STYLE_COLOUR( '', #7799 );
#5322 = VERTEX_POINT( '', #7800 );
#5323 = LINE( '', #7801, #7802 );
#5324 = B_SPLINE_CURVE_WITH_KNOTS( '', 1, ( #7803, #7804 ), .UNSPECIFIED., .F., .F., ( 2, 2 ), ( 0.267088607594936, 0.500000000000000 ), .UNSPECIFIED. );
#5325 = FILL_AREA_STYLE_COLOUR( '', #7805 );
#5326 = VERTEX_POINT( '', #7806 );
#5327 = B_SPLINE_CURVE_WITH_KNOTS( '', 3, ( #7807, #7808, #7809, #7810, #7811, #7812, #7813, #7814, #7815, #7816, #7817, #7818, #7819 ), .UNSPECIFIED., .T., .F., ( 4, 3, 3, 3, 4 ), ( 0.000000000000000, 0.250000000000000, 0.500000000000000, 0.750000000000000, 1.00000000000000 ), .UNSPECIFIED. );
#5328 = FILL_AREA_STYLE_COLOUR( '', #7820 );
#5329 = VERTEX_POINT( '', #7821 );
#5330 = LINE( '', #7822, #7823 );
#5331 = LINE( '', #7824, #7825 );
#5332 = FILL_AREA_STYLE_COLOUR( '', #7826 );
#5333 = FILL_AREA_STYLE_COLOUR( '', #7827 );
#5334 = VERTEX_POINT( '', #7828 );
#5335 = B_SPLINE_CURVE_WITH_KNOTS( '', 3, ( #7829, #7830, #7831, #7832, #7833, #7834, #7835, #7836, #7837, #7838, #7839, #7840, #7841 ), .UNSPECIFIED., .T., .F., ( 4, 3, 3, 3, 4 ), ( 0.000000000000000, 0.250000000000000, 0.500000000000000, 0.750000000000000, 1.00000000000000 ), .UNSPECIFIED. );
#5336 = FILL_AREA_STYLE_COLOUR( '', #7842 );
#5337 = FILL_AREA_STYLE_COLOUR( '', #7843 );
#5338 = B_SPLINE_CURVE_WITH_KNOTS( '', 1, ( #7844, #7845 ), .UNSPECIFIED., .F., .F., ( 2, 2 ), ( 0.000000000000000, 0.267088607594936 ), .UNSPECIFIED. );
#5339 = FILL_AREA_STYLE_COLOUR( '', #7846 );
#5340 = FILL_AREA_STYLE_COLOUR( '', #7847 );
#5341 = VERTEX_POINT( '', #7848 );
#5342 = LINE( '', #7849, #7850 );
#5343 = LINE( '', #7851, #7852 );
#5344 = FILL_AREA_STYLE_COLOUR( '', #7853 );
#5345 = LINE( '', #7854, #7855 );
#5346 = FILL_AREA_STYLE_COLOUR( '', #7856 );
#5347 = LINE( '', #7857, #7858 );
#5348 = FILL_AREA_STYLE_COLOUR( '', #7859 );
#5349 = B_SPLINE_CURVE_WITH_KNOTS( '', 3, ( #7860, #7861, #7862, #7863 ), .UNSPECIFIED., .F., .F., ( 4, 4 ), ( 0.700000000000000, 0.800000000000000 ), .UNSPECIFIED. );
#5350 = FILL_AREA_STYLE_COLOUR( '', #7864 );
#5351 = VERTEX_POINT( '', #7865 );
#5352 = LINE( '', #7866, #7867 );
#5353 = B_SPLINE_CURVE_WITH_KNOTS( '', 3, ( #7868, #7869, #7870, #7871 ), .UNSPECIFIED., .F., .F., ( 4, 4 ), ( 0.878150382735307, 0.984012932609051 ), .UNSPECIFIED. );
#5354 = FILL_AREA_STYLE_COLOUR( '', #7872 );
#5355 = LINE( '', #7873, #7874 );
#5356 = FILL_AREA_STYLE_COLOUR( '', #7875 );
#5357 = B_SPLINE_CURVE_WITH_KNOTS( '', 3, ( #7876, #7877, #7878, #7879 ), .UNSPECIFIED., .F., .F., ( 4, 4 ), ( 0.400000000000000, 0.500000000000000 ), .UNSPECIFIED. );
#5358 = FILL_AREA_STYLE_COLOUR( '', #7880 );
#5359 = B_SPLINE_CURVE_WITH_KNOTS( '', 3, ( #7881, #7882, #7883, #7884 ), .UNSPECIFIED., .F., .F., ( 4, 4 ), ( 0.800000000000000, 0.900000000000000 ), .UNSPECIFIED. );
#5360 = FILL_AREA_STYLE_COLOUR( '', #7885 );
#5361 = LINE( '', #7886, #7887 );
#5362 = FILL_AREA_STYLE_COLOUR( '', #7888 );
#5363 = LINE( '', #7889, #7890 );
#5364 = FILL_AREA_STYLE_COLOUR( '', #7891 );
#5365 = B_SPLINE_CURVE_WITH_KNOTS( '', 3, ( #7892, #7893, #7894, #7895 ), .UNSPECIFIED., .F., .F., ( 4, 4 ), ( 0.300000000000000, 0.400000000000000 ), .UNSPECIFIED. );
#5366 = FILL_AREA_STYLE_COLOUR( '', #7896 );
#5367 = FILL_AREA_STYLE_COLOUR( '', #7897 );
#5368 = FILL_AREA_STYLE_COLOUR( '', #7898 );
#5369 = FILL_AREA_STYLE_COLOUR( '', #7899 );
#5370 = LINE( '', #7900, #7901 );
#5371 = FILL_AREA_STYLE_COLOUR( '', #7902 );
#5372 = FILL_AREA_STYLE_COLOUR( '', #7903 );
#5373 = LINE( '', #7904, #7905 );
#5374 = FILL_AREA_STYLE_COLOUR( '', #7906 );
#5375 = B_SPLINE_CURVE_WITH_KNOTS( '', 3, ( #7907, #7908, #7909, #7910 ), .UNSPECIFIED., .F., .F., ( 4, 4 ), ( 0.124500322738840, 0.149267852012901 ), .UNSPECIFIED. );
#5376 = FILL_AREA_STYLE_COLOUR( '', #7911 );
#5377 = LINE( '', #7912, #7913 );
#5378 = LINE( '', #7914, #7915 );
#5379 = LINE( '', #7916, #7917 );
#5380 = FILL_AREA_STYLE_COLOUR( '', #7918 );
#5381 = LINE( '', #7919, #7920 );
#5382 = FILL_AREA_STYLE_COLOUR( '', #7921 );
#5383 = FILL_AREA_STYLE_COLOUR( '', #7922 );
#5384 = FILL_AREA_STYLE_COLOUR( '', #7923 );
#5385 = B_SPLINE_CURVE_WITH_KNOTS( '', 3, ( #7924, #7925, #7926, #7927 ), .UNSPECIFIED., .F., .F., ( 4, 4 ), ( 0.766350132994917, 0.878150382735307 ), .UNSPECIFIED. );
#5386 = FILL_AREA_STYLE_COLOUR( '', #7928 );
#5387 = FILL_AREA_STYLE_COLOUR( '', #7929 );
#5388 = FILL_AREA_STYLE_COLOUR( '', #7930 );
#5389 = VERTEX_POINT( '', #7931 );
#5390 = B_SPLINE_CURVE_WITH_KNOTS( '', 1, ( #7932, #7933 ), .UNSPECIFIED., .F., .F., ( 2, 2 ), ( 0.740311833268211, 0.775431527206997 ), .UNSPECIFIED. );
#5391 = LINE( '', #7934, #7935 );
#5392 = FILL_AREA_STYLE_COLOUR( '', #7936 );
#5393 = FILL_AREA_STYLE_COLOUR( '', #7937 );
#5394 = FILL_AREA_STYLE_COLOUR( '', #7938 );
#5395 = VERTEX_POINT( '', #7939 );
#5396 = B_SPLINE_CURVE_WITH_KNOTS( '', 3, ( #7940, #7941, #7942, #7943, #7944, #7945, #7946, #7947, #7948, #7949, #7950, #7951, #7952 ), .UNSPECIFIED., .T., .F., ( 4, 3, 3, 3, 4 ), ( 0.000000000000000, 0.250000000000000, 0.500000000000000, 0.750000000000000, 1.00000000000000 ), .UNSPECIFIED. );
#5397 = B_SPLINE_CURVE_WITH_KNOTS( '', 3, ( #7953, #7954, #7955, #7956 ), .UNSPECIFIED., .F., .F., ( 4, 4 ), ( 0.200000000000000, 0.300000000000000 ), .UNSPECIFIED. );
#5398 = FILL_AREA_STYLE_COLOUR( '', #7957 );
#5399 = B_SPLINE_CURVE_WITH_KNOTS( '', 1, ( #7958, #7959 ), .UNSPECIFIED., .F., .F., ( 2, 2 ), ( 0.775431527206997, 0.877710978014512 ), .UNSPECIFIED. );
#5400 = FILL_AREA_STYLE_COLOUR( '', #7960 );
#5401 = FILL_AREA_STYLE_COLOUR( '', #7961 );
#5402 = FILL_AREA_STYLE_COLOUR( '', #7962 );
#5403 = FILL_AREA_STYLE_COLOUR( '', #7963 );
#5404 = LINE( '', #7964, #7965 );
#5405 = FILL_AREA_STYLE_COLOUR( '', #7966 );
#5406 = FILL_AREA_STYLE_COLOUR( '', #7967 );
#5407 = FILL_AREA_STYLE_COLOUR( '', #7968 );
#5408 = FILL_AREA_STYLE_COLOUR( '', #7969 );
#5409 = FILL_AREA_STYLE_COLOUR( '', #7970 );
#5410 = FILL_AREA_STYLE_COLOUR( '', #7971 );
#5411 = FILL_AREA_STYLE_COLOUR( '', #7972 );
#5412 = FILL_AREA_STYLE_COLOUR( '', #7973 );
#5413 = ORIENTED_EDGE( '', *, *, #7974, .F. );
#5414 = ORIENTED_EDGE( '', *, *, #7975, .F. );
#5415 = ORIENTED_EDGE( '', *, *, #7976, .T. );
#5416 = ORIENTED_EDGE( '', *, *, #7977, .T. );
#5417 = CARTESIAN_POINT( '', ( 3.60000000000000, 3.60000000000000, -3.70000000000000 ) );
#5418 = DIRECTION( '', ( 6.02334540269725E-017, 1.00000000000000, 0.000000000000000 ) );
#5419 = DIRECTION( '', ( -1.00000000000000, 6.02334540269725E-017, 0.000000000000000 ) );
#5420 = ORIENTED_EDGE( '', *, *, #7978, .F. );
#5421 = ORIENTED_EDGE( '', *, *, #7979, .F. );
#5422 = ORIENTED_EDGE( '', *, *, #7980, .F. );
#5423 = ORIENTED_EDGE( '', *, *, #7981, .F. );
#5424 = CARTESIAN_POINT( '', ( -1.20000000000000, -3.10000000000000, -0.500000000000000 ) );
#5425 = DIRECTION( '', ( 2.23605289932992E-016, 0.707106781186548, -0.707106781186547 ) );
#5426 = DIRECTION( '', ( 0.000000000000000, 0.707106781186547, 0.707106781186548 ) );
#5427 = ORIENTED_EDGE( '', *, *, #7982, .F. );
#5428 = ORIENTED_EDGE( '', *, *, #7983, .F. );
#5429 = ORIENTED_EDGE( '', *, *, #7984, .F. );
#5430 = ORIENTED_EDGE( '', *, *, #7985, .T. );
#5431 = CARTESIAN_POINT( '', ( 3.60000000000000, 3.60000000000000, -3.70000000000000 ) );
#5432 = DIRECTION( '', ( 6.02334540269725E-017, 1.00000000000000, 0.000000000000000 ) );
#5433 = DIRECTION( '', ( -1.00000000000000, 6.02334540269725E-017, 0.000000000000000 ) );
#5434 = ORIENTED_EDGE( '', *, *, #7986, .F. );
#5435 = ORIENTED_EDGE( '', *, *, #7987, .F. );
#5436 = ORIENTED_EDGE( '', *, *, #7982, .T. );
#5437 = ORIENTED_EDGE( '', *, *, #7988, .T. );
#5438 = ORIENTED_EDGE( '', *, *, #7989, .F. );
#5439 = ORIENTED_EDGE( '', *, *, #7990, .T. );
#5440 = ORIENTED_EDGE( '', *, *, #7991, .T. );
#5441 = ORIENTED_EDGE( '', *, *, #7992, .T. );
#5442 = ORIENTED_EDGE( '', *, *, #7993, .T. );
#5443 = ORIENTED_EDGE( '', *, *, #7994, .T. );
#5444 = ORIENTED_EDGE( '', *, *, #7995, .F. );
#5445 = ORIENTED_EDGE( '', *, *, #7980, .T. );
#5446 = CARTESIAN_POINT( '', ( 1.20000000000000, -10.8337435819757, -3.70000000000000 ) );
#5447 = DIRECTION( '', ( -1.00000000000000, 0.000000000000000, -1.08420217248550E-015 ) );
#5448 = DIRECTION( '', ( -1.08420217248550E-015, 0.000000000000000, 1.00000000000000 ) );
#5449 = ORIENTED_EDGE( '', *, *, #7983, .T. );
#5450 = ORIENTED_EDGE( '', *, *, #7987, .T. );
#5451 = ORIENTED_EDGE( '', *, *, #7996, .T. );
#5452 = ORIENTED_EDGE( '', *, *, #7997, .T. );
#5453 = CARTESIAN_POINT( '', ( -3.60000000000000, -3.60000000000000, 0.000000000000000 ) );
#5454 = DIRECTION( '', ( 0.000000000000000, 0.000000000000000, 1.00000000000000 ) );
#5455 = DIRECTION( '', ( 1.00000000000000, 0.000000000000000, 0.000000000000000 ) );
#5456 = ORIENTED_EDGE( '', *, *, #7998, .F. );
#5457 = ORIENTED_EDGE( '', *, *, #7999, .T. );
#5458 = ORIENTED_EDGE( '', *, *, #7989, .T. );
#5459 = ORIENTED_EDGE( '', *, *, #7979, .T. );
#5460 = CARTESIAN_POINT( '', ( -1.20000000000000, -3.30000000000000, -10.9004587059444 ) );
#5461 = DIRECTION( '', ( 0.000000000000000, -1.00000000000000, 0.000000000000000 ) );
#5462 = DIRECTION( '', ( 0.000000000000000, 0.000000000000000, -1.00000000000000 ) );
#5463 = ORIENTED_EDGE( '', *, *, #8000, .T. );
#5464 = ORIENTED_EDGE( '', *, *, #7975, .T. );
#5465 = ORIENTED_EDGE( '', *, *, #8001, .F. );
#5466 = ORIENTED_EDGE( '', *, *, #8002, .F. );
#5467 = ORIENTED_EDGE( '', *, *, #7998, .T. );
#5468 = ORIENTED_EDGE( '', *, *, #7978, .T. );
#5469 = ORIENTED_EDGE( '', *, *, #8003, .T. );
#5470 = ORIENTED_EDGE( '', *, *, #8004, .T. );
#5471 = ORIENTED_EDGE( '', *, *, #8005, .F. );
#5472 = ORIENTED_EDGE( '', *, *, #8006, .T. );
#5473 = ORIENTED_EDGE( '', *, *, #8007, .F. );
#5474 = ORIENTED_EDGE( '', *, *, #8008, .T. );
#5475 = CARTESIAN_POINT( '', ( -1.20000000000000, -10.8337435819757, -3.50000000000000 ) );
#5476 = DIRECTION( '', ( 1.00000000000000, 0.000000000000000, -1.08420217248550E-015 ) );
#5477 = DIRECTION( '', ( -1.08420217248550E-015, 0.000000000000000, -1.00000000000000 ) );
#5478 = ORIENTED_EDGE( '', *, *, #7995, .T. );
#5479 = ORIENTED_EDGE( '', *, *, #8009, .T. );
#5480 = ORIENTED_EDGE( '', *, *, #8003, .F. );
#5481 = ORIENTED_EDGE( '', *, *, #7981, .T. );
#5482 = CARTESIAN_POINT( '', ( -1.20000000000000, -10.8337435819757, -0.500000000000000 ) );
#5483 = DIRECTION( '', ( -3.16225633641606E-016, 0.000000000000000, 1.00000000000000 ) );
#5484 = DIRECTION( '', ( 1.00000000000000, 0.000000000000000, 3.16225633641606E-016 ) );
#5485 = ORIENTED_EDGE( '', *, *, #7996, .F. );
#5486 = ORIENTED_EDGE( '', *, *, #7986, .T. );
#5487 = ORIENTED_EDGE( '', *, *, #8010, .T. );
#5488 = ORIENTED_EDGE( '', *, *, #8011, .T. );
#5489 = CARTESIAN_POINT( '', ( -3.60000000000000, -3.60000000000000, -3.70000000000000 ) );
#5490 = DIRECTION( '', ( 6.02334540269725E-017, -1.00000000000000, 0.000000000000000 ) );
#5491 = DIRECTION( '', ( 1.00000000000000, 6.02334540269725E-017, 0.000000000000000 ) );
#5492 = ORIENTED_EDGE( '', *, *, #7997, .F. );
#5493 = ORIENTED_EDGE( '', *, *, #8011, .F. );
#5494 = ORIENTED_EDGE( '', *, *, #8012, .T. );
#5495 = ORIENTED_EDGE( '', *, *, #7984, .T. );
#5496 = CARTESIAN_POINT( '', ( 3.60000000000000, -3.60000000000000, -3.70000000000000 ) );
#5497 = DIRECTION( '', ( 1.00000000000000, 0.000000000000000, 0.000000000000000 ) );
#5498 = DIRECTION( '', ( 0.000000000000000, 0.000000000000000, -1.00000000000000 ) );
#5499 = ORIENTED_EDGE( '', *, *, #7988, .F. );
#5500 = ORIENTED_EDGE( '', *, *, #7985, .F. );
#5501 = ORIENTED_EDGE( '', *, *, #8012, .F. );
#5502 = ORIENTED_EDGE( '', *, *, #8010, .F. );
#5503 = CARTESIAN_POINT( '', ( -3.60000000000000, -3.60000000000000, -3.70000000000000 ) );
#5504 = DIRECTION( '', ( 0.000000000000000, 0.000000000000000, 1.00000000000000 ) );
#5505 = DIRECTION( '', ( 1.00000000000000, 0.000000000000000, 0.000000000000000 ) );
#5506 = ORIENTED_EDGE( '', *, *, #8013, .F. );
#5507 = ORIENTED_EDGE( '', *, *, #7977, .F. );
#5508 = ORIENTED_EDGE( '', *, *, #8014, .T. );
#5509 = ORIENTED_EDGE( '', *, *, #8015, .T. );
#5510 = CARTESIAN_POINT( '', ( -3.60000000000000, 3.60000000000000, -3.70000000000000 ) );
#5511 = DIRECTION( '', ( -1.00000000000000, 0.000000000000000, 0.000000000000000 ) );
#5512 = DIRECTION( '', ( 0.000000000000000, 0.000000000000000, 1.00000000000000 ) );
#5513 = ORIENTED_EDGE( '', *, *, #7976, .F. );
#5514 = ORIENTED_EDGE( '', *, *, #8000, .F. );
#5515 = ORIENTED_EDGE( '', *, *, #8016, .F. );
#5516 = ORIENTED_EDGE( '', *, *, #8014, .F. );
#5517 = CARTESIAN_POINT( '', ( -3.60000000000000, -3.60000000000000, -3.70000000000000 ) );
#5518 = DIRECTION( '', ( 0.000000000000000, 0.000000000000000, 1.00000000000000 ) );
#5519 = DIRECTION( '', ( 1.00000000000000, 0.000000000000000, 0.000000000000000 ) );
#5520 = ORIENTED_EDGE( '', *, *, #8002, .T. );
#5521 = ORIENTED_EDGE( '', *, *, #8017, .F. );
#5522 = ORIENTED_EDGE( '', *, *, #8015, .F. );
#5523 = ORIENTED_EDGE( '', *, *, #8016, .T. );
#5524 = CARTESIAN_POINT( '', ( -3.60000000000000, -3.60000000000000, -3.70000000000000 ) );
#5525 = DIRECTION( '', ( 6.02334540269725E-017, -1.00000000000000, 0.000000000000000 ) );
#5526 = DIRECTION( '', ( 1.00000000000000, 6.02334540269725E-017, 0.000000000000000 ) );
#5527 = ORIENTED_EDGE( '', *, *, #7992, .F. );
#5528 = ORIENTED_EDGE( '', *, *, #8018, .F. );
#5529 = ORIENTED_EDGE( '', *, *, #8006, .F. );
#5530 = ORIENTED_EDGE( '', *, *, #8019, .F. );
#5531 = CARTESIAN_POINT( '', ( -1.20000000000000, 3.30000000000000, -3.30000000000000 ) );
#5532 = DIRECTION( '', ( 1.27774451390281E-016, 0.707106781186548, -0.707106781186547 ) );
#5533 = DIRECTION( '', ( 0.000000000000000, 0.707106781186547, 0.707106781186548 ) );
#5534 = ORIENTED_EDGE( '', *, *, #8004, .F. );
#5535 = ORIENTED_EDGE( '', *, *, #8009, .F. );
#5536 = ORIENTED_EDGE( '', *, *, #7994, .F. );
#5537 = ORIENTED_EDGE( '', *, *, #8020, .F. );
#5538 = CARTESIAN_POINT( '', ( -1.20000000000000, 3.30000000000000, -0.700000000000000 ) );
#5539 = DIRECTION( '', ( -2.23605289932992E-016, 0.707106781186547, 0.707106781186548 ) );
#5540 = DIRECTION( '', ( 0.000000000000000, -0.707106781186548, 0.707106781186547 ) );
#5541 = ORIENTED_EDGE( '', *, *, #7993, .F. );
#5542 = ORIENTED_EDGE( '', *, *, #8019, .T. );
#5543 = ORIENTED_EDGE( '', *, *, #8005, .T. );
#5544 = ORIENTED_EDGE( '', *, *, #8020, .T. );
#5545 = CARTESIAN_POINT( '', ( -1.20000000000000, 3.30000000000000, -10.9004587059444 ) );
#5546 = DIRECTION( '', ( 0.000000000000000, -1.00000000000000, 0.000000000000000 ) );
#5547 = DIRECTION( '', ( 0.000000000000000, 0.000000000000000, -1.00000000000000 ) );
#5548 = ORIENTED_EDGE( '', *, *, #7990, .F. );
#5549 = ORIENTED_EDGE( '', *, *, #7999, .F. );
#5550 = ORIENTED_EDGE( '', *, *, #8008, .F. );
#5551 = ORIENTED_EDGE( '', *, *, #8021, .F. );
#5552 = CARTESIAN_POINT( '', ( 1.20000000000000, -3.10000000000000, -3.50000000000000 ) );
#5553 = DIRECTION( '', ( -1.27774451390281E-016, 0.707106781186547, 0.707106781186548 ) );
#5554 = DIRECTION( '', ( 0.000000000000000, -0.707106781186548, 0.707106781186547 ) );
#5555 = ORIENTED_EDGE( '', *, *, #8007, .T. );
#5556 = ORIENTED_EDGE( '', *, *, #8018, .T. );
#5557 = ORIENTED_EDGE( '', *, *, #7991, .F. );
#5558 = ORIENTED_EDGE( '', *, *, #8021, .T. );
#5559 = CARTESIAN_POINT( '', ( 1.20000000000000, -10.8337435819757, -3.50000000000000 ) );
#5560 = DIRECTION( '', ( 1.80700362080917E-016, 0.000000000000000, -1.00000000000000 ) );
#5561 = DIRECTION( '', ( -1.00000000000000, 0.000000000000000, -1.80700362080917E-016 ) );
#5562 = ORIENTED_EDGE( '', *, *, #8001, .T. );
#5563 = ORIENTED_EDGE( '', *, *, #7974, .T. );
#5564 = ORIENTED_EDGE( '', *, *, #8013, .T. );
#5565 = ORIENTED_EDGE( '', *, *, #8017, .T. );
#5566 = CARTESIAN_POINT( '', ( -3.60000000000000, -3.60000000000000, 0.000000000000000 ) );
#5567 = DIRECTION( '', ( 0.000000000000000, 0.000000000000000, 1.00000000000000 ) );
#5568 = DIRECTION( '', ( 1.00000000000000, 0.000000000000000, 0.000000000000000 ) );
#5569 = ORIENTED_EDGE( '', *, *, #8022, .F. );
#5570 = ORIENTED_EDGE( '', *, *, #8023, .F. );
#5571 = ORIENTED_EDGE( '', *, *, #8024, .T. );
#5572 = ORIENTED_EDGE( '', *, *, #8025, .T. );
#5573 = CARTESIAN_POINT( '', ( 1.00000000000000, -3.10000000000000, -0.650000000000000 ) );
#5574 = DIRECTION( '', ( 1.00000000000000, -0.000000000000000, -0.000000000000000 ) );
#5575 = DIRECTION( '', ( 0.000000000000000, 0.000000000000000, 1.00000000000000 ) );
#5576 = ORIENTED_EDGE( '', *, *, #8026, .F. );
#5577 = ORIENTED_EDGE( '', *, *, #8027, .F. );
#5578 = ORIENTED_EDGE( '', *, *, #8028, .T. );
#5579 = ORIENTED_EDGE( '', *, *, #8029, .T. );
#5580 = CARTESIAN_POINT( '', ( 1.00000000000000, -3.10000000000000, -3.40000000000000 ) );
#5581 = DIRECTION( '', ( 1.00000000000000, -0.000000000000000, -0.000000000000000 ) );
#5582 = DIRECTION( '', ( 0.000000000000000, 0.000000000000000, 1.00000000000000 ) );
#5583 = ORIENTED_EDGE( '', *, *, #8030, .F. );
#5584 = ORIENTED_EDGE( '', *, *, #8031, .F. );
#5585 = ORIENTED_EDGE( '', *, *, #8032, .T. );
#5586 = ORIENTED_EDGE( '', *, *, #8027, .T. );
#5587 = CARTESIAN_POINT( '', ( 1.00000000000000, -3.10000000000000, -4.00000000000000 ) );
#5588 = DIRECTION( '', ( 0.000000000000000, 0.000000000000000, -1.00000000000000 ) );
#5589 = DIRECTION( '', ( -1.00000000000000, 0.000000000000000, 0.000000000000000 ) );
#5590 = ORIENTED_EDGE( '', *, *, #8024, .F. );
#5591 = ORIENTED_EDGE( '', *, *, #8033, .F. );
#5592 = ORIENTED_EDGE( '', *, *, #8028, .F. );
#5593 = ORIENTED_EDGE( '', *, *, #8032, .F. );
#5594 = ORIENTED_EDGE( '', *, *, #8034, .F. );
#5595 = ORIENTED_EDGE( '', *, *, #8035, .F. );
#5596 = ORIENTED_EDGE( '', *, *, #8036, .F. );
#5597 = ORIENTED_EDGE( '', *, *, #8037, .F. );
#5598 = ORIENTED_EDGE( '', *, *, #8038, .F. );
#5599 = ORIENTED_EDGE( '', *, *, #8039, .F. );
#5600 = ORIENTED_EDGE( '', *, *, #8040, .F. );
#5601 = ORIENTED_EDGE( '', *, *, #8041, .F. );
#5602 = ORIENTED_EDGE( '', *, *, #8042, .F. );
#5603 = ORIENTED_EDGE( '', *, *, #8043, .F. );
#5604 = ORIENTED_EDGE( '', *, *, #8044, .F. );
#5605 = ORIENTED_EDGE( '', *, *, #8045, .F. );
#5606 = ORIENTED_EDGE( '', *, *, #8046, .F. );
#5607 = ORIENTED_EDGE( '', *, *, #8047, .F. );
#5608 = ORIENTED_EDGE( '', *, *, #8048, .F. );
#5609 = ORIENTED_EDGE( '', *, *, #8049, .F. );
#5610 = CARTESIAN_POINT( '', ( 1.00000000000000, -3.10000000000000, -0.650000000000000 ) );
#5611 = DIRECTION( '', ( -1.00000000000000, 6.12303176911189E-017, 0.000000000000000 ) );
#5612 = DIRECTION( '', ( -6.12303176911189E-017, -1.00000000000000, 0.000000000000000 ) );
#5613 = ORIENTED_EDGE( '', *, *, #8050, .F. );
#5614 = ORIENTED_EDGE( '', *, *, #8025, .F. );
#5615 = ORIENTED_EDGE( '', *, *, #8049, .T. );
#5616 = ORIENTED_EDGE( '', *, *, #8051, .T. );
#5617 = CARTESIAN_POINT( '', ( 1.00000000000000, -3.10000000000000, -0.0499999999999983 ) );
#5618 = DIRECTION( '', ( 0.000000000000000, 0.000000000000000, 1.00000000000000 ) );
#5619 = DIRECTION( '', ( 1.00000000000000, 0.000000000000000, 0.000000000000000 ) );
#5620 = ORIENTED_EDGE( '', *, *, #8052, .F. );
#5621 = ORIENTED_EDGE( '', *, *, #8051, .F. );
#5622 = ORIENTED_EDGE( '', *, *, #8048, .T. );
#5623 = ORIENTED_EDGE( '', *, *, #8053, .T. );
#5624 = CARTESIAN_POINT( '', ( 1.00000000000000, 3.10000000000000, -0.650000000000000 ) );
#5625 = DIRECTION( '', ( 1.00000000000000, -0.000000000000000, -0.000000000000000 ) );
#5626 = DIRECTION( '', ( 0.000000000000000, 0.000000000000000, 1.00000000000000 ) );
#5627 = ORIENTED_EDGE( '', *, *, #8022, .T. );
#5628 = ORIENTED_EDGE( '', *, *, #8050, .T. );
#5629 = ORIENTED_EDGE( '', *, *, #8052, .T. );
#5630 = ORIENTED_EDGE( '', *, *, #8054, .T. );
#5631 = ORIENTED_EDGE( '', *, *, #8055, .T. );
#5632 = ORIENTED_EDGE( '', *, *, #8056, .T. );
#5633 = ORIENTED_EDGE( '', *, *, #8057, .T. );
#5634 = ORIENTED_EDGE( '', *, *, #8058, .T. );
#5635 = ORIENTED_EDGE( '', *, *, #8059, .T. );
#5636 = ORIENTED_EDGE( '', *, *, #8060, .T. );
#5637 = ORIENTED_EDGE( '', *, *, #8061, .T. );
#5638 = ORIENTED_EDGE( '', *, *, #8062, .T. );
#5639 = ORIENTED_EDGE( '', *, *, #8063, .T. );
#5640 = ORIENTED_EDGE( '', *, *, #8064, .T. );
#5641 = ORIENTED_EDGE( '', *, *, #8065, .T. );
#5642 = ORIENTED_EDGE( '', *, *, #8066, .T. );
#5643 = ORIENTED_EDGE( '', *, *, #8067, .T. );
#5644 = ORIENTED_EDGE( '', *, *, #8030, .T. );
#5645 = ORIENTED_EDGE( '', *, *, #8026, .T. );
#5646 = ORIENTED_EDGE( '', *, *, #8068, .T. );
#5647 = CARTESIAN_POINT( '', ( -1.00000000000000, -3.10000000000000, -0.650000000000000 ) );
#5648 = DIRECTION( '', ( -1.00000000000000, 6.12303176911189E-017, 0.000000000000000 ) );
#5649 = DIRECTION( '', ( -6.12303176911189E-017, -1.00000000000000, 0.000000000000000 ) );
#5650 = ORIENTED_EDGE( '', *, *, #8067, .F. );
#5651 = ORIENTED_EDGE( '', *, *, #8069, .F. );
#5652 = ORIENTED_EDGE( '', *, *, #8034, .T. );
#5653 = ORIENTED_EDGE( '', *, *, #8031, .T. );
#5654 = CARTESIAN_POINT( '', ( 1.00000000000000, -1.90000000000000, -3.60000000000000 ) );
#5655 = DIRECTION( '', ( 0.000000000000000, 1.00000000000000, 0.000000000000000 ) );
#5656 = DIRECTION( '', ( 0.000000000000000, 0.000000000000000, 1.00000000000000 ) );
#5657 = ORIENTED_EDGE( '', *, *, #8066, .F. );
#5658 = ORIENTED_EDGE( '', *, *, #8070, .F. );
#5659 = ORIENTED_EDGE( '', *, *, #8035, .T. );
#5660 = ORIENTED_EDGE( '', *, *, #8069, .T. );
#5661 = CARTESIAN_POINT( '', ( 1.00000000000000, -1.90000000000000, -3.60000000000000 ) );
#5662 = DIRECTION( '', ( 0.000000000000000, 0.000000000000000, 1.00000000000000 ) );
#5663 = DIRECTION( '', ( 1.00000000000000, 0.000000000000000, 0.000000000000000 ) );
#5664 = ORIENTED_EDGE( '', *, *, #8065, .F. );
#5665 = ORIENTED_EDGE( '', *, *, #8071, .F. );
#5666 = ORIENTED_EDGE( '', *, *, #8036, .T. );
#5667 = ORIENTED_EDGE( '', *, *, #8070, .T. );
#5668 = CARTESIAN_POINT( '', ( 1.00000000000000, -3.10000000000000, -3.40000000000000 ) );
#5669 = DIRECTION( '', ( 1.00000000000000, -0.000000000000000, -0.000000000000000 ) );
#5670 = DIRECTION( '', ( 0.000000000000000, 0.000000000000000, 1.00000000000000 ) );
#5671 = ORIENTED_EDGE( '', *, *, #8064, .F. );
#5672 = ORIENTED_EDGE( '', *, *, #8072, .F. );
#5673 = ORIENTED_EDGE( '', *, *, #8037, .T. );
#5674 = ORIENTED_EDGE( '', *, *, #8071, .T. );
#5675 = CARTESIAN_POINT( '', ( 1.00000000000000, -3.30000000000000, -3.40000000000000 ) );
#5676 = DIRECTION( '', ( 0.000000000000000, 1.00000000000000, 0.000000000000000 ) );
#5677 = DIRECTION( '', ( 0.000000000000000, 0.000000000000000, 1.00000000000000 ) );
#5678 = ORIENTED_EDGE( '', *, *, #8063, .F. );
#5679 = ORIENTED_EDGE( '', *, *, #8073, .F. );
#5680 = ORIENTED_EDGE( '', *, *, #8038, .T. );
#5681 = ORIENTED_EDGE( '', *, *, #8072, .T. );
#5682 = CARTESIAN_POINT( '', ( 1.00000000000000, -3.10000000000000, -0.650000000000000 ) );
#5683 = DIRECTION( '', ( 1.00000000000000, -0.000000000000000, -0.000000000000000 ) );
#5684 = DIRECTION( '', ( 0.000000000000000, 0.000000000000000, 1.00000000000000 ) );
#5685 = ORIENTED_EDGE( '', *, *, #8062, .F. );
#5686 = ORIENTED_EDGE( '', *, *, #8074, .F. );
#5687 = ORIENTED_EDGE( '', *, *, #8039, .T. );
#5688 = ORIENTED_EDGE( '', *, *, #8073, .T. );
#5689 = CARTESIAN_POINT( '', ( 1.00000000000000, -3.10000000000000, -0.450000000000000 ) );
#5690 = DIRECTION( '', ( 0.000000000000000, 8.74356590714117E-017, -1.00000000000000 ) );
#5691 = DIRECTION( '', ( 0.000000000000000, 1.00000000000000, 8.74356590714117E-017 ) );
#5692 = ORIENTED_EDGE( '', *, *, #8061, .F. );
#5693 = ORIENTED_EDGE( '', *, *, #8075, .F. );
#5694 = ORIENTED_EDGE( '', *, *, #8040, .T. );
#5695 = ORIENTED_EDGE( '', *, *, #8074, .T. );
#5696 = CARTESIAN_POINT( '', ( 1.00000000000000, 3.10000000000000, -0.650000000000000 ) );
#5697 = DIRECTION( '', ( 1.00000000000000, -0.000000000000000, -0.000000000000000 ) );
#5698 = DIRECTION( '', ( 0.000000000000000, 0.000000000000000, 1.00000000000000 ) );
#5699 = ORIENTED_EDGE( '', *, *, #8060, .F. );
#5700 = ORIENTED_EDGE( '', *, *, #8076, .F. );
#5701 = ORIENTED_EDGE( '', *, *, #8041, .T. );
#5702 = ORIENTED_EDGE( '', *, *, #8075, .T. );
#5703 = CARTESIAN_POINT( '', ( 1.00000000000000, 3.30000000000000, -0.650000000000000 ) );
#5704 = DIRECTION( '', ( 0.000000000000000, -1.00000000000000, -3.15404268359420E-016 ) );
#5705 = DIRECTION( '', ( 0.000000000000000, 3.15404268359420E-016, -1.00000000000000 ) );
#5706 = ORIENTED_EDGE( '', *, *, #8059, .F. );
#5707 = ORIENTED_EDGE( '', *, *, #8077, .F. );
#5708 = ORIENTED_EDGE( '', *, *, #8042, .T. );
#5709 = ORIENTED_EDGE( '', *, *, #8076, .T. );
#5710 = CARTESIAN_POINT( '', ( 1.00000000000000, 3.10000000000000, -3.40000000000000 ) );
#5711 = DIRECTION( '', ( 1.00000000000000, -0.000000000000000, -0.000000000000000 ) );
#5712 = DIRECTION( '', ( 0.000000000000000, 0.000000000000000, 1.00000000000000 ) );
#5713 = ORIENTED_EDGE( '', *, *, #8058, .F. );
#5714 = ORIENTED_EDGE( '', *, *, #8078, .F. );
#5715 = ORIENTED_EDGE( '', *, *, #8043, .T. );
#5716 = ORIENTED_EDGE( '', *, *, #8077, .T. );
#5717 = CARTESIAN_POINT( '', ( 1.00000000000000, 3.10000000000000, -3.60000000000000 ) );
#5718 = DIRECTION( '', ( 0.000000000000000, -3.61400724161835E-016, 1.00000000000000 ) );
#5719 = DIRECTION( '', ( 0.000000000000000, -1.00000000000000, -3.61400724161835E-016 ) );
#5720 = ORIENTED_EDGE( '', *, *, #8057, .F. );
#5721 = ORIENTED_EDGE( '', *, *, #8079, .F. );
#5722 = ORIENTED_EDGE( '', *, *, #8044, .T. );
#5723 = ORIENTED_EDGE( '', *, *, #8078, .T. );
#5724 = CARTESIAN_POINT( '', ( 1.00000000000000, 1.90000000000000, -3.60000000000000 ) );
#5725 = DIRECTION( '', ( 0.000000000000000, -1.00000000000000, 0.000000000000000 ) );
#5726 = DIRECTION( '', ( 0.000000000000000, 0.000000000000000, -1.00000000000000 ) );
#5727 = ORIENTED_EDGE( '', *, *, #8056, .F. );
#5728 = ORIENTED_EDGE( '', *, *, #8080, .F. );
#5729 = ORIENTED_EDGE( '', *, *, #8045, .T. );
#5730 = ORIENTED_EDGE( '', *, *, #8079, .T. );
#5731 = CARTESIAN_POINT( '', ( 1.00000000000000, 3.10000000000000, -4.00000000000000 ) );
#5732 = DIRECTION( '', ( 0.000000000000000, 0.000000000000000, -1.00000000000000 ) );
#5733 = DIRECTION( '', ( -1.00000000000000, 0.000000000000000, 0.000000000000000 ) );
#5734 = ORIENTED_EDGE( '', *, *, #8055, .F. );
#5735 = ORIENTED_EDGE( '', *, *, #8081, .F. );
#5736 = ORIENTED_EDGE( '', *, *, #8046, .T. );
#5737 = ORIENTED_EDGE( '', *, *, #8080, .T. );
#5738 = CARTESIAN_POINT( '', ( 1.00000000000000, 3.10000000000000, -3.40000000000000 ) );
#5739 = DIRECTION( '', ( 1.00000000000000, -0.000000000000000, -0.000000000000000 ) );
#5740 = DIRECTION( '', ( 0.000000000000000, 0.000000000000000, 1.00000000000000 ) );
#5741 = ORIENTED_EDGE( '', *, *, #8054, .F. );
#5742 = ORIENTED_EDGE( '', *, *, #8053, .F. );
#5743 = ORIENTED_EDGE( '', *, *, #8047, .T. );
#5744 = ORIENTED_EDGE( '', *, *, #8081, .T. );
#5745 = CARTESIAN_POINT( '', ( 1.00000000000000, 3.70000000000000, -0.650000000000000 ) );
#5746 = DIRECTION( '', ( 0.000000000000000, 1.00000000000000, 0.000000000000000 ) );
#5747 = DIRECTION( '', ( 0.000000000000000, 0.000000000000000, 1.00000000000000 ) );
#5748 = ORIENTED_EDGE( '', *, *, #8068, .F. );
#5749 = ORIENTED_EDGE( '', *, *, #8029, .F. );
#5750 = ORIENTED_EDGE( '', *, *, #8033, .T. );
#5751 = ORIENTED_EDGE( '', *, *, #8023, .T. );
#5752 = CARTESIAN_POINT( '', ( 1.00000000000000, -3.70000000000000, -0.650000000000000 ) );
#5753 = DIRECTION( '', ( 0.000000000000000, -1.00000000000000, 0.000000000000000 ) );
#5754 = DIRECTION( '', ( 0.000000000000000, 0.000000000000000, -1.00000000000000 ) );
#5755 = COLOUR_RGB( '', 0.200000002980232, 0.200000002980232, 0.200000002980232 );
#5756 = CARTESIAN_POINT( '', ( 1.81125401929260, -1.23950160771704, 3.00000000000000 ) );
#5757 = CARTESIAN_POINT( '', ( 1.81125401929260, -1.23950160771704, 3.00000000000000 ) );
#5758 = CARTESIAN_POINT( '', ( 1.81125401929260, -1.33146302250804, 3.00000000000000 ) );
#5759 = CARTESIAN_POINT( '', ( 1.82926045016077, -1.39834405144694, 3.00000000000000 ) );
#5760 = CARTESIAN_POINT( '', ( 1.86591639871383, -1.44078778135048, 3.00000000000000 ) );
#5761 = CARTESIAN_POINT( '', ( 1.90284708613178, -1.48354962993969, 3.00000000000000 ) );
#5762 = CARTESIAN_POINT( '', ( 1.94887459807074, -1.50445337620579, 3.00000000000000 ) );
#5763 = CARTESIAN_POINT( '', ( 2.05884244372990, -1.50445337620579, 3.00000000000000 ) );
#5764 = CARTESIAN_POINT( '', ( 2.10514469453376, -1.48323151125402, 3.00000000000000 ) );
#5765 = CARTESIAN_POINT( '', ( 2.14180064308682, -1.44143086816720, 3.00000000000000 ) );
#5766 = CARTESIAN_POINT( '', ( 2.17905493599677, -1.39894790256813, 3.00000000000000 ) );
#5767 = CARTESIAN_POINT( '', ( 2.19774919614148, -1.33339228295820, 3.00000000000000 ) );
#5768 = CARTESIAN_POINT( '', ( 2.19774919614148, -1.15718649517685, 3.00000000000000 ) );
#5769 = CARTESIAN_POINT( '', ( 2.17845659163987, -1.09287781350482, 3.00000000000000 ) );
#5770 = CARTESIAN_POINT( '', ( 2.14051446945338, -1.04914790996784, 3.00000000000000 ) );
#5771 = CARTESIAN_POINT( '', ( 2.10229614921519, -1.00509967647298, 3.00000000000000 ) );
#5772 = CARTESIAN_POINT( '', ( 2.05627009646302, -0.983553054662379, 3.00000000000000 ) );
#5773 = CARTESIAN_POINT( '', ( 1.94887459807074, -0.983553054662379, 3.00000000000000 ) );
#5774 = CARTESIAN_POINT( '', ( 1.90385852090032, -1.00477491961415, 3.00000000000000 ) );
#5775 = CARTESIAN_POINT( '', ( 1.86655948553055, -1.04786173633440, 3.00000000000000 ) );
#5776 = CARTESIAN_POINT( '', ( 1.82953593011130, -1.09063032621527, 3.00000000000000 ) );
#5777 = CARTESIAN_POINT( '', ( 1.81125401929260, -1.15461414790997, 3.00000000000000 ) );
#5778 = CARTESIAN_POINT( '', ( 1.81125401929260, -1.23950160771704, 3.00000000000000 ) );
#5779 = COLOUR_RGB( '', 0.800000071525574, 0.800000071525574, 0.800000011920929 );
#5780 = CARTESIAN_POINT( '', ( -3.14799691988393, 0.906242172369820, 3.00000000000000 ) );
#5781 = CARTESIAN_POINT( '', ( -3.14799691988393, 0.969059135194855, 3.00000000000000 ) );
#5782 = CARTESIAN_POINT( '', ( -3.14799691988393, 0.906242172369820, 3.00000000000000 ) );
#5783 = CARTESIAN_POINT( '', ( -3.14799691988393, 0.912523868652324, 3.00000000000000 ) );
#5784 = CARTESIAN_POINT( '', ( -3.14799691988393, 0.963405608540602, 3.00000000000000 ) );
#5785 = CARTESIAN_POINT( '', ( -3.14799691988393, 0.969059135194855, 3.00000000000000 ) );
#5786 = CARTESIAN_POINT( '', ( -3.14799691988393, 0.906242172369820, 2.99000000000000 ) );
#5787 = CARTESIAN_POINT( '', ( -3.14799691988393, 0.906242172369820, 2.99000000000000 ) );
#5788 = VECTOR( '', #8082, 1000.00000000000 );
#5789 = CARTESIAN_POINT( '', ( -3.14799691988393, 0.969059135194855, 2.99000000000000 ) );
#5790 = CARTESIAN_POINT( '', ( -3.14799691988393, 0.906242172369820, 2.99000000000000 ) );
#5791 = CARTESIAN_POINT( '', ( -3.14799691988393, 0.912523868652324, 2.99000000000000 ) );
#5792 = CARTESIAN_POINT( '', ( -3.14799691988393, 0.963405608540602, 2.99000000000000 ) );
#5793 = CARTESIAN_POINT( '', ( -3.14799691988393, 0.969059135194855, 2.99000000000000 ) );
#5794 = CARTESIAN_POINT( '', ( -3.14799691988393, 0.969059135194855, 2.99000000000000 ) );
#5795 = VECTOR( '', #8083, 1000.00000000000 );
#5796 = COLOUR_RGB( '', 0.800000071525574, 0.800000071525574, 0.800000011920929 );
#5797 = CARTESIAN_POINT( '', ( 2.12378756295247, 1.45710069570550, 3.00000000000000 ) );
#5798 = CARTESIAN_POINT( '', ( 3.13137380997081, 1.45710069570550, 3.00000000000000 ) );
#5799 = CARTESIAN_POINT( '', ( 2.12378756295247, 1.45710069570550, 3.00000000000000 ) );
#5800 = CARTESIAN_POINT( '', ( 2.22454618765430, 1.45710069570550, 3.00000000000000 ) );
#5801 = CARTESIAN_POINT( '', ( 3.04069104773916, 1.45710069570550, 3.00000000000000 ) );
#5802 = CARTESIAN_POINT( '', ( 3.13137380997081, 1.45710069570550, 3.00000000000000 ) );
#5803 = CARTESIAN_POINT( '', ( 2.12378756295247, 1.45710069570550, 2.99000000000000 ) );
#5804 = CARTESIAN_POINT( '', ( 2.12378756295247, 1.45710069570550, 2.99000000000000 ) );
#5805 = VECTOR( '', #8084, 1000.00000000000 );
#5806 = CARTESIAN_POINT( '', ( 3.13137380997081, 1.45710069570550, 2.99000000000000 ) );
#5807 = CARTESIAN_POINT( '', ( 2.12378756295247, 1.45710069570550, 2.99000000000000 ) );
#5808 = CARTESIAN_POINT( '', ( 2.22454618765430, 1.45710069570550, 2.99000000000000 ) );
#5809 = CARTESIAN_POINT( '', ( 3.04069104773916, 1.45710069570550, 2.99000000000000 ) );
#5810 = CARTESIAN_POINT( '', ( 3.13137380997081, 1.45710069570550, 2.99000000000000 ) );
#5811 = CARTESIAN_POINT( '', ( 3.13137380997081, 1.45710069570550, 2.99000000000000 ) );
#5812 = VECTOR( '', #8085, 1000.00000000000 );
#5813 = COLOUR_RGB( '', 0.800000071525574, 0.800000071525574, 0.800000011920929 );
#5814 = CARTESIAN_POINT( '', ( 0.128295819935692, -1.32438906752411, 3.00000000000000 ) );
#5815 = CARTESIAN_POINT( '', ( 0.128295819935692, -1.60155948553055, 3.00000000000000 ) );
#5816 = CARTESIAN_POINT( '', ( 0.128295819935692, -1.32438906752411, 3.00000000000000 ) );
#5817 = CARTESIAN_POINT( '', ( 0.128295819935692, -1.60155948553055, 3.00000000000000 ) );
#5818 = CARTESIAN_POINT( '', ( 0.128295819935692, -1.32438906752411, 2.99000000000000 ) );
#5819 = CARTESIAN_POINT( '', ( 0.128295819935692, -1.32438906752411, 2.99000000000000 ) );
#5820 = VECTOR( '', #8086, 1000.00000000000 );
#5821 = CARTESIAN_POINT( '', ( 0.128295819935692, -1.60155948553055, 2.99000000000000 ) );
#5822 = CARTESIAN_POINT( '', ( 0.128295819935692, -1.32438906752411, 2.99000000000000 ) );
#5823 = CARTESIAN_POINT( '', ( 0.128295819935692, -1.60155948553055, 2.99000000000000 ) );
#5824 = CARTESIAN_POINT( '', ( 0.128295819935692, -1.60155948553055, 2.99000000000000 ) );
#5825 = VECTOR( '', #8087, 1000.00000000000 );
#5826 = COLOUR_RGB( '', 0.800000071525574, 0.800000071525574, 0.800000011920929 );
#5827 = CARTESIAN_POINT( '', ( 0.128295819935692, -0.635000000000000, 3.00000000000000 ) );
#5828 = CARTESIAN_POINT( '', ( 0.128295819935692, -1.18483922829582, 3.00000000000000 ) );
#5829 = CARTESIAN_POINT( '', ( 0.128295819935692, -0.635000000000000, 3.00000000000000 ) );
#5830 = CARTESIAN_POINT( '', ( 0.128295819935692, -1.18483922829582, 3.00000000000000 ) );
#5831 = CARTESIAN_POINT( '', ( 0.128295819935692, -0.635000000000000, 2.99000000000000 ) );
#5832 = CARTESIAN_POINT( '', ( 0.128295819935692, -0.635000000000000, 2.99000000000000 ) );
#5833 = VECTOR( '', #8088, 1000.00000000000 );
#5834 = CARTESIAN_POINT( '', ( 0.128295819935692, -1.18483922829582, 2.99000000000000 ) );
#5835 = CARTESIAN_POINT( '', ( 0.128295819935692, -0.635000000000000, 2.99000000000000 ) );
#5836 = CARTESIAN_POINT( '', ( 0.128295819935692, -1.18483922829582, 2.99000000000000 ) );
#5837 = CARTESIAN_POINT( '', ( 0.128295819935692, -1.18483922829582, 2.99000000000000 ) );
#5838 = VECTOR( '', #8089, 1000.00000000000 );
#5839 = COLOUR_RGB( '', 0.800000071525574, 0.800000071525574, 0.800000011920929 );
#5840 = CARTESIAN_POINT( '', ( 0.00996784565916443, -1.60155948553055, 3.00000000000000 ) );
#5841 = CARTESIAN_POINT( '', ( 0.00996784565916443, -0.635000000000000, 3.00000000000000 ) );
#5842 = CARTESIAN_POINT( '', ( 0.00996784565916443, -1.60155948553055, 3.00000000000000 ) );
#5843 = CARTESIAN_POINT( '', ( 0.00996784565916443, -0.635000000000000, 3.00000000000000 ) );
#5844 = CARTESIAN_POINT( '', ( 0.00996784565916443, -1.60155948553055, 2.99000000000000 ) );
#5845 = CARTESIAN_POINT( '', ( 0.00996784565916443, -1.60155948553055, 2.99000000000000 ) );
#5846 = VECTOR( '', #8090, 1000.00000000000 );
#5847 = CARTESIAN_POINT( '', ( 0.00996784565916443, -0.635000000000000, 2.99000000000000 ) );
#5848 = CARTESIAN_POINT( '', ( 0.00996784565916443, -1.60155948553055, 2.99000000000000 ) );
#5849 = CARTESIAN_POINT( '', ( 0.00996784565916443, -0.635000000000000, 2.99000000000000 ) );
#5850 = CARTESIAN_POINT( '', ( 0.00996784565916443, -0.635000000000000, 2.99000000000000 ) );
#5851 = VECTOR( '', #8091, 1000.00000000000 );
#5852 = COLOUR_RGB( '', 0.800000071525574, 0.800000071525574, 0.800000011920929 );
#5853 = CARTESIAN_POINT( '', ( -2.30578778135048, -1.60155948553055, 3.00000000000000 ) );
#5854 = CARTESIAN_POINT( '', ( -2.30578778135048, -0.635000000000000, 3.00000000000000 ) );
#5855 = CARTESIAN_POINT( '', ( -2.30578778135048, -1.60155948553055, 3.00000000000000 ) );
#5856 = CARTESIAN_POINT( '', ( -2.30578778135048, -1.27937299035370, 3.00000000000000 ) );
#5857 = CARTESIAN_POINT( '', ( -2.30578778135048, -0.957186495176848, 3.00000000000000 ) );
#5858 = CARTESIAN_POINT( '', ( -2.30578778135048, -0.635000000000000, 3.00000000000000 ) );
#5859 = CARTESIAN_POINT( '', ( -2.30578778135048, -1.60155948553055, 2.99000000000000 ) );
#5860 = CARTESIAN_POINT( '', ( -2.30578778135048, -1.60155948553055, 2.99000000000000 ) );
#5861 = VECTOR( '', #8092, 1000.00000000000 );
#5862 = CARTESIAN_POINT( '', ( -2.30578778135048, -0.635000000000000, 2.99000000000000 ) );
#5863 = CARTESIAN_POINT( '', ( -2.30578778135048, -1.60155948553055, 2.99000000000000 ) );
#5864 = CARTESIAN_POINT( '', ( -2.30578778135048, -1.27937299035370, 2.99000000000000 ) );
#5865 = CARTESIAN_POINT( '', ( -2.30578778135048, -0.957186495176848, 2.99000000000000 ) );
#5866 = CARTESIAN_POINT( '', ( -2.30578778135048, -0.635000000000000, 2.99000000000000 ) );
#5867 = CARTESIAN_POINT( '', ( -2.30578778135048, -0.635000000000000, 2.99000000000000 ) );
#5868 = VECTOR( '', #8093, 1000.00000000000 );
#5869 = COLOUR_RGB( '', 0.800000071525574, 0.800000071525574, 0.800000011920929 );
#5870 = CARTESIAN_POINT( '', ( 1.05349251834856, 2.77668957598912, 3.00000000000000 ) );
#5871 = CARTESIAN_POINT( '', ( -0.193057783979653, 2.77668957598912, 3.00000000000000 ) );
#5872 = CARTESIAN_POINT( '', ( 1.05349251834856, 2.77668957598912, 3.00000000000000 ) );
#5873 = VECTOR( '', #8094, 1000.00000000000 );
#5874 = CARTESIAN_POINT( '', ( -0.193057783979653, 2.77668957598912, 2.99000000000000 ) );
#5875 = CARTESIAN_POINT( '', ( -0.193057783979653, 2.77668957598912, 2.99000000000000 ) );
#5876 = VECTOR( '', #8095, 1000.00000000000 );
#5877 = CARTESIAN_POINT( '', ( 1.05349251834856, 2.77668957598912, 2.99000000000000 ) );
#5878 = CARTESIAN_POINT( '', ( 1.05349251834856, 2.77668957598912, 2.99000000000000 ) );
#5879 = VECTOR( '', #8096, 1000.00000000000 );
#5880 = CARTESIAN_POINT( '', ( 1.05349251834856, 2.77668957598912, 2.99000000000000 ) );
#5881 = VECTOR( '', #8097, 1000.00000000000 );
#5882 = COLOUR_RGB( '', 0.800000071525574, 0.800000071525574, 0.800000011920929 );
#5883 = CARTESIAN_POINT( '', ( -2.53242854203242, 2.77668957598912, 3.00000000000000 ) );
#5884 = CARTESIAN_POINT( '', ( -2.09349400024336, 2.77668957598912, 3.00000000000000 ) );
#5885 = CARTESIAN_POINT( '', ( -2.53242854203242, 2.77668957598912, 3.00000000000000 ) );
#5886 = VECTOR( '', #8098, 1000.00000000000 );
#5887 = CARTESIAN_POINT( '', ( -2.53242854203242, 2.77668957598912, 2.99000000000000 ) );
#5888 = CARTESIAN_POINT( '', ( -2.53242854203242, 2.77668957598912, 2.99000000000000 ) );
#5889 = VECTOR( '', #8099, 1000.00000000000 );
#5890 = CARTESIAN_POINT( '', ( -2.09349400024336, 2.77668957598912, 2.99000000000000 ) );
#5891 = CARTESIAN_POINT( '', ( -2.53242854203242, 2.77668957598912, 2.99000000000000 ) );
#5892 = VECTOR( '', #8100, 1000.00000000000 );
#5893 = CARTESIAN_POINT( '', ( -2.09349400024336, 2.77668957598912, 2.99000000000000 ) );
#5894 = VECTOR( '', #8101, 1000.00000000000 );
#5895 = COLOUR_RGB( '', 0.800000071525574, 0.800000071525574, 0.800000011920929 );
#5896 = CARTESIAN_POINT( '', ( 2.41761843598597, 0.969059135194855, 3.00000000000000 ) );
#5897 = CARTESIAN_POINT( '', ( -3.14799691988393, 0.969059135194855, 3.00000000000000 ) );
#5898 = CARTESIAN_POINT( '', ( -2.59143538429695, 0.969059135194855, 3.00000000000000 ) );
#5899 = CARTESIAN_POINT( '', ( 1.91671305395767, 0.969059135194855, 3.00000000000000 ) );
#5900 = CARTESIAN_POINT( '', ( 2.41761843598597, 0.969059135194855, 3.00000000000000 ) );
#5901 = CARTESIAN_POINT( '', ( 2.41761843598597, 0.969059135194855, 2.99000000000000 ) );
#5902 = CARTESIAN_POINT( '', ( -3.14799691988393, 0.969059135194855, 2.99000000000000 ) );
#5903 = CARTESIAN_POINT( '', ( -2.59143538429695, 0.969059135194855, 2.99000000000000 ) );
#5904 = CARTESIAN_POINT( '', ( 1.91671305395767, 0.969059135194855, 2.99000000000000 ) );
#5905 = CARTESIAN_POINT( '', ( 2.41761843598597, 0.969059135194855, 2.99000000000000 ) );
#5906 = CARTESIAN_POINT( '', ( 2.41761843598597, 0.969059135194855, 2.99000000000000 ) );
#5907 = VECTOR( '', #8102, 1000.00000000000 );
#5908 = COLOUR_RGB( '', 0.800000071525574, 0.800000071525574, 0.800000011920929 );
#5909 = CARTESIAN_POINT( '', ( -1.78745980707395, -1.60155948553055, 3.00000000000000 ) );
#5910 = CARTESIAN_POINT( '', ( -1.90257234726688, -1.60155948553055, 3.00000000000000 ) );
#5911 = CARTESIAN_POINT( '', ( -1.78745980707395, -1.60155948553055, 3.00000000000000 ) );
#5912 = CARTESIAN_POINT( '', ( -1.82583065380493, -1.60155948553055, 3.00000000000000 ) );
#5913 = CARTESIAN_POINT( '', ( -1.86420150053590, -1.60155948553055, 3.00000000000000 ) );
#5914 = CARTESIAN_POINT( '', ( -1.90257234726688, -1.60155948553055, 3.00000000000000 ) );
#5915 = CARTESIAN_POINT( '', ( -1.78745980707395, -1.60155948553055, 2.99000000000000 ) );
#5916 = CARTESIAN_POINT( '', ( -1.78745980707395, -1.60155948553055, 2.99000000000000 ) );
#5917 = VECTOR( '', #8103, 1000.00000000000 );
#5918 = CARTESIAN_POINT( '', ( -1.90257234726688, -1.60155948553055, 2.99000000000000 ) );
#5919 = CARTESIAN_POINT( '', ( -1.78745980707395, -1.60155948553055, 2.99000000000000 ) );
#5920 = CARTESIAN_POINT( '', ( -1.82583065380493, -1.60155948553055, 2.99000000000000 ) );
#5921 = CARTESIAN_POINT( '', ( -1.86420150053590, -1.60155948553055, 2.99000000000000 ) );
#5922 = CARTESIAN_POINT( '', ( -1.90257234726688, -1.60155948553055, 2.99000000000000 ) );
#5923 = CARTESIAN_POINT( '', ( -1.90257234726688, -1.60155948553055, 2.99000000000000 ) );
#5924 = VECTOR( '', #8104, 1000.00000000000 );
#5925 = COLOUR_RGB( '', 0.800000071525574, 0.800000071525574, 0.800000011920929 );
#5926 = CARTESIAN_POINT( '', ( 1.43569131832797, -1.60155948553055, 3.00000000000000 ) );
#5927 = CARTESIAN_POINT( '', ( 1.10321543408360, -1.60155948553055, 3.00000000000000 ) );
#5928 = CARTESIAN_POINT( '', ( 1.43569131832797, -1.60155948553055, 3.00000000000000 ) );
#5929 = CARTESIAN_POINT( '', ( 1.43569131832797, -1.45965166130761, 3.00000000000000 ) );
#5930 = CARTESIAN_POINT( '', ( 1.43569131832797, -1.31774383708467, 3.00000000000000 ) );
#5931 = CARTESIAN_POINT( '', ( 1.43569131832797, -1.17583601286174, 3.00000000000000 ) );
#5932 = CARTESIAN_POINT( '', ( 1.43569131832797, -1.12760450160772, 3.00000000000000 ) );
#5933 = CARTESIAN_POINT( '', ( 1.43118971061093, -1.09159163987138, 3.00000000000000 ) );
#5934 = CARTESIAN_POINT( '', ( 1.42154340836013, -1.06779742765273, 3.00000000000000 ) );
#5935 = CARTESIAN_POINT( '', ( 1.41176397019369, -1.04367481350886, 3.00000000000000 ) );
#5936 = CARTESIAN_POINT( '', ( 1.39581993569132, -1.02471061093248, 3.00000000000000 ) );
#5937 = CARTESIAN_POINT( '', ( 1.37266881028939, -1.00991961414791, 3.00000000000000 ) );
#5938 = CARTESIAN_POINT( '', ( 1.34935277276131, -0.995023256838303, 3.00000000000000 ) );
#5939 = CARTESIAN_POINT( '', ( 1.32122186495177, -0.988697749196141, 3.00000000000000 ) );
#5940 = CARTESIAN_POINT( '', ( 1.23890675241158, -0.988697749196141, 3.00000000000000 ) );
#5941 = CARTESIAN_POINT( '', ( 1.19517684887460, -1.00477491961415, 3.00000000000000 ) );
#5942 = CARTESIAN_POINT( '', ( 1.15787781350482, -1.03692926045016, 3.00000000000000 ) );
#5943 = CARTESIAN_POINT( '', ( 1.12094769765269, -1.06876556721924, 3.00000000000000 ) );
#5944 = CARTESIAN_POINT( '', ( 1.10321543408360, -1.13017684887460, 3.00000000000000 ) );
#5945 = CARTESIAN_POINT( '', ( 1.10321543408360, -1.21956591639871, 3.00000000000000 ) );
#5946 = CARTESIAN_POINT( '', ( 1.10321543408360, -1.34689710610932, 3.00000000000000 ) );
#5947 = CARTESIAN_POINT( '', ( 1.10321543408360, -1.47422829581993, 3.00000000000000 ) );
#5948 = CARTESIAN_POINT( '', ( 1.10321543408360, -1.60155948553055, 3.00000000000000 ) );
#5949 = CARTESIAN_POINT( '', ( 1.43569131832797, -1.60155948553055, 2.99000000000000 ) );
#5950 = CARTESIAN_POINT( '', ( 1.43569131832797, -1.60155948553055, 2.99000000000000 ) );
#5951 = VECTOR( '', #8105, 1000.00000000000 );
#5952 = CARTESIAN_POINT( '', ( 1.10321543408360, -1.60155948553055, 2.99000000000000 ) );
#5953 = CARTESIAN_POINT( '', ( 1.43569131832797, -1.60155948553055, 2.99000000000000 ) );
#5954 = CARTESIAN_POINT( '', ( 1.43569131832797, -1.45965166130761, 2.99000000000000 ) );
#5955 = CARTESIAN_POINT( '', ( 1.43569131832797, -1.31774383708467, 2.99000000000000 ) );
#5956 = CARTESIAN_POINT( '', ( 1.43569131832797, -1.17583601286174, 2.99000000000000 ) );
#5957 = CARTESIAN_POINT( '', ( 1.43569131832797, -1.12760450160772, 2.99000000000000 ) );
#5958 = CARTESIAN_POINT( '', ( 1.43118971061093, -1.09159163987138, 2.99000000000000 ) );
#5959 = CARTESIAN_POINT( '', ( 1.42154340836013, -1.06779742765273, 2.99000000000000 ) );
#5960 = CARTESIAN_POINT( '', ( 1.41176397019369, -1.04367481350886, 2.99000000000000 ) );
#5961 = CARTESIAN_POINT( '', ( 1.39581993569132, -1.02471061093248, 2.99000000000000 ) );
#5962 = CARTESIAN_POINT( '', ( 1.37266881028939, -1.00991961414791, 2.99000000000000 ) );
#5963 = CARTESIAN_POINT( '', ( 1.34935277276131, -0.995023256838303, 2.99000000000000 ) );
#5964 = CARTESIAN_POINT( '', ( 1.32122186495177, -0.988697749196141, 2.99000000000000 ) );
#5965 = CARTESIAN_POINT( '', ( 1.23890675241158, -0.988697749196141, 2.99000000000000 ) );
#5966 = CARTESIAN_POINT( '', ( 1.19517684887460, -1.00477491961415, 2.99000000000000 ) );
#5967 = CARTESIAN_POINT( '', ( 1.15787781350482, -1.03692926045016, 2.99000000000000 ) );
#5968 = CARTESIAN_POINT( '', ( 1.12094769765269, -1.06876556721924, 2.99000000000000 ) );
#5969 = CARTESIAN_POINT( '', ( 1.10321543408360, -1.13017684887460, 2.99000000000000 ) );
#5970 = CARTESIAN_POINT( '', ( 1.10321543408360, -1.21956591639871, 2.99000000000000 ) );
#5971 = CARTESIAN_POINT( '', ( 1.10321543408360, -1.34689710610932, 2.99000000000000 ) );
#5972 = CARTESIAN_POINT( '', ( 1.10321543408360, -1.47422829581993, 2.99000000000000 ) );
#5973 = CARTESIAN_POINT( '', ( 1.10321543408360, -1.60155948553055, 2.99000000000000 ) );
#5974 = CARTESIAN_POINT( '', ( 1.10321543408360, -1.60155948553055, 2.99000000000000 ) );
#5975 = VECTOR( '', #8106, 1000.00000000000 );
#5976 = COLOUR_RGB( '', 0.800000071525574, 0.800000071525574, 0.800000011920929 );
#5977 = CARTESIAN_POINT( '', ( -1.38231511254019, -0.635000000000000, 3.00000000000000 ) );
#5978 = CARTESIAN_POINT( '', ( -1.38231511254019, -1.60155948553055, 3.00000000000000 ) );
#5979 = CARTESIAN_POINT( '', ( -1.38231511254019, -0.635000000000000, 3.00000000000000 ) );
#5980 = CARTESIAN_POINT( '', ( -1.38231511254019, -0.957186495176848, 3.00000000000000 ) );
#5981 = CARTESIAN_POINT( '', ( -1.38231511254019, -1.27937299035370, 3.00000000000000 ) );
#5982 = CARTESIAN_POINT( '', ( -1.38231511254019, -1.60155948553055, 3.00000000000000 ) );
#5983 = CARTESIAN_POINT( '', ( -1.38231511254019, -0.635000000000000, 2.99000000000000 ) );
#5984 = CARTESIAN_POINT( '', ( -1.38231511254019, -0.635000000000000, 2.99000000000000 ) );
#5985 = VECTOR( '', #8107, 1000.00000000000 );
#5986 = CARTESIAN_POINT( '', ( -1.38231511254019, -1.60155948553055, 2.99000000000000 ) );
#5987 = CARTESIAN_POINT( '', ( -1.38231511254019, -0.635000000000000, 2.99000000000000 ) );
#5988 = CARTESIAN_POINT( '', ( -1.38231511254019, -0.957186495176848, 2.99000000000000 ) );
#5989 = CARTESIAN_POINT( '', ( -1.38231511254019, -1.27937299035370, 2.99000000000000 ) );
#5990 = CARTESIAN_POINT( '', ( -1.38231511254019, -1.60155948553055, 2.99000000000000 ) );
#5991 = CARTESIAN_POINT( '', ( -1.38231511254019, -1.60155948553055, 2.99000000000000 ) );
#5992 = VECTOR( '', #8108, 1000.00000000000 );
#5993 = COLOUR_RGB( '', 0.800000071525574, 0.800000071525574, 0.800000011920929 );
#5994 = CARTESIAN_POINT( '', ( -3.14799691988393, 2.90226941901945, 3.00000000000000 ) );
#5995 = CARTESIAN_POINT( '', ( 2.41761843598597, 2.90226941901945, 3.00000000000000 ) );
#5996 = CARTESIAN_POINT( '', ( -3.14799691988393, 2.90226941901945, 3.00000000000000 ) );
#5997 = CARTESIAN_POINT( '', ( -2.59143538429695, 2.90226941901945, 3.00000000000000 ) );
#5998 = CARTESIAN_POINT( '', ( 1.91671305395767, 2.90226941901945, 3.00000000000000 ) );
#5999 = CARTESIAN_POINT( '', ( 2.41761843598597, 2.90226941901945, 3.00000000000000 ) );
#6000 = CARTESIAN_POINT( '', ( -3.14799691988393, 2.90226941901945, 2.99000000000000 ) );
#6001 = CARTESIAN_POINT( '', ( -3.14799691988393, 2.90226941901945, 2.99000000000000 ) );
#6002 = VECTOR( '', #8109, 1000.00000000000 );
#6003 = CARTESIAN_POINT( '', ( 2.41761843598597, 2.90226941901945, 2.99000000000000 ) );
#6004 = CARTESIAN_POINT( '', ( -3.14799691988393, 2.90226941901945, 2.99000000000000 ) );
#6005 = CARTESIAN_POINT( '', ( -2.59143538429695, 2.90226941901945, 2.99000000000000 ) );
#6006 = CARTESIAN_POINT( '', ( 1.91671305395767, 2.90226941901945, 2.99000000000000 ) );
#6007 = CARTESIAN_POINT( '', ( 2.41761843598597, 2.90226941901945, 2.99000000000000 ) );
#6008 = CARTESIAN_POINT( '', ( 2.41761843598597, 2.90226941901945, 2.99000000000000 ) );
#6009 = VECTOR( '', #8110, 1000.00000000000 );
#6010 = COLOUR_RGB( '', 0.800000071525574, 0.800000071525574, 0.800000011920929 );
#6011 = CARTESIAN_POINT( '', ( 0.277082429397897, 1.45723590225484, 3.00000000000000 ) );
#6012 = CARTESIAN_POINT( '', ( -0.461956569314197, 1.45723590225484, 3.00000000000000 ) );
#6013 = CARTESIAN_POINT( '', ( 0.277082429397897, 1.45723590225484, 3.00000000000000 ) );
#6014 = VECTOR( '', #8111, 1000.00000000000 );
#6015 = CARTESIAN_POINT( '', ( -0.461956569314197, 1.45723590225484, 2.99000000000000 ) );
#6016 = CARTESIAN_POINT( '', ( -0.461956569314197, 1.45723590225484, 2.99000000000000 ) );
#6017 = VECTOR( '', #8112, 1000.00000000000 );
#6018 = CARTESIAN_POINT( '', ( 0.277082429397897, 1.45723590225484, 2.99000000000000 ) );
#6019 = CARTESIAN_POINT( '', ( 0.277082429397897, 1.45723590225484, 2.99000000000000 ) );
#6020 = VECTOR( '', #8113, 1000.00000000000 );
#6021 = CARTESIAN_POINT( '', ( 0.277082429397897, 1.45723590225484, 2.99000000000000 ) );
#6022 = VECTOR( '', #8114, 1000.00000000000 );
#6023 = COLOUR_RGB( '', 0.800000071525574, 0.800000071525574, 0.800000011920929 );
#6024 = CARTESIAN_POINT( '', ( 3.13137380997081, 0.969059135194855, 3.00000000000000 ) );
#6025 = CARTESIAN_POINT( '', ( 3.13137380997081, 0.906242172369820, 3.00000000000000 ) );
#6026 = CARTESIAN_POINT( '', ( 3.13137380997081, 0.969059135194855, 3.00000000000000 ) );
#6027 = CARTESIAN_POINT( '', ( 3.13137380997081, 0.962777438912351, 3.00000000000000 ) );
#6028 = CARTESIAN_POINT( '', ( 3.13137380997081, 0.911895699024074, 3.00000000000000 ) );
#6029 = CARTESIAN_POINT( '', ( 3.13137380997081, 0.906242172369820, 3.00000000000000 ) );
#6030 = CARTESIAN_POINT( '', ( 3.13137380997081, 0.969059135194855, 2.99000000000000 ) );
#6031 = CARTESIAN_POINT( '', ( 3.13137380997081, 0.969059135194855, 2.99000000000000 ) );
#6032 = VECTOR( '', #8115, 1000.00000000000 );
#6033 = CARTESIAN_POINT( '', ( 3.13137380997081, 0.906242172369820, 2.99000000000000 ) );
#6034 = CARTESIAN_POINT( '', ( 3.13137380997081, 0.969059135194855, 2.99000000000000 ) );
#6035 = CARTESIAN_POINT( '', ( 3.13137380997081, 0.962777438912351, 2.99000000000000 ) );
#6036 = CARTESIAN_POINT( '', ( 3.13137380997081, 0.911895699024074, 2.99000000000000 ) );
#6037 = CARTESIAN_POINT( '', ( 3.13137380997081, 0.906242172369820, 2.99000000000000 ) );
#6038 = CARTESIAN_POINT( '', ( 3.13137380997081, 0.906242172369820, 2.99000000000000 ) );
#6039 = VECTOR( '', #8116, 1000.00000000000 );
#6040 = COLOUR_RGB( '', 0.800000071525574, 0.800000071525574, 0.800000011920929 );
#6041 = CARTESIAN_POINT( '', ( 3.13137380997081, 1.94514225621614, 3.00000000000000 ) );
#6042 = CARTESIAN_POINT( '', ( 3.13137380997081, 1.88232529339111, 3.00000000000000 ) );
#6043 = CARTESIAN_POINT( '', ( 3.13137380997081, 1.94514225621614, 3.00000000000000 ) );
#6044 = CARTESIAN_POINT( '', ( 3.13137380997081, 1.93886055993364, 3.00000000000000 ) );
#6045 = CARTESIAN_POINT( '', ( 3.13137380997081, 1.88797882004536, 3.00000000000000 ) );
#6046 = CARTESIAN_POINT( '', ( 3.13137380997081, 1.88232529339111, 3.00000000000000 ) );
#6047 = CARTESIAN_POINT( '', ( 3.13137380997081, 1.94514225621614, 2.99000000000000 ) );
#6048 = CARTESIAN_POINT( '', ( 3.13137380997081, 1.94514225621614, 2.99000000000000 ) );
#6049 = VECTOR( '', #8117, 1000.00000000000 );
#6050 = CARTESIAN_POINT( '', ( 3.13137380997081, 1.88232529339111, 2.99000000000000 ) );
#6051 = CARTESIAN_POINT( '', ( 3.13137380997081, 1.94514225621614, 2.99000000000000 ) );
#6052 = CARTESIAN_POINT( '', ( 3.13137380997081, 1.93886055993364, 2.99000000000000 ) );
#6053 = CARTESIAN_POINT( '', ( 3.13137380997081, 1.88797882004536, 2.99000000000000 ) );
#6054 = CARTESIAN_POINT( '', ( 3.13137380997081, 1.88232529339111, 2.99000000000000 ) );
#6055 = CARTESIAN_POINT( '', ( 3.13137380997081, 1.88232529339111, 2.99000000000000 ) );
#6056 = VECTOR( '', #8118, 1000.00000000000 );
#6057 = COLOUR_RGB( '', 0.200000002980232, 0.200000002980232, 0.200000002980232 );
#6058 = CARTESIAN_POINT( '', ( -0.743086816720256, -1.24979099678457, 3.00000000000000 ) );
#6059 = CARTESIAN_POINT( '', ( -1.06784565916399, -1.49352090032154, 3.00000000000000 ) );
#6060 = CARTESIAN_POINT( '', ( -0.743086816720256, -1.24979099678457, 3.00000000000000 ) );
#6061 = CARTESIAN_POINT( '', ( -0.786173633440514, -1.26779742765273, 3.00000000000000 ) );
#6062 = CARTESIAN_POINT( '', ( -0.851125401929260, -1.28258842443730, 3.00000000000000 ) );
#6063 = CARTESIAN_POINT( '', ( -0.937299035369774, -1.29480707395498, 3.00000000000000 ) );
#6064 = CARTESIAN_POINT( '', ( -0.985563232862062, -1.30165050494270, 3.00000000000000 ) );
#6065 = CARTESIAN_POINT( '', ( -1.02025723472669, -1.31024115755627, 3.00000000000000 ) );
#6066 = CARTESIAN_POINT( '', ( -1.04083601286174, -1.31860128617363, 3.00000000000000 ) );
#6067 = CARTESIAN_POINT( '', ( -1.06108704851182, -1.32682826940648, 3.00000000000000 ) );
#6068 = CARTESIAN_POINT( '', ( -1.07620578778135, -1.34046623794212, 3.00000000000000 ) );
#6069 = CARTESIAN_POINT( '', ( -1.08713826366559, -1.35782958199357, 3.00000000000000 ) );
#6070 = CARTESIAN_POINT( '', ( -1.09778078193798, -1.37473240513206, 3.00000000000000 ) );
#6071 = CARTESIAN_POINT( '', ( -1.10385852090032, -1.39319935691318, 3.00000000000000 ) );
#6072 = CARTESIAN_POINT( '', ( -1.10385852090032, -1.44593247588424, 3.00000000000000 ) );
#6073 = CARTESIAN_POINT( '', ( -1.09163987138264, -1.47229903536977, 3.00000000000000 ) );
#6074 = CARTESIAN_POINT( '', ( -1.06784565916399, -1.49352090032154, 3.00000000000000 ) );
#6075 = CARTESIAN_POINT( '', ( -1.06784565916399, -1.49352090032154, 3.00000000000000 ) );
#6076 = CARTESIAN_POINT( '', ( -1.04369327532122, -1.51506221564077, 3.00000000000000 ) );
#6077 = CARTESIAN_POINT( '', ( -1.00803858520900, -1.52503215434083, 3.00000000000000 ) );
#6078 = CARTESIAN_POINT( '', ( -0.915434083601286, -1.52503215434083, 3.00000000000000 ) );
#6079 = CARTESIAN_POINT( '', ( -0.874919614147910, -1.51538585209003, 3.00000000000000 ) );
#6080 = CARTESIAN_POINT( '', ( -0.802893890675241, -1.47551446945338, 3.00000000000000 ) );
#6081 = CARTESIAN_POINT( '', ( -0.776527331189711, -1.44786173633440, 3.00000000000000 ) );
#6082 = CARTESIAN_POINT( '', ( -0.759807073954984, -1.41313504823151, 3.00000000000000 ) );
#6083 = CARTESIAN_POINT( '', ( -0.746829324185936, -1.38618126024964, 3.00000000000000 ) );
#6084 = CARTESIAN_POINT( '', ( -0.740514469453375, -1.34625401929260, 3.00000000000000 ) );
#6085 = CARTESIAN_POINT( '', ( -0.740514469453375, -1.29352090032154, 3.00000000000000 ) );
#6086 = CARTESIAN_POINT( '', ( -0.740514469453375, -1.27894426580922, 3.00000000000000 ) );
#6087 = CARTESIAN_POINT( '', ( -0.742229367631296, -1.26436763129689, 3.00000000000000 ) );
#6088 = CARTESIAN_POINT( '', ( -0.743086816720256, -1.24979099678457, 3.00000000000000 ) );
#6089 = COLOUR_RGB( '', 0.800000071525574, 0.800000071525574, 0.800000011920929 );
#6090 = CARTESIAN_POINT( '', ( -1.50643086816720, -1.60155948553055, 3.00000000000000 ) );
#6091 = CARTESIAN_POINT( '', ( -1.50643086816720, -0.791913183279742, 3.00000000000000 ) );
#6092 = CARTESIAN_POINT( '', ( -1.50643086816720, -1.60155948553055, 3.00000000000000 ) );
#6093 = CARTESIAN_POINT( '', ( -1.50643086816720, -1.33167738478028, 3.00000000000000 ) );
#6094 = CARTESIAN_POINT( '', ( -1.50643086816720, -1.06179528403001, 3.00000000000000 ) );
#6095 = CARTESIAN_POINT( '', ( -1.50643086816720, -0.791913183279742, 3.00000000000000 ) );
#6096 = CARTESIAN_POINT( '', ( -1.50643086816720, -1.60155948553055, 2.99000000000000 ) );
#6097 = CARTESIAN_POINT( '', ( -1.50643086816720, -1.60155948553055, 2.99000000000000 ) );
#6098 = VECTOR( '', #8119, 1000.00000000000 );
#6099 = CARTESIAN_POINT( '', ( -1.50643086816720, -0.791913183279742, 2.99000000000000 ) );
#6100 = CARTESIAN_POINT( '', ( -1.50643086816720, -1.60155948553055, 2.99000000000000 ) );
#6101 = CARTESIAN_POINT( '', ( -1.50643086816720, -1.33167738478028, 2.99000000000000 ) );
#6102 = CARTESIAN_POINT( '', ( -1.50643086816720, -1.06179528403001, 2.99000000000000 ) );
#6103 = CARTESIAN_POINT( '', ( -1.50643086816720, -0.791913183279742, 2.99000000000000 ) );
#6104 = CARTESIAN_POINT( '', ( -1.50643086816720, -0.791913183279742, 2.99000000000000 ) );
#6105 = VECTOR( '', #8120, 1000.00000000000 );
#6106 = COLOUR_RGB( '', 0.800000071525574, 0.800000071525574, 0.800000011920929 );
#6107 = CARTESIAN_POINT( '', ( 0.984244372990354, -0.901237942122186, 3.00000000000000 ) );
#6108 = CARTESIAN_POINT( '', ( 1.09099678456592, -0.901237942122186, 3.00000000000000 ) );
#6109 = CARTESIAN_POINT( '', ( 0.984244372990354, -0.901237942122186, 3.00000000000000 ) );
#6110 = CARTESIAN_POINT( '', ( 1.01982851018221, -0.901237942122186, 3.00000000000000 ) );
#6111 = CARTESIAN_POINT( '', ( 1.05541264737406, -0.901237942122186, 3.00000000000000 ) );
#6112 = CARTESIAN_POINT( '', ( 1.09099678456592, -0.901237942122186, 3.00000000000000 ) );
#6113 = CARTESIAN_POINT( '', ( 0.984244372990354, -0.901237942122186, 2.99000000000000 ) );
#6114 = CARTESIAN_POINT( '', ( 0.984244372990354, -0.901237942122186, 2.99000000000000 ) );
#6115 = VECTOR( '', #8121, 1000.00000000000 );
#6116 = CARTESIAN_POINT( '', ( 1.09099678456592, -0.901237942122186, 2.99000000000000 ) );
#6117 = CARTESIAN_POINT( '', ( 0.984244372990354, -0.901237942122186, 2.99000000000000 ) );
#6118 = CARTESIAN_POINT( '', ( 1.01982851018221, -0.901237942122186, 2.99000000000000 ) );
#6119 = CARTESIAN_POINT( '', ( 1.05541264737406, -0.901237942122186, 2.99000000000000 ) );
#6120 = CARTESIAN_POINT( '', ( 1.09099678456592, -0.901237942122186, 2.99000000000000 ) );
#6121 = CARTESIAN_POINT( '', ( 1.09099678456592, -0.901237942122186, 2.99000000000000 ) );
#6122 = VECTOR( '', #8122, 1000.00000000000 );
#6123 = COLOUR_RGB( '', 0.800000071525574, 0.800000071525574, 0.800000011920929 );
#6124 = CARTESIAN_POINT( '', ( -1.21013553076192, 1.03163272623107, 3.00000000000000 ) );
#6125 = CARTESIAN_POINT( '', ( -0.193057783979653, 2.77668957598912, 3.00000000000000 ) );
#6126 = VECTOR( '', #8123, 1000.00000000000 );
#6127 = CARTESIAN_POINT( '', ( -1.21013553076192, 1.03163272623107, 2.99000000000000 ) );
#6128 = CARTESIAN_POINT( '', ( -1.21013553076192, 1.03163272623107, 2.99000000000000 ) );
#6129 = VECTOR( '', #8124, 1000.00000000000 );
#6130 = CARTESIAN_POINT( '', ( -0.193057783979653, 2.77668957598912, 2.99000000000000 ) );
#6131 = VECTOR( '', #8125, 1000.00000000000 );
#6132 = COLOUR_RGB( '', 0.800000071525574, 0.800000071525574, 0.800000011920929 );
#6133 = CARTESIAN_POINT( '', ( 0.00996784565916443, -0.635000000000000, 3.00000000000000 ) );
#6134 = CARTESIAN_POINT( '', ( 0.128295819935692, -0.635000000000000, 3.00000000000000 ) );
#6135 = CARTESIAN_POINT( '', ( 0.00996784565916443, -0.635000000000000, 2.99000000000000 ) );
#6136 = CARTESIAN_POINT( '', ( 0.128295819935692, -0.635000000000000, 2.99000000000000 ) );
#6137 = COLOUR_RGB( '', 0.800000071525574, 0.800000071525574, 0.800000011920929 );
#6138 = CARTESIAN_POINT( '', ( 2.12378756295247, 2.43315677541691, 3.00000000000000 ) );
#6139 = CARTESIAN_POINT( '', ( 3.13137380997081, 2.43318381672679, 3.00000000000000 ) );
#6140 = CARTESIAN_POINT( '', ( 2.12378756295247, 2.43315677541691, 3.00000000000000 ) );
#6141 = CARTESIAN_POINT( '', ( 2.22454618765430, 2.43315947954790, 3.00000000000000 ) );
#6142 = CARTESIAN_POINT( '', ( 3.04069104773916, 2.43318138300890, 3.00000000000000 ) );
#6143 = CARTESIAN_POINT( '', ( 3.13137380997081, 2.43318381672679, 3.00000000000000 ) );
#6144 = CARTESIAN_POINT( '', ( 2.12378756295247, 2.43315677541691, 2.99000000000000 ) );
#6145 = CARTESIAN_POINT( '', ( 2.12378756295247, 2.43315677541691, 2.99000000000000 ) );
#6146 = VECTOR( '', #8126, 1000.00000000000 );
#6147 = CARTESIAN_POINT( '', ( 3.13137380997081, 2.43318381672679, 2.99000000000000 ) );
#6148 = CARTESIAN_POINT( '', ( 2.12378756295247, 2.43315677541691, 2.99000000000000 ) );
#6149 = CARTESIAN_POINT( '', ( 2.22454618765430, 2.43315947954790, 2.99000000000000 ) );
#6150 = CARTESIAN_POINT( '', ( 3.04069104773916, 2.43318138300890, 2.99000000000000 ) );
#6151 = CARTESIAN_POINT( '', ( 3.13137380997081, 2.43318381672679, 2.99000000000000 ) );
#6152 = CARTESIAN_POINT( '', ( 3.13137380997081, 2.43318381672679, 2.99000000000000 ) );
#6153 = VECTOR( '', #8127, 1000.00000000000 );
#6154 = COLOUR_RGB( '', 0.800000071525574, 0.800000071525574, 0.800000011920929 );
#6155 = CARTESIAN_POINT( '', ( 0.803536977491963, -1.60155948553055, 2.99000000000000 ) );
#6156 = CARTESIAN_POINT( '', ( 0.685209003215435, -1.60155948553055, 2.99000000000000 ) );
#6157 = CARTESIAN_POINT( '', ( 0.803536977491963, -1.60155948553055, 2.99000000000000 ) );
#6158 = CARTESIAN_POINT( '', ( 0.685209003215435, -1.60155948553055, 2.99000000000000 ) );
#6159 = CARTESIAN_POINT( '', ( 0.803536977491963, -0.901237942122186, 2.99000000000000 ) );
#6160 = CARTESIAN_POINT( '', ( 0.803536977491963, -0.901237942122186, 2.99000000000000 ) );
#6161 = CARTESIAN_POINT( '', ( 0.803536977491963, -1.60155948553055, 2.99000000000000 ) );
#6162 = CARTESIAN_POINT( '', ( 0.685209003215435, -0.901237942122186, 2.99000000000000 ) );
#6163 = CARTESIAN_POINT( '', ( 0.685209003215435, -0.901237942122186, 2.99000000000000 ) );
#6164 = CARTESIAN_POINT( '', ( 0.803536977491963, -0.901237942122186, 2.99000000000000 ) );
#6165 = CARTESIAN_POINT( '', ( 0.685209003215435, -1.60155948553055, 2.99000000000000 ) );
#6166 = CARTESIAN_POINT( '', ( 0.685209003215435, -0.901237942122186, 2.99000000000000 ) );
#6167 = COLOUR_RGB( '', 0.800000071525574, 0.800000071525574, 0.800000011920929 );
#6168 = CARTESIAN_POINT( '', ( -1.83119329451679, 1.33138564612582, 3.00000000000000 ) );
#6169 = CARTESIAN_POINT( '', ( -2.02924384799529, 1.03163272623107, 3.00000000000000 ) );
#6170 = CARTESIAN_POINT( '', ( -1.83119329451679, 1.33138564612582, 3.00000000000000 ) );
#6171 = VECTOR( '', #8128, 1000.00000000000 );
#6172 = CARTESIAN_POINT( '', ( -1.83119329451679, 1.33138564612582, 2.99000000000000 ) );
#6173 = CARTESIAN_POINT( '', ( -1.83119329451679, 1.33138564612582, 2.99000000000000 ) );
#6174 = VECTOR( '', #8129, 1000.00000000000 );
#6175 = CARTESIAN_POINT( '', ( -2.02924384799529, 1.03163272623107, 2.99000000000000 ) );
#6176 = CARTESIAN_POINT( '', ( -1.83119329451679, 1.33138564612582, 2.99000000000000 ) );
#6177 = VECTOR( '', #8130, 1000.00000000000 );
#6178 = CARTESIAN_POINT( '', ( -2.02924384799529, 1.03163272623107, 2.99000000000000 ) );
#6179 = VECTOR( '', #8131, 1000.00000000000 );
#6180 = COLOUR_RGB( '', 0.800000071525574, 0.800000071525574, 0.800000011920929 );
#6181 = CARTESIAN_POINT( '', ( 1.09099678456592, -1.00091639871383, 3.00000000000000 ) );
#6182 = CARTESIAN_POINT( '', ( 1.09099678456592, -0.901237942122186, 3.00000000000000 ) );
#6183 = CARTESIAN_POINT( '', ( 1.09099678456592, -0.934464094319399, 3.00000000000000 ) );
#6184 = CARTESIAN_POINT( '', ( 1.09099678456592, -0.967690246516613, 3.00000000000000 ) );
#6185 = CARTESIAN_POINT( '', ( 1.09099678456592, -1.00091639871383, 3.00000000000000 ) );
#6186 = CARTESIAN_POINT( '', ( 1.09099678456592, -1.00091639871383, 2.99000000000000 ) );
#6187 = CARTESIAN_POINT( '', ( 1.09099678456592, -0.901237942122186, 2.99000000000000 ) );
#6188 = CARTESIAN_POINT( '', ( 1.09099678456592, -0.934464094319399, 2.99000000000000 ) );
#6189 = CARTESIAN_POINT( '', ( 1.09099678456592, -0.967690246516613, 2.99000000000000 ) );
#6190 = CARTESIAN_POINT( '', ( 1.09099678456592, -1.00091639871383, 2.99000000000000 ) );
#6191 = CARTESIAN_POINT( '', ( 1.09099678456592, -1.00091639871383, 2.99000000000000 ) );
#6192 = VECTOR( '', #8132, 1000.00000000000 );
#6193 = COLOUR_RGB( '', 0.800000071525574, 0.800000071525574, 0.800000011920929 );
#6194 = CARTESIAN_POINT( '', ( -1.85796419128682, 2.13967743941171, 3.00000000000000 ) );
#6195 = CARTESIAN_POINT( '', ( -1.40296711143575, 2.13967743941171, 3.00000000000000 ) );
#6196 = CARTESIAN_POINT( '', ( -1.85796419128682, 2.13967743941171, 3.00000000000000 ) );
#6197 = VECTOR( '', #8133, 1000.00000000000 );
#6198 = CARTESIAN_POINT( '', ( -1.85796419128682, 2.13967743941171, 2.99000000000000 ) );
#6199 = CARTESIAN_POINT( '', ( -1.85796419128682, 2.13967743941171, 2.99000000000000 ) );
#6200 = VECTOR( '', #8134, 1000.00000000000 );
#6201 = CARTESIAN_POINT( '', ( -1.40296711143575, 2.13967743941171, 2.99000000000000 ) );
#6202 = CARTESIAN_POINT( '', ( -1.85796419128682, 2.13967743941171, 2.99000000000000 ) );
#6203 = VECTOR( '', #8135, 1000.00000000000 );
#6204 = CARTESIAN_POINT( '', ( -1.40296711143575, 2.13967743941171, 2.99000000000000 ) );
#6205 = VECTOR( '', #8136, 1000.00000000000 );
#6206 = COLOUR_RGB( '', 0.800000071525574, 0.800000071525574, 0.800000011920929 );
#6207 = CARTESIAN_POINT( '', ( 3.13137380997081, 2.37036685390175, 3.00000000000000 ) );
#6208 = CARTESIAN_POINT( '', ( 3.13137380997081, 2.43318381672679, 3.00000000000000 ) );
#6209 = CARTESIAN_POINT( '', ( 3.13137380997081, 2.42690212044428, 3.00000000000000 ) );
#6210 = CARTESIAN_POINT( '', ( 3.13137380997081, 2.37602038055600, 3.00000000000000 ) );
#6211 = CARTESIAN_POINT( '', ( 3.13137380997081, 2.37036685390175, 3.00000000000000 ) );
#6212 = CARTESIAN_POINT( '', ( 3.13137380997081, 2.37036685390175, 2.99000000000000 ) );
#6213 = CARTESIAN_POINT( '', ( 3.13137380997081, 2.43318381672679, 2.99000000000000 ) );
#6214 = CARTESIAN_POINT( '', ( 3.13137380997081, 2.42690212044428, 2.99000000000000 ) );
#6215 = CARTESIAN_POINT( '', ( 3.13137380997081, 2.37602038055600, 2.99000000000000 ) );
#6216 = CARTESIAN_POINT( '', ( 3.13137380997081, 2.37036685390175, 2.99000000000000 ) );
#6217 = CARTESIAN_POINT( '', ( 3.13137380997081, 2.37036685390175, 2.99000000000000 ) );
#6218 = VECTOR( '', #8137, 1000.00000000000 );
#6219 = COLOUR_RGB( '', 0.800000071525574, 0.800000071525574, 0.800000011920929 );
#6220 = CARTESIAN_POINT( '', ( -1.33871695918768, 1.03163272623107, 3.00000000000000 ) );
#6221 = CARTESIAN_POINT( '', ( -1.78835985968474, 1.03163272623107, 3.00000000000000 ) );
#6222 = CARTESIAN_POINT( '', ( -1.33871695918768, 1.03163272623107, 3.00000000000000 ) );
#6223 = VECTOR( '', #8138, 1000.00000000000 );
#6224 = CARTESIAN_POINT( '', ( -1.33871695918768, 1.03163272623107, 2.99000000000000 ) );
#6225 = CARTESIAN_POINT( '', ( -1.33871695918768, 1.03163272623107, 2.99000000000000 ) );
#6226 = VECTOR( '', #8139, 1000.00000000000 );
#6227 = CARTESIAN_POINT( '', ( -1.78835985968474, 1.03163272623107, 2.99000000000000 ) );
#6228 = CARTESIAN_POINT( '', ( -1.33871695918768, 1.03163272623107, 2.99000000000000 ) );
#6229 = VECTOR( '', #8140, 1000.00000000000 );
#6230 = CARTESIAN_POINT( '', ( -1.78835985968474, 1.03163272623107, 2.99000000000000 ) );
#6231 = VECTOR( '', #8141, 1000.00000000000 );
#6232 = COLOUR_RGB( '', 0.200000002980232, 0.200000002980232, 0.200000002980232 );
#6233 = CARTESIAN_POINT( '', ( 2.47816392878203, 1.91372025414869, 3.00000000000000 ) );
#6234 = CARTESIAN_POINT( '', ( 2.47816392878203, 1.91372025414869, 3.00000000000000 ) );
#6235 = CARTESIAN_POINT( '', ( 2.47816392878203, 1.82918911949907, 3.00000000000000 ) );
#6236 = CARTESIAN_POINT( '', ( 2.54668660798936, 1.76066644029174, 3.00000000000000 ) );
#6237 = CARTESIAN_POINT( '', ( 2.63121774263898, 1.76066644029174, 3.00000000000000 ) );
#6238 = CARTESIAN_POINT( '', ( 2.71574887728859, 1.76066644029174, 3.00000000000000 ) );
#6239 = CARTESIAN_POINT( '', ( 2.78427155649593, 1.82918911949907, 3.00000000000000 ) );
#6240 = CARTESIAN_POINT( '', ( 2.78427155649593, 1.91372025414869, 3.00000000000000 ) );
#6241 = CARTESIAN_POINT( '', ( 2.78427155649593, 1.99827843010818, 3.00000000000000 ) );
#6242 = CARTESIAN_POINT( '', ( 2.71574887728859, 2.06680110931551, 3.00000000000000 ) );
#6243 = CARTESIAN_POINT( '', ( 2.63121774263898, 2.06680110931551, 3.00000000000000 ) );
#6244 = CARTESIAN_POINT( '', ( 2.54668660798936, 2.06680110931551, 3.00000000000000 ) );
#6245 = CARTESIAN_POINT( '', ( 2.47816392878203, 1.99827843010818, 3.00000000000000 ) );
#6246 = CARTESIAN_POINT( '', ( 2.47816392878203, 1.91372025414869, 3.00000000000000 ) );
#6247 = COLOUR_RGB( '', 0.800000071525574, 0.800000071525574, 0.800000011920929 );
#6248 = CARTESIAN_POINT( '', ( -2.58594329426261, 1.39428373288046, 3.00000000000000 ) );
#6249 = CARTESIAN_POINT( '', ( -3.14799691988393, 1.39428373288046, 3.00000000000000 ) );
#6250 = CARTESIAN_POINT( '', ( -2.58594329426261, 1.39428373288046, 3.00000000000000 ) );
#6251 = VECTOR( '', #8142, 1000.00000000000 );
#6252 = CARTESIAN_POINT( '', ( -2.58594329426261, 1.39428373288046, 2.99000000000000 ) );
#6253 = CARTESIAN_POINT( '', ( -2.58594329426261, 1.39428373288046, 2.99000000000000 ) );
#6254 = VECTOR( '', #8143, 1000.00000000000 );
#6255 = CARTESIAN_POINT( '', ( -3.14799691988393, 1.39428373288046, 2.99000000000000 ) );
#6256 = CARTESIAN_POINT( '', ( -2.58594329426261, 1.39428373288046, 2.99000000000000 ) );
#6257 = VECTOR( '', #8144, 1000.00000000000 );
#6258 = CARTESIAN_POINT( '', ( -3.14799691988393, 1.39428373288046, 2.99000000000000 ) );
#6259 = VECTOR( '', #8145, 1000.00000000000 );
#6260 = COLOUR_RGB( '', 0.800000071525574, 0.800000071525574, 0.800000011920929 );
#6261 = CARTESIAN_POINT( '', ( 1.69661599095631, 1.39428373288046, 3.00000000000000 ) );
#6262 = CARTESIAN_POINT( '', ( 0.365426388739002, 1.39428373288046, 3.00000000000000 ) );
#6263 = CARTESIAN_POINT( '', ( 1.69661599095631, 1.39428373288046, 3.00000000000000 ) );
#6264 = CARTESIAN_POINT( '', ( 1.56349703073457, 1.39428373288046, 3.00000000000000 ) );
#6265 = CARTESIAN_POINT( '', ( 0.485233452938559, 1.39428373288046, 3.00000000000000 ) );
#6266 = CARTESIAN_POINT( '', ( 0.365426388739002, 1.39428373288046, 3.00000000000000 ) );
#6267 = CARTESIAN_POINT( '', ( 1.69661599095631, 1.39428373288046, 2.99000000000000 ) );
#6268 = CARTESIAN_POINT( '', ( 1.69661599095631, 1.39428373288046, 2.99000000000000 ) );
#6269 = VECTOR( '', #8146, 1000.00000000000 );
#6270 = CARTESIAN_POINT( '', ( 0.365426388739002, 1.39428373288046, 2.99000000000000 ) );
#6271 = CARTESIAN_POINT( '', ( 1.69661599095631, 1.39428373288046, 2.99000000000000 ) );
#6272 = CARTESIAN_POINT( '', ( 1.56349703073457, 1.39428373288046, 2.99000000000000 ) );
#6273 = CARTESIAN_POINT( '', ( 0.485233452938559, 1.39428373288046, 2.99000000000000 ) );
#6274 = CARTESIAN_POINT( '', ( 0.365426388739002, 1.39428373288046, 2.99000000000000 ) );
#6275 = CARTESIAN_POINT( '', ( 0.365426388739002, 1.39428373288046, 2.99000000000000 ) );
#6276 = VECTOR( '', #8147, 1000.00000000000 );
#6277 = COLOUR_RGB( '', 0.800000071525574, 0.800000071525574, 0.800000011920929 );
#6278 = CARTESIAN_POINT( '', ( 0.210610932475885, -1.24400321543408, 3.00000000000000 ) );
#6279 = CARTESIAN_POINT( '', ( 0.210610932475885, -1.24400321543408, 3.00000000000000 ) );
#6280 = CARTESIAN_POINT( '', ( 0.128295819935692, -1.32438906752411, 3.00000000000000 ) );
#6281 = CARTESIAN_POINT( '', ( 0.210610932475885, -1.24400321543408, 2.99000000000000 ) );
#6282 = CARTESIAN_POINT( '', ( 0.210610932475885, -1.24400321543408, 2.99000000000000 ) );
#6283 = VECTOR( '', #8148, 1000.00000000000 );
#6284 = CARTESIAN_POINT( '', ( 0.210610932475885, -1.24400321543408, 2.99000000000000 ) );
#6285 = CARTESIAN_POINT( '', ( 0.128295819935692, -1.32438906752411, 2.99000000000000 ) );
#6286 = COLOUR_RGB( '', 0.800000071525574, 0.800000071525574, 0.800000011920929 );
#6287 = CARTESIAN_POINT( '', ( 0.409324758842444, -0.901237942122186, 3.00000000000000 ) );
#6288 = CARTESIAN_POINT( '', ( 0.563022508038586, -0.901237942122186, 3.00000000000000 ) );
#6289 = CARTESIAN_POINT( '', ( 0.409324758842444, -0.901237942122186, 3.00000000000000 ) );
#6290 = CARTESIAN_POINT( '', ( 0.563022508038586, -0.901237942122186, 3.00000000000000 ) );
#6291 = CARTESIAN_POINT( '', ( 0.409324758842444, -0.901237942122186, 2.99000000000000 ) );
#6292 = CARTESIAN_POINT( '', ( 0.409324758842444, -0.901237942122186, 2.99000000000000 ) );
#6293 = VECTOR( '', #8149, 1000.00000000000 );
#6294 = CARTESIAN_POINT( '', ( 0.563022508038586, -0.901237942122186, 2.99000000000000 ) );
#6295 = CARTESIAN_POINT( '', ( 0.409324758842444, -0.901237942122186, 2.99000000000000 ) );
#6296 = CARTESIAN_POINT( '', ( 0.563022508038586, -0.901237942122186, 2.99000000000000 ) );
#6297 = CARTESIAN_POINT( '', ( 0.563022508038586, -0.901237942122186, 2.99000000000000 ) );
#6298 = VECTOR( '', #8150, 1000.00000000000 );
#6299 = COLOUR_RGB( '', 0.800000071525574, 0.800000071525574, 0.800000011920929 );
#6300 = CARTESIAN_POINT( '', ( 0.803536977491963, -0.635000000000000, 3.00000000000000 ) );
#6301 = CARTESIAN_POINT( '', ( 0.803536977491963, -0.770691318327974, 3.00000000000000 ) );
#6302 = CARTESIAN_POINT( '', ( 0.803536977491963, -0.635000000000000, 3.00000000000000 ) );
#6303 = CARTESIAN_POINT( '', ( 0.803536977491963, -0.770691318327974, 3.00000000000000 ) );
#6304 = CARTESIAN_POINT( '', ( 0.803536977491963, -0.635000000000000, 2.99000000000000 ) );
#6305 = CARTESIAN_POINT( '', ( 0.803536977491963, -0.635000000000000, 2.99000000000000 ) );
#6306 = VECTOR( '', #8151, 1000.00000000000 );
#6307 = CARTESIAN_POINT( '', ( 0.803536977491963, -0.770691318327974, 2.99000000000000 ) );
#6308 = CARTESIAN_POINT( '', ( 0.803536977491963, -0.635000000000000, 2.99000000000000 ) );
#6309 = CARTESIAN_POINT( '', ( 0.803536977491963, -0.770691318327974, 2.99000000000000 ) );
#6310 = CARTESIAN_POINT( '', ( 0.803536977491963, -0.770691318327974, 2.99000000000000 ) );
#6311 = VECTOR( '', #8152, 1000.00000000000 );
#6312 = COLOUR_RGB( '', 0.800000071525574, 0.800000071525574, 0.800000011920929 );
#6313 = CARTESIAN_POINT( '', ( -0.315473793755345, 1.70609707697667, 3.00000000000000 ) );
#6314 = CARTESIAN_POINT( '', ( -0.461956569314197, 1.45723590225484, 3.00000000000000 ) );
#6315 = VECTOR( '', #8153, 1000.00000000000 );
#6316 = CARTESIAN_POINT( '', ( -0.315473793755345, 1.70609707697667, 2.99000000000000 ) );
#6317 = CARTESIAN_POINT( '', ( -0.315473793755345, 1.70609707697667, 2.99000000000000 ) );
#6318 = VECTOR( '', #8154, 1000.00000000000 );
#6319 = CARTESIAN_POINT( '', ( -0.461956569314197, 1.45723590225484, 2.99000000000000 ) );
#6320 = VECTOR( '', #8155, 1000.00000000000 );
#6321 = COLOUR_RGB( '', 0.800000071525574, 0.800000071525574, 0.800000011920929 );
#6322 = CARTESIAN_POINT( '', ( 0.939919016899941, 2.37036685390175, 3.00000000000000 ) );
#6323 = CARTESIAN_POINT( '', ( 0.976884487490480, 2.43315677541691, 3.00000000000000 ) );
#6324 = CARTESIAN_POINT( '', ( 0.939919016899941, 2.37036685390175, 3.00000000000000 ) );
#6325 = CARTESIAN_POINT( '', ( 0.943615563958995, 2.37664584605327, 3.00000000000000 ) );
#6326 = CARTESIAN_POINT( '', ( 0.973557595137331, 2.42750568248055, 3.00000000000000 ) );
#6327 = CARTESIAN_POINT( '', ( 0.976884487490480, 2.43315677541691, 3.00000000000000 ) );
#6328 = CARTESIAN_POINT( '', ( 0.939919016899941, 2.37036685390175, 2.99000000000000 ) );
#6329 = CARTESIAN_POINT( '', ( 0.939919016899941, 2.37036685390175, 2.99000000000000 ) );
#6330 = VECTOR( '', #8156, 1000.00000000000 );
#6331 = CARTESIAN_POINT( '', ( 0.976884487490480, 2.43315677541691, 2.99000000000000 ) );
#6332 = CARTESIAN_POINT( '', ( 0.939919016899941, 2.37036685390175, 2.99000000000000 ) );
#6333 = CARTESIAN_POINT( '', ( 0.943615563958995, 2.37664584605327, 2.99000000000000 ) );
#6334 = CARTESIAN_POINT( '', ( 0.973557595137331, 2.42750568248055, 2.99000000000000 ) );
#6335 = CARTESIAN_POINT( '', ( 0.976884487490480, 2.43315677541691, 2.99000000000000 ) );
#6336 = CARTESIAN_POINT( '', ( 0.976884487490480, 2.43315677541691, 2.99000000000000 ) );
#6337 = VECTOR( '', #8157, 1000.00000000000 );
#6338 = COLOUR_RGB( '', 0.800000071525574, 0.800000071525574, 0.800000011920929 );
#6339 = CARTESIAN_POINT( '', ( 1.69661599095631, 2.43315677541691, 3.00000000000000 ) );
#6340 = CARTESIAN_POINT( '', ( 1.69661599095631, 2.43315677541691, 3.00000000000000 ) );
#6341 = CARTESIAN_POINT( '', ( 1.71181320710253, 2.53750919020030, 3.00000000000000 ) );
#6342 = CARTESIAN_POINT( '', ( 1.80164443848641, 2.61763259134132, 3.00000000000000 ) );
#6343 = CARTESIAN_POINT( '', ( 1.91018825629945, 2.61763259134132, 3.00000000000000 ) );
#6344 = CARTESIAN_POINT( '', ( 2.01875911542236, 2.61763259134132, 3.00000000000000 ) );
#6345 = CARTESIAN_POINT( '', ( 2.10859034680624, 2.53750919020030, 3.00000000000000 ) );
#6346 = CARTESIAN_POINT( '', ( 2.12378756295247, 2.43315677541691, 3.00000000000000 ) );
#6347 = CARTESIAN_POINT( '', ( 1.69661599095631, 2.43315677541691, 2.99000000000000 ) );
#6348 = CARTESIAN_POINT( '', ( 1.69661599095631, 2.43315677541691, 2.99000000000000 ) );
#6349 = VECTOR( '', #8158, 1000.00000000000 );
#6350 = CARTESIAN_POINT( '', ( 1.69661599095631, 2.43315677541691, 2.99000000000000 ) );
#6351 = CARTESIAN_POINT( '', ( 1.71181320710253, 2.53750919020030, 2.99000000000000 ) );
#6352 = CARTESIAN_POINT( '', ( 1.80164443848641, 2.61763259134132, 2.99000000000000 ) );
#6353 = CARTESIAN_POINT( '', ( 1.91018825629945, 2.61763259134132, 2.99000000000000 ) );
#6354 = CARTESIAN_POINT( '', ( 2.01875911542236, 2.61763259134132, 2.99000000000000 ) );
#6355 = CARTESIAN_POINT( '', ( 2.10859034680624, 2.53750919020030, 2.99000000000000 ) );
#6356 = CARTESIAN_POINT( '', ( 2.12378756295247, 2.43315677541691, 2.99000000000000 ) );
#6357 = COLOUR_RGB( '', 0.800000071525574, 0.800000071525574, 0.800000011920929 );
#6358 = CARTESIAN_POINT( '', ( -1.06784565916399, -1.49352090032154, 2.99000000000000 ) );
#6359 = CARTESIAN_POINT( '', ( -0.743086816720256, -1.24979099678457, 2.99000000000000 ) );
#6360 = CARTESIAN_POINT( '', ( -1.06784565916399, -1.49352090032154, 2.99000000000000 ) );
#6361 = CARTESIAN_POINT( '', ( -1.04369327532122, -1.51506221564077, 2.99000000000000 ) );
#6362 = CARTESIAN_POINT( '', ( -1.00803858520900, -1.52503215434083, 2.99000000000000 ) );
#6363 = CARTESIAN_POINT( '', ( -0.915434083601286, -1.52503215434083, 2.99000000000000 ) );
#6364 = CARTESIAN_POINT( '', ( -0.874919614147910, -1.51538585209003, 2.99000000000000 ) );
#6365 = CARTESIAN_POINT( '', ( -0.802893890675241, -1.47551446945338, 2.99000000000000 ) );
#6366 = CARTESIAN_POINT( '', ( -0.776527331189711, -1.44786173633440, 2.99000000000000 ) );
#6367 = CARTESIAN_POINT( '', ( -0.759807073954984, -1.41313504823151, 2.99000000000000 ) );
#6368 = CARTESIAN_POINT( '', ( -0.746829324185936, -1.38618126024964, 2.99000000000000 ) );
#6369 = CARTESIAN_POINT( '', ( -0.740514469453375, -1.34625401929260, 2.99000000000000 ) );
#6370 = CARTESIAN_POINT( '', ( -0.740514469453375, -1.29352090032154, 2.99000000000000 ) );
#6371 = CARTESIAN_POINT( '', ( -0.740514469453375, -1.27894426580922, 2.99000000000000 ) );
#6372 = CARTESIAN_POINT( '', ( -0.742229367631296, -1.26436763129689, 2.99000000000000 ) );
#6373 = CARTESIAN_POINT( '', ( -0.743086816720256, -1.24979099678457, 2.99000000000000 ) );
#6374 = CARTESIAN_POINT( '', ( -0.743086816720256, -1.24979099678457, 2.99000000000000 ) );
#6375 = CARTESIAN_POINT( '', ( -0.786173633440514, -1.26779742765273, 2.99000000000000 ) );
#6376 = CARTESIAN_POINT( '', ( -0.851125401929260, -1.28258842443730, 2.99000000000000 ) );
#6377 = CARTESIAN_POINT( '', ( -0.937299035369774, -1.29480707395498, 2.99000000000000 ) );
#6378 = CARTESIAN_POINT( '', ( -0.985563232862062, -1.30165050494270, 2.99000000000000 ) );
#6379 = CARTESIAN_POINT( '', ( -1.02025723472669, -1.31024115755627, 2.99000000000000 ) );
#6380 = CARTESIAN_POINT( '', ( -1.04083601286174, -1.31860128617363, 2.99000000000000 ) );
#6381 = CARTESIAN_POINT( '', ( -1.06108704851182, -1.32682826940648, 2.99000000000000 ) );
#6382 = CARTESIAN_POINT( '', ( -1.07620578778135, -1.34046623794212, 2.99000000000000 ) );
#6383 = CARTESIAN_POINT( '', ( -1.08713826366559, -1.35782958199357, 2.99000000000000 ) );
#6384 = CARTESIAN_POINT( '', ( -1.09778078193798, -1.37473240513206, 2.99000000000000 ) );
#6385 = CARTESIAN_POINT( '', ( -1.10385852090032, -1.39319935691318, 2.99000000000000 ) );
#6386 = CARTESIAN_POINT( '', ( -1.10385852090032, -1.44593247588424, 2.99000000000000 ) );
#6387 = CARTESIAN_POINT( '', ( -1.09163987138264, -1.47229903536977, 2.99000000000000 ) );
#6388 = CARTESIAN_POINT( '', ( -1.06784565916399, -1.49352090032154, 2.99000000000000 ) );
#6389 = CARTESIAN_POINT( '', ( -0.708360128617363, -1.60155948553055, 2.99000000000000 ) );
#6390 = CARTESIAN_POINT( '', ( -0.732797427652732, -1.51474276527331, 2.99000000000000 ) );
#6391 = CARTESIAN_POINT( '', ( -0.708360128617363, -1.60155948553055, 2.99000000000000 ) );
#6392 = CARTESIAN_POINT( '', ( -0.721221864951768, -1.57712218649518, 2.99000000000000 ) );
#6393 = CARTESIAN_POINT( '', ( -0.728938906752412, -1.54818327974277, 2.99000000000000 ) );
#6394 = CARTESIAN_POINT( '', ( -0.732797427652732, -1.51474276527331, 2.99000000000000 ) );
#6395 = CARTESIAN_POINT( '', ( -0.586816720257234, -1.60155948553055, 2.99000000000000 ) );
#6396 = CARTESIAN_POINT( '', ( -0.586816720257234, -1.60155948553055, 2.99000000000000 ) );
#6397 = CARTESIAN_POINT( '', ( -0.627331189710610, -1.60155948553055, 2.99000000000000 ) );
#6398 = CARTESIAN_POINT( '', ( -0.667845659163987, -1.60155948553055, 2.99000000000000 ) );
#6399 = CARTESIAN_POINT( '', ( -0.708360128617363, -1.60155948553055, 2.99000000000000 ) );
#6400 = CARTESIAN_POINT( '', ( -1.20996784565916, -1.10188102893891, 2.99000000000000 ) );
#6401 = CARTESIAN_POINT( '', ( -1.20996784565916, -1.10188102893891, 2.99000000000000 ) );
#6402 = CARTESIAN_POINT( '', ( -1.19967845659164, -1.05236334405145, 2.99000000000000 ) );
#6403 = CARTESIAN_POINT( '', ( -1.18231511254019, -1.01184887459807, 2.99000000000000 ) );
#6404 = CARTESIAN_POINT( '', ( -1.15787781350482, -0.981623794212218, 2.99000000000000 ) );
#6405 = CARTESIAN_POINT( '', ( -1.13338030760076, -0.951324247436146, 2.99000000000000 ) );
#6406 = CARTESIAN_POINT( '', ( -1.09871382636656, -0.926961414790996, 2.99000000000000 ) );
#6407 = CARTESIAN_POINT( '', ( -1.05305466237942, -0.910884244372990, 2.99000000000000 ) );
#6408 = CARTESIAN_POINT( '', ( -1.00719403720279, -0.894736136916429, 2.99000000000000 ) );
#6409 = CARTESIAN_POINT( '', ( -0.954019292604501, -0.885803858520900, 2.99000000000000 ) );
#6410 = CARTESIAN_POINT( '', ( -0.834405144694534, -0.885803858520900, 2.99000000000000 ) );
#6411 = CARTESIAN_POINT( '', ( -0.785530546623794, -0.892877813504823, 2.99000000000000 ) );
#6412 = CARTESIAN_POINT( '', ( -0.710932475884244, -0.921173633440514, 2.99000000000000 ) );
#6413 = CARTESIAN_POINT( '', ( -0.683279742765273, -0.939180064308681, 2.99000000000000 ) );
#6414 = CARTESIAN_POINT( '', ( -0.648553054662379, -0.981623794212218, 2.99000000000000 ) );
#6415 = CARTESIAN_POINT( '', ( -0.636334405144694, -1.00863344051447, 2.99000000000000 ) );
#6416 = CARTESIAN_POINT( '', ( -0.629260450160771, -1.04078778135048, 2.99000000000000 ) );
#6417 = CARTESIAN_POINT( '', ( -0.624734306510242, -1.06136116158016, 2.99000000000000 ) );
#6418 = CARTESIAN_POINT( '', ( -0.622829581993568, -1.09802250803858, 2.99000000000000 ) );
#6419 = CARTESIAN_POINT( '', ( -0.622829581993568, -1.15011254019293, 2.99000000000000 ) );
#6420 = CARTESIAN_POINT( '', ( -0.622829581993568, -1.20306002143623, 2.99000000000000 ) );
#6421 = CARTESIAN_POINT( '', ( -0.622829581993568, -1.25600750267953, 2.99000000000000 ) );
#6422 = CARTESIAN_POINT( '', ( -0.622829581993568, -1.30895498392283, 2.99000000000000 ) );
#6423 = CARTESIAN_POINT( '', ( -0.622829581993568, -1.41956591639871, 2.99000000000000 ) );
#6424 = CARTESIAN_POINT( '', ( -0.620257234726687, -1.48901929260450, 2.99000000000000 ) );
#6425 = CARTESIAN_POINT( '', ( -0.615755627009646, -1.51795819935692, 2.99000000000000 ) );
#6426 = CARTESIAN_POINT( '', ( -0.611141153525350, -1.54762267175596, 2.99000000000000 ) );
#6427 = CARTESIAN_POINT( '', ( -0.600964630225080, -1.57519292604502, 2.99000000000000 ) );
#6428 = CARTESIAN_POINT( '', ( -0.586816720257234, -1.60155948553055, 2.99000000000000 ) );
#6429 = CARTESIAN_POINT( '', ( -1.09356913183280, -1.11731511254019, 2.99000000000000 ) );
#6430 = CARTESIAN_POINT( '', ( -1.09356913183280, -1.11731511254019, 2.99000000000000 ) );
#6431 = CARTESIAN_POINT( '', ( -1.13236870310825, -1.11217041800643, 2.99000000000000 ) );
#6432 = CARTESIAN_POINT( '', ( -1.17116827438371, -1.10702572347267, 2.99000000000000 ) );
#6433 = CARTESIAN_POINT( '', ( -1.20996784565916, -1.10188102893891, 2.99000000000000 ) );
#6434 = CARTESIAN_POINT( '', ( -0.740514469453375, -1.15782958199357, 2.99000000000000 ) );
#6435 = CARTESIAN_POINT( '', ( -0.740514469453375, -1.15782958199357, 2.99000000000000 ) );
#6436 = CARTESIAN_POINT( '', ( -0.739871382636655, -1.14110932475884, 2.99000000000000 ) );
#6437 = CARTESIAN_POINT( '', ( -0.739871382636655, -1.13081993569132, 2.99000000000000 ) );
#6438 = CARTESIAN_POINT( '', ( -0.739871382636655, -1.07808681672026, 2.99000000000000 ) );
#6439 = CARTESIAN_POINT( '', ( -0.750803858520900, -1.04400321543408, 2.99000000000000 ) );
#6440 = CARTESIAN_POINT( '', ( -0.773311897106109, -1.02406752411575, 2.99000000000000 ) );
#6441 = CARTESIAN_POINT( '', ( -0.804015909485383, -0.996872541722684, 2.99000000000000 ) );
#6442 = CARTESIAN_POINT( '', ( -0.849196141479099, -0.983553054662379, 2.99000000000000 ) );
#6443 = CARTESIAN_POINT( '', ( -0.965594855305466, -0.983553054662379, 2.99000000000000 ) );
#6444 = CARTESIAN_POINT( '', ( -1.00739549839228, -0.993199356913183, 2.99000000000000 ) );
#6445 = CARTESIAN_POINT( '', ( -1.03376205787781, -1.01313504823151, 2.99000000000000 ) );
#6446 = CARTESIAN_POINT( '', ( -1.06053778804423, -1.03338011250368, 2.99000000000000 ) );
#6447 = CARTESIAN_POINT( '', ( -1.08070739549839, -1.06779742765273, 2.99000000000000 ) );
#6448 = CARTESIAN_POINT( '', ( -1.09356913183280, -1.11731511254019, 2.99000000000000 ) );
#6449 = CARTESIAN_POINT( '', ( -0.732797427652732, -1.51474276527331, 2.99000000000000 ) );
#6450 = CARTESIAN_POINT( '', ( -0.775241157556270, -1.55204180064308, 2.99000000000000 ) );
#6451 = CARTESIAN_POINT( '', ( -0.817684887459806, -1.57905144694534, 2.99000000000000 ) );
#6452 = CARTESIAN_POINT( '', ( -0.858199356913183, -1.59448553054663, 2.99000000000000 ) );
#6453 = CARTESIAN_POINT( '', ( -0.899275413071853, -1.61013355194041, 2.99000000000000 ) );
#6454 = CARTESIAN_POINT( '', ( -0.943086816720257, -1.61763665594856, 2.99000000000000 ) );
#6455 = CARTESIAN_POINT( '', ( -1.06720257234727, -1.61763665594856, 2.99000000000000 ) );
#6456 = CARTESIAN_POINT( '', ( -1.12700964630225, -1.59898713826366, 2.99000000000000 ) );
#6457 = CARTESIAN_POINT( '', ( -1.16881028938907, -1.56104501607717, 2.99000000000000 ) );
#6458 = CARTESIAN_POINT( '', ( -1.20993830338910, -1.52371343413868, 2.99000000000000 ) );
#6459 = CARTESIAN_POINT( '', ( -1.23118971061093, -1.47551446945338, 2.99000000000000 ) );
#6460 = CARTESIAN_POINT( '', ( -1.23118971061093, -1.38290996784566, 2.99000000000000 ) );
#6461 = CARTESIAN_POINT( '', ( -1.22282958199357, -1.35204180064309, 2.99000000000000 ) );
#6462 = CARTESIAN_POINT( '', ( -1.20739549839228, -1.32310289389067, 2.99000000000000 ) );
#6463 = CARTESIAN_POINT( '', ( -1.19208602676932, -1.29439763459762, 2.99000000000000 ) );
#6464 = CARTESIAN_POINT( '', ( -1.17073954983923, -1.27229903536977, 2.99000000000000 ) );
#6465 = CARTESIAN_POINT( '', ( -1.14565916398714, -1.25493569131833, 2.99000000000000 ) );
#6466 = CARTESIAN_POINT( '', ( -1.12044501607717, -1.23747974276527, 2.99000000000000 ) );
#6467 = CARTESIAN_POINT( '', ( -1.09163987138264, -1.22535369774920, 2.99000000000000 ) );
#6468 = CARTESIAN_POINT( '', ( -1.05948553054662, -1.21635048231511, 2.99000000000000 ) );
#6469 = CARTESIAN_POINT( '', ( -1.03634776303109, -1.20987190741076, 2.99000000000000 ) );
#6470 = CARTESIAN_POINT( '', ( -1.00096463022508, -1.20413183279743, 2.99000000000000 ) );
#6471 = CARTESIAN_POINT( '', ( -0.953376205787781, -1.19834405144694, 2.99000000000000 ) );
#6472 = CARTESIAN_POINT( '', ( -0.857009004025512, -1.18662371609748, 2.99000000000000 ) );
#6473 = CARTESIAN_POINT( '', ( -0.786173633440514, -1.17326366559485, 2.99000000000000 ) );
#6474 = CARTESIAN_POINT( '', ( -0.740514469453375, -1.15782958199357, 2.99000000000000 ) );
#6475 = COLOUR_RGB( '', 0.800000071525574, 0.800000071525574, 0.800000011920929 );
#6476 = CARTESIAN_POINT( '', ( 2.41761843598597, 1.94514225621614, 3.00000000000000 ) );
#6477 = CARTESIAN_POINT( '', ( 2.84481704929199, 1.94514225621614, 3.00000000000000 ) );
#6478 = CARTESIAN_POINT( '', ( 2.41761843598597, 1.94514225621614, 3.00000000000000 ) );
#6479 = CARTESIAN_POINT( '', ( 2.43284269344205, 2.04946762968966, 3.00000000000000 ) );
#6480 = CARTESIAN_POINT( '', ( 2.52267392482594, 2.12959103083067, 3.00000000000000 ) );
#6481 = CARTESIAN_POINT( '', ( 2.63121774263898, 2.12959103083067, 3.00000000000000 ) );
#6482 = CARTESIAN_POINT( '', ( 2.73976156045202, 2.12959103083067, 3.00000000000000 ) );
#6483 = CARTESIAN_POINT( '', ( 2.82959279183590, 2.04946762968966, 3.00000000000000 ) );
#6484 = CARTESIAN_POINT( '', ( 2.84481704929199, 1.94514225621614, 3.00000000000000 ) );
#6485 = CARTESIAN_POINT( '', ( 2.41761843598597, 1.94514225621614, 2.99000000000000 ) );
#6486 = CARTESIAN_POINT( '', ( 2.41761843598597, 1.94514225621614, 2.99000000000000 ) );
#6487 = VECTOR( '', #8159, 1000.00000000000 );
#6488 = CARTESIAN_POINT( '', ( 2.84481704929199, 1.94514225621614, 2.99000000000000 ) );
#6489 = CARTESIAN_POINT( '', ( 2.41761843598597, 1.94514225621614, 2.99000000000000 ) );
#6490 = CARTESIAN_POINT( '', ( 2.43284269344205, 2.04946762968966, 2.99000000000000 ) );
#6491 = CARTESIAN_POINT( '', ( 2.52267392482594, 2.12959103083067, 2.99000000000000 ) );
#6492 = CARTESIAN_POINT( '', ( 2.63121774263898, 2.12959103083067, 2.99000000000000 ) );
#6493 = CARTESIAN_POINT( '', ( 2.73976156045202, 2.12959103083067, 2.99000000000000 ) );
#6494 = CARTESIAN_POINT( '', ( 2.82959279183590, 2.04946762968966, 2.99000000000000 ) );
#6495 = CARTESIAN_POINT( '', ( 2.84481704929199, 1.94514225621614, 2.99000000000000 ) );
#6496 = CARTESIAN_POINT( '', ( 2.84481704929199, 1.94514225621614, 2.99000000000000 ) );
#6497 = VECTOR( '', #8160, 1000.00000000000 );
#6498 = COLOUR_RGB( '', 0.800000071525574, 0.800000071525574, 0.800000011920929 );
#6499 = CARTESIAN_POINT( '', ( -3.14799691988393, 1.94514225621614, 3.00000000000000 ) );
#6500 = CARTESIAN_POINT( '', ( -2.61466116534319, 1.94514225621614, 3.00000000000000 ) );
#6501 = CARTESIAN_POINT( '', ( -3.14799691988393, 1.94514225621614, 3.00000000000000 ) );
#6502 = VECTOR( '', #8161, 1000.00000000000 );
#6503 = CARTESIAN_POINT( '', ( -3.14799691988393, 1.94514225621614, 2.99000000000000 ) );
#6504 = CARTESIAN_POINT( '', ( -3.14799691988393, 1.94514225621614, 2.99000000000000 ) );
#6505 = VECTOR( '', #8162, 1000.00000000000 );
#6506 = CARTESIAN_POINT( '', ( -2.61466116534319, 1.94514225621614, 2.99000000000000 ) );
#6507 = CARTESIAN_POINT( '', ( -3.14799691988393, 1.94514225621614, 2.99000000000000 ) );
#6508 = VECTOR( '', #8163, 1000.00000000000 );
#6509 = CARTESIAN_POINT( '', ( -2.61466116534319, 1.94514225621614, 2.99000000000000 ) );
#6510 = VECTOR( '', #8164, 1000.00000000000 );
#6511 = COLOUR_RGB( '', 0.800000071525574, 0.800000071525574, 0.800000011920929 );
#6512 = CARTESIAN_POINT( '', ( -0.323794212218649, -1.60155948553055, 2.99000000000000 ) );
#6513 = CARTESIAN_POINT( '', ( -0.442122186495177, -1.60155948553055, 2.99000000000000 ) );
#6514 = CARTESIAN_POINT( '', ( -0.323794212218649, -1.60155948553055, 2.99000000000000 ) );
#6515 = CARTESIAN_POINT( '', ( -0.363236870310825, -1.60155948553055, 2.99000000000000 ) );
#6516 = CARTESIAN_POINT( '', ( -0.402679528403001, -1.60155948553055, 2.99000000000000 ) );
#6517 = CARTESIAN_POINT( '', ( -0.442122186495177, -1.60155948553055, 2.99000000000000 ) );
#6518 = CARTESIAN_POINT( '', ( -0.103215434083601, -1.03371382636656, 2.99000000000000 ) );
#6519 = CARTESIAN_POINT( '', ( -0.103215434083601, -1.03371382636656, 2.99000000000000 ) );
#6520 = CARTESIAN_POINT( '', ( -0.132154340836012, -1.01635048231511, 2.99000000000000 ) );
#6521 = CARTESIAN_POINT( '', ( -0.161093247588424, -1.00799035369775, 2.99000000000000 ) );
#6522 = CARTESIAN_POINT( '', ( -0.215755627009645, -1.00799035369775, 2.99000000000000 ) );
#6523 = CARTESIAN_POINT( '', ( -0.238906752411575, -1.01570739549839, 2.99000000000000 ) );
#6524 = CARTESIAN_POINT( '', ( -0.259485530546623, -1.03114147909968, 2.99000000000000 ) );
#6525 = CARTESIAN_POINT( '', ( -0.280372990353697, -1.04680707395498, 2.99000000000000 ) );
#6526 = CARTESIAN_POINT( '', ( -0.294855305466238, -1.06844051446945, 2.99000000000000 ) );
#6527 = CARTESIAN_POINT( '', ( -0.303858520900321, -1.09609324758842, 2.99000000000000 ) );
#6528 = CARTESIAN_POINT( '', ( -0.317585672843339, -1.13825521427055, 2.99000000000000 ) );
#6529 = CARTESIAN_POINT( '', ( -0.323794212218649, -1.18483922829582, 2.99000000000000 ) );
#6530 = CARTESIAN_POINT( '', ( -0.323794212218649, -1.23500000000000, 2.99000000000000 ) );
#6531 = CARTESIAN_POINT( '', ( -0.323794212218649, -1.35718649517685, 2.99000000000000 ) );
#6532 = CARTESIAN_POINT( '', ( -0.323794212218649, -1.47937299035370, 2.99000000000000 ) );
#6533 = CARTESIAN_POINT( '', ( -0.323794212218649, -1.60155948553055, 2.99000000000000 ) );
#6534 = CARTESIAN_POINT( '', ( -0.0607717041800638, -0.923745980707395, 2.99000000000000 ) );
#6535 = CARTESIAN_POINT( '', ( -0.0607717041800638, -0.923745980707395, 2.99000000000000 ) );
#6536 = CARTESIAN_POINT( '', ( -0.0749196141479096, -0.960401929260450, 2.99000000000000 ) );
#6537 = CARTESIAN_POINT( '', ( -0.0890675241157554, -0.997057877813504, 2.99000000000000 ) );
#6538 = CARTESIAN_POINT( '', ( -0.103215434083601, -1.03371382636656, 2.99000000000000 ) );
#6539 = CARTESIAN_POINT( '', ( -0.336012861736333, -1.00734726688103, 2.99000000000000 ) );
#6540 = CARTESIAN_POINT( '', ( -0.336012861736333, -1.00734726688103, 2.99000000000000 ) );
#6541 = CARTESIAN_POINT( '', ( -0.308360128617363, -0.957829581993569, 2.99000000000000 ) );
#6542 = CARTESIAN_POINT( '', ( -0.283279742765273, -0.925675241157556, 2.99000000000000 ) );
#6543 = CARTESIAN_POINT( '', ( -0.260128617363343, -0.909598070739549, 2.99000000000000 ) );
#6544 = CARTESIAN_POINT( '', ( -0.236844924351096, -0.893428839481044, 2.99000000000000 ) );
#6545 = CARTESIAN_POINT( '', ( -0.211254019292604, -0.885803858520900, 2.99000000000000 ) );
#6546 = CARTESIAN_POINT( '', ( -0.143086816720256, -0.885803858520900, 2.99000000000000 ) );
#6547 = CARTESIAN_POINT( '', ( -0.101929260450161, -0.898665594855305, 2.99000000000000 ) );
#6548 = CARTESIAN_POINT( '', ( -0.0607717041800638, -0.923745980707395, 2.99000000000000 ) );
#6549 = CARTESIAN_POINT( '', ( -0.336012861736333, -0.901237942122186, 2.99000000000000 ) );
#6550 = CARTESIAN_POINT( '', ( -0.336012861736333, -0.901237942122186, 2.99000000000000 ) );
#6551 = CARTESIAN_POINT( '', ( -0.336012861736333, -0.936607717041800, 2.99000000000000 ) );
#6552 = CARTESIAN_POINT( '', ( -0.336012861736333, -0.971977491961414, 2.99000000000000 ) );
#6553 = CARTESIAN_POINT( '', ( -0.336012861736333, -1.00734726688103, 2.99000000000000 ) );
#6554 = CARTESIAN_POINT( '', ( -0.442122186495177, -0.901237942122186, 2.99000000000000 ) );
#6555 = CARTESIAN_POINT( '', ( -0.442122186495177, -0.901237942122186, 2.99000000000000 ) );
#6556 = CARTESIAN_POINT( '', ( -0.406752411575563, -0.901237942122186, 2.99000000000000 ) );
#6557 = CARTESIAN_POINT( '', ( -0.371382636655948, -0.901237942122186, 2.99000000000000 ) );
#6558 = CARTESIAN_POINT( '', ( -0.336012861736333, -0.901237942122186, 2.99000000000000 ) );
#6559 = CARTESIAN_POINT( '', ( -0.442122186495177, -1.60155948553055, 2.99000000000000 ) );
#6560 = CARTESIAN_POINT( '', ( -0.442122186495177, -1.36811897106109, 2.99000000000000 ) );
#6561 = CARTESIAN_POINT( '', ( -0.442122186495177, -1.13467845659164, 2.99000000000000 ) );
#6562 = CARTESIAN_POINT( '', ( -0.442122186495177, -0.901237942122186, 2.99000000000000 ) );
#6563 = COLOUR_RGB( '', 0.800000071525574, 0.800000071525574, 0.800000011920929 );
#6564 = CARTESIAN_POINT( '', ( 3.13137380997081, 1.39428373288046, 3.00000000000000 ) );
#6565 = CARTESIAN_POINT( '', ( 2.12378756295247, 1.39428373288046, 3.00000000000000 ) );
#6566 = CARTESIAN_POINT( '', ( 3.13137380997081, 1.39428373288046, 3.00000000000000 ) );
#6567 = CARTESIAN_POINT( '', ( 3.03061518526897, 1.39428373288046, 3.00000000000000 ) );
#6568 = CARTESIAN_POINT( '', ( 2.21447032518412, 1.39428373288046, 3.00000000000000 ) );
#6569 = CARTESIAN_POINT( '', ( 2.12378756295247, 1.39428373288046, 3.00000000000000 ) );
#6570 = CARTESIAN_POINT( '', ( 3.13137380997081, 1.39428373288046, 2.99000000000000 ) );
#6571 = CARTESIAN_POINT( '', ( 3.13137380997081, 1.39428373288046, 2.99000000000000 ) );
#6572 = VECTOR( '', #8165, 1000.00000000000 );
#6573 = CARTESIAN_POINT( '', ( 2.12378756295247, 1.39428373288046, 2.99000000000000 ) );
#6574 = CARTESIAN_POINT( '', ( 3.13137380997081, 1.39428373288046, 2.99000000000000 ) );
#6575 = CARTESIAN_POINT( '', ( 3.03061518526897, 1.39428373288046, 2.99000000000000 ) );
#6576 = CARTESIAN_POINT( '', ( 2.21447032518412, 1.39428373288046, 2.99000000000000 ) );
#6577 = CARTESIAN_POINT( '', ( 2.12378756295247, 1.39428373288046, 2.99000000000000 ) );
#6578 = CARTESIAN_POINT( '', ( 2.12378756295247, 1.39428373288046, 2.99000000000000 ) );
#6579 = VECTOR( '', #8166, 1000.00000000000 );
#6580 = COLOUR_RGB( '', 0.800000071525574, 0.800000071525574, 0.800000011920929 );
#6581 = CARTESIAN_POINT( '', ( 1.81125401929260, -1.23950160771704, 2.99000000000000 ) );
#6582 = CARTESIAN_POINT( '', ( 1.81125401929260, -1.23950160771704, 2.99000000000000 ) );
#6583 = CARTESIAN_POINT( '', ( 1.81125401929260, -1.33146302250804, 2.99000000000000 ) );
#6584 = CARTESIAN_POINT( '', ( 1.82926045016077, -1.39834405144694, 2.99000000000000 ) );
#6585 = CARTESIAN_POINT( '', ( 1.86591639871383, -1.44078778135048, 2.99000000000000 ) );
#6586 = CARTESIAN_POINT( '', ( 1.90284708613178, -1.48354962993969, 2.99000000000000 ) );
#6587 = CARTESIAN_POINT( '', ( 1.94887459807074, -1.50445337620579, 2.99000000000000 ) );
#6588 = CARTESIAN_POINT( '', ( 2.05884244372990, -1.50445337620579, 2.99000000000000 ) );
#6589 = CARTESIAN_POINT( '', ( 2.10514469453376, -1.48323151125402, 2.99000000000000 ) );
#6590 = CARTESIAN_POINT( '', ( 2.14180064308682, -1.44143086816720, 2.99000000000000 ) );
#6591 = CARTESIAN_POINT( '', ( 2.17905493599677, -1.39894790256813, 2.99000000000000 ) );
#6592 = CARTESIAN_POINT( '', ( 2.19774919614148, -1.33339228295820, 2.99000000000000 ) );
#6593 = CARTESIAN_POINT( '', ( 2.19774919614148, -1.15718649517685, 2.99000000000000 ) );
#6594 = CARTESIAN_POINT( '', ( 2.17845659163987, -1.09287781350482, 2.99000000000000 ) );
#6595 = CARTESIAN_POINT( '', ( 2.14051446945338, -1.04914790996784, 2.99000000000000 ) );
#6596 = CARTESIAN_POINT( '', ( 2.10229614921519, -1.00509967647298, 2.99000000000000 ) );
#6597 = CARTESIAN_POINT( '', ( 2.05627009646302, -0.983553054662379, 2.99000000000000 ) );
#6598 = CARTESIAN_POINT( '', ( 1.94887459807074, -0.983553054662379, 2.99000000000000 ) );
#6599 = CARTESIAN_POINT( '', ( 1.90385852090032, -1.00477491961415, 2.99000000000000 ) );
#6600 = CARTESIAN_POINT( '', ( 1.86655948553055, -1.04786173633440, 2.99000000000000 ) );
#6601 = CARTESIAN_POINT( '', ( 1.82953593011130, -1.09063032621527, 2.99000000000000 ) );
#6602 = CARTESIAN_POINT( '', ( 1.81125401929260, -1.15461414790997, 2.99000000000000 ) );
#6603 = CARTESIAN_POINT( '', ( 1.81125401929260, -1.23950160771704, 2.99000000000000 ) );
#6604 = COLOUR_RGB( '', 0.800000071525574, 0.800000071525574, 0.800000011920929 );
#6605 = CARTESIAN_POINT( '', ( 0.295498392282959, -1.16168810289389, 3.00000000000000 ) );
#6606 = CARTESIAN_POINT( '', ( 0.563022508038586, -0.901237942122186, 3.00000000000000 ) );
#6607 = CARTESIAN_POINT( '', ( 0.295498392282959, -1.16168810289389, 3.00000000000000 ) );
#6608 = CARTESIAN_POINT( '', ( 0.295498392282959, -1.16168810289389, 2.99000000000000 ) );
#6609 = CARTESIAN_POINT( '', ( 0.563022508038586, -0.901237942122186, 2.99000000000000 ) );
#6610 = CARTESIAN_POINT( '', ( 0.295498392282959, -1.16168810289389, 2.99000000000000 ) );
#6611 = CARTESIAN_POINT( '', ( 0.295498392282959, -1.16168810289389, 2.99000000000000 ) );
#6612 = VECTOR( '', #8167, 1000.00000000000 );
#6613 = COLOUR_RGB( '', 0.800000071525574, 0.800000071525574, 0.800000011920929 );
#6614 = CARTESIAN_POINT( '', ( -0.740514469453375, -1.15782958199357, 3.00000000000000 ) );
#6615 = CARTESIAN_POINT( '', ( -1.09356913183280, -1.11731511254019, 3.00000000000000 ) );
#6616 = CARTESIAN_POINT( '', ( -0.740514469453375, -1.15782958199357, 3.00000000000000 ) );
#6617 = CARTESIAN_POINT( '', ( -0.739871382636655, -1.14110932475884, 3.00000000000000 ) );
#6618 = CARTESIAN_POINT( '', ( -0.739871382636655, -1.13081993569132, 3.00000000000000 ) );
#6619 = CARTESIAN_POINT( '', ( -0.739871382636655, -1.07808681672026, 3.00000000000000 ) );
#6620 = CARTESIAN_POINT( '', ( -0.750803858520900, -1.04400321543408, 3.00000000000000 ) );
#6621 = CARTESIAN_POINT( '', ( -0.773311897106109, -1.02406752411575, 3.00000000000000 ) );
#6622 = CARTESIAN_POINT( '', ( -0.804015909485383, -0.996872541722684, 3.00000000000000 ) );
#6623 = CARTESIAN_POINT( '', ( -0.849196141479099, -0.983553054662379, 3.00000000000000 ) );
#6624 = CARTESIAN_POINT( '', ( -0.965594855305466, -0.983553054662379, 3.00000000000000 ) );
#6625 = CARTESIAN_POINT( '', ( -1.00739549839228, -0.993199356913183, 3.00000000000000 ) );
#6626 = CARTESIAN_POINT( '', ( -1.03376205787781, -1.01313504823151, 3.00000000000000 ) );
#6627 = CARTESIAN_POINT( '', ( -1.06053778804423, -1.03338011250368, 3.00000000000000 ) );
#6628 = CARTESIAN_POINT( '', ( -1.08070739549839, -1.06779742765273, 3.00000000000000 ) );
#6629 = CARTESIAN_POINT( '', ( -1.09356913183280, -1.11731511254019, 3.00000000000000 ) );
#6630 = CARTESIAN_POINT( '', ( -0.740514469453375, -1.15782958199357, 2.99000000000000 ) );
#6631 = VECTOR( '', #8168, 1000.00000000000 );
#6632 = CARTESIAN_POINT( '', ( -1.09356913183280, -1.11731511254019, 2.99000000000000 ) );
#6633 = VECTOR( '', #8169, 1000.00000000000 );
#6634 = COLOUR_RGB( '', 0.800000071525574, 0.800000071525574, 0.800000011920929 );
#6635 = CARTESIAN_POINT( '', ( -1.38231511254019, -1.60155948553055, 3.00000000000000 ) );
#6636 = CARTESIAN_POINT( '', ( -1.42368703108253, -1.60155948553055, 3.00000000000000 ) );
#6637 = CARTESIAN_POINT( '', ( -1.46505894962487, -1.60155948553055, 3.00000000000000 ) );
#6638 = CARTESIAN_POINT( '', ( -1.50643086816720, -1.60155948553055, 3.00000000000000 ) );
#6639 = CARTESIAN_POINT( '', ( -1.38231511254019, -1.60155948553055, 2.99000000000000 ) );
#6640 = CARTESIAN_POINT( '', ( -1.42368703108253, -1.60155948553055, 2.99000000000000 ) );
#6641 = CARTESIAN_POINT( '', ( -1.46505894962487, -1.60155948553055, 2.99000000000000 ) );
#6642 = CARTESIAN_POINT( '', ( -1.50643086816720, -1.60155948553055, 2.99000000000000 ) );
#6643 = COLOUR_RGB( '', 0.800000071525574, 0.800000071525574, 0.800000011920929 );
#6644 = CARTESIAN_POINT( '', ( -3.14799691988393, 1.88232529339111, 2.99000000000000 ) );
#6645 = CARTESIAN_POINT( '', ( -3.14799691988393, 1.88232529339111, 2.99000000000000 ) );
#6646 = VECTOR( '', #8170, 1000.00000000000 );
#6647 = CARTESIAN_POINT( '', ( -2.61138916684907, 1.88232529339110, 2.99000000000000 ) );
#6648 = CARTESIAN_POINT( '', ( -2.61138916684907, 1.88232529339111, 2.99000000000000 ) );
#6649 = VECTOR( '', #8171, 1000.00000000000 );
#6650 = CARTESIAN_POINT( '', ( -2.61466116534319, 1.94514225621614, 2.99000000000000 ) );
#6651 = VECTOR( '', #8172, 1000.00000000000 );
#6652 = COLOUR_RGB( '', 0.800000071525574, 0.800000071525574, 0.800000011920929 );
#6653 = CARTESIAN_POINT( '', ( -0.0607717041800638, -0.923745980707395, 3.00000000000000 ) );
#6654 = CARTESIAN_POINT( '', ( -0.103215434083601, -1.03371382636656, 3.00000000000000 ) );
#6655 = CARTESIAN_POINT( '', ( -0.0607717041800638, -0.923745980707395, 3.00000000000000 ) );
#6656 = CARTESIAN_POINT( '', ( -0.0749196141479096, -0.960401929260450, 3.00000000000000 ) );
#6657 = CARTESIAN_POINT( '', ( -0.0890675241157554, -0.997057877813504, 3.00000000000000 ) );
#6658 = CARTESIAN_POINT( '', ( -0.103215434083601, -1.03371382636656, 3.00000000000000 ) );
#6659 = CARTESIAN_POINT( '', ( -0.0607717041800638, -0.923745980707395, 2.99000000000000 ) );
#6660 = VECTOR( '', #8173, 1000.00000000000 );
#6661 = CARTESIAN_POINT( '', ( -0.103215434083601, -1.03371382636656, 2.99000000000000 ) );
#6662 = VECTOR( '', #8174, 1000.00000000000 );
#6663 = COLOUR_RGB( '', 0.800000071525574, 0.800000071525574, 0.800000011920929 );
#6664 = CARTESIAN_POINT( '', ( 0.685209003215435, -1.60155948553055, 3.00000000000000 ) );
#6665 = CARTESIAN_POINT( '', ( 0.685209003215435, -0.901237942122186, 3.00000000000000 ) );
#6666 = CARTESIAN_POINT( '', ( 0.685209003215435, -1.60155948553055, 3.00000000000000 ) );
#6667 = CARTESIAN_POINT( '', ( 0.685209003215435, -0.901237942122186, 3.00000000000000 ) );
#6668 = CARTESIAN_POINT( '', ( 0.685209003215435, -1.60155948553055, 2.99000000000000 ) );
#6669 = VECTOR( '', #8175, 1000.00000000000 );
#6670 = CARTESIAN_POINT( '', ( 0.685209003215435, -0.901237942122186, 2.99000000000000 ) );
#6671 = VECTOR( '', #8176, 1000.00000000000 );
#6672 = COLOUR_RGB( '', 0.800000071525574, 0.800000071525574, 0.800000011920929 );
#6673 = CARTESIAN_POINT( '', ( 2.47816392878203, 1.91372025414869, 2.99000000000000 ) );
#6674 = CARTESIAN_POINT( '', ( 2.47816392878203, 1.91372025414869, 2.99000000000000 ) );
#6675 = CARTESIAN_POINT( '', ( 2.47816392878203, 1.82918911949907, 2.99000000000000 ) );
#6676 = CARTESIAN_POINT( '', ( 2.54668660798936, 1.76066644029174, 2.99000000000000 ) );
#6677 = CARTESIAN_POINT( '', ( 2.63121774263898, 1.76066644029174, 2.99000000000000 ) );
#6678 = CARTESIAN_POINT( '', ( 2.71574887728859, 1.76066644029174, 2.99000000000000 ) );
#6679 = CARTESIAN_POINT( '', ( 2.78427155649593, 1.82918911949907, 2.99000000000000 ) );
#6680 = CARTESIAN_POINT( '', ( 2.78427155649593, 1.91372025414869, 2.99000000000000 ) );
#6681 = CARTESIAN_POINT( '', ( 2.78427155649593, 1.99827843010818, 2.99000000000000 ) );
#6682 = CARTESIAN_POINT( '', ( 2.71574887728859, 2.06680110931551, 2.99000000000000 ) );
#6683 = CARTESIAN_POINT( '', ( 2.63121774263898, 2.06680110931551, 2.99000000000000 ) );
#6684 = CARTESIAN_POINT( '', ( 2.54668660798936, 2.06680110931551, 2.99000000000000 ) );
#6685 = CARTESIAN_POINT( '', ( 2.47816392878203, 1.99827843010818, 2.99000000000000 ) );
#6686 = CARTESIAN_POINT( '', ( 2.47816392878203, 1.91372025414869, 2.99000000000000 ) );
#6687 = CARTESIAN_POINT( '', ( 0.688678206909670, 1.94514225621614, 2.99000000000000 ) );
#6688 = CARTESIAN_POINT( '', ( 0.688678206909670, 1.94514225621614, 2.99000000000000 ) );
#6689 = CARTESIAN_POINT( '', ( 0.861572229817300, 1.94514225621614, 2.99000000000000 ) );
#6690 = CARTESIAN_POINT( '', ( 2.26201381536910, 1.94514225621614, 2.99000000000000 ) );
#6691 = CARTESIAN_POINT( '', ( 2.41761843598597, 1.94514225621614, 2.99000000000000 ) );
#6692 = CARTESIAN_POINT( '', ( 0.651929066798081, 1.88232529339111, 2.99000000000000 ) );
#6693 = CARTESIAN_POINT( '', ( 0.651929066798081, 1.88232529339111, 2.99000000000000 ) );
#6694 = CARTESIAN_POINT( '', ( 0.655603980809240, 1.88860698967361, 2.99000000000000 ) );
#6695 = CARTESIAN_POINT( '', ( 0.685370784299627, 1.93948872956189, 2.99000000000000 ) );
#6696 = CARTESIAN_POINT( '', ( 0.688678206909670, 1.94514225621614, 2.99000000000000 ) );
#6697 = CARTESIAN_POINT( '', ( 2.41761843598597, 1.88232529339111, 2.99000000000000 ) );
#6698 = CARTESIAN_POINT( '', ( 2.41761843598597, 1.88232529339111, 2.99000000000000 ) );
#6699 = CARTESIAN_POINT( '', ( 2.24104949906718, 1.88232529339111, 2.99000000000000 ) );
#6700 = CARTESIAN_POINT( '', ( 0.810841110024991, 1.88232529339111, 2.99000000000000 ) );
#6701 = CARTESIAN_POINT( '', ( 0.651929066798081, 1.88232529339111, 2.99000000000000 ) );
#6702 = CARTESIAN_POINT( '', ( 2.84481704929199, 1.88232529339111, 2.99000000000000 ) );
#6703 = CARTESIAN_POINT( '', ( 2.84481704929199, 1.88232529339111, 2.99000000000000 ) );
#6704 = CARTESIAN_POINT( '', ( 2.82959279183590, 1.77799991991758, 2.99000000000000 ) );
#6705 = CARTESIAN_POINT( '', ( 2.73976156045202, 1.69787651877657, 2.99000000000000 ) );
#6706 = CARTESIAN_POINT( '', ( 2.63121774263898, 1.69787651877657, 2.99000000000000 ) );
#6707 = CARTESIAN_POINT( '', ( 2.52267392482594, 1.69787651877657, 2.99000000000000 ) );
#6708 = CARTESIAN_POINT( '', ( 2.43284269344205, 1.77799991991758, 2.99000000000000 ) );
#6709 = CARTESIAN_POINT( '', ( 2.41761843598597, 1.88232529339111, 2.99000000000000 ) );
#6710 = CARTESIAN_POINT( '', ( 3.13137380997081, 1.88232529339111, 2.99000000000000 ) );
#6711 = CARTESIAN_POINT( '', ( 3.10271813390292, 1.88232529339111, 2.99000000000000 ) );
#6712 = CARTESIAN_POINT( '', ( 2.87060715775309, 1.88232529339111, 2.99000000000000 ) );
#6713 = CARTESIAN_POINT( '', ( 2.84481704929199, 1.88232529339111, 2.99000000000000 ) );
#6714 = CARTESIAN_POINT( '', ( 2.84481704929199, 1.94514225621614, 2.99000000000000 ) );
#6715 = CARTESIAN_POINT( '', ( 2.87347272535987, 1.94514225621614, 2.99000000000000 ) );
#6716 = CARTESIAN_POINT( '', ( 3.10558370150971, 1.94514225621614, 2.99000000000000 ) );
#6717 = CARTESIAN_POINT( '', ( 3.13137380997081, 1.94514225621614, 2.99000000000000 ) );
#6718 = COLOUR_RGB( '', 0.800000071525574, 0.800000071525574, 0.800000011920929 );
#6719 = CARTESIAN_POINT( '', ( 3.13137380997081, 2.83947949750429, 3.00000000000000 ) );
#6720 = CARTESIAN_POINT( '', ( 2.84481704929199, 2.83947949750429, 3.00000000000000 ) );
#6721 = CARTESIAN_POINT( '', ( 3.13137380997081, 2.83947949750429, 3.00000000000000 ) );
#6722 = CARTESIAN_POINT( '', ( 3.10271813390292, 2.83947949750429, 3.00000000000000 ) );
#6723 = CARTESIAN_POINT( '', ( 2.87060715775309, 2.83947949750429, 3.00000000000000 ) );
#6724 = CARTESIAN_POINT( '', ( 2.84481704929199, 2.83947949750429, 3.00000000000000 ) );
#6725 = CARTESIAN_POINT( '', ( 3.13137380997081, 2.83947949750429, 2.99000000000000 ) );
#6726 = CARTESIAN_POINT( '', ( 3.13137380997081, 2.83947949750429, 2.99000000000000 ) );
#6727 = VECTOR( '', #8177, 1000.00000000000 );
#6728 = CARTESIAN_POINT( '', ( 2.84481704929199, 2.83947949750429, 2.99000000000000 ) );
#6729 = CARTESIAN_POINT( '', ( 3.13137380997081, 2.83947949750429, 2.99000000000000 ) );
#6730 = CARTESIAN_POINT( '', ( 3.10271813390292, 2.83947949750429, 2.99000000000000 ) );
#6731 = CARTESIAN_POINT( '', ( 2.87060715775309, 2.83947949750429, 2.99000000000000 ) );
#6732 = CARTESIAN_POINT( '', ( 2.84481704929199, 2.83947949750429, 2.99000000000000 ) );
#6733 = CARTESIAN_POINT( '', ( 2.84481704929199, 2.83947949750429, 2.99000000000000 ) );
#6734 = VECTOR( '', #8178, 1000.00000000000 );
#6735 = COLOUR_RGB( '', 0.800000071525574, 0.800000071525574, 0.800000011920929 );
#6736 = CARTESIAN_POINT( '', ( -0.323794212218649, -1.60155948553055, 3.00000000000000 ) );
#6737 = CARTESIAN_POINT( '', ( -0.103215434083601, -1.03371382636656, 3.00000000000000 ) );
#6738 = CARTESIAN_POINT( '', ( -0.132154340836012, -1.01635048231511, 3.00000000000000 ) );
#6739 = CARTESIAN_POINT( '', ( -0.161093247588424, -1.00799035369775, 3.00000000000000 ) );
#6740 = CARTESIAN_POINT( '', ( -0.215755627009645, -1.00799035369775, 3.00000000000000 ) );
#6741 = CARTESIAN_POINT( '', ( -0.238906752411575, -1.01570739549839, 3.00000000000000 ) );
#6742 = CARTESIAN_POINT( '', ( -0.259485530546623, -1.03114147909968, 3.00000000000000 ) );
#6743 = CARTESIAN_POINT( '', ( -0.280372990353697, -1.04680707395498, 3.00000000000000 ) );
#6744 = CARTESIAN_POINT( '', ( -0.294855305466238, -1.06844051446945, 3.00000000000000 ) );
#6745 = CARTESIAN_POINT( '', ( -0.303858520900321, -1.09609324758842, 3.00000000000000 ) );
#6746 = CARTESIAN_POINT( '', ( -0.317585672843339, -1.13825521427055, 3.00000000000000 ) );
#6747 = CARTESIAN_POINT( '', ( -0.323794212218649, -1.18483922829582, 3.00000000000000 ) );
#6748 = CARTESIAN_POINT( '', ( -0.323794212218649, -1.23500000000000, 3.00000000000000 ) );
#6749 = CARTESIAN_POINT( '', ( -0.323794212218649, -1.35718649517685, 3.00000000000000 ) );
#6750 = CARTESIAN_POINT( '', ( -0.323794212218649, -1.47937299035370, 3.00000000000000 ) );
#6751 = CARTESIAN_POINT( '', ( -0.323794212218649, -1.60155948553055, 3.00000000000000 ) );
#6752 = CARTESIAN_POINT( '', ( -0.323794212218649, -1.60155948553055, 2.99000000000000 ) );
#6753 = VECTOR( '', #8179, 1000.00000000000 );
#6754 = COLOUR_RGB( '', 0.800000071525574, 0.800000071525574, 0.800000011920929 );
#6755 = CARTESIAN_POINT( '', ( -0.316285033051406, 2.77668957598912, 3.00000000000000 ) );
#6756 = CARTESIAN_POINT( '', ( -0.316285033051406, 2.77668957598912, 3.00000000000000 ) );
#6757 = VECTOR( '', #8180, 1000.00000000000 );
#6758 = CARTESIAN_POINT( '', ( -0.316285033051406, 2.77668957598912, 2.99000000000000 ) );
#6759 = CARTESIAN_POINT( '', ( -0.316285033051406, 2.77668957598912, 2.99000000000000 ) );
#6760 = VECTOR( '', #8181, 1000.00000000000 );
#6761 = CARTESIAN_POINT( '', ( -0.316285033051406, 2.77668957598912, 2.99000000000000 ) );
#6762 = VECTOR( '', #8182, 1000.00000000000 );
#6763 = COLOUR_RGB( '', 0.800000071525574, 0.800000071525574, 0.800000011920929 );
#6764 = CARTESIAN_POINT( '', ( -0.808761368380519, 2.77668957598912, 3.00000000000000 ) );
#6765 = CARTESIAN_POINT( '', ( -0.808761368380519, 2.77668957598912, 3.00000000000000 ) );
#6766 = VECTOR( '', #8183, 1000.00000000000 );
#6767 = CARTESIAN_POINT( '', ( -0.808761368380519, 2.77668957598912, 2.99000000000000 ) );
#6768 = CARTESIAN_POINT( '', ( -0.808761368380519, 2.77668957598912, 2.99000000000000 ) );
#6769 = VECTOR( '', #8184, 1000.00000000000 );
#6770 = CARTESIAN_POINT( '', ( -0.808761368380519, 2.77668957598912, 2.99000000000000 ) );
#6771 = VECTOR( '', #8185, 1000.00000000000 );
#6772 = COLOUR_RGB( '', 0.800000071525574, 0.800000071525574, 0.800000011920929 );
#6773 = CARTESIAN_POINT( '', ( 2.41761843598597, 2.83947949750429, 3.00000000000000 ) );
#6774 = CARTESIAN_POINT( '', ( 2.84481704929199, 2.83947949750429, 3.00000000000000 ) );
#6775 = CARTESIAN_POINT( '', ( 2.82959279183590, 2.73515412403077, 3.00000000000000 ) );
#6776 = CARTESIAN_POINT( '', ( 2.73976156045202, 2.65503072288975, 3.00000000000000 ) );
#6777 = CARTESIAN_POINT( '', ( 2.63121774263898, 2.65503072288975, 3.00000000000000 ) );
#6778 = CARTESIAN_POINT( '', ( 2.52267392482594, 2.65503072288975, 3.00000000000000 ) );
#6779 = CARTESIAN_POINT( '', ( 2.43284269344205, 2.73515412403077, 3.00000000000000 ) );
#6780 = CARTESIAN_POINT( '', ( 2.41761843598597, 2.83947949750429, 3.00000000000000 ) );
#6781 = CARTESIAN_POINT( '', ( 2.41761843598597, 2.83947949750429, 2.99000000000000 ) );
#6782 = CARTESIAN_POINT( '', ( 2.84481704929199, 2.83947949750429, 2.99000000000000 ) );
#6783 = CARTESIAN_POINT( '', ( 2.82959279183590, 2.73515412403077, 2.99000000000000 ) );
#6784 = CARTESIAN_POINT( '', ( 2.73976156045202, 2.65503072288975, 2.99000000000000 ) );
#6785 = CARTESIAN_POINT( '', ( 2.63121774263898, 2.65503072288975, 2.99000000000000 ) );
#6786 = CARTESIAN_POINT( '', ( 2.52267392482594, 2.65503072288975, 2.99000000000000 ) );
#6787 = CARTESIAN_POINT( '', ( 2.43284269344205, 2.73515412403077, 2.99000000000000 ) );
#6788 = CARTESIAN_POINT( '', ( 2.41761843598597, 2.83947949750429, 2.99000000000000 ) );
#6789 = CARTESIAN_POINT( '', ( 2.41761843598597, 2.83947949750429, 2.99000000000000 ) );
#6790 = VECTOR( '', #8186, 1000.00000000000 );
#6791 = COLOUR_RGB( '', 0.800000071525574, 0.800000071525574, 0.800000011920929 );
#6792 = CARTESIAN_POINT( '', ( 2.84481704929199, 1.94514225621614, 3.00000000000000 ) );
#6793 = CARTESIAN_POINT( '', ( 2.87347272535987, 1.94514225621614, 3.00000000000000 ) );
#6794 = CARTESIAN_POINT( '', ( 3.10558370150971, 1.94514225621614, 3.00000000000000 ) );
#6795 = CARTESIAN_POINT( '', ( 3.13137380997081, 1.94514225621614, 3.00000000000000 ) );
#6796 = COLOUR_RGB( '', 0.800000071525574, 0.800000071525574, 0.800000011920929 );
#6797 = CARTESIAN_POINT( '', ( 0.0648081469284529, 2.34254134604683, 3.00000000000000 ) );
#6798 = CARTESIAN_POINT( '', ( 0.797952140089166, 2.34254134604683, 3.00000000000000 ) );
#6799 = CARTESIAN_POINT( '', ( 0.0648081469284537, 2.34254134604683, 3.00000000000000 ) );
#6800 = VECTOR( '', #8187, 1000.00000000000 );
#6801 = CARTESIAN_POINT( '', ( 0.797952140089168, 2.34254134604683, 2.99000000000000 ) );
#6802 = CARTESIAN_POINT( '', ( 0.797952140089168, 2.34254134604683, 2.99000000000000 ) );
#6803 = VECTOR( '', #8188, 1000.00000000000 );
#6804 = CARTESIAN_POINT( '', ( 0.0648081469284529, 2.34254134604683, 2.99000000000000 ) );
#6805 = CARTESIAN_POINT( '', ( 0.0648081469284537, 2.34254134604683, 2.99000000000000 ) );
#6806 = VECTOR( '', #8189, 1000.00000000000 );
#6807 = CARTESIAN_POINT( '', ( 0.0648081469284529, 2.34254134604683, 2.99000000000000 ) );
#6808 = VECTOR( '', #8190, 1000.00000000000 );
#6809 = COLOUR_RGB( '', 0.800000071525574, 0.800000071525574, 0.800000011920929 );
#6810 = CARTESIAN_POINT( '', ( -2.63683503943553, 2.37036685390175, 3.00000000000000 ) );
#6811 = CARTESIAN_POINT( '', ( -3.14799691988393, 2.37036685390175, 3.00000000000000 ) );
#6812 = CARTESIAN_POINT( '', ( -2.63683503943553, 2.37036685390175, 3.00000000000000 ) );
#6813 = VECTOR( '', #8191, 1000.00000000000 );
#6814 = CARTESIAN_POINT( '', ( -2.63683503943553, 2.37036685390175, 2.99000000000000 ) );
#6815 = CARTESIAN_POINT( '', ( -2.63683503943553, 2.37036685390175, 2.99000000000000 ) );
#6816 = VECTOR( '', #8192, 1000.00000000000 );
#6817 = CARTESIAN_POINT( '', ( -3.14799691988393, 2.37036685390175, 2.99000000000000 ) );
#6818 = CARTESIAN_POINT( '', ( -2.63683503943553, 2.37036685390175, 2.99000000000000 ) );
#6819 = VECTOR( '', #8193, 1000.00000000000 );
#6820 = CARTESIAN_POINT( '', ( -3.14799691988393, 2.37036685390175, 2.99000000000000 ) );
#6821 = VECTOR( '', #8194, 1000.00000000000 );
#6822 = COLOUR_RGB( '', 0.800000071525574, 0.800000071525574, 0.800000011920929 );
#6823 = CARTESIAN_POINT( '', ( 2.84481704929199, 2.90226941901945, 3.00000000000000 ) );
#6824 = CARTESIAN_POINT( '', ( 2.41761843598597, 2.90226941901945, 3.00000000000000 ) );
#6825 = CARTESIAN_POINT( '', ( 2.43284269344205, 3.00659479249297, 3.00000000000000 ) );
#6826 = CARTESIAN_POINT( '', ( 2.52267392482594, 3.08671819363399, 3.00000000000000 ) );
#6827 = CARTESIAN_POINT( '', ( 2.63121774263898, 3.08671819363399, 3.00000000000000 ) );
#6828 = CARTESIAN_POINT( '', ( 2.73976156045202, 3.08671819363399, 3.00000000000000 ) );
#6829 = CARTESIAN_POINT( '', ( 2.82959279183590, 3.00659479249297, 3.00000000000000 ) );
#6830 = CARTESIAN_POINT( '', ( 2.84481704929199, 2.90226941901945, 3.00000000000000 ) );
#6831 = CARTESIAN_POINT( '', ( 2.84481704929199, 2.90226941901945, 2.99000000000000 ) );
#6832 = CARTESIAN_POINT( '', ( 2.41761843598597, 2.90226941901945, 2.99000000000000 ) );
#6833 = CARTESIAN_POINT( '', ( 2.43284269344205, 3.00659479249297, 2.99000000000000 ) );
#6834 = CARTESIAN_POINT( '', ( 2.52267392482594, 3.08671819363399, 2.99000000000000 ) );
#6835 = CARTESIAN_POINT( '', ( 2.63121774263898, 3.08671819363399, 2.99000000000000 ) );
#6836 = CARTESIAN_POINT( '', ( 2.73976156045202, 3.08671819363399, 2.99000000000000 ) );
#6837 = CARTESIAN_POINT( '', ( 2.82959279183590, 3.00659479249297, 2.99000000000000 ) );
#6838 = CARTESIAN_POINT( '', ( 2.84481704929199, 2.90226941901945, 2.99000000000000 ) );
#6839 = CARTESIAN_POINT( '', ( 2.84481704929199, 2.90226941901945, 2.99000000000000 ) );
#6840 = VECTOR( '', #8195, 1000.00000000000 );
#6841 = COLOUR_RGB( '', 0.800000071525574, 0.800000071525574, 0.800000011920929 );
#6842 = CARTESIAN_POINT( '', ( -3.14799691988393, 2.43318381672679, 2.99000000000000 ) );
#6843 = CARTESIAN_POINT( '', ( -3.14799691988393, 2.37036685390175, 2.99000000000000 ) );
#6844 = VECTOR( '', #8196, 1000.00000000000 );
#6845 = CARTESIAN_POINT( '', ( -2.64010703792965, 2.43315677541692, 2.99000000000000 ) );
#6846 = CARTESIAN_POINT( '', ( -2.64010703792966, 2.43315677541691, 2.99000000000000 ) );
#6847 = VECTOR( '', #8197, 1000.00000000000 );
#6848 = CARTESIAN_POINT( '', ( -3.14799691988393, 2.43318381672679, 2.99000000000000 ) );
#6849 = VECTOR( '', #8198, 1000.00000000000 );
#6850 = COLOUR_RGB( '', 0.800000071525574, 0.800000071525574, 0.800000011920929 );
#6851 = CARTESIAN_POINT( '', ( -2.61138916684907, 1.88232529339110, 3.00000000000000 ) );
#6852 = CARTESIAN_POINT( '', ( -3.14799691988393, 1.88232529339111, 3.00000000000000 ) );
#6853 = CARTESIAN_POINT( '', ( -2.61138916684907, 1.88232529339111, 3.00000000000000 ) );
#6854 = VECTOR( '', #8199, 1000.00000000000 );
#6855 = CARTESIAN_POINT( '', ( -2.61138916684907, 1.88232529339110, 2.99000000000000 ) );
#6856 = VECTOR( '', #8200, 1000.00000000000 );
#6857 = CARTESIAN_POINT( '', ( -3.14799691988393, 1.88232529339111, 2.99000000000000 ) );
#6858 = VECTOR( '', #8201, 1000.00000000000 );
#6859 = COLOUR_RGB( '', 0.200000002980232, 0.200000002980232, 0.200000002980232 );
#6860 = CARTESIAN_POINT( '', ( 0.984244372990354, -1.60155948553055, 3.00000000000000 ) );
#6861 = CARTESIAN_POINT( '', ( 1.10321543408360, -1.60155948553055, 3.00000000000000 ) );
#6862 = CARTESIAN_POINT( '', ( 1.06355841371919, -1.60155948553055, 3.00000000000000 ) );
#6863 = CARTESIAN_POINT( '', ( 1.02390139335477, -1.60155948553055, 3.00000000000000 ) );
#6864 = CARTESIAN_POINT( '', ( 0.984244372990354, -1.60155948553055, 3.00000000000000 ) );
#6865 = CARTESIAN_POINT( '', ( 0.984244372990354, -1.60155948553055, 3.00000000000000 ) );
#6866 = CARTESIAN_POINT( '', ( 0.984244372990354, -1.36811897106109, 3.00000000000000 ) );
#6867 = CARTESIAN_POINT( '', ( 0.984244372990354, -1.13467845659164, 3.00000000000000 ) );
#6868 = CARTESIAN_POINT( '', ( 0.984244372990354, -0.901237942122186, 3.00000000000000 ) );
#6869 = CARTESIAN_POINT( '', ( 1.55401929260450, -1.60155948553055, 3.00000000000000 ) );
#6870 = CARTESIAN_POINT( '', ( 1.09099678456592, -1.00091639871383, 3.00000000000000 ) );
#6871 = CARTESIAN_POINT( '', ( 1.14244372990354, -0.924389067524115, 3.00000000000000 ) );
#6872 = CARTESIAN_POINT( '', ( 1.21704180064309, -0.885803858520900, 3.00000000000000 ) );
#6873 = CARTESIAN_POINT( '', ( 1.35659163987138, -0.885803858520900, 3.00000000000000 ) );
#6874 = CARTESIAN_POINT( '', ( 1.39517684887460, -0.893520900321543, 3.00000000000000 ) );
#6875 = CARTESIAN_POINT( '', ( 1.43054662379421, -0.908954983922829, 3.00000000000000 ) );
#6876 = CARTESIAN_POINT( '', ( 1.46622088719550, -0.924521935225209, 3.00000000000000 ) );
#6877 = CARTESIAN_POINT( '', ( 1.49292604501608, -0.943681672025723, 3.00000000000000 ) );
#6878 = CARTESIAN_POINT( '', ( 1.51028938906752, -0.968118971061093, 3.00000000000000 ) );
#6879 = CARTESIAN_POINT( '', ( 1.52817211524661, -0.993287252350167, 3.00000000000000 ) );
#6880 = CARTESIAN_POINT( '', ( 1.54051446945338, -1.02213826366559, 3.00000000000000 ) );
#6881 = CARTESIAN_POINT( '', ( 1.54758842443730, -1.05622186495177, 3.00000000000000 ) );
#6882 = CARTESIAN_POINT( '', ( 1.55212493003962, -1.07807957376293, 3.00000000000000 ) );
#6883 = CARTESIAN_POINT( '', ( 1.55401929260450, -1.11667202572347, 3.00000000000000 ) );
#6884 = CARTESIAN_POINT( '', ( 1.55401929260450, -1.17133440514469, 3.00000000000000 ) );
#6885 = CARTESIAN_POINT( '', ( 1.55401929260450, -1.31474276527331, 3.00000000000000 ) );
#6886 = CARTESIAN_POINT( '', ( 1.55401929260450, -1.45815112540193, 3.00000000000000 ) );
#6887 = CARTESIAN_POINT( '', ( 1.55401929260450, -1.60155948553055, 3.00000000000000 ) );
#6888 = CARTESIAN_POINT( '', ( 1.55401929260450, -1.60155948553055, 3.00000000000000 ) );
#6889 = CARTESIAN_POINT( '', ( 1.51457663451233, -1.60155948553055, 3.00000000000000 ) );
#6890 = CARTESIAN_POINT( '', ( 1.47513397642015, -1.60155948553055, 3.00000000000000 ) );
#6891 = CARTESIAN_POINT( '', ( 1.43569131832797, -1.60155948553055, 3.00000000000000 ) );
#6892 = CARTESIAN_POINT( '', ( 0.685209003215435, -0.770691318327974, 3.00000000000000 ) );
#6893 = CARTESIAN_POINT( '', ( 0.803536977491963, -0.770691318327974, 3.00000000000000 ) );
#6894 = CARTESIAN_POINT( '', ( 0.685209003215435, -0.770691318327974, 3.00000000000000 ) );
#6895 = CARTESIAN_POINT( '', ( 0.685209003215435, -0.635000000000000, 3.00000000000000 ) );
#6896 = CARTESIAN_POINT( '', ( 0.685209003215435, -0.770691318327974, 3.00000000000000 ) );
#6897 = CARTESIAN_POINT( '', ( 0.685209003215435, -0.635000000000000, 3.00000000000000 ) );
#6898 = CARTESIAN_POINT( '', ( 0.685209003215435, -0.635000000000000, 3.00000000000000 ) );
#6899 = CARTESIAN_POINT( '', ( 0.803536977491963, -0.635000000000000, 3.00000000000000 ) );
#6900 = CARTESIAN_POINT( '', ( -0.442122186495177, -1.60155948553055, 3.00000000000000 ) );
#6901 = CARTESIAN_POINT( '', ( -0.323794212218649, -1.60155948553055, 3.00000000000000 ) );
#6902 = CARTESIAN_POINT( '', ( -0.363236870310825, -1.60155948553055, 3.00000000000000 ) );
#6903 = CARTESIAN_POINT( '', ( -0.402679528403001, -1.60155948553055, 3.00000000000000 ) );
#6904 = CARTESIAN_POINT( '', ( -0.442122186495177, -1.60155948553055, 3.00000000000000 ) );
#6905 = CARTESIAN_POINT( '', ( -0.442122186495177, -0.901237942122186, 3.00000000000000 ) );
#6906 = CARTESIAN_POINT( '', ( -0.442122186495177, -1.60155948553055, 3.00000000000000 ) );
#6907 = CARTESIAN_POINT( '', ( -0.442122186495177, -1.36811897106109, 3.00000000000000 ) );
#6908 = CARTESIAN_POINT( '', ( -0.442122186495177, -1.13467845659164, 3.00000000000000 ) );
#6909 = CARTESIAN_POINT( '', ( -0.442122186495177, -0.901237942122186, 3.00000000000000 ) );
#6910 = CARTESIAN_POINT( '', ( -0.336012861736333, -0.901237942122186, 3.00000000000000 ) );
#6911 = CARTESIAN_POINT( '', ( -0.442122186495177, -0.901237942122186, 3.00000000000000 ) );
#6912 = CARTESIAN_POINT( '', ( -0.406752411575563, -0.901237942122186, 3.00000000000000 ) );
#6913 = CARTESIAN_POINT( '', ( -0.371382636655948, -0.901237942122186, 3.00000000000000 ) );
#6914 = CARTESIAN_POINT( '', ( -0.336012861736333, -0.901237942122186, 3.00000000000000 ) );
#6915 = CARTESIAN_POINT( '', ( -0.336012861736333, -1.00734726688103, 3.00000000000000 ) );
#6916 = CARTESIAN_POINT( '', ( -0.336012861736333, -0.901237942122186, 3.00000000000000 ) );
#6917 = CARTESIAN_POINT( '', ( -0.336012861736333, -0.936607717041800, 3.00000000000000 ) );
#6918 = CARTESIAN_POINT( '', ( -0.336012861736333, -0.971977491961414, 3.00000000000000 ) );
#6919 = CARTESIAN_POINT( '', ( -0.336012861736333, -1.00734726688103, 3.00000000000000 ) );
#6920 = CARTESIAN_POINT( '', ( -0.336012861736333, -1.00734726688103, 3.00000000000000 ) );
#6921 = CARTESIAN_POINT( '', ( -0.308360128617363, -0.957829581993569, 3.00000000000000 ) );
#6922 = CARTESIAN_POINT( '', ( -0.283279742765273, -0.925675241157556, 3.00000000000000 ) );
#6923 = CARTESIAN_POINT( '', ( -0.260128617363343, -0.909598070739549, 3.00000000000000 ) );
#6924 = CARTESIAN_POINT( '', ( -0.236844924351096, -0.893428839481044, 3.00000000000000 ) );
#6925 = CARTESIAN_POINT( '', ( -0.211254019292604, -0.885803858520900, 3.00000000000000 ) );
#6926 = CARTESIAN_POINT( '', ( -0.143086816720256, -0.885803858520900, 3.00000000000000 ) );
#6927 = CARTESIAN_POINT( '', ( -0.101929260450161, -0.898665594855305, 3.00000000000000 ) );
#6928 = CARTESIAN_POINT( '', ( -0.0607717041800638, -0.923745980707395, 3.00000000000000 ) );
#6929 = CARTESIAN_POINT( '', ( -2.18167202572347, -0.779694533762057, 3.00000000000000 ) );
#6930 = CARTESIAN_POINT( '', ( -2.18167202572347, -1.60155948553055, 3.00000000000000 ) );
#6931 = CARTESIAN_POINT( '', ( -2.18167202572347, -0.779694533762057, 3.00000000000000 ) );
#6932 = CARTESIAN_POINT( '', ( -2.18167202572347, -1.05364951768489, 3.00000000000000 ) );
#6933 = CARTESIAN_POINT( '', ( -2.18167202572347, -1.32760450160772, 3.00000000000000 ) );
#6934 = CARTESIAN_POINT( '', ( -2.18167202572347, -1.60155948553055, 3.00000000000000 ) );
#6935 = CARTESIAN_POINT( '', ( -2.18167202572347, -1.60155948553055, 3.00000000000000 ) );
#6936 = CARTESIAN_POINT( '', ( -2.22304394426581, -1.60155948553055, 3.00000000000000 ) );
#6937 = CARTESIAN_POINT( '', ( -2.26441586280815, -1.60155948553055, 3.00000000000000 ) );
#6938 = CARTESIAN_POINT( '', ( -2.30578778135048, -1.60155948553055, 3.00000000000000 ) );
#6939 = CARTESIAN_POINT( '', ( -2.11350482315113, -0.635000000000000, 3.00000000000000 ) );
#6940 = CARTESIAN_POINT( '', ( -2.30578778135048, -0.635000000000000, 3.00000000000000 ) );
#6941 = CARTESIAN_POINT( '', ( -2.24169346195069, -0.635000000000000, 3.00000000000000 ) );
#6942 = CARTESIAN_POINT( '', ( -2.17759914255091, -0.635000000000000, 3.00000000000000 ) );
#6943 = CARTESIAN_POINT( '', ( -2.11350482315113, -0.635000000000000, 3.00000000000000 ) );
#6944 = CARTESIAN_POINT( '', ( -1.83762057877813, -1.46200964630225, 3.00000000000000 ) );
#6945 = CARTESIAN_POINT( '', ( -2.11350482315113, -0.635000000000000, 3.00000000000000 ) );
#6946 = CARTESIAN_POINT( '', ( -2.03697749196142, -0.863081457663451, 3.00000000000000 ) );
#6947 = CARTESIAN_POINT( '', ( -1.96045016077171, -1.09116291532690, 3.00000000000000 ) );
#6948 = CARTESIAN_POINT( '', ( -1.88392282958200, -1.31924437299035, 3.00000000000000 ) );
#6949 = CARTESIAN_POINT( '', ( -1.86264054624227, -1.38267392333619, 3.00000000000000 ) );
#6950 = CARTESIAN_POINT( '', ( -1.84790996784566, -1.43049839228296, 3.00000000000000 ) );
#6951 = CARTESIAN_POINT( '', ( -1.83762057877813, -1.46200964630225, 3.00000000000000 ) );
#6952 = CARTESIAN_POINT( '', ( -1.55466237942122, -0.635000000000000, 3.00000000000000 ) );
#6953 = CARTESIAN_POINT( '', ( -1.83762057877813, -1.46200964630225, 3.00000000000000 ) );
#6954 = CARTESIAN_POINT( '', ( -1.82668810289389, -1.42728295819936, 3.00000000000000 ) );
#6955 = CARTESIAN_POINT( '', ( -1.80996784565917, -1.37583601286174, 3.00000000000000 ) );
#6956 = CARTESIAN_POINT( '', ( -1.78617363344051, -1.30766881028939, 3.00000000000000 ) );
#6957 = CARTESIAN_POINT( '', ( -1.70802617923696, -1.08378691446299, 3.00000000000000 ) );
#6958 = CARTESIAN_POINT( '', ( -1.63183279742765, -0.859222936763129, 3.00000000000000 ) );
#6959 = CARTESIAN_POINT( '', ( -1.55466237942122, -0.635000000000000, 3.00000000000000 ) );
#6960 = CARTESIAN_POINT( '', ( -1.55466237942122, -0.635000000000000, 3.00000000000000 ) );
#6961 = CARTESIAN_POINT( '', ( -1.49721329046088, -0.635000000000000, 3.00000000000000 ) );
#6962 = CARTESIAN_POINT( '', ( -1.43976420150053, -0.635000000000000, 3.00000000000000 ) );
#6963 = CARTESIAN_POINT( '', ( -1.38231511254019, -0.635000000000000, 3.00000000000000 ) );
#6964 = CARTESIAN_POINT( '', ( -1.50643086816720, -0.791913183279742, 3.00000000000000 ) );
#6965 = CARTESIAN_POINT( '', ( -1.60010718113612, -1.06179528403001, 3.00000000000000 ) );
#6966 = CARTESIAN_POINT( '', ( -1.69378349410503, -1.33167738478028, 3.00000000000000 ) );
#6967 = CARTESIAN_POINT( '', ( -1.78745980707395, -1.60155948553055, 3.00000000000000 ) );
#6968 = CARTESIAN_POINT( '', ( -1.90257234726688, -1.60155948553055, 3.00000000000000 ) );
#6969 = CARTESIAN_POINT( '', ( -1.99560557341908, -1.32760450160772, 3.00000000000000 ) );
#6970 = CARTESIAN_POINT( '', ( -2.08863879957128, -1.05364951768489, 3.00000000000000 ) );
#6971 = CARTESIAN_POINT( '', ( -2.18167202572347, -0.779694533762057, 3.00000000000000 ) );
#6972 = CARTESIAN_POINT( '', ( 0.797952140089166, 2.34254134604683, 3.00000000000000 ) );
#6973 = VECTOR( '', #8202, 1000.00000000000 );
#6974 = CARTESIAN_POINT( '', ( -0.0585813500025129, 2.13967743941171, 3.00000000000000 ) );
#6975 = CARTESIAN_POINT( '', ( -0.0585813500025129, 2.13967743941171, 3.00000000000000 ) );
#6976 = VECTOR( '', #8203, 1000.00000000000 );
#6977 = CARTESIAN_POINT( '', ( 0.676915237116778, 2.13967743941171, 3.00000000000000 ) );
#6978 = CARTESIAN_POINT( '', ( 0.676915237116778, 2.13967743941171, 3.00000000000000 ) );
#6979 = VECTOR( '', #8204, 1000.00000000000 );
#6980 = CARTESIAN_POINT( '', ( 0.423240709238325, 1.70609707697667, 3.00000000000000 ) );
#6981 = CARTESIAN_POINT( '', ( 0.423240709238325, 1.70609707697667, 3.00000000000000 ) );
#6982 = VECTOR( '', #8205, 1000.00000000000 );
#6983 = CARTESIAN_POINT( '', ( -0.315473793755344, 1.70609707697667, 3.00000000000000 ) );
#6984 = VECTOR( '', #8206, 1000.00000000000 );
#6985 = CARTESIAN_POINT( '', ( 0.0252737519003854, 1.03163272623107, 3.00000000000000 ) );
#6986 = CARTESIAN_POINT( '', ( 0.0252737519003845, 1.03163272623107, 3.00000000000000 ) );
#6987 = VECTOR( '', #8207, 1000.00000000000 );
#6988 = CARTESIAN_POINT( '', ( -1.21013553076192, 1.03163272623107, 3.00000000000000 ) );
#6989 = VECTOR( '', #8208, 1000.00000000000 );
#6990 = CARTESIAN_POINT( '', ( -3.14799691988393, 2.43318381672679, 3.00000000000000 ) );
#6991 = CARTESIAN_POINT( '', ( -3.14799691988393, 2.37036685390175, 3.00000000000000 ) );
#6992 = VECTOR( '', #8209, 1000.00000000000 );
#6993 = CARTESIAN_POINT( '', ( -2.64010703792965, 2.43315677541692, 3.00000000000000 ) );
#6994 = CARTESIAN_POINT( '', ( -3.14799691988393, 2.43318381672679, 3.00000000000000 ) );
#6995 = VECTOR( '', #8210, 1000.00000000000 );
#6996 = CARTESIAN_POINT( '', ( -2.64010703792966, 2.43315677541691, 3.00000000000000 ) );
#6997 = VECTOR( '', #8211, 1000.00000000000 );
#6998 = CARTESIAN_POINT( '', ( -3.14799691988393, 1.88232529339111, 3.00000000000000 ) );
#6999 = VECTOR( '', #8212, 1000.00000000000 );
#7000 = CARTESIAN_POINT( '', ( -2.61466116534319, 1.94514225621614, 3.00000000000000 ) );
#7001 = VECTOR( '', #8213, 1000.00000000000 );
#7002 = CARTESIAN_POINT( '', ( 0.976884487490480, 2.43315677541691, 3.00000000000000 ) );
#7003 = CARTESIAN_POINT( '', ( 1.04885763783706, 2.43315677541691, 3.00000000000000 ) );
#7004 = CARTESIAN_POINT( '', ( 1.63184015564438, 2.43315677541691, 3.00000000000000 ) );
#7005 = CARTESIAN_POINT( '', ( 1.69661599095631, 2.43315677541691, 3.00000000000000 ) );
#7006 = CARTESIAN_POINT( '', ( 2.12378756295247, 2.37036685390175, 3.00000000000000 ) );
#7007 = CARTESIAN_POINT( '', ( 3.13137380997081, 2.37036685390175, 3.00000000000000 ) );
#7008 = CARTESIAN_POINT( '', ( 3.03061518526897, 2.37036685390175, 3.00000000000000 ) );
#7009 = CARTESIAN_POINT( '', ( 2.21447032518412, 2.37036685390175, 3.00000000000000 ) );
#7010 = CARTESIAN_POINT( '', ( 2.12378756295247, 2.37036685390175, 3.00000000000000 ) );
#7011 = CARTESIAN_POINT( '', ( 1.69661599095631, 2.37036685390175, 3.00000000000000 ) );
#7012 = CARTESIAN_POINT( '', ( 2.12378756295247, 2.37036685390175, 3.00000000000000 ) );
#7013 = CARTESIAN_POINT( '', ( 2.10859034680624, 2.26604148042823, 3.00000000000000 ) );
#7014 = CARTESIAN_POINT( '', ( 2.01875911542236, 2.18591807928722, 3.00000000000000 ) );
#7015 = CARTESIAN_POINT( '', ( 1.91018825629945, 2.18591807928722, 3.00000000000000 ) );
#7016 = CARTESIAN_POINT( '', ( 1.80164443848641, 2.18591807928722, 3.00000000000000 ) );
#7017 = CARTESIAN_POINT( '', ( 1.71181320710253, 2.26604148042823, 3.00000000000000 ) );
#7018 = CARTESIAN_POINT( '', ( 1.69661599095631, 2.37036685390175, 3.00000000000000 ) );
#7019 = CARTESIAN_POINT( '', ( 1.69661599095631, 2.37036685390175, 3.00000000000000 ) );
#7020 = CARTESIAN_POINT( '', ( 1.62094629355067, 2.37036685390175, 3.00000000000000 ) );
#7021 = CARTESIAN_POINT( '', ( 1.00802174456501, 2.37036685390175, 3.00000000000000 ) );
#7022 = CARTESIAN_POINT( '', ( 0.939919016899941, 2.37036685390175, 3.00000000000000 ) );
#7023 = CARTESIAN_POINT( '', ( 0.402689313738096, 1.45723590225484, 3.00000000000000 ) );
#7024 = CARTESIAN_POINT( '', ( 1.69661599095631, 1.45710069570550, 3.00000000000000 ) );
#7025 = CARTESIAN_POINT( '', ( 0.402689313738096, 1.45723590225484, 3.00000000000000 ) );
#7026 = CARTESIAN_POINT( '', ( 0.532081981459917, 1.45722238159991, 3.00000000000000 ) );
#7027 = CARTESIAN_POINT( '', ( 1.58016259000667, 1.45711286429494, 3.00000000000000 ) );
#7028 = CARTESIAN_POINT( '', ( 1.69661599095631, 1.45710069570550, 3.00000000000000 ) );
#7029 = CARTESIAN_POINT( '', ( 1.69661599095631, 1.45710069570550, 3.00000000000000 ) );
#7030 = CARTESIAN_POINT( '', ( 1.71181320710253, 1.56142606917901, 3.00000000000000 ) );
#7031 = CARTESIAN_POINT( '', ( 1.80164443848641, 1.64154947032003, 3.00000000000000 ) );
#7032 = CARTESIAN_POINT( '', ( 1.91018825629945, 1.64154947032003, 3.00000000000000 ) );
#7033 = CARTESIAN_POINT( '', ( 2.01875911542236, 1.64154947032003, 3.00000000000000 ) );
#7034 = CARTESIAN_POINT( '', ( 2.10859034680624, 1.56142606917901, 3.00000000000000 ) );
#7035 = CARTESIAN_POINT( '', ( 2.12378756295247, 1.45710069570550, 3.00000000000000 ) );
#7036 = CARTESIAN_POINT( '', ( 3.13137380997081, 1.45710069570550, 3.00000000000000 ) );
#7037 = CARTESIAN_POINT( '', ( 3.13137380997081, 1.45081899942299, 3.00000000000000 ) );
#7038 = CARTESIAN_POINT( '', ( 3.13137380997081, 1.39993725953472, 3.00000000000000 ) );
#7039 = CARTESIAN_POINT( '', ( 3.13137380997081, 1.39428373288046, 3.00000000000000 ) );
#7040 = CARTESIAN_POINT( '', ( 2.12378756295247, 1.39428373288046, 3.00000000000000 ) );
#7041 = CARTESIAN_POINT( '', ( 2.10859034680624, 1.28995835940694, 3.00000000000000 ) );
#7042 = CARTESIAN_POINT( '', ( 2.01875911542236, 1.20983495826593, 3.00000000000000 ) );
#7043 = CARTESIAN_POINT( '', ( 1.91018825629945, 1.20983495826593, 3.00000000000000 ) );
#7044 = CARTESIAN_POINT( '', ( 1.80164443848641, 1.20983495826593, 3.00000000000000 ) );
#7045 = CARTESIAN_POINT( '', ( 1.71181320710253, 1.28995835940694, 3.00000000000000 ) );
#7046 = CARTESIAN_POINT( '', ( 1.69661599095631, 1.39428373288046, 3.00000000000000 ) );
#7047 = CARTESIAN_POINT( '', ( 0.365426388739002, 1.39428373288046, 3.00000000000000 ) );
#7048 = CARTESIAN_POINT( '', ( 0.369152681238911, 1.40057894981790, 3.00000000000000 ) );
#7049 = CARTESIAN_POINT( '', ( 0.399335650488177, 1.45157020701115, 3.00000000000000 ) );
#7050 = CARTESIAN_POINT( '', ( 0.402689313738096, 1.45723590225484, 3.00000000000000 ) );
#7051 = CARTESIAN_POINT( '', ( -3.60000000000000, 3.60000000000000, 3.00000000000000 ) );
#7052 = CARTESIAN_POINT( '', ( -3.60000000000000, -3.60000000000000, 3.00000000000000 ) );
#7053 = CARTESIAN_POINT( '', ( -3.60000000000000, 3.60000000000000, 3.00000000000000 ) );
#7054 = VECTOR( '', #8214, 1000.00000000000 );
#7055 = CARTESIAN_POINT( '', ( 3.60000000000000, -3.60000000000000, 3.00000000000000 ) );
#7056 = CARTESIAN_POINT( '', ( -3.60000000000000, -3.60000000000000, 3.00000000000000 ) );
#7057 = VECTOR( '', #8215, 1000.00000000000 );
#7058 = CARTESIAN_POINT( '', ( 3.60000000000000, 3.60000000000000, 3.00000000000000 ) );
#7059 = CARTESIAN_POINT( '', ( 3.60000000000000, -3.60000000000000, 3.00000000000000 ) );
#7060 = VECTOR( '', #8216, 1000.00000000000 );
#7061 = CARTESIAN_POINT( '', ( 3.60000000000000, 3.60000000000000, 3.00000000000000 ) );
#7062 = VECTOR( '', #8217, 1000.00000000000 );
#7063 = CARTESIAN_POINT( '', ( 0.688678206909670, 1.94514225621614, 3.00000000000000 ) );
#7064 = CARTESIAN_POINT( '', ( 0.688678206909670, 1.94514225621614, 3.00000000000000 ) );
#7065 = CARTESIAN_POINT( '', ( 0.861572229817300, 1.94514225621614, 3.00000000000000 ) );
#7066 = CARTESIAN_POINT( '', ( 2.26201381536910, 1.94514225621614, 3.00000000000000 ) );
#7067 = CARTESIAN_POINT( '', ( 2.41761843598597, 1.94514225621614, 3.00000000000000 ) );
#7068 = CARTESIAN_POINT( '', ( 2.84481704929199, 1.88232529339111, 3.00000000000000 ) );
#7069 = CARTESIAN_POINT( '', ( 3.13137380997081, 1.88232529339111, 3.00000000000000 ) );
#7070 = CARTESIAN_POINT( '', ( 3.10271813390292, 1.88232529339111, 3.00000000000000 ) );
#7071 = CARTESIAN_POINT( '', ( 2.87060715775309, 1.88232529339111, 3.00000000000000 ) );
#7072 = CARTESIAN_POINT( '', ( 2.84481704929199, 1.88232529339111, 3.00000000000000 ) );
#7073 = CARTESIAN_POINT( '', ( 2.41761843598597, 1.88232529339111, 3.00000000000000 ) );
#7074 = CARTESIAN_POINT( '', ( 2.84481704929199, 1.88232529339111, 3.00000000000000 ) );
#7075 = CARTESIAN_POINT( '', ( 2.82959279183590, 1.77799991991758, 3.00000000000000 ) );
#7076 = CARTESIAN_POINT( '', ( 2.73976156045202, 1.69787651877657, 3.00000000000000 ) );
#7077 = CARTESIAN_POINT( '', ( 2.63121774263898, 1.69787651877657, 3.00000000000000 ) );
#7078 = CARTESIAN_POINT( '', ( 2.52267392482594, 1.69787651877657, 3.00000000000000 ) );
#7079 = CARTESIAN_POINT( '', ( 2.43284269344205, 1.77799991991758, 3.00000000000000 ) );
#7080 = CARTESIAN_POINT( '', ( 2.41761843598597, 1.88232529339111, 3.00000000000000 ) );
#7081 = CARTESIAN_POINT( '', ( 0.651929066798081, 1.88232529339111, 3.00000000000000 ) );
#7082 = CARTESIAN_POINT( '', ( 2.41761843598597, 1.88232529339111, 3.00000000000000 ) );
#7083 = CARTESIAN_POINT( '', ( 2.24104949906718, 1.88232529339111, 3.00000000000000 ) );
#7084 = CARTESIAN_POINT( '', ( 0.810841110024991, 1.88232529339111, 3.00000000000000 ) );
#7085 = CARTESIAN_POINT( '', ( 0.651929066798081, 1.88232529339111, 3.00000000000000 ) );
#7086 = CARTESIAN_POINT( '', ( 0.651929066798081, 1.88232529339111, 3.00000000000000 ) );
#7087 = CARTESIAN_POINT( '', ( 0.655603980809240, 1.88860698967361, 3.00000000000000 ) );
#7088 = CARTESIAN_POINT( '', ( 0.685370784299627, 1.93948872956189, 3.00000000000000 ) );
#7089 = CARTESIAN_POINT( '', ( 0.688678206909670, 1.94514225621614, 3.00000000000000 ) );
#7090 = CARTESIAN_POINT( '', ( 2.84481704929199, 0.969059135194855, 3.00000000000000 ) );
#7091 = CARTESIAN_POINT( '', ( 2.41761843598597, 0.969059135194855, 3.00000000000000 ) );
#7092 = CARTESIAN_POINT( '', ( 2.43284269344205, 1.07338450866837, 3.00000000000000 ) );
#7093 = CARTESIAN_POINT( '', ( 2.52267392482594, 1.15350790980939, 3.00000000000000 ) );
#7094 = CARTESIAN_POINT( '', ( 2.63121774263898, 1.15350790980939, 3.00000000000000 ) );
#7095 = CARTESIAN_POINT( '', ( 2.73976156045202, 1.15350790980939, 3.00000000000000 ) );
#7096 = CARTESIAN_POINT( '', ( 2.82959279183590, 1.07338450866837, 3.00000000000000 ) );
#7097 = CARTESIAN_POINT( '', ( 2.84481704929199, 0.969059135194855, 3.00000000000000 ) );
#7098 = CARTESIAN_POINT( '', ( 2.84481704929199, 0.969059135194855, 3.00000000000000 ) );
#7099 = CARTESIAN_POINT( '', ( 2.87347272535987, 0.969059135194855, 3.00000000000000 ) );
#7100 = CARTESIAN_POINT( '', ( 3.10558370150971, 0.969059135194855, 3.00000000000000 ) );
#7101 = CARTESIAN_POINT( '', ( 3.13137380997081, 0.969059135194855, 3.00000000000000 ) );
#7102 = CARTESIAN_POINT( '', ( 2.84481704929199, 0.906242172369820, 3.00000000000000 ) );
#7103 = CARTESIAN_POINT( '', ( 3.13137380997081, 0.906242172369820, 3.00000000000000 ) );
#7104 = CARTESIAN_POINT( '', ( 3.10271813390292, 0.906242172369820, 3.00000000000000 ) );
#7105 = CARTESIAN_POINT( '', ( 2.87060715775309, 0.906242172369820, 3.00000000000000 ) );
#7106 = CARTESIAN_POINT( '', ( 2.84481704929199, 0.906242172369820, 3.00000000000000 ) );
#7107 = CARTESIAN_POINT( '', ( 2.41761843598597, 0.906242172369820, 3.00000000000000 ) );
#7108 = CARTESIAN_POINT( '', ( 2.84481704929199, 0.906242172369820, 3.00000000000000 ) );
#7109 = CARTESIAN_POINT( '', ( 2.82959279183590, 0.801916798896303, 3.00000000000000 ) );
#7110 = CARTESIAN_POINT( '', ( 2.73976156045202, 0.721793397755288, 3.00000000000000 ) );
#7111 = CARTESIAN_POINT( '', ( 2.63121774263898, 0.721793397755288, 3.00000000000000 ) );
#7112 = CARTESIAN_POINT( '', ( 2.52267392482594, 0.721793397755288, 3.00000000000000 ) );
#7113 = CARTESIAN_POINT( '', ( 2.43284269344205, 0.801916798896303, 3.00000000000000 ) );
#7114 = CARTESIAN_POINT( '', ( 2.41761843598597, 0.906242172369820, 3.00000000000000 ) );
#7115 = CARTESIAN_POINT( '', ( 2.41761843598597, 0.906242172369820, 3.00000000000000 ) );
#7116 = CARTESIAN_POINT( '', ( 1.86105690039897, 0.906242172369820, 3.00000000000000 ) );
#7117 = CARTESIAN_POINT( '', ( -2.64709153785565, 0.906242172369820, 3.00000000000000 ) );
#7118 = CARTESIAN_POINT( '', ( -3.14799691988393, 0.906242172369820, 3.00000000000000 ) );
#7119 = CARTESIAN_POINT( '', ( 3.13137380997081, 2.90226941901945, 3.00000000000000 ) );
#7120 = CARTESIAN_POINT( '', ( 2.84481704929199, 2.90226941901945, 3.00000000000000 ) );
#7121 = CARTESIAN_POINT( '', ( 2.87347272535987, 2.90226941901945, 3.00000000000000 ) );
#7122 = CARTESIAN_POINT( '', ( 3.10558370150971, 2.90226941901945, 3.00000000000000 ) );
#7123 = CARTESIAN_POINT( '', ( 3.13137380997081, 2.90226941901945, 3.00000000000000 ) );
#7124 = CARTESIAN_POINT( '', ( 3.13137380997081, 2.90226941901945, 3.00000000000000 ) );
#7125 = CARTESIAN_POINT( '', ( 3.13137380997081, 2.89599042686794, 3.00000000000000 ) );
#7126 = CARTESIAN_POINT( '', ( 3.13137380997081, 2.84513059044066, 3.00000000000000 ) );
#7127 = CARTESIAN_POINT( '', ( 3.13137380997081, 2.83947949750429, 3.00000000000000 ) );
#7128 = CARTESIAN_POINT( '', ( -3.14799691988393, 2.83947949750429, 3.00000000000000 ) );
#7129 = CARTESIAN_POINT( '', ( 2.41761843598597, 2.83947949750429, 3.00000000000000 ) );
#7130 = CARTESIAN_POINT( '', ( 1.86105690039897, 2.83947949750429, 3.00000000000000 ) );
#7131 = CARTESIAN_POINT( '', ( -2.64709153785565, 2.83947949750429, 3.00000000000000 ) );
#7132 = CARTESIAN_POINT( '', ( -3.14799691988393, 2.83947949750429, 3.00000000000000 ) );
#7133 = CARTESIAN_POINT( '', ( -3.14799691988393, 2.83947949750429, 3.00000000000000 ) );
#7134 = CARTESIAN_POINT( '', ( -3.14799691988393, 2.84575848965580, 3.00000000000000 ) );
#7135 = CARTESIAN_POINT( '', ( -3.14799691988393, 2.89661832608309, 3.00000000000000 ) );
#7136 = CARTESIAN_POINT( '', ( -3.14799691988393, 2.90226941901945, 3.00000000000000 ) );
#7137 = CARTESIAN_POINT( '', ( -3.14799691988393, 1.45710069570550, 3.00000000000000 ) );
#7138 = CARTESIAN_POINT( '', ( -3.14799691988393, 1.39428373288046, 3.00000000000000 ) );
#7139 = VECTOR( '', #8218, 1000.00000000000 );
#7140 = CARTESIAN_POINT( '', ( -2.58921529275672, 1.45710069570550, 3.00000000000000 ) );
#7141 = CARTESIAN_POINT( '', ( -3.14799691988393, 1.45710069570550, 3.00000000000000 ) );
#7142 = VECTOR( '', #8219, 1000.00000000000 );
#7143 = CARTESIAN_POINT( '', ( -2.58921529275672, 1.45710069570550, 3.00000000000000 ) );
#7144 = VECTOR( '', #8220, 1000.00000000000 );
#7145 = CARTESIAN_POINT( '', ( -2.44143453432418, 1.03163272623107, 3.00000000000000 ) );
#7146 = CARTESIAN_POINT( '', ( -2.02924384799529, 1.03163272623107, 3.00000000000000 ) );
#7147 = VECTOR( '', #8221, 1000.00000000000 );
#7148 = CARTESIAN_POINT( '', ( -2.44143453432417, 1.03163272623107, 3.00000000000000 ) );
#7149 = VECTOR( '', #8222, 1000.00000000000 );
#7150 = CARTESIAN_POINT( '', ( -2.05066056541131, 1.87131948027454, 3.00000000000000 ) );
#7151 = CARTESIAN_POINT( '', ( -2.09349400024336, 2.77668957598912, 3.00000000000000 ) );
#7152 = VECTOR( '', #8223, 1000.00000000000 );
#7153 = CARTESIAN_POINT( '', ( -2.05066056541132, 1.87131948027454, 3.00000000000000 ) );
#7154 = VECTOR( '', #8224, 1000.00000000000 );
#7155 = CARTESIAN_POINT( '', ( -1.35477949724969, 1.86131419562311, 3.00000000000000 ) );
#7156 = CARTESIAN_POINT( '', ( -1.40296711143575, 2.13967743941171, 3.00000000000000 ) );
#7157 = VECTOR( '', #8225, 1000.00000000000 );
#7158 = CARTESIAN_POINT( '', ( -1.35477949724969, 1.86131419562311, 3.00000000000000 ) );
#7159 = VECTOR( '', #8226, 1000.00000000000 );
#7160 = CARTESIAN_POINT( '', ( -1.78835985968474, 1.03163272623107, 3.00000000000000 ) );
#7161 = VECTOR( '', #8227, 1000.00000000000 );
#7162 = CARTESIAN_POINT( '', ( -0.586816720257234, -1.60155948553055, 3.00000000000000 ) );
#7163 = CARTESIAN_POINT( '', ( -0.708360128617363, -1.60155948553055, 3.00000000000000 ) );
#7164 = CARTESIAN_POINT( '', ( -0.586816720257234, -1.60155948553055, 3.00000000000000 ) );
#7165 = CARTESIAN_POINT( '', ( -0.627331189710610, -1.60155948553055, 3.00000000000000 ) );
#7166 = CARTESIAN_POINT( '', ( -0.667845659163987, -1.60155948553055, 3.00000000000000 ) );
#7167 = CARTESIAN_POINT( '', ( -0.708360128617363, -1.60155948553055, 3.00000000000000 ) );
#7168 = CARTESIAN_POINT( '', ( -0.732797427652732, -1.51474276527331, 3.00000000000000 ) );
#7169 = CARTESIAN_POINT( '', ( -0.708360128617363, -1.60155948553055, 3.00000000000000 ) );
#7170 = CARTESIAN_POINT( '', ( -0.721221864951768, -1.57712218649518, 3.00000000000000 ) );
#7171 = CARTESIAN_POINT( '', ( -0.728938906752412, -1.54818327974277, 3.00000000000000 ) );
#7172 = CARTESIAN_POINT( '', ( -0.732797427652732, -1.51474276527331, 3.00000000000000 ) );
#7173 = CARTESIAN_POINT( '', ( -0.732797427652732, -1.51474276527331, 3.00000000000000 ) );
#7174 = CARTESIAN_POINT( '', ( -0.775241157556270, -1.55204180064308, 3.00000000000000 ) );
#7175 = CARTESIAN_POINT( '', ( -0.817684887459806, -1.57905144694534, 3.00000000000000 ) );
#7176 = CARTESIAN_POINT( '', ( -0.858199356913183, -1.59448553054663, 3.00000000000000 ) );
#7177 = CARTESIAN_POINT( '', ( -0.899275413071853, -1.61013355194041, 3.00000000000000 ) );
#7178 = CARTESIAN_POINT( '', ( -0.943086816720257, -1.61763665594856, 3.00000000000000 ) );
#7179 = CARTESIAN_POINT( '', ( -1.06720257234727, -1.61763665594856, 3.00000000000000 ) );
#7180 = CARTESIAN_POINT( '', ( -1.12700964630225, -1.59898713826366, 3.00000000000000 ) );
#7181 = CARTESIAN_POINT( '', ( -1.16881028938907, -1.56104501607717, 3.00000000000000 ) );
#7182 = CARTESIAN_POINT( '', ( -1.20993830338910, -1.52371343413868, 3.00000000000000 ) );
#7183 = CARTESIAN_POINT( '', ( -1.23118971061093, -1.47551446945338, 3.00000000000000 ) );
#7184 = CARTESIAN_POINT( '', ( -1.23118971061093, -1.38290996784566, 3.00000000000000 ) );
#7185 = CARTESIAN_POINT( '', ( -1.22282958199357, -1.35204180064309, 3.00000000000000 ) );
#7186 = CARTESIAN_POINT( '', ( -1.20739549839228, -1.32310289389067, 3.00000000000000 ) );
#7187 = CARTESIAN_POINT( '', ( -1.19208602676932, -1.29439763459762, 3.00000000000000 ) );
#7188 = CARTESIAN_POINT( '', ( -1.17073954983923, -1.27229903536977, 3.00000000000000 ) );
#7189 = CARTESIAN_POINT( '', ( -1.14565916398714, -1.25493569131833, 3.00000000000000 ) );
#7190 = CARTESIAN_POINT( '', ( -1.12044501607717, -1.23747974276527, 3.00000000000000 ) );
#7191 = CARTESIAN_POINT( '', ( -1.09163987138264, -1.22535369774920, 3.00000000000000 ) );
#7192 = CARTESIAN_POINT( '', ( -1.05948553054662, -1.21635048231511, 3.00000000000000 ) );
#7193 = CARTESIAN_POINT( '', ( -1.03634776303109, -1.20987190741076, 3.00000000000000 ) );
#7194 = CARTESIAN_POINT( '', ( -1.00096463022508, -1.20413183279743, 3.00000000000000 ) );
#7195 = CARTESIAN_POINT( '', ( -0.953376205787781, -1.19834405144694, 3.00000000000000 ) );
#7196 = CARTESIAN_POINT( '', ( -0.857009004025512, -1.18662371609748, 3.00000000000000 ) );
#7197 = CARTESIAN_POINT( '', ( -0.786173633440514, -1.17326366559485, 3.00000000000000 ) );
#7198 = CARTESIAN_POINT( '', ( -0.740514469453375, -1.15782958199357, 3.00000000000000 ) );
#7199 = CARTESIAN_POINT( '', ( -1.20996784565916, -1.10188102893891, 3.00000000000000 ) );
#7200 = CARTESIAN_POINT( '', ( -1.09356913183280, -1.11731511254019, 3.00000000000000 ) );
#7201 = CARTESIAN_POINT( '', ( -1.13236870310825, -1.11217041800643, 3.00000000000000 ) );
#7202 = CARTESIAN_POINT( '', ( -1.17116827438371, -1.10702572347267, 3.00000000000000 ) );
#7203 = CARTESIAN_POINT( '', ( -1.20996784565916, -1.10188102893891, 3.00000000000000 ) );
#7204 = CARTESIAN_POINT( '', ( -1.20996784565916, -1.10188102893891, 3.00000000000000 ) );
#7205 = CARTESIAN_POINT( '', ( -1.19967845659164, -1.05236334405145, 3.00000000000000 ) );
#7206 = CARTESIAN_POINT( '', ( -1.18231511254019, -1.01184887459807, 3.00000000000000 ) );
#7207 = CARTESIAN_POINT( '', ( -1.15787781350482, -0.981623794212218, 3.00000000000000 ) );
#7208 = CARTESIAN_POINT( '', ( -1.13338030760076, -0.951324247436146, 3.00000000000000 ) );
#7209 = CARTESIAN_POINT( '', ( -1.09871382636656, -0.926961414790996, 3.00000000000000 ) );
#7210 = CARTESIAN_POINT( '', ( -1.05305466237942, -0.910884244372990, 3.00000000000000 ) );
#7211 = CARTESIAN_POINT( '', ( -1.00719403720279, -0.894736136916429, 3.00000000000000 ) );
#7212 = CARTESIAN_POINT( '', ( -0.954019292604501, -0.885803858520900, 3.00000000000000 ) );
#7213 = CARTESIAN_POINT( '', ( -0.834405144694534, -0.885803858520900, 3.00000000000000 ) );
#7214 = CARTESIAN_POINT( '', ( -0.785530546623794, -0.892877813504823, 3.00000000000000 ) );
#7215 = CARTESIAN_POINT( '', ( -0.710932475884244, -0.921173633440514, 3.00000000000000 ) );
#7216 = CARTESIAN_POINT( '', ( -0.683279742765273, -0.939180064308681, 3.00000000000000 ) );
#7217 = CARTESIAN_POINT( '', ( -0.648553054662379, -0.981623794212218, 3.00000000000000 ) );
#7218 = CARTESIAN_POINT( '', ( -0.636334405144694, -1.00863344051447, 3.00000000000000 ) );
#7219 = CARTESIAN_POINT( '', ( -0.629260450160771, -1.04078778135048, 3.00000000000000 ) );
#7220 = CARTESIAN_POINT( '', ( -0.624734306510242, -1.06136116158016, 3.00000000000000 ) );
#7221 = CARTESIAN_POINT( '', ( -0.622829581993568, -1.09802250803858, 3.00000000000000 ) );
#7222 = CARTESIAN_POINT( '', ( -0.622829581993568, -1.15011254019293, 3.00000000000000 ) );
#7223 = CARTESIAN_POINT( '', ( -0.622829581993568, -1.20306002143623, 3.00000000000000 ) );
#7224 = CARTESIAN_POINT( '', ( -0.622829581993568, -1.25600750267953, 3.00000000000000 ) );
#7225 = CARTESIAN_POINT( '', ( -0.622829581993568, -1.30895498392283, 3.00000000000000 ) );
#7226 = CARTESIAN_POINT( '', ( -0.622829581993568, -1.41956591639871, 3.00000000000000 ) );
#7227 = CARTESIAN_POINT( '', ( -0.620257234726687, -1.48901929260450, 3.00000000000000 ) );
#7228 = CARTESIAN_POINT( '', ( -0.615755627009646, -1.51795819935692, 3.00000000000000 ) );
#7229 = CARTESIAN_POINT( '', ( -0.611141153525350, -1.54762267175596, 3.00000000000000 ) );
#7230 = CARTESIAN_POINT( '', ( -0.600964630225080, -1.57519292604502, 3.00000000000000 ) );
#7231 = CARTESIAN_POINT( '', ( -0.586816720257234, -1.60155948553055, 3.00000000000000 ) );
#7232 = CARTESIAN_POINT( '', ( 0.128295819935692, -1.60155948553055, 3.00000000000000 ) );
#7233 = CARTESIAN_POINT( '', ( 0.00996784565916443, -1.60155948553055, 3.00000000000000 ) );
#7234 = CARTESIAN_POINT( '', ( 0.128295819935692, -1.18483922829582, 3.00000000000000 ) );
#7235 = CARTESIAN_POINT( '', ( 0.409324758842444, -0.901237942122186, 3.00000000000000 ) );
#7236 = CARTESIAN_POINT( '', ( 0.590675241157557, -1.60155948553055, 3.00000000000000 ) );
#7237 = CARTESIAN_POINT( '', ( 0.295498392282959, -1.16168810289389, 3.00000000000000 ) );
#7238 = CARTESIAN_POINT( '', ( 0.590675241157557, -1.60155948553055, 3.00000000000000 ) );
#7239 = CARTESIAN_POINT( '', ( 0.444051446945338, -1.60155948553055, 3.00000000000000 ) );
#7240 = CARTESIAN_POINT( '', ( 0.590675241157557, -1.60155948553055, 3.00000000000000 ) );
#7241 = CARTESIAN_POINT( '', ( 0.444051446945338, -1.60155948553055, 3.00000000000000 ) );
#7242 = CARTESIAN_POINT( '', ( 0.444051446945338, -1.60155948553055, 3.00000000000000 ) );
#7243 = CARTESIAN_POINT( '', ( 0.210610932475885, -1.24400321543408, 3.00000000000000 ) );
#7244 = CARTESIAN_POINT( '', ( 0.803536977491963, -0.901237942122186, 3.00000000000000 ) );
#7245 = CARTESIAN_POINT( '', ( 0.803536977491963, -1.60155948553055, 3.00000000000000 ) );
#7246 = CARTESIAN_POINT( '', ( 0.803536977491963, -0.901237942122186, 3.00000000000000 ) );
#7247 = CARTESIAN_POINT( '', ( 0.803536977491963, -1.60155948553055, 3.00000000000000 ) );
#7248 = CARTESIAN_POINT( '', ( 0.803536977491963, -1.60155948553055, 3.00000000000000 ) );
#7249 = CARTESIAN_POINT( '', ( 0.685209003215435, -1.60155948553055, 3.00000000000000 ) );
#7250 = CARTESIAN_POINT( '', ( 0.685209003215435, -0.901237942122186, 3.00000000000000 ) );
#7251 = CARTESIAN_POINT( '', ( 0.803536977491963, -0.901237942122186, 3.00000000000000 ) );
#7252 = CARTESIAN_POINT( '', ( 2.19774919614148, -0.901237942122186, 3.00000000000000 ) );
#7253 = CARTESIAN_POINT( '', ( 2.30578778135048, -0.901237942122186, 3.00000000000000 ) );
#7254 = CARTESIAN_POINT( '', ( 2.19774919614148, -0.901237942122186, 3.00000000000000 ) );
#7255 = CARTESIAN_POINT( '', ( 2.23376205787782, -0.901237942122186, 3.00000000000000 ) );
#7256 = CARTESIAN_POINT( '', ( 2.26977491961415, -0.901237942122186, 3.00000000000000 ) );
#7257 = CARTESIAN_POINT( '', ( 2.30578778135048, -0.901237942122186, 3.00000000000000 ) );
#7258 = CARTESIAN_POINT( '', ( 1.71350482315113, -1.65943729903537, 3.00000000000000 ) );
#7259 = CARTESIAN_POINT( '', ( 2.30578778135048, -0.901237942122186, 3.00000000000000 ) );
#7260 = CARTESIAN_POINT( '', ( 2.30578778135048, -1.10295284030011, 3.00000000000000 ) );
#7261 = CARTESIAN_POINT( '', ( 2.30578778135048, -1.30466773847803, 3.00000000000000 ) );
#7262 = CARTESIAN_POINT( '', ( 2.30578778135048, -1.50638263665595, 3.00000000000000 ) );
#7263 = CARTESIAN_POINT( '', ( 2.30578778135048, -1.61570739549839, 3.00000000000000 ) );
#7264 = CARTESIAN_POINT( '', ( 2.29485530546624, -1.69287781350482, 3.00000000000000 ) );
#7265 = CARTESIAN_POINT( '', ( 2.27234726688103, -1.73853697749196, 3.00000000000000 ) );
#7266 = CARTESIAN_POINT( '', ( 2.25021998988057, -1.78342373940718, 3.00000000000000 ) );
#7267 = CARTESIAN_POINT( '', ( 2.21511254019293, -1.81956591639872, 3.00000000000000 ) );
#7268 = CARTESIAN_POINT( '', ( 2.16752411575563, -1.84593247588425, 3.00000000000000 ) );
#7269 = CARTESIAN_POINT( '', ( 2.11944364948399, -1.87257165314285, 3.00000000000000 ) );
#7270 = CARTESIAN_POINT( '', ( 2.06012861736335, -1.88580385852090, 3.00000000000000 ) );
#7271 = CARTESIAN_POINT( '', ( 1.90643086816721, -1.88580385852090, 3.00000000000000 ) );
#7272 = CARTESIAN_POINT( '', ( 1.83954983922830, -1.86715434083601, 3.00000000000000 ) );
#7273 = CARTESIAN_POINT( '', ( 1.73665594855306, -1.79127009646302, 3.00000000000000 ) );
#7274 = CARTESIAN_POINT( '', ( 1.71157556270097, -1.73467845659164, 3.00000000000000 ) );
#7275 = CARTESIAN_POINT( '', ( 1.71350482315113, -1.65943729903537, 3.00000000000000 ) );
#7276 = CARTESIAN_POINT( '', ( 1.82861736334405, -1.67487138263666, 3.00000000000000 ) );
#7277 = CARTESIAN_POINT( '', ( 1.71350482315113, -1.65943729903537, 3.00000000000000 ) );
#7278 = CARTESIAN_POINT( '', ( 1.75187566988210, -1.66458199356913, 3.00000000000000 ) );
#7279 = CARTESIAN_POINT( '', ( 1.79024651661308, -1.66972668810289, 3.00000000000000 ) );
#7280 = CARTESIAN_POINT( '', ( 1.82861736334405, -1.67487138263666, 3.00000000000000 ) );
#7281 = CARTESIAN_POINT( '', ( 2.18745980707396, -1.50959807073955, 3.00000000000000 ) );
#7282 = CARTESIAN_POINT( '', ( 1.82861736334405, -1.67487138263666, 3.00000000000000 ) );
#7283 = CARTESIAN_POINT( '', ( 1.83311897106109, -1.71152733118971, 3.00000000000000 ) );
#7284 = CARTESIAN_POINT( '', ( 1.84662379421222, -1.73789389067524, 3.00000000000000 ) );
#7285 = CARTESIAN_POINT( '', ( 1.86913183279742, -1.75461414790997, 3.00000000000000 ) );
#7286 = CARTESIAN_POINT( '', ( 1.89896889604558, -1.77677882346574, 3.00000000000000 ) );
#7287 = CARTESIAN_POINT( '', ( 1.93858520900322, -1.78805466237942, 3.00000000000000 ) );
#7288 = CARTESIAN_POINT( '', ( 2.04533762057878, -1.78805466237942, 3.00000000000000 ) );
#7289 = CARTESIAN_POINT( '', ( 2.08778135048231, -1.77712218649518, 3.00000000000000 ) );
#7290 = CARTESIAN_POINT( '', ( 2.11800643086817, -1.75525723472669, 3.00000000000000 ) );
#7291 = CARTESIAN_POINT( '', ( 2.14811474274138, -1.73347675379713, 3.00000000000000 ) );
#7292 = CARTESIAN_POINT( '', ( 2.16816720257235, -1.70188102893891, 3.00000000000000 ) );
#7293 = CARTESIAN_POINT( '', ( 2.17845659163987, -1.66265273311897, 3.00000000000000 ) );
#7294 = CARTESIAN_POINT( '', ( 2.18486773222557, -1.63821025963599, 3.00000000000000 ) );
#7295 = CARTESIAN_POINT( '', ( 2.18745980707396, -1.58741157556270, 3.00000000000000 ) );
#7296 = CARTESIAN_POINT( '', ( 2.18745980707396, -1.50959807073955, 3.00000000000000 ) );
#7297 = CARTESIAN_POINT( '', ( 2.19774919614148, -0.986768488745980, 3.00000000000000 ) );
#7298 = CARTESIAN_POINT( '', ( 2.18745980707396, -1.50959807073955, 3.00000000000000 ) );
#7299 = CARTESIAN_POINT( '', ( 2.13536977491962, -1.57133440514470, 3.00000000000000 ) );
#7300 = CARTESIAN_POINT( '', ( 2.07041800643087, -1.60155948553055, 3.00000000000000 ) );
#7301 = CARTESIAN_POINT( '', ( 1.89614147909968, -1.60155948553055, 3.00000000000000 ) );
#7302 = CARTESIAN_POINT( '', ( 1.82154340836013, -1.56683279742765, 3.00000000000000 ) );
#7303 = CARTESIAN_POINT( '', ( 1.76881028938907, -1.49737942122186, 3.00000000000000 ) );
#7304 = CARTESIAN_POINT( '', ( 1.71615173323579, -1.42802424970290, 3.00000000000000 ) );
#7305 = CARTESIAN_POINT( '', ( 1.68906752411575, -1.34496784565916, 3.00000000000000 ) );
#7306 = CARTESIAN_POINT( '', ( 1.68906752411575, -1.18098070739550, 3.00000000000000 ) );
#7307 = CARTESIAN_POINT( '', ( 1.70128617363344, -1.11924437299035, 3.00000000000000 ) );
#7308 = CARTESIAN_POINT( '', ( 1.72572347266881, -1.06329581993569, 3.00000000000000 ) );
#7309 = CARTESIAN_POINT( '', ( 1.75029362731860, -1.00704309744802, 3.00000000000000 ) );
#7310 = CARTESIAN_POINT( '', ( 1.78488745980708, -0.962974276527331, 3.00000000000000 ) );
#7311 = CARTESIAN_POINT( '', ( 1.83054662379422, -0.932106109324758, 3.00000000000000 ) );
#7312 = CARTESIAN_POINT( '', ( 1.87664714933930, -0.900939556843577, 3.00000000000000 ) );
#7313 = CARTESIAN_POINT( '', ( 1.93086816720257, -0.885803858520900, 3.00000000000000 ) );
#7314 = CARTESIAN_POINT( '', ( 2.07556270096463, -0.885803858520900, 3.00000000000000 ) );
#7315 = CARTESIAN_POINT( '', ( 2.14372990353698, -0.919887459807073, 3.00000000000000 ) );
#7316 = CARTESIAN_POINT( '', ( 2.19774919614148, -0.986768488745980, 3.00000000000000 ) );
#7317 = CARTESIAN_POINT( '', ( 2.19774919614148, -0.986768488745980, 3.00000000000000 ) );
#7318 = CARTESIAN_POINT( '', ( 2.19774919614148, -0.958258306538049, 3.00000000000000 ) );
#7319 = CARTESIAN_POINT( '', ( 2.19774919614148, -0.929748124330117, 3.00000000000000 ) );
#7320 = CARTESIAN_POINT( '', ( 2.19774919614148, -0.901237942122186, 3.00000000000000 ) );
#7321 = COLOUR_RGB( '', 0.800000071525574, 0.800000071525574, 0.800000011920929 );
#7322 = CARTESIAN_POINT( '', ( -1.20996784565916, -1.10188102893891, 2.99000000000000 ) );
#7323 = VECTOR( '', #8228, 1000.00000000000 );
#7324 = COLOUR_RGB( '', 0.800000071525574, 0.800000071525574, 0.800000011920929 );
#7325 = CARTESIAN_POINT( '', ( -2.64010703792965, 2.43315677541692, 2.99000000000000 ) );
#7326 = VECTOR( '', #8229, 1000.00000000000 );
#7327 = COLOUR_RGB( '', 0.800000071525574, 0.800000071525574, 0.800000011920929 );
#7328 = CARTESIAN_POINT( '', ( -0.0585813500025129, 2.13967743941171, 2.99000000000000 ) );
#7329 = CARTESIAN_POINT( '', ( -0.0585813500025129, 2.13967743941171, 2.99000000000000 ) );
#7330 = VECTOR( '', #8230, 1000.00000000000 );
#7331 = CARTESIAN_POINT( '', ( -0.0585813500025129, 2.13967743941171, 2.99000000000000 ) );
#7332 = VECTOR( '', #8231, 1000.00000000000 );
#7333 = COLOUR_RGB( '', 0.800000071525574, 0.800000071525574, 0.800000011920929 );
#7334 = CARTESIAN_POINT( '', ( -2.58921529275672, 1.45710069570550, 2.99000000000000 ) );
#7335 = CARTESIAN_POINT( '', ( -2.58921529275672, 1.45710069570550, 2.99000000000000 ) );
#7336 = VECTOR( '', #8232, 1000.00000000000 );
#7337 = CARTESIAN_POINT( '', ( -2.58921529275672, 1.45710069570550, 2.99000000000000 ) );
#7338 = VECTOR( '', #8233, 1000.00000000000 );
#7339 = COLOUR_RGB( '', 0.800000071525574, 0.800000071525574, 0.800000011920929 );
#7340 = CARTESIAN_POINT( '', ( 2.84481704929199, 0.969059135194855, 2.99000000000000 ) );
#7341 = CARTESIAN_POINT( '', ( 2.41761843598597, 0.969059135194855, 2.99000000000000 ) );
#7342 = CARTESIAN_POINT( '', ( 2.43284269344205, 1.07338450866837, 2.99000000000000 ) );
#7343 = CARTESIAN_POINT( '', ( 2.52267392482594, 1.15350790980939, 2.99000000000000 ) );
#7344 = CARTESIAN_POINT( '', ( 2.63121774263898, 1.15350790980939, 2.99000000000000 ) );
#7345 = CARTESIAN_POINT( '', ( 2.73976156045202, 1.15350790980939, 2.99000000000000 ) );
#7346 = CARTESIAN_POINT( '', ( 2.82959279183590, 1.07338450866837, 2.99000000000000 ) );
#7347 = CARTESIAN_POINT( '', ( 2.84481704929199, 0.969059135194855, 2.99000000000000 ) );
#7348 = CARTESIAN_POINT( '', ( 2.84481704929199, 0.969059135194855, 2.99000000000000 ) );
#7349 = VECTOR( '', #8234, 1000.00000000000 );
#7350 = COLOUR_RGB( '', 0.800000071525574, 0.800000071525574, 0.800000011920929 );
#7351 = CARTESIAN_POINT( '', ( -0.442122186495177, -0.901237942122186, 2.99000000000000 ) );
#7352 = VECTOR( '', #8235, 1000.00000000000 );
#7353 = CARTESIAN_POINT( '', ( -0.336012861736333, -0.901237942122186, 2.99000000000000 ) );
#7354 = VECTOR( '', #8236, 1000.00000000000 );
#7355 = COLOUR_RGB( '', 0.800000071525574, 0.800000071525574, 0.800000011920929 );
#7356 = CARTESIAN_POINT( '', ( -1.78835985968474, 1.03163272623107, 2.99000000000000 ) );
#7357 = VECTOR( '', #8237, 1000.00000000000 );
#7358 = COLOUR_RGB( '', 0.800000071525574, 0.800000071525574, 0.800000011920929 );
#7359 = CARTESIAN_POINT( '', ( 1.82861736334405, -1.67487138263666, 2.99000000000000 ) );
#7360 = CARTESIAN_POINT( '', ( 1.82861736334405, -1.67487138263666, 2.99000000000000 ) );
#7361 = VECTOR( '', #8238, 1000.00000000000 );
#7362 = CARTESIAN_POINT( '', ( 2.18745980707396, -1.50959807073955, 2.99000000000000 ) );
#7363 = CARTESIAN_POINT( '', ( 1.82861736334405, -1.67487138263666, 2.99000000000000 ) );
#7364 = CARTESIAN_POINT( '', ( 1.83311897106109, -1.71152733118971, 2.99000000000000 ) );
#7365 = CARTESIAN_POINT( '', ( 1.84662379421222, -1.73789389067524, 2.99000000000000 ) );
#7366 = CARTESIAN_POINT( '', ( 1.86913183279742, -1.75461414790997, 2.99000000000000 ) );
#7367 = CARTESIAN_POINT( '', ( 1.89896889604558, -1.77677882346574, 2.99000000000000 ) );
#7368 = CARTESIAN_POINT( '', ( 1.93858520900322, -1.78805466237942, 2.99000000000000 ) );
#7369 = CARTESIAN_POINT( '', ( 2.04533762057878, -1.78805466237942, 2.99000000000000 ) );
#7370 = CARTESIAN_POINT( '', ( 2.08778135048231, -1.77712218649518, 2.99000000000000 ) );
#7371 = CARTESIAN_POINT( '', ( 2.11800643086817, -1.75525723472669, 2.99000000000000 ) );
#7372 = CARTESIAN_POINT( '', ( 2.14811474274138, -1.73347675379713, 2.99000000000000 ) );
#7373 = CARTESIAN_POINT( '', ( 2.16816720257235, -1.70188102893891, 2.99000000000000 ) );
#7374 = CARTESIAN_POINT( '', ( 2.17845659163987, -1.66265273311897, 2.99000000000000 ) );
#7375 = CARTESIAN_POINT( '', ( 2.18486773222557, -1.63821025963599, 2.99000000000000 ) );
#7376 = CARTESIAN_POINT( '', ( 2.18745980707396, -1.58741157556270, 2.99000000000000 ) );
#7377 = CARTESIAN_POINT( '', ( 2.18745980707396, -1.50959807073955, 2.99000000000000 ) );
#7378 = CARTESIAN_POINT( '', ( 2.18745980707396, -1.50959807073955, 2.99000000000000 ) );
#7379 = VECTOR( '', #8239, 1000.00000000000 );
#7380 = COLOUR_RGB( '', 0.800000071525574, 0.800000071525574, 0.800000011920929 );
#7381 = CARTESIAN_POINT( '', ( 2.41761843598597, 1.88232529339111, 2.99000000000000 ) );
#7382 = VECTOR( '', #8240, 1000.00000000000 );
#7383 = CARTESIAN_POINT( '', ( 0.651929066798081, 1.88232529339111, 2.99000000000000 ) );
#7384 = VECTOR( '', #8241, 1000.00000000000 );
#7385 = COLOUR_RGB( '', 0.800000071525574, 0.800000071525574, 0.800000011920929 );
#7386 = CARTESIAN_POINT( '', ( -2.11350482315113, -0.635000000000000, 2.99000000000000 ) );
#7387 = CARTESIAN_POINT( '', ( -2.11350482315113, -0.635000000000000, 2.99000000000000 ) );
#7388 = VECTOR( '', #8242, 1000.00000000000 );
#7389 = CARTESIAN_POINT( '', ( -1.83762057877813, -1.46200964630225, 2.99000000000000 ) );
#7390 = CARTESIAN_POINT( '', ( -2.11350482315113, -0.635000000000000, 2.99000000000000 ) );
#7391 = CARTESIAN_POINT( '', ( -2.03697749196142, -0.863081457663451, 2.99000000000000 ) );
#7392 = CARTESIAN_POINT( '', ( -1.96045016077171, -1.09116291532690, 2.99000000000000 ) );
#7393 = CARTESIAN_POINT( '', ( -1.88392282958200, -1.31924437299035, 2.99000000000000 ) );
#7394 = CARTESIAN_POINT( '', ( -1.86264054624227, -1.38267392333619, 2.99000000000000 ) );
#7395 = CARTESIAN_POINT( '', ( -1.84790996784566, -1.43049839228296, 2.99000000000000 ) );
#7396 = CARTESIAN_POINT( '', ( -1.83762057877813, -1.46200964630225, 2.99000000000000 ) );
#7397 = CARTESIAN_POINT( '', ( -1.83762057877813, -1.46200964630225, 2.99000000000000 ) );
#7398 = VECTOR( '', #8243, 1000.00000000000 );
#7399 = COLOUR_RGB( '', 0.800000071525574, 0.800000071525574, 0.800000011920929 );
#7400 = CARTESIAN_POINT( '', ( 2.47816392878203, 2.87087445826187, 2.99000000000000 ) );
#7401 = CARTESIAN_POINT( '', ( 2.47816392878203, 2.87087445826187, 2.99000000000000 ) );
#7402 = CARTESIAN_POINT( '', ( 2.47816392878203, 2.78634332361226, 2.99000000000000 ) );
#7403 = CARTESIAN_POINT( '', ( 2.54668660798936, 2.71782064440492, 2.99000000000000 ) );
#7404 = CARTESIAN_POINT( '', ( 2.63121774263898, 2.71782064440492, 2.99000000000000 ) );
#7405 = CARTESIAN_POINT( '', ( 2.71574887728859, 2.71782064440492, 2.99000000000000 ) );
#7406 = CARTESIAN_POINT( '', ( 2.78427155649593, 2.78634332361226, 2.99000000000000 ) );
#7407 = CARTESIAN_POINT( '', ( 2.78427155649593, 2.87087445826187, 2.99000000000000 ) );
#7408 = CARTESIAN_POINT( '', ( 2.78427155649593, 2.95540559291149, 2.99000000000000 ) );
#7409 = CARTESIAN_POINT( '', ( 2.71574887728859, 3.02392827211882, 2.99000000000000 ) );
#7410 = CARTESIAN_POINT( '', ( 2.63121774263898, 3.02392827211882, 2.99000000000000 ) );
#7411 = CARTESIAN_POINT( '', ( 2.54668660798936, 3.02392827211882, 2.99000000000000 ) );
#7412 = CARTESIAN_POINT( '', ( 2.47816392878203, 2.95540559291149, 2.99000000000000 ) );
#7413 = CARTESIAN_POINT( '', ( 2.47816392878203, 2.87087445826187, 2.99000000000000 ) );
#7414 = CARTESIAN_POINT( '', ( 2.47816392878203, 2.87087445826187, 3.00000000000000 ) );
#7415 = CARTESIAN_POINT( '', ( 2.47816392878203, 2.87087445826187, 3.00000000000000 ) );
#7416 = CARTESIAN_POINT( '', ( 2.47816392878203, 2.78634332361226, 3.00000000000000 ) );
#7417 = CARTESIAN_POINT( '', ( 2.54668660798936, 2.71782064440492, 3.00000000000000 ) );
#7418 = CARTESIAN_POINT( '', ( 2.63121774263898, 2.71782064440492, 3.00000000000000 ) );
#7419 = CARTESIAN_POINT( '', ( 2.71574887728859, 2.71782064440492, 3.00000000000000 ) );
#7420 = CARTESIAN_POINT( '', ( 2.78427155649593, 2.78634332361226, 3.00000000000000 ) );
#7421 = CARTESIAN_POINT( '', ( 2.78427155649593, 2.87087445826187, 3.00000000000000 ) );
#7422 = CARTESIAN_POINT( '', ( 2.78427155649593, 2.95540559291149, 3.00000000000000 ) );
#7423 = CARTESIAN_POINT( '', ( 2.71574887728859, 3.02392827211882, 3.00000000000000 ) );
#7424 = CARTESIAN_POINT( '', ( 2.63121774263898, 3.02392827211882, 3.00000000000000 ) );
#7425 = CARTESIAN_POINT( '', ( 2.54668660798936, 3.02392827211882, 3.00000000000000 ) );
#7426 = CARTESIAN_POINT( '', ( 2.47816392878203, 2.95540559291149, 3.00000000000000 ) );
#7427 = CARTESIAN_POINT( '', ( 2.47816392878203, 2.87087445826187, 3.00000000000000 ) );
#7428 = COLOUR_RGB( '', 0.200000002980232, 0.200000002980232, 0.200000002980232 );
#7429 = CARTESIAN_POINT( '', ( 1.75713444244250, 2.40176181465933, 3.00000000000000 ) );
#7430 = CARTESIAN_POINT( '', ( 1.75713444244250, 2.40176181465933, 3.00000000000000 ) );
#7431 = CARTESIAN_POINT( '', ( 1.75713444244250, 2.31723068000971, 3.00000000000000 ) );
#7432 = CARTESIAN_POINT( '', ( 1.82565712164984, 2.24870800080238, 3.00000000000000 ) );
#7433 = CARTESIAN_POINT( '', ( 1.91018825629945, 2.24870800080238, 3.00000000000000 ) );
#7434 = CARTESIAN_POINT( '', ( 1.99474643225893, 2.24870800080238, 3.00000000000000 ) );
#7435 = CARTESIAN_POINT( '', ( 2.06326911146627, 2.31723068000971, 3.00000000000000 ) );
#7436 = CARTESIAN_POINT( '', ( 2.06326911146627, 2.40176181465933, 3.00000000000000 ) );
#7437 = CARTESIAN_POINT( '', ( 2.06326911146627, 2.48631999061881, 3.00000000000000 ) );
#7438 = CARTESIAN_POINT( '', ( 1.99474643225893, 2.55484266982615, 3.00000000000000 ) );
#7439 = CARTESIAN_POINT( '', ( 1.91018825629945, 2.55484266982615, 3.00000000000000 ) );
#7440 = CARTESIAN_POINT( '', ( 1.82565712164984, 2.55484266982615, 3.00000000000000 ) );
#7441 = CARTESIAN_POINT( '', ( 1.75713444244250, 2.48631999061881, 3.00000000000000 ) );
#7442 = CARTESIAN_POINT( '', ( 1.75713444244250, 2.40176181465933, 3.00000000000000 ) );
#7443 = COLOUR_RGB( '', 0.800000071525574, 0.800000071525574, 0.800000011920929 );
#7444 = CARTESIAN_POINT( '', ( 1.55401929260450, -1.60155948553055, 2.99000000000000 ) );
#7445 = CARTESIAN_POINT( '', ( 1.55401929260450, -1.60155948553055, 2.99000000000000 ) );
#7446 = VECTOR( '', #8244, 1000.00000000000 );
#7447 = CARTESIAN_POINT( '', ( 1.55401929260450, -1.60155948553055, 2.99000000000000 ) );
#7448 = CARTESIAN_POINT( '', ( 1.51457663451233, -1.60155948553055, 2.99000000000000 ) );
#7449 = CARTESIAN_POINT( '', ( 1.47513397642015, -1.60155948553055, 2.99000000000000 ) );
#7450 = CARTESIAN_POINT( '', ( 1.43569131832797, -1.60155948553055, 2.99000000000000 ) );
#7451 = COLOUR_RGB( '', 0.800000071525574, 0.800000071525574, 0.800000011920929 );
#7452 = CARTESIAN_POINT( '', ( 1.75713444244250, 2.40176181465933, 2.99000000000000 ) );
#7453 = CARTESIAN_POINT( '', ( 1.75713444244250, 2.40176181465933, 2.99000000000000 ) );
#7454 = CARTESIAN_POINT( '', ( 1.75713444244250, 2.31723068000971, 2.99000000000000 ) );
#7455 = CARTESIAN_POINT( '', ( 1.82565712164984, 2.24870800080238, 2.99000000000000 ) );
#7456 = CARTESIAN_POINT( '', ( 1.91018825629945, 2.24870800080238, 2.99000000000000 ) );
#7457 = CARTESIAN_POINT( '', ( 1.99474643225893, 2.24870800080238, 2.99000000000000 ) );
#7458 = CARTESIAN_POINT( '', ( 2.06326911146627, 2.31723068000971, 2.99000000000000 ) );
#7459 = CARTESIAN_POINT( '', ( 2.06326911146627, 2.40176181465933, 2.99000000000000 ) );
#7460 = CARTESIAN_POINT( '', ( 2.06326911146627, 2.48631999061881, 2.99000000000000 ) );
#7461 = CARTESIAN_POINT( '', ( 1.99474643225893, 2.55484266982615, 2.99000000000000 ) );
#7462 = CARTESIAN_POINT( '', ( 1.91018825629945, 2.55484266982615, 2.99000000000000 ) );
#7463 = CARTESIAN_POINT( '', ( 1.82565712164984, 2.55484266982615, 2.99000000000000 ) );
#7464 = CARTESIAN_POINT( '', ( 1.75713444244250, 2.48631999061881, 2.99000000000000 ) );
#7465 = CARTESIAN_POINT( '', ( 1.75713444244250, 2.40176181465933, 2.99000000000000 ) );
#7466 = CARTESIAN_POINT( '', ( 0.976884487490480, 2.43315677541691, 2.99000000000000 ) );
#7467 = CARTESIAN_POINT( '', ( 1.04885763783706, 2.43315677541691, 2.99000000000000 ) );
#7468 = CARTESIAN_POINT( '', ( 1.63184015564438, 2.43315677541691, 2.99000000000000 ) );
#7469 = CARTESIAN_POINT( '', ( 1.69661599095631, 2.43315677541691, 2.99000000000000 ) );
#7470 = CARTESIAN_POINT( '', ( 1.69661599095631, 2.37036685390175, 2.99000000000000 ) );
#7471 = CARTESIAN_POINT( '', ( 1.69661599095631, 2.37036685390175, 2.99000000000000 ) );
#7472 = CARTESIAN_POINT( '', ( 1.62094629355067, 2.37036685390175, 2.99000000000000 ) );
#7473 = CARTESIAN_POINT( '', ( 1.00802174456501, 2.37036685390175, 2.99000000000000 ) );
#7474 = CARTESIAN_POINT( '', ( 0.939919016899941, 2.37036685390175, 2.99000000000000 ) );
#7475 = CARTESIAN_POINT( '', ( 2.12378756295247, 2.37036685390175, 2.99000000000000 ) );
#7476 = CARTESIAN_POINT( '', ( 2.12378756295247, 2.37036685390175, 2.99000000000000 ) );
#7477 = CARTESIAN_POINT( '', ( 2.10859034680624, 2.26604148042823, 2.99000000000000 ) );
#7478 = CARTESIAN_POINT( '', ( 2.01875911542236, 2.18591807928722, 2.99000000000000 ) );
#7479 = CARTESIAN_POINT( '', ( 1.91018825629945, 2.18591807928722, 2.99000000000000 ) );
#7480 = CARTESIAN_POINT( '', ( 1.80164443848641, 2.18591807928722, 2.99000000000000 ) );
#7481 = CARTESIAN_POINT( '', ( 1.71181320710253, 2.26604148042823, 2.99000000000000 ) );
#7482 = CARTESIAN_POINT( '', ( 1.69661599095631, 2.37036685390175, 2.99000000000000 ) );
#7483 = CARTESIAN_POINT( '', ( 3.13137380997081, 2.37036685390175, 2.99000000000000 ) );
#7484 = CARTESIAN_POINT( '', ( 3.03061518526897, 2.37036685390175, 2.99000000000000 ) );
#7485 = CARTESIAN_POINT( '', ( 2.21447032518412, 2.37036685390175, 2.99000000000000 ) );
#7486 = CARTESIAN_POINT( '', ( 2.12378756295247, 2.37036685390175, 2.99000000000000 ) );
#7487 = COLOUR_RGB( '', 0.200000002980232, 0.200000002980232, 0.200000002980232 );
#7488 = CARTESIAN_POINT( '', ( 1.75713444244250, 1.42567869363805, 3.00000000000000 ) );
#7489 = CARTESIAN_POINT( '', ( 1.75713444244250, 1.42567869363805, 3.00000000000000 ) );
#7490 = CARTESIAN_POINT( '', ( 1.75713444244250, 1.34114755898843, 3.00000000000000 ) );
#7491 = CARTESIAN_POINT( '', ( 1.82565712164984, 1.27262487978110, 3.00000000000000 ) );
#7492 = CARTESIAN_POINT( '', ( 1.91018825629945, 1.27262487978110, 3.00000000000000 ) );
#7493 = CARTESIAN_POINT( '', ( 1.99474643225893, 1.27262487978110, 3.00000000000000 ) );
#7494 = CARTESIAN_POINT( '', ( 2.06326911146627, 1.34114755898843, 3.00000000000000 ) );
#7495 = CARTESIAN_POINT( '', ( 2.06326911146627, 1.42567869363805, 3.00000000000000 ) );
#7496 = CARTESIAN_POINT( '', ( 2.06326911146627, 1.51023686959753, 3.00000000000000 ) );
#7497 = CARTESIAN_POINT( '', ( 1.99474643225893, 1.57875954880487, 3.00000000000000 ) );
#7498 = CARTESIAN_POINT( '', ( 1.91018825629945, 1.57875954880487, 3.00000000000000 ) );
#7499 = CARTESIAN_POINT( '', ( 1.82565712164984, 1.57875954880487, 3.00000000000000 ) );
#7500 = CARTESIAN_POINT( '', ( 1.75713444244250, 1.51023686959753, 3.00000000000000 ) );
#7501 = CARTESIAN_POINT( '', ( 1.75713444244250, 1.42567869363805, 3.00000000000000 ) );
#7502 = COLOUR_RGB( '', 0.800000071525574, 0.800000071525574, 0.800000011920929 );
#7503 = CARTESIAN_POINT( '', ( -3.14799691988393, 2.43318381672679, 2.99000000000000 ) );
#7504 = VECTOR( '', #8245, 1000.00000000000 );
#7505 = COLOUR_RGB( '', 0.800000071525574, 0.800000071525574, 0.800000011920929 );
#7506 = CARTESIAN_POINT( '', ( 0.402689313738096, 1.45723590225484, 2.99000000000000 ) );
#7507 = CARTESIAN_POINT( '', ( 0.402689313738096, 1.45723590225484, 2.99000000000000 ) );
#7508 = VECTOR( '', #8246, 1000.00000000000 );
#7509 = CARTESIAN_POINT( '', ( 1.69661599095631, 1.45710069570550, 2.99000000000000 ) );
#7510 = CARTESIAN_POINT( '', ( 0.402689313738096, 1.45723590225484, 2.99000000000000 ) );
#7511 = CARTESIAN_POINT( '', ( 0.532081981459917, 1.45722238159991, 2.99000000000000 ) );
#7512 = CARTESIAN_POINT( '', ( 1.58016259000667, 1.45711286429494, 2.99000000000000 ) );
#7513 = CARTESIAN_POINT( '', ( 1.69661599095631, 1.45710069570550, 2.99000000000000 ) );
#7514 = CARTESIAN_POINT( '', ( 1.69661599095631, 1.45710069570550, 2.99000000000000 ) );
#7515 = VECTOR( '', #8247, 1000.00000000000 );
#7516 = COLOUR_RGB( '', 0.800000071525574, 0.800000071525574, 0.800000011920929 );
#7517 = CARTESIAN_POINT( '', ( 2.19774919614148, -0.986768488745980, 2.99000000000000 ) );
#7518 = CARTESIAN_POINT( '', ( 2.19774919614148, -0.986768488745980, 2.99000000000000 ) );
#7519 = VECTOR( '', #8248, 1000.00000000000 );
#7520 = CARTESIAN_POINT( '', ( 2.19774919614148, -0.901237942122186, 2.99000000000000 ) );
#7521 = CARTESIAN_POINT( '', ( 2.19774919614148, -0.986768488745980, 2.99000000000000 ) );
#7522 = CARTESIAN_POINT( '', ( 2.19774919614148, -0.958258306538049, 2.99000000000000 ) );
#7523 = CARTESIAN_POINT( '', ( 2.19774919614148, -0.929748124330117, 2.99000000000000 ) );
#7524 = CARTESIAN_POINT( '', ( 2.19774919614148, -0.901237942122186, 2.99000000000000 ) );
#7525 = CARTESIAN_POINT( '', ( 2.19774919614148, -0.901237942122186, 2.99000000000000 ) );
#7526 = VECTOR( '', #8249, 1000.00000000000 );
#7527 = COLOUR_RGB( '', 0.800000071525574, 0.800000071525574, 0.800000011920929 );
#7528 = CARTESIAN_POINT( '', ( -3.14799691988393, 2.83947949750429, 2.99000000000000 ) );
#7529 = CARTESIAN_POINT( '', ( -3.14799691988393, 2.83947949750429, 2.99000000000000 ) );
#7530 = CARTESIAN_POINT( '', ( -3.14799691988393, 2.84575848965580, 2.99000000000000 ) );
#7531 = CARTESIAN_POINT( '', ( -3.14799691988393, 2.89661832608309, 2.99000000000000 ) );
#7532 = CARTESIAN_POINT( '', ( -3.14799691988393, 2.90226941901945, 2.99000000000000 ) );
#7533 = CARTESIAN_POINT( '', ( 2.41761843598597, 2.83947949750429, 2.99000000000000 ) );
#7534 = CARTESIAN_POINT( '', ( 1.86105690039897, 2.83947949750429, 2.99000000000000 ) );
#7535 = CARTESIAN_POINT( '', ( -2.64709153785565, 2.83947949750429, 2.99000000000000 ) );
#7536 = CARTESIAN_POINT( '', ( -3.14799691988393, 2.83947949750429, 2.99000000000000 ) );
#7537 = CARTESIAN_POINT( '', ( 3.13137380997081, 2.90226941901945, 2.99000000000000 ) );
#7538 = CARTESIAN_POINT( '', ( 3.13137380997081, 2.90226941901945, 2.99000000000000 ) );
#7539 = CARTESIAN_POINT( '', ( 3.13137380997081, 2.89599042686794, 2.99000000000000 ) );
#7540 = CARTESIAN_POINT( '', ( 3.13137380997081, 2.84513059044066, 2.99000000000000 ) );
#7541 = CARTESIAN_POINT( '', ( 3.13137380997081, 2.83947949750429, 2.99000000000000 ) );
#7542 = CARTESIAN_POINT( '', ( 2.84481704929199, 2.90226941901945, 2.99000000000000 ) );
#7543 = CARTESIAN_POINT( '', ( 2.87347272535987, 2.90226941901945, 2.99000000000000 ) );
#7544 = CARTESIAN_POINT( '', ( 3.10558370150971, 2.90226941901945, 2.99000000000000 ) );
#7545 = CARTESIAN_POINT( '', ( 3.13137380997081, 2.90226941901945, 2.99000000000000 ) );
#7546 = COLOUR_RGB( '', 0.800000071525574, 0.800000071525574, 0.800000011920929 );
#7547 = CARTESIAN_POINT( '', ( 0.984244372990354, -1.60155948553055, 2.99000000000000 ) );
#7548 = CARTESIAN_POINT( '', ( 1.10321543408360, -1.60155948553055, 2.99000000000000 ) );
#7549 = CARTESIAN_POINT( '', ( 1.06355841371919, -1.60155948553055, 2.99000000000000 ) );
#7550 = CARTESIAN_POINT( '', ( 1.02390139335477, -1.60155948553055, 2.99000000000000 ) );
#7551 = CARTESIAN_POINT( '', ( 0.984244372990354, -1.60155948553055, 2.99000000000000 ) );
#7552 = CARTESIAN_POINT( '', ( 1.09099678456592, -1.00091639871383, 2.99000000000000 ) );
#7553 = CARTESIAN_POINT( '', ( 1.14244372990354, -0.924389067524115, 2.99000000000000 ) );
#7554 = CARTESIAN_POINT( '', ( 1.21704180064309, -0.885803858520900, 2.99000000000000 ) );
#7555 = CARTESIAN_POINT( '', ( 1.35659163987138, -0.885803858520900, 2.99000000000000 ) );
#7556 = CARTESIAN_POINT( '', ( 1.39517684887460, -0.893520900321543, 2.99000000000000 ) );
#7557 = CARTESIAN_POINT( '', ( 1.43054662379421, -0.908954983922829, 2.99000000000000 ) );
#7558 = CARTESIAN_POINT( '', ( 1.46622088719550, -0.924521935225209, 2.99000000000000 ) );
#7559 = CARTESIAN_POINT( '', ( 1.49292604501608, -0.943681672025723, 2.99000000000000 ) );
#7560 = CARTESIAN_POINT( '', ( 1.51028938906752, -0.968118971061093, 2.99000000000000 ) );
#7561 = CARTESIAN_POINT( '', ( 1.52817211524661, -0.993287252350167, 2.99000000000000 ) );
#7562 = CARTESIAN_POINT( '', ( 1.54051446945338, -1.02213826366559, 2.99000000000000 ) );
#7563 = CARTESIAN_POINT( '', ( 1.54758842443730, -1.05622186495177, 2.99000000000000 ) );
#7564 = CARTESIAN_POINT( '', ( 1.55212493003962, -1.07807957376293, 2.99000000000000 ) );
#7565 = CARTESIAN_POINT( '', ( 1.55401929260450, -1.11667202572347, 2.99000000000000 ) );
#7566 = CARTESIAN_POINT( '', ( 1.55401929260450, -1.17133440514469, 2.99000000000000 ) );
#7567 = CARTESIAN_POINT( '', ( 1.55401929260450, -1.31474276527331, 2.99000000000000 ) );
#7568 = CARTESIAN_POINT( '', ( 1.55401929260450, -1.45815112540193, 2.99000000000000 ) );
#7569 = CARTESIAN_POINT( '', ( 1.55401929260450, -1.60155948553055, 2.99000000000000 ) );
#7570 = CARTESIAN_POINT( '', ( 0.984244372990354, -1.60155948553055, 2.99000000000000 ) );
#7571 = CARTESIAN_POINT( '', ( 0.984244372990354, -1.36811897106109, 2.99000000000000 ) );
#7572 = CARTESIAN_POINT( '', ( 0.984244372990354, -1.13467845659164, 2.99000000000000 ) );
#7573 = CARTESIAN_POINT( '', ( 0.984244372990354, -0.901237942122186, 2.99000000000000 ) );
#7574 = COLOUR_RGB( '', 0.800000071525574, 0.800000071525574, 0.800000011920929 );
#7575 = CARTESIAN_POINT( '', ( 0.128295819935692, -1.60155948553055, 2.99000000000000 ) );
#7576 = CARTESIAN_POINT( '', ( 0.00996784565916443, -1.60155948553055, 2.99000000000000 ) );
#7577 = COLOUR_RGB( '', 0.800000071525574, 0.800000071525574, 0.800000011920929 );
#7578 = CARTESIAN_POINT( '', ( -0.732797427652732, -1.51474276527331, 2.99000000000000 ) );
#7579 = VECTOR( '', #8250, 1000.00000000000 );
#7580 = COLOUR_RGB( '', 0.200000002980232, 0.200000002980232, 0.200000002980232 );
#7581 = CARTESIAN_POINT( '', ( 3.60000000000000, 3.60000000000000, 0.000000000000000 ) );
#7582 = CARTESIAN_POINT( '', ( -3.60000000000000, 3.60000000000000, 0.000000000000000 ) );
#7583 = CARTESIAN_POINT( '', ( 3.60000000000000, 3.60000000000000, 0.000000000000000 ) );
#7584 = VECTOR( '', #8251, 1000.00000000000 );
#7585 = CARTESIAN_POINT( '', ( -3.60000000000000, 3.60000000000000, 3.00000000000000 ) );
#7586 = VECTOR( '', #8252, 1000.00000000000 );
#7587 = CARTESIAN_POINT( '', ( 3.60000000000000, 3.60000000000000, 3.00000000000000 ) );
#7588 = VECTOR( '', #8253, 1000.00000000000 );
#7589 = COLOUR_RGB( '', 0.800000071525574, 0.800000071525574, 0.800000011920929 );
#7590 = CARTESIAN_POINT( '', ( 2.30578778135048, -0.901237942122186, 2.99000000000000 ) );
#7591 = CARTESIAN_POINT( '', ( 1.71350482315113, -1.65943729903537, 2.99000000000000 ) );
#7592 = CARTESIAN_POINT( '', ( 2.30578778135048, -0.901237942122186, 2.99000000000000 ) );
#7593 = CARTESIAN_POINT( '', ( 2.30578778135048, -1.10295284030011, 2.99000000000000 ) );
#7594 = CARTESIAN_POINT( '', ( 2.30578778135048, -1.30466773847803, 2.99000000000000 ) );
#7595 = CARTESIAN_POINT( '', ( 2.30578778135048, -1.50638263665595, 2.99000000000000 ) );
#7596 = CARTESIAN_POINT( '', ( 2.30578778135048, -1.61570739549839, 2.99000000000000 ) );
#7597 = CARTESIAN_POINT( '', ( 2.29485530546624, -1.69287781350482, 2.99000000000000 ) );
#7598 = CARTESIAN_POINT( '', ( 2.27234726688103, -1.73853697749196, 2.99000000000000 ) );
#7599 = CARTESIAN_POINT( '', ( 2.25021998988057, -1.78342373940718, 2.99000000000000 ) );
#7600 = CARTESIAN_POINT( '', ( 2.21511254019293, -1.81956591639872, 2.99000000000000 ) );
#7601 = CARTESIAN_POINT( '', ( 2.16752411575563, -1.84593247588425, 2.99000000000000 ) );
#7602 = CARTESIAN_POINT( '', ( 2.11944364948399, -1.87257165314285, 2.99000000000000 ) );
#7603 = CARTESIAN_POINT( '', ( 2.06012861736335, -1.88580385852090, 2.99000000000000 ) );
#7604 = CARTESIAN_POINT( '', ( 1.90643086816721, -1.88580385852090, 2.99000000000000 ) );
#7605 = CARTESIAN_POINT( '', ( 1.83954983922830, -1.86715434083601, 2.99000000000000 ) );
#7606 = CARTESIAN_POINT( '', ( 1.73665594855306, -1.79127009646302, 2.99000000000000 ) );
#7607 = CARTESIAN_POINT( '', ( 1.71157556270097, -1.73467845659164, 2.99000000000000 ) );
#7608 = CARTESIAN_POINT( '', ( 1.71350482315113, -1.65943729903537, 2.99000000000000 ) );
#7609 = CARTESIAN_POINT( '', ( 2.19774919614148, -0.901237942122186, 2.99000000000000 ) );
#7610 = CARTESIAN_POINT( '', ( 2.23376205787782, -0.901237942122186, 2.99000000000000 ) );
#7611 = CARTESIAN_POINT( '', ( 2.26977491961415, -0.901237942122186, 2.99000000000000 ) );
#7612 = CARTESIAN_POINT( '', ( 2.30578778135048, -0.901237942122186, 2.99000000000000 ) );
#7613 = CARTESIAN_POINT( '', ( 2.18745980707396, -1.50959807073955, 2.99000000000000 ) );
#7614 = CARTESIAN_POINT( '', ( 2.13536977491962, -1.57133440514470, 2.99000000000000 ) );
#7615 = CARTESIAN_POINT( '', ( 2.07041800643087, -1.60155948553055, 2.99000000000000 ) );
#7616 = CARTESIAN_POINT( '', ( 1.89614147909968, -1.60155948553055, 2.99000000000000 ) );
#7617 = CARTESIAN_POINT( '', ( 1.82154340836013, -1.56683279742765, 2.99000000000000 ) );
#7618 = CARTESIAN_POINT( '', ( 1.76881028938907, -1.49737942122186, 2.99000000000000 ) );
#7619 = CARTESIAN_POINT( '', ( 1.71615173323579, -1.42802424970290, 2.99000000000000 ) );
#7620 = CARTESIAN_POINT( '', ( 1.68906752411575, -1.34496784565916, 2.99000000000000 ) );
#7621 = CARTESIAN_POINT( '', ( 1.68906752411575, -1.18098070739550, 2.99000000000000 ) );
#7622 = CARTESIAN_POINT( '', ( 1.70128617363344, -1.11924437299035, 2.99000000000000 ) );
#7623 = CARTESIAN_POINT( '', ( 1.72572347266881, -1.06329581993569, 2.99000000000000 ) );
#7624 = CARTESIAN_POINT( '', ( 1.75029362731860, -1.00704309744802, 2.99000000000000 ) );
#7625 = CARTESIAN_POINT( '', ( 1.78488745980708, -0.962974276527331, 2.99000000000000 ) );
#7626 = CARTESIAN_POINT( '', ( 1.83054662379422, -0.932106109324758, 2.99000000000000 ) );
#7627 = CARTESIAN_POINT( '', ( 1.87664714933930, -0.900939556843577, 2.99000000000000 ) );
#7628 = CARTESIAN_POINT( '', ( 1.93086816720257, -0.885803858520900, 2.99000000000000 ) );
#7629 = CARTESIAN_POINT( '', ( 2.07556270096463, -0.885803858520900, 2.99000000000000 ) );
#7630 = CARTESIAN_POINT( '', ( 2.14372990353698, -0.919887459807073, 2.99000000000000 ) );
#7631 = CARTESIAN_POINT( '', ( 2.19774919614148, -0.986768488745980, 2.99000000000000 ) );
#7632 = CARTESIAN_POINT( '', ( 1.71350482315113, -1.65943729903537, 2.99000000000000 ) );
#7633 = CARTESIAN_POINT( '', ( 1.75187566988210, -1.66458199356913, 2.99000000000000 ) );
#7634 = CARTESIAN_POINT( '', ( 1.79024651661308, -1.66972668810289, 2.99000000000000 ) );
#7635 = CARTESIAN_POINT( '', ( 1.82861736334405, -1.67487138263666, 2.99000000000000 ) );
#7636 = COLOUR_RGB( '', 0.800000071525574, 0.800000071525574, 0.800000011920929 );
#7637 = CARTESIAN_POINT( '', ( -1.55466237942122, -0.635000000000000, 2.99000000000000 ) );
#7638 = CARTESIAN_POINT( '', ( -1.55466237942122, -0.635000000000000, 2.99000000000000 ) );
#7639 = VECTOR( '', #8254, 1000.00000000000 );
#7640 = CARTESIAN_POINT( '', ( -1.55466237942122, -0.635000000000000, 2.99000000000000 ) );
#7641 = CARTESIAN_POINT( '', ( -1.49721329046088, -0.635000000000000, 2.99000000000000 ) );
#7642 = CARTESIAN_POINT( '', ( -1.43976420150053, -0.635000000000000, 2.99000000000000 ) );
#7643 = CARTESIAN_POINT( '', ( -1.38231511254019, -0.635000000000000, 2.99000000000000 ) );
#7644 = COLOUR_RGB( '', 0.800000071525574, 0.800000071525574, 0.800000011920929 );
#7645 = CARTESIAN_POINT( '', ( 0.803536977491963, -0.901237942122186, 2.99000000000000 ) );
#7646 = VECTOR( '', #8255, 1000.00000000000 );
#7647 = COLOUR_RGB( '', 0.800000071525574, 0.800000071525574, 0.800000011920929 );
#7648 = CARTESIAN_POINT( '', ( 0.128295819935692, -1.18483922829582, 2.99000000000000 ) );
#7649 = CARTESIAN_POINT( '', ( 0.409324758842444, -0.901237942122186, 2.99000000000000 ) );
#7650 = COLOUR_RGB( '', 0.800000071525574, 0.800000071525574, 0.800000011920929 );
#7651 = CARTESIAN_POINT( '', ( -0.743086816720256, -1.24979099678457, 2.99000000000000 ) );
#7652 = VECTOR( '', #8256, 1000.00000000000 );
#7653 = CARTESIAN_POINT( '', ( -1.06784565916399, -1.49352090032154, 2.99000000000000 ) );
#7654 = VECTOR( '', #8257, 1000.00000000000 );
#7655 = COLOUR_RGB( '', 0.800000071525574, 0.800000071525574, 0.800000011920929 );
#7656 = COLOUR_RGB( '', 0.800000071525574, 0.800000071525574, 0.800000011920929 );
#7657 = CARTESIAN_POINT( '', ( 1.69661599095631, 1.45710069570550, 2.99000000000000 ) );
#7658 = CARTESIAN_POINT( '', ( 1.71181320710253, 1.56142606917901, 2.99000000000000 ) );
#7659 = CARTESIAN_POINT( '', ( 1.80164443848641, 1.64154947032003, 2.99000000000000 ) );
#7660 = CARTESIAN_POINT( '', ( 1.91018825629945, 1.64154947032003, 2.99000000000000 ) );
#7661 = CARTESIAN_POINT( '', ( 2.01875911542236, 1.64154947032003, 2.99000000000000 ) );
#7662 = CARTESIAN_POINT( '', ( 2.10859034680624, 1.56142606917901, 2.99000000000000 ) );
#7663 = CARTESIAN_POINT( '', ( 2.12378756295247, 1.45710069570550, 2.99000000000000 ) );
#7664 = COLOUR_RGB( '', 0.200000002980232, 0.200000002980232, 0.200000002980232 );
#7665 = CARTESIAN_POINT( '', ( -3.60000000000000, -3.60000000000000, 0.000000000000000 ) );
#7666 = CARTESIAN_POINT( '', ( -3.60000000000000, 3.60000000000000, 0.000000000000000 ) );
#7667 = VECTOR( '', #8258, 1000.00000000000 );
#7668 = CARTESIAN_POINT( '', ( 3.60000000000000, -3.60000000000000, 0.000000000000000 ) );
#7669 = CARTESIAN_POINT( '', ( 3.60000000000000, -3.60000000000000, 0.000000000000000 ) );
#7670 = VECTOR( '', #8259, 1000.00000000000 );
#7671 = CARTESIAN_POINT( '', ( -3.60000000000000, -3.60000000000000, 0.000000000000000 ) );
#7672 = VECTOR( '', #8260, 1000.00000000000 );
#7673 = COLOUR_RGB( '', 0.800000071525574, 0.800000071525574, 0.800000011920929 );
#7674 = CARTESIAN_POINT( '', ( -2.05066056541131, 1.87131948027454, 2.99000000000000 ) );
#7675 = CARTESIAN_POINT( '', ( -2.05066056541131, 1.87131948027454, 2.99000000000000 ) );
#7676 = VECTOR( '', #8261, 1000.00000000000 );
#7677 = CARTESIAN_POINT( '', ( -2.05066056541132, 1.87131948027454, 2.99000000000000 ) );
#7678 = VECTOR( '', #8262, 1000.00000000000 );
#7679 = COLOUR_RGB( '', 0.200000002980232, 0.200000002980232, 0.200000002980232 );
#7680 = CARTESIAN_POINT( '', ( 3.60000000000000, -3.60000000000000, 3.00000000000000 ) );
#7681 = VECTOR( '', #8263, 1000.00000000000 );
#7682 = COLOUR_RGB( '', 0.800000071525574, 0.800000071525574, 0.800000011920929 );
#7683 = CARTESIAN_POINT( '', ( 2.84481704929199, 1.88232529339111, 2.99000000000000 ) );
#7684 = VECTOR( '', #8264, 1000.00000000000 );
#7685 = COLOUR_RGB( '', 0.800000071525574, 0.800000071525574, 0.800000011920929 );
#7686 = COLOUR_RGB( '', 0.800000071525574, 0.800000071525574, 0.800000011920929 );
#7687 = CARTESIAN_POINT( '', ( 0.803536977491963, -1.60155948553055, 2.99000000000000 ) );
#7688 = VECTOR( '', #8265, 1000.00000000000 );
#7689 = COLOUR_RGB( '', 0.800000071525574, 0.800000071525574, 0.800000011920929 );
#7690 = CARTESIAN_POINT( '', ( -1.83762057877813, -1.46200964630225, 2.99000000000000 ) );
#7691 = CARTESIAN_POINT( '', ( -1.82668810289389, -1.42728295819936, 2.99000000000000 ) );
#7692 = CARTESIAN_POINT( '', ( -1.80996784565917, -1.37583601286174, 2.99000000000000 ) );
#7693 = CARTESIAN_POINT( '', ( -1.78617363344051, -1.30766881028939, 2.99000000000000 ) );
#7694 = CARTESIAN_POINT( '', ( -1.70802617923696, -1.08378691446299, 2.99000000000000 ) );
#7695 = CARTESIAN_POINT( '', ( -1.63183279742765, -0.859222936763129, 2.99000000000000 ) );
#7696 = CARTESIAN_POINT( '', ( -1.55466237942122, -0.635000000000000, 2.99000000000000 ) );
#7697 = COLOUR_RGB( '', 0.800000071525574, 0.800000071525574, 0.800000011920929 );
#7698 = CARTESIAN_POINT( '', ( -1.35477949724969, 1.86131419562311, 2.99000000000000 ) );
#7699 = CARTESIAN_POINT( '', ( -1.40296711143575, 2.13967743941171, 2.99000000000000 ) );
#7700 = VECTOR( '', #8266, 1000.00000000000 );
#7701 = CARTESIAN_POINT( '', ( -1.35477949724969, 1.86131419562311, 2.99000000000000 ) );
#7702 = VECTOR( '', #8267, 1000.00000000000 );
#7703 = COLOUR_RGB( '', 0.800000071525574, 0.800000071525574, 0.800000011920929 );
#7704 = CARTESIAN_POINT( '', ( 0.0252737519003854, 1.03163272623107, 2.99000000000000 ) );
#7705 = CARTESIAN_POINT( '', ( 0.0252737519003854, 1.03163272623107, 2.99000000000000 ) );
#7706 = VECTOR( '', #8268, 1000.00000000000 );
#7707 = CARTESIAN_POINT( '', ( -1.21013553076192, 1.03163272623107, 2.99000000000000 ) );
#7708 = VECTOR( '', #8269, 1000.00000000000 );
#7709 = COLOUR_RGB( '', 0.800000071525574, 0.800000071525574, 0.800000011920929 );
#7710 = CARTESIAN_POINT( '', ( -1.50643086816720, -0.791913183279742, 2.99000000000000 ) );
#7711 = CARTESIAN_POINT( '', ( -1.60010718113612, -1.06179528403001, 2.99000000000000 ) );
#7712 = CARTESIAN_POINT( '', ( -1.69378349410503, -1.33167738478028, 2.99000000000000 ) );
#7713 = CARTESIAN_POINT( '', ( -1.78745980707395, -1.60155948553055, 2.99000000000000 ) );
#7714 = COLOUR_RGB( '', 0.800000071525574, 0.800000071525574, 0.800000011920929 );
#7715 = CARTESIAN_POINT( '', ( 2.84481704929199, 0.906242172369820, 2.99000000000000 ) );
#7716 = CARTESIAN_POINT( '', ( 2.84481704929199, 0.906242172369820, 2.99000000000000 ) );
#7717 = VECTOR( '', #8270, 1000.00000000000 );
#7718 = CARTESIAN_POINT( '', ( 2.41761843598597, 0.906242172369820, 2.99000000000000 ) );
#7719 = CARTESIAN_POINT( '', ( 2.84481704929199, 0.906242172369820, 2.99000000000000 ) );
#7720 = CARTESIAN_POINT( '', ( 2.82959279183590, 0.801916798896303, 2.99000000000000 ) );
#7721 = CARTESIAN_POINT( '', ( 2.73976156045202, 0.721793397755288, 2.99000000000000 ) );
#7722 = CARTESIAN_POINT( '', ( 2.63121774263898, 0.721793397755288, 2.99000000000000 ) );
#7723 = CARTESIAN_POINT( '', ( 2.52267392482594, 0.721793397755288, 2.99000000000000 ) );
#7724 = CARTESIAN_POINT( '', ( 2.43284269344205, 0.801916798896303, 2.99000000000000 ) );
#7725 = CARTESIAN_POINT( '', ( 2.41761843598597, 0.906242172369820, 2.99000000000000 ) );
#7726 = CARTESIAN_POINT( '', ( 2.41761843598597, 0.906242172369820, 2.99000000000000 ) );
#7727 = VECTOR( '', #8271, 1000.00000000000 );
#7728 = COLOUR_RGB( '', 0.800000071525574, 0.800000071525574, 0.800000011920929 );
#7729 = CARTESIAN_POINT( '', ( -2.18167202572347, -1.60155948553055, 2.99000000000000 ) );
#7730 = CARTESIAN_POINT( '', ( -2.18167202572347, -1.60155948553055, 2.99000000000000 ) );
#7731 = VECTOR( '', #8272, 1000.00000000000 );
#7732 = CARTESIAN_POINT( '', ( -2.18167202572347, -1.60155948553055, 2.99000000000000 ) );
#7733 = CARTESIAN_POINT( '', ( -2.22304394426581, -1.60155948553055, 2.99000000000000 ) );
#7734 = CARTESIAN_POINT( '', ( -2.26441586280815, -1.60155948553055, 2.99000000000000 ) );
#7735 = CARTESIAN_POINT( '', ( -2.30578778135048, -1.60155948553055, 2.99000000000000 ) );
#7736 = COLOUR_RGB( '', 0.200000002980232, 0.200000002980232, 0.200000002980232 );
#7737 = CARTESIAN_POINT( '', ( -3.60000000000000, -3.60000000000000, 3.00000000000000 ) );
#7738 = VECTOR( '', #8273, 1000.00000000000 );
#7739 = COLOUR_RGB( '', 0.800000071525574, 0.800000071525574, 0.800000011920929 );
#7740 = CARTESIAN_POINT( '', ( 2.30578778135048, -0.901237942122186, 2.99000000000000 ) );
#7741 = VECTOR( '', #8274, 1000.00000000000 );
#7742 = CARTESIAN_POINT( '', ( 1.71350482315113, -1.65943729903537, 2.99000000000000 ) );
#7743 = VECTOR( '', #8275, 1000.00000000000 );
#7744 = COLOUR_RGB( '', 0.200000002980232, 0.200000002980232, 0.200000002980232 );
#7745 = COLOUR_RGB( '', 0.800000071525574, 0.800000071525574, 0.800000011920929 );
#7746 = COLOUR_RGB( '', 0.800000071525574, 0.800000071525574, 0.800000011920929 );
#7747 = CARTESIAN_POINT( '', ( 0.688678206909670, 1.94514225621614, 2.99000000000000 ) );
#7748 = VECTOR( '', #8276, 1000.00000000000 );
#7749 = COLOUR_RGB( '', 0.800000071525574, 0.800000071525574, 0.800000011920929 );
#7750 = CARTESIAN_POINT( '', ( -3.14799691988393, 1.45710069570550, 2.99000000000000 ) );
#7751 = CARTESIAN_POINT( '', ( -3.14799691988393, 1.39428373288046, 2.99000000000000 ) );
#7752 = VECTOR( '', #8277, 1000.00000000000 );
#7753 = CARTESIAN_POINT( '', ( -3.14799691988393, 1.45710069570550, 2.99000000000000 ) );
#7754 = VECTOR( '', #8278, 1000.00000000000 );
#7755 = COLOUR_RGB( '', 0.800000071525574, 0.800000071525574, 0.800000011920929 );
#7756 = CARTESIAN_POINT( '', ( 2.12378756295247, 2.37036685390175, 2.99000000000000 ) );
#7757 = VECTOR( '', #8279, 1000.00000000000 );
#7758 = COLOUR_RGB( '', 0.800000071525574, 0.800000071525574, 0.800000011920929 );
#7759 = CARTESIAN_POINT( '', ( -0.336012861736333, -1.00734726688103, 2.99000000000000 ) );
#7760 = VECTOR( '', #8280, 1000.00000000000 );
#7761 = COLOUR_RGB( '', 0.800000071525574, 0.800000071525574, 0.800000011920929 );
#7762 = CARTESIAN_POINT( '', ( 2.12378756295247, 1.39428373288046, 2.99000000000000 ) );
#7763 = CARTESIAN_POINT( '', ( 2.10859034680624, 1.28995835940694, 2.99000000000000 ) );
#7764 = CARTESIAN_POINT( '', ( 2.01875911542236, 1.20983495826593, 2.99000000000000 ) );
#7765 = CARTESIAN_POINT( '', ( 1.91018825629945, 1.20983495826593, 2.99000000000000 ) );
#7766 = CARTESIAN_POINT( '', ( 1.80164443848641, 1.20983495826593, 2.99000000000000 ) );
#7767 = CARTESIAN_POINT( '', ( 1.71181320710253, 1.28995835940694, 2.99000000000000 ) );
#7768 = CARTESIAN_POINT( '', ( 1.69661599095631, 1.39428373288046, 2.99000000000000 ) );
#7769 = COLOUR_RGB( '', 0.800000071525574, 0.800000071525574, 0.800000011920929 );
#7770 = CARTESIAN_POINT( '', ( 0.590675241157557, -1.60155948553055, 2.99000000000000 ) );
#7771 = CARTESIAN_POINT( '', ( 0.295498392282959, -1.16168810289389, 2.99000000000000 ) );
#7772 = CARTESIAN_POINT( '', ( 0.590675241157557, -1.60155948553055, 2.99000000000000 ) );
#7773 = CARTESIAN_POINT( '', ( 0.590675241157557, -1.60155948553055, 2.99000000000000 ) );
#7774 = VECTOR( '', #8281, 1000.00000000000 );
#7775 = COLOUR_RGB( '', 0.800000071525574, 0.800000071525574, 0.800000011920929 );
#7776 = COLOUR_RGB( '', 0.800000071525574, 0.800000071525574, 0.800000011920929 );
#7777 = CARTESIAN_POINT( '', ( -0.586816720257234, -1.60155948553055, 2.99000000000000 ) );
#7778 = VECTOR( '', #8282, 1000.00000000000 );
#7779 = CARTESIAN_POINT( '', ( -0.708360128617363, -1.60155948553055, 2.99000000000000 ) );
#7780 = VECTOR( '', #8283, 1000.00000000000 );
#7781 = COLOUR_RGB( '', 0.800000071525574, 0.800000071525574, 0.800000011920929 );
#7782 = CARTESIAN_POINT( '', ( 0.685209003215435, -0.770691318327974, 2.99000000000000 ) );
#7783 = CARTESIAN_POINT( '', ( 0.803536977491963, -0.770691318327974, 2.99000000000000 ) );
#7784 = CARTESIAN_POINT( '', ( 0.685209003215435, -0.770691318327974, 2.99000000000000 ) );
#7785 = CARTESIAN_POINT( '', ( 0.685209003215435, -0.770691318327974, 2.99000000000000 ) );
#7786 = VECTOR( '', #8284, 1000.00000000000 );
#7787 = COLOUR_RGB( '', 0.800000071525574, 0.800000071525574, 0.800000011920929 );
#7788 = CARTESIAN_POINT( '', ( 0.676915237116778, 2.13967743941171, 2.99000000000000 ) );
#7789 = CARTESIAN_POINT( '', ( 0.676915237116778, 2.13967743941171, 2.99000000000000 ) );
#7790 = VECTOR( '', #8285, 1000.00000000000 );
#7791 = CARTESIAN_POINT( '', ( 0.676915237116778, 2.13967743941171, 2.99000000000000 ) );
#7792 = VECTOR( '', #8286, 1000.00000000000 );
#7793 = COLOUR_RGB( '', 0.800000071525574, 0.800000071525574, 0.800000011920929 );
#7794 = COLOUR_RGB( '', 0.800000071525574, 0.800000071525574, 0.800000011920929 );
#7795 = COLOUR_RGB( '', 0.800000071525574, 0.800000071525574, 0.800000011920929 );
#7796 = COLOUR_RGB( '', 0.800000071525574, 0.800000071525574, 0.800000011920929 );
#7797 = COLOUR_RGB( '', 0.800000071525574, 0.800000071525574, 0.800000011920929 );
#7798 = COLOUR_RGB( '', 0.800000071525574, 0.800000071525574, 0.800000011920929 );
#7799 = COLOUR_RGB( '', 0.800000071525574, 0.800000071525574, 0.800000011920929 );
#7800 = CARTESIAN_POINT( '', ( 0.685209003215435, -0.635000000000000, 2.99000000000000 ) );
#7801 = CARTESIAN_POINT( '', ( 0.685209003215435, -0.635000000000000, 2.99000000000000 ) );
#7802 = VECTOR( '', #8287, 1000.00000000000 );
#7803 = CARTESIAN_POINT( '', ( 0.685209003215435, -0.635000000000000, 2.99000000000000 ) );
#7804 = CARTESIAN_POINT( '', ( 0.803536977491963, -0.635000000000000, 2.99000000000000 ) );
#7805 = COLOUR_RGB( '', 0.200000002980232, 0.200000002980232, 0.200000002980232 );
#7806 = CARTESIAN_POINT( '', ( 2.47816392878203, 0.937637133127404, 3.00000000000000 ) );
#7807 = CARTESIAN_POINT( '', ( 2.47816392878203, 0.937637133127404, 3.00000000000000 ) );
#7808 = CARTESIAN_POINT( '', ( 2.47816392878203, 0.853105998477788, 3.00000000000000 ) );
#7809 = CARTESIAN_POINT( '', ( 2.54668660798936, 0.784583319270453, 3.00000000000000 ) );
#7810 = CARTESIAN_POINT( '', ( 2.63121774263898, 0.784583319270453, 3.00000000000000 ) );
#7811 = CARTESIAN_POINT( '', ( 2.71574887728859, 0.784583319270453, 3.00000000000000 ) );
#7812 = CARTESIAN_POINT( '', ( 2.78427155649593, 0.853105998477788, 3.00000000000000 ) );
#7813 = CARTESIAN_POINT( '', ( 2.78427155649593, 0.937637133127404, 3.00000000000000 ) );
#7814 = CARTESIAN_POINT( '', ( 2.78427155649593, 1.02219530908689, 3.00000000000000 ) );
#7815 = CARTESIAN_POINT( '', ( 2.71574887728859, 1.09071798829422, 3.00000000000000 ) );
#7816 = CARTESIAN_POINT( '', ( 2.63121774263898, 1.09071798829422, 3.00000000000000 ) );
#7817 = CARTESIAN_POINT( '', ( 2.54668660798936, 1.09071798829422, 3.00000000000000 ) );
#7818 = CARTESIAN_POINT( '', ( 2.47816392878203, 1.02219530908689, 3.00000000000000 ) );
#7819 = CARTESIAN_POINT( '', ( 2.47816392878203, 0.937637133127404, 3.00000000000000 ) );
#7820 = COLOUR_RGB( '', 0.800000071525574, 0.800000071525574, 0.800000011920929 );
#7821 = CARTESIAN_POINT( '', ( 0.423240709238325, 1.70609707697667, 2.99000000000000 ) );
#7822 = CARTESIAN_POINT( '', ( 0.423240709238325, 1.70609707697667, 2.99000000000000 ) );
#7823 = VECTOR( '', #8288, 1000.00000000000 );
#7824 = CARTESIAN_POINT( '', ( 0.423240709238325, 1.70609707697667, 2.99000000000000 ) );
#7825 = VECTOR( '', #8289, 1000.00000000000 );
#7826 = COLOUR_RGB( '', 0.800000071525574, 0.800000071525574, 0.800000011920929 );
#7827 = COLOUR_RGB( '', 0.800000071525574, 0.800000071525574, 0.800000011920929 );
#7828 = CARTESIAN_POINT( '', ( 1.75713444244250, 1.42567869363805, 2.99000000000000 ) );
#7829 = CARTESIAN_POINT( '', ( 1.75713444244250, 1.42567869363805, 2.99000000000000 ) );
#7830 = CARTESIAN_POINT( '', ( 1.75713444244250, 1.34114755898843, 2.99000000000000 ) );
#7831 = CARTESIAN_POINT( '', ( 1.82565712164984, 1.27262487978110, 2.99000000000000 ) );
#7832 = CARTESIAN_POINT( '', ( 1.91018825629945, 1.27262487978110, 2.99000000000000 ) );
#7833 = CARTESIAN_POINT( '', ( 1.99474643225893, 1.27262487978110, 2.99000000000000 ) );
#7834 = CARTESIAN_POINT( '', ( 2.06326911146627, 1.34114755898843, 2.99000000000000 ) );
#7835 = CARTESIAN_POINT( '', ( 2.06326911146627, 1.42567869363805, 2.99000000000000 ) );
#7836 = CARTESIAN_POINT( '', ( 2.06326911146627, 1.51023686959753, 2.99000000000000 ) );
#7837 = CARTESIAN_POINT( '', ( 1.99474643225893, 1.57875954880487, 2.99000000000000 ) );
#7838 = CARTESIAN_POINT( '', ( 1.91018825629945, 1.57875954880487, 2.99000000000000 ) );
#7839 = CARTESIAN_POINT( '', ( 1.82565712164984, 1.57875954880487, 2.99000000000000 ) );
#7840 = CARTESIAN_POINT( '', ( 1.75713444244250, 1.51023686959753, 2.99000000000000 ) );
#7841 = CARTESIAN_POINT( '', ( 1.75713444244250, 1.42567869363805, 2.99000000000000 ) );
#7842 = COLOUR_RGB( '', 0.800000071525574, 0.800000071525574, 0.800000011920929 );
#7843 = COLOUR_RGB( '', 0.800000071525574, 0.800000071525574, 0.800000011920929 );
#7844 = CARTESIAN_POINT( '', ( 0.685209003215435, -0.770691318327974, 2.99000000000000 ) );
#7845 = CARTESIAN_POINT( '', ( 0.685209003215435, -0.635000000000000, 2.99000000000000 ) );
#7846 = COLOUR_RGB( '', 0.800000071525574, 0.800000071525574, 0.800000011920929 );
#7847 = COLOUR_RGB( '', 0.800000071525574, 0.800000071525574, 0.800000011920929 );
#7848 = CARTESIAN_POINT( '', ( -2.44143453432418, 1.03163272623107, 2.99000000000000 ) );
#7849 = CARTESIAN_POINT( '', ( -2.44143453432418, 1.03163272623107, 2.99000000000000 ) );
#7850 = VECTOR( '', #8290, 1000.00000000000 );
#7851 = CARTESIAN_POINT( '', ( -2.44143453432417, 1.03163272623107, 2.99000000000000 ) );
#7852 = VECTOR( '', #8291, 1000.00000000000 );
#7853 = COLOUR_RGB( '', 0.800000071525574, 0.800000071525574, 0.800000011920929 );
#7854 = CARTESIAN_POINT( '', ( -3.14799691988393, 1.45710069570550, 2.99000000000000 ) );
#7855 = VECTOR( '', #8292, 1000.00000000000 );
#7856 = COLOUR_RGB( '', 0.800000071525574, 0.800000071525574, 0.800000011920929 );
#7857 = CARTESIAN_POINT( '', ( 1.69661599095631, 2.37036685390175, 2.99000000000000 ) );
#7858 = VECTOR( '', #8293, 1000.00000000000 );
#7859 = COLOUR_RGB( '', 0.800000071525574, 0.800000071525574, 0.800000011920929 );
#7860 = CARTESIAN_POINT( '', ( 2.41761843598597, 0.906242172369820, 2.99000000000000 ) );
#7861 = CARTESIAN_POINT( '', ( 1.86105690039897, 0.906242172369820, 2.99000000000000 ) );
#7862 = CARTESIAN_POINT( '', ( -2.64709153785565, 0.906242172369820, 2.99000000000000 ) );
#7863 = CARTESIAN_POINT( '', ( -3.14799691988393, 0.906242172369820, 2.99000000000000 ) );
#7864 = COLOUR_RGB( '', 0.800000071525574, 0.800000071525574, 0.800000011920929 );
#7865 = CARTESIAN_POINT( '', ( -2.18167202572347, -0.779694533762057, 2.99000000000000 ) );
#7866 = CARTESIAN_POINT( '', ( -2.18167202572347, -0.779694533762057, 2.99000000000000 ) );
#7867 = VECTOR( '', #8294, 1000.00000000000 );
#7868 = CARTESIAN_POINT( '', ( -2.18167202572347, -0.779694533762057, 2.99000000000000 ) );
#7869 = CARTESIAN_POINT( '', ( -2.18167202572347, -1.05364951768489, 2.99000000000000 ) );
#7870 = CARTESIAN_POINT( '', ( -2.18167202572347, -1.32760450160772, 2.99000000000000 ) );
#7871 = CARTESIAN_POINT( '', ( -2.18167202572347, -1.60155948553055, 2.99000000000000 ) );
#7872 = COLOUR_RGB( '', 0.800000071525574, 0.800000071525574, 0.800000011920929 );
#7873 = CARTESIAN_POINT( '', ( -2.09349400024336, 2.77668957598912, 2.99000000000000 ) );
#7874 = VECTOR( '', #8295, 1000.00000000000 );
#7875 = COLOUR_RGB( '', 0.800000071525574, 0.800000071525574, 0.800000011920929 );
#7876 = CARTESIAN_POINT( '', ( 3.13137380997081, 0.906242172369820, 2.99000000000000 ) );
#7877 = CARTESIAN_POINT( '', ( 3.10271813390292, 0.906242172369820, 2.99000000000000 ) );
#7878 = CARTESIAN_POINT( '', ( 2.87060715775309, 0.906242172369820, 2.99000000000000 ) );
#7879 = CARTESIAN_POINT( '', ( 2.84481704929199, 0.906242172369820, 2.99000000000000 ) );
#7880 = COLOUR_RGB( '', 0.800000071525574, 0.800000071525574, 0.800000011920929 );
#7881 = CARTESIAN_POINT( '', ( 0.365426388739002, 1.39428373288046, 2.99000000000000 ) );
#7882 = CARTESIAN_POINT( '', ( 0.369152681238911, 1.40057894981790, 2.99000000000000 ) );
#7883 = CARTESIAN_POINT( '', ( 0.399335650488177, 1.45157020701115, 2.99000000000000 ) );
#7884 = CARTESIAN_POINT( '', ( 0.402689313738096, 1.45723590225484, 2.99000000000000 ) );
#7885 = COLOUR_RGB( '', 0.800000071525574, 0.800000071525574, 0.800000011920929 );
#7886 = CARTESIAN_POINT( '', ( -0.442122186495177, -1.60155948553055, 2.99000000000000 ) );
#7887 = VECTOR( '', #8296, 1000.00000000000 );
#7888 = COLOUR_RGB( '', 0.800000071525574, 0.800000071525574, 0.800000011920929 );
#7889 = CARTESIAN_POINT( '', ( -3.14799691988393, 2.83947949750429, 2.99000000000000 ) );
#7890 = VECTOR( '', #8297, 1000.00000000000 );
#7891 = COLOUR_RGB( '', 0.800000071525574, 0.800000071525574, 0.800000011920929 );
#7892 = CARTESIAN_POINT( '', ( 3.13137380997081, 1.45710069570550, 2.99000000000000 ) );
#7893 = CARTESIAN_POINT( '', ( 3.13137380997081, 1.45081899942299, 2.99000000000000 ) );
#7894 = CARTESIAN_POINT( '', ( 3.13137380997081, 1.39993725953472, 2.99000000000000 ) );
#7895 = CARTESIAN_POINT( '', ( 3.13137380997081, 1.39428373288046, 2.99000000000000 ) );
#7896 = COLOUR_RGB( '', 0.800000071525574, 0.800000071525574, 0.800000011920929 );
#7897 = COLOUR_RGB( '', 0.800000071525574, 0.800000071525574, 0.800000011920929 );
#7898 = COLOUR_RGB( '', 0.800000071525574, 0.800000071525574, 0.800000011920929 );
#7899 = COLOUR_RGB( '', 0.800000071525574, 0.800000071525574, 0.800000011920929 );
#7900 = CARTESIAN_POINT( '', ( -1.35477949724969, 1.86131419562311, 2.99000000000000 ) );
#7901 = VECTOR( '', #8298, 1000.00000000000 );
#7902 = COLOUR_RGB( '', 0.200000002980232, 0.200000002980232, 0.200000002980232 );
#7903 = COLOUR_RGB( '', 0.800000071525574, 0.800000071525574, 0.800000011920929 );
#7904 = CARTESIAN_POINT( '', ( 0.984244372990354, -1.60155948553055, 2.99000000000000 ) );
#7905 = VECTOR( '', #8299, 1000.00000000000 );
#7906 = COLOUR_RGB( '', 0.800000071525574, 0.800000071525574, 0.800000011920929 );
#7907 = CARTESIAN_POINT( '', ( -2.30578778135048, -0.635000000000000, 2.99000000000000 ) );
#7908 = CARTESIAN_POINT( '', ( -2.24169346195069, -0.635000000000000, 2.99000000000000 ) );
#7909 = CARTESIAN_POINT( '', ( -2.17759914255091, -0.635000000000000, 2.99000000000000 ) );
#7910 = CARTESIAN_POINT( '', ( -2.11350482315113, -0.635000000000000, 2.99000000000000 ) );
#7911 = COLOUR_RGB( '', 0.800000071525574, 0.800000071525574, 0.800000011920929 );
#7912 = CARTESIAN_POINT( '', ( 0.0252737519003845, 1.03163272623107, 2.99000000000000 ) );
#7913 = VECTOR( '', #8300, 1000.00000000000 );
#7914 = CARTESIAN_POINT( '', ( -0.315473793755344, 1.70609707697667, 2.99000000000000 ) );
#7915 = VECTOR( '', #8301, 1000.00000000000 );
#7916 = CARTESIAN_POINT( '', ( 0.797952140089166, 2.34254134604683, 2.99000000000000 ) );
#7917 = VECTOR( '', #8302, 1000.00000000000 );
#7918 = COLOUR_RGB( '', 0.800000071525574, 0.800000071525574, 0.800000011920929 );
#7919 = CARTESIAN_POINT( '', ( -2.02924384799529, 1.03163272623107, 2.99000000000000 ) );
#7920 = VECTOR( '', #8303, 1000.00000000000 );
#7921 = COLOUR_RGB( '', 0.800000071525574, 0.800000071525574, 0.800000011920929 );
#7922 = COLOUR_RGB( '', 0.800000071525574, 0.800000071525574, 0.800000011920929 );
#7923 = COLOUR_RGB( '', 0.800000071525574, 0.800000071525574, 0.800000011920929 );
#7924 = CARTESIAN_POINT( '', ( -1.90257234726688, -1.60155948553055, 2.99000000000000 ) );
#7925 = CARTESIAN_POINT( '', ( -1.99560557341908, -1.32760450160772, 2.99000000000000 ) );
#7926 = CARTESIAN_POINT( '', ( -2.08863879957128, -1.05364951768489, 2.99000000000000 ) );
#7927 = CARTESIAN_POINT( '', ( -2.18167202572347, -0.779694533762057, 2.99000000000000 ) );
#7928 = COLOUR_RGB( '', 0.800000071525574, 0.800000071525574, 0.800000011920929 );
#7929 = COLOUR_RGB( '', 0.800000071525574, 0.800000071525574, 0.800000011920929 );
#7930 = COLOUR_RGB( '', 0.800000071525574, 0.800000071525574, 0.800000011920929 );
#7931 = CARTESIAN_POINT( '', ( 0.444051446945338, -1.60155948553055, 2.99000000000000 ) );
#7932 = CARTESIAN_POINT( '', ( 0.590675241157557, -1.60155948553055, 2.99000000000000 ) );
#7933 = CARTESIAN_POINT( '', ( 0.444051446945338, -1.60155948553055, 2.99000000000000 ) );
#7934 = CARTESIAN_POINT( '', ( 0.444051446945338, -1.60155948553055, 2.99000000000000 ) );
#7935 = VECTOR( '', #8304, 1000.00000000000 );
#7936 = COLOUR_RGB( '', 0.800000071525574, 0.800000071525574, 0.800000011920929 );
#7937 = COLOUR_RGB( '', 0.800000071525574, 0.800000071525574, 0.800000011920929 );
#7938 = COLOUR_RGB( '', 0.800000071525574, 0.800000071525574, 0.800000011920929 );
#7939 = CARTESIAN_POINT( '', ( 2.47816392878203, 0.937637133127404, 2.99000000000000 ) );
#7940 = CARTESIAN_POINT( '', ( 2.47816392878203, 0.937637133127404, 2.99000000000000 ) );
#7941 = CARTESIAN_POINT( '', ( 2.47816392878203, 0.853105998477788, 2.99000000000000 ) );
#7942 = CARTESIAN_POINT( '', ( 2.54668660798936, 0.784583319270453, 2.99000000000000 ) );
#7943 = CARTESIAN_POINT( '', ( 2.63121774263898, 0.784583319270453, 2.99000000000000 ) );
#7944 = CARTESIAN_POINT( '', ( 2.71574887728859, 0.784583319270453, 2.99000000000000 ) );
#7945 = CARTESIAN_POINT( '', ( 2.78427155649593, 0.853105998477788, 2.99000000000000 ) );
#7946 = CARTESIAN_POINT( '', ( 2.78427155649593, 0.937637133127404, 2.99000000000000 ) );
#7947 = CARTESIAN_POINT( '', ( 2.78427155649593, 1.02219530908689, 2.99000000000000 ) );
#7948 = CARTESIAN_POINT( '', ( 2.71574887728859, 1.09071798829422, 2.99000000000000 ) );
#7949 = CARTESIAN_POINT( '', ( 2.63121774263898, 1.09071798829422, 2.99000000000000 ) );
#7950 = CARTESIAN_POINT( '', ( 2.54668660798936, 1.09071798829422, 2.99000000000000 ) );
#7951 = CARTESIAN_POINT( '', ( 2.47816392878203, 1.02219530908689, 2.99000000000000 ) );
#7952 = CARTESIAN_POINT( '', ( 2.47816392878203, 0.937637133127404, 2.99000000000000 ) );
#7953 = CARTESIAN_POINT( '', ( 2.84481704929199, 0.969059135194855, 2.99000000000000 ) );
#7954 = CARTESIAN_POINT( '', ( 2.87347272535987, 0.969059135194855, 2.99000000000000 ) );
#7955 = CARTESIAN_POINT( '', ( 3.10558370150971, 0.969059135194855, 2.99000000000000 ) );
#7956 = CARTESIAN_POINT( '', ( 3.13137380997081, 0.969059135194855, 2.99000000000000 ) );
#7957 = COLOUR_RGB( '', 0.800000071525574, 0.800000071525574, 0.800000011920929 );
#7958 = CARTESIAN_POINT( '', ( 0.444051446945338, -1.60155948553055, 2.99000000000000 ) );
#7959 = CARTESIAN_POINT( '', ( 0.210610932475885, -1.24400321543408, 2.99000000000000 ) );
#7960 = COLOUR_RGB( '', 0.800000071525574, 0.800000071525574, 0.800000011920929 );
#7961 = COLOUR_RGB( '', 0.800000071525574, 0.800000071525574, 0.800000011920929 );
#7962 = COLOUR_RGB( '', 0.800000071525574, 0.800000071525574, 0.800000011920929 );
#7963 = COLOUR_RGB( '', 0.800000071525574, 0.800000071525574, 0.800000011920929 );
#7964 = CARTESIAN_POINT( '', ( 3.13137380997081, 2.90226941901945, 2.99000000000000 ) );
#7965 = VECTOR( '', #8305, 1000.00000000000 );
#7966 = COLOUR_RGB( '', 0.800000071525574, 0.800000071525574, 0.800000011920929 );
#7967 = COLOUR_RGB( '', 0.800000071525574, 0.800000071525574, 0.800000011920929 );
#7968 = COLOUR_RGB( '', 0.800000071525574, 0.800000071525574, 0.800000011920929 );
#7969 = COLOUR_RGB( '', 0.800000071525574, 0.800000071525574, 0.800000011920929 );
#7970 = COLOUR_RGB( '', 0.800000071525574, 0.800000071525574, 0.800000011920929 );
#7971 = COLOUR_RGB( '', 0.800000071525574, 0.800000071525574, 0.800000011920929 );
#7972 = COLOUR_RGB( '', 0.800000071525574, 0.800000071525574, 0.800000011920929 );
#7973 = COLOUR_RGB( '', 0.800000071525574, 0.800000071525574, 0.800000011920929 );
#7974 = EDGE_CURVE( '', #8306, #8307, #8308, .T. );
#7975 = EDGE_CURVE( '', #8309, #8306, #8310, .T. );
#7976 = EDGE_CURVE( '', #8309, #8311, #8312, .T. );
#7977 = EDGE_CURVE( '', #8311, #8307, #8313, .T. );
#7978 = EDGE_CURVE( '', #8314, #8315, #8316, .F. );
#7979 = EDGE_CURVE( '', #8317, #8314, #8318, .T. );
#7980 = EDGE_CURVE( '', #8319, #8317, #8320, .F. );
#7981 = EDGE_CURVE( '', #8315, #8319, #8321, .T. );
#7982 = EDGE_CURVE( '', #8322, #8323, #8324, .T. );
#7983 = EDGE_CURVE( '', #8325, #8322, #8326, .T. );
#7984 = EDGE_CURVE( '', #8327, #8325, #8328, .T. );
#7985 = EDGE_CURVE( '', #8327, #8323, #8329, .T. );
#7986 = EDGE_CURVE( '', #8330, #8331, #8332, .T. );
#7987 = EDGE_CURVE( '', #8322, #8330, #8333, .T. );
#7988 = EDGE_CURVE( '', #8323, #8331, #8334, .T. );
#7989 = EDGE_CURVE( '', #8335, #8317, #8336, .T. );
#7990 = EDGE_CURVE( '', #8335, #8337, #8338, .F. );
#7991 = EDGE_CURVE( '', #8337, #8339, #8340, .T. );
#7992 = EDGE_CURVE( '', #8339, #8341, #8342, .T. );
#7993 = EDGE_CURVE( '', #8341, #8343, #8344, .T. );
#7994 = EDGE_CURVE( '', #8343, #8345, #8346, .T. );
#7995 = EDGE_CURVE( '', #8319, #8345, #8347, .T. );
#7996 = EDGE_CURVE( '', #8330, #8348, #8349, .T. );
#7997 = EDGE_CURVE( '', #8348, #8325, #8350, .T. );
#7998 = EDGE_CURVE( '', #8351, #8314, #8352, .T. );
#7999 = EDGE_CURVE( '', #8351, #8335, #8353, .T. );
#8000 = EDGE_CURVE( '', #8354, #8309, #8355, .T. );
#8001 = EDGE_CURVE( '', #8356, #8306, #8357, .T. );
#8002 = EDGE_CURVE( '', #8354, #8356, #8358, .T. );
#8003 = EDGE_CURVE( '', #8315, #8359, #8360, .T. );
#8004 = EDGE_CURVE( '', #8359, #8361, #8362, .T. );
#8005 = EDGE_CURVE( '', #8363, #8361, #8364, .T. );
#8006 = EDGE_CURVE( '', #8363, #8365, #8366, .T. );
#8007 = EDGE_CURVE( '', #8367, #8365, #8368, .T. );
#8008 = EDGE_CURVE( '', #8367, #8351, #8369, .F. );
#8009 = EDGE_CURVE( '', #8345, #8359, #8370, .T. );
#8010 = EDGE_CURVE( '', #8331, #8371, #8372, .T. );
#8011 = EDGE_CURVE( '', #8371, #8348, #8373, .T. );
#8012 = EDGE_CURVE( '', #8371, #8327, #8374, .T. );
#8013 = EDGE_CURVE( '', #8307, #8375, #8376, .T. );
#8014 = EDGE_CURVE( '', #8311, #8377, #8378, .T. );
#8015 = EDGE_CURVE( '', #8377, #8375, #8379, .T. );
#8016 = EDGE_CURVE( '', #8377, #8354, #8380, .T. );
#8017 = EDGE_CURVE( '', #8375, #8356, #8381, .T. );
#8018 = EDGE_CURVE( '', #8365, #8339, #8382, .T. );
#8019 = EDGE_CURVE( '', #8341, #8363, #8383, .T. );
#8020 = EDGE_CURVE( '', #8361, #8343, #8384, .T. );
#8021 = EDGE_CURVE( '', #8337, #8367, #8385, .T. );
#8022 = EDGE_CURVE( '', #8386, #8387, #8388, .T. );
#8023 = EDGE_CURVE( '', #8389, #8386, #8390, .T. );
#8024 = EDGE_CURVE( '', #8389, #8391, #8392, .T. );
#8025 = EDGE_CURVE( '', #8391, #8387, #8393, .T. );
#8026 = EDGE_CURVE( '', #8394, #8395, #8396, .T. );
#8027 = EDGE_CURVE( '', #8397, #8394, #8398, .T. );
#8028 = EDGE_CURVE( '', #8397, #8399, #8400, .T. );
#8029 = EDGE_CURVE( '', #8399, #8395, #8401, .T. );
#8030 = EDGE_CURVE( '', #8402, #8394, #8403, .T. );
#8031 = EDGE_CURVE( '', #8404, #8402, #8405, .T. );
#8032 = EDGE_CURVE( '', #8404, #8397, #8406, .T. );
#8033 = EDGE_CURVE( '', #8399, #8389, #8407, .T. );
#8034 = EDGE_CURVE( '', #8408, #8404, #8409, .T. );
#8035 = EDGE_CURVE( '', #8410, #8408, #8411, .T. );
#8036 = EDGE_CURVE( '', #8412, #8410, #8413, .T. );
#8037 = EDGE_CURVE( '', #8414, #8412, #8415, .T. );
#8038 = EDGE_CURVE( '', #8416, #8414, #8417, .T. );
#8039 = EDGE_CURVE( '', #8418, #8416, #8419, .T. );
#8040 = EDGE_CURVE( '', #8420, #8418, #8421, .T. );
#8041 = EDGE_CURVE( '', #8422, #8420, #8423, .T. );
#8042 = EDGE_CURVE( '', #8424, #8422, #8425, .T. );
#8043 = EDGE_CURVE( '', #8426, #8424, #8427, .T. );
#8044 = EDGE_CURVE( '', #8428, #8426, #8429, .T. );
#8045 = EDGE_CURVE( '', #8430, #8428, #8431, .T. );
#8046 = EDGE_CURVE( '', #8432, #8430, #8433, .T. );
#8047 = EDGE_CURVE( '', #8434, #8432, #8435, .T. );
#8048 = EDGE_CURVE( '', #8436, #8434, #8437, .T. );
#8049 = EDGE_CURVE( '', #8391, #8436, #8438, .T. );
#8050 = EDGE_CURVE( '', #8387, #8439, #8440, .T. );
#8051 = EDGE_CURVE( '', #8436, #8439, #8441, .T. );
#8052 = EDGE_CURVE( '', #8439, #8442, #8443, .T. );
#8053 = EDGE_CURVE( '', #8434, #8442, #8444, .T. );
#8054 = EDGE_CURVE( '', #8442, #8445, #8446, .T. );
#8055 = EDGE_CURVE( '', #8445, #8447, #8448, .T. );
#8056 = EDGE_CURVE( '', #8447, #8449, #8450, .T. );
#8057 = EDGE_CURVE( '', #8449, #8451, #8452, .T. );
#8058 = EDGE_CURVE( '', #8451, #8453, #8454, .T. );
#8059 = EDGE_CURVE( '', #8453, #8455, #8456, .T. );
#8060 = EDGE_CURVE( '', #8455, #8457, #8458, .T. );
#8061 = EDGE_CURVE( '', #8457, #8459, #8460, .T. );
#8062 = EDGE_CURVE( '', #8459, #8461, #8462, .T. );
#8063 = EDGE_CURVE( '', #8461, #8463, #8464, .T. );
#8064 = EDGE_CURVE( '', #8463, #8465, #8466, .T. );
#8065 = EDGE_CURVE( '', #8465, #8467, #8468, .T. );
#8066 = EDGE_CURVE( '', #8467, #8469, #8470, .T. );
#8067 = EDGE_CURVE( '', #8469, #8402, #8471, .T. );
#8068 = EDGE_CURVE( '', #8395, #8386, #8472, .T. );
#8069 = EDGE_CURVE( '', #8408, #8469, #8473, .T. );
#8070 = EDGE_CURVE( '', #8410, #8467, #8474, .T. );
#8071 = EDGE_CURVE( '', #8412, #8465, #8475, .T. );
#8072 = EDGE_CURVE( '', #8414, #8463, #8476, .T. );
#8073 = EDGE_CURVE( '', #8416, #8461, #8477, .T. );
#8074 = EDGE_CURVE( '', #8418, #8459, #8478, .T. );
#8075 = EDGE_CURVE( '', #8420, #8457, #8479, .T. );
#8076 = EDGE_CURVE( '', #8422, #8455, #8480, .T. );
#8077 = EDGE_CURVE( '', #8424, #8453, #8481, .T. );
#8078 = EDGE_CURVE( '', #8426, #8451, #8482, .T. );
#8079 = EDGE_CURVE( '', #8428, #8449, #8483, .T. );
#8080 = EDGE_CURVE( '', #8430, #8447, #8484, .T. );
#8081 = EDGE_CURVE( '', #8432, #8445, #8485, .T. );
#8082 = DIRECTION( '', ( 0.000000000000000, 0.000000000000000, 1.00000000000000 ) );
#8083 = DIRECTION( '', ( 0.000000000000000, 0.000000000000000, 1.00000000000000 ) );
#8084 = DIRECTION( '', ( 0.000000000000000, 0.000000000000000, 1.00000000000000 ) );
#8085 = DIRECTION( '', ( 0.000000000000000, 0.000000000000000, 1.00000000000000 ) );
#8086 = DIRECTION( '', ( 0.000000000000000, 0.000000000000000, 1.00000000000000 ) );
#8087 = DIRECTION( '', ( 0.000000000000000, 0.000000000000000, 1.00000000000000 ) );
#8088 = DIRECTION( '', ( 0.000000000000000, 0.000000000000000, 1.00000000000000 ) );
#8089 = DIRECTION( '', ( 0.000000000000000, 0.000000000000000, 1.00000000000000 ) );
#8090 = DIRECTION( '', ( 0.000000000000000, 0.000000000000000, 1.00000000000000 ) );
#8091 = DIRECTION( '', ( 0.000000000000000, 0.000000000000000, 1.00000000000000 ) );
#8092 = DIRECTION( '', ( 0.000000000000000, 0.000000000000000, 1.00000000000000 ) );
#8093 = DIRECTION( '', ( 0.000000000000000, 0.000000000000000, 1.00000000000000 ) );
#8094 = DIRECTION( '', ( -1.00000000000000, 0.000000000000000, 0.000000000000000 ) );
#8095 = DIRECTION( '', ( 0.000000000000000, 0.000000000000000, 1.00000000000000 ) );
#8096 = DIRECTION( '', ( -1.00000000000000, 0.000000000000000, 0.000000000000000 ) );
#8097 = DIRECTION( '', ( 0.000000000000000, 0.000000000000000, 1.00000000000000 ) );
#8098 = DIRECTION( '', ( 1.00000000000000, 0.000000000000000, 0.000000000000000 ) );
#8099 = DIRECTION( '', ( 0.000000000000000, 0.000000000000000, 1.00000000000000 ) );
#8100 = DIRECTION( '', ( 1.00000000000000, 0.000000000000000, 0.000000000000000 ) );
#8101 = DIRECTION( '', ( 0.000000000000000, 0.000000000000000, 1.00000000000000 ) );
#8102 = DIRECTION( '', ( 0.000000000000000, 0.000000000000000, 1.00000000000000 ) );
#8103 = DIRECTION( '', ( 0.000000000000000, 0.000000000000000, 1.00000000000000 ) );
#8104 = DIRECTION( '', ( 0.000000000000000, 0.000000000000000, 1.00000000000000 ) );
#8105 = DIRECTION( '', ( 0.000000000000000, 0.000000000000000, 1.00000000000000 ) );
#8106 = DIRECTION( '', ( 0.000000000000000, 0.000000000000000, 1.00000000000000 ) );
#8107 = DIRECTION( '', ( 0.000000000000000, 0.000000000000000, 1.00000000000000 ) );
#8108 = DIRECTION( '', ( 0.000000000000000, 0.000000000000000, 1.00000000000000 ) );
#8109 = DIRECTION( '', ( 0.000000000000000, 0.000000000000000, 1.00000000000000 ) );
#8110 = DIRECTION( '', ( 0.000000000000000, 0.000000000000000, 1.00000000000000 ) );
#8111 = DIRECTION( '', ( -1.00000000000000, 0.000000000000000, 0.000000000000000 ) );
#8112 = DIRECTION( '', ( 0.000000000000000, 0.000000000000000, 1.00000000000000 ) );
#8113 = DIRECTION( '', ( -1.00000000000000, 0.000000000000000, 0.000000000000000 ) );
#8114 = DIRECTION( '', ( 0.000000000000000, 0.000000000000000, 1.00000000000000 ) );
#8115 = DIRECTION( '', ( 0.000000000000000, 0.000000000000000, 1.00000000000000 ) );
#8116 = DIRECTION( '', ( 0.000000000000000, 0.000000000000000, 1.00000000000000 ) );
#8117 = DIRECTION( '', ( 0.000000000000000, 0.000000000000000, 1.00000000000000 ) );
#8118 = DIRECTION( '', ( 0.000000000000000, 0.000000000000000, 1.00000000000000 ) );
#8119 = DIRECTION( '', ( 0.000000000000000, 0.000000000000000, 1.00000000000000 ) );
#8120 = DIRECTION( '', ( 0.000000000000000, 0.000000000000000, 1.00000000000000 ) );
#8121 = DIRECTION( '', ( 0.000000000000000, 0.000000000000000, 1.00000000000000 ) );
#8122 = DIRECTION( '', ( 0.000000000000000, 0.000000000000000, 1.00000000000000 ) );
#8123 = DIRECTION( '', ( -0.503548846457895, -0.863966758174713, 0.000000000000000 ) );
#8124 = DIRECTION( '', ( 0.000000000000000, 0.000000000000000, 1.00000000000000 ) );
#8125 = DIRECTION( '', ( -0.503548846457895, -0.863966758174713, 0.000000000000000 ) );
#8126 = DIRECTION( '', ( 0.000000000000000, 0.000000000000000, 1.00000000000000 ) );
#8127 = DIRECTION( '', ( 0.000000000000000, 0.000000000000000, 1.00000000000000 ) );
#8128 = DIRECTION( '', ( -0.551256329818764, -0.834335938836837, 0.000000000000000 ) );
#8129 = DIRECTION( '', ( 0.000000000000000, 0.000000000000000, 1.00000000000000 ) );
#8130 = DIRECTION( '', ( -0.551256329818764, -0.834335938836837, 0.000000000000000 ) );
#8131 = DIRECTION( '', ( 0.000000000000000, 0.000000000000000, 1.00000000000000 ) );
#8132 = DIRECTION( '', ( 0.000000000000000, 0.000000000000000, 1.00000000000000 ) );
#8133 = DIRECTION( '', ( 1.00000000000000, 0.000000000000000, 0.000000000000000 ) );
#8134 = DIRECTION( '', ( 0.000000000000000, 0.000000000000000, 1.00000000000000 ) );
#8135 = DIRECTION( '', ( 1.00000000000000, 0.000000000000000, 0.000000000000000 ) );
#8136 = DIRECTION( '', ( 0.000000000000000, 0.000000000000000, 1.00000000000000 ) );
#8137 = DIRECTION( '', ( 0.000000000000000, 0.000000000000000, 1.00000000000000 ) );
#8138 = DIRECTION( '', ( -1.00000000000000, 0.000000000000000, 0.000000000000000 ) );
#8139 = DIRECTION( '', ( 0.000000000000000, 0.000000000000000, 1.00000000000000 ) );
#8140 = DIRECTION( '', ( -1.00000000000000, 0.000000000000000, 0.000000000000000 ) );
#8141 = DIRECTION( '', ( 0.000000000000000, 0.000000000000000, 1.00000000000000 ) );
#8142 = DIRECTION( '', ( -1.00000000000000, 0.000000000000000, 0.000000000000000 ) );
#8143 = DIRECTION( '', ( 0.000000000000000, 0.000000000000000, 1.00000000000000 ) );
#8144 = DIRECTION( '', ( -1.00000000000000, 0.000000000000000, 0.000000000000000 ) );
#8145 = DIRECTION( '', ( 0.000000000000000, 0.000000000000000, 1.00000000000000 ) );
#8146 = DIRECTION( '', ( 0.000000000000000, 0.000000000000000, 1.00000000000000 ) );
#8147 = DIRECTION( '', ( 0.000000000000000, 0.000000000000000, 1.00000000000000 ) );
#8148 = DIRECTION( '', ( 0.000000000000000, 0.000000000000000, 1.00000000000000 ) );
#8149 = DIRECTION( '', ( 0.000000000000000, 0.000000000000000, 1.00000000000000 ) );
#8150 = DIRECTION( '', ( 0.000000000000000, 0.000000000000000, 1.00000000000000 ) );
#8151 = DIRECTION( '', ( 0.000000000000000, 0.000000000000000, 1.00000000000000 ) );
#8152 = DIRECTION( '', ( 0.000000000000000, 0.000000000000000, 1.00000000000000 ) );
#8153 = DIRECTION( '', ( 0.507261555133473, 0.861792152832439, 0.000000000000000 ) );
#8154 = DIRECTION( '', ( 0.000000000000000, 0.000000000000000, 1.00000000000000 ) );
#8155 = DIRECTION( '', ( 0.507261555133473, 0.861792152832439, 0.000000000000000 ) );
#8156 = DIRECTION( '', ( 0.000000000000000, 0.000000000000000, 1.00000000000000 ) );
#8157 = DIRECTION( '', ( 0.000000000000000, 0.000000000000000, 1.00000000000000 ) );
#8158 = DIRECTION( '', ( 0.000000000000000, 0.000000000000000, 1.00000000000000 ) );
#8159 = DIRECTION( '', ( 0.000000000000000, 0.000000000000000, 1.00000000000000 ) );
#8160 = DIRECTION( '', ( 0.000000000000000, 0.000000000000000, 1.00000000000000 ) );
#8161 = DIRECTION( '', ( 1.00000000000000, 0.000000000000000, 0.000000000000000 ) );
#8162 = DIRECTION( '', ( 0.000000000000000, 0.000000000000000, 1.00000000000000 ) );
#8163 = DIRECTION( '', ( 1.00000000000000, 0.000000000000000, 0.000000000000000 ) );
#8164 = DIRECTION( '', ( 0.000000000000000, 0.000000000000000, 1.00000000000000 ) );
#8165 = DIRECTION( '', ( 0.000000000000000, 0.000000000000000, 1.00000000000000 ) );
#8166 = DIRECTION( '', ( 0.000000000000000, 0.000000000000000, 1.00000000000000 ) );
#8167 = DIRECTION( '', ( 0.000000000000000, 0.000000000000000, 1.00000000000000 ) );
#8168 = DIRECTION( '', ( 0.000000000000000, 0.000000000000000, 1.00000000000000 ) );
#8169 = DIRECTION( '', ( 0.000000000000000, 0.000000000000000, 1.00000000000000 ) );
#8170 = DIRECTION( '', ( 0.000000000000000, 1.00000000000000, 0.000000000000000 ) );
#8171 = DIRECTION( '', ( -1.00000000000000, 0.000000000000000, 0.000000000000000 ) );
#8172 = DIRECTION( '', ( 0.0520173001480331, -0.998646183833548, 0.000000000000000 ) );
#8173 = DIRECTION( '', ( 0.000000000000000, 0.000000000000000, 1.00000000000000 ) );
#8174 = DIRECTION( '', ( 0.000000000000000, 0.000000000000000, 1.00000000000000 ) );
#8175 = DIRECTION( '', ( 0.000000000000000, 0.000000000000000, 1.00000000000000 ) );
#8176 = DIRECTION( '', ( 0.000000000000000, 0.000000000000000, 1.00000000000000 ) );
#8177 = DIRECTION( '', ( 0.000000000000000, 0.000000000000000, 1.00000000000000 ) );
#8178 = DIRECTION( '', ( 0.000000000000000, 0.000000000000000, 1.00000000000000 ) );
#8179 = DIRECTION( '', ( 0.000000000000000, 0.000000000000000, 1.00000000000000 ) );
#8180 = DIRECTION( '', ( -0.505523561430525, -0.862812800576462, 0.000000000000000 ) );
#8181 = DIRECTION( '', ( 0.000000000000000, 0.000000000000000, 1.00000000000000 ) );
#8182 = DIRECTION( '', ( -0.505523561430525, -0.862812800576462, 0.000000000000000 ) );
#8183 = DIRECTION( '', ( 1.00000000000000, 0.000000000000000, 0.000000000000000 ) );
#8184 = DIRECTION( '', ( 0.000000000000000, 0.000000000000000, 1.00000000000000 ) );
#8185 = DIRECTION( '', ( 1.00000000000000, 0.000000000000000, 0.000000000000000 ) );
#8186 = DIRECTION( '', ( 0.000000000000000, 0.000000000000000, 1.00000000000000 ) );
#8187 = DIRECTION( '', ( 1.00000000000000, 0.000000000000000, 0.000000000000000 ) );
#8188 = DIRECTION( '', ( 0.000000000000000, 0.000000000000000, 1.00000000000000 ) );
#8189 = DIRECTION( '', ( 1.00000000000000, 0.000000000000000, 0.000000000000000 ) );
#8190 = DIRECTION( '', ( 0.000000000000000, 0.000000000000000, 1.00000000000000 ) );
#8191 = DIRECTION( '', ( -1.00000000000000, 0.000000000000000, 0.000000000000000 ) );
#8192 = DIRECTION( '', ( 0.000000000000000, 0.000000000000000, 1.00000000000000 ) );
#8193 = DIRECTION( '', ( -1.00000000000000, 0.000000000000000, 0.000000000000000 ) );
#8194 = DIRECTION( '', ( 0.000000000000000, 0.000000000000000, 1.00000000000000 ) );
#8195 = DIRECTION( '', ( 0.000000000000000, 0.000000000000000, 1.00000000000000 ) );
#8196 = DIRECTION( '', ( 0.000000000000000, 1.00000000000000, 0.000000000000000 ) );
#8197 = DIRECTION( '', ( 0.0520396414318698, -0.998645019874251, 0.000000000000000 ) );
#8198 = DIRECTION( '', ( 0.999999998582620, -5.32424661174757E-005, 0.000000000000000 ) );
#8199 = DIRECTION( '', ( -1.00000000000000, 0.000000000000000, 0.000000000000000 ) );
#8200 = DIRECTION( '', ( 0.000000000000000, 0.000000000000000, 1.00000000000000 ) );
#8201 = DIRECTION( '', ( 0.000000000000000, 0.000000000000000, 1.00000000000000 ) );
#8202 = DIRECTION( '', ( 0.507254689190443, 0.861796194174880, 0.000000000000000 ) );
#8203 = DIRECTION( '', ( 0.519661496168013, 0.854372242878022, 0.000000000000000 ) );
#8204 = DIRECTION( '', ( -1.00000000000000, 0.000000000000000, 0.000000000000000 ) );
#8205 = DIRECTION( '', ( 0.504988503037564, 0.863126069470666, 0.000000000000000 ) );
#8206 = DIRECTION( '', ( 1.00000000000000, 0.000000000000000, 0.000000000000000 ) );
#8207 = DIRECTION( '', ( 0.509202702893944, 0.860646621654615, 0.000000000000000 ) );
#8208 = DIRECTION( '', ( 1.00000000000000, 0.000000000000000, 0.000000000000000 ) );
#8209 = DIRECTION( '', ( 0.000000000000000, 1.00000000000000, 0.000000000000000 ) );
#8210 = DIRECTION( '', ( 0.999999998582620, -5.32424661174757E-005, 0.000000000000000 ) );
#8211 = DIRECTION( '', ( 0.0520396414318698, -0.998645019874251, 0.000000000000000 ) );
#8212 = DIRECTION( '', ( 0.000000000000000, 1.00000000000000, 0.000000000000000 ) );
#8213 = DIRECTION( '', ( 0.0520173001480331, -0.998646183833548, 0.000000000000000 ) );
#8214 = DIRECTION( '', ( 0.000000000000000, -1.00000000000000, 0.000000000000000 ) );
#8215 = DIRECTION( '', ( 1.00000000000000, 6.02334540269725E-017, 0.000000000000000 ) );
#8216 = DIRECTION( '', ( 0.000000000000000, 1.00000000000000, 0.000000000000000 ) );
#8217 = DIRECTION( '', ( -1.00000000000000, 6.02334540269725E-017, 0.000000000000000 ) );
#8218 = DIRECTION( '', ( 0.000000000000000, 1.00000000000000, 0.000000000000000 ) );
#8219 = DIRECTION( '', ( 1.00000000000000, 0.000000000000000, 0.000000000000000 ) );
#8220 = DIRECTION( '', ( 0.0520173001480316, -0.998646183833549, 0.000000000000000 ) );
#8221 = DIRECTION( '', ( -1.00000000000000, 0.000000000000000, 0.000000000000000 ) );
#8222 = DIRECTION( '', ( -0.0520731194826537, 0.998643274761987, 0.000000000000000 ) );
#8223 = DIRECTION( '', ( 0.0472575567111538, -0.998882737529132, 0.000000000000000 ) );
#8224 = DIRECTION( '', ( 0.583264946769655, 0.812281971897562, 0.000000000000000 ) );
#8225 = DIRECTION( '', ( 0.170573603889971, -0.985344937398060, 0.000000000000000 ) );
#8226 = DIRECTION( '', ( 0.512281584109716, 0.858817546736232, 0.000000000000000 ) );
#8227 = DIRECTION( '', ( -0.141458864167965, 0.989944134660289, 0.000000000000000 ) );
#8228 = DIRECTION( '', ( 0.000000000000000, 0.000000000000000, 1.00000000000000 ) );
#8229 = DIRECTION( '', ( 0.000000000000000, 0.000000000000000, 1.00000000000000 ) );
#8230 = DIRECTION( '', ( 0.519661496168013, 0.854372242878022, 0.000000000000000 ) );
#8231 = DIRECTION( '', ( 0.000000000000000, 0.000000000000000, 1.00000000000000 ) );
#8232 = DIRECTION( '', ( 0.000000000000000, 0.000000000000000, 1.00000000000000 ) );
#8233 = DIRECTION( '', ( 0.0520173001480316, -0.998646183833549, 0.000000000000000 ) );
#8234 = DIRECTION( '', ( 0.000000000000000, 0.000000000000000, 1.00000000000000 ) );
#8235 = DIRECTION( '', ( 0.000000000000000, 0.000000000000000, 1.00000000000000 ) );
#8236 = DIRECTION( '', ( 0.000000000000000, 0.000000000000000, 1.00000000000000 ) );
#8237 = DIRECTION( '', ( -0.141458864167965, 0.989944134660289, 0.000000000000000 ) );
#8238 = DIRECTION( '', ( 0.000000000000000, 0.000000000000000, 1.00000000000000 ) );
#8239 = DIRECTION( '', ( 0.000000000000000, 0.000000000000000, 1.00000000000000 ) );
#8240 = DIRECTION( '', ( 0.000000000000000, 0.000000000000000, 1.00000000000000 ) );
#8241 = DIRECTION( '', ( 0.000000000000000, 0.000000000000000, 1.00000000000000 ) );
#8242 = DIRECTION( '', ( 0.000000000000000, 0.000000000000000, 1.00000000000000 ) );
#8243 = DIRECTION( '', ( 0.000000000000000, 0.000000000000000, 1.00000000000000 ) );
#8244 = DIRECTION( '', ( 0.000000000000000, 0.000000000000000, 1.00000000000000 ) );
#8245 = DIRECTION( '', ( 0.000000000000000, 0.000000000000000, 1.00000000000000 ) );
#8246 = DIRECTION( '', ( 0.000000000000000, 0.000000000000000, 1.00000000000000 ) );
#8247 = DIRECTION( '', ( 0.000000000000000, 0.000000000000000, 1.00000000000000 ) );
#8248 = DIRECTION( '', ( 0.000000000000000, 0.000000000000000, 1.00000000000000 ) );
#8249 = DIRECTION( '', ( 0.000000000000000, 0.000000000000000, 1.00000000000000 ) );
#8250 = DIRECTION( '', ( 0.000000000000000, 0.000000000000000, 1.00000000000000 ) );
#8251 = DIRECTION( '', ( -1.00000000000000, 6.02334540269725E-017, 0.000000000000000 ) );
#8252 = DIRECTION( '', ( 0.000000000000000, 0.000000000000000, -1.00000000000000 ) );
#8253 = DIRECTION( '', ( 0.000000000000000, 0.000000000000000, -1.00000000000000 ) );
#8254 = DIRECTION( '', ( 0.000000000000000, 0.000000000000000, 1.00000000000000 ) );
#8255 = DIRECTION( '', ( 0.000000000000000, 0.000000000000000, 1.00000000000000 ) );
#8256 = DIRECTION( '', ( 0.000000000000000, 0.000000000000000, 1.00000000000000 ) );
#8257 = DIRECTION( '', ( 0.000000000000000, 0.000000000000000, 1.00000000000000 ) );
#8258 = DIRECTION( '', ( 0.000000000000000, -1.00000000000000, 0.000000000000000 ) );
#8259 = DIRECTION( '', ( 0.000000000000000, 1.00000000000000, 0.000000000000000 ) );
#8260 = DIRECTION( '', ( 1.00000000000000, 6.02334540269725E-017, 0.000000000000000 ) );
#8261 = DIRECTION( '', ( 0.000000000000000, 0.000000000000000, 1.00000000000000 ) );
#8262 = DIRECTION( '', ( 0.583264946769655, 0.812281971897562, 0.000000000000000 ) );
#8263 = DIRECTION( '', ( 0.000000000000000, 0.000000000000000, -1.00000000000000 ) );
#8264 = DIRECTION( '', ( 0.000000000000000, 0.000000000000000, 1.00000000000000 ) );
#8265 = DIRECTION( '', ( 0.000000000000000, 0.000000000000000, 1.00000000000000 ) );
#8266 = DIRECTION( '', ( 0.170573603889971, -0.985344937398060, 0.000000000000000 ) );
#8267 = DIRECTION( '', ( 0.000000000000000, 0.000000000000000, 1.00000000000000 ) );
#8268 = DIRECTION( '', ( 0.000000000000000, 0.000000000000000, 1.00000000000000 ) );
#8269 = DIRECTION( '', ( 1.00000000000000, 0.000000000000000, 0.000000000000000 ) );
#8270 = DIRECTION( '', ( 0.000000000000000, 0.000000000000000, 1.00000000000000 ) );
#8271 = DIRECTION( '', ( 0.000000000000000, 0.000000000000000, 1.00000000000000 ) );
#8272 = DIRECTION( '', ( 0.000000000000000, 0.000000000000000, 1.00000000000000 ) );
#8273 = DIRECTION( '', ( 0.000000000000000, 0.000000000000000, -1.00000000000000 ) );
#8274 = DIRECTION( '', ( 0.000000000000000, 0.000000000000000, 1.00000000000000 ) );
#8275 = DIRECTION( '', ( 0.000000000000000, 0.000000000000000, 1.00000000000000 ) );
#8276 = DIRECTION( '', ( 0.000000000000000, 0.000000000000000, 1.00000000000000 ) );
#8277 = DIRECTION( '', ( 0.000000000000000, 1.00000000000000, 0.000000000000000 ) );
#8278 = DIRECTION( '', ( 1.00000000000000, 0.000000000000000, 0.000000000000000 ) );
#8279 = DIRECTION( '', ( 0.000000000000000, 0.000000000000000, 1.00000000000000 ) );
#8280 = DIRECTION( '', ( 0.000000000000000, 0.000000000000000, 1.00000000000000 ) );
#8281 = DIRECTION( '', ( 0.000000000000000, 0.000000000000000, 1.00000000000000 ) );
#8282 = DIRECTION( '', ( 0.000000000000000, 0.000000000000000, 1.00000000000000 ) );
#8283 = DIRECTION( '', ( 0.000000000000000, 0.000000000000000, 1.00000000000000 ) );
#8284 = DIRECTION( '', ( 0.000000000000000, 0.000000000000000, 1.00000000000000 ) );
#8285 = DIRECTION( '', ( -1.00000000000000, 0.000000000000000, 0.000000000000000 ) );
#8286 = DIRECTION( '', ( 0.000000000000000, 0.000000000000000, 1.00000000000000 ) );
#8287 = DIRECTION( '', ( 0.000000000000000, 0.000000000000000, 1.00000000000000 ) );
#8288 = DIRECTION( '', ( 0.504988503037564, 0.863126069470666, 0.000000000000000 ) );
#8289 = DIRECTION( '', ( 0.000000000000000, 0.000000000000000, 1.00000000000000 ) );
#8290 = DIRECTION( '', ( 0.000000000000000, 0.000000000000000, 1.00000000000000 ) );
#8291 = DIRECTION( '', ( -0.0520731194826537, 0.998643274761987, 0.000000000000000 ) );
#8292 = DIRECTION( '', ( 0.000000000000000, 0.000000000000000, 1.00000000000000 ) );
#8293 = DIRECTION( '', ( 0.000000000000000, 0.000000000000000, 1.00000000000000 ) );
#8294 = DIRECTION( '', ( 0.000000000000000, 0.000000000000000, 1.00000000000000 ) );
#8295 = DIRECTION( '', ( 0.0472575567111538, -0.998882737529132, 0.000000000000000 ) );
#8296 = DIRECTION( '', ( 0.000000000000000, 0.000000000000000, 1.00000000000000 ) );
#8297 = DIRECTION( '', ( 0.000000000000000, 0.000000000000000, 1.00000000000000 ) );
#8298 = DIRECTION( '', ( 0.512281584109716, 0.858817546736232, 0.000000000000000 ) );
#8299 = DIRECTION( '', ( 0.000000000000000, 0.000000000000000, 1.00000000000000 ) );
#8300 = DIRECTION( '', ( 0.509202702893944, 0.860646621654615, 0.000000000000000 ) );
#8301 = DIRECTION( '', ( 1.00000000000000, 0.000000000000000, 0.000000000000000 ) );
#8302 = DIRECTION( '', ( 0.507254689190443, 0.861796194174880, 0.000000000000000 ) );
#8303 = DIRECTION( '', ( -1.00000000000000, 0.000000000000000, 0.000000000000000 ) );
#8304 = DIRECTION( '', ( 0.000000000000000, 0.000000000000000, 1.00000000000000 ) );
#8305 = DIRECTION( '', ( 0.000000000000000, 0.000000000000000, 1.00000000000000 ) );
#8306 = VERTEX_POINT( '', #8486 );
#8307 = VERTEX_POINT( '', #8487 );
#8308 = LINE( '', #8488, #8489 );
#8309 = VERTEX_POINT( '', #8490 );
#8310 = LINE( '', #8491, #8492 );
#8311 = VERTEX_POINT( '', #8493 );
#8312 = LINE( '', #8494, #8495 );
#8313 = LINE( '', #8496, #8497 );
#8314 = VERTEX_POINT( '', #8498 );
#8315 = VERTEX_POINT( '', #8499 );
#8316 = LINE( '', #8500, #8501 );
#8317 = VERTEX_POINT( '', #8502 );
#8318 = LINE( '', #8503, #8504 );
#8319 = VERTEX_POINT( '', #8505 );
#8320 = LINE( '', #8506, #8507 );
#8321 = LINE( '', #8508, #8509 );
#8322 = VERTEX_POINT( '', #8510 );
#8323 = VERTEX_POINT( '', #8511 );
#8324 = LINE( '', #8512, #8513 );
#8325 = VERTEX_POINT( '', #8514 );
#8326 = LINE( '', #8515, #8516 );
#8327 = VERTEX_POINT( '', #8517 );
#8328 = LINE( '', #8518, #8519 );
#8329 = LINE( '', #8520, #8521 );
#8330 = VERTEX_POINT( '', #8522 );
#8331 = VERTEX_POINT( '', #8523 );
#8332 = LINE( '', #8524, #8525 );
#8333 = LINE( '', #8526, #8527 );
#8334 = LINE( '', #8528, #8529 );
#8335 = VERTEX_POINT( '', #8530 );
#8336 = LINE( '', #8531, #8532 );
#8337 = VERTEX_POINT( '', #8533 );
#8338 = LINE( '', #8534, #8535 );
#8339 = VERTEX_POINT( '', #8536 );
#8340 = LINE( '', #8537, #8538 );
#8341 = VERTEX_POINT( '', #8539 );
#8342 = LINE( '', #8540, #8541 );
#8343 = VERTEX_POINT( '', #8542 );
#8344 = LINE( '', #8543, #8544 );
#8345 = VERTEX_POINT( '', #8545 );
#8346 = LINE( '', #8546, #8547 );
#8347 = LINE( '', #8548, #8549 );
#8348 = VERTEX_POINT( '', #8550 );
#8349 = LINE( '', #8551, #8552 );
#8350 = LINE( '', #8553, #8554 );
#8351 = VERTEX_POINT( '', #8555 );
#8352 = LINE( '', #8556, #8557 );
#8353 = LINE( '', #8558, #8559 );
#8354 = VERTEX_POINT( '', #8560 );
#8355 = LINE( '', #8561, #8562 );
#8356 = VERTEX_POINT( '', #8563 );
#8357 = LINE( '', #8564, #8565 );
#8358 = LINE( '', #8566, #8567 );
#8359 = VERTEX_POINT( '', #8568 );
#8360 = LINE( '', #8569, #8570 );
#8361 = VERTEX_POINT( '', #8571 );
#8362 = LINE( '', #8572, #8573 );
#8363 = VERTEX_POINT( '', #8574 );
#8364 = LINE( '', #8575, #8576 );
#8365 = VERTEX_POINT( '', #8577 );
#8366 = LINE( '', #8578, #8579 );
#8367 = VERTEX_POINT( '', #8580 );
#8368 = LINE( '', #8581, #8582 );
#8369 = LINE( '', #8583, #8584 );
#8370 = LINE( '', #8585, #8586 );
#8371 = VERTEX_POINT( '', #8587 );
#8372 = LINE( '', #8588, #8589 );
#8373 = LINE( '', #8590, #8591 );
#8374 = LINE( '', #8592, #8593 );
#8375 = VERTEX_POINT( '', #8594 );
#8376 = LINE( '', #8595, #8596 );
#8377 = VERTEX_POINT( '', #8597 );
#8378 = LINE( '', #8598, #8599 );
#8379 = LINE( '', #8600, #8601 );
#8380 = LINE( '', #8602, #8603 );
#8381 = LINE( '', #8604, #8605 );
#8382 = LINE( '', #8606, #8607 );
#8383 = LINE( '', #8608, #8609 );
#8384 = LINE( '', #8610, #8611 );
#8385 = LINE( '', #8612, #8613 );
#8386 = VERTEX_POINT( '', #8614 );
#8387 = VERTEX_POINT( '', #8615 );
#8388 = CIRCLE( '', #8616, 0.600000000000000 );
#8389 = VERTEX_POINT( '', #8617 );
#8390 = LINE( '', #8618, #8619 );
#8391 = VERTEX_POINT( '', #8620 );
#8392 = CIRCLE( '', #8621, 0.600000000000000 );
#8393 = LINE( '', #8622, #8623 );
#8394 = VERTEX_POINT( '', #8624 );
#8395 = VERTEX_POINT( '', #8625 );
#8396 = CIRCLE( '', #8626, 0.600000000000000 );
#8397 = VERTEX_POINT( '', #8627 );
#8398 = LINE( '', #8628, #8629 );
#8399 = VERTEX_POINT( '', #8630 );
#8400 = CIRCLE( '', #8631, 0.600000000000000 );
#8401 = LINE( '', #8632, #8633 );
#8402 = VERTEX_POINT( '', #8634 );
#8403 = LINE( '', #8635, #8636 );
#8404 = VERTEX_POINT( '', #8637 );
#8405 = LINE( '', #8638, #8639 );
#8406 = LINE( '', #8640, #8641 );
#8407 = LINE( '', #8642, #8643 );
#8408 = VERTEX_POINT( '', #8644 );
#8409 = LINE( '', #8645, #8646 );
#8410 = VERTEX_POINT( '', #8647 );
#8411 = LINE( '', #8648, #8649 );
#8412 = VERTEX_POINT( '', #8650 );
#8413 = CIRCLE( '', #8651, 0.200000000000000 );
#8414 = VERTEX_POINT( '', #8652 );
#8415 = LINE( '', #8653, #8654 );
#8416 = VERTEX_POINT( '', #8655 );
#8417 = CIRCLE( '', #8656, 0.200000000000000 );
#8418 = VERTEX_POINT( '', #8657 );
#8419 = LINE( '', #8658, #8659 );
#8420 = VERTEX_POINT( '', #8660 );
#8421 = CIRCLE( '', #8661, 0.200000000000000 );
#8422 = VERTEX_POINT( '', #8662 );
#8423 = LINE( '', #8663, #8664 );
#8424 = VERTEX_POINT( '', #8665 );
#8425 = CIRCLE( '', #8666, 0.200000000000000 );
#8426 = VERTEX_POINT( '', #8667 );
#8427 = LINE( '', #8668, #8669 );
#8428 = VERTEX_POINT( '', #8670 );
#8429 = LINE( '', #8671, #8672 );
#8430 = VERTEX_POINT( '', #8673 );
#8431 = LINE( '', #8674, #8675 );
#8432 = VERTEX_POINT( '', #8676 );
#8433 = CIRCLE( '', #8677, 0.600000000000000 );
#8434 = VERTEX_POINT( '', #8678 );
#8435 = LINE( '', #8679, #8680 );
#8436 = VERTEX_POINT( '', #8681 );
#8437 = CIRCLE( '', #8682, 0.600000000000000 );
#8438 = LINE( '', #8683, #8684 );
#8439 = VERTEX_POINT( '', #8685 );
#8440 = LINE( '', #8686, #8687 );
#8441 = LINE( '', #8688, #8689 );
#8442 = VERTEX_POINT( '', #8690 );
#8443 = CIRCLE( '', #8691, 0.600000000000000 );
#8444 = LINE( '', #8692, #8693 );
#8445 = VERTEX_POINT( '', #8694 );
#8446 = LINE( '', #8695, #8696 );
#8447 = VERTEX_POINT( '', #8697 );
#8448 = CIRCLE( '', #8698, 0.600000000000000 );
#8449 = VERTEX_POINT( '', #8699 );
#8450 = LINE( '', #8700, #8701 );
#8451 = VERTEX_POINT( '', #8702 );
#8452 = LINE( '', #8703, #8704 );
#8453 = VERTEX_POINT( '', #8705 );
#8454 = LINE( '', #8706, #8707 );
#8455 = VERTEX_POINT( '', #8708 );
#8456 = CIRCLE( '', #8709, 0.200000000000000 );
#8457 = VERTEX_POINT( '', #8710 );
#8458 = LINE( '', #8711, #8712 );
#8459 = VERTEX_POINT( '', #8713 );
#8460 = CIRCLE( '', #8714, 0.200000000000000 );
#8461 = VERTEX_POINT( '', #8715 );
#8462 = LINE( '', #8716, #8717 );
#8463 = VERTEX_POINT( '', #8718 );
#8464 = CIRCLE( '', #8719, 0.200000000000000 );
#8465 = VERTEX_POINT( '', #8720 );
#8466 = LINE( '', #8721, #8722 );
#8467 = VERTEX_POINT( '', #8723 );
#8468 = CIRCLE( '', #8724, 0.200000000000000 );
#8469 = VERTEX_POINT( '', #8725 );
#8470 = LINE( '', #8726, #8727 );
#8471 = LINE( '', #8728, #8729 );
#8472 = LINE( '', #8730, #8731 );
#8473 = LINE( '', #8732, #8733 );
#8474 = LINE( '', #8734, #8735 );
#8475 = LINE( '', #8736, #8737 );
#8476 = LINE( '', #8738, #8739 );
#8477 = LINE( '', #8740, #8741 );
#8478 = LINE( '', #8742, #8743 );
#8479 = LINE( '', #8744, #8745 );
#8480 = LINE( '', #8746, #8747 );
#8481 = LINE( '', #8748, #8749 );
#8482 = LINE( '', #8750, #8751 );
#8483 = LINE( '', #8752, #8753 );
#8484 = LINE( '', #8754, #8755 );
#8485 = LINE( '', #8756, #8757 );
#8486 = CARTESIAN_POINT( '', ( -1.20000000000000, 3.60000000000000, 0.000000000000000 ) );
#8487 = CARTESIAN_POINT( '', ( -3.60000000000000, 3.60000000000000, 0.000000000000000 ) );
#8488 = CARTESIAN_POINT( '', ( 3.60000000000000, 3.60000000000000, 0.000000000000000 ) );
#8489 = VECTOR( '', #8758, 1000.00000000000 );
#8490 = CARTESIAN_POINT( '', ( -1.20000000000000, 3.60000000000000, -3.70000000000000 ) );
#8491 = CARTESIAN_POINT( '', ( -1.20000000000000, 3.60000000000000, -3.70000000000000 ) );
#8492 = VECTOR( '', #8759, 1000.00000000000 );
#8493 = CARTESIAN_POINT( '', ( -3.60000000000000, 3.60000000000000, -3.70000000000000 ) );
#8494 = CARTESIAN_POINT( '', ( 3.60000000000000, 3.60000000000000, -3.70000000000000 ) );
#8495 = VECTOR( '', #8760, 1000.00000000000 );
#8496 = CARTESIAN_POINT( '', ( -3.60000000000000, 3.60000000000000, -3.70000000000000 ) );
#8497 = VECTOR( '', #8761, 1000.00000000000 );
#8498 = CARTESIAN_POINT( '', ( -1.20000000000000, -3.30000000000000, -0.700000000000000 ) );
#8499 = CARTESIAN_POINT( '', ( -1.20000000000000, -3.10000000000000, -0.500000000000000 ) );
#8500 = CARTESIAN_POINT( '', ( -1.20000000000000, -3.10000000000000, -0.500000000000000 ) );
#8501 = VECTOR( '', #8762, 1000.00000000000 );
#8502 = CARTESIAN_POINT( '', ( 1.20000000000000, -3.30000000000000, -0.700000000000000 ) );
#8503 = CARTESIAN_POINT( '', ( -1.20000000000000, -3.30000000000000, -0.700000000000000 ) );
#8504 = VECTOR( '', #8763, 1000.00000000000 );
#8505 = CARTESIAN_POINT( '', ( 1.20000000000000, -3.10000000000000, -0.500000000000000 ) );
#8506 = CARTESIAN_POINT( '', ( 1.20000000000000, -3.10000000000000, -0.500000000000000 ) );
#8507 = VECTOR( '', #8764, 1000.00000000000 );
#8508 = CARTESIAN_POINT( '', ( -1.20000000000000, -3.10000000000000, -0.500000000000000 ) );
#8509 = VECTOR( '', #8765, 1000.00000000000 );
#8510 = CARTESIAN_POINT( '', ( 1.20000000000000, 3.60000000000000, 3.25260651745652E-016 ) );
#8511 = CARTESIAN_POINT( '', ( 1.20000000000000, 3.60000000000000, -3.70000000000000 ) );
#8512 = CARTESIAN_POINT( '', ( 1.20000000000000, 3.60000000000000, -3.70000000000000 ) );
#8513 = VECTOR( '', #8766, 1000.00000000000 );
#8514 = CARTESIAN_POINT( '', ( 3.60000000000000, 3.60000000000000, 0.000000000000000 ) );
#8515 = CARTESIAN_POINT( '', ( 3.60000000000000, 3.60000000000000, 0.000000000000000 ) );
#8516 = VECTOR( '', #8767, 1000.00000000000 );
#8517 = CARTESIAN_POINT( '', ( 3.60000000000000, 3.60000000000000, -3.70000000000000 ) );
#8518 = CARTESIAN_POINT( '', ( 3.60000000000000, 3.60000000000000, -3.70000000000000 ) );
#8519 = VECTOR( '', #8768, 1000.00000000000 );
#8520 = CARTESIAN_POINT( '', ( 3.60000000000000, 3.60000000000000, -3.70000000000000 ) );
#8521 = VECTOR( '', #8769, 1000.00000000000 );
#8522 = CARTESIAN_POINT( '', ( 1.20000000000000, -3.60000000000000, 3.25260651745652E-016 ) );
#8523 = CARTESIAN_POINT( '', ( 1.20000000000000, -3.60000000000000, -3.70000000000000 ) );
#8524 = CARTESIAN_POINT( '', ( 1.20000000000000, -3.60000000000000, -3.70000000000000 ) );
#8525 = VECTOR( '', #8770, 1000.00000000000 );
#8526 = CARTESIAN_POINT( '', ( 1.20000000000000, -3.60000000000000, 0.000000000000000 ) );
#8527 = VECTOR( '', #8771, 1000.00000000000 );
#8528 = CARTESIAN_POINT( '', ( 1.20000000000000, -3.60000000000000, -3.70000000000000 ) );
#8529 = VECTOR( '', #8772, 1000.00000000000 );
#8530 = CARTESIAN_POINT( '', ( 1.20000000000000, -3.30000000000000, -3.30000000000000 ) );
#8531 = CARTESIAN_POINT( '', ( 1.20000000000000, -3.30000000000000, -10.9004587059444 ) );
#8532 = VECTOR( '', #8773, 1000.00000000000 );
#8533 = CARTESIAN_POINT( '', ( 1.20000000000000, -3.10000000000000, -3.50000000000000 ) );
#8534 = CARTESIAN_POINT( '', ( 1.20000000000000, -3.10000000000000, -3.50000000000000 ) );
#8535 = VECTOR( '', #8774, 1000.00000000000 );
#8536 = CARTESIAN_POINT( '', ( 1.20000000000000, 3.10000000000000, -3.50000000000000 ) );
#8537 = CARTESIAN_POINT( '', ( 1.20000000000000, -10.8337435819757, -3.50000000000000 ) );
#8538 = VECTOR( '', #8775, 1000.00000000000 );
#8539 = CARTESIAN_POINT( '', ( 1.20000000000000, 3.30000000000000, -3.30000000000000 ) );
#8540 = CARTESIAN_POINT( '', ( 1.20000000000000, 3.30000000000000, -3.30000000000000 ) );
#8541 = VECTOR( '', #8776, 1000.00000000000 );
#8542 = CARTESIAN_POINT( '', ( 1.20000000000000, 3.30000000000000, -0.700000000000000 ) );
#8543 = CARTESIAN_POINT( '', ( 1.20000000000000, 3.30000000000000, -10.9004587059444 ) );
#8544 = VECTOR( '', #8777, 1000.00000000000 );
#8545 = CARTESIAN_POINT( '', ( 1.20000000000000, 3.10000000000000, -0.500000000000000 ) );
#8546 = CARTESIAN_POINT( '', ( 1.20000000000000, 3.30000000000000, -0.700000000000000 ) );
#8547 = VECTOR( '', #8778, 1000.00000000000 );
#8548 = CARTESIAN_POINT( '', ( 1.20000000000000, -10.8337435819757, -0.500000000000000 ) );
#8549 = VECTOR( '', #8779, 1000.00000000000 );
#8550 = CARTESIAN_POINT( '', ( 3.60000000000000, -3.60000000000000, 0.000000000000000 ) );
#8551 = CARTESIAN_POINT( '', ( -3.60000000000000, -3.60000000000000, 0.000000000000000 ) );
#8552 = VECTOR( '', #8780, 1000.00000000000 );
#8553 = CARTESIAN_POINT( '', ( 3.60000000000000, -3.60000000000000, 0.000000000000000 ) );
#8554 = VECTOR( '', #8781, 1000.00000000000 );
#8555 = CARTESIAN_POINT( '', ( -1.20000000000000, -3.30000000000000, -3.30000000000000 ) );
#8556 = CARTESIAN_POINT( '', ( -1.20000000000000, -3.30000000000000, -10.9004587059444 ) );
#8557 = VECTOR( '', #8782, 1000.00000000000 );
#8558 = CARTESIAN_POINT( '', ( -1.20000000000000, -3.30000000000000, -3.30000000000000 ) );
#8559 = VECTOR( '', #8783, 1000.00000000000 );
#8560 = CARTESIAN_POINT( '', ( -1.20000000000000, -3.60000000000000, -3.70000000000000 ) );
#8561 = CARTESIAN_POINT( '', ( -1.20000000000000, -3.60000000000000, -3.70000000000000 ) );
#8562 = VECTOR( '', #8784, 1000.00000000000 );
#8563 = CARTESIAN_POINT( '', ( -1.20000000000000, -3.60000000000000, 0.000000000000000 ) );
#8564 = CARTESIAN_POINT( '', ( -1.20000000000000, -3.60000000000000, 0.000000000000000 ) );
#8565 = VECTOR( '', #8785, 1000.00000000000 );
#8566 = CARTESIAN_POINT( '', ( -1.20000000000000, -3.60000000000000, -3.70000000000000 ) );
#8567 = VECTOR( '', #8786, 1000.00000000000 );
#8568 = CARTESIAN_POINT( '', ( -1.20000000000000, 3.10000000000000, -0.500000000000000 ) );
#8569 = CARTESIAN_POINT( '', ( -1.20000000000000, -10.8337435819757, -0.500000000000000 ) );
#8570 = VECTOR( '', #8787, 1000.00000000000 );
#8571 = CARTESIAN_POINT( '', ( -1.20000000000000, 3.30000000000000, -0.700000000000000 ) );
#8572 = CARTESIAN_POINT( '', ( -1.20000000000000, 3.30000000000000, -0.700000000000000 ) );
#8573 = VECTOR( '', #8788, 1000.00000000000 );
#8574 = CARTESIAN_POINT( '', ( -1.20000000000000, 3.30000000000000, -3.30000000000000 ) );
#8575 = CARTESIAN_POINT( '', ( -1.20000000000000, 3.30000000000000, -10.9004587059444 ) );
#8576 = VECTOR( '', #8789, 1000.00000000000 );
#8577 = CARTESIAN_POINT( '', ( -1.20000000000000, 3.10000000000000, -3.50000000000000 ) );
#8578 = CARTESIAN_POINT( '', ( -1.20000000000000, 3.30000000000000, -3.30000000000000 ) );
#8579 = VECTOR( '', #8790, 1000.00000000000 );
#8580 = CARTESIAN_POINT( '', ( -1.20000000000000, -3.10000000000000, -3.50000000000000 ) );
#8581 = CARTESIAN_POINT( '', ( -1.20000000000000, -10.8337435819757, -3.50000000000000 ) );
#8582 = VECTOR( '', #8791, 1000.00000000000 );
#8583 = CARTESIAN_POINT( '', ( -1.20000000000000, -3.10000000000000, -3.50000000000000 ) );
#8584 = VECTOR( '', #8792, 1000.00000000000 );
#8585 = CARTESIAN_POINT( '', ( -1.20000000000000, 3.10000000000000, -0.500000000000000 ) );
#8586 = VECTOR( '', #8793, 1000.00000000000 );
#8587 = CARTESIAN_POINT( '', ( 3.60000000000000, -3.60000000000000, -3.70000000000000 ) );
#8588 = CARTESIAN_POINT( '', ( -3.60000000000000, -3.60000000000000, -3.70000000000000 ) );
#8589 = VECTOR( '', #8794, 1000.00000000000 );
#8590 = CARTESIAN_POINT( '', ( 3.60000000000000, -3.60000000000000, -3.70000000000000 ) );
#8591 = VECTOR( '', #8795, 1000.00000000000 );
#8592 = CARTESIAN_POINT( '', ( 3.60000000000000, -3.60000000000000, -3.70000000000000 ) );
#8593 = VECTOR( '', #8796, 1000.00000000000 );
#8594 = CARTESIAN_POINT( '', ( -3.60000000000000, -3.60000000000000, 0.000000000000000 ) );
#8595 = CARTESIAN_POINT( '', ( -3.60000000000000, 3.60000000000000, 0.000000000000000 ) );
#8596 = VECTOR( '', #8797, 1000.00000000000 );
#8597 = CARTESIAN_POINT( '', ( -3.60000000000000, -3.60000000000000, -3.70000000000000 ) );
#8598 = CARTESIAN_POINT( '', ( -3.60000000000000, 3.60000000000000, -3.70000000000000 ) );
#8599 = VECTOR( '', #8798, 1000.00000000000 );
#8600 = CARTESIAN_POINT( '', ( -3.60000000000000, -3.60000000000000, -3.70000000000000 ) );
#8601 = VECTOR( '', #8799, 1000.00000000000 );
#8602 = CARTESIAN_POINT( '', ( -3.60000000000000, -3.60000000000000, -3.70000000000000 ) );
#8603 = VECTOR( '', #8800, 1000.00000000000 );
#8604 = CARTESIAN_POINT( '', ( -3.60000000000000, -3.60000000000000, 0.000000000000000 ) );
#8605 = VECTOR( '', #8801, 1000.00000000000 );
#8606 = CARTESIAN_POINT( '', ( 1.20000000000000, 3.10000000000000, -3.50000000000000 ) );
#8607 = VECTOR( '', #8802, 1000.00000000000 );
#8608 = CARTESIAN_POINT( '', ( -1.20000000000000, 3.30000000000000, -3.30000000000000 ) );
#8609 = VECTOR( '', #8803, 1000.00000000000 );
#8610 = CARTESIAN_POINT( '', ( 1.20000000000000, 3.30000000000000, -0.700000000000000 ) );
#8611 = VECTOR( '', #8804, 1000.00000000000 );
#8612 = CARTESIAN_POINT( '', ( 1.20000000000000, -3.10000000000000, -3.50000000000000 ) );
#8613 = VECTOR( '', #8805, 1000.00000000000 );
#8614 = CARTESIAN_POINT( '', ( -1.00000000000000, -3.70000000000000, -0.650000000000000 ) );
#8615 = CARTESIAN_POINT( '', ( -1.00000000000000, -3.10000000000000, -0.0499999999999983 ) );
#8616 = AXIS2_PLACEMENT_3D( '', #8806, #8807, #8808 );
#8617 = CARTESIAN_POINT( '', ( 1.00000000000000, -3.70000000000000, -0.650000000000000 ) );
#8618 = CARTESIAN_POINT( '', ( 1.00000000000000, -3.70000000000000, -0.650000000000000 ) );
#8619 = VECTOR( '', #8809, 1000.00000000000 );
#8620 = CARTESIAN_POINT( '', ( 1.00000000000000, -3.10000000000000, -0.0499999999999983 ) );
#8621 = AXIS2_PLACEMENT_3D( '', #8810, #8811, #8812 );
#8622 = CARTESIAN_POINT( '', ( 1.00000000000000, -3.10000000000000, -0.0499999999999983 ) );
#8623 = VECTOR( '', #8813, 1000.00000000000 );
#8624 = CARTESIAN_POINT( '', ( -1.00000000000000, -3.10000000000000, -4.00000000000000 ) );
#8625 = CARTESIAN_POINT( '', ( -1.00000000000000, -3.70000000000000, -3.40000000000000 ) );
#8626 = AXIS2_PLACEMENT_3D( '', #8814, #8815, #8816 );
#8627 = CARTESIAN_POINT( '', ( 1.00000000000000, -3.10000000000000, -4.00000000000000 ) );
#8628 = CARTESIAN_POINT( '', ( 1.00000000000000, -3.10000000000000, -4.00000000000000 ) );
#8629 = VECTOR( '', #8817, 1000.00000000000 );
#8630 = CARTESIAN_POINT( '', ( 1.00000000000000, -3.70000000000000, -3.40000000000000 ) );
#8631 = AXIS2_PLACEMENT_3D( '', #8818, #8819, #8820 );
#8632 = CARTESIAN_POINT( '', ( 1.00000000000000, -3.70000000000000, -3.40000000000000 ) );
#8633 = VECTOR( '', #8821, 1000.00000000000 );
#8634 = CARTESIAN_POINT( '', ( -1.00000000000000, -1.90000000000000, -4.00000000000000 ) );
#8635 = CARTESIAN_POINT( '', ( -1.00000000000000, -3.10000000000000, -4.00000000000000 ) );
#8636 = VECTOR( '', #8822, 1000.00000000000 );
#8637 = CARTESIAN_POINT( '', ( 1.00000000000000, -1.90000000000000, -4.00000000000000 ) );
#8638 = CARTESIAN_POINT( '', ( 1.00000000000000, -1.90000000000000, -4.00000000000000 ) );
#8639 = VECTOR( '', #8823, 1000.00000000000 );
#8640 = CARTESIAN_POINT( '', ( 1.00000000000000, -3.10000000000000, -4.00000000000000 ) );
#8641 = VECTOR( '', #8824, 1000.00000000000 );
#8642 = CARTESIAN_POINT( '', ( 1.00000000000000, -3.70000000000000, -0.650000000000000 ) );
#8643 = VECTOR( '', #8825, 1000.00000000000 );
#8644 = CARTESIAN_POINT( '', ( 1.00000000000000, -1.90000000000000, -3.60000000000000 ) );
#8645 = CARTESIAN_POINT( '', ( 1.00000000000000, -1.90000000000000, -3.60000000000000 ) );
#8646 = VECTOR( '', #8826, 1000.00000000000 );
#8647 = CARTESIAN_POINT( '', ( 1.00000000000000, -3.10000000000000, -3.60000000000000 ) );
#8648 = CARTESIAN_POINT( '', ( 1.00000000000000, -1.90000000000000, -3.60000000000000 ) );
#8649 = VECTOR( '', #8827, 1000.00000000000 );
#8650 = CARTESIAN_POINT( '', ( 1.00000000000000, -3.30000000000000, -3.40000000000000 ) );
#8651 = AXIS2_PLACEMENT_3D( '', #8828, #8829, #8830 );
#8652 = CARTESIAN_POINT( '', ( 1.00000000000000, -3.30000000000000, -0.650000000000000 ) );
#8653 = CARTESIAN_POINT( '', ( 1.00000000000000, -3.30000000000000, -3.40000000000000 ) );
#8654 = VECTOR( '', #8831, 1000.00000000000 );
#8655 = CARTESIAN_POINT( '', ( 1.00000000000000, -3.10000000000000, -0.450000000000000 ) );
#8656 = AXIS2_PLACEMENT_3D( '', #8832, #8833, #8834 );
#8657 = CARTESIAN_POINT( '', ( 1.00000000000000, 3.10000000000000, -0.450000000000000 ) );
#8658 = CARTESIAN_POINT( '', ( 1.00000000000000, -3.10000000000000, -0.450000000000000 ) );
#8659 = VECTOR( '', #8835, 1000.00000000000 );
#8660 = CARTESIAN_POINT( '', ( 1.00000000000000, 3.30000000000000, -0.650000000000000 ) );
#8661 = AXIS2_PLACEMENT_3D( '', #8836, #8837, #8838 );
#8662 = CARTESIAN_POINT( '', ( 1.00000000000000, 3.30000000000000, -3.40000000000000 ) );
#8663 = CARTESIAN_POINT( '', ( 1.00000000000000, 3.30000000000000, -0.650000000000000 ) );
#8664 = VECTOR( '', #8839, 1000.00000000000 );
#8665 = CARTESIAN_POINT( '', ( 1.00000000000000, 3.10000000000000, -3.60000000000000 ) );
#8666 = AXIS2_PLACEMENT_3D( '', #8840, #8841, #8842 );
#8667 = CARTESIAN_POINT( '', ( 1.00000000000000, 1.90000000000000, -3.60000000000000 ) );
#8668 = CARTESIAN_POINT( '', ( 1.00000000000000, 3.10000000000000, -3.60000000000000 ) );
#8669 = VECTOR( '', #8843, 1000.00000000000 );
#8670 = CARTESIAN_POINT( '', ( 1.00000000000000, 1.90000000000000, -4.00000000000000 ) );
#8671 = CARTESIAN_POINT( '', ( 1.00000000000000, 1.90000000000000, -3.60000000000000 ) );
#8672 = VECTOR( '', #8844, 1000.00000000000 );
#8673 = CARTESIAN_POINT( '', ( 1.00000000000000, 3.10000000000000, -4.00000000000000 ) );
#8674 = CARTESIAN_POINT( '', ( 1.00000000000000, 3.10000000000000, -4.00000000000000 ) );
#8675 = VECTOR( '', #8845, 1000.00000000000 );
#8676 = CARTESIAN_POINT( '', ( 1.00000000000000, 3.70000000000000, -3.40000000000000 ) );
#8677 = AXIS2_PLACEMENT_3D( '', #8846, #8847, #8848 );
#8678 = CARTESIAN_POINT( '', ( 1.00000000000000, 3.70000000000000, -0.650000000000000 ) );
#8679 = CARTESIAN_POINT( '', ( 1.00000000000000, 3.70000000000000, -0.650000000000000 ) );
#8680 = VECTOR( '', #8849, 1000.00000000000 );
#8681 = CARTESIAN_POINT( '', ( 1.00000000000000, 3.10000000000000, -0.0499999999999983 ) );
#8682 = AXIS2_PLACEMENT_3D( '', #8850, #8851, #8852 );
#8683 = CARTESIAN_POINT( '', ( 1.00000000000000, -3.10000000000000, -0.0499999999999983 ) );
#8684 = VECTOR( '', #8853, 1000.00000000000 );
#8685 = CARTESIAN_POINT( '', ( -1.00000000000000, 3.10000000000000, -0.0499999999999983 ) );
#8686 = CARTESIAN_POINT( '', ( -1.00000000000000, -3.10000000000000, -0.0499999999999983 ) );
#8687 = VECTOR( '', #8854, 1000.00000000000 );
#8688 = CARTESIAN_POINT( '', ( 1.00000000000000, 3.10000000000000, -0.0499999999999983 ) );
#8689 = VECTOR( '', #8855, 1000.00000000000 );
#8690 = CARTESIAN_POINT( '', ( -1.00000000000000, 3.70000000000000, -0.650000000000000 ) );
#8691 = AXIS2_PLACEMENT_3D( '', #8856, #8857, #8858 );
#8692 = CARTESIAN_POINT( '', ( 1.00000000000000, 3.70000000000000, -0.650000000000000 ) );
#8693 = VECTOR( '', #8859, 1000.00000000000 );
#8694 = CARTESIAN_POINT( '', ( -1.00000000000000, 3.70000000000000, -3.40000000000000 ) );
#8695 = CARTESIAN_POINT( '', ( -1.00000000000000, 3.70000000000000, -0.650000000000000 ) );
#8696 = VECTOR( '', #8860, 1000.00000000000 );
#8697 = CARTESIAN_POINT( '', ( -1.00000000000000, 3.10000000000000, -4.00000000000000 ) );
#8698 = AXIS2_PLACEMENT_3D( '', #8861, #8862, #8863 );
#8699 = CARTESIAN_POINT( '', ( -1.00000000000000, 1.90000000000000, -4.00000000000000 ) );
#8700 = CARTESIAN_POINT( '', ( -1.00000000000000, 3.10000000000000, -4.00000000000000 ) );
#8701 = VECTOR( '', #8864, 1000.00000000000 );
#8702 = CARTESIAN_POINT( '', ( -1.00000000000000, 1.90000000000000, -3.60000000000000 ) );
#8703 = CARTESIAN_POINT( '', ( -1.00000000000000, 1.90000000000000, -3.60000000000000 ) );
#8704 = VECTOR( '', #8865, 1000.00000000000 );
#8705 = CARTESIAN_POINT( '', ( -1.00000000000000, 3.10000000000000, -3.60000000000000 ) );
#8706 = CARTESIAN_POINT( '', ( -1.00000000000000, 3.10000000000000, -3.60000000000000 ) );
#8707 = VECTOR( '', #8866, 1000.00000000000 );
#8708 = CARTESIAN_POINT( '', ( -1.00000000000000, 3.30000000000000, -3.40000000000000 ) );
#8709 = AXIS2_PLACEMENT_3D( '', #8867, #8868, #8869 );
#8710 = CARTESIAN_POINT( '', ( -1.00000000000000, 3.30000000000000, -0.650000000000000 ) );
#8711 = CARTESIAN_POINT( '', ( -1.00000000000000, 3.30000000000000, -0.650000000000000 ) );
#8712 = VECTOR( '', #8870, 1000.00000000000 );
#8713 = CARTESIAN_POINT( '', ( -1.00000000000000, 3.10000000000000, -0.450000000000000 ) );
#8714 = AXIS2_PLACEMENT_3D( '', #8871, #8872, #8873 );
#8715 = CARTESIAN_POINT( '', ( -1.00000000000000, -3.10000000000000, -0.450000000000000 ) );
#8716 = CARTESIAN_POINT( '', ( -1.00000000000000, -3.10000000000000, -0.450000000000000 ) );
#8717 = VECTOR( '', #8874, 1000.00000000000 );
#8718 = CARTESIAN_POINT( '', ( -1.00000000000000, -3.30000000000000, -0.650000000000000 ) );
#8719 = AXIS2_PLACEMENT_3D( '', #8875, #8876, #8877 );
#8720 = CARTESIAN_POINT( '', ( -1.00000000000000, -3.30000000000000, -3.40000000000000 ) );
#8721 = CARTESIAN_POINT( '', ( -1.00000000000000, -3.30000000000000, -3.40000000000000 ) );
#8722 = VECTOR( '', #8878, 1000.00000000000 );
#8723 = CARTESIAN_POINT( '', ( -1.00000000000000, -3.10000000000000, -3.60000000000000 ) );
#8724 = AXIS2_PLACEMENT_3D( '', #8879, #8880, #8881 );
#8725 = CARTESIAN_POINT( '', ( -1.00000000000000, -1.90000000000000, -3.60000000000000 ) );
#8726 = CARTESIAN_POINT( '', ( -1.00000000000000, -1.90000000000000, -3.60000000000000 ) );
#8727 = VECTOR( '', #8882, 1000.00000000000 );
#8728 = CARTESIAN_POINT( '', ( -1.00000000000000, -1.90000000000000, -3.60000000000000 ) );
#8729 = VECTOR( '', #8883, 1000.00000000000 );
#8730 = CARTESIAN_POINT( '', ( -1.00000000000000, -3.70000000000000, -0.650000000000000 ) );
#8731 = VECTOR( '', #8884, 1000.00000000000 );
#8732 = CARTESIAN_POINT( '', ( 1.00000000000000, -1.90000000000000, -3.60000000000000 ) );
#8733 = VECTOR( '', #8885, 1000.00000000000 );
#8734 = CARTESIAN_POINT( '', ( 1.00000000000000, -3.10000000000000, -3.60000000000000 ) );
#8735 = VECTOR( '', #8886, 1000.00000000000 );
#8736 = CARTESIAN_POINT( '', ( 1.00000000000000, -3.30000000000000, -3.40000000000000 ) );
#8737 = VECTOR( '', #8887, 1000.00000000000 );
#8738 = CARTESIAN_POINT( '', ( 1.00000000000000, -3.30000000000000, -0.650000000000000 ) );
#8739 = VECTOR( '', #8888, 1000.00000000000 );
#8740 = CARTESIAN_POINT( '', ( 1.00000000000000, -3.10000000000000, -0.450000000000000 ) );
#8741 = VECTOR( '', #8889, 1000.00000000000 );
#8742 = CARTESIAN_POINT( '', ( 1.00000000000000, 3.10000000000000, -0.450000000000000 ) );
#8743 = VECTOR( '', #8890, 1000.00000000000 );
#8744 = CARTESIAN_POINT( '', ( 1.00000000000000, 3.30000000000000, -0.650000000000000 ) );
#8745 = VECTOR( '', #8891, 1000.00000000000 );
#8746 = CARTESIAN_POINT( '', ( 1.00000000000000, 3.30000000000000, -3.40000000000000 ) );
#8747 = VECTOR( '', #8892, 1000.00000000000 );
#8748 = CARTESIAN_POINT( '', ( 1.00000000000000, 3.10000000000000, -3.60000000000000 ) );
#8749 = VECTOR( '', #8893, 1000.00000000000 );
#8750 = CARTESIAN_POINT( '', ( 1.00000000000000, 1.90000000000000, -3.60000000000000 ) );
#8751 = VECTOR( '', #8894, 1000.00000000000 );
#8752 = CARTESIAN_POINT( '', ( 1.00000000000000, 1.90000000000000, -4.00000000000000 ) );
#8753 = VECTOR( '', #8895, 1000.00000000000 );
#8754 = CARTESIAN_POINT( '', ( 1.00000000000000, 3.10000000000000, -4.00000000000000 ) );
#8755 = VECTOR( '', #8896, 1000.00000000000 );
#8756 = CARTESIAN_POINT( '', ( 1.00000000000000, 3.70000000000000, -3.40000000000000 ) );
#8757 = VECTOR( '', #8897, 1000.00000000000 );
#8758 = DIRECTION( '', ( -1.00000000000000, 6.02334540269725E-017, 0.000000000000000 ) );
#8759 = DIRECTION( '', ( 1.08420217248550E-015, -6.53052417123492E-032, 1.00000000000000 ) );
#8760 = DIRECTION( '', ( -1.00000000000000, 6.02334540269725E-017, 0.000000000000000 ) );
#8761 = DIRECTION( '', ( 0.000000000000000, 0.000000000000000, 1.00000000000000 ) );
#8762 = DIRECTION( '', ( -7.66646708341686E-016, -0.707106781186547, -0.707106781186548 ) );
#8763 = DIRECTION( '', ( -1.00000000000000, 0.000000000000000, -3.16225633641606E-016 ) );
#8764 = DIRECTION( '', ( -7.66646708341686E-016, 0.707106781186547, 0.707106781186548 ) );
#8765 = DIRECTION( '', ( 1.00000000000000, 0.000000000000000, 3.16225633641606E-016 ) );
#8766 = DIRECTION( '', ( 1.08420217248550E-015, -6.53052417123492E-032, -1.00000000000000 ) );
#8767 = DIRECTION( '', ( -1.00000000000000, 6.02334540269725E-017, 0.000000000000000 ) );
#8768 = DIRECTION( '', ( 0.000000000000000, 0.000000000000000, 1.00000000000000 ) );
#8769 = DIRECTION( '', ( -1.00000000000000, 6.02334540269725E-017, 0.000000000000000 ) );
#8770 = DIRECTION( '', ( 1.08420217248550E-015, 6.53052417123492E-032, -1.00000000000000 ) );
#8771 = DIRECTION( '', ( 0.000000000000000, -1.00000000000000, 0.000000000000000 ) );
#8772 = DIRECTION( '', ( 0.000000000000000, -1.00000000000000, 0.000000000000000 ) );
#8773 = DIRECTION( '', ( 0.000000000000000, 0.000000000000000, 1.00000000000000 ) );
#8774 = DIRECTION( '', ( -7.66646708341684E-016, -0.707106781186548, 0.707106781186547 ) );
#8775 = DIRECTION( '', ( 0.000000000000000, 1.00000000000000, 0.000000000000000 ) );
#8776 = DIRECTION( '', ( -7.66646708341686E-016, 0.707106781186547, 0.707106781186548 ) );
#8777 = DIRECTION( '', ( 0.000000000000000, 0.000000000000000, 1.00000000000000 ) );
#8778 = DIRECTION( '', ( -7.66646708341684E-016, -0.707106781186548, 0.707106781186547 ) );
#8779 = DIRECTION( '', ( 0.000000000000000, 1.00000000000000, 0.000000000000000 ) );
#8780 = DIRECTION( '', ( 1.00000000000000, 6.02334540269725E-017, 0.000000000000000 ) );
#8781 = DIRECTION( '', ( 0.000000000000000, 1.00000000000000, 0.000000000000000 ) );
#8782 = DIRECTION( '', ( 0.000000000000000, 0.000000000000000, 1.00000000000000 ) );
#8783 = DIRECTION( '', ( 1.00000000000000, 0.000000000000000, 1.80700362080917E-016 ) );
#8784 = DIRECTION( '', ( 0.000000000000000, 1.00000000000000, 0.000000000000000 ) );
#8785 = DIRECTION( '', ( 0.000000000000000, 1.00000000000000, 0.000000000000000 ) );
#8786 = DIRECTION( '', ( 1.08420217248550E-015, 6.53052417123492E-032, 1.00000000000000 ) );
#8787 = DIRECTION( '', ( 0.000000000000000, 1.00000000000000, 0.000000000000000 ) );
#8788 = DIRECTION( '', ( -7.66646708341684E-016, 0.707106781186548, -0.707106781186547 ) );
#8789 = DIRECTION( '', ( 0.000000000000000, 0.000000000000000, 1.00000000000000 ) );
#8790 = DIRECTION( '', ( -7.66646708341686E-016, -0.707106781186547, -0.707106781186548 ) );
#8791 = DIRECTION( '', ( 0.000000000000000, 1.00000000000000, 0.000000000000000 ) );
#8792 = DIRECTION( '', ( -7.66646708341684E-016, 0.707106781186548, -0.707106781186547 ) );
#8793 = DIRECTION( '', ( -1.00000000000000, 0.000000000000000, -3.16225633641606E-016 ) );
#8794 = DIRECTION( '', ( 1.00000000000000, 6.02334540269725E-017, 0.000000000000000 ) );
#8795 = DIRECTION( '', ( 0.000000000000000, 0.000000000000000, 1.00000000000000 ) );
#8796 = DIRECTION( '', ( 0.000000000000000, 1.00000000000000, 0.000000000000000 ) );
#8797 = DIRECTION( '', ( 0.000000000000000, -1.00000000000000, 0.000000000000000 ) );
#8798 = DIRECTION( '', ( 0.000000000000000, -1.00000000000000, 0.000000000000000 ) );
#8799 = DIRECTION( '', ( 0.000000000000000, 0.000000000000000, 1.00000000000000 ) );
#8800 = DIRECTION( '', ( 1.00000000000000, 6.02334540269725E-017, 0.000000000000000 ) );
#8801 = DIRECTION( '', ( 1.00000000000000, 6.02334540269725E-017, 0.000000000000000 ) );
#8802 = DIRECTION( '', ( 1.00000000000000, 0.000000000000000, 1.80700362080917E-016 ) );
#8803 = DIRECTION( '', ( -1.00000000000000, 0.000000000000000, -1.80700362080917E-016 ) );
#8804 = DIRECTION( '', ( 1.00000000000000, 0.000000000000000, 3.16225633641606E-016 ) );
#8805 = DIRECTION( '', ( -1.00000000000000, 0.000000000000000, -1.80700362080917E-016 ) );
#8806 = CARTESIAN_POINT( '', ( -1.00000000000000, -3.10000000000000, -0.650000000000000 ) );
#8807 = DIRECTION( '', ( -1.00000000000000, 6.12303176911189E-017, 0.000000000000000 ) );
#8808 = DIRECTION( '', ( 6.12303176911189E-017, 1.00000000000000, 0.000000000000000 ) );
#8809 = DIRECTION( '', ( -1.00000000000000, 0.000000000000000, 0.000000000000000 ) );
#8810 = CARTESIAN_POINT( '', ( 1.00000000000000, -3.10000000000000, -0.650000000000000 ) );
#8811 = DIRECTION( '', ( -1.00000000000000, 6.12303176911189E-017, 0.000000000000000 ) );
#8812 = DIRECTION( '', ( 6.12303176911189E-017, 1.00000000000000, 0.000000000000000 ) );
#8813 = DIRECTION( '', ( -1.00000000000000, 0.000000000000000, 0.000000000000000 ) );
#8814 = CARTESIAN_POINT( '', ( -1.00000000000000, -3.10000000000000, -3.40000000000000 ) );
#8815 = DIRECTION( '', ( -1.00000000000000, 6.12303176911189E-017, 0.000000000000000 ) );
#8816 = DIRECTION( '', ( 6.12303176911189E-017, 1.00000000000000, 0.000000000000000 ) );
#8817 = DIRECTION( '', ( -1.00000000000000, 0.000000000000000, 0.000000000000000 ) );
#8818 = CARTESIAN_POINT( '', ( 1.00000000000000, -3.10000000000000, -3.40000000000000 ) );
#8819 = DIRECTION( '', ( -1.00000000000000, 6.12303176911189E-017, 0.000000000000000 ) );
#8820 = DIRECTION( '', ( 6.12303176911189E-017, 1.00000000000000, 0.000000000000000 ) );
#8821 = DIRECTION( '', ( -1.00000000000000, 0.000000000000000, 0.000000000000000 ) );
#8822 = DIRECTION( '', ( -6.12303176911189E-017, -1.00000000000000, 0.000000000000000 ) );
#8823 = DIRECTION( '', ( -1.00000000000000, 0.000000000000000, 0.000000000000000 ) );
#8824 = DIRECTION( '', ( -6.12303176911189E-017, -1.00000000000000, 0.000000000000000 ) );
#8825 = DIRECTION( '', ( 0.000000000000000, 0.000000000000000, 1.00000000000000 ) );
#8826 = DIRECTION( '', ( 0.000000000000000, 0.000000000000000, -1.00000000000000 ) );
#8827 = DIRECTION( '', ( 6.12303176911189E-017, 1.00000000000000, 0.000000000000000 ) );
#8828 = CARTESIAN_POINT( '', ( 1.00000000000000, -3.10000000000000, -3.40000000000000 ) );
#8829 = DIRECTION( '', ( 1.00000000000000, -6.12303176911189E-017, 0.000000000000000 ) );
#8830 = DIRECTION( '', ( 6.12303176911189E-017, 1.00000000000000, 0.000000000000000 ) );
#8831 = DIRECTION( '', ( 0.000000000000000, 0.000000000000000, -1.00000000000000 ) );
#8832 = CARTESIAN_POINT( '', ( 1.00000000000000, -3.10000000000000, -0.650000000000000 ) );
#8833 = DIRECTION( '', ( 1.00000000000000, -6.12303176911189E-017, 0.000000000000000 ) );
#8834 = DIRECTION( '', ( 6.12303176911189E-017, 1.00000000000000, 0.000000000000000 ) );
#8835 = DIRECTION( '', ( -6.12303176911189E-017, -1.00000000000000, -8.74356590714117E-017 ) );
#8836 = CARTESIAN_POINT( '', ( 1.00000000000000, 3.10000000000000, -0.650000000000000 ) );
#8837 = DIRECTION( '', ( 1.00000000000000, -6.12303176911189E-017, 0.000000000000000 ) );
#8838 = DIRECTION( '', ( -6.12303176911189E-017, -1.00000000000000, 0.000000000000000 ) );
#8839 = DIRECTION( '', ( -1.93123035527821E-032, -3.15404268359420E-016, 1.00000000000000 ) );
#8840 = CARTESIAN_POINT( '', ( 1.00000000000000, 3.10000000000000, -3.40000000000000 ) );
#8841 = DIRECTION( '', ( 1.00000000000000, -6.12303176911189E-017, 0.000000000000000 ) );
#8842 = DIRECTION( '', ( -6.12303176911189E-017, -1.00000000000000, 0.000000000000000 ) );
#8843 = DIRECTION( '', ( 6.12303176911189E-017, 1.00000000000000, 3.61400724161835E-016 ) );
#8844 = DIRECTION( '', ( 0.000000000000000, 0.000000000000000, 1.00000000000000 ) );
#8845 = DIRECTION( '', ( -6.12303176911189E-017, -1.00000000000000, 0.000000000000000 ) );
#8846 = CARTESIAN_POINT( '', ( 1.00000000000000, 3.10000000000000, -3.40000000000000 ) );
#8847 = DIRECTION( '', ( -1.00000000000000, 6.12303176911189E-017, 0.000000000000000 ) );
#8848 = DIRECTION( '', ( 6.12303176911189E-017, 1.00000000000000, 0.000000000000000 ) );
#8849 = DIRECTION( '', ( 0.000000000000000, 0.000000000000000, -1.00000000000000 ) );
#8850 = CARTESIAN_POINT( '', ( 1.00000000000000, 3.10000000000000, -0.650000000000000 ) );
#8851 = DIRECTION( '', ( -1.00000000000000, 6.12303176911189E-017, 0.000000000000000 ) );
#8852 = DIRECTION( '', ( -6.12303176911189E-017, -1.00000000000000, 0.000000000000000 ) );
#8853 = DIRECTION( '', ( 6.12303176911189E-017, 1.00000000000000, 0.000000000000000 ) );
#8854 = DIRECTION( '', ( 6.12303176911189E-017, 1.00000000000000, 0.000000000000000 ) );
#8855 = DIRECTION( '', ( -1.00000000000000, 0.000000000000000, 0.000000000000000 ) );
#8856 = CARTESIAN_POINT( '', ( -1.00000000000000, 3.10000000000000, -0.650000000000000 ) );
#8857 = DIRECTION( '', ( -1.00000000000000, 6.12303176911189E-017, 0.000000000000000 ) );
#8858 = DIRECTION( '', ( -6.12303176911189E-017, -1.00000000000000, 0.000000000000000 ) );
#8859 = DIRECTION( '', ( -1.00000000000000, 0.000000000000000, 0.000000000000000 ) );
#8860 = DIRECTION( '', ( 0.000000000000000, 0.000000000000000, -1.00000000000000 ) );
#8861 = CARTESIAN_POINT( '', ( -1.00000000000000, 3.10000000000000, -3.40000000000000 ) );
#8862 = DIRECTION( '', ( -1.00000000000000, 6.12303176911189E-017, 0.000000000000000 ) );
#8863 = DIRECTION( '', ( 6.12303176911189E-017, 1.00000000000000, 0.000000000000000 ) );
#8864 = DIRECTION( '', ( -6.12303176911189E-017, -1.00000000000000, 0.000000000000000 ) );
#8865 = DIRECTION( '', ( 0.000000000000000, 0.000000000000000, 1.00000000000000 ) );
#8866 = DIRECTION( '', ( 6.12303176911189E-017, 1.00000000000000, 3.61400724161835E-016 ) );
#8867 = CARTESIAN_POINT( '', ( -1.00000000000000, 3.10000000000000, -3.40000000000000 ) );
#8868 = DIRECTION( '', ( 1.00000000000000, -6.12303176911189E-017, 0.000000000000000 ) );
#8869 = DIRECTION( '', ( -6.12303176911189E-017, -1.00000000000000, 0.000000000000000 ) );
#8870 = DIRECTION( '', ( -1.93123035527821E-032, -3.15404268359420E-016, 1.00000000000000 ) );
#8871 = CARTESIAN_POINT( '', ( -1.00000000000000, 3.10000000000000, -0.650000000000000 ) );
#8872 = DIRECTION( '', ( 1.00000000000000, -6.12303176911189E-017, 0.000000000000000 ) );
#8873 = DIRECTION( '', ( -6.12303176911189E-017, -1.00000000000000, 0.000000000000000 ) );
#8874 = DIRECTION( '', ( -6.12303176911189E-017, -1.00000000000000, -8.74356590714117E-017 ) );
#8875 = CARTESIAN_POINT( '', ( -1.00000000000000, -3.10000000000000, -0.650000000000000 ) );
#8876 = DIRECTION( '', ( 1.00000000000000, -6.12303176911189E-017, 0.000000000000000 ) );
#8877 = DIRECTION( '', ( 6.12303176911189E-017, 1.00000000000000, 0.000000000000000 ) );
#8878 = DIRECTION( '', ( 0.000000000000000, 0.000000000000000, -1.00000000000000 ) );
#8879 = CARTESIAN_POINT( '', ( -1.00000000000000, -3.10000000000000, -3.40000000000000 ) );
#8880 = DIRECTION( '', ( 1.00000000000000, -6.12303176911189E-017, 0.000000000000000 ) );
#8881 = DIRECTION( '', ( 6.12303176911189E-017, 1.00000000000000, 0.000000000000000 ) );
#8882 = DIRECTION( '', ( 6.12303176911189E-017, 1.00000000000000, 0.000000000000000 ) );
#8883 = DIRECTION( '', ( 0.000000000000000, 0.000000000000000, -1.00000000000000 ) );
#8884 = DIRECTION( '', ( 0.000000000000000, 0.000000000000000, 1.00000000000000 ) );
#8885 = DIRECTION( '', ( -1.00000000000000, 0.000000000000000, 0.000000000000000 ) );
#8886 = DIRECTION( '', ( -1.00000000000000, 0.000000000000000, 0.000000000000000 ) );
#8887 = DIRECTION( '', ( -1.00000000000000, 0.000000000000000, 0.000000000000000 ) );
#8888 = DIRECTION( '', ( -1.00000000000000, 0.000000000000000, 0.000000000000000 ) );
#8889 = DIRECTION( '', ( -1.00000000000000, 0.000000000000000, 0.000000000000000 ) );
#8890 = DIRECTION( '', ( -1.00000000000000, 0.000000000000000, 0.000000000000000 ) );
#8891 = DIRECTION( '', ( -1.00000000000000, 0.000000000000000, 0.000000000000000 ) );
#8892 = DIRECTION( '', ( -1.00000000000000, 0.000000000000000, 0.000000000000000 ) );
#8893 = DIRECTION( '', ( -1.00000000000000, 0.000000000000000, 0.000000000000000 ) );
#8894 = DIRECTION( '', ( -1.00000000000000, 0.000000000000000, 0.000000000000000 ) );
#8895 = DIRECTION( '', ( -1.00000000000000, 0.000000000000000, 0.000000000000000 ) );
#8896 = DIRECTION( '', ( -1.00000000000000, 0.000000000000000, 0.000000000000000 ) );
#8897 = DIRECTION( '', ( -1.00000000000000, 0.000000000000000, 0.000000000000000 ) );
ENDSEC;
END-ISO-10303-21;
