ISO-10303-21;
HEADER;
FILE_DESCRIPTION(('FreeCAD Model'),'2;1');
FILE_NAME('Open CASCADE Shape Model','2025-10-31T16:41:19',('Author'),(
    ''),'Open CASCADE STEP processor 7.5','FreeCAD','Unknown');
FILE_SCHEMA(('AUTOMOTIVE_DESIGN { 1 0 10303 214 1 1 1 1 }'));
ENDSEC;
DATA;
#1 = APPLICATION_PROTOCOL_DEFINITION('international standard',
  'automotive_design',2000,#2);
#2 = APPLICATION_CONTEXT(
  'core data for automotive mechanical design processes');
#3 = SHAPE_DEFINITION_REPRESENTATION(#4,#10);
#4 = PRODUCT_DEFINITION_SHAPE('','',#5);
#5 = PRODUCT_DEFINITION('design','',#6,#9);
#6 = PRODUCT_DEFINITION_FORMATION('','',#7);
#7 = PRODUCT('132136_SW0001','132136_SW0001','',(#8));
#8 = PRODUCT_CONTEXT('',#2,'mechanical');
#9 = PRODUCT_DEFINITION_CONTEXT('part definition',#2,'design');
#10 = ADVANCED_BREP_SHAPE_REPRESENTATION('',(#11,#15),#11560);
#11 = AXIS2_PLACEMENT_3D('',#12,#13,#14);
#12 = CARTESIAN_POINT('',(0.,0.,0.));
#13 = DIRECTION('',(0.,0.,1.));
#14 = DIRECTION('',(1.,0.,-0.));
#15 = MANIFOLD_SOLID_BREP('',#16);
#16 = CLOSED_SHELL('',(#17,#134,#224,#256,#325,#402,#435,#512,#544,#613,
    #690,#723,#1121,#2285,#3003,#3394,#3999,#4005,#4665,#4748,#5206,
    #5666,#5713,#5740,#5790,#5817,#5845,#5872,#5899,#5906,#5913,#5940,
    #6039,#6046,#6078,#6147,#6224,#6257,#6334,#6367,#6448,#6748,#6870,
    #7016,#7133,#7274,#7391,#7503,#7534,#7541,#7612,#7693,#7721,#7840,
    #8028,#8184,#8495,#8600,#8678,#8749,#8778,#8805,#8812,#8917,#9017,
    #9088,#9137,#9164,#9171,#9251,#9346,#9451,#9527,#9578,#9629,#9656,
    #9663,#9768,#9846,#9897,#9946,#9973,#9980,#10101,#10134,#10211,
    #10237,#10244,#10251,#10258,#10461,#10575,#10680,#10730,#10835,
    #10922,#11007,#11112,#11164,#11268,#11347,#11397,#11425,#11462,
    #11554));
#17 = ADVANCED_FACE('',(#18),#33,.F.);
#18 = FACE_BOUND('',#19,.F.);
#19 = EDGE_LOOP('',(#20,#56,#84,#113));
#20 = ORIENTED_EDGE('',*,*,#21,.F.);
#21 = EDGE_CURVE('',#22,#24,#26,.T.);
#22 = VERTEX_POINT('',#23);
#23 = CARTESIAN_POINT('',(9.57,-2.,0.));
#24 = VERTEX_POINT('',#25);
#25 = CARTESIAN_POINT('',(9.57,2.,0.));
#26 = SURFACE_CURVE('',#27,(#32,#44),.PCURVE_S1.);
#27 = CIRCLE('',#28,2.);
#28 = AXIS2_PLACEMENT_3D('',#29,#30,#31);
#29 = CARTESIAN_POINT('',(9.57,0.,0.));
#30 = DIRECTION('',(-1.,0.,0.));
#31 = DIRECTION('',(0.,-1.,0.));
#32 = PCURVE('',#33,#38);
#33 = CONICAL_SURFACE('',#34,2.05,0.785398163397);
#34 = AXIS2_PLACEMENT_3D('',#35,#36,#37);
#35 = CARTESIAN_POINT('',(9.62,0.,0.));
#36 = DIRECTION('',(1.,0.,0.));
#37 = DIRECTION('',(-0.,1.,0.));
#38 = DEFINITIONAL_REPRESENTATION('',(#39),#43);
#39 = LINE('',#40,#41);
#40 = CARTESIAN_POINT('',(3.14159265359,-5.000000000001E-02));
#41 = VECTOR('',#42,1.);
#42 = DIRECTION('',(-1.,0.));
#43 = ( GEOMETRIC_REPRESENTATION_CONTEXT(2) 
PARAMETRIC_REPRESENTATION_CONTEXT() REPRESENTATION_CONTEXT('2D SPACE',''
  ) );
#44 = PCURVE('',#45,#50);
#45 = PLANE('',#46);
#46 = AXIS2_PLACEMENT_3D('',#47,#48,#49);
#47 = CARTESIAN_POINT('',(9.57,0.,0.));
#48 = DIRECTION('',(-1.,0.,0.));
#49 = DIRECTION('',(0.,1.,0.));
#50 = DEFINITIONAL_REPRESENTATION('',(#51),#55);
#51 = CIRCLE('',#52,2.);
#52 = AXIS2_PLACEMENT_2D('',#53,#54);
#53 = CARTESIAN_POINT('',(0.,0.));
#54 = DIRECTION('',(-1.,0.));
#55 = ( GEOMETRIC_REPRESENTATION_CONTEXT(2) 
PARAMETRIC_REPRESENTATION_CONTEXT() REPRESENTATION_CONTEXT('2D SPACE',''
  ) );
#56 = ORIENTED_EDGE('',*,*,#57,.T.);
#57 = EDGE_CURVE('',#22,#58,#60,.T.);
#58 = VERTEX_POINT('',#59);
#59 = CARTESIAN_POINT('',(9.67,-2.1,0.));
#60 = SURFACE_CURVE('',#61,(#65,#72),.PCURVE_S1.);
#61 = LINE('',#62,#63);
#62 = CARTESIAN_POINT('',(9.57,-2.,0.));
#63 = VECTOR('',#64,1.);
#64 = DIRECTION('',(0.707106781187,-0.707106781186,0.));
#65 = PCURVE('',#33,#66);
#66 = DEFINITIONAL_REPRESENTATION('',(#67),#71);
#67 = LINE('',#68,#69);
#68 = CARTESIAN_POINT('',(3.14159265359,-5.000000000001E-02));
#69 = VECTOR('',#70,1.);
#70 = DIRECTION('',(0.,1.));
#71 = ( GEOMETRIC_REPRESENTATION_CONTEXT(2) 
PARAMETRIC_REPRESENTATION_CONTEXT() REPRESENTATION_CONTEXT('2D SPACE',''
  ) );
#72 = PCURVE('',#73,#78);
#73 = CONICAL_SURFACE('',#74,2.05,0.785398163397);
#74 = AXIS2_PLACEMENT_3D('',#75,#76,#77);
#75 = CARTESIAN_POINT('',(9.62,0.,0.));
#76 = DIRECTION('',(1.,0.,0.));
#77 = DIRECTION('',(-0.,1.,0.));
#78 = DEFINITIONAL_REPRESENTATION('',(#79),#83);
#79 = LINE('',#80,#81);
#80 = CARTESIAN_POINT('',(3.14159265359,-5.000000000001E-02));
#81 = VECTOR('',#82,1.);
#82 = DIRECTION('',(0.,1.));
#83 = ( GEOMETRIC_REPRESENTATION_CONTEXT(2) 
PARAMETRIC_REPRESENTATION_CONTEXT() REPRESENTATION_CONTEXT('2D SPACE',''
  ) );
#84 = ORIENTED_EDGE('',*,*,#85,.T.);
#85 = EDGE_CURVE('',#58,#86,#88,.T.);
#86 = VERTEX_POINT('',#87);
#87 = CARTESIAN_POINT('',(9.67,2.1,0.));
#88 = SURFACE_CURVE('',#89,(#94,#101),.PCURVE_S1.);
#89 = CIRCLE('',#90,2.1);
#90 = AXIS2_PLACEMENT_3D('',#91,#92,#93);
#91 = CARTESIAN_POINT('',(9.67,0.,0.));
#92 = DIRECTION('',(-1.,0.,0.));
#93 = DIRECTION('',(0.,-1.,0.));
#94 = PCURVE('',#33,#95);
#95 = DEFINITIONAL_REPRESENTATION('',(#96),#100);
#96 = LINE('',#97,#98);
#97 = CARTESIAN_POINT('',(3.14159265359,5.000000000001E-02));
#98 = VECTOR('',#99,1.);
#99 = DIRECTION('',(-1.,0.));
#100 = ( GEOMETRIC_REPRESENTATION_CONTEXT(2) 
PARAMETRIC_REPRESENTATION_CONTEXT() REPRESENTATION_CONTEXT('2D SPACE',''
  ) );
#101 = PCURVE('',#102,#107);
#102 = PLANE('',#103);
#103 = AXIS2_PLACEMENT_3D('',#104,#105,#106);
#104 = CARTESIAN_POINT('',(9.67,0.,0.));
#105 = DIRECTION('',(-1.,0.,0.));
#106 = DIRECTION('',(0.,-1.,0.));
#107 = DEFINITIONAL_REPRESENTATION('',(#108),#112);
#108 = CIRCLE('',#109,2.1);
#109 = AXIS2_PLACEMENT_2D('',#110,#111);
#110 = CARTESIAN_POINT('',(0.,0.));
#111 = DIRECTION('',(1.,0.));
#112 = ( GEOMETRIC_REPRESENTATION_CONTEXT(2) 
PARAMETRIC_REPRESENTATION_CONTEXT() REPRESENTATION_CONTEXT('2D SPACE',''
  ) );
#113 = ORIENTED_EDGE('',*,*,#114,.F.);
#114 = EDGE_CURVE('',#24,#86,#115,.T.);
#115 = SURFACE_CURVE('',#116,(#120,#127),.PCURVE_S1.);
#116 = LINE('',#117,#118);
#117 = CARTESIAN_POINT('',(9.57,2.,0.));
#118 = VECTOR('',#119,1.);
#119 = DIRECTION('',(0.707106781187,0.707106781186,0.));
#120 = PCURVE('',#33,#121);
#121 = DEFINITIONAL_REPRESENTATION('',(#122),#126);
#122 = LINE('',#123,#124);
#123 = CARTESIAN_POINT('',(0.,-5.000000000001E-02));
#124 = VECTOR('',#125,1.);
#125 = DIRECTION('',(0.,1.));
#126 = ( GEOMETRIC_REPRESENTATION_CONTEXT(2) 
PARAMETRIC_REPRESENTATION_CONTEXT() REPRESENTATION_CONTEXT('2D SPACE',''
  ) );
#127 = PCURVE('',#73,#128);
#128 = DEFINITIONAL_REPRESENTATION('',(#129),#133);
#129 = LINE('',#130,#131);
#130 = CARTESIAN_POINT('',(6.28318530718,-5.000000000001E-02));
#131 = VECTOR('',#132,1.);
#132 = DIRECTION('',(0.,1.));
#133 = ( GEOMETRIC_REPRESENTATION_CONTEXT(2) 
PARAMETRIC_REPRESENTATION_CONTEXT() REPRESENTATION_CONTEXT('2D SPACE',''
  ) );
#134 = ADVANCED_FACE('',(#135,#160),#45,.F.);
#135 = FACE_BOUND('',#136,.F.);
#136 = EDGE_LOOP('',(#137,#138));
#137 = ORIENTED_EDGE('',*,*,#21,.T.);
#138 = ORIENTED_EDGE('',*,*,#139,.T.);
#139 = EDGE_CURVE('',#24,#22,#140,.T.);
#140 = SURFACE_CURVE('',#141,(#146,#153),.PCURVE_S1.);
#141 = CIRCLE('',#142,2.);
#142 = AXIS2_PLACEMENT_3D('',#143,#144,#145);
#143 = CARTESIAN_POINT('',(9.57,0.,0.));
#144 = DIRECTION('',(-1.,0.,0.));
#145 = DIRECTION('',(0.,1.,0.));
#146 = PCURVE('',#45,#147);
#147 = DEFINITIONAL_REPRESENTATION('',(#148),#152);
#148 = CIRCLE('',#149,2.);
#149 = AXIS2_PLACEMENT_2D('',#150,#151);
#150 = CARTESIAN_POINT('',(0.,0.));
#151 = DIRECTION('',(1.,0.));
#152 = ( GEOMETRIC_REPRESENTATION_CONTEXT(2) 
PARAMETRIC_REPRESENTATION_CONTEXT() REPRESENTATION_CONTEXT('2D SPACE',''
  ) );
#153 = PCURVE('',#73,#154);
#154 = DEFINITIONAL_REPRESENTATION('',(#155),#159);
#155 = LINE('',#156,#157);
#156 = CARTESIAN_POINT('',(6.28318530718,-5.000000000001E-02));
#157 = VECTOR('',#158,1.);
#158 = DIRECTION('',(-1.,0.));
#159 = ( GEOMETRIC_REPRESENTATION_CONTEXT(2) 
PARAMETRIC_REPRESENTATION_CONTEXT() REPRESENTATION_CONTEXT('2D SPACE',''
  ) );
#160 = FACE_BOUND('',#161,.F.);
#161 = EDGE_LOOP('',(#162,#193));
#162 = ORIENTED_EDGE('',*,*,#163,.F.);
#163 = EDGE_CURVE('',#164,#166,#168,.T.);
#164 = VERTEX_POINT('',#165);
#165 = CARTESIAN_POINT('',(9.57,0.635,0.));
#166 = VERTEX_POINT('',#167);
#167 = CARTESIAN_POINT('',(9.57,-0.635,0.));
#168 = SURFACE_CURVE('',#169,(#174,#181),.PCURVE_S1.);
#169 = CIRCLE('',#170,0.635);
#170 = AXIS2_PLACEMENT_3D('',#171,#172,#173);
#171 = CARTESIAN_POINT('',(9.57,0.,0.));
#172 = DIRECTION('',(-1.,0.,0.));
#173 = DIRECTION('',(0.,1.,0.));
#174 = PCURVE('',#45,#175);
#175 = DEFINITIONAL_REPRESENTATION('',(#176),#180);
#176 = CIRCLE('',#177,0.635);
#177 = AXIS2_PLACEMENT_2D('',#178,#179);
#178 = CARTESIAN_POINT('',(0.,0.));
#179 = DIRECTION('',(1.,0.));
#180 = ( GEOMETRIC_REPRESENTATION_CONTEXT(2) 
PARAMETRIC_REPRESENTATION_CONTEXT() REPRESENTATION_CONTEXT('2D SPACE',''
  ) );
#181 = PCURVE('',#182,#187);
#182 = CYLINDRICAL_SURFACE('',#183,0.635);
#183 = AXIS2_PLACEMENT_3D('',#184,#185,#186);
#184 = CARTESIAN_POINT('',(9.9,0.,0.));
#185 = DIRECTION('',(-1.,0.,0.));
#186 = DIRECTION('',(0.,1.,0.));
#187 = DEFINITIONAL_REPRESENTATION('',(#188),#192);
#188 = LINE('',#189,#190);
#189 = CARTESIAN_POINT('',(0.,0.33));
#190 = VECTOR('',#191,1.);
#191 = DIRECTION('',(1.,0.));
#192 = ( GEOMETRIC_REPRESENTATION_CONTEXT(2) 
PARAMETRIC_REPRESENTATION_CONTEXT() REPRESENTATION_CONTEXT('2D SPACE',''
  ) );
#193 = ORIENTED_EDGE('',*,*,#194,.T.);
#194 = EDGE_CURVE('',#164,#166,#195,.T.);
#195 = SURFACE_CURVE('',#196,(#201,#212),.PCURVE_S1.);
#196 = CIRCLE('',#197,0.635);
#197 = AXIS2_PLACEMENT_3D('',#198,#199,#200);
#198 = CARTESIAN_POINT('',(9.57,0.,0.));
#199 = DIRECTION('',(1.,0.,0.));
#200 = DIRECTION('',(-0.,1.,0.));
#201 = PCURVE('',#45,#202);
#202 = DEFINITIONAL_REPRESENTATION('',(#203),#211);
#203 = ( BOUNDED_CURVE() B_SPLINE_CURVE(2,(#204,#205,#206,#207,#208,#209
,#210),.UNSPECIFIED.,.T.,.F.) B_SPLINE_CURVE_WITH_KNOTS((1,2,2,2,2,1),(
    -2.094395102393,0.,2.094395102393,4.188790204786,6.28318530718,
8.377580409573),.UNSPECIFIED.) CURVE() GEOMETRIC_REPRESENTATION_ITEM() 
RATIONAL_B_SPLINE_CURVE((1.,0.5,1.,0.5,1.,0.5,1.)) REPRESENTATION_ITEM(
  '') );
#204 = CARTESIAN_POINT('',(0.635,0.));
#205 = CARTESIAN_POINT('',(0.635,-1.099852262806));
#206 = CARTESIAN_POINT('',(-0.3175,-0.549926131403));
#207 = CARTESIAN_POINT('',(-1.27,-1.555301434917E-16));
#208 = CARTESIAN_POINT('',(-0.3175,0.549926131403));
#209 = CARTESIAN_POINT('',(0.635,1.099852262806));
#210 = CARTESIAN_POINT('',(0.635,0.));
#211 = ( GEOMETRIC_REPRESENTATION_CONTEXT(2) 
PARAMETRIC_REPRESENTATION_CONTEXT() REPRESENTATION_CONTEXT('2D SPACE',''
  ) );
#212 = PCURVE('',#213,#218);
#213 = CYLINDRICAL_SURFACE('',#214,0.635);
#214 = AXIS2_PLACEMENT_3D('',#215,#216,#217);
#215 = CARTESIAN_POINT('',(9.9,0.,0.));
#216 = DIRECTION('',(-1.,0.,0.));
#217 = DIRECTION('',(0.,1.,0.));
#218 = DEFINITIONAL_REPRESENTATION('',(#219),#223);
#219 = LINE('',#220,#221);
#220 = CARTESIAN_POINT('',(6.28318530718,0.33));
#221 = VECTOR('',#222,1.);
#222 = DIRECTION('',(-1.,0.));
#223 = ( GEOMETRIC_REPRESENTATION_CONTEXT(2) 
PARAMETRIC_REPRESENTATION_CONTEXT() REPRESENTATION_CONTEXT('2D SPACE',''
  ) );
#224 = ADVANCED_FACE('',(#225),#73,.F.);
#225 = FACE_BOUND('',#226,.F.);
#226 = EDGE_LOOP('',(#227,#228,#229,#255));
#227 = ORIENTED_EDGE('',*,*,#139,.F.);
#228 = ORIENTED_EDGE('',*,*,#114,.T.);
#229 = ORIENTED_EDGE('',*,*,#230,.F.);
#230 = EDGE_CURVE('',#58,#86,#231,.T.);
#231 = SURFACE_CURVE('',#232,(#237,#244),.PCURVE_S1.);
#232 = CIRCLE('',#233,2.1);
#233 = AXIS2_PLACEMENT_3D('',#234,#235,#236);
#234 = CARTESIAN_POINT('',(9.67,0.,0.));
#235 = DIRECTION('',(1.,0.,0.));
#236 = DIRECTION('',(0.,-1.,0.));
#237 = PCURVE('',#73,#238);
#238 = DEFINITIONAL_REPRESENTATION('',(#239),#243);
#239 = LINE('',#240,#241);
#240 = CARTESIAN_POINT('',(3.14159265359,5.000000000001E-02));
#241 = VECTOR('',#242,1.);
#242 = DIRECTION('',(1.,0.));
#243 = ( GEOMETRIC_REPRESENTATION_CONTEXT(2) 
PARAMETRIC_REPRESENTATION_CONTEXT() REPRESENTATION_CONTEXT('2D SPACE',''
  ) );
#244 = PCURVE('',#102,#245);
#245 = DEFINITIONAL_REPRESENTATION('',(#246),#254);
#246 = ( BOUNDED_CURVE() B_SPLINE_CURVE(2,(#247,#248,#249,#250,#251,#252
,#253),.UNSPECIFIED.,.T.,.F.) B_SPLINE_CURVE_WITH_KNOTS((1,2,2,2,2,1),(
    -2.094395102393,0.,2.094395102393,4.188790204786,6.28318530718,
8.377580409573),.UNSPECIFIED.) CURVE() GEOMETRIC_REPRESENTATION_ITEM() 
RATIONAL_B_SPLINE_CURVE((1.,0.5,1.,0.5,1.,0.5,1.)) REPRESENTATION_ITEM(
  '') );
#247 = CARTESIAN_POINT('',(2.1,0.));
#248 = CARTESIAN_POINT('',(2.1,-3.637306695895));
#249 = CARTESIAN_POINT('',(-1.05,-1.818653347947));
#250 = CARTESIAN_POINT('',(-4.2,-5.143516556419E-16));
#251 = CARTESIAN_POINT('',(-1.05,1.818653347947));
#252 = CARTESIAN_POINT('',(2.1,3.637306695895));
#253 = CARTESIAN_POINT('',(2.1,0.));
#254 = ( GEOMETRIC_REPRESENTATION_CONTEXT(2) 
PARAMETRIC_REPRESENTATION_CONTEXT() REPRESENTATION_CONTEXT('2D SPACE',''
  ) );
#255 = ORIENTED_EDGE('',*,*,#57,.F.);
#256 = ADVANCED_FACE('',(#257,#321),#102,.F.);
#257 = FACE_BOUND('',#258,.F.);
#258 = EDGE_LOOP('',(#259,#294));
#259 = ORIENTED_EDGE('',*,*,#260,.F.);
#260 = EDGE_CURVE('',#261,#263,#265,.T.);
#261 = VERTEX_POINT('',#262);
#262 = CARTESIAN_POINT('',(9.67,-2.325,0.));
#263 = VERTEX_POINT('',#264);
#264 = CARTESIAN_POINT('',(9.67,2.325,0.));
#265 = SURFACE_CURVE('',#266,(#271,#282),.PCURVE_S1.);
#266 = CIRCLE('',#267,2.325);
#267 = AXIS2_PLACEMENT_3D('',#268,#269,#270);
#268 = CARTESIAN_POINT('',(9.67,0.,0.));
#269 = DIRECTION('',(1.,0.,0.));
#270 = DIRECTION('',(0.,-1.,0.));
#271 = PCURVE('',#102,#272);
#272 = DEFINITIONAL_REPRESENTATION('',(#273),#281);
#273 = ( BOUNDED_CURVE() B_SPLINE_CURVE(2,(#274,#275,#276,#277,#278,#279
,#280),.UNSPECIFIED.,.T.,.F.) B_SPLINE_CURVE_WITH_KNOTS((1,2,2,2,2,1),(
    -2.094395102393,0.,2.094395102393,4.188790204786,6.28318530718,
8.377580409573),.UNSPECIFIED.) CURVE() GEOMETRIC_REPRESENTATION_ITEM() 
RATIONAL_B_SPLINE_CURVE((1.,0.5,1.,0.5,1.,0.5,1.)) REPRESENTATION_ITEM(
  '') );
#274 = CARTESIAN_POINT('',(2.325,0.));
#275 = CARTESIAN_POINT('',(2.325,-4.027018127598));
#276 = CARTESIAN_POINT('',(-1.1625,-2.013509063799));
#277 = CARTESIAN_POINT('',(-4.65,-5.694607616035E-16));
#278 = CARTESIAN_POINT('',(-1.1625,2.013509063799));
#279 = CARTESIAN_POINT('',(2.325,4.027018127598));
#280 = CARTESIAN_POINT('',(2.325,0.));
#281 = ( GEOMETRIC_REPRESENTATION_CONTEXT(2) 
PARAMETRIC_REPRESENTATION_CONTEXT() REPRESENTATION_CONTEXT('2D SPACE',''
  ) );
#282 = PCURVE('',#283,#288);
#283 = CYLINDRICAL_SURFACE('',#284,2.325);
#284 = AXIS2_PLACEMENT_3D('',#285,#286,#287);
#285 = CARTESIAN_POINT('',(12.055,0.,0.));
#286 = DIRECTION('',(-1.,0.,0.));
#287 = DIRECTION('',(0.,-1.,0.));
#288 = DEFINITIONAL_REPRESENTATION('',(#289),#293);
#289 = LINE('',#290,#291);
#290 = CARTESIAN_POINT('',(6.28318530718,2.385));
#291 = VECTOR('',#292,1.);
#292 = DIRECTION('',(-1.,0.));
#293 = ( GEOMETRIC_REPRESENTATION_CONTEXT(2) 
PARAMETRIC_REPRESENTATION_CONTEXT() REPRESENTATION_CONTEXT('2D SPACE',''
  ) );
#294 = ORIENTED_EDGE('',*,*,#295,.T.);
#295 = EDGE_CURVE('',#261,#263,#296,.T.);
#296 = SURFACE_CURVE('',#297,(#302,#309),.PCURVE_S1.);
#297 = CIRCLE('',#298,2.325);
#298 = AXIS2_PLACEMENT_3D('',#299,#300,#301);
#299 = CARTESIAN_POINT('',(9.67,0.,0.));
#300 = DIRECTION('',(-1.,0.,0.));
#301 = DIRECTION('',(0.,-1.,0.));
#302 = PCURVE('',#102,#303);
#303 = DEFINITIONAL_REPRESENTATION('',(#304),#308);
#304 = CIRCLE('',#305,2.325);
#305 = AXIS2_PLACEMENT_2D('',#306,#307);
#306 = CARTESIAN_POINT('',(0.,0.));
#307 = DIRECTION('',(1.,0.));
#308 = ( GEOMETRIC_REPRESENTATION_CONTEXT(2) 
PARAMETRIC_REPRESENTATION_CONTEXT() REPRESENTATION_CONTEXT('2D SPACE',''
  ) );
#309 = PCURVE('',#310,#315);
#310 = CYLINDRICAL_SURFACE('',#311,2.325);
#311 = AXIS2_PLACEMENT_3D('',#312,#313,#314);
#312 = CARTESIAN_POINT('',(12.055,0.,0.));
#313 = DIRECTION('',(-1.,0.,0.));
#314 = DIRECTION('',(0.,-1.,0.));
#315 = DEFINITIONAL_REPRESENTATION('',(#316),#320);
#316 = LINE('',#317,#318);
#317 = CARTESIAN_POINT('',(0.,2.385));
#318 = VECTOR('',#319,1.);
#319 = DIRECTION('',(1.,0.));
#320 = ( GEOMETRIC_REPRESENTATION_CONTEXT(2) 
PARAMETRIC_REPRESENTATION_CONTEXT() REPRESENTATION_CONTEXT('2D SPACE',''
  ) );
#321 = FACE_BOUND('',#322,.F.);
#322 = EDGE_LOOP('',(#323,#324));
#323 = ORIENTED_EDGE('',*,*,#85,.F.);
#324 = ORIENTED_EDGE('',*,*,#230,.T.);
#325 = ADVANCED_FACE('',(#326),#283,.F.);
#326 = FACE_BOUND('',#327,.F.);
#327 = EDGE_LOOP('',(#328,#351,#352,#375));
#328 = ORIENTED_EDGE('',*,*,#329,.F.);
#329 = EDGE_CURVE('',#261,#330,#332,.T.);
#330 = VERTEX_POINT('',#331);
#331 = CARTESIAN_POINT('',(11.5,-2.325,0.));
#332 = SURFACE_CURVE('',#333,(#337,#344),.PCURVE_S1.);
#333 = LINE('',#334,#335);
#334 = CARTESIAN_POINT('',(9.67,-2.325,0.));
#335 = VECTOR('',#336,1.);
#336 = DIRECTION('',(1.,0.,0.));
#337 = PCURVE('',#283,#338);
#338 = DEFINITIONAL_REPRESENTATION('',(#339),#343);
#339 = LINE('',#340,#341);
#340 = CARTESIAN_POINT('',(6.28318530718,2.385));
#341 = VECTOR('',#342,1.);
#342 = DIRECTION('',(0.,-1.));
#343 = ( GEOMETRIC_REPRESENTATION_CONTEXT(2) 
PARAMETRIC_REPRESENTATION_CONTEXT() REPRESENTATION_CONTEXT('2D SPACE',''
  ) );
#344 = PCURVE('',#310,#345);
#345 = DEFINITIONAL_REPRESENTATION('',(#346),#350);
#346 = LINE('',#347,#348);
#347 = CARTESIAN_POINT('',(0.,2.385));
#348 = VECTOR('',#349,1.);
#349 = DIRECTION('',(0.,-1.));
#350 = ( GEOMETRIC_REPRESENTATION_CONTEXT(2) 
PARAMETRIC_REPRESENTATION_CONTEXT() REPRESENTATION_CONTEXT('2D SPACE',''
  ) );
#351 = ORIENTED_EDGE('',*,*,#260,.T.);
#352 = ORIENTED_EDGE('',*,*,#353,.T.);
#353 = EDGE_CURVE('',#263,#354,#356,.T.);
#354 = VERTEX_POINT('',#355);
#355 = CARTESIAN_POINT('',(11.5,2.325,0.));
#356 = SURFACE_CURVE('',#357,(#361,#368),.PCURVE_S1.);
#357 = LINE('',#358,#359);
#358 = CARTESIAN_POINT('',(9.67,2.325,0.));
#359 = VECTOR('',#360,1.);
#360 = DIRECTION('',(1.,0.,0.));
#361 = PCURVE('',#283,#362);
#362 = DEFINITIONAL_REPRESENTATION('',(#363),#367);
#363 = LINE('',#364,#365);
#364 = CARTESIAN_POINT('',(3.14159265359,2.385));
#365 = VECTOR('',#366,1.);
#366 = DIRECTION('',(0.,-1.));
#367 = ( GEOMETRIC_REPRESENTATION_CONTEXT(2) 
PARAMETRIC_REPRESENTATION_CONTEXT() REPRESENTATION_CONTEXT('2D SPACE',''
  ) );
#368 = PCURVE('',#310,#369);
#369 = DEFINITIONAL_REPRESENTATION('',(#370),#374);
#370 = LINE('',#371,#372);
#371 = CARTESIAN_POINT('',(3.14159265359,2.385));
#372 = VECTOR('',#373,1.);
#373 = DIRECTION('',(0.,-1.));
#374 = ( GEOMETRIC_REPRESENTATION_CONTEXT(2) 
PARAMETRIC_REPRESENTATION_CONTEXT() REPRESENTATION_CONTEXT('2D SPACE',''
  ) );
#375 = ORIENTED_EDGE('',*,*,#376,.F.);
#376 = EDGE_CURVE('',#330,#354,#377,.T.);
#377 = SURFACE_CURVE('',#378,(#383,#390),.PCURVE_S1.);
#378 = CIRCLE('',#379,2.325);
#379 = AXIS2_PLACEMENT_3D('',#380,#381,#382);
#380 = CARTESIAN_POINT('',(11.5,0.,0.));
#381 = DIRECTION('',(1.,0.,0.));
#382 = DIRECTION('',(0.,-1.,0.));
#383 = PCURVE('',#283,#384);
#384 = DEFINITIONAL_REPRESENTATION('',(#385),#389);
#385 = LINE('',#386,#387);
#386 = CARTESIAN_POINT('',(6.28318530718,0.555));
#387 = VECTOR('',#388,1.);
#388 = DIRECTION('',(-1.,0.));
#389 = ( GEOMETRIC_REPRESENTATION_CONTEXT(2) 
PARAMETRIC_REPRESENTATION_CONTEXT() REPRESENTATION_CONTEXT('2D SPACE',''
  ) );
#390 = PCURVE('',#391,#396);
#391 = CONICAL_SURFACE('',#392,2.375,0.785398163397);
#392 = AXIS2_PLACEMENT_3D('',#393,#394,#395);
#393 = CARTESIAN_POINT('',(11.55,0.,0.));
#394 = DIRECTION('',(1.,0.,0.));
#395 = DIRECTION('',(-0.,1.,0.));
#396 = DEFINITIONAL_REPRESENTATION('',(#397),#401);
#397 = LINE('',#398,#399);
#398 = CARTESIAN_POINT('',(3.14159265359,-5.E-02));
#399 = VECTOR('',#400,1.);
#400 = DIRECTION('',(1.,0.));
#401 = ( GEOMETRIC_REPRESENTATION_CONTEXT(2) 
PARAMETRIC_REPRESENTATION_CONTEXT() REPRESENTATION_CONTEXT('2D SPACE',''
  ) );
#402 = ADVANCED_FACE('',(#403),#310,.F.);
#403 = FACE_BOUND('',#404,.F.);
#404 = EDGE_LOOP('',(#405,#406,#433,#434));
#405 = ORIENTED_EDGE('',*,*,#329,.T.);
#406 = ORIENTED_EDGE('',*,*,#407,.T.);
#407 = EDGE_CURVE('',#330,#354,#408,.T.);
#408 = SURFACE_CURVE('',#409,(#414,#421),.PCURVE_S1.);
#409 = CIRCLE('',#410,2.325);
#410 = AXIS2_PLACEMENT_3D('',#411,#412,#413);
#411 = CARTESIAN_POINT('',(11.5,0.,0.));
#412 = DIRECTION('',(-1.,0.,0.));
#413 = DIRECTION('',(0.,-1.,0.));
#414 = PCURVE('',#310,#415);
#415 = DEFINITIONAL_REPRESENTATION('',(#416),#420);
#416 = LINE('',#417,#418);
#417 = CARTESIAN_POINT('',(0.,0.555));
#418 = VECTOR('',#419,1.);
#419 = DIRECTION('',(1.,0.));
#420 = ( GEOMETRIC_REPRESENTATION_CONTEXT(2) 
PARAMETRIC_REPRESENTATION_CONTEXT() REPRESENTATION_CONTEXT('2D SPACE',''
  ) );
#421 = PCURVE('',#422,#427);
#422 = CONICAL_SURFACE('',#423,2.375,0.785398163397);
#423 = AXIS2_PLACEMENT_3D('',#424,#425,#426);
#424 = CARTESIAN_POINT('',(11.55,0.,0.));
#425 = DIRECTION('',(1.,0.,0.));
#426 = DIRECTION('',(-0.,1.,0.));
#427 = DEFINITIONAL_REPRESENTATION('',(#428),#432);
#428 = LINE('',#429,#430);
#429 = CARTESIAN_POINT('',(3.14159265359,-5.E-02));
#430 = VECTOR('',#431,1.);
#431 = DIRECTION('',(-1.,0.));
#432 = ( GEOMETRIC_REPRESENTATION_CONTEXT(2) 
PARAMETRIC_REPRESENTATION_CONTEXT() REPRESENTATION_CONTEXT('2D SPACE',''
  ) );
#433 = ORIENTED_EDGE('',*,*,#353,.F.);
#434 = ORIENTED_EDGE('',*,*,#295,.F.);
#435 = ADVANCED_FACE('',(#436),#422,.F.);
#436 = FACE_BOUND('',#437,.F.);
#437 = EDGE_LOOP('',(#438,#461,#490,#511));
#438 = ORIENTED_EDGE('',*,*,#439,.T.);
#439 = EDGE_CURVE('',#330,#440,#442,.T.);
#440 = VERTEX_POINT('',#441);
#441 = CARTESIAN_POINT('',(11.6,-2.425,0.));
#442 = SURFACE_CURVE('',#443,(#447,#454),.PCURVE_S1.);
#443 = LINE('',#444,#445);
#444 = CARTESIAN_POINT('',(11.5,-2.325,0.));
#445 = VECTOR('',#446,1.);
#446 = DIRECTION('',(0.707106781186,-0.707106781187,0.));
#447 = PCURVE('',#422,#448);
#448 = DEFINITIONAL_REPRESENTATION('',(#449),#453);
#449 = LINE('',#450,#451);
#450 = CARTESIAN_POINT('',(3.14159265359,-5.E-02));
#451 = VECTOR('',#452,1.);
#452 = DIRECTION('',(0.,1.));
#453 = ( GEOMETRIC_REPRESENTATION_CONTEXT(2) 
PARAMETRIC_REPRESENTATION_CONTEXT() REPRESENTATION_CONTEXT('2D SPACE',''
  ) );
#454 = PCURVE('',#391,#455);
#455 = DEFINITIONAL_REPRESENTATION('',(#456),#460);
#456 = LINE('',#457,#458);
#457 = CARTESIAN_POINT('',(3.14159265359,-5.E-02));
#458 = VECTOR('',#459,1.);
#459 = DIRECTION('',(0.,1.));
#460 = ( GEOMETRIC_REPRESENTATION_CONTEXT(2) 
PARAMETRIC_REPRESENTATION_CONTEXT() REPRESENTATION_CONTEXT('2D SPACE',''
  ) );
#461 = ORIENTED_EDGE('',*,*,#462,.T.);
#462 = EDGE_CURVE('',#440,#463,#465,.T.);
#463 = VERTEX_POINT('',#464);
#464 = CARTESIAN_POINT('',(11.6,2.425,0.));
#465 = SURFACE_CURVE('',#466,(#471,#478),.PCURVE_S1.);
#466 = CIRCLE('',#467,2.425);
#467 = AXIS2_PLACEMENT_3D('',#468,#469,#470);
#468 = CARTESIAN_POINT('',(11.6,0.,0.));
#469 = DIRECTION('',(-1.,0.,0.));
#470 = DIRECTION('',(0.,-1.,0.));
#471 = PCURVE('',#422,#472);
#472 = DEFINITIONAL_REPRESENTATION('',(#473),#477);
#473 = LINE('',#474,#475);
#474 = CARTESIAN_POINT('',(3.14159265359,5.E-02));
#475 = VECTOR('',#476,1.);
#476 = DIRECTION('',(-1.,0.));
#477 = ( GEOMETRIC_REPRESENTATION_CONTEXT(2) 
PARAMETRIC_REPRESENTATION_CONTEXT() REPRESENTATION_CONTEXT('2D SPACE',''
  ) );
#478 = PCURVE('',#479,#484);
#479 = PLANE('',#480);
#480 = AXIS2_PLACEMENT_3D('',#481,#482,#483);
#481 = CARTESIAN_POINT('',(11.6,0.,0.));
#482 = DIRECTION('',(-1.,0.,0.));
#483 = DIRECTION('',(0.,-1.,0.));
#484 = DEFINITIONAL_REPRESENTATION('',(#485),#489);
#485 = CIRCLE('',#486,2.425);
#486 = AXIS2_PLACEMENT_2D('',#487,#488);
#487 = CARTESIAN_POINT('',(0.,0.));
#488 = DIRECTION('',(1.,0.));
#489 = ( GEOMETRIC_REPRESENTATION_CONTEXT(2) 
PARAMETRIC_REPRESENTATION_CONTEXT() REPRESENTATION_CONTEXT('2D SPACE',''
  ) );
#490 = ORIENTED_EDGE('',*,*,#491,.F.);
#491 = EDGE_CURVE('',#354,#463,#492,.T.);
#492 = SURFACE_CURVE('',#493,(#497,#504),.PCURVE_S1.);
#493 = LINE('',#494,#495);
#494 = CARTESIAN_POINT('',(11.5,2.325,0.));
#495 = VECTOR('',#496,1.);
#496 = DIRECTION('',(0.707106781186,0.707106781187,0.));
#497 = PCURVE('',#422,#498);
#498 = DEFINITIONAL_REPRESENTATION('',(#499),#503);
#499 = LINE('',#500,#501);
#500 = CARTESIAN_POINT('',(0.,-5.E-02));
#501 = VECTOR('',#502,1.);
#502 = DIRECTION('',(0.,1.));
#503 = ( GEOMETRIC_REPRESENTATION_CONTEXT(2) 
PARAMETRIC_REPRESENTATION_CONTEXT() REPRESENTATION_CONTEXT('2D SPACE',''
  ) );
#504 = PCURVE('',#391,#505);
#505 = DEFINITIONAL_REPRESENTATION('',(#506),#510);
#506 = LINE('',#507,#508);
#507 = CARTESIAN_POINT('',(6.28318530718,-5.E-02));
#508 = VECTOR('',#509,1.);
#509 = DIRECTION('',(0.,1.));
#510 = ( GEOMETRIC_REPRESENTATION_CONTEXT(2) 
PARAMETRIC_REPRESENTATION_CONTEXT() REPRESENTATION_CONTEXT('2D SPACE',''
  ) );
#511 = ORIENTED_EDGE('',*,*,#407,.F.);
#512 = ADVANCED_FACE('',(#513),#391,.F.);
#513 = FACE_BOUND('',#514,.F.);
#514 = EDGE_LOOP('',(#515,#516,#517,#518));
#515 = ORIENTED_EDGE('',*,*,#439,.F.);
#516 = ORIENTED_EDGE('',*,*,#376,.T.);
#517 = ORIENTED_EDGE('',*,*,#491,.T.);
#518 = ORIENTED_EDGE('',*,*,#519,.F.);
#519 = EDGE_CURVE('',#440,#463,#520,.T.);
#520 = SURFACE_CURVE('',#521,(#526,#533),.PCURVE_S1.);
#521 = CIRCLE('',#522,2.425);
#522 = AXIS2_PLACEMENT_3D('',#523,#524,#525);
#523 = CARTESIAN_POINT('',(11.6,0.,0.));
#524 = DIRECTION('',(1.,0.,0.));
#525 = DIRECTION('',(0.,-1.,0.));
#526 = PCURVE('',#391,#527);
#527 = DEFINITIONAL_REPRESENTATION('',(#528),#532);
#528 = LINE('',#529,#530);
#529 = CARTESIAN_POINT('',(3.14159265359,5.E-02));
#530 = VECTOR('',#531,1.);
#531 = DIRECTION('',(1.,0.));
#532 = ( GEOMETRIC_REPRESENTATION_CONTEXT(2) 
PARAMETRIC_REPRESENTATION_CONTEXT() REPRESENTATION_CONTEXT('2D SPACE',''
  ) );
#533 = PCURVE('',#479,#534);
#534 = DEFINITIONAL_REPRESENTATION('',(#535),#543);
#535 = ( BOUNDED_CURVE() B_SPLINE_CURVE(2,(#536,#537,#538,#539,#540,#541
,#542),.UNSPECIFIED.,.T.,.F.) B_SPLINE_CURVE_WITH_KNOTS((1,2,2,2,2,1),(
    -2.094395102393,0.,2.094395102393,4.188790204786,6.28318530718,
8.377580409573),.UNSPECIFIED.) CURVE() GEOMETRIC_REPRESENTATION_ITEM() 
RATIONAL_B_SPLINE_CURVE((1.,0.5,1.,0.5,1.,0.5,1.)) REPRESENTATION_ITEM(
  '') );
#536 = CARTESIAN_POINT('',(2.425,0.));
#537 = CARTESIAN_POINT('',(2.425,-4.200223208355));
#538 = CARTESIAN_POINT('',(-1.2125,-2.100111604177));
#539 = CARTESIAN_POINT('',(-4.85,-5.939536975865E-16));
#540 = CARTESIAN_POINT('',(-1.2125,2.100111604177));
#541 = CARTESIAN_POINT('',(2.425,4.200223208355));
#542 = CARTESIAN_POINT('',(2.425,0.));
#543 = ( GEOMETRIC_REPRESENTATION_CONTEXT(2) 
PARAMETRIC_REPRESENTATION_CONTEXT() REPRESENTATION_CONTEXT('2D SPACE',''
  ) );
#544 = ADVANCED_FACE('',(#545,#609),#479,.F.);
#545 = FACE_BOUND('',#546,.F.);
#546 = EDGE_LOOP('',(#547,#582));
#547 = ORIENTED_EDGE('',*,*,#548,.F.);
#548 = EDGE_CURVE('',#549,#551,#553,.T.);
#549 = VERTEX_POINT('',#550);
#550 = CARTESIAN_POINT('',(11.6,-2.6,0.));
#551 = VERTEX_POINT('',#552);
#552 = CARTESIAN_POINT('',(11.6,2.6,0.));
#553 = SURFACE_CURVE('',#554,(#559,#570),.PCURVE_S1.);
#554 = CIRCLE('',#555,2.6);
#555 = AXIS2_PLACEMENT_3D('',#556,#557,#558);
#556 = CARTESIAN_POINT('',(11.6,0.,0.));
#557 = DIRECTION('',(1.,0.,0.));
#558 = DIRECTION('',(0.,-1.,0.));
#559 = PCURVE('',#479,#560);
#560 = DEFINITIONAL_REPRESENTATION('',(#561),#569);
#561 = ( BOUNDED_CURVE() B_SPLINE_CURVE(2,(#562,#563,#564,#565,#566,#567
,#568),.UNSPECIFIED.,.T.,.F.) B_SPLINE_CURVE_WITH_KNOTS((1,2,2,2,2,1),(
    -2.094395102393,0.,2.094395102393,4.188790204786,6.28318530718,
8.377580409573),.UNSPECIFIED.) CURVE() GEOMETRIC_REPRESENTATION_ITEM() 
RATIONAL_B_SPLINE_CURVE((1.,0.5,1.,0.5,1.,0.5,1.)) REPRESENTATION_ITEM(
  '') );
#562 = CARTESIAN_POINT('',(2.6,0.));
#563 = CARTESIAN_POINT('',(2.6,-4.503332099679));
#564 = CARTESIAN_POINT('',(-1.3,-2.25166604984));
#565 = CARTESIAN_POINT('',(-5.2,-6.368163355566E-16));
#566 = CARTESIAN_POINT('',(-1.3,2.25166604984));
#567 = CARTESIAN_POINT('',(2.6,4.503332099679));
#568 = CARTESIAN_POINT('',(2.6,0.));
#569 = ( GEOMETRIC_REPRESENTATION_CONTEXT(2) 
PARAMETRIC_REPRESENTATION_CONTEXT() REPRESENTATION_CONTEXT('2D SPACE',''
  ) );
#570 = PCURVE('',#571,#576);
#571 = CONICAL_SURFACE('',#572,2.65,0.785398163397);
#572 = AXIS2_PLACEMENT_3D('',#573,#574,#575);
#573 = CARTESIAN_POINT('',(11.55,0.,0.));
#574 = DIRECTION('',(-1.,0.,0.));
#575 = DIRECTION('',(0.,-1.,0.));
#576 = DEFINITIONAL_REPRESENTATION('',(#577),#581);
#577 = LINE('',#578,#579);
#578 = CARTESIAN_POINT('',(6.28318530718,-5.E-02));
#579 = VECTOR('',#580,1.);
#580 = DIRECTION('',(-1.,0.));
#581 = ( GEOMETRIC_REPRESENTATION_CONTEXT(2) 
PARAMETRIC_REPRESENTATION_CONTEXT() REPRESENTATION_CONTEXT('2D SPACE',''
  ) );
#582 = ORIENTED_EDGE('',*,*,#583,.T.);
#583 = EDGE_CURVE('',#549,#551,#584,.T.);
#584 = SURFACE_CURVE('',#585,(#590,#597),.PCURVE_S1.);
#585 = CIRCLE('',#586,2.6);
#586 = AXIS2_PLACEMENT_3D('',#587,#588,#589);
#587 = CARTESIAN_POINT('',(11.6,0.,0.));
#588 = DIRECTION('',(-1.,0.,0.));
#589 = DIRECTION('',(0.,-1.,0.));
#590 = PCURVE('',#479,#591);
#591 = DEFINITIONAL_REPRESENTATION('',(#592),#596);
#592 = CIRCLE('',#593,2.6);
#593 = AXIS2_PLACEMENT_2D('',#594,#595);
#594 = CARTESIAN_POINT('',(0.,0.));
#595 = DIRECTION('',(1.,0.));
#596 = ( GEOMETRIC_REPRESENTATION_CONTEXT(2) 
PARAMETRIC_REPRESENTATION_CONTEXT() REPRESENTATION_CONTEXT('2D SPACE',''
  ) );
#597 = PCURVE('',#598,#603);
#598 = CONICAL_SURFACE('',#599,2.65,0.785398163397);
#599 = AXIS2_PLACEMENT_3D('',#600,#601,#602);
#600 = CARTESIAN_POINT('',(11.55,0.,0.));
#601 = DIRECTION('',(-1.,0.,0.));
#602 = DIRECTION('',(0.,-1.,0.));
#603 = DEFINITIONAL_REPRESENTATION('',(#604),#608);
#604 = LINE('',#605,#606);
#605 = CARTESIAN_POINT('',(0.,-5.E-02));
#606 = VECTOR('',#607,1.);
#607 = DIRECTION('',(1.,0.));
#608 = ( GEOMETRIC_REPRESENTATION_CONTEXT(2) 
PARAMETRIC_REPRESENTATION_CONTEXT() REPRESENTATION_CONTEXT('2D SPACE',''
  ) );
#609 = FACE_BOUND('',#610,.F.);
#610 = EDGE_LOOP('',(#611,#612));
#611 = ORIENTED_EDGE('',*,*,#462,.F.);
#612 = ORIENTED_EDGE('',*,*,#519,.T.);
#613 = ADVANCED_FACE('',(#614),#571,.T.);
#614 = FACE_BOUND('',#615,.T.);
#615 = EDGE_LOOP('',(#616,#647,#668,#669));
#616 = ORIENTED_EDGE('',*,*,#617,.T.);
#617 = EDGE_CURVE('',#618,#620,#622,.T.);
#618 = VERTEX_POINT('',#619);
#619 = CARTESIAN_POINT('',(11.5,-2.7,0.));
#620 = VERTEX_POINT('',#621);
#621 = CARTESIAN_POINT('',(11.5,2.7,0.));
#622 = SURFACE_CURVE('',#623,(#628,#635),.PCURVE_S1.);
#623 = CIRCLE('',#624,2.7);
#624 = AXIS2_PLACEMENT_3D('',#625,#626,#627);
#625 = CARTESIAN_POINT('',(11.5,0.,0.));
#626 = DIRECTION('',(1.,0.,0.));
#627 = DIRECTION('',(0.,-1.,0.));
#628 = PCURVE('',#571,#629);
#629 = DEFINITIONAL_REPRESENTATION('',(#630),#634);
#630 = LINE('',#631,#632);
#631 = CARTESIAN_POINT('',(6.28318530718,5.E-02));
#632 = VECTOR('',#633,1.);
#633 = DIRECTION('',(-1.,0.));
#634 = ( GEOMETRIC_REPRESENTATION_CONTEXT(2) 
PARAMETRIC_REPRESENTATION_CONTEXT() REPRESENTATION_CONTEXT('2D SPACE',''
  ) );
#635 = PCURVE('',#636,#641);
#636 = CYLINDRICAL_SURFACE('',#637,2.7);
#637 = AXIS2_PLACEMENT_3D('',#638,#639,#640);
#638 = CARTESIAN_POINT('',(12.055,0.,0.));
#639 = DIRECTION('',(-1.,0.,0.));
#640 = DIRECTION('',(0.,-1.,0.));
#641 = DEFINITIONAL_REPRESENTATION('',(#642),#646);
#642 = LINE('',#643,#644);
#643 = CARTESIAN_POINT('',(6.28318530718,0.555));
#644 = VECTOR('',#645,1.);
#645 = DIRECTION('',(-1.,0.));
#646 = ( GEOMETRIC_REPRESENTATION_CONTEXT(2) 
PARAMETRIC_REPRESENTATION_CONTEXT() REPRESENTATION_CONTEXT('2D SPACE',''
  ) );
#647 = ORIENTED_EDGE('',*,*,#648,.F.);
#648 = EDGE_CURVE('',#551,#620,#649,.T.);
#649 = SURFACE_CURVE('',#650,(#654,#661),.PCURVE_S1.);
#650 = LINE('',#651,#652);
#651 = CARTESIAN_POINT('',(11.6,2.6,0.));
#652 = VECTOR('',#653,1.);
#653 = DIRECTION('',(-0.707106781186,0.707106781187,0.));
#654 = PCURVE('',#571,#655);
#655 = DEFINITIONAL_REPRESENTATION('',(#656),#660);
#656 = LINE('',#657,#658);
#657 = CARTESIAN_POINT('',(3.14159265359,-5.E-02));
#658 = VECTOR('',#659,1.);
#659 = DIRECTION('',(0.,1.));
#660 = ( GEOMETRIC_REPRESENTATION_CONTEXT(2) 
PARAMETRIC_REPRESENTATION_CONTEXT() REPRESENTATION_CONTEXT('2D SPACE',''
  ) );
#661 = PCURVE('',#598,#662);
#662 = DEFINITIONAL_REPRESENTATION('',(#663),#667);
#663 = LINE('',#664,#665);
#664 = CARTESIAN_POINT('',(3.14159265359,-5.E-02));
#665 = VECTOR('',#666,1.);
#666 = DIRECTION('',(0.,1.));
#667 = ( GEOMETRIC_REPRESENTATION_CONTEXT(2) 
PARAMETRIC_REPRESENTATION_CONTEXT() REPRESENTATION_CONTEXT('2D SPACE',''
  ) );
#668 = ORIENTED_EDGE('',*,*,#548,.F.);
#669 = ORIENTED_EDGE('',*,*,#670,.T.);
#670 = EDGE_CURVE('',#549,#618,#671,.T.);
#671 = SURFACE_CURVE('',#672,(#676,#683),.PCURVE_S1.);
#672 = LINE('',#673,#674);
#673 = CARTESIAN_POINT('',(11.6,-2.6,0.));
#674 = VECTOR('',#675,1.);
#675 = DIRECTION('',(-0.707106781186,-0.707106781187,0.));
#676 = PCURVE('',#571,#677);
#677 = DEFINITIONAL_REPRESENTATION('',(#678),#682);
#678 = LINE('',#679,#680);
#679 = CARTESIAN_POINT('',(6.28318530718,-5.E-02));
#680 = VECTOR('',#681,1.);
#681 = DIRECTION('',(0.,1.));
#682 = ( GEOMETRIC_REPRESENTATION_CONTEXT(2) 
PARAMETRIC_REPRESENTATION_CONTEXT() REPRESENTATION_CONTEXT('2D SPACE',''
  ) );
#683 = PCURVE('',#598,#684);
#684 = DEFINITIONAL_REPRESENTATION('',(#685),#689);
#685 = LINE('',#686,#687);
#686 = CARTESIAN_POINT('',(0.,-5.E-02));
#687 = VECTOR('',#688,1.);
#688 = DIRECTION('',(0.,1.));
#689 = ( GEOMETRIC_REPRESENTATION_CONTEXT(2) 
PARAMETRIC_REPRESENTATION_CONTEXT() REPRESENTATION_CONTEXT('2D SPACE',''
  ) );
#690 = ADVANCED_FACE('',(#691),#598,.T.);
#691 = FACE_BOUND('',#692,.T.);
#692 = EDGE_LOOP('',(#693,#694,#695,#722));
#693 = ORIENTED_EDGE('',*,*,#583,.T.);
#694 = ORIENTED_EDGE('',*,*,#648,.T.);
#695 = ORIENTED_EDGE('',*,*,#696,.F.);
#696 = EDGE_CURVE('',#618,#620,#697,.T.);
#697 = SURFACE_CURVE('',#698,(#703,#710),.PCURVE_S1.);
#698 = CIRCLE('',#699,2.7);
#699 = AXIS2_PLACEMENT_3D('',#700,#701,#702);
#700 = CARTESIAN_POINT('',(11.5,0.,0.));
#701 = DIRECTION('',(-1.,0.,0.));
#702 = DIRECTION('',(0.,-1.,0.));
#703 = PCURVE('',#598,#704);
#704 = DEFINITIONAL_REPRESENTATION('',(#705),#709);
#705 = LINE('',#706,#707);
#706 = CARTESIAN_POINT('',(0.,5.E-02));
#707 = VECTOR('',#708,1.);
#708 = DIRECTION('',(1.,0.));
#709 = ( GEOMETRIC_REPRESENTATION_CONTEXT(2) 
PARAMETRIC_REPRESENTATION_CONTEXT() REPRESENTATION_CONTEXT('2D SPACE',''
  ) );
#710 = PCURVE('',#711,#716);
#711 = CYLINDRICAL_SURFACE('',#712,2.7);
#712 = AXIS2_PLACEMENT_3D('',#713,#714,#715);
#713 = CARTESIAN_POINT('',(12.055,0.,0.));
#714 = DIRECTION('',(-1.,0.,0.));
#715 = DIRECTION('',(0.,-1.,0.));
#716 = DEFINITIONAL_REPRESENTATION('',(#717),#721);
#717 = LINE('',#718,#719);
#718 = CARTESIAN_POINT('',(0.,0.555));
#719 = VECTOR('',#720,1.);
#720 = DIRECTION('',(1.,0.));
#721 = ( GEOMETRIC_REPRESENTATION_CONTEXT(2) 
PARAMETRIC_REPRESENTATION_CONTEXT() REPRESENTATION_CONTEXT('2D SPACE',''
  ) );
#722 = ORIENTED_EDGE('',*,*,#670,.F.);
#723 = ADVANCED_FACE('',(#724),#711,.T.);
#724 = FACE_BOUND('',#725,.T.);
#725 = EDGE_LOOP('',(#726,#757,#778,#779,#802,#831));
#726 = ORIENTED_EDGE('',*,*,#727,.F.);
#727 = EDGE_CURVE('',#728,#730,#732,.T.);
#728 = VERTEX_POINT('',#729);
#729 = CARTESIAN_POINT('',(10.8,-2.7,0.));
#730 = VERTEX_POINT('',#731);
#731 = CARTESIAN_POINT('',(10.8,-1.203077690566,2.417147920683));
#732 = SURFACE_CURVE('',#733,(#738,#745),.PCURVE_S1.);
#733 = CIRCLE('',#734,2.7);
#734 = AXIS2_PLACEMENT_3D('',#735,#736,#737);
#735 = CARTESIAN_POINT('',(10.8,0.,0.));
#736 = DIRECTION('',(-1.,0.,0.));
#737 = DIRECTION('',(0.,-1.,0.));
#738 = PCURVE('',#711,#739);
#739 = DEFINITIONAL_REPRESENTATION('',(#740),#744);
#740 = LINE('',#741,#742);
#741 = CARTESIAN_POINT('',(0.,1.255));
#742 = VECTOR('',#743,1.);
#743 = DIRECTION('',(1.,0.));
#744 = ( GEOMETRIC_REPRESENTATION_CONTEXT(2) 
PARAMETRIC_REPRESENTATION_CONTEXT() REPRESENTATION_CONTEXT('2D SPACE',''
  ) );
#745 = PCURVE('',#746,#751);
#746 = CONICAL_SURFACE('',#747,2.8975,0.785398163397);
#747 = AXIS2_PLACEMENT_3D('',#748,#749,#750);
#748 = CARTESIAN_POINT('',(10.6025,0.,0.));
#749 = DIRECTION('',(-1.,0.,0.));
#750 = DIRECTION('',(0.,-1.,0.));
#751 = DEFINITIONAL_REPRESENTATION('',(#752),#756);
#752 = LINE('',#753,#754);
#753 = CARTESIAN_POINT('',(6.28318530718,-0.1975));
#754 = VECTOR('',#755,1.);
#755 = DIRECTION('',(1.,0.));
#756 = ( GEOMETRIC_REPRESENTATION_CONTEXT(2) 
PARAMETRIC_REPRESENTATION_CONTEXT() REPRESENTATION_CONTEXT('2D SPACE',''
  ) );
#757 = ORIENTED_EDGE('',*,*,#758,.F.);
#758 = EDGE_CURVE('',#618,#728,#759,.T.);
#759 = SURFACE_CURVE('',#760,(#764,#771),.PCURVE_S1.);
#760 = LINE('',#761,#762);
#761 = CARTESIAN_POINT('',(11.5,-2.7,0.));
#762 = VECTOR('',#763,1.);
#763 = DIRECTION('',(-1.,0.,0.));
#764 = PCURVE('',#711,#765);
#765 = DEFINITIONAL_REPRESENTATION('',(#766),#770);
#766 = LINE('',#767,#768);
#767 = CARTESIAN_POINT('',(0.,0.555));
#768 = VECTOR('',#769,1.);
#769 = DIRECTION('',(0.,1.));
#770 = ( GEOMETRIC_REPRESENTATION_CONTEXT(2) 
PARAMETRIC_REPRESENTATION_CONTEXT() REPRESENTATION_CONTEXT('2D SPACE',''
  ) );
#771 = PCURVE('',#636,#772);
#772 = DEFINITIONAL_REPRESENTATION('',(#773),#777);
#773 = LINE('',#774,#775);
#774 = CARTESIAN_POINT('',(6.28318530718,0.555));
#775 = VECTOR('',#776,1.);
#776 = DIRECTION('',(0.,1.));
#777 = ( GEOMETRIC_REPRESENTATION_CONTEXT(2) 
PARAMETRIC_REPRESENTATION_CONTEXT() REPRESENTATION_CONTEXT('2D SPACE',''
  ) );
#778 = ORIENTED_EDGE('',*,*,#696,.T.);
#779 = ORIENTED_EDGE('',*,*,#780,.T.);
#780 = EDGE_CURVE('',#620,#781,#783,.T.);
#781 = VERTEX_POINT('',#782);
#782 = CARTESIAN_POINT('',(10.8,2.7,0.));
#783 = SURFACE_CURVE('',#784,(#788,#795),.PCURVE_S1.);
#784 = LINE('',#785,#786);
#785 = CARTESIAN_POINT('',(11.5,2.7,0.));
#786 = VECTOR('',#787,1.);
#787 = DIRECTION('',(-1.,0.,0.));
#788 = PCURVE('',#711,#789);
#789 = DEFINITIONAL_REPRESENTATION('',(#790),#794);
#790 = LINE('',#791,#792);
#791 = CARTESIAN_POINT('',(3.14159265359,0.555));
#792 = VECTOR('',#793,1.);
#793 = DIRECTION('',(0.,1.));
#794 = ( GEOMETRIC_REPRESENTATION_CONTEXT(2) 
PARAMETRIC_REPRESENTATION_CONTEXT() REPRESENTATION_CONTEXT('2D SPACE',''
  ) );
#795 = PCURVE('',#636,#796);
#796 = DEFINITIONAL_REPRESENTATION('',(#797),#801);
#797 = LINE('',#798,#799);
#798 = CARTESIAN_POINT('',(3.14159265359,0.555));
#799 = VECTOR('',#800,1.);
#800 = DIRECTION('',(0.,1.));
#801 = ( GEOMETRIC_REPRESENTATION_CONTEXT(2) 
PARAMETRIC_REPRESENTATION_CONTEXT() REPRESENTATION_CONTEXT('2D SPACE',''
  ) );
#802 = ORIENTED_EDGE('',*,*,#803,.F.);
#803 = EDGE_CURVE('',#804,#781,#806,.T.);
#804 = VERTEX_POINT('',#805);
#805 = CARTESIAN_POINT('',(10.8,0.915700046402,2.539979020586));
#806 = SURFACE_CURVE('',#807,(#812,#819),.PCURVE_S1.);
#807 = CIRCLE('',#808,2.7);
#808 = AXIS2_PLACEMENT_3D('',#809,#810,#811);
#809 = CARTESIAN_POINT('',(10.8,0.,0.));
#810 = DIRECTION('',(-1.,0.,0.));
#811 = DIRECTION('',(0.,0.339148165334,0.940732970588));
#812 = PCURVE('',#711,#813);
#813 = DEFINITIONAL_REPRESENTATION('',(#814),#818);
#814 = LINE('',#815,#816);
#815 = CARTESIAN_POINT('',(1.91680757533,1.255));
#816 = VECTOR('',#817,1.);
#817 = DIRECTION('',(1.,0.));
#818 = ( GEOMETRIC_REPRESENTATION_CONTEXT(2) 
PARAMETRIC_REPRESENTATION_CONTEXT() REPRESENTATION_CONTEXT('2D SPACE',''
  ) );
#819 = PCURVE('',#820,#825);
#820 = CONICAL_SURFACE('',#821,2.746643666196,0.785398163397);
#821 = AXIS2_PLACEMENT_3D('',#822,#823,#824);
#822 = CARTESIAN_POINT('',(10.7533563338,0.,0.));
#823 = DIRECTION('',(-1.,0.,0.));
#824 = DIRECTION('',(0.,-1.,0.));
#825 = DEFINITIONAL_REPRESENTATION('',(#826),#830);
#826 = LINE('',#827,#828);
#827 = CARTESIAN_POINT('',(1.91680757533,-4.664366619801E-02));
#828 = VECTOR('',#829,1.);
#829 = DIRECTION('',(1.,0.));
#830 = ( GEOMETRIC_REPRESENTATION_CONTEXT(2) 
PARAMETRIC_REPRESENTATION_CONTEXT() REPRESENTATION_CONTEXT('2D SPACE',''
  ) );
#831 = ORIENTED_EDGE('',*,*,#832,.T.);
#832 = EDGE_CURVE('',#804,#730,#833,.T.);
#833 = SURFACE_CURVE('',#834,(#839,#846),.PCURVE_S1.);
#834 = CIRCLE('',#835,2.7);
#835 = AXIS2_PLACEMENT_3D('',#836,#837,#838);
#836 = CARTESIAN_POINT('',(10.8,0.,0.));
#837 = DIRECTION('',(1.,0.,0.));
#838 = DIRECTION('',(-0.,0.339148165334,0.940732970588));
#839 = PCURVE('',#711,#840);
#840 = DEFINITIONAL_REPRESENTATION('',(#841),#845);
#841 = LINE('',#842,#843);
#842 = CARTESIAN_POINT('',(1.91680757533,1.255));
#843 = VECTOR('',#844,1.);
#844 = DIRECTION('',(-1.,0.));
#845 = ( GEOMETRIC_REPRESENTATION_CONTEXT(2) 
PARAMETRIC_REPRESENTATION_CONTEXT() REPRESENTATION_CONTEXT('2D SPACE',''
  ) );
#846 = PCURVE('',#847,#1116);
#847 = B_SPLINE_SURFACE_WITH_KNOTS('',3,3,(
    (#848,#849,#850,#851,#852,#853,#854,#855,#856,#857,#858,#859,#860
      ,#861,#862,#863,#864,#865,#866,#867,#868,#869,#870,#871,#872,#873
      ,#874,#875,#876,#877,#878,#879,#880,#881,#882,#883,#884,#885,#886
      ,#887,#888,#889,#890,#891,#892,#893,#894,#895,#896,#897,#898,#899
      ,#900,#901,#902,#903,#904,#905,#906,#907,#908,#909,#910,#911,#912
      ,#913,#914)
    ,(#915,#916,#917,#918,#919,#920,#921,#922,#923,#924,#925,#926,#927
      ,#928,#929,#930,#931,#932,#933,#934,#935,#936,#937,#938,#939,#940
      ,#941,#942,#943,#944,#945,#946,#947,#948,#949,#950,#951,#952,#953
      ,#954,#955,#956,#957,#958,#959,#960,#961,#962,#963,#964,#965,#966
      ,#967,#968,#969,#970,#971,#972,#973,#974,#975,#976,#977,#978,#979
      ,#980,#981)
    ,(#982,#983,#984,#985,#986,#987,#988,#989,#990,#991,#992,#993,#994
      ,#995,#996,#997,#998,#999,#1000,#1001,#1002,#1003,#1004,#1005
      ,#1006,#1007,#1008,#1009,#1010,#1011,#1012,#1013,#1014,#1015,#1016
      ,#1017,#1018,#1019,#1020,#1021,#1022,#1023,#1024,#1025,#1026,#1027
      ,#1028,#1029,#1030,#1031,#1032,#1033,#1034,#1035,#1036,#1037,#1038
      ,#1039,#1040,#1041,#1042,#1043,#1044,#1045,#1046,#1047,#1048)
    ,(#1049,#1050,#1051,#1052,#1053,#1054,#1055,#1056,#1057,#1058,#1059
      ,#1060,#1061,#1062,#1063,#1064,#1065,#1066,#1067,#1068,#1069,#1070
      ,#1071,#1072,#1073,#1074,#1075,#1076,#1077,#1078,#1079,#1080,#1081
      ,#1082,#1083,#1084,#1085,#1086,#1087,#1088,#1089,#1090,#1091,#1092
      ,#1093,#1094,#1095,#1096,#1097,#1098,#1099,#1100,#1101,#1102,#1103
      ,#1104,#1105,#1106,#1107,#1108,#1109,#1110,#1111,#1112,#1113,#1114
      ,#1115
    )),.UNSPECIFIED.,.F.,.F.,.F.,(4,4),(4,1,1,1,1,1,1,1,1,1,1,1,1,1,1,1,
    1,1,1,1,1,1,1,1,1,1,1,1,1,1,1,1,1,1,1,1,1,1,1,1,1,1,1,1,1,1,1,1,1,1,
    1,1,1,1,1,1,1,1,1,1,1,1,1,1,4),(-0.11715721767,1.11715721767),(
    3.539320967327E-02,5.076071981328E-02,6.612822995329E-02,
    8.14957400933E-02,9.686325023331E-02,0.112230760373,0.127598270513,
    0.142965780653,0.158333290793,0.173700800933,0.189068311073,
    0.204435821213,0.219803331353,0.235170841493,0.250538351633,
    0.265905861773,0.281273371913,0.296640882053,0.312008392193,
    0.327375902333,0.342743412473,0.358110922614,0.373478432754,
    0.388845942893,0.404213453033,0.419580963174,0.434948473314,
    0.450315983453,0.465683493593,0.481051003734,0.496418513874,
    0.511786024014,0.527153534154,0.542521044294,0.557888554434,
    0.573256064574,0.588623574714,0.603991084854,0.619358594994,
    0.634726105134,0.650093615274,0.665461125414,0.680828635554,
    0.696196145694,0.711563655834,0.726931165974,0.742298676114,
    0.757666186254,0.773033696394,0.788401206534,0.803768716674,
    0.819136226814,0.834503736954,0.849871247094,0.865238757234,
    0.880606267374,0.895973777514,0.911341287654,0.926708797794,
    0.942076307934,0.957443818074,0.972811328214,0.988178838354,
    1.003546348494,1.018913858634),.UNSPECIFIED.);
#848 = CARTESIAN_POINT('',(10.94357317798,-2.024986497041,1.785897445768
    ));
#849 = CARTESIAN_POINT('',(10.93191948279,-1.838175688939,1.997717763225
    ));
#850 = CARTESIAN_POINT('',(10.90861209241,-1.397570758942,2.362212658334
    ));
#851 = CARTESIAN_POINT('',(10.87365100685,-0.600133045959,2.678266468285
    ));
#852 = CARTESIAN_POINT('',(10.83868992128,0.255912911704,2.732722284055)
  );
#853 = CARTESIAN_POINT('',(10.80372883571,1.086965549103,2.520272086296)
  );
#854 = CARTESIAN_POINT('',(10.76876775014,1.811852412506,2.061663262933)
  );
#855 = CARTESIAN_POINT('',(10.73380666457,2.359773607314,1.401689462894)
  );
#856 = CARTESIAN_POINT('',(10.698845579,2.677212826665,0.604810917218));
#857 = CARTESIAN_POINT('',(10.66388449343,2.733165447645,-0.251140229161
    ));
#858 = CARTESIAN_POINT('',(10.62892340787,2.522166497128,-1.08256220932)
  );
#859 = CARTESIAN_POINT('',(10.5939623223,2.064824500835,-1.808249030792)
  );
#860 = CARTESIAN_POINT('',(10.55900123673,1.405808602705,-2.357321986745
    ));
#861 = CARTESIAN_POINT('',(10.52404015116,0.609485681319,-2.676152458449
    ));
#862 = CARTESIAN_POINT('',(10.48907906559,-0.246366442343,
    -2.733599888919));
#863 = CARTESIAN_POINT('',(10.45411798002,-1.078155658166,-2.52405331825
    ));
#864 = CARTESIAN_POINT('',(10.41915689445,-1.804640109314,
    -2.067979412969));
#865 = CARTESIAN_POINT('',(10.38419580889,-2.354863182436,
    -1.409923461971));
#866 = CARTESIAN_POINT('',(10.34923472332,-2.675083925754,
    -0.614158584392));
#867 = CARTESIAN_POINT('',(10.31427363775,-2.734025992699,0.241591903532
    ));
#868 = CARTESIAN_POINT('',(10.27931255218,-2.52593244044,1.073745818591)
  );
#869 = CARTESIAN_POINT('',(10.24435146661,-2.071128017434,1.801025683328
    ));
#870 = CARTESIAN_POINT('',(10.20939038104,-1.414034020713,2.352397195389
    ));
#871 = CARTESIAN_POINT('',(10.17442929548,-0.618829614176,2.674007233578
    ));
#872 = CARTESIAN_POINT('',(10.13946820991,0.236816627824,2.734443757219)
  );
#873 = CARTESIAN_POINT('',(10.10450712434,1.069332703901,2.52780385809)
  );
#874 = CARTESIAN_POINT('',(10.06954603877,1.797405763897,2.074270304594)
  );
#875 = CARTESIAN_POINT('',(10.0345849532,2.349924033116,1.418140266402)
  );
#876 = CARTESIAN_POINT('',(9.999623867633,2.672922385209,0.623498756421)
  );
#877 = CARTESIAN_POINT('',(9.964662782064,2.734853181203,-0.232040629783
    ));
#878 = CARTESIAN_POINT('',(9.929701696496,2.529667565493,-1.064916327558
    ));
#879 = CARTESIAN_POINT('',(9.894740610927,2.077406264864,-1.79378036206)
  );
#880 = CARTESIAN_POINT('',(9.859779525359,1.422242186514,-2.347443703161
    ));
#881 = CARTESIAN_POINT('',(9.82481843979,0.628165996885,-2.671829383955)
  );
#882 = CARTESIAN_POINT('',(9.789857354222,-0.227263923976,
    -2.735254263403));
#883 = CARTESIAN_POINT('',(9.754896268653,-1.060496703032,
    -2.531523556965));
#884 = CARTESIAN_POINT('',(9.719935183085,-1.790149488878,
    -2.080535888678));
#885 = CARTESIAN_POINT('',(9.684974097516,-2.344956213088,
    -1.426339768536));
#886 = CARTESIAN_POINT('',(9.650013011947,-2.670728233151,
    -0.632831321333));
#887 = CARTESIAN_POINT('',(9.615051926379,-2.735647002596,0.222486524975
    ));
#888 = CARTESIAN_POINT('',(9.58009084081,-2.533371826843,1.056073843804)
  );
#889 = CARTESIAN_POINT('',(9.545129755242,-2.083659166492,1.786513155423
    ));
#890 = CARTESIAN_POINT('',(9.510168669673,-1.430432999971,2.342461570486
    ));
#891 = CARTESIAN_POINT('',(9.475207584105,-0.637494715533,2.669618936155
    ));
#892 = CARTESIAN_POINT('',(9.440246498536,0.21770844735,2.736031397583)
  );
#893 = CARTESIAN_POINT('',(9.405285412968,1.051647763364,2.535212369491)
  );
#894 = CARTESIAN_POINT('',(9.370324327399,1.782871372789,2.086776088779)
  );
#895 = CARTESIAN_POINT('',(9.335363241831,2.339959782962,1.434521868334)
  );
#896 = CARTESIAN_POINT('',(9.300402156262,2.66850149635,0.642156165263)
  );
#897 = CARTESIAN_POINT('',(9.265441070694,2.736407447192,-0.212929705675
    ));
#898 = CARTESIAN_POINT('',(9.230479985125,2.537045179294,-1.047218475213
    ));
#899 = CARTESIAN_POINT('',(9.195518899557,2.089886646031,-1.779224152081
    ));
#900 = CARTESIAN_POINT('',(9.160557813988,1.438606361153,-2.337450858149
    ));
#901 = CARTESIAN_POINT('',(9.125596728419,0.646815656301,-2.667375917144
    ));
#902 = CARTESIAN_POINT('',(9.090635642851,-0.208150314514,
    -2.736775150281));
#903 = CARTESIAN_POINT('',(9.055674557282,-1.042785992907,
    -2.538870250644));
#904 = CARTESIAN_POINT('',(9.020713471714,-1.775571504251,
    -2.092990828832));
#905 = CARTESIAN_POINT('',(8.985752386145,-2.334934804354,
    -1.442686465702));
#906 = CARTESIAN_POINT('',(8.950791300577,-2.666242199524,-0.65147317544
    ));
#907 = CARTESIAN_POINT('',(8.915830215008,-2.737134514856,0.2033702922)
  );
#908 = CARTESIAN_POINT('',(8.88086912944,-2.540687543912,1.038350315951)
  );
#909 = CARTESIAN_POINT('',(8.845908043871,-2.096088754831,1.771913492744
    ));
#910 = CARTESIAN_POINT('',(8.810946958303,-1.446761695133,2.33241143404)
  );
#911 = CARTESIAN_POINT('',(8.775985872734,-0.656130478967,2.665101075487
    ));
#912 = CARTESIAN_POINT('',(8.741024787165,0.198596260877,2.737482820879)
  );
#913 = CARTESIAN_POINT('',(8.717717396786,0.75545661903,2.607499074146)
  );
#914 = CARTESIAN_POINT('',(8.706063701597,1.017080935588,2.501109028104)
  );
#915 = CARTESIAN_POINT('',(10.90654374492,-2.024986497041,1.785897445768
    ));
#916 = CARTESIAN_POINT('',(10.89489004973,-1.838175688939,1.997717763225
    ));
#917 = CARTESIAN_POINT('',(10.87158265935,-1.397570758942,2.362212658334
    ));
#918 = CARTESIAN_POINT('',(10.83662157379,-0.600133045959,2.678266468285
    ));
#919 = CARTESIAN_POINT('',(10.80166048822,0.255912911704,2.732722284055)
  );
#920 = CARTESIAN_POINT('',(10.76669940265,1.086965549103,2.520272086296)
  );
#921 = CARTESIAN_POINT('',(10.73173831708,1.811852412506,2.061663262933)
  );
#922 = CARTESIAN_POINT('',(10.69677723151,2.359773607314,1.401689462894)
  );
#923 = CARTESIAN_POINT('',(10.66181614594,2.677212826665,0.604810917218)
  );
#924 = CARTESIAN_POINT('',(10.62685506037,2.733165447645,-0.251140229161
    ));
#925 = CARTESIAN_POINT('',(10.59189397481,2.522166497128,-1.08256220932)
  );
#926 = CARTESIAN_POINT('',(10.55693288924,2.064824500835,-1.808249030792
    ));
#927 = CARTESIAN_POINT('',(10.52197180367,1.405808602705,-2.357321986745
    ));
#928 = CARTESIAN_POINT('',(10.4870107181,0.609485681319,-2.676152458449)
  );
#929 = CARTESIAN_POINT('',(10.45204963253,-0.246366442343,
    -2.733599888919));
#930 = CARTESIAN_POINT('',(10.41708854696,-1.078155658166,-2.52405331825
    ));
#931 = CARTESIAN_POINT('',(10.38212746139,-1.804640109314,
    -2.067979412969));
#932 = CARTESIAN_POINT('',(10.34716637583,-2.354863182436,
    -1.409923461971));
#933 = CARTESIAN_POINT('',(10.31220529026,-2.675083925754,
    -0.614158584392));
#934 = CARTESIAN_POINT('',(10.27724420469,-2.734025992699,0.241591903532
    ));
#935 = CARTESIAN_POINT('',(10.24228311912,-2.52593244044,1.073745818591)
  );
#936 = CARTESIAN_POINT('',(10.20732203355,-2.071128017434,1.801025683328
    ));
#937 = CARTESIAN_POINT('',(10.17236094798,-1.414034020713,2.352397195389
    ));
#938 = CARTESIAN_POINT('',(10.13739986242,-0.618829614176,2.674007233578
    ));
#939 = CARTESIAN_POINT('',(10.10243877685,0.236816627824,2.734443757219)
  );
#940 = CARTESIAN_POINT('',(10.06747769128,1.069332703901,2.52780385809)
  );
#941 = CARTESIAN_POINT('',(10.03251660571,1.797405763897,2.074270304594)
  );
#942 = CARTESIAN_POINT('',(9.997555520141,2.349924033116,1.418140266402)
  );
#943 = CARTESIAN_POINT('',(9.962594434572,2.672922385209,0.623498756421)
  );
#944 = CARTESIAN_POINT('',(9.927633349004,2.734853181203,-0.232040629783
    ));
#945 = CARTESIAN_POINT('',(9.892672263435,2.529667565493,-1.064916327558
    ));
#946 = CARTESIAN_POINT('',(9.857711177867,2.077406264864,-1.79378036206)
  );
#947 = CARTESIAN_POINT('',(9.822750092298,1.422242186514,-2.347443703161
    ));
#948 = CARTESIAN_POINT('',(9.78778900673,0.628165996885,-2.671829383955)
  );
#949 = CARTESIAN_POINT('',(9.752827921161,-0.227263923976,
    -2.735254263403));
#950 = CARTESIAN_POINT('',(9.717866835593,-1.060496703032,
    -2.531523556965));
#951 = CARTESIAN_POINT('',(9.682905750024,-1.790149488878,
    -2.080535888678));
#952 = CARTESIAN_POINT('',(9.647944664456,-2.344956213088,
    -1.426339768536));
#953 = CARTESIAN_POINT('',(9.612983578887,-2.670728233151,
    -0.632831321333));
#954 = CARTESIAN_POINT('',(9.578022493319,-2.735647002596,0.222486524975
    ));
#955 = CARTESIAN_POINT('',(9.54306140775,-2.533371826843,1.056073843804)
  );
#956 = CARTESIAN_POINT('',(9.508100322182,-2.083659166492,1.786513155423
    ));
#957 = CARTESIAN_POINT('',(9.473139236613,-1.430432999971,2.342461570486
    ));
#958 = CARTESIAN_POINT('',(9.438178151045,-0.637494715533,2.669618936155
    ));
#959 = CARTESIAN_POINT('',(9.403217065476,0.21770844735,2.736031397583)
  );
#960 = CARTESIAN_POINT('',(9.368255979908,1.051647763364,2.535212369491)
  );
#961 = CARTESIAN_POINT('',(9.333294894339,1.782871372789,2.086776088779)
  );
#962 = CARTESIAN_POINT('',(9.298333808771,2.339959782962,1.434521868334)
  );
#963 = CARTESIAN_POINT('',(9.263372723202,2.66850149635,0.642156165263)
  );
#964 = CARTESIAN_POINT('',(9.228411637633,2.736407447192,-0.212929705675
    ));
#965 = CARTESIAN_POINT('',(9.193450552065,2.537045179294,-1.047218475213
    ));
#966 = CARTESIAN_POINT('',(9.158489466496,2.089886646031,-1.779224152081
    ));
#967 = CARTESIAN_POINT('',(9.123528380928,1.438606361153,-2.337450858149
    ));
#968 = CARTESIAN_POINT('',(9.088567295359,0.646815656301,-2.667375917144
    ));
#969 = CARTESIAN_POINT('',(9.053606209791,-0.208150314514,
    -2.736775150281));
#970 = CARTESIAN_POINT('',(9.018645124222,-1.042785992907,
    -2.538870250644));
#971 = CARTESIAN_POINT('',(8.983684038654,-1.775571504251,
    -2.092990828832));
#972 = CARTESIAN_POINT('',(8.948722953085,-2.334934804354,
    -1.442686465702));
#973 = CARTESIAN_POINT('',(8.913761867517,-2.666242199524,-0.65147317544
    ));
#974 = CARTESIAN_POINT('',(8.878800781948,-2.737134514856,0.2033702922)
  );
#975 = CARTESIAN_POINT('',(8.843839696379,-2.540687543912,1.038350315951
    ));
#976 = CARTESIAN_POINT('',(8.808878610811,-2.096088754831,1.771913492744
    ));
#977 = CARTESIAN_POINT('',(8.773917525242,-1.446761695133,2.33241143404)
  );
#978 = CARTESIAN_POINT('',(8.738956439674,-0.656130478967,2.665101075487
    ));
#979 = CARTESIAN_POINT('',(8.703995354105,0.198596260877,2.737482820879)
  );
#980 = CARTESIAN_POINT('',(8.680687963726,0.75545661903,2.607499074146)
  );
#981 = CARTESIAN_POINT('',(8.669034268537,1.017080935588,2.501109028104)
  );
#982 = CARTESIAN_POINT('',(10.86951431186,-2.024986497041,1.785897445768
    ));
#983 = CARTESIAN_POINT('',(10.85786061667,-1.838175688939,1.997717763225
    ));
#984 = CARTESIAN_POINT('',(10.83455322629,-1.397570758942,2.362212658334
    ));
#985 = CARTESIAN_POINT('',(10.79959214072,-0.600133045959,2.678266468285
    ));
#986 = CARTESIAN_POINT('',(10.76463105516,0.255912911704,2.732722284055)
  );
#987 = CARTESIAN_POINT('',(10.72966996959,1.086965549103,2.520272086296)
  );
#988 = CARTESIAN_POINT('',(10.69470888402,1.811852412506,2.061663262933)
  );
#989 = CARTESIAN_POINT('',(10.65974779845,2.359773607314,1.401689462894)
  );
#990 = CARTESIAN_POINT('',(10.62478671288,2.677212826665,0.604810917218)
  );
#991 = CARTESIAN_POINT('',(10.58982562731,2.733165447645,-0.251140229161
    ));
#992 = CARTESIAN_POINT('',(10.55486454175,2.522166497128,-1.08256220932)
  );
#993 = CARTESIAN_POINT('',(10.51990345618,2.064824500835,-1.808249030792
    ));
#994 = CARTESIAN_POINT('',(10.48494237061,1.405808602705,-2.357321986745
    ));
#995 = CARTESIAN_POINT('',(10.44998128504,0.609485681319,-2.676152458449
    ));
#996 = CARTESIAN_POINT('',(10.41502019947,-0.246366442343,
    -2.733599888919));
#997 = CARTESIAN_POINT('',(10.3800591139,-1.078155658166,-2.52405331825)
  );
#998 = CARTESIAN_POINT('',(10.34509802833,-1.804640109314,
    -2.067979412969));
#999 = CARTESIAN_POINT('',(10.31013694277,-2.354863182436,
    -1.409923461971));
#1000 = CARTESIAN_POINT('',(10.2751758572,-2.675083925754,
    -0.614158584392));
#1001 = CARTESIAN_POINT('',(10.24021477163,-2.734025992699,
    0.241591903532));
#1002 = CARTESIAN_POINT('',(10.20525368606,-2.52593244044,1.073745818591
    ));
#1003 = CARTESIAN_POINT('',(10.17029260049,-2.071128017434,
    1.801025683328));
#1004 = CARTESIAN_POINT('',(10.13533151492,-1.414034020713,
    2.352397195389));
#1005 = CARTESIAN_POINT('',(10.10037042935,-0.618829614176,
    2.674007233578));
#1006 = CARTESIAN_POINT('',(10.06540934379,0.236816627824,2.734443757219
    ));
#1007 = CARTESIAN_POINT('',(10.03044825822,1.069332703901,2.52780385809)
  );
#1008 = CARTESIAN_POINT('',(9.995487172649,1.797405763897,2.074270304594
    ));
#1009 = CARTESIAN_POINT('',(9.960526087081,2.349924033116,1.418140266402
    ));
#1010 = CARTESIAN_POINT('',(9.925565001512,2.672922385209,0.623498756421
    ));
#1011 = CARTESIAN_POINT('',(9.890603915944,2.734853181203,
    -0.232040629783));
#1012 = CARTESIAN_POINT('',(9.855642830375,2.529667565493,
    -1.064916327558));
#1013 = CARTESIAN_POINT('',(9.820681744807,2.077406264864,-1.79378036206
    ));
#1014 = CARTESIAN_POINT('',(9.785720659238,1.422242186514,
    -2.347443703161));
#1015 = CARTESIAN_POINT('',(9.75075957367,0.628165996885,-2.671829383955
    ));
#1016 = CARTESIAN_POINT('',(9.715798488101,-0.227263923976,
    -2.735254263403));
#1017 = CARTESIAN_POINT('',(9.680837402533,-1.060496703032,
    -2.531523556965));
#1018 = CARTESIAN_POINT('',(9.645876316964,-1.790149488878,
    -2.080535888678));
#1019 = CARTESIAN_POINT('',(9.610915231396,-2.344956213088,
    -1.426339768536));
#1020 = CARTESIAN_POINT('',(9.575954145827,-2.670728233151,
    -0.632831321333));
#1021 = CARTESIAN_POINT('',(9.540993060259,-2.735647002596,
    0.222486524975));
#1022 = CARTESIAN_POINT('',(9.50603197469,-2.533371826843,1.056073843804
    ));
#1023 = CARTESIAN_POINT('',(9.471070889122,-2.083659166492,
    1.786513155423));
#1024 = CARTESIAN_POINT('',(9.436109803553,-1.430432999971,
    2.342461570486));
#1025 = CARTESIAN_POINT('',(9.401148717984,-0.637494715533,
    2.669618936155));
#1026 = CARTESIAN_POINT('',(9.366187632416,0.21770844735,2.736031397583)
  );
#1027 = CARTESIAN_POINT('',(9.331226546847,1.051647763364,2.535212369491
    ));
#1028 = CARTESIAN_POINT('',(9.296265461279,1.782871372789,2.086776088779
    ));
#1029 = CARTESIAN_POINT('',(9.26130437571,2.339959782962,1.434521868334)
  );
#1030 = CARTESIAN_POINT('',(9.226343290142,2.66850149635,0.642156165263)
  );
#1031 = CARTESIAN_POINT('',(9.191382204573,2.736407447192,
    -0.212929705675));
#1032 = CARTESIAN_POINT('',(9.156421119005,2.537045179294,
    -1.047218475213));
#1033 = CARTESIAN_POINT('',(9.121460033436,2.089886646031,
    -1.779224152081));
#1034 = CARTESIAN_POINT('',(9.086498947868,1.438606361153,
    -2.337450858149));
#1035 = CARTESIAN_POINT('',(9.051537862299,0.646815656301,
    -2.667375917144));
#1036 = CARTESIAN_POINT('',(9.016576776731,-0.208150314514,
    -2.736775150281));
#1037 = CARTESIAN_POINT('',(8.981615691162,-1.042785992907,
    -2.538870250644));
#1038 = CARTESIAN_POINT('',(8.946654605593,-1.775571504251,
    -2.092990828832));
#1039 = CARTESIAN_POINT('',(8.911693520025,-2.334934804354,
    -1.442686465702));
#1040 = CARTESIAN_POINT('',(8.876732434456,-2.666242199524,
    -0.65147317544));
#1041 = CARTESIAN_POINT('',(8.841771348888,-2.737134514856,0.2033702922)
  );
#1042 = CARTESIAN_POINT('',(8.806810263319,-2.540687543912,
    1.038350315951));
#1043 = CARTESIAN_POINT('',(8.771849177751,-2.096088754831,
    1.771913492744));
#1044 = CARTESIAN_POINT('',(8.736888092182,-1.446761695133,2.33241143404
    ));
#1045 = CARTESIAN_POINT('',(8.701927006614,-0.656130478967,
    2.665101075487));
#1046 = CARTESIAN_POINT('',(8.666965921045,0.198596260877,2.737482820879
    ));
#1047 = CARTESIAN_POINT('',(8.643658530666,0.75545661903,2.607499074146)
  );
#1048 = CARTESIAN_POINT('',(8.632004835476,1.017080935588,2.501109028104
    ));
#1049 = CARTESIAN_POINT('',(10.8324848788,-2.024986497041,1.785897445768
    ));
#1050 = CARTESIAN_POINT('',(10.82083118361,-1.838175688939,
    1.997717763225));
#1051 = CARTESIAN_POINT('',(10.79752379323,-1.397570758942,
    2.362212658334));
#1052 = CARTESIAN_POINT('',(10.76256270766,-0.600133045959,
    2.678266468285));
#1053 = CARTESIAN_POINT('',(10.7276016221,0.255912911704,2.732722284055)
  );
#1054 = CARTESIAN_POINT('',(10.69264053653,1.086965549103,2.520272086296
    ));
#1055 = CARTESIAN_POINT('',(10.65767945096,1.811852412506,2.061663262933
    ));
#1056 = CARTESIAN_POINT('',(10.62271836539,2.359773607314,1.401689462894
    ));
#1057 = CARTESIAN_POINT('',(10.58775727982,2.677212826665,0.604810917218
    ));
#1058 = CARTESIAN_POINT('',(10.55279619425,2.733165447645,
    -0.251140229161));
#1059 = CARTESIAN_POINT('',(10.51783510869,2.522166497128,-1.08256220932
    ));
#1060 = CARTESIAN_POINT('',(10.48287402312,2.064824500835,
    -1.808249030792));
#1061 = CARTESIAN_POINT('',(10.44791293755,1.405808602705,
    -2.357321986745));
#1062 = CARTESIAN_POINT('',(10.41295185198,0.609485681319,
    -2.676152458449));
#1063 = CARTESIAN_POINT('',(10.37799076641,-0.246366442343,
    -2.733599888919));
#1064 = CARTESIAN_POINT('',(10.34302968084,-1.078155658166,
    -2.52405331825));
#1065 = CARTESIAN_POINT('',(10.30806859527,-1.804640109314,
    -2.067979412969));
#1066 = CARTESIAN_POINT('',(10.27310750971,-2.354863182436,
    -1.409923461971));
#1067 = CARTESIAN_POINT('',(10.23814642414,-2.675083925754,
    -0.614158584392));
#1068 = CARTESIAN_POINT('',(10.20318533857,-2.734025992699,
    0.241591903532));
#1069 = CARTESIAN_POINT('',(10.168224253,-2.52593244044,1.073745818591)
  );
#1070 = CARTESIAN_POINT('',(10.13326316743,-2.071128017434,
    1.801025683328));
#1071 = CARTESIAN_POINT('',(10.09830208186,-1.414034020713,
    2.352397195389));
#1072 = CARTESIAN_POINT('',(10.06334099629,-0.618829614176,
    2.674007233578));
#1073 = CARTESIAN_POINT('',(10.02837991073,0.236816627824,2.734443757219
    ));
#1074 = CARTESIAN_POINT('',(9.993418825158,1.069332703901,2.52780385809)
  );
#1075 = CARTESIAN_POINT('',(9.958457739589,1.797405763897,2.074270304594
    ));
#1076 = CARTESIAN_POINT('',(9.923496654021,2.349924033116,1.418140266402
    ));
#1077 = CARTESIAN_POINT('',(9.888535568452,2.672922385209,0.623498756421
    ));
#1078 = CARTESIAN_POINT('',(9.853574482884,2.734853181203,
    -0.232040629783));
#1079 = CARTESIAN_POINT('',(9.818613397315,2.529667565493,
    -1.064916327558));
#1080 = CARTESIAN_POINT('',(9.783652311747,2.077406264864,-1.79378036206
    ));
#1081 = CARTESIAN_POINT('',(9.748691226178,1.422242186514,
    -2.347443703161));
#1082 = CARTESIAN_POINT('',(9.71373014061,0.628165996885,-2.671829383955
    ));
#1083 = CARTESIAN_POINT('',(9.678769055041,-0.227263923976,
    -2.735254263403));
#1084 = CARTESIAN_POINT('',(9.643807969472,-1.060496703032,
    -2.531523556965));
#1085 = CARTESIAN_POINT('',(9.608846883904,-1.790149488878,
    -2.080535888678));
#1086 = CARTESIAN_POINT('',(9.573885798335,-2.344956213088,
    -1.426339768536));
#1087 = CARTESIAN_POINT('',(9.538924712767,-2.670728233151,
    -0.632831321333));
#1088 = CARTESIAN_POINT('',(9.503963627198,-2.735647002596,
    0.222486524975));
#1089 = CARTESIAN_POINT('',(9.46900254163,-2.533371826843,1.056073843804
    ));
#1090 = CARTESIAN_POINT('',(9.434041456061,-2.083659166492,
    1.786513155423));
#1091 = CARTESIAN_POINT('',(9.399080370493,-1.430432999971,
    2.342461570486));
#1092 = CARTESIAN_POINT('',(9.364119284924,-0.637494715533,
    2.669618936155));
#1093 = CARTESIAN_POINT('',(9.329158199356,0.21770844735,2.736031397583)
  );
#1094 = CARTESIAN_POINT('',(9.294197113787,1.051647763364,2.535212369491
    ));
#1095 = CARTESIAN_POINT('',(9.259236028219,1.782871372789,2.086776088779
    ));
#1096 = CARTESIAN_POINT('',(9.22427494265,2.339959782962,1.434521868334)
  );
#1097 = CARTESIAN_POINT('',(9.189313857082,2.66850149635,0.642156165263)
  );
#1098 = CARTESIAN_POINT('',(9.154352771513,2.736407447192,
    -0.212929705675));
#1099 = CARTESIAN_POINT('',(9.119391685945,2.537045179294,
    -1.047218475213));
#1100 = CARTESIAN_POINT('',(9.084430600376,2.089886646031,
    -1.779224152081));
#1101 = CARTESIAN_POINT('',(9.049469514807,1.438606361153,
    -2.337450858149));
#1102 = CARTESIAN_POINT('',(9.014508429239,0.646815656301,
    -2.667375917144));
#1103 = CARTESIAN_POINT('',(8.97954734367,-0.208150314514,
    -2.736775150281));
#1104 = CARTESIAN_POINT('',(8.944586258102,-1.042785992907,
    -2.538870250644));
#1105 = CARTESIAN_POINT('',(8.909625172533,-1.775571504251,
    -2.092990828832));
#1106 = CARTESIAN_POINT('',(8.874664086965,-2.334934804354,
    -1.442686465702));
#1107 = CARTESIAN_POINT('',(8.839703001396,-2.666242199524,
    -0.65147317544));
#1108 = CARTESIAN_POINT('',(8.804741915828,-2.737134514856,0.2033702922)
  );
#1109 = CARTESIAN_POINT('',(8.769780830259,-2.540687543912,
    1.038350315951));
#1110 = CARTESIAN_POINT('',(8.734819744691,-2.096088754831,
    1.771913492744));
#1111 = CARTESIAN_POINT('',(8.699858659122,-1.446761695133,2.33241143404
    ));
#1112 = CARTESIAN_POINT('',(8.664897573553,-0.656130478967,
    2.665101075487));
#1113 = CARTESIAN_POINT('',(8.629936487985,0.198596260877,2.737482820879
    ));
#1114 = CARTESIAN_POINT('',(8.606629097606,0.75545661903,2.607499074146)
  );
#1115 = CARTESIAN_POINT('',(8.594975402416,1.017080935588,2.501109028104
    ));
#1116 = DEFINITIONAL_REPRESENTATION('',(#1117),#1120);
#1117 = B_SPLINE_CURVE_WITH_KNOTS('',1,(#1118,#1119),.UNSPECIFIED.,.F.,
  .F.,(2,2),(0.,0.807838110923),.PIECEWISE_BEZIER_KNOTS.);
#1118 = CARTESIAN_POINT('',(2.97115139913E-06,9.386739032844E-02));
#1119 = CARTESIAN_POINT('',(0.999996124531,5.430722162084E-02));
#1120 = ( GEOMETRIC_REPRESENTATION_CONTEXT(2) 
PARAMETRIC_REPRESENTATION_CONTEXT() REPRESENTATION_CONTEXT('2D SPACE',''
  ) );
#1121 = ADVANCED_FACE('',(#1122),#847,.F.);
#1122 = FACE_BOUND('',#1123,.F.);
#1123 = EDGE_LOOP('',(#1124,#1125,#1564,#1854));
#1124 = ORIENTED_EDGE('',*,*,#832,.T.);
#1125 = ORIENTED_EDGE('',*,*,#1126,.T.);
#1126 = EDGE_CURVE('',#730,#1127,#1129,.T.);
#1127 = VERTEX_POINT('',#1128);
#1128 = CARTESIAN_POINT('',(8.648548580399,0.,2.7));
#1129 = SURFACE_CURVE('',#1130,(#1283,#1289),.PCURVE_S1.);
#1130 = B_SPLINE_CURVE_WITH_KNOTS('',3,(#1131,#1132,#1133,#1134,#1135,
    #1136,#1137,#1138,#1139,#1140,#1141,#1142,#1143,#1144,#1145,#1146,
    #1147,#1148,#1149,#1150,#1151,#1152,#1153,#1154,#1155,#1156,#1157,
    #1158,#1159,#1160,#1161,#1162,#1163,#1164,#1165,#1166,#1167,#1168,
    #1169,#1170,#1171,#1172,#1173,#1174,#1175,#1176,#1177,#1178,#1179,
    #1180,#1181,#1182,#1183,#1184,#1185,#1186,#1187,#1188,#1189,#1190,
    #1191,#1192,#1193,#1194,#1195,#1196,#1197,#1198,#1199,#1200,#1201,
    #1202,#1203,#1204,#1205,#1206,#1207,#1208,#1209,#1210,#1211,#1212,
    #1213,#1214,#1215,#1216,#1217,#1218,#1219,#1220,#1221,#1222,#1223,
    #1224,#1225,#1226,#1227,#1228,#1229,#1230,#1231,#1232,#1233,#1234,
    #1235,#1236,#1237,#1238,#1239,#1240,#1241,#1242,#1243,#1244,#1245,
    #1246,#1247,#1248,#1249,#1250,#1251,#1252,#1253,#1254,#1255,#1256,
    #1257,#1258,#1259,#1260,#1261,#1262,#1263,#1264,#1265,#1266,#1267,
    #1268,#1269,#1270,#1271,#1272,#1273,#1274,#1275,#1276,#1277,#1278,
    #1279,#1280,#1281,#1282),.UNSPECIFIED.,.F.,.F.,(4,1,1,1,1,1,1,1,1,1,
    1,1,1,1,1,1,1,1,1,1,1,1,1,1,1,1,1,1,1,1,1,1,1,1,1,1,1,1,1,1,1,1,1,1,
    1,1,1,1,1,1,1,1,1,1,1,1,1,1,1,1,1,1,1,1,1,1,1,1,1,1,1,1,1,1,1,1,1,1,
    1,1,1,1,1,1,1,1,1,1,1,1,1,1,1,1,1,1,1,1,1,1,1,1,1,1,1,1,1,1,1,1,1,1,
    1,1,1,1,1,1,1,1,1,1,1,1,1,1,1,1,1,1,1,1,1,1,1,1,1,1,1,1,1,1,1,1,1,1,
    1,1,1,4),(0.,6.711409395973E-03,1.342281879195E-02,
    2.013422818792E-02,2.684563758389E-02,3.355704697987E-02,
    4.026845637584E-02,4.697986577181E-02,5.369127516779E-02,
    6.040268456376E-02,6.711409395973E-02,7.38255033557E-02,
    8.053691275168E-02,8.724832214765E-02,9.395973154362E-02,
    0.10067114094,0.107382550336,0.114093959731,0.120805369128,
    0.127516778523,0.13422818792,0.140939597315,0.147651006711,
    0.154362416107,0.161073825503,0.167785234899,0.174496644295,
    0.181208053691,0.187919463087,0.194630872483,0.201342281879,
    0.208053691275,0.214765100671,0.221476510067,0.228187919463,
    0.234899328859,0.241610738255,0.248322147651,0.255033557047,
    0.261744966443,0.268456375839,0.275167785235,0.281879194631,
    0.288590604027,0.295302013423,0.302013422819,0.308724832215,
    0.315436241611,0.322147651007,0.328859060403,0.335570469799,
    0.342281879195,0.348993288591,0.355704697987,0.362416107383,
    0.369127516778,0.375838926174,0.38255033557,0.389261744966,
    0.395973154362,0.402684563758,0.409395973154,0.41610738255,
    0.422818791946,0.429530201342,0.436241610738,0.442953020134,
    0.44966442953,0.456375838926,0.463087248322,0.469798657718,
    0.476510067114,0.48322147651,0.489932885906,0.496644295302,
    0.503355704698,0.510067114094,0.51677852349,0.523489932886,
    0.530201342282,0.536912751678,0.543624161074,0.55033557047,
    0.557046979866,0.563758389262,0.570469798658,0.577181208054,
    0.58389261745,0.590604026846,0.597315436242,0.604026845638,
    0.610738255034,0.61744966443,0.624161073826,0.630872483222,
    0.637583892617,0.644295302013,0.651006711409,0.657718120805,
    0.664429530201,0.671140939597,0.677852348993,0.684563758389,
    0.691275167785,0.697986577181,0.704697986577,0.711409395973,
    0.718120805369,0.724832214765,0.731543624161,0.738255033557,
    0.744966442953,0.751677852349,0.758389261745,0.765100671141,
    0.771812080537,0.778523489933,0.785234899329,0.791946308725,
    0.798657718121,0.805369127517,0.812080536913,0.818791946309,
    0.825503355705,0.832214765101,0.838926174497,0.845637583893,
    0.852348993289,0.859060402685,0.865771812081,0.872483221477,
    0.879194630873,0.885906040268,0.892617449664,0.89932885906,
    0.906040268456,0.912751677852,0.919463087248,0.926174496644,
    0.93288590604,0.939597315436,0.946308724832,0.953020134228,
    0.959731543624,0.96644295302,0.973154362416,0.979865771812,
    0.986577181208,0.993288590604,1.),.UNSPECIFIED.);
#1131 = CARTESIAN_POINT('',(10.8,-1.203077690566,2.417147920683));
#1132 = CARTESIAN_POINT('',(10.7951860411,-1.098632743243,2.46913290056)
  );
#1133 = CARTESIAN_POINT('',(10.7855587276,-0.883008282201,2.559537520535
    ));
#1134 = CARTESIAN_POINT('',(10.7711200232,-0.544810377018,2.652189236151
    ));
#1135 = CARTESIAN_POINT('',(10.75668222585,-0.197497025329,
    2.700355467927));
#1136 = CARTESIAN_POINT('',(10.74224436665,0.153129980249,2.70323448652)
  );
#1137 = CARTESIAN_POINT('',(10.72780572878,0.501207948786,2.660775988579
    ));
#1138 = CARTESIAN_POINT('',(10.71336419721,0.840946535544,2.573666237008
    ));
#1139 = CARTESIAN_POINT('',(10.69892302605,1.166565126575,2.443371090308
    ));
#1140 = CARTESIAN_POINT('',(10.68448445927,1.472556593342,2.272114075365
    ));
#1141 = CARTESIAN_POINT('',(10.67004665992,1.753835909884,2.062761408384
    ));
#1142 = CARTESIAN_POINT('',(10.65560878059,2.005703093472,1.818812954705
    ));
#1143 = CARTESIAN_POINT('',(10.6411700967,2.223945596724,1.544346191387)
  );
#1144 = CARTESIAN_POINT('',(10.62672840277,2.40491916003,1.243910263206)
  );
#1145 = CARTESIAN_POINT('',(10.61228740755,2.545528647228,0.922615582452
    ));
#1146 = CARTESIAN_POINT('',(10.59784887547,2.643415641918,0.585900167685
    ));
#1147 = CARTESIAN_POINT('',(10.5834110994,2.696965679576,0.239376576754)
  );
#1148 = CARTESIAN_POINT('',(10.56897319224,2.705285197807,-0.11116468728
    ));
#1149 = CARTESIAN_POINT('',(10.55453445829,2.668232932289,
    -0.459861968254));
#1150 = CARTESIAN_POINT('',(10.54009261629,2.586402621689,
    -0.800918407496));
#1151 = CARTESIAN_POINT('',(10.52565179114,2.461177918347,
    -1.128511418144));
#1152 = CARTESIAN_POINT('',(10.5112132934,2.294690693759,-1.437122073906
    ));
#1153 = CARTESIAN_POINT('',(10.4967755384,2.089728624041,-1.721615316232
    ));
#1154 = CARTESIAN_POINT('',(10.48233760309,1.849717016038,
    -1.977238658166));
#1155 = CARTESIAN_POINT('',(10.46789881309,1.57866784492,-2.199715582486
    ));
#1156 = CARTESIAN_POINT('',(10.45345683782,1.281069924871,
    -2.385331954924));
#1157 = CARTESIAN_POINT('',(10.43901617674,0.962002776777,-2.53090588913
    ));
#1158 = CARTESIAN_POINT('',(10.42457771302,0.626848538402,
    -2.634005717483));
#1159 = CARTESIAN_POINT('',(10.41013997686,0.281198572266,
    -2.692926360055));
#1160 = CARTESIAN_POINT('',(10.39570201308,-6.917274152293E-02,
    -2.706684517986));
#1161 = CARTESIAN_POINT('',(10.38126316102,-0.418405892469,
    -2.675047303891));
#1162 = CARTESIAN_POINT('',(10.36682106729,-0.760696759499,
    -2.598516684804));
#1163 = CARTESIAN_POINT('',(10.35238056428,-1.090185820597,
    -2.478392234892));
#1164 = CARTESIAN_POINT('',(10.33794213425,-1.401341354496,
    -2.316714827959));
#1165 = CARTESIAN_POINT('',(10.32350441472,-1.68898017133,
    -2.116192571262));
#1166 = CARTESIAN_POINT('',(10.30906642214,-1.948298182425,
    -1.880175623035));
#1167 = CARTESIAN_POINT('',(10.29462750202,-2.174956311527,
    -1.612608859961));
#1168 = CARTESIAN_POINT('',(10.28018530464,-2.365170221989,
    -1.317921901531));
#1169 = CARTESIAN_POINT('',(10.2657449537,-2.515673684871,
    -1.001158514727));
#1170 = CARTESIAN_POINT('',(10.25130655703,-2.62396147711,
    -0.667646111513));
#1171 = CARTESIAN_POINT('',(10.23686885192,-2.688238551802,
    -0.322952795462));
#1172 = CARTESIAN_POINT('',(10.22243083021,-2.707432095995,
    2.716423019813E-02));
#1173 = CARTESIAN_POINT('',(10.20799183604,-2.681217495661,
    0.376849730631));
#1174 = CARTESIAN_POINT('',(10.1935495498,-2.610005471062,0.720291272903
    ));
#1175 = CARTESIAN_POINT('',(10.17910934493,-2.495009882755,
    1.051597569413));
#1176 = CARTESIAN_POINT('',(10.16467098131,-2.338181161785,
    1.365223057785));
#1177 = CARTESIAN_POINT('',(10.15023328839,-2.142146871459,
    1.655938345428));
#1178 = CARTESIAN_POINT('',(10.13579523723,-1.910181436195,
    1.918888645828));
#1179 = CARTESIAN_POINT('',(10.12135616299,-1.646161072129,
    2.149673778097));
#1180 = CARTESIAN_POINT('',(10.10691380272,-1.354457293905,
    2.344438789548));
#1181 = CARTESIAN_POINT('',(10.09247373792,-1.040073354679,
    2.499835698266));
#1182 = CARTESIAN_POINT('',(10.07803540701,-0.708283049149,
    2.613285335735));
#1183 = CARTESIAN_POINT('',(10.06359772407,-0.36462917945,2.682903387957
    ));
#1184 = CARTESIAN_POINT('',(10.04915964313,-1.485071993011E-02,
    2.707527756191));
#1185 = CARTESIAN_POINT('',(10.03472048283,0.335203505812,2.68674205113)
  );
#1186 = CARTESIAN_POINT('',(10.02027806333,0.679711676973,2.620866177462
    ));
#1187 = CARTESIAN_POINT('',(10.0058381326,1.012755963126,2.511026848663)
  );
#1188 = CARTESIAN_POINT('',(9.991399834068,1.328775888471,2.359084514029
    ));
#1189 = CARTESIAN_POINT('',(9.976962158895,1.622497807079,2.167585269393
    ));
#1190 = CARTESIAN_POINT('',(9.962524047845,1.889017141365,1.93972722565)
  );
#1191 = CARTESIAN_POINT('',(9.948084795491,2.123874102584,1.679316411775
    ));
#1192 = CARTESIAN_POINT('',(9.933642331566,2.323142624197,1.39066727851)
  );
#1193 = CARTESIAN_POINT('',(9.919202528897,2.483395739758,1.07873791309)
  );
#1194 = CARTESIAN_POINT('',(9.90476426243,2.60197986124,0.748749552144)
  );
#1195 = CARTESIAN_POINT('',(9.890326592801,2.676922158301,0.406217676252
    ));
#1196 = CARTESIAN_POINT('',(9.875888451319,2.706971480648,
    5.68619806653E-02));
#1197 = CARTESIAN_POINT('',(9.861449100904,2.691619670174,
    -0.293477262068));
#1198 = CARTESIAN_POINT('',(9.847006607363,2.631096152713,
    -0.638967743968));
#1199 = CARTESIAN_POINT('',(9.832566926759,2.526439264575,
    -0.973670361749));
#1200 = CARTESIAN_POINT('',(9.818128692028,2.379419839633,
    -1.292008630971));
#1201 = CARTESIAN_POINT('',(9.803691025724,2.19250163472,-1.588666621251
    ));
#1202 = CARTESIAN_POINT('',(9.789252853485,1.968805872919,
    -1.858690873692));
#1203 = CARTESIAN_POINT('',(9.774813399008,1.712066905941,
    -2.097563530004));
#1204 = CARTESIAN_POINT('',(9.76037089066,1.426543109817,-2.30128682961)
  );
#1205 = CARTESIAN_POINT('',(9.74593132612,1.117142866779,-2.466357765493
    ));
#1206 = CARTESIAN_POINT('',(9.731493122797,0.789035862425,
    -2.590047773835));
#1207 = CARTESIAN_POINT('',(9.717055457603,0.447708259258,
    -2.670296308939));
#1208 = CARTESIAN_POINT('',(9.70261725428,9.88594248441E-02,
    -2.705763409155));
#1209 = CARTESIAN_POINT('',(9.68817768974,-0.251681061985,-2.69584920931
    ));
#1210 = CARTESIAN_POINT('',(9.673735181392,-0.598069286767,
    -2.640692897905));
#1211 = CARTESIAN_POINT('',(9.659295726915,-0.934350184503,
    -2.54124340863));
#1212 = CARTESIAN_POINT('',(9.644857554676,-1.25493014729,
    -2.399182230917));
#1213 = CARTESIAN_POINT('',(9.630419888373,-1.554452947356,
    -2.216889963485));
#1214 = CARTESIAN_POINT('',(9.615981653641,-1.827917157375,
    -1.997410372635));
#1215 = CARTESIAN_POINT('',(9.601541973037,-2.070748428477,
    -1.744404680289));
#1216 = CARTESIAN_POINT('',(9.587099479496,-2.278876645314,
    -1.462076122389));
#1217 = CARTESIAN_POINT('',(9.572660129081,-2.448725876361,
    -1.155278955198));
#1218 = CARTESIAN_POINT('',(9.558221987599,-2.5774919454,-0.829132265384
    ));
#1219 = CARTESIAN_POINT('',(9.54378431797,-2.663027441948,-0.48909092566
    ));
#1220 = CARTESIAN_POINT('',(9.529346051503,-2.703903839184,
    -0.140832928801));
#1221 = CARTESIAN_POINT('',(9.514906248834,-2.699429681964,
    0.209824984236));
#1222 = CARTESIAN_POINT('',(9.500463784909,-2.649654067133,
    0.557026156482));
#1223 = CARTESIAN_POINT('',(9.486024532555,-2.555435706055,
    0.894804907518));
#1224 = CARTESIAN_POINT('',(9.471586421505,-2.418366918778,
    1.217549374861));
#1225 = CARTESIAN_POINT('',(9.457148746332,-2.240744379577,
    1.519865037266));
#1226 = CARTESIAN_POINT('',(9.442710447804,-2.025533834247,
    1.796703415111));
#1227 = CARTESIAN_POINT('',(9.428270517069,-1.776321961009,2.04343528765
    ));
#1228 = CARTESIAN_POINT('',(9.413828097567,-1.497257733,2.255917445429)
  );
#1229 = CARTESIAN_POINT('',(9.399388937273,-1.19313698269,2.430504317002
    ));
#1230 = CARTESIAN_POINT('',(9.384950856329,-0.869029092248,
    2.564315398785));
#1231 = CARTESIAN_POINT('',(9.370513173394,-0.53035569889,2.655117314985
    ));
#1232 = CARTESIAN_POINT('',(9.35607484248,-0.182772374831,2.701393225807
    ));
#1233 = CARTESIAN_POINT('',(9.341634777678,0.167919121115,2.702360258684
    ));
#1234 = CARTESIAN_POINT('',(9.327192417407,0.515848240067,2.657977468086
    ));
#1235 = CARTESIAN_POINT('',(9.312753343172,0.855044061536,2.569012730039
    ));
#1236 = CARTESIAN_POINT('',(9.298315292007,1.179875324373,2.436969273851
    ));
#1237 = CARTESIAN_POINT('',(9.283877599094,1.484911233303,2.264059136163
    ));
#1238 = CARTESIAN_POINT('',(9.269439235467,1.765057175915,2.053169483699
    ));
#1239 = CARTESIAN_POINT('',(9.254999030598,2.015630717115,1.807811076694
    ));
#1240 = CARTESIAN_POINT('',(9.240556744364,2.232414737377,1.532079442737
    ));
#1241 = CARTESIAN_POINT('',(9.226117750188,2.411697474775,1.230707820724
    ));
#1242 = CARTESIAN_POINT('',(9.211679728477,2.550521307079,0.908716722431
    ));
#1243 = CARTESIAN_POINT('',(9.197242023367,2.646567840853,0.571492631045
    ));
#1244 = CARTESIAN_POINT('',(9.182803626702,2.698232181589,0.224667653655
    ));
#1245 = CARTESIAN_POINT('',(9.168363275764,2.704640267327,
    -0.125973576089));
#1246 = CARTESIAN_POINT('',(9.153921078377,2.665661062597,
    -0.474545457917));
#1247 = CARTESIAN_POINT('',(9.139482158258,2.58197120257,-0.81507722959)
  );
#1248 = CARTESIAN_POINT('',(9.125044165675,2.454984807642,
    -1.141917077576));
#1249 = CARTESIAN_POINT('',(9.110606446151,2.286828617078,
    -1.449599966205));
#1250 = CARTESIAN_POINT('',(9.096168016122,2.080310665068,
    -1.732986073286));
#1251 = CARTESIAN_POINT('',(9.081727513114,1.838864460202,
    -1.987341444775));
#1252 = CARTESIAN_POINT('',(9.06728541938,1.566532839076,-2.208374160555
    ));
#1253 = CARTESIAN_POINT('',(9.052846567319,1.267982410123,
    -2.392309878694));
#1254 = CARTESIAN_POINT('',(9.038408603538,0.948185585877,
    -2.536112992841));
#1255 = CARTESIAN_POINT('',(9.023970867382,0.612491805314,
    -2.637381087035));
#1256 = CARTESIAN_POINT('',(9.009532403662,0.266508666873,
    -2.694421476429));
#1257 = CARTESIAN_POINT('',(8.995091742584,-8.399846132829E-02,
    -2.706269193204));
#1258 = CARTESIAN_POINT('',(8.980649767312,-0.43312776145,
    -2.672702967162));
#1259 = CARTESIAN_POINT('',(8.966210977305,-0.774914044668,
    -2.594307995236));
#1260 = CARTESIAN_POINT('',(8.951773042001,-1.103683785073,
    -2.472409173618));
#1261 = CARTESIAN_POINT('',(8.937335286996,-1.413939753072,
    -2.309047338193));
#1262 = CARTESIAN_POINT('',(8.92289678926,-1.70049784335,-2.106950842189
    ));
#1263 = CARTESIAN_POINT('',(8.908455964111,-1.958574315201,
    -1.869474650479));
#1264 = CARTESIAN_POINT('',(8.894014122107,-2.183801484976,
    -1.60060959794));
#1265 = CARTESIAN_POINT('',(8.879575388156,-2.372346198329,
    -1.304951763264));
#1266 = CARTESIAN_POINT('',(8.865137481002,-2.521093927288,
    -0.987426165393));
#1267 = CARTESIAN_POINT('',(8.85069970493,-2.627559275186,
    -0.653343338384));
#1268 = CARTESIAN_POINT('',(8.836261172852,-2.689962037371,
    -0.308285329431));
#1269 = CARTESIAN_POINT('',(8.821820177631,-2.707246679187,
    4.200389525022E-02));
#1270 = CARTESIAN_POINT('',(8.807378483703,-2.679101453408,
    0.391605130694));
#1271 = CARTESIAN_POINT('',(8.792939799806,-2.606020130004,
    0.734564187378));
#1272 = CARTESIAN_POINT('',(8.778501920474,-2.489238168216,
    1.065184664091));
#1273 = CARTESIAN_POINT('',(8.764064121128,-2.330709948955,
    1.377939195288));
#1274 = CARTESIAN_POINT('',(8.749625554345,-2.133083599469,1.66760032297
    ));
#1275 = CARTESIAN_POINT('',(8.735184383192,-1.899634297224,
    1.929336287942));
#1276 = CARTESIAN_POINT('',(8.72074285162,-1.634301475071,2.158702609881
    ));
#1277 = CARTESIAN_POINT('',(8.70630421375,-1.341607006094,2.351811242673
    ));
#1278 = CARTESIAN_POINT('',(8.691866354549,-1.026428850351,
    2.505467729456));
#1279 = CARTESIAN_POINT('',(8.677428557197,-0.694037937481,
    2.617104780592));
#1280 = CARTESIAN_POINT('',(8.662989852802,-0.349985502168,2.68485494836
    ));
#1281 = CARTESIAN_POINT('',(8.653362539302,-0.116666983994,2.7));
#1282 = CARTESIAN_POINT('',(8.648548580399,0.,2.7));
#1283 = PCURVE('',#847,#1284);
#1284 = DEFINITIONAL_REPRESENTATION('',(#1285),#1288);
#1285 = B_SPLINE_CURVE_WITH_KNOTS('',1,(#1286,#1287),.UNSPECIFIED.,.F.,
  .F.,(2,2),(0.,1.),.PIECEWISE_BEZIER_KNOTS.);
#1286 = CARTESIAN_POINT('',(0.999996124531,5.430722162084E-02));
#1287 = CARTESIAN_POINT('',(1.000003875426,0.999999846686));
#1288 = ( GEOMETRIC_REPRESENTATION_CONTEXT(2) 
PARAMETRIC_REPRESENTATION_CONTEXT() REPRESENTATION_CONTEXT('2D SPACE',''
  ) );
#1289 = PCURVE('',#1290,#1559);
#1290 = B_SPLINE_SURFACE_WITH_KNOTS('',3,3,(
    (#1291,#1292,#1293,#1294,#1295,#1296,#1297,#1298,#1299,#1300,#1301
      ,#1302,#1303,#1304,#1305,#1306,#1307,#1308,#1309,#1310,#1311,#1312
      ,#1313,#1314,#1315,#1316,#1317,#1318,#1319,#1320,#1321,#1322,#1323
      ,#1324,#1325,#1326,#1327,#1328,#1329,#1330,#1331,#1332,#1333,#1334
      ,#1335,#1336,#1337,#1338,#1339,#1340,#1341,#1342,#1343,#1344,#1345
      ,#1346,#1347,#1348,#1349,#1350,#1351,#1352,#1353,#1354,#1355,#1356
      ,#1357)
    ,(#1358,#1359,#1360,#1361,#1362,#1363,#1364,#1365,#1366,#1367,#1368
      ,#1369,#1370,#1371,#1372,#1373,#1374,#1375,#1376,#1377,#1378,#1379
      ,#1380,#1381,#1382,#1383,#1384,#1385,#1386,#1387,#1388,#1389,#1390
      ,#1391,#1392,#1393,#1394,#1395,#1396,#1397,#1398,#1399,#1400,#1401
      ,#1402,#1403,#1404,#1405,#1406,#1407,#1408,#1409,#1410,#1411,#1412
      ,#1413,#1414,#1415,#1416,#1417,#1418,#1419,#1420,#1421,#1422,#1423
      ,#1424)
    ,(#1425,#1426,#1427,#1428,#1429,#1430,#1431,#1432,#1433,#1434,#1435
      ,#1436,#1437,#1438,#1439,#1440,#1441,#1442,#1443,#1444,#1445,#1446
      ,#1447,#1448,#1449,#1450,#1451,#1452,#1453,#1454,#1455,#1456,#1457
      ,#1458,#1459,#1460,#1461,#1462,#1463,#1464,#1465,#1466,#1467,#1468
      ,#1469,#1470,#1471,#1472,#1473,#1474,#1475,#1476,#1477,#1478,#1479
      ,#1480,#1481,#1482,#1483,#1484,#1485,#1486,#1487,#1488,#1489,#1490
      ,#1491)
    ,(#1492,#1493,#1494,#1495,#1496,#1497,#1498,#1499,#1500,#1501,#1502
      ,#1503,#1504,#1505,#1506,#1507,#1508,#1509,#1510,#1511,#1512,#1513
      ,#1514,#1515,#1516,#1517,#1518,#1519,#1520,#1521,#1522,#1523,#1524
      ,#1525,#1526,#1527,#1528,#1529,#1530,#1531,#1532,#1533,#1534,#1535
      ,#1536,#1537,#1538,#1539,#1540,#1541,#1542,#1543,#1544,#1545,#1546
      ,#1547,#1548,#1549,#1550,#1551,#1552,#1553,#1554,#1555,#1556,#1557
      ,#1558
    )),.UNSPECIFIED.,.F.,.F.,.F.,(4,4),(4,1,1,1,1,1,1,1,1,1,1,1,1,1,1,1,
    1,1,1,1,1,1,1,1,1,1,1,1,1,1,1,1,1,1,1,1,1,1,1,1,1,1,1,1,1,1,1,1,1,1,
    1,1,1,1,1,1,1,1,1,1,1,1,1,1,4),(-9.420703151085E-03,0.431036609736),
  (3.539320967327E-02,5.076071981328E-02,6.612822995329E-02,
    8.14957400933E-02,9.686325023331E-02,0.112230760373,0.127598270513,
    0.142965780653,0.158333290793,0.173700800933,0.189068311073,
    0.204435821213,0.219803331353,0.235170841493,0.250538351633,
    0.265905861773,0.281273371913,0.296640882053,0.312008392193,
    0.327375902333,0.342743412473,0.358110922614,0.373478432754,
    0.388845942893,0.404213453033,0.419580963174,0.434948473314,
    0.450315983453,0.465683493593,0.481051003734,0.496418513874,
    0.511786024014,0.527153534154,0.542521044294,0.557888554434,
    0.573256064574,0.588623574714,0.603991084854,0.619358594994,
    0.634726105134,0.650093615274,0.665461125414,0.680828635554,
    0.696196145694,0.711563655834,0.726931165974,0.742298676114,
    0.757666186254,0.773033696394,0.788401206534,0.803768716674,
    0.819136226814,0.834503736954,0.849871247094,0.865238757234,
    0.880606267374,0.895973777514,0.911341287654,0.926708797794,
    0.942076307934,0.957443818074,0.972811328214,0.988178838354,
    1.003546348494,1.018913858634),.UNSPECIFIED.);
#1291 = CARTESIAN_POINT('',(10.84879799644,-2.018367048735,
    1.780059552114));
#1292 = CARTESIAN_POINT('',(10.83714430125,-1.832166903711,
    1.991187453279));
#1293 = CARTESIAN_POINT('',(10.81383691088,-1.39300226063,2.354490856435
    ));
#1294 = CARTESIAN_POINT('',(10.77887582531,-0.598171279952,
    2.669511522777));
#1295 = CARTESIAN_POINT('',(10.74391473974,0.255076361785,2.723789328739
    ));
#1296 = CARTESIAN_POINT('',(10.70895365417,1.083412383552,2.512033606278
    ));
#1297 = CARTESIAN_POINT('',(10.6739925686,1.805929675045,2.054923922491)
  );
#1298 = CARTESIAN_POINT('',(10.63903148303,2.352059778393,1.397107501012
    ));
#1299 = CARTESIAN_POINT('',(10.60407039746,2.66846132539,0.602833859787)
  );
#1300 = CARTESIAN_POINT('',(10.5691093119,2.724231043678,-0.250319280594
    ));
#1301 = CARTESIAN_POINT('',(10.53414822633,2.513921824499,
    -1.079023437781));
#1302 = CARTESIAN_POINT('',(10.49918714076,2.05807482667,-1.802338072373
    ));
#1303 = CARTESIAN_POINT('',(10.46422605519,1.401213175828,
    -2.349616171889));
#1304 = CARTESIAN_POINT('',(10.42926496962,0.607493342621,
    -2.667404423397));
#1305 = CARTESIAN_POINT('',(10.39430388405,-0.245561098737,
    -2.724664064814));
#1306 = CARTESIAN_POINT('',(10.35934279849,-1.074631291137,
    -2.51580247782));
#1307 = CARTESIAN_POINT('',(10.32438171292,-1.798740948045,
    -2.061219425758));
#1308 = CARTESIAN_POINT('',(10.28942062735,-2.347165405129,
    -1.405314584092));
#1309 = CARTESIAN_POINT('',(10.25445954178,-2.666339383612,
    -0.612150970511));
#1310 = CARTESIAN_POINT('',(10.21949845621,-2.72508877571,0.240802167344
    ));
#1311 = CARTESIAN_POINT('',(10.18453737064,-2.517675457375,1.07023586682
    ));
#1312 = CARTESIAN_POINT('',(10.14957628507,-2.064357737797,
    1.795138337202));
#1313 = CARTESIAN_POINT('',(10.11461519951,-1.409411705889,
    2.344707479111));
#1314 = CARTESIAN_POINT('',(10.07965411394,-0.616806731235,
    2.665266211019));
#1315 = CARTESIAN_POINT('',(10.04469302837,0.236042501464,2.725505174605
    ));
#1316 = CARTESIAN_POINT('',(10.0097319428,1.065837178096,2.519540757576)
  );
#1317 = CARTESIAN_POINT('',(9.974770857232,1.791530250872,2.067489753181
    ));
#1318 = CARTESIAN_POINT('',(9.939809771663,2.342242401321,1.413504528733
    ));
#1319 = CARTESIAN_POINT('',(9.904848686094,2.664184908894,0.62146061059)
  );
#1320 = CARTESIAN_POINT('',(9.869887600526,2.725913260229,
    -0.231282115612));
#1321 = CARTESIAN_POINT('',(9.834926514957,2.521398372733,-1.06143523838
    ));
#1322 = CARTESIAN_POINT('',(9.799965429389,2.070615462357,
    -1.787916700058));
#1323 = CARTESIAN_POINT('',(9.76500434382,1.417593040139,-2.33977017928)
  );
#1324 = CARTESIAN_POINT('',(9.730043258252,0.626112594381,
    -2.663095480536));
#1325 = CARTESIAN_POINT('',(9.695082172683,-0.226521024308,
    -2.726313031338));
#1326 = CARTESIAN_POINT('',(9.660121087115,-1.057030061099,
    -2.523248297181));
#1327 = CARTESIAN_POINT('',(9.625160001546,-1.784297695783,
    -2.073734855791));
#1328 = CARTESIAN_POINT('',(9.590198915978,-2.337290820527,
    -1.421677227636));
#1329 = CARTESIAN_POINT('',(9.555237830409,-2.661997929268,
    -0.630762668419));
#1330 = CARTESIAN_POINT('',(9.520276744841,-2.726704486711,
    0.221759242076));
#1331 = CARTESIAN_POINT('',(9.485315659272,-2.525090525278,1.05262165969
    ));
#1332 = CARTESIAN_POINT('',(9.450354573704,-2.076847923968,
    1.780673249085));
#1333 = CARTESIAN_POINT('',(9.415393488135,-1.425757078767,
    2.334804332624));
#1334 = CARTESIAN_POINT('',(9.380432402567,-0.635410818519,
    2.660892258436));
#1335 = CARTESIAN_POINT('',(9.345471316998,0.216996783438,2.727087625155
    ));
#1336 = CARTESIAN_POINT('',(9.31051023143,1.048210047599,2.526925051403)
  );
#1337 = CARTESIAN_POINT('',(9.275549145861,1.777043371019,2.079954657394
    ));
#1338 = CARTESIAN_POINT('',(9.240588060293,2.332310723157,1.429832581089
    ));
#1339 = CARTESIAN_POINT('',(9.205626974724,2.659778471414,0.640057030505
    ));
#1340 = CARTESIAN_POINT('',(9.170665889156,2.727462445501,
    -0.212233662921));
#1341 = CARTESIAN_POINT('',(9.135704803587,2.528751869962,
    -1.043795238282));
#1342 = CARTESIAN_POINT('',(9.100743718018,2.083055046591,
    -1.773408072657));
#1343 = CARTESIAN_POINT('',(9.06578263245,1.433903722171,-2.329809999731
    ));
#1344 = CARTESIAN_POINT('',(9.030821546881,0.644701290202,
    -2.658656571597));
#1345 = CARTESIAN_POINT('',(8.995860461313,-0.20746989504,
    -2.727828946611));
#1346 = CARTESIAN_POINT('',(8.960899375744,-1.039377245252,
    -2.530570975363));
#1347 = CARTESIAN_POINT('',(8.925938290176,-1.769767364913,
    -2.086149082176));
#1348 = CARTESIAN_POINT('',(8.890977204607,-2.327302170627,
    -1.437970489326));
#1349 = CARTESIAN_POINT('',(8.856016119039,-2.65752655997,
    -0.649343584446));
#1350 = CARTESIAN_POINT('',(8.82105503347,-2.728187136464,0.20270549807)
  );
#1351 = CARTESIAN_POINT('',(8.786093947902,-2.532382328108,
    1.034956068014));
#1352 = CARTESIAN_POINT('',(8.751132862333,-2.08923688141,1.766121311026
    ));
#1353 = CARTESIAN_POINT('',(8.716171776764,-1.4420323973,2.324787048921)
  );
#1354 = CARTESIAN_POINT('',(8.681210691196,-0.653985663783,
    2.656389166136));
#1355 = CARTESIAN_POINT('',(8.646249605627,0.197947072507,2.728534303915
    ));
#1356 = CARTESIAN_POINT('',(8.622942215248,0.752987118101,2.598975459123
    ));
#1357 = CARTESIAN_POINT('',(8.611288520059,1.013756214813,2.492933189923
    ));
#1358 = CARTESIAN_POINT('',(10.75889019354,-2.121529355795,
    1.871041541844));
#1359 = CARTESIAN_POINT('',(10.74723649835,-1.925812192274,
    2.092960563178));
#1360 = CARTESIAN_POINT('',(10.72392910797,-1.46420106812,2.474833045361
    ));
#1361 = CARTESIAN_POINT('',(10.6889680224,-0.628744871259,2.805954974717
    ));
#1362 = CARTESIAN_POINT('',(10.65400693683,0.26811376545,2.86300701527)
  );
#1363 = CARTESIAN_POINT('',(10.61904585127,1.138787505264,2.640428083585
    ));
#1364 = CARTESIAN_POINT('',(10.5840847657,1.898233932481,2.159954715978)
  );
#1365 = CARTESIAN_POINT('',(10.54912368013,2.472277710623,1.468516134593
    ));
#1366 = CARTESIAN_POINT('',(10.51416259456,2.804851099886,0.63364576379)
  );
#1367 = CARTESIAN_POINT('',(10.47920150899,2.863471307041,
    -0.263113541431));
#1368 = CARTESIAN_POINT('',(10.44424042342,2.642412811976,
    -1.134174232718));
#1369 = CARTESIAN_POINT('',(10.40927933786,2.163266668438,
    -1.894458756647));
#1370 = CARTESIAN_POINT('',(10.37431825229,1.472831657705,
    -2.469709207073));
#1371 = CARTESIAN_POINT('',(10.33935716672,0.638543401027,
    -2.803740177764));
#1372 = CARTESIAN_POINT('',(10.30439608115,-0.25811216049,
    -2.863926460652));
#1373 = CARTESIAN_POINT('',(10.26943499558,-1.129557595697,
    -2.644389588812));
#1374 = CARTESIAN_POINT('',(10.23447391001,-1.890677776938,
    -2.166571993543));
#1375 = CARTESIAN_POINT('',(10.19951282444,-2.467133177292,
    -1.477142696194));
#1376 = CARTESIAN_POINT('',(10.16455173888,-2.802620701913,
    -0.64343908851));
#1377 = CARTESIAN_POINT('',(10.12959065331,-2.864372879273,
    0.253109991704));
#1378 = CARTESIAN_POINT('',(10.09462956774,-2.646358299662,
    1.124937513475));
#1379 = CARTESIAN_POINT('',(10.05966848217,-2.169870710257,
    1.886891030288));
#1380 = CARTESIAN_POINT('',(10.0247073966,-1.481449229128,2.464549622331
    ));
#1381 = CARTESIAN_POINT('',(9.989746311033,-0.648332813394,
    2.801492677572));
#1382 = CARTESIAN_POINT('',(9.954785225465,0.248107050888,2.864810561052
    ));
#1383 = CARTESIAN_POINT('',(9.919824139896,1.120313999996,2.648318938653
    ));
#1384 = CARTESIAN_POINT('',(9.884863054328,1.883098528288,2.173162808483
    ));
#1385 = CARTESIAN_POINT('',(9.849901968759,2.461958550059,1.48575124338)
  );
#1386 = CARTESIAN_POINT('',(9.814940883191,2.800356108185,0.653224560748
    ));
#1387 = CARTESIAN_POINT('',(9.779979797622,2.865239504653,
    -0.243103353302));
#1388 = CARTESIAN_POINT('',(9.745018712054,2.650271499804,
    -1.115687069361));
#1389 = CARTESIAN_POINT('',(9.710057626485,2.176448278179,
    -1.879300282506));
#1390 = CARTESIAN_POINT('',(9.675096540917,1.49004872583,-2.459359968379
    ));
#1391 = CARTESIAN_POINT('',(9.640135455348,0.658114315652,
    -2.799210997218));
#1392 = CARTESIAN_POINT('',(9.60517436978,-0.238098914207,-2.86565970877
    ));
#1393 = CARTESIAN_POINT('',(9.570213284211,-1.111056735684,
    -2.65221597716));
#1394 = CARTESIAN_POINT('',(9.535252198642,-1.875496304526,
    -2.179727109324));
#1395 = CARTESIAN_POINT('',(9.500291113074,-2.456753885218,
    -1.494341663368));
#1396 = CARTESIAN_POINT('',(9.465330027505,-2.798057348164,
    -0.663002063192));
#1397 = CARTESIAN_POINT('',(9.430368941937,-2.866071172119,
    0.233093748869));
#1398 = CARTESIAN_POINT('',(9.395407856368,-2.654152364791,
    1.106423013087));
#1399 = CARTESIAN_POINT('',(9.3604467708,-2.182999291918,1.871686605951)
  );
#1400 = CARTESIAN_POINT('',(9.325485685231,-1.498630042902,
    2.454140308525));
#1401 = CARTESIAN_POINT('',(9.290524599663,-0.667887788459,
    2.796895164542));
#1402 = CARTESIAN_POINT('',(9.255563514094,0.228087872552,2.866473893446
    ));
#1403 = CARTESIAN_POINT('',(9.220602428526,1.101785915705,2.656080656789
    ));
#1404 = CARTESIAN_POINT('',(9.185641342957,1.867871198403,2.18626481598)
  );
#1405 = CARTESIAN_POINT('',(9.150680257389,2.45151924627,1.50291385135)
  );
#1406 = CARTESIAN_POINT('',(9.11571917182,2.795724449897,0.672771476551)
  );
#1407 = CARTESIAN_POINT('',(9.080758086252,2.866867871522,
    -0.223081300528));
#1408 = CARTESIAN_POINT('',(9.045797000683,2.658000847273,
    -1.097145457682));
#1409 = CARTESIAN_POINT('',(9.010835915115,2.189523671548,
    -1.864050093517));
#1410 = CARTESIAN_POINT('',(8.975874829546,1.507193075647,-2.44889070645
    ));
#1411 = CARTESIAN_POINT('',(8.940913743977,0.677653112569,
    -2.794545207798));
#1412 = CARTESIAN_POINT('',(8.905952658409,-0.218074048052,
    -2.867253105152));
#1413 = CARTESIAN_POINT('',(8.87099157284,-1.092501653219,
    -2.659912930366));
#1414 = CARTESIAN_POINT('',(8.836030487272,-1.860223302765,
    -2.19277584876));
#1415 = CARTESIAN_POINT('',(8.801069401703,-2.446254697768,
    -1.51146770246));
#1416 = CARTESIAN_POINT('',(8.766108316135,-2.793357439279,
    -0.682532682677));
#1417 = CARTESIAN_POINT('',(8.731147230566,-2.867629602721,
    0.213066134332));
#1418 = CARTESIAN_POINT('',(8.696186144998,-2.661816864551,
    1.087854501799));
#1419 = CARTESIAN_POINT('',(8.661225059429,-2.196021470871,1.85639089262
    ));
#1420 = CARTESIAN_POINT('',(8.626263973861,-1.515737221729,
    2.443611023747));
#1421 = CARTESIAN_POINT('',(8.591302888292,-0.687412026893,
    2.792161911236));
#1422 = CARTESIAN_POINT('',(8.556341802723,0.208064497228,2.867994514514
    ));
#1423 = CARTESIAN_POINT('',(8.533034412344,0.791473620513,2.731813688186
    ));
#1424 = CARTESIAN_POINT('',(8.521380717155,1.065571086633,2.620351411192
    ));
#1425 = CARTESIAN_POINT('',(10.66898239064,-2.224691662854,
    1.962023531574));
#1426 = CARTESIAN_POINT('',(10.65732869545,-2.019457480837,
    2.194733673077));
#1427 = CARTESIAN_POINT('',(10.63402130507,-1.535399875609,
    2.595175234286));
#1428 = CARTESIAN_POINT('',(10.5990602195,-0.659318462567,2.942398426658
    ));
#1429 = CARTESIAN_POINT('',(10.56409913393,0.281151169115,3.002224701802
    ));
#1430 = CARTESIAN_POINT('',(10.52913804836,1.194162626977,2.768822560891
    ));
#1431 = CARTESIAN_POINT('',(10.49417696279,1.990538189916,2.264985509465
    ));
#1432 = CARTESIAN_POINT('',(10.45921587723,2.592495642853,1.539924768174
    ));
#1433 = CARTESIAN_POINT('',(10.42425479166,2.941240874381,0.664457667794
    ));
#1434 = CARTESIAN_POINT('',(10.38929370609,3.002711570404,
    -0.275907802268));
#1435 = CARTESIAN_POINT('',(10.35433262052,2.770903799453,
    -1.189325027655));
#1436 = CARTESIAN_POINT('',(10.31937153495,2.268458510207,
    -1.986579440922));
#1437 = CARTESIAN_POINT('',(10.28441044938,1.544450139582,
    -2.589802242256));
#1438 = CARTESIAN_POINT('',(10.24944936381,0.669593459433,-2.94007593213
    ));
#1439 = CARTESIAN_POINT('',(10.21448827825,-0.270663222243,
    -3.003188856491));
#1440 = CARTESIAN_POINT('',(10.17952719268,-1.184483900256,
    -2.772976699804));
#1441 = CARTESIAN_POINT('',(10.14456610711,-1.982614605831,
    -2.271924561329));
#1442 = CARTESIAN_POINT('',(10.10960502154,-2.587100949454,
    -1.548970808296));
#1443 = CARTESIAN_POINT('',(10.07464393597,-2.938902020214,
    -0.67472720651));
#1444 = CARTESIAN_POINT('',(10.0396828504,-3.003656982836,0.265417816062
    ));
#1445 = CARTESIAN_POINT('',(10.00472176483,-2.775041141949,
    1.179639160129));
#1446 = CARTESIAN_POINT('',(9.969760679266,-2.275383682717,
    1.978643723373));
#1447 = CARTESIAN_POINT('',(9.934799593698,-1.553486752366,2.58439176555
    ));
#1448 = CARTESIAN_POINT('',(9.899838508129,-0.679858895553,
    2.937719144125));
#1449 = CARTESIAN_POINT('',(9.864877422561,0.260171600311,3.004115947498
    ));
#1450 = CARTESIAN_POINT('',(9.829916336992,1.174790821895,2.77709711973)
  );
#1451 = CARTESIAN_POINT('',(9.794955251424,1.974666805704,2.278835863785
    ));
#1452 = CARTESIAN_POINT('',(9.759994165855,2.581674698796,1.557997958028
    ));
#1453 = CARTESIAN_POINT('',(9.725033080287,2.936527307475,0.684988510906
    ));
#1454 = CARTESIAN_POINT('',(9.690071994718,3.004565749078,-0.25492459099
    ));
#1455 = CARTESIAN_POINT('',(9.65511090915,2.779144626875,-1.169938900341
    ));
#1456 = CARTESIAN_POINT('',(9.620149823581,2.282281094001,
    -1.970683864953));
#1457 = CARTESIAN_POINT('',(9.585188738013,1.562504411521,
    -2.578949757478));
#1458 = CARTESIAN_POINT('',(9.550227652444,0.690116036923,-2.9353265139)
  );
#1459 = CARTESIAN_POINT('',(9.515266566876,-0.249676804104,
    -3.005006386202));
#1460 = CARTESIAN_POINT('',(9.480305481307,-1.165083410267,
    -2.78118365714));
#1461 = CARTESIAN_POINT('',(9.445344395739,-1.966694913268,
    -2.285719362858));
#1462 = CARTESIAN_POINT('',(9.41038331017,-2.576216949909,
    -1.567006099101));
#1463 = CARTESIAN_POINT('',(9.375422224602,-2.934116767061,
    -0.695241457966));
#1464 = CARTESIAN_POINT('',(9.340461139033,-3.005437857527,0.24442825566
    ));
#1465 = CARTESIAN_POINT('',(9.305500053465,-2.783214204304,
    1.160224366484));
#1466 = CARTESIAN_POINT('',(9.270538967896,-2.289150659869,
    1.962699962817));
#1467 = CARTESIAN_POINT('',(9.235577882327,-1.571503007037,
    2.573476284425));
#1468 = CARTESIAN_POINT('',(9.200616796759,-0.7003647584,2.932898070648)
  );
#1469 = CARTESIAN_POINT('',(9.16565571119,0.239178961666,3.005860161737)
  );
#1470 = CARTESIAN_POINT('',(9.130694625622,1.155361783811,2.785236262174
    ));
#1471 = CARTESIAN_POINT('',(9.095733540053,1.958699025785,2.292574974566
    ));
#1472 = CARTESIAN_POINT('',(9.060772454485,2.570727769383,1.575995121611
    ));
#1473 = CARTESIAN_POINT('',(9.025811368916,2.93167042838,0.705485922598)
  );
#1474 = CARTESIAN_POINT('',(8.990850283348,3.006273297544,
    -0.233928938134));
#1475 = CARTESIAN_POINT('',(8.955889197779,2.787249824584,-1.15049567708
    ));
#1476 = CARTESIAN_POINT('',(8.920928112211,2.295992296507,
    -1.954692114376));
#1477 = CARTESIAN_POINT('',(8.885967026642,1.580482429125,
    -2.567971413169));
#1478 = CARTESIAN_POINT('',(8.851005941074,0.710604934937,
    -2.930433843998));
#1479 = CARTESIAN_POINT('',(8.816044855505,-0.228678201062,
    -3.006677263693));
#1480 = CARTESIAN_POINT('',(8.781083769936,-1.145626061186,
    -2.789254885369));
#1481 = CARTESIAN_POINT('',(8.746122684368,-1.950679240617,
    -2.299402615345));
#1482 = CARTESIAN_POINT('',(8.711161598799,-2.56520722491,
    -1.584964915594));
#1483 = CARTESIAN_POINT('',(8.676200513231,-2.929188318589,
    -0.715721780908));
#1484 = CARTESIAN_POINT('',(8.641239427662,-3.007072068979,
    0.223426770593));
#1485 = CARTESIAN_POINT('',(8.606278342094,-2.791251400994,
    1.140752935584));
#1486 = CARTESIAN_POINT('',(8.571317256525,-2.302806060332,
    1.946660474214));
#1487 = CARTESIAN_POINT('',(8.536356170957,-1.589442046158,
    2.562434998573));
#1488 = CARTESIAN_POINT('',(8.501395085388,-0.720838390002,
    2.927934656337));
#1489 = CARTESIAN_POINT('',(8.46643399982,0.21818192195,3.007454725113)
  );
#1490 = CARTESIAN_POINT('',(8.44312660944,0.829960122925,2.86465191725)
  );
#1491 = CARTESIAN_POINT('',(8.431472914251,1.117385958453,2.747769632461
    ));
#1492 = CARTESIAN_POINT('',(10.57907458773,-2.327853969914,
    2.053005521304));
#1493 = CARTESIAN_POINT('',(10.56742089254,-2.1131027694,2.296506782977)
  );
#1494 = CARTESIAN_POINT('',(10.54411350216,-1.606598683098,
    2.715517423212));
#1495 = CARTESIAN_POINT('',(10.5091524166,-0.689892053875,3.078841878598
    ));
#1496 = CARTESIAN_POINT('',(10.47419133103,0.29418857278,3.141442388334)
  );
#1497 = CARTESIAN_POINT('',(10.43923024546,1.249537748689,2.897217038198
    ));
#1498 = CARTESIAN_POINT('',(10.40426915989,2.082842447351,2.370016302951
    ));
#1499 = CARTESIAN_POINT('',(10.36930807432,2.712713575084,1.611333401755
    ));
#1500 = CARTESIAN_POINT('',(10.33434698875,3.077630648877,0.695269571797
    ));
#1501 = CARTESIAN_POINT('',(10.29938590318,3.141951833767,
    -0.288702063106));
#1502 = CARTESIAN_POINT('',(10.26442481762,2.89939478693,-1.244475822592
    ));
#1503 = CARTESIAN_POINT('',(10.22946373205,2.373650351975,
    -2.078700125197));
#1504 = CARTESIAN_POINT('',(10.19450264648,1.616068621459,
    -2.709895277439));
#1505 = CARTESIAN_POINT('',(10.15954156091,0.700643517839,
    -3.076411686497));
#1506 = CARTESIAN_POINT('',(10.12458047534,-0.283214283996,
    -3.14245125233));
#1507 = CARTESIAN_POINT('',(10.08961938977,-1.239410204815,
    -2.901563810796));
#1508 = CARTESIAN_POINT('',(10.0546583042,-2.074551434723,
    -2.377277129114));
#1509 = CARTESIAN_POINT('',(10.01969721864,-2.707068721617,
    -1.620798920399));
#1510 = CARTESIAN_POINT('',(9.984736133068,-3.075183338515,
    -0.70601532451));
#1511 = CARTESIAN_POINT('',(9.949775047499,-3.142941086399,
    0.277725640421));
#1512 = CARTESIAN_POINT('',(9.914813961931,-2.903723984237,
    1.234340806783));
#1513 = CARTESIAN_POINT('',(9.879852876362,-2.380896655178,
    2.070396416459));
#1514 = CARTESIAN_POINT('',(9.844891790794,-1.625524275605,2.70423390877
    ));
#1515 = CARTESIAN_POINT('',(9.809930705225,-0.711384977712,
    3.073945610678));
#1516 = CARTESIAN_POINT('',(9.774969619657,0.272236149734,3.143421333945
    ));
#1517 = CARTESIAN_POINT('',(9.740008534088,1.229267643793,2.905875300808
    ));
#1518 = CARTESIAN_POINT('',(9.70504744852,2.06623508312,2.384508919087)
  );
#1519 = CARTESIAN_POINT('',(9.670086362951,2.701390847533,1.630244672676
    ));
#1520 = CARTESIAN_POINT('',(9.635125277383,3.072698506766,0.716752461064
    ));
#1521 = CARTESIAN_POINT('',(9.600164191814,3.143891993502,
    -0.266745828679));
#1522 = CARTESIAN_POINT('',(9.565203106246,2.908017753947,
    -1.224190731321));
#1523 = CARTESIAN_POINT('',(9.530242020677,2.388113909824,-2.0620674474)
  );
#1524 = CARTESIAN_POINT('',(9.495280935109,1.634960097214,
    -2.698539546577));
#1525 = CARTESIAN_POINT('',(9.46031984954,0.722117758195,-3.071442030581
    ));
#1526 = CARTESIAN_POINT('',(9.425358763972,-0.261254694002,
    -3.144353063634));
#1527 = CARTESIAN_POINT('',(9.390397678403,-1.219110084851,
    -2.910151337119));
#1528 = CARTESIAN_POINT('',(9.355436592835,-2.057893522011,
    -2.391711616393));
#1529 = CARTESIAN_POINT('',(9.320475507266,-2.6956800146,-1.639670534835
    ));
#1530 = CARTESIAN_POINT('',(9.285514421698,-3.070176185957,
    -0.72748085274));
#1531 = CARTESIAN_POINT('',(9.250553336129,-3.144804542935,
    0.255762762451));
#1532 = CARTESIAN_POINT('',(9.215592250561,-2.912276043817,1.21402571988
    ));
#1533 = CARTESIAN_POINT('',(9.180631164992,-2.39530202782,2.053713319683
    ));
#1534 = CARTESIAN_POINT('',(9.145670079424,-1.644375971172,
    2.692812260324));
#1535 = CARTESIAN_POINT('',(9.110708993855,-0.732841728341,
    3.068900976754));
#1536 = CARTESIAN_POINT('',(9.075747908287,0.250270050779,3.145246430028
    ));
#1537 = CARTESIAN_POINT('',(9.040786822718,1.208937651916,2.91439186756)
  );
#1538 = CARTESIAN_POINT('',(9.005825737149,2.049526853168,2.398885133154
    ));
#1539 = CARTESIAN_POINT('',(8.970864651581,2.689936292496,1.649076391874
    ));
#1540 = CARTESIAN_POINT('',(8.935903566012,3.067616406863,0.738200368645
    ));
#1541 = CARTESIAN_POINT('',(8.900942480444,3.145678723565,
    -0.244776575739));
#1542 = CARTESIAN_POINT('',(8.865981394875,2.916498801895,
    -1.203845896479));
#1543 = CARTESIAN_POINT('',(8.831020309307,2.402460921465,
    -2.045334135234));
#1544 = CARTESIAN_POINT('',(8.796059223738,1.653771782603,
    -2.687052119888));
#1545 = CARTESIAN_POINT('',(8.76109813817,0.743556757305,-3.066322480199
    ));
#1546 = CARTESIAN_POINT('',(8.726137052601,-0.239282354072,
    -3.146101422234));
#1547 = CARTESIAN_POINT('',(8.691175967033,-1.198750469153,
    -2.918596840372));
#1548 = CARTESIAN_POINT('',(8.656214881464,-2.041135178468,
    -2.40602938193));
#1549 = CARTESIAN_POINT('',(8.621253795896,-2.684159752051,
    -1.658462128728));
#1550 = CARTESIAN_POINT('',(8.586292710327,-3.065019197898,
    -0.748910879139));
#1551 = CARTESIAN_POINT('',(8.551331624758,-3.146514535236,
    0.233787406854));
#1552 = CARTESIAN_POINT('',(8.51637053919,-2.920685937437,1.193651369369
    ));
#1553 = CARTESIAN_POINT('',(8.481409453621,-2.409590649793,
    2.036930055808));
#1554 = CARTESIAN_POINT('',(8.446448368053,-1.663146870587,
    2.681258973399));
#1555 = CARTESIAN_POINT('',(8.411487282484,-0.754264753112,
    3.063707401437));
#1556 = CARTESIAN_POINT('',(8.376526196916,0.228299346671,3.146914935713
    ));
#1557 = CARTESIAN_POINT('',(8.353218806537,0.868446625337,2.997490146314
    ));
#1558 = CARTESIAN_POINT('',(8.341565111347,1.169200830273,2.87518785373)
  );
#1559 = DEFINITIONAL_REPRESENTATION('',(#1560),#1563);
#1560 = B_SPLINE_CURVE_WITH_KNOTS('',1,(#1561,#1562),.UNSPECIFIED.,.F.,
  .F.,(2,2),(0.,1.),.PIECEWISE_BEZIER_KNOTS.);
#1561 = CARTESIAN_POINT('',(2.664609706626E-05,5.430720928425E-02));
#1562 = CARTESIAN_POINT('',(2.698720879247E-05,0.999999834483));
#1563 = ( GEOMETRIC_REPRESENTATION_CONTEXT(2) 
PARAMETRIC_REPRESENTATION_CONTEXT() REPRESENTATION_CONTEXT('2D SPACE',''
  ) );
#1564 = ORIENTED_EDGE('',*,*,#1565,.F.);
#1565 = EDGE_CURVE('',#1566,#1127,#1568,.T.);
#1566 = VERTEX_POINT('',#1567);
#1567 = CARTESIAN_POINT('',(8.738548580399,0.,2.7));
#1568 = SURFACE_CURVE('',#1569,(#1573,#1579),.PCURVE_S1.);
#1569 = LINE('',#1570,#1571);
#1570 = CARTESIAN_POINT('',(8.738548580399,0.,2.7));
#1571 = VECTOR('',#1572,1.);
#1572 = DIRECTION('',(-1.,0.,0.));
#1573 = PCURVE('',#847,#1574);
#1574 = DEFINITIONAL_REPRESENTATION('',(#1575),#1578);
#1575 = B_SPLINE_CURVE_WITH_KNOTS('',1,(#1576,#1577),.UNSPECIFIED.,.F.,
  .F.,(2,2),(0.,9.E-02),.PIECEWISE_BEZIER_KNOTS.);
#1576 = CARTESIAN_POINT('',(3.875423279033E-06,0.999999846686));
#1577 = CARTESIAN_POINT('',(1.000003875426,0.999999846686));
#1578 = ( GEOMETRIC_REPRESENTATION_CONTEXT(2) 
PARAMETRIC_REPRESENTATION_CONTEXT() REPRESENTATION_CONTEXT('2D SPACE',''
  ) );
#1579 = PCURVE('',#1580,#1849);
#1580 = B_SPLINE_SURFACE_WITH_KNOTS('',3,3,(
    (#1581,#1582,#1583,#1584,#1585,#1586,#1587,#1588,#1589,#1590,#1591
      ,#1592,#1593,#1594,#1595,#1596,#1597,#1598,#1599,#1600,#1601,#1602
      ,#1603,#1604,#1605,#1606,#1607,#1608,#1609,#1610,#1611,#1612,#1613
      ,#1614,#1615,#1616,#1617,#1618,#1619,#1620,#1621,#1622,#1623,#1624
      ,#1625,#1626,#1627,#1628,#1629,#1630,#1631,#1632,#1633,#1634,#1635
      ,#1636,#1637,#1638,#1639,#1640,#1641,#1642,#1643,#1644,#1645,#1646
      ,#1647)
    ,(#1648,#1649,#1650,#1651,#1652,#1653,#1654,#1655,#1656,#1657,#1658
      ,#1659,#1660,#1661,#1662,#1663,#1664,#1665,#1666,#1667,#1668,#1669
      ,#1670,#1671,#1672,#1673,#1674,#1675,#1676,#1677,#1678,#1679,#1680
      ,#1681,#1682,#1683,#1684,#1685,#1686,#1687,#1688,#1689,#1690,#1691
      ,#1692,#1693,#1694,#1695,#1696,#1697,#1698,#1699,#1700,#1701,#1702
      ,#1703,#1704,#1705,#1706,#1707,#1708,#1709,#1710,#1711,#1712,#1713
      ,#1714)
    ,(#1715,#1716,#1717,#1718,#1719,#1720,#1721,#1722,#1723,#1724,#1725
      ,#1726,#1727,#1728,#1729,#1730,#1731,#1732,#1733,#1734,#1735,#1736
      ,#1737,#1738,#1739,#1740,#1741,#1742,#1743,#1744,#1745,#1746,#1747
      ,#1748,#1749,#1750,#1751,#1752,#1753,#1754,#1755,#1756,#1757,#1758
      ,#1759,#1760,#1761,#1762,#1763,#1764,#1765,#1766,#1767,#1768,#1769
      ,#1770,#1771,#1772,#1773,#1774,#1775,#1776,#1777,#1778,#1779,#1780
      ,#1781)
    ,(#1782,#1783,#1784,#1785,#1786,#1787,#1788,#1789,#1790,#1791,#1792
      ,#1793,#1794,#1795,#1796,#1797,#1798,#1799,#1800,#1801,#1802,#1803
      ,#1804,#1805,#1806,#1807,#1808,#1809,#1810,#1811,#1812,#1813,#1814
      ,#1815,#1816,#1817,#1818,#1819,#1820,#1821,#1822,#1823,#1824,#1825
      ,#1826,#1827,#1828,#1829,#1830,#1831,#1832,#1833,#1834,#1835,#1836
      ,#1837,#1838,#1839,#1840,#1841,#1842,#1843,#1844,#1845,#1846,#1847
      ,#1848
    )),.UNSPECIFIED.,.F.,.F.,.F.,(4,4),(4,1,1,1,1,1,1,1,1,1,1,1,1,1,1,1,
    1,1,1,1,1,1,1,1,1,1,1,1,1,1,1,1,1,1,1,1,1,1,1,1,1,1,1,1,1,1,1,1,1,1,
    1,1,1,1,1,1,1,1,1,1,1,1,1,1,4),(-0.11715721767,1.11715721767),(
    -1.880042708042E-02,-3.525080077579E-03,1.175026692526E-02,
    2.702561392811E-02,4.230096093095E-02,5.757630793379E-02,
    7.285165493663E-02,8.812700193947E-02,0.103402348942,0.118677695945,
    0.133953042948,0.149228389951,0.164503736954,0.179779083956,
    0.195054430959,0.210329777962,0.225605124965,0.240880471968,
    0.256155818971,0.271431165974,0.286706512976,0.301981859979,
    0.317257206982,0.332532553985,0.347807900988,0.363083247991,
    0.378358594993,0.393633941996,0.408909288999,0.424184636002,
    0.439459983005,0.454735330008,0.47001067701,0.485286024013,
    0.500561371016,0.515836718019,0.531112065022,0.546387412025,
    0.561662759028,0.57693810603,0.592213453033,0.607488800036,
    0.622764147039,0.638039494042,0.653314841045,0.668590188048,
    0.68386553505,0.699140882053,0.714416229056,0.729691576059,
    0.744966923062,0.760242270064,0.775517617067,0.79079296407,
    0.806068311073,0.821343658076,0.836619005079,0.851894352082,
    0.867169699084,0.882445046087,0.89772039309,0.912995740093,
    0.928271087096,0.943546434099,0.958821781101),.UNSPECIFIED.);
#1581 = CARTESIAN_POINT('',(8.791863701597,-1.011284862747,
    2.503458193455));
#1582 = CARTESIAN_POINT('',(8.780279896786,-0.750985321569,
    2.608607537056));
#1583 = CARTESIAN_POINT('',(8.757112287165,-0.197368399197,
    2.737031675734));
#1584 = CARTESIAN_POINT('',(8.722360872734,0.652143484833,2.665524936283
    ));
#1585 = CARTESIAN_POINT('',(8.687609458303,1.438705082419,2.336757120884
    ));
#1586 = CARTESIAN_POINT('',(8.652858043871,2.086416113936,1.782463701993
    ));
#1587 = CARTESIAN_POINT('',(8.61810662944,2.532760794166,1.056139630335)
  );
#1588 = CARTESIAN_POINT('',(8.583355215009,2.734662125176,0.227884766185
    ));
#1589 = CARTESIAN_POINT('',(8.548603800577,2.672633819379,
    -0.622363889803));
#1590 = CARTESIAN_POINT('',(8.513852386146,2.352662461572,
    -1.412546530037));
#1591 = CARTESIAN_POINT('',(8.479100971714,1.805629328829,
    -2.066400513424));
#1592 = CARTESIAN_POINT('',(8.444349557283,1.08433006237,-2.520820634473
    ));
#1593 = CARTESIAN_POINT('',(8.409598142852,0.258379189845,
    -2.731949587678));
#1594 = CARTESIAN_POINT('',(8.37484672842,-0.592508551979,
    -2.679410750736));
#1595 = CARTESIAN_POINT('',(8.340095313989,-1.386211702559,
    -2.368274787906));
#1596 = CARTESIAN_POINT('',(8.305343899557,-2.046127839677,
    -1.828570266366));
#1597 = CARTESIAN_POINT('',(8.270592485126,-2.508566685041,
    -1.112385518623));
#1598 = CARTESIAN_POINT('',(8.235841070694,-2.728897024013,
    -0.288841457672));
#1599 = CARTESIAN_POINT('',(8.201089656263,-2.685854183984,
    0.562579467913));
#1600 = CARTESIAN_POINT('',(8.166338241831,-2.383592345015,
    1.359704338497));
#1601 = CARTESIAN_POINT('',(8.1315868274,-1.851283608772,2.025600492504)
  );
#1602 = CARTESIAN_POINT('',(8.096835412968,-1.140302520665,
    2.496000504148));
#1603 = CARTESIAN_POINT('',(8.062083998537,-0.319267774523,
    2.725504805259));
#1604 = CARTESIAN_POINT('',(8.027332584105,0.532580361787,2.691963319508
    ));
#1605 = CARTESIAN_POINT('',(7.992581169674,1.333027737378,2.398613225745
    ));
#1606 = CARTESIAN_POINT('',(7.957829755242,2.004821026794,1.873766529177
    ));
#1607 = CARTESIAN_POINT('',(7.923078340811,2.483123655875,1.168077593729
    ));
#1608 = CARTESIAN_POINT('',(7.888326926379,2.721773353626,0.349654353367
    ));
#1609 = CARTESIAN_POINT('',(7.853575511947,2.697737396931,
    -0.502514967477));
#1610 = CARTESIAN_POINT('',(7.818824097516,2.413335560508,
    -1.306185219534));
#1611 = CARTESIAN_POINT('',(7.784072683084,1.896016229222,
    -1.983792028885));
#1612 = CARTESIAN_POINT('',(7.749321268653,1.195707280762,
    -2.469937742955));
#1613 = CARTESIAN_POINT('',(7.714569854221,0.379997412106,
    -2.717703133555));
#1614 = CARTESIAN_POINT('',(7.67981843979,-0.472387027103,
    -2.703175697576));
#1615 = CARTESIAN_POINT('',(7.645067025358,-1.279180125945,
    -2.427757516872));
#1616 = CARTESIAN_POINT('',(7.610315610927,-1.962516116174,
    -1.918029939572));
#1617 = CARTESIAN_POINT('',(7.575564196495,-2.456444406584,
    -1.223188142805));
#1618 = CARTESIAN_POINT('',(7.540812782063,-2.713294651648,
    -0.410293174059));
#1619 = CARTESIAN_POINT('',(7.506061367632,-2.708277544558,
    0.442200290571));
#1620 = CARTESIAN_POINT('',(7.4713099532,-2.441877299792,1.252015817831)
  );
#1621 = CARTESIAN_POINT('',(7.436558538769,-1.939804920269,
    1.940995936791));
#1622 = CARTESIAN_POINT('',(7.401807124337,-1.250516759425,
    2.442645326227));
#1623 = CARTESIAN_POINT('',(7.367055709906,-0.440537868433,
    2.708548456612));
#1624 = CARTESIAN_POINT('',(7.332304295474,0.411958515106,2.713042302872
    ));
#1625 = CARTESIAN_POINT('',(7.297552881043,1.224695676225,2.455693151836
    ));
#1626 = CARTESIAN_POINT('',(7.262801466611,1.919234169266,1.961338461067
    ));
#1627 = CARTESIAN_POINT('',(7.228050052179,2.428542219399,1.277689729135
    ));
#1628 = CARTESIAN_POINT('',(7.193298637748,2.703465139188,0.470727730788
    ));
#1629 = CARTESIAN_POINT('',(7.158547223316,2.717469379465,
    -0.381665464783));
#1630 = CARTESIAN_POINT('',(7.123795808885,2.469203353399,
    -1.197223101558));
#1631 = CARTESIAN_POINT('',(7.089044394453,1.98262788177,-1.897233522202
    ));
#1632 = CARTESIAN_POINT('',(7.054292980022,1.304703669823,
    -2.414136841459));
#1633 = CARTESIAN_POINT('',(7.019541565591,0.500859003513,
    -2.698045332077));
#1634 = CARTESIAN_POINT('',(6.984790151159,-0.35132491006,
    -2.721558223316));
#1635 = CARTESIAN_POINT('',(6.950038736728,-1.169601513223,
    -2.482406222927));
#1636 = CARTESIAN_POINT('',(6.915287322296,-1.87499673397,
    -2.003670532535));
#1637 = CARTESIAN_POINT('',(6.880535907865,-2.39943098525,
    -1.331555219294));
#1638 = CARTESIAN_POINT('',(6.845784493433,-2.692289710371,
    -0.530927935826));
#1639 = CARTESIAN_POINT('',(6.811033079002,-2.725308323597,
    0.320940625588));
#1640 = CARTESIAN_POINT('',(6.776281664571,-2.495300124221,
    1.141834355586));
#1641 = CARTESIAN_POINT('',(6.741530250139,-2.024463767734,
    1.852526548355));
#1642 = CARTESIAN_POINT('',(6.706778835708,-1.358241134458,
    2.384426570494));
#1643 = CARTESIAN_POINT('',(6.672027421276,-0.560930415625,
    2.686198657026));
#1644 = CARTESIAN_POINT('',(6.637276006845,0.290515014036,2.728720457902
    ));
#1645 = CARTESIAN_POINT('',(6.602524592414,1.113930231745,2.507878808431
    ));
#1646 = CARTESIAN_POINT('',(6.579356982793,1.591181112681,2.19930782344)
  );
#1647 = CARTESIAN_POINT('',(6.567773177983,1.80039226633,2.012110257253)
  );
#1648 = CARTESIAN_POINT('',(8.754834268536,-1.011284862747,
    2.503458193455));
#1649 = CARTESIAN_POINT('',(8.743250463726,-0.750985321569,
    2.608607537056));
#1650 = CARTESIAN_POINT('',(8.720082854105,-0.197368399197,
    2.737031675734));
#1651 = CARTESIAN_POINT('',(8.685331439674,0.652143484833,2.665524936283
    ));
#1652 = CARTESIAN_POINT('',(8.650580025243,1.438705082419,2.336757120884
    ));
#1653 = CARTESIAN_POINT('',(8.615828610811,2.086416113936,1.782463701993
    ));
#1654 = CARTESIAN_POINT('',(8.58107719638,2.532760794166,1.056139630335)
  );
#1655 = CARTESIAN_POINT('',(8.546325781949,2.734662125176,0.227884766185
    ));
#1656 = CARTESIAN_POINT('',(8.511574367517,2.672633819379,
    -0.622363889803));
#1657 = CARTESIAN_POINT('',(8.476822953086,2.352662461572,
    -1.412546530037));
#1658 = CARTESIAN_POINT('',(8.442071538654,1.805629328829,
    -2.066400513424));
#1659 = CARTESIAN_POINT('',(8.407320124223,1.08433006237,-2.520820634473
    ));
#1660 = CARTESIAN_POINT('',(8.372568709791,0.258379189845,
    -2.731949587678));
#1661 = CARTESIAN_POINT('',(8.33781729536,-0.592508551979,
    -2.679410750736));
#1662 = CARTESIAN_POINT('',(8.303065880929,-1.386211702559,
    -2.368274787906));
#1663 = CARTESIAN_POINT('',(8.268314466497,-2.046127839677,
    -1.828570266366));
#1664 = CARTESIAN_POINT('',(8.233563052066,-2.508566685041,
    -1.112385518623));
#1665 = CARTESIAN_POINT('',(8.198811637634,-2.728897024013,
    -0.288841457672));
#1666 = CARTESIAN_POINT('',(8.164060223203,-2.685854183984,
    0.562579467913));
#1667 = CARTESIAN_POINT('',(8.129308808771,-2.383592345015,
    1.359704338497));
#1668 = CARTESIAN_POINT('',(8.09455739434,-1.851283608772,2.025600492504
    ));
#1669 = CARTESIAN_POINT('',(8.059805979908,-1.140302520665,
    2.496000504148));
#1670 = CARTESIAN_POINT('',(8.025054565477,-0.319267774523,
    2.725504805259));
#1671 = CARTESIAN_POINT('',(7.990303151045,0.532580361787,2.691963319508
    ));
#1672 = CARTESIAN_POINT('',(7.955551736613,1.333027737378,2.398613225745
    ));
#1673 = CARTESIAN_POINT('',(7.920800322182,2.004821026794,1.873766529177
    ));
#1674 = CARTESIAN_POINT('',(7.88604890775,2.483123655875,1.168077593729)
  );
#1675 = CARTESIAN_POINT('',(7.851297493319,2.721773353626,0.349654353367
    ));
#1676 = CARTESIAN_POINT('',(7.816546078887,2.697737396931,
    -0.502514967477));
#1677 = CARTESIAN_POINT('',(7.781794664456,2.413335560508,
    -1.306185219534));
#1678 = CARTESIAN_POINT('',(7.747043250024,1.896016229222,
    -1.983792028885));
#1679 = CARTESIAN_POINT('',(7.712291835593,1.195707280762,
    -2.469937742955));
#1680 = CARTESIAN_POINT('',(7.677540421161,0.379997412106,
    -2.717703133555));
#1681 = CARTESIAN_POINT('',(7.642789006729,-0.472387027103,
    -2.703175697576));
#1682 = CARTESIAN_POINT('',(7.608037592298,-1.279180125945,
    -2.427757516872));
#1683 = CARTESIAN_POINT('',(7.573286177866,-1.962516116174,
    -1.918029939572));
#1684 = CARTESIAN_POINT('',(7.538534763435,-2.456444406584,
    -1.223188142805));
#1685 = CARTESIAN_POINT('',(7.503783349003,-2.713294651648,
    -0.410293174059));
#1686 = CARTESIAN_POINT('',(7.469031934572,-2.708277544558,
    0.442200290571));
#1687 = CARTESIAN_POINT('',(7.43428052014,-2.441877299792,1.252015817831
    ));
#1688 = CARTESIAN_POINT('',(7.399529105709,-1.939804920269,
    1.940995936791));
#1689 = CARTESIAN_POINT('',(7.364777691277,-1.250516759425,
    2.442645326227));
#1690 = CARTESIAN_POINT('',(7.330026276845,-0.440537868433,
    2.708548456612));
#1691 = CARTESIAN_POINT('',(7.295274862414,0.411958515106,2.713042302872
    ));
#1692 = CARTESIAN_POINT('',(7.260523447982,1.224695676225,2.455693151836
    ));
#1693 = CARTESIAN_POINT('',(7.225772033551,1.919234169266,1.961338461067
    ));
#1694 = CARTESIAN_POINT('',(7.191020619119,2.428542219399,1.277689729135
    ));
#1695 = CARTESIAN_POINT('',(7.156269204688,2.703465139188,0.470727730788
    ));
#1696 = CARTESIAN_POINT('',(7.121517790256,2.717469379465,
    -0.381665464783));
#1697 = CARTESIAN_POINT('',(7.086766375825,2.469203353399,
    -1.197223101558));
#1698 = CARTESIAN_POINT('',(7.052014961393,1.98262788177,-1.897233522202
    ));
#1699 = CARTESIAN_POINT('',(7.017263546962,1.304703669823,
    -2.414136841459));
#1700 = CARTESIAN_POINT('',(6.98251213253,0.500859003513,-2.698045332077
    ));
#1701 = CARTESIAN_POINT('',(6.947760718099,-0.35132491006,
    -2.721558223316));
#1702 = CARTESIAN_POINT('',(6.913009303667,-1.169601513223,
    -2.482406222927));
#1703 = CARTESIAN_POINT('',(6.878257889236,-1.87499673397,
    -2.003670532535));
#1704 = CARTESIAN_POINT('',(6.843506474805,-2.39943098525,
    -1.331555219294));
#1705 = CARTESIAN_POINT('',(6.808755060373,-2.692289710371,
    -0.530927935826));
#1706 = CARTESIAN_POINT('',(6.774003645942,-2.725308323597,
    0.320940625588));
#1707 = CARTESIAN_POINT('',(6.73925223151,-2.495300124221,1.141834355586
    ));
#1708 = CARTESIAN_POINT('',(6.704500817079,-2.024463767734,
    1.852526548355));
#1709 = CARTESIAN_POINT('',(6.669749402648,-1.358241134458,
    2.384426570494));
#1710 = CARTESIAN_POINT('',(6.634997988216,-0.560930415625,
    2.686198657026));
#1711 = CARTESIAN_POINT('',(6.600246573785,0.290515014036,2.728720457902
    ));
#1712 = CARTESIAN_POINT('',(6.565495159354,1.113930231745,2.507878808431
    ));
#1713 = CARTESIAN_POINT('',(6.542327549733,1.591181112681,2.19930782344)
  );
#1714 = CARTESIAN_POINT('',(6.530743744922,1.80039226633,2.012110257253)
  );
#1715 = CARTESIAN_POINT('',(8.717804835476,-1.011284862747,
    2.503458193455));
#1716 = CARTESIAN_POINT('',(8.706221030666,-0.750985321569,
    2.608607537056));
#1717 = CARTESIAN_POINT('',(8.683053421045,-0.197368399197,
    2.737031675734));
#1718 = CARTESIAN_POINT('',(8.648302006614,0.652143484833,2.665524936283
    ));
#1719 = CARTESIAN_POINT('',(8.613550592182,1.438705082419,2.336757120884
    ));
#1720 = CARTESIAN_POINT('',(8.578799177751,2.086416113936,1.782463701993
    ));
#1721 = CARTESIAN_POINT('',(8.54404776332,2.532760794166,1.056139630335)
  );
#1722 = CARTESIAN_POINT('',(8.509296348888,2.734662125176,0.227884766185
    ));
#1723 = CARTESIAN_POINT('',(8.474544934457,2.672633819379,
    -0.622363889803));
#1724 = CARTESIAN_POINT('',(8.439793520026,2.352662461572,
    -1.412546530037));
#1725 = CARTESIAN_POINT('',(8.405042105594,1.805629328829,
    -2.066400513424));
#1726 = CARTESIAN_POINT('',(8.370290691163,1.08433006237,-2.520820634473
    ));
#1727 = CARTESIAN_POINT('',(8.335539276731,0.258379189845,
    -2.731949587678));
#1728 = CARTESIAN_POINT('',(8.3007878623,-0.592508551979,-2.679410750736
    ));
#1729 = CARTESIAN_POINT('',(8.266036447868,-1.386211702559,
    -2.368274787906));
#1730 = CARTESIAN_POINT('',(8.231285033437,-2.046127839677,
    -1.828570266366));
#1731 = CARTESIAN_POINT('',(8.196533619005,-2.508566685041,
    -1.112385518623));
#1732 = CARTESIAN_POINT('',(8.161782204574,-2.728897024013,
    -0.288841457672));
#1733 = CARTESIAN_POINT('',(8.127030790142,-2.685854183984,
    0.562579467913));
#1734 = CARTESIAN_POINT('',(8.092279375711,-2.383592345015,
    1.359704338497));
#1735 = CARTESIAN_POINT('',(8.057527961279,-1.851283608772,
    2.025600492504));
#1736 = CARTESIAN_POINT('',(8.022776546848,-1.140302520665,
    2.496000504148));
#1737 = CARTESIAN_POINT('',(7.988025132416,-0.319267774523,
    2.725504805259));
#1738 = CARTESIAN_POINT('',(7.953273717985,0.532580361787,2.691963319508
    ));
#1739 = CARTESIAN_POINT('',(7.918522303553,1.333027737378,2.398613225745
    ));
#1740 = CARTESIAN_POINT('',(7.883770889122,2.004821026794,1.873766529177
    ));
#1741 = CARTESIAN_POINT('',(7.84901947469,2.483123655875,1.168077593729)
  );
#1742 = CARTESIAN_POINT('',(7.814268060259,2.721773353626,0.349654353367
    ));
#1743 = CARTESIAN_POINT('',(7.779516645827,2.697737396931,
    -0.502514967477));
#1744 = CARTESIAN_POINT('',(7.744765231396,2.413335560508,
    -1.306185219534));
#1745 = CARTESIAN_POINT('',(7.710013816964,1.896016229222,
    -1.983792028885));
#1746 = CARTESIAN_POINT('',(7.675262402532,1.195707280762,
    -2.469937742955));
#1747 = CARTESIAN_POINT('',(7.640510988101,0.379997412106,
    -2.717703133555));
#1748 = CARTESIAN_POINT('',(7.605759573669,-0.472387027103,
    -2.703175697576));
#1749 = CARTESIAN_POINT('',(7.571008159238,-1.279180125945,
    -2.427757516872));
#1750 = CARTESIAN_POINT('',(7.536256744806,-1.962516116174,
    -1.918029939572));
#1751 = CARTESIAN_POINT('',(7.501505330375,-2.456444406584,
    -1.223188142805));
#1752 = CARTESIAN_POINT('',(7.466753915943,-2.713294651648,
    -0.410293174059));
#1753 = CARTESIAN_POINT('',(7.432002501511,-2.708277544558,
    0.442200290571));
#1754 = CARTESIAN_POINT('',(7.39725108708,-2.441877299792,1.252015817831
    ));
#1755 = CARTESIAN_POINT('',(7.362499672648,-1.939804920269,
    1.940995936791));
#1756 = CARTESIAN_POINT('',(7.327748258217,-1.250516759425,
    2.442645326227));
#1757 = CARTESIAN_POINT('',(7.292996843785,-0.440537868433,
    2.708548456612));
#1758 = CARTESIAN_POINT('',(7.258245429354,0.411958515106,2.713042302872
    ));
#1759 = CARTESIAN_POINT('',(7.223494014922,1.224695676225,2.455693151836
    ));
#1760 = CARTESIAN_POINT('',(7.188742600491,1.919234169266,1.961338461067
    ));
#1761 = CARTESIAN_POINT('',(7.153991186059,2.428542219399,1.277689729135
    ));
#1762 = CARTESIAN_POINT('',(7.119239771628,2.703465139188,0.470727730788
    ));
#1763 = CARTESIAN_POINT('',(7.084488357196,2.717469379465,
    -0.381665464783));
#1764 = CARTESIAN_POINT('',(7.049736942765,2.469203353399,
    -1.197223101558));
#1765 = CARTESIAN_POINT('',(7.014985528333,1.98262788177,-1.897233522202
    ));
#1766 = CARTESIAN_POINT('',(6.980234113902,1.304703669823,
    -2.414136841459));
#1767 = CARTESIAN_POINT('',(6.94548269947,0.500859003513,-2.698045332077
    ));
#1768 = CARTESIAN_POINT('',(6.910731285039,-0.35132491006,
    -2.721558223316));
#1769 = CARTESIAN_POINT('',(6.875979870607,-1.169601513223,
    -2.482406222927));
#1770 = CARTESIAN_POINT('',(6.841228456176,-1.87499673397,
    -2.003670532535));
#1771 = CARTESIAN_POINT('',(6.806477041744,-2.39943098525,
    -1.331555219294));
#1772 = CARTESIAN_POINT('',(6.771725627313,-2.692289710371,
    -0.530927935826));
#1773 = CARTESIAN_POINT('',(6.736974212882,-2.725308323597,
    0.320940625588));
#1774 = CARTESIAN_POINT('',(6.70222279845,-2.495300124221,1.141834355586
    ));
#1775 = CARTESIAN_POINT('',(6.667471384019,-2.024463767734,
    1.852526548355));
#1776 = CARTESIAN_POINT('',(6.632719969587,-1.358241134458,
    2.384426570494));
#1777 = CARTESIAN_POINT('',(6.597968555156,-0.560930415625,
    2.686198657026));
#1778 = CARTESIAN_POINT('',(6.563217140725,0.290515014036,2.728720457902
    ));
#1779 = CARTESIAN_POINT('',(6.528465726293,1.113930231745,2.507878808431
    ));
#1780 = CARTESIAN_POINT('',(6.505298116673,1.591181112681,2.19930782344)
  );
#1781 = CARTESIAN_POINT('',(6.493714311862,1.80039226633,2.012110257253)
  );
#1782 = CARTESIAN_POINT('',(8.680775402416,-1.011284862747,
    2.503458193455));
#1783 = CARTESIAN_POINT('',(8.669191597606,-0.750985321569,
    2.608607537056));
#1784 = CARTESIAN_POINT('',(8.646023987985,-0.197368399197,
    2.737031675734));
#1785 = CARTESIAN_POINT('',(8.611272573554,0.652143484833,2.665524936283
    ));
#1786 = CARTESIAN_POINT('',(8.576521159122,1.438705082419,2.336757120884
    ));
#1787 = CARTESIAN_POINT('',(8.541769744691,2.086416113936,1.782463701993
    ));
#1788 = CARTESIAN_POINT('',(8.507018330259,2.532760794166,1.056139630335
    ));
#1789 = CARTESIAN_POINT('',(8.472266915828,2.734662125176,0.227884766185
    ));
#1790 = CARTESIAN_POINT('',(8.437515501397,2.672633819379,
    -0.622363889803));
#1791 = CARTESIAN_POINT('',(8.402764086965,2.352662461572,
    -1.412546530037));
#1792 = CARTESIAN_POINT('',(8.368012672534,1.805629328829,
    -2.066400513424));
#1793 = CARTESIAN_POINT('',(8.333261258103,1.08433006237,-2.520820634473
    ));
#1794 = CARTESIAN_POINT('',(8.298509843671,0.258379189845,
    -2.731949587678));
#1795 = CARTESIAN_POINT('',(8.26375842924,-0.592508551979,
    -2.679410750736));
#1796 = CARTESIAN_POINT('',(8.229007014808,-1.386211702559,
    -2.368274787906));
#1797 = CARTESIAN_POINT('',(8.194255600377,-2.046127839677,
    -1.828570266366));
#1798 = CARTESIAN_POINT('',(8.159504185945,-2.508566685041,
    -1.112385518623));
#1799 = CARTESIAN_POINT('',(8.124752771514,-2.728897024013,
    -0.288841457672));
#1800 = CARTESIAN_POINT('',(8.090001357082,-2.685854183984,
    0.562579467913));
#1801 = CARTESIAN_POINT('',(8.055249942651,-2.383592345015,
    1.359704338497));
#1802 = CARTESIAN_POINT('',(8.020498528219,-1.851283608772,
    2.025600492504));
#1803 = CARTESIAN_POINT('',(7.985747113788,-1.140302520665,
    2.496000504148));
#1804 = CARTESIAN_POINT('',(7.950995699356,-0.319267774523,
    2.725504805259));
#1805 = CARTESIAN_POINT('',(7.916244284925,0.532580361787,2.691963319508
    ));
#1806 = CARTESIAN_POINT('',(7.881492870493,1.333027737378,2.398613225745
    ));
#1807 = CARTESIAN_POINT('',(7.846741456062,2.004821026794,1.873766529177
    ));
#1808 = CARTESIAN_POINT('',(7.81199004163,2.483123655875,1.168077593729)
  );
#1809 = CARTESIAN_POINT('',(7.777238627198,2.721773353626,0.349654353367
    ));
#1810 = CARTESIAN_POINT('',(7.742487212767,2.697737396931,
    -0.502514967477));
#1811 = CARTESIAN_POINT('',(7.707735798335,2.413335560508,
    -1.306185219534));
#1812 = CARTESIAN_POINT('',(7.672984383904,1.896016229222,
    -1.983792028885));
#1813 = CARTESIAN_POINT('',(7.638232969472,1.195707280762,
    -2.469937742955));
#1814 = CARTESIAN_POINT('',(7.603481555041,0.379997412106,
    -2.717703133555));
#1815 = CARTESIAN_POINT('',(7.568730140609,-0.472387027103,
    -2.703175697576));
#1816 = CARTESIAN_POINT('',(7.533978726178,-1.279180125945,
    -2.427757516872));
#1817 = CARTESIAN_POINT('',(7.499227311746,-1.962516116174,
    -1.918029939572));
#1818 = CARTESIAN_POINT('',(7.464475897314,-2.456444406584,
    -1.223188142805));
#1819 = CARTESIAN_POINT('',(7.429724482883,-2.713294651648,
    -0.410293174059));
#1820 = CARTESIAN_POINT('',(7.394973068451,-2.708277544558,
    0.442200290571));
#1821 = CARTESIAN_POINT('',(7.36022165402,-2.441877299792,1.252015817831
    ));
#1822 = CARTESIAN_POINT('',(7.325470239588,-1.939804920269,
    1.940995936791));
#1823 = CARTESIAN_POINT('',(7.290718825157,-1.250516759425,
    2.442645326227));
#1824 = CARTESIAN_POINT('',(7.255967410725,-0.440537868433,
    2.708548456612));
#1825 = CARTESIAN_POINT('',(7.221215996294,0.411958515106,2.713042302872
    ));
#1826 = CARTESIAN_POINT('',(7.186464581862,1.224695676225,2.455693151836
    ));
#1827 = CARTESIAN_POINT('',(7.15171316743,1.919234169266,1.961338461067)
  );
#1828 = CARTESIAN_POINT('',(7.116961752999,2.428542219399,1.277689729135
    ));
#1829 = CARTESIAN_POINT('',(7.082210338567,2.703465139188,0.470727730788
    ));
#1830 = CARTESIAN_POINT('',(7.047458924136,2.717469379465,
    -0.381665464783));
#1831 = CARTESIAN_POINT('',(7.012707509704,2.469203353399,
    -1.197223101558));
#1832 = CARTESIAN_POINT('',(6.977956095273,1.98262788177,-1.897233522202
    ));
#1833 = CARTESIAN_POINT('',(6.943204680841,1.304703669823,
    -2.414136841459));
#1834 = CARTESIAN_POINT('',(6.90845326641,0.500859003513,-2.698045332077
    ));
#1835 = CARTESIAN_POINT('',(6.873701851978,-0.35132491006,
    -2.721558223316));
#1836 = CARTESIAN_POINT('',(6.838950437547,-1.169601513223,
    -2.482406222927));
#1837 = CARTESIAN_POINT('',(6.804199023116,-1.87499673397,
    -2.003670532535));
#1838 = CARTESIAN_POINT('',(6.769447608684,-2.39943098525,
    -1.331555219294));
#1839 = CARTESIAN_POINT('',(6.734696194253,-2.692289710371,
    -0.530927935826));
#1840 = CARTESIAN_POINT('',(6.699944779821,-2.725308323597,
    0.320940625588));
#1841 = CARTESIAN_POINT('',(6.66519336539,-2.495300124221,1.141834355586
    ));
#1842 = CARTESIAN_POINT('',(6.630441950959,-2.024463767734,
    1.852526548355));
#1843 = CARTESIAN_POINT('',(6.595690536527,-1.358241134458,
    2.384426570494));
#1844 = CARTESIAN_POINT('',(6.560939122096,-0.560930415625,
    2.686198657026));
#1845 = CARTESIAN_POINT('',(6.526187707665,0.290515014036,2.728720457902
    ));
#1846 = CARTESIAN_POINT('',(6.491436293233,1.113930231745,2.507878808431
    ));
#1847 = CARTESIAN_POINT('',(6.468268683612,1.591181112681,2.19930782344)
  );
#1848 = CARTESIAN_POINT('',(6.456684878802,1.80039226633,2.012110257253)
  );
#1849 = DEFINITIONAL_REPRESENTATION('',(#1850),#1853);
#1850 = B_SPLINE_CURVE_WITH_KNOTS('',1,(#1851,#1852),.UNSPECIFIED.,.F.,
  .F.,(2,2),(0.,9.E-02),.PIECEWISE_BEZIER_KNOTS.);
#1851 = CARTESIAN_POINT('',(-3.76081505965E-06,1.48779245661E-07));
#1852 = CARTESIAN_POINT('',(0.99999623919,1.487792456613E-07));
#1853 = ( GEOMETRIC_REPRESENTATION_CONTEXT(2) 
PARAMETRIC_REPRESENTATION_CONTEXT() REPRESENTATION_CONTEXT('2D SPACE',''
  ) );
#1854 = ORIENTED_EDGE('',*,*,#1855,.F.);
#1855 = EDGE_CURVE('',#804,#1566,#1856,.T.);
#1856 = SURFACE_CURVE('',#1857,(#2004,#2010),.PCURVE_S1.);
#1857 = B_SPLINE_CURVE_WITH_KNOTS('',3,(#1858,#1859,#1860,#1861,#1862,
    #1863,#1864,#1865,#1866,#1867,#1868,#1869,#1870,#1871,#1872,#1873,
    #1874,#1875,#1876,#1877,#1878,#1879,#1880,#1881,#1882,#1883,#1884,
    #1885,#1886,#1887,#1888,#1889,#1890,#1891,#1892,#1893,#1894,#1895,
    #1896,#1897,#1898,#1899,#1900,#1901,#1902,#1903,#1904,#1905,#1906,
    #1907,#1908,#1909,#1910,#1911,#1912,#1913,#1914,#1915,#1916,#1917,
    #1918,#1919,#1920,#1921,#1922,#1923,#1924,#1925,#1926,#1927,#1928,
    #1929,#1930,#1931,#1932,#1933,#1934,#1935,#1936,#1937,#1938,#1939,
    #1940,#1941,#1942,#1943,#1944,#1945,#1946,#1947,#1948,#1949,#1950,
    #1951,#1952,#1953,#1954,#1955,#1956,#1957,#1958,#1959,#1960,#1961,
    #1962,#1963,#1964,#1965,#1966,#1967,#1968,#1969,#1970,#1971,#1972,
    #1973,#1974,#1975,#1976,#1977,#1978,#1979,#1980,#1981,#1982,#1983,
    #1984,#1985,#1986,#1987,#1988,#1989,#1990,#1991,#1992,#1993,#1994,
    #1995,#1996,#1997,#1998,#1999,#2000,#2001,#2002,#2003),
  .UNSPECIFIED.,.F.,.F.,(4,1,1,1,1,1,1,1,1,1,1,1,1,1,1,1,1,1,1,1,1,1,1,1
    ,1,1,1,1,1,1,1,1,1,1,1,1,1,1,1,1,1,1,1,1,1,1,1,1,1,1,1,1,1,1,1,1,1,1
    ,1,1,1,1,1,1,1,1,1,1,1,1,1,1,1,1,1,1,1,1,1,1,1,1,1,1,1,1,1,1,1,1,1,1
    ,1,1,1,1,1,1,1,1,1,1,1,1,1,1,1,1,1,1,1,1,1,1,1,1,1,1,1,1,1,1,1,1,1,1
    ,1,1,1,1,1,1,1,1,1,1,1,1,1,1,1,1,1,4),(0.,6.993006993007E-03,
    1.398601398601E-02,2.097902097902E-02,2.797202797203E-02,
    3.496503496503E-02,4.195804195804E-02,4.895104895105E-02,
    5.594405594406E-02,6.293706293706E-02,6.993006993007E-02,
    7.692307692308E-02,8.391608391608E-02,9.090909090909E-02,
    9.79020979021E-02,0.104895104895,0.111888111888,0.118881118881,
    0.125874125874,0.132867132867,0.13986013986,0.146853146853,
    0.153846153846,0.160839160839,0.167832167832,0.174825174825,
    0.181818181818,0.188811188811,0.195804195804,0.202797202797,
    0.20979020979,0.216783216783,0.223776223776,0.230769230769,
    0.237762237762,0.244755244755,0.251748251748,0.258741258741,
    0.265734265734,0.272727272727,0.27972027972,0.286713286713,
    0.293706293706,0.300699300699,0.307692307692,0.314685314685,
    0.321678321678,0.328671328671,0.335664335664,0.342657342657,
    0.34965034965,0.356643356643,0.363636363636,0.370629370629,
    0.377622377622,0.384615384615,0.391608391608,0.398601398601,
    0.405594405594,0.412587412587,0.41958041958,0.426573426573,
    0.433566433566,0.440559440559,0.447552447552,0.454545454545,
    0.461538461538,0.468531468532,0.475524475525,0.482517482517,
    0.489510489511,0.496503496504,0.503496503496,0.510489510489,
    0.517482517482,0.524475524476,0.531468531469,0.538461538462,
    0.545454545455,0.552447552448,0.559440559441,0.566433566434,
    0.573426573427,0.58041958042,0.587412587413,0.594405594406,
    0.601398601399,0.608391608392,0.615384615385,0.622377622378,
    0.629370629371,0.636363636364,0.643356643357,0.65034965035,
    0.657342657343,0.664335664336,0.671328671329,0.678321678322,
    0.685314685315,0.692307692308,0.699300699301,0.706293706294,
    0.713286713287,0.72027972028,0.727272727273,0.734265734266,
    0.741258741259,0.748251748252,0.755244755245,0.762237762238,
    0.769230769231,0.776223776224,0.783216783217,0.79020979021,
    0.797202797203,0.804195804196,0.811188811189,0.818181818182,
    0.825174825175,0.832167832168,0.839160839161,0.846153846154,
    0.853146853147,0.86013986014,0.867132867133,0.874125874126,
    0.881118881119,0.888111888112,0.895104895105,0.902097902098,
    0.909090909091,0.916083916084,0.923076923077,0.93006993007,
    0.937062937063,0.944055944056,0.951048951049,0.958041958042,
    0.965034965035,0.972027972028,0.979020979021,0.986013986014,
    0.993006993007,1.),.UNSPECIFIED.);
#1858 = CARTESIAN_POINT('',(10.8,0.915700046402,2.539979020586));
#1859 = CARTESIAN_POINT('',(10.79519388737,1.025273639281,2.500476117897
    ));
#1860 = CARTESIAN_POINT('',(10.7855822638,1.239286693703,2.407274550651)
  );
#1861 = CARTESIAN_POINT('',(10.77116708467,1.539535914534,2.22724530363)
  );
#1862 = CARTESIAN_POINT('',(10.75675280831,1.814030641535,2.009996009711
    ));
#1863 = CARTESIAN_POINT('',(10.74233846928,2.058202491206,1.759145922049
    ));
#1864 = CARTESIAN_POINT('',(10.72792335469,2.267980480522,1.478874287465
    ));
#1865 = CARTESIAN_POINT('',(10.71350535336,2.439871924974,1.173814385715
    ));
#1866 = CARTESIAN_POINT('',(10.69908772542,2.570949712468,0.849129166152
    ));
#1867 = CARTESIAN_POINT('',(10.68467268475,2.659018634565,0.510305379648
    ));
#1868 = CARTESIAN_POINT('',(10.67025840738,2.702634346289,0.162969365037
    ));
#1869 = CARTESIAN_POINT('',(10.65584404716,2.701071660334,
    -0.187092878271));
#1870 = CARTESIAN_POINT('',(10.64142888453,2.654354735099,
    -0.534047276472));
#1871 = CARTESIAN_POINT('',(10.62701071573,2.563236658609,-0.87214275443
    ));
#1872 = CARTESIAN_POINT('',(10.61259326989,2.429251106145,-1.19563411066
    ));
#1873 = CARTESIAN_POINT('',(10.59817826519,2.25467296309,-1.499080210909
    ));
#1874 = CARTESIAN_POINT('',(10.58376401177,2.042414578621,
    -1.777451576821));
#1875 = CARTESIAN_POINT('',(10.56934962268,1.796012120379,
    -2.026112646644));
#1876 = CARTESIAN_POINT('',(10.5549344075,1.519570999449,-2.240917310234
    ));
#1877 = CARTESIAN_POINT('',(10.5405160867,1.217656355408,-2.418290316065
    ));
#1878 = CARTESIAN_POINT('',(10.52609881663,0.895397710754,
    -2.555203306311));
#1879 = CARTESIAN_POINT('',(10.5116838475,0.558220654166,-2.649373760519
    ));
#1880 = CARTESIAN_POINT('',(10.49726961565,0.211729629129,
    -2.699252114888));
#1881 = CARTESIAN_POINT('',(10.48285519733,-0.138305173136,
    -2.704008847101));
#1882 = CARTESIAN_POINT('',(10.46843992311,-0.486049080303,
    -2.66356218729));
#1883 = CARTESIAN_POINT('',(10.45402146631,-0.825740738017,-2.5785591222
    ));
#1884 = CARTESIAN_POINT('',(10.43960436552,-1.151589820078,
    -2.450436911156));
#1885 = CARTESIAN_POINT('',(10.42518943161,-1.458136370188,
    -2.281365801828));
#1886 = CARTESIAN_POINT('',(10.41077521894,-1.740293163282,
    -2.07416757274));
#1887 = CARTESIAN_POINT('',(10.39636077104,-1.993362673264,
    -1.832292997904));
#1888 = CARTESIAN_POINT('',(10.3819454313,-2.213124338762,-1.55977199472
    ));
#1889 = CARTESIAN_POINT('',(10.36752685449,-2.395920578494,
    -1.261102420532));
#1890 = CARTESIAN_POINT('',(10.35310991651,-2.538624247959,
    -0.941374690403));
#1891 = CARTESIAN_POINT('',(10.33869501746,-2.638865493483,
    -0.605954188851));
#1892 = CARTESIAN_POINT('',(10.32428082157,-2.694990241304,
    -0.260420838943));
#1893 = CARTESIAN_POINT('',(10.30986634374,-2.706064910558,
    8.947249249475E-02));
#1894 = CARTESIAN_POINT('',(10.29545093199,-2.671901624784,
    0.437893208525));
#1895 = CARTESIAN_POINT('',(10.28103225118,-2.593041861315,
    0.779068943908));
#1896 = CARTESIAN_POINT('',(10.2666154695,-2.47082434792,1.107170118419)
  );
#1897 = CARTESIAN_POINT('',(10.25220060498,-2.307315293231,1.41671722192
    ));
#1898 = CARTESIAN_POINT('',(10.23778642346,-2.105244587326,
    1.702567661927));
#1899 = CARTESIAN_POINT('',(10.22337191535,-1.86797673957,1.959963217961
    ));
#1900 = CARTESIAN_POINT('',(10.2089564251,-1.599464180441,2.184610672476
    ));
#1901 = CARTESIAN_POINT('',(10.19453765629,-1.304138395432,2.37276996352
    ));
#1902 = CARTESIAN_POINT('',(10.18012102444,-0.987045107867,
    2.521217934312));
#1903 = CARTESIAN_POINT('',(10.16570619408,-0.653490413226,
    2.627497251832));
#1904 = CARTESIAN_POINT('',(10.15129202455,-0.309027113232,
    2.689850119009));
#1905 = CARTESIAN_POINT('',(10.1368774858,4.061076183469E-02,
    2.70723918562));
#1906 = CARTESIAN_POINT('',(10.12246191057,0.3895953733,2.679370366351)
  );
#1907 = CARTESIAN_POINT('',(10.10804306977,0.73214257699,2.606680111072)
  );
#1908 = CARTESIAN_POINT('',(10.09362658126,1.062389486746,2.490406758367
    ));
#1909 = CARTESIAN_POINT('',(10.07921178471,1.374836270714,2.332512966374
    ));
#1910 = CARTESIAN_POINT('',(10.06479762476,1.664287379963,2.135635488935
    ));
#1911 = CARTESIAN_POINT('',(10.05038305502,1.925925177159,1.903051712236
    ));
#1912 = CARTESIAN_POINT('',(10.03596738833,2.155385642749,1.638634634725
    ));
#1913 = CARTESIAN_POINT('',(10.02154849152,2.348845981007,1.346750226376
    ));
#1914 = CARTESIAN_POINT('',(10.00713213987,2.502990032121,1.032394066096
    ));
#1915 = CARTESIAN_POINT('',(9.99271737678,2.61527273541,0.700813821014)
  );
#1916 = CARTESIAN_POINT('',(9.978303224028,2.68383342862,0.357532598654)
  );
#1917 = CARTESIAN_POINT('',(9.963888622939,2.707531295523,
    8.264084029401E-03));
#1918 = CARTESIAN_POINT('',(9.949472858303,2.685966015674,
    -0.341171332035));
#1919 = CARTESIAN_POINT('',(9.935053921494,2.619469382312,
    -0.684976926653));
#1920 = CARTESIAN_POINT('',(9.920637700217,2.509177747493,
    -1.017262524409));
#1921 = CARTESIAN_POINT('',(9.90622297023,2.356950596054,-1.332507172403
    ));
#1922 = CARTESIAN_POINT('',(9.891808822272,2.165330368573,
    -1.625464805927));
#1923 = CARTESIAN_POINT('',(9.877394189487,1.937506481935,
    -1.891259655936));
#1924 = CARTESIAN_POINT('',(9.862978320418,1.677270607265,
    -2.125458812863));
#1925 = CARTESIAN_POINT('',(9.848559359609,1.388923997154,
    -2.324156394303));
#1926 = CARTESIAN_POINT('',(9.83414326222,1.077406772861,-2.483946476856
    ));
#1927 = CARTESIAN_POINT('',(9.819728564986,0.747908975305,
    -2.602195924131));
#1928 = CARTESIAN_POINT('',(9.805314419424,0.405921474959,
    -2.676942137392));
#1929 = CARTESIAN_POINT('',(9.790899754591,5.713610619301E-02,
    -2.706941151928));
#1930 = CARTESIAN_POINT('',(9.776483774604,-0.292636882207,
    -2.691686462111));
#1931 = CARTESIAN_POINT('',(9.762064805796,-0.637587361777,
    -2.631405463101));
#1932 = CARTESIAN_POINT('',(9.747648825809,-0.971803944251,
    -2.52713118547));
#1933 = CARTESIAN_POINT('',(9.733234160976,-1.289743729566,
    -2.380620205498));
#1934 = CARTESIAN_POINT('',(9.718820015414,-1.586112605577,
    -2.194319544947));
#1935 = CARTESIAN_POINT('',(9.70440531818,-1.855977964378,
    -1.971329817619));
#1936 = CARTESIAN_POINT('',(9.689989220791,-2.094839974841,-1.7153595235
    ));
#1937 = CARTESIAN_POINT('',(9.675570259982,-2.298709217727,
    -1.430645933663));
#1938 = CARTESIAN_POINT('',(9.661154390913,-2.464093470764,
    -1.12206854561));
#1939 = CARTESIAN_POINT('',(9.646739758128,-2.588271076677,
    -0.794760513621));
#1940 = CARTESIAN_POINT('',(9.63232561017,-2.669178498569,
    -0.454177960189));
#1941 = CARTESIAN_POINT('',(9.617910880183,-2.705468954948,
    -0.105989366895));
#1942 = CARTESIAN_POINT('',(9.603494658906,-2.696529881356,
    0.244007856166));
#1943 = CARTESIAN_POINT('',(9.589075722097,-2.642484420146,0.5899893257)
  );
#1944 = CARTESIAN_POINT('',(9.574659957461,-2.544261209659,
    0.926028567779));
#1945 = CARTESIAN_POINT('',(9.560245356372,-2.403514068988,
    1.246559886992));
#1946 = CARTESIAN_POINT('',(9.54583120362,-2.222593567641,1.546243617734
    ));
#1947 = CARTESIAN_POINT('',(9.531416440527,-2.00451069485,1.820091613859
    ));
#1948 = CARTESIAN_POINT('',(9.517000088877,-1.752888988727,
    2.063539146209));
#1949 = CARTESIAN_POINT('',(9.502581192069,-1.471902408445,
    2.272512713959));
#1950 = CARTESIAN_POINT('',(9.488165525381,-1.166364816297,
    2.443437480838));
#1951 = CARTESIAN_POINT('',(9.473750955635,-0.84135315297,2.573502729101
    ));
#1952 = CARTESIAN_POINT('',(9.459336795694,-0.502286315856,
    2.660545050639));
#1953 = CARTESIAN_POINT('',(9.444921999142,-0.154807934752,2.70311519307
    ));
#1954 = CARTESIAN_POINT('',(9.430505510635,0.195300115937,2.70049473601)
  );
#1955 = CARTESIAN_POINT('',(9.416086669827,0.542198331146,2.652702600119
    ));
#1956 = CARTESIAN_POINT('',(9.401671094602,0.879951320305,2.560562226548
    ));
#1957 = CARTESIAN_POINT('',(9.387256555847,1.202969727109,2.4256247144)
  );
#1958 = CARTESIAN_POINT('',(9.372842386318,1.505870850064,2.250143220217
    ));
#1959 = CARTESIAN_POINT('',(9.358427555955,1.783612313257,2.037038299409
    ));
#1960 = CARTESIAN_POINT('',(9.344010924106,2.031566566679,1.789846792151
    ));
#1961 = CARTESIAN_POINT('',(9.329592155299,2.245575391354,1.512679945182
    ));
#1962 = CARTESIAN_POINT('',(9.315176665053,2.421985236698,1.210281136163
    ));
#1963 = CARTESIAN_POINT('',(9.300762156935,2.557895693348,0.88767169486)
  );
#1964 = CARTESIAN_POINT('',(9.286347975423,2.651044616495,0.550230852113
    ));
#1965 = CARTESIAN_POINT('',(9.271933110896,2.699880642993,0.203575889986
    ));
#1966 = CARTESIAN_POINT('',(9.25751632922,2.703579776048,-0.146529548004
    ));
#1967 = CARTESIAN_POINT('',(9.243097648413,2.662056630885,
    -0.494229955143));
#1968 = CARTESIAN_POINT('',(9.228682236661,2.57602891359,-0.83358722604)
  );
#1969 = CARTESIAN_POINT('',(9.214267758828,2.446944925664,
    -1.158987465353));
#1970 = CARTESIAN_POINT('',(9.199853562936,2.27695952324,-1.465007474796
    ));
#1971 = CARTESIAN_POINT('',(9.185438663893,2.068902030846,
    -1.746551965107));
#1972 = CARTESIAN_POINT('',(9.171021725905,1.826220910876,
    -1.998932694765));
#1973 = CARTESIAN_POINT('',(9.156603149099,1.552965223135,-2.21790600118
    ));
#1974 = CARTESIAN_POINT('',(9.142187809355,1.253803180485,
    -2.399743728388));
#1975 = CARTESIAN_POINT('',(9.127773361455,0.933701030297,-2.54145505567
    ));
#1976 = CARTESIAN_POINT('',(9.113359148787,0.597995932903,
    -2.640680302507));
#1977 = CARTESIAN_POINT('',(9.098944214875,0.252277329655,
    -2.695766369366));
#1978 = CARTESIAN_POINT('',(9.08452711409,-9.771205809006E-02,
    -2.705784039203));
#1979 = CARTESIAN_POINT('',(9.070108657285,-0.446099833908,
    -2.670543422641));
#1980 = CARTESIAN_POINT('',(9.055693383065,-0.78695140317,
    -2.590656220954));
#1981 = CARTESIAN_POINT('',(9.041278964745,-1.11462744551,
    -2.467467745138));
#1982 = CARTESIAN_POINT('',(9.026864732903,-1.423666824402,
    -2.303033737218));
#1983 = CARTESIAN_POINT('',(9.012449763769,-1.708922661686,
    -2.100091505954));
#1984 = CARTESIAN_POINT('',(8.998032493703,-1.965648204317,
    -1.861999513831));
#1985 = CARTESIAN_POINT('',(8.983614172898,-2.189513534761,
    -1.592745081539));
#1986 = CARTESIAN_POINT('',(8.969198957718,-2.376720204085,
    -1.296916753278));
#1987 = CARTESIAN_POINT('',(8.954784568625,-2.524186174967,
    -0.979426144747));
#1988 = CARTESIAN_POINT('',(8.940370315213,-2.62945549749,
    -0.645565981097));
#1989 = CARTESIAN_POINT('',(8.925955310505,-2.690773724428,
    -0.300896372872));
#1990 = CARTESIAN_POINT('',(8.911537864672,-2.707106851246,
    4.886356593305E-02));
#1991 = CARTESIAN_POINT('',(8.897119695869,-2.67816016896,0.397823657725
    ));
#1992 = CARTESIAN_POINT('',(8.882704533243,-2.604439373209,
    0.740059058886));
#1993 = CARTESIAN_POINT('',(8.868290173022,-2.487186475839,
    1.069904134998));
#1994 = CARTESIAN_POINT('',(8.853875895654,-2.328357365674,
    1.381862387205));
#1995 = CARTESIAN_POINT('',(8.839460854981,-2.13059656141,1.670736681037
    ));
#1996 = CARTESIAN_POINT('',(8.825043227038,-1.897170968476,
    1.931723980997));
#1997 = CARTESIAN_POINT('',(8.810625225709,-1.632006513323,
    2.160407220555));
#1998 = CARTESIAN_POINT('',(8.796210111118,-1.339607831605,
    2.352922167724));
#1999 = CARTESIAN_POINT('',(8.781795772084,-1.024831975126,
    2.506094681021));
#2000 = CARTESIAN_POINT('',(8.76738149573,-0.69292603573,2.617373871591)
  );
#2001 = CARTESIAN_POINT('',(8.752966316603,-0.349415105468,
    2.684904347546));
#2002 = CARTESIAN_POINT('',(8.743354693031,-0.116476828499,2.7));
#2003 = CARTESIAN_POINT('',(8.738548580399,0.,2.7));
#2004 = PCURVE('',#847,#2005);
#2005 = DEFINITIONAL_REPRESENTATION('',(#2006),#2009);
#2006 = B_SPLINE_CURVE_WITH_KNOTS('',1,(#2007,#2008),.UNSPECIFIED.,.F.,
  .F.,(2,2),(0.,1.),.PIECEWISE_BEZIER_KNOTS.);
#2007 = CARTESIAN_POINT('',(2.971151321519E-06,9.386739032844E-02));
#2008 = CARTESIAN_POINT('',(3.875423280064E-06,0.999999846686));
#2009 = ( GEOMETRIC_REPRESENTATION_CONTEXT(2) 
PARAMETRIC_REPRESENTATION_CONTEXT() REPRESENTATION_CONTEXT('2D SPACE',''
  ) );
#2010 = PCURVE('',#2011,#2280);
#2011 = B_SPLINE_SURFACE_WITH_KNOTS('',3,3,(
    (#2012,#2013,#2014,#2015,#2016,#2017,#2018,#2019,#2020,#2021,#2022
      ,#2023,#2024,#2025,#2026,#2027,#2028,#2029,#2030,#2031,#2032,#2033
      ,#2034,#2035,#2036,#2037,#2038,#2039,#2040,#2041,#2042,#2043,#2044
      ,#2045,#2046,#2047,#2048,#2049,#2050,#2051,#2052,#2053,#2054,#2055
      ,#2056,#2057,#2058,#2059,#2060,#2061,#2062,#2063,#2064,#2065,#2066
      ,#2067,#2068,#2069,#2070,#2071,#2072,#2073,#2074,#2075,#2076,#2077
      ,#2078)
    ,(#2079,#2080,#2081,#2082,#2083,#2084,#2085,#2086,#2087,#2088,#2089
      ,#2090,#2091,#2092,#2093,#2094,#2095,#2096,#2097,#2098,#2099,#2100
      ,#2101,#2102,#2103,#2104,#2105,#2106,#2107,#2108,#2109,#2110,#2111
      ,#2112,#2113,#2114,#2115,#2116,#2117,#2118,#2119,#2120,#2121,#2122
      ,#2123,#2124,#2125,#2126,#2127,#2128,#2129,#2130,#2131,#2132,#2133
      ,#2134,#2135,#2136,#2137,#2138,#2139,#2140,#2141,#2142,#2143,#2144
      ,#2145)
    ,(#2146,#2147,#2148,#2149,#2150,#2151,#2152,#2153,#2154,#2155,#2156
      ,#2157,#2158,#2159,#2160,#2161,#2162,#2163,#2164,#2165,#2166,#2167
      ,#2168,#2169,#2170,#2171,#2172,#2173,#2174,#2175,#2176,#2177,#2178
      ,#2179,#2180,#2181,#2182,#2183,#2184,#2185,#2186,#2187,#2188,#2189
      ,#2190,#2191,#2192,#2193,#2194,#2195,#2196,#2197,#2198,#2199,#2200
      ,#2201,#2202,#2203,#2204,#2205,#2206,#2207,#2208,#2209,#2210,#2211
      ,#2212)
    ,(#2213,#2214,#2215,#2216,#2217,#2218,#2219,#2220,#2221,#2222,#2223
      ,#2224,#2225,#2226,#2227,#2228,#2229,#2230,#2231,#2232,#2233,#2234
      ,#2235,#2236,#2237,#2238,#2239,#2240,#2241,#2242,#2243,#2244,#2245
      ,#2246,#2247,#2248,#2249,#2250,#2251,#2252,#2253,#2254,#2255,#2256
      ,#2257,#2258,#2259,#2260,#2261,#2262,#2263,#2264,#2265,#2266,#2267
      ,#2268,#2269,#2270,#2271,#2272,#2273,#2274,#2275,#2276,#2277,#2278
      ,#2279
    )),.UNSPECIFIED.,.F.,.F.,.F.,(4,4),(4,1,1,1,1,1,1,1,1,1,1,1,1,1,1,1,
    1,1,1,1,1,1,1,1,1,1,1,1,1,1,1,1,1,1,1,1,1,1,1,1,1,1,1,1,1,1,1,1,1,1,
    1,1,1,1,1,1,1,1,1,1,1,1,1,1,4),(0.568169861593,1.010214231823),(
    7.574485802494E-02,9.046951102209E-02,0.105194164019,0.119918817016,
    0.134643470013,0.149368123011,0.164092776008,0.178817429005,
    0.193542082002,0.208266734999,0.222991387997,0.237716040994,
    0.252440693991,0.267165346988,0.281889999985,0.296614652982,
    0.311339305979,0.326063958976,0.340788611974,0.355513264971,
    0.370237917968,0.384962570965,0.399687223962,0.414411876959,
    0.429136529957,0.443861182954,0.458585835951,0.473310488948,
    0.488035141945,0.502759794942,0.517484447939,0.532209100937,
    0.546933753934,0.561658406931,0.576383059928,0.591107712925,
    0.605832365922,0.62055701892,0.635281671917,0.650006324914,
    0.664730977911,0.679455630908,0.694180283905,0.708904936903,
    0.7236295899,0.738354242897,0.753078895894,0.767803548891,
    0.782528201888,0.797252854885,0.811977507883,0.82670216088,
    0.841426813877,0.856151466874,0.870876119871,0.885600772868,
    0.900325425865,0.915050078863,0.92977473186,0.944499384857,
    0.959224037854,0.973948690851,0.988673343848,1.003397996845,
    1.018122649843),.UNSPECIFIED.);
#2012 = CARTESIAN_POINT('',(11.02842346811,-7.468763181766E-02,
    3.103670902167));
#2013 = CARTESIAN_POINT('',(11.01725727292,0.236385647954,3.111156659298
    ));
#2014 = CARTESIAN_POINT('',(10.99492488254,0.860750589403,3.031885853051
    ));
#2015 = CARTESIAN_POINT('',(10.96142629697,1.720101233283,2.640926704769
    ));
#2016 = CARTESIAN_POINT('',(10.9279277114,2.425095130775,2.012994543278)
  );
#2017 = CARTESIAN_POINT('',(10.89442912583,2.912485843536,1.204434614062
    ));
#2018 = CARTESIAN_POINT('',(10.86093054026,3.138535793076,0.287799650842
    ));
#2019 = CARTESIAN_POINT('',(10.82743195469,3.082962266741,
    -0.654659832544));
#2020 = CARTESIAN_POINT('',(10.79393336913,2.750751671714,
    -1.538376093676));
#2021 = CARTESIAN_POINT('',(10.76043478356,2.171713636122,
    -2.284052465205));
#2022 = CARTESIAN_POINT('',(10.72693619799,1.397805752363,
    -2.824778727005));
#2023 = CARTESIAN_POINT('',(10.69343761242,0.498471485259,
    -3.112035018564));
#2024 = CARTESIAN_POINT('',(10.65993902685,-0.445591082898,
    -3.120045571013));
#2025 = CARTESIAN_POINT('',(10.62644044128,-1.349670356916,
    -2.84809159017));
#2026 = CARTESIAN_POINT('',(10.59294185571,-2.13264247948,
    -2.320575754649));
#2027 = CARTESIAN_POINT('',(10.55944327015,-2.72425064826,
    -1.584832541248));
#2028 = CARTESIAN_POINT('',(10.52594468458,-3.071409322971,
    -0.706880859204));
#2029 = CARTESIAN_POINT('',(10.49244609901,-3.142967639266,
    0.234499886723));
#2030 = CARTESIAN_POINT('',(10.45894751344,-2.93250460419,1.154838744047
    ));
#2031 = CARTESIAN_POINT('',(10.42544892787,-2.458905257737,
    1.971552868127));
#2032 = CARTESIAN_POINT('',(10.3919503423,-1.764666100993,2.611357756101
    ));
#2033 = CARTESIAN_POINT('',(10.35845175674,-0.912081846354,
    3.016843132133));
#2034 = CARTESIAN_POINT('',(10.32495317117,2.234434380271E-02,
    3.151624423792));
#2035 = CARTESIAN_POINT('',(10.2914545856,0.954765555621,3.003607582915)
  );
#2036 = CARTESIAN_POINT('',(10.25795600003,1.801514783779,2.586074295563
    ));
#2037 = CARTESIAN_POINT('',(10.22445741446,2.486612448145,1.936490204229
    ));
#2038 = CARTESIAN_POINT('',(10.19095882889,2.948584110766,1.113143081585
    ));
#2039 = CARTESIAN_POINT('',(10.15746024332,3.145976633228,0.189912615499
    ));
#2040 = CARTESIAN_POINT('',(10.12396165776,3.061077804549,
    -0.750358882698));
#2041 = CARTESIAN_POINT('',(10.09046307219,2.701505674018,-1.62329999433
    ));
#2042 = CARTESIAN_POINT('',(10.05696448662,2.099524976691,
    -2.350580917687));
#2043 = CARTESIAN_POINT('',(10.02346590105,1.309151989299,
    -2.866942072533));
#2044 = CARTESIAN_POINT('',(9.989967315481,0.401307600497,
    -3.126049901733));
#2045 = CARTESIAN_POINT('',(9.956468729913,-0.542546485126,
    -3.104654423575));
#2046 = CARTESIAN_POINT('',(9.922970144344,-1.437717380058,
    -2.804675473816));
#2047 = CARTESIAN_POINT('',(9.889471558776,-2.203880583869,
    -2.253030437076));
#2048 = CARTESIAN_POINT('',(9.855972973207,-2.772287573852,
    -1.499218925377));
#2049 = CARTESIAN_POINT('',(9.822474387639,-3.091934672644,
    -0.61088113283));
#2050 = CARTESIAN_POINT('',(9.78897580207,-3.134139654681,0.332271580639
    ));
#2051 = CARTESIAN_POINT('',(9.755477216502,-2.895115428452,
    1.245609262281));
#2052 = CARTESIAN_POINT('',(9.721978630933,-2.396309855669,
    2.047177289334));
#2053 = CARTESIAN_POINT('',(9.688480045365,-1.682481215084,
    2.665050232028));
#2054 = CARTESIAN_POINT('',(9.654981459796,-0.817682001336,
    3.043785787968));
#2055 = CARTESIAN_POINT('',(9.621482874228,0.120488563783,3.149399670468
    ));
#2056 = CARTESIAN_POINT('',(9.587984288659,1.047847580237,2.972415049574
    ));
#2057 = CARTESIAN_POINT('',(9.554485703091,1.881182278109,2.528712916658
    ));
#2058 = CARTESIAN_POINT('',(9.520987117522,2.545716775299,1.858107068579
    ));
#2059 = CARTESIAN_POINT('',(9.487488531954,2.981821785591,1.020771579405
    ));
#2060 = CARTESIAN_POINT('',(9.453989946385,3.150365208861,
    9.184132588528E-02));
#2061 = CARTESIAN_POINT('',(9.420491360817,3.036223490098,
    -0.845329933528));
#2062 = CARTESIAN_POINT('',(9.386992775248,2.649638669777,
    -1.706648967411));
#2063 = CARTESIAN_POINT('',(9.353494189679,2.025299356232,
    -2.414828833684));
#2064 = CARTESIAN_POINT('',(9.319995604111,1.21922808521,-2.906323907376
    ));
#2065 = CARTESIAN_POINT('',(9.286497018542,0.30375436666,-3.13703188748)
  );
#2066 = CARTESIAN_POINT('',(9.252998432974,-0.63897550809,
    -3.086251136641));
#2067 = CARTESIAN_POINT('',(9.219499847405,-1.524369528086,
    -2.758538257887));
#2068 = CARTESIAN_POINT('',(9.186001261837,-2.272980480466,
    -2.183299226698));
#2069 = CARTESIAN_POINT('',(9.152502676268,-2.817634823277,
    -1.412150765245));
#2070 = CARTESIAN_POINT('',(9.1190040907,-3.109460221245,-0.51428872973)
  );
#2071 = CARTESIAN_POINT('',(9.085505505131,-3.122270932525,
    0.429720907569));
#2072 = CARTESIAN_POINT('',(9.052006919563,-2.854917376348,1.33517127653
    ));
#2073 = CARTESIAN_POINT('',(9.018508333994,-2.331389669759,
    2.120815582762));
#2074 = CARTESIAN_POINT('',(8.985009748425,-1.598663540151,
    2.716156900838));
#2075 = CARTESIAN_POINT('',(8.951511162857,-0.722490496193,
    3.067776001539));
#2076 = CARTESIAN_POINT('',(8.918012577288,0.21852206566,3.14411696823)
  );
#2077 = CARTESIAN_POINT('',(8.895680186909,0.832767300263,3.006937404879
    ));
#2078 = CARTESIAN_POINT('',(8.88451399172,1.122865410016,2.894395374218)
  );
#2079 = CARTESIAN_POINT('',(10.96454939598,-7.136660769254E-02,
    2.96566457245));
#2080 = CARTESIAN_POINT('',(10.95338320079,0.225874638024,2.972817471524
    ));
#2081 = CARTESIAN_POINT('',(10.93105081042,0.822476869866,2.897071482621
    ));
#2082 = CARTESIAN_POINT('',(10.89755222485,1.64361604351,2.523496534798)
  );
#2083 = CARTESIAN_POINT('',(10.86405363928,2.317262023219,1.923485701196
    ));
#2084 = CARTESIAN_POINT('',(10.83055505371,2.782980656199,1.150878806854
    ));
#2085 = CARTESIAN_POINT('',(10.79705646814,2.998979177978,0.275002490719
    ));
#2086 = CARTESIAN_POINT('',(10.76355788257,2.945876757194,
    -0.625550044957));
#2087 = CARTESIAN_POINT('',(10.730059297,2.628438077863,-1.469971406097)
  );
#2088 = CARTESIAN_POINT('',(10.69656071144,2.075147267597,
    -2.182490892623));
#2089 = CARTESIAN_POINT('',(10.66306212587,1.335651597614,
    -2.699173481905));
#2090 = CARTESIAN_POINT('',(10.6295635403,0.476306693205,-2.973656774092
    ));
#2091 = CARTESIAN_POINT('',(10.59606495473,-0.425777645249,
    -2.981311133189));
#2092 = CARTESIAN_POINT('',(10.56256636916,-1.289656567388,
    -2.721449726569));
#2093 = CARTESIAN_POINT('',(10.52906778359,-2.037813430117,
    -2.217390155136));
#2094 = CARTESIAN_POINT('',(10.49556919803,-2.603115436105,
    -1.514362143732));
#2095 = CARTESIAN_POINT('',(10.46207061246,-2.934837521037,
    -0.675449036693));
#2096 = CARTESIAN_POINT('',(10.42857202689,-3.003213959837,
    0.224072728141));
#2097 = CARTESIAN_POINT('',(10.39507344132,-2.80210927232,1.103488242817
    ));
#2098 = CARTESIAN_POINT('',(10.36157485575,-2.349568765422,
    1.883886751535));
#2099 = CARTESIAN_POINT('',(10.32807627018,-1.686199311358,
    2.495242384706));
#2100 = CARTESIAN_POINT('',(10.29457768461,-0.871525655963,
    2.882697644057));
#2101 = CARTESIAN_POINT('',(10.26107909905,2.13507910155E-02,
    3.011485815969));
#2102 = CARTESIAN_POINT('',(10.22758051348,0.912311412053,2.870050620371
    ));
#2103 = CARTESIAN_POINT('',(10.19408192791,1.721409498433,2.471083166298
    ));
#2104 = CARTESIAN_POINT('',(10.16058334234,2.376043941299,1.850383167097
    ));
#2105 = CARTESIAN_POINT('',(10.12708475677,2.817473795332,1.063646599521
    ));
#2106 = CARTESIAN_POINT('',(10.0935861712,3.006089157329,0.181468052959)
  );
#2107 = CARTESIAN_POINT('',(10.06008758563,2.924965398917,
    -0.716993787418));
#2108 = CARTESIAN_POINT('',(10.02658900007,2.581381828889,
    -1.551119121646));
#2109 = CARTESIAN_POINT('',(9.993090414498,2.006168514193,
    -2.246061123104));
#2110 = CARTESIAN_POINT('',(9.959591828929,1.250939869914,
    -2.739462012497));
#2111 = CARTESIAN_POINT('',(9.926093243361,0.383463250763,
    -2.987048478242));
#2112 = CARTESIAN_POINT('',(9.892594657792,-0.51842187544,-2.96660436107
    ));
#2113 = CARTESIAN_POINT('',(9.859096072224,-1.373788534172,
    -2.679964130252));
#2114 = CARTESIAN_POINT('',(9.825597486655,-2.1058838954,-2.152848274996
    ));
#2115 = CARTESIAN_POINT('',(9.792098901087,-2.64901637499,
    -1.432555381509));
#2116 = CARTESIAN_POINT('',(9.758600315518,-2.954450200435,
    -0.583717987736));
#2117 = CARTESIAN_POINT('',(9.72510172995,-2.994778516147,0.317496953188
    ));
#2118 = CARTESIAN_POINT('',(9.691603144381,-2.766382625593,
    1.190222603076));
#2119 = CARTESIAN_POINT('',(9.658104558813,-2.289756700238,
    1.956148493794));
#2120 = CARTESIAN_POINT('',(9.624605973244,-1.60766881885,2.546547396958
    ));
#2121 = CARTESIAN_POINT('',(9.591107387676,-0.781323348811,
    2.908442280785));
#2122 = CARTESIAN_POINT('',(9.557608802107,0.115130977563,3.00935998745)
  );
#2123 = CARTESIAN_POINT('',(9.524110216539,1.001254496368,2.840245079137
    ));
#2124 = CARTESIAN_POINT('',(9.49061163097,1.79753453648,2.416272390733)
  );
#2125 = CARTESIAN_POINT('',(9.457113045401,2.432520164019,1.775485378058
    ));
#2126 = CARTESIAN_POINT('',(9.423614459833,2.849233539778,0.975382443895
    ));
#2127 = CARTESIAN_POINT('',(9.390115874264,3.01028259268,
    8.775755389227E-02));
#2128 = CARTESIAN_POINT('',(9.356617288696,2.901216244396,-0.80774190142
    ));
#2129 = CARTESIAN_POINT('',(9.323118703127,2.531821117782,
    -1.630761939589));
#2130 = CARTESIAN_POINT('',(9.289620117559,1.935243374285,
    -2.307452222331));
#2131 = CARTESIAN_POINT('',(9.25612153199,1.165014478666,-2.777092713713
    ));
#2132 = CARTESIAN_POINT('',(9.222622946422,0.290247771856,
    -2.997542144321));
#2133 = CARTESIAN_POINT('',(9.189124360853,-0.610563132092,
    -2.949019385796));
#2134 = CARTESIAN_POINT('',(9.155625775285,-1.45658764968,-2.63587842946
    ));
#2135 = CARTESIAN_POINT('',(9.122127189716,-2.171911229404,
    -2.086217698904));
#2136 = CARTESIAN_POINT('',(9.088628604148,-2.692347235547,
    -1.34935875209));
#2137 = CARTESIAN_POINT('',(9.055130018579,-2.971196466466,
    -0.491420615731));
#2138 = CARTESIAN_POINT('',(9.02163143301,-2.983437542852,0.410613145462
    ));
#2139 = CARTESIAN_POINT('',(8.988132847442,-2.727972000639,
    1.275802196101));
#2140 = CARTESIAN_POINT('',(8.954634261873,-2.227723223926,2.02651242247
    ));
#2141 = CARTESIAN_POINT('',(8.921135676305,-1.527578140125,
    2.595381581342));
#2142 = CARTESIAN_POINT('',(8.887637090736,-0.690364583112,
    2.931365757118));
#2143 = CARTESIAN_POINT('',(8.854138505168,0.208805369144,3.004312183295
    ));
#2144 = CARTESIAN_POINT('',(8.831806114789,0.795737872131,2.873232380083
    ));
#2145 = CARTESIAN_POINT('',(8.820639919599,1.072936619597,2.765694588943
    ));
#2146 = CARTESIAN_POINT('',(10.90067532386,-6.804558356743E-02,
    2.827658242734));
#2147 = CARTESIAN_POINT('',(10.88950912867,0.215363628094,2.83447828375)
  );
#2148 = CARTESIAN_POINT('',(10.8671767383,0.784203150329,2.76225711219)
  );
#2149 = CARTESIAN_POINT('',(10.83367815273,1.567130853737,2.406066364827
    ));
#2150 = CARTESIAN_POINT('',(10.80017956716,2.209428915663,1.833976859113
    ));
#2151 = CARTESIAN_POINT('',(10.76668098159,2.653475468862,1.097322999647
    ));
#2152 = CARTESIAN_POINT('',(10.73318239602,2.859422562879,0.262205330595
    ));
#2153 = CARTESIAN_POINT('',(10.69968381045,2.808791247648,-0.59644025737
    ));
#2154 = CARTESIAN_POINT('',(10.66618522488,2.506124484012,
    -1.401566718518));
#2155 = CARTESIAN_POINT('',(10.63268663932,1.978580899073,-2.08092932004
    ));
#2156 = CARTESIAN_POINT('',(10.59918805375,1.273497442866,
    -2.573568236805));
#2157 = CARTESIAN_POINT('',(10.56568946818,0.454141901151,-2.83527852962
    ));
#2158 = CARTESIAN_POINT('',(10.53219088261,-0.4059642076,-2.842576695364
    ));
#2159 = CARTESIAN_POINT('',(10.49869229704,-1.229642777861,
    -2.594807862967));
#2160 = CARTESIAN_POINT('',(10.46519371147,-1.942984380753,
    -2.114204555624));
#2161 = CARTESIAN_POINT('',(10.4316951259,-2.481980223949,
    -1.443891746217));
#2162 = CARTESIAN_POINT('',(10.39819654034,-2.798265719103,
    -0.644017214183));
#2163 = CARTESIAN_POINT('',(10.36469795477,-2.863460280409,
    0.213645569559));
#2164 = CARTESIAN_POINT('',(10.3311993692,-2.671713940451,1.052137741587
    ));
#2165 = CARTESIAN_POINT('',(10.29770078363,-2.240232273107,
    1.796220634944));
#2166 = CARTESIAN_POINT('',(10.26420219806,-1.607732521724,2.37912701331
    ));
#2167 = CARTESIAN_POINT('',(10.23070361249,-0.830969465573,
    2.748552155982));
#2168 = CARTESIAN_POINT('',(10.19720502693,2.035723822803E-02,
    2.871347208145));
#2169 = CARTESIAN_POINT('',(10.16370644136,0.869857268485,2.736493657828
    ));
#2170 = CARTESIAN_POINT('',(10.13020785579,1.641304213087,2.356092037033
    ));
#2171 = CARTESIAN_POINT('',(10.09670927022,2.265475434452,1.764276129964
    ));
#2172 = CARTESIAN_POINT('',(10.06321068465,2.686363479898,1.014150117457
    ));
#2173 = CARTESIAN_POINT('',(10.02971209908,2.86620168143,0.17302349042)
  );
#2174 = CARTESIAN_POINT('',(9.996213513514,2.788852993285,
    -0.683628692138));
#2175 = CARTESIAN_POINT('',(9.962714927946,2.461257983761,
    -1.478938248961));
#2176 = CARTESIAN_POINT('',(9.929216342377,1.912812051695,-2.14154132852
    ));
#2177 = CARTESIAN_POINT('',(9.895717756809,1.19272775053,-2.611981952462
    ));
#2178 = CARTESIAN_POINT('',(9.86221917124,0.36561890103,-2.848047054752)
  );
#2179 = CARTESIAN_POINT('',(9.828720585672,-0.494297265753,
    -2.828554298566));
#2180 = CARTESIAN_POINT('',(9.795222000103,-1.309859688284,
    -2.555252786688));
#2181 = CARTESIAN_POINT('',(9.761723414535,-2.00788720693,
    -2.052666112916));
#2182 = CARTESIAN_POINT('',(9.728224828966,-2.525745176128,
    -1.365891837642));
#2183 = CARTESIAN_POINT('',(9.694726243397,-2.816965728226,
    -0.556554842643));
#2184 = CARTESIAN_POINT('',(9.661227657829,-2.855417377612,
    0.302722325737));
#2185 = CARTESIAN_POINT('',(9.62772907226,-2.637649822734,1.13483594387)
  );
#2186 = CARTESIAN_POINT('',(9.594230486692,-2.183203544806,
    1.865119698254));
#2187 = CARTESIAN_POINT('',(9.560731901123,-1.532856422616,
    2.428044561888));
#2188 = CARTESIAN_POINT('',(9.527233315555,-0.744964696287,
    2.773098773602));
#2189 = CARTESIAN_POINT('',(9.493734729986,0.109773391343,2.869320304431
    ));
#2190 = CARTESIAN_POINT('',(9.460236144418,0.954661412498,2.708075108699
    ));
#2191 = CARTESIAN_POINT('',(9.426737558849,1.713886794851,2.303831864808
    ));
#2192 = CARTESIAN_POINT('',(9.393238973281,2.319323552738,1.692863687537
    ));
#2193 = CARTESIAN_POINT('',(9.359740387712,2.716645293966,0.929993308386
    ));
#2194 = CARTESIAN_POINT('',(9.326241802144,2.870199976498,
    8.367378189963E-02));
#2195 = CARTESIAN_POINT('',(9.292743216575,2.766208998693,
    -0.770153869312));
#2196 = CARTESIAN_POINT('',(9.259244631007,2.414003565786,
    -1.554874911766));
#2197 = CARTESIAN_POINT('',(9.225746045438,1.845187392339,
    -2.200075610978));
#2198 = CARTESIAN_POINT('',(9.19224745987,1.110800872123,-2.64786152005)
  );
#2199 = CARTESIAN_POINT('',(9.158748874301,0.276741177052,
    -2.858052401161));
#2200 = CARTESIAN_POINT('',(9.125250288732,-0.582150756093,
    -2.81178763495));
#2201 = CARTESIAN_POINT('',(9.091751703164,-1.388805771275,
    -2.513218601032));
#2202 = CARTESIAN_POINT('',(9.058253117595,-2.070841978342,
    -1.98913617111));
#2203 = CARTESIAN_POINT('',(9.024754532027,-2.567059647816,
    -1.286566738934));
#2204 = CARTESIAN_POINT('',(8.991255946458,-2.832932711686,
    -0.468552501732));
#2205 = CARTESIAN_POINT('',(8.95775736089,-2.844604153178,0.391505383356
    ));
#2206 = CARTESIAN_POINT('',(8.924258775321,-2.601026624929,
    1.216433115672));
#2207 = CARTESIAN_POINT('',(8.890760189753,-2.124056778093,
    1.932209262177));
#2208 = CARTESIAN_POINT('',(8.857261604184,-1.4564927401,2.474606261846)
  );
#2209 = CARTESIAN_POINT('',(8.823763018615,-0.658238670031,
    2.794955512698));
#2210 = CARTESIAN_POINT('',(8.790264433047,0.199088672627,2.86450739836)
  );
#2211 = CARTESIAN_POINT('',(8.767932042668,0.758708443999,2.739527355286
    ));
#2212 = CARTESIAN_POINT('',(8.756765847478,1.023007829179,2.636993803668
    ));
#2213 = CARTESIAN_POINT('',(10.83680125174,-6.472455944236E-02,
    2.689651913017));
#2214 = CARTESIAN_POINT('',(10.82563505655,0.204852618164,2.696139095976
    ));
#2215 = CARTESIAN_POINT('',(10.80330266617,0.745929430792,2.62744274176)
  );
#2216 = CARTESIAN_POINT('',(10.76980408061,1.490645663963,2.288636194856
    ));
#2217 = CARTESIAN_POINT('',(10.73630549504,2.101595808107,1.744468017031
    ));
#2218 = CARTESIAN_POINT('',(10.70280690947,2.523970281524,1.043767192441
    ));
#2219 = CARTESIAN_POINT('',(10.6693083239,2.71986594778,0.249408170471)
  );
#2220 = CARTESIAN_POINT('',(10.63580973833,2.671705738102,
    -0.567330469783));
#2221 = CARTESIAN_POINT('',(10.60231115276,2.383810890161,
    -1.333162030938));
#2222 = CARTESIAN_POINT('',(10.5688125672,1.882014530549,-1.979367747457
    ));
#2223 = CARTESIAN_POINT('',(10.53531398163,1.211343288118,
    -2.447962991706));
#2224 = CARTESIAN_POINT('',(10.50181539606,0.431977109098,
    -2.696900285147));
#2225 = CARTESIAN_POINT('',(10.46831681049,-0.38615076995,-2.70384225754
    ));
#2226 = CARTESIAN_POINT('',(10.43481822492,-1.169628988334,
    -2.468165999365));
#2227 = CARTESIAN_POINT('',(10.40131963935,-1.848155331389,
    -2.011018956112));
#2228 = CARTESIAN_POINT('',(10.36782105378,-2.360845011794,
    -1.373421348701));
#2229 = CARTESIAN_POINT('',(10.33432246822,-2.661693917168,
    -0.612585391674));
#2230 = CARTESIAN_POINT('',(10.30082388265,-2.72370660098,0.203218410976
    ));
#2231 = CARTESIAN_POINT('',(10.26732529708,-2.541318608581,
    1.000787240357));
#2232 = CARTESIAN_POINT('',(10.23382671151,-2.130895780793,
    1.708554518352));
#2233 = CARTESIAN_POINT('',(10.20032812594,-1.52926573209,2.263011641914
    ));
#2234 = CARTESIAN_POINT('',(10.16682954037,-0.790413275183,
    2.614406667907));
#2235 = CARTESIAN_POINT('',(10.1333309548,1.936368543985E-02,
    2.731208600321));
#2236 = CARTESIAN_POINT('',(10.09983236924,0.827403124916,2.602936695285
    ));
#2237 = CARTESIAN_POINT('',(10.06633378367,1.561198927741,2.241100907769
    ));
#2238 = CARTESIAN_POINT('',(10.0328351981,2.154906927606,1.678169092833)
  );
#2239 = CARTESIAN_POINT('',(9.99933661253,2.555253164464,0.964653635394)
  );
#2240 = CARTESIAN_POINT('',(9.965838026962,2.726314205531,0.164578927882
    ));
#2241 = CARTESIAN_POINT('',(9.932339441393,2.652740587654,
    -0.650263596857));
#2242 = CARTESIAN_POINT('',(9.898840855825,2.341134138633,
    -1.406757376276));
#2243 = CARTESIAN_POINT('',(9.865342270256,1.819455589198,
    -2.037021533935));
#2244 = CARTESIAN_POINT('',(9.831843684688,1.134515631146,
    -2.484501892426));
#2245 = CARTESIAN_POINT('',(9.798345099119,0.347774551298,-2.70904563126
    ));
#2246 = CARTESIAN_POINT('',(9.764846513551,-0.470172656066,
    -2.690504236062));
#2247 = CARTESIAN_POINT('',(9.731347927982,-1.245930842396,
    -2.430541443125));
#2248 = CARTESIAN_POINT('',(9.697849342414,-1.90989051846,
    -1.952483950838));
#2249 = CARTESIAN_POINT('',(9.664350756845,-2.402473977264,
    -1.299228293776));
#2250 = CARTESIAN_POINT('',(9.630852171277,-2.679481256017,
    -0.52939169755));
#2251 = CARTESIAN_POINT('',(9.597353585708,-2.716056239078,
    0.287947698285));
#2252 = CARTESIAN_POINT('',(9.56385500014,-2.508917019876,1.079449284663
    ));
#2253 = CARTESIAN_POINT('',(9.530356414571,-2.076650389376,
    1.774090902713));
#2254 = CARTESIAN_POINT('',(9.496857829003,-1.458044026382,
    2.309541726818));
#2255 = CARTESIAN_POINT('',(9.463359243434,-0.708606043763,2.63775526642
    ));
#2256 = CARTESIAN_POINT('',(9.429860657866,0.104415805121,2.729280621413
    ));
#2257 = CARTESIAN_POINT('',(9.396362072297,0.908068328628,2.575905138262
    ));
#2258 = CARTESIAN_POINT('',(9.362863486729,1.63023905322,2.191391338884)
  );
#2259 = CARTESIAN_POINT('',(9.32936490116,2.206126941457,1.610241997017)
  );
#2260 = CARTESIAN_POINT('',(9.295866315592,2.584057048153,0.884604172877
    ));
#2261 = CARTESIAN_POINT('',(9.262367730023,2.730117360317,
    7.959000990809E-02));
#2262 = CARTESIAN_POINT('',(9.228869144454,2.631201752991,
    -0.732565837203));
#2263 = CARTESIAN_POINT('',(9.195370558886,2.296186013792,
    -1.478987883943));
#2264 = CARTESIAN_POINT('',(9.161871973317,1.755131410393,
    -2.092698999625));
#2265 = CARTESIAN_POINT('',(9.128373387749,1.056587265581,
    -2.518630326387));
#2266 = CARTESIAN_POINT('',(9.09487480218,0.263234582249,-2.718562658002
    ));
#2267 = CARTESIAN_POINT('',(9.061376216612,-0.553738380094,
    -2.674555884105));
#2268 = CARTESIAN_POINT('',(9.027877631043,-1.321023892869,
    -2.390558772605));
#2269 = CARTESIAN_POINT('',(8.994379045475,-1.969772727279,
    -1.892054643317));
#2270 = CARTESIAN_POINT('',(8.960880459906,-2.441772060086,
    -1.223774725779));
#2271 = CARTESIAN_POINT('',(8.927381874338,-2.694668956906,
    -0.445684387734));
#2272 = CARTESIAN_POINT('',(8.893883288769,-2.705770763505,
    0.372397621249));
#2273 = CARTESIAN_POINT('',(8.8603847032,-2.47408124922,1.157064035243)
  );
#2274 = CARTESIAN_POINT('',(8.826886117632,-2.02039033226,1.837906101885
    ));
#2275 = CARTESIAN_POINT('',(8.793387532063,-1.385407340074,
    2.353830942351));
#2276 = CARTESIAN_POINT('',(8.759888946495,-0.62611275695,2.658545268278
    ));
#2277 = CARTESIAN_POINT('',(8.726390360926,0.18937197611,2.724702613426)
  );
#2278 = CARTESIAN_POINT('',(8.704057970547,0.721679015867,2.605822330489
    ));
#2279 = CARTESIAN_POINT('',(8.692891775358,0.97307903876,2.508293018392)
  );
#2280 = DEFINITIONAL_REPRESENTATION('',(#2281),#2284);
#2281 = B_SPLINE_CURVE_WITH_KNOTS('',1,(#2282,#2283),.UNSPECIFIED.,.F.,
  .F.,(2,2),(0.,1.),.PIECEWISE_BEZIER_KNOTS.);
#2282 = CARTESIAN_POINT('',(0.999973408008,9.386764023562E-02));
#2283 = CARTESIAN_POINT('',(0.999973637323,0.999999884783));
#2284 = ( GEOMETRIC_REPRESENTATION_CONTEXT(2) 
PARAMETRIC_REPRESENTATION_CONTEXT() REPRESENTATION_CONTEXT('2D SPACE',''
  ) );
#2285 = ADVANCED_FACE('',(#2286),#1290,.F.);
#2286 = FACE_BOUND('',#2287,.F.);
#2287 = EDGE_LOOP('',(#2288,#2409,#2467,#2519,#2571,#2623,#2675,#2714,
    #3002));
#2288 = ORIENTED_EDGE('',*,*,#2289,.T.);
#2289 = EDGE_CURVE('',#730,#2290,#2292,.T.);
#2290 = VERTEX_POINT('',#2291);
#2291 = CARTESIAN_POINT('',(10.405,2.146118626482,2.230067227925));
#2292 = SURFACE_CURVE('',#2293,(#2307,#2358),.PCURVE_S1.);
#2293 = B_SPLINE_CURVE_WITH_KNOTS('',3,(#2294,#2295,#2296,#2297,#2298,
    #2299,#2300,#2301,#2302,#2303,#2304,#2305,#2306),.UNSPECIFIED.,.F.,
  .F.,(4,1,1,1,1,1,1,1,1,1,4),(0.,0.1,0.2,0.3,0.4,0.5,0.6,0.7,0.8,0.9,1.
    ),.QUASI_UNIFORM_KNOTS.);
#2294 = CARTESIAN_POINT('',(10.8,-1.203077690566,2.417147920683));
#2295 = CARTESIAN_POINT('',(10.78661471429,-1.108453582345,
    2.479196429891));
#2296 = CARTESIAN_POINT('',(10.75988999581,-0.910273738548,
    2.591996820379));
#2297 = CARTESIAN_POINT('',(10.71994197583,-0.590612313501,
    2.723896007436));
#2298 = CARTESIAN_POINT('',(10.68012851685,-0.253331382449,
    2.815684643425));
#2299 = CARTESIAN_POINT('',(10.64044757001,9.644620745307E-02,
    2.865169224757));
#2300 = CARTESIAN_POINT('',(10.60089565775,0.453358621922,2.870820151842
    ));
#2301 = CARTESIAN_POINT('',(10.56147019271,0.811871474826,2.831791192909
    ));
#2302 = CARTESIAN_POINT('',(10.52216866136,1.16637196643,2.74793791666)
  );
#2303 = CARTESIAN_POINT('',(10.48298807963,1.511261985085,2.619817846265
    ));
#2304 = CARTESIAN_POINT('',(10.44392657554,1.84103231228,2.44868911362)
  );
#2305 = CARTESIAN_POINT('',(10.41796256069,2.047257926978,2.307216320626
    ));
#2306 = CARTESIAN_POINT('',(10.405,2.146118626482,2.230067227925));
#2307 = PCURVE('',#1290,#2308);
#2308 = DEFINITIONAL_REPRESENTATION('',(#2309),#2357);
#2309 = B_SPLINE_CURVE_WITH_KNOTS('',3,(#2310,#2311,#2312,#2313,#2314,
    #2315,#2316,#2317,#2318,#2319,#2320,#2321,#2322,#2323,#2324,#2325,
    #2326,#2327,#2328,#2329,#2330,#2331,#2332,#2333,#2334,#2335,#2336,
    #2337,#2338,#2339,#2340,#2341,#2342,#2343,#2344,#2345,#2346,#2347,
    #2348,#2349,#2350,#2351,#2352,#2353,#2354,#2355,#2356),
  .UNSPECIFIED.,.F.,.F.,(4,1,1,1,1,1,1,1,1,1,1,1,1,1,1,1,1,1,1,1,1,1,1,1
    ,1,1,1,1,1,1,1,1,1,1,1,1,1,1,1,1,1,1,1,1,4),(0.,2.272727272727E-02,
    4.545454545455E-02,6.818181818182E-02,9.090909090909E-02,
    0.113636363636,0.136363636364,0.159090909091,0.181818181818,
    0.204545454545,0.227272727273,0.25,0.272727272727,0.295454545455,
    0.318181818182,0.340909090909,0.363636363636,0.386363636364,
    0.409090909091,0.431818181818,0.454545454545,0.477272727273,0.5,
    0.522727272727,0.545454545455,0.568181818182,0.590909090909,
    0.613636363636,0.636363636364,0.659090909091,0.681818181818,
    0.704545454545,0.727272727273,0.75,0.772727272727,0.795454545455,
    0.818181818182,0.840909090909,0.863636363636,0.886363636364,
    0.909090909091,0.931818181818,0.954545454545,0.977272727273,1.),
  .QUASI_UNIFORM_KNOTS.);
#2310 = CARTESIAN_POINT('',(2.664609706626E-05,5.430720928425E-02));
#2311 = CARTESIAN_POINT('',(3.278624012725E-03,5.477036885287E-02));
#2312 = CARTESIAN_POINT('',(9.779061324967E-03,5.569631422321E-02));
#2313 = CARTESIAN_POINT('',(1.951807536336E-02,5.708411669081E-02));
#2314 = CARTESIAN_POINT('',(2.924433269318E-02,5.847080476726E-02));
#2315 = CARTESIAN_POINT('',(3.895681795634E-02,5.985639545562E-02));
#2316 = CARTESIAN_POINT('',(4.865369185764E-02,6.124092195257E-02));
#2317 = CARTESIAN_POINT('',(5.833757049816E-02,6.262440312066E-02));
#2318 = CARTESIAN_POINT('',(6.801401158196E-02,6.400683853825E-02));
#2319 = CARTESIAN_POINT('',(7.768749668268E-02,6.53882274603E-02));
#2320 = CARTESIAN_POINT('',(8.736414087803E-02,6.676856571989E-02));
#2321 = CARTESIAN_POINT('',(9.70431652552E-02,6.814784196396E-02));
#2322 = CARTESIAN_POINT('',(0.106719640126,6.952602637725E-02));
#2323 = CARTESIAN_POINT('',(0.116389644761,7.090311392542E-02));
#2324 = CARTESIAN_POINT('',(0.126048982274,7.227911699953E-02));
#2325 = CARTESIAN_POINT('',(0.135692860848,7.365407312697E-02));
#2326 = CARTESIAN_POINT('',(0.145322055693,7.502799855273E-02));
#2327 = CARTESIAN_POINT('',(0.154938502223,7.640090541263E-02));
#2328 = CARTESIAN_POINT('',(0.164543956123,7.777281121464E-02));
#2329 = CARTESIAN_POINT('',(0.174139725715,7.914374164888E-02));
#2330 = CARTESIAN_POINT('',(0.183729661518,8.051370684982E-02));
#2331 = CARTESIAN_POINT('',(0.193323045921,8.188267785233E-02));
#2332 = CARTESIAN_POINT('',(0.202923656758,8.325062159019E-02));
#2333 = CARTESIAN_POINT('',(0.212522744063,8.461752707639E-02));
#2334 = CARTESIAN_POINT('',(0.2221132937,8.598341260865E-02));
#2335 = CARTESIAN_POINT('',(0.23169374398,8.734827600164E-02));
#2336 = CARTESIAN_POINT('',(0.241262490263,8.87121267675E-02));
#2337 = CARTESIAN_POINT('',(0.250818072033,9.00749852948E-02));
#2338 = CARTESIAN_POINT('',(0.260358243262,9.143688938268E-02));
#2339 = CARTESIAN_POINT('',(0.269885179736,9.279785936384E-02));
#2340 = CARTESIAN_POINT('',(0.279403813349,9.415789593743E-02));
#2341 = CARTESIAN_POINT('',(0.288918486857,9.551700062288E-02));
#2342 = CARTESIAN_POINT('',(0.298433421958,9.687517393133E-02));
#2343 = CARTESIAN_POINT('',(0.307953963011,9.823240426038E-02));
#2344 = CARTESIAN_POINT('',(0.317475942485,9.958865539771E-02));
#2345 = CARTESIAN_POINT('',(0.326994350129,0.100943917308));
#2346 = CARTESIAN_POINT('',(0.336504381603,0.102298196944));
#2347 = CARTESIAN_POINT('',(0.346000498152,0.103651525696));
#2348 = CARTESIAN_POINT('',(0.355482726643,0.105003918909));
#2349 = CARTESIAN_POINT('',(0.364952235242,0.106355390101));
#2350 = CARTESIAN_POINT('',(0.374410062649,0.107705958816));
#2351 = CARTESIAN_POINT('',(0.383856674706,0.109055654204));
#2352 = CARTESIAN_POINT('',(0.393295600516,0.110404489565));
#2353 = CARTESIAN_POINT('',(0.402733904027,0.111752440971));
#2354 = CARTESIAN_POINT('',(0.412180542927,0.113099477565));
#2355 = CARTESIAN_POINT('',(0.41848022734,0.113996877731));
#2356 = CARTESIAN_POINT('',(0.421630328857,0.114445417723));
#2357 = ( GEOMETRIC_REPRESENTATION_CONTEXT(2) 
PARAMETRIC_REPRESENTATION_CONTEXT() REPRESENTATION_CONTEXT('2D SPACE',''
  ) );
#2358 = PCURVE('',#746,#2359);
#2359 = DEFINITIONAL_REPRESENTATION('',(#2360),#2408);
#2360 = B_SPLINE_CURVE_WITH_KNOTS('',3,(#2361,#2362,#2363,#2364,#2365,
    #2366,#2367,#2368,#2369,#2370,#2371,#2372,#2373,#2374,#2375,#2376,
    #2377,#2378,#2379,#2380,#2381,#2382,#2383,#2384,#2385,#2386,#2387,
    #2388,#2389,#2390,#2391,#2392,#2393,#2394,#2395,#2396,#2397,#2398,
    #2399,#2400,#2401,#2402,#2403,#2404,#2405,#2406,#2407),
  .UNSPECIFIED.,.F.,.F.,(4,1,1,1,1,1,1,1,1,1,1,1,1,1,1,1,1,1,1,1,1,1,1,1
    ,1,1,1,1,1,1,1,1,1,1,1,1,1,1,1,1,1,1,1,1,4),(0.,2.272727272727E-02,
    4.545454545455E-02,6.818181818182E-02,9.090909090909E-02,
    0.113636363636,0.136363636364,0.159090909091,0.181818181818,
    0.204545454545,0.227272727273,0.25,0.272727272727,0.295454545455,
    0.318181818182,0.340909090909,0.363636363636,0.386363636364,
    0.409090909091,0.431818181818,0.454545454545,0.477272727273,0.5,
    0.522727272727,0.545454545455,0.568181818182,0.590909090909,
    0.613636363636,0.636363636364,0.659090909091,0.681818181818,
    0.704545454545,0.727272727273,0.75,0.772727272727,0.795454545455,
    0.818181818182,0.840909090909,0.863636363636,0.886363636364,
    0.909090909091,0.931818181818,0.954545454545,0.977272727273,1.),
  .QUASI_UNIFORM_KNOTS.);
#2361 = CARTESIAN_POINT('',(7.392154771586,-0.1975));
#2362 = CARTESIAN_POINT('',(7.401612620941,-0.194457969955));
#2363 = CARTESIAN_POINT('',(7.420521017103,-0.188376485949));
#2364 = CARTESIAN_POINT('',(7.448861498206,-0.179261431317));
#2365 = CARTESIAN_POINT('',(7.477179601881,-0.17015266149));
#2366 = CARTESIAN_POINT('',(7.505475269605,-0.161050443832));
#2367 = CARTESIAN_POINT('',(7.533748783868,-0.151956417407));
#2368 = CARTESIAN_POINT('',(7.562000247327,-0.142870163631));
#2369 = CARTESIAN_POINT('',(7.590229544201,-0.133790300678));
#2370 = CARTESIAN_POINT('',(7.61843676053,-0.124716756652));
#2371 = CARTESIAN_POINT('',(7.646622223984,-0.115650445845));
#2372 = CARTESIAN_POINT('',(7.67478637995,-0.106592348898));
#2373 = CARTESIAN_POINT('',(7.70292897849,-9.754070595407E-02));
#2374 = CARTESIAN_POINT('',(7.731049973345,-8.849517577762E-02));
#2375 = CARTESIAN_POINT('',(7.759149455607,-7.945609911736E-02));
#2376 = CARTESIAN_POINT('',(7.787227875451,-7.042517022553E-02));
#2377 = CARTESIAN_POINT('',(7.815285218386,-6.140124857763E-02));
#2378 = CARTESIAN_POINT('',(7.843321388298,-5.238334310481E-02));
#2379 = CARTESIAN_POINT('',(7.871336460747,-4.337147977277E-02));
#2380 = CARTESIAN_POINT('',(7.899330807327,-3.436694764791E-02));
#2381 = CARTESIAN_POINT('',(7.927304705387,-2.537005057685E-02));
#2382 = CARTESIAN_POINT('',(7.955257940035,-1.637914452424E-02));
#2383 = CARTESIAN_POINT('',(7.983190520178,-7.394065083495E-03));
#2384 = CARTESIAN_POINT('',(8.011102611386,1.584589515901E-03));
#2385 = CARTESIAN_POINT('',(8.038994661544,1.05553133013E-02));
#2386 = CARTESIAN_POINT('',(8.066866525352,1.951971809726E-02));
#2387 = CARTESIAN_POINT('',(8.094718134961,2.847842480845E-02));
#2388 = CARTESIAN_POINT('',(8.122549556893,3.743128377103E-02));
#2389 = CARTESIAN_POINT('',(8.15036118604,4.637671399209E-02));
#2390 = CARTESIAN_POINT('',(8.17815314143,5.531516181365E-02));
#2391 = CARTESIAN_POINT('',(8.205925273362,6.424798170203E-02));
#2392 = CARTESIAN_POINT('',(8.233677626157,7.317522857958E-02));
#2393 = CARTESIAN_POINT('',(8.261410452769,8.209596153122E-02));
#2394 = CARTESIAN_POINT('',(8.28912412407,9.100917243571E-02));
#2395 = CARTESIAN_POINT('',(8.31681842686,9.991662198829E-02));
#2396 = CARTESIAN_POINT('',(8.344493319422,0.108818654313));
#2397 = CARTESIAN_POINT('',(8.372148881895,0.117714933907));
#2398 = CARTESIAN_POINT('',(8.399785511832,0.126603773082));
#2399 = CARTESIAN_POINT('',(8.427403213913,0.135486300999));
#2400 = CARTESIAN_POINT('',(8.455001921453,0.144363500348));
#2401 = CARTESIAN_POINT('',(8.482581713464,0.153235342852));
#2402 = CARTESIAN_POINT('',(8.510142948234,0.162100539139));
#2403 = CARTESIAN_POINT('',(8.537685837419,0.170958787523));
#2404 = CARTESIAN_POINT('',(8.565210059281,0.179811689274));
#2405 = CARTESIAN_POINT('',(8.592715485239,0.188659438716));
#2406 = CARTESIAN_POINT('',(8.611039968141,0.194553888309));
#2407 = CARTESIAN_POINT('',(8.620199097761,0.1975));
#2408 = ( GEOMETRIC_REPRESENTATION_CONTEXT(2) 
PARAMETRIC_REPRESENTATION_CONTEXT() REPRESENTATION_CONTEXT('2D SPACE',''
  ) );
#2409 = ORIENTED_EDGE('',*,*,#2410,.F.);
#2410 = EDGE_CURVE('',#2411,#2290,#2413,.T.);
#2411 = VERTEX_POINT('',#2412);
#2412 = CARTESIAN_POINT('',(9.965363107792,-3.095,0.));
#2413 = SURFACE_CURVE('',#2414,(#2450,#2456),.PCURVE_S1.);
#2414 = B_SPLINE_CURVE_WITH_KNOTS('',3,(#2415,#2416,#2417,#2418,#2419,
    #2420,#2421,#2422,#2423,#2424,#2425,#2426,#2427,#2428,#2429,#2430,
    #2431,#2432,#2433,#2434,#2435,#2436,#2437,#2438,#2439,#2440,#2441,
    #2442,#2443,#2444,#2445,#2446,#2447,#2448,#2449),.UNSPECIFIED.,.F.,
  .F.,(4,1,1,1,1,1,1,1,1,1,1,1,1,1,1,1,1,1,1,1,1,1,1,1,1,1,1,1,1,1,1,1,4
    ),(0.,3.125E-02,6.25E-02,9.375E-02,0.125,0.15625,0.1875,0.21875,0.25
    ,0.28125,0.3125,0.34375,0.375,0.40625,0.4375,0.46875,0.5,0.53125,
    0.5625,0.59375,0.625,0.65625,0.6875,0.71875,0.75,0.78125,0.8125,
    0.84375,0.875,0.90625,0.9375,0.96875,1.),.QUASI_UNIFORM_KNOTS.);
#2415 = CARTESIAN_POINT('',(9.965363107792,-3.095,0.));
#2416 = CARTESIAN_POINT('',(9.969943339458,-3.095,-0.1272418359));
#2417 = CARTESIAN_POINT('',(9.979103350964,-3.079286325994,
    -0.381712255683));
#2418 = CARTESIAN_POINT('',(9.992841704919,-3.008950053802,
    -0.75757447767));
#2419 = CARTESIAN_POINT('',(10.00657931906,-2.892924225919,
    -1.121911779512));
#2420 = CARTESIAN_POINT('',(10.02031678514,-2.732969815522,
    -1.469208703104));
#2421 = CARTESIAN_POINT('',(10.03405479102,-2.531505878893,
    -1.794207626893));
#2422 = CARTESIAN_POINT('',(10.04779397132,-2.291576020368,
    -2.091984272563));
#2423 = CARTESIAN_POINT('',(10.06153507598,-2.016796001488,
    -2.358018353324));
#2424 = CARTESIAN_POINT('',(10.07527384409,-1.711426934621,
    -2.588188298675));
#2425 = CARTESIAN_POINT('',(10.08901172162,-1.380088026708,
    -2.779038454079));
#2426 = CARTESIAN_POINT('',(10.10274914382,-1.027802759287,
    -2.927681468353));
#2427 = CARTESIAN_POINT('',(10.11648690003,-0.659901121811,
    -3.031869051728));
#2428 = CARTESIAN_POINT('',(10.13022537488,-0.281958209873,
    -3.090018336329));
#2429 = CARTESIAN_POINT('',(10.14396621823,0.100333358038,
    -3.101234160922));
#2430 = CARTESIAN_POINT('',(10.1577058975,0.48106837192,-3.065335090188)
  );
#2431 = CARTESIAN_POINT('',(10.17144403404,0.854454137687,-2.9828856212)
  );
#2432 = CARTESIAN_POINT('',(10.18518156477,1.214847981774,
    -2.855142920799));
#2433 = CARTESIAN_POINT('',(10.19891909846,1.556793980968,
    -2.684043780466));
#2434 = CARTESIAN_POINT('',(10.21265723992,1.875113281763,
    -2.472176428684));
#2435 = CARTESIAN_POINT('',(10.22639693893,2.164987540564,
    -2.222734595971));
#2436 = CARTESIAN_POINT('',(10.24013776854,2.421992331798,
    -1.939501682781));
#2437 = CARTESIAN_POINT('',(10.25387623471,2.642164492018,
    -1.626857768561));
#2438 = CARTESIAN_POINT('',(10.26761398692,2.822201602518,-1.28952525979
    ));
#2439 = CARTESIAN_POINT('',(10.28135140987,2.959378294331,
    -0.932618792987));
#2440 = CARTESIAN_POINT('',(10.29508929144,3.051618608379,
    -0.561537851857));
#2441 = CARTESIAN_POINT('',(10.30882807231,3.097519599036,
    -0.181904025049));
#2442 = CARTESIAN_POINT('',(10.32256917706,3.096368102238,0.200557563347
    ));
#2443 = CARTESIAN_POINT('',(10.33630833835,3.048179369733,0.579918484));
#2444 = CARTESIAN_POINT('',(10.35004633818,2.953703129935,0.950439911484
    ));
#2445 = CARTESIAN_POINT('',(10.36378380059,2.814377001288,1.306513946629
    ));
#2446 = CARTESIAN_POINT('',(10.37752141342,2.632311886343,1.642751850615
    ));
#2447 = CARTESIAN_POINT('',(10.39125976511,2.410260830322,1.95406018843)
  );
#2448 = CARTESIAN_POINT('',(10.40041977153,2.237801227612,2.141835924606
    ));
#2449 = CARTESIAN_POINT('',(10.405,2.146118626482,2.230067227925));
#2450 = PCURVE('',#1290,#2451);
#2451 = DEFINITIONAL_REPRESENTATION('',(#2452),#2455);
#2452 = B_SPLINE_CURVE_WITH_KNOTS('',1,(#2453,#2454),.UNSPECIFIED.,.F.,
  .F.,(2,2),(0.,1.),.PIECEWISE_BEZIER_KNOTS.);
#2453 = CARTESIAN_POINT('',(0.421655096237,0.307692175057));
#2454 = CARTESIAN_POINT('',(0.421630328857,0.114445417723));
#2455 = ( GEOMETRIC_REPRESENTATION_CONTEXT(2) 
PARAMETRIC_REPRESENTATION_CONTEXT() REPRESENTATION_CONTEXT('2D SPACE',''
  ) );
#2456 = PCURVE('',#2457,#2462);
#2457 = CYLINDRICAL_SURFACE('',#2458,3.095);
#2458 = AXIS2_PLACEMENT_3D('',#2459,#2460,#2461);
#2459 = CARTESIAN_POINT('',(12.055,0.,0.));
#2460 = DIRECTION('',(-1.,0.,0.));
#2461 = DIRECTION('',(0.,-1.,0.));
#2462 = DEFINITIONAL_REPRESENTATION('',(#2463),#2466);
#2463 = B_SPLINE_CURVE_WITH_KNOTS('',1,(#2464,#2465),.UNSPECIFIED.,.F.,
  .F.,(2,2),(0.,1.),.PIECEWISE_BEZIER_KNOTS.);
#2464 = CARTESIAN_POINT('',(6.28318530718,2.089636892208));
#2465 = CARTESIAN_POINT('',(2.337013790581,1.65));
#2466 = ( GEOMETRIC_REPRESENTATION_CONTEXT(2) 
PARAMETRIC_REPRESENTATION_CONTEXT() REPRESENTATION_CONTEXT('2D SPACE',''
  ) );
#2467 = ORIENTED_EDGE('',*,*,#2468,.T.);
#2468 = EDGE_CURVE('',#2411,#2469,#2471,.T.);
#2469 = VERTEX_POINT('',#2470);
#2470 = CARTESIAN_POINT('',(9.615363107792,3.095,0.));
#2471 = SURFACE_CURVE('',#2472,(#2502,#2508),.PCURVE_S1.);
#2472 = B_SPLINE_CURVE_WITH_KNOTS('',3,(#2473,#2474,#2475,#2476,#2477,
    #2478,#2479,#2480,#2481,#2482,#2483,#2484,#2485,#2486,#2487,#2488,
    #2489,#2490,#2491,#2492,#2493,#2494,#2495,#2496,#2497,#2498,#2499,
    #2500,#2501),.UNSPECIFIED.,.F.,.F.,(4,1,1,1,1,1,1,1,1,1,1,1,1,1,1,1,
    1,1,1,1,1,1,1,1,1,1,4),(0.,3.846153846154E-02,7.692307692308E-02,
    0.115384615385,0.153846153846,0.192307692308,0.230769230769,
    0.269230769231,0.307692307692,0.346153846154,0.384615384615,
    0.423076923077,0.461538461538,0.5,0.538461538462,0.576923076923,
    0.615384615385,0.653846153846,0.692307692308,0.730769230769,
    0.769230769231,0.807692307692,0.846153846154,0.884615384615,
    0.923076923077,0.961538461538,1.),.UNSPECIFIED.);
#2473 = CARTESIAN_POINT('',(9.965363107792,-3.095,0.));
#2474 = CARTESIAN_POINT('',(9.960875138099,-3.095,0.124678737861));
#2475 = CARTESIAN_POINT('',(9.951899797131,-3.079913552468,
    0.374018887907));
#2476 = CARTESIAN_POINT('',(9.938439149144,-3.012378665031,
    0.742510001198));
#2477 = CARTESIAN_POINT('',(9.924979159996,-2.900930544704,
    1.100157920552));
#2478 = CARTESIAN_POINT('',(9.911518692544,-2.747185529868,
    1.441779447812));
#2479 = CARTESIAN_POINT('',(9.898055765089,-2.553348646739,
    1.762437502952));
#2480 = CARTESIAN_POINT('',(9.884591691823,-2.322245293665,
    2.057411125698));
#2481 = CARTESIAN_POINT('',(9.871130960994,-2.057334810713,
    2.322308889254));
#2482 = CARTESIAN_POINT('',(9.857670990482,-1.762447164611,
    2.553336168482));
#2483 = CARTESIAN_POINT('',(9.844210837246,-1.441860816316,
    2.747141683265));
#2484 = CARTESIAN_POINT('',(9.830748906494,-1.100207696152,
    2.900916392459));
#2485 = CARTESIAN_POINT('',(9.81728433329,-0.742436935287,3.012400462111
    ));
#2486 = CARTESIAN_POINT('',(9.803823104625,-0.373927026476,
    3.079922925308));
#2487 = CARTESIAN_POINT('',(9.790363072422,9.839995669253E-07,
    3.102538594533));
#2488 = CARTESIAN_POINT('',(9.776903033708,0.373929166994,3.079922696559
    ));
#2489 = CARTESIAN_POINT('',(9.763441764997,0.742440112665,3.012399712886
    ));
#2490 = CARTESIAN_POINT('',(9.749977166183,1.100211440156,2.900915035308
    ));
#2491 = CARTESIAN_POINT('',(9.736515161134,1.441866199832,2.747138934522
    ));
#2492 = CARTESIAN_POINT('',(9.723054948478,1.762453577691,2.553331887304
    ));
#2493 = CARTESIAN_POINT('',(9.709594863336,2.057342983855,2.322301698547
    ));
#2494 = CARTESIAN_POINT('',(9.696134117174,2.322252938316,2.057402753353
    ));
#2495 = CARTESIAN_POINT('',(9.682669877223,2.55335762473,1.762424308677)
  );
#2496 = CARTESIAN_POINT('',(9.669207316252,2.747187840488,1.44177414658)
  );
#2497 = CARTESIAN_POINT('',(9.655747038781,2.900930620647,1.100157457748
    ));
#2498 = CARTESIAN_POINT('',(9.6422871164,3.012378257798,0.742511333748)
  );
#2499 = CARTESIAN_POINT('',(9.62882651866,3.0799132223,0.374021660548));
#2500 = CARTESIAN_POINT('',(9.619851121468,3.095,0.124679959749));
#2501 = CARTESIAN_POINT('',(9.615363107792,3.095,0.));
#2502 = PCURVE('',#1290,#2503);
#2503 = DEFINITIONAL_REPRESENTATION('',(#2504),#2507);
#2504 = B_SPLINE_CURVE_WITH_KNOTS('',1,(#2505,#2506),.UNSPECIFIED.,.F.,
  .F.,(2,2),(0.,1.),.PIECEWISE_BEZIER_KNOTS.);
#2505 = CARTESIAN_POINT('',(0.421655096237,0.307692175057));
#2506 = CARTESIAN_POINT('',(0.421653181629,0.461538327764));
#2507 = ( GEOMETRIC_REPRESENTATION_CONTEXT(2) 
PARAMETRIC_REPRESENTATION_CONTEXT() REPRESENTATION_CONTEXT('2D SPACE',''
  ) );
#2508 = PCURVE('',#2509,#2514);
#2509 = CYLINDRICAL_SURFACE('',#2510,3.095);
#2510 = AXIS2_PLACEMENT_3D('',#2511,#2512,#2513);
#2511 = CARTESIAN_POINT('',(12.055,0.,0.));
#2512 = DIRECTION('',(-1.,0.,0.));
#2513 = DIRECTION('',(0.,-1.,0.));
#2514 = DEFINITIONAL_REPRESENTATION('',(#2515),#2518);
#2515 = B_SPLINE_CURVE_WITH_KNOTS('',1,(#2516,#2517),.UNSPECIFIED.,.F.,
  .F.,(2,2),(0.,1.),.PIECEWISE_BEZIER_KNOTS.);
#2516 = CARTESIAN_POINT('',(0.,2.089636892208));
#2517 = CARTESIAN_POINT('',(3.14159265359,2.439636892208));
#2518 = ( GEOMETRIC_REPRESENTATION_CONTEXT(2) 
PARAMETRIC_REPRESENTATION_CONTEXT() REPRESENTATION_CONTEXT('2D SPACE',''
  ) );
#2519 = ORIENTED_EDGE('',*,*,#2520,.T.);
#2520 = EDGE_CURVE('',#2469,#2521,#2523,.T.);
#2521 = VERTEX_POINT('',#2522);
#2522 = CARTESIAN_POINT('',(9.265363107792,-3.095,0.));
#2523 = SURFACE_CURVE('',#2524,(#2554,#2560),.PCURVE_S1.);
#2524 = B_SPLINE_CURVE_WITH_KNOTS('',3,(#2525,#2526,#2527,#2528,#2529,
    #2530,#2531,#2532,#2533,#2534,#2535,#2536,#2537,#2538,#2539,#2540,
    #2541,#2542,#2543,#2544,#2545,#2546,#2547,#2548,#2549,#2550,#2551,
    #2552,#2553),.UNSPECIFIED.,.F.,.F.,(4,1,1,1,1,1,1,1,1,1,1,1,1,1,1,1,
    1,1,1,1,1,1,1,1,1,1,4),(0.,3.846153846154E-02,7.692307692308E-02,
    0.115384615385,0.153846153846,0.192307692308,0.230769230769,
    0.269230769231,0.307692307692,0.346153846154,0.384615384615,
    0.423076923077,0.461538461538,0.5,0.538461538462,0.576923076923,
    0.615384615385,0.653846153846,0.692307692308,0.730769230769,
    0.769230769231,0.807692307692,0.846153846154,0.884615384615,
    0.923076923077,0.961538461538,1.),.UNSPECIFIED.);
#2525 = CARTESIAN_POINT('',(9.615363107792,3.095,0.));
#2526 = CARTESIAN_POINT('',(9.610875130275,3.095,-0.124678955202));
#2527 = CARTESIAN_POINT('',(9.601899792268,3.079913458088,
    -0.374019014029));
#2528 = CARTESIAN_POINT('',(9.588439254145,3.012379250696,
    -0.742507131087));
#2529 = CARTESIAN_POINT('',(9.574979331478,2.90093219659,-1.100153451716
    ));
#2530 = CARTESIAN_POINT('',(9.561519025342,2.747189406475,
    -1.441771004025));
#2531 = CARTESIAN_POINT('',(9.548056594273,2.553361592623,
    -1.762418386271));
#2532 = CARTESIAN_POINT('',(9.534592314981,2.322257061266,
    -2.057398349288));
#2533 = CARTESIAN_POINT('',(9.52113143654,2.057344750264,-2.322300149631
    ));
#2534 = CARTESIAN_POINT('',(9.507671460084,1.762457916472,
    -2.553328731188));
#2535 = CARTESIAN_POINT('',(9.494211400336,1.441874561605,
    -2.747134137348));
#2536 = CARTESIAN_POINT('',(9.480749855244,1.100232256563,
    -2.900906622135));
#2537 = CARTESIAN_POINT('',(9.467285409408,0.742466103283,
    -3.012393554588));
#2538 = CARTESIAN_POINT('',(9.453823699485,0.373943537002,
    -3.079921446797));
#2539 = CARTESIAN_POINT('',(9.440363406237,8.309725393424E-06,
    -3.102538728017));
#2540 = CARTESIAN_POINT('',(9.426903233485,-0.373923682481,
    -3.079923641059));
#2541 = CARTESIAN_POINT('',(9.41344169216,-0.742442109213,
    -3.012399350841));
#2542 = CARTESIAN_POINT('',(9.399977158381,-1.100211618862,
    -2.900914878363));
#2543 = CARTESIAN_POINT('',(9.386515122289,-1.441867200122,
    -2.747138516667));
#2544 = CARTESIAN_POINT('',(9.373054849722,-1.762455841111,
    -2.55333033386));
#2545 = CARTESIAN_POINT('',(9.359594724184,-2.057346030805,
    -2.322299287183));
#2546 = CARTESIAN_POINT('',(9.346133712817,-2.322260523176,
    -2.057394430266));
#2547 = CARTESIAN_POINT('',(9.332669552856,-2.553362573842,
    -1.762416741352));
#2548 = CARTESIAN_POINT('',(9.319207171874,-2.747189594149,
    -1.441770529029));
#2549 = CARTESIAN_POINT('',(9.305746940339,-2.900931570967,
    -1.100154888674));
#2550 = CARTESIAN_POINT('',(9.292287041574,-3.012378741245,
    -0.742509305381));
#2551 = CARTESIAN_POINT('',(9.278826455755,-3.079913400848,
    -0.374019917777));
#2552 = CARTESIAN_POINT('',(9.269851097491,-3.095,-0.12467929364));
#2553 = CARTESIAN_POINT('',(9.265363107792,-3.095,0.));
#2554 = PCURVE('',#1290,#2555);
#2555 = DEFINITIONAL_REPRESENTATION('',(#2556),#2559);
#2556 = B_SPLINE_CURVE_WITH_KNOTS('',1,(#2557,#2558),.UNSPECIFIED.,.F.,
  .F.,(2,2),(0.,1.),.PIECEWISE_BEZIER_KNOTS.);
#2557 = CARTESIAN_POINT('',(0.421653181629,0.461538327764));
#2558 = CARTESIAN_POINT('',(0.421651223624,0.615384481051));
#2559 = ( GEOMETRIC_REPRESENTATION_CONTEXT(2) 
PARAMETRIC_REPRESENTATION_CONTEXT() REPRESENTATION_CONTEXT('2D SPACE',''
  ) );
#2560 = PCURVE('',#2561,#2566);
#2561 = CYLINDRICAL_SURFACE('',#2562,3.095);
#2562 = AXIS2_PLACEMENT_3D('',#2563,#2564,#2565);
#2563 = CARTESIAN_POINT('',(12.055,0.,0.));
#2564 = DIRECTION('',(-1.,0.,0.));
#2565 = DIRECTION('',(0.,-1.,0.));
#2566 = DEFINITIONAL_REPRESENTATION('',(#2567),#2570);
#2567 = B_SPLINE_CURVE_WITH_KNOTS('',1,(#2568,#2569),.UNSPECIFIED.,.F.,
  .F.,(2,2),(0.,1.),.PIECEWISE_BEZIER_KNOTS.);
#2568 = CARTESIAN_POINT('',(3.14159265359,2.439636892208));
#2569 = CARTESIAN_POINT('',(6.28318530718,2.789636892208));
#2570 = ( GEOMETRIC_REPRESENTATION_CONTEXT(2) 
PARAMETRIC_REPRESENTATION_CONTEXT() REPRESENTATION_CONTEXT('2D SPACE',''
  ) );
#2571 = ORIENTED_EDGE('',*,*,#2572,.T.);
#2572 = EDGE_CURVE('',#2521,#2573,#2575,.T.);
#2573 = VERTEX_POINT('',#2574);
#2574 = CARTESIAN_POINT('',(8.915363107792,3.095,0.));
#2575 = SURFACE_CURVE('',#2576,(#2606,#2612),.PCURVE_S1.);
#2576 = B_SPLINE_CURVE_WITH_KNOTS('',3,(#2577,#2578,#2579,#2580,#2581,
    #2582,#2583,#2584,#2585,#2586,#2587,#2588,#2589,#2590,#2591,#2592,
    #2593,#2594,#2595,#2596,#2597,#2598,#2599,#2600,#2601,#2602,#2603,
    #2604,#2605),.UNSPECIFIED.,.F.,.F.,(4,1,1,1,1,1,1,1,1,1,1,1,1,1,1,1,
    1,1,1,1,1,1,1,1,1,1,4),(0.,3.846153846154E-02,7.692307692308E-02,
    0.115384615385,0.153846153846,0.192307692308,0.230769230769,
    0.269230769231,0.307692307692,0.346153846154,0.384615384615,
    0.423076923077,0.461538461538,0.5,0.538461538462,0.576923076923,
    0.615384615385,0.653846153846,0.692307692308,0.730769230769,
    0.769230769231,0.807692307692,0.846153846154,0.884615384615,
    0.923076923077,0.961538461538,1.),.UNSPECIFIED.);
#2577 = CARTESIAN_POINT('',(9.265363107792,-3.095,0.));
#2578 = CARTESIAN_POINT('',(9.26087511499,-3.095,0.124679379825));
#2579 = CARTESIAN_POINT('',(9.25189975028,-3.079913400336,0.374020187187
    ));
#2580 = CARTESIAN_POINT('',(9.238439133655,-3.012378480388,
    0.742510396048));
#2581 = CARTESIAN_POINT('',(9.224979244186,-2.900931271729,
    1.100155705929));
#2582 = CARTESIAN_POINT('',(9.211519012348,-2.747189121622,
    1.441771259321));
#2583 = CARTESIAN_POINT('',(9.198056699774,-2.55336322099,1.762415941452
    ));
#2584 = CARTESIAN_POINT('',(9.184592382351,-2.322258350424,
    2.057396981705));
#2585 = CARTESIAN_POINT('',(9.171131489005,-2.057345839735,
    2.322299176499));
#2586 = CARTESIAN_POINT('',(9.157671511224,-1.762459097652,
    2.553327942103));
#2587 = CARTESIAN_POINT('',(9.144211451345,-1.441875789991,
    2.747133405618));
#2588 = CARTESIAN_POINT('',(9.130749970498,-1.100235273786,
    2.900905555621));
#2589 = CARTESIAN_POINT('',(9.117285428692,-0.74246660684,3.012393318168
    ));
#2590 = CARTESIAN_POINT('',(9.103823984549,-0.37395138411,3.079920284744
    ));
#2591 = CARTESIAN_POINT('',(9.090363701911,-1.65497774491E-05,
    3.102538739951));
#2592 = CARTESIAN_POINT('',(9.076903653201,0.373912054475,3.079924755152
    ));
#2593 = CARTESIAN_POINT('',(9.063442469059,0.742420981752,3.012404094826
    ));
#2594 = CARTESIAN_POINT('',(9.049978127455,1.100186473455,2.90092468019)
  );
#2595 = CARTESIAN_POINT('',(9.036515593164,1.441855809785,2.747145043999
    ));
#2596 = CARTESIAN_POINT('',(9.023055169459,1.762448514104,2.553335379121
    ));
#2597 = CARTESIAN_POINT('',(9.009595019058,2.057339981318,2.322304846748
    ));
#2598 = CARTESIAN_POINT('',(8.996133785441,2.322259362487,2.057396103264
    ));
#2599 = CARTESIAN_POINT('',(8.982669513647,2.553363204653,1.762415846621
    ));
#2600 = CARTESIAN_POINT('',(8.96920717001,2.747189590007,1.441770466925)
  );
#2601 = CARTESIAN_POINT('',(8.955746933258,2.900931650587,1.10015470973)
  );
#2602 = CARTESIAN_POINT('',(8.942287037905,3.012378760405,0.742509203883
    ));
#2603 = CARTESIAN_POINT('',(8.928826452278,3.079913412353,0.374019822083
    ));
#2604 = CARTESIAN_POINT('',(8.91985109622,3.095,0.124679258338));
#2605 = CARTESIAN_POINT('',(8.915363107792,3.095,0.));
#2606 = PCURVE('',#1290,#2607);
#2607 = DEFINITIONAL_REPRESENTATION('',(#2608),#2611);
#2608 = B_SPLINE_CURVE_WITH_KNOTS('',1,(#2609,#2610),.UNSPECIFIED.,.F.,
  .F.,(2,2),(0.,1.),.PIECEWISE_BEZIER_KNOTS.);
#2609 = CARTESIAN_POINT('',(0.421651223624,0.615384481051));
#2610 = CARTESIAN_POINT('',(0.421649229746,0.769230634926));
#2611 = ( GEOMETRIC_REPRESENTATION_CONTEXT(2) 
PARAMETRIC_REPRESENTATION_CONTEXT() REPRESENTATION_CONTEXT('2D SPACE',''
  ) );
#2612 = PCURVE('',#2613,#2618);
#2613 = CYLINDRICAL_SURFACE('',#2614,3.095);
#2614 = AXIS2_PLACEMENT_3D('',#2615,#2616,#2617);
#2615 = CARTESIAN_POINT('',(12.055,0.,0.));
#2616 = DIRECTION('',(-1.,0.,0.));
#2617 = DIRECTION('',(0.,-1.,0.));
#2618 = DEFINITIONAL_REPRESENTATION('',(#2619),#2622);
#2619 = B_SPLINE_CURVE_WITH_KNOTS('',1,(#2620,#2621),.UNSPECIFIED.,.F.,
  .F.,(2,2),(0.,1.),.PIECEWISE_BEZIER_KNOTS.);
#2620 = CARTESIAN_POINT('',(0.,2.789636892208));
#2621 = CARTESIAN_POINT('',(3.14159265359,3.139636892208));
#2622 = ( GEOMETRIC_REPRESENTATION_CONTEXT(2) 
PARAMETRIC_REPRESENTATION_CONTEXT() REPRESENTATION_CONTEXT('2D SPACE',''
  ) );
#2623 = ORIENTED_EDGE('',*,*,#2624,.T.);
#2624 = EDGE_CURVE('',#2573,#2625,#2627,.T.);
#2625 = VERTEX_POINT('',#2626);
#2626 = CARTESIAN_POINT('',(8.565363107792,-3.095,0.));
#2627 = SURFACE_CURVE('',#2628,(#2658,#2664),.PCURVE_S1.);
#2628 = B_SPLINE_CURVE_WITH_KNOTS('',3,(#2629,#2630,#2631,#2632,#2633,
    #2634,#2635,#2636,#2637,#2638,#2639,#2640,#2641,#2642,#2643,#2644,
    #2645,#2646,#2647,#2648,#2649,#2650,#2651,#2652,#2653,#2654,#2655,
    #2656,#2657),.UNSPECIFIED.,.F.,.F.,(4,1,1,1,1,1,1,1,1,1,1,1,1,1,1,1,
    1,1,1,1,1,1,1,1,1,1,4),(0.,3.846153846154E-02,7.692307692308E-02,
    0.115384615385,0.153846153846,0.192307692308,0.230769230769,
    0.269230769231,0.307692307692,0.346153846154,0.384615384615,
    0.423076923077,0.461538461538,0.5,0.538461538462,0.576923076923,
    0.615384615385,0.653846153846,0.692307692308,0.730769230769,
    0.769230769231,0.807692307692,0.846153846154,0.884615384615,
    0.923076923077,0.961538461538,1.),.UNSPECIFIED.);
#2629 = CARTESIAN_POINT('',(8.915363107792,3.095,0.));
#2630 = CARTESIAN_POINT('',(8.910875093799,3.095,-0.12467996853));
#2631 = CARTESIAN_POINT('',(8.901899686892,3.079913293534,
    -0.374021954748));
#2632 = CARTESIAN_POINT('',(8.888438972147,3.012377463873,
    -0.742514775616));
#2633 = CARTESIAN_POINT('',(8.87497905588,2.900929476015,-1.100160634764
    ));
#2634 = CARTESIAN_POINT('',(8.861518710048,2.747185331984,
    -1.441778777338));
#2635 = CARTESIAN_POINT('',(8.84805632621,2.5533573108,-1.762424506615)
  );
#2636 = CARTESIAN_POINT('',(8.834592070991,2.322252515738,
    -2.057403396545));
#2637 = CARTESIAN_POINT('',(8.821131265027,2.057341136953,
    -2.322303274791));
#2638 = CARTESIAN_POINT('',(8.807671292615,1.762454093351,
    -2.553331401414));
#2639 = CARTESIAN_POINT('',(8.794211199685,1.441869643316,
    -2.747136776039));
#2640 = CARTESIAN_POINT('',(8.780749548665,1.100224349391,
    -2.900909879589));
#2641 = CARTESIAN_POINT('',(8.767284959066,0.742453886715,
    -3.012396380402));
#2642 = CARTESIAN_POINT('',(8.753823657184,0.373942310905,
    -3.079921181413));
#2643 = CARTESIAN_POINT('',(8.740363522463,1.155016020507E-05,
    -3.102538649042));
#2644 = CARTESIAN_POINT('',(8.726903520119,-0.373915714994,
    -3.079924222276));
#2645 = CARTESIAN_POINT('',(8.713442404367,-0.742422753605,
    -3.012403717524));
#2646 = CARTESIAN_POINT('',(8.699977992683,-1.100189930344,
    -2.900923221354));
#2647 = CARTESIAN_POINT('',(8.686515796806,-1.441850604058,
    -2.747147314828));
#2648 = CARTESIAN_POINT('',(8.673055614208,-1.762438217994,
    -2.553342273137));
#2649 = CARTESIAN_POINT('',(8.659595680557,-2.057325918478,
    -2.322316727539));
#2650 = CARTESIAN_POINT('',(8.646135095248,-2.322234403402,
    -2.057422751871));
#2651 = CARTESIAN_POINT('',(8.632671450642,-2.553332715099,
    -1.762460347896));
#2652 = CARTESIAN_POINT('',(8.619208249997,-2.747176521198,
    -1.441797593647));
#2653 = CARTESIAN_POINT('',(8.605747517037,-2.900926101276,
    -1.100169974319));
#2654 = CARTESIAN_POINT('',(8.59228747818,-3.012376046906,
    -0.742521163777));
#2655 = CARTESIAN_POINT('',(8.57882661334,-3.07991315473,-0.374024311505
    ));
#2656 = CARTESIAN_POINT('',(8.569851146554,-3.095,-0.124680656659));
#2657 = CARTESIAN_POINT('',(8.565363107792,-3.095,0.));
#2658 = PCURVE('',#1290,#2659);
#2659 = DEFINITIONAL_REPRESENTATION('',(#2660),#2663);
#2660 = B_SPLINE_CURVE_WITH_KNOTS('',1,(#2661,#2662),.UNSPECIFIED.,.F.,
  .F.,(2,2),(0.,1.),.PIECEWISE_BEZIER_KNOTS.);
#2661 = CARTESIAN_POINT('',(0.421649229746,0.769230634926));
#2662 = CARTESIAN_POINT('',(0.421647205865,0.923076789379));
#2663 = ( GEOMETRIC_REPRESENTATION_CONTEXT(2) 
PARAMETRIC_REPRESENTATION_CONTEXT() REPRESENTATION_CONTEXT('2D SPACE',''
  ) );
#2664 = PCURVE('',#2665,#2670);
#2665 = CYLINDRICAL_SURFACE('',#2666,3.095);
#2666 = AXIS2_PLACEMENT_3D('',#2667,#2668,#2669);
#2667 = CARTESIAN_POINT('',(12.055,0.,0.));
#2668 = DIRECTION('',(-1.,0.,0.));
#2669 = DIRECTION('',(0.,-1.,0.));
#2670 = DEFINITIONAL_REPRESENTATION('',(#2671),#2674);
#2671 = B_SPLINE_CURVE_WITH_KNOTS('',1,(#2672,#2673),.UNSPECIFIED.,.F.,
  .F.,(2,2),(0.,1.),.PIECEWISE_BEZIER_KNOTS.);
#2672 = CARTESIAN_POINT('',(3.14159265359,3.139636892208));
#2673 = CARTESIAN_POINT('',(6.28318530718,3.489636892208));
#2674 = ( GEOMETRIC_REPRESENTATION_CONTEXT(2) 
PARAMETRIC_REPRESENTATION_CONTEXT() REPRESENTATION_CONTEXT('2D SPACE',''
  ) );
#2675 = ORIENTED_EDGE('',*,*,#2676,.T.);
#2676 = EDGE_CURVE('',#2625,#2677,#2679,.T.);
#2677 = VERTEX_POINT('',#2678);
#2678 = CARTESIAN_POINT('',(8.390363107791,0.,3.095));
#2679 = SURFACE_CURVE('',#2680,(#2697,#2703),.PCURVE_S1.);
#2680 = B_SPLINE_CURVE_WITH_KNOTS('',3,(#2681,#2682,#2683,#2684,#2685,
    #2686,#2687,#2688,#2689,#2690,#2691,#2692,#2693,#2694,#2695,#2696),
  .UNSPECIFIED.,.F.,.F.,(4,1,1,1,1,1,1,1,1,1,1,1,1,4),(0.,
    7.692307692308E-02,0.153846153846,0.230769230769,0.307692307692,
    0.384615384615,0.461538461538,0.538461538462,0.615384615385,
    0.692307692308,0.769230769231,0.846153846154,0.923076923077,1.),
  .UNSPECIFIED.);
#2681 = CARTESIAN_POINT('',(8.565363107792,-3.095,0.));
#2682 = CARTESIAN_POINT('',(8.560875305709,-3.095,0.124674081532));
#2683 = CARTESIAN_POINT('',(8.551900087431,-3.079915043474,
    0.374010922226));
#2684 = CARTESIAN_POINT('',(8.538438554305,-3.012375699076,
    0.742526315844));
#2685 = CARTESIAN_POINT('',(8.52497790558,-2.900918688103,1.100190812266
    ));
#2686 = CARTESIAN_POINT('',(8.511517380889,-2.747167711306,
    1.441811423779));
#2687 = CARTESIAN_POINT('',(8.49805647983,-2.553357075819,1.762419042326
    ));
#2688 = CARTESIAN_POINT('',(8.484594658283,-2.322300628169,
    2.057349793427));
#2689 = CARTESIAN_POINT('',(8.471130795252,-2.057333750993,
    2.322314524475));
#2690 = CARTESIAN_POINT('',(8.457669223667,-1.762407228853,
    2.553365073309));
#2691 = CARTESIAN_POINT('',(8.444208304954,-1.441798354019,
    2.747174535536));
#2692 = CARTESIAN_POINT('',(8.430747914043,-1.100180444662,2.90092247285
    ));
#2693 = CARTESIAN_POINT('',(8.417287356795,-0.742518046128,
    3.012377556744));
#2694 = CARTESIAN_POINT('',(8.403826043429,-0.374008551382,
    3.079915121527));
#2695 = CARTESIAN_POINT('',(8.394850886359,-0.124673428277,3.095));
#2696 = CARTESIAN_POINT('',(8.390363107791,0.,3.095));
#2697 = PCURVE('',#1290,#2698);
#2698 = DEFINITIONAL_REPRESENTATION('',(#2699),#2702);
#2699 = B_SPLINE_CURVE_WITH_KNOTS('',1,(#2700,#2701),.UNSPECIFIED.,.F.,
  .F.,(2,2),(0.,1.),.PIECEWISE_BEZIER_KNOTS.);
#2700 = CARTESIAN_POINT('',(0.421647205865,0.923076789379));
#2701 = CARTESIAN_POINT('',(0.421646813285,0.999999836002));
#2702 = ( GEOMETRIC_REPRESENTATION_CONTEXT(2) 
PARAMETRIC_REPRESENTATION_CONTEXT() REPRESENTATION_CONTEXT('2D SPACE',''
  ) );
#2703 = PCURVE('',#2704,#2709);
#2704 = CYLINDRICAL_SURFACE('',#2705,3.095);
#2705 = AXIS2_PLACEMENT_3D('',#2706,#2707,#2708);
#2706 = CARTESIAN_POINT('',(12.055,0.,0.));
#2707 = DIRECTION('',(-1.,0.,0.));
#2708 = DIRECTION('',(0.,-1.,0.));
#2709 = DEFINITIONAL_REPRESENTATION('',(#2710),#2713);
#2710 = B_SPLINE_CURVE_WITH_KNOTS('',1,(#2711,#2712),.UNSPECIFIED.,.F.,
  .F.,(2,2),(0.,1.),.PIECEWISE_BEZIER_KNOTS.);
#2711 = CARTESIAN_POINT('',(0.,3.489636892208));
#2712 = CARTESIAN_POINT('',(1.570796326795,3.664636892209));
#2713 = ( GEOMETRIC_REPRESENTATION_CONTEXT(2) 
PARAMETRIC_REPRESENTATION_CONTEXT() REPRESENTATION_CONTEXT('2D SPACE',''
  ) );
#2714 = ORIENTED_EDGE('',*,*,#2715,.F.);
#2715 = EDGE_CURVE('',#1127,#2677,#2716,.T.);
#2716 = SURFACE_CURVE('',#2717,(#2721,#2727),.PCURVE_S1.);
#2717 = LINE('',#2718,#2719);
#2718 = CARTESIAN_POINT('',(8.648548580399,0.,2.7));
#2719 = VECTOR('',#2720,1.);
#2720 = DIRECTION('',(-0.547125019684,0.,0.837050902177));
#2721 = PCURVE('',#1290,#2722);
#2722 = DEFINITIONAL_REPRESENTATION('',(#2723),#2726);
#2723 = B_SPLINE_CURVE_WITH_KNOTS('',1,(#2724,#2725),.UNSPECIFIED.,.F.,
  .F.,(2,2),(0.,0.471894838143),.PIECEWISE_BEZIER_KNOTS.);
#2724 = CARTESIAN_POINT('',(2.698720879244E-05,0.999999834483));
#2725 = CARTESIAN_POINT('',(0.421646813285,0.999999836002));
#2726 = ( GEOMETRIC_REPRESENTATION_CONTEXT(2) 
PARAMETRIC_REPRESENTATION_CONTEXT() REPRESENTATION_CONTEXT('2D SPACE',''
  ) );
#2727 = PCURVE('',#2728,#2997);
#2728 = B_SPLINE_SURFACE_WITH_KNOTS('',3,3,(
    (#2729,#2730,#2731,#2732,#2733,#2734,#2735,#2736,#2737,#2738,#2739
      ,#2740,#2741,#2742,#2743,#2744,#2745,#2746,#2747,#2748,#2749,#2750
      ,#2751,#2752,#2753,#2754,#2755,#2756,#2757,#2758,#2759,#2760,#2761
      ,#2762,#2763,#2764,#2765,#2766,#2767,#2768,#2769,#2770,#2771,#2772
      ,#2773,#2774,#2775,#2776,#2777,#2778,#2779,#2780,#2781,#2782,#2783
      ,#2784,#2785,#2786,#2787,#2788,#2789,#2790,#2791,#2792,#2793,#2794
      ,#2795)
    ,(#2796,#2797,#2798,#2799,#2800,#2801,#2802,#2803,#2804,#2805,#2806
      ,#2807,#2808,#2809,#2810,#2811,#2812,#2813,#2814,#2815,#2816,#2817
      ,#2818,#2819,#2820,#2821,#2822,#2823,#2824,#2825,#2826,#2827,#2828
      ,#2829,#2830,#2831,#2832,#2833,#2834,#2835,#2836,#2837,#2838,#2839
      ,#2840,#2841,#2842,#2843,#2844,#2845,#2846,#2847,#2848,#2849,#2850
      ,#2851,#2852,#2853,#2854,#2855,#2856,#2857,#2858,#2859,#2860,#2861
      ,#2862)
    ,(#2863,#2864,#2865,#2866,#2867,#2868,#2869,#2870,#2871,#2872,#2873
      ,#2874,#2875,#2876,#2877,#2878,#2879,#2880,#2881,#2882,#2883,#2884
      ,#2885,#2886,#2887,#2888,#2889,#2890,#2891,#2892,#2893,#2894,#2895
      ,#2896,#2897,#2898,#2899,#2900,#2901,#2902,#2903,#2904,#2905,#2906
      ,#2907,#2908,#2909,#2910,#2911,#2912,#2913,#2914,#2915,#2916,#2917
      ,#2918,#2919,#2920,#2921,#2922,#2923,#2924,#2925,#2926,#2927,#2928
      ,#2929)
    ,(#2930,#2931,#2932,#2933,#2934,#2935,#2936,#2937,#2938,#2939,#2940
      ,#2941,#2942,#2943,#2944,#2945,#2946,#2947,#2948,#2949,#2950,#2951
      ,#2952,#2953,#2954,#2955,#2956,#2957,#2958,#2959,#2960,#2961,#2962
      ,#2963,#2964,#2965,#2966,#2967,#2968,#2969,#2970,#2971,#2972,#2973
      ,#2974,#2975,#2976,#2977,#2978,#2979,#2980,#2981,#2982,#2983,#2984
      ,#2985,#2986,#2987,#2988,#2989,#2990,#2991,#2992,#2993,#2994,#2995
      ,#2996
    )),.UNSPECIFIED.,.F.,.F.,.F.,(4,4),(4,1,1,1,1,1,1,1,1,1,1,1,1,1,1,1,
    1,1,1,1,1,1,1,1,1,1,1,1,1,1,1,1,1,1,1,1,1,1,1,1,1,1,1,1,1,1,1,1,1,1,
    1,1,1,1,1,1,1,1,1,1,1,1,1,1,4),(-9.420703151085E-03,0.431036609736),
  (-1.800921828921E-02,-3.376728429227E-03,1.125576143076E-02,
    2.588825129074E-02,4.052074115072E-02,5.51532310107E-02,
    6.978572087069E-02,8.441821073067E-02,9.905070059065E-02,
    0.113683190451,0.128315680311,0.142948170171,0.157580660031,
    0.172213149891,0.186845639751,0.20147812961,0.216110619471,
    0.23074310933,0.245375599191,0.26000808905,0.27464057891,
    0.28927306877,0.30390555863,0.31853804849,0.33317053835,
    0.34780302821,0.36243551807,0.37706800793,0.39170049779,
    0.40633298765,0.42096547751,0.43559796737,0.45023045723,
    0.46486294709,0.47949543695,0.49412792681,0.50876041667,
    0.52339290653,0.53802539639,0.55265788625,0.56729037611,
    0.58192286597,0.59655535583,0.61118784569,0.62582033555,
    0.64045282541,0.65508531527,0.66971780513,0.68435029499,
    0.69898278485,0.71361527471,0.72824776457,0.74288025443,
    0.75751274429,0.77214523415,0.78677772401,0.80141021387,
    0.81604270373,0.83067519359,0.84530768345,0.85994017331,
    0.87457266317,0.88920515303,0.90383764289,0.91847013275),
  .UNSPECIFIED.);
#2729 = CARTESIAN_POINT('',(8.695288520059,-0.96753372398,2.51123396868)
  );
#2730 = CARTESIAN_POINT('',(8.684192215248,-0.717414320788,
    2.607600520195));
#2731 = CARTESIAN_POINT('',(8.661999605627,-0.188205044932,
    2.725025169612));
#2732 = CARTESIAN_POINT('',(8.628710691196,0.622318218677,2.659683606835
    ));
#2733 = CARTESIAN_POINT('',(8.595421776765,1.377683723016,2.358639040104
    ));
#2734 = CARTESIAN_POINT('',(8.562132862333,2.010961788753,1.84857390885)
  );
#2735 = CARTESIAN_POINT('',(8.528843947902,2.466028833969,1.174688853119
    ));
#2736 = CARTESIAN_POINT('',(8.495555033471,2.70255779349,0.396703518726)
  );
#2737 = CARTESIAN_POINT('',(8.462266119039,2.69958738828,-0.416437499771
    ));
#2738 = CARTESIAN_POINT('',(8.428977204608,2.457380907954,
    -1.192674030581));
#2739 = CARTESIAN_POINT('',(8.395688290176,1.997402555455,-1.86321638546
    ));
#2740 = CARTESIAN_POINT('',(8.362399375745,1.360415386583,
    -2.368641434223));
#2741 = CARTESIAN_POINT('',(8.329110461314,0.60286888517,-2.6641586618)
  );
#2742 = CARTESIAN_POINT('',(8.295821546882,-0.208103555784,
    -2.723579478922));
#2743 = CARTESIAN_POINT('',(8.262532632451,-1.000633963543,
    -2.541638042473));
#2744 = CARTESIAN_POINT('',(8.229243718019,-1.704488689052,
    -2.134457911703));
#2745 = CARTESIAN_POINT('',(8.195954803588,-2.257292477966,
    -1.538123186503));
#2746 = CARTESIAN_POINT('',(8.162665889156,-2.610056134516,
    -0.805480752479));
#2747 = CARTESIAN_POINT('',(8.129376974725,-2.73151791959,
    -1.457016335252E-03));
#2748 = CARTESIAN_POINT('',(8.096088060293,-2.610913950439,
    0.802695839869));
#2749 = CARTESIAN_POINT('',(8.062799145862,-2.258932090592,
    1.535714191519));
#2750 = CARTESIAN_POINT('',(8.02951023143,-1.706764796731,2.132638318276
    ));
#2751 = CARTESIAN_POINT('',(7.996221316999,-1.003344858746,
    2.540569102065));
#2752 = CARTESIAN_POINT('',(7.962932402567,-0.211009000336,
    2.723355920499));
#2753 = CARTESIAN_POINT('',(7.929643488136,0.600026370331,2.664800296992
    ));
#2754 = CARTESIAN_POINT('',(7.896354573704,1.357887703643,2.370091401662
    ));
#2755 = CARTESIAN_POINT('',(7.863065659273,1.995413706633,1.865346189671
    ));
#2756 = CARTESIAN_POINT('',(7.829776744841,2.456107143223,1.195294929692
    ));
#2757 = CARTESIAN_POINT('',(7.79648783041,2.699141591081,0.419317229837)
  );
#2758 = CARTESIAN_POINT('',(7.763198915978,2.70297945878,-0.393820153566
    ));
#2759 = CARTESIAN_POINT('',(7.729910001546,2.467280636401,-1.17205739159
    ));
#2760 = CARTESIAN_POINT('',(7.696621087115,2.012932635903,
    -1.846427488762));
#2761 = CARTESIAN_POINT('',(7.663332172683,1.38019955024,-2.357168103776
    ));
#2762 = CARTESIAN_POINT('',(7.630043258252,0.625153869549,
    -2.659017658333));
#2763 = CARTESIAN_POINT('',(7.59675434382,-0.185292634931,
    -2.725226395619));
#2764 = CARTESIAN_POINT('',(7.563465429389,-0.979318598618,
    -2.549926930393));
#2765 = CARTESIAN_POINT('',(7.530176514957,-1.686557837054,
    -2.148654213737));
#2766 = CARTESIAN_POINT('',(7.496887600526,-2.244335162046,
    -1.556968833453));
#2767 = CARTESIAN_POINT('',(7.463598686094,-2.603220625542,
    -0.827305652521));
#2768 = CARTESIAN_POINT('',(7.430309771662,-2.731409976954,
    -2.432705772382E-02));
#2769 = CARTESIAN_POINT('',(7.397020857231,-2.617543139962,
    0.780807388782));
#2770 = CARTESIAN_POINT('',(7.363731942799,-2.271710936809,1.51674707434
    ));
#2771 = CARTESIAN_POINT('',(7.330443028368,-1.72456084467,2.118273391461
    ));
#2772 = CARTESIAN_POINT('',(7.297154113936,-1.024581031524,
    2.532079378254));
#2773 = CARTESIAN_POINT('',(7.263865199505,-0.233803358924,
    2.721493754778));
#2774 = CARTESIAN_POINT('',(7.230576285073,0.577693850609,2.669730713557
    ));
#2775 = CARTESIAN_POINT('',(7.197287370642,1.337996119536,2.381377469459
    ));
#2776 = CARTESIAN_POINT('',(7.16399845621,1.979725840392,1.881987743006)
  );
#2777 = CARTESIAN_POINT('',(7.130709541779,2.446013245722,1.215817202417
    ));
#2778 = CARTESIAN_POINT('',(7.097420627347,2.695536178475,0.441901548391
    ));
#2779 = CARTESIAN_POINT('',(7.064131712916,2.706182040936,
    -0.371175200218));
#2780 = CARTESIAN_POINT('',(7.030842798484,2.477007402087,
    -1.151358587907));
#2781 = CARTESIAN_POINT('',(6.997553884053,2.028321604001,
    -1.829509152392));
#2782 = CARTESIAN_POINT('',(6.964264969621,1.399886958076,
    -2.345529529241));
#2783 = CARTESIAN_POINT('',(6.93097605519,0.647395028887,-2.653690250297
    ));
#2784 = CARTESIAN_POINT('',(6.897687140758,-0.162468724589,
    -2.726682266327));
#2785 = CARTESIAN_POINT('',(6.864398226327,-0.957934580577,
    -2.558037061288));
#2786 = CARTESIAN_POINT('',(6.831109311895,-1.668508753188,
    -2.162699889151));
#2787 = CARTESIAN_POINT('',(6.797820397464,-2.231220509905,
    -1.575705332337));
#2788 = CARTESIAN_POINT('',(6.764531483033,-2.596202631178,
    -0.849072556843));
#2789 = CARTESIAN_POINT('',(6.731242568601,-2.731110526265,
    -4.719539102107E-02));
#2790 = CARTESIAN_POINT('',(6.69795365417,-2.62398893903,0.758864190852)
  );
#2791 = CARTESIAN_POINT('',(6.664664739738,-2.284330131754,
    1.497673666499));
#2792 = CARTESIAN_POINT('',(6.631375825307,-1.742237481364,
    2.103759827617));
#2793 = CARTESIAN_POINT('',(6.598086910876,-1.045739835126,2.5234126716)
  );
#2794 = CARTESIAN_POINT('',(6.575894301255,-0.519647954838,
    2.654096792438));
#2795 = CARTESIAN_POINT('',(6.564797996444,-0.252791642396,
    2.679274890344));
#2796 = CARTESIAN_POINT('',(8.605380717155,-1.016986082602,
    2.639587575095));
#2797 = CARTESIAN_POINT('',(8.594284412344,-0.754082634659,
    2.740879591374));
#2798 = CARTESIAN_POINT('',(8.572091802723,-0.197824537406,
    2.864306022155));
#2799 = CARTESIAN_POINT('',(8.538802888292,0.6541260027,2.795624736622)
  );
#2800 = CARTESIAN_POINT('',(8.505513973861,1.448099572975,2.479193250028
    ));
#2801 = CARTESIAN_POINT('',(8.472225059429,2.113745599888,1.943057788443
    ));
#2802 = CARTESIAN_POINT('',(8.438936144998,2.592071926055,1.23472927651)
  );
#2803 = CARTESIAN_POINT('',(8.405647230567,2.840690298731,0.41697973669)
  );
#2804 = CARTESIAN_POINT('',(8.372358316135,2.837568070861,
    -0.437722356383));
#2805 = CARTESIAN_POINT('',(8.339069401704,2.582981989257,
    -1.253633708179));
#2806 = CARTESIAN_POINT('',(8.305780487272,2.099493330211,
    -1.958448667911));
#2807 = CARTESIAN_POINT('',(8.272491572841,1.429948621347,
    -2.489706884189));
#2808 = CARTESIAN_POINT('',(8.23920265841,0.633682579383,-2.800328519555
    ));
#2809 = CARTESIAN_POINT('',(8.205913743978,-0.218740096316,
    -2.862786439658));
#2810 = CARTESIAN_POINT('',(8.172624829547,-1.051778133909,
    -2.671545654835));
#2811 = CARTESIAN_POINT('',(8.139335915115,-1.79160811841,
    -2.243553827944));
#2812 = CARTESIAN_POINT('',(8.106047000684,-2.372666685983,
    -1.616739380996));
#2813 = CARTESIAN_POINT('',(8.072758086252,-2.743460716483,
    -0.84665029732));
#2814 = CARTESIAN_POINT('',(8.039469171821,-2.87113062806,
    -1.531487015273E-03));
#2815 = CARTESIAN_POINT('',(8.006180257389,-2.744362376894,
    0.843723042904));
#2816 = CARTESIAN_POINT('',(7.972891342958,-2.374390102109,1.61420725802
    ));
#2817 = CARTESIAN_POINT('',(7.939602428526,-1.794000561974,
    2.241641231882));
#2818 = CARTESIAN_POINT('',(7.906313514095,-1.054627587757,
    2.670422078994));
#2819 = CARTESIAN_POINT('',(7.873024599663,-0.221794043274,2.86255145477
    ));
#2820 = CARTESIAN_POINT('',(7.839735685232,0.630694778586,2.801002949856
    ));
#2821 = CARTESIAN_POINT('',(7.8064467708,1.427291744065,2.491230962027)
  );
#2822 = CARTESIAN_POINT('',(7.773157856369,2.097402827811,1.960687330179
    ));
#2823 = CARTESIAN_POINT('',(7.739868941937,2.58164312016,1.256388566075)
  );
#2824 = CARTESIAN_POINT('',(7.706580027506,2.837099488179,0.440749274542
    ));
#2825 = CARTESIAN_POINT('',(7.673291113074,2.841133516079,-0.41394899764
    ));
#2826 = CARTESIAN_POINT('',(7.640002198643,2.593387710322,
    -1.231963316331));
#2827 = CARTESIAN_POINT('',(7.606713284211,2.115817180518,
    -1.940801661031));
#2828 = CARTESIAN_POINT('',(7.573424369779,1.450743988575,
    -2.477647131545));
#2829 = CARTESIAN_POINT('',(7.540135455348,0.657106588699,
    -2.794924750315));
#2830 = CARTESIAN_POINT('',(7.506846540916,-0.194763268983,
    -2.864517533179));
#2831 = CARTESIAN_POINT('',(7.473557626485,-1.02937330301,
    -2.680258202466));
#2832 = CARTESIAN_POINT('',(7.440268712053,-1.772760788876,
    -2.258475728066));
#2833 = CARTESIAN_POINT('',(7.406979797622,-2.359047098746,
    -1.636548262269));
#2834 = CARTESIAN_POINT('',(7.37369088319,-2.736275832564,
    -0.869590706575));
#2835 = CARTESIAN_POINT('',(7.340401968759,-2.871017168284,
    -2.55704566391E-02));
#2836 = CARTESIAN_POINT('',(7.307113054327,-2.751330396009,
    0.820715834397));
#2837 = CARTESIAN_POINT('',(7.273824139895,-2.387822097741,
    1.594270697961));
#2838 = CARTESIAN_POINT('',(7.240535225464,-1.812706197376,
    2.226542088269));
#2839 = CARTESIAN_POINT('',(7.207246311032,-1.076949178858,
    2.661498430395));
#2840 = CARTESIAN_POINT('',(7.173957396601,-0.245753461816,
    2.860594110468));
#2841 = CARTESIAN_POINT('',(7.140668482169,0.607220804312,2.806185368725
    ));
#2842 = CARTESIAN_POINT('',(7.107379567738,1.406383465938,2.503093880695
    ));
#2843 = CARTESIAN_POINT('',(7.074090653306,2.080913127,1.978179462717));
#2844 = CARTESIAN_POINT('',(7.040801738875,2.571033305718,1.27795976843)
  );
#2845 = CARTESIAN_POINT('',(7.007512824443,2.833309796563,0.464487917532
    ));
#2846 = CARTESIAN_POINT('',(6.974223910012,2.844499787869,
    -0.390146620705));
#2847 = CARTESIAN_POINT('',(6.94093499558,2.603611628193,-1.21020656021)
  );
#2848 = CARTESIAN_POINT('',(6.907646081149,2.131992705973,
    -1.923018598588));
#2849 = CARTESIAN_POINT('',(6.874357166717,1.47143765462,-2.465413688896
    ));
#2850 = CARTESIAN_POINT('',(6.841068252286,0.680484532999,
    -2.789325049039));
#2851 = CARTESIAN_POINT('',(6.807779337854,-0.170772788245,
    -2.866047816012));
#2852 = CARTESIAN_POINT('',(6.774490423423,-1.006896310013,
    -2.688782856485));
#2853 = CARTESIAN_POINT('',(6.741201508992,-1.753789184433,
    -2.273239302774));
#2854 = CARTESIAN_POINT('',(6.70791259456,-2.345262133555,
    -1.656242416725));
#2855 = CARTESIAN_POINT('',(6.674623680129,-2.728899136105,
    -0.892470155847));
#2856 = CARTESIAN_POINT('',(6.641334765697,-2.870702412142,
    -4.960763086793E-02));
#2857 = CARTESIAN_POINT('',(6.608045851266,-2.75810565126,0.797651080839
    ));
#2858 = CARTESIAN_POINT('',(6.574756936835,-2.401086282042,
    1.574222414536));
#2859 = CARTESIAN_POINT('',(6.541468022403,-1.831286318213,
    2.211286710525));
#2860 = CARTESIAN_POINT('',(6.508179107972,-1.099189446307,
    2.652388753046));
#2861 = CARTESIAN_POINT('',(6.485986498351,-0.546208080219,
    2.789752370267));
#2862 = CARTESIAN_POINT('',(6.47489019354,-0.265712270014,2.816217365256
    ));
#2863 = CARTESIAN_POINT('',(8.515472914251,-1.066438441223,
    2.767941181511));
#2864 = CARTESIAN_POINT('',(8.50437660944,-0.79075094853,2.874158662553)
  );
#2865 = CARTESIAN_POINT('',(8.482183999819,-0.20744402988,3.003586874698
    ));
#2866 = CARTESIAN_POINT('',(8.448895085388,0.685933786722,2.931565866409
    ));
#2867 = CARTESIAN_POINT('',(8.415606170957,1.518515422933,2.599747459953
    ));
#2868 = CARTESIAN_POINT('',(8.382317256526,2.216529411022,2.037541668036
    ));
#2869 = CARTESIAN_POINT('',(8.349028342094,2.718115018142,1.294769699901
    ));
#2870 = CARTESIAN_POINT('',(8.315739427663,2.978822803972,0.437255954653
    ));
#2871 = CARTESIAN_POINT('',(8.282450513231,2.975548753442,
    -0.459007212995));
#2872 = CARTESIAN_POINT('',(8.2491615988,2.708583070561,-1.314593385777)
  );
#2873 = CARTESIAN_POINT('',(8.215872684369,2.201584104967,
    -2.053680950363));
#2874 = CARTESIAN_POINT('',(8.182583769937,1.499481856111,
    -2.610772334155));
#2875 = CARTESIAN_POINT('',(8.149294855506,0.664496273595,-2.93649837731
    ));
#2876 = CARTESIAN_POINT('',(8.116005941074,-0.229376636848,
    -3.001993400395));
#2877 = CARTESIAN_POINT('',(8.082717026643,-1.102922304276,
    -2.801453267197));
#2878 = CARTESIAN_POINT('',(8.049428112211,-1.878727547767,
    -2.352649744185));
#2879 = CARTESIAN_POINT('',(8.01613919778,-2.488040894,-1.695355575489)
  );
#2880 = CARTESIAN_POINT('',(7.982850283348,-2.87686529845,-0.88781984216
    ));
#2881 = CARTESIAN_POINT('',(7.949561368917,-3.010743336529,
    -1.605957694274E-03));
#2882 = CARTESIAN_POINT('',(7.916272454486,-2.877810803348,0.88475024594
    ));
#2883 = CARTESIAN_POINT('',(7.882983540054,-2.489848113624,
    1.692700324523));
#2884 = CARTESIAN_POINT('',(7.849694625622,-1.881236327217,
    2.350644145488));
#2885 = CARTESIAN_POINT('',(7.816405711191,-1.105910316767,
    2.800275055923));
#2886 = CARTESIAN_POINT('',(7.783116796759,-0.23257908621,3.001746989041
    ));
#2887 = CARTESIAN_POINT('',(7.749827882328,0.661363186843,2.937205602719
    ));
#2888 = CARTESIAN_POINT('',(7.716538967896,1.496695784488,2.61237052239)
  );
#2889 = CARTESIAN_POINT('',(7.683250053465,2.19939194899,2.056028470687)
  );
#2890 = CARTESIAN_POINT('',(7.649961139033,2.707179097098,1.317482202457
    ));
#2891 = CARTESIAN_POINT('',(7.616672224602,2.975057385278,0.462181319245
    ));
#2892 = CARTESIAN_POINT('',(7.58338331017,2.979287573378,-0.434077841717
    ));
#2893 = CARTESIAN_POINT('',(7.550094395739,2.719494784242,
    -1.291869241075));
#2894 = CARTESIAN_POINT('',(7.516805481307,2.218701725132,
    -2.035175833301));
#2895 = CARTESIAN_POINT('',(7.483516566876,1.521288426907,
    -2.598126159315));
#2896 = CARTESIAN_POINT('',(7.450227652444,0.689059307847,
    -2.930831842298));
#2897 = CARTESIAN_POINT('',(7.416938738012,-0.204233903037,
    -3.003808670739));
#2898 = CARTESIAN_POINT('',(7.383649823581,-1.079428007405,
    -2.810589474538));
#2899 = CARTESIAN_POINT('',(7.350360909149,-1.858963740699,
    -2.368297242392));
#2900 = CARTESIAN_POINT('',(7.317071994718,-2.473759035448,
    -1.716127691082));
#2901 = CARTESIAN_POINT('',(7.283783080286,-2.869331039587,
    -0.911875760626));
#2902 = CARTESIAN_POINT('',(7.250494165855,-3.010624359615,
    -2.681385555103E-02));
#2903 = CARTESIAN_POINT('',(7.217205251423,-2.885117652056,
    0.860624280016));
#2904 = CARTESIAN_POINT('',(7.183916336992,-2.50393325867,1.671794321585
    ));
#2905 = CARTESIAN_POINT('',(7.15062742256,-1.900851550079,2.334810785078
    ));
#2906 = CARTESIAN_POINT('',(7.117338508129,-1.129317326189,
    2.790917482536));
#2907 = CARTESIAN_POINT('',(7.084049593697,-0.257703564703,
    2.999694466157));
#2908 = CARTESIAN_POINT('',(7.050760679265,0.636747758018,2.942640023893
    ));
#2909 = CARTESIAN_POINT('',(7.017471764834,1.474770812343,2.624810291929
    ));
#2910 = CARTESIAN_POINT('',(6.984182850402,2.18210041361,2.074371182426)
  );
#2911 = CARTESIAN_POINT('',(6.950893935971,2.696053365715,1.34010233444)
  );
#2912 = CARTESIAN_POINT('',(6.917605021539,2.971083414652,0.48707428667)
  );
#2913 = CARTESIAN_POINT('',(6.884316107108,2.982817534803,
    -0.409118041195));
#2914 = CARTESIAN_POINT('',(6.851027192676,2.730215854297,
    -1.269054532516));
#2915 = CARTESIAN_POINT('',(6.817738278245,2.235663807943,
    -2.016528044787));
#2916 = CARTESIAN_POINT('',(6.784449363813,1.54298835116,-2.585297848553
    ));
#2917 = CARTESIAN_POINT('',(6.751160449382,0.713574037108,
    -2.924959847781));
#2918 = CARTESIAN_POINT('',(6.717871534951,-0.179076851904,
    -3.005413365697));
#2919 = CARTESIAN_POINT('',(6.684582620519,-1.055858039453,
    -2.819528651681));
#2920 = CARTESIAN_POINT('',(6.651293706088,-1.839069615681,
    -2.383778716394));
#2921 = CARTESIAN_POINT('',(6.618004791656,-2.459303757207,
    -1.736779501111));
#2922 = CARTESIAN_POINT('',(6.584715877225,-2.861595641033,
    -0.935867754849));
#2923 = CARTESIAN_POINT('',(6.551426962793,-3.010294298018,
    -5.201987071203E-02));
#2924 = CARTESIAN_POINT('',(6.518138048362,-2.892222363489,
    0.836437970829));
#2925 = CARTESIAN_POINT('',(6.484849133931,-2.517842432328,
    1.650771162574));
#2926 = CARTESIAN_POINT('',(6.451560219499,-1.92033515506,2.318813593435
    ));
#2927 = CARTESIAN_POINT('',(6.418271305068,-1.152639057486,
    2.781364834493));
#2928 = CARTESIAN_POINT('',(6.396078695447,-0.572768205599,
    2.925407948096));
#2929 = CARTESIAN_POINT('',(6.384982390637,-0.278632897632,
    2.953159840168));
#2930 = CARTESIAN_POINT('',(8.425565111347,-1.115890799845,
    2.896294787926));
#2931 = CARTESIAN_POINT('',(8.414468806536,-0.827419262401,
    3.007437733732));
#2932 = CARTESIAN_POINT('',(8.392276196916,-0.217063522354,
    3.142867727242));
#2933 = CARTESIAN_POINT('',(8.358987282484,0.717741570744,3.067506996195
    ));
#2934 = CARTESIAN_POINT('',(8.325698368053,1.588931272892,2.720301669877
    ));
#2935 = CARTESIAN_POINT('',(8.292409453622,2.319313222156,2.132025547629
    ));
#2936 = CARTESIAN_POINT('',(8.25912053919,2.844158110228,1.354810123292)
  );
#2937 = CARTESIAN_POINT('',(8.225831624759,3.116955309213,0.457532172616
    ));
#2938 = CARTESIAN_POINT('',(8.192542710328,3.113529436023,
    -0.480292069607));
#2939 = CARTESIAN_POINT('',(8.159253795896,2.834184151864,
    -1.375553063375));
#2940 = CARTESIAN_POINT('',(8.125964881465,2.303674879723,
    -2.148913232814));
#2941 = CARTESIAN_POINT('',(8.092675967033,1.569015090874,
    -2.731837784121));
#2942 = CARTESIAN_POINT('',(8.059387052602,0.695309967807,
    -3.072668235065));
#2943 = CARTESIAN_POINT('',(8.02609813817,-0.24001317738,-3.141200361132
    ));
#2944 = CARTESIAN_POINT('',(7.992809223739,-1.154066474642,
    -2.931360879559));
#2945 = CARTESIAN_POINT('',(7.959520309308,-1.965846977126,
    -2.461745660426));
#2946 = CARTESIAN_POINT('',(7.926231394876,-2.603415102017,
    -1.773971769981));
#2947 = CARTESIAN_POINT('',(7.892942480445,-3.010269880417,
    -0.928989386999));
#2948 = CARTESIAN_POINT('',(7.859653566013,-3.150356044999,
    -1.680428372912E-03));
#2949 = CARTESIAN_POINT('',(7.826364651582,-3.011259229802,
    0.925777448977));
#2950 = CARTESIAN_POINT('',(7.79307573715,-2.605306125139,1.771193391026
    ));
#2951 = CARTESIAN_POINT('',(7.759786822719,-1.968472092459,
    2.459647059094));
#2952 = CARTESIAN_POINT('',(7.726497908287,-1.157193045776,
    2.930128032853));
#2953 = CARTESIAN_POINT('',(7.693208993856,-0.243364129146,
    3.140942523311));
#2954 = CARTESIAN_POINT('',(7.659920079424,0.692031595101,3.073408255583
    ));
#2955 = CARTESIAN_POINT('',(7.626631164993,1.566099824911,2.733510082753
    ));
#2956 = CARTESIAN_POINT('',(7.593342250561,2.30138107017,2.151369611193)
  );
#2957 = CARTESIAN_POINT('',(7.560053336129,2.832715074037,1.378575838838
    ));
#2958 = CARTESIAN_POINT('',(7.526764421698,3.113015282377,0.483613363948
    ));
#2959 = CARTESIAN_POINT('',(7.493475507266,3.117441630677,
    -0.454206685794));
#2960 = CARTESIAN_POINT('',(7.460186592835,2.845601858162,-1.35177516582
    ));
#2961 = CARTESIAN_POINT('',(7.426897678403,2.321586269745,
    -2.129550005573));
#2962 = CARTESIAN_POINT('',(7.393608763972,1.591832865238,
    -2.718605187086));
#2963 = CARTESIAN_POINT('',(7.36031984954,0.721012026993,-3.066738934281
    ));
#2964 = CARTESIAN_POINT('',(7.327030935109,-0.213704537093,
    -3.143099808299));
#2965 = CARTESIAN_POINT('',(7.293742020677,-1.129482711801,
    -2.94092074661));
#2966 = CARTESIAN_POINT('',(7.260453106245,-1.945166692524,
    -2.478118756718));
#2967 = CARTESIAN_POINT('',(7.227164191814,-2.58847097215,
    -1.795707119894));
#2968 = CARTESIAN_POINT('',(7.193875277382,-3.002386246611,
    -0.954160814677));
#2969 = CARTESIAN_POINT('',(7.160586362951,-3.150231550946,
    -2.805725446178E-02));
#2970 = CARTESIAN_POINT('',(7.127297448519,-3.018904908102,
    0.900532725635));
#2971 = CARTESIAN_POINT('',(7.094008534088,-2.620044419598,
    1.749317945209));
#2972 = CARTESIAN_POINT('',(7.060719619656,-1.988996902781,
    2.443079481889));
#2973 = CARTESIAN_POINT('',(7.027430705225,-1.181685473518,
    2.920336534678));
#2974 = CARTESIAN_POINT('',(6.994141790793,-0.26965366759,3.138794821847
    ));
#2975 = CARTESIAN_POINT('',(6.960852876362,0.666274711725,3.07909467906)
  );
#2976 = CARTESIAN_POINT('',(6.92756396193,1.543158158749,2.746526703163)
  );
#2977 = CARTESIAN_POINT('',(6.894275047499,2.283287700222,2.170562902133
    ));
#2978 = CARTESIAN_POINT('',(6.860986133067,2.821073425714,1.402244900448
    ));
#2979 = CARTESIAN_POINT('',(6.827697218636,3.108857032741,0.509660655806
    ));
#2980 = CARTESIAN_POINT('',(6.794408304204,3.121135281735,
    -0.428089461686));
#2981 = CARTESIAN_POINT('',(6.761119389773,2.856820080401,
    -1.327902504824));
#2982 = CARTESIAN_POINT('',(6.727830475341,2.339334909913,
    -2.110037490986));
#2983 = CARTESIAN_POINT('',(6.69454156091,1.6145390477,-2.70518200821));
#2984 = CARTESIAN_POINT('',(6.661252646478,0.746663541216,
    -3.060594646524));
#2985 = CARTESIAN_POINT('',(6.627963732047,-0.187380915564,
    -3.144778915381));
#2986 = CARTESIAN_POINT('',(6.594674817615,-1.104819768894,
    -2.950274446876));
#2987 = CARTESIAN_POINT('',(6.561385903184,-1.92435004693,
    -2.494318130014));
#2988 = CARTESIAN_POINT('',(6.528096988752,-2.57334538086,
    -1.817316585495));
#2989 = CARTESIAN_POINT('',(6.494808074321,-2.994292145961,
    -0.97926535385));
#2990 = CARTESIAN_POINT('',(6.46151915989,-3.149886183895,
    -5.443211055515E-02));
#2991 = CARTESIAN_POINT('',(6.428230245458,-3.026339075717,
    0.875224860819));
#2992 = CARTESIAN_POINT('',(6.394941331027,-2.634598582614,
    1.727319910613));
#2993 = CARTESIAN_POINT('',(6.361652416595,-2.009383991906,
    2.426340476346));
#2994 = CARTESIAN_POINT('',(6.328363502164,-1.206088668665,2.91034091594
    ));
#2995 = CARTESIAN_POINT('',(6.306170892543,-0.599328330978,
    3.061063525926));
#2996 = CARTESIAN_POINT('',(6.295074587733,-0.291553525248,3.09010231508
    ));
#2997 = DEFINITIONAL_REPRESENTATION('',(#2998),#3001);
#2998 = B_SPLINE_CURVE_WITH_KNOTS('',1,(#2999,#3000),.UNSPECIFIED.,.F.,
  .F.,(2,2),(0.,0.471894838143),.PIECEWISE_BEZIER_KNOTS.);
#2999 = CARTESIAN_POINT('',(2.182526389974E-05,1.099349976834E-07));
#3000 = CARTESIAN_POINT('',(0.421640941242,1.112489132543E-07));
#3001 = ( GEOMETRIC_REPRESENTATION_CONTEXT(2) 
PARAMETRIC_REPRESENTATION_CONTEXT() REPRESENTATION_CONTEXT('2D SPACE',''
  ) );
#3002 = ORIENTED_EDGE('',*,*,#1126,.F.);
#3003 = ADVANCED_FACE('',(#3004),#746,.T.);
#3004 = FACE_BOUND('',#3005,.T.);
#3005 = EDGE_LOOP('',(#3006,#3029,#3051,#3052,#3053,#3077));
#3006 = ORIENTED_EDGE('',*,*,#3007,.F.);
#3007 = EDGE_CURVE('',#781,#3008,#3010,.T.);
#3008 = VERTEX_POINT('',#3009);
#3009 = CARTESIAN_POINT('',(10.70671266761,2.793287332392,0.));
#3010 = SURFACE_CURVE('',#3011,(#3015,#3022),.PCURVE_S1.);
#3011 = LINE('',#3012,#3013);
#3012 = CARTESIAN_POINT('',(10.8,2.7,0.));
#3013 = VECTOR('',#3014,1.);
#3014 = DIRECTION('',(-0.707106781187,0.707106781186,1.512522175225E-14)
  );
#3015 = PCURVE('',#746,#3016);
#3016 = DEFINITIONAL_REPRESENTATION('',(#3017),#3021);
#3017 = LINE('',#3018,#3019);
#3018 = CARTESIAN_POINT('',(3.14159265359,-0.1975));
#3019 = VECTOR('',#3020,1.);
#3020 = DIRECTION('',(-4.760444944322E-15,1.));
#3021 = ( GEOMETRIC_REPRESENTATION_CONTEXT(2) 
PARAMETRIC_REPRESENTATION_CONTEXT() REPRESENTATION_CONTEXT('2D SPACE',''
  ) );
#3022 = PCURVE('',#820,#3023);
#3023 = DEFINITIONAL_REPRESENTATION('',(#3024),#3028);
#3024 = LINE('',#3025,#3026);
#3025 = CARTESIAN_POINT('',(3.14159265359,-4.664366619801E-02));
#3026 = VECTOR('',#3027,1.);
#3027 = DIRECTION('',(-4.760444944322E-15,1.));
#3028 = ( GEOMETRIC_REPRESENTATION_CONTEXT(2) 
PARAMETRIC_REPRESENTATION_CONTEXT() REPRESENTATION_CONTEXT('2D SPACE',''
  ) );
#3029 = ORIENTED_EDGE('',*,*,#3030,.F.);
#3030 = EDGE_CURVE('',#728,#781,#3031,.T.);
#3031 = SURFACE_CURVE('',#3032,(#3037,#3044),.PCURVE_S1.);
#3032 = CIRCLE('',#3033,2.7);
#3033 = AXIS2_PLACEMENT_3D('',#3034,#3035,#3036);
#3034 = CARTESIAN_POINT('',(10.8,0.,0.));
#3035 = DIRECTION('',(1.,0.,0.));
#3036 = DIRECTION('',(0.,-1.,0.));
#3037 = PCURVE('',#746,#3038);
#3038 = DEFINITIONAL_REPRESENTATION('',(#3039),#3043);
#3039 = LINE('',#3040,#3041);
#3040 = CARTESIAN_POINT('',(6.28318530718,-0.1975));
#3041 = VECTOR('',#3042,1.);
#3042 = DIRECTION('',(-1.,0.));
#3043 = ( GEOMETRIC_REPRESENTATION_CONTEXT(2) 
PARAMETRIC_REPRESENTATION_CONTEXT() REPRESENTATION_CONTEXT('2D SPACE',''
  ) );
#3044 = PCURVE('',#636,#3045);
#3045 = DEFINITIONAL_REPRESENTATION('',(#3046),#3050);
#3046 = LINE('',#3047,#3048);
#3047 = CARTESIAN_POINT('',(6.28318530718,1.255));
#3048 = VECTOR('',#3049,1.);
#3049 = DIRECTION('',(-1.,0.));
#3050 = ( GEOMETRIC_REPRESENTATION_CONTEXT(2) 
PARAMETRIC_REPRESENTATION_CONTEXT() REPRESENTATION_CONTEXT('2D SPACE',''
  ) );
#3051 = ORIENTED_EDGE('',*,*,#727,.T.);
#3052 = ORIENTED_EDGE('',*,*,#2289,.T.);
#3053 = ORIENTED_EDGE('',*,*,#3054,.F.);
#3054 = EDGE_CURVE('',#3055,#2290,#3057,.T.);
#3055 = VERTEX_POINT('',#3056);
#3056 = CARTESIAN_POINT('',(10.405,-2.112280752925,2.262143899229));
#3057 = SURFACE_CURVE('',#3058,(#3063,#3070),.PCURVE_S1.);
#3058 = CIRCLE('',#3059,3.095);
#3059 = AXIS2_PLACEMENT_3D('',#3060,#3061,#3062);
#3060 = CARTESIAN_POINT('',(10.405,0.,0.));
#3061 = DIRECTION('',(-1.,0.,0.));
#3062 = DIRECTION('',(0.,-0.682481664919,0.730902713806));
#3063 = PCURVE('',#746,#3064);
#3064 = DEFINITIONAL_REPRESENTATION('',(#3065),#3069);
#3065 = LINE('',#3066,#3067);
#3066 = CARTESIAN_POINT('',(7.102829015824,0.1975));
#3067 = VECTOR('',#3068,1.);
#3068 = DIRECTION('',(1.,-1.293432364799E-16));
#3069 = ( GEOMETRIC_REPRESENTATION_CONTEXT(2) 
PARAMETRIC_REPRESENTATION_CONTEXT() REPRESENTATION_CONTEXT('2D SPACE',''
  ) );
#3070 = PCURVE('',#2457,#3071);
#3071 = DEFINITIONAL_REPRESENTATION('',(#3072),#3076);
#3072 = LINE('',#3073,#3074);
#3073 = CARTESIAN_POINT('',(0.819643708644,1.65));
#3074 = VECTOR('',#3075,1.);
#3075 = DIRECTION('',(1.,0.));
#3076 = ( GEOMETRIC_REPRESENTATION_CONTEXT(2) 
PARAMETRIC_REPRESENTATION_CONTEXT() REPRESENTATION_CONTEXT('2D SPACE',''
  ) );
#3077 = ORIENTED_EDGE('',*,*,#3078,.F.);
#3078 = EDGE_CURVE('',#3008,#3055,#3079,.T.);
#3079 = SURFACE_CURVE('',#3080,(#3116,#3255),.PCURVE_S1.);
#3080 = B_SPLINE_CURVE_WITH_KNOTS('',3,(#3081,#3082,#3083,#3084,#3085,
    #3086,#3087,#3088,#3089,#3090,#3091,#3092,#3093,#3094,#3095,#3096,
    #3097,#3098,#3099,#3100,#3101,#3102,#3103,#3104,#3105,#3106,#3107,
    #3108,#3109,#3110,#3111,#3112,#3113,#3114,#3115),.UNSPECIFIED.,.F.,
  .F.,(4,1,1,1,1,1,1,1,1,1,1,1,1,1,1,1,1,1,1,1,1,1,1,1,1,1,1,1,1,1,1,1,4
    ),(0.,3.125E-02,6.25E-02,9.375E-02,0.125,0.15625,0.1875,0.21875,0.25
    ,0.28125,0.3125,0.34375,0.375,0.40625,0.4375,0.46875,0.5,0.53125,
    0.5625,0.59375,0.625,0.65625,0.6875,0.71875,0.75,0.78125,0.8125,
    0.84375,0.875,0.90625,0.9375,0.96875,1.),.QUASI_UNIFORM_KNOTS.);
#3081 = CARTESIAN_POINT('',(10.70671266761,2.793287332392,0.));
#3082 = CARTESIAN_POINT('',(10.7035279327,2.796472067296,-0.116795500418
    ));
#3083 = CARTESIAN_POINT('',(10.69716162863,2.78816786226,-0.351069957482
    ));
#3084 = CARTESIAN_POINT('',(10.68762212554,2.731724368926,
    -0.698983424029));
#3085 = CARTESIAN_POINT('',(10.67809120801,2.632004621793,-1.03795860382
    ));
#3086 = CARTESIAN_POINT('',(10.66856803935,2.490384267948,
    -1.362661497411));
#3087 = CARTESIAN_POINT('',(10.65905156962,2.308884238178,
    -1.667970904714));
#3088 = CARTESIAN_POINT('',(10.64954116215,2.090143071445,
    -1.949027802879));
#3089 = CARTESIAN_POINT('',(10.64004129909,1.83753499785,-2.20120671441)
  );
#3090 = CARTESIAN_POINT('',(10.63055000305,1.554832061162,
    -2.420523698501));
#3091 = CARTESIAN_POINT('',(10.62106652634,1.246292202115,
    -2.603443736367));
#3092 = CARTESIAN_POINT('',(10.61159012824,0.916583069952,-2.74698491847
    ));
#3093 = CARTESIAN_POINT('',(10.60211889956,0.570660633966,
    -2.848757170142));
#3094 = CARTESIAN_POINT('',(10.59265728856,0.213984308746,
    -2.906957015965));
#3095 = CARTESIAN_POINT('',(10.58320461465,-0.1479869718,-2.920539283538
    ));
#3096 = CARTESIAN_POINT('',(10.57375980774,-0.50972219141,
    -2.889122893034));
#3097 = CARTESIAN_POINT('',(10.56432217507,-0.865666920645,
    -2.813008798961));
#3098 = CARTESIAN_POINT('',(10.55488998886,-1.210376019133,
    -2.693155093787));
#3099 = CARTESIAN_POINT('',(10.54546536744,-1.538417745438,
    -2.531237879401));
#3100 = CARTESIAN_POINT('',(10.53605035079,-1.844624945497,
    -2.329629743336));
#3101 = CARTESIAN_POINT('',(10.52664319979,-2.124284468277,
    -2.09124345423));
#3102 = CARTESIAN_POINT('',(10.51724322967,-2.373031863242,
    -1.819562963792));
#3103 = CARTESIAN_POINT('',(10.50784940021,-2.586966096931,
    -1.518571521463));
#3104 = CARTESIAN_POINT('',(10.49846111914,-2.76267509931,
    -1.192710620905));
#3105 = CARTESIAN_POINT('',(10.48908269604,-2.897257558724,
    -0.847000712097));
#3106 = CARTESIAN_POINT('',(10.4797122296,-2.988561062304,
    -0.486564125408));
#3107 = CARTESIAN_POINT('',(10.47034900579,-3.035039251568,
    -0.116787838327));
#3108 = CARTESIAN_POINT('',(10.46099231369,-3.035816605181,
    0.256788006264));
#3109 = CARTESIAN_POINT('',(10.45164032437,-2.990675255177,
    0.628595976626));
#3110 = CARTESIAN_POINT('',(10.44229732357,-2.900135527784,
    0.992837666718));
#3111 = CARTESIAN_POINT('',(10.43296264618,-2.765412845689,
    1.344018863287));
#3112 = CARTESIAN_POINT('',(10.42363530053,-2.588362184836,
    1.676840278661));
#3113 = CARTESIAN_POINT('',(10.41431450633,-2.37146998119,1.986254087009
    ));
#3114 = CARTESIAN_POINT('',(10.40810419787,-2.202357081847,2.17378789838
    ));
#3115 = CARTESIAN_POINT('',(10.405,-2.112280752925,2.262143899229));
#3116 = PCURVE('',#746,#3117);
#3117 = DEFINITIONAL_REPRESENTATION('',(#3118),#3254);
#3118 = B_SPLINE_CURVE_WITH_KNOTS('',3,(#3119,#3120,#3121,#3122,#3123,
    #3124,#3125,#3126,#3127,#3128,#3129,#3130,#3131,#3132,#3133,#3134,
    #3135,#3136,#3137,#3138,#3139,#3140,#3141,#3142,#3143,#3144,#3145,
    #3146,#3147,#3148,#3149,#3150,#3151,#3152,#3153,#3154,#3155,#3156,
    #3157,#3158,#3159,#3160,#3161,#3162,#3163,#3164,#3165,#3166,#3167,
    #3168,#3169,#3170,#3171,#3172,#3173,#3174,#3175,#3176,#3177,#3178,
    #3179,#3180,#3181,#3182,#3183,#3184,#3185,#3186,#3187,#3188,#3189,
    #3190,#3191,#3192,#3193,#3194,#3195,#3196,#3197,#3198,#3199,#3200,
    #3201,#3202,#3203,#3204,#3205,#3206,#3207,#3208,#3209,#3210,#3211,
    #3212,#3213,#3214,#3215,#3216,#3217,#3218,#3219,#3220,#3221,#3222,
    #3223,#3224,#3225,#3226,#3227,#3228,#3229,#3230,#3231,#3232,#3233,
    #3234,#3235,#3236,#3237,#3238,#3239,#3240,#3241,#3242,#3243,#3244,
    #3245,#3246,#3247,#3248,#3249,#3250,#3251,#3252,#3253),
  .UNSPECIFIED.,.F.,.F.,(4,1,1,1,1,1,1,1,1,1,1,1,1,1,1,1,1,1,1,1,1,1,1,1
    ,1,1,1,1,1,1,1,1,1,1,1,1,1,1,1,1,1,1,1,1,1,1,1,1,1,1,1,1,1,1,1,1,1,1
    ,1,1,1,1,1,1,1,1,1,1,1,1,1,1,1,1,1,1,1,1,1,1,1,1,1,1,1,1,1,1,1,1,1,1
    ,1,1,1,1,1,1,1,1,1,1,1,1,1,1,1,1,1,1,1,1,1,1,1,1,1,1,1,1,1,1,1,1,1,1
    ,1,1,1,1,1,1,4),(0.,7.575757575758E-03,1.515151515152E-02,
    2.272727272727E-02,3.030303030303E-02,3.787878787879E-02,
    4.545454545455E-02,5.30303030303E-02,6.060606060606E-02,
    6.818181818182E-02,7.575757575758E-02,8.333333333333E-02,
    9.090909090909E-02,9.848484848485E-02,0.106060606061,0.113636363636,
    0.121212121212,0.128787878788,0.136363636364,0.143939393939,
    0.151515151515,0.159090909091,0.166666666667,0.174242424242,
    0.181818181818,0.189393939394,0.19696969697,0.204545454545,
    0.212121212121,0.219696969697,0.227272727273,0.234848484848,
    0.242424242424,0.25,0.257575757576,0.265151515152,0.272727272727,
    0.280303030303,0.287878787879,0.295454545455,0.30303030303,
    0.310606060606,0.318181818182,0.325757575758,0.333333333333,
    0.340909090909,0.348484848485,0.356060606061,0.363636363636,
    0.371212121212,0.378787878788,0.386363636364,0.393939393939,
    0.401515151515,0.409090909091,0.416666666667,0.424242424242,
    0.431818181818,0.439393939394,0.44696969697,0.454545454545,
    0.462121212121,0.469696969697,0.477272727273,0.484848484848,
    0.492424242424,0.5,0.507575757576,0.515151515152,0.522727272727,
    0.530303030303,0.537878787879,0.545454545455,0.55303030303,
    0.560606060606,0.568181818182,0.575757575758,0.583333333333,
    0.590909090909,0.598484848485,0.606060606061,0.613636363636,
    0.621212121212,0.628787878788,0.636363636364,0.643939393939,
    0.651515151515,0.659090909091,0.666666666667,0.674242424242,
    0.681818181818,0.689393939394,0.69696969697,0.704545454545,
    0.712121212121,0.719696969697,0.727272727273,0.734848484848,
    0.742424242424,0.75,0.757575757576,0.765151515152,0.772727272727,
    0.780303030303,0.787878787879,0.795454545455,0.80303030303,
    0.810606060606,0.818181818182,0.825757575758,0.833333333333,
    0.840909090909,0.848484848485,0.856060606061,0.863636363636,
    0.871212121212,0.878787878788,0.886363636364,0.893939393939,
    0.901515151515,0.909090909091,0.916666666667,0.924242424242,
    0.931818181818,0.939393939394,0.94696969697,0.954545454545,
    0.962121212121,0.969696969697,0.977272727273,0.984848484848,
    0.992424242424,1.),.QUASI_UNIFORM_KNOTS.);
#3119 = CARTESIAN_POINT('',(3.14159265359,-0.104212667609));
#3120 = CARTESIAN_POINT('',(3.151729115766,-0.103440712426));
#3121 = CARTESIAN_POINT('',(3.171999625132,-0.101897185215));
#3122 = CARTESIAN_POINT('',(3.202397998358,-9.958246393259E-02));
#3123 = CARTESIAN_POINT('',(3.232788827569,-9.726728401584E-02));
#3124 = CARTESIAN_POINT('',(3.263171985233,-9.495218612043E-02));
#3125 = CARTESIAN_POINT('',(3.293547513259,-9.263918968566E-02));
#3126 = CARTESIAN_POINT('',(3.323915656536,-9.032677290108E-02));
#3127 = CARTESIAN_POINT('',(3.354276583087,-8.80140231785E-02));
#3128 = CARTESIAN_POINT('',(3.384630480099,-8.570119137565E-02));
#3129 = CARTESIAN_POINT('',(3.414977725673,-8.339022542614E-02));
#3130 = CARTESIAN_POINT('',(3.44531854537,-8.108000917317E-02));
#3131 = CARTESIAN_POINT('',(3.475652990864,-7.876936758556E-02));
#3132 = CARTESIAN_POINT('',(3.505981153687,-7.645845269713E-02));
#3133 = CARTESIAN_POINT('',(3.536303285518,-7.414916044962E-02));
#3134 = CARTESIAN_POINT('',(3.566619652073,-7.184090263998E-02));
#3135 = CARTESIAN_POINT('',(3.596930352857,-6.953220141803E-02));
#3136 = CARTESIAN_POINT('',(3.627235508222,-6.722308561403E-02));
#3137 = CARTESIAN_POINT('',(3.657535397757,-6.491522156072E-02));
#3138 = CARTESIAN_POINT('',(3.687830283686,-6.260859100358E-02));
#3139 = CARTESIAN_POINT('',(3.718120173715,-6.030153299145E-02));
#3140 = CARTESIAN_POINT('',(3.748405089545,-5.799404192467E-02));
#3141 = CARTESIAN_POINT('',(3.77868527885,-5.56876590983E-02));
#3142 = CARTESIAN_POINT('',(3.808960674969,-5.338286825026E-02));
#3143 = CARTESIAN_POINT('',(3.839230234476,-5.107757308571E-02));
#3144 = CARTESIAN_POINT('',(3.869493068897,-4.877165604596E-02));
#3145 = CARTESIAN_POINT('',(3.899748271426,-4.646650981862E-02));
#3146 = CARTESIAN_POINT('',(3.929995430796,-4.416349900318E-02));
#3147 = CARTESIAN_POINT('',(3.960234983956,-4.186055441734E-02));
#3148 = CARTESIAN_POINT('',(3.990467186247,-3.955735209554E-02));
#3149 = CARTESIAN_POINT('',(4.020692399578,-3.725468572348E-02));
#3150 = CARTESIAN_POINT('',(4.050911106839,-3.495395521667E-02));
#3151 = CARTESIAN_POINT('',(4.081123391324,-3.265318551449E-02));
#3152 = CARTESIAN_POINT('',(4.111329309504,-3.035196537845E-02));
#3153 = CARTESIAN_POINT('',(4.141528970339,-2.805096106249E-02));
#3154 = CARTESIAN_POINT('',(4.17172267233,-2.575202800155E-02));
#3155 = CARTESIAN_POINT('',(4.201910539109,-2.345327607145E-02));
#3156 = CARTESIAN_POINT('',(4.232092616585,-2.11540299581E-02));
#3157 = CARTESIAN_POINT('',(4.262268998465,-1.88546924169E-02));
#3158 = CARTESIAN_POINT('',(4.292439949923,-1.655721049889E-02));
#3159 = CARTESIAN_POINT('',(4.3226058067,-1.426011672482E-02));
#3160 = CARTESIAN_POINT('',(4.352766840636,-1.196257063301E-02));
#3161 = CARTESIAN_POINT('',(4.382923323613,-9.66485937236E-03));
#3162 = CARTESIAN_POINT('',(4.413075865283,-7.368973380041E-03));
#3163 = CARTESIAN_POINT('',(4.443223935906,-5.073615842401E-03));
#3164 = CARTESIAN_POINT('',(4.473366517108,-2.777541347239E-03));
#3165 = CARTESIAN_POINT('',(4.503502744914,-4.810031787803E-04));
#3166 = CARTESIAN_POINT('',(4.533631778211,1.81375922606E-03));
#3167 = CARTESIAN_POINT('',(4.563753508794,4.107218858097E-03));
#3168 = CARTESIAN_POINT('',(4.593868050954,6.400942878286E-03));
#3169 = CARTESIAN_POINT('',(4.623975438069,8.69492799605E-03));
#3170 = CARTESIAN_POINT('',(4.654075842144,1.098753080506E-02));
#3171 = CARTESIAN_POINT('',(4.684169527122,1.327877670504E-02));
#3172 = CARTESIAN_POINT('',(4.714256619238,1.557035596355E-02));
#3173 = CARTESIAN_POINT('',(4.744337241331,1.786230999887E-02));
#3174 = CARTESIAN_POINT('',(4.774411636911,2.015318292017E-02));
#3175 = CARTESIAN_POINT('',(4.804480113265,2.244243920224E-02));
#3176 = CARTESIAN_POINT('',(4.834542713608,2.473201014546E-02));
#3177 = CARTESIAN_POINT('',(4.864599492701,2.702206240892E-02));
#3178 = CARTESIAN_POINT('',(4.894650579484,2.931143940279E-02));
#3179 = CARTESIAN_POINT('',(4.924696288495,3.159906133644E-02));
#3180 = CARTESIAN_POINT('',(4.954736893178,3.388689242612E-02));
#3181 = CARTESIAN_POINT('',(4.984772626441,3.617519896332E-02));
#3182 = CARTESIAN_POINT('',(5.014803825389,3.846310318017E-02));
#3183 = CARTESIAN_POINT('',(5.044830904907,4.074915550211E-02));
#3184 = CARTESIAN_POINT('',(5.074853363446,4.303543751764E-02));
#3185 = CARTESIAN_POINT('',(5.104870721417,4.532234723476E-02));
#3186 = CARTESIAN_POINT('',(5.13488254701,4.760911614007E-02));
#3187 = CARTESIAN_POINT('',(5.164888611042,4.989369024691E-02));
#3188 = CARTESIAN_POINT('',(5.194888523585,5.217807577886E-02));
#3189 = CARTESIAN_POINT('',(5.224881804857,5.446296914428E-02));
#3190 = CARTESIAN_POINT('',(5.254868028463,5.674790244765E-02));
#3191 = CARTESIAN_POINT('',(5.284846891794,5.903073904367E-02));
#3192 = CARTESIAN_POINT('',(5.314818680929,6.131298415589E-02));
#3193 = CARTESIAN_POINT('',(5.344783655951,6.359555750217E-02));
#3194 = CARTESIAN_POINT('',(5.374742075324,6.587822685856E-02));
#3195 = CARTESIAN_POINT('',(5.404694386844,6.815908419849E-02));
#3196 = CARTESIAN_POINT('',(5.434640805837,7.043925352235E-02));
#3197 = CARTESIAN_POINT('',(5.46458135745,7.271990139314E-02));
#3198 = CARTESIAN_POINT('',(5.494516110594,7.500086791391E-02));
#3199 = CARTESIAN_POINT('',(5.524445276444,7.728024197034E-02));
#3200 = CARTESIAN_POINT('',(5.554369106054,7.955860556123E-02));
#3201 = CARTESIAN_POINT('',(5.584287708231,8.18374394164E-02));
#3202 = CARTESIAN_POINT('',(5.614201205246,8.411671740574E-02));
#3203 = CARTESIAN_POINT('',(5.644109867518,8.639477807394E-02));
#3204 = CARTESIAN_POINT('',(5.67401394513,8.867164099019E-02));
#3205 = CARTESIAN_POINT('',(5.703913446404,9.094896520527E-02));
#3206 = CARTESIAN_POINT('',(5.733808390828,9.322675540706E-02));
#3207 = CARTESIAN_POINT('',(5.763699008801,9.550346818256E-02));
#3208 = CARTESIAN_POINT('',(5.793585229549,9.777861835011E-02));
#3209 = CARTESIAN_POINT('',(5.823466056129,0.100054305015));
#3210 = CARTESIAN_POINT('',(5.853340636737,0.102330648842));
#3211 = CARTESIAN_POINT('',(5.883208097113,0.104606261163));
#3212 = CARTESIAN_POINT('',(5.913068035552,0.106879779236));
#3213 = CARTESIAN_POINT('',(5.942920876834,0.109153269695));
#3214 = CARTESIAN_POINT('',(5.97276686897,0.111427055607));
#3215 = CARTESIAN_POINT('',(6.00260635916,0.113700342611));
#3216 = CARTESIAN_POINT('',(6.032439805991,0.115971729675));
#3217 = CARTESIAN_POINT('',(6.062267292833,0.118243190891));
#3218 = CARTESIAN_POINT('',(6.092088875818,0.12051513733));
#3219 = CARTESIAN_POINT('',(6.121904658386,0.122786902802));
#3220 = CARTESIAN_POINT('',(6.15171491982,0.125056631221));
#3221 = CARTESIAN_POINT('',(6.181519782178,0.12732621145));
#3222 = CARTESIAN_POINT('',(6.211319292625,0.129596318537));
#3223 = CARTESIAN_POINT('',(6.241113541469,0.131866549846));
#3224 = CARTESIAN_POINT('',(6.270902777042,0.134134958092));
#3225 = CARTESIAN_POINT('',(6.300687323282,0.136403009132));
#3226 = CARTESIAN_POINT('',(6.330467443896,0.138671542372));
#3227 = CARTESIAN_POINT('',(6.360243399741,0.140940269985));
#3228 = CARTESIAN_POINT('',(6.390015769304,0.143207199735));
#3229 = CARTESIAN_POINT('',(6.419784042851,0.1454736294));
#3230 = CARTESIAN_POINT('',(6.44954724436,0.147740807471));
#3231 = CARTESIAN_POINT('',(6.479304543088,0.150008483817));
#3232 = CARTESIAN_POINT('',(6.509055122622,0.152274422802));
#3233 = CARTESIAN_POINT('',(6.538798877895,0.154539096185));
#3234 = CARTESIAN_POINT('',(6.568535925512,0.156804068621));
#3235 = CARTESIAN_POINT('',(6.598266300932,0.159069336101));
#3236 = CARTESIAN_POINT('',(6.627990168788,0.161333254352));
#3237 = CARTESIAN_POINT('',(6.657707778387,0.163595850014));
#3238 = CARTESIAN_POINT('',(6.687419247821,0.165858816727));
#3239 = CARTESIAN_POINT('',(6.717124690712,0.168122197839));
#3240 = CARTESIAN_POINT('',(6.746824328538,0.170384539774));
#3241 = CARTESIAN_POINT('',(6.776518455396,0.172645301329));
#3242 = CARTESIAN_POINT('',(6.80620714242,0.174906401104));
#3243 = CARTESIAN_POINT('',(6.835890464106,0.177168000477));
#3244 = CARTESIAN_POINT('',(6.865568570861,0.17942893889));
#3245 = CARTESIAN_POINT('',(6.895241760375,0.181688145402));
#3246 = CARTESIAN_POINT('',(6.924910204164,0.183947611146));
#3247 = CARTESIAN_POINT('',(6.954574047216,0.186207609561));
#3248 = CARTESIAN_POINT('',(6.984233514672,0.188467256029));
#3249 = CARTESIAN_POINT('',(7.013888950079,0.190725076009));
#3250 = CARTESIAN_POINT('',(7.043540222874,0.192983081559));
#3251 = CARTESIAN_POINT('',(7.073187175754,0.195241788787));
#3252 = CARTESIAN_POINT('',(7.092948897143,0.196747366982));
#3253 = CARTESIAN_POINT('',(7.102829015824,0.1975));
#3254 = ( GEOMETRIC_REPRESENTATION_CONTEXT(2) 
PARAMETRIC_REPRESENTATION_CONTEXT() REPRESENTATION_CONTEXT('2D SPACE',''
  ) );
#3255 = PCURVE('',#2011,#3256);
#3256 = DEFINITIONAL_REPRESENTATION('',(#3257),#3393);
#3257 = B_SPLINE_CURVE_WITH_KNOTS('',3,(#3258,#3259,#3260,#3261,#3262,
    #3263,#3264,#3265,#3266,#3267,#3268,#3269,#3270,#3271,#3272,#3273,
    #3274,#3275,#3276,#3277,#3278,#3279,#3280,#3281,#3282,#3283,#3284,
    #3285,#3286,#3287,#3288,#3289,#3290,#3291,#3292,#3293,#3294,#3295,
    #3296,#3297,#3298,#3299,#3300,#3301,#3302,#3303,#3304,#3305,#3306,
    #3307,#3308,#3309,#3310,#3311,#3312,#3313,#3314,#3315,#3316,#3317,
    #3318,#3319,#3320,#3321,#3322,#3323,#3324,#3325,#3326,#3327,#3328,
    #3329,#3330,#3331,#3332,#3333,#3334,#3335,#3336,#3337,#3338,#3339,
    #3340,#3341,#3342,#3343,#3344,#3345,#3346,#3347,#3348,#3349,#3350,
    #3351,#3352,#3353,#3354,#3355,#3356,#3357,#3358,#3359,#3360,#3361,
    #3362,#3363,#3364,#3365,#3366,#3367,#3368,#3369,#3370,#3371,#3372,
    #3373,#3374,#3375,#3376,#3377,#3378,#3379,#3380,#3381,#3382,#3383,
    #3384,#3385,#3386,#3387,#3388,#3389,#3390,#3391,#3392),
  .UNSPECIFIED.,.F.,.F.,(4,1,1,1,1,1,1,1,1,1,1,1,1,1,1,1,1,1,1,1,1,1,1,1
    ,1,1,1,1,1,1,1,1,1,1,1,1,1,1,1,1,1,1,1,1,1,1,1,1,1,1,1,1,1,1,1,1,1,1
    ,1,1,1,1,1,1,1,1,1,1,1,1,1,1,1,1,1,1,1,1,1,1,1,1,1,1,1,1,1,1,1,1,1,1
    ,1,1,1,1,1,1,1,1,1,1,1,1,1,1,1,1,1,1,1,1,1,1,1,1,1,1,1,1,1,1,1,1,1,1
    ,1,1,1,1,1,1,4),(0.,7.575757575758E-03,1.515151515152E-02,
    2.272727272727E-02,3.030303030303E-02,3.787878787879E-02,
    4.545454545455E-02,5.30303030303E-02,6.060606060606E-02,
    6.818181818182E-02,7.575757575758E-02,8.333333333333E-02,
    9.090909090909E-02,9.848484848485E-02,0.106060606061,0.113636363636,
    0.121212121212,0.128787878788,0.136363636364,0.143939393939,
    0.151515151515,0.159090909091,0.166666666667,0.174242424242,
    0.181818181818,0.189393939394,0.19696969697,0.204545454545,
    0.212121212121,0.219696969697,0.227272727273,0.234848484848,
    0.242424242424,0.25,0.257575757576,0.265151515152,0.272727272727,
    0.280303030303,0.287878787879,0.295454545455,0.30303030303,
    0.310606060606,0.318181818182,0.325757575758,0.333333333333,
    0.340909090909,0.348484848485,0.356060606061,0.363636363636,
    0.371212121212,0.378787878788,0.386363636364,0.393939393939,
    0.401515151515,0.409090909091,0.416666666667,0.424242424242,
    0.431818181818,0.439393939394,0.44696969697,0.454545454545,
    0.462121212121,0.469696969697,0.477272727273,0.484848484848,
    0.492424242424,0.5,0.507575757576,0.515151515152,0.522727272727,
    0.530303030303,0.537878787879,0.545454545455,0.55303030303,
    0.560606060606,0.568181818182,0.575757575758,0.583333333333,
    0.590909090909,0.598484848485,0.606060606061,0.613636363636,
    0.621212121212,0.628787878788,0.636363636364,0.643939393939,
    0.651515151515,0.659090909091,0.666666666667,0.674242424242,
    0.681818181818,0.689393939394,0.69696969697,0.704545454545,
    0.712121212121,0.719696969697,0.727272727273,0.734848484848,
    0.742424242424,0.75,0.757575757576,0.765151515152,0.772727272727,
    0.780303030303,0.787878787879,0.795454545455,0.80303030303,
    0.810606060606,0.818181818182,0.825757575758,0.833333333333,
    0.840909090909,0.848484848485,0.856060606061,0.863636363636,
    0.871212121212,0.878787878788,0.886363636364,0.893939393939,
    0.901515151515,0.909090909091,0.916666666667,0.924242424242,
    0.931818181818,0.939393939394,0.94696969697,0.954545454545,
    0.962121212121,0.969696969697,0.977272727273,0.984848484848,
    0.992424242424,1.),.QUASI_UNIFORM_KNOTS.);
#3258 = CARTESIAN_POINT('',(0.900388403401,0.15384625698));
#3259 = CARTESIAN_POINT('',(0.899559525469,0.154342641095));
#3260 = CARTESIAN_POINT('',(0.897904573675,0.155335277476));
#3261 = CARTESIAN_POINT('',(0.895430271294,0.15682384936));
#3262 = CARTESIAN_POINT('',(0.892963870107,0.158312050747));
#3263 = CARTESIAN_POINT('',(0.890504926225,0.159799896145));
#3264 = CARTESIAN_POINT('',(0.888053594128,0.16128740236));
#3265 = CARTESIAN_POINT('',(0.88560178741,0.162774587887));
#3266 = CARTESIAN_POINT('',(0.883139837859,0.164261453065));
#3267 = CARTESIAN_POINT('',(0.880660337833,0.165747974752));
#3268 = CARTESIAN_POINT('',(0.878177131742,0.167234137916));
#3269 = CARTESIAN_POINT('',(0.875695096212,0.168719945425));
#3270 = CARTESIAN_POINT('',(0.873217320596,0.170205405805));
#3271 = CARTESIAN_POINT('',(0.870746972707,0.171690539116));
#3272 = CARTESIAN_POINT('',(0.868288133056,0.17317537719));
#3273 = CARTESIAN_POINT('',(0.86583835206,0.174659953654));
#3274 = CARTESIAN_POINT('',(0.863391383416,0.17614428926));
#3275 = CARTESIAN_POINT('',(0.86094179155,0.177628394389));
#3276 = CARTESIAN_POINT('',(0.858483829465,0.179112271955));
#3277 = CARTESIAN_POINT('',(0.85601105351,0.180595900921));
#3278 = CARTESIAN_POINT('',(0.853531395995,0.182079252236));
#3279 = CARTESIAN_POINT('',(0.851051379425,0.18356231965));
#3280 = CARTESIAN_POINT('',(0.848578750381,0.185045120844));
#3281 = CARTESIAN_POINT('',(0.846117058938,0.186527668447));
#3282 = CARTESIAN_POINT('',(0.843663152026,0.18800993305));
#3283 = CARTESIAN_POINT('',(0.841215201942,0.18949189124));
#3284 = CARTESIAN_POINT('',(0.838771755489,0.190973512355));
#3285 = CARTESIAN_POINT('',(0.836329595829,0.192454779123));
#3286 = CARTESIAN_POINT('',(0.833875941536,0.193935702799));
#3287 = CARTESIAN_POINT('',(0.831405121824,0.195416261035));
#3288 = CARTESIAN_POINT('',(0.828929567695,0.196896442727));
#3289 = CARTESIAN_POINT('',(0.826458080366,0.198376264551));
#3290 = CARTESIAN_POINT('',(0.823992118676,0.199855738659));
#3291 = CARTESIAN_POINT('',(0.821533557377,0.201334884464));
#3292 = CARTESIAN_POINT('',(0.819084032276,0.202813727494));
#3293 = CARTESIAN_POINT('',(0.816645107025,0.204292301092));
#3294 = CARTESIAN_POINT('',(0.814209479664,0.205770626153));
#3295 = CARTESIAN_POINT('',(0.811770339126,0.207248708151));
#3296 = CARTESIAN_POINT('',(0.809318907638,0.208726539389));
#3297 = CARTESIAN_POINT('',(0.806854414418,0.2102040963));
#3298 = CARTESIAN_POINT('',(0.804385351456,0.211681368966));
#3299 = CARTESIAN_POINT('',(0.80191648817,0.213158365536));
#3300 = CARTESIAN_POINT('',(0.799453207578,0.214635106683));
#3301 = CARTESIAN_POINT('',(0.797001539294,0.216111637838));
#3302 = CARTESIAN_POINT('',(0.794559549899,0.217587954204));
#3303 = CARTESIAN_POINT('',(0.792123229812,0.219064026033));
#3304 = CARTESIAN_POINT('',(0.789688909925,0.220539824453));
#3305 = CARTESIAN_POINT('',(0.787254790963,0.22201530965));
#3306 = CARTESIAN_POINT('',(0.784810323476,0.223490463935));
#3307 = CARTESIAN_POINT('',(0.782349144335,0.224965257874));
#3308 = CARTESIAN_POINT('',(0.779882338978,0.226439666859));
#3309 = CARTESIAN_POINT('',(0.777418979184,0.227913693334));
#3310 = CARTESIAN_POINT('',(0.774963847285,0.229387357961));
#3311 = CARTESIAN_POINT('',(0.772516454046,0.230860684372));
#3312 = CARTESIAN_POINT('',(0.77007707982,0.232333698971));
#3313 = CARTESIAN_POINT('',(0.767646481573,0.233806432229));
#3314 = CARTESIAN_POINT('',(0.765221493528,0.235278912235));
#3315 = CARTESIAN_POINT('',(0.762793023403,0.236751144342));
#3316 = CARTESIAN_POINT('',(0.760351029046,0.238223118574));
#3317 = CARTESIAN_POINT('',(0.75789405493,0.239694805));
#3318 = CARTESIAN_POINT('',(0.755435085408,0.241166192565));
#3319 = CARTESIAN_POINT('',(0.752976867887,0.242637290497));
#3320 = CARTESIAN_POINT('',(0.750523786794,0.24410811802));
#3321 = CARTESIAN_POINT('',(0.748079883103,0.245578707723));
#3322 = CARTESIAN_POINT('',(0.745648062856,0.247049099461));
#3323 = CARTESIAN_POINT('',(0.743222839302,0.248519288878));
#3324 = CARTESIAN_POINT('',(0.740799394442,0.249989266006));
#3325 = CARTESIAN_POINT('',(0.738373343093,0.25145901172));
#3326 = CARTESIAN_POINT('',(0.73593855956,0.252928501342));
#3327 = CARTESIAN_POINT('',(0.733487718098,0.254397681427));
#3328 = CARTESIAN_POINT('',(0.731030706322,0.255866502709));
#3329 = CARTESIAN_POINT('',(0.728574563629,0.257334938807));
#3330 = CARTESIAN_POINT('',(0.726127899675,0.258802981378));
#3331 = CARTESIAN_POINT('',(0.723690603387,0.260270661448));
#3332 = CARTESIAN_POINT('',(0.721261474736,0.26173801229));
#3333 = CARTESIAN_POINT('',(0.718839179368,0.263205065575));
#3334 = CARTESIAN_POINT('',(0.716423043877,0.264671855729));
#3335 = CARTESIAN_POINT('',(0.71400539276,0.266138396507));
#3336 = CARTESIAN_POINT('',(0.711574672195,0.267604677874));
#3337 = CARTESIAN_POINT('',(0.70912669837,0.269070668487));
#3338 = CARTESIAN_POINT('',(0.706675989846,0.270536351014));
#3339 = CARTESIAN_POINT('',(0.704227859495,0.27200173223));
#3340 = CARTESIAN_POINT('',(0.701784683345,0.273466825151));
#3341 = CARTESIAN_POINT('',(0.699349138712,0.274931651712));
#3342 = CARTESIAN_POINT('',(0.696924647105,0.276396244293));
#3343 = CARTESIAN_POINT('',(0.694509505485,0.277860634303));
#3344 = CARTESIAN_POINT('',(0.692096872331,0.279324836648));
#3345 = CARTESIAN_POINT('',(0.689681063466,0.280788855536));
#3346 = CARTESIAN_POINT('',(0.687255613567,0.28225269069));
#3347 = CARTESIAN_POINT('',(0.684815797786,0.283716304812));
#3348 = CARTESIAN_POINT('',(0.682369021548,0.285179622171));
#3349 = CARTESIAN_POINT('',(0.679921540659,0.286642594575));
#3350 = CARTESIAN_POINT('',(0.677480839983,0.288105184933));
#3351 = CARTESIAN_POINT('',(0.675052031796,0.28956738848));
#3352 = CARTESIAN_POINT('',(0.672632130034,0.291029246664));
#3353 = CARTESIAN_POINT('',(0.670219037347,0.292490791009));
#3354 = CARTESIAN_POINT('',(0.667810391023,0.293952052255));
#3355 = CARTESIAN_POINT('',(0.665403019777,0.295413056207));
#3356 = CARTESIAN_POINT('',(0.662984743755,0.296873798274));
#3357 = CARTESIAN_POINT('',(0.66054793293,0.298334249284));
#3358 = CARTESIAN_POINT('',(0.658104722144,0.299794384592));
#3359 = CARTESIAN_POINT('',(0.655665132424,0.30125420938));
#3360 = CARTESIAN_POINT('',(0.653231081442,0.302713735886));
#3361 = CARTESIAN_POINT('',(0.650804324871,0.304172981623));
#3362 = CARTESIAN_POINT('',(0.648386380841,0.305631970252));
#3363 = CARTESIAN_POINT('',(0.645979295847,0.307090732376));
#3364 = CARTESIAN_POINT('',(0.643576934913,0.308549299158));
#3365 = CARTESIAN_POINT('',(0.641172254461,0.310007688899));
#3366 = CARTESIAN_POINT('',(0.638757652449,0.311465906147));
#3367 = CARTESIAN_POINT('',(0.636328191942,0.312923948269));
#3368 = CARTESIAN_POINT('',(0.633892012756,0.314381759664));
#3369 = CARTESIAN_POINT('',(0.631454036978,0.315839284025));
#3370 = CARTESIAN_POINT('',(0.629020066212,0.317296484858));
#3371 = CARTESIAN_POINT('',(0.626597142273,0.318753335362));
#3372 = CARTESIAN_POINT('',(0.624185434338,0.320209849691));
#3373 = CARTESIAN_POINT('',(0.621781031214,0.321666053704));
#3374 = CARTESIAN_POINT('',(0.619380615595,0.323121964378));
#3375 = CARTESIAN_POINT('',(0.61698158653,0.324577595201));
#3376 = CARTESIAN_POINT('',(0.614576405522,0.326032951922));
#3377 = CARTESIAN_POINT('',(0.612152239253,0.327488013677));
#3378 = CARTESIAN_POINT('',(0.609718413795,0.328942752937));
#3379 = CARTESIAN_POINT('',(0.607285238388,0.330397168954));
#3380 = CARTESIAN_POINT('',(0.604859219378,0.33185127878));
#3381 = CARTESIAN_POINT('',(0.602440432422,0.333305099925));
#3382 = CARTESIAN_POINT('',(0.600029872693,0.334758654731));
#3383 = CARTESIAN_POINT('',(0.597628670985,0.336211969581));
#3384 = CARTESIAN_POINT('',(0.595235663553,0.337665074466));
#3385 = CARTESIAN_POINT('',(0.592842030766,0.339117986163));
#3386 = CARTESIAN_POINT('',(0.590440395183,0.340570707221));
#3387 = CARTESIAN_POINT('',(0.588021431474,0.342023224119));
#3388 = CARTESIAN_POINT('',(0.585595211571,0.343475518208));
#3389 = CARTESIAN_POINT('',(0.583166750012,0.344927570755));
#3390 = CARTESIAN_POINT('',(0.580741002842,0.346379375007));
#3391 = CARTESIAN_POINT('',(0.579128963043,0.347347086423));
#3392 = CARTESIAN_POINT('',(0.578325052423,0.347830903618));
#3393 = ( GEOMETRIC_REPRESENTATION_CONTEXT(2) 
PARAMETRIC_REPRESENTATION_CONTEXT() REPRESENTATION_CONTEXT('2D SPACE',''
  ) );
#3394 = ADVANCED_FACE('',(#3395),#2011,.F.);
#3395 = FACE_BOUND('',#3396,.F.);
#3396 = EDGE_LOOP('',(#3397,#3398,#3517,#3518,#3808,#3842,#3889,#3936));
#3397 = ORIENTED_EDGE('',*,*,#3078,.F.);
#3398 = ORIENTED_EDGE('',*,*,#3399,.T.);
#3399 = EDGE_CURVE('',#3008,#804,#3400,.T.);
#3400 = SURFACE_CURVE('',#3401,(#3415,#3466),.PCURVE_S1.);
#3401 = B_SPLINE_CURVE_WITH_KNOTS('',3,(#3402,#3403,#3404,#3405,#3406,
    #3407,#3408,#3409,#3410,#3411,#3412,#3413,#3414),.UNSPECIFIED.,.F.,
  .F.,(4,1,1,1,1,1,1,1,1,1,4),(0.,0.1,0.2,0.3,0.4,0.5,0.6,0.7,0.8,0.9,1.
    ),.QUASI_UNIFORM_KNOTS.);
#3402 = CARTESIAN_POINT('',(10.70671266761,2.793287332392,0.));
#3403 = CARTESIAN_POINT('',(10.70980978211,2.790190217889,0.11358215024)
  );
#3404 = CARTESIAN_POINT('',(10.71600614815,2.770120602929,0.340067332313
    ));
#3405 = CARTESIAN_POINT('',(10.72530669936,2.699034374769,0.672699880547
    ));
#3406 = CARTESIAN_POINT('',(10.73461447952,2.588202953376,0.993356321112
    ));
#3407 = CARTESIAN_POINT('',(10.74393065577,2.439434309781,1.297342230167
    ));
#3408 = CARTESIAN_POINT('',(10.75325718504,2.255059196134,1.580233648831
    ));
#3409 = CARTESIAN_POINT('',(10.76259054436,2.038049421723,1.837767539978
    ));
#3410 = CARTESIAN_POINT('',(10.77193009126,1.791834044877,2.066184826352
    ));
#3411 = CARTESIAN_POINT('',(10.78127725305,1.520209403125,2.262221937959
    ));
#3412 = CARTESIAN_POINT('',(10.79063285039,1.227348577886,2.423083795653
    ));
#3413 = CARTESIAN_POINT('',(10.79687656546,1.02091906069,2.505366221703)
  );
#3414 = CARTESIAN_POINT('',(10.8,0.915700046402,2.539979020586));
#3415 = PCURVE('',#2011,#3416);
#3416 = DEFINITIONAL_REPRESENTATION('',(#3417),#3465);
#3417 = B_SPLINE_CURVE_WITH_KNOTS('',3,(#3418,#3419,#3420,#3421,#3422,
    #3423,#3424,#3425,#3426,#3427,#3428,#3429,#3430,#3431,#3432,#3433,
    #3434,#3435,#3436,#3437,#3438,#3439,#3440,#3441,#3442,#3443,#3444,
    #3445,#3446,#3447,#3448,#3449,#3450,#3451,#3452,#3453,#3454,#3455,
    #3456,#3457,#3458,#3459,#3460,#3461,#3462,#3463,#3464),
  .UNSPECIFIED.,.F.,.F.,(4,1,1,1,1,1,1,1,1,1,1,1,1,1,1,1,1,1,1,1,1,1,1,1
    ,1,1,1,1,1,1,1,1,1,1,1,1,1,1,1,1,1,1,1,1,4),(0.,2.272727272727E-02,
    4.545454545455E-02,6.818181818182E-02,9.090909090909E-02,
    0.113636363636,0.136363636364,0.159090909091,0.181818181818,
    0.204545454545,0.227272727273,0.25,0.272727272727,0.295454545455,
    0.318181818182,0.340909090909,0.363636363636,0.386363636364,
    0.409090909091,0.431818181818,0.454545454545,0.477272727273,0.5,
    0.522727272727,0.545454545455,0.568181818182,0.590909090909,
    0.613636363636,0.636363636364,0.659090909091,0.681818181818,
    0.704545454545,0.727272727273,0.75,0.772727272727,0.795454545455,
    0.818181818182,0.840909090909,0.863636363636,0.886363636364,
    0.909090909091,0.931818181818,0.954545454545,0.977272727273,1.),
  .QUASI_UNIFORM_KNOTS.);
#3418 = CARTESIAN_POINT('',(0.900388403401,0.15384625698));
#3419 = CARTESIAN_POINT('',(0.90114409631,0.153393701646));
#3420 = CARTESIAN_POINT('',(0.902657723226,0.152488506366));
#3421 = CARTESIAN_POINT('',(0.904928299253,0.151130471555));
#3422 = CARTESIAN_POINT('',(0.907193063977,0.149772199968));
#3423 = CARTESIAN_POINT('',(0.909443828026,0.148413720618));
#3424 = CARTESIAN_POINT('',(0.911686558848,0.147055067689));
#3425 = CARTESIAN_POINT('',(0.913927954208,0.145696242422));
#3426 = CARTESIAN_POINT('',(0.916170458849,0.144337232313));
#3427 = CARTESIAN_POINT('',(0.918417388201,0.142978021929));
#3428 = CARTESIAN_POINT('',(0.920672037884,0.141618591127));
#3429 = CARTESIAN_POINT('',(0.922936423727,0.140258913178));
#3430 = CARTESIAN_POINT('',(0.925206703829,0.138898959934));
#3431 = CARTESIAN_POINT('',(0.927479685999,0.137538714158));
#3432 = CARTESIAN_POINT('',(0.929751660419,0.136178167759));
#3433 = CARTESIAN_POINT('',(0.932019952393,0.134817322189));
#3434 = CARTESIAN_POINT('',(0.934275018143,0.133456184474));
#3435 = CARTESIAN_POINT('',(0.936521281881,0.132094764928));
#3436 = CARTESIAN_POINT('',(0.938765217326,0.130733060683));
#3437 = CARTESIAN_POINT('',(0.941013374317,0.129371053704));
#3438 = CARTESIAN_POINT('',(0.943269283698,0.128008730729));
#3439 = CARTESIAN_POINT('',(0.945531677839,0.126646105114));
#3440 = CARTESIAN_POINT('',(0.947800301045,0.125283188735));
#3441 = CARTESIAN_POINT('',(0.950074759172,0.123919997755));
#3442 = CARTESIAN_POINT('',(0.952354847028,0.12255654961));
#3443 = CARTESIAN_POINT('',(0.954633608229,0.121192842772));
#3444 = CARTESIAN_POINT('',(0.956903915914,0.119828894275));
#3445 = CARTESIAN_POINT('',(0.959159429746,0.118464740028));
#3446 = CARTESIAN_POINT('',(0.961410316635,0.117100411743));
#3447 = CARTESIAN_POINT('',(0.963661561416,0.115735905908));
#3448 = CARTESIAN_POINT('',(0.965915379234,0.114371204503));
#3449 = CARTESIAN_POINT('',(0.968174434385,0.113006288238));
#3450 = CARTESIAN_POINT('',(0.970441468526,0.111641133966));
#3451 = CARTESIAN_POINT('',(0.972717893021,0.11027571405));
#3452 = CARTESIAN_POINT('',(0.974999295906,0.10891000474));
#3453 = CARTESIAN_POINT('',(0.97728182833,0.107543994331));
#3454 = CARTESIAN_POINT('',(0.979561560377,0.106177681659));
#3455 = CARTESIAN_POINT('',(0.981834101317,0.104811077367));
#3456 = CARTESIAN_POINT('',(0.984094210327,0.103444195874));
#3457 = CARTESIAN_POINT('',(0.986348785867,0.102077042655));
#3458 = CARTESIAN_POINT('',(0.988602838951,0.100709612386));
#3459 = CARTESIAN_POINT('',(0.990862469364,9.934188827939E-02));
#3460 = CARTESIAN_POINT('',(0.993130629396,9.797384743745E-02));
#3461 = CARTESIAN_POINT('',(0.995405665253,9.660547559463E-02));
#3462 = CARTESIAN_POINT('',(0.997686736953,9.523676139258E-02));
#3463 = CARTESIAN_POINT('',(0.999210748112,9.432405339139E-02));
#3464 = CARTESIAN_POINT('',(0.999973408008,9.386764023562E-02));
#3465 = ( GEOMETRIC_REPRESENTATION_CONTEXT(2) 
PARAMETRIC_REPRESENTATION_CONTEXT() REPRESENTATION_CONTEXT('2D SPACE',''
  ) );
#3466 = PCURVE('',#820,#3467);
#3467 = DEFINITIONAL_REPRESENTATION('',(#3468),#3516);
#3468 = B_SPLINE_CURVE_WITH_KNOTS('',3,(#3469,#3470,#3471,#3472,#3473,
    #3474,#3475,#3476,#3477,#3478,#3479,#3480,#3481,#3482,#3483,#3484,
    #3485,#3486,#3487,#3488,#3489,#3490,#3491,#3492,#3493,#3494,#3495,
    #3496,#3497,#3498,#3499,#3500,#3501,#3502,#3503,#3504,#3505,#3506,
    #3507,#3508,#3509,#3510,#3511,#3512,#3513,#3514,#3515),
  .UNSPECIFIED.,.F.,.F.,(4,1,1,1,1,1,1,1,1,1,1,1,1,1,1,1,1,1,1,1,1,1,1,1
    ,1,1,1,1,1,1,1,1,1,1,1,1,1,1,1,1,1,1,1,1,4),(0.,2.272727272727E-02,
    4.545454545455E-02,6.818181818182E-02,9.090909090909E-02,
    0.113636363636,0.136363636364,0.159090909091,0.181818181818,
    0.204545454545,0.227272727273,0.25,0.272727272727,0.295454545455,
    0.318181818182,0.340909090909,0.363636363636,0.386363636364,
    0.409090909091,0.431818181818,0.454545454545,0.477272727273,0.5,
    0.522727272727,0.545454545455,0.568181818182,0.590909090909,
    0.613636363636,0.636363636364,0.659090909091,0.681818181818,
    0.704545454545,0.727272727273,0.75,0.772727272727,0.795454545455,
    0.818181818182,0.840909090909,0.863636363636,0.886363636364,
    0.909090909091,0.931818181818,0.954545454545,0.977272727273,1.),
  .QUASI_UNIFORM_KNOTS.);
#3469 = CARTESIAN_POINT('',(3.14159265359,4.664366619301E-02));
#3470 = CARTESIAN_POINT('',(3.132351177238,4.593970739962E-02));
#3471 = CARTESIAN_POINT('',(3.113866772599,4.453148508609E-02));
#3472 = CARTESIAN_POINT('',(3.086135866398,4.241877159274E-02));
#3473 = CARTESIAN_POINT('',(3.058400692429,4.030650273892E-02));
#3474 = CARTESIAN_POINT('',(3.030661369979,3.819448641836E-02));
#3475 = CARTESIAN_POINT('',(3.002918052606,3.608127948937E-02));
#3476 = CARTESIAN_POINT('',(2.97517054628,3.3967174249E-02));
#3477 = CARTESIAN_POINT('',(2.94741859344,3.18533396394E-02));
#3478 = CARTESIAN_POINT('',(2.919662064024,2.973980946856E-02));
#3479 = CARTESIAN_POINT('',(2.891900846318,2.762572949363E-02));
#3480 = CARTESIAN_POINT('',(2.864134734209,2.551013707007E-02));
#3481 = CARTESIAN_POINT('',(2.836363436809,2.339454029699E-02));
#3482 = CARTESIAN_POINT('',(2.808586805332,2.127923907203E-02));
#3483 = CARTESIAN_POINT('',(2.780804718548,1.916393537744E-02));
#3484 = CARTESIAN_POINT('',(2.753017048721,1.704711585303E-02));
#3485 = CARTESIAN_POINT('',(2.725223407982,1.492965162311E-02));
#3486 = CARTESIAN_POINT('',(2.697423481074,1.28123215649E-02));
#3487 = CARTESIAN_POINT('',(2.66961704219,1.06950477424E-02));
#3488 = CARTESIAN_POINT('',(2.641803782192,8.576601775773E-03));
#3489 = CARTESIAN_POINT('',(2.613983644238,6.45673027801E-03));
#3490 = CARTESIAN_POINT('',(2.586157188168,4.337057714909E-03));
#3491 = CARTESIAN_POINT('',(2.558324987144,2.217775891454E-03));
#3492 = CARTESIAN_POINT('',(2.53048766964,9.830086779385E-05));
#3493 = CARTESIAN_POINT('',(2.502645793078,-2.022916836846E-03));
#3494 = CARTESIAN_POINT('',(2.474799313904,-4.144397000091E-03));
#3495 = CARTESIAN_POINT('',(2.446948344929,-6.265523956184E-03));
#3496 = CARTESIAN_POINT('',(2.419093040475,-8.386398870176E-03));
#3497 = CARTESIAN_POINT('',(2.391233615464,-1.050845970032E-02));
#3498 = CARTESIAN_POINT('',(2.363369871634,-1.263141482753E-02));
#3499 = CARTESIAN_POINT('',(2.335501509374,-1.475411167594E-02));
#3500 = CARTESIAN_POINT('',(2.307628368189,-1.687652275784E-02));
#3501 = CARTESIAN_POINT('',(2.279750299161,-1.899950587435E-02));
#3502 = CARTESIAN_POINT('',(2.251867075851,-2.112401925036E-02));
#3503 = CARTESIAN_POINT('',(2.223978467514,-2.324854488313E-02));
#3504 = CARTESIAN_POINT('',(2.196084379426,-2.537278412362E-02));
#3505 = CARTESIAN_POINT('',(2.168184747807,-2.74970423938E-02));
#3506 = CARTESIAN_POINT('',(2.140279500805,-2.962285754277E-02));
#3507 = CARTESIAN_POINT('',(2.112368304039,-3.174932330942E-02));
#3508 = CARTESIAN_POINT('',(2.084450907358,-3.387561828749E-02));
#3509 = CARTESIAN_POINT('',(2.05652714014,-3.600179712268E-02));
#3510 = CARTESIAN_POINT('',(2.028596810185,-3.812905490158E-02));
#3511 = CARTESIAN_POINT('',(2.00065972853,-4.025770769188E-02));
#3512 = CARTESIAN_POINT('',(1.972715925796,-4.238629948464E-02));
#3513 = CARTESIAN_POINT('',(1.944765517344,-4.451462019326E-02));
#3514 = CARTESIAN_POINT('',(1.926127594809,-4.593386519899E-02));
#3515 = CARTESIAN_POINT('',(1.91680757533,-4.664366619821E-02));
#3516 = ( GEOMETRIC_REPRESENTATION_CONTEXT(2) 
PARAMETRIC_REPRESENTATION_CONTEXT() REPRESENTATION_CONTEXT('2D SPACE',''
  ) );
#3517 = ORIENTED_EDGE('',*,*,#1855,.T.);
#3518 = ORIENTED_EDGE('',*,*,#3519,.F.);
#3519 = EDGE_CURVE('',#3520,#1566,#3522,.T.);
#3520 = VERTEX_POINT('',#3521);
#3521 = CARTESIAN_POINT('',(8.921315243463,0.,3.095));
#3522 = SURFACE_CURVE('',#3523,(#3527,#3533),.PCURVE_S1.);
#3523 = LINE('',#3524,#3525);
#3524 = CARTESIAN_POINT('',(8.921315243463,0.,3.095));
#3525 = VECTOR('',#3526,1.);
#3526 = DIRECTION('',(-0.419927336103,0.,-0.90755772951));
#3527 = PCURVE('',#2011,#3528);
#3528 = DEFINITIONAL_REPRESENTATION('',(#3529),#3532);
#3529 = B_SPLINE_CURVE_WITH_KNOTS('',1,(#3530,#3531),.UNSPECIFIED.,.F.,
  .F.,(2,2),(0.,0.435234021105),.PIECEWISE_BEZIER_KNOTS.);
#3530 = CARTESIAN_POINT('',(0.578353859412,0.99999988365));
#3531 = CARTESIAN_POINT('',(0.999973637323,0.999999884783));
#3532 = ( GEOMETRIC_REPRESENTATION_CONTEXT(2) 
PARAMETRIC_REPRESENTATION_CONTEXT() REPRESENTATION_CONTEXT('2D SPACE',''
  ) );
#3533 = PCURVE('',#3534,#3803);
#3534 = B_SPLINE_SURFACE_WITH_KNOTS('',3,3,(
    (#3535,#3536,#3537,#3538,#3539,#3540,#3541,#3542,#3543,#3544,#3545
      ,#3546,#3547,#3548,#3549,#3550,#3551,#3552,#3553,#3554,#3555,#3556
      ,#3557,#3558,#3559,#3560,#3561,#3562,#3563,#3564,#3565,#3566,#3567
      ,#3568,#3569,#3570,#3571,#3572,#3573,#3574,#3575,#3576,#3577,#3578
      ,#3579,#3580,#3581,#3582,#3583,#3584,#3585,#3586,#3587,#3588,#3589
      ,#3590,#3591,#3592,#3593,#3594,#3595,#3596,#3597,#3598,#3599,#3600
      ,#3601)
    ,(#3602,#3603,#3604,#3605,#3606,#3607,#3608,#3609,#3610,#3611,#3612
      ,#3613,#3614,#3615,#3616,#3617,#3618,#3619,#3620,#3621,#3622,#3623
      ,#3624,#3625,#3626,#3627,#3628,#3629,#3630,#3631,#3632,#3633,#3634
      ,#3635,#3636,#3637,#3638,#3639,#3640,#3641,#3642,#3643,#3644,#3645
      ,#3646,#3647,#3648,#3649,#3650,#3651,#3652,#3653,#3654,#3655,#3656
      ,#3657,#3658,#3659,#3660,#3661,#3662,#3663,#3664,#3665,#3666,#3667
      ,#3668)
    ,(#3669,#3670,#3671,#3672,#3673,#3674,#3675,#3676,#3677,#3678,#3679
      ,#3680,#3681,#3682,#3683,#3684,#3685,#3686,#3687,#3688,#3689,#3690
      ,#3691,#3692,#3693,#3694,#3695,#3696,#3697,#3698,#3699,#3700,#3701
      ,#3702,#3703,#3704,#3705,#3706,#3707,#3708,#3709,#3710,#3711,#3712
      ,#3713,#3714,#3715,#3716,#3717,#3718,#3719,#3720,#3721,#3722,#3723
      ,#3724,#3725,#3726,#3727,#3728,#3729,#3730,#3731,#3732,#3733,#3734
      ,#3735)
    ,(#3736,#3737,#3738,#3739,#3740,#3741,#3742,#3743,#3744,#3745,#3746
      ,#3747,#3748,#3749,#3750,#3751,#3752,#3753,#3754,#3755,#3756,#3757
      ,#3758,#3759,#3760,#3761,#3762,#3763,#3764,#3765,#3766,#3767,#3768
      ,#3769,#3770,#3771,#3772,#3773,#3774,#3775,#3776,#3777,#3778,#3779
      ,#3780,#3781,#3782,#3783,#3784,#3785,#3786,#3787,#3788,#3789,#3790
      ,#3791,#3792,#3793,#3794,#3795,#3796,#3797,#3798,#3799,#3800,#3801
      ,#3802
    )),.UNSPECIFIED.,.F.,.F.,.F.,(4,4),(4,1,1,1,1,1,1,1,1,1,1,1,1,1,1,1,
    1,1,1,1,1,1,1,1,1,1,1,1,1,1,1,1,1,1,1,1,1,1,1,1,1,1,1,1,1,1,1,1,1,1,
    1,1,1,1,1,1,1,1,1,1,1,1,1,1,4),(0.568169861593,1.010214231823),(
    -1.880042708042E-02,-3.525080077579E-03,1.175026692526E-02,
    2.702561392811E-02,4.230096093095E-02,5.757630793379E-02,
    7.285165493663E-02,8.812700193947E-02,0.103402348942,0.118677695945,
    0.133953042948,0.149228389951,0.164503736954,0.179779083956,
    0.195054430959,0.210329777962,0.225605124965,0.240880471968,
    0.256155818971,0.271431165974,0.286706512976,0.301981859979,
    0.317257206982,0.332532553985,0.347807900988,0.363083247991,
    0.378358594993,0.393633941996,0.408909288999,0.424184636002,
    0.439459983005,0.454735330008,0.47001067701,0.485286024013,
    0.500561371016,0.515836718019,0.531112065022,0.546387412025,
    0.561662759028,0.57693810603,0.592213453033,0.607488800036,
    0.622764147039,0.638039494042,0.653314841045,0.668590188048,
    0.68386553505,0.699140882053,0.714416229056,0.729691576059,
    0.744966923062,0.760242270064,0.775517617067,0.79079296407,
    0.806068311073,0.821343658076,0.836619005079,0.851894352082,
    0.867169699084,0.882445046087,0.89772039309,0.912995740093,
    0.928271087096,0.943546434099,0.958821781101),.UNSPECIFIED.);
#3535 = CARTESIAN_POINT('',(8.96851399172,-1.162816320113,2.878577689933
    ));
#3536 = CARTESIAN_POINT('',(8.956930186909,-0.863513358356,
    2.999482666654));
#3537 = CARTESIAN_POINT('',(8.933762577288,-0.22694218426,3.147149946025
    ));
#3538 = CARTESIAN_POINT('',(8.899011162857,0.749861008657,3.064928599009
    ));
#3539 = CARTESIAN_POINT('',(8.864259748426,1.654281410999,2.6868980407)
  );
#3540 = CARTESIAN_POINT('',(8.829508333994,2.399045805196,2.049549003489
    ));
#3541 = CARTESIAN_POINT('',(8.794756919563,2.912271007794,1.21439214974)
  );
#3542 = CARTESIAN_POINT('',(8.760005505132,3.144425340761,0.262031139777
    ));
#3543 = CARTESIAN_POINT('',(8.7252540907,3.073102680899,-0.715619223397)
  );
#3544 = CARTESIAN_POINT('',(8.690502676269,2.705186646028,
    -1.624203247327));
#3545 = CARTESIAN_POINT('',(8.655751261837,2.076185780071,
    -2.376031056545));
#3546 = CARTESIAN_POINT('',(8.620999847406,1.246806650984,
    -2.898541728274));
#3547 = CARTESIAN_POINT('',(8.586248432975,0.297094863966,
    -3.141306355214));
#3548 = CARTESIAN_POINT('',(8.551497018543,-0.681290346004,
    -3.080895071225));
#3549 = CARTESIAN_POINT('',(8.516745604112,-1.593922395407,
    -2.723138331576));
#3550 = CARTESIAN_POINT('',(8.48199418968,-2.352720714668,
    -2.102564199791));
#3551 = CARTESIAN_POINT('',(8.447242775249,-2.884451640594,
    -1.279065951603));
#3552 = CARTESIAN_POINT('',(8.412491360817,-3.137796393799,
    -0.332121614073));
#3553 = CARTESIAN_POINT('',(8.377739946386,-3.08830399191,0.646876672192
    ));
#3554 = CARTESIAN_POINT('',(8.342988531954,-2.740751079522,1.56344315393
    ));
#3555 = CARTESIAN_POINT('',(8.308237117523,-2.128680921406,
    2.329117538966));
#3556 = CARTESIAN_POINT('',(8.273485703091,-1.311166051957,
    2.870002536527));
#3557 = CARTESIAN_POINT('',(8.23873428866,-0.367107026292,3.133895883197
    ));
#3558 = CARTESIAN_POINT('',(8.203982874228,0.612382484179,3.095328523524
    ));
#3559 = CARTESIAN_POINT('',(8.169231459797,1.532769316827,2.758022696945
    ));
#3560 = CARTESIAN_POINT('',(8.134480045365,2.305224467152,2.154532694465
    ));
#3561 = CARTESIAN_POINT('',(8.099728630933,2.855196214516,1.343102956621
    ));
#3562 = CARTESIAN_POINT('',(8.064977216502,3.129605308883,0.40204674614)
  );
#3563 = CARTESIAN_POINT('',(8.03022580207,3.101967791754,-0.577812075325
    ));
#3564 = CARTESIAN_POINT('',(7.995474387639,2.774951034115,
    -1.501904701948));
#3565 = CARTESIAN_POINT('',(7.960722973207,2.180116301301,
    -2.281044473103));
#3566 = CARTESIAN_POINT('',(7.925971558776,1.374872690535,
    -2.840034517448));
#3567 = CARTESIAN_POINT('',(7.891220144344,0.436936424808,
    -3.124925204889));
#3568 = CARTESIAN_POINT('',(7.856468729913,-0.543169748472,
    -3.108220970237));
#3569 = CARTESIAN_POINT('',(7.821717315481,-1.470853150891,
    -2.791533984029));
#3570 = CARTESIAN_POINT('',(7.786965901049,-2.256580566408,
    -2.205428557624));
#3571 = CARTESIAN_POINT('',(7.752214486618,-2.824519332437,
    -1.406471299445));
#3572 = CARTESIAN_POINT('',(7.717463072186,-3.119856153727,
    -0.471771719715));
#3573 = CARTESIAN_POINT('',(7.682711657755,-3.114087280662,
    0.508459815414));
#3574 = CARTESIAN_POINT('',(7.647960243323,-2.807769482671,
    1.439618528518));
#3575 = CARTESIAN_POINT('',(7.613208828892,-2.230466312916,
    2.231835791993));
#3576 = CARTESIAN_POINT('',(7.57845741446,-1.437894850396,2.808652590599
    ));
#3577 = CARTESIAN_POINT('',(7.543706000029,-0.506548295049,
    3.114398786324));
#3578 = CARTESIAN_POINT('',(7.508954585597,0.473686596359,3.119565992875
    ));
#3579 = CARTESIAN_POINT('',(7.474203171165,1.408204722481,2.823655509274
    ));
#3580 = CARTESIAN_POINT('',(7.439451756734,2.206813229742,2.255226450827
    ));
#3581 = CARTESIAN_POINT('',(7.404700342302,2.792436266804,1.469139432223
    ));
#3582 = CARTESIAN_POINT('',(7.369948927871,3.108553781936,0.541261822307
    ));
#3583 = CARTESIAN_POINT('',(7.335197513439,3.124656424961,
    -0.438854419392));
#3584 = CARTESIAN_POINT('',(7.300446099008,2.839190086567,
    -1.376615642732));
#3585 = CARTESIAN_POINT('',(7.265694684576,2.27970588956,-2.181515994115
    ));
#3586 = CARTESIAN_POINT('',(7.230943270145,1.500201156036,
    -2.775872379433));
#3587 = CARTESIAN_POINT('',(7.196191855713,0.575907980834,
    -3.102321868068));
#3588 = CARTESIAN_POINT('',(7.161440441282,-0.403967619942,
    -3.129357943332));
#3589 = CARTESIAN_POINT('',(7.126689026851,-1.344855221028,
    -2.854371281031));
#3590 = CARTESIAN_POINT('',(7.091937612419,-2.155947233801,
    -2.303901582218));
#3591 = CARTESIAN_POINT('',(7.057186197988,-2.758962989971,
    -1.531076155847));
#3592 = CARTESIAN_POINT('',(7.022434783556,-3.095703820968,
    -0.61048245783));
#3593 = CARTESIAN_POINT('',(6.987683369125,-3.133669960618,
    0.369030538253));
#3594 = CARTESIAN_POINT('',(6.952931954693,-2.869197211298,
    1.312927417839));
#3595 = CARTESIAN_POINT('',(6.918180540262,-2.327810486751,
    2.130110103717));
#3596 = CARTESIAN_POINT('',(6.883429125831,-1.56176070262,2.741710305791
    ));
#3597 = CARTESIAN_POINT('',(6.848677711399,-0.644980525034,
    3.088700080976));
#3598 = CARTESIAN_POINT('',(6.813926296968,0.334045937012,3.137593370928
    ));
#3599 = CARTESIAN_POINT('',(6.779174882537,1.280842125358,2.883660692188
    ));
#3600 = CARTESIAN_POINT('',(6.756007272916,1.82960453008,2.52885326801)
  );
#3601 = CARTESIAN_POINT('',(6.744423468105,2.070163993366,2.313605919744
    ));
#3602 = CARTESIAN_POINT('',(8.904639919599,-1.111111091843,2.75058024616
    ));
#3603 = CARTESIAN_POINT('',(8.893056114788,-0.825116790871,
    2.866109120643));
#3604 = CARTESIAN_POINT('',(8.869888505168,-0.216851082821,
    3.007210298166));
#3605 = CARTESIAN_POINT('',(8.835137090736,0.716518051602,2.928644965813
    ));
#3606 = CARTESIAN_POINT('',(8.800385676305,1.580722933619,2.567423731532
    ));
#3607 = CARTESIAN_POINT('',(8.765634261874,2.292370994357,1.958414748453
    ));
#3608 = CARTESIAN_POINT('',(8.730882847442,2.782775373239,1.160393575567
    ));
#3609 = CARTESIAN_POINT('',(8.696131433011,3.004606843883,0.250379789807
    ));
#3610 = CARTESIAN_POINT('',(8.66138001858,2.936455582929,-0.68379884501)
  );
#3611 = CARTESIAN_POINT('',(8.626628604148,2.584899124579,-1.55198221103
    ));
#3612 = CARTESIAN_POINT('',(8.591877189717,1.983867107007,
    -2.270379608391));
#3613 = CARTESIAN_POINT('',(8.557125775285,1.19136674927,-2.769656573224
    ));
#3614 = CARTESIAN_POINT('',(8.522374360854,0.28388438739,-3.001626545638
    ));
#3615 = CARTESIAN_POINT('',(8.487622946422,-0.65099641888,
    -2.943901480595));
#3616 = CARTESIAN_POINT('',(8.452871531991,-1.523047812831,
    -2.602052579157));
#3617 = CARTESIAN_POINT('',(8.418120117559,-2.248105772905,
    -2.00907259667));
#3618 = CARTESIAN_POINT('',(8.383368703128,-2.75619300857,
    -1.222191623426));
#3619 = CARTESIAN_POINT('',(8.348617288697,-2.998272656471,
    -0.317353654963));
#3620 = CARTESIAN_POINT('',(8.313865874265,-2.950980959795,
    0.618112966849));
#3621 = CARTESIAN_POINT('',(8.279114459834,-2.618882167169,
    1.493923846568));
#3622 = CARTESIAN_POINT('',(8.244363045402,-2.034028024769,
    2.225552124601));
#3623 = CARTESIAN_POINT('',(8.20961163097,-1.252864376239,2.742386391378
    ));
#3624 = CARTESIAN_POINT('',(8.174860216539,-0.350783422759,
    2.994545584088));
#3625 = CARTESIAN_POINT('',(8.140108802107,0.585152580722,2.957693141983
    ));
#3626 = CARTESIAN_POINT('',(8.105357387676,1.464613937474,2.635385793203
    ));
#3627 = CARTESIAN_POINT('',(8.070605973244,2.202721470565,2.058730285387
    ));
#3628 = CARTESIAN_POINT('',(8.035854558813,2.728238440123,1.283381189942
    ));
#3629 = CARTESIAN_POINT('',(8.001103144381,2.990445792377,0.384169529918
    ));
#3630 = CARTESIAN_POINT('',(7.96635172995,2.964037191723,-0.552119362952
    ));
#3631 = CARTESIAN_POINT('',(7.931600315518,2.651561403118,
    -1.435121733637));
#3632 = CARTESIAN_POINT('',(7.896848901087,2.083176303932,
    -2.179616652441));
#3633 = CARTESIAN_POINT('',(7.862097486655,1.313738266229,
    -2.713750915745));
#3634 = CARTESIAN_POINT('',(7.827346072223,0.417507821004,
    -2.985973791623));
#3635 = CARTESIAN_POINT('',(7.792594657792,-0.519017425054,
    -2.970012319394));
#3636 = CARTESIAN_POINT('',(7.75784324336,-1.405450905835,
    -2.667406983598));
#3637 = CARTESIAN_POINT('',(7.723091828929,-2.156240545992,
    -2.107363037704));
#3638 = CARTESIAN_POINT('',(7.688340414497,-2.698925621449,
    -1.343931826673));
#3639 = CARTESIAN_POINT('',(7.653589000066,-2.98113013844,
    -0.450794146531));
#3640 = CARTESIAN_POINT('',(7.618837585634,-2.975617781297,
    0.485850887097));
#3641 = CARTESIAN_POINT('',(7.584086171202,-2.682920562408,
    1.375605147078));
#3642 = CARTESIAN_POINT('',(7.549334756771,-2.131287476276,
    2.132596060751));
#3643 = CARTESIAN_POINT('',(7.514583342339,-1.373958113201,
    2.683764402482));
#3644 = CARTESIAN_POINT('',(7.479831927908,-0.484024363481,
    2.975915435697));
#3645 = CARTESIAN_POINT('',(7.445080513476,0.452623877187,2.980852879741
    ));
#3646 = CARTESIAN_POINT('',(7.410329099045,1.345588172151,2.698100208633
    ));
#3647 = CARTESIAN_POINT('',(7.375577684613,2.108686139655,2.154946641866
    ));
#3648 = CARTESIAN_POINT('',(7.340826270182,2.6682691459,1.40381338856));
#3649 = CARTESIAN_POINT('',(7.30607485575,2.970330332447,0.51719433582)
  );
#3650 = CARTESIAN_POINT('',(7.271323441319,2.985716963135,
    -0.419340530961));
#3651 = CARTESIAN_POINT('',(7.236572026887,2.712944032923,
    -1.315403717149));
#3652 = CARTESIAN_POINT('',(7.201820612456,2.178337589712,
    -2.084513758676));
#3653 = CARTESIAN_POINT('',(7.167069198024,1.43349393678,-2.652441780336
    ));
#3654 = CARTESIAN_POINT('',(7.132317783593,0.550299935013,
    -2.964375523848));
#3655 = CARTESIAN_POINT('',(7.097566369161,-0.386004991067,
    -2.990209426063));
#3656 = CARTESIAN_POINT('',(7.06281495473,-1.285055539001,
    -2.727450187734));
#3657 = CARTESIAN_POINT('',(7.028063540298,-2.060081926496,
    -2.201457408398));
#3658 = CARTESIAN_POINT('',(6.993312125867,-2.636284275611,
    -1.462996063777));
#3659 = CARTESIAN_POINT('',(6.958560711436,-2.958051751632,
    -0.583337040031));
#3660 = CARTESIAN_POINT('',(6.923809297004,-2.994329707273,
    0.352621404762));
#3661 = CARTESIAN_POINT('',(6.889057882573,-2.741616875353,
    1.254547422072));
#3662 = CARTESIAN_POINT('',(6.854306468141,-2.224303191141,
    2.035393657747));
#3663 = CARTESIAN_POINT('',(6.81955505371,-1.492316206328,2.619798740945
    ));
#3664 = CARTESIAN_POINT('',(6.784803639279,-0.616301132857,
    2.951359436556));
#3665 = CARTESIAN_POINT('',(6.750052224847,0.319192411886,2.998078661117
    ));
#3666 = CARTESIAN_POINT('',(6.715300810416,1.223888818695,2.755437230095
    ));
#3667 = CARTESIAN_POINT('',(6.692133200795,1.748250219655,2.416406501292
    ));
#3668 = CARTESIAN_POINT('',(6.680549395985,1.978113082157,2.210730237541
    ));
#3669 = CARTESIAN_POINT('',(8.840765847478,-1.059405863572,
    2.622582802386));
#3670 = CARTESIAN_POINT('',(8.829182042668,-0.786720223385,
    2.732735574631));
#3671 = CARTESIAN_POINT('',(8.806014433047,-0.206759981382,
    2.867270650308));
#3672 = CARTESIAN_POINT('',(8.771263018616,0.683175094548,2.792361332616
    ));
#3673 = CARTESIAN_POINT('',(8.736511604184,1.50716445624,2.447949422365)
  );
#3674 = CARTESIAN_POINT('',(8.701760189753,2.185696183517,1.867280493417
    ));
#3675 = CARTESIAN_POINT('',(8.667008775322,2.653279738684,1.106395001393
    ));
#3676 = CARTESIAN_POINT('',(8.63225736089,2.864788347004,0.238728439838)
  );
#3677 = CARTESIAN_POINT('',(8.597505946459,2.79980848496,-0.651978466623
    ));
#3678 = CARTESIAN_POINT('',(8.562754532027,2.464611603129,
    -1.479761174734));
#3679 = CARTESIAN_POINT('',(8.528003117596,1.891548433942,
    -2.164728160237));
#3680 = CARTESIAN_POINT('',(8.493251703165,1.135926847557,
    -2.640771418174));
#3681 = CARTESIAN_POINT('',(8.458500288733,0.270673910814,
    -2.861946736063));
#3682 = CARTESIAN_POINT('',(8.423748874302,-0.620702491757,
    -2.806907889966));
#3683 = CARTESIAN_POINT('',(8.38899745987,-1.452173230255,
    -2.480966826738));
#3684 = CARTESIAN_POINT('',(8.354246045439,-2.143490831142,
    -1.915580993548));
#3685 = CARTESIAN_POINT('',(8.319494631007,-2.627934376546,
    -1.165317295249));
#3686 = CARTESIAN_POINT('',(8.284743216576,-2.858748919143,
    -0.302585695853));
#3687 = CARTESIAN_POINT('',(8.249991802144,-2.81365792768,0.589349261506
    ));
#3688 = CARTESIAN_POINT('',(8.215240387713,-2.497013254815,
    1.424404539207));
#3689 = CARTESIAN_POINT('',(8.180488973281,-1.939375128132,
    2.121986710236));
#3690 = CARTESIAN_POINT('',(8.14573755885,-1.19456270052,2.614770246229)
  );
#3691 = CARTESIAN_POINT('',(8.110986144418,-0.334459819225,
    2.855195284978));
#3692 = CARTESIAN_POINT('',(8.076234729987,0.557922677264,2.820057760442
    ));
#3693 = CARTESIAN_POINT('',(8.041483315555,1.396458558122,2.51274888946)
  );
#3694 = CARTESIAN_POINT('',(8.006731901124,2.10021847398,1.962927876309)
  );
#3695 = CARTESIAN_POINT('',(7.971980486692,2.601280665729,1.223659423263
    ));
#3696 = CARTESIAN_POINT('',(7.937229072261,2.85128627587,0.366292313695)
  );
#3697 = CARTESIAN_POINT('',(7.902477657829,2.82610659169,-0.526426650579
    ));
#3698 = CARTESIAN_POINT('',(7.867726243397,2.528171772119,
    -1.368338765327));
#3699 = CARTESIAN_POINT('',(7.832974828966,1.986236306562,
    -2.078188831779));
#3700 = CARTESIAN_POINT('',(7.798223414534,1.252603841922,
    -2.587467314042));
#3701 = CARTESIAN_POINT('',(7.763472000103,0.398079217199,
    -2.847022378358));
#3702 = CARTESIAN_POINT('',(7.728720585671,-0.494865101638,
    -2.831803668551));
#3703 = CARTESIAN_POINT('',(7.69396917124,-1.34004866078,-2.543279983167
    ));
#3704 = CARTESIAN_POINT('',(7.659217756808,-2.055900525577,
    -2.009297517783));
#3705 = CARTESIAN_POINT('',(7.624466342376,-2.573331910462,
    -1.281392353901));
#3706 = CARTESIAN_POINT('',(7.589714927945,-2.842404123152,
    -0.429816573346));
#3707 = CARTESIAN_POINT('',(7.554963513513,-2.837148281931,
    0.463241958781));
#3708 = CARTESIAN_POINT('',(7.520212099082,-2.558071642145,
    1.311591765639));
#3709 = CARTESIAN_POINT('',(7.48546068465,-2.032108639634,2.033356329511
    ));
#3710 = CARTESIAN_POINT('',(7.450709270219,-1.310021376006,
    2.558876214365));
#3711 = CARTESIAN_POINT('',(7.415957855787,-0.461500431912,2.83743208507
    ));
#3712 = CARTESIAN_POINT('',(7.381206441356,0.431561158017,2.842139766607
    ));
#3713 = CARTESIAN_POINT('',(7.346455026924,1.282971621823,2.572544907992
    ));
#3714 = CARTESIAN_POINT('',(7.311703612493,2.010559049569,2.054666832903
    ));
#3715 = CARTESIAN_POINT('',(7.276952198061,2.544102024996,1.338487344896
    ));
#3716 = CARTESIAN_POINT('',(7.242200783629,2.832106882959,0.493126849332
    ));
#3717 = CARTESIAN_POINT('',(7.207449369198,2.846777501309,-0.39982664253
    ));
#3718 = CARTESIAN_POINT('',(7.172697954766,2.586697979278,
    -1.254191791568));
#3719 = CARTESIAN_POINT('',(7.137946540335,2.076969289862,
    -1.987511523238));
#3720 = CARTESIAN_POINT('',(7.103195125903,1.366786717523,-2.52901118124
    ));
#3721 = CARTESIAN_POINT('',(7.068443711472,0.524691889191,
    -2.826429179629));
#3722 = CARTESIAN_POINT('',(7.033692297041,-0.368042362194,
    -2.851060908794));
#3723 = CARTESIAN_POINT('',(6.998940882609,-1.225255856975,
    -2.600529094436));
#3724 = CARTESIAN_POINT('',(6.964189468178,-1.964216619193,
    -2.099013234577));
#3725 = CARTESIAN_POINT('',(6.929438053746,-2.513605561251,
    -1.394915971706));
#3726 = CARTESIAN_POINT('',(6.894686639315,-2.820399682295,
    -0.556191622231));
#3727 = CARTESIAN_POINT('',(6.859935224883,-2.854989453928,
    0.336212271271));
#3728 = CARTESIAN_POINT('',(6.825183810452,-2.614036539408,
    1.196167426307));
#3729 = CARTESIAN_POINT('',(6.790432396021,-2.120795895531,
    1.940677211778));
#3730 = CARTESIAN_POINT('',(6.755680981589,-1.422871710035,
    2.497887176098));
#3731 = CARTESIAN_POINT('',(6.720929567158,-0.587621740679,
    2.814018792135));
#3732 = CARTESIAN_POINT('',(6.686178152727,0.30433888676,2.858563951306)
  );
#3733 = CARTESIAN_POINT('',(6.651426738295,1.166935512033,2.627213768001
    ));
#3734 = CARTESIAN_POINT('',(6.628259128674,1.66689590923,2.303959734573)
  );
#3735 = CARTESIAN_POINT('',(6.616675323864,1.886062170947,2.107854555339
    ));
#3736 = CARTESIAN_POINT('',(8.776891775357,-1.007700635301,
    2.494585358613));
#3737 = CARTESIAN_POINT('',(8.765307970547,-0.7483236559,2.59936202862)
  );
#3738 = CARTESIAN_POINT('',(8.742140360926,-0.196668879943,
    2.727331002449));
#3739 = CARTESIAN_POINT('',(8.707388946495,0.649832137493,2.65607769942)
  );
#3740 = CARTESIAN_POINT('',(8.672637532064,1.433605978861,2.328475113197
    ));
#3741 = CARTESIAN_POINT('',(8.637886117632,2.079021372677,1.776146238381
    ));
#3742 = CARTESIAN_POINT('',(8.603134703201,2.523784104129,1.052396427219
    ));
#3743 = CARTESIAN_POINT('',(8.568383288769,2.724969850126,0.227077089868
    ));
#3744 = CARTESIAN_POINT('',(8.533631874338,2.663161386991,
    -0.620158088236));
#3745 = CARTESIAN_POINT('',(8.498880459907,2.34432408168,-1.407540138438
    ));
#3746 = CARTESIAN_POINT('',(8.464129045475,1.799229760878,
    -2.059076712083));
#3747 = CARTESIAN_POINT('',(8.429377631044,1.080486945843,
    -2.511886263124));
#3748 = CARTESIAN_POINT('',(8.394626216612,0.257463434238,
    -2.722266926488));
#3749 = CARTESIAN_POINT('',(8.359874802181,-0.590408564634,
    -2.669914299335));
#3750 = CARTESIAN_POINT('',(8.32512338775,-1.381298647679,
    -2.359881074318));
#3751 = CARTESIAN_POINT('',(8.290371973318,-2.03887588938,
    -1.822089390426));
#3752 = CARTESIAN_POINT('',(8.255620558887,-2.499675744522,
    -1.10844296707));
#3753 = CARTESIAN_POINT('',(8.220869144455,-2.719225181815,
    -0.287817736742));
#3754 = CARTESIAN_POINT('',(8.186117730024,-2.676334895565,
    0.560585556164));
#3755 = CARTESIAN_POINT('',(8.151366315592,-2.375144342461,
    1.354885231846));
#3756 = CARTESIAN_POINT('',(8.116614901161,-1.844722231494,
    2.018421295873));
#3757 = CARTESIAN_POINT('',(8.081863486729,-1.1362610248,2.487154101081)
  );
#3758 = CARTESIAN_POINT('',(8.047112072298,-0.318136215689,
    2.715844985869));
#3759 = CARTESIAN_POINT('',(8.012360657866,0.530692773809,2.682422378901
    ));
#3760 = CARTESIAN_POINT('',(7.977609243434,1.328303178772,2.390111985717
    ));
#3761 = CARTESIAN_POINT('',(7.942857829003,1.997715477395,1.867125467229
    ));
#3762 = CARTESIAN_POINT('',(7.908106414571,2.474322891337,1.163937656581
    ));
#3763 = CARTESIAN_POINT('',(7.87335500014,2.712126759364,0.34841509747)
  );
#3764 = CARTESIAN_POINT('',(7.838603585708,2.688175991658,
    -0.500733938209));
#3765 = CARTESIAN_POINT('',(7.803852171277,2.40478214112,-1.301555797018
    ));
#3766 = CARTESIAN_POINT('',(7.769100756845,1.889296309191,
    -1.976761011119));
#3767 = CARTESIAN_POINT('',(7.734349342414,1.191469417613,
    -2.461183712341));
#3768 = CARTESIAN_POINT('',(7.699597927982,0.378650613391,
    -2.708070965093));
#3769 = CARTESIAN_POINT('',(7.66484651355,-0.470712778224,
    -2.693595017707));
#3770 = CARTESIAN_POINT('',(7.630095099119,-1.274646415727,
    -2.419152982735));
#3771 = CARTESIAN_POINT('',(7.595343684687,-1.955560505164,
    -1.91123199786));
#3772 = CARTESIAN_POINT('',(7.560592270256,-2.447738199476,
    -1.218852881126));
#3773 = CARTESIAN_POINT('',(7.525840855824,-2.703678107866,
    -0.408839000157));
#3774 = CARTESIAN_POINT('',(7.491089441393,-2.698678782564,
    0.440633030469));
#3775 = CARTESIAN_POINT('',(7.456338026961,-2.433222721879,
    1.247578384204));
#3776 = CARTESIAN_POINT('',(7.42158661253,-1.93292980299,1.934116598273)
  );
#3777 = CARTESIAN_POINT('',(7.386835198098,-1.246084638807,2.43398802625
    ));
#3778 = CARTESIAN_POINT('',(7.352083783666,-0.438976500339,
    2.698948734443));
#3779 = CARTESIAN_POINT('',(7.317332369235,0.41049843885,2.703426653472)
  );
#3780 = CARTESIAN_POINT('',(7.282580954803,1.220355071498,2.446989607348
    ));
#3781 = CARTESIAN_POINT('',(7.247829540372,1.912431959486,1.954387023938
    ));
#3782 = CARTESIAN_POINT('',(7.21307812594,2.419934904095,1.273161301228)
  );
#3783 = CARTESIAN_POINT('',(7.178326711509,2.693883433472,0.46905936284)
  );
#3784 = CARTESIAN_POINT('',(7.143575297077,2.707838039482,
    -0.380312754103));
#3785 = CARTESIAN_POINT('',(7.108823882646,2.460451925632,-1.19297986599
    ));
#3786 = CARTESIAN_POINT('',(7.074072468214,1.97560099001,-1.890509287803
    ));
#3787 = CARTESIAN_POINT('',(7.039321053783,1.300079498263,
    -2.405580582146));
#3788 = CARTESIAN_POINT('',(7.004569639351,0.499083843365,
    -2.688482835411));
#3789 = CARTESIAN_POINT('',(6.96981822492,-0.350079733323,
    -2.711912391525));
#3790 = CARTESIAN_POINT('',(6.935066810488,-1.165456174953,
    -2.473608001137));
#3791 = CARTESIAN_POINT('',(6.900315396057,-1.868351311891,
    -1.996569060754));
#3792 = CARTESIAN_POINT('',(6.865563981626,-2.390926846893,
    -1.326835879632));
#3793 = CARTESIAN_POINT('',(6.830812567194,-2.682747612959,
    -0.529046204428));
#3794 = CARTESIAN_POINT('',(6.796061152763,-2.715649200583,
    0.319803137783));
#3795 = CARTESIAN_POINT('',(6.761309738331,-2.486456203462,
    1.137787430544));
#3796 = CARTESIAN_POINT('',(6.7265583239,-2.017288599919,1.845960765811)
  );
#3797 = CARTESIAN_POINT('',(6.691806909469,-1.353427213741,
    2.375975611253));
#3798 = CARTESIAN_POINT('',(6.657055495037,-0.558942348499,
    2.676678147716));
#3799 = CARTESIAN_POINT('',(6.622304080606,0.289485361636,2.719049241495
    ));
#3800 = CARTESIAN_POINT('',(6.587552666175,1.109982205372,2.498990305906
    ));
#3801 = CARTESIAN_POINT('',(6.564385056554,1.585541598806,2.191512967853
    ));
#3802 = CARTESIAN_POINT('',(6.552801251743,1.794011259739,2.004978873136
    ));
#3803 = DEFINITIONAL_REPRESENTATION('',(#3804),#3807);
#3804 = B_SPLINE_CURVE_WITH_KNOTS('',1,(#3805,#3806),.UNSPECIFIED.,.F.,
  .F.,(2,2),(0.,0.435234021105),.PIECEWISE_BEZIER_KNOTS.);
#3805 = CARTESIAN_POINT('',(0.578348705203,1.574437824966E-07));
#3806 = CARTESIAN_POINT('',(0.999969108477,1.586623785095E-07));
#3807 = ( GEOMETRIC_REPRESENTATION_CONTEXT(2) 
PARAMETRIC_REPRESENTATION_CONTEXT() REPRESENTATION_CONTEXT('2D SPACE',''
  ) );
#3808 = ORIENTED_EDGE('',*,*,#3809,.T.);
#3809 = EDGE_CURVE('',#3520,#3810,#3812,.T.);
#3810 = VERTEX_POINT('',#3811);
#3811 = CARTESIAN_POINT('',(9.096315243463,-3.095,0.));
#3812 = SURFACE_CURVE('',#3813,(#3830,#3836),.PCURVE_S1.);
#3813 = B_SPLINE_CURVE_WITH_KNOTS('',3,(#3814,#3815,#3816,#3817,#3818,
    #3819,#3820,#3821,#3822,#3823,#3824,#3825,#3826,#3827,#3828,#3829),
  .UNSPECIFIED.,.F.,.F.,(4,1,1,1,1,1,1,1,1,1,1,1,1,4),(0.,
    7.692307692308E-02,0.153846153846,0.230769230769,0.307692307692,
    0.384615384615,0.461538461538,0.538461538462,0.615384615385,
    0.692307692308,0.769230769231,0.846153846154,0.923076923077,1.),
  .UNSPECIFIED.);
#3814 = CARTESIAN_POINT('',(8.921315243463,0.,3.095));
#3815 = CARTESIAN_POINT('',(8.925803022031,-0.124673428277,3.095));
#3816 = CARTESIAN_POINT('',(8.934778179101,-0.374008551382,
    3.079915121527));
#3817 = CARTESIAN_POINT('',(8.948239492467,-0.742518046128,
    3.012377556744));
#3818 = CARTESIAN_POINT('',(8.961700049715,-1.100180444662,2.90092247285
    ));
#3819 = CARTESIAN_POINT('',(8.975160440625,-1.441798354019,
    2.747174535536));
#3820 = CARTESIAN_POINT('',(8.988621359339,-1.762407228853,
    2.553365073309));
#3821 = CARTESIAN_POINT('',(9.002082930923,-2.057333750993,
    2.322314524475));
#3822 = CARTESIAN_POINT('',(9.015546793955,-2.322300628169,
    2.057349793427));
#3823 = CARTESIAN_POINT('',(9.029008615501,-2.553357075819,
    1.762419042326));
#3824 = CARTESIAN_POINT('',(9.042469516561,-2.747167711306,
    1.441811423779));
#3825 = CARTESIAN_POINT('',(9.055930041252,-2.900918688103,
    1.100190812266));
#3826 = CARTESIAN_POINT('',(9.069390689976,-3.012375699076,
    0.742526315844));
#3827 = CARTESIAN_POINT('',(9.082852223102,-3.079915043474,
    0.374010922226));
#3828 = CARTESIAN_POINT('',(9.091827441381,-3.095,0.124674081532));
#3829 = CARTESIAN_POINT('',(9.096315243463,-3.095,0.));
#3830 = PCURVE('',#2011,#3831);
#3831 = DEFINITIONAL_REPRESENTATION('',(#3832),#3835);
#3832 = B_SPLINE_CURVE_WITH_KNOTS('',1,(#3833,#3834),.UNSPECIFIED.,.F.,
  .F.,(2,2),(0.,1.),.PIECEWISE_BEZIER_KNOTS.);
#3833 = CARTESIAN_POINT('',(0.578353859412,0.99999988365));
#3834 = CARTESIAN_POINT('',(0.578325831326,0.923076911061));
#3835 = ( GEOMETRIC_REPRESENTATION_CONTEXT(2) 
PARAMETRIC_REPRESENTATION_CONTEXT() REPRESENTATION_CONTEXT('2D SPACE',''
  ) );
#3836 = PCURVE('',#2613,#3837);
#3837 = DEFINITIONAL_REPRESENTATION('',(#3838),#3841);
#3838 = B_SPLINE_CURVE_WITH_KNOTS('',1,(#3839,#3840),.UNSPECIFIED.,.F.,
  .F.,(2,2),(0.,1.),.PIECEWISE_BEZIER_KNOTS.);
#3839 = CARTESIAN_POINT('',(1.570796326795,3.133684756537));
#3840 = CARTESIAN_POINT('',(0.,2.958684756537));
#3841 = ( GEOMETRIC_REPRESENTATION_CONTEXT(2) 
PARAMETRIC_REPRESENTATION_CONTEXT() REPRESENTATION_CONTEXT('2D SPACE',''
  ) );
#3842 = ORIENTED_EDGE('',*,*,#3843,.T.);
#3843 = EDGE_CURVE('',#3810,#3844,#3846,.T.);
#3844 = VERTEX_POINT('',#3845);
#3845 = CARTESIAN_POINT('',(9.446315243464,3.095,0.));
#3846 = SURFACE_CURVE('',#3847,(#3877,#3883),.PCURVE_S1.);
#3847 = B_SPLINE_CURVE_WITH_KNOTS('',3,(#3848,#3849,#3850,#3851,#3852,
    #3853,#3854,#3855,#3856,#3857,#3858,#3859,#3860,#3861,#3862,#3863,
    #3864,#3865,#3866,#3867,#3868,#3869,#3870,#3871,#3872,#3873,#3874,
    #3875,#3876),.UNSPECIFIED.,.F.,.F.,(4,1,1,1,1,1,1,1,1,1,1,1,1,1,1,1,
    1,1,1,1,1,1,1,1,1,1,4),(0.,3.846153846154E-02,7.692307692308E-02,
    0.115384615385,0.153846153846,0.192307692308,0.230769230769,
    0.269230769231,0.307692307692,0.346153846154,0.384615384615,
    0.423076923077,0.461538461538,0.5,0.538461538462,0.576923076923,
    0.615384615385,0.653846153846,0.692307692308,0.730769230769,
    0.769230769231,0.807692307692,0.846153846154,0.884615384615,
    0.923076923077,0.961538461538,1.),.UNSPECIFIED.);
#3848 = CARTESIAN_POINT('',(9.096315243463,-3.095,0.));
#3849 = CARTESIAN_POINT('',(9.100803282226,-3.095,-0.124680656659));
#3850 = CARTESIAN_POINT('',(9.109778749011,-3.07991315473,
    -0.374024311505));
#3851 = CARTESIAN_POINT('',(9.123239613851,-3.012376046906,
    -0.742521163777));
#3852 = CARTESIAN_POINT('',(9.136699652709,-2.900926101276,
    -1.100169974319));
#3853 = CARTESIAN_POINT('',(9.150160385668,-2.747176521198,
    -1.441797593647));
#3854 = CARTESIAN_POINT('',(9.163623586313,-2.553332715099,
    -1.762460347896));
#3855 = CARTESIAN_POINT('',(9.17708723092,-2.322234403402,
    -2.057422751871));
#3856 = CARTESIAN_POINT('',(9.190547816228,-2.057325918478,
    -2.322316727539));
#3857 = CARTESIAN_POINT('',(9.204007749879,-1.762438217994,
    -2.553342273137));
#3858 = CARTESIAN_POINT('',(9.217467932478,-1.441850604058,
    -2.747147314828));
#3859 = CARTESIAN_POINT('',(9.230930128355,-1.100189930345,
    -2.900923221354));
#3860 = CARTESIAN_POINT('',(9.244394540039,-0.742422753605,
    -3.012403717524));
#3861 = CARTESIAN_POINT('',(9.257855655791,-0.373915714994,
    -3.079924222276));
#3862 = CARTESIAN_POINT('',(9.271315658135,1.155016020891E-05,
    -3.102538649042));
#3863 = CARTESIAN_POINT('',(9.284775792856,0.373942310905,
    -3.079921181413));
#3864 = CARTESIAN_POINT('',(9.298237094738,0.742453886715,
    -3.012396380402));
#3865 = CARTESIAN_POINT('',(9.311701684336,1.100224349391,
    -2.900909879589));
#3866 = CARTESIAN_POINT('',(9.325163335357,1.441869643316,
    -2.747136776039));
#3867 = CARTESIAN_POINT('',(9.338623428287,1.762454093351,
    -2.553331401414));
#3868 = CARTESIAN_POINT('',(9.352083400699,2.057341136953,
    -2.322303274791));
#3869 = CARTESIAN_POINT('',(9.365544206662,2.322252515738,
    -2.057403396545));
#3870 = CARTESIAN_POINT('',(9.379008461882,2.5533573108,-1.762424506615)
  );
#3871 = CARTESIAN_POINT('',(9.39247084572,2.747185331984,-1.441778777338
    ));
#3872 = CARTESIAN_POINT('',(9.405931191551,2.900929476015,
    -1.100160634764));
#3873 = CARTESIAN_POINT('',(9.419391107818,3.012377463873,
    -0.742514775616));
#3874 = CARTESIAN_POINT('',(9.432851822564,3.079913293534,
    -0.374021954748));
#3875 = CARTESIAN_POINT('',(9.441827229471,3.095,-0.12467996853));
#3876 = CARTESIAN_POINT('',(9.446315243464,3.095,0.));
#3877 = PCURVE('',#2011,#3878);
#3878 = DEFINITIONAL_REPRESENTATION('',(#3879),#3882);
#3879 = B_SPLINE_CURVE_WITH_KNOTS('',1,(#3880,#3881),.UNSPECIFIED.,.F.,
  .F.,(2,2),(0.,1.),.PIECEWISE_BEZIER_KNOTS.);
#3880 = CARTESIAN_POINT('',(0.578325831326,0.923076911061));
#3881 = CARTESIAN_POINT('',(0.578376808423,0.769230831178));
#3882 = ( GEOMETRIC_REPRESENTATION_CONTEXT(2) 
PARAMETRIC_REPRESENTATION_CONTEXT() REPRESENTATION_CONTEXT('2D SPACE',''
  ) );
#3883 = PCURVE('',#2561,#3884);
#3884 = DEFINITIONAL_REPRESENTATION('',(#3885),#3888);
#3885 = B_SPLINE_CURVE_WITH_KNOTS('',1,(#3886,#3887),.UNSPECIFIED.,.F.,
  .F.,(2,2),(0.,1.),.PIECEWISE_BEZIER_KNOTS.);
#3886 = CARTESIAN_POINT('',(6.28318530718,2.958684756537));
#3887 = CARTESIAN_POINT('',(3.14159265359,2.608684756536));
#3888 = ( GEOMETRIC_REPRESENTATION_CONTEXT(2) 
PARAMETRIC_REPRESENTATION_CONTEXT() REPRESENTATION_CONTEXT('2D SPACE',''
  ) );
#3889 = ORIENTED_EDGE('',*,*,#3890,.T.);
#3890 = EDGE_CURVE('',#3844,#3891,#3893,.T.);
#3891 = VERTEX_POINT('',#3892);
#3892 = CARTESIAN_POINT('',(9.796315243464,-3.095,0.));
#3893 = SURFACE_CURVE('',#3894,(#3924,#3930),.PCURVE_S1.);
#3894 = B_SPLINE_CURVE_WITH_KNOTS('',3,(#3895,#3896,#3897,#3898,#3899,
    #3900,#3901,#3902,#3903,#3904,#3905,#3906,#3907,#3908,#3909,#3910,
    #3911,#3912,#3913,#3914,#3915,#3916,#3917,#3918,#3919,#3920,#3921,
    #3922,#3923),.UNSPECIFIED.,.F.,.F.,(4,1,1,1,1,1,1,1,1,1,1,1,1,1,1,1,
    1,1,1,1,1,1,1,1,1,1,4),(0.,3.846153846154E-02,7.692307692308E-02,
    0.115384615385,0.153846153846,0.192307692308,0.230769230769,
    0.269230769231,0.307692307692,0.346153846154,0.384615384615,
    0.423076923077,0.461538461538,0.5,0.538461538462,0.576923076923,
    0.615384615385,0.653846153846,0.692307692308,0.730769230769,
    0.769230769231,0.807692307692,0.846153846154,0.884615384615,
    0.923076923077,0.961538461538,1.),.UNSPECIFIED.);
#3895 = CARTESIAN_POINT('',(9.446315243464,3.095,0.));
#3896 = CARTESIAN_POINT('',(9.450803231892,3.095,0.124679258338));
#3897 = CARTESIAN_POINT('',(9.45977858795,3.079913412353,0.374019822083)
  );
#3898 = CARTESIAN_POINT('',(9.473239173577,3.012378760405,0.742509203883
    ));
#3899 = CARTESIAN_POINT('',(9.48669906893,2.900931650587,1.10015470973)
  );
#3900 = CARTESIAN_POINT('',(9.500159305682,2.747189590007,1.441770466925
    ));
#3901 = CARTESIAN_POINT('',(9.513621649319,2.553363204653,1.762415846621
    ));
#3902 = CARTESIAN_POINT('',(9.527085921113,2.322259362487,2.057396103264
    ));
#3903 = CARTESIAN_POINT('',(9.54054715473,2.057339981318,2.322304846748)
  );
#3904 = CARTESIAN_POINT('',(9.554007305131,1.762448514104,2.553335379121
    ));
#3905 = CARTESIAN_POINT('',(9.567467728835,1.441855809785,2.747145043999
    ));
#3906 = CARTESIAN_POINT('',(9.580930263127,1.100186473455,2.90092468019)
  );
#3907 = CARTESIAN_POINT('',(9.594394604731,0.742420981752,3.012404094826
    ));
#3908 = CARTESIAN_POINT('',(9.607855788873,0.373912054475,3.079924755152
    ));
#3909 = CARTESIAN_POINT('',(9.621315837582,-1.654977746231E-05,
    3.102538739951));
#3910 = CARTESIAN_POINT('',(9.63477612022,-0.37395138411,3.079920284744)
  );
#3911 = CARTESIAN_POINT('',(9.648237564364,-0.74246660684,3.012393318168
    ));
#3912 = CARTESIAN_POINT('',(9.661702106169,-1.100235273786,
    2.900905555621));
#3913 = CARTESIAN_POINT('',(9.675163587016,-1.441875789991,
    2.747133405618));
#3914 = CARTESIAN_POINT('',(9.688623646896,-1.762459097652,
    2.553327942103));
#3915 = CARTESIAN_POINT('',(9.702083624677,-2.057345839735,
    2.322299176499));
#3916 = CARTESIAN_POINT('',(9.715544518022,-2.322258350424,
    2.057396981705));
#3917 = CARTESIAN_POINT('',(9.729008835445,-2.55336322099,1.762415941452
    ));
#3918 = CARTESIAN_POINT('',(9.74247114802,-2.747189121622,1.441771259321
    ));
#3919 = CARTESIAN_POINT('',(9.755931379857,-2.900931271729,
    1.100155705929));
#3920 = CARTESIAN_POINT('',(9.769391269326,-3.012378480388,
    0.742510396048));
#3921 = CARTESIAN_POINT('',(9.782851885952,-3.079913400336,
    0.374020187187));
#3922 = CARTESIAN_POINT('',(9.791827250662,-3.095,0.124679379825));
#3923 = CARTESIAN_POINT('',(9.796315243464,-3.095,0.));
#3924 = PCURVE('',#2011,#3925);
#3925 = DEFINITIONAL_REPRESENTATION('',(#3926),#3929);
#3926 = B_SPLINE_CURVE_WITH_KNOTS('',1,(#3927,#3928),.UNSPECIFIED.,.F.,
  .F.,(2,2),(0.,1.),.PIECEWISE_BEZIER_KNOTS.);
#3927 = CARTESIAN_POINT('',(0.578376808423,0.769230831178));
#3928 = CARTESIAN_POINT('',(0.578334964325,0.615384550412));
#3929 = ( GEOMETRIC_REPRESENTATION_CONTEXT(2) 
PARAMETRIC_REPRESENTATION_CONTEXT() REPRESENTATION_CONTEXT('2D SPACE',''
  ) );
#3930 = PCURVE('',#2509,#3931);
#3931 = DEFINITIONAL_REPRESENTATION('',(#3932),#3935);
#3932 = B_SPLINE_CURVE_WITH_KNOTS('',1,(#3933,#3934),.UNSPECIFIED.,.F.,
  .F.,(2,2),(0.,1.),.PIECEWISE_BEZIER_KNOTS.);
#3933 = CARTESIAN_POINT('',(3.14159265359,2.608684756536));
#3934 = CARTESIAN_POINT('',(0.,2.258684756536));
#3935 = ( GEOMETRIC_REPRESENTATION_CONTEXT(2) 
PARAMETRIC_REPRESENTATION_CONTEXT() REPRESENTATION_CONTEXT('2D SPACE',''
  ) );
#3936 = ORIENTED_EDGE('',*,*,#3937,.F.);
#3937 = EDGE_CURVE('',#3055,#3891,#3938,.T.);
#3938 = SURFACE_CURVE('',#3939,(#3987,#3993),.PCURVE_S1.);
#3939 = B_SPLINE_CURVE_WITH_KNOTS('',3,(#3940,#3941,#3942,#3943,#3944,
    #3945,#3946,#3947,#3948,#3949,#3950,#3951,#3952,#3953,#3954,#3955,
    #3956,#3957,#3958,#3959,#3960,#3961,#3962,#3963,#3964,#3965,#3966,
    #3967,#3968,#3969,#3970,#3971,#3972,#3973,#3974,#3975,#3976,#3977,
    #3978,#3979,#3980,#3981,#3982,#3983,#3984,#3985,#3986),
  .UNSPECIFIED.,.F.,.F.,(4,1,1,1,1,1,1,1,1,1,1,1,1,1,1,1,1,1,1,1,1,1,1,1
    ,1,1,1,1,1,1,1,1,1,1,1,1,1,1,1,1,1,1,1,1,4),(0.,2.272727272727E-02,
    4.545454545455E-02,6.818181818182E-02,9.090909090909E-02,
    0.113636363636,0.136363636364,0.159090909091,0.181818181818,
    0.204545454545,0.227272727273,0.25,0.272727272727,0.295454545455,
    0.318181818182,0.340909090909,0.363636363636,0.386363636364,
    0.409090909091,0.431818181818,0.454545454545,0.477272727273,0.5,
    0.522727272727,0.545454545455,0.568181818182,0.590909090909,
    0.613636363636,0.636363636364,0.659090909091,0.681818181818,
    0.704545454545,0.727272727273,0.75,0.772727272727,0.795454545455,
    0.818181818182,0.840909090909,0.863636363636,0.886363636364,
    0.909090909091,0.931818181818,0.954545454545,0.977272727273,1.),
  .UNSPECIFIED.);
#3940 = CARTESIAN_POINT('',(10.405,-2.112280752925,2.262143899229));
#3941 = CARTESIAN_POINT('',(10.40038804073,-2.018635122104,
    2.349585667919));
#3942 = CARTESIAN_POINT('',(10.39116460014,-1.820480510095,
    2.512814592294));
#3943 = CARTESIAN_POINT('',(10.37733120659,-1.495253181608,
    2.718932649639));
#3944 = CARTESIAN_POINT('',(10.36349857993,-1.14702274123,2.883177575833
    ));
#3945 = CARTESIAN_POINT('',(10.34966606429,-0.781135659105,
    3.003032268488));
#3946 = CARTESIAN_POINT('',(10.33583295777,-0.403206007022,
    3.076655193625));
#3947 = CARTESIAN_POINT('',(10.32199840095,-1.90272699806E-02,
    3.102907722546));
#3948 = CARTESIAN_POINT('',(10.30816220956,0.365489834091,3.08136506563)
  );
#3949 = CARTESIAN_POINT('',(10.29432857009,0.744307345815,3.012371798188
    ));
#3950 = CARTESIAN_POINT('',(10.28049574383,1.111642486113,2.897002905632
    ));
#3951 = CARTESIAN_POINT('',(10.26666329651,1.461852951203,2.737035081884
    ));
#3952 = CARTESIAN_POINT('',(10.25283038017,1.789567786609,2.534921227772
    ));
#3953 = CARTESIAN_POINT('',(10.2389964975,2.08975048579,2.293760764314)
  );
#3954 = CARTESIAN_POINT('',(10.22516016317,2.357795932933,2.017224717488
    ));
#3955 = CARTESIAN_POINT('',(10.21132596316,2.589485592779,1.709662129879
    ));
#3956 = CARTESIAN_POINT('',(10.19749294915,2.781284448504,1.375802373904
    ));
#3957 = CARTESIAN_POINT('',(10.18366048017,2.930255170418,1.020773849971
    ));
#3958 = CARTESIAN_POINT('',(10.16982774648,3.034113879667,0.650022614565
    ));
#3959 = CARTESIAN_POINT('',(10.15599430456,3.091261669326,0.269243637724
    ));
#3960 = CARTESIAN_POINT('',(10.1421584144,3.100806521269,-0.115749790276
    ));
#3961 = CARTESIAN_POINT('',(10.12832341835,3.062588500716,
    -0.498935505695));
#3962 = CARTESIAN_POINT('',(10.11449020651,2.977216852234,
    -0.874388752132));
#3963 = CARTESIAN_POINT('',(10.10065763319,2.846011656016,
    -1.236362392787));
#3964 = CARTESIAN_POINT('',(10.08682506318,2.670989396152,
    -1.579300956996));
#3965 = CARTESIAN_POINT('',(10.07299185572,2.454834318963,
    -1.897939223414));
#3966 = CARTESIAN_POINT('',(10.05915688138,2.200846458365,
    -2.187389756901));
#3967 = CARTESIAN_POINT('',(10.04532097177,1.912939241175,
    -2.443164842514));
#3968 = CARTESIAN_POINT('',(10.03148752189,1.595624395683,
    -2.661270232459));
#3969 = CARTESIAN_POINT('',(10.01765478348,1.253759565957,
    -2.838390668152));
#3970 = CARTESIAN_POINT('',(10.00382231494,0.892598501877,
    -2.971808079663));
#3971 = CARTESIAN_POINT('',(9.989989303951,0.517680396401,
    -3.059474984205));
#3972 = CARTESIAN_POINT('',(9.976155113723,0.134758403662,-3.10003828604
    ));
#3973 = CARTESIAN_POINT('',(9.962318772216,-0.250298848734,
    -3.09285403942));
#3974 = CARTESIAN_POINT('',(9.948484879389,-0.63143316487,
    -3.038037310388));
#3975 = CARTESIAN_POINT('',(9.934651959908,-1.002818192351,
    -2.936448667115));
#3976 = CARTESIAN_POINT('',(9.920819511287,-1.358751379347,
    -2.789654018894));
#3977 = CARTESIAN_POINT('',(9.906986685558,-1.693774320409,
    -2.599904963066));
#3978 = CARTESIAN_POINT('',(9.893153047671,-2.002737684243,
    -2.370112918358));
#3979 = CARTESIAN_POINT('',(9.879316855314,-2.280909200146,
    -2.103770810924));
#3980 = CARTESIAN_POINT('',(9.865482292037,-2.5239162395,-1.80505654158)
  );
#3981 = CARTESIAN_POINT('',(9.851649182995,-2.72803515054,-1.47858038337
    ));
#3982 = CARTESIAN_POINT('',(9.837816666061,-2.890144280171,
    -1.129353864011));
#3983 = CARTESIAN_POINT('',(9.823984038681,-3.007758121294,
    -0.762737122084));
#3984 = CARTESIAN_POINT('',(9.810150644637,-3.079067570674,
    -0.384355777633));
#3985 = CARTESIAN_POINT('',(9.800927203219,-3.095,-0.128123263));
#3986 = CARTESIAN_POINT('',(9.796315243464,-3.095,0.));
#3987 = PCURVE('',#2011,#3988);
#3988 = DEFINITIONAL_REPRESENTATION('',(#3989),#3992);
#3989 = B_SPLINE_CURVE_WITH_KNOTS('',1,(#3990,#3991),.UNSPECIFIED.,.F.,
  .F.,(2,2),(0.,1.),.PIECEWISE_BEZIER_KNOTS.);
#3990 = CARTESIAN_POINT('',(0.578325052423,0.347830903618));
#3991 = CARTESIAN_POINT('',(0.578334964325,0.615384550412));
#3992 = ( GEOMETRIC_REPRESENTATION_CONTEXT(2) 
PARAMETRIC_REPRESENTATION_CONTEXT() REPRESENTATION_CONTEXT('2D SPACE',''
  ) );
#3993 = PCURVE('',#2457,#3994);
#3994 = DEFINITIONAL_REPRESENTATION('',(#3995),#3998);
#3995 = B_SPLINE_CURVE_WITH_KNOTS('',1,(#3996,#3997),.UNSPECIFIED.,.F.,
  .F.,(2,2),(0.,1.),.PIECEWISE_BEZIER_KNOTS.);
#3996 = CARTESIAN_POINT('',(0.819643708644,1.65));
#3997 = CARTESIAN_POINT('',(6.28318530718,2.258684756536));
#3998 = ( GEOMETRIC_REPRESENTATION_CONTEXT(2) 
PARAMETRIC_REPRESENTATION_CONTEXT() REPRESENTATION_CONTEXT('2D SPACE',''
  ) );
#3999 = ADVANCED_FACE('',(#4000),#820,.T.);
#4000 = FACE_BOUND('',#4001,.T.);
#4001 = EDGE_LOOP('',(#4002,#4003,#4004));
#4002 = ORIENTED_EDGE('',*,*,#803,.T.);
#4003 = ORIENTED_EDGE('',*,*,#3007,.T.);
#4004 = ORIENTED_EDGE('',*,*,#3399,.T.);
#4005 = ADVANCED_FACE('',(#4006),#3534,.F.);
#4006 = FACE_BOUND('',#4007,.F.);
#4007 = EDGE_LOOP('',(#4008,#4039,#4091,#4143,#4195,#4242,#4289,#4321,
    #4322,#4491));
#4008 = ORIENTED_EDGE('',*,*,#4009,.T.);
#4009 = EDGE_CURVE('',#4010,#4012,#4014,.T.);
#4010 = VERTEX_POINT('',#4011);
#4011 = CARTESIAN_POINT('',(6.995,-3.094784324123,3.653747617455E-02));
#4012 = VERTEX_POINT('',#4013);
#4013 = CARTESIAN_POINT('',(6.996315243462,-3.095,0.));
#4014 = SURFACE_CURVE('',#4015,(#4022,#4028),.PCURVE_S1.);
#4015 = B_SPLINE_CURVE_WITH_KNOTS('',3,(#4016,#4017,#4018,#4019,#4020,
    #4021),.UNSPECIFIED.,.F.,.F.,(4,1,1,4),(0.,0.333333333333,
    0.666666666667,1.),.UNSPECIFIED.);
#4016 = CARTESIAN_POINT('',(6.995,-3.094784324123,3.653747617455E-02));
#4017 = CARTESIAN_POINT('',(6.995146138221,-3.094832251558,
    3.247794357039E-02));
#4018 = CARTESIAN_POINT('',(6.995438414621,-3.094912131311,
    2.435869093491E-02));
#4019 = CARTESIAN_POINT('',(6.99587682884,-3.094984023783,
    1.217944536359E-02));
#4020 = CARTESIAN_POINT('',(6.996169105241,-3.095,4.059815513669E-03));
#4021 = CARTESIAN_POINT('',(6.996315243462,-3.095,0.));
#4022 = PCURVE('',#3534,#4023);
#4023 = DEFINITIONAL_REPRESENTATION('',(#4024),#4027);
#4024 = B_SPLINE_CURVE_WITH_KNOTS('',1,(#4025,#4026),.UNSPECIFIED.,.F.,
  .F.,(2,2),(0.,1.),.PIECEWISE_BEZIER_KNOTS.);
#4025 = CARTESIAN_POINT('',(0.578329167148,0.846731890264));
#4026 = CARTESIAN_POINT('',(0.578323673248,0.84615378042));
#4027 = ( GEOMETRIC_REPRESENTATION_CONTEXT(2) 
PARAMETRIC_REPRESENTATION_CONTEXT() REPRESENTATION_CONTEXT('2D SPACE',''
  ) );
#4028 = PCURVE('',#4029,#4034);
#4029 = CYLINDRICAL_SURFACE('',#4030,3.095);
#4030 = AXIS2_PLACEMENT_3D('',#4031,#4032,#4033);
#4031 = CARTESIAN_POINT('',(12.055,0.,0.));
#4032 = DIRECTION('',(-1.,0.,0.));
#4033 = DIRECTION('',(0.,-1.,0.));
#4034 = DEFINITIONAL_REPRESENTATION('',(#4035),#4038);
#4035 = B_SPLINE_CURVE_WITH_KNOTS('',1,(#4036,#4037),.UNSPECIFIED.,.F.,
  .F.,(2,2),(0.,1.),.PIECEWISE_BEZIER_KNOTS.);
#4036 = CARTESIAN_POINT('',(1.180559770793E-02,5.06));
#4037 = CARTESIAN_POINT('',(0.,5.058684756538));
#4038 = ( GEOMETRIC_REPRESENTATION_CONTEXT(2) 
PARAMETRIC_REPRESENTATION_CONTEXT() REPRESENTATION_CONTEXT('2D SPACE',''
  ) );
#4039 = ORIENTED_EDGE('',*,*,#4040,.T.);
#4040 = EDGE_CURVE('',#4012,#4041,#4043,.T.);
#4041 = VERTEX_POINT('',#4042);
#4042 = CARTESIAN_POINT('',(7.346315243462,3.095,0.));
#4043 = SURFACE_CURVE('',#4044,(#4074,#4080),.PCURVE_S1.);
#4044 = B_SPLINE_CURVE_WITH_KNOTS('',3,(#4045,#4046,#4047,#4048,#4049,
    #4050,#4051,#4052,#4053,#4054,#4055,#4056,#4057,#4058,#4059,#4060,
    #4061,#4062,#4063,#4064,#4065,#4066,#4067,#4068,#4069,#4070,#4071,
    #4072,#4073),.UNSPECIFIED.,.F.,.F.,(4,1,1,1,1,1,1,1,1,1,1,1,1,1,1,1,
    1,1,1,1,1,1,1,1,1,1,4),(0.,3.846153846154E-02,7.692307692308E-02,
    0.115384615385,0.153846153846,0.192307692308,0.230769230769,
    0.269230769231,0.307692307692,0.346153846154,0.384615384615,
    0.423076923077,0.461538461538,0.5,0.538461538462,0.576923076923,
    0.615384615385,0.653846153846,0.692307692308,0.730769230769,
    0.769230769231,0.807692307692,0.846153846154,0.884615384615,
    0.923076923077,0.961538461538,1.),.UNSPECIFIED.);
#4045 = CARTESIAN_POINT('',(6.996315243462,-3.095,0.));
#4046 = CARTESIAN_POINT('',(7.000803181142,-3.095,-0.124677848523));
#4047 = CARTESIAN_POINT('',(7.009778493529,-3.079913891261,
    -0.374017230983));
#4048 = CARTESIAN_POINT('',(7.023239343639,-3.012377876327,
    -0.742513864588));
#4049 = CARTESIAN_POINT('',(7.036699363929,-2.90092885172,
    -1.100162417091));
#4050 = CARTESIAN_POINT('',(7.050159960361,-2.747181920751,
    -1.441787050889));
#4051 = CARTESIAN_POINT('',(7.063623159527,-2.553339567484,
    -1.762450626506));
#4052 = CARTESIAN_POINT('',(7.077087012372,-2.322238696071,
    -2.057418429553));
#4053 = CARTESIAN_POINT('',(7.09054788991,-2.057324504998,
    -2.322318218251));
#4054 = CARTESIAN_POINT('',(7.104007913601,-1.762434590466,
    -2.553345052143));
#4055 = CARTESIAN_POINT('',(7.117468437342,-1.441838327366,
    -2.747154173215));
#4056 = CARTESIAN_POINT('',(7.130930782984,-1.100172858666,
    -2.900929646269));
#4057 = CARTESIAN_POINT('',(7.1443950048,-0.742410113386,-3.01240650679)
  );
#4058 = CARTESIAN_POINT('',(7.157855880656,-0.373909479236,
    -3.079924845757));
#4059 = CARTESIAN_POINT('',(7.171315846924,1.679645864114E-05,
    -3.102538565562));
#4060 = CARTESIAN_POINT('',(7.184775918466,0.373945805504,
    -3.079920891707));
#4061 = CARTESIAN_POINT('',(7.198237478779,0.742464316298,
    -3.012394022216));
#4062 = CARTESIAN_POINT('',(7.211702052107,1.100233880574,
    -2.900906109091));
#4063 = CARTESIAN_POINT('',(7.225163580796,1.441875651911,
    -2.747133522386));
#4064 = CARTESIAN_POINT('',(7.238623651842,1.762459223269,
    -2.553327876768));
#4065 = CARTESIAN_POINT('',(7.252083648464,2.057346329557,
    -2.322298731446));
#4066 = CARTESIAN_POINT('',(7.265544505429,2.32225808527,-2.057397215114
    ));
#4067 = CARTESIAN_POINT('',(7.279008812795,2.553362884937,-1.76241647647
    ));
#4068 = CARTESIAN_POINT('',(7.292471165046,2.747189371315,
    -1.441770855699));
#4069 = CARTESIAN_POINT('',(7.305931408577,2.900931566704,
    -1.100154960595));
#4070 = CARTESIAN_POINT('',(7.319391305747,3.012378709055,
    -0.742509408454));
#4071 = CARTESIAN_POINT('',(7.332851892749,3.079913395477,
    -0.374019995036));
#4072 = CARTESIAN_POINT('',(7.341827252649,3.095,-0.124679324573));
#4073 = CARTESIAN_POINT('',(7.346315243462,3.095,0.));
#4074 = PCURVE('',#3534,#4075);
#4075 = DEFINITIONAL_REPRESENTATION('',(#4076),#4079);
#4076 = B_SPLINE_CURVE_WITH_KNOTS('',1,(#4077,#4078),.UNSPECIFIED.,.F.,
  .F.,(2,2),(0.,1.),.PIECEWISE_BEZIER_KNOTS.);
#4077 = CARTESIAN_POINT('',(0.578323673248,0.84615378042));
#4078 = CARTESIAN_POINT('',(0.578316905162,0.692307672029));
#4079 = ( GEOMETRIC_REPRESENTATION_CONTEXT(2) 
PARAMETRIC_REPRESENTATION_CONTEXT() REPRESENTATION_CONTEXT('2D SPACE',''
  ) );
#4080 = PCURVE('',#4081,#4086);
#4081 = CYLINDRICAL_SURFACE('',#4082,3.095);
#4082 = AXIS2_PLACEMENT_3D('',#4083,#4084,#4085);
#4083 = CARTESIAN_POINT('',(12.055,0.,0.));
#4084 = DIRECTION('',(-1.,0.,0.));
#4085 = DIRECTION('',(0.,-1.,0.));
#4086 = DEFINITIONAL_REPRESENTATION('',(#4087),#4090);
#4087 = B_SPLINE_CURVE_WITH_KNOTS('',1,(#4088,#4089),.UNSPECIFIED.,.F.,
  .F.,(2,2),(0.,1.),.PIECEWISE_BEZIER_KNOTS.);
#4088 = CARTESIAN_POINT('',(6.28318530718,5.058684756538));
#4089 = CARTESIAN_POINT('',(3.14159265359,4.708684756538));
#4090 = ( GEOMETRIC_REPRESENTATION_CONTEXT(2) 
PARAMETRIC_REPRESENTATION_CONTEXT() REPRESENTATION_CONTEXT('2D SPACE',''
  ) );
#4091 = ORIENTED_EDGE('',*,*,#4092,.T.);
#4092 = EDGE_CURVE('',#4041,#4093,#4095,.T.);
#4093 = VERTEX_POINT('',#4094);
#4094 = CARTESIAN_POINT('',(7.696315243462,-3.095,0.));
#4095 = SURFACE_CURVE('',#4096,(#4126,#4132),.PCURVE_S1.);
#4096 = B_SPLINE_CURVE_WITH_KNOTS('',3,(#4097,#4098,#4099,#4100,#4101,
    #4102,#4103,#4104,#4105,#4106,#4107,#4108,#4109,#4110,#4111,#4112,
    #4113,#4114,#4115,#4116,#4117,#4118,#4119,#4120,#4121,#4122,#4123,
    #4124,#4125),.UNSPECIFIED.,.F.,.F.,(4,1,1,1,1,1,1,1,1,1,1,1,1,1,1,1,
    1,1,1,1,1,1,1,1,1,1,4),(0.,3.846153846154E-02,7.692307692308E-02,
    0.115384615385,0.153846153846,0.192307692308,0.230769230769,
    0.269230769231,0.307692307692,0.346153846154,0.384615384615,
    0.423076923077,0.461538461538,0.5,0.538461538462,0.576923076923,
    0.615384615385,0.653846153846,0.692307692308,0.730769230769,
    0.769230769231,0.807692307692,0.846153846154,0.884615384615,
    0.923076923077,0.961538461538,1.),.UNSPECIFIED.);
#4097 = CARTESIAN_POINT('',(7.346315243462,3.095,0.));
#4098 = CARTESIAN_POINT('',(7.350803180905,3.095,0.124677841944));
#4099 = CARTESIAN_POINT('',(7.359778470653,3.07991379919,0.374016577711)
  );
#4100 = CARTESIAN_POINT('',(7.373239112482,3.012379242032,0.742507568139
    ));
#4101 = CARTESIAN_POINT('',(7.386699073639,2.900931710485,1.100154868713
    ));
#4102 = CARTESIAN_POINT('',(7.400159501625,2.747187354741,1.44177545903)
  );
#4103 = CARTESIAN_POINT('',(7.413622144615,2.553355512184,1.762427298765
    ));
#4104 = CARTESIAN_POINT('',(7.427086383592,2.322250711676,2.05740565251)
  );
#4105 = CARTESIAN_POINT('',(7.44054750894,2.057332547552,2.322311329417)
  );
#4106 = CARTESIAN_POINT('',(7.454007637033,1.762440918965,2.553340633977
    ));
#4107 = CARTESIAN_POINT('',(7.46746814532,1.441845650267,2.74715065587)
  );
#4108 = CARTESIAN_POINT('',(7.480930900664,1.100169880203,2.900931001987
    ));
#4109 = CARTESIAN_POINT('',(7.49439500439,0.742410073331,3.012406357548)
  );
#4110 = CARTESIAN_POINT('',(7.50785588844,0.373909278054,3.079924910137)
  );
#4111 = CARTESIAN_POINT('',(7.5213158412,-1.664106042361E-05,
    3.102538540976));
#4112 = CARTESIAN_POINT('',(7.534775905742,-0.37394545256,3.079920925676
    ));
#4113 = CARTESIAN_POINT('',(7.548237437407,-0.742463180996,
    3.012394239053));
#4114 = CARTESIAN_POINT('',(7.561701977335,-1.100231950867,
    2.900906889683));
#4115 = CARTESIAN_POINT('',(7.575163605243,-1.441876297488,
    2.747133296418));
#4116 = CARTESIAN_POINT('',(7.588623737051,-1.762461232747,
    2.553326602822));
#4117 = CARTESIAN_POINT('',(7.602083822373,-2.057349973568,
    2.322295544014));
#4118 = CARTESIAN_POINT('',(7.615544636692,-2.322260466329,
    2.057394436046));
#4119 = CARTESIAN_POINT('',(7.629008909533,-2.553364375173,
    1.762414234424));
#4120 = CARTESIAN_POINT('',(7.642471209704,-2.747189912006,
    1.441769733904));
#4121 = CARTESIAN_POINT('',(7.655931438782,-2.900931858667,
    1.100154173034));
#4122 = CARTESIAN_POINT('',(7.66939132886,-3.012378858317,0.742508781757
    ));
#4123 = CARTESIAN_POINT('',(7.682851912006,-3.079913449964,
    0.374019461572));
#4124 = CARTESIAN_POINT('',(7.691827259987,-3.095,0.124679120734));
#4125 = CARTESIAN_POINT('',(7.696315243462,-3.095,0.));
#4126 = PCURVE('',#3534,#4127);
#4127 = DEFINITIONAL_REPRESENTATION('',(#4128),#4131);
#4128 = B_SPLINE_CURVE_WITH_KNOTS('',1,(#4129,#4130),.UNSPECIFIED.,.F.,
  .F.,(2,2),(0.,1.),.PIECEWISE_BEZIER_KNOTS.);
#4129 = CARTESIAN_POINT('',(0.578316905162,0.692307672029));
#4130 = CARTESIAN_POINT('',(0.578315532177,0.53846156875));
#4131 = ( GEOMETRIC_REPRESENTATION_CONTEXT(2) 
PARAMETRIC_REPRESENTATION_CONTEXT() REPRESENTATION_CONTEXT('2D SPACE',''
  ) );
#4132 = PCURVE('',#4133,#4138);
#4133 = CYLINDRICAL_SURFACE('',#4134,3.095);
#4134 = AXIS2_PLACEMENT_3D('',#4135,#4136,#4137);
#4135 = CARTESIAN_POINT('',(12.055,0.,0.));
#4136 = DIRECTION('',(-1.,0.,0.));
#4137 = DIRECTION('',(0.,-1.,0.));
#4138 = DEFINITIONAL_REPRESENTATION('',(#4139),#4142);
#4139 = B_SPLINE_CURVE_WITH_KNOTS('',1,(#4140,#4141),.UNSPECIFIED.,.F.,
  .F.,(2,2),(0.,1.),.PIECEWISE_BEZIER_KNOTS.);
#4140 = CARTESIAN_POINT('',(3.14159265359,4.708684756538));
#4141 = CARTESIAN_POINT('',(0.,4.358684756538));
#4142 = ( GEOMETRIC_REPRESENTATION_CONTEXT(2) 
PARAMETRIC_REPRESENTATION_CONTEXT() REPRESENTATION_CONTEXT('2D SPACE',''
  ) );
#4143 = ORIENTED_EDGE('',*,*,#4144,.T.);
#4144 = EDGE_CURVE('',#4093,#4145,#4147,.T.);
#4145 = VERTEX_POINT('',#4146);
#4146 = CARTESIAN_POINT('',(8.046315243463,3.095,0.));
#4147 = SURFACE_CURVE('',#4148,(#4178,#4184),.PCURVE_S1.);
#4148 = B_SPLINE_CURVE_WITH_KNOTS('',3,(#4149,#4150,#4151,#4152,#4153,
    #4154,#4155,#4156,#4157,#4158,#4159,#4160,#4161,#4162,#4163,#4164,
    #4165,#4166,#4167,#4168,#4169,#4170,#4171,#4172,#4173,#4174,#4175,
    #4176,#4177),.UNSPECIFIED.,.F.,.F.,(4,1,1,1,1,1,1,1,1,1,1,1,1,1,1,1,
    1,1,1,1,1,1,1,1,1,1,4),(0.,3.846153846154E-02,7.692307692308E-02,
    0.115384615385,0.153846153846,0.192307692308,0.230769230769,
    0.269230769231,0.307692307692,0.346153846154,0.384615384615,
    0.423076923077,0.461538461538,0.5,0.538461538462,0.576923076923,
    0.615384615385,0.653846153846,0.692307692308,0.730769230769,
    0.769230769231,0.807692307692,0.846153846154,0.884615384615,
    0.923076923077,0.961538461538,1.),.UNSPECIFIED.);
#4149 = CARTESIAN_POINT('',(7.696315243462,-3.095,0.));
#4150 = CARTESIAN_POINT('',(7.700803219507,-3.095,-0.124678914314));
#4151 = CARTESIAN_POINT('',(7.709778555423,-3.07991346799,
    -0.374018915178));
#4152 = CARTESIAN_POINT('',(7.723239093008,-3.01237927894,
    -0.742507020415));
#4153 = CARTESIAN_POINT('',(7.736699017601,-2.900932220942,
    -1.100153395933));
#4154 = CARTESIAN_POINT('',(7.750159328267,-2.747189383769,
    -1.441771066373));
#4155 = CARTESIAN_POINT('',(7.763621766732,-2.553361439749,
    -1.762418610606));
#4156 = CARTESIAN_POINT('',(7.777086041538,-2.322256959762,
    -2.057398455474));
#4157 = CARTESIAN_POINT('',(7.79054691822,-2.057344677059,
    -2.322300214026));
#4158 = CARTESIAN_POINT('',(7.804006894051,-1.762457849882,
    -2.553328775753));
#4159 = CARTESIAN_POINT('',(7.817466953628,-1.44187449562,
    -2.747134174627));
#4160 = CARTESIAN_POINT('',(7.830928500212,-1.100232146275,
    -2.900906659821));
#4161 = CARTESIAN_POINT('',(7.844392943341,-0.742466064666,
    -3.01239357355));
#4162 = CARTESIAN_POINT('',(7.857854668942,-0.373943063931,
    -3.079921515116));
#4163 = CARTESIAN_POINT('',(7.871314961345,-7.85483106984E-06,
    -3.102538725448));
#4164 = CARTESIAN_POINT('',(7.884775140447,0.373924311175,
    -3.079923583023));
#4165 = CARTESIAN_POINT('',(7.898236702767,0.742443295902,
    -3.012399080936));
#4166 = CARTESIAN_POINT('',(7.911701242108,1.100212895129,
    -2.900914376591));
#4167 = CARTESIAN_POINT('',(7.925163252049,1.441867757796,
    -2.747138195948));
#4168 = CARTESIAN_POINT('',(7.938623517045,1.762456198031,
    -2.553330090516));
#4169 = CARTESIAN_POINT('',(7.952083641855,2.057346329813,
    -2.322299004481));
#4170 = CARTESIAN_POINT('',(7.965544637364,2.322260500107,-2.05739444908
    ));
#4171 = CARTESIAN_POINT('',(7.979008804915,2.553362680388,
    -1.762416595191));
#4172 = CARTESIAN_POINT('',(7.992471180762,2.747189607248,
    -1.441770491862));
#4173 = CARTESIAN_POINT('',(8.005931412419,2.900931586895,
    -1.100154850305));
#4174 = CARTESIAN_POINT('',(8.019391310684,3.01237874716,-0.742509277892
    ));
#4175 = CARTESIAN_POINT('',(8.032851896285,3.079913403163,-0.3740198961)
  );
#4176 = CARTESIAN_POINT('',(8.041827254054,3.095,-0.124679285583));
#4177 = CARTESIAN_POINT('',(8.046315243463,3.095,0.));
#4178 = PCURVE('',#3534,#4179);
#4179 = DEFINITIONAL_REPRESENTATION('',(#4180),#4183);
#4180 = B_SPLINE_CURVE_WITH_KNOTS('',1,(#4181,#4182),.UNSPECIFIED.,.F.,
  .F.,(2,2),(0.,1.),.PIECEWISE_BEZIER_KNOTS.);
#4181 = CARTESIAN_POINT('',(0.578315532177,0.53846156875));
#4182 = CARTESIAN_POINT('',(0.578319728744,0.38461546177));
#4183 = ( GEOMETRIC_REPRESENTATION_CONTEXT(2) 
PARAMETRIC_REPRESENTATION_CONTEXT() REPRESENTATION_CONTEXT('2D SPACE',''
  ) );
#4184 = PCURVE('',#4185,#4190);
#4185 = CYLINDRICAL_SURFACE('',#4186,3.095);
#4186 = AXIS2_PLACEMENT_3D('',#4187,#4188,#4189);
#4187 = CARTESIAN_POINT('',(12.055,0.,0.));
#4188 = DIRECTION('',(-1.,0.,0.));
#4189 = DIRECTION('',(0.,-1.,0.));
#4190 = DEFINITIONAL_REPRESENTATION('',(#4191),#4194);
#4191 = B_SPLINE_CURVE_WITH_KNOTS('',1,(#4192,#4193),.UNSPECIFIED.,.F.,
  .F.,(2,2),(0.,1.),.PIECEWISE_BEZIER_KNOTS.);
#4192 = CARTESIAN_POINT('',(6.28318530718,4.358684756538));
#4193 = CARTESIAN_POINT('',(3.14159265359,4.008684756537));
#4194 = ( GEOMETRIC_REPRESENTATION_CONTEXT(2) 
PARAMETRIC_REPRESENTATION_CONTEXT() REPRESENTATION_CONTEXT('2D SPACE',''
  ) );
#4195 = ORIENTED_EDGE('',*,*,#4196,.T.);
#4196 = EDGE_CURVE('',#4145,#4197,#4199,.T.);
#4197 = VERTEX_POINT('',#4198);
#4198 = CARTESIAN_POINT('',(8.396315243463,-3.095,0.));
#4199 = SURFACE_CURVE('',#4200,(#4230,#4236),.PCURVE_S1.);
#4200 = B_SPLINE_CURVE_WITH_KNOTS('',3,(#4201,#4202,#4203,#4204,#4205,
    #4206,#4207,#4208,#4209,#4210,#4211,#4212,#4213,#4214,#4215,#4216,
    #4217,#4218,#4219,#4220,#4221,#4222,#4223,#4224,#4225,#4226,#4227,
    #4228,#4229),.UNSPECIFIED.,.F.,.F.,(4,1,1,1,1,1,1,1,1,1,1,1,1,1,1,1,
    1,1,1,1,1,1,1,1,1,1,4),(0.,3.846153846154E-02,7.692307692308E-02,
    0.115384615385,0.153846153846,0.192307692308,0.230769230769,
    0.269230769231,0.307692307692,0.346153846154,0.384615384615,
    0.423076923077,0.461538461538,0.5,0.538461538462,0.576923076923,
    0.615384615385,0.653846153846,0.692307692308,0.730769230769,
    0.769230769231,0.807692307692,0.846153846154,0.884615384615,
    0.923076923077,0.961538461538,1.),.UNSPECIFIED.);
#4201 = CARTESIAN_POINT('',(8.046315243463,3.095,0.));
#4202 = CARTESIAN_POINT('',(8.050803235844,3.095,0.124679368146));
#4203 = CARTESIAN_POINT('',(8.059778599605,3.079913400354,0.374020148632
    ));
#4204 = CARTESIAN_POINT('',(8.07323921146,3.012378519048,0.742510229606)
  );
#4205 = CARTESIAN_POINT('',(8.086699101879,2.90093132397,1.100155570843)
  );
#4206 = CARTESIAN_POINT('',(8.100159334575,2.747189181674,1.441771154813
    ));
#4207 = CARTESIAN_POINT('',(8.113621653269,2.553363196165,1.762415984636
    ));
#4208 = CARTESIAN_POINT('',(8.127085970514,2.322258319813,2.057397014686
    ));
#4209 = CARTESIAN_POINT('',(8.140546864296,2.057345797756,2.322299214998
    ));
#4210 = CARTESIAN_POINT('',(8.154006842348,1.76245904433,2.553327978238)
  );
#4211 = CARTESIAN_POINT('',(8.167466902645,1.441875724104,2.747133444258
    ));
#4212 = CARTESIAN_POINT('',(8.180928387397,1.100235101339,2.900905621751
    ));
#4213 = CARTESIAN_POINT('',(8.194392927585,0.742466471216,3.012393353048
    ));
#4214 = CARTESIAN_POINT('',(8.207854376985,0.373951100842,3.079920325131
    ));
#4215 = CARTESIAN_POINT('',(8.221314662702,1.617773029876E-05,
    3.10253874274));
#4216 = CARTESIAN_POINT('',(8.234774716983,-0.373912578717,
    3.079924703623));
#4217 = CARTESIAN_POINT('',(8.248235918351,-0.742421966297,
    3.012403878878));
#4218 = CARTESIAN_POINT('',(8.261700273891,-1.10018777367,2.900924175256
    ));
#4219 = CARTESIAN_POINT('',(8.275162781124,-1.441856366302,
    2.747144722802));
#4220 = CARTESIAN_POINT('',(8.288623197689,-1.762448877165,2.55333512751
    ));
#4221 = CARTESIAN_POINT('',(8.302083345845,-2.057340264608,
    2.322304592294));
#4222 = CARTESIAN_POINT('',(8.315544573242,-2.322259486391,
    2.057395937408));
#4223 = CARTESIAN_POINT('',(8.329008828375,-2.553363054375,
    1.762416054936));
#4224 = CARTESIAN_POINT('',(8.342471179519,-2.747189574325,
    1.441770513604));
#4225 = CARTESIAN_POINT('',(8.355931415943,-2.900931628755,
    1.100154762161));
#4226 = CARTESIAN_POINT('',(8.369391312062,-3.012378752793,
    0.742509239178));
#4227 = CARTESIAN_POINT('',(8.382851897735,-3.079913408459,
    0.374019856381));
#4228 = CARTESIAN_POINT('',(8.391827254565,-3.095,0.124679271396));
#4229 = CARTESIAN_POINT('',(8.396315243463,-3.095,0.));
#4230 = PCURVE('',#3534,#4231);
#4231 = DEFINITIONAL_REPRESENTATION('',(#4232),#4235);
#4232 = B_SPLINE_CURVE_WITH_KNOTS('',1,(#4233,#4234),.UNSPECIFIED.,.F.,
  .F.,(2,2),(0.,1.),.PIECEWISE_BEZIER_KNOTS.);
#4233 = CARTESIAN_POINT('',(0.578319728744,0.38461546177));
#4234 = CARTESIAN_POINT('',(0.578328967144,0.230769342751));
#4235 = ( GEOMETRIC_REPRESENTATION_CONTEXT(2) 
PARAMETRIC_REPRESENTATION_CONTEXT() REPRESENTATION_CONTEXT('2D SPACE',''
  ) );
#4236 = PCURVE('',#2704,#4237);
#4237 = DEFINITIONAL_REPRESENTATION('',(#4238),#4241);
#4238 = B_SPLINE_CURVE_WITH_KNOTS('',1,(#4239,#4240),.UNSPECIFIED.,.F.,
  .F.,(2,2),(0.,1.),.PIECEWISE_BEZIER_KNOTS.);
#4239 = CARTESIAN_POINT('',(3.14159265359,4.008684756537));
#4240 = CARTESIAN_POINT('',(0.,3.658684756537));
#4241 = ( GEOMETRIC_REPRESENTATION_CONTEXT(2) 
PARAMETRIC_REPRESENTATION_CONTEXT() REPRESENTATION_CONTEXT('2D SPACE',''
  ) );
#4242 = ORIENTED_EDGE('',*,*,#4243,.T.);
#4243 = EDGE_CURVE('',#4197,#4244,#4246,.T.);
#4244 = VERTEX_POINT('',#4245);
#4245 = CARTESIAN_POINT('',(8.746315243463,3.095,0.));
#4246 = SURFACE_CURVE('',#4247,(#4277,#4283),.PCURVE_S1.);
#4247 = B_SPLINE_CURVE_WITH_KNOTS('',3,(#4248,#4249,#4250,#4251,#4252,
    #4253,#4254,#4255,#4256,#4257,#4258,#4259,#4260,#4261,#4262,#4263,
    #4264,#4265,#4266,#4267,#4268,#4269,#4270,#4271,#4272,#4273,#4274,
    #4275,#4276),.UNSPECIFIED.,.F.,.F.,(4,1,1,1,1,1,1,1,1,1,1,1,1,1,1,1,
    1,1,1,1,1,1,1,1,1,1,4),(0.,3.846153846154E-02,7.692307692308E-02,
    0.115384615385,0.153846153846,0.192307692308,0.230769230769,
    0.269230769231,0.307692307692,0.346153846154,0.384615384615,
    0.423076923077,0.461538461538,0.5,0.538461538462,0.576923076923,
    0.615384615385,0.653846153846,0.692307692308,0.730769230769,
    0.769230769231,0.807692307692,0.846153846154,0.884615384615,
    0.923076923077,0.961538461538,1.),.UNSPECIFIED.);
#4248 = CARTESIAN_POINT('',(8.396315243463,-3.095,0.));
#4249 = CARTESIAN_POINT('',(8.400803255719,-3.095,-0.12467992027));
#4250 = CARTESIAN_POINT('',(8.409778659401,-3.079913304453,
    -0.374021816766));
#4251 = CARTESIAN_POINT('',(8.4232393696,-3.012377524383,-0.742514517927
    ));
#4252 = CARTESIAN_POINT('',(8.436699282989,-2.900929591272,
    -1.100160309632));
#4253 = CARTESIAN_POINT('',(8.450159617414,-2.747185626574,
    -1.441778183567));
#4254 = CARTESIAN_POINT('',(8.463621992004,-2.55335783232,
    -1.762423748267));
#4255 = CARTESIAN_POINT('',(8.477086253288,-2.322253021953,
    -2.057402841283));
#4256 = CARTESIAN_POINT('',(8.490547066516,-2.05734155027,
    -2.322302913454));
#4257 = CARTESIAN_POINT('',(8.50400703918,-1.762454539093,
    -2.553331094038));
#4258 = CARTESIAN_POINT('',(8.517467129233,-1.441870188075,
    -2.747136474856));
#4259 = CARTESIAN_POINT('',(8.530928763638,-1.100225359278,
    -2.900909484006));
#4260 = CARTESIAN_POINT('',(8.544393353299,-0.74245494001,
    -3.012396125779));
#4261 = CARTESIAN_POINT('',(8.557854660275,-0.373943246074,
    -3.07992107766));
#4262 = CARTESIAN_POINT('',(8.571314804985,-1.221331922684E-05,
    -3.102538656102));
#4263 = CARTESIAN_POINT('',(8.584774807891,0.373915072656,
    -3.079924297774));
#4264 = CARTESIAN_POINT('',(8.59823591843,0.74242198051,-3.012403894776)
  );
#4265 = CARTESIAN_POINT('',(8.611700320359,1.100188936843,
    -2.900923602168));
#4266 = CARTESIAN_POINT('',(8.625162530951,1.441850031212,
    -2.747147631916));
#4267 = CARTESIAN_POINT('',(8.638622716066,1.762437734697,
    -2.553342601699));
#4268 = CARTESIAN_POINT('',(8.652082647584,2.057325439982,
    -2.322317156263));
#4269 = CARTESIAN_POINT('',(8.665543228074,2.322233860891,
    -2.057423312761));
#4270 = CARTESIAN_POINT('',(8.67900684062,2.553331774191,-1.762461727093
    ));
#4271 = CARTESIAN_POINT('',(8.692470086152,2.747176360981,
    -1.441797986513));
#4272 = CARTESIAN_POINT('',(8.705930824287,2.900926000207,
    -1.100170230096));
#4273 = CARTESIAN_POINT('',(8.719390867421,3.012376015547,
    -0.742521318935));
#4274 = CARTESIAN_POINT('',(8.732851735647,3.079913149748,
    -0.374024374222));
#4275 = CARTESIAN_POINT('',(8.741827204049,3.095,-0.124680674767));
#4276 = CARTESIAN_POINT('',(8.746315243463,3.095,0.));
#4277 = PCURVE('',#3534,#4278);
#4278 = DEFINITIONAL_REPRESENTATION('',(#4279),#4282);
#4279 = B_SPLINE_CURVE_WITH_KNOTS('',1,(#4280,#4281),.UNSPECIFIED.,.F.,
  .F.,(2,2),(0.,1.),.PIECEWISE_BEZIER_KNOTS.);
#4280 = CARTESIAN_POINT('',(0.578328967144,0.230769342751));
#4281 = CARTESIAN_POINT('',(0.578342021965,7.692320493275E-02));
#4282 = ( GEOMETRIC_REPRESENTATION_CONTEXT(2) 
PARAMETRIC_REPRESENTATION_CONTEXT() REPRESENTATION_CONTEXT('2D SPACE',''
  ) );
#4283 = PCURVE('',#2665,#4284);
#4284 = DEFINITIONAL_REPRESENTATION('',(#4285),#4288);
#4285 = B_SPLINE_CURVE_WITH_KNOTS('',1,(#4286,#4287),.UNSPECIFIED.,.F.,
  .F.,(2,2),(0.,1.),.PIECEWISE_BEZIER_KNOTS.);
#4286 = CARTESIAN_POINT('',(6.28318530718,3.658684756537));
#4287 = CARTESIAN_POINT('',(3.14159265359,3.308684756537));
#4288 = ( GEOMETRIC_REPRESENTATION_CONTEXT(2) 
PARAMETRIC_REPRESENTATION_CONTEXT() REPRESENTATION_CONTEXT('2D SPACE',''
  ) );
#4289 = ORIENTED_EDGE('',*,*,#4290,.T.);
#4290 = EDGE_CURVE('',#4244,#3520,#4291,.T.);
#4291 = SURFACE_CURVE('',#4292,(#4309,#4315),.PCURVE_S1.);
#4292 = B_SPLINE_CURVE_WITH_KNOTS('',3,(#4293,#4294,#4295,#4296,#4297,
    #4298,#4299,#4300,#4301,#4302,#4303,#4304,#4305,#4306,#4307,#4308),
  .UNSPECIFIED.,.F.,.F.,(4,1,1,1,1,1,1,1,1,1,1,1,1,4),(0.,
    7.692307692308E-02,0.153846153846,0.230769230769,0.307692307692,
    0.384615384615,0.461538461538,0.538461538462,0.615384615385,
    0.692307692308,0.769230769231,0.846153846154,0.923076923077,1.),
  .UNSPECIFIED.);
#4293 = CARTESIAN_POINT('',(8.746315243463,3.095,0.));
#4294 = CARTESIAN_POINT('',(8.75080304588,3.095,0.124674090811));
#4295 = CARTESIAN_POINT('',(8.759778264138,3.079915040059,0.374010930609
    ));
#4296 = CARTESIAN_POINT('',(8.773239793847,3.012375716068,0.742526231099
    ));
#4297 = CARTESIAN_POINT('',(8.786700439732,2.900918743507,1.10019065621)
  );
#4298 = CARTESIAN_POINT('',(8.800160960776,2.747167831916,1.441811185581
    ));
#4299 = CARTESIAN_POINT('',(8.81362185845,2.55335727743,1.762418742246)
  );
#4300 = CARTESIAN_POINT('',(8.827083677372,2.322300917649,2.057349469459
    ));
#4301 = CARTESIAN_POINT('',(8.840547546412,2.057333956632,2.3223143537)
  );
#4302 = CARTESIAN_POINT('',(8.854009123845,1.762407316725,2.553365017374
    ));
#4303 = CARTESIAN_POINT('',(8.867470044108,1.44179840852,2.747174507889)
  );
#4304 = CARTESIAN_POINT('',(8.880930436856,1.10018045527,2.900922473274)
  );
#4305 = CARTESIAN_POINT('',(8.894390997446,0.742517965412,3.012377576543
    ));
#4306 = CARTESIAN_POINT('',(8.907852307738,0.374008553324,3.079915118397
    ));
#4307 = CARTESIAN_POINT('',(8.916827464869,0.124673429003,3.095));
#4308 = CARTESIAN_POINT('',(8.921315243463,0.,3.095));
#4309 = PCURVE('',#3534,#4310);
#4310 = DEFINITIONAL_REPRESENTATION('',(#4311),#4314);
#4311 = B_SPLINE_CURVE_WITH_KNOTS('',1,(#4312,#4313),.UNSPECIFIED.,.F.,
  .F.,(2,2),(0.,1.),.PIECEWISE_BEZIER_KNOTS.);
#4312 = CARTESIAN_POINT('',(0.578342021965,7.692320493275E-02));
#4313 = CARTESIAN_POINT('',(0.578348705203,1.574437824984E-07));
#4314 = ( GEOMETRIC_REPRESENTATION_CONTEXT(2) 
PARAMETRIC_REPRESENTATION_CONTEXT() REPRESENTATION_CONTEXT('2D SPACE',''
  ) );
#4315 = PCURVE('',#2613,#4316);
#4316 = DEFINITIONAL_REPRESENTATION('',(#4317),#4320);
#4317 = B_SPLINE_CURVE_WITH_KNOTS('',1,(#4318,#4319),.UNSPECIFIED.,.F.,
  .F.,(2,2),(0.,1.),.PIECEWISE_BEZIER_KNOTS.);
#4318 = CARTESIAN_POINT('',(3.14159265359,3.308684756537));
#4319 = CARTESIAN_POINT('',(1.570796326795,3.133684756537));
#4320 = ( GEOMETRIC_REPRESENTATION_CONTEXT(2) 
PARAMETRIC_REPRESENTATION_CONTEXT() REPRESENTATION_CONTEXT('2D SPACE',''
  ) );
#4321 = ORIENTED_EDGE('',*,*,#3519,.T.);
#4322 = ORIENTED_EDGE('',*,*,#4323,.T.);
#4323 = EDGE_CURVE('',#1566,#4324,#4326,.T.);
#4324 = VERTEX_POINT('',#4325);
#4325 = CARTESIAN_POINT('',(6.6,0.915700046384,2.539979020593));
#4326 = SURFACE_CURVE('',#4327,(#4479,#4485),.PCURVE_S1.);
#4327 = B_SPLINE_CURVE_WITH_KNOTS('',3,(#4328,#4329,#4330,#4331,#4332,
    #4333,#4334,#4335,#4336,#4337,#4338,#4339,#4340,#4341,#4342,#4343,
    #4344,#4345,#4346,#4347,#4348,#4349,#4350,#4351,#4352,#4353,#4354,
    #4355,#4356,#4357,#4358,#4359,#4360,#4361,#4362,#4363,#4364,#4365,
    #4366,#4367,#4368,#4369,#4370,#4371,#4372,#4373,#4374,#4375,#4376,
    #4377,#4378,#4379,#4380,#4381,#4382,#4383,#4384,#4385,#4386,#4387,
    #4388,#4389,#4390,#4391,#4392,#4393,#4394,#4395,#4396,#4397,#4398,
    #4399,#4400,#4401,#4402,#4403,#4404,#4405,#4406,#4407,#4408,#4409,
    #4410,#4411,#4412,#4413,#4414,#4415,#4416,#4417,#4418,#4419,#4420,
    #4421,#4422,#4423,#4424,#4425,#4426,#4427,#4428,#4429,#4430,#4431,
    #4432,#4433,#4434,#4435,#4436,#4437,#4438,#4439,#4440,#4441,#4442,
    #4443,#4444,#4445,#4446,#4447,#4448,#4449,#4450,#4451,#4452,#4453,
    #4454,#4455,#4456,#4457,#4458,#4459,#4460,#4461,#4462,#4463,#4464,
    #4465,#4466,#4467,#4468,#4469,#4470,#4471,#4472,#4473,#4474,#4475,
    #4476,#4477,#4478),.UNSPECIFIED.,.F.,.F.,(4,1,1,1,1,1,1,1,1,1,1,1,1,
    1,1,1,1,1,1,1,1,1,1,1,1,1,1,1,1,1,1,1,1,1,1,1,1,1,1,1,1,1,1,1,1,1,1,
    1,1,1,1,1,1,1,1,1,1,1,1,1,1,1,1,1,1,1,1,1,1,1,1,1,1,1,1,1,1,1,1,1,1,
    1,1,1,1,1,1,1,1,1,1,1,1,1,1,1,1,1,1,1,1,1,1,1,1,1,1,1,1,1,1,1,1,1,1,
    1,1,1,1,1,1,1,1,1,1,1,1,1,1,1,1,1,1,1,1,1,1,1,1,1,1,1,1,1,1,1,1,1,4)
  ,(0.,6.756756756757E-03,1.351351351351E-02,2.027027027027E-02,
    2.702702702703E-02,3.378378378378E-02,4.054054054054E-02,
    4.72972972973E-02,5.405405405405E-02,6.081081081081E-02,
    6.756756756757E-02,7.432432432432E-02,8.108108108108E-02,
    8.783783783784E-02,9.459459459459E-02,0.101351351351,0.108108108108,
    0.114864864865,0.121621621622,0.128378378378,0.135135135135,
    0.141891891892,0.148648648649,0.155405405405,0.162162162162,
    0.168918918919,0.175675675676,0.182432432432,0.189189189189,
    0.195945945946,0.202702702703,0.20945945946,0.216216216216,
    0.222972972973,0.22972972973,0.236486486487,0.243243243243,0.25,
    0.256756756757,0.263513513513,0.27027027027,0.277027027027,
    0.283783783784,0.29054054054,0.297297297297,0.304054054054,
    0.310810810811,0.317567567568,0.324324324324,0.331081081081,
    0.337837837838,0.344594594595,0.351351351351,0.358108108108,
    0.364864864865,0.371621621622,0.378378378378,0.385135135135,
    0.391891891892,0.398648648649,0.405405405405,0.412162162162,
    0.418918918919,0.425675675676,0.432432432432,0.439189189189,
    0.445945945946,0.452702702703,0.45945945946,0.466216216216,
    0.472972972973,0.47972972973,0.486486486487,0.493243243243,0.5,
    0.506756756757,0.513513513514,0.52027027027,0.527027027027,
    0.533783783784,0.540540540541,0.547297297297,0.554054054054,
    0.560810810811,0.567567567568,0.574324324324,0.581081081081,
    0.587837837838,0.594594594595,0.601351351351,0.608108108108,
    0.614864864865,0.621621621622,0.628378378378,0.635135135135,
    0.641891891892,0.648648648649,0.655405405405,0.662162162162,
    0.668918918919,0.675675675676,0.682432432432,0.689189189189,
    0.695945945946,0.702702702703,0.709459459459,0.716216216216,
    0.722972972973,0.72972972973,0.736486486486,0.743243243243,0.75,
    0.756756756757,0.763513513514,0.77027027027,0.777027027027,
    0.783783783784,0.790540540541,0.797297297297,0.804054054054,
    0.810810810811,0.817567567568,0.824324324324,0.831081081081,
    0.837837837838,0.844594594595,0.851351351351,0.858108108108,
    0.864864864865,0.871621621622,0.878378378378,0.885135135135,
    0.891891891892,0.898648648649,0.905405405405,0.912162162162,
    0.918918918919,0.925675675676,0.932432432432,0.939189189189,
    0.945945945946,0.952702702703,0.959459459459,0.966216216216,
    0.972972972973,0.97972972973,0.986486486486,0.993243243243,1.),
  .UNSPECIFIED.);
#4328 = CARTESIAN_POINT('',(8.738548580399,0.,2.7));
#4329 = CARTESIAN_POINT('',(8.733731198283,0.11674994604,2.7));
#4330 = CARTESIAN_POINT('',(8.724096999746,0.350235331196,2.684833400896
    ));
#4331 = CARTESIAN_POINT('',(8.709647804261,0.694529370571,2.616985865681
    ));
#4332 = CARTESIAN_POINT('',(8.695199495388,1.027137095086,2.505189275692
    ));
#4333 = CARTESIAN_POINT('',(8.680751254095,1.342492544388,2.351318568067
    ));
#4334 = CARTESIAN_POINT('',(8.666302295586,1.635315238666,2.157947471052
    ));
#4335 = CARTESIAN_POINT('',(8.651851301455,1.900706175356,1.928295378441
    ));
#4336 = CARTESIAN_POINT('',(8.637399053487,2.134178339172,1.666218065314
    ));
#4337 = CARTESIAN_POINT('',(8.622949764659,2.331748915435,1.376202308294
    ));
#4338 = CARTESIAN_POINT('',(8.608501313589,2.490145386851,1.063089979069
    ));
#4339 = CARTESIAN_POINT('',(8.594053148136,2.60671669723,0.73212906821)
  );
#4340 = CARTESIAN_POINT('',(8.579604321612,2.67951138435,0.388856376471)
  );
#4341 = CARTESIAN_POINT('',(8.565153896282,2.70730199783,
    3.901295046215E-02));
#4342 = CARTESIAN_POINT('',(8.550701293148,2.689599631905,
    -0.311538666876));
#4343 = CARTESIAN_POINT('',(8.53625172024,2.626713387415,-0.656782760247
    ));
#4344 = CARTESIAN_POINT('',(8.521803148355,2.519714322889,
    -0.990971366327));
#4345 = CARTESIAN_POINT('',(8.507355017376,2.370399815957,
    -1.308506559867));
#4346 = CARTESIAN_POINT('',(8.492906320343,2.181267061906,
    -1.604076805991));
#4347 = CARTESIAN_POINT('',(8.478456368588,1.955477552129,
    -1.872728533645));
#4348 = CARTESIAN_POINT('',(8.464003647111,1.69678290445,-2.109960282274
    ));
#4349 = CARTESIAN_POINT('',(8.449553695356,1.40962859667,-2.311695398257
    ));
#4350 = CARTESIAN_POINT('',(8.435104998323,1.098823379143,
    -2.474585194766));
#4351 = CARTESIAN_POINT('',(8.420656867344,0.769575438305,
    -2.595907964973));
#4352 = CARTESIAN_POINT('',(8.406208295459,0.427392194132,
    -2.673634740606));
#4353 = CARTESIAN_POINT('',(8.39175872255,7.800592542115E-02,
    -2.706458497096));
#4354 = CARTESIAN_POINT('',(8.377306119417,-0.272764362271,
    -2.693808775772));
#4355 = CARTESIAN_POINT('',(8.362855694087,-0.618898741867,
    -2.635897359101));
#4356 = CARTESIAN_POINT('',(8.348406867563,-0.954598829681,
    -2.533717819023));
#4357 = CARTESIAN_POINT('',(8.333958702112,-1.274251090634,
    -2.388989014108));
#4358 = CARTESIAN_POINT('',(8.319510251032,-1.572508022762,
    -2.204133461349));
#4359 = CARTESIAN_POINT('',(8.30506096224,-1.844370295969,
    -1.982245706007));
#4360 = CARTESIAN_POINT('',(8.290608714139,-2.085296871073,
    -1.727004337239));
#4361 = CARTESIAN_POINT('',(8.276157720504,-2.291161844599,
    -1.442764933126));
#4362 = CARTESIAN_POINT('',(8.261708760145,-2.458511507326,
    -1.134330775492));
#4363 = CARTESIAN_POINT('',(8.247260525752,-2.584561776659,
    -0.806860972185));
#4364 = CARTESIAN_POINT('',(8.23281219113,-2.667204662807,
    -0.465837558675));
#4365 = CARTESIAN_POINT('',(8.218363091741,-2.705053452373,
    -0.116971616217));
#4366 = CARTESIAN_POINT('',(8.2039114353,-2.697459548494,0.233921585685)
  );
#4367 = CARTESIAN_POINT('',(8.189459778858,-2.644535972678,
    0.580883833833));
#4368 = CARTESIAN_POINT('',(8.175010679469,-2.547197060548,
    0.918026404363));
#4369 = CARTESIAN_POINT('',(8.160562344847,-2.407082789638,
    1.239732491157));
#4370 = CARTESIAN_POINT('',(8.146114110454,-2.226542299909,
    1.540614983246));
#4371 = CARTESIAN_POINT('',(8.131665150096,-2.008595811539,
    1.815636559521));
#4372 = CARTESIAN_POINT('',(8.11721415646,-1.756873954662,2.060194391017
    ));
#4373 = CARTESIAN_POINT('',(8.102761908359,-1.475605736457,
    2.270151435075));
#4374 = CARTESIAN_POINT('',(8.088312619567,-1.169605254258,
    2.441927383503));
#4375 = CARTESIAN_POINT('',(8.073864168487,-0.84397900439,2.572680273889
    ));
#4376 = CARTESIAN_POINT('',(8.059416003037,-0.504184393055,
    2.660222360981));
#4377 = CARTESIAN_POINT('',(8.044967176512,-0.155906115201,
    2.703087831286));
#4378 = CARTESIAN_POINT('',(8.030516751182,0.195030202989,2.700549821365
    ));
#4379 = CARTESIAN_POINT('',(8.016064148049,0.542741699834,2.652627747756
    ));
#4380 = CARTESIAN_POINT('',(8.00161457514,0.881261857773,2.560149283112)
  );
#4381 = CARTESIAN_POINT('',(7.987166003255,1.204956739394,2.424678076372
    ));
#4382 = CARTESIAN_POINT('',(7.972717872276,1.508404634683,2.248488417309
    ));
#4383 = CARTESIAN_POINT('',(7.958269175243,1.786529613904,2.034527054015
    ));
#4384 = CARTESIAN_POINT('',(7.943819223488,2.034669764545,1.786371620593
    ));
#4385 = CARTESIAN_POINT('',(7.929366502011,2.248664578092,1.508148610994
    ));
#4386 = CARTESIAN_POINT('',(7.914916550256,2.424836710614,1.204639083599
    ));
#4387 = CARTESIAN_POINT('',(7.900467853223,2.560265447998,0.880923118377
    ));
#4388 = CARTESIAN_POINT('',(7.886019722244,2.652689221103,0.542424569958
    ));
#4389 = CARTESIAN_POINT('',(7.871571150359,2.700562461441,0.194805558535
    ));
#4390 = CARTESIAN_POINT('',(7.85712157745,2.703078271525,-0.156110149939
    ));
#4391 = CARTESIAN_POINT('',(7.842668974317,2.660171058477,
    -0.504476022615));
#4392 = CARTESIAN_POINT('',(7.828218548987,2.572571904339,
    -0.844312938081));
#4393 = CARTESIAN_POINT('',(7.813769722462,2.441771617248,
    -1.169930032636));
#4394 = CARTESIAN_POINT('',(7.799321557012,2.269967610115,
    -1.475883261148));
#4395 = CARTESIAN_POINT('',(7.784873105932,2.060035339341,
    -1.757054409447));
#4396 = CARTESIAN_POINT('',(7.770423817139,1.815489696558,
    -2.008730193264));
#4397 = CARTESIAN_POINT('',(7.755971569039,1.540387839503,
    -2.226704364135));
#4398 = CARTESIAN_POINT('',(7.741520575403,1.239425517915,
    -2.407242745538));
#4399 = CARTESIAN_POINT('',(7.727071615045,0.917686437088,
    -2.547319521196));
#4400 = CARTESIAN_POINT('',(7.712623380652,0.580550945521,
    -2.644606739282));
#4401 = CARTESIAN_POINT('',(7.698175046029,0.233662700878,-2.69747791216
    ));
#4402 = CARTESIAN_POINT('',(7.683725946641,-0.117168764457,
    -2.705044920113));
#4403 = CARTESIAN_POINT('',(7.669274290199,-0.466093888974,
    -2.667164001458));
#4404 = CARTESIAN_POINT('',(7.654822633758,-0.807186501936,
    -2.584462514777));
#4405 = CARTESIAN_POINT('',(7.640373534369,-1.134658891633,
    -2.458360133099));
#4406 = CARTESIAN_POINT('',(7.625925199746,-1.443056939199,
    -2.290975965835));
#4407 = CARTESIAN_POINT('',(7.611476965353,-1.727216630148,
    -2.085115788733));
#4408 = CARTESIAN_POINT('',(7.597028004995,-1.982380409939,
    -1.84422372848));
#4409 = CARTESIAN_POINT('',(7.58257701136,-2.204276327939,
    -1.572314501439));
#4410 = CARTESIAN_POINT('',(7.568124763259,-2.389148175002,
    -1.273958722065));
#4411 = CARTESIAN_POINT('',(7.553675474467,-2.533844943643,
    -0.95426180824));
#4412 = CARTESIAN_POINT('',(7.539227023386,-2.635976473262,
    -0.618556694181));
#4413 = CARTESIAN_POINT('',(7.524778857936,-2.693834691126,
    -0.272469390846));
#4414 = CARTESIAN_POINT('',(7.510330031412,-2.706450393537,
    7.821002318086E-02));
#4415 = CARTESIAN_POINT('',(7.495879606081,-2.67360273964,0.427614906593
    ));
#4416 = CARTESIAN_POINT('',(7.481427002948,-2.59581932305,0.769886071433
    ));
#4417 = CARTESIAN_POINT('',(7.46697743004,-2.474440198843,1.099150815918
    ));
#4418 = CARTESIAN_POINT('',(7.452528858154,-2.311509913291,
    1.409931359538));
#4419 = CARTESIAN_POINT('',(7.438080727175,-2.109762661002,
    1.697022751452));
#4420 = CARTESIAN_POINT('',(7.423632030142,-1.872572706888,
    1.955622625226));
#4421 = CARTESIAN_POINT('',(7.409182078387,-1.60390707395,2.181395589008
    ));
#4422 = CARTESIAN_POINT('',(7.39472935691,-1.308236274053,2.37055319891)
  );
#4423 = CARTESIAN_POINT('',(7.380279405156,-0.990641193057,
    2.519844920128));
#4424 = CARTESIAN_POINT('',(7.365830708122,-0.656435251348,
    2.626799852576));
#4425 = CARTESIAN_POINT('',(7.351382577143,-0.311217411771,
    2.689633476974));
#4426 = CARTESIAN_POINT('',(7.336934005258,3.923784700098E-02,
    2.707295182492));
#4427 = CARTESIAN_POINT('',(7.322484432349,0.3890588224,2.679484232761)
  );
#4428 = CARTESIAN_POINT('',(7.308031829216,0.732415175078,2.606640391206
    ));
#4429 = CARTESIAN_POINT('',(7.293581403886,1.063413301585,2.490008572358
    ));
#4430 = CARTESIAN_POINT('',(7.279132577362,1.376512414893,2.331565672184
    ));
#4431 = CARTESIAN_POINT('',(7.264684411911,1.666478670778,2.133971225521
    ));
#4432 = CARTESIAN_POINT('',(7.250235960831,1.928461417233,1.900532125309
    ));
#4433 = CARTESIAN_POINT('',(7.235786672039,2.158068662098,1.635157324942
    ));
#4434 = CARTESIAN_POINT('',(7.221334423938,2.351460402253,1.34225221102)
  );
#4435 = CARTESIAN_POINT('',(7.206883430303,2.505322112567,1.026817589783
    ));
#4436 = CARTESIAN_POINT('',(7.192434469944,2.617078496981,0.694179573686
    ));
#4437 = CARTESIAN_POINT('',(7.177986235551,2.684875143025,0.349899517246
    ));
#4438 = CARTESIAN_POINT('',(7.163537900929,2.707579228209,
    -2.595033554851E-04));
#4439 = CARTESIAN_POINT('',(7.14908880154,2.684807867922,-0.350432948707
    ));
#4440 = CARTESIAN_POINT('',(7.134637145099,2.616923210717,-0.69478070873
    ));
#4441 = CARTESIAN_POINT('',(7.120185488657,2.50506226082,-1.027452971483
    ));
#4442 = CARTESIAN_POINT('',(7.105736389268,2.351139412249,
    -1.342806318328));
#4443 = CARTESIAN_POINT('',(7.091288054646,2.157737059439,
    -1.635590103946));
#4444 = CARTESIAN_POINT('',(7.076839820253,1.928096632134,
    -1.900902027206));
#4445 = CARTESIAN_POINT('',(7.062390859895,1.666060408104,
    -2.134299877466));
#4446 = CARTESIAN_POINT('',(7.047939866259,1.3759971676,-2.33187452838)
  );
#4447 = CARTESIAN_POINT('',(7.033487618159,1.062784952975,
    -2.490278693514));
#4448 = CARTESIAN_POINT('',(7.019038329366,0.731782323976,
    -2.606814229554));
#4449 = CARTESIAN_POINT('',(7.004589878286,0.388508772648,
    -2.679560651503));
#4450 = CARTESIAN_POINT('',(6.990141712836,3.871684298917E-02,
    -2.707302332236));
#4451 = CARTESIAN_POINT('',(6.975692886311,-0.3117413014,-2.689573925625
    ));
#4452 = CARTESIAN_POINT('',(6.961242460981,-0.657001875255,
    -2.626662264864));
#4453 = CARTESIAN_POINT('',(6.946789857848,-0.99127317977,
    -2.519599175261));
#4454 = CARTESIAN_POINT('',(6.93234028494,-1.308820245425,
    -2.370227073288));
#4455 = CARTESIAN_POINT('',(6.917891713054,-1.604362411849,
    -2.181056113285));
#4456 = CARTESIAN_POINT('',(6.903443582076,-1.872950410366,
    -1.955259948195));
#4457 = CARTESIAN_POINT('',(6.888994885042,-2.110091350289,
    -1.696615126748));
#4458 = CARTESIAN_POINT('',(6.874544933288,-2.311808780797,
    -1.409448395168));
#4459 = CARTESIAN_POINT('',(6.86009221181,-2.474714652878,
    -1.098540852422));
#4460 = CARTESIAN_POINT('',(6.845642260056,-2.596009548593,
    -0.76923521662));
#4461 = CARTESIAN_POINT('',(6.831193563022,-2.673690859449,
    -0.427038514426));
#4462 = CARTESIAN_POINT('',(6.816745432044,-2.706464460791,
    -7.768294745747E-02));
#4463 = CARTESIAN_POINT('',(6.802296860159,-2.693782555988,
    0.272987829103));
#4464 = CARTESIAN_POINT('',(6.78784728725,-2.635852818719,0.619098085082
    ));
#4465 = CARTESIAN_POINT('',(6.773394684117,-2.533617080129,
    0.954877274331));
#4466 = CARTESIAN_POINT('',(6.758944258787,-2.388824777673,
    1.274561384146));
#4467 = CARTESIAN_POINT('',(6.744495432263,-2.203924111805,
    1.572801138586));
#4468 = CARTESIAN_POINT('',(6.73004726681,-1.982016850995,1.844612033362
    ));
#4469 = CARTESIAN_POINT('',(6.715598815739,-1.72681659591,2.085447252288
    ));
#4470 = CARTESIAN_POINT('',(6.701149526912,-1.442597128891,
    2.291268938445));
#4471 = CARTESIAN_POINT('',(6.686697278944,-1.134079126754,
    2.458632051734));
#4472 = CARTESIAN_POINT('',(6.672246284813,-0.806531036641,
    2.584666497746));
#4473 = CARTESIAN_POINT('',(6.657797326303,-0.465481620817,
    2.667266784736));
#4474 = CARTESIAN_POINT('',(6.643349085011,-0.116631384014,2.70506581055
    ));
#4475 = CARTESIAN_POINT('',(6.628900776138,0.234179277094,2.697433249209
    ));
#4476 = CARTESIAN_POINT('',(6.614451580653,0.581078398602,2.644492970772
    ));
#4477 = CARTESIAN_POINT('',(6.604817382116,0.805869522829,2.579574550595
    ));
#4478 = CARTESIAN_POINT('',(6.6,0.915700046384,2.539979020593));
#4479 = PCURVE('',#3534,#4480);
#4480 = DEFINITIONAL_REPRESENTATION('',(#4481),#4484);
#4481 = B_SPLINE_CURVE_WITH_KNOTS('',1,(#4482,#4483),.UNSPECIFIED.,.F.,
  .F.,(2,2),(0.,1.),.PIECEWISE_BEZIER_KNOTS.);
#4482 = CARTESIAN_POINT('',(0.999969108477,1.586623783476E-07));
#4483 = CARTESIAN_POINT('',(0.999969383954,0.940021215281));
#4484 = ( GEOMETRIC_REPRESENTATION_CONTEXT(2) 
PARAMETRIC_REPRESENTATION_CONTEXT() REPRESENTATION_CONTEXT('2D SPACE',''
  ) );
#4485 = PCURVE('',#1580,#4486);
#4486 = DEFINITIONAL_REPRESENTATION('',(#4487),#4490);
#4487 = B_SPLINE_CURVE_WITH_KNOTS('',1,(#4488,#4489),.UNSPECIFIED.,.F.,
  .F.,(2,2),(0.,1.),.PIECEWISE_BEZIER_KNOTS.);
#4488 = CARTESIAN_POINT('',(-3.760815059642E-06,1.487792456607E-07));
#4489 = CARTESIAN_POINT('',(3.760809823281E-06,0.940021205242));
#4490 = ( GEOMETRIC_REPRESENTATION_CONTEXT(2) 
PARAMETRIC_REPRESENTATION_CONTEXT() REPRESENTATION_CONTEXT('2D SPACE',''
  ) );
#4491 = ORIENTED_EDGE('',*,*,#4492,.T.);
#4492 = EDGE_CURVE('',#4324,#4010,#4493,.T.);
#4493 = SURFACE_CURVE('',#4494,(#4514,#4587),.PCURVE_S1.);
#4494 = B_SPLINE_CURVE_WITH_KNOTS('',3,(#4495,#4496,#4497,#4498,#4499,
    #4500,#4501,#4502,#4503,#4504,#4505,#4506,#4507,#4508,#4509,#4510,
    #4511,#4512,#4513),.UNSPECIFIED.,.F.,.F.,(4,1,1,1,1,1,1,1,1,1,1,1,1,
    1,1,1,4),(0.,6.25E-02,0.125,0.1875,0.25,0.3125,0.375,0.4375,0.5,
    0.5625,0.625,0.6875,0.75,0.8125,0.875,0.9375,1.),
  .QUASI_UNIFORM_KNOTS.);
#4495 = CARTESIAN_POINT('',(6.6,0.915700046384,2.539979020593));
#4496 = CARTESIAN_POINT('',(6.608372200118,0.815981811651,2.584828577051
    ));
#4497 = CARTESIAN_POINT('',(6.625096840021,0.610385667322,2.662671414216
    ));
#4498 = CARTESIAN_POINT('',(6.650123144291,0.287952639745,2.741713398392
    ));
#4499 = CARTESIAN_POINT('',(6.675092916745,-4.391135701675E-02,
    2.781447376363));
#4500 = CARTESIAN_POINT('',(6.700008743746,-0.380414427539,
    2.780841973544));
#4501 = CARTESIAN_POINT('',(6.724873966245,-0.716675578878,
    2.739445656386));
#4502 = CARTESIAN_POINT('',(6.749690193559,-1.047758415339,
    2.657388691333));
#4503 = CARTESIAN_POINT('',(6.774447709081,-1.368622693732,
    2.535466903746));
#4504 = CARTESIAN_POINT('',(6.79915162871,-1.674549200734,2.375025693097
    ));
#4505 = CARTESIAN_POINT('',(6.823804256738,-1.960964514997,
    2.177967863042));
#4506 = CARTESIAN_POINT('',(6.84840832333,-2.223551520025,1.946729676379
    ));
#4507 = CARTESIAN_POINT('',(6.87296800312,-2.458308121048,1.684222114538
    ));
#4508 = CARTESIAN_POINT('',(6.897473919092,-2.661486348345,
    1.393980522245));
#4509 = CARTESIAN_POINT('',(6.921927887882,-2.829896208712,
    1.079855815805));
#4510 = CARTESIAN_POINT('',(6.946333055703,-2.960819909807,
    0.746030420672));
#4511 = CARTESIAN_POINT('',(6.970691715492,-3.052039048933,
    0.396995469394));
#4512 = CARTESIAN_POINT('',(6.986902147117,-3.085260092089,
    0.157306335636));
#4513 = CARTESIAN_POINT('',(6.995,-3.094784324123,3.653747617455E-02));
#4514 = PCURVE('',#3534,#4515);
#4515 = DEFINITIONAL_REPRESENTATION('',(#4516),#4586);
#4516 = B_SPLINE_CURVE_WITH_KNOTS('',3,(#4517,#4518,#4519,#4520,#4521,
    #4522,#4523,#4524,#4525,#4526,#4527,#4528,#4529,#4530,#4531,#4532,
    #4533,#4534,#4535,#4536,#4537,#4538,#4539,#4540,#4541,#4542,#4543,
    #4544,#4545,#4546,#4547,#4548,#4549,#4550,#4551,#4552,#4553,#4554,
    #4555,#4556,#4557,#4558,#4559,#4560,#4561,#4562,#4563,#4564,#4565,
    #4566,#4567,#4568,#4569,#4570,#4571,#4572,#4573,#4574,#4575,#4576,
    #4577,#4578,#4579,#4580,#4581,#4582,#4583,#4584,#4585),
  .UNSPECIFIED.,.F.,.F.,(4,1,1,1,1,1,1,1,1,1,1,1,1,1,1,1,1,1,1,1,1,1,1,1
    ,1,1,1,1,1,1,1,1,1,1,1,1,1,1,1,1,1,1,1,1,1,1,1,1,1,1,1,1,1,1,1,1,1,1
    ,1,1,1,1,1,1,1,1,4),(0.,1.515151515152E-02,3.030303030303E-02,
    4.545454545455E-02,6.060606060606E-02,7.575757575758E-02,
    9.090909090909E-02,0.106060606061,0.121212121212,0.136363636364,
    0.151515151515,0.166666666667,0.181818181818,0.19696969697,
    0.212121212121,0.227272727273,0.242424242424,0.257575757576,
    0.272727272727,0.287878787879,0.30303030303,0.318181818182,
    0.333333333333,0.348484848485,0.363636363636,0.378787878788,
    0.393939393939,0.409090909091,0.424242424242,0.439393939394,
    0.454545454545,0.469696969697,0.484848484848,0.5,0.515151515152,
    0.530303030303,0.545454545455,0.560606060606,0.575757575758,
    0.590909090909,0.606060606061,0.621212121212,0.636363636364,
    0.651515151515,0.666666666667,0.681818181818,0.69696969697,
    0.712121212121,0.727272727273,0.742424242424,0.757575757576,
    0.772727272727,0.787878787879,0.80303030303,0.818181818182,
    0.833333333333,0.848484848485,0.863636363636,0.878787878788,
    0.893939393939,0.909090909091,0.924242424242,0.939393939394,
    0.954545454545,0.969696969697,0.984848484848,1.),
  .QUASI_UNIFORM_KNOTS.);
#4517 = CARTESIAN_POINT('',(0.999969383954,0.940021215281));
#4518 = CARTESIAN_POINT('',(0.997797172748,0.939541865196));
#4519 = CARTESIAN_POINT('',(0.993455196907,0.93858345461));
#4520 = CARTESIAN_POINT('',(0.98695106541,0.937146699365));
#4521 = CARTESIAN_POINT('',(0.980457286724,0.935710800489));
#4522 = CARTESIAN_POINT('',(0.973975283437,0.934275740261));
#4523 = CARTESIAN_POINT('',(0.967507026547,0.932841489873));
#4524 = CARTESIAN_POINT('',(0.961047232598,0.931408028312));
#4525 = CARTESIAN_POINT('',(0.954589585043,0.929975344625));
#4526 = CARTESIAN_POINT('',(0.948128251296,0.928543435409));
#4527 = CARTESIAN_POINT('',(0.941656142767,0.927112303173));
#4528 = CARTESIAN_POINT('',(0.935177406152,0.925681973774));
#4529 = CARTESIAN_POINT('',(0.928698211027,0.924252458995));
#4530 = CARTESIAN_POINT('',(0.922224082305,0.92282374987));
#4531 = CARTESIAN_POINT('',(0.915761657491,0.921395813582));
#4532 = CARTESIAN_POINT('',(0.909311952964,0.919968620506));
#4533 = CARTESIAN_POINT('',(0.90287286135,0.918542149344));
#4534 = CARTESIAN_POINT('',(0.896442710989,0.9171163745));
#4535 = CARTESIAN_POINT('',(0.890020400707,0.915691263571));
#4536 = CARTESIAN_POINT('',(0.883600577326,0.914266804265));
#4537 = CARTESIAN_POINT('',(0.877173150192,0.912843017099));
#4538 = CARTESIAN_POINT('',(0.870730694669,0.911419935819));
#4539 = CARTESIAN_POINT('',(0.864284980635,0.909997569561));
#4540 = CARTESIAN_POINT('',(0.857843220457,0.908575924797));
#4541 = CARTESIAN_POINT('',(0.851407453855,0.907155045072));
#4542 = CARTESIAN_POINT('',(0.844980821909,0.905734951203));
#4543 = CARTESIAN_POINT('',(0.83856694268,0.904315654646));
#4544 = CARTESIAN_POINT('',(0.832167479047,0.902897146289));
#4545 = CARTESIAN_POINT('',(0.82577707593,0.901479398006));
#4546 = CARTESIAN_POINT('',(0.819391068309,0.900062389999));
#4547 = CARTESIAN_POINT('',(0.813005137895,0.898646105232));
#4548 = CARTESIAN_POINT('',(0.806612262946,0.897230535455));
#4549 = CARTESIAN_POINT('',(0.800206156538,0.895815718886));
#4550 = CARTESIAN_POINT('',(0.793796303824,0.894401672639));
#4551 = CARTESIAN_POINT('',(0.787389557641,0.892988391287));
#4552 = CARTESIAN_POINT('',(0.780993499185,0.891575846105));
#4553 = CARTESIAN_POINT('',(0.774608128464,0.890164019992));
#4554 = CARTESIAN_POINT('',(0.768233524742,0.888752890712));
#4555 = CARTESIAN_POINT('',(0.761869516015,0.887342430579));
#4556 = CARTESIAN_POINT('',(0.755516429346,0.885932603495));
#4557 = CARTESIAN_POINT('',(0.749167410719,0.884523395069));
#4558 = CARTESIAN_POINT('',(0.742815447275,0.883114803145));
#4559 = CARTESIAN_POINT('',(0.736450952886,0.881706838503));
#4560 = CARTESIAN_POINT('',(0.730077309542,0.880299505165));
#4561 = CARTESIAN_POINT('',(0.723702320491,0.878892843729));
#4562 = CARTESIAN_POINT('',(0.717329846972,0.877486899107));
#4563 = CARTESIAN_POINT('',(0.71096488063,0.876081694196));
#4564 = CARTESIAN_POINT('',(0.704613411527,0.874677237496));
#4565 = CARTESIAN_POINT('',(0.698275518532,0.873273515049));
#4566 = CARTESIAN_POINT('',(0.691947785389,0.871870508526));
#4567 = CARTESIAN_POINT('',(0.685627382712,0.870468201931));
#4568 = CARTESIAN_POINT('',(0.679311921524,0.869066577049));
#4569 = CARTESIAN_POINT('',(0.672995362971,0.867665628622));
#4570 = CARTESIAN_POINT('',(0.666664761288,0.866265379533));
#4571 = CARTESIAN_POINT('',(0.660322980353,0.864865855801));
#4572 = CARTESIAN_POINT('',(0.65398134909,0.863467053889));
#4573 = CARTESIAN_POINT('',(0.647646241592,0.862068957682));
#4574 = CARTESIAN_POINT('',(0.641319119396,0.860671559308));
#4575 = CARTESIAN_POINT('',(0.635002170565,0.859274838192));
#4576 = CARTESIAN_POINT('',(0.62869778143,0.857878763688));
#4577 = CARTESIAN_POINT('',(0.62240631267,0.856483300533));
#4578 = CARTESIAN_POINT('',(0.616121732854,0.855088433259));
#4579 = CARTESIAN_POINT('',(0.609838591944,0.853694150504));
#4580 = CARTESIAN_POINT('',(0.603552043005,0.852300445246));
#4581 = CARTESIAN_POINT('',(0.597253802434,0.850907322432));
#4582 = CARTESIAN_POINT('',(0.590945009383,0.849514827127));
#4583 = CARTESIAN_POINT('',(0.584633921478,0.848122981591));
#4584 = CARTESIAN_POINT('',(0.580429468067,0.847195515198));
#4585 = CARTESIAN_POINT('',(0.578329167148,0.846731890264));
#4586 = ( GEOMETRIC_REPRESENTATION_CONTEXT(2) 
PARAMETRIC_REPRESENTATION_CONTEXT() REPRESENTATION_CONTEXT('2D SPACE',''
  ) );
#4587 = PCURVE('',#4588,#4593);
#4588 = CONICAL_SURFACE('',#4589,2.8975,0.785398163397);
#4589 = AXIS2_PLACEMENT_3D('',#4590,#4591,#4592);
#4590 = CARTESIAN_POINT('',(6.7975,0.,0.));
#4591 = DIRECTION('',(1.,0.,0.));
#4592 = DIRECTION('',(-0.,1.,0.));
#4593 = DEFINITIONAL_REPRESENTATION('',(#4594),#4664);
#4594 = B_SPLINE_CURVE_WITH_KNOTS('',3,(#4595,#4596,#4597,#4598,#4599,
    #4600,#4601,#4602,#4603,#4604,#4605,#4606,#4607,#4608,#4609,#4610,
    #4611,#4612,#4613,#4614,#4615,#4616,#4617,#4618,#4619,#4620,#4621,
    #4622,#4623,#4624,#4625,#4626,#4627,#4628,#4629,#4630,#4631,#4632,
    #4633,#4634,#4635,#4636,#4637,#4638,#4639,#4640,#4641,#4642,#4643,
    #4644,#4645,#4646,#4647,#4648,#4649,#4650,#4651,#4652,#4653,#4654,
    #4655,#4656,#4657,#4658,#4659,#4660,#4661,#4662,#4663),
  .UNSPECIFIED.,.F.,.F.,(4,1,1,1,1,1,1,1,1,1,1,1,1,1,1,1,1,1,1,1,1,1,1,1
    ,1,1,1,1,1,1,1,1,1,1,1,1,1,1,1,1,1,1,1,1,1,1,1,1,1,1,1,1,1,1,1,1,1,1
    ,1,1,1,1,1,1,1,1,4),(0.,1.515151515152E-02,3.030303030303E-02,
    4.545454545455E-02,6.060606060606E-02,7.575757575758E-02,
    9.090909090909E-02,0.106060606061,0.121212121212,0.136363636364,
    0.151515151515,0.166666666667,0.181818181818,0.19696969697,
    0.212121212121,0.227272727273,0.242424242424,0.257575757576,
    0.272727272727,0.287878787879,0.30303030303,0.318181818182,
    0.333333333333,0.348484848485,0.363636363636,0.378787878788,
    0.393939393939,0.409090909091,0.424242424242,0.439393939394,
    0.454545454545,0.469696969697,0.484848484848,0.5,0.515151515152,
    0.530303030303,0.545454545455,0.560606060606,0.575757575758,
    0.590909090909,0.606060606061,0.621212121212,0.636363636364,
    0.651515151515,0.666666666667,0.681818181818,0.69696969697,
    0.712121212121,0.727272727273,0.742424242424,0.757575757576,
    0.772727272727,0.787878787879,0.80303030303,0.818181818182,
    0.833333333333,0.848484848485,0.863636363636,0.878787878788,
    0.893939393939,0.909090909091,0.924242424242,0.939393939394,
    0.954545454545,0.969696969697,0.984848484848,1.),
  .QUASI_UNIFORM_KNOTS.);
#4595 = CARTESIAN_POINT('',(7.507970385447,-0.1975));
#4596 = CARTESIAN_POINT('',(7.51775884194,-0.195470464455));
#4597 = CARTESIAN_POINT('',(7.537330193476,-0.191412723212));
#4598 = CARTESIAN_POINT('',(7.566670343842,-0.185329617152));
#4599 = CARTESIAN_POINT('',(7.595993382346,-0.17924914546));
#4600 = CARTESIAN_POINT('',(7.625299222227,-0.173171793656));
#4601 = CARTESIAN_POINT('',(7.654588029213,-0.167099305967));
#4602 = CARTESIAN_POINT('',(7.6838599526,-0.161030337723));
#4603 = CARTESIAN_POINT('',(7.71311513471,-0.154964073642));
#4604 = CARTESIAN_POINT('',(7.742353820569,-0.148900695178));
#4605 = CARTESIAN_POINT('',(7.771576548462,-0.142841813798));
#4606 = CARTESIAN_POINT('',(7.800783475288,-0.136786431785));
#4607 = CARTESIAN_POINT('',(7.829974601288,-0.130733526556));
#4608 = CARTESIAN_POINT('',(7.859150063176,-0.124683210671));
#4609 = CARTESIAN_POINT('',(7.888310258934,-0.118637074006));
#4610 = CARTESIAN_POINT('',(7.917455426902,-0.112594572282));
#4611 = CARTESIAN_POINT('',(7.946585609262,-0.106554418173));
#4612 = CARTESIAN_POINT('',(7.975700974185,-0.100516613385));
#4613 = CARTESIAN_POINT('',(8.004801949792,-9.448254283961E-02));
#4614 = CARTESIAN_POINT('',(8.033888792181,-8.84521445176E-02));
#4615 = CARTESIAN_POINT('',(8.062961392146,-8.242398383943E-02));
#4616 = CARTESIAN_POINT('',(8.092019780828,-7.639805140911E-02));
#4617 = CARTESIAN_POINT('',(8.121064284079,-7.037564455393E-02));
#4618 = CARTESIAN_POINT('',(8.150094899247,-6.435718958821E-02));
#4619 = CARTESIAN_POINT('',(8.179110640986,-5.834100188239E-02));
#4620 = CARTESIAN_POINT('',(8.208110789221,-5.23270714187E-02));
#4621 = CARTESIAN_POINT('',(8.23709470969,-4.631667684857E-02));
#4622 = CARTESIAN_POINT('',(8.266062178975,-4.031101220948E-02));
#4623 = CARTESIAN_POINT('',(8.295013463915,-3.430824696981E-02));
#4624 = CARTESIAN_POINT('',(8.323948801236,-2.830807088824E-02));
#4625 = CARTESIAN_POINT('',(8.352868594972,-2.231112308682E-02));
#4626 = CARTESIAN_POINT('',(8.38177338887,-1.63185474632E-02));
#4627 = CARTESIAN_POINT('',(8.410663159637,-1.032862672851E-02));
#4628 = CARTESIAN_POINT('',(8.439537970251,-4.340991381971E-03));
#4629 = CARTESIAN_POINT('',(8.468397999261,1.643810119843E-03));
#4630 = CARTESIAN_POINT('',(8.497243658369,7.624231561816E-03));
#4631 = CARTESIAN_POINT('',(8.526074996978,1.360191110856E-02));
#4632 = CARTESIAN_POINT('',(8.554892084673,1.957743973048E-02));
#4633 = CARTESIAN_POINT('',(8.583695100346,2.555049419096E-02));
#4634 = CARTESIAN_POINT('',(8.612484468958,3.151945394429E-02));
#4635 = CARTESIAN_POINT('',(8.641260369589,3.748563218618E-02));
#4636 = CARTESIAN_POINT('',(8.670022962878,4.344978326603E-02));
#4637 = CARTESIAN_POINT('',(8.698772488301,4.941168556235E-02));
#4638 = CARTESIAN_POINT('',(8.727509565085,5.536968189687E-02));
#4639 = CARTESIAN_POINT('',(8.756233704242,6.132482114206E-02));
#4640 = CARTESIAN_POINT('',(8.784944031548,6.727806747179E-02));
#4641 = CARTESIAN_POINT('',(8.813639889682,7.322912321415E-02));
#4642 = CARTESIAN_POINT('',(8.842320760056,7.917600376296E-02));
#4643 = CARTESIAN_POINT('',(8.870986544191,8.511911942017E-02));
#4644 = CARTESIAN_POINT('',(8.899637259421,9.105982694898E-02));
#4645 = CARTESIAN_POINT('',(8.928272958571,9.699812713275E-02));
#4646 = CARTESIAN_POINT('',(8.956893904002,0.10293262477));
#4647 = CARTESIAN_POINT('',(8.985500345607,0.108863374448));
#4648 = CARTESIAN_POINT('',(9.014092339869,0.114791852666));
#4649 = CARTESIAN_POINT('',(9.042670039341,0.120718120306));
#4650 = CARTESIAN_POINT('',(9.071233784484,0.12664097261));
#4651 = CARTESIAN_POINT('',(9.099783907184,0.132559995487));
#4652 = CARTESIAN_POINT('',(9.128320380418,0.138476847551));
#4653 = CARTESIAN_POINT('',(9.156843294219,0.144391680608));
#4654 = CARTESIAN_POINT('',(9.185352882022,0.150303521514));
#4655 = CARTESIAN_POINT('',(9.213849497653,0.156211492742));
#4656 = CARTESIAN_POINT('',(9.24233321375,0.162117327601));
#4657 = CARTESIAN_POINT('',(9.270804185136,0.168021283316));
#4658 = CARTESIAN_POINT('',(9.299262706406,0.173922635188));
#4659 = CARTESIAN_POINT('',(9.327709196939,0.17982017001));
#4660 = CARTESIAN_POINT('',(9.356143405413,0.185715603454));
#4661 = CARTESIAN_POINT('',(9.384565154768,0.19160935698));
#4662 = CARTESIAN_POINT('',(9.403504683152,0.195536799037));
#4663 = CARTESIAN_POINT('',(9.412972363061,0.1975));
#4664 = ( GEOMETRIC_REPRESENTATION_CONTEXT(2) 
PARAMETRIC_REPRESENTATION_CONTEXT() REPRESENTATION_CONTEXT('2D SPACE',''
  ) );
#4665 = ADVANCED_FACE('',(#4666),#4029,.T.);
#4666 = FACE_BOUND('',#4667,.T.);
#4667 = EDGE_LOOP('',(#4668,#4691,#4725,#4747));
#4668 = ORIENTED_EDGE('',*,*,#4669,.F.);
#4669 = EDGE_CURVE('',#4670,#4012,#4672,.T.);
#4670 = VERTEX_POINT('',#4671);
#4671 = CARTESIAN_POINT('',(7.165363107791,-3.095,0.));
#4672 = SURFACE_CURVE('',#4673,(#4677,#4684),.PCURVE_S1.);
#4673 = LINE('',#4674,#4675);
#4674 = CARTESIAN_POINT('',(7.165363107791,-3.095,0.));
#4675 = VECTOR('',#4676,1.);
#4676 = DIRECTION('',(-1.,0.,0.));
#4677 = PCURVE('',#4029,#4678);
#4678 = DEFINITIONAL_REPRESENTATION('',(#4679),#4683);
#4679 = LINE('',#4680,#4681);
#4680 = CARTESIAN_POINT('',(0.,4.889636892209));
#4681 = VECTOR('',#4682,1.);
#4682 = DIRECTION('',(0.,1.));
#4683 = ( GEOMETRIC_REPRESENTATION_CONTEXT(2) 
PARAMETRIC_REPRESENTATION_CONTEXT() REPRESENTATION_CONTEXT('2D SPACE',''
  ) );
#4684 = PCURVE('',#4081,#4685);
#4685 = DEFINITIONAL_REPRESENTATION('',(#4686),#4690);
#4686 = LINE('',#4687,#4688);
#4687 = CARTESIAN_POINT('',(6.28318530718,4.889636892209));
#4688 = VECTOR('',#4689,1.);
#4689 = DIRECTION('',(0.,1.));
#4690 = ( GEOMETRIC_REPRESENTATION_CONTEXT(2) 
PARAMETRIC_REPRESENTATION_CONTEXT() REPRESENTATION_CONTEXT('2D SPACE',''
  ) );
#4691 = ORIENTED_EDGE('',*,*,#4692,.T.);
#4692 = EDGE_CURVE('',#4670,#4693,#4695,.T.);
#4693 = VERTEX_POINT('',#4694);
#4694 = CARTESIAN_POINT('',(6.995,-0.128778715306,3.092319686333));
#4695 = SURFACE_CURVE('',#4696,(#4713,#4719),.PCURVE_S1.);
#4696 = B_SPLINE_CURVE_WITH_KNOTS('',3,(#4697,#4698,#4699,#4700,#4701,
    #4702,#4703,#4704,#4705,#4706,#4707,#4708,#4709,#4710,#4711,#4712),
  .UNSPECIFIED.,.F.,.F.,(4,1,1,1,1,1,1,1,1,1,1,1,1,4),(0.,
    7.692307692308E-02,0.153846153846,0.230769230769,0.307692307692,
    0.384615384615,0.461538461538,0.538461538462,0.615384615385,
    0.692307692308,0.769230769231,0.846153846154,0.923076923077,1.),
  .UNSPECIFIED.);
#4697 = CARTESIAN_POINT('',(7.165363107791,-3.095,0.));
#4698 = CARTESIAN_POINT('',(7.160994267606,-3.095,0.121369242085));
#4699 = CARTESIAN_POINT('',(7.152256957407,-3.080705020285,
    0.364096900654));
#4700 = CARTESIAN_POINT('',(7.139152313647,-3.016687013727,
    0.723119814936));
#4701 = CARTESIAN_POINT('',(7.12604835835,-2.910985249025,1.072130954941
    ));
#4702 = CARTESIAN_POINT('',(7.112944552425,-2.765059968877,
    1.406323213829));
#4703 = CARTESIAN_POINT('',(7.099840274136,-2.580918812167,
    1.721093345322));
#4704 = CARTESIAN_POINT('',(7.086735314485,-2.361099564006,
    2.012094542378));
#4705 = CARTESIAN_POINT('',(7.073628572322,-2.108610282743,
    2.275319792553));
#4706 = CARTESIAN_POINT('',(7.060523230957,-1.827000494137,
    2.507065117678));
#4707 = CARTESIAN_POINT('',(7.04741881344,-1.520161966425,2.704146731045
    ));
#4708 = CARTESIAN_POINT('',(7.034314961676,-1.192330062501,
    2.863852173216));
#4709 = CARTESIAN_POINT('',(7.021210989436,-0.848019016443,
    2.983984938303));
#4710 = CARTESIAN_POINT('',(7.008106417288,-0.491972854741,3.06288638397
    ));
#4711 = CARTESIAN_POINT('',(6.999368948769,-0.250045863844,
    3.087269552718));
#4712 = CARTESIAN_POINT('',(6.995,-0.128778715306,3.092319686333));
#4713 = PCURVE('',#4029,#4714);
#4714 = DEFINITIONAL_REPRESENTATION('',(#4715),#4718);
#4715 = B_SPLINE_CURVE_WITH_KNOTS('',1,(#4716,#4717),.UNSPECIFIED.,.F.,
  .F.,(2,2),(0.,1.),.PIECEWISE_BEZIER_KNOTS.);
#4716 = CARTESIAN_POINT('',(0.,4.889636892209));
#4717 = CARTESIAN_POINT('',(1.529175679649,5.06));
#4718 = ( GEOMETRIC_REPRESENTATION_CONTEXT(2) 
PARAMETRIC_REPRESENTATION_CONTEXT() REPRESENTATION_CONTEXT('2D SPACE',''
  ) );
#4719 = PCURVE('',#2728,#4720);
#4720 = DEFINITIONAL_REPRESENTATION('',(#4721),#4724);
#4721 = B_SPLINE_CURVE_WITH_KNOTS('',1,(#4722,#4723),.UNSPECIFIED.,.F.,
  .F.,(2,2),(0.,1.),.PIECEWISE_BEZIER_KNOTS.);
#4722 = CARTESIAN_POINT('',(0.421616538462,0.538461557572));
#4723 = CARTESIAN_POINT('',(0.421628209371,0.613346496599));
#4724 = ( GEOMETRIC_REPRESENTATION_CONTEXT(2) 
PARAMETRIC_REPRESENTATION_CONTEXT() REPRESENTATION_CONTEXT('2D SPACE',''
  ) );
#4725 = ORIENTED_EDGE('',*,*,#4726,.F.);
#4726 = EDGE_CURVE('',#4010,#4693,#4727,.T.);
#4727 = SURFACE_CURVE('',#4728,(#4733,#4740),.PCURVE_S1.);
#4728 = CIRCLE('',#4729,3.095);
#4729 = AXIS2_PLACEMENT_3D('',#4730,#4731,#4732);
#4730 = CARTESIAN_POINT('',(6.995,0.,0.));
#4731 = DIRECTION('',(-1.,0.,0.));
#4732 = DIRECTION('',(0.,-0.999930314741,1.180532348129E-02));
#4733 = PCURVE('',#4029,#4734);
#4734 = DEFINITIONAL_REPRESENTATION('',(#4735),#4739);
#4735 = LINE('',#4736,#4737);
#4736 = CARTESIAN_POINT('',(1.180559770794E-02,5.06));
#4737 = VECTOR('',#4738,1.);
#4738 = DIRECTION('',(1.,0.));
#4739 = ( GEOMETRIC_REPRESENTATION_CONTEXT(2) 
PARAMETRIC_REPRESENTATION_CONTEXT() REPRESENTATION_CONTEXT('2D SPACE',''
  ) );
#4740 = PCURVE('',#4588,#4741);
#4741 = DEFINITIONAL_REPRESENTATION('',(#4742),#4746);
#4742 = LINE('',#4743,#4744);
#4743 = CARTESIAN_POINT('',(9.412972363061,0.1975));
#4744 = VECTOR('',#4745,1.);
#4745 = DIRECTION('',(-1.,0.));
#4746 = ( GEOMETRIC_REPRESENTATION_CONTEXT(2) 
PARAMETRIC_REPRESENTATION_CONTEXT() REPRESENTATION_CONTEXT('2D SPACE',''
  ) );
#4747 = ORIENTED_EDGE('',*,*,#4009,.T.);
#4748 = ADVANCED_FACE('',(#4749),#4588,.T.);
#4749 = FACE_BOUND('',#4750,.T.);
#4750 = EDGE_LOOP('',(#4751,#4781,#4810,#4837,#4838,#4839));
#4751 = ORIENTED_EDGE('',*,*,#4752,.T.);
#4752 = EDGE_CURVE('',#4753,#4755,#4757,.T.);
#4753 = VERTEX_POINT('',#4754);
#4754 = CARTESIAN_POINT('',(6.674713372087,-2.774713372087,0.));
#4755 = VERTEX_POINT('',#4756);
#4756 = CARTESIAN_POINT('',(6.6,-2.7,0.));
#4757 = SURFACE_CURVE('',#4758,(#4762,#4769),.PCURVE_S1.);
#4758 = LINE('',#4759,#4760);
#4759 = CARTESIAN_POINT('',(6.674713372087,-2.774713372087,0.));
#4760 = VECTOR('',#4761,1.);
#4761 = DIRECTION('',(-0.707106781186,0.707106781187,1.286398823529E-14)
  );
#4762 = PCURVE('',#4588,#4763);
#4763 = DEFINITIONAL_REPRESENTATION('',(#4764),#4768);
#4764 = LINE('',#4765,#4766);
#4765 = CARTESIAN_POINT('',(3.14159265359,-0.122786627913));
#4766 = VECTOR('',#4767,1.);
#4767 = DIRECTION('',(-5.943905320362E-15,-1.));
#4768 = ( GEOMETRIC_REPRESENTATION_CONTEXT(2) 
PARAMETRIC_REPRESENTATION_CONTEXT() REPRESENTATION_CONTEXT('2D SPACE',''
  ) );
#4769 = PCURVE('',#4770,#4775);
#4770 = CONICAL_SURFACE('',#4771,2.737356686044,0.785398163397);
#4771 = AXIS2_PLACEMENT_3D('',#4772,#4773,#4774);
#4772 = CARTESIAN_POINT('',(6.637356686044,0.,0.));
#4773 = DIRECTION('',(1.,0.,0.));
#4774 = DIRECTION('',(-0.,1.,0.));
#4775 = DEFINITIONAL_REPRESENTATION('',(#4776),#4780);
#4776 = LINE('',#4777,#4778);
#4777 = CARTESIAN_POINT('',(3.14159265359,3.7356686043E-02));
#4778 = VECTOR('',#4779,1.);
#4779 = DIRECTION('',(-5.943905320362E-15,-1.));
#4780 = ( GEOMETRIC_REPRESENTATION_CONTEXT(2) 
PARAMETRIC_REPRESENTATION_CONTEXT() REPRESENTATION_CONTEXT('2D SPACE',''
  ) );
#4781 = ORIENTED_EDGE('',*,*,#4782,.T.);
#4782 = EDGE_CURVE('',#4755,#4783,#4785,.T.);
#4783 = VERTEX_POINT('',#4784);
#4784 = CARTESIAN_POINT('',(6.6,2.7,0.));
#4785 = SURFACE_CURVE('',#4786,(#4791,#4798),.PCURVE_S1.);
#4786 = CIRCLE('',#4787,2.7);
#4787 = AXIS2_PLACEMENT_3D('',#4788,#4789,#4790);
#4788 = CARTESIAN_POINT('',(6.6,0.,0.));
#4789 = DIRECTION('',(1.,0.,0.));
#4790 = DIRECTION('',(0.,-1.,0.));
#4791 = PCURVE('',#4588,#4792);
#4792 = DEFINITIONAL_REPRESENTATION('',(#4793),#4797);
#4793 = LINE('',#4794,#4795);
#4794 = CARTESIAN_POINT('',(3.14159265359,-0.1975));
#4795 = VECTOR('',#4796,1.);
#4796 = DIRECTION('',(1.,0.));
#4797 = ( GEOMETRIC_REPRESENTATION_CONTEXT(2) 
PARAMETRIC_REPRESENTATION_CONTEXT() REPRESENTATION_CONTEXT('2D SPACE',''
  ) );
#4798 = PCURVE('',#4799,#4804);
#4799 = CYLINDRICAL_SURFACE('',#4800,2.7);
#4800 = AXIS2_PLACEMENT_3D('',#4801,#4802,#4803);
#4801 = CARTESIAN_POINT('',(12.055,0.,0.));
#4802 = DIRECTION('',(-1.,0.,0.));
#4803 = DIRECTION('',(0.,-1.,0.));
#4804 = DEFINITIONAL_REPRESENTATION('',(#4805),#4809);
#4805 = LINE('',#4806,#4807);
#4806 = CARTESIAN_POINT('',(6.28318530718,5.455));
#4807 = VECTOR('',#4808,1.);
#4808 = DIRECTION('',(-1.,0.));
#4809 = ( GEOMETRIC_REPRESENTATION_CONTEXT(2) 
PARAMETRIC_REPRESENTATION_CONTEXT() REPRESENTATION_CONTEXT('2D SPACE',''
  ) );
#4810 = ORIENTED_EDGE('',*,*,#4811,.F.);
#4811 = EDGE_CURVE('',#4324,#4783,#4812,.T.);
#4812 = SURFACE_CURVE('',#4813,(#4818,#4825),.PCURVE_S1.);
#4813 = CIRCLE('',#4814,2.7);
#4814 = AXIS2_PLACEMENT_3D('',#4815,#4816,#4817);
#4815 = CARTESIAN_POINT('',(6.6,0.,0.));
#4816 = DIRECTION('',(-1.,0.,0.));
#4817 = DIRECTION('',(0.,0.339148165327,0.94073297059));
#4818 = PCURVE('',#4588,#4819);
#4819 = DEFINITIONAL_REPRESENTATION('',(#4820),#4824);
#4820 = LINE('',#4821,#4822);
#4821 = CARTESIAN_POINT('',(7.507970385447,-0.1975));
#4822 = VECTOR('',#4823,1.);
#4823 = DIRECTION('',(-1.,0.));
#4824 = ( GEOMETRIC_REPRESENTATION_CONTEXT(2) 
PARAMETRIC_REPRESENTATION_CONTEXT() REPRESENTATION_CONTEXT('2D SPACE',''
  ) );
#4825 = PCURVE('',#4826,#4831);
#4826 = CYLINDRICAL_SURFACE('',#4827,2.7);
#4827 = AXIS2_PLACEMENT_3D('',#4828,#4829,#4830);
#4828 = CARTESIAN_POINT('',(12.055,0.,0.));
#4829 = DIRECTION('',(-1.,0.,0.));
#4830 = DIRECTION('',(0.,-1.,0.));
#4831 = DEFINITIONAL_REPRESENTATION('',(#4832),#4836);
#4832 = LINE('',#4833,#4834);
#4833 = CARTESIAN_POINT('',(1.916807575322,5.455));
#4834 = VECTOR('',#4835,1.);
#4835 = DIRECTION('',(1.,0.));
#4836 = ( GEOMETRIC_REPRESENTATION_CONTEXT(2) 
PARAMETRIC_REPRESENTATION_CONTEXT() REPRESENTATION_CONTEXT('2D SPACE',''
  ) );
#4837 = ORIENTED_EDGE('',*,*,#4492,.T.);
#4838 = ORIENTED_EDGE('',*,*,#4726,.T.);
#4839 = ORIENTED_EDGE('',*,*,#4840,.F.);
#4840 = EDGE_CURVE('',#4753,#4693,#4841,.T.);
#4841 = SURFACE_CURVE('',#4842,(#4884,#5045),.PCURVE_S1.);
#4842 = B_SPLINE_CURVE_WITH_KNOTS('',3,(#4843,#4844,#4845,#4846,#4847,
    #4848,#4849,#4850,#4851,#4852,#4853,#4854,#4855,#4856,#4857,#4858,
    #4859,#4860,#4861,#4862,#4863,#4864,#4865,#4866,#4867,#4868,#4869,
    #4870,#4871,#4872,#4873,#4874,#4875,#4876,#4877,#4878,#4879,#4880,
    #4881,#4882,#4883),.UNSPECIFIED.,.F.,.F.,(4,1,1,1,1,1,1,1,1,1,1,1,1,
    1,1,1,1,1,1,1,1,1,1,1,1,1,1,1,1,1,1,1,1,1,1,1,1,1,4),(0.,
    2.631578947368E-02,5.263157894737E-02,7.894736842105E-02,
    0.105263157895,0.131578947368,0.157894736842,0.184210526316,
    0.21052631579,0.236842105263,0.263157894737,0.289473684211,
    0.315789473684,0.342105263158,0.368421052632,0.394736842105,
    0.421052631579,0.447368421053,0.473684210526,0.5,0.526315789474,
    0.552631578947,0.578947368421,0.605263157895,0.631578947368,
    0.657894736842,0.684210526316,0.710526315789,0.736842105263,
    0.763157894737,0.789473684211,0.815789473684,0.842105263158,
    0.868421052632,0.894736842105,0.921052631579,0.947368421053,
    0.973684210526,1.),.UNSPECIFIED.);
#4843 = CARTESIAN_POINT('',(6.674713372087,-2.774713372087,0.));
#4844 = CARTESIAN_POINT('',(6.677562742191,-2.777562742191,
    -0.11735139059));
#4845 = CARTESIAN_POINT('',(6.683258998586,-2.768349157029,
    -0.352675427539));
#4846 = CARTESIAN_POINT('',(6.691795704212,-2.709860406731,
    -0.701832772262));
#4847 = CARTESIAN_POINT('',(6.700325413459,-2.607482443493,
    -1.041554730844));
#4848 = CARTESIAN_POINT('',(6.708848561562,-2.462691966314,
    -1.366363877416));
#4849 = CARTESIAN_POINT('',(6.717365628241,-2.27764111551,
    -1.671008324855));
#4850 = CARTESIAN_POINT('',(6.725877124917,-2.055123938699,
    -1.950544141517));
#4851 = CARTESIAN_POINT('',(6.734383354268,-1.798536361085,
    -2.200399979511));
#4852 = CARTESIAN_POINT('',(6.74288161883,-1.511935513321,
    -2.416395807778));
#4853 = CARTESIAN_POINT('',(6.751373007169,-1.199758199009,
    -2.595002902452));
#4854 = CARTESIAN_POINT('',(6.759857825335,-0.866871596832,
    -2.733248032859));
#4855 = CARTESIAN_POINT('',(6.768336630102,-0.51847086747,
    -2.828791722174));
#4856 = CARTESIAN_POINT('',(6.776809718736,-0.160016713831,
    -2.879957666043));
#4857 = CARTESIAN_POINT('',(6.78527814046,0.20289053118,-2.885756251038)
  );
#4858 = CARTESIAN_POINT('',(6.793739224662,0.564405650012,
    -2.845922537991));
#4859 = CARTESIAN_POINT('',(6.802193299333,0.918822466762,
    -2.760938464158));
#4860 = CARTESIAN_POINT('',(6.810640868598,1.260543909167,
    -2.631984350468));
#4861 = CARTESIAN_POINT('',(6.819082421161,1.584158142684,
    -2.460927200887));
#4862 = CARTESIAN_POINT('',(6.827518294395,1.884518246827,
    -2.250296955417));
#4863 = CARTESIAN_POINT('',(6.835949411442,2.156843318093,
    -2.003225434088));
#4864 = CARTESIAN_POINT('',(6.844374470844,2.396706183849,
    -1.723487839437));
#4865 = CARTESIAN_POINT('',(6.852792205408,2.600205197882,
    -1.415403788601));
#4866 = CARTESIAN_POINT('',(6.861203546543,2.764061381391,
    -1.083668249524));
#4867 = CARTESIAN_POINT('',(6.869608833266,2.88558299761,-0.733368070596
    ));
#4868 = CARTESIAN_POINT('',(6.878008542541,2.96272903312,-0.369882493202
    ));
#4869 = CARTESIAN_POINT('',(6.886403158111,2.994136579471,
    1.194861273256E-03));
#4870 = CARTESIAN_POINT('',(6.894792965293,2.979136515491,0.374129967583
    ));
#4871 = CARTESIAN_POINT('',(6.903175377866,2.917808725865,0.743018720002
    ));
#4872 = CARTESIAN_POINT('',(6.911551435516,2.810956310319,1.102171206605
    ));
#4873 = CARTESIAN_POINT('',(6.919921427894,2.660076810648,1.446003712409
    ));
#4874 = CARTESIAN_POINT('',(6.928285886987,2.467342074781,1.769165459013
    ));
#4875 = CARTESIAN_POINT('',(6.936645094417,2.235573994666,2.066601417806
    ));
#4876 = CARTESIAN_POINT('',(6.945000058636,1.968169941857,2.333656092169
    ));
#4877 = CARTESIAN_POINT('',(6.953348212691,1.669207280126,2.566024315489
    ));
#4878 = CARTESIAN_POINT('',(6.961689864201,1.343181057075,2.760035898669
    ));
#4879 = CARTESIAN_POINT('',(6.970025500634,0.994993260047,2.912598174328
    ));
#4880 = CARTESIAN_POINT('',(6.978355568481,0.629892825141,3.02123982316)
  );
#4881 = CARTESIAN_POINT('',(6.986680465413,0.253397208756,3.084148793936
    ));
#4882 = CARTESIAN_POINT('',(6.992227351658,-1.400856333605E-03,
    3.094849247055));
#4883 = CARTESIAN_POINT('',(6.995,-0.128778715306,3.092319686333));
#4884 = PCURVE('',#4588,#4885);
#4885 = DEFINITIONAL_REPRESENTATION('',(#4886),#5044);
#4886 = B_SPLINE_CURVE_WITH_KNOTS('',3,(#4887,#4888,#4889,#4890,#4891,
    #4892,#4893,#4894,#4895,#4896,#4897,#4898,#4899,#4900,#4901,#4902,
    #4903,#4904,#4905,#4906,#4907,#4908,#4909,#4910,#4911,#4912,#4913,
    #4914,#4915,#4916,#4917,#4918,#4919,#4920,#4921,#4922,#4923,#4924,
    #4925,#4926,#4927,#4928,#4929,#4930,#4931,#4932,#4933,#4934,#4935,
    #4936,#4937,#4938,#4939,#4940,#4941,#4942,#4943,#4944,#4945,#4946,
    #4947,#4948,#4949,#4950,#4951,#4952,#4953,#4954,#4955,#4956,#4957,
    #4958,#4959,#4960,#4961,#4962,#4963,#4964,#4965,#4966,#4967,#4968,
    #4969,#4970,#4971,#4972,#4973,#4974,#4975,#4976,#4977,#4978,#4979,
    #4980,#4981,#4982,#4983,#4984,#4985,#4986,#4987,#4988,#4989,#4990,
    #4991,#4992,#4993,#4994,#4995,#4996,#4997,#4998,#4999,#5000,#5001,
    #5002,#5003,#5004,#5005,#5006,#5007,#5008,#5009,#5010,#5011,#5012,
    #5013,#5014,#5015,#5016,#5017,#5018,#5019,#5020,#5021,#5022,#5023,
    #5024,#5025,#5026,#5027,#5028,#5029,#5030,#5031,#5032,#5033,#5034,
    #5035,#5036,#5037,#5038,#5039,#5040,#5041,#5042,#5043),
  .UNSPECIFIED.,.F.,.F.,(4,1,1,1,1,1,1,1,1,1,1,1,1,1,1,1,1,1,1,1,1,1,1,1
    ,1,1,1,1,1,1,1,1,1,1,1,1,1,1,1,1,1,1,1,1,1,1,1,1,1,1,1,1,1,1,1,1,1,1
    ,1,1,1,1,1,1,1,1,1,1,1,1,1,1,1,1,1,1,1,1,1,1,1,1,1,1,1,1,1,1,1,1,1,1
    ,1,1,1,1,1,1,1,1,1,1,1,1,1,1,1,1,1,1,1,1,1,1,1,1,1,1,1,1,1,1,1,1,1,1
    ,1,1,1,1,1,1,1,1,1,1,1,1,1,1,1,1,1,1,1,1,1,1,1,1,1,1,1,1,4),(0.,
    6.493506493506E-03,1.298701298701E-02,1.948051948052E-02,
    2.597402597403E-02,3.246753246753E-02,3.896103896104E-02,
    4.545454545455E-02,5.194805194805E-02,5.844155844156E-02,
    6.493506493506E-02,7.142857142857E-02,7.792207792208E-02,
    8.441558441558E-02,9.090909090909E-02,9.74025974026E-02,
    0.103896103896,0.11038961039,0.116883116883,0.123376623377,
    0.12987012987,0.136363636364,0.142857142857,0.149350649351,
    0.155844155844,0.162337662338,0.168831168831,0.175324675325,
    0.181818181818,0.188311688312,0.194805194805,0.201298701299,
    0.207792207792,0.214285714286,0.220779220779,0.227272727273,
    0.233766233766,0.24025974026,0.246753246753,0.253246753247,
    0.25974025974,0.266233766234,0.272727272727,0.279220779221,
    0.285714285714,0.292207792208,0.298701298701,0.305194805195,
    0.311688311688,0.318181818182,0.324675324675,0.331168831169,
    0.337662337662,0.344155844156,0.350649350649,0.357142857143,
    0.363636363636,0.37012987013,0.376623376623,0.383116883117,
    0.38961038961,0.396103896104,0.402597402597,0.409090909091,
    0.415584415584,0.422077922078,0.428571428571,0.435064935065,
    0.441558441558,0.448051948052,0.454545454545,0.461038961039,
    0.467532467532,0.474025974026,0.480519480519,0.487012987013,
    0.493506493506,0.5,0.506493506494,0.512987012987,0.519480519481,
    0.525974025974,0.532467532468,0.538961038961,0.545454545455,
    0.551948051948,0.558441558442,0.564935064935,0.571428571429,
    0.577922077922,0.584415584416,0.590909090909,0.597402597403,
    0.603896103896,0.61038961039,0.616883116883,0.623376623377,
    0.62987012987,0.636363636364,0.642857142857,0.649350649351,
    0.655844155844,0.662337662338,0.668831168831,0.675324675325,
    0.681818181818,0.688311688312,0.694805194805,0.701298701299,
    0.707792207792,0.714285714286,0.720779220779,0.727272727273,
    0.733766233766,0.74025974026,0.746753246753,0.753246753247,
    0.75974025974,0.766233766234,0.772727272727,0.779220779221,
    0.785714285714,0.792207792208,0.798701298701,0.805194805195,
    0.811688311688,0.818181818182,0.824675324675,0.831168831169,
    0.837662337662,0.844155844156,0.850649350649,0.857142857143,
    0.863636363636,0.87012987013,0.876623376623,0.883116883117,
    0.88961038961,0.896103896104,0.902597402597,0.909090909091,
    0.915584415584,0.922077922078,0.928571428571,0.935064935065,
    0.941558441558,0.948051948052,0.954545454545,0.961038961039,
    0.967532467532,0.974025974026,0.980519480519,0.987012987013,
    0.993506493506,1.),.QUASI_UNIFORM_KNOTS.);
#4887 = CARTESIAN_POINT('',(3.14159265359,-0.122786627913));
#4888 = CARTESIAN_POINT('',(3.152028623632,-0.12208364941));
#4889 = CARTESIAN_POINT('',(3.172898348337,-0.120678035599));
#4890 = CARTESIAN_POINT('',(3.204196173871,-0.118570059314));
#4891 = CARTESIAN_POINT('',(3.235487115682,-0.116461427591));
#4892 = CARTESIAN_POINT('',(3.26677107541,-0.114352842043));
#4893 = CARTESIAN_POINT('',(3.298048162038,-0.112246414328));
#4894 = CARTESIAN_POINT('',(3.32931852903,-0.110140248545));
#4895 = CARTESIAN_POINT('',(3.360582225075,-0.108033538585));
#4896 = CARTESIAN_POINT('',(3.391839337994,-0.105926767274));
#4897 = CARTESIAN_POINT('',(3.423090163629,-0.10382207398));
#4898 = CARTESIAN_POINT('',(3.454334825384,-0.101717699541));
#4899 = CARTESIAN_POINT('',(3.485573315511,-9.961272677731E-02));
#4900 = CARTESIAN_POINT('',(3.516805668711,-9.750756963515E-02));
#4901 = CARTESIAN_POINT('',(3.548032123327,-9.540442357374E-02));
#4902 = CARTESIAN_POINT('',(3.579252818897,-9.330171016969E-02));
#4903 = CARTESIAN_POINT('',(3.610467754802,-9.119838238557E-02));
#4904 = CARTESIAN_POINT('',(3.641676969116,-8.90947772999E-02));
#4905 = CARTESIAN_POINT('',(3.672880700245,-8.699309029959E-02));
#4906 = CARTESIAN_POINT('',(3.704079109703,-8.489193913256E-02));
#4907 = CARTESIAN_POINT('',(3.735272205128,-8.279013845893E-02));
#4908 = CARTESIAN_POINT('',(3.76646002819,-8.068795136996E-02));
#4909 = CARTESIAN_POINT('',(3.797642824144,-7.858753997498E-02));
#4910 = CARTESIAN_POINT('',(3.828820725927,-7.64877632933E-02));
#4911 = CARTESIAN_POINT('',(3.859993688942,-7.438734757016E-02));
#4912 = CARTESIAN_POINT('',(3.891161687478,-7.228653616972E-02));
#4913 = CARTESIAN_POINT('',(3.922324978354,-7.018753733058E-02));
#4914 = CARTESIAN_POINT('',(3.953483238287,-6.808931162216E-02));
#4915 = CARTESIAN_POINT('',(3.984635698662,-6.599033214431E-02));
#4916 = CARTESIAN_POINT('',(4.015781706871,-6.389080602664E-02));
#4917 = CARTESIAN_POINT('',(4.046920658821,-6.179302760211E-02));
#4918 = CARTESIAN_POINT('',(4.078052612992,-5.969642849636E-02));
#4919 = CARTESIAN_POINT('',(4.109177785224,-5.759939189599E-02));
#4920 = CARTESIAN_POINT('',(4.140296313055,-5.550198281211E-02));
#4921 = CARTESIAN_POINT('',(4.171408529109,-5.340612206622E-02));
#4922 = CARTESIAN_POINT('',(4.202514673253,-5.131136470687E-02));
#4923 = CARTESIAN_POINT('',(4.233614703648,-4.921603139608E-02));
#4924 = CARTESIAN_POINT('',(4.264708611707,-4.712018442119E-02));
#4925 = CARTESIAN_POINT('',(4.295796527878,-4.502575490829E-02));
#4926 = CARTESIAN_POINT('',(4.326878669731,-4.293260795431E-02));
#4927 = CARTESIAN_POINT('',(4.357955070085,-4.083893120275E-02));
#4928 = CARTESIAN_POINT('',(4.389025763632,-3.874472379032E-02));
#4929 = CARTESIAN_POINT('',(4.420090933142,-3.665178424372E-02));
#4930 = CARTESIAN_POINT('',(4.451150804796,-3.456021323491E-02));
#4931 = CARTESIAN_POINT('',(4.482205346971,-3.24680735056E-02));
#4932 = CARTESIAN_POINT('',(4.513254544802,-3.037530744679E-02));
#4933 = CARTESIAN_POINT('',(4.544298494673,-2.828359219108E-02));
#4934 = CARTESIAN_POINT('',(4.575337465229,-2.619333381844E-02));
#4935 = CARTESIAN_POINT('',(4.606371617957,-2.410257737514E-02));
#4936 = CARTESIAN_POINT('',(4.637401076842,-2.201124323028E-02));
#4937 = CARTESIAN_POINT('',(4.668426180178,-1.992091296438E-02));
#4938 = CARTESIAN_POINT('',(4.699447028459,-1.783214091579E-02));
#4939 = CARTESIAN_POINT('',(4.730462841826,-1.574272506395E-02));
#4940 = CARTESIAN_POINT('',(4.761472962005,-1.365254882866E-02));
#4941 = CARTESIAN_POINT('',(4.792476755961,-1.156323414189E-02));
#4942 = CARTESIAN_POINT('',(4.823473987861,-9.475854752393E-03));
#4943 = CARTESIAN_POINT('',(4.854464736859,-7.388181387365E-03));
#4944 = CARTESIAN_POINT('',(4.885448965839,-5.299978220082E-03));
#4945 = CARTESIAN_POINT('',(4.916426744318,-3.212518007416E-03));
#4946 = CARTESIAN_POINT('',(4.947398299335,-1.126912019097E-03));
#4947 = CARTESIAN_POINT('',(4.97836369249,9.590232148544E-04));
#4948 = CARTESIAN_POINT('',(5.009322945034,3.045552609428E-03));
#4949 = CARTESIAN_POINT('',(5.040276163016,5.131497827013E-03));
#4950 = CARTESIAN_POINT('',(5.071223615712,7.215509570514E-03));
#4951 = CARTESIAN_POINT('',(5.102165359212,9.29979958839E-03));
#4952 = CARTESIAN_POINT('',(5.133101408892,1.138470321493E-02));
#4953 = CARTESIAN_POINT('',(5.164031856819,1.346917568748E-02));
#4954 = CARTESIAN_POINT('',(5.194956966911,1.555167065164E-02));
#4955 = CARTESIAN_POINT('',(5.225876768507,1.763441334849E-02));
#4956 = CARTESIAN_POINT('',(5.25679124425,1.971782199173E-02));
#4957 = CARTESIAN_POINT('',(5.287700441171,2.180098433918E-02));
#4958 = CARTESIAN_POINT('',(5.318604604842,2.388216668656E-02));
#4959 = CARTESIAN_POINT('',(5.349503910224,2.596351436076E-02));
#4960 = CARTESIAN_POINT('',(5.380398465127,2.804550785602E-02));
#4961 = CARTESIAN_POINT('',(5.41128845037,3.012735367152E-02));
#4962 = CARTESIAN_POINT('',(5.442174218117,3.220720164167E-02));
#4963 = CARTESIAN_POINT('',(5.473055431161,3.428723406593E-02));
#4964 = CARTESIAN_POINT('',(5.503931699739,3.636801456256E-02));
#4965 = CARTESIAN_POINT('',(5.534802689201,3.844876776306E-02));
#4966 = CARTESIAN_POINT('',(5.565668274554,4.052732539342E-02));
#4967 = CARTESIAN_POINT('',(5.596528171833,4.260582904457E-02));
#4968 = CARTESIAN_POINT('',(5.627381996436,4.468500314508E-02));
#4969 = CARTESIAN_POINT('',(5.65822941277,4.676423369796E-02));
#4970 = CARTESIAN_POINT('',(5.68907026173,4.884130929097E-02));
#4971 = CARTESIAN_POINT('',(5.719904749886,5.091811966382E-02));
#4972 = CARTESIAN_POINT('',(5.750732997542,5.299547565223E-02));
#4973 = CARTESIAN_POINT('',(5.781555152774,5.507291128154E-02));
#4974 = CARTESIAN_POINT('',(5.812371559256,5.714831853816E-02));
#4975 = CARTESIAN_POINT('',(5.843182324811,5.922345755564E-02));
#4976 = CARTESIAN_POINT('',(5.873987426126,6.129923971154E-02));
#4977 = CARTESIAN_POINT('',(5.904786880455,6.337524422973E-02));
#4978 = CARTESIAN_POINT('',(5.935580890326,6.544926353872E-02));
#4979 = CARTESIAN_POINT('',(5.966369592845,6.752287425542E-02));
#4980 = CARTESIAN_POINT('',(5.997152996583,6.959712574415E-02));
#4981 = CARTESIAN_POINT('',(6.027931142698,7.167168379923E-02));
#4982 = CARTESIAN_POINT('',(6.058704256585,7.374435705252E-02));
#4983 = CARTESIAN_POINT('',(6.089472493328,7.58165267169E-02));
#4984 = CARTESIAN_POINT('',(6.120235863305,7.788937673498E-02));
#4985 = CARTESIAN_POINT('',(6.150994406553,7.996264336606E-02));
#4986 = CARTESIAN_POINT('',(6.181748350122,8.203416310024E-02));
#4987 = CARTESIAN_POINT('',(6.212497820747,8.410507587238E-02));
#4988 = CARTESIAN_POINT('',(6.243242779573,8.617665566751E-02));
#4989 = CARTESIAN_POINT('',(6.273983202383,8.824865977013E-02));
#4990 = CARTESIAN_POINT('',(6.304719327499,9.031888009443E-02));
#4991 = CARTESIAN_POINT('',(6.335450844116,9.238835599533E-02));
#4992 = CARTESIAN_POINT('',(6.366177020852,9.445861580069E-02));
#4993 = CARTESIAN_POINT('',(6.396897233968,9.652945449612E-02));
#4994 = CARTESIAN_POINT('',(6.427610898552,9.859858040774E-02));
#4995 = CARTESIAN_POINT('',(6.458318068272,0.100666561349));
#4996 = CARTESIAN_POINT('',(6.489018954019,0.102735012939));
#4997 = CARTESIAN_POINT('',(6.519713688736,0.104803869935));
#4998 = CARTESIAN_POINT('',(6.550402585694,0.106871211045));
#4999 = CARTESIAN_POINT('',(6.581085872125,0.108937480071));
#5000 = CARTESIAN_POINT('',(6.61176351208,0.111004356025));
#5001 = CARTESIAN_POINT('',(6.642435498456,0.113071776882));
#5002 = CARTESIAN_POINT('',(6.673101950689,0.115137811739));
#5003 = CARTESIAN_POINT('',(6.703763073982,0.117202594403));
#5004 = CARTESIAN_POINT('',(6.734418904666,0.119267936537));
#5005 = CARTESIAN_POINT('',(6.765069477717,0.121333839108));
#5006 = CARTESIAN_POINT('',(6.795714963889,0.123398503713));
#5007 = CARTESIAN_POINT('',(6.826355576106,0.125461828778));
#5008 = CARTESIAN_POINT('',(6.85699128847,0.127525751097));
#5009 = CARTESIAN_POINT('',(6.887622088225,0.129590328509));
#5010 = CARTESIAN_POINT('',(6.918248063206,0.131653884195));
#5011 = CARTESIAN_POINT('',(6.948869466809,0.133716010925));
#5012 = CARTESIAN_POINT('',(6.979486459901,0.135778662489));
#5013 = CARTESIAN_POINT('',(7.010099164094,0.137841918453));
#5014 = CARTESIAN_POINT('',(7.04070790113,0.139904197244));
#5015 = CARTESIAN_POINT('',(7.071312762606,0.141964944206));
#5016 = CARTESIAN_POINT('',(7.101913004697,0.144026362429));
#5017 = CARTESIAN_POINT('',(7.132507997504,0.146088570241));
#5018 = CARTESIAN_POINT('',(7.163097129954,0.148149947836));
#5019 = CARTESIAN_POINT('',(7.193680168986,0.150209422103));
#5020 = CARTESIAN_POINT('',(7.224257193837,0.152269221825));
#5021 = CARTESIAN_POINT('',(7.254828170002,0.154329583222));
#5022 = CARTESIAN_POINT('',(7.285393160718,0.156389234087));
#5023 = CARTESIAN_POINT('',(7.315952377487,0.158447062247));
#5024 = CARTESIAN_POINT('',(7.346505884959,0.160505249048));
#5025 = CARTESIAN_POINT('',(7.377053706787,0.162564058675));
#5026 = CARTESIAN_POINT('',(7.40759594425,0.164622312257));
#5027 = CARTESIAN_POINT('',(7.438132849829,0.166678660238));
#5028 = CARTESIAN_POINT('',(7.468664476532,0.168735317005));
#5029 = CARTESIAN_POINT('',(7.499190837135,0.170792619997));
#5030 = CARTESIAN_POINT('',(7.529712012927,0.172849526616));
#5031 = CARTESIAN_POINT('',(7.560228248274,0.174904488974));
#5032 = CARTESIAN_POINT('',(7.590739593878,0.176959721538));
#5033 = CARTESIAN_POINT('',(7.621246052277,0.179015637463));
#5034 = CARTESIAN_POINT('',(7.651747687264,0.181071321753));
#5035 = CARTESIAN_POINT('',(7.682244739692,0.183125044161));
#5036 = CARTESIAN_POINT('',(7.712737311423,0.185178972152));
#5037 = CARTESIAN_POINT('',(7.74322544408,0.187233594499));
#5038 = CARTESIAN_POINT('',(7.773709240292,0.189288113501));
#5039 = CARTESIAN_POINT('',(7.804188974399,0.191340665276));
#5040 = CARTESIAN_POINT('',(7.834664586443,0.193393364686));
#5041 = CARTESIAN_POINT('',(7.865135938897,0.195446894367));
#5042 = CARTESIAN_POINT('',(7.885447316427,0.196815728674));
#5043 = CARTESIAN_POINT('',(7.89560228112,0.1975));
#5044 = ( GEOMETRIC_REPRESENTATION_CONTEXT(2) 
PARAMETRIC_REPRESENTATION_CONTEXT() REPRESENTATION_CONTEXT('2D SPACE',''
  ) );
#5045 = PCURVE('',#2728,#5046);
#5046 = DEFINITIONAL_REPRESENTATION('',(#5047),#5205);
#5047 = B_SPLINE_CURVE_WITH_KNOTS('',3,(#5048,#5049,#5050,#5051,#5052,
    #5053,#5054,#5055,#5056,#5057,#5058,#5059,#5060,#5061,#5062,#5063,
    #5064,#5065,#5066,#5067,#5068,#5069,#5070,#5071,#5072,#5073,#5074,
    #5075,#5076,#5077,#5078,#5079,#5080,#5081,#5082,#5083,#5084,#5085,
    #5086,#5087,#5088,#5089,#5090,#5091,#5092,#5093,#5094,#5095,#5096,
    #5097,#5098,#5099,#5100,#5101,#5102,#5103,#5104,#5105,#5106,#5107,
    #5108,#5109,#5110,#5111,#5112,#5113,#5114,#5115,#5116,#5117,#5118,
    #5119,#5120,#5121,#5122,#5123,#5124,#5125,#5126,#5127,#5128,#5129,
    #5130,#5131,#5132,#5133,#5134,#5135,#5136,#5137,#5138,#5139,#5140,
    #5141,#5142,#5143,#5144,#5145,#5146,#5147,#5148,#5149,#5150,#5151,
    #5152,#5153,#5154,#5155,#5156,#5157,#5158,#5159,#5160,#5161,#5162,
    #5163,#5164,#5165,#5166,#5167,#5168,#5169,#5170,#5171,#5172,#5173,
    #5174,#5175,#5176,#5177,#5178,#5179,#5180,#5181,#5182,#5183,#5184,
    #5185,#5186,#5187,#5188,#5189,#5190,#5191,#5192,#5193,#5194,#5195,
    #5196,#5197,#5198,#5199,#5200,#5201,#5202,#5203,#5204),
  .UNSPECIFIED.,.F.,.F.,(4,1,1,1,1,1,1,1,1,1,1,1,1,1,1,1,1,1,1,1,1,1,1,1
    ,1,1,1,1,1,1,1,1,1,1,1,1,1,1,1,1,1,1,1,1,1,1,1,1,1,1,1,1,1,1,1,1,1,1
    ,1,1,1,1,1,1,1,1,1,1,1,1,1,1,1,1,1,1,1,1,1,1,1,1,1,1,1,1,1,1,1,1,1,1
    ,1,1,1,1,1,1,1,1,1,1,1,1,1,1,1,1,1,1,1,1,1,1,1,1,1,1,1,1,1,1,1,1,1,1
    ,1,1,1,1,1,1,1,1,1,1,1,1,1,1,1,1,1,1,1,1,1,1,1,1,1,1,1,1,4),(0.,
    6.493506493506E-03,1.298701298701E-02,1.948051948052E-02,
    2.597402597403E-02,3.246753246753E-02,3.896103896104E-02,
    4.545454545455E-02,5.194805194805E-02,5.844155844156E-02,
    6.493506493506E-02,7.142857142857E-02,7.792207792208E-02,
    8.441558441558E-02,9.090909090909E-02,9.74025974026E-02,
    0.103896103896,0.11038961039,0.116883116883,0.123376623377,
    0.12987012987,0.136363636364,0.142857142857,0.149350649351,
    0.155844155844,0.162337662338,0.168831168831,0.175324675325,
    0.181818181818,0.188311688312,0.194805194805,0.201298701299,
    0.207792207792,0.214285714286,0.220779220779,0.227272727273,
    0.233766233766,0.24025974026,0.246753246753,0.253246753247,
    0.25974025974,0.266233766234,0.272727272727,0.279220779221,
    0.285714285714,0.292207792208,0.298701298701,0.305194805195,
    0.311688311688,0.318181818182,0.324675324675,0.331168831169,
    0.337662337662,0.344155844156,0.350649350649,0.357142857143,
    0.363636363636,0.37012987013,0.376623376623,0.383116883117,
    0.38961038961,0.396103896104,0.402597402597,0.409090909091,
    0.415584415584,0.422077922078,0.428571428571,0.435064935065,
    0.441558441558,0.448051948052,0.454545454545,0.461038961039,
    0.467532467532,0.474025974026,0.480519480519,0.487012987013,
    0.493506493506,0.5,0.506493506494,0.512987012987,0.519480519481,
    0.525974025974,0.532467532468,0.538961038961,0.545454545455,
    0.551948051948,0.558441558442,0.564935064935,0.571428571429,
    0.577922077922,0.584415584416,0.590909090909,0.597402597403,
    0.603896103896,0.61038961039,0.616883116883,0.623376623377,
    0.62987012987,0.636363636364,0.642857142857,0.649350649351,
    0.655844155844,0.662337662338,0.668831168831,0.675324675325,
    0.681818181818,0.688311688312,0.694805194805,0.701298701299,
    0.707792207792,0.714285714286,0.720779220779,0.727272727273,
    0.733766233766,0.74025974026,0.746753246753,0.753246753247,
    0.75974025974,0.766233766234,0.772727272727,0.779220779221,
    0.785714285714,0.792207792208,0.798701298701,0.805194805195,
    0.811688311688,0.818181818182,0.824675324675,0.831168831169,
    0.837662337662,0.844155844156,0.850649350649,0.857142857143,
    0.863636363636,0.87012987013,0.876623376623,0.883116883117,
    0.88961038961,0.896103896104,0.902597402597,0.909090909091,
    0.915584415584,0.922077922078,0.928571428571,0.935064935065,
    0.941558441558,0.948051948052,0.954545454545,0.961038961039,
    0.967532467532,0.974025974026,0.980519480519,0.987012987013,
    0.993506493506,1.),.QUASI_UNIFORM_KNOTS.);
#5048 = CARTESIAN_POINT('',(7.974974953966E-02,0.846153881933));
#5049 = CARTESIAN_POINT('',(8.049723009944E-02,0.845642803473));
#5050 = CARTESIAN_POINT('',(8.199776585812E-02,0.844620750831));
#5051 = CARTESIAN_POINT('',(8.425909130117E-02,0.84308801241));
#5052 = CARTESIAN_POINT('',(8.652500445753E-02,0.841555650595));
#5053 = CARTESIAN_POINT('',(8.878863316336E-02,0.840023672221));
#5054 = CARTESIAN_POINT('',(9.104308865497E-02,0.838492062506));
#5055 = CARTESIAN_POINT('',(9.32895027895E-02,0.836960792554));
#5056 = CARTESIAN_POINT('',(9.552944865439E-02,0.835429836671));
#5057 = CARTESIAN_POINT('',(9.77646069129E-02,0.833899171116));
#5058 = CARTESIAN_POINT('',(9.999632235494E-02,0.832368772308));
#5059 = CARTESIAN_POINT('',(0.102233399116,0.830838636734));
#5060 = CARTESIAN_POINT('',(0.104486645238,0.829308791594));
#5061 = CARTESIAN_POINT('',(0.106748128572,0.827779275299));
#5062 = CARTESIAN_POINT('',(0.109007277735,0.826250091069));
#5063 = CARTESIAN_POINT('',(0.111261664604,0.824721227434));
#5064 = CARTESIAN_POINT('',(0.113509957659,0.823192667951));
#5065 = CARTESIAN_POINT('',(0.115750862987,0.821664389111));
#5066 = CARTESIAN_POINT('',(0.117982341008,0.820136358581));
#5067 = CARTESIAN_POINT('',(0.12020987667,0.818608551115));
#5068 = CARTESIAN_POINT('',(0.122440219946,0.817080960888));
#5069 = CARTESIAN_POINT('',(0.124681602706,0.815553597733));
#5070 = CARTESIAN_POINT('',(0.126934419522,0.814026489489));
#5071 = CARTESIAN_POINT('',(0.12919033495,0.812499658306));
#5072 = CARTESIAN_POINT('',(0.131445722721,0.81097311061));
#5073 = CARTESIAN_POINT('',(0.133696019409,0.809446838466));
#5074 = CARTESIAN_POINT('',(0.135935960812,0.807920811674));
#5075 = CARTESIAN_POINT('',(0.138167187147,0.806395022864));
#5076 = CARTESIAN_POINT('',(0.140394096222,0.804869488336));
#5077 = CARTESIAN_POINT('',(0.142620703435,0.803344227981));
#5078 = CARTESIAN_POINT('',(0.144849265587,0.801819274068));
#5079 = CARTESIAN_POINT('',(0.147090668004,0.800294645816));
#5080 = CARTESIAN_POINT('',(0.149342653056,0.79877037277));
#5081 = CARTESIAN_POINT('',(0.151596761427,0.797246465684));
#5082 = CARTESIAN_POINT('',(0.153845154335,0.795722908237));
#5083 = CARTESIAN_POINT('',(0.156085194391,0.794199674433));
#5084 = CARTESIAN_POINT('',(0.158318246371,0.792676744276));
#5085 = CARTESIAN_POINT('',(0.160545097453,0.791154096015));
#5086 = CARTESIAN_POINT('',(0.162765853723,0.789631706716));
#5087 = CARTESIAN_POINT('',(0.164985576268,0.78810955851));
#5088 = CARTESIAN_POINT('',(0.16721440787,0.786587656429));
#5089 = CARTESIAN_POINT('',(0.169459388131,0.785066032479));
#5090 = CARTESIAN_POINT('',(0.171708186842,0.783544713221));
#5091 = CARTESIAN_POINT('',(0.173954495432,0.78202369616));
#5092 = CARTESIAN_POINT('',(0.176196640261,0.780502975067));
#5093 = CARTESIAN_POINT('',(0.178432285744,0.778982533272));
#5094 = CARTESIAN_POINT('',(0.18065855576,0.777462345055));
#5095 = CARTESIAN_POINT('',(0.18287650475,0.775942376466));
#5096 = CARTESIAN_POINT('',(0.185092925807,0.774422604057));
#5097 = CARTESIAN_POINT('',(0.187313162507,0.772903019802));
#5098 = CARTESIAN_POINT('',(0.189544484061,0.771383624126));
#5099 = CARTESIAN_POINT('',(0.191786024934,0.769864452803));
#5100 = CARTESIAN_POINT('',(0.194031438242,0.76834556636));
#5101 = CARTESIAN_POINT('',(0.196275669006,0.766826999181));
#5102 = CARTESIAN_POINT('',(0.198512439356,0.765308771961));
#5103 = CARTESIAN_POINT('',(0.200738522834,0.76379087722));
#5104 = CARTESIAN_POINT('',(0.202957637371,0.762273287534));
#5105 = CARTESIAN_POINT('',(0.205172561411,0.760755985385));
#5106 = CARTESIAN_POINT('',(0.207385971422,0.759238957882));
#5107 = CARTESIAN_POINT('',(0.209602343652,0.757722198002));
#5108 = CARTESIAN_POINT('',(0.21183465185,0.756205727443));
#5109 = CARTESIAN_POINT('',(0.214076370447,0.754689584223));
#5110 = CARTESIAN_POINT('',(0.216318157762,0.75317377787));
#5111 = CARTESIAN_POINT('',(0.2185530982,0.751658293125));
#5112 = CARTESIAN_POINT('',(0.220781445755,0.750143111051));
#5113 = CARTESIAN_POINT('',(0.223002759334,0.748628209624));
#5114 = CARTESIAN_POINT('',(0.225216570079,0.747113563299));
#5115 = CARTESIAN_POINT('',(0.227423801327,0.745599143373));
#5116 = CARTESIAN_POINT('',(0.229632749982,0.744084941313));
#5117 = CARTESIAN_POINT('',(0.2318520313,0.742570967057));
#5118 = CARTESIAN_POINT('',(0.234086082539,0.741057254044));
#5119 = CARTESIAN_POINT('',(0.2363222965,0.739543823084));
#5120 = CARTESIAN_POINT('',(0.238557948425,0.738030671433));
#5121 = CARTESIAN_POINT('',(0.240789255035,0.736517786148));
#5122 = CARTESIAN_POINT('',(0.243012726448,0.735005141293));
#5123 = CARTESIAN_POINT('',(0.245225339842,0.733492698938));
#5124 = CARTESIAN_POINT('',(0.247432138223,0.731980453784));
#5125 = CARTESIAN_POINT('',(0.249637965367,0.730468410907));
#5126 = CARTESIAN_POINT('',(0.251846995485,0.728956585866));
#5127 = CARTESIAN_POINT('',(0.254065821814,0.72744500275));
#5128 = CARTESIAN_POINT('',(0.25629698429,0.725933714187));
#5129 = CARTESIAN_POINT('',(0.258531983704,0.724422761102));
#5130 = CARTESIAN_POINT('',(0.26076465894,0.722912162164));
#5131 = CARTESIAN_POINT('',(0.262987862077,0.721401915157));
#5132 = CARTESIAN_POINT('',(0.265202784612,0.719891989479));
#5133 = CARTESIAN_POINT('',(0.267411028386,0.718382356912));
#5134 = CARTESIAN_POINT('',(0.269614324683,0.716872991601));
#5135 = CARTESIAN_POINT('',(0.271814121495,0.715363867798));
#5136 = CARTESIAN_POINT('',(0.274019155076,0.713854982465));
#5137 = CARTESIAN_POINT('',(0.276240647272,0.712346361386));
#5138 = CARTESIAN_POINT('',(0.278471338539,0.710838042808));
#5139 = CARTESIAN_POINT('',(0.28070017197,0.709330032444));
#5140 = CARTESIAN_POINT('',(0.282924536305,0.70782232028));
#5141 = CARTESIAN_POINT('',(0.285142843209,0.706314890969));
#5142 = CARTESIAN_POINT('',(0.287353556601,0.704807722077));
#5143 = CARTESIAN_POINT('',(0.289554410066,0.703300782404));
#5144 = CARTESIAN_POINT('',(0.291750586161,0.701794046748));
#5145 = CARTESIAN_POINT('',(0.293948811507,0.700287507513));
#5146 = CARTESIAN_POINT('',(0.296156287192,0.698781170964));
#5147 = CARTESIAN_POINT('',(0.298376772754,0.697275060288));
#5148 = CARTESIAN_POINT('',(0.300602175475,0.695769201762));
#5149 = CARTESIAN_POINT('',(0.30282816795,0.694263604898));
#5150 = CARTESIAN_POINT('',(0.305049725091,0.692758264775));
#5151 = CARTESIAN_POINT('',(0.307261046477,0.691253154304));
#5152 = CARTESIAN_POINT('',(0.309463249448,0.689748266819));
#5153 = CARTESIAN_POINT('',(0.311660214652,0.688243616686));
#5154 = CARTESIAN_POINT('',(0.313855431083,0.686739220125));
#5155 = CARTESIAN_POINT('',(0.316050716456,0.685235104376));
#5156 = CARTESIAN_POINT('',(0.318256260302,0.683731280254));
#5157 = CARTESIAN_POINT('',(0.320476299615,0.682227774805));
#5158 = CARTESIAN_POINT('',(0.322700644063,0.680724607088));
#5159 = CARTESIAN_POINT('',(0.324920938916,0.67922176659));
#5160 = CARTESIAN_POINT('',(0.32713368542,0.677719232359));
#5161 = CARTESIAN_POINT('',(0.329339463062,0.676216986865));
#5162 = CARTESIAN_POINT('',(0.33153827508,0.674715008978));
#5163 = CARTESIAN_POINT('',(0.333729362148,0.673213274572));
#5164 = CARTESIAN_POINT('',(0.335917281179,0.671711761837));
#5165 = CARTESIAN_POINT('',(0.338110388708,0.670210468949));
#5166 = CARTESIAN_POINT('',(0.340318888987,0.668709414456));
#5167 = CARTESIAN_POINT('',(0.342536512493,0.667208630429));
#5168 = CARTESIAN_POINT('',(0.344754221407,0.665708124867));
#5169 = CARTESIAN_POINT('',(0.346969748725,0.664207898045));
#5170 = CARTESIAN_POINT('',(0.349179574149,0.662707938209));
#5171 = CARTESIAN_POINT('',(0.351379769702,0.661208222418));
#5172 = CARTESIAN_POINT('',(0.353570348779,0.659708717136));
#5173 = CARTESIAN_POINT('',(0.355756889621,0.658209395531));
#5174 = CARTESIAN_POINT('',(0.357944279963,0.656710242777));
#5175 = CARTESIAN_POINT('',(0.360136613837,0.655211248553));
#5176 = CARTESIAN_POINT('',(0.362342591807,0.653712435595));
#5177 = CARTESIAN_POINT('',(0.364557726068,0.652213876163));
#5178 = CARTESIAN_POINT('',(0.366774839263,0.650715613568));
#5179 = CARTESIAN_POINT('',(0.368986554019,0.64921767539));
#5180 = CARTESIAN_POINT('',(0.371188243257,0.64772005905));
#5181 = CARTESIAN_POINT('',(0.373382289142,0.646222739104));
#5182 = CARTESIAN_POINT('',(0.375570139458,0.644725696204));
#5183 = CARTESIAN_POINT('',(0.377753098058,0.643228911722));
#5184 = CARTESIAN_POINT('',(0.379934544459,0.641732370009));
#5185 = CARTESIAN_POINT('',(0.382125477601,0.64023607508));
#5186 = CARTESIAN_POINT('',(0.384333156864,0.638740058442));
#5187 = CARTESIAN_POINT('',(0.386545887012,0.637244347957));
#5188 = CARTESIAN_POINT('',(0.388755408194,0.635748940083));
#5189 = CARTESIAN_POINT('',(0.390960323456,0.634253824974));
#5190 = CARTESIAN_POINT('',(0.393158590426,0.632758985577));
#5191 = CARTESIAN_POINT('',(0.395348145493,0.631264397639));
#5192 = CARTESIAN_POINT('',(0.397528215711,0.629770029813));
#5193 = CARTESIAN_POINT('',(0.399705832065,0.628275864051));
#5194 = CARTESIAN_POINT('',(0.401886832884,0.626781896917));
#5195 = CARTESIAN_POINT('',(0.40407893951,0.625288138282));
#5196 = CARTESIAN_POINT('',(0.406282559564,0.623794614053));
#5197 = CARTESIAN_POINT('',(0.408490662288,0.62230134466));
#5198 = CARTESIAN_POINT('',(0.410698322808,0.620808332492));
#5199 = CARTESIAN_POINT('',(0.412899998658,0.619315564378));
#5200 = CARTESIAN_POINT('',(0.41509078787,0.61782301027));
#5201 = CARTESIAN_POINT('',(0.417273807564,0.616330651195));
#5202 = CARTESIAN_POINT('',(0.419451904521,0.614838473288));
#5203 = CARTESIAN_POINT('',(0.420902665755,0.613843803878));
#5204 = CARTESIAN_POINT('',(0.421628209371,0.613346496599));
#5205 = ( GEOMETRIC_REPRESENTATION_CONTEXT(2) 
PARAMETRIC_REPRESENTATION_CONTEXT() REPRESENTATION_CONTEXT('2D SPACE',''
  ) );
#5206 = ADVANCED_FACE('',(#5207),#2728,.F.);
#5207 = FACE_BOUND('',#5208,.F.);
#5208 = EDGE_LOOP('',(#5209,#5258,#5303,#5304,#5305,#5425,#5586,#5587,
    #5621));
#5209 = ORIENTED_EDGE('',*,*,#5210,.T.);
#5210 = EDGE_CURVE('',#5211,#5213,#5215,.T.);
#5211 = VERTEX_POINT('',#5212);
#5212 = CARTESIAN_POINT('',(7.865363107792,-3.095,0.));
#5213 = VERTEX_POINT('',#5214);
#5214 = CARTESIAN_POINT('',(7.515363107791,3.095,0.));
#5215 = SURFACE_CURVE('',#5216,(#5246,#5252),.PCURVE_S1.);
#5216 = B_SPLINE_CURVE_WITH_KNOTS('',3,(#5217,#5218,#5219,#5220,#5221,
    #5222,#5223,#5224,#5225,#5226,#5227,#5228,#5229,#5230,#5231,#5232,
    #5233,#5234,#5235,#5236,#5237,#5238,#5239,#5240,#5241,#5242,#5243,
    #5244,#5245),.UNSPECIFIED.,.F.,.F.,(4,1,1,1,1,1,1,1,1,1,1,1,1,1,1,1,
    1,1,1,1,1,1,1,1,1,1,4),(0.,3.846153846154E-02,7.692307692308E-02,
    0.115384615385,0.153846153846,0.192307692308,0.230769230769,
    0.269230769231,0.307692307692,0.346153846154,0.384615384615,
    0.423076923077,0.461538461538,0.5,0.538461538462,0.576923076923,
    0.615384615385,0.653846153846,0.692307692308,0.730769230769,
    0.769230769231,0.807692307692,0.846153846154,0.884615384615,
    0.923076923077,0.961538461538,1.),.UNSPECIFIED.);
#5217 = CARTESIAN_POINT('',(7.865363107792,-3.095,0.));
#5218 = CARTESIAN_POINT('',(7.860875118893,-3.095,0.124679271396));
#5219 = CARTESIAN_POINT('',(7.851899762063,-3.079913408459,
    0.374019856381));
#5220 = CARTESIAN_POINT('',(7.83843917639,-3.012378752793,0.742509239178
    ));
#5221 = CARTESIAN_POINT('',(7.824979280271,-2.900931628755,
    1.100154762161));
#5222 = CARTESIAN_POINT('',(7.811519043848,-2.747189574325,
    1.441770513604));
#5223 = CARTESIAN_POINT('',(7.798056692703,-2.553363054375,
    1.762416054936));
#5224 = CARTESIAN_POINT('',(7.78459243757,-2.322259486391,2.057395937408
    ));
#5225 = CARTESIAN_POINT('',(7.771131210173,-2.057340264608,
    2.322304592294));
#5226 = CARTESIAN_POINT('',(7.757671062017,-1.762448877165,2.55333512751
    ));
#5227 = CARTESIAN_POINT('',(7.744210645452,-1.441856366302,
    2.747144722802));
#5228 = CARTESIAN_POINT('',(7.730748138219,-1.10018777367,2.900924175256
    ));
#5229 = CARTESIAN_POINT('',(7.717283782679,-0.742421966297,
    3.012403878878));
#5230 = CARTESIAN_POINT('',(7.703822581311,-0.373912578717,
    3.079924703623));
#5231 = CARTESIAN_POINT('',(7.69036252703,1.617773030468E-05,
    3.10253874274));
#5232 = CARTESIAN_POINT('',(7.676902241314,0.373951100842,3.079920325131
    ));
#5233 = CARTESIAN_POINT('',(7.663440791914,0.742466471216,3.012393353048
    ));
#5234 = CARTESIAN_POINT('',(7.649976251725,1.100235101339,2.900905621751
    ));
#5235 = CARTESIAN_POINT('',(7.636514766973,1.441875724104,2.747133444258
    ));
#5236 = CARTESIAN_POINT('',(7.623054706676,1.76245904433,2.553327978238)
  );
#5237 = CARTESIAN_POINT('',(7.609594728625,2.057345797756,2.322299214998
    ));
#5238 = CARTESIAN_POINT('',(7.596133834843,2.322258319813,2.057397014686
    ));
#5239 = CARTESIAN_POINT('',(7.582669517597,2.553363196165,1.762415984636
    ));
#5240 = CARTESIAN_POINT('',(7.569207198903,2.747189181674,1.441771154813
    ));
#5241 = CARTESIAN_POINT('',(7.555746966207,2.90093132397,1.100155570843)
  );
#5242 = CARTESIAN_POINT('',(7.542287075788,3.012378519048,0.742510229606
    ));
#5243 = CARTESIAN_POINT('',(7.528826463933,3.079913400354,0.374020148632
    ));
#5244 = CARTESIAN_POINT('',(7.519851100172,3.095,0.124679368146));
#5245 = CARTESIAN_POINT('',(7.515363107791,3.095,0.));
#5246 = PCURVE('',#2728,#5247);
#5247 = DEFINITIONAL_REPRESENTATION('',(#5248),#5251);
#5248 = B_SPLINE_CURVE_WITH_KNOTS('',1,(#5249,#5250),.UNSPECIFIED.,.F.,
  .F.,(2,2),(0.,1.),.PIECEWISE_BEZIER_KNOTS.);
#5249 = CARTESIAN_POINT('',(0.421615907764,0.230769231937));
#5250 = CARTESIAN_POINT('',(0.421664966524,0.384615358496));
#5251 = ( GEOMETRIC_REPRESENTATION_CONTEXT(2) 
PARAMETRIC_REPRESENTATION_CONTEXT() REPRESENTATION_CONTEXT('2D SPACE',''
  ) );
#5252 = PCURVE('',#4133,#5253);
#5253 = DEFINITIONAL_REPRESENTATION('',(#5254),#5257);
#5254 = B_SPLINE_CURVE_WITH_KNOTS('',1,(#5255,#5256),.UNSPECIFIED.,.F.,
  .F.,(2,2),(0.,1.),.PIECEWISE_BEZIER_KNOTS.);
#5255 = CARTESIAN_POINT('',(0.,4.189636892208));
#5256 = CARTESIAN_POINT('',(3.14159265359,4.539636892209));
#5257 = ( GEOMETRIC_REPRESENTATION_CONTEXT(2) 
PARAMETRIC_REPRESENTATION_CONTEXT() REPRESENTATION_CONTEXT('2D SPACE',''
  ) );
#5258 = ORIENTED_EDGE('',*,*,#5259,.T.);
#5259 = EDGE_CURVE('',#5213,#4670,#5260,.T.);
#5260 = SURFACE_CURVE('',#5261,(#5291,#5297),.PCURVE_S1.);
#5261 = B_SPLINE_CURVE_WITH_KNOTS('',3,(#5262,#5263,#5264,#5265,#5266,
    #5267,#5268,#5269,#5270,#5271,#5272,#5273,#5274,#5275,#5276,#5277,
    #5278,#5279,#5280,#5281,#5282,#5283,#5284,#5285,#5286,#5287,#5288,
    #5289,#5290),.UNSPECIFIED.,.F.,.F.,(4,1,1,1,1,1,1,1,1,1,1,1,1,1,1,1,
    1,1,1,1,1,1,1,1,1,1,4),(0.,3.846153846154E-02,7.692307692308E-02,
    0.115384615385,0.153846153846,0.192307692308,0.230769230769,
    0.269230769231,0.307692307692,0.346153846154,0.384615384615,
    0.423076923077,0.461538461538,0.5,0.538461538462,0.576923076923,
    0.615384615385,0.653846153846,0.692307692308,0.730769230769,
    0.769230769231,0.807692307692,0.846153846154,0.884615384615,
    0.923076923077,0.961538461538,1.),.UNSPECIFIED.);
#5262 = CARTESIAN_POINT('',(7.515363107791,3.095,0.));
#5263 = CARTESIAN_POINT('',(7.510875118382,3.095,-0.124679285583));
#5264 = CARTESIAN_POINT('',(7.501899760613,3.079913403163,-0.3740198961)
  );
#5265 = CARTESIAN_POINT('',(7.488439175012,3.01237874716,-0.742509277892
    ));
#5266 = CARTESIAN_POINT('',(7.474979276748,2.900931586895,
    -1.100154850305));
#5267 = CARTESIAN_POINT('',(7.46151904509,2.747189607248,-1.441770491862
    ));
#5268 = CARTESIAN_POINT('',(7.448056669243,2.553362680388,
    -1.762416595191));
#5269 = CARTESIAN_POINT('',(7.434592501692,2.322260500107,-2.05739444908
    ));
#5270 = CARTESIAN_POINT('',(7.421131506183,2.057346329813,
    -2.322299004481));
#5271 = CARTESIAN_POINT('',(7.407671381373,1.762456198031,
    -2.553330090516));
#5272 = CARTESIAN_POINT('',(7.394211116377,1.441867757796,
    -2.747138195948));
#5273 = CARTESIAN_POINT('',(7.380749106436,1.100212895129,
    -2.900914376591));
#5274 = CARTESIAN_POINT('',(7.367284567095,0.742443295902,
    -3.012399080936));
#5275 = CARTESIAN_POINT('',(7.353823004776,0.373924311175,
    -3.079923583023));
#5276 = CARTESIAN_POINT('',(7.340362825673,-7.85483107725E-06,
    -3.102538725448));
#5277 = CARTESIAN_POINT('',(7.32690253327,-0.373943063931,
    -3.079921515116));
#5278 = CARTESIAN_POINT('',(7.31344080767,-0.742466064666,-3.01239357355
    ));
#5279 = CARTESIAN_POINT('',(7.29997636454,-1.100232146275,
    -2.900906659821));
#5280 = CARTESIAN_POINT('',(7.286514817957,-1.44187449562,
    -2.747134174627));
#5281 = CARTESIAN_POINT('',(7.27305475838,-1.762457849882,
    -2.553328775753));
#5282 = CARTESIAN_POINT('',(7.259594782548,-2.057344677059,
    -2.322300214026));
#5283 = CARTESIAN_POINT('',(7.246133905866,-2.322256959762,
    -2.057398455474));
#5284 = CARTESIAN_POINT('',(7.232669631061,-2.553361439749,
    -1.762418610606));
#5285 = CARTESIAN_POINT('',(7.219207192595,-2.747189383769,
    -1.441771066373));
#5286 = CARTESIAN_POINT('',(7.205746881929,-2.900932220942,
    -1.100153395933));
#5287 = CARTESIAN_POINT('',(7.192286957336,-3.01237927894,
    -0.742507020415));
#5288 = CARTESIAN_POINT('',(7.178826419751,-3.07991346799,
    -0.374018915178));
#5289 = CARTESIAN_POINT('',(7.169851083835,-3.095,-0.124678914314));
#5290 = CARTESIAN_POINT('',(7.165363107791,-3.095,0.));
#5291 = PCURVE('',#2728,#5292);
#5292 = DEFINITIONAL_REPRESENTATION('',(#5293),#5296);
#5293 = B_SPLINE_CURVE_WITH_KNOTS('',1,(#5294,#5295),.UNSPECIFIED.,.F.,
  .F.,(2,2),(0.,1.),.PIECEWISE_BEZIER_KNOTS.);
#5294 = CARTESIAN_POINT('',(0.421664966524,0.384615358496));
#5295 = CARTESIAN_POINT('',(0.421616538462,0.538461557572));
#5296 = ( GEOMETRIC_REPRESENTATION_CONTEXT(2) 
PARAMETRIC_REPRESENTATION_CONTEXT() REPRESENTATION_CONTEXT('2D SPACE',''
  ) );
#5297 = PCURVE('',#4081,#5298);
#5298 = DEFINITIONAL_REPRESENTATION('',(#5299),#5302);
#5299 = B_SPLINE_CURVE_WITH_KNOTS('',1,(#5300,#5301),.UNSPECIFIED.,.F.,
  .F.,(2,2),(0.,1.),.PIECEWISE_BEZIER_KNOTS.);
#5300 = CARTESIAN_POINT('',(3.14159265359,4.539636892209));
#5301 = CARTESIAN_POINT('',(6.28318530718,4.889636892209));
#5302 = ( GEOMETRIC_REPRESENTATION_CONTEXT(2) 
PARAMETRIC_REPRESENTATION_CONTEXT() REPRESENTATION_CONTEXT('2D SPACE',''
  ) );
#5303 = ORIENTED_EDGE('',*,*,#4692,.T.);
#5304 = ORIENTED_EDGE('',*,*,#4840,.F.);
#5305 = ORIENTED_EDGE('',*,*,#5306,.T.);
#5306 = EDGE_CURVE('',#4753,#5307,#5309,.T.);
#5307 = VERTEX_POINT('',#5308);
#5308 = CARTESIAN_POINT('',(6.6,-1.20307769059,2.417147920671));
#5309 = SURFACE_CURVE('',#5310,(#5323,#5374),.PCURVE_S1.);
#5310 = B_SPLINE_CURVE_WITH_KNOTS('',3,(#5311,#5312,#5313,#5314,#5315,
    #5316,#5317,#5318,#5319,#5320,#5321,#5322),.UNSPECIFIED.,.F.,.F.,(4,
    1,1,1,1,1,1,1,1,4),(0.,0.111111111111,0.222222222222,0.333333333333,
    0.444444444444,0.555555555556,0.666666666667,0.777777777778,
    0.888888888889,1.),.UNSPECIFIED.);
#5311 = CARTESIAN_POINT('',(6.674713372087,-2.774713372087,0.));
#5312 = CARTESIAN_POINT('',(6.67195535409,-2.77195535409,0.113589051407)
  );
#5313 = CARTESIAN_POINT('',(6.666437344944,-2.752469793684,
    0.340169407086));
#5314 = CARTESIAN_POINT('',(6.658154365667,-2.681932452191,0.67313242167
    ));
#5315 = CARTESIAN_POINT('',(6.649865559137,-2.571311372317,
    0.994180682431));
#5316 = CARTESIAN_POINT('',(6.641570780047,-2.422432826097,
    1.298511405746));
#5317 = CARTESIAN_POINT('',(6.633269824052,-2.237694056347,
    1.581587221621));
#5318 = CARTESIAN_POINT('',(6.62496256946,-2.020030397534,1.839199723994
    ));
#5319 = CARTESIAN_POINT('',(6.616648741322,-1.772864386651,
    2.067539448334));
#5320 = CARTESIAN_POINT('',(6.608328321538,-1.500065530929,
    2.263241715399));
#5321 = CARTESIAN_POINT('',(6.602776853684,-1.303942109941,
    2.370046861288));
#5322 = CARTESIAN_POINT('',(6.6,-1.20307769059,2.417147920671));
#5323 = PCURVE('',#2728,#5324);
#5324 = DEFINITIONAL_REPRESENTATION('',(#5325),#5373);
#5325 = B_SPLINE_CURVE_WITH_KNOTS('',3,(#5326,#5327,#5328,#5329,#5330,
    #5331,#5332,#5333,#5334,#5335,#5336,#5337,#5338,#5339,#5340,#5341,
    #5342,#5343,#5344,#5345,#5346,#5347,#5348,#5349,#5350,#5351,#5352,
    #5353,#5354,#5355,#5356,#5357,#5358,#5359,#5360,#5361,#5362,#5363,
    #5364,#5365,#5366,#5367,#5368,#5369,#5370,#5371,#5372),
  .UNSPECIFIED.,.F.,.F.,(4,1,1,1,1,1,1,1,1,1,1,1,1,1,1,1,1,1,1,1,1,1,1,1
    ,1,1,1,1,1,1,1,1,1,1,1,1,1,1,1,1,1,1,1,1,4),(0.,2.272727272727E-02,
    4.545454545455E-02,6.818181818182E-02,9.090909090909E-02,
    0.113636363636,0.136363636364,0.159090909091,0.181818181818,
    0.204545454545,0.227272727273,0.25,0.272727272727,0.295454545455,
    0.318181818182,0.340909090909,0.363636363636,0.386363636364,
    0.409090909091,0.431818181818,0.454545454545,0.477272727273,0.5,
    0.522727272727,0.545454545455,0.568181818182,0.590909090909,
    0.613636363636,0.636363636364,0.659090909091,0.681818181818,
    0.704545454545,0.727272727273,0.75,0.772727272727,0.795454545455,
    0.818181818182,0.840909090909,0.863636363636,0.886363636364,
    0.909090909091,0.931818181818,0.954545454545,0.977272727273,1.),
  .QUASI_UNIFORM_KNOTS.);
#5326 = CARTESIAN_POINT('',(7.974974953966E-02,0.846153881933));
#5327 = CARTESIAN_POINT('',(7.914947057371E-02,0.846563955863));
#5328 = CARTESIAN_POINT('',(7.795051425075E-02,0.847384155997));
#5329 = CARTESIAN_POINT('',(7.615449522188E-02,0.848614612779));
#5330 = CARTESIAN_POINT('',(7.43584940532E-02,0.84984522416));
#5331 = CARTESIAN_POINT('',(7.256014193401E-02,0.851075994238));
#5332 = CARTESIAN_POINT('',(7.075696760139E-02,0.852306930806));
#5333 = CARTESIAN_POINT('',(6.894693971622E-02,0.853538047003));
#5334 = CARTESIAN_POINT('',(6.713202033308E-02,0.85476935703));
#5335 = CARTESIAN_POINT('',(6.531390076375E-02,0.8560008689));
#5336 = CARTESIAN_POINT('',(6.349441247368E-02,0.857232585619));
#5337 = CARTESIAN_POINT('',(6.167520176466E-02,0.858464504135));
#5338 = CARTESIAN_POINT('',(5.985856061958E-02,0.859696618358));
#5339 = CARTESIAN_POINT('',(5.805150614613E-02,0.860928913697));
#5340 = CARTESIAN_POINT('',(5.625145418629E-02,0.862161370503));
#5341 = CARTESIAN_POINT('',(5.445399608181E-02,0.863393980138));
#5342 = CARTESIAN_POINT('',(5.265481641678E-02,0.864626741448));
#5343 = CARTESIAN_POINT('',(5.085098356558E-02,0.865859663816));
#5344 = CARTESIAN_POINT('',(4.904286056446E-02,0.867092760975));
#5345 = CARTESIAN_POINT('',(4.723026358183E-02,0.868326044518));
#5346 = CARTESIAN_POINT('',(4.541331352976E-02,0.86955952521));
#5347 = CARTESIAN_POINT('',(4.359164488255E-02,0.870793212173));
#5348 = CARTESIAN_POINT('',(4.176703455102E-02,0.872027114896));
#5349 = CARTESIAN_POINT('',(3.994403206495E-02,0.873261235317));
#5350 = CARTESIAN_POINT('',(3.812649568989E-02,0.874495564107));
#5351 = CARTESIAN_POINT('',(3.631898207332E-02,0.875730079502));
#5352 = CARTESIAN_POINT('',(3.451569896553E-02,0.876964762885));
#5353 = CARTESIAN_POINT('',(3.271297132319E-02,0.87819961258));
#5354 = CARTESIAN_POINT('',(3.090940247392E-02,0.879434632566));
#5355 = CARTESIAN_POINT('',(2.910305984059E-02,0.880669829329));
#5356 = CARTESIAN_POINT('',(2.729231225304E-02,0.881905212521));
#5357 = CARTESIAN_POINT('',(2.547497015736E-02,0.883140794788));
#5358 = CARTESIAN_POINT('',(2.3652109363E-02,0.884376591911));
#5359 = CARTESIAN_POINT('',(2.182637702887E-02,0.885612613703));
#5360 = CARTESIAN_POINT('',(2.000005834402E-02,0.886848862926));
#5361 = CARTESIAN_POINT('',(1.817560484395E-02,0.888085335448));
#5362 = CARTESIAN_POINT('',(1.635517977167E-02,0.889322020456));
#5363 = CARTESIAN_POINT('',(1.454371363257E-02,0.890558900918));
#5364 = CARTESIAN_POINT('',(1.27374387529E-02,0.8917959629));
#5365 = CARTESIAN_POINT('',(1.093292169718E-02,0.893033200796));
#5366 = CARTESIAN_POINT('',(9.126692042208E-03,0.894270615888));
#5367 = CARTESIAN_POINT('',(7.315013494036E-03,0.895508217202));
#5368 = CARTESIAN_POINT('',(5.49810170814E-03,0.896746019923));
#5369 = CARTESIAN_POINT('',(3.676641156414E-03,0.897984036208));
#5370 = CARTESIAN_POINT('',(1.851232822923E-03,0.899222275879));
#5371 = CARTESIAN_POINT('',(6.321002010295E-04,0.90004792196));
#5372 = CARTESIAN_POINT('',(2.209231114917E-05,0.900460784431));
#5373 = ( GEOMETRIC_REPRESENTATION_CONTEXT(2) 
PARAMETRIC_REPRESENTATION_CONTEXT() REPRESENTATION_CONTEXT('2D SPACE',''
  ) );
#5374 = PCURVE('',#4770,#5375);
#5375 = DEFINITIONAL_REPRESENTATION('',(#5376),#5424);
#5376 = B_SPLINE_CURVE_WITH_KNOTS('',3,(#5377,#5378,#5379,#5380,#5381,
    #5382,#5383,#5384,#5385,#5386,#5387,#5388,#5389,#5390,#5391,#5392,
    #5393,#5394,#5395,#5396,#5397,#5398,#5399,#5400,#5401,#5402,#5403,
    #5404,#5405,#5406,#5407,#5408,#5409,#5410,#5411,#5412,#5413,#5414,
    #5415,#5416,#5417,#5418,#5419,#5420,#5421,#5422,#5423),
  .UNSPECIFIED.,.F.,.F.,(4,1,1,1,1,1,1,1,1,1,1,1,1,1,1,1,1,1,1,1,1,1,1,1
    ,1,1,1,1,1,1,1,1,1,1,1,1,1,1,1,1,1,1,1,1,4),(0.,2.272727272727E-02,
    4.545454545455E-02,6.818181818182E-02,9.090909090909E-02,
    0.113636363636,0.136363636364,0.159090909091,0.181818181818,
    0.204545454545,0.227272727273,0.25,0.272727272727,0.295454545455,
    0.318181818182,0.340909090909,0.363636363636,0.386363636364,
    0.409090909091,0.431818181818,0.454545454545,0.477272727273,0.5,
    0.522727272727,0.545454545455,0.568181818182,0.590909090909,
    0.613636363636,0.636363636364,0.659090909091,0.681818181818,
    0.704545454545,0.727272727273,0.75,0.772727272727,0.795454545455,
    0.818181818182,0.840909090909,0.863636363636,0.886363636364,
    0.909090909091,0.931818181818,0.954545454545,0.977272727273,1.),
  .QUASI_UNIFORM_KNOTS.);
#5377 = CARTESIAN_POINT('',(3.14159265359,3.7356686043E-02));
#5378 = CARTESIAN_POINT('',(3.13321913755,3.679250030736E-02));
#5379 = CARTESIAN_POINT('',(3.116470879286,3.566385348282E-02));
#5380 = CARTESIAN_POINT('',(3.091344800358,3.397052710347E-02));
#5381 = CARTESIAN_POINT('',(3.066214997308,3.227752542941E-02));
#5382 = CARTESIAN_POINT('',(3.041081506156,3.058479105164E-02));
#5383 = CARTESIAN_POINT('',(3.015944363875,2.889168939584E-02));
#5384 = CARTESIAN_POINT('',(2.9908035499,2.719729780192E-02));
#5385 = CARTESIAN_POINT('',(2.965658995822,2.550279740174E-02));
#5386 = CARTESIAN_POINT('',(2.940510732355,2.38086075652E-02));
#5387 = CARTESIAN_POINT('',(2.915358820852,2.211468547111E-02));
#5388 = CARTESIAN_POINT('',(2.89020333444,2.042025121637E-02));
#5389 = CARTESIAN_POINT('',(2.865044257317,1.872460009206E-02));
#5390 = CARTESIAN_POINT('',(2.839881485543,1.702893438952E-02));
#5391 = CARTESIAN_POINT('',(2.814715019773,1.533357785833E-02));
#5392 = CARTESIAN_POINT('',(2.789544884157,1.363845037477E-02));
#5393 = CARTESIAN_POINT('',(2.764371111578,1.194264768435E-02));
#5394 = CARTESIAN_POINT('',(2.739193636997,1.0245732147E-02));
#5395 = CARTESIAN_POINT('',(2.714012363743,8.548880091159E-03));
#5396 = CARTESIAN_POINT('',(2.688827290819,6.852335645405E-03));
#5397 = CARTESIAN_POINT('',(2.663638437178,5.155971803004E-03));
#5398 = CARTESIAN_POINT('',(2.638445824125,3.458763283E-03));
#5399 = CARTESIAN_POINT('',(2.613249370122,1.760558129056E-03));
#5400 = CARTESIAN_POINT('',(2.588049002823,6.247580013113E-05));
#5401 = CARTESIAN_POINT('',(2.56284473601,-1.63529989296E-03));
#5402 = CARTESIAN_POINT('',(2.537636599643,-3.332947159826E-03));
#5403 = CARTESIAN_POINT('',(2.512424623674,-5.031586534568E-03));
#5404 = CARTESIAN_POINT('',(2.487208708569,-6.731082296787E-03));
#5405 = CARTESIAN_POINT('',(2.461988773789,-8.430416730995E-03));
#5406 = CARTESIAN_POINT('',(2.43676481805,-1.012946211189E-02));
#5407 = CARTESIAN_POINT('',(2.411536854259,-1.182846117614E-02));
#5408 = CARTESIAN_POINT('',(2.386304880306,-1.352859754319E-02));
#5409 = CARTESIAN_POINT('',(2.361068799418,-1.522944162574E-02));
#5410 = CARTESIAN_POINT('',(2.335828580414,-1.693008376367E-02));
#5411 = CARTESIAN_POINT('',(2.310584256585,-1.86304363971E-02));
#5412 = CARTESIAN_POINT('',(2.285335873327,-2.033081918376E-02));
#5413 = CARTESIAN_POINT('',(2.260083456738,-2.203244243176E-02));
#5414 = CARTESIAN_POINT('',(2.2348268967,-2.373462224334E-02));
#5415 = CARTESIAN_POINT('',(2.209566151863,-2.543658246679E-02));
#5416 = CARTESIAN_POINT('',(2.184301238568,-2.713827388065E-02));
#5417 = CARTESIAN_POINT('',(2.15903218409,-2.88401059395E-02));
#5418 = CARTESIAN_POINT('',(2.133758980065,-3.054325406315E-02));
#5419 = CARTESIAN_POINT('',(2.10848153186,-3.224680297121E-02));
#5420 = CARTESIAN_POINT('',(2.083199835263,-3.395011695397E-02));
#5421 = CARTESIAN_POINT('',(2.057913935739,-3.565313475904E-02));
#5422 = CARTESIAN_POINT('',(2.041053895557,-3.678873981148E-02));
#5423 = CARTESIAN_POINT('',(2.032623189194,-3.735668604404E-02));
#5424 = ( GEOMETRIC_REPRESENTATION_CONTEXT(2) 
PARAMETRIC_REPRESENTATION_CONTEXT() REPRESENTATION_CONTEXT('2D SPACE',''
  ) );
#5425 = ORIENTED_EDGE('',*,*,#5426,.F.);
#5426 = EDGE_CURVE('',#1127,#5307,#5427,.T.);
#5427 = SURFACE_CURVE('',#5428,(#5574,#5580),.PCURVE_S1.);
#5428 = B_SPLINE_CURVE_WITH_KNOTS('',3,(#5429,#5430,#5431,#5432,#5433,
    #5434,#5435,#5436,#5437,#5438,#5439,#5440,#5441,#5442,#5443,#5444,
    #5445,#5446,#5447,#5448,#5449,#5450,#5451,#5452,#5453,#5454,#5455,
    #5456,#5457,#5458,#5459,#5460,#5461,#5462,#5463,#5464,#5465,#5466,
    #5467,#5468,#5469,#5470,#5471,#5472,#5473,#5474,#5475,#5476,#5477,
    #5478,#5479,#5480,#5481,#5482,#5483,#5484,#5485,#5486,#5487,#5488,
    #5489,#5490,#5491,#5492,#5493,#5494,#5495,#5496,#5497,#5498,#5499,
    #5500,#5501,#5502,#5503,#5504,#5505,#5506,#5507,#5508,#5509,#5510,
    #5511,#5512,#5513,#5514,#5515,#5516,#5517,#5518,#5519,#5520,#5521,
    #5522,#5523,#5524,#5525,#5526,#5527,#5528,#5529,#5530,#5531,#5532,
    #5533,#5534,#5535,#5536,#5537,#5538,#5539,#5540,#5541,#5542,#5543,
    #5544,#5545,#5546,#5547,#5548,#5549,#5550,#5551,#5552,#5553,#5554,
    #5555,#5556,#5557,#5558,#5559,#5560,#5561,#5562,#5563,#5564,#5565,
    #5566,#5567,#5568,#5569,#5570,#5571,#5572,#5573),.UNSPECIFIED.,.F.,
  .F.,(4,1,1,1,1,1,1,1,1,1,1,1,1,1,1,1,1,1,1,1,1,1,1,1,1,1,1,1,1,1,1,1,1
    ,1,1,1,1,1,1,1,1,1,1,1,1,1,1,1,1,1,1,1,1,1,1,1,1,1,1,1,1,1,1,1,1,1,1
    ,1,1,1,1,1,1,1,1,1,1,1,1,1,1,1,1,1,1,1,1,1,1,1,1,1,1,1,1,1,1,1,1,1,1
    ,1,1,1,1,1,1,1,1,1,1,1,1,1,1,1,1,1,1,1,1,1,1,1,1,1,1,1,1,1,1,1,1,1,1
    ,1,1,1,1,1,1,1,4),(0.,7.042253521127E-03,1.408450704225E-02,
    2.112676056338E-02,2.816901408451E-02,3.521126760563E-02,
    4.225352112676E-02,4.929577464789E-02,5.633802816901E-02,
    6.338028169014E-02,7.042253521127E-02,7.746478873239E-02,
    8.450704225352E-02,9.154929577465E-02,9.859154929577E-02,
    0.105633802817,0.112676056338,0.119718309859,0.12676056338,
    0.133802816901,0.140845070422,0.147887323944,0.154929577465,
    0.161971830986,0.169014084507,0.176056338028,0.183098591549,
    0.19014084507,0.197183098591,0.204225352113,0.211267605634,
    0.218309859155,0.225352112676,0.232394366197,0.239436619718,
    0.246478873239,0.253521126761,0.260563380282,0.267605633803,
    0.274647887324,0.281690140845,0.288732394366,0.295774647887,
    0.302816901408,0.30985915493,0.316901408451,0.323943661972,
    0.330985915493,0.338028169014,0.345070422535,0.352112676056,
    0.359154929578,0.366197183099,0.37323943662,0.380281690141,
    0.387323943662,0.394366197183,0.401408450704,0.408450704225,
    0.415492957747,0.422535211268,0.429577464789,0.43661971831,
    0.443661971831,0.450704225352,0.457746478873,0.464788732394,
    0.471830985915,0.478873239437,0.485915492958,0.492957746479,0.5,
    0.507042253521,0.514084507042,0.521126760563,0.528169014085,
    0.535211267606,0.542253521127,0.549295774648,0.556338028169,
    0.56338028169,0.570422535211,0.577464788732,0.584507042254,
    0.591549295775,0.598591549296,0.605633802817,0.612676056338,
    0.619718309859,0.62676056338,0.633802816901,0.640845070423,
    0.647887323944,0.654929577465,0.661971830986,0.669014084507,
    0.676056338028,0.683098591549,0.69014084507,0.697183098591,
    0.704225352113,0.711267605634,0.718309859155,0.725352112676,
    0.732394366197,0.739436619718,0.746478873239,0.753521126761,
    0.760563380282,0.767605633803,0.774647887324,0.781690140845,
    0.788732394366,0.795774647887,0.802816901409,0.80985915493,
    0.816901408451,0.823943661972,0.830985915493,0.838028169014,
    0.845070422535,0.852112676056,0.859154929577,0.866197183099,
    0.87323943662,0.880281690141,0.887323943662,0.894366197183,
    0.901408450704,0.908450704225,0.915492957746,0.922535211268,
    0.929577464789,0.93661971831,0.943661971831,0.950704225352,
    0.957746478873,0.964788732394,0.971830985915,0.978873239437,
    0.985915492958,0.992957746479,1.),.UNSPECIFIED.);
#5429 = CARTESIAN_POINT('',(8.648548580399,0.,2.7));
#5430 = CARTESIAN_POINT('',(8.643738906171,0.11656314427,2.7));
#5431 = CARTESIAN_POINT('',(8.634120169221,0.349673809764,2.684881927097
    ));
#5432 = CARTESIAN_POINT('',(8.619694361433,0.693429369767,2.61725208176)
  );
#5433 = CARTESIAN_POINT('',(8.605269461918,1.025554345056,2.505811215785
    ));
#5434 = CARTESIAN_POINT('',(8.590844471396,1.340512488932,2.352419709128
    ));
#5435 = CARTESIAN_POINT('',(8.576418682729,1.633045832098,2.159635931009
    ));
#5436 = CARTESIAN_POINT('',(8.561989830126,1.898290002489,1.930640031926
    ));
#5437 = CARTESIAN_POINT('',(8.547561715458,2.131723341049,1.669316598583
    ));
#5438 = CARTESIAN_POINT('',(8.533136084491,2.329422796708,1.380087447223
    ));
#5439 = CARTESIAN_POINT('',(8.518711206324,2.488115643759,1.06776981964)
  );
#5440 = CARTESIAN_POINT('',(8.504286165171,2.605156144897,0.737572968538
    ));
#5441 = CARTESIAN_POINT('',(8.489860261461,2.678588576365,0.39500763375)
  );
#5442 = CARTESIAN_POINT('',(8.475431115644,2.707172442675,
    4.574908255648E-02));
#5443 = CARTESIAN_POINT('',(8.461003352615,2.690408358572,
    -0.304242414492));
#5444 = CARTESIAN_POINT('',(8.446577793173,2.628600250823,-0.64908598038
    ));
#5445 = CARTESIAN_POINT('',(8.432152954335,2.522790549364,
    -0.983046117288));
#5446 = CARTESIAN_POINT('',(8.41772785361,2.37474424384,-1.300554753714)
  );
#5447 = CARTESIAN_POINT('',(8.403301810326,2.186929820163,
    -1.596310528439));
#5448 = CARTESIAN_POINT('',(8.388872436038,1.962440529072,
    -1.865396037557));
#5449 = CARTESIAN_POINT('',(8.374444998266,1.705111282905,
    -2.103201018347));
#5450 = CARTESIAN_POINT('',(8.360019508822,1.419268614832,
    -2.305759843632));
#5451 = CARTESIAN_POINT('',(8.345594699488,1.109679781076,
    -2.469709010267));
#5452 = CARTESIAN_POINT('',(8.331169537698,0.781506014775,
    -2.592315927036));
#5453 = CARTESIAN_POINT('',(8.316743328316,0.440223611881,
    -2.671530254191));
#5454 = CARTESIAN_POINT('',(8.302313790834,9.14884853404E-02,
    -2.706012656092));
#5455 = CARTESIAN_POINT('',(8.287886651793,-0.258721192878,
    -2.695166217652));
#5456 = CARTESIAN_POINT('',(8.273461230857,-0.604557002075,
    -2.639197352432));
#5457 = CARTESIAN_POINT('',(8.259036441193,-0.940257024008,
    -2.539048746138));
#5458 = CARTESIAN_POINT('',(8.24461121685,-1.26022582317,-2.396390029744
    ));
#5459 = CARTESIAN_POINT('',(8.230184814843,-1.559121505049,
    -2.213597091307));
#5460 = CARTESIAN_POINT('',(8.215755179444,-1.831966890218,
    -1.993682827953));
#5461 = CARTESIAN_POINT('',(8.201328312608,-2.074077310312,
    -1.740419389328));
#5462 = CARTESIAN_POINT('',(8.186902958692,-2.281437598969,
    -1.458044683621));
#5463 = CARTESIAN_POINT('',(8.172478178862,-2.450596646076,
    -1.151272290354));
#5464 = CARTESIAN_POINT('',(8.158052890477,-2.578735145962,
    -0.825215298021));
#5465 = CARTESIAN_POINT('',(8.143626269318,-2.663709145934,
    -0.485310823381));
#5466 = CARTESIAN_POINT('',(8.129196601281,-2.704079841876,
    -0.137205022438));
#5467 = CARTESIAN_POINT('',(8.114769980122,-2.699154094614,0.21312534959
    ));
#5468 = CARTESIAN_POINT('',(8.100344691737,-2.649040301471,
    0.559854703899));
#5469 = CARTESIAN_POINT('',(8.085919911908,-2.554581134263,
    0.897199557452));
#5470 = CARTESIAN_POINT('',(8.071494557992,-2.417350851705,
    1.219537289163));
#5471 = CARTESIAN_POINT('',(8.057067691155,-2.239630181786,
    1.521489583981));
#5472 = CARTESIAN_POINT('',(8.042638055757,-2.024357802796,
    1.798012079049));
#5473 = CARTESIAN_POINT('',(8.028211653749,-1.77523072161,2.044360580987
    ));
#5474 = CARTESIAN_POINT('',(8.013786429406,-1.496404459955,
    2.256463050592));
#5475 = CARTESIAN_POINT('',(7.999361639742,-1.192535364522,
    2.430784078895));
#5476 = CARTESIAN_POINT('',(7.984936218806,-0.868688232242,
    2.564417741239));
#5477 = CARTESIAN_POINT('',(7.970509079765,-0.530256297603,
    2.655127661099));
#5478 = CARTESIAN_POINT('',(7.956079542283,-0.182885509829,
    2.701374394232));
#5479 = CARTESIAN_POINT('',(7.941653332901,0.167468019214,2.702370807131
    ));
#5480 = CARTESIAN_POINT('',(7.927228171111,0.514991967783,2.658126235723
    ));
#5481 = CARTESIAN_POINT('',(7.912803361777,0.85388613845,2.56938325676)
  );
#5482 = CARTESIAN_POINT('',(7.898377872333,1.178500889407,2.437620697388
    ));
#5483 = CARTESIAN_POINT('',(7.883950434561,1.483425703935,2.265021719098
    ));
#5484 = CARTESIAN_POINT('',(7.869521060273,1.763541284375,2.054456492561
    ));
#5485 = CARTESIAN_POINT('',(7.855095016989,2.014059369503,1.809535229604
    ));
#5486 = CARTESIAN_POINT('',(7.840669916264,2.230843379897,1.534336872739
    ));
#5487 = CARTESIAN_POINT('',(7.826245077426,2.410277043217,1.233457118627
    ));
#5488 = CARTESIAN_POINT('',(7.811819517983,2.549367869882,0.911912302069
    ));
#5489 = CARTESIAN_POINT('',(7.797391754955,2.645788433329,0.575047110239
    ));
#5490 = CARTESIAN_POINT('',(7.782962609138,2.697896936161,0.228516769681
    ));
#5491 = CARTESIAN_POINT('',(7.768536705427,2.704815400716,
    -0.121762355362));
#5492 = CARTESIAN_POINT('',(7.754111664277,2.666452516753,
    -0.469981723723));
#5493 = CARTESIAN_POINT('',(7.7396867861,2.583450872879,-0.810329262868)
  );
#5494 = CARTESIAN_POINT('',(7.725261155171,2.457193759083,
    -1.137128463589));
#5495 = CARTESIAN_POINT('',(7.710833040359,2.28976452308,-1.444940927612
    ));
#5496 = CARTESIAN_POINT('',(7.696404188292,2.08397010378,-1.728564342462
    ));
#5497 = CARTESIAN_POINT('',(7.681978397626,1.843323012364,
    -1.983182388236));
#5498 = CARTESIAN_POINT('',(7.667553414562,1.571830976825,
    -2.204585959391));
#5499 = CARTESIAN_POINT('',(7.653128487213,1.274025769398,
    -2.389081478609));
#5500 = CARTESIAN_POINT('',(7.638702783304,0.954875066574,
    -2.533589905001));
#5501 = CARTESIAN_POINT('',(7.624274290199,0.619670387557,
    -2.635694319654));
#5502 = CARTESIAN_POINT('',(7.609845797095,0.274085633386,
    -2.693648318741));
#5503 = CARTESIAN_POINT('',(7.595420093186,-7.602152276513E-02,
    -2.706487151383));
#5504 = CARTESIAN_POINT('',(7.580995165837,-0.424836960203,
    -2.674016721955));
#5505 = CARTESIAN_POINT('',(7.566570182772,-0.766541444001,
    -2.596779992134));
#5506 = CARTESIAN_POINT('',(7.552144392107,-1.095432150343,
    -2.476064313274));
#5507 = CARTESIAN_POINT('',(7.537715540039,-1.406045689466,
    -2.313852064109));
#5508 = CARTESIAN_POINT('',(7.523287425228,-1.693091444287,
    -2.112889886781));
#5509 = CARTESIAN_POINT('',(7.508861794299,-1.951738461981,
    -1.876584371369));
#5510 = CARTESIAN_POINT('',(7.494436916122,-2.177698381349,
    -1.608875882286));
#5511 = CARTESIAN_POINT('',(7.480011874972,-2.367203462352,
    -1.314229885127));
#5512 = CARTESIAN_POINT('',(7.46558597126,-2.517088665539,
    -0.997563252124));
#5513 = CARTESIAN_POINT('',(7.451156825444,-2.624847540564,
    -0.66411670791));
#5514 = CARTESIAN_POINT('',(7.436729062415,-2.688629848928,
    -0.319578031326));
#5515 = CARTESIAN_POINT('',(7.422303502973,-2.707385512953,
    3.025843358917E-02));
#5516 = CARTESIAN_POINT('',(7.407878664135,-2.680816629075,
    0.379570844443));
#5517 = CARTESIAN_POINT('',(7.393453563409,-2.609366993398,0.72253497135
    ));
#5518 = CARTESIAN_POINT('',(7.379027520126,-2.494226267049,
    1.053425208681));
#5519 = CARTESIAN_POINT('',(7.364598145837,-2.337280168402,
    1.366746729089));
#5520 = CARTESIAN_POINT('',(7.350170708066,-2.141206686477,
    1.657133952478));
#5521 = CARTESIAN_POINT('',(7.335745218621,-1.909309918084,
    1.919736308523));
#5522 = CARTESIAN_POINT('',(7.321320409288,-1.645460791503,
    2.150188502329));
#5523 = CARTESIAN_POINT('',(7.306895247498,-1.354058149697,
    2.344649236865));
#5524 = CARTESIAN_POINT('',(7.292469038116,-1.039963680676,
    2.499869250659));
#5525 = CARTESIAN_POINT('',(7.278039500633,-0.708376647245,
    2.613250306327));
#5526 = CARTESIAN_POINT('',(7.263612361593,-0.364979933172,
    2.682843127132));
#5527 = CARTESIAN_POINT('',(7.249186940657,-1.551397010324E-02,
    2.707510138591));
#5528 = CARTESIAN_POINT('',(7.234762150992,0.334196508539,2.686850293586
    ));
#5529 = CARTESIAN_POINT('',(7.22033692665,0.678322459609,2.621208297872)
  );
#5530 = CARTESIAN_POINT('',(7.205910524642,1.011120012596,2.511674395752
    ));
#5531 = CARTESIAN_POINT('',(7.191480889243,1.327054541491,2.360042404119
    ));
#5532 = CARTESIAN_POINT('',(7.177054022407,1.62070239974,2.168912186183)
  );
#5533 = CARTESIAN_POINT('',(7.162628668491,1.887185076034,1.941490228206
    ));
#5534 = CARTESIAN_POINT('',(7.148203888661,2.122064278608,1.681575156141
    ));
#5535 = CARTESIAN_POINT('',(7.133778600277,2.321425316288,1.39349910011)
  );
#5536 = CARTESIAN_POINT('',(7.119351979118,2.481936766167,1.082064183941
    ));
#5537 = CARTESIAN_POINT('',(7.10492231108,2.600905795547,0.752437407437)
  );
#5538 = CARTESIAN_POINT('',(7.090495689921,2.676289781854,0.410278252715
    ));
#5539 = CARTESIAN_POINT('',(7.076070401536,2.706860961402,
    6.128249287831E-02));
#5540 = CARTESIAN_POINT('',(7.061645621707,2.69211599231,-0.288727036099
    ));
#5541 = CARTESIAN_POINT('',(7.047220267791,2.632300517593,
    -0.633916654598));
#5542 = CARTESIAN_POINT('',(7.032793400955,2.528403811797,
    -0.968528817239));
#5543 = CARTESIAN_POINT('',(7.018363765556,2.382132066855,
    -1.286980484005));
#5544 = CARTESIAN_POINT('',(7.003937363548,2.195998374366,
    -1.583807260945));
#5545 = CARTESIAN_POINT('',(6.989512139206,1.973116004546,
    -1.854094128965));
#5546 = CARTESIAN_POINT('',(6.975087349541,1.717208576396,
    -2.093333833624));
#5547 = CARTESIAN_POINT('',(6.960661928606,1.432541386032,
    -2.297538416158));
#5548 = CARTESIAN_POINT('',(6.946234789565,1.123852686997,
    -2.463296526164));
#5549 = CARTESIAN_POINT('',(6.931805252082,0.796286244616,
    -2.587817409353));
#5550 = CARTESIAN_POINT('',(6.9173790427,0.455459933398,-2.668971668221)
  );
#5551 = CARTESIAN_POINT('',(6.90295388091,0.107033939653,-2.705438143385
    ));
#5552 = CARTESIAN_POINT('',(6.888529071577,-0.243175538328,
    -2.696612229282));
#5553 = CARTESIAN_POINT('',(6.874103582132,-0.589330358514,
    -2.64264048618));
#5554 = CARTESIAN_POINT('',(6.859676144361,-0.925663958292,
    -2.544409841869));
#5555 = CARTESIAN_POINT('',(6.845246770073,-1.246536030904,
    -2.40354264892));
#5556 = CARTESIAN_POINT('',(6.830820726789,-1.546459148719,
    -2.222457421955));
#5557 = CARTESIAN_POINT('',(6.816395626063,-1.820472991909,
    -2.004178113444));
#5558 = CARTESIAN_POINT('',(6.801970787226,-2.064005469735,
    -1.752350795206));
#5559 = CARTESIAN_POINT('',(6.787545227783,-2.272995447508,
    -1.471173775683));
#5560 = CARTESIAN_POINT('',(6.773117464755,-2.443954052333,
    -1.165317211329));
#5561 = CARTESIAN_POINT('',(6.758688318938,-2.573988770175,
    -0.839910473305));
#5562 = CARTESIAN_POINT('',(6.744262415228,-2.660890867515,
    -0.50051195229));
#5563 = CARTESIAN_POINT('',(6.729837374075,-2.703242075332,
    -0.152755119747));
#5564 = CARTESIAN_POINT('',(6.715412495908,-2.700337736387,
    0.197555149899));
#5565 = CARTESIAN_POINT('',(6.700986864941,-2.652225259093,
    0.544576426327));
#5566 = CARTESIAN_POINT('',(6.686558750273,-2.559688030858,
    0.882537846841));
#5567 = CARTESIAN_POINT('',(6.67212989767,-2.424267831781,1.205732774718
    ));
#5568 = CARTESIAN_POINT('',(6.657704109003,-2.248281720819,1.50866879225
    ));
#5569 = CARTESIAN_POINT('',(6.643279118481,-2.034667453048,
    1.786331413631));
#5570 = CARTESIAN_POINT('',(6.628854218965,-1.786992203511,
    2.034087415753));
#5571 = CARTESIAN_POINT('',(6.614428411178,-1.509383285386,2.24780444734
    ));
#5572 = CARTESIAN_POINT('',(6.604809674228,-1.307429676441,
    2.365209210147));
#5573 = CARTESIAN_POINT('',(6.6,-1.20307769059,2.417147920671));
#5574 = PCURVE('',#2728,#5575);
#5575 = DEFINITIONAL_REPRESENTATION('',(#5576),#5579);
#5576 = B_SPLINE_CURVE_WITH_KNOTS('',1,(#5577,#5578),.UNSPECIFIED.,.F.,
  .F.,(2,2),(0.,1.),.PIECEWISE_BEZIER_KNOTS.);
#5577 = CARTESIAN_POINT('',(2.182526389947E-05,1.099349976835E-07));
#5578 = CARTESIAN_POINT('',(2.209231114888E-05,0.900460784431));
#5579 = ( GEOMETRIC_REPRESENTATION_CONTEXT(2) 
PARAMETRIC_REPRESENTATION_CONTEXT() REPRESENTATION_CONTEXT('2D SPACE',''
  ) );
#5580 = PCURVE('',#1580,#5581);
#5581 = DEFINITIONAL_REPRESENTATION('',(#5582),#5585);
#5582 = B_SPLINE_CURVE_WITH_KNOTS('',1,(#5583,#5584),.UNSPECIFIED.,.F.,
  .F.,(2,2),(0.,1.),.PIECEWISE_BEZIER_KNOTS.);
#5583 = CARTESIAN_POINT('',(0.99999623919,1.487792456606E-07));
#5584 = CARTESIAN_POINT('',(0.999997213825,0.900461024683));
#5585 = ( GEOMETRIC_REPRESENTATION_CONTEXT(2) 
PARAMETRIC_REPRESENTATION_CONTEXT() REPRESENTATION_CONTEXT('2D SPACE',''
  ) );
#5586 = ORIENTED_EDGE('',*,*,#2715,.T.);
#5587 = ORIENTED_EDGE('',*,*,#5588,.T.);
#5588 = EDGE_CURVE('',#2677,#5589,#5591,.T.);
#5589 = VERTEX_POINT('',#5590);
#5590 = CARTESIAN_POINT('',(8.215363107792,3.095,0.));
#5591 = SURFACE_CURVE('',#5592,(#5609,#5615),.PCURVE_S1.);
#5592 = B_SPLINE_CURVE_WITH_KNOTS('',3,(#5593,#5594,#5595,#5596,#5597,
    #5598,#5599,#5600,#5601,#5602,#5603,#5604,#5605,#5606,#5607,#5608),
  .UNSPECIFIED.,.F.,.F.,(4,1,1,1,1,1,1,1,1,1,1,1,1,4),(0.,
    7.692307692308E-02,0.153846153846,0.230769230769,0.307692307692,
    0.384615384615,0.461538461538,0.538461538462,0.615384615385,
    0.692307692308,0.769230769231,0.846153846154,0.923076923077,1.),
  .UNSPECIFIED.);
#5593 = CARTESIAN_POINT('',(8.390363107791,0.,3.095));
#5594 = CARTESIAN_POINT('',(8.385875329197,0.124673429003,3.095));
#5595 = CARTESIAN_POINT('',(8.376900172066,0.374008553324,3.079915118397
    ));
#5596 = CARTESIAN_POINT('',(8.363438861774,0.742517965412,3.012377576543
    ));
#5597 = CARTESIAN_POINT('',(8.349978301185,1.10018045527,2.900922473274)
  );
#5598 = CARTESIAN_POINT('',(8.336517908437,1.44179840852,2.747174507889)
  );
#5599 = CARTESIAN_POINT('',(8.323056988174,1.762407316725,2.553365017374
    ));
#5600 = CARTESIAN_POINT('',(8.309595410741,2.057333956632,2.3223143537)
  );
#5601 = CARTESIAN_POINT('',(8.296131541701,2.322300917649,2.057349469459
    ));
#5602 = CARTESIAN_POINT('',(8.282669722778,2.55335727743,1.762418742246)
  );
#5603 = CARTESIAN_POINT('',(8.269208825104,2.747167831916,1.441811185581
    ));
#5604 = CARTESIAN_POINT('',(8.25574830406,2.900918743507,1.10019065621)
  );
#5605 = CARTESIAN_POINT('',(8.242287658175,3.012375716068,0.742526231099
    ));
#5606 = CARTESIAN_POINT('',(8.228826128466,3.079915040059,0.374010930609
    ));
#5607 = CARTESIAN_POINT('',(8.219850910208,3.095,0.124674090811));
#5608 = CARTESIAN_POINT('',(8.215363107792,3.095,0.));
#5609 = PCURVE('',#2728,#5610);
#5610 = DEFINITIONAL_REPRESENTATION('',(#5611),#5614);
#5611 = B_SPLINE_CURVE_WITH_KNOTS('',1,(#5612,#5613),.UNSPECIFIED.,.F.,
  .F.,(2,2),(0.,1.),.PIECEWISE_BEZIER_KNOTS.);
#5612 = CARTESIAN_POINT('',(0.421640941242,1.112489135055E-07));
#5613 = CARTESIAN_POINT('',(0.421664986381,7.692306683687E-02));
#5614 = ( GEOMETRIC_REPRESENTATION_CONTEXT(2) 
PARAMETRIC_REPRESENTATION_CONTEXT() REPRESENTATION_CONTEXT('2D SPACE',''
  ) );
#5615 = PCURVE('',#2704,#5616);
#5616 = DEFINITIONAL_REPRESENTATION('',(#5617),#5620);
#5617 = B_SPLINE_CURVE_WITH_KNOTS('',1,(#5618,#5619),.UNSPECIFIED.,.F.,
  .F.,(2,2),(0.,1.),.PIECEWISE_BEZIER_KNOTS.);
#5618 = CARTESIAN_POINT('',(1.570796326795,3.664636892209));
#5619 = CARTESIAN_POINT('',(3.14159265359,3.839636892208));
#5620 = ( GEOMETRIC_REPRESENTATION_CONTEXT(2) 
PARAMETRIC_REPRESENTATION_CONTEXT() REPRESENTATION_CONTEXT('2D SPACE',''
  ) );
#5621 = ORIENTED_EDGE('',*,*,#5622,.T.);
#5622 = EDGE_CURVE('',#5589,#5211,#5623,.T.);
#5623 = SURFACE_CURVE('',#5624,(#5654,#5660),.PCURVE_S1.);
#5624 = B_SPLINE_CURVE_WITH_KNOTS('',3,(#5625,#5626,#5627,#5628,#5629,
    #5630,#5631,#5632,#5633,#5634,#5635,#5636,#5637,#5638,#5639,#5640,
    #5641,#5642,#5643,#5644,#5645,#5646,#5647,#5648,#5649,#5650,#5651,
    #5652,#5653),.UNSPECIFIED.,.F.,.F.,(4,1,1,1,1,1,1,1,1,1,1,1,1,1,1,1,
    1,1,1,1,1,1,1,1,1,1,4),(0.,3.846153846154E-02,7.692307692308E-02,
    0.115384615385,0.153846153846,0.192307692308,0.230769230769,
    0.269230769231,0.307692307692,0.346153846154,0.384615384615,
    0.423076923077,0.461538461538,0.5,0.538461538462,0.576923076923,
    0.615384615385,0.653846153846,0.692307692308,0.730769230769,
    0.769230769231,0.807692307692,0.846153846154,0.884615384615,
    0.923076923077,0.961538461538,1.),.UNSPECIFIED.);
#5625 = CARTESIAN_POINT('',(8.215363107792,3.095,0.));
#5626 = CARTESIAN_POINT('',(8.210875068377,3.095,-0.124680674767));
#5627 = CARTESIAN_POINT('',(8.201899599975,3.079913149748,
    -0.374024374222));
#5628 = CARTESIAN_POINT('',(8.188438731749,3.012376015547,
    -0.742521318935));
#5629 = CARTESIAN_POINT('',(8.174978688615,2.900926000207,
    -1.100170230096));
#5630 = CARTESIAN_POINT('',(8.16151795048,2.747176360981,-1.441797986513
    ));
#5631 = CARTESIAN_POINT('',(8.148054704948,2.553331774191,
    -1.762461727093));
#5632 = CARTESIAN_POINT('',(8.134591092402,2.322233860891,
    -2.057423312761));
#5633 = CARTESIAN_POINT('',(8.121130511912,2.057325439982,
    -2.322317156263));
#5634 = CARTESIAN_POINT('',(8.107670580394,1.762437734697,
    -2.553342601699));
#5635 = CARTESIAN_POINT('',(8.094210395279,1.441850031212,
    -2.747147631916));
#5636 = CARTESIAN_POINT('',(8.080748184688,1.100188936843,
    -2.900923602168));
#5637 = CARTESIAN_POINT('',(8.067283782758,0.74242198051,-3.012403894776
    ));
#5638 = CARTESIAN_POINT('',(8.05382267222,0.373915072656,-3.079924297774
    ));
#5639 = CARTESIAN_POINT('',(8.040362669314,-1.221331922997E-05,
    -3.102538656102));
#5640 = CARTESIAN_POINT('',(8.026902524604,-0.373943246074,
    -3.07992107766));
#5641 = CARTESIAN_POINT('',(8.013441217628,-0.74245494001,
    -3.012396125779));
#5642 = CARTESIAN_POINT('',(7.999976627966,-1.100225359278,
    -2.900909484006));
#5643 = CARTESIAN_POINT('',(7.986514993561,-1.441870188075,
    -2.747136474856));
#5644 = CARTESIAN_POINT('',(7.973054903509,-1.762454539093,
    -2.553331094038));
#5645 = CARTESIAN_POINT('',(7.959594930844,-2.05734155027,
    -2.322302913454));
#5646 = CARTESIAN_POINT('',(7.946134117616,-2.322253021953,
    -2.057402841283));
#5647 = CARTESIAN_POINT('',(7.932669856333,-2.55335783232,
    -1.762423748267));
#5648 = CARTESIAN_POINT('',(7.919207481743,-2.747185626574,
    -1.441778183567));
#5649 = CARTESIAN_POINT('',(7.905747147318,-2.900929591273,
    -1.100160309632));
#5650 = CARTESIAN_POINT('',(7.892287233928,-3.012377524383,
    -0.742514517927));
#5651 = CARTESIAN_POINT('',(7.87882652373,-3.079913304453,
    -0.374021816766));
#5652 = CARTESIAN_POINT('',(7.869851120047,-3.095,-0.12467992027));
#5653 = CARTESIAN_POINT('',(7.865363107792,-3.095,0.));
#5654 = PCURVE('',#2728,#5655);
#5655 = DEFINITIONAL_REPRESENTATION('',(#5656),#5659);
#5656 = B_SPLINE_CURVE_WITH_KNOTS('',1,(#5657,#5658),.UNSPECIFIED.,.F.,
  .F.,(2,2),(0.,1.),.PIECEWISE_BEZIER_KNOTS.);
#5657 = CARTESIAN_POINT('',(0.421664986381,7.692306683687E-02));
#5658 = CARTESIAN_POINT('',(0.421615907764,0.230769231937));
#5659 = ( GEOMETRIC_REPRESENTATION_CONTEXT(2) 
PARAMETRIC_REPRESENTATION_CONTEXT() REPRESENTATION_CONTEXT('2D SPACE',''
  ) );
#5660 = PCURVE('',#4185,#5661);
#5661 = DEFINITIONAL_REPRESENTATION('',(#5662),#5665);
#5662 = B_SPLINE_CURVE_WITH_KNOTS('',1,(#5663,#5664),.UNSPECIFIED.,.F.,
  .F.,(2,2),(0.,1.),.PIECEWISE_BEZIER_KNOTS.);
#5663 = CARTESIAN_POINT('',(3.14159265359,3.839636892208));
#5664 = CARTESIAN_POINT('',(6.28318530718,4.189636892208));
#5665 = ( GEOMETRIC_REPRESENTATION_CONTEXT(2) 
PARAMETRIC_REPRESENTATION_CONTEXT() REPRESENTATION_CONTEXT('2D SPACE',''
  ) );
#5666 = ADVANCED_FACE('',(#5667),#4133,.T.);
#5667 = FACE_BOUND('',#5668,.T.);
#5668 = EDGE_LOOP('',(#5669,#5690,#5691,#5712));
#5669 = ORIENTED_EDGE('',*,*,#5670,.T.);
#5670 = EDGE_CURVE('',#5213,#4041,#5671,.T.);
#5671 = SURFACE_CURVE('',#5672,(#5676,#5683),.PCURVE_S1.);
#5672 = LINE('',#5673,#5674);
#5673 = CARTESIAN_POINT('',(7.515363107791,3.095,0.));
#5674 = VECTOR('',#5675,1.);
#5675 = DIRECTION('',(-1.,0.,0.));
#5676 = PCURVE('',#4133,#5677);
#5677 = DEFINITIONAL_REPRESENTATION('',(#5678),#5682);
#5678 = LINE('',#5679,#5680);
#5679 = CARTESIAN_POINT('',(3.14159265359,4.539636892209));
#5680 = VECTOR('',#5681,1.);
#5681 = DIRECTION('',(0.,1.));
#5682 = ( GEOMETRIC_REPRESENTATION_CONTEXT(2) 
PARAMETRIC_REPRESENTATION_CONTEXT() REPRESENTATION_CONTEXT('2D SPACE',''
  ) );
#5683 = PCURVE('',#4081,#5684);
#5684 = DEFINITIONAL_REPRESENTATION('',(#5685),#5689);
#5685 = LINE('',#5686,#5687);
#5686 = CARTESIAN_POINT('',(3.14159265359,4.539636892209));
#5687 = VECTOR('',#5688,1.);
#5688 = DIRECTION('',(0.,1.));
#5689 = ( GEOMETRIC_REPRESENTATION_CONTEXT(2) 
PARAMETRIC_REPRESENTATION_CONTEXT() REPRESENTATION_CONTEXT('2D SPACE',''
  ) );
#5690 = ORIENTED_EDGE('',*,*,#4092,.T.);
#5691 = ORIENTED_EDGE('',*,*,#5692,.F.);
#5692 = EDGE_CURVE('',#5211,#4093,#5693,.T.);
#5693 = SURFACE_CURVE('',#5694,(#5698,#5705),.PCURVE_S1.);
#5694 = LINE('',#5695,#5696);
#5695 = CARTESIAN_POINT('',(7.865363107792,-3.095,0.));
#5696 = VECTOR('',#5697,1.);
#5697 = DIRECTION('',(-1.,0.,2.018677275776E-14));
#5698 = PCURVE('',#4133,#5699);
#5699 = DEFINITIONAL_REPRESENTATION('',(#5700),#5704);
#5700 = LINE('',#5701,#5702);
#5701 = CARTESIAN_POINT('',(0.,4.189636892208));
#5702 = VECTOR('',#5703,1.);
#5703 = DIRECTION('',(0.,1.));
#5704 = ( GEOMETRIC_REPRESENTATION_CONTEXT(2) 
PARAMETRIC_REPRESENTATION_CONTEXT() REPRESENTATION_CONTEXT('2D SPACE',''
  ) );
#5705 = PCURVE('',#4185,#5706);
#5706 = DEFINITIONAL_REPRESENTATION('',(#5707),#5711);
#5707 = LINE('',#5708,#5709);
#5708 = CARTESIAN_POINT('',(6.28318530718,4.189636892208));
#5709 = VECTOR('',#5710,1.);
#5710 = DIRECTION('',(0.,1.));
#5711 = ( GEOMETRIC_REPRESENTATION_CONTEXT(2) 
PARAMETRIC_REPRESENTATION_CONTEXT() REPRESENTATION_CONTEXT('2D SPACE',''
  ) );
#5712 = ORIENTED_EDGE('',*,*,#5210,.T.);
#5713 = ADVANCED_FACE('',(#5714),#4185,.T.);
#5714 = FACE_BOUND('',#5715,.T.);
#5715 = EDGE_LOOP('',(#5716,#5737,#5738,#5739));
#5716 = ORIENTED_EDGE('',*,*,#5717,.F.);
#5717 = EDGE_CURVE('',#5589,#4145,#5718,.T.);
#5718 = SURFACE_CURVE('',#5719,(#5723,#5730),.PCURVE_S1.);
#5719 = LINE('',#5720,#5721);
#5720 = CARTESIAN_POINT('',(8.215363107792,3.095,0.));
#5721 = VECTOR('',#5722,1.);
#5722 = DIRECTION('',(-1.,0.,0.));
#5723 = PCURVE('',#4185,#5724);
#5724 = DEFINITIONAL_REPRESENTATION('',(#5725),#5729);
#5725 = LINE('',#5726,#5727);
#5726 = CARTESIAN_POINT('',(3.14159265359,3.839636892208));
#5727 = VECTOR('',#5728,1.);
#5728 = DIRECTION('',(0.,1.));
#5729 = ( GEOMETRIC_REPRESENTATION_CONTEXT(2) 
PARAMETRIC_REPRESENTATION_CONTEXT() REPRESENTATION_CONTEXT('2D SPACE',''
  ) );
#5730 = PCURVE('',#2704,#5731);
#5731 = DEFINITIONAL_REPRESENTATION('',(#5732),#5736);
#5732 = LINE('',#5733,#5734);
#5733 = CARTESIAN_POINT('',(3.14159265359,3.839636892208));
#5734 = VECTOR('',#5735,1.);
#5735 = DIRECTION('',(0.,1.));
#5736 = ( GEOMETRIC_REPRESENTATION_CONTEXT(2) 
PARAMETRIC_REPRESENTATION_CONTEXT() REPRESENTATION_CONTEXT('2D SPACE',''
  ) );
#5737 = ORIENTED_EDGE('',*,*,#5622,.T.);
#5738 = ORIENTED_EDGE('',*,*,#5692,.T.);
#5739 = ORIENTED_EDGE('',*,*,#4144,.T.);
#5740 = ADVANCED_FACE('',(#5741),#2704,.T.);
#5741 = FACE_BOUND('',#5742,.T.);
#5742 = EDGE_LOOP('',(#5743,#5744,#5745,#5746,#5789));
#5743 = ORIENTED_EDGE('',*,*,#5588,.T.);
#5744 = ORIENTED_EDGE('',*,*,#5717,.T.);
#5745 = ORIENTED_EDGE('',*,*,#4196,.T.);
#5746 = ORIENTED_EDGE('',*,*,#5747,.F.);
#5747 = EDGE_CURVE('',#2625,#4197,#5748,.T.);
#5748 = SURFACE_CURVE('',#5749,(#5753,#5760),.PCURVE_S1.);
#5749 = LINE('',#5750,#5751);
#5750 = CARTESIAN_POINT('',(8.565363107792,-3.095,0.));
#5751 = VECTOR('',#5752,1.);
#5752 = DIRECTION('',(-1.,0.,-1.233552168096E-14));
#5753 = PCURVE('',#2704,#5754);
#5754 = DEFINITIONAL_REPRESENTATION('',(#5755),#5759);
#5755 = LINE('',#5756,#5757);
#5756 = CARTESIAN_POINT('',(0.,3.489636892208));
#5757 = VECTOR('',#5758,1.);
#5758 = DIRECTION('',(0.,1.));
#5759 = ( GEOMETRIC_REPRESENTATION_CONTEXT(2) 
PARAMETRIC_REPRESENTATION_CONTEXT() REPRESENTATION_CONTEXT('2D SPACE',''
  ) );
#5760 = PCURVE('',#2665,#5761);
#5761 = DEFINITIONAL_REPRESENTATION('',(#5762),#5788);
#5762 = B_SPLINE_CURVE_WITH_KNOTS('',3,(#5763,#5764,#5765,#5766,#5767,
    #5768,#5769,#5770,#5771,#5772,#5773,#5774,#5775,#5776,#5777,#5778,
    #5779,#5780,#5781,#5782,#5783,#5784,#5785,#5786,#5787),
  .UNSPECIFIED.,.F.,.F.,(4,1,1,1,1,1,1,1,1,1,1,1,1,1,1,1,1,1,1,1,1,1,4),
  (0.,7.683993833136E-03,1.536798766627E-02,2.305198149941E-02,
    3.073597533255E-02,3.841996916568E-02,4.610396299882E-02,
    5.378795683195E-02,6.147195066509E-02,6.915594449823E-02,
    7.683993833136E-02,8.45239321645E-02,9.220792599764E-02,
    9.989191983077E-02,0.107575913664,0.115259907497,0.12294390133,
    0.130627895163,0.138311888996,0.14599588283,0.153679876663,
    0.161363870496,0.169047864329),.QUASI_UNIFORM_KNOTS.);
#5763 = CARTESIAN_POINT('',(6.28318530718,3.489636892208));
#5764 = CARTESIAN_POINT('',(6.28318530718,3.492198223486));
#5765 = CARTESIAN_POINT('',(6.28318530718,3.497320886041));
#5766 = CARTESIAN_POINT('',(6.28318530718,3.505004879874));
#5767 = CARTESIAN_POINT('',(6.28318530718,3.512688873707));
#5768 = CARTESIAN_POINT('',(6.28318530718,3.520372867541));
#5769 = CARTESIAN_POINT('',(6.28318530718,3.528056861374));
#5770 = CARTESIAN_POINT('',(6.28318530718,3.535740855207));
#5771 = CARTESIAN_POINT('',(6.28318530718,3.54342484904));
#5772 = CARTESIAN_POINT('',(6.28318530718,3.551108842873));
#5773 = CARTESIAN_POINT('',(6.28318530718,3.558792836706));
#5774 = CARTESIAN_POINT('',(6.28318530718,3.566476830539));
#5775 = CARTESIAN_POINT('',(6.28318530718,3.574160824372));
#5776 = CARTESIAN_POINT('',(6.28318530718,3.581844818206));
#5777 = CARTESIAN_POINT('',(6.28318530718,3.589528812039));
#5778 = CARTESIAN_POINT('',(6.28318530718,3.597212805872));
#5779 = CARTESIAN_POINT('',(6.28318530718,3.604896799705));
#5780 = CARTESIAN_POINT('',(6.28318530718,3.612580793538));
#5781 = CARTESIAN_POINT('',(6.28318530718,3.620264787371));
#5782 = CARTESIAN_POINT('',(6.28318530718,3.627948781204));
#5783 = CARTESIAN_POINT('',(6.28318530718,3.635632775038));
#5784 = CARTESIAN_POINT('',(6.28318530718,3.643316768871));
#5785 = CARTESIAN_POINT('',(6.28318530718,3.651000762704));
#5786 = CARTESIAN_POINT('',(6.28318530718,3.656123425259));
#5787 = CARTESIAN_POINT('',(6.28318530718,3.658684756537));
#5788 = ( GEOMETRIC_REPRESENTATION_CONTEXT(2) 
PARAMETRIC_REPRESENTATION_CONTEXT() REPRESENTATION_CONTEXT('2D SPACE',''
  ) );
#5789 = ORIENTED_EDGE('',*,*,#2676,.T.);
#5790 = ADVANCED_FACE('',(#5791),#2665,.T.);
#5791 = FACE_BOUND('',#5792,.T.);
#5792 = EDGE_LOOP('',(#5793,#5794,#5795,#5816));
#5793 = ORIENTED_EDGE('',*,*,#5747,.T.);
#5794 = ORIENTED_EDGE('',*,*,#4243,.T.);
#5795 = ORIENTED_EDGE('',*,*,#5796,.F.);
#5796 = EDGE_CURVE('',#2573,#4244,#5797,.T.);
#5797 = SURFACE_CURVE('',#5798,(#5802,#5809),.PCURVE_S1.);
#5798 = LINE('',#5799,#5800);
#5799 = CARTESIAN_POINT('',(8.915363107792,3.095,0.));
#5800 = VECTOR('',#5801,1.);
#5801 = DIRECTION('',(-1.,0.,1.233552168093E-14));
#5802 = PCURVE('',#2665,#5803);
#5803 = DEFINITIONAL_REPRESENTATION('',(#5804),#5808);
#5804 = LINE('',#5805,#5806);
#5805 = CARTESIAN_POINT('',(3.14159265359,3.139636892208));
#5806 = VECTOR('',#5807,1.);
#5807 = DIRECTION('',(-2.627002781803E-15,1.));
#5808 = ( GEOMETRIC_REPRESENTATION_CONTEXT(2) 
PARAMETRIC_REPRESENTATION_CONTEXT() REPRESENTATION_CONTEXT('2D SPACE',''
  ) );
#5809 = PCURVE('',#2613,#5810);
#5810 = DEFINITIONAL_REPRESENTATION('',(#5811),#5815);
#5811 = LINE('',#5812,#5813);
#5812 = CARTESIAN_POINT('',(3.14159265359,3.139636892208));
#5813 = VECTOR('',#5814,1.);
#5814 = DIRECTION('',(-2.627002781803E-15,1.));
#5815 = ( GEOMETRIC_REPRESENTATION_CONTEXT(2) 
PARAMETRIC_REPRESENTATION_CONTEXT() REPRESENTATION_CONTEXT('2D SPACE',''
  ) );
#5816 = ORIENTED_EDGE('',*,*,#2624,.T.);
#5817 = ADVANCED_FACE('',(#5818),#2613,.T.);
#5818 = FACE_BOUND('',#5819,.T.);
#5819 = EDGE_LOOP('',(#5820,#5841,#5842,#5843,#5844));
#5820 = ORIENTED_EDGE('',*,*,#5821,.F.);
#5821 = EDGE_CURVE('',#2521,#3810,#5822,.T.);
#5822 = SURFACE_CURVE('',#5823,(#5827,#5834),.PCURVE_S1.);
#5823 = LINE('',#5824,#5825);
#5824 = CARTESIAN_POINT('',(9.265363107792,-3.095,0.));
#5825 = VECTOR('',#5826,1.);
#5826 = DIRECTION('',(-1.,0.,0.));
#5827 = PCURVE('',#2613,#5828);
#5828 = DEFINITIONAL_REPRESENTATION('',(#5829),#5833);
#5829 = LINE('',#5830,#5831);
#5830 = CARTESIAN_POINT('',(0.,2.789636892208));
#5831 = VECTOR('',#5832,1.);
#5832 = DIRECTION('',(0.,1.));
#5833 = ( GEOMETRIC_REPRESENTATION_CONTEXT(2) 
PARAMETRIC_REPRESENTATION_CONTEXT() REPRESENTATION_CONTEXT('2D SPACE',''
  ) );
#5834 = PCURVE('',#2561,#5835);
#5835 = DEFINITIONAL_REPRESENTATION('',(#5836),#5840);
#5836 = LINE('',#5837,#5838);
#5837 = CARTESIAN_POINT('',(6.28318530718,2.789636892208));
#5838 = VECTOR('',#5839,1.);
#5839 = DIRECTION('',(0.,1.));
#5840 = ( GEOMETRIC_REPRESENTATION_CONTEXT(2) 
PARAMETRIC_REPRESENTATION_CONTEXT() REPRESENTATION_CONTEXT('2D SPACE',''
  ) );
#5841 = ORIENTED_EDGE('',*,*,#2572,.T.);
#5842 = ORIENTED_EDGE('',*,*,#5796,.T.);
#5843 = ORIENTED_EDGE('',*,*,#4290,.T.);
#5844 = ORIENTED_EDGE('',*,*,#3809,.T.);
#5845 = ADVANCED_FACE('',(#5846),#2561,.T.);
#5846 = FACE_BOUND('',#5847,.T.);
#5847 = EDGE_LOOP('',(#5848,#5869,#5870,#5871));
#5848 = ORIENTED_EDGE('',*,*,#5849,.F.);
#5849 = EDGE_CURVE('',#2469,#3844,#5850,.T.);
#5850 = SURFACE_CURVE('',#5851,(#5855,#5862),.PCURVE_S1.);
#5851 = LINE('',#5852,#5853);
#5852 = CARTESIAN_POINT('',(9.615363107792,3.095,0.));
#5853 = VECTOR('',#5854,1.);
#5854 = DIRECTION('',(-1.,0.,0.));
#5855 = PCURVE('',#2561,#5856);
#5856 = DEFINITIONAL_REPRESENTATION('',(#5857),#5861);
#5857 = LINE('',#5858,#5859);
#5858 = CARTESIAN_POINT('',(3.14159265359,2.439636892208));
#5859 = VECTOR('',#5860,1.);
#5860 = DIRECTION('',(0.,1.));
#5861 = ( GEOMETRIC_REPRESENTATION_CONTEXT(2) 
PARAMETRIC_REPRESENTATION_CONTEXT() REPRESENTATION_CONTEXT('2D SPACE',''
  ) );
#5862 = PCURVE('',#2509,#5863);
#5863 = DEFINITIONAL_REPRESENTATION('',(#5864),#5868);
#5864 = LINE('',#5865,#5866);
#5865 = CARTESIAN_POINT('',(3.14159265359,2.439636892208));
#5866 = VECTOR('',#5867,1.);
#5867 = DIRECTION('',(0.,1.));
#5868 = ( GEOMETRIC_REPRESENTATION_CONTEXT(2) 
PARAMETRIC_REPRESENTATION_CONTEXT() REPRESENTATION_CONTEXT('2D SPACE',''
  ) );
#5869 = ORIENTED_EDGE('',*,*,#2520,.T.);
#5870 = ORIENTED_EDGE('',*,*,#5821,.T.);
#5871 = ORIENTED_EDGE('',*,*,#3843,.T.);
#5872 = ADVANCED_FACE('',(#5873),#2509,.T.);
#5873 = FACE_BOUND('',#5874,.T.);
#5874 = EDGE_LOOP('',(#5875,#5896,#5897,#5898));
#5875 = ORIENTED_EDGE('',*,*,#5876,.F.);
#5876 = EDGE_CURVE('',#2411,#3891,#5877,.T.);
#5877 = SURFACE_CURVE('',#5878,(#5882,#5889),.PCURVE_S1.);
#5878 = LINE('',#5879,#5880);
#5879 = CARTESIAN_POINT('',(9.965363107792,-3.095,0.));
#5880 = VECTOR('',#5881,1.);
#5881 = DIRECTION('',(-1.,0.,0.));
#5882 = PCURVE('',#2509,#5883);
#5883 = DEFINITIONAL_REPRESENTATION('',(#5884),#5888);
#5884 = LINE('',#5885,#5886);
#5885 = CARTESIAN_POINT('',(0.,2.089636892208));
#5886 = VECTOR('',#5887,1.);
#5887 = DIRECTION('',(0.,1.));
#5888 = ( GEOMETRIC_REPRESENTATION_CONTEXT(2) 
PARAMETRIC_REPRESENTATION_CONTEXT() REPRESENTATION_CONTEXT('2D SPACE',''
  ) );
#5889 = PCURVE('',#2457,#5890);
#5890 = DEFINITIONAL_REPRESENTATION('',(#5891),#5895);
#5891 = LINE('',#5892,#5893);
#5892 = CARTESIAN_POINT('',(6.28318530718,2.089636892208));
#5893 = VECTOR('',#5894,1.);
#5894 = DIRECTION('',(0.,1.));
#5895 = ( GEOMETRIC_REPRESENTATION_CONTEXT(2) 
PARAMETRIC_REPRESENTATION_CONTEXT() REPRESENTATION_CONTEXT('2D SPACE',''
  ) );
#5896 = ORIENTED_EDGE('',*,*,#2468,.T.);
#5897 = ORIENTED_EDGE('',*,*,#5849,.T.);
#5898 = ORIENTED_EDGE('',*,*,#3890,.T.);
#5899 = ADVANCED_FACE('',(#5900),#2457,.T.);
#5900 = FACE_BOUND('',#5901,.T.);
#5901 = EDGE_LOOP('',(#5902,#5903,#5904,#5905));
#5902 = ORIENTED_EDGE('',*,*,#5876,.T.);
#5903 = ORIENTED_EDGE('',*,*,#3937,.F.);
#5904 = ORIENTED_EDGE('',*,*,#3054,.T.);
#5905 = ORIENTED_EDGE('',*,*,#2410,.F.);
#5906 = ADVANCED_FACE('',(#5907),#4081,.T.);
#5907 = FACE_BOUND('',#5908,.T.);
#5908 = EDGE_LOOP('',(#5909,#5910,#5911,#5912));
#5909 = ORIENTED_EDGE('',*,*,#5670,.F.);
#5910 = ORIENTED_EDGE('',*,*,#5259,.T.);
#5911 = ORIENTED_EDGE('',*,*,#4669,.T.);
#5912 = ORIENTED_EDGE('',*,*,#4040,.T.);
#5913 = ADVANCED_FACE('',(#5914),#4770,.T.);
#5914 = FACE_BOUND('',#5915,.T.);
#5915 = EDGE_LOOP('',(#5916,#5938,#5939));
#5916 = ORIENTED_EDGE('',*,*,#5917,.F.);
#5917 = EDGE_CURVE('',#4755,#5307,#5918,.T.);
#5918 = SURFACE_CURVE('',#5919,(#5924,#5931),.PCURVE_S1.);
#5919 = CIRCLE('',#5920,2.7);
#5920 = AXIS2_PLACEMENT_3D('',#5921,#5922,#5923);
#5921 = CARTESIAN_POINT('',(6.6,0.,0.));
#5922 = DIRECTION('',(-1.,0.,0.));
#5923 = DIRECTION('',(0.,-1.,0.));
#5924 = PCURVE('',#4770,#5925);
#5925 = DEFINITIONAL_REPRESENTATION('',(#5926),#5930);
#5926 = LINE('',#5927,#5928);
#5927 = CARTESIAN_POINT('',(3.14159265359,-3.7356686044E-02));
#5928 = VECTOR('',#5929,1.);
#5929 = DIRECTION('',(-1.,2.035229987678E-16));
#5930 = ( GEOMETRIC_REPRESENTATION_CONTEXT(2) 
PARAMETRIC_REPRESENTATION_CONTEXT() REPRESENTATION_CONTEXT('2D SPACE',''
  ) );
#5931 = PCURVE('',#4826,#5932);
#5932 = DEFINITIONAL_REPRESENTATION('',(#5933),#5937);
#5933 = LINE('',#5934,#5935);
#5934 = CARTESIAN_POINT('',(0.,5.455));
#5935 = VECTOR('',#5936,1.);
#5936 = DIRECTION('',(1.,0.));
#5937 = ( GEOMETRIC_REPRESENTATION_CONTEXT(2) 
PARAMETRIC_REPRESENTATION_CONTEXT() REPRESENTATION_CONTEXT('2D SPACE',''
  ) );
#5938 = ORIENTED_EDGE('',*,*,#4752,.F.);
#5939 = ORIENTED_EDGE('',*,*,#5306,.T.);
#5940 = ADVANCED_FACE('',(#5941),#4826,.T.);
#5941 = FACE_BOUND('',#5942,.T.);
#5942 = EDGE_LOOP('',(#5943,#5944,#5967,#5996,#6017,#6018));
#5943 = ORIENTED_EDGE('',*,*,#4811,.T.);
#5944 = ORIENTED_EDGE('',*,*,#5945,.T.);
#5945 = EDGE_CURVE('',#4783,#5946,#5948,.T.);
#5946 = VERTEX_POINT('',#5947);
#5947 = CARTESIAN_POINT('',(5.6,2.7,0.));
#5948 = SURFACE_CURVE('',#5949,(#5953,#5960),.PCURVE_S1.);
#5949 = LINE('',#5950,#5951);
#5950 = CARTESIAN_POINT('',(6.6,2.7,0.));
#5951 = VECTOR('',#5952,1.);
#5952 = DIRECTION('',(-1.,0.,0.));
#5953 = PCURVE('',#4826,#5954);
#5954 = DEFINITIONAL_REPRESENTATION('',(#5955),#5959);
#5955 = LINE('',#5956,#5957);
#5956 = CARTESIAN_POINT('',(3.14159265359,5.455));
#5957 = VECTOR('',#5958,1.);
#5958 = DIRECTION('',(0.,1.));
#5959 = ( GEOMETRIC_REPRESENTATION_CONTEXT(2) 
PARAMETRIC_REPRESENTATION_CONTEXT() REPRESENTATION_CONTEXT('2D SPACE',''
  ) );
#5960 = PCURVE('',#4799,#5961);
#5961 = DEFINITIONAL_REPRESENTATION('',(#5962),#5966);
#5962 = LINE('',#5963,#5964);
#5963 = CARTESIAN_POINT('',(3.14159265359,5.455));
#5964 = VECTOR('',#5965,1.);
#5965 = DIRECTION('',(0.,1.));
#5966 = ( GEOMETRIC_REPRESENTATION_CONTEXT(2) 
PARAMETRIC_REPRESENTATION_CONTEXT() REPRESENTATION_CONTEXT('2D SPACE',''
  ) );
#5967 = ORIENTED_EDGE('',*,*,#5968,.F.);
#5968 = EDGE_CURVE('',#5969,#5946,#5971,.T.);
#5969 = VERTEX_POINT('',#5970);
#5970 = CARTESIAN_POINT('',(5.6,-2.7,0.));
#5971 = SURFACE_CURVE('',#5972,(#5977,#5984),.PCURVE_S1.);
#5972 = CIRCLE('',#5973,2.7);
#5973 = AXIS2_PLACEMENT_3D('',#5974,#5975,#5976);
#5974 = CARTESIAN_POINT('',(5.6,0.,0.));
#5975 = DIRECTION('',(-1.,0.,0.));
#5976 = DIRECTION('',(0.,-1.,0.));
#5977 = PCURVE('',#4826,#5978);
#5978 = DEFINITIONAL_REPRESENTATION('',(#5979),#5983);
#5979 = LINE('',#5980,#5981);
#5980 = CARTESIAN_POINT('',(0.,6.455));
#5981 = VECTOR('',#5982,1.);
#5982 = DIRECTION('',(1.,0.));
#5983 = ( GEOMETRIC_REPRESENTATION_CONTEXT(2) 
PARAMETRIC_REPRESENTATION_CONTEXT() REPRESENTATION_CONTEXT('2D SPACE',''
  ) );
#5984 = PCURVE('',#5985,#5990);
#5985 = PLANE('',#5986);
#5986 = AXIS2_PLACEMENT_3D('',#5987,#5988,#5989);
#5987 = CARTESIAN_POINT('',(5.6,0.,0.));
#5988 = DIRECTION('',(-1.,0.,0.));
#5989 = DIRECTION('',(0.,-1.,0.));
#5990 = DEFINITIONAL_REPRESENTATION('',(#5991),#5995);
#5991 = CIRCLE('',#5992,2.7);
#5992 = AXIS2_PLACEMENT_2D('',#5993,#5994);
#5993 = CARTESIAN_POINT('',(0.,0.));
#5994 = DIRECTION('',(1.,0.));
#5995 = ( GEOMETRIC_REPRESENTATION_CONTEXT(2) 
PARAMETRIC_REPRESENTATION_CONTEXT() REPRESENTATION_CONTEXT('2D SPACE',''
  ) );
#5996 = ORIENTED_EDGE('',*,*,#5997,.F.);
#5997 = EDGE_CURVE('',#4755,#5969,#5998,.T.);
#5998 = SURFACE_CURVE('',#5999,(#6003,#6010),.PCURVE_S1.);
#5999 = LINE('',#6000,#6001);
#6000 = CARTESIAN_POINT('',(6.6,-2.7,0.));
#6001 = VECTOR('',#6002,1.);
#6002 = DIRECTION('',(-1.,0.,0.));
#6003 = PCURVE('',#4826,#6004);
#6004 = DEFINITIONAL_REPRESENTATION('',(#6005),#6009);
#6005 = LINE('',#6006,#6007);
#6006 = CARTESIAN_POINT('',(0.,5.455));
#6007 = VECTOR('',#6008,1.);
#6008 = DIRECTION('',(0.,1.));
#6009 = ( GEOMETRIC_REPRESENTATION_CONTEXT(2) 
PARAMETRIC_REPRESENTATION_CONTEXT() REPRESENTATION_CONTEXT('2D SPACE',''
  ) );
#6010 = PCURVE('',#4799,#6011);
#6011 = DEFINITIONAL_REPRESENTATION('',(#6012),#6016);
#6012 = LINE('',#6013,#6014);
#6013 = CARTESIAN_POINT('',(6.28318530718,5.455));
#6014 = VECTOR('',#6015,1.);
#6015 = DIRECTION('',(0.,1.));
#6016 = ( GEOMETRIC_REPRESENTATION_CONTEXT(2) 
PARAMETRIC_REPRESENTATION_CONTEXT() REPRESENTATION_CONTEXT('2D SPACE',''
  ) );
#6017 = ORIENTED_EDGE('',*,*,#5917,.T.);
#6018 = ORIENTED_EDGE('',*,*,#6019,.T.);
#6019 = EDGE_CURVE('',#5307,#4324,#6020,.T.);
#6020 = SURFACE_CURVE('',#6021,(#6026,#6033),.PCURVE_S1.);
#6021 = CIRCLE('',#6022,2.7);
#6022 = AXIS2_PLACEMENT_3D('',#6023,#6024,#6025);
#6023 = CARTESIAN_POINT('',(6.6,0.,0.));
#6024 = DIRECTION('',(-1.,0.,0.));
#6025 = DIRECTION('',(0.,-0.445584329848,0.895239970619));
#6026 = PCURVE('',#4826,#6027);
#6027 = DEFINITIONAL_REPRESENTATION('',(#6028),#6032);
#6028 = LINE('',#6029,#6030);
#6029 = CARTESIAN_POINT('',(1.108969464396,5.455));
#6030 = VECTOR('',#6031,1.);
#6031 = DIRECTION('',(1.,0.));
#6032 = ( GEOMETRIC_REPRESENTATION_CONTEXT(2) 
PARAMETRIC_REPRESENTATION_CONTEXT() REPRESENTATION_CONTEXT('2D SPACE',''
  ) );
#6033 = PCURVE('',#1580,#6034);
#6034 = DEFINITIONAL_REPRESENTATION('',(#6035),#6038);
#6035 = B_SPLINE_CURVE_WITH_KNOTS('',1,(#6036,#6037),.UNSPECIFIED.,.F.,
  .F.,(2,2),(0.,0.807838110926),.PIECEWISE_BEZIER_KNOTS.);
#6036 = CARTESIAN_POINT('',(0.999997213825,0.900461024683));
#6037 = CARTESIAN_POINT('',(3.760809823686E-06,0.940021205242));
#6038 = ( GEOMETRIC_REPRESENTATION_CONTEXT(2) 
PARAMETRIC_REPRESENTATION_CONTEXT() REPRESENTATION_CONTEXT('2D SPACE',''
  ) );
#6039 = ADVANCED_FACE('',(#6040),#1580,.F.);
#6040 = FACE_BOUND('',#6041,.F.);
#6041 = EDGE_LOOP('',(#6042,#6043,#6044,#6045));
#6042 = ORIENTED_EDGE('',*,*,#6019,.T.);
#6043 = ORIENTED_EDGE('',*,*,#4323,.F.);
#6044 = ORIENTED_EDGE('',*,*,#1565,.T.);
#6045 = ORIENTED_EDGE('',*,*,#5426,.T.);
#6046 = ADVANCED_FACE('',(#6047),#4799,.T.);
#6047 = FACE_BOUND('',#6048,.T.);
#6048 = EDGE_LOOP('',(#6049,#6075,#6076,#6077));
#6049 = ORIENTED_EDGE('',*,*,#6050,.T.);
#6050 = EDGE_CURVE('',#5969,#5946,#6051,.T.);
#6051 = SURFACE_CURVE('',#6052,(#6057,#6064),.PCURVE_S1.);
#6052 = CIRCLE('',#6053,2.7);
#6053 = AXIS2_PLACEMENT_3D('',#6054,#6055,#6056);
#6054 = CARTESIAN_POINT('',(5.6,0.,0.));
#6055 = DIRECTION('',(1.,0.,0.));
#6056 = DIRECTION('',(0.,-1.,0.));
#6057 = PCURVE('',#4799,#6058);
#6058 = DEFINITIONAL_REPRESENTATION('',(#6059),#6063);
#6059 = LINE('',#6060,#6061);
#6060 = CARTESIAN_POINT('',(6.28318530718,6.455));
#6061 = VECTOR('',#6062,1.);
#6062 = DIRECTION('',(-1.,0.));
#6063 = ( GEOMETRIC_REPRESENTATION_CONTEXT(2) 
PARAMETRIC_REPRESENTATION_CONTEXT() REPRESENTATION_CONTEXT('2D SPACE',''
  ) );
#6064 = PCURVE('',#5985,#6065);
#6065 = DEFINITIONAL_REPRESENTATION('',(#6066),#6074);
#6066 = ( BOUNDED_CURVE() B_SPLINE_CURVE(2,(#6067,#6068,#6069,#6070,
#6071,#6072,#6073),.UNSPECIFIED.,.T.,.F.) B_SPLINE_CURVE_WITH_KNOTS((1,2
    ,2,2,2,1),(-2.094395102393,0.,2.094395102393,4.188790204786,
6.28318530718,8.377580409573),.UNSPECIFIED.) CURVE() 
GEOMETRIC_REPRESENTATION_ITEM() RATIONAL_B_SPLINE_CURVE((1.,0.5,1.,0.5,
1.,0.5,1.)) REPRESENTATION_ITEM('') );
#6067 = CARTESIAN_POINT('',(2.7,0.));
#6068 = CARTESIAN_POINT('',(2.7,-4.676537180436));
#6069 = CARTESIAN_POINT('',(-1.35,-2.338268590218));
#6070 = CARTESIAN_POINT('',(-5.4,-6.613092715396E-16));
#6071 = CARTESIAN_POINT('',(-1.35,2.338268590218));
#6072 = CARTESIAN_POINT('',(2.7,4.676537180436));
#6073 = CARTESIAN_POINT('',(2.7,0.));
#6074 = ( GEOMETRIC_REPRESENTATION_CONTEXT(2) 
PARAMETRIC_REPRESENTATION_CONTEXT() REPRESENTATION_CONTEXT('2D SPACE',''
  ) );
#6075 = ORIENTED_EDGE('',*,*,#5945,.F.);
#6076 = ORIENTED_EDGE('',*,*,#4782,.F.);
#6077 = ORIENTED_EDGE('',*,*,#5997,.T.);
#6078 = ADVANCED_FACE('',(#6079,#6143),#5985,.F.);
#6079 = FACE_BOUND('',#6080,.F.);
#6080 = EDGE_LOOP('',(#6081,#6116));
#6081 = ORIENTED_EDGE('',*,*,#6082,.F.);
#6082 = EDGE_CURVE('',#6083,#6085,#6087,.T.);
#6083 = VERTEX_POINT('',#6084);
#6084 = CARTESIAN_POINT('',(5.6,-2.9,0.));
#6085 = VERTEX_POINT('',#6086);
#6086 = CARTESIAN_POINT('',(5.6,2.9,0.));
#6087 = SURFACE_CURVE('',#6088,(#6093,#6104),.PCURVE_S1.);
#6088 = CIRCLE('',#6089,2.9);
#6089 = AXIS2_PLACEMENT_3D('',#6090,#6091,#6092);
#6090 = CARTESIAN_POINT('',(5.6,0.,0.));
#6091 = DIRECTION('',(1.,0.,0.));
#6092 = DIRECTION('',(0.,-1.,0.));
#6093 = PCURVE('',#5985,#6094);
#6094 = DEFINITIONAL_REPRESENTATION('',(#6095),#6103);
#6095 = ( BOUNDED_CURVE() B_SPLINE_CURVE(2,(#6096,#6097,#6098,#6099,
#6100,#6101,#6102),.UNSPECIFIED.,.T.,.F.) B_SPLINE_CURVE_WITH_KNOTS((1,2
    ,2,2,2,1),(-2.094395102393,0.,2.094395102393,4.188790204786,
6.28318530718,8.377580409573),.UNSPECIFIED.) CURVE() 
GEOMETRIC_REPRESENTATION_ITEM() RATIONAL_B_SPLINE_CURVE((1.,0.5,1.,0.5,
1.,0.5,1.)) REPRESENTATION_ITEM('') );
#6096 = CARTESIAN_POINT('',(2.9,0.));
#6097 = CARTESIAN_POINT('',(2.9,-5.02294734195));
#6098 = CARTESIAN_POINT('',(-1.45,-2.511473670975));
#6099 = CARTESIAN_POINT('',(-5.8,-7.102951435055E-16));
#6100 = CARTESIAN_POINT('',(-1.45,2.511473670975));
#6101 = CARTESIAN_POINT('',(2.9,5.02294734195));
#6102 = CARTESIAN_POINT('',(2.9,0.));
#6103 = ( GEOMETRIC_REPRESENTATION_CONTEXT(2) 
PARAMETRIC_REPRESENTATION_CONTEXT() REPRESENTATION_CONTEXT('2D SPACE',''
  ) );
#6104 = PCURVE('',#6105,#6110);
#6105 = CONICAL_SURFACE('',#6106,3.,0.785398163397);
#6106 = AXIS2_PLACEMENT_3D('',#6107,#6108,#6109);
#6107 = CARTESIAN_POINT('',(5.5,0.,0.));
#6108 = DIRECTION('',(-1.,0.,0.));
#6109 = DIRECTION('',(0.,-1.,0.));
#6110 = DEFINITIONAL_REPRESENTATION('',(#6111),#6115);
#6111 = LINE('',#6112,#6113);
#6112 = CARTESIAN_POINT('',(6.28318530718,-0.1));
#6113 = VECTOR('',#6114,1.);
#6114 = DIRECTION('',(-1.,0.));
#6115 = ( GEOMETRIC_REPRESENTATION_CONTEXT(2) 
PARAMETRIC_REPRESENTATION_CONTEXT() REPRESENTATION_CONTEXT('2D SPACE',''
  ) );
#6116 = ORIENTED_EDGE('',*,*,#6117,.T.);
#6117 = EDGE_CURVE('',#6083,#6085,#6118,.T.);
#6118 = SURFACE_CURVE('',#6119,(#6124,#6131),.PCURVE_S1.);
#6119 = CIRCLE('',#6120,2.9);
#6120 = AXIS2_PLACEMENT_3D('',#6121,#6122,#6123);
#6121 = CARTESIAN_POINT('',(5.6,0.,0.));
#6122 = DIRECTION('',(-1.,0.,0.));
#6123 = DIRECTION('',(0.,-1.,0.));
#6124 = PCURVE('',#5985,#6125);
#6125 = DEFINITIONAL_REPRESENTATION('',(#6126),#6130);
#6126 = CIRCLE('',#6127,2.9);
#6127 = AXIS2_PLACEMENT_2D('',#6128,#6129);
#6128 = CARTESIAN_POINT('',(0.,0.));
#6129 = DIRECTION('',(1.,0.));
#6130 = ( GEOMETRIC_REPRESENTATION_CONTEXT(2) 
PARAMETRIC_REPRESENTATION_CONTEXT() REPRESENTATION_CONTEXT('2D SPACE',''
  ) );
#6131 = PCURVE('',#6132,#6137);
#6132 = CONICAL_SURFACE('',#6133,3.,0.785398163397);
#6133 = AXIS2_PLACEMENT_3D('',#6134,#6135,#6136);
#6134 = CARTESIAN_POINT('',(5.5,0.,0.));
#6135 = DIRECTION('',(-1.,0.,0.));
#6136 = DIRECTION('',(0.,-1.,0.));
#6137 = DEFINITIONAL_REPRESENTATION('',(#6138),#6142);
#6138 = LINE('',#6139,#6140);
#6139 = CARTESIAN_POINT('',(0.,-0.1));
#6140 = VECTOR('',#6141,1.);
#6141 = DIRECTION('',(1.,0.));
#6142 = ( GEOMETRIC_REPRESENTATION_CONTEXT(2) 
PARAMETRIC_REPRESENTATION_CONTEXT() REPRESENTATION_CONTEXT('2D SPACE',''
  ) );
#6143 = FACE_BOUND('',#6144,.F.);
#6144 = EDGE_LOOP('',(#6145,#6146));
#6145 = ORIENTED_EDGE('',*,*,#5968,.F.);
#6146 = ORIENTED_EDGE('',*,*,#6050,.T.);
#6147 = ADVANCED_FACE('',(#6148),#6105,.T.);
#6148 = FACE_BOUND('',#6149,.T.);
#6149 = EDGE_LOOP('',(#6150,#6181,#6202,#6203));
#6150 = ORIENTED_EDGE('',*,*,#6151,.T.);
#6151 = EDGE_CURVE('',#6152,#6154,#6156,.T.);
#6152 = VERTEX_POINT('',#6153);
#6153 = CARTESIAN_POINT('',(5.4,-3.1,0.));
#6154 = VERTEX_POINT('',#6155);
#6155 = CARTESIAN_POINT('',(5.4,3.1,0.));
#6156 = SURFACE_CURVE('',#6157,(#6162,#6169),.PCURVE_S1.);
#6157 = CIRCLE('',#6158,3.1);
#6158 = AXIS2_PLACEMENT_3D('',#6159,#6160,#6161);
#6159 = CARTESIAN_POINT('',(5.4,0.,0.));
#6160 = DIRECTION('',(1.,0.,0.));
#6161 = DIRECTION('',(0.,-1.,0.));
#6162 = PCURVE('',#6105,#6163);
#6163 = DEFINITIONAL_REPRESENTATION('',(#6164),#6168);
#6164 = LINE('',#6165,#6166);
#6165 = CARTESIAN_POINT('',(6.28318530718,0.1));
#6166 = VECTOR('',#6167,1.);
#6167 = DIRECTION('',(-1.,0.));
#6168 = ( GEOMETRIC_REPRESENTATION_CONTEXT(2) 
PARAMETRIC_REPRESENTATION_CONTEXT() REPRESENTATION_CONTEXT('2D SPACE',''
  ) );
#6169 = PCURVE('',#6170,#6175);
#6170 = CYLINDRICAL_SURFACE('',#6171,3.1);
#6171 = AXIS2_PLACEMENT_3D('',#6172,#6173,#6174);
#6172 = CARTESIAN_POINT('',(12.055,0.,0.));
#6173 = DIRECTION('',(-1.,0.,0.));
#6174 = DIRECTION('',(0.,-1.,0.));
#6175 = DEFINITIONAL_REPRESENTATION('',(#6176),#6180);
#6176 = LINE('',#6177,#6178);
#6177 = CARTESIAN_POINT('',(6.28318530718,6.655));
#6178 = VECTOR('',#6179,1.);
#6179 = DIRECTION('',(-1.,0.));
#6180 = ( GEOMETRIC_REPRESENTATION_CONTEXT(2) 
PARAMETRIC_REPRESENTATION_CONTEXT() REPRESENTATION_CONTEXT('2D SPACE',''
  ) );
#6181 = ORIENTED_EDGE('',*,*,#6182,.F.);
#6182 = EDGE_CURVE('',#6085,#6154,#6183,.T.);
#6183 = SURFACE_CURVE('',#6184,(#6188,#6195),.PCURVE_S1.);
#6184 = LINE('',#6185,#6186);
#6185 = CARTESIAN_POINT('',(5.6,2.9,0.));
#6186 = VECTOR('',#6187,1.);
#6187 = DIRECTION('',(-0.707106781187,0.707106781186,0.));
#6188 = PCURVE('',#6105,#6189);
#6189 = DEFINITIONAL_REPRESENTATION('',(#6190),#6194);
#6190 = LINE('',#6191,#6192);
#6191 = CARTESIAN_POINT('',(3.14159265359,-0.1));
#6192 = VECTOR('',#6193,1.);
#6193 = DIRECTION('',(0.,1.));
#6194 = ( GEOMETRIC_REPRESENTATION_CONTEXT(2) 
PARAMETRIC_REPRESENTATION_CONTEXT() REPRESENTATION_CONTEXT('2D SPACE',''
  ) );
#6195 = PCURVE('',#6132,#6196);
#6196 = DEFINITIONAL_REPRESENTATION('',(#6197),#6201);
#6197 = LINE('',#6198,#6199);
#6198 = CARTESIAN_POINT('',(3.14159265359,-0.1));
#6199 = VECTOR('',#6200,1.);
#6200 = DIRECTION('',(0.,1.));
#6201 = ( GEOMETRIC_REPRESENTATION_CONTEXT(2) 
PARAMETRIC_REPRESENTATION_CONTEXT() REPRESENTATION_CONTEXT('2D SPACE',''
  ) );
#6202 = ORIENTED_EDGE('',*,*,#6082,.F.);
#6203 = ORIENTED_EDGE('',*,*,#6204,.T.);
#6204 = EDGE_CURVE('',#6083,#6152,#6205,.T.);
#6205 = SURFACE_CURVE('',#6206,(#6210,#6217),.PCURVE_S1.);
#6206 = LINE('',#6207,#6208);
#6207 = CARTESIAN_POINT('',(5.6,-2.9,0.));
#6208 = VECTOR('',#6209,1.);
#6209 = DIRECTION('',(-0.707106781187,-0.707106781186,0.));
#6210 = PCURVE('',#6105,#6211);
#6211 = DEFINITIONAL_REPRESENTATION('',(#6212),#6216);
#6212 = LINE('',#6213,#6214);
#6213 = CARTESIAN_POINT('',(6.28318530718,-0.1));
#6214 = VECTOR('',#6215,1.);
#6215 = DIRECTION('',(0.,1.));
#6216 = ( GEOMETRIC_REPRESENTATION_CONTEXT(2) 
PARAMETRIC_REPRESENTATION_CONTEXT() REPRESENTATION_CONTEXT('2D SPACE',''
  ) );
#6217 = PCURVE('',#6132,#6218);
#6218 = DEFINITIONAL_REPRESENTATION('',(#6219),#6223);
#6219 = LINE('',#6220,#6221);
#6220 = CARTESIAN_POINT('',(0.,-0.1));
#6221 = VECTOR('',#6222,1.);
#6222 = DIRECTION('',(0.,1.));
#6223 = ( GEOMETRIC_REPRESENTATION_CONTEXT(2) 
PARAMETRIC_REPRESENTATION_CONTEXT() REPRESENTATION_CONTEXT('2D SPACE',''
  ) );
#6224 = ADVANCED_FACE('',(#6225),#6132,.T.);
#6225 = FACE_BOUND('',#6226,.T.);
#6226 = EDGE_LOOP('',(#6227,#6228,#6229,#6256));
#6227 = ORIENTED_EDGE('',*,*,#6117,.T.);
#6228 = ORIENTED_EDGE('',*,*,#6182,.T.);
#6229 = ORIENTED_EDGE('',*,*,#6230,.F.);
#6230 = EDGE_CURVE('',#6152,#6154,#6231,.T.);
#6231 = SURFACE_CURVE('',#6232,(#6237,#6244),.PCURVE_S1.);
#6232 = CIRCLE('',#6233,3.1);
#6233 = AXIS2_PLACEMENT_3D('',#6234,#6235,#6236);
#6234 = CARTESIAN_POINT('',(5.4,0.,0.));
#6235 = DIRECTION('',(-1.,0.,0.));
#6236 = DIRECTION('',(0.,-1.,0.));
#6237 = PCURVE('',#6132,#6238);
#6238 = DEFINITIONAL_REPRESENTATION('',(#6239),#6243);
#6239 = LINE('',#6240,#6241);
#6240 = CARTESIAN_POINT('',(0.,0.1));
#6241 = VECTOR('',#6242,1.);
#6242 = DIRECTION('',(1.,0.));
#6243 = ( GEOMETRIC_REPRESENTATION_CONTEXT(2) 
PARAMETRIC_REPRESENTATION_CONTEXT() REPRESENTATION_CONTEXT('2D SPACE',''
  ) );
#6244 = PCURVE('',#6245,#6250);
#6245 = CYLINDRICAL_SURFACE('',#6246,3.1);
#6246 = AXIS2_PLACEMENT_3D('',#6247,#6248,#6249);
#6247 = CARTESIAN_POINT('',(12.055,0.,0.));
#6248 = DIRECTION('',(-1.,0.,0.));
#6249 = DIRECTION('',(0.,-1.,0.));
#6250 = DEFINITIONAL_REPRESENTATION('',(#6251),#6255);
#6251 = LINE('',#6252,#6253);
#6252 = CARTESIAN_POINT('',(0.,6.655));
#6253 = VECTOR('',#6254,1.);
#6254 = DIRECTION('',(1.,0.));
#6255 = ( GEOMETRIC_REPRESENTATION_CONTEXT(2) 
PARAMETRIC_REPRESENTATION_CONTEXT() REPRESENTATION_CONTEXT('2D SPACE',''
  ) );
#6256 = ORIENTED_EDGE('',*,*,#6204,.F.);
#6257 = ADVANCED_FACE('',(#6258),#6245,.T.);
#6258 = FACE_BOUND('',#6259,.T.);
#6259 = EDGE_LOOP('',(#6260,#6261,#6284,#6313));
#6260 = ORIENTED_EDGE('',*,*,#6230,.T.);
#6261 = ORIENTED_EDGE('',*,*,#6262,.T.);
#6262 = EDGE_CURVE('',#6154,#6263,#6265,.T.);
#6263 = VERTEX_POINT('',#6264);
#6264 = CARTESIAN_POINT('',(3.7,3.1,0.));
#6265 = SURFACE_CURVE('',#6266,(#6270,#6277),.PCURVE_S1.);
#6266 = LINE('',#6267,#6268);
#6267 = CARTESIAN_POINT('',(5.4,3.1,0.));
#6268 = VECTOR('',#6269,1.);
#6269 = DIRECTION('',(-1.,0.,0.));
#6270 = PCURVE('',#6245,#6271);
#6271 = DEFINITIONAL_REPRESENTATION('',(#6272),#6276);
#6272 = LINE('',#6273,#6274);
#6273 = CARTESIAN_POINT('',(3.14159265359,6.655));
#6274 = VECTOR('',#6275,1.);
#6275 = DIRECTION('',(0.,1.));
#6276 = ( GEOMETRIC_REPRESENTATION_CONTEXT(2) 
PARAMETRIC_REPRESENTATION_CONTEXT() REPRESENTATION_CONTEXT('2D SPACE',''
  ) );
#6277 = PCURVE('',#6170,#6278);
#6278 = DEFINITIONAL_REPRESENTATION('',(#6279),#6283);
#6279 = LINE('',#6280,#6281);
#6280 = CARTESIAN_POINT('',(3.14159265359,6.655));
#6281 = VECTOR('',#6282,1.);
#6282 = DIRECTION('',(0.,1.));
#6283 = ( GEOMETRIC_REPRESENTATION_CONTEXT(2) 
PARAMETRIC_REPRESENTATION_CONTEXT() REPRESENTATION_CONTEXT('2D SPACE',''
  ) );
#6284 = ORIENTED_EDGE('',*,*,#6285,.F.);
#6285 = EDGE_CURVE('',#6286,#6263,#6288,.T.);
#6286 = VERTEX_POINT('',#6287);
#6287 = CARTESIAN_POINT('',(3.7,-3.1,0.));
#6288 = SURFACE_CURVE('',#6289,(#6294,#6301),.PCURVE_S1.);
#6289 = CIRCLE('',#6290,3.1);
#6290 = AXIS2_PLACEMENT_3D('',#6291,#6292,#6293);
#6291 = CARTESIAN_POINT('',(3.7,0.,0.));
#6292 = DIRECTION('',(-1.,0.,0.));
#6293 = DIRECTION('',(0.,-1.,0.));
#6294 = PCURVE('',#6245,#6295);
#6295 = DEFINITIONAL_REPRESENTATION('',(#6296),#6300);
#6296 = LINE('',#6297,#6298);
#6297 = CARTESIAN_POINT('',(0.,8.355));
#6298 = VECTOR('',#6299,1.);
#6299 = DIRECTION('',(1.,0.));
#6300 = ( GEOMETRIC_REPRESENTATION_CONTEXT(2) 
PARAMETRIC_REPRESENTATION_CONTEXT() REPRESENTATION_CONTEXT('2D SPACE',''
  ) );
#6301 = PCURVE('',#6302,#6307);
#6302 = CONICAL_SURFACE('',#6303,3.,0.785398163397);
#6303 = AXIS2_PLACEMENT_3D('',#6304,#6305,#6306);
#6304 = CARTESIAN_POINT('',(3.6,0.,0.));
#6305 = DIRECTION('',(1.,0.,0.));
#6306 = DIRECTION('',(-0.,1.,0.));
#6307 = DEFINITIONAL_REPRESENTATION('',(#6308),#6312);
#6308 = LINE('',#6309,#6310);
#6309 = CARTESIAN_POINT('',(3.14159265359,0.1));
#6310 = VECTOR('',#6311,1.);
#6311 = DIRECTION('',(-1.,0.));
#6312 = ( GEOMETRIC_REPRESENTATION_CONTEXT(2) 
PARAMETRIC_REPRESENTATION_CONTEXT() REPRESENTATION_CONTEXT('2D SPACE',''
  ) );
#6313 = ORIENTED_EDGE('',*,*,#6314,.F.);
#6314 = EDGE_CURVE('',#6152,#6286,#6315,.T.);
#6315 = SURFACE_CURVE('',#6316,(#6320,#6327),.PCURVE_S1.);
#6316 = LINE('',#6317,#6318);
#6317 = CARTESIAN_POINT('',(5.4,-3.1,0.));
#6318 = VECTOR('',#6319,1.);
#6319 = DIRECTION('',(-1.,0.,0.));
#6320 = PCURVE('',#6245,#6321);
#6321 = DEFINITIONAL_REPRESENTATION('',(#6322),#6326);
#6322 = LINE('',#6323,#6324);
#6323 = CARTESIAN_POINT('',(0.,6.655));
#6324 = VECTOR('',#6325,1.);
#6325 = DIRECTION('',(0.,1.));
#6326 = ( GEOMETRIC_REPRESENTATION_CONTEXT(2) 
PARAMETRIC_REPRESENTATION_CONTEXT() REPRESENTATION_CONTEXT('2D SPACE',''
  ) );
#6327 = PCURVE('',#6170,#6328);
#6328 = DEFINITIONAL_REPRESENTATION('',(#6329),#6333);
#6329 = LINE('',#6330,#6331);
#6330 = CARTESIAN_POINT('',(6.28318530718,6.655));
#6331 = VECTOR('',#6332,1.);
#6332 = DIRECTION('',(0.,1.));
#6333 = ( GEOMETRIC_REPRESENTATION_CONTEXT(2) 
PARAMETRIC_REPRESENTATION_CONTEXT() REPRESENTATION_CONTEXT('2D SPACE',''
  ) );
#6334 = ADVANCED_FACE('',(#6335),#6170,.T.);
#6335 = FACE_BOUND('',#6336,.T.);
#6336 = EDGE_LOOP('',(#6337,#6364,#6365,#6366));
#6337 = ORIENTED_EDGE('',*,*,#6338,.T.);
#6338 = EDGE_CURVE('',#6286,#6263,#6339,.T.);
#6339 = SURFACE_CURVE('',#6340,(#6345,#6352),.PCURVE_S1.);
#6340 = CIRCLE('',#6341,3.1);
#6341 = AXIS2_PLACEMENT_3D('',#6342,#6343,#6344);
#6342 = CARTESIAN_POINT('',(3.7,0.,0.));
#6343 = DIRECTION('',(1.,0.,0.));
#6344 = DIRECTION('',(0.,-1.,0.));
#6345 = PCURVE('',#6170,#6346);
#6346 = DEFINITIONAL_REPRESENTATION('',(#6347),#6351);
#6347 = LINE('',#6348,#6349);
#6348 = CARTESIAN_POINT('',(6.28318530718,8.355));
#6349 = VECTOR('',#6350,1.);
#6350 = DIRECTION('',(-1.,0.));
#6351 = ( GEOMETRIC_REPRESENTATION_CONTEXT(2) 
PARAMETRIC_REPRESENTATION_CONTEXT() REPRESENTATION_CONTEXT('2D SPACE',''
  ) );
#6352 = PCURVE('',#6353,#6358);
#6353 = CONICAL_SURFACE('',#6354,3.,0.785398163397);
#6354 = AXIS2_PLACEMENT_3D('',#6355,#6356,#6357);
#6355 = CARTESIAN_POINT('',(3.6,0.,0.));
#6356 = DIRECTION('',(1.,0.,0.));
#6357 = DIRECTION('',(-0.,1.,0.));
#6358 = DEFINITIONAL_REPRESENTATION('',(#6359),#6363);
#6359 = LINE('',#6360,#6361);
#6360 = CARTESIAN_POINT('',(3.14159265359,0.1));
#6361 = VECTOR('',#6362,1.);
#6362 = DIRECTION('',(1.,0.));
#6363 = ( GEOMETRIC_REPRESENTATION_CONTEXT(2) 
PARAMETRIC_REPRESENTATION_CONTEXT() REPRESENTATION_CONTEXT('2D SPACE',''
  ) );
#6364 = ORIENTED_EDGE('',*,*,#6262,.F.);
#6365 = ORIENTED_EDGE('',*,*,#6151,.F.);
#6366 = ORIENTED_EDGE('',*,*,#6314,.T.);
#6367 = ADVANCED_FACE('',(#6368),#6353,.T.);
#6368 = FACE_BOUND('',#6369,.T.);
#6369 = EDGE_LOOP('',(#6370,#6393,#6394,#6417));
#6370 = ORIENTED_EDGE('',*,*,#6371,.F.);
#6371 = EDGE_CURVE('',#6263,#6372,#6374,.T.);
#6372 = VERTEX_POINT('',#6373);
#6373 = CARTESIAN_POINT('',(3.5,2.9,0.));
#6374 = SURFACE_CURVE('',#6375,(#6379,#6386),.PCURVE_S1.);
#6375 = LINE('',#6376,#6377);
#6376 = CARTESIAN_POINT('',(3.7,3.1,0.));
#6377 = VECTOR('',#6378,1.);
#6378 = DIRECTION('',(-0.707106781186,-0.707106781187,0.));
#6379 = PCURVE('',#6353,#6380);
#6380 = DEFINITIONAL_REPRESENTATION('',(#6381),#6385);
#6381 = LINE('',#6382,#6383);
#6382 = CARTESIAN_POINT('',(6.28318530718,0.1));
#6383 = VECTOR('',#6384,1.);
#6384 = DIRECTION('',(0.,-1.));
#6385 = ( GEOMETRIC_REPRESENTATION_CONTEXT(2) 
PARAMETRIC_REPRESENTATION_CONTEXT() REPRESENTATION_CONTEXT('2D SPACE',''
  ) );
#6386 = PCURVE('',#6302,#6387);
#6387 = DEFINITIONAL_REPRESENTATION('',(#6388),#6392);
#6388 = LINE('',#6389,#6390);
#6389 = CARTESIAN_POINT('',(0.,0.1));
#6390 = VECTOR('',#6391,1.);
#6391 = DIRECTION('',(0.,-1.));
#6392 = ( GEOMETRIC_REPRESENTATION_CONTEXT(2) 
PARAMETRIC_REPRESENTATION_CONTEXT() REPRESENTATION_CONTEXT('2D SPACE',''
  ) );
#6393 = ORIENTED_EDGE('',*,*,#6338,.F.);
#6394 = ORIENTED_EDGE('',*,*,#6395,.T.);
#6395 = EDGE_CURVE('',#6286,#6396,#6398,.T.);
#6396 = VERTEX_POINT('',#6397);
#6397 = CARTESIAN_POINT('',(3.5,-2.9,0.));
#6398 = SURFACE_CURVE('',#6399,(#6403,#6410),.PCURVE_S1.);
#6399 = LINE('',#6400,#6401);
#6400 = CARTESIAN_POINT('',(3.7,-3.1,0.));
#6401 = VECTOR('',#6402,1.);
#6402 = DIRECTION('',(-0.707106781186,0.707106781187,0.));
#6403 = PCURVE('',#6353,#6404);
#6404 = DEFINITIONAL_REPRESENTATION('',(#6405),#6409);
#6405 = LINE('',#6406,#6407);
#6406 = CARTESIAN_POINT('',(3.14159265359,0.1));
#6407 = VECTOR('',#6408,1.);
#6408 = DIRECTION('',(0.,-1.));
#6409 = ( GEOMETRIC_REPRESENTATION_CONTEXT(2) 
PARAMETRIC_REPRESENTATION_CONTEXT() REPRESENTATION_CONTEXT('2D SPACE',''
  ) );
#6410 = PCURVE('',#6302,#6411);
#6411 = DEFINITIONAL_REPRESENTATION('',(#6412),#6416);
#6412 = LINE('',#6413,#6414);
#6413 = CARTESIAN_POINT('',(3.14159265359,0.1));
#6414 = VECTOR('',#6415,1.);
#6415 = DIRECTION('',(0.,-1.));
#6416 = ( GEOMETRIC_REPRESENTATION_CONTEXT(2) 
PARAMETRIC_REPRESENTATION_CONTEXT() REPRESENTATION_CONTEXT('2D SPACE',''
  ) );
#6417 = ORIENTED_EDGE('',*,*,#6418,.F.);
#6418 = EDGE_CURVE('',#6372,#6396,#6419,.T.);
#6419 = SURFACE_CURVE('',#6420,(#6425,#6432),.PCURVE_S1.);
#6420 = CIRCLE('',#6421,2.9);
#6421 = AXIS2_PLACEMENT_3D('',#6422,#6423,#6424);
#6422 = CARTESIAN_POINT('',(3.5,0.,0.));
#6423 = DIRECTION('',(-1.,0.,0.));
#6424 = DIRECTION('',(0.,1.,0.));
#6425 = PCURVE('',#6353,#6426);
#6426 = DEFINITIONAL_REPRESENTATION('',(#6427),#6431);
#6427 = LINE('',#6428,#6429);
#6428 = CARTESIAN_POINT('',(6.28318530718,-0.1));
#6429 = VECTOR('',#6430,1.);
#6430 = DIRECTION('',(-1.,0.));
#6431 = ( GEOMETRIC_REPRESENTATION_CONTEXT(2) 
PARAMETRIC_REPRESENTATION_CONTEXT() REPRESENTATION_CONTEXT('2D SPACE',''
  ) );
#6432 = PCURVE('',#6433,#6438);
#6433 = PLANE('',#6434);
#6434 = AXIS2_PLACEMENT_3D('',#6435,#6436,#6437);
#6435 = CARTESIAN_POINT('',(3.5,-3.5,3.5));
#6436 = DIRECTION('',(1.,0.,0.));
#6437 = DIRECTION('',(0.,0.,-1.));
#6438 = DEFINITIONAL_REPRESENTATION('',(#6439),#6447);
#6439 = ( BOUNDED_CURVE() B_SPLINE_CURVE(2,(#6440,#6441,#6442,#6443,
#6444,#6445,#6446),.UNSPECIFIED.,.T.,.F.) B_SPLINE_CURVE_WITH_KNOTS((1,2
    ,2,2,2,1),(-2.094395102393,0.,2.094395102393,4.188790204786,
6.28318530718,8.377580409573),.UNSPECIFIED.) CURVE() 
GEOMETRIC_REPRESENTATION_ITEM() RATIONAL_B_SPLINE_CURVE((1.,0.5,1.,0.5,
1.,0.5,1.)) REPRESENTATION_ITEM('') );
#6440 = CARTESIAN_POINT('',(3.5,6.4));
#6441 = CARTESIAN_POINT('',(8.52294734195,6.4));
#6442 = CARTESIAN_POINT('',(6.011473670975,2.05));
#6443 = CARTESIAN_POINT('',(3.5,-2.3));
#6444 = CARTESIAN_POINT('',(0.988526329025,2.05));
#6445 = CARTESIAN_POINT('',(-1.52294734195,6.4));
#6446 = CARTESIAN_POINT('',(3.5,6.4));
#6447 = ( GEOMETRIC_REPRESENTATION_CONTEXT(2) 
PARAMETRIC_REPRESENTATION_CONTEXT() REPRESENTATION_CONTEXT('2D SPACE',''
  ) );
#6448 = ADVANCED_FACE('',(#6449,#6719),#6433,.T.);
#6449 = FACE_BOUND('',#6450,.F.);
#6450 = EDGE_LOOP('',(#6451,#6545,#6573,#6601,#6629));
#6451 = ORIENTED_EDGE('',*,*,#6452,.T.);
#6452 = EDGE_CURVE('',#6453,#6455,#6457,.T.);
#6453 = VERTEX_POINT('',#6454);
#6454 = CARTESIAN_POINT('',(3.5,-3.5,3.960389992321E-10));
#6455 = VERTEX_POINT('',#6456);
#6456 = CARTESIAN_POINT('',(3.5,-2.662987908917,3.5));
#6457 = SURFACE_CURVE('',#6458,(#6472,#6489),.PCURVE_S1.);
#6458 = B_SPLINE_CURVE_WITH_KNOTS('',3,(#6459,#6460,#6461,#6462,#6463,
    #6464,#6465,#6466,#6467,#6468,#6469,#6470,#6471),.UNSPECIFIED.,.F.,
  .F.,(4,1,1,1,1,1,1,1,1,1,4),(0.,0.1,0.2,0.3,0.4,0.5,0.6,0.7,0.8,0.9,1.
    ),.QUASI_UNIFORM_KNOTS.);
#6459 = CARTESIAN_POINT('',(3.500000000008,-3.5,-2.138005117282E-08));
#6460 = CARTESIAN_POINT('',(3.500000000008,-3.5,0.109724233447));
#6461 = CARTESIAN_POINT('',(3.499999999996,-3.494028861966,
    0.328801222581));
#6462 = CARTESIAN_POINT('',(3.500000000001,-3.467576784909,
    0.656287220295));
#6463 = CARTESIAN_POINT('',(3.5,-3.424473117218,0.982688676906));
#6464 = CARTESIAN_POINT('',(3.5,-3.365768972448,1.308703959752));
#6465 = CARTESIAN_POINT('',(3.5,-3.292177772597,1.636809585788));
#6466 = CARTESIAN_POINT('',(3.5,-3.203708529918,1.970980190575));
#6467 = CARTESIAN_POINT('',(3.5,-3.09957277649,2.316205383246));
#6468 = CARTESIAN_POINT('',(3.5,-2.97804642076,2.678608968343));
#6469 = CARTESIAN_POINT('',(3.5,-2.835943459217,3.066825871693));
#6470 = CARTESIAN_POINT('',(3.5,-2.723492051781,3.351795722658));
#6471 = CARTESIAN_POINT('',(3.5,-2.662987908917,3.5));
#6472 = PCURVE('',#6433,#6473);
#6473 = DEFINITIONAL_REPRESENTATION('',(#6474),#6488);
#6474 = B_SPLINE_CURVE_WITH_KNOTS('',3,(#6475,#6476,#6477,#6478,#6479,
    #6480,#6481,#6482,#6483,#6484,#6485,#6486,#6487),.UNSPECIFIED.,.F.,
  .F.,(4,1,1,1,1,1,1,1,1,1,4),(0.,0.1,0.2,0.3,0.4,0.5,0.6,0.7,0.8,0.9,1.
    ),.QUASI_UNIFORM_KNOTS.);
#6475 = CARTESIAN_POINT('',(3.50000002138,0.));
#6476 = CARTESIAN_POINT('',(3.390275766553,0.));
#6477 = CARTESIAN_POINT('',(3.171198777419,5.971138034E-03));
#6478 = CARTESIAN_POINT('',(2.843712779705,3.2423215091E-02));
#6479 = CARTESIAN_POINT('',(2.517311323094,7.5526882782E-02));
#6480 = CARTESIAN_POINT('',(2.191296040248,0.134231027552));
#6481 = CARTESIAN_POINT('',(1.863190414212,0.207822227403));
#6482 = CARTESIAN_POINT('',(1.529019809425,0.296291470082));
#6483 = CARTESIAN_POINT('',(1.183794616754,0.40042722351));
#6484 = CARTESIAN_POINT('',(0.821391031657,0.52195357924));
#6485 = CARTESIAN_POINT('',(0.433174128307,0.664056540783));
#6486 = CARTESIAN_POINT('',(0.148204277342,0.776507948219));
#6487 = CARTESIAN_POINT('',(0.,0.837012091083));
#6488 = ( GEOMETRIC_REPRESENTATION_CONTEXT(2) 
PARAMETRIC_REPRESENTATION_CONTEXT() REPRESENTATION_CONTEXT('2D SPACE',''
  ) );
#6489 = PCURVE('',#6490,#6495);
#6490 = CONICAL_SURFACE('',#6491,4.224873734153,1.047197551196);
#6491 = AXIS2_PLACEMENT_3D('',#6492,#6493,#6494);
#6492 = CARTESIAN_POINT('',(0.,-3.081493954458,0.));
#6493 = DIRECTION('',(0.,1.,0.));
#6494 = DIRECTION('',(0.,-0.,1.));
#6495 = DEFINITIONAL_REPRESENTATION('',(#6496),#6544);
#6496 = B_SPLINE_CURVE_WITH_KNOTS('',3,(#6497,#6498,#6499,#6500,#6501,
    #6502,#6503,#6504,#6505,#6506,#6507,#6508,#6509,#6510,#6511,#6512,
    #6513,#6514,#6515,#6516,#6517,#6518,#6519,#6520,#6521,#6522,#6523,
    #6524,#6525,#6526,#6527,#6528,#6529,#6530,#6531,#6532,#6533,#6534,
    #6535,#6536,#6537,#6538,#6539,#6540,#6541,#6542,#6543),
  .UNSPECIFIED.,.F.,.F.,(4,1,1,1,1,1,1,1,1,1,1,1,1,1,1,1,1,1,1,1,1,1,1,1
    ,1,1,1,1,1,1,1,1,1,1,1,1,1,1,1,1,1,1,1,1,4),(0.,2.272727272727E-02,
    4.545454545455E-02,6.818181818182E-02,9.090909090909E-02,
    0.113636363636,0.136363636364,0.159090909091,0.181818181818,
    0.204545454545,0.227272727273,0.25,0.272727272727,0.295454545455,
    0.318181818182,0.340909090909,0.363636363636,0.386363636364,
    0.409090909091,0.431818181818,0.454545454545,0.477272727273,0.5,
    0.522727272727,0.545454545455,0.568181818182,0.590909090909,
    0.613636363636,0.636363636364,0.659090909091,0.681818181818,
    0.704545454545,0.727272727273,0.75,0.772727272727,0.795454545455,
    0.818181818182,0.840909090909,0.863636363636,0.886363636364,
    0.909090909091,0.931818181818,0.954545454545,0.977272727273,1.),
  .QUASI_UNIFORM_KNOTS.);
#6497 = CARTESIAN_POINT('',(1.570796332903,-0.418506045538));
#6498 = CARTESIAN_POINT('',(1.563671363177,-0.418506123953));
#6499 = CARTESIAN_POINT('',(1.549426972616,-0.418198066364));
#6500 = CARTESIAN_POINT('',(1.528096319293,-0.416815674117));
#6501 = CARTESIAN_POINT('',(1.506820995751,-0.414516935616));
#6502 = CARTESIAN_POINT('',(1.4856200093,-0.411307132701));
#6503 = CARTESIAN_POINT('',(1.464512016608,-0.407192191162));
#6504 = CARTESIAN_POINT('',(1.443515027624,-0.402179819004));
#6505 = CARTESIAN_POINT('',(1.42264639026,-0.396279104501));
#6506 = CARTESIAN_POINT('',(1.401922785901,-0.389499783927));
#6507 = CARTESIAN_POINT('',(1.381360275094,-0.381852359638));
#6508 = CARTESIAN_POINT('',(1.360973691269,-0.373348027546));
#6509 = CARTESIAN_POINT('',(1.34077511032,-0.363998430781));
#6510 = CARTESIAN_POINT('',(1.320776083499,-0.353815559378));
#6511 = CARTESIAN_POINT('',(1.300987114491,-0.342811584964));
#6512 = CARTESIAN_POINT('',(1.281418481614,-0.33099934147));
#6513 = CARTESIAN_POINT('',(1.262074584421,-0.318388484072));
#6514 = CARTESIAN_POINT('',(1.242958148203,-0.304987463488));
#6515 = CARTESIAN_POINT('',(1.224071517812,-0.29080427731));
#6516 = CARTESIAN_POINT('',(1.205416925227,-0.275846871031));
#6517 = CARTESIAN_POINT('',(1.186994088255,-0.260120457899));
#6518 = CARTESIAN_POINT('',(1.168799297457,-0.243625842271));
#6519 = CARTESIAN_POINT('',(1.150829311101,-0.226363442547));
#6520 = CARTESIAN_POINT('',(1.133080630328,-0.208332507692));
#6521 = CARTESIAN_POINT('',(1.115549734375,-0.18953139269));
#6522 = CARTESIAN_POINT('',(1.098230365685,-0.169952799304));
#6523 = CARTESIAN_POINT('',(1.081116517073,-0.149588247039));
#6524 = CARTESIAN_POINT('',(1.06420231498,-0.128427881746));
#6525 = CARTESIAN_POINT('',(1.047482548084,-0.106461497374));
#6526 = CARTESIAN_POINT('',(1.03095023209,-8.367370862366E-02));
#6527 = CARTESIAN_POINT('',(1.014597588086,-6.004521413956E-02));
#6528 = CARTESIAN_POINT('',(0.998417621561,-3.555586377866E-02));
#6529 = CARTESIAN_POINT('',(0.982404140565,-1.018470829997E-02));
#6530 = CARTESIAN_POINT('',(0.966550324104,1.609262894254E-02));
#6531 = CARTESIAN_POINT('',(0.950844856492,4.33126113784E-02));
#6532 = CARTESIAN_POINT('',(0.935278246668,7.151199674233E-02));
#6533 = CARTESIAN_POINT('',(0.919841619293,0.100730149269));
#6534 = CARTESIAN_POINT('',(0.904528250474,0.131005306504));
#6535 = CARTESIAN_POINT('',(0.889323486762,0.162398603025));
#6536 = CARTESIAN_POINT('',(0.874212338956,0.194979116335));
#6537 = CARTESIAN_POINT('',(0.859183298244,0.22881465469));
#6538 = CARTESIAN_POINT('',(0.844222878965,0.263984437381));
#6539 = CARTESIAN_POINT('',(0.829335697659,0.300531354254));
#6540 = CARTESIAN_POINT('',(0.814550188995,0.338437383472));
#6541 = CARTESIAN_POINT('',(0.799888273788,0.377693650488));
#6542 = CARTESIAN_POINT('',(0.7902098356,0.404754943507));
#6543 = CARTESIAN_POINT('',(0.785398163397,0.418506045542));
#6544 = ( GEOMETRIC_REPRESENTATION_CONTEXT(2) 
PARAMETRIC_REPRESENTATION_CONTEXT() REPRESENTATION_CONTEXT('2D SPACE',''
  ) );
#6545 = ORIENTED_EDGE('',*,*,#6546,.T.);
#6546 = EDGE_CURVE('',#6455,#6547,#6549,.T.);
#6547 = VERTEX_POINT('',#6548);
#6548 = CARTESIAN_POINT('',(3.5,3.5,3.5));
#6549 = SURFACE_CURVE('',#6550,(#6554,#6561),.PCURVE_S1.);
#6550 = LINE('',#6551,#6552);
#6551 = CARTESIAN_POINT('',(3.5,-2.662987908917,3.5));
#6552 = VECTOR('',#6553,1.);
#6553 = DIRECTION('',(0.,1.,0.));
#6554 = PCURVE('',#6433,#6555);
#6555 = DEFINITIONAL_REPRESENTATION('',(#6556),#6560);
#6556 = LINE('',#6557,#6558);
#6557 = CARTESIAN_POINT('',(0.,0.837012091083));
#6558 = VECTOR('',#6559,1.);
#6559 = DIRECTION('',(0.,1.));
#6560 = ( GEOMETRIC_REPRESENTATION_CONTEXT(2) 
PARAMETRIC_REPRESENTATION_CONTEXT() REPRESENTATION_CONTEXT('2D SPACE',''
  ) );
#6561 = PCURVE('',#6562,#6567);
#6562 = PLANE('',#6563);
#6563 = AXIS2_PLACEMENT_3D('',#6564,#6565,#6566);
#6564 = CARTESIAN_POINT('',(-3.5,-3.5,3.5));
#6565 = DIRECTION('',(0.,0.,1.));
#6566 = DIRECTION('',(1.,0.,-0.));
#6567 = DEFINITIONAL_REPRESENTATION('',(#6568),#6572);
#6568 = LINE('',#6569,#6570);
#6569 = CARTESIAN_POINT('',(7.,0.837012091083));
#6570 = VECTOR('',#6571,1.);
#6571 = DIRECTION('',(0.,1.));
#6572 = ( GEOMETRIC_REPRESENTATION_CONTEXT(2) 
PARAMETRIC_REPRESENTATION_CONTEXT() REPRESENTATION_CONTEXT('2D SPACE',''
  ) );
#6573 = ORIENTED_EDGE('',*,*,#6574,.T.);
#6574 = EDGE_CURVE('',#6547,#6575,#6577,.T.);
#6575 = VERTEX_POINT('',#6576);
#6576 = CARTESIAN_POINT('',(3.5,3.5,-3.5));
#6577 = SURFACE_CURVE('',#6578,(#6582,#6589),.PCURVE_S1.);
#6578 = LINE('',#6579,#6580);
#6579 = CARTESIAN_POINT('',(3.5,3.5,3.5));
#6580 = VECTOR('',#6581,1.);
#6581 = DIRECTION('',(0.,0.,-1.));
#6582 = PCURVE('',#6433,#6583);
#6583 = DEFINITIONAL_REPRESENTATION('',(#6584),#6588);
#6584 = LINE('',#6585,#6586);
#6585 = CARTESIAN_POINT('',(0.,7.));
#6586 = VECTOR('',#6587,1.);
#6587 = DIRECTION('',(1.,0.));
#6588 = ( GEOMETRIC_REPRESENTATION_CONTEXT(2) 
PARAMETRIC_REPRESENTATION_CONTEXT() REPRESENTATION_CONTEXT('2D SPACE',''
  ) );
#6589 = PCURVE('',#6590,#6595);
#6590 = PLANE('',#6591);
#6591 = AXIS2_PLACEMENT_3D('',#6592,#6593,#6594);
#6592 = CARTESIAN_POINT('',(0.,3.5,0.));
#6593 = DIRECTION('',(0.,-1.,0.));
#6594 = DIRECTION('',(1.,0.,0.));
#6595 = DEFINITIONAL_REPRESENTATION('',(#6596),#6600);
#6596 = LINE('',#6597,#6598);
#6597 = CARTESIAN_POINT('',(3.5,3.5));
#6598 = VECTOR('',#6599,1.);
#6599 = DIRECTION('',(0.,-1.));
#6600 = ( GEOMETRIC_REPRESENTATION_CONTEXT(2) 
PARAMETRIC_REPRESENTATION_CONTEXT() REPRESENTATION_CONTEXT('2D SPACE',''
  ) );
#6601 = ORIENTED_EDGE('',*,*,#6602,.F.);
#6602 = EDGE_CURVE('',#6603,#6575,#6605,.T.);
#6603 = VERTEX_POINT('',#6604);
#6604 = CARTESIAN_POINT('',(3.5,-2.662987908917,-3.5));
#6605 = SURFACE_CURVE('',#6606,(#6610,#6617),.PCURVE_S1.);
#6606 = LINE('',#6607,#6608);
#6607 = CARTESIAN_POINT('',(3.5,-2.662987908917,-3.5));
#6608 = VECTOR('',#6609,1.);
#6609 = DIRECTION('',(0.,1.,0.));
#6610 = PCURVE('',#6433,#6611);
#6611 = DEFINITIONAL_REPRESENTATION('',(#6612),#6616);
#6612 = LINE('',#6613,#6614);
#6613 = CARTESIAN_POINT('',(7.,0.837012091083));
#6614 = VECTOR('',#6615,1.);
#6615 = DIRECTION('',(0.,1.));
#6616 = ( GEOMETRIC_REPRESENTATION_CONTEXT(2) 
PARAMETRIC_REPRESENTATION_CONTEXT() REPRESENTATION_CONTEXT('2D SPACE',''
  ) );
#6617 = PCURVE('',#6618,#6623);
#6618 = PLANE('',#6619);
#6619 = AXIS2_PLACEMENT_3D('',#6620,#6621,#6622);
#6620 = CARTESIAN_POINT('',(3.5,-3.5,-3.5));
#6621 = DIRECTION('',(0.,0.,-1.));
#6622 = DIRECTION('',(-1.,0.,0.));
#6623 = DEFINITIONAL_REPRESENTATION('',(#6624),#6628);
#6624 = LINE('',#6625,#6626);
#6625 = CARTESIAN_POINT('',(0.,0.837012091083));
#6626 = VECTOR('',#6627,1.);
#6627 = DIRECTION('',(0.,1.));
#6628 = ( GEOMETRIC_REPRESENTATION_CONTEXT(2) 
PARAMETRIC_REPRESENTATION_CONTEXT() REPRESENTATION_CONTEXT('2D SPACE',''
  ) );
#6629 = ORIENTED_EDGE('',*,*,#6630,.T.);
#6630 = EDGE_CURVE('',#6603,#6453,#6631,.T.);
#6631 = SURFACE_CURVE('',#6632,(#6646,#6663),.PCURVE_S1.);
#6632 = B_SPLINE_CURVE_WITH_KNOTS('',3,(#6633,#6634,#6635,#6636,#6637,
    #6638,#6639,#6640,#6641,#6642,#6643,#6644,#6645),.UNSPECIFIED.,.F.,
  .F.,(4,1,1,1,1,1,1,1,1,1,4),(0.,0.1,0.2,0.3,0.4,0.5,0.6,0.7,0.8,0.9,1.
    ),.QUASI_UNIFORM_KNOTS.);
#6633 = CARTESIAN_POINT('',(3.5,-2.662987908917,-3.5));
#6634 = CARTESIAN_POINT('',(3.5,-2.725054596212,-3.347968286102));
#6635 = CARTESIAN_POINT('',(3.5,-2.839957344836,-3.056485531643));
#6636 = CARTESIAN_POINT('',(3.5,-2.98375042094,-2.662486189385));
#6637 = CARTESIAN_POINT('',(3.5,-3.105728874779,-2.296951209151));
#6638 = CARTESIAN_POINT('',(3.5,-3.209478730968,-1.950598779821));
#6639 = CARTESIAN_POINT('',(3.5,-3.297001757856,-1.616976393694));
#6640 = CARTESIAN_POINT('',(3.5,-3.36933379701,-1.290837099593));
#6641 = CARTESIAN_POINT('',(3.5,-3.426696612073,-0.968014508352));
#6642 = CARTESIAN_POINT('',(3.500000000001,-3.468606122572,
    -0.645824076269));
#6643 = CARTESIAN_POINT('',(3.499999999996,-3.494227643124,
    -0.323380654984));
#6644 = CARTESIAN_POINT('',(3.500000000008,-3.499999998471,
    -0.107864505514));
#6645 = CARTESIAN_POINT('',(3.500000000008,-3.5,-2.138005117282E-08));
#6646 = PCURVE('',#6433,#6647);
#6647 = DEFINITIONAL_REPRESENTATION('',(#6648),#6662);
#6648 = B_SPLINE_CURVE_WITH_KNOTS('',3,(#6649,#6650,#6651,#6652,#6653,
    #6654,#6655,#6656,#6657,#6658,#6659,#6660,#6661),.UNSPECIFIED.,.F.,
  .F.,(4,1,1,1,1,1,1,1,1,1,4),(0.,0.1,0.2,0.3,0.4,0.5,0.6,0.7,0.8,0.9,1.
    ),.QUASI_UNIFORM_KNOTS.);
#6649 = CARTESIAN_POINT('',(7.,0.837012091083));
#6650 = CARTESIAN_POINT('',(6.847968286102,0.774945403788));
#6651 = CARTESIAN_POINT('',(6.556485531643,0.660042655164));
#6652 = CARTESIAN_POINT('',(6.162486189385,0.51624957906));
#6653 = CARTESIAN_POINT('',(5.796951209151,0.394271125221));
#6654 = CARTESIAN_POINT('',(5.450598779821,0.290521269032));
#6655 = CARTESIAN_POINT('',(5.116976393694,0.202998242144));
#6656 = CARTESIAN_POINT('',(4.790837099593,0.13066620299));
#6657 = CARTESIAN_POINT('',(4.468014508352,7.3303387927E-02));
#6658 = CARTESIAN_POINT('',(4.145824076269,3.1393877428E-02));
#6659 = CARTESIAN_POINT('',(3.823380654984,5.772356876E-03));
#6660 = CARTESIAN_POINT('',(3.607864505514,1.529000037692E-09));
#6661 = CARTESIAN_POINT('',(3.50000002138,0.));
#6662 = ( GEOMETRIC_REPRESENTATION_CONTEXT(2) 
PARAMETRIC_REPRESENTATION_CONTEXT() REPRESENTATION_CONTEXT('2D SPACE',''
  ) );
#6663 = PCURVE('',#6664,#6669);
#6664 = CONICAL_SURFACE('',#6665,4.224873734153,1.047197551196);
#6665 = AXIS2_PLACEMENT_3D('',#6666,#6667,#6668);
#6666 = CARTESIAN_POINT('',(0.,-3.081493954458,0.));
#6667 = DIRECTION('',(0.,1.,0.));
#6668 = DIRECTION('',(0.,-0.,1.));
#6669 = DEFINITIONAL_REPRESENTATION('',(#6670),#6718);
#6670 = B_SPLINE_CURVE_WITH_KNOTS('',3,(#6671,#6672,#6673,#6674,#6675,
    #6676,#6677,#6678,#6679,#6680,#6681,#6682,#6683,#6684,#6685,#6686,
    #6687,#6688,#6689,#6690,#6691,#6692,#6693,#6694,#6695,#6696,#6697,
    #6698,#6699,#6700,#6701,#6702,#6703,#6704,#6705,#6706,#6707,#6708,
    #6709,#6710,#6711,#6712,#6713,#6714,#6715,#6716,#6717),
  .UNSPECIFIED.,.F.,.F.,(4,1,1,1,1,1,1,1,1,1,1,1,1,1,1,1,1,1,1,1,1,1,1,1
    ,1,1,1,1,1,1,1,1,1,1,1,1,1,1,1,1,1,1,1,1,4),(0.,2.272727272727E-02,
    4.545454545455E-02,6.818181818182E-02,9.090909090909E-02,
    0.113636363636,0.136363636364,0.159090909091,0.181818181818,
    0.204545454545,0.227272727273,0.25,0.272727272727,0.295454545455,
    0.318181818182,0.340909090909,0.363636363636,0.386363636364,
    0.409090909091,0.431818181818,0.454545454545,0.477272727273,0.5,
    0.522727272727,0.545454545455,0.568181818182,0.590909090909,
    0.613636363636,0.636363636364,0.659090909091,0.681818181818,
    0.704545454545,0.727272727273,0.75,0.772727272727,0.795454545455,
    0.818181818182,0.840909090909,0.863636363636,0.886363636364,
    0.909090909091,0.931818181818,0.954545454545,0.977272727273,1.),
  .QUASI_UNIFORM_KNOTS.);
#6671 = CARTESIAN_POINT('',(2.356194490192,0.418506045542));
#6672 = CARTESIAN_POINT('',(2.35125857124,0.404399794588));
#6673 = CARTESIAN_POINT('',(2.341332720473,0.376662851333));
#6674 = CARTESIAN_POINT('',(2.326306115466,0.336496991352));
#6675 = CARTESIAN_POINT('',(2.311165476895,0.297785397847));
#6676 = CARTESIAN_POINT('',(2.295936050609,0.260536368188));
#6677 = CARTESIAN_POINT('',(2.280650316917,0.224768186087));
#6678 = CARTESIAN_POINT('',(2.265314409915,0.190431934013));
#6679 = CARTESIAN_POINT('',(2.249914367222,0.157438682241));
#6680 = CARTESIAN_POINT('',(2.234438352392,0.125712113022));
#6681 = CARTESIAN_POINT('',(2.218870589554,9.517449645417E-02));
#6682 = CARTESIAN_POINT('',(2.20319569573,6.575703855526E-02));
#6683 = CARTESIAN_POINT('',(2.187407429269,3.741683266809E-02));
#6684 = CARTESIAN_POINT('',(2.171497109151,1.010959332808E-02));
#6685 = CARTESIAN_POINT('',(2.1554553748,-1.6206122899E-02));
#6686 = CARTESIAN_POINT('',(2.139270810263,-4.157150245388E-02));
#6687 = CARTESIAN_POINT('',(2.12293710009,-6.601443394426E-02));
#6688 = CARTESIAN_POINT('',(2.106448651597,-8.955910939305E-02));
#6689 = CARTESIAN_POINT('',(2.089798962888,-0.112228947106));
#6690 = CARTESIAN_POINT('',(2.072980664425,-0.134046493467));
#6691 = CARTESIAN_POINT('',(2.055987194955,-0.155030234867));
#6692 = CARTESIAN_POINT('',(2.038813843102,-0.175193284328));
#6693 = CARTESIAN_POINT('',(2.021455140347,-0.194548422332));
#6694 = CARTESIAN_POINT('',(2.003905420192,-0.213107030228));
#6695 = CARTESIAN_POINT('',(1.986158688078,-0.230879289406));
#6696 = CARTESIAN_POINT('',(1.968211806463,-0.247869550939));
#6697 = CARTESIAN_POINT('',(1.950061587845,-0.264081272606));
#6698 = CARTESIAN_POINT('',(1.931705022863,-0.279516741616));
#6699 = CARTESIAN_POINT('',(1.913138556873,-0.294177846764));
#6700 = CARTESIAN_POINT('',(1.894361950279,-0.30806209973));
#6701 = CARTESIAN_POINT('',(1.875377363436,-0.321164287168));
#6702 = CARTESIAN_POINT('',(1.856186971088,-0.33347911233));
#6703 = CARTESIAN_POINT('',(1.836793215442,-0.34500079836));
#6704 = CARTESIAN_POINT('',(1.817200118651,-0.355722319992));
#6705 = CARTESIAN_POINT('',(1.797417534656,-0.365633401355));
#6706 = CARTESIAN_POINT('',(1.777455422988,-0.374724382416));
#6707 = CARTESIAN_POINT('',(1.757324638488,-0.382985728991));
#6708 = CARTESIAN_POINT('',(1.737036561945,-0.390408174496));
#6709 = CARTESIAN_POINT('',(1.716604173192,-0.396982952165));
#6710 = CARTESIAN_POINT('',(1.696041281215,-0.402701794197));
#6711 = CARTESIAN_POINT('',(1.675362312787,-0.407556928171));
#6712 = CARTESIAN_POINT('',(1.654581973496,-0.411541044746));
#6713 = CARTESIAN_POINT('',(1.633716644607,-0.414647655781));
#6714 = CARTESIAN_POINT('',(1.612785011195,-0.416871577953));
#6715 = CARTESIAN_POINT('',(1.591805744462,-0.418208389692));
#6716 = CARTESIAN_POINT('',(1.577800534644,-0.418506125216));
#6717 = CARTESIAN_POINT('',(1.570796332903,-0.418506045538));
#6718 = ( GEOMETRIC_REPRESENTATION_CONTEXT(2) 
PARAMETRIC_REPRESENTATION_CONTEXT() REPRESENTATION_CONTEXT('2D SPACE',''
  ) );
#6719 = FACE_BOUND('',#6720,.F.);
#6720 = EDGE_LOOP('',(#6721,#6747));
#6721 = ORIENTED_EDGE('',*,*,#6722,.F.);
#6722 = EDGE_CURVE('',#6396,#6372,#6723,.T.);
#6723 = SURFACE_CURVE('',#6724,(#6729,#6740),.PCURVE_S1.);
#6724 = CIRCLE('',#6725,2.9);
#6725 = AXIS2_PLACEMENT_3D('',#6726,#6727,#6728);
#6726 = CARTESIAN_POINT('',(3.5,0.,0.));
#6727 = DIRECTION('',(-1.,0.,0.));
#6728 = DIRECTION('',(0.,-1.,0.));
#6729 = PCURVE('',#6433,#6730);
#6730 = DEFINITIONAL_REPRESENTATION('',(#6731),#6739);
#6731 = ( BOUNDED_CURVE() B_SPLINE_CURVE(2,(#6732,#6733,#6734,#6735,
#6736,#6737,#6738),.UNSPECIFIED.,.T.,.F.) B_SPLINE_CURVE_WITH_KNOTS((1,2
    ,2,2,2,1),(-2.094395102393,0.,2.094395102393,4.188790204786,
6.28318530718,8.377580409573),.UNSPECIFIED.) CURVE() 
GEOMETRIC_REPRESENTATION_ITEM() RATIONAL_B_SPLINE_CURVE((1.,0.5,1.,0.5,
1.,0.5,1.)) REPRESENTATION_ITEM('') );
#6732 = CARTESIAN_POINT('',(3.5,0.6));
#6733 = CARTESIAN_POINT('',(-1.52294734195,0.6));
#6734 = CARTESIAN_POINT('',(0.988526329025,4.95));
#6735 = CARTESIAN_POINT('',(3.5,9.3));
#6736 = CARTESIAN_POINT('',(6.011473670975,4.95));
#6737 = CARTESIAN_POINT('',(8.52294734195,0.6));
#6738 = CARTESIAN_POINT('',(3.5,0.6));
#6739 = ( GEOMETRIC_REPRESENTATION_CONTEXT(2) 
PARAMETRIC_REPRESENTATION_CONTEXT() REPRESENTATION_CONTEXT('2D SPACE',''
  ) );
#6740 = PCURVE('',#6302,#6741);
#6741 = DEFINITIONAL_REPRESENTATION('',(#6742),#6746);
#6742 = LINE('',#6743,#6744);
#6743 = CARTESIAN_POINT('',(3.14159265359,-0.1));
#6744 = VECTOR('',#6745,1.);
#6745 = DIRECTION('',(-1.,0.));
#6746 = ( GEOMETRIC_REPRESENTATION_CONTEXT(2) 
PARAMETRIC_REPRESENTATION_CONTEXT() REPRESENTATION_CONTEXT('2D SPACE',''
  ) );
#6747 = ORIENTED_EDGE('',*,*,#6418,.F.);
#6748 = ADVANCED_FACE('',(#6749),#6490,.T.);
#6749 = FACE_BOUND('',#6750,.T.);
#6750 = EDGE_LOOP('',(#6751,#6784,#6785));
#6751 = ORIENTED_EDGE('',*,*,#6752,.F.);
#6752 = EDGE_CURVE('',#6453,#6753,#6755,.T.);
#6753 = VERTEX_POINT('',#6754);
#6754 = CARTESIAN_POINT('',(0.,-3.5,3.5));
#6755 = SURFACE_CURVE('',#6756,(#6761,#6768),.PCURVE_S1.);
#6756 = CIRCLE('',#6757,3.5);
#6757 = AXIS2_PLACEMENT_3D('',#6758,#6759,#6760);
#6758 = CARTESIAN_POINT('',(0.,-3.5,0.));
#6759 = DIRECTION('',(0.,-1.,0.));
#6760 = DIRECTION('',(1.,0.,1.131539997806E-10));
#6761 = PCURVE('',#6490,#6762);
#6762 = DEFINITIONAL_REPRESENTATION('',(#6763),#6767);
#6763 = LINE('',#6764,#6765);
#6764 = CARTESIAN_POINT('',(1.570796326682,-0.418506045542));
#6765 = VECTOR('',#6766,1.);
#6766 = DIRECTION('',(-1.,0.));
#6767 = ( GEOMETRIC_REPRESENTATION_CONTEXT(2) 
PARAMETRIC_REPRESENTATION_CONTEXT() REPRESENTATION_CONTEXT('2D SPACE',''
  ) );
#6768 = PCURVE('',#6769,#6774);
#6769 = PLANE('',#6770);
#6770 = AXIS2_PLACEMENT_3D('',#6771,#6772,#6773);
#6771 = CARTESIAN_POINT('',(0.,-3.5,0.));
#6772 = DIRECTION('',(0.,1.,0.));
#6773 = DIRECTION('',(0.,-0.,1.));
#6774 = DEFINITIONAL_REPRESENTATION('',(#6775),#6783);
#6775 = ( BOUNDED_CURVE() B_SPLINE_CURVE(2,(#6776,#6777,#6778,#6779,
#6780,#6781,#6782),.UNSPECIFIED.,.T.,.F.) B_SPLINE_CURVE_WITH_KNOTS((1,2
    ,2,2,2,1),(-2.094395102393,0.,2.094395102393,4.188790204786,
6.28318530718,8.377580409573),.UNSPECIFIED.) CURVE() 
GEOMETRIC_REPRESENTATION_ITEM() RATIONAL_B_SPLINE_CURVE((1.,0.5,1.,0.5,
1.,0.5,1.)) REPRESENTATION_ITEM('') );
#6776 = CARTESIAN_POINT('',(3.960389992321E-10,3.5));
#6777 = CARTESIAN_POINT('',(6.062177826887,3.499999999314));
#6778 = CARTESIAN_POINT('',(3.031088913048,-1.750000000343));
#6779 = CARTESIAN_POINT('',(-7.920771412114E-10,-7.));
#6780 = CARTESIAN_POINT('',(-3.031088913444,-1.749999999657));
#6781 = CARTESIAN_POINT('',(-6.062177826095,3.500000000686));
#6782 = CARTESIAN_POINT('',(3.960389992321E-10,3.5));
#6783 = ( GEOMETRIC_REPRESENTATION_CONTEXT(2) 
PARAMETRIC_REPRESENTATION_CONTEXT() REPRESENTATION_CONTEXT('2D SPACE',''
  ) );
#6784 = ORIENTED_EDGE('',*,*,#6452,.T.);
#6785 = ORIENTED_EDGE('',*,*,#6786,.T.);
#6786 = EDGE_CURVE('',#6455,#6753,#6787,.T.);
#6787 = SURFACE_CURVE('',#6788,(#6802,#6853),.PCURVE_S1.);
#6788 = B_SPLINE_CURVE_WITH_KNOTS('',3,(#6789,#6790,#6791,#6792,#6793,
    #6794,#6795,#6796,#6797,#6798,#6799,#6800,#6801),.UNSPECIFIED.,.F.,
  .F.,(4,1,1,1,1,1,1,1,1,1,4),(0.,0.1,0.2,0.3,0.4,0.5,0.6,0.7,0.8,0.9,1.
    ),.QUASI_UNIFORM_KNOTS.);
#6789 = CARTESIAN_POINT('',(3.5,-2.662987908917,3.5));
#6790 = CARTESIAN_POINT('',(3.348217310652,-2.724952932365,3.5));
#6791 = CARTESIAN_POINT('',(3.0571796369,-2.839686466633,3.5));
#6792 = CARTESIAN_POINT('',(2.66379734077,-2.98328643309,3.5));
#6793 = CARTESIAN_POINT('',(2.298495416293,-3.105236699983,3.5));
#6794 = CARTESIAN_POINT('',(1.952258051094,-3.20901031559,3.5));
#6795 = CARTESIAN_POINT('',(1.61859106746,-3.296611143575,3.5));
#6796 = CARTESIAN_POINT('',(1.292274894959,-3.369048429911,3.5));
#6797 = CARTESIAN_POINT('',(0.969204526571,-3.426517936956,3.5));
#6798 = CARTESIAN_POINT('',(0.64662845926,-3.468527809592,3.5));
#6799 = CARTESIAN_POINT('',(0.323830836349,-3.494210374761,3.5));
#6800 = CARTESIAN_POINT('',(0.10801881854,-3.500000000007,3.500000000001
    ));
#6801 = CARTESIAN_POINT('',(-8.944011772756E-07,-3.500000000007,
    3.500000000001));
#6802 = PCURVE('',#6490,#6803);
#6803 = DEFINITIONAL_REPRESENTATION('',(#6804),#6852);
#6804 = B_SPLINE_CURVE_WITH_KNOTS('',3,(#6805,#6806,#6807,#6808,#6809,
    #6810,#6811,#6812,#6813,#6814,#6815,#6816,#6817,#6818,#6819,#6820,
    #6821,#6822,#6823,#6824,#6825,#6826,#6827,#6828,#6829,#6830,#6831,
    #6832,#6833,#6834,#6835,#6836,#6837,#6838,#6839,#6840,#6841,#6842,
    #6843,#6844,#6845,#6846,#6847,#6848,#6849,#6850,#6851),
  .UNSPECIFIED.,.F.,.F.,(4,1,1,1,1,1,1,1,1,1,1,1,1,1,1,1,1,1,1,1,1,1,1,1
    ,1,1,1,1,1,1,1,1,1,1,1,1,1,1,1,1,1,1,1,1,4),(0.,2.272726645456E-02,
    4.545453290912E-02,6.818179936368E-02,9.090906581824E-02,
    0.113636332273,0.136363598727,0.159090865182,0.181818131636,
    0.204545398091,0.227272664546,0.249999931,0.272727197455,
    0.295454463909,0.318181730364,0.340908996818,0.363636263273,
    0.386363529728,0.409090796182,0.431818062637,0.454545329091,
    0.477272595546,0.499999862,0.522727128455,0.545454394909,
    0.568181661364,0.590908927819,0.613636194273,0.636363460728,
    0.659090727182,0.681817993637,0.704545260091,0.727272526546,
    0.749999793,0.772727059455,0.79545432591,0.818181592364,
    0.840908858819,0.863636125273,0.886363391728,0.909090658182,
    0.931817924637,0.954545191092,0.977272457546,0.999999724001),
  .QUASI_UNIFORM_KNOTS.);
#6805 = CARTESIAN_POINT('',(0.785398163397,0.418506045542));
#6806 = CARTESIAN_POINT('',(0.780470332132,0.404422902654));
#6807 = CARTESIAN_POINT('',(0.770560740466,0.376730389472));
#6808 = CARTESIAN_POINT('',(0.755558894997,0.336626352124));
#6809 = CARTESIAN_POINT('',(0.740443510068,0.297972320373));
#6810 = CARTESIAN_POINT('',(0.725239942413,0.260777062544));
#6811 = CARTESIAN_POINT('',(0.709980911453,0.225059576534));
#6812 = CARTESIAN_POINT('',(0.694672192049,0.190770268234));
#6813 = CARTESIAN_POINT('',(0.679299002526,0.157818702496));
#6814 = CARTESIAN_POINT('',(0.663848727226,0.126127381637));
#6815 = CARTESIAN_POINT('',(0.648304654211,9.561729039694E-02));
#6816 = CARTESIAN_POINT('',(0.632650661594,6.621897609925E-02));
#6817 = CARTESIAN_POINT('',(0.616880950802,3.789115003965E-02));
#6818 = CARTESIAN_POINT('',(0.600987211419,1.059081342117E-02));
#6819 = CARTESIAN_POINT('',(0.584960520549,-1.572221231066E-02));
#6820 = CARTESIAN_POINT('',(0.568790026644,-4.108780884459E-02));
#6821 = CARTESIAN_POINT('',(0.552469349526,-6.553369753214E-02));
#6822 = CARTESIAN_POINT('',(0.535992669096,-8.908413403069E-02));
#6823 = CARTESIAN_POINT('',(0.51935329292,-0.111762513793));
#6824 = CARTESIAN_POINT('',(0.502543624042,-0.133591388087));
#6825 = CARTESIAN_POINT('',(0.485556952099,-0.154589106063));
#6826 = CARTESIAN_POINT('',(0.468388548108,-0.174768457597));
#6827 = CARTESIAN_POINT('',(0.451032909841,-0.194141937839));
#6828 = CARTESIAN_POINT('',(0.433484350938,-0.212720636337));
#6829 = CARTESIAN_POINT('',(0.415736862979,-0.230514447307));
#6830 = CARTESIAN_POINT('',(0.397787398105,-0.247527370769));
#6831 = CARTESIAN_POINT('',(0.37963287695,-0.263762526863));
#6832 = CARTESIAN_POINT('',(0.361270398516,-0.279221890737));
#6833 = CARTESIAN_POINT('',(0.342696582916,-0.293907019791));
#6834 = CARTESIAN_POINT('',(0.323911101471,-0.307815306472));
#6835 = CARTESIAN_POINT('',(0.304915839406,-0.320941522772));
#6836 = CARTESIAN_POINT('',(0.2857127434,-0.333280292704));
#6837 = CARTESIAN_POINT('',(0.266303974965,-0.344825761366));
#6838 = CARTESIAN_POINT('',(0.246693428754,-0.355570706453));
#6839 = CARTESIAN_POINT('',(0.226891528401,-0.365504323181));
#6840 = CARTESIAN_POINT('',(0.206908761788,-0.374616532117));
#6841 = CARTESIAN_POINT('',(0.18675653191,-0.382897442546));
#6842 = CARTESIAN_POINT('',(0.166446889785,-0.390337469));
#6843 = CARTESIAN_POINT('',(0.145992630795,-0.396927907314));
#6844 = CARTESIAN_POINT('',(0.125407170568,-0.402660579403));
#6845 = CARTESIAN_POINT('',(0.104704604316,-0.407527732232));
#6846 = CARTESIAN_POINT('',(8.389923038803E-02,-0.411522047395));
#6847 = CARTESIAN_POINT('',(6.300728733671E-02,-0.414636913244));
#6848 = CARTESIAN_POINT('',(4.204772907687E-02,-0.416866934815));
#6849 = CARTESIAN_POINT('',(2.103942919256E-02,-0.418207520518));
#6850 = CARTESIAN_POINT('',(7.014280056883E-03,-0.418506126485));
#6851 = CARTESIAN_POINT('',(0.,-0.418506045543));
#6852 = ( GEOMETRIC_REPRESENTATION_CONTEXT(2) 
PARAMETRIC_REPRESENTATION_CONTEXT() REPRESENTATION_CONTEXT('2D SPACE',''
  ) );
#6853 = PCURVE('',#6562,#6854);
#6854 = DEFINITIONAL_REPRESENTATION('',(#6855),#6869);
#6855 = B_SPLINE_CURVE_WITH_KNOTS('',3,(#6856,#6857,#6858,#6859,#6860,
    #6861,#6862,#6863,#6864,#6865,#6866,#6867,#6868),.UNSPECIFIED.,.F.,
  .F.,(4,1,1,1,1,1,1,1,1,1,4),(0.,0.1,0.2,0.3,0.4,0.5,0.6,0.7,0.8,0.9,1.
    ),.QUASI_UNIFORM_KNOTS.);
#6856 = CARTESIAN_POINT('',(7.,0.837012091083));
#6857 = CARTESIAN_POINT('',(6.848217310652,0.775047067635));
#6858 = CARTESIAN_POINT('',(6.5571796369,0.660313533367));
#6859 = CARTESIAN_POINT('',(6.16379734077,0.51671356691));
#6860 = CARTESIAN_POINT('',(5.798495416293,0.394763300017));
#6861 = CARTESIAN_POINT('',(5.452258051094,0.29098968441));
#6862 = CARTESIAN_POINT('',(5.11859106746,0.203388856425));
#6863 = CARTESIAN_POINT('',(4.792274894959,0.130951570089));
#6864 = CARTESIAN_POINT('',(4.469204526571,7.3482063044E-02));
#6865 = CARTESIAN_POINT('',(4.14662845926,3.1472190408E-02));
#6866 = CARTESIAN_POINT('',(3.823830836349,5.789625239E-03));
#6867 = CARTESIAN_POINT('',(3.60801881854,-7.000178214867E-12));
#6868 = CARTESIAN_POINT('',(3.499999105599,-7.000178214867E-12));
#6869 = ( GEOMETRIC_REPRESENTATION_CONTEXT(2) 
PARAMETRIC_REPRESENTATION_CONTEXT() REPRESENTATION_CONTEXT('2D SPACE',''
  ) );
#6870 = ADVANCED_FACE('',(#6871),#6562,.T.);
#6871 = FACE_BOUND('',#6872,.F.);
#6872 = EDGE_LOOP('',(#6873,#6874,#6966,#6994,#7015));
#6873 = ORIENTED_EDGE('',*,*,#6786,.T.);
#6874 = ORIENTED_EDGE('',*,*,#6875,.T.);
#6875 = EDGE_CURVE('',#6753,#6876,#6878,.T.);
#6876 = VERTEX_POINT('',#6877);
#6877 = CARTESIAN_POINT('',(-3.5,-2.662987908917,3.5));
#6878 = SURFACE_CURVE('',#6879,(#6893,#6910),.PCURVE_S1.);
#6879 = B_SPLINE_CURVE_WITH_KNOTS('',3,(#6880,#6881,#6882,#6883,#6884,
    #6885,#6886,#6887,#6888,#6889,#6890,#6891,#6892),.UNSPECIFIED.,.F.,
  .F.,(4,1,1,1,1,1,1,1,1,1,4),(0.,0.1,0.2,0.3,0.4,0.5,0.6,0.7,0.8,0.9,1.
    ),.QUASI_UNIFORM_KNOTS.);
#6880 = CARTESIAN_POINT('',(-8.944011772756E-07,-3.500000000007,
    3.500000000001));
#6881 = CARTESIAN_POINT('',(-0.109857948598,-3.499999935175,
    3.500000000001));
#6882 = CARTESIAN_POINT('',(-0.329185788148,-3.494013995154,3.5));
#6883 = CARTESIAN_POINT('',(-0.656984931765,-3.46750772536,3.5));
#6884 = CARTESIAN_POINT('',(-0.983709563386,-3.424317604684,3.5));
#6885 = CARTESIAN_POINT('',(-1.309941130048,-3.365520417885,3.5));
#6886 = CARTESIAN_POINT('',(-1.638190205389,-3.291840287462,3.5));
#6887 = CARTESIAN_POINT('',(-1.972398161666,-3.203305250564,3.5));
#6888 = CARTESIAN_POINT('',(-2.317535713865,-3.09914623273,3.5));
#6889 = CARTESIAN_POINT('',(-2.679720002512,-2.977651938415,3.5));
#6890 = CARTESIAN_POINT('',(-3.06744636649,-2.835701463735,3.5));
#6891 = CARTESIAN_POINT('',(-3.352019902891,-2.723400530584,3.5));
#6892 = CARTESIAN_POINT('',(-3.5,-2.662987908917,3.5));
#6893 = PCURVE('',#6562,#6894);
#6894 = DEFINITIONAL_REPRESENTATION('',(#6895),#6909);
#6895 = B_SPLINE_CURVE_WITH_KNOTS('',3,(#6896,#6897,#6898,#6899,#6900,
    #6901,#6902,#6903,#6904,#6905,#6906,#6907,#6908),.UNSPECIFIED.,.F.,
  .F.,(4,1,1,1,1,1,1,1,1,1,4),(0.,0.1,0.2,0.3,0.4,0.5,0.6,0.7,0.8,0.9,1.
    ),.QUASI_UNIFORM_KNOTS.);
#6896 = CARTESIAN_POINT('',(3.499999105599,-7.000178214867E-12));
#6897 = CARTESIAN_POINT('',(3.390142051402,6.482500003457E-08));
#6898 = CARTESIAN_POINT('',(3.170814211852,5.986004846E-03));
#6899 = CARTESIAN_POINT('',(2.843015068235,3.249227464E-02));
#6900 = CARTESIAN_POINT('',(2.516290436614,7.5682395316E-02));
#6901 = CARTESIAN_POINT('',(2.190058869952,0.134479582115));
#6902 = CARTESIAN_POINT('',(1.861809794611,0.208159712538));
#6903 = CARTESIAN_POINT('',(1.527601838334,0.296694749436));
#6904 = CARTESIAN_POINT('',(1.182464286135,0.40085376727));
#6905 = CARTESIAN_POINT('',(0.820279997488,0.522348061585));
#6906 = CARTESIAN_POINT('',(0.43255363351,0.664298536265));
#6907 = CARTESIAN_POINT('',(0.147980097109,0.776599469416));
#6908 = CARTESIAN_POINT('',(0.,0.837012091083));
#6909 = ( GEOMETRIC_REPRESENTATION_CONTEXT(2) 
PARAMETRIC_REPRESENTATION_CONTEXT() REPRESENTATION_CONTEXT('2D SPACE',''
  ) );
#6910 = PCURVE('',#6911,#6916);
#6911 = CONICAL_SURFACE('',#6912,4.224873734153,1.047197551196);
#6912 = AXIS2_PLACEMENT_3D('',#6913,#6914,#6915);
#6913 = CARTESIAN_POINT('',(0.,-3.081493954458,0.));
#6914 = DIRECTION('',(0.,1.,0.));
#6915 = DIRECTION('',(0.,-0.,1.));
#6916 = DEFINITIONAL_REPRESENTATION('',(#6917),#6965);
#6917 = B_SPLINE_CURVE_WITH_KNOTS('',3,(#6918,#6919,#6920,#6921,#6922,
    #6923,#6924,#6925,#6926,#6927,#6928,#6929,#6930,#6931,#6932,#6933,
    #6934,#6935,#6936,#6937,#6938,#6939,#6940,#6941,#6942,#6943,#6944,
    #6945,#6946,#6947,#6948,#6949,#6950,#6951,#6952,#6953,#6954,#6955,
    #6956,#6957,#6958,#6959,#6960,#6961,#6962,#6963,#6964),
  .UNSPECIFIED.,.F.,.F.,(4,1,1,1,1,1,1,1,1,1,1,1,1,1,1,1,1,1,1,1,1,1,1,1
    ,1,1,1,1,1,1,1,1,1,1,1,1,1,1,1,1,1,1,1,1,4),(0.,2.272727272727E-02,
    4.545454545455E-02,6.818181818182E-02,9.090909090909E-02,
    0.113636363636,0.136363636364,0.159090909091,0.181818181818,
    0.204545454545,0.227272727273,0.25,0.272727272727,0.295454545455,
    0.318181818182,0.340909090909,0.363636363636,0.386363636364,
    0.409090909091,0.431818181818,0.454545454545,0.477272727273,0.5,
    0.522727272727,0.545454545455,0.568181818182,0.590909090909,
    0.613636363636,0.636363636364,0.659090909091,0.681818181818,
    0.704545454545,0.727272727273,0.75,0.772727272727,0.795454545455,
    0.818181818182,0.840909090909,0.863636363636,0.886363636364,
    0.909090909091,0.931818181818,0.954545454545,0.977272727273,1.),
  .QUASI_UNIFORM_KNOTS.);
#6918 = CARTESIAN_POINT('',(6.283185051636,-0.418506045543));
#6919 = CARTESIAN_POINT('',(6.27605145814,-0.418506118466));
#6920 = CARTESIAN_POINT('',(6.26179003948,-0.418197297532));
#6921 = CARTESIAN_POINT('',(6.240434628125,-0.416811623503));
#6922 = CARTESIAN_POINT('',(6.219135461944,-0.414507583008));
#6923 = CARTESIAN_POINT('',(6.197911660314,-0.41129058764));
#6924 = CARTESIAN_POINT('',(6.176782026859,-0.407166714994));
#6925 = CARTESIAN_POINT('',(6.155764489722,-0.402143772648));
#6926 = CARTESIAN_POINT('',(6.134876167038,-0.3962308818));
#6927 = CARTESIAN_POINT('',(6.114133551988,-0.389437794699));
#6928 = CARTESIAN_POINT('',(6.093552476203,-0.381774986298));
#6929 = CARTESIAN_POINT('',(6.07314767835,-0.373253646738));
#6930 = CARTESIAN_POINT('',(6.052931696242,-0.363885672591));
#6931 = CARTESIAN_POINT('',(6.032916460256,-0.353683334088));
#6932 = CARTESIAN_POINT('',(6.013112837749,-0.342659127152));
#6933 = CARTESIAN_POINT('',(5.993531493565,-0.330826283161));
#6934 = CARTESIAN_POINT('',(5.974176766157,-0.318194645248));
#6935 = CARTESIAN_POINT('',(5.955051219636,-0.304772778286));
#6936 = CARTESIAN_POINT('',(5.936157067271,-0.290568795666));
#6937 = CARTESIAN_POINT('',(5.91749638148,-0.275590722921));
#6938 = CARTESIAN_POINT('',(5.899068816416,-0.259843905395));
#6939 = CARTESIAN_POINT('',(5.880870735378,-0.243329386966));
#6940 = CARTESIAN_POINT('',(5.862898933106,-0.226047814243));
#6941 = CARTESIAN_POINT('',(5.845149945804,-0.207998676121));
#6942 = CARTESIAN_POINT('',(5.827620277045,-0.189180572823));
#6943 = CARTESIAN_POINT('',(5.810303648326,-0.169586423761));
#6944 = CARTESIAN_POINT('',(5.793194026433,-0.149207967267));
#6945 = CARTESIAN_POINT('',(5.776285505569,-0.128035567212));
#6946 = CARTESIAN_POINT('',(5.759572841278,-0.106059243323));
#6947 = CARTESIAN_POINT('',(5.743048990345,-8.326379953735E-02));
#6948 = CARTESIAN_POINT('',(5.726706097604,-5.963009501838E-02));
#6949 = CARTESIAN_POINT('',(5.71053709839,-3.513815049053E-02));
#6950 = CARTESIAN_POINT('',(5.694535711186,-9.767155875092E-03));
#6951 = CARTESIAN_POINT('',(5.678695090526,1.65070209189E-02));
#6952 = CARTESIAN_POINT('',(5.66300416273,4.372009601578E-02));
#6953 = CARTESIAN_POINT('',(5.647453620334,7.190809290175E-02));
#6954 = CARTESIAN_POINT('',(5.632034735577,0.101109634872));
#6955 = CARTESIAN_POINT('',(5.616740969591,0.131362049301));
#6956 = CARTESIAN_POINT('',(5.601557252039,0.162726734942));
#6957 = CARTESIAN_POINT('',(5.586468075846,0.195273355531));
#6958 = CARTESIAN_POINT('',(5.571461493014,0.229070251769));
#6959 = CARTESIAN_POINT('',(5.556523558882,0.26419733889));
#6960 = CARTESIAN_POINT('',(5.541658658012,0.300697790881));
#6961 = CARTESIAN_POINT('',(5.526895290586,0.338553181775));
#6962 = CARTESIAN_POINT('',(5.512255382591,0.377754358037));
#6963 = CARTESIAN_POINT('',(5.50259153715,0.404775743521));
#6964 = CARTESIAN_POINT('',(5.497787143782,0.418506045542));
#6965 = ( GEOMETRIC_REPRESENTATION_CONTEXT(2) 
PARAMETRIC_REPRESENTATION_CONTEXT() REPRESENTATION_CONTEXT('2D SPACE',''
  ) );
#6966 = ORIENTED_EDGE('',*,*,#6967,.T.);
#6967 = EDGE_CURVE('',#6876,#6968,#6970,.T.);
#6968 = VERTEX_POINT('',#6969);
#6969 = CARTESIAN_POINT('',(-3.5,3.5,3.5));
#6970 = SURFACE_CURVE('',#6971,(#6975,#6982),.PCURVE_S1.);
#6971 = LINE('',#6972,#6973);
#6972 = CARTESIAN_POINT('',(-3.5,-2.662987908917,3.5));
#6973 = VECTOR('',#6974,1.);
#6974 = DIRECTION('',(0.,1.,0.));
#6975 = PCURVE('',#6562,#6976);
#6976 = DEFINITIONAL_REPRESENTATION('',(#6977),#6981);
#6977 = LINE('',#6978,#6979);
#6978 = CARTESIAN_POINT('',(0.,0.837012091083));
#6979 = VECTOR('',#6980,1.);
#6980 = DIRECTION('',(0.,1.));
#6981 = ( GEOMETRIC_REPRESENTATION_CONTEXT(2) 
PARAMETRIC_REPRESENTATION_CONTEXT() REPRESENTATION_CONTEXT('2D SPACE',''
  ) );
#6982 = PCURVE('',#6983,#6988);
#6983 = PLANE('',#6984);
#6984 = AXIS2_PLACEMENT_3D('',#6985,#6986,#6987);
#6985 = CARTESIAN_POINT('',(-3.5,-3.5,-3.5));
#6986 = DIRECTION('',(-1.,0.,0.));
#6987 = DIRECTION('',(0.,0.,1.));
#6988 = DEFINITIONAL_REPRESENTATION('',(#6989),#6993);
#6989 = LINE('',#6990,#6991);
#6990 = CARTESIAN_POINT('',(7.,0.837012091083));
#6991 = VECTOR('',#6992,1.);
#6992 = DIRECTION('',(0.,1.));
#6993 = ( GEOMETRIC_REPRESENTATION_CONTEXT(2) 
PARAMETRIC_REPRESENTATION_CONTEXT() REPRESENTATION_CONTEXT('2D SPACE',''
  ) );
#6994 = ORIENTED_EDGE('',*,*,#6995,.T.);
#6995 = EDGE_CURVE('',#6968,#6547,#6996,.T.);
#6996 = SURFACE_CURVE('',#6997,(#7001,#7008),.PCURVE_S1.);
#6997 = LINE('',#6998,#6999);
#6998 = CARTESIAN_POINT('',(-3.5,3.5,3.5));
#6999 = VECTOR('',#7000,1.);
#7000 = DIRECTION('',(1.,0.,0.));
#7001 = PCURVE('',#6562,#7002);
#7002 = DEFINITIONAL_REPRESENTATION('',(#7003),#7007);
#7003 = LINE('',#7004,#7005);
#7004 = CARTESIAN_POINT('',(0.,7.));
#7005 = VECTOR('',#7006,1.);
#7006 = DIRECTION('',(1.,0.));
#7007 = ( GEOMETRIC_REPRESENTATION_CONTEXT(2) 
PARAMETRIC_REPRESENTATION_CONTEXT() REPRESENTATION_CONTEXT('2D SPACE',''
  ) );
#7008 = PCURVE('',#6590,#7009);
#7009 = DEFINITIONAL_REPRESENTATION('',(#7010),#7014);
#7010 = LINE('',#7011,#7012);
#7011 = CARTESIAN_POINT('',(-3.5,3.5));
#7012 = VECTOR('',#7013,1.);
#7013 = DIRECTION('',(1.,0.));
#7014 = ( GEOMETRIC_REPRESENTATION_CONTEXT(2) 
PARAMETRIC_REPRESENTATION_CONTEXT() REPRESENTATION_CONTEXT('2D SPACE',''
  ) );
#7015 = ORIENTED_EDGE('',*,*,#6546,.F.);
#7016 = ADVANCED_FACE('',(#7017),#6911,.T.);
#7017 = FACE_BOUND('',#7018,.T.);
#7018 = EDGE_LOOP('',(#7019,#7047,#7048));
#7019 = ORIENTED_EDGE('',*,*,#7020,.F.);
#7020 = EDGE_CURVE('',#6753,#7021,#7023,.T.);
#7021 = VERTEX_POINT('',#7022);
#7022 = CARTESIAN_POINT('',(-3.5,-3.5,-3.960382441497E-10));
#7023 = SURFACE_CURVE('',#7024,(#7029,#7036),.PCURVE_S1.);
#7024 = CIRCLE('',#7025,3.5);
#7025 = AXIS2_PLACEMENT_3D('',#7026,#7027,#7028);
#7026 = CARTESIAN_POINT('',(0.,-3.5,0.));
#7027 = DIRECTION('',(0.,-1.,0.));
#7028 = DIRECTION('',(0.,0.,1.));
#7029 = PCURVE('',#6911,#7030);
#7030 = DEFINITIONAL_REPRESENTATION('',(#7031),#7035);
#7031 = LINE('',#7032,#7033);
#7032 = CARTESIAN_POINT('',(6.28318530718,-0.418506045542));
#7033 = VECTOR('',#7034,1.);
#7034 = DIRECTION('',(-1.,0.));
#7035 = ( GEOMETRIC_REPRESENTATION_CONTEXT(2) 
PARAMETRIC_REPRESENTATION_CONTEXT() REPRESENTATION_CONTEXT('2D SPACE',''
  ) );
#7036 = PCURVE('',#6769,#7037);
#7037 = DEFINITIONAL_REPRESENTATION('',(#7038),#7046);
#7038 = ( BOUNDED_CURVE() B_SPLINE_CURVE(2,(#7039,#7040,#7041,#7042,
#7043,#7044,#7045),.UNSPECIFIED.,.T.,.F.) B_SPLINE_CURVE_WITH_KNOTS((1,2
    ,2,2,2,1),(-2.094395102393,0.,2.094395102393,4.188790204786,
6.28318530718,8.377580409573),.UNSPECIFIED.) CURVE() 
GEOMETRIC_REPRESENTATION_ITEM() RATIONAL_B_SPLINE_CURVE((1.,0.5,1.,0.5,
1.,0.5,1.)) REPRESENTATION_ITEM('') );
#7039 = CARTESIAN_POINT('',(3.5,0.));
#7040 = CARTESIAN_POINT('',(3.5,-6.062177826491));
#7041 = CARTESIAN_POINT('',(-1.75,-3.031088913246));
#7042 = CARTESIAN_POINT('',(-7.,-8.572527594031E-16));
#7043 = CARTESIAN_POINT('',(-1.75,3.031088913246));
#7044 = CARTESIAN_POINT('',(3.5,6.062177826491));
#7045 = CARTESIAN_POINT('',(3.5,0.));
#7046 = ( GEOMETRIC_REPRESENTATION_CONTEXT(2) 
PARAMETRIC_REPRESENTATION_CONTEXT() REPRESENTATION_CONTEXT('2D SPACE',''
  ) );
#7047 = ORIENTED_EDGE('',*,*,#6875,.T.);
#7048 = ORIENTED_EDGE('',*,*,#7049,.T.);
#7049 = EDGE_CURVE('',#6876,#7021,#7050,.T.);
#7050 = SURFACE_CURVE('',#7051,(#7065,#7116),.PCURVE_S1.);
#7051 = B_SPLINE_CURVE_WITH_KNOTS('',3,(#7052,#7053,#7054,#7055,#7056,
    #7057,#7058,#7059,#7060,#7061,#7062,#7063,#7064),.UNSPECIFIED.,.F.,
  .F.,(4,1,1,1,1,1,1,1,1,1,4),(0.,0.1,0.2,0.3,0.4,0.5,0.6,0.7,0.8,0.9,1.
    ),.QUASI_UNIFORM_KNOTS.);
#7052 = CARTESIAN_POINT('',(-3.5,-2.662987908917,3.5));
#7053 = CARTESIAN_POINT('',(-3.5,-2.725054596212,3.347968286102));
#7054 = CARTESIAN_POINT('',(-3.5,-2.839957344836,3.056485531643));
#7055 = CARTESIAN_POINT('',(-3.5,-2.98375042094,2.662486189385));
#7056 = CARTESIAN_POINT('',(-3.5,-3.105728874779,2.296951209151));
#7057 = CARTESIAN_POINT('',(-3.5,-3.209478730968,1.950598779821));
#7058 = CARTESIAN_POINT('',(-3.5,-3.297001757856,1.616976393694));
#7059 = CARTESIAN_POINT('',(-3.5,-3.36933379701,1.290837099593));
#7060 = CARTESIAN_POINT('',(-3.5,-3.426696612073,0.968014508353));
#7061 = CARTESIAN_POINT('',(-3.500000000001,-3.468606122572,
    0.645824076269));
#7062 = CARTESIAN_POINT('',(-3.499999999996,-3.494227643124,
    0.323380654985));
#7063 = CARTESIAN_POINT('',(-3.500000000008,-3.499999998471,
    0.107864505521));
#7064 = CARTESIAN_POINT('',(-3.500000000008,-3.5,2.138570005758E-08));
#7065 = PCURVE('',#6911,#7066);
#7066 = DEFINITIONAL_REPRESENTATION('',(#7067),#7115);
#7067 = B_SPLINE_CURVE_WITH_KNOTS('',3,(#7068,#7069,#7070,#7071,#7072,
    #7073,#7074,#7075,#7076,#7077,#7078,#7079,#7080,#7081,#7082,#7083,
    #7084,#7085,#7086,#7087,#7088,#7089,#7090,#7091,#7092,#7093,#7094,
    #7095,#7096,#7097,#7098,#7099,#7100,#7101,#7102,#7103,#7104,#7105,
    #7106,#7107,#7108,#7109,#7110,#7111,#7112,#7113,#7114),
  .UNSPECIFIED.,.F.,.F.,(4,1,1,1,1,1,1,1,1,1,1,1,1,1,1,1,1,1,1,1,1,1,1,1
    ,1,1,1,1,1,1,1,1,1,1,1,1,1,1,1,1,1,1,1,1,4),(0.,2.272727272727E-02,
    4.545454545455E-02,6.818181818182E-02,9.090909090909E-02,
    0.113636363636,0.136363636364,0.159090909091,0.181818181818,
    0.204545454545,0.227272727273,0.25,0.272727272727,0.295454545455,
    0.318181818182,0.340909090909,0.363636363636,0.386363636364,
    0.409090909091,0.431818181818,0.454545454545,0.477272727273,0.5,
    0.522727272727,0.545454545455,0.568181818182,0.590909090909,
    0.613636363636,0.636363636364,0.659090909091,0.681818181818,
    0.704545454545,0.727272727273,0.75,0.772727272727,0.795454545455,
    0.818181818182,0.840909090909,0.863636363636,0.886363636364,
    0.909090909091,0.931818181818,0.954545454545,0.977272727273,1.),
  .QUASI_UNIFORM_KNOTS.);
#7068 = CARTESIAN_POINT('',(5.497787143782,0.418506045542));
#7069 = CARTESIAN_POINT('',(5.49285122483,0.404399794588));
#7070 = CARTESIAN_POINT('',(5.482925374062,0.376662851333));
#7071 = CARTESIAN_POINT('',(5.467898769056,0.336496991352));
#7072 = CARTESIAN_POINT('',(5.452758130485,0.297785397847));
#7073 = CARTESIAN_POINT('',(5.437528704198,0.260536368188));
#7074 = CARTESIAN_POINT('',(5.422242970507,0.224768186087));
#7075 = CARTESIAN_POINT('',(5.406907063505,0.190431934013));
#7076 = CARTESIAN_POINT('',(5.391507020811,0.157438682241));
#7077 = CARTESIAN_POINT('',(5.376031005982,0.125712113022));
#7078 = CARTESIAN_POINT('',(5.360463243144,9.517449645417E-02));
#7079 = CARTESIAN_POINT('',(5.34478834932,6.575703855526E-02));
#7080 = CARTESIAN_POINT('',(5.329000082859,3.741683266809E-02));
#7081 = CARTESIAN_POINT('',(5.313089762741,1.010959332808E-02));
#7082 = CARTESIAN_POINT('',(5.29704802839,-1.6206122899E-02));
#7083 = CARTESIAN_POINT('',(5.280863463853,-4.157150245388E-02));
#7084 = CARTESIAN_POINT('',(5.264529753679,-6.601443394426E-02));
#7085 = CARTESIAN_POINT('',(5.248041305187,-8.955910939306E-02));
#7086 = CARTESIAN_POINT('',(5.231391616478,-0.112228947106));
#7087 = CARTESIAN_POINT('',(5.214573318015,-0.134046493467));
#7088 = CARTESIAN_POINT('',(5.197579848544,-0.155030234867));
#7089 = CARTESIAN_POINT('',(5.180406496692,-0.175193284328));
#7090 = CARTESIAN_POINT('',(5.163047793937,-0.194548422332));
#7091 = CARTESIAN_POINT('',(5.145498073781,-0.213107030228));
#7092 = CARTESIAN_POINT('',(5.127751341667,-0.230879289406));
#7093 = CARTESIAN_POINT('',(5.109804460053,-0.247869550939));
#7094 = CARTESIAN_POINT('',(5.091654241435,-0.264081272606));
#7095 = CARTESIAN_POINT('',(5.073297676453,-0.279516741616));
#7096 = CARTESIAN_POINT('',(5.054731210463,-0.294177846764));
#7097 = CARTESIAN_POINT('',(5.035954603868,-0.30806209973));
#7098 = CARTESIAN_POINT('',(5.016970017026,-0.321164287168));
#7099 = CARTESIAN_POINT('',(4.997779624678,-0.33347911233));
#7100 = CARTESIAN_POINT('',(4.978385869032,-0.34500079836));
#7101 = CARTESIAN_POINT('',(4.958792772241,-0.355722319992));
#7102 = CARTESIAN_POINT('',(4.939010188245,-0.365633401355));
#7103 = CARTESIAN_POINT('',(4.919048076578,-0.374724382416));
#7104 = CARTESIAN_POINT('',(4.898917292078,-0.382985728991));
#7105 = CARTESIAN_POINT('',(4.878629215535,-0.390408174496));
#7106 = CARTESIAN_POINT('',(4.858196826782,-0.396982952165));
#7107 = CARTESIAN_POINT('',(4.837633934805,-0.402701794197));
#7108 = CARTESIAN_POINT('',(4.816954966377,-0.407556928171));
#7109 = CARTESIAN_POINT('',(4.796174627087,-0.411541044746));
#7110 = CARTESIAN_POINT('',(4.775309298198,-0.414647655781));
#7111 = CARTESIAN_POINT('',(4.754377664787,-0.416871577953));
#7112 = CARTESIAN_POINT('',(4.733398398053,-0.418208389692));
#7113 = CARTESIAN_POINT('',(4.719393188235,-0.418506125216));
#7114 = CARTESIAN_POINT('',(4.712388986495,-0.418506045538));
#7115 = ( GEOMETRIC_REPRESENTATION_CONTEXT(2) 
PARAMETRIC_REPRESENTATION_CONTEXT() REPRESENTATION_CONTEXT('2D SPACE',''
  ) );
#7116 = PCURVE('',#6983,#7117);
#7117 = DEFINITIONAL_REPRESENTATION('',(#7118),#7132);
#7118 = B_SPLINE_CURVE_WITH_KNOTS('',3,(#7119,#7120,#7121,#7122,#7123,
    #7124,#7125,#7126,#7127,#7128,#7129,#7130,#7131),.UNSPECIFIED.,.F.,
  .F.,(4,1,1,1,1,1,1,1,1,1,4),(0.,0.1,0.2,0.3,0.4,0.5,0.6,0.7,0.8,0.9,1.
    ),.QUASI_UNIFORM_KNOTS.);
#7119 = CARTESIAN_POINT('',(7.,0.837012091083));
#7120 = CARTESIAN_POINT('',(6.847968286102,0.774945403788));
#7121 = CARTESIAN_POINT('',(6.556485531643,0.660042655164));
#7122 = CARTESIAN_POINT('',(6.162486189385,0.51624957906));
#7123 = CARTESIAN_POINT('',(5.796951209151,0.394271125221));
#7124 = CARTESIAN_POINT('',(5.450598779821,0.290521269032));
#7125 = CARTESIAN_POINT('',(5.116976393694,0.202998242144));
#7126 = CARTESIAN_POINT('',(4.790837099593,0.13066620299));
#7127 = CARTESIAN_POINT('',(4.468014508353,7.3303387927E-02));
#7128 = CARTESIAN_POINT('',(4.145824076269,3.1393877428E-02));
#7129 = CARTESIAN_POINT('',(3.823380654985,5.772356876E-03));
#7130 = CARTESIAN_POINT('',(3.607864505521,1.529000037692E-09));
#7131 = CARTESIAN_POINT('',(3.500000021386,0.));
#7132 = ( GEOMETRIC_REPRESENTATION_CONTEXT(2) 
PARAMETRIC_REPRESENTATION_CONTEXT() REPRESENTATION_CONTEXT('2D SPACE',''
  ) );
#7133 = ADVANCED_FACE('',(#7134),#6983,.T.);
#7134 = FACE_BOUND('',#7135,.F.);
#7135 = EDGE_LOOP('',(#7136,#7228,#7251,#7272,#7273));
#7136 = ORIENTED_EDGE('',*,*,#7137,.T.);
#7137 = EDGE_CURVE('',#7021,#7138,#7140,.T.);
#7138 = VERTEX_POINT('',#7139);
#7139 = CARTESIAN_POINT('',(-3.5,-2.662987908917,-3.5));
#7140 = SURFACE_CURVE('',#7141,(#7155,#7172),.PCURVE_S1.);
#7141 = B_SPLINE_CURVE_WITH_KNOTS('',3,(#7142,#7143,#7144,#7145,#7146,
    #7147,#7148,#7149,#7150,#7151,#7152,#7153,#7154),.UNSPECIFIED.,.F.,
  .F.,(4,1,1,1,1,1,1,1,1,1,4),(0.,0.1,0.2,0.3,0.4,0.5,0.6,0.7,0.8,0.9,1.
    ),.QUASI_UNIFORM_KNOTS.);
#7142 = CARTESIAN_POINT('',(-3.500000000008,-3.5,2.138570005758E-08));
#7143 = CARTESIAN_POINT('',(-3.500000000008,-3.5,-0.109724233441));
#7144 = CARTESIAN_POINT('',(-3.499999999996,-3.494028861966,
    -0.328801222583));
#7145 = CARTESIAN_POINT('',(-3.500000000001,-3.467576784909,
    -0.656287220294));
#7146 = CARTESIAN_POINT('',(-3.5,-3.424473117218,-0.982688676906));
#7147 = CARTESIAN_POINT('',(-3.5,-3.365768972448,-1.308703959752));
#7148 = CARTESIAN_POINT('',(-3.5,-3.292177772597,-1.636809585788));
#7149 = CARTESIAN_POINT('',(-3.5,-3.203708529918,-1.970980190575));
#7150 = CARTESIAN_POINT('',(-3.5,-3.09957277649,-2.316205383246));
#7151 = CARTESIAN_POINT('',(-3.5,-2.97804642076,-2.678608968343));
#7152 = CARTESIAN_POINT('',(-3.5,-2.835943459217,-3.066825871693));
#7153 = CARTESIAN_POINT('',(-3.5,-2.723492051781,-3.351795722658));
#7154 = CARTESIAN_POINT('',(-3.5,-2.662987908917,-3.5));
#7155 = PCURVE('',#6983,#7156);
#7156 = DEFINITIONAL_REPRESENTATION('',(#7157),#7171);
#7157 = B_SPLINE_CURVE_WITH_KNOTS('',3,(#7158,#7159,#7160,#7161,#7162,
    #7163,#7164,#7165,#7166,#7167,#7168,#7169,#7170),.UNSPECIFIED.,.F.,
  .F.,(4,1,1,1,1,1,1,1,1,1,4),(0.,0.1,0.2,0.3,0.4,0.5,0.6,0.7,0.8,0.9,1.
    ),.QUASI_UNIFORM_KNOTS.);
#7158 = CARTESIAN_POINT('',(3.500000021386,0.));
#7159 = CARTESIAN_POINT('',(3.390275766559,0.));
#7160 = CARTESIAN_POINT('',(3.171198777417,5.971138034E-03));
#7161 = CARTESIAN_POINT('',(2.843712779706,3.2423215091E-02));
#7162 = CARTESIAN_POINT('',(2.517311323094,7.5526882782E-02));
#7163 = CARTESIAN_POINT('',(2.191296040248,0.134231027552));
#7164 = CARTESIAN_POINT('',(1.863190414212,0.207822227403));
#7165 = CARTESIAN_POINT('',(1.529019809425,0.296291470082));
#7166 = CARTESIAN_POINT('',(1.183794616754,0.40042722351));
#7167 = CARTESIAN_POINT('',(0.821391031657,0.52195357924));
#7168 = CARTESIAN_POINT('',(0.433174128307,0.664056540783));
#7169 = CARTESIAN_POINT('',(0.148204277342,0.776507948219));
#7170 = CARTESIAN_POINT('',(0.,0.837012091083));
#7171 = ( GEOMETRIC_REPRESENTATION_CONTEXT(2) 
PARAMETRIC_REPRESENTATION_CONTEXT() REPRESENTATION_CONTEXT('2D SPACE',''
  ) );
#7172 = PCURVE('',#7173,#7178);
#7173 = CONICAL_SURFACE('',#7174,4.224873734153,1.047197551196);
#7174 = AXIS2_PLACEMENT_3D('',#7175,#7176,#7177);
#7175 = CARTESIAN_POINT('',(0.,-3.081493954458,0.));
#7176 = DIRECTION('',(0.,1.,0.));
#7177 = DIRECTION('',(0.,-0.,1.));
#7178 = DEFINITIONAL_REPRESENTATION('',(#7179),#7227);
#7179 = B_SPLINE_CURVE_WITH_KNOTS('',3,(#7180,#7181,#7182,#7183,#7184,
    #7185,#7186,#7187,#7188,#7189,#7190,#7191,#7192,#7193,#7194,#7195,
    #7196,#7197,#7198,#7199,#7200,#7201,#7202,#7203,#7204,#7205,#7206,
    #7207,#7208,#7209,#7210,#7211,#7212,#7213,#7214,#7215,#7216,#7217,
    #7218,#7219,#7220,#7221,#7222,#7223,#7224,#7225,#7226),
  .UNSPECIFIED.,.F.,.F.,(4,1,1,1,1,1,1,1,1,1,1,1,1,1,1,1,1,1,1,1,1,1,1,1
    ,1,1,1,1,1,1,1,1,1,1,1,1,1,1,1,1,1,1,1,1,4),(0.,2.272727272727E-02,
    4.545454545455E-02,6.818181818182E-02,9.090909090909E-02,
    0.113636363636,0.136363636364,0.159090909091,0.181818181818,
    0.204545454545,0.227272727273,0.25,0.272727272727,0.295454545455,
    0.318181818182,0.340909090909,0.363636363636,0.386363636364,
    0.409090909091,0.431818181818,0.454545454545,0.477272727273,0.5,
    0.522727272727,0.545454545455,0.568181818182,0.590909090909,
    0.613636363636,0.636363636364,0.659090909091,0.681818181818,
    0.704545454545,0.727272727273,0.75,0.772727272727,0.795454545455,
    0.818181818182,0.840909090909,0.863636363636,0.886363636364,
    0.909090909091,0.931818181818,0.954545454545,0.977272727273,1.),
  .QUASI_UNIFORM_KNOTS.);
#7180 = CARTESIAN_POINT('',(4.712388986495,-0.418506045538));
#7181 = CARTESIAN_POINT('',(4.705264016769,-0.418506123953));
#7182 = CARTESIAN_POINT('',(4.691019626207,-0.418198066364));
#7183 = CARTESIAN_POINT('',(4.669688972884,-0.416815674118));
#7184 = CARTESIAN_POINT('',(4.648413649341,-0.414516935616));
#7185 = CARTESIAN_POINT('',(4.62721266289,-0.411307132701));
#7186 = CARTESIAN_POINT('',(4.606104670197,-0.407192191162));
#7187 = CARTESIAN_POINT('',(4.585107681213,-0.402179819004));
#7188 = CARTESIAN_POINT('',(4.56423904385,-0.396279104501));
#7189 = CARTESIAN_POINT('',(4.543515439491,-0.389499783927));
#7190 = CARTESIAN_POINT('',(4.522952928683,-0.381852359638));
#7191 = CARTESIAN_POINT('',(4.502566344859,-0.373348027546));
#7192 = CARTESIAN_POINT('',(4.48236776391,-0.363998430781));
#7193 = CARTESIAN_POINT('',(4.462368737089,-0.353815559378));
#7194 = CARTESIAN_POINT('',(4.442579768081,-0.342811584964));
#7195 = CARTESIAN_POINT('',(4.423011135204,-0.33099934147));
#7196 = CARTESIAN_POINT('',(4.40366723801,-0.318388484072));
#7197 = CARTESIAN_POINT('',(4.384550801793,-0.304987463488));
#7198 = CARTESIAN_POINT('',(4.365664171402,-0.29080427731));
#7199 = CARTESIAN_POINT('',(4.347009578816,-0.275846871031));
#7200 = CARTESIAN_POINT('',(4.328586741844,-0.260120457899));
#7201 = CARTESIAN_POINT('',(4.310391951047,-0.243625842271));
#7202 = CARTESIAN_POINT('',(4.292421964691,-0.226363442547));
#7203 = CARTESIAN_POINT('',(4.274673283917,-0.208332507692));
#7204 = CARTESIAN_POINT('',(4.257142387965,-0.18953139269));
#7205 = CARTESIAN_POINT('',(4.239823019275,-0.169952799304));
#7206 = CARTESIAN_POINT('',(4.222709170662,-0.149588247039));
#7207 = CARTESIAN_POINT('',(4.205794968569,-0.128427881746));
#7208 = CARTESIAN_POINT('',(4.189075201674,-0.106461497374));
#7209 = CARTESIAN_POINT('',(4.172542885679,-8.367370862366E-02));
#7210 = CARTESIAN_POINT('',(4.156190241676,-6.004521413956E-02));
#7211 = CARTESIAN_POINT('',(4.140010275151,-3.555586377866E-02));
#7212 = CARTESIAN_POINT('',(4.123996794155,-1.018470829997E-02));
#7213 = CARTESIAN_POINT('',(4.108142977694,1.609262894254E-02));
#7214 = CARTESIAN_POINT('',(4.092437510082,4.33126113784E-02));
#7215 = CARTESIAN_POINT('',(4.076870900257,7.151199674233E-02));
#7216 = CARTESIAN_POINT('',(4.061434272883,0.100730149269));
#7217 = CARTESIAN_POINT('',(4.046120904063,0.131005306504));
#7218 = CARTESIAN_POINT('',(4.030916140352,0.162398603025));
#7219 = CARTESIAN_POINT('',(4.015804992546,0.194979116335));
#7220 = CARTESIAN_POINT('',(4.000775951834,0.22881465469));
#7221 = CARTESIAN_POINT('',(3.985815532555,0.263984437381));
#7222 = CARTESIAN_POINT('',(3.970928351249,0.300531354254));
#7223 = CARTESIAN_POINT('',(3.956142842585,0.338437383472));
#7224 = CARTESIAN_POINT('',(3.941480927378,0.377693650488));
#7225 = CARTESIAN_POINT('',(3.93180248919,0.404754943507));
#7226 = CARTESIAN_POINT('',(3.926990816987,0.418506045542));
#7227 = ( GEOMETRIC_REPRESENTATION_CONTEXT(2) 
PARAMETRIC_REPRESENTATION_CONTEXT() REPRESENTATION_CONTEXT('2D SPACE',''
  ) );
#7228 = ORIENTED_EDGE('',*,*,#7229,.T.);
#7229 = EDGE_CURVE('',#7138,#7230,#7232,.T.);
#7230 = VERTEX_POINT('',#7231);
#7231 = CARTESIAN_POINT('',(-3.5,3.5,-3.5));
#7232 = SURFACE_CURVE('',#7233,(#7237,#7244),.PCURVE_S1.);
#7233 = LINE('',#7234,#7235);
#7234 = CARTESIAN_POINT('',(-3.5,-2.662987908917,-3.5));
#7235 = VECTOR('',#7236,1.);
#7236 = DIRECTION('',(0.,1.,0.));
#7237 = PCURVE('',#6983,#7238);
#7238 = DEFINITIONAL_REPRESENTATION('',(#7239),#7243);
#7239 = LINE('',#7240,#7241);
#7240 = CARTESIAN_POINT('',(0.,0.837012091083));
#7241 = VECTOR('',#7242,1.);
#7242 = DIRECTION('',(0.,1.));
#7243 = ( GEOMETRIC_REPRESENTATION_CONTEXT(2) 
PARAMETRIC_REPRESENTATION_CONTEXT() REPRESENTATION_CONTEXT('2D SPACE',''
  ) );
#7244 = PCURVE('',#6618,#7245);
#7245 = DEFINITIONAL_REPRESENTATION('',(#7246),#7250);
#7246 = LINE('',#7247,#7248);
#7247 = CARTESIAN_POINT('',(7.,0.837012091083));
#7248 = VECTOR('',#7249,1.);
#7249 = DIRECTION('',(0.,1.));
#7250 = ( GEOMETRIC_REPRESENTATION_CONTEXT(2) 
PARAMETRIC_REPRESENTATION_CONTEXT() REPRESENTATION_CONTEXT('2D SPACE',''
  ) );
#7251 = ORIENTED_EDGE('',*,*,#7252,.T.);
#7252 = EDGE_CURVE('',#7230,#6968,#7253,.T.);
#7253 = SURFACE_CURVE('',#7254,(#7258,#7265),.PCURVE_S1.);
#7254 = LINE('',#7255,#7256);
#7255 = CARTESIAN_POINT('',(-3.5,3.5,-3.5));
#7256 = VECTOR('',#7257,1.);
#7257 = DIRECTION('',(0.,0.,1.));
#7258 = PCURVE('',#6983,#7259);
#7259 = DEFINITIONAL_REPRESENTATION('',(#7260),#7264);
#7260 = LINE('',#7261,#7262);
#7261 = CARTESIAN_POINT('',(0.,7.));
#7262 = VECTOR('',#7263,1.);
#7263 = DIRECTION('',(1.,0.));
#7264 = ( GEOMETRIC_REPRESENTATION_CONTEXT(2) 
PARAMETRIC_REPRESENTATION_CONTEXT() REPRESENTATION_CONTEXT('2D SPACE',''
  ) );
#7265 = PCURVE('',#6590,#7266);
#7266 = DEFINITIONAL_REPRESENTATION('',(#7267),#7271);
#7267 = LINE('',#7268,#7269);
#7268 = CARTESIAN_POINT('',(-3.5,-3.5));
#7269 = VECTOR('',#7270,1.);
#7270 = DIRECTION('',(0.,1.));
#7271 = ( GEOMETRIC_REPRESENTATION_CONTEXT(2) 
PARAMETRIC_REPRESENTATION_CONTEXT() REPRESENTATION_CONTEXT('2D SPACE',''
  ) );
#7272 = ORIENTED_EDGE('',*,*,#6967,.F.);
#7273 = ORIENTED_EDGE('',*,*,#7049,.T.);
#7274 = ADVANCED_FACE('',(#7275),#7173,.T.);
#7275 = FACE_BOUND('',#7276,.T.);
#7276 = EDGE_LOOP('',(#7277,#7305,#7306));
#7277 = ORIENTED_EDGE('',*,*,#7278,.F.);
#7278 = EDGE_CURVE('',#7021,#7279,#7281,.T.);
#7279 = VERTEX_POINT('',#7280);
#7280 = CARTESIAN_POINT('',(0.,-3.5,-3.5));
#7281 = SURFACE_CURVE('',#7282,(#7287,#7294),.PCURVE_S1.);
#7282 = CIRCLE('',#7283,3.5);
#7283 = AXIS2_PLACEMENT_3D('',#7284,#7285,#7286);
#7284 = CARTESIAN_POINT('',(0.,-3.5,0.));
#7285 = DIRECTION('',(0.,-1.,0.));
#7286 = DIRECTION('',(-1.,-0.,-1.131537840428E-10));
#7287 = PCURVE('',#7173,#7288);
#7288 = DEFINITIONAL_REPRESENTATION('',(#7289),#7293);
#7289 = LINE('',#7290,#7291);
#7290 = CARTESIAN_POINT('',(4.712388980272,-0.418506045542));
#7291 = VECTOR('',#7292,1.);
#7292 = DIRECTION('',(-1.,0.));
#7293 = ( GEOMETRIC_REPRESENTATION_CONTEXT(2) 
PARAMETRIC_REPRESENTATION_CONTEXT() REPRESENTATION_CONTEXT('2D SPACE',''
  ) );
#7294 = PCURVE('',#6769,#7295);
#7295 = DEFINITIONAL_REPRESENTATION('',(#7296),#7304);
#7296 = ( BOUNDED_CURVE() B_SPLINE_CURVE(2,(#7297,#7298,#7299,#7300,
#7301,#7302,#7303),.UNSPECIFIED.,.T.,.F.) B_SPLINE_CURVE_WITH_KNOTS((1,2
    ,2,2,2,1),(-2.094395102393,0.,2.094395102393,4.188790204786,
6.28318530718,8.377580409573),.UNSPECIFIED.) CURVE() 
GEOMETRIC_REPRESENTATION_ITEM() RATIONAL_B_SPLINE_CURVE((1.,0.5,1.,0.5,
1.,0.5,1.)) REPRESENTATION_ITEM('') );
#7297 = CARTESIAN_POINT('',(-3.960382441498E-10,-3.5));
#7298 = CARTESIAN_POINT('',(-6.062177826887,-3.499999999314));
#7299 = CARTESIAN_POINT('',(-3.031088913048,1.750000000343));
#7300 = CARTESIAN_POINT('',(7.920756310468E-10,7.));
#7301 = CARTESIAN_POINT('',(3.031088913444,1.749999999657));
#7302 = CARTESIAN_POINT('',(6.062177826095,-3.500000000686));
#7303 = CARTESIAN_POINT('',(-3.960382441498E-10,-3.5));
#7304 = ( GEOMETRIC_REPRESENTATION_CONTEXT(2) 
PARAMETRIC_REPRESENTATION_CONTEXT() REPRESENTATION_CONTEXT('2D SPACE',''
  ) );
#7305 = ORIENTED_EDGE('',*,*,#7137,.T.);
#7306 = ORIENTED_EDGE('',*,*,#7307,.T.);
#7307 = EDGE_CURVE('',#7138,#7279,#7308,.T.);
#7308 = SURFACE_CURVE('',#7309,(#7323,#7374),.PCURVE_S1.);
#7309 = B_SPLINE_CURVE_WITH_KNOTS('',3,(#7310,#7311,#7312,#7313,#7314,
    #7315,#7316,#7317,#7318,#7319,#7320,#7321,#7322),.UNSPECIFIED.,.F.,
  .F.,(4,1,1,1,1,1,1,1,1,1,4),(0.,0.1,0.2,0.3,0.4,0.5,0.6,0.7,0.8,0.9,1.
    ),.QUASI_UNIFORM_KNOTS.);
#7310 = CARTESIAN_POINT('',(-3.5,-2.662987908917,-3.5));
#7311 = CARTESIAN_POINT('',(-3.348217310652,-2.724952932365,-3.5));
#7312 = CARTESIAN_POINT('',(-3.0571796369,-2.839686466633,-3.5));
#7313 = CARTESIAN_POINT('',(-2.66379734077,-2.98328643309,-3.5));
#7314 = CARTESIAN_POINT('',(-2.298495416293,-3.105236699983,-3.5));
#7315 = CARTESIAN_POINT('',(-1.952258051094,-3.20901031559,-3.5));
#7316 = CARTESIAN_POINT('',(-1.61859106746,-3.296611143575,-3.5));
#7317 = CARTESIAN_POINT('',(-1.292274894959,-3.369048429911,-3.5));
#7318 = CARTESIAN_POINT('',(-0.969204526571,-3.426517936956,-3.5));
#7319 = CARTESIAN_POINT('',(-0.64662845926,-3.468527809592,-3.5));
#7320 = CARTESIAN_POINT('',(-0.323830836349,-3.494210374761,-3.5));
#7321 = CARTESIAN_POINT('',(-0.10801881854,-3.500000000007,
    -3.500000000001));
#7322 = CARTESIAN_POINT('',(8.944014153188E-07,-3.500000000007,
    -3.500000000001));
#7323 = PCURVE('',#7173,#7324);
#7324 = DEFINITIONAL_REPRESENTATION('',(#7325),#7373);
#7325 = B_SPLINE_CURVE_WITH_KNOTS('',3,(#7326,#7327,#7328,#7329,#7330,
    #7331,#7332,#7333,#7334,#7335,#7336,#7337,#7338,#7339,#7340,#7341,
    #7342,#7343,#7344,#7345,#7346,#7347,#7348,#7349,#7350,#7351,#7352,
    #7353,#7354,#7355,#7356,#7357,#7358,#7359,#7360,#7361,#7362,#7363,
    #7364,#7365,#7366,#7367,#7368,#7369,#7370,#7371,#7372),
  .UNSPECIFIED.,.F.,.F.,(4,1,1,1,1,1,1,1,1,1,1,1,1,1,1,1,1,1,1,1,1,1,1,1
    ,1,1,1,1,1,1,1,1,1,1,1,1,1,1,1,1,1,1,1,1,4),(0.,2.272726645456E-02,
    4.545453290912E-02,6.818179936367E-02,9.090906581823E-02,
    0.113636332273,0.136363598727,0.159090865182,0.181818131636,
    0.204545398091,0.227272664546,0.249999931,0.272727197455,
    0.295454463909,0.318181730364,0.340908996818,0.363636263273,
    0.386363529727,0.409090796182,0.431818062637,0.454545329091,
    0.477272595546,0.499999862,0.522727128455,0.545454394909,
    0.568181661364,0.590908927819,0.613636194273,0.636363460728,
    0.659090727182,0.681817993637,0.704545260091,0.727272526546,
    0.749999793,0.772727059455,0.79545432591,0.818181592364,
    0.840908858819,0.863636125273,0.886363391728,0.909090658182,
    0.931817924637,0.954545191091,0.977272457546,0.999999724001),
  .QUASI_UNIFORM_KNOTS.);
#7326 = CARTESIAN_POINT('',(3.926990816987,0.418506045542));
#7327 = CARTESIAN_POINT('',(3.922062985722,0.404422902654));
#7328 = CARTESIAN_POINT('',(3.912153394056,0.376730389472));
#7329 = CARTESIAN_POINT('',(3.897151548587,0.336626352124));
#7330 = CARTESIAN_POINT('',(3.882036163658,0.297972320373));
#7331 = CARTESIAN_POINT('',(3.866832596003,0.260777062544));
#7332 = CARTESIAN_POINT('',(3.851573565042,0.225059576534));
#7333 = CARTESIAN_POINT('',(3.836264845639,0.190770268234));
#7334 = CARTESIAN_POINT('',(3.820891656116,0.157818702496));
#7335 = CARTESIAN_POINT('',(3.805441380816,0.126127381637));
#7336 = CARTESIAN_POINT('',(3.789897307801,9.561729039696E-02));
#7337 = CARTESIAN_POINT('',(3.774243315184,6.621897609927E-02));
#7338 = CARTESIAN_POINT('',(3.758473604392,3.789115003967E-02));
#7339 = CARTESIAN_POINT('',(3.742579865009,1.059081342119E-02));
#7340 = CARTESIAN_POINT('',(3.726553174139,-1.572221231063E-02));
#7341 = CARTESIAN_POINT('',(3.710382680234,-4.108780884456E-02));
#7342 = CARTESIAN_POINT('',(3.694062003115,-6.553369753211E-02));
#7343 = CARTESIAN_POINT('',(3.677585322686,-8.908413403066E-02));
#7344 = CARTESIAN_POINT('',(3.66094594651,-0.111762513793));
#7345 = CARTESIAN_POINT('',(3.644136277632,-0.133591388087));
#7346 = CARTESIAN_POINT('',(3.627149605688,-0.154589106063));
#7347 = CARTESIAN_POINT('',(3.609981201698,-0.174768457597));
#7348 = CARTESIAN_POINT('',(3.59262556343,-0.194141937839));
#7349 = CARTESIAN_POINT('',(3.575077004528,-0.212720636337));
#7350 = CARTESIAN_POINT('',(3.557329516568,-0.230514447307));
#7351 = CARTESIAN_POINT('',(3.539380051695,-0.247527370769));
#7352 = CARTESIAN_POINT('',(3.52122553054,-0.263762526863));
#7353 = CARTESIAN_POINT('',(3.502863052106,-0.279221890737));
#7354 = CARTESIAN_POINT('',(3.484289236506,-0.293907019791));
#7355 = CARTESIAN_POINT('',(3.465503755061,-0.307815306472));
#7356 = CARTESIAN_POINT('',(3.446508492996,-0.320941522772));
#7357 = CARTESIAN_POINT('',(3.42730539699,-0.333280292704));
#7358 = CARTESIAN_POINT('',(3.407896628555,-0.344825761366));
#7359 = CARTESIAN_POINT('',(3.388286082344,-0.355570706453));
#7360 = CARTESIAN_POINT('',(3.368484181991,-0.365504323181));
#7361 = CARTESIAN_POINT('',(3.348501415378,-0.374616532117));
#7362 = CARTESIAN_POINT('',(3.3283491855,-0.382897442546));
#7363 = CARTESIAN_POINT('',(3.308039543375,-0.390337469));
#7364 = CARTESIAN_POINT('',(3.287585284385,-0.396927907314));
#7365 = CARTESIAN_POINT('',(3.266999824158,-0.402660579403));
#7366 = CARTESIAN_POINT('',(3.246297257906,-0.407527732232));
#7367 = CARTESIAN_POINT('',(3.225491883978,-0.411522047395));
#7368 = CARTESIAN_POINT('',(3.204599940927,-0.414636913244));
#7369 = CARTESIAN_POINT('',(3.183640382667,-0.416866934815));
#7370 = CARTESIAN_POINT('',(3.162632082782,-0.418207520518));
#7371 = CARTESIAN_POINT('',(3.148606933647,-0.418506126485));
#7372 = CARTESIAN_POINT('',(3.14159265359,-0.418506045543));
#7373 = ( GEOMETRIC_REPRESENTATION_CONTEXT(2) 
PARAMETRIC_REPRESENTATION_CONTEXT() REPRESENTATION_CONTEXT('2D SPACE',''
  ) );
#7374 = PCURVE('',#6618,#7375);
#7375 = DEFINITIONAL_REPRESENTATION('',(#7376),#7390);
#7376 = B_SPLINE_CURVE_WITH_KNOTS('',3,(#7377,#7378,#7379,#7380,#7381,
    #7382,#7383,#7384,#7385,#7386,#7387,#7388,#7389),.UNSPECIFIED.,.F.,
  .F.,(4,1,1,1,1,1,1,1,1,1,4),(0.,0.1,0.2,0.3,0.4,0.5,0.6,0.7,0.8,0.9,1.
    ),.QUASI_UNIFORM_KNOTS.);
#7377 = CARTESIAN_POINT('',(7.,0.837012091083));
#7378 = CARTESIAN_POINT('',(6.848217310652,0.775047067635));
#7379 = CARTESIAN_POINT('',(6.5571796369,0.660313533367));
#7380 = CARTESIAN_POINT('',(6.16379734077,0.51671356691));
#7381 = CARTESIAN_POINT('',(5.798495416293,0.394763300017));
#7382 = CARTESIAN_POINT('',(5.452258051094,0.29098968441));
#7383 = CARTESIAN_POINT('',(5.11859106746,0.203388856425));
#7384 = CARTESIAN_POINT('',(4.792274894959,0.130951570089));
#7385 = CARTESIAN_POINT('',(4.469204526571,7.3482063044E-02));
#7386 = CARTESIAN_POINT('',(4.14662845926,3.1472190408E-02));
#7387 = CARTESIAN_POINT('',(3.823830836349,5.789625239E-03));
#7388 = CARTESIAN_POINT('',(3.60801881854,-7.000178214867E-12));
#7389 = CARTESIAN_POINT('',(3.499999105599,-7.000178214867E-12));
#7390 = ( GEOMETRIC_REPRESENTATION_CONTEXT(2) 
PARAMETRIC_REPRESENTATION_CONTEXT() REPRESENTATION_CONTEXT('2D SPACE',''
  ) );
#7391 = ADVANCED_FACE('',(#7392),#6618,.T.);
#7392 = FACE_BOUND('',#7393,.F.);
#7393 = EDGE_LOOP('',(#7394,#7479,#7480,#7501,#7502));
#7394 = ORIENTED_EDGE('',*,*,#7395,.T.);
#7395 = EDGE_CURVE('',#7279,#6603,#7396,.T.);
#7396 = SURFACE_CURVE('',#7397,(#7411,#7428),.PCURVE_S1.);
#7397 = B_SPLINE_CURVE_WITH_KNOTS('',3,(#7398,#7399,#7400,#7401,#7402,
    #7403,#7404,#7405,#7406,#7407,#7408,#7409,#7410),.UNSPECIFIED.,.F.,
  .F.,(4,1,1,1,1,1,1,1,1,1,4),(0.,0.1,0.2,0.3,0.4,0.5,0.6,0.7,0.8,0.9,1.
    ),.QUASI_UNIFORM_KNOTS.);
#7398 = CARTESIAN_POINT('',(8.944014153188E-07,-3.500000000007,
    -3.500000000001));
#7399 = CARTESIAN_POINT('',(0.109857948598,-3.499999935175,
    -3.500000000001));
#7400 = CARTESIAN_POINT('',(0.329185788148,-3.494013995154,-3.5));
#7401 = CARTESIAN_POINT('',(0.656984931765,-3.46750772536,-3.5));
#7402 = CARTESIAN_POINT('',(0.983709563386,-3.424317604684,-3.5));
#7403 = CARTESIAN_POINT('',(1.309941130048,-3.365520417885,-3.5));
#7404 = CARTESIAN_POINT('',(1.638190205389,-3.291840287462,-3.5));
#7405 = CARTESIAN_POINT('',(1.972398161666,-3.203305250564,-3.5));
#7406 = CARTESIAN_POINT('',(2.317535713865,-3.09914623273,-3.5));
#7407 = CARTESIAN_POINT('',(2.679720002512,-2.977651938415,-3.5));
#7408 = CARTESIAN_POINT('',(3.06744636649,-2.835701463735,-3.5));
#7409 = CARTESIAN_POINT('',(3.352019902891,-2.723400530584,-3.5));
#7410 = CARTESIAN_POINT('',(3.5,-2.662987908917,-3.5));
#7411 = PCURVE('',#6618,#7412);
#7412 = DEFINITIONAL_REPRESENTATION('',(#7413),#7427);
#7413 = B_SPLINE_CURVE_WITH_KNOTS('',3,(#7414,#7415,#7416,#7417,#7418,
    #7419,#7420,#7421,#7422,#7423,#7424,#7425,#7426),.UNSPECIFIED.,.F.,
  .F.,(4,1,1,1,1,1,1,1,1,1,4),(0.,0.1,0.2,0.3,0.4,0.5,0.6,0.7,0.8,0.9,1.
    ),.QUASI_UNIFORM_KNOTS.);
#7414 = CARTESIAN_POINT('',(3.499999105599,-7.000178214867E-12));
#7415 = CARTESIAN_POINT('',(3.390142051402,6.482500003457E-08));
#7416 = CARTESIAN_POINT('',(3.170814211852,5.986004846E-03));
#7417 = CARTESIAN_POINT('',(2.843015068235,3.249227464E-02));
#7418 = CARTESIAN_POINT('',(2.516290436614,7.5682395316E-02));
#7419 = CARTESIAN_POINT('',(2.190058869952,0.134479582115));
#7420 = CARTESIAN_POINT('',(1.861809794611,0.208159712538));
#7421 = CARTESIAN_POINT('',(1.527601838334,0.296694749436));
#7422 = CARTESIAN_POINT('',(1.182464286135,0.40085376727));
#7423 = CARTESIAN_POINT('',(0.820279997488,0.522348061585));
#7424 = CARTESIAN_POINT('',(0.43255363351,0.664298536265));
#7425 = CARTESIAN_POINT('',(0.147980097109,0.776599469416));
#7426 = CARTESIAN_POINT('',(0.,0.837012091083));
#7427 = ( GEOMETRIC_REPRESENTATION_CONTEXT(2) 
PARAMETRIC_REPRESENTATION_CONTEXT() REPRESENTATION_CONTEXT('2D SPACE',''
  ) );
#7428 = PCURVE('',#6664,#7429);
#7429 = DEFINITIONAL_REPRESENTATION('',(#7430),#7478);
#7430 = B_SPLINE_CURVE_WITH_KNOTS('',3,(#7431,#7432,#7433,#7434,#7435,
    #7436,#7437,#7438,#7439,#7440,#7441,#7442,#7443,#7444,#7445,#7446,
    #7447,#7448,#7449,#7450,#7451,#7452,#7453,#7454,#7455,#7456,#7457,
    #7458,#7459,#7460,#7461,#7462,#7463,#7464,#7465,#7466,#7467,#7468,
    #7469,#7470,#7471,#7472,#7473,#7474,#7475,#7476,#7477),
  .UNSPECIFIED.,.F.,.F.,(4,1,1,1,1,1,1,1,1,1,1,1,1,1,1,1,1,1,1,1,1,1,1,1
    ,1,1,1,1,1,1,1,1,1,1,1,1,1,1,1,1,1,1,1,1,4),(0.,2.272727272727E-02,
    4.545454545455E-02,6.818181818182E-02,9.090909090909E-02,
    0.113636363636,0.136363636364,0.159090909091,0.181818181818,
    0.204545454545,0.227272727273,0.25,0.272727272727,0.295454545455,
    0.318181818182,0.340909090909,0.363636363636,0.386363636364,
    0.409090909091,0.431818181818,0.454545454545,0.477272727273,0.5,
    0.522727272727,0.545454545455,0.568181818182,0.590909090909,
    0.613636363636,0.636363636364,0.659090909091,0.681818181818,
    0.704545454545,0.727272727273,0.75,0.772727272727,0.795454545455,
    0.818181818182,0.840909090909,0.863636363636,0.886363636364,
    0.909090909091,0.931818181818,0.954545454545,0.977272727273,1.),
  .QUASI_UNIFORM_KNOTS.);
#7431 = CARTESIAN_POINT('',(3.141592398047,-0.418506045543));
#7432 = CARTESIAN_POINT('',(3.13445880455,-0.418506118466));
#7433 = CARTESIAN_POINT('',(3.120197385891,-0.418197297532));
#7434 = CARTESIAN_POINT('',(3.098841974535,-0.416811623503));
#7435 = CARTESIAN_POINT('',(3.077542808354,-0.414507583008));
#7436 = CARTESIAN_POINT('',(3.056319006724,-0.41129058764));
#7437 = CARTESIAN_POINT('',(3.035189373269,-0.407166714994));
#7438 = CARTESIAN_POINT('',(3.014171836133,-0.402143772648));
#7439 = CARTESIAN_POINT('',(2.993283513449,-0.3962308818));
#7440 = CARTESIAN_POINT('',(2.972540898399,-0.389437794699));
#7441 = CARTESIAN_POINT('',(2.951959822614,-0.381774986298));
#7442 = CARTESIAN_POINT('',(2.93155502476,-0.373253646738));
#7443 = CARTESIAN_POINT('',(2.911339042652,-0.363885672591));
#7444 = CARTESIAN_POINT('',(2.891323806666,-0.353683334088));
#7445 = CARTESIAN_POINT('',(2.871520184159,-0.342659127152));
#7446 = CARTESIAN_POINT('',(2.851938839975,-0.330826283161));
#7447 = CARTESIAN_POINT('',(2.832584112567,-0.318194645248));
#7448 = CARTESIAN_POINT('',(2.813458566046,-0.304772778286));
#7449 = CARTESIAN_POINT('',(2.794564413681,-0.290568795666));
#7450 = CARTESIAN_POINT('',(2.77590372789,-0.275590722921));
#7451 = CARTESIAN_POINT('',(2.757476162826,-0.259843905395));
#7452 = CARTESIAN_POINT('',(2.739278081788,-0.243329386966));
#7453 = CARTESIAN_POINT('',(2.721306279516,-0.226047814243));
#7454 = CARTESIAN_POINT('',(2.703557292214,-0.207998676121));
#7455 = CARTESIAN_POINT('',(2.686027623455,-0.189180572823));
#7456 = CARTESIAN_POINT('',(2.668710994737,-0.169586423761));
#7457 = CARTESIAN_POINT('',(2.651601372843,-0.149207967267));
#7458 = CARTESIAN_POINT('',(2.634692851979,-0.128035567212));
#7459 = CARTESIAN_POINT('',(2.617980187688,-0.106059243323));
#7460 = CARTESIAN_POINT('',(2.601456336755,-8.326379953735E-02));
#7461 = CARTESIAN_POINT('',(2.585113444014,-5.963009501838E-02));
#7462 = CARTESIAN_POINT('',(2.5689444448,-3.513815049053E-02));
#7463 = CARTESIAN_POINT('',(2.552943057596,-9.767155875092E-03));
#7464 = CARTESIAN_POINT('',(2.537102436936,1.650702091889E-02));
#7465 = CARTESIAN_POINT('',(2.52141150914,4.372009601578E-02));
#7466 = CARTESIAN_POINT('',(2.505860966745,7.190809290175E-02));
#7467 = CARTESIAN_POINT('',(2.490442081987,0.101109634872));
#7468 = CARTESIAN_POINT('',(2.475148316002,0.131362049301));
#7469 = CARTESIAN_POINT('',(2.459964598449,0.162726734942));
#7470 = CARTESIAN_POINT('',(2.444875422256,0.195273355531));
#7471 = CARTESIAN_POINT('',(2.429868839425,0.229070251769));
#7472 = CARTESIAN_POINT('',(2.414930905292,0.26419733889));
#7473 = CARTESIAN_POINT('',(2.400066004422,0.300697790881));
#7474 = CARTESIAN_POINT('',(2.385302636996,0.338553181775));
#7475 = CARTESIAN_POINT('',(2.370662729002,0.377754358037));
#7476 = CARTESIAN_POINT('',(2.36099888356,0.404775743521));
#7477 = CARTESIAN_POINT('',(2.356194490192,0.418506045542));
#7478 = ( GEOMETRIC_REPRESENTATION_CONTEXT(2) 
PARAMETRIC_REPRESENTATION_CONTEXT() REPRESENTATION_CONTEXT('2D SPACE',''
  ) );
#7479 = ORIENTED_EDGE('',*,*,#6602,.T.);
#7480 = ORIENTED_EDGE('',*,*,#7481,.T.);
#7481 = EDGE_CURVE('',#6575,#7230,#7482,.T.);
#7482 = SURFACE_CURVE('',#7483,(#7487,#7494),.PCURVE_S1.);
#7483 = LINE('',#7484,#7485);
#7484 = CARTESIAN_POINT('',(3.5,3.5,-3.5));
#7485 = VECTOR('',#7486,1.);
#7486 = DIRECTION('',(-1.,0.,0.));
#7487 = PCURVE('',#6618,#7488);
#7488 = DEFINITIONAL_REPRESENTATION('',(#7489),#7493);
#7489 = LINE('',#7490,#7491);
#7490 = CARTESIAN_POINT('',(0.,7.));
#7491 = VECTOR('',#7492,1.);
#7492 = DIRECTION('',(1.,0.));
#7493 = ( GEOMETRIC_REPRESENTATION_CONTEXT(2) 
PARAMETRIC_REPRESENTATION_CONTEXT() REPRESENTATION_CONTEXT('2D SPACE',''
  ) );
#7494 = PCURVE('',#6590,#7495);
#7495 = DEFINITIONAL_REPRESENTATION('',(#7496),#7500);
#7496 = LINE('',#7497,#7498);
#7497 = CARTESIAN_POINT('',(3.5,-3.5));
#7498 = VECTOR('',#7499,1.);
#7499 = DIRECTION('',(-1.,0.));
#7500 = ( GEOMETRIC_REPRESENTATION_CONTEXT(2) 
PARAMETRIC_REPRESENTATION_CONTEXT() REPRESENTATION_CONTEXT('2D SPACE',''
  ) );
#7501 = ORIENTED_EDGE('',*,*,#7229,.F.);
#7502 = ORIENTED_EDGE('',*,*,#7307,.T.);
#7503 = ADVANCED_FACE('',(#7504),#6664,.T.);
#7504 = FACE_BOUND('',#7505,.T.);
#7505 = EDGE_LOOP('',(#7506,#7532,#7533));
#7506 = ORIENTED_EDGE('',*,*,#7507,.F.);
#7507 = EDGE_CURVE('',#7279,#6453,#7508,.T.);
#7508 = SURFACE_CURVE('',#7509,(#7514,#7521),.PCURVE_S1.);
#7509 = CIRCLE('',#7510,3.5);
#7510 = AXIS2_PLACEMENT_3D('',#7511,#7512,#7513);
#7511 = CARTESIAN_POINT('',(0.,-3.5,0.));
#7512 = DIRECTION('',(0.,-1.,0.));
#7513 = DIRECTION('',(0.,0.,-1.));
#7514 = PCURVE('',#6664,#7515);
#7515 = DEFINITIONAL_REPRESENTATION('',(#7516),#7520);
#7516 = LINE('',#7517,#7518);
#7517 = CARTESIAN_POINT('',(3.14159265359,-0.418506045542));
#7518 = VECTOR('',#7519,1.);
#7519 = DIRECTION('',(-1.,0.));
#7520 = ( GEOMETRIC_REPRESENTATION_CONTEXT(2) 
PARAMETRIC_REPRESENTATION_CONTEXT() REPRESENTATION_CONTEXT('2D SPACE',''
  ) );
#7521 = PCURVE('',#6769,#7522);
#7522 = DEFINITIONAL_REPRESENTATION('',(#7523),#7531);
#7523 = ( BOUNDED_CURVE() B_SPLINE_CURVE(2,(#7524,#7525,#7526,#7527,
#7528,#7529,#7530),.UNSPECIFIED.,.T.,.F.) B_SPLINE_CURVE_WITH_KNOTS((1,2
    ,2,2,2,1),(-2.094395102393,0.,2.094395102393,4.188790204786,
6.28318530718,8.377580409573),.UNSPECIFIED.) CURVE() 
GEOMETRIC_REPRESENTATION_ITEM() RATIONAL_B_SPLINE_CURVE((1.,0.5,1.,0.5,
1.,0.5,1.)) REPRESENTATION_ITEM('') );
#7524 = CARTESIAN_POINT('',(-3.5,0.));
#7525 = CARTESIAN_POINT('',(-3.5,6.062177826491));
#7526 = CARTESIAN_POINT('',(1.75,3.031088913246));
#7527 = CARTESIAN_POINT('',(7.,8.572527594031E-16));
#7528 = CARTESIAN_POINT('',(1.75,-3.031088913246));
#7529 = CARTESIAN_POINT('',(-3.5,-6.062177826491));
#7530 = CARTESIAN_POINT('',(-3.5,0.));
#7531 = ( GEOMETRIC_REPRESENTATION_CONTEXT(2) 
PARAMETRIC_REPRESENTATION_CONTEXT() REPRESENTATION_CONTEXT('2D SPACE',''
  ) );
#7532 = ORIENTED_EDGE('',*,*,#7395,.T.);
#7533 = ORIENTED_EDGE('',*,*,#6630,.T.);
#7534 = ADVANCED_FACE('',(#7535),#6769,.F.);
#7535 = FACE_BOUND('',#7536,.F.);
#7536 = EDGE_LOOP('',(#7537,#7538,#7539,#7540));
#7537 = ORIENTED_EDGE('',*,*,#6752,.F.);
#7538 = ORIENTED_EDGE('',*,*,#7507,.F.);
#7539 = ORIENTED_EDGE('',*,*,#7278,.F.);
#7540 = ORIENTED_EDGE('',*,*,#7020,.F.);
#7541 = ADVANCED_FACE('',(#7542,#7548),#6590,.F.);
#7542 = FACE_BOUND('',#7543,.F.);
#7543 = EDGE_LOOP('',(#7544,#7545,#7546,#7547));
#7544 = ORIENTED_EDGE('',*,*,#7481,.F.);
#7545 = ORIENTED_EDGE('',*,*,#6574,.F.);
#7546 = ORIENTED_EDGE('',*,*,#6995,.F.);
#7547 = ORIENTED_EDGE('',*,*,#7252,.F.);
#7548 = FACE_BOUND('',#7549,.F.);
#7549 = EDGE_LOOP('',(#7550,#7585));
#7550 = ORIENTED_EDGE('',*,*,#7551,.T.);
#7551 = EDGE_CURVE('',#7552,#7554,#7556,.T.);
#7552 = VERTEX_POINT('',#7553);
#7553 = CARTESIAN_POINT('',(3.35,3.5,0.));
#7554 = VERTEX_POINT('',#7555);
#7555 = CARTESIAN_POINT('',(-3.35,3.5,0.));
#7556 = SURFACE_CURVE('',#7557,(#7562,#7573),.PCURVE_S1.);
#7557 = CIRCLE('',#7558,3.35);
#7558 = AXIS2_PLACEMENT_3D('',#7559,#7560,#7561);
#7559 = CARTESIAN_POINT('',(0.,3.5,0.));
#7560 = DIRECTION('',(-0.,1.,0.));
#7561 = DIRECTION('',(1.,0.,0.));
#7562 = PCURVE('',#6590,#7563);
#7563 = DEFINITIONAL_REPRESENTATION('',(#7564),#7572);
#7564 = ( BOUNDED_CURVE() B_SPLINE_CURVE(2,(#7565,#7566,#7567,#7568,
#7569,#7570,#7571),.UNSPECIFIED.,.T.,.F.) B_SPLINE_CURVE_WITH_KNOTS((1,2
    ,2,2,2,1),(-2.094395102393,0.,2.094395102393,4.188790204786,
6.28318530718,8.377580409573),.UNSPECIFIED.) CURVE() 
GEOMETRIC_REPRESENTATION_ITEM() RATIONAL_B_SPLINE_CURVE((1.,0.5,1.,0.5,
1.,0.5,1.)) REPRESENTATION_ITEM('') );
#7565 = CARTESIAN_POINT('',(3.35,0.));
#7566 = CARTESIAN_POINT('',(3.35,-5.802370205356));
#7567 = CARTESIAN_POINT('',(-1.675,-2.901185102678));
#7568 = CARTESIAN_POINT('',(-6.7,-8.205133554287E-16));
#7569 = CARTESIAN_POINT('',(-1.675,2.901185102678));
#7570 = CARTESIAN_POINT('',(3.35,5.802370205356));
#7571 = CARTESIAN_POINT('',(3.35,0.));
#7572 = ( GEOMETRIC_REPRESENTATION_CONTEXT(2) 
PARAMETRIC_REPRESENTATION_CONTEXT() REPRESENTATION_CONTEXT('2D SPACE',''
  ) );
#7573 = PCURVE('',#7574,#7579);
#7574 = CYLINDRICAL_SURFACE('',#7575,3.35);
#7575 = AXIS2_PLACEMENT_3D('',#7576,#7577,#7578);
#7576 = CARTESIAN_POINT('',(0.,5.978,0.));
#7577 = DIRECTION('',(0.,-1.,0.));
#7578 = DIRECTION('',(1.,0.,0.));
#7579 = DEFINITIONAL_REPRESENTATION('',(#7580),#7584);
#7580 = LINE('',#7581,#7582);
#7581 = CARTESIAN_POINT('',(6.28318530718,2.478));
#7582 = VECTOR('',#7583,1.);
#7583 = DIRECTION('',(-1.,0.));
#7584 = ( GEOMETRIC_REPRESENTATION_CONTEXT(2) 
PARAMETRIC_REPRESENTATION_CONTEXT() REPRESENTATION_CONTEXT('2D SPACE',''
  ) );
#7585 = ORIENTED_EDGE('',*,*,#7586,.F.);
#7586 = EDGE_CURVE('',#7552,#7554,#7587,.T.);
#7587 = SURFACE_CURVE('',#7588,(#7593,#7600),.PCURVE_S1.);
#7588 = CIRCLE('',#7589,3.35);
#7589 = AXIS2_PLACEMENT_3D('',#7590,#7591,#7592);
#7590 = CARTESIAN_POINT('',(0.,3.5,0.));
#7591 = DIRECTION('',(0.,-1.,0.));
#7592 = DIRECTION('',(1.,0.,0.));
#7593 = PCURVE('',#6590,#7594);
#7594 = DEFINITIONAL_REPRESENTATION('',(#7595),#7599);
#7595 = CIRCLE('',#7596,3.35);
#7596 = AXIS2_PLACEMENT_2D('',#7597,#7598);
#7597 = CARTESIAN_POINT('',(0.,0.));
#7598 = DIRECTION('',(1.,0.));
#7599 = ( GEOMETRIC_REPRESENTATION_CONTEXT(2) 
PARAMETRIC_REPRESENTATION_CONTEXT() REPRESENTATION_CONTEXT('2D SPACE',''
  ) );
#7600 = PCURVE('',#7601,#7606);
#7601 = CYLINDRICAL_SURFACE('',#7602,3.35);
#7602 = AXIS2_PLACEMENT_3D('',#7603,#7604,#7605);
#7603 = CARTESIAN_POINT('',(0.,5.978,0.));
#7604 = DIRECTION('',(0.,-1.,0.));
#7605 = DIRECTION('',(1.,0.,0.));
#7606 = DEFINITIONAL_REPRESENTATION('',(#7607),#7611);
#7607 = LINE('',#7608,#7609);
#7608 = CARTESIAN_POINT('',(0.,2.478));
#7609 = VECTOR('',#7610,1.);
#7610 = DIRECTION('',(1.,0.));
#7611 = ( GEOMETRIC_REPRESENTATION_CONTEXT(2) 
PARAMETRIC_REPRESENTATION_CONTEXT() REPRESENTATION_CONTEXT('2D SPACE',''
  ) );
#7612 = ADVANCED_FACE('',(#7613),#7574,.T.);
#7613 = FACE_BOUND('',#7614,.T.);
#7614 = EDGE_LOOP('',(#7615,#7616,#7639,#7672));
#7615 = ORIENTED_EDGE('',*,*,#7551,.T.);
#7616 = ORIENTED_EDGE('',*,*,#7617,.T.);
#7617 = EDGE_CURVE('',#7554,#7618,#7620,.T.);
#7618 = VERTEX_POINT('',#7619);
#7619 = CARTESIAN_POINT('',(-3.35,4.71,0.));
#7620 = SURFACE_CURVE('',#7621,(#7625,#7632),.PCURVE_S1.);
#7621 = LINE('',#7622,#7623);
#7622 = CARTESIAN_POINT('',(-3.35,3.5,0.));
#7623 = VECTOR('',#7624,1.);
#7624 = DIRECTION('',(0.,1.,0.));
#7625 = PCURVE('',#7574,#7626);
#7626 = DEFINITIONAL_REPRESENTATION('',(#7627),#7631);
#7627 = LINE('',#7628,#7629);
#7628 = CARTESIAN_POINT('',(3.14159265359,2.478));
#7629 = VECTOR('',#7630,1.);
#7630 = DIRECTION('',(0.,-1.));
#7631 = ( GEOMETRIC_REPRESENTATION_CONTEXT(2) 
PARAMETRIC_REPRESENTATION_CONTEXT() REPRESENTATION_CONTEXT('2D SPACE',''
  ) );
#7632 = PCURVE('',#7601,#7633);
#7633 = DEFINITIONAL_REPRESENTATION('',(#7634),#7638);
#7634 = LINE('',#7635,#7636);
#7635 = CARTESIAN_POINT('',(3.14159265359,2.478));
#7636 = VECTOR('',#7637,1.);
#7637 = DIRECTION('',(0.,-1.));
#7638 = ( GEOMETRIC_REPRESENTATION_CONTEXT(2) 
PARAMETRIC_REPRESENTATION_CONTEXT() REPRESENTATION_CONTEXT('2D SPACE',''
  ) );
#7639 = ORIENTED_EDGE('',*,*,#7640,.F.);
#7640 = EDGE_CURVE('',#7641,#7618,#7643,.T.);
#7641 = VERTEX_POINT('',#7642);
#7642 = CARTESIAN_POINT('',(3.35,4.71,0.));
#7643 = SURFACE_CURVE('',#7644,(#7649,#7656),.PCURVE_S1.);
#7644 = CIRCLE('',#7645,3.35);
#7645 = AXIS2_PLACEMENT_3D('',#7646,#7647,#7648);
#7646 = CARTESIAN_POINT('',(0.,4.71,0.));
#7647 = DIRECTION('',(-0.,1.,0.));
#7648 = DIRECTION('',(1.,0.,0.));
#7649 = PCURVE('',#7574,#7650);
#7650 = DEFINITIONAL_REPRESENTATION('',(#7651),#7655);
#7651 = LINE('',#7652,#7653);
#7652 = CARTESIAN_POINT('',(6.28318530718,1.268));
#7653 = VECTOR('',#7654,1.);
#7654 = DIRECTION('',(-1.,0.));
#7655 = ( GEOMETRIC_REPRESENTATION_CONTEXT(2) 
PARAMETRIC_REPRESENTATION_CONTEXT() REPRESENTATION_CONTEXT('2D SPACE',''
  ) );
#7656 = PCURVE('',#7657,#7662);
#7657 = PLANE('',#7658);
#7658 = AXIS2_PLACEMENT_3D('',#7659,#7660,#7661);
#7659 = CARTESIAN_POINT('',(0.,4.71,0.));
#7660 = DIRECTION('',(0.,-1.,0.));
#7661 = DIRECTION('',(1.,0.,0.));
#7662 = DEFINITIONAL_REPRESENTATION('',(#7663),#7671);
#7663 = ( BOUNDED_CURVE() B_SPLINE_CURVE(2,(#7664,#7665,#7666,#7667,
#7668,#7669,#7670),.UNSPECIFIED.,.T.,.F.) B_SPLINE_CURVE_WITH_KNOTS((1,2
    ,2,2,2,1),(-2.094395102393,0.,2.094395102393,4.188790204786,
6.28318530718,8.377580409573),.UNSPECIFIED.) CURVE() 
GEOMETRIC_REPRESENTATION_ITEM() RATIONAL_B_SPLINE_CURVE((1.,0.5,1.,0.5,
1.,0.5,1.)) REPRESENTATION_ITEM('') );
#7664 = CARTESIAN_POINT('',(3.35,0.));
#7665 = CARTESIAN_POINT('',(3.35,-5.802370205356));
#7666 = CARTESIAN_POINT('',(-1.675,-2.901185102678));
#7667 = CARTESIAN_POINT('',(-6.7,-8.205133554287E-16));
#7668 = CARTESIAN_POINT('',(-1.675,2.901185102678));
#7669 = CARTESIAN_POINT('',(3.35,5.802370205356));
#7670 = CARTESIAN_POINT('',(3.35,0.));
#7671 = ( GEOMETRIC_REPRESENTATION_CONTEXT(2) 
PARAMETRIC_REPRESENTATION_CONTEXT() REPRESENTATION_CONTEXT('2D SPACE',''
  ) );
#7672 = ORIENTED_EDGE('',*,*,#7673,.F.);
#7673 = EDGE_CURVE('',#7552,#7641,#7674,.T.);
#7674 = SURFACE_CURVE('',#7675,(#7679,#7686),.PCURVE_S1.);
#7675 = LINE('',#7676,#7677);
#7676 = CARTESIAN_POINT('',(3.35,3.5,0.));
#7677 = VECTOR('',#7678,1.);
#7678 = DIRECTION('',(0.,1.,0.));
#7679 = PCURVE('',#7574,#7680);
#7680 = DEFINITIONAL_REPRESENTATION('',(#7681),#7685);
#7681 = LINE('',#7682,#7683);
#7682 = CARTESIAN_POINT('',(6.28318530718,2.478));
#7683 = VECTOR('',#7684,1.);
#7684 = DIRECTION('',(0.,-1.));
#7685 = ( GEOMETRIC_REPRESENTATION_CONTEXT(2) 
PARAMETRIC_REPRESENTATION_CONTEXT() REPRESENTATION_CONTEXT('2D SPACE',''
  ) );
#7686 = PCURVE('',#7601,#7687);
#7687 = DEFINITIONAL_REPRESENTATION('',(#7688),#7692);
#7688 = LINE('',#7689,#7690);
#7689 = CARTESIAN_POINT('',(0.,2.478));
#7690 = VECTOR('',#7691,1.);
#7691 = DIRECTION('',(0.,-1.));
#7692 = ( GEOMETRIC_REPRESENTATION_CONTEXT(2) 
PARAMETRIC_REPRESENTATION_CONTEXT() REPRESENTATION_CONTEXT('2D SPACE',''
  ) );
#7693 = ADVANCED_FACE('',(#7694),#7601,.T.);
#7694 = FACE_BOUND('',#7695,.T.);
#7695 = EDGE_LOOP('',(#7696,#7718,#7719,#7720));
#7696 = ORIENTED_EDGE('',*,*,#7697,.T.);
#7697 = EDGE_CURVE('',#7641,#7618,#7698,.T.);
#7698 = SURFACE_CURVE('',#7699,(#7704,#7711),.PCURVE_S1.);
#7699 = CIRCLE('',#7700,3.35);
#7700 = AXIS2_PLACEMENT_3D('',#7701,#7702,#7703);
#7701 = CARTESIAN_POINT('',(0.,4.71,0.));
#7702 = DIRECTION('',(0.,-1.,0.));
#7703 = DIRECTION('',(1.,0.,0.));
#7704 = PCURVE('',#7601,#7705);
#7705 = DEFINITIONAL_REPRESENTATION('',(#7706),#7710);
#7706 = LINE('',#7707,#7708);
#7707 = CARTESIAN_POINT('',(0.,1.268));
#7708 = VECTOR('',#7709,1.);
#7709 = DIRECTION('',(1.,0.));
#7710 = ( GEOMETRIC_REPRESENTATION_CONTEXT(2) 
PARAMETRIC_REPRESENTATION_CONTEXT() REPRESENTATION_CONTEXT('2D SPACE',''
  ) );
#7711 = PCURVE('',#7657,#7712);
#7712 = DEFINITIONAL_REPRESENTATION('',(#7713),#7717);
#7713 = CIRCLE('',#7714,3.35);
#7714 = AXIS2_PLACEMENT_2D('',#7715,#7716);
#7715 = CARTESIAN_POINT('',(0.,0.));
#7716 = DIRECTION('',(1.,0.));
#7717 = ( GEOMETRIC_REPRESENTATION_CONTEXT(2) 
PARAMETRIC_REPRESENTATION_CONTEXT() REPRESENTATION_CONTEXT('2D SPACE',''
  ) );
#7718 = ORIENTED_EDGE('',*,*,#7617,.F.);
#7719 = ORIENTED_EDGE('',*,*,#7586,.F.);
#7720 = ORIENTED_EDGE('',*,*,#7673,.T.);
#7721 = ADVANCED_FACE('',(#7722,#7836),#7657,.T.);
#7722 = FACE_BOUND('',#7723,.F.);
#7723 = EDGE_LOOP('',(#7724,#7754,#7782,#7810));
#7724 = ORIENTED_EDGE('',*,*,#7725,.T.);
#7725 = EDGE_CURVE('',#7726,#7728,#7730,.T.);
#7726 = VERTEX_POINT('',#7727);
#7727 = CARTESIAN_POINT('',(3.5,4.71,-3.5));
#7728 = VERTEX_POINT('',#7729);
#7729 = CARTESIAN_POINT('',(-3.5,4.71,-3.5));
#7730 = SURFACE_CURVE('',#7731,(#7735,#7742),.PCURVE_S1.);
#7731 = LINE('',#7732,#7733);
#7732 = CARTESIAN_POINT('',(3.5,4.71,-3.5));
#7733 = VECTOR('',#7734,1.);
#7734 = DIRECTION('',(-1.,0.,0.));
#7735 = PCURVE('',#7657,#7736);
#7736 = DEFINITIONAL_REPRESENTATION('',(#7737),#7741);
#7737 = LINE('',#7738,#7739);
#7738 = CARTESIAN_POINT('',(3.5,-3.5));
#7739 = VECTOR('',#7740,1.);
#7740 = DIRECTION('',(-1.,0.));
#7741 = ( GEOMETRIC_REPRESENTATION_CONTEXT(2) 
PARAMETRIC_REPRESENTATION_CONTEXT() REPRESENTATION_CONTEXT('2D SPACE',''
  ) );
#7742 = PCURVE('',#7743,#7748);
#7743 = PLANE('',#7744);
#7744 = AXIS2_PLACEMENT_3D('',#7745,#7746,#7747);
#7745 = CARTESIAN_POINT('',(3.5,-3.5,-3.5));
#7746 = DIRECTION('',(0.,0.,-1.));
#7747 = DIRECTION('',(-1.,0.,0.));
#7748 = DEFINITIONAL_REPRESENTATION('',(#7749),#7753);
#7749 = LINE('',#7750,#7751);
#7750 = CARTESIAN_POINT('',(0.,8.21));
#7751 = VECTOR('',#7752,1.);
#7752 = DIRECTION('',(1.,0.));
#7753 = ( GEOMETRIC_REPRESENTATION_CONTEXT(2) 
PARAMETRIC_REPRESENTATION_CONTEXT() REPRESENTATION_CONTEXT('2D SPACE',''
  ) );
#7754 = ORIENTED_EDGE('',*,*,#7755,.T.);
#7755 = EDGE_CURVE('',#7728,#7756,#7758,.T.);
#7756 = VERTEX_POINT('',#7757);
#7757 = CARTESIAN_POINT('',(-3.5,4.71,3.5));
#7758 = SURFACE_CURVE('',#7759,(#7763,#7770),.PCURVE_S1.);
#7759 = LINE('',#7760,#7761);
#7760 = CARTESIAN_POINT('',(-3.5,4.71,-3.5));
#7761 = VECTOR('',#7762,1.);
#7762 = DIRECTION('',(0.,0.,1.));
#7763 = PCURVE('',#7657,#7764);
#7764 = DEFINITIONAL_REPRESENTATION('',(#7765),#7769);
#7765 = LINE('',#7766,#7767);
#7766 = CARTESIAN_POINT('',(-3.5,-3.5));
#7767 = VECTOR('',#7768,1.);
#7768 = DIRECTION('',(0.,1.));
#7769 = ( GEOMETRIC_REPRESENTATION_CONTEXT(2) 
PARAMETRIC_REPRESENTATION_CONTEXT() REPRESENTATION_CONTEXT('2D SPACE',''
  ) );
#7770 = PCURVE('',#7771,#7776);
#7771 = PLANE('',#7772);
#7772 = AXIS2_PLACEMENT_3D('',#7773,#7774,#7775);
#7773 = CARTESIAN_POINT('',(-3.5,-3.5,-3.5));
#7774 = DIRECTION('',(-1.,0.,0.));
#7775 = DIRECTION('',(0.,0.,1.));
#7776 = DEFINITIONAL_REPRESENTATION('',(#7777),#7781);
#7777 = LINE('',#7778,#7779);
#7778 = CARTESIAN_POINT('',(0.,8.21));
#7779 = VECTOR('',#7780,1.);
#7780 = DIRECTION('',(1.,0.));
#7781 = ( GEOMETRIC_REPRESENTATION_CONTEXT(2) 
PARAMETRIC_REPRESENTATION_CONTEXT() REPRESENTATION_CONTEXT('2D SPACE',''
  ) );
#7782 = ORIENTED_EDGE('',*,*,#7783,.T.);
#7783 = EDGE_CURVE('',#7756,#7784,#7786,.T.);
#7784 = VERTEX_POINT('',#7785);
#7785 = CARTESIAN_POINT('',(3.5,4.71,3.5));
#7786 = SURFACE_CURVE('',#7787,(#7791,#7798),.PCURVE_S1.);
#7787 = LINE('',#7788,#7789);
#7788 = CARTESIAN_POINT('',(-3.5,4.71,3.5));
#7789 = VECTOR('',#7790,1.);
#7790 = DIRECTION('',(1.,0.,0.));
#7791 = PCURVE('',#7657,#7792);
#7792 = DEFINITIONAL_REPRESENTATION('',(#7793),#7797);
#7793 = LINE('',#7794,#7795);
#7794 = CARTESIAN_POINT('',(-3.5,3.5));
#7795 = VECTOR('',#7796,1.);
#7796 = DIRECTION('',(1.,0.));
#7797 = ( GEOMETRIC_REPRESENTATION_CONTEXT(2) 
PARAMETRIC_REPRESENTATION_CONTEXT() REPRESENTATION_CONTEXT('2D SPACE',''
  ) );
#7798 = PCURVE('',#7799,#7804);
#7799 = PLANE('',#7800);
#7800 = AXIS2_PLACEMENT_3D('',#7801,#7802,#7803);
#7801 = CARTESIAN_POINT('',(-3.5,-3.5,3.5));
#7802 = DIRECTION('',(0.,0.,1.));
#7803 = DIRECTION('',(1.,0.,-0.));
#7804 = DEFINITIONAL_REPRESENTATION('',(#7805),#7809);
#7805 = LINE('',#7806,#7807);
#7806 = CARTESIAN_POINT('',(0.,8.21));
#7807 = VECTOR('',#7808,1.);
#7808 = DIRECTION('',(1.,0.));
#7809 = ( GEOMETRIC_REPRESENTATION_CONTEXT(2) 
PARAMETRIC_REPRESENTATION_CONTEXT() REPRESENTATION_CONTEXT('2D SPACE',''
  ) );
#7810 = ORIENTED_EDGE('',*,*,#7811,.T.);
#7811 = EDGE_CURVE('',#7784,#7726,#7812,.T.);
#7812 = SURFACE_CURVE('',#7813,(#7817,#7824),.PCURVE_S1.);
#7813 = LINE('',#7814,#7815);
#7814 = CARTESIAN_POINT('',(3.5,4.71,3.5));
#7815 = VECTOR('',#7816,1.);
#7816 = DIRECTION('',(0.,0.,-1.));
#7817 = PCURVE('',#7657,#7818);
#7818 = DEFINITIONAL_REPRESENTATION('',(#7819),#7823);
#7819 = LINE('',#7820,#7821);
#7820 = CARTESIAN_POINT('',(3.5,3.5));
#7821 = VECTOR('',#7822,1.);
#7822 = DIRECTION('',(0.,-1.));
#7823 = ( GEOMETRIC_REPRESENTATION_CONTEXT(2) 
PARAMETRIC_REPRESENTATION_CONTEXT() REPRESENTATION_CONTEXT('2D SPACE',''
  ) );
#7824 = PCURVE('',#7825,#7830);
#7825 = PLANE('',#7826);
#7826 = AXIS2_PLACEMENT_3D('',#7827,#7828,#7829);
#7827 = CARTESIAN_POINT('',(3.5,-3.5,3.5));
#7828 = DIRECTION('',(1.,0.,0.));
#7829 = DIRECTION('',(0.,0.,-1.));
#7830 = DEFINITIONAL_REPRESENTATION('',(#7831),#7835);
#7831 = LINE('',#7832,#7833);
#7832 = CARTESIAN_POINT('',(0.,8.21));
#7833 = VECTOR('',#7834,1.);
#7834 = DIRECTION('',(1.,0.));
#7835 = ( GEOMETRIC_REPRESENTATION_CONTEXT(2) 
PARAMETRIC_REPRESENTATION_CONTEXT() REPRESENTATION_CONTEXT('2D SPACE',''
  ) );
#7836 = FACE_BOUND('',#7837,.F.);
#7837 = EDGE_LOOP('',(#7838,#7839));
#7838 = ORIENTED_EDGE('',*,*,#7697,.T.);
#7839 = ORIENTED_EDGE('',*,*,#7640,.F.);
#7840 = ADVANCED_FACE('',(#7841),#7743,.T.);
#7841 = FACE_BOUND('',#7842,.F.);
#7842 = EDGE_LOOP('',(#7843,#7866,#7894,#7922,#7950,#7978,#8006,#8027));
#7843 = ORIENTED_EDGE('',*,*,#7844,.F.);
#7844 = EDGE_CURVE('',#7845,#7726,#7847,.T.);
#7845 = VERTEX_POINT('',#7846);
#7846 = CARTESIAN_POINT('',(3.5,6.36,-3.5));
#7847 = SURFACE_CURVE('',#7848,(#7852,#7859),.PCURVE_S1.);
#7848 = LINE('',#7849,#7850);
#7849 = CARTESIAN_POINT('',(3.5,6.36,-3.5));
#7850 = VECTOR('',#7851,1.);
#7851 = DIRECTION('',(0.,-1.,0.));
#7852 = PCURVE('',#7743,#7853);
#7853 = DEFINITIONAL_REPRESENTATION('',(#7854),#7858);
#7854 = LINE('',#7855,#7856);
#7855 = CARTESIAN_POINT('',(0.,9.86));
#7856 = VECTOR('',#7857,1.);
#7857 = DIRECTION('',(0.,-1.));
#7858 = ( GEOMETRIC_REPRESENTATION_CONTEXT(2) 
PARAMETRIC_REPRESENTATION_CONTEXT() REPRESENTATION_CONTEXT('2D SPACE',''
  ) );
#7859 = PCURVE('',#7825,#7860);
#7860 = DEFINITIONAL_REPRESENTATION('',(#7861),#7865);
#7861 = LINE('',#7862,#7863);
#7862 = CARTESIAN_POINT('',(7.,9.86));
#7863 = VECTOR('',#7864,1.);
#7864 = DIRECTION('',(0.,-1.));
#7865 = ( GEOMETRIC_REPRESENTATION_CONTEXT(2) 
PARAMETRIC_REPRESENTATION_CONTEXT() REPRESENTATION_CONTEXT('2D SPACE',''
  ) );
#7866 = ORIENTED_EDGE('',*,*,#7867,.T.);
#7867 = EDGE_CURVE('',#7845,#7868,#7870,.T.);
#7868 = VERTEX_POINT('',#7869);
#7869 = CARTESIAN_POINT('',(2.03,6.36,-3.5));
#7870 = SURFACE_CURVE('',#7871,(#7875,#7882),.PCURVE_S1.);
#7871 = LINE('',#7872,#7873);
#7872 = CARTESIAN_POINT('',(3.5,6.36,-3.5));
#7873 = VECTOR('',#7874,1.);
#7874 = DIRECTION('',(-1.,0.,0.));
#7875 = PCURVE('',#7743,#7876);
#7876 = DEFINITIONAL_REPRESENTATION('',(#7877),#7881);
#7877 = LINE('',#7878,#7879);
#7878 = CARTESIAN_POINT('',(0.,9.86));
#7879 = VECTOR('',#7880,1.);
#7880 = DIRECTION('',(1.,0.));
#7881 = ( GEOMETRIC_REPRESENTATION_CONTEXT(2) 
PARAMETRIC_REPRESENTATION_CONTEXT() REPRESENTATION_CONTEXT('2D SPACE',''
  ) );
#7882 = PCURVE('',#7883,#7888);
#7883 = PLANE('',#7884);
#7884 = AXIS2_PLACEMENT_3D('',#7885,#7886,#7887);
#7885 = CARTESIAN_POINT('',(0.,6.36,0.));
#7886 = DIRECTION('',(0.,1.,0.));
#7887 = DIRECTION('',(1.,0.,0.));
#7888 = DEFINITIONAL_REPRESENTATION('',(#7889),#7893);
#7889 = LINE('',#7890,#7891);
#7890 = CARTESIAN_POINT('',(3.5,3.5));
#7891 = VECTOR('',#7892,1.);
#7892 = DIRECTION('',(-1.,0.));
#7893 = ( GEOMETRIC_REPRESENTATION_CONTEXT(2) 
PARAMETRIC_REPRESENTATION_CONTEXT() REPRESENTATION_CONTEXT('2D SPACE',''
  ) );
#7894 = ORIENTED_EDGE('',*,*,#7895,.F.);
#7895 = EDGE_CURVE('',#7896,#7868,#7898,.T.);
#7896 = VERTEX_POINT('',#7897);
#7897 = CARTESIAN_POINT('',(2.03,5.86,-3.5));
#7898 = SURFACE_CURVE('',#7899,(#7903,#7910),.PCURVE_S1.);
#7899 = LINE('',#7900,#7901);
#7900 = CARTESIAN_POINT('',(2.03,5.86,-3.5));
#7901 = VECTOR('',#7902,1.);
#7902 = DIRECTION('',(0.,1.,0.));
#7903 = PCURVE('',#7743,#7904);
#7904 = DEFINITIONAL_REPRESENTATION('',(#7905),#7909);
#7905 = LINE('',#7906,#7907);
#7906 = CARTESIAN_POINT('',(1.47,9.36));
#7907 = VECTOR('',#7908,1.);
#7908 = DIRECTION('',(0.,1.));
#7909 = ( GEOMETRIC_REPRESENTATION_CONTEXT(2) 
PARAMETRIC_REPRESENTATION_CONTEXT() REPRESENTATION_CONTEXT('2D SPACE',''
  ) );
#7910 = PCURVE('',#7911,#7916);
#7911 = PLANE('',#7912);
#7912 = AXIS2_PLACEMENT_3D('',#7913,#7914,#7915);
#7913 = CARTESIAN_POINT('',(2.03,5.86,-3.5));
#7914 = DIRECTION('',(-1.,0.,0.));
#7915 = DIRECTION('',(0.,0.,1.));
#7916 = DEFINITIONAL_REPRESENTATION('',(#7917),#7921);
#7917 = LINE('',#7918,#7919);
#7918 = CARTESIAN_POINT('',(0.,0.));
#7919 = VECTOR('',#7920,1.);
#7920 = DIRECTION('',(0.,1.));
#7921 = ( GEOMETRIC_REPRESENTATION_CONTEXT(2) 
PARAMETRIC_REPRESENTATION_CONTEXT() REPRESENTATION_CONTEXT('2D SPACE',''
  ) );
#7922 = ORIENTED_EDGE('',*,*,#7923,.T.);
#7923 = EDGE_CURVE('',#7896,#7924,#7926,.T.);
#7924 = VERTEX_POINT('',#7925);
#7925 = CARTESIAN_POINT('',(-2.03,5.86,-3.5));
#7926 = SURFACE_CURVE('',#7927,(#7931,#7938),.PCURVE_S1.);
#7927 = LINE('',#7928,#7929);
#7928 = CARTESIAN_POINT('',(2.03,5.86,-3.5));
#7929 = VECTOR('',#7930,1.);
#7930 = DIRECTION('',(-1.,0.,0.));
#7931 = PCURVE('',#7743,#7932);
#7932 = DEFINITIONAL_REPRESENTATION('',(#7933),#7937);
#7933 = LINE('',#7934,#7935);
#7934 = CARTESIAN_POINT('',(1.47,9.36));
#7935 = VECTOR('',#7936,1.);
#7936 = DIRECTION('',(1.,0.));
#7937 = ( GEOMETRIC_REPRESENTATION_CONTEXT(2) 
PARAMETRIC_REPRESENTATION_CONTEXT() REPRESENTATION_CONTEXT('2D SPACE',''
  ) );
#7938 = PCURVE('',#7939,#7944);
#7939 = PLANE('',#7940);
#7940 = AXIS2_PLACEMENT_3D('',#7941,#7942,#7943);
#7941 = CARTESIAN_POINT('',(0.,5.86,0.));
#7942 = DIRECTION('',(0.,1.,0.));
#7943 = DIRECTION('',(0.,-0.,1.));
#7944 = DEFINITIONAL_REPRESENTATION('',(#7945),#7949);
#7945 = LINE('',#7946,#7947);
#7946 = CARTESIAN_POINT('',(-3.5,2.03));
#7947 = VECTOR('',#7948,1.);
#7948 = DIRECTION('',(0.,-1.));
#7949 = ( GEOMETRIC_REPRESENTATION_CONTEXT(2) 
PARAMETRIC_REPRESENTATION_CONTEXT() REPRESENTATION_CONTEXT('2D SPACE',''
  ) );
#7950 = ORIENTED_EDGE('',*,*,#7951,.T.);
#7951 = EDGE_CURVE('',#7924,#7952,#7954,.T.);
#7952 = VERTEX_POINT('',#7953);
#7953 = CARTESIAN_POINT('',(-2.03,6.36,-3.5));
#7954 = SURFACE_CURVE('',#7955,(#7959,#7966),.PCURVE_S1.);
#7955 = LINE('',#7956,#7957);
#7956 = CARTESIAN_POINT('',(-2.03,5.86,-3.5));
#7957 = VECTOR('',#7958,1.);
#7958 = DIRECTION('',(0.,1.,0.));
#7959 = PCURVE('',#7743,#7960);
#7960 = DEFINITIONAL_REPRESENTATION('',(#7961),#7965);
#7961 = LINE('',#7962,#7963);
#7962 = CARTESIAN_POINT('',(5.53,9.36));
#7963 = VECTOR('',#7964,1.);
#7964 = DIRECTION('',(0.,1.));
#7965 = ( GEOMETRIC_REPRESENTATION_CONTEXT(2) 
PARAMETRIC_REPRESENTATION_CONTEXT() REPRESENTATION_CONTEXT('2D SPACE',''
  ) );
#7966 = PCURVE('',#7967,#7972);
#7967 = PLANE('',#7968);
#7968 = AXIS2_PLACEMENT_3D('',#7969,#7970,#7971);
#7969 = CARTESIAN_POINT('',(-2.03,5.86,-2.03));
#7970 = DIRECTION('',(1.,0.,0.));
#7971 = DIRECTION('',(0.,0.,-1.));
#7972 = DEFINITIONAL_REPRESENTATION('',(#7973),#7977);
#7973 = LINE('',#7974,#7975);
#7974 = CARTESIAN_POINT('',(1.47,0.));
#7975 = VECTOR('',#7976,1.);
#7976 = DIRECTION('',(0.,1.));
#7977 = ( GEOMETRIC_REPRESENTATION_CONTEXT(2) 
PARAMETRIC_REPRESENTATION_CONTEXT() REPRESENTATION_CONTEXT('2D SPACE',''
  ) );
#7978 = ORIENTED_EDGE('',*,*,#7979,.T.);
#7979 = EDGE_CURVE('',#7952,#7980,#7982,.T.);
#7980 = VERTEX_POINT('',#7981);
#7981 = CARTESIAN_POINT('',(-3.5,6.36,-3.5));
#7982 = SURFACE_CURVE('',#7983,(#7987,#7994),.PCURVE_S1.);
#7983 = LINE('',#7984,#7985);
#7984 = CARTESIAN_POINT('',(-2.03,6.36,-3.5));
#7985 = VECTOR('',#7986,1.);
#7986 = DIRECTION('',(-1.,0.,0.));
#7987 = PCURVE('',#7743,#7988);
#7988 = DEFINITIONAL_REPRESENTATION('',(#7989),#7993);
#7989 = LINE('',#7990,#7991);
#7990 = CARTESIAN_POINT('',(5.53,9.86));
#7991 = VECTOR('',#7992,1.);
#7992 = DIRECTION('',(1.,0.));
#7993 = ( GEOMETRIC_REPRESENTATION_CONTEXT(2) 
PARAMETRIC_REPRESENTATION_CONTEXT() REPRESENTATION_CONTEXT('2D SPACE',''
  ) );
#7994 = PCURVE('',#7995,#8000);
#7995 = PLANE('',#7996);
#7996 = AXIS2_PLACEMENT_3D('',#7997,#7998,#7999);
#7997 = CARTESIAN_POINT('',(0.,6.36,0.));
#7998 = DIRECTION('',(0.,1.,0.));
#7999 = DIRECTION('',(0.,0.,-1.));
#8000 = DEFINITIONAL_REPRESENTATION('',(#8001),#8005);
#8001 = LINE('',#8002,#8003);
#8002 = CARTESIAN_POINT('',(3.5,2.03));
#8003 = VECTOR('',#8004,1.);
#8004 = DIRECTION('',(0.,1.));
#8005 = ( GEOMETRIC_REPRESENTATION_CONTEXT(2) 
PARAMETRIC_REPRESENTATION_CONTEXT() REPRESENTATION_CONTEXT('2D SPACE',''
  ) );
#8006 = ORIENTED_EDGE('',*,*,#8007,.T.);
#8007 = EDGE_CURVE('',#7980,#7728,#8008,.T.);
#8008 = SURFACE_CURVE('',#8009,(#8013,#8020),.PCURVE_S1.);
#8009 = LINE('',#8010,#8011);
#8010 = CARTESIAN_POINT('',(-3.5,6.36,-3.5));
#8011 = VECTOR('',#8012,1.);
#8012 = DIRECTION('',(0.,-1.,0.));
#8013 = PCURVE('',#7743,#8014);
#8014 = DEFINITIONAL_REPRESENTATION('',(#8015),#8019);
#8015 = LINE('',#8016,#8017);
#8016 = CARTESIAN_POINT('',(7.,9.86));
#8017 = VECTOR('',#8018,1.);
#8018 = DIRECTION('',(0.,-1.));
#8019 = ( GEOMETRIC_REPRESENTATION_CONTEXT(2) 
PARAMETRIC_REPRESENTATION_CONTEXT() REPRESENTATION_CONTEXT('2D SPACE',''
  ) );
#8020 = PCURVE('',#7771,#8021);
#8021 = DEFINITIONAL_REPRESENTATION('',(#8022),#8026);
#8022 = LINE('',#8023,#8024);
#8023 = CARTESIAN_POINT('',(0.,9.86));
#8024 = VECTOR('',#8025,1.);
#8025 = DIRECTION('',(0.,-1.));
#8026 = ( GEOMETRIC_REPRESENTATION_CONTEXT(2) 
PARAMETRIC_REPRESENTATION_CONTEXT() REPRESENTATION_CONTEXT('2D SPACE',''
  ) );
#8027 = ORIENTED_EDGE('',*,*,#7725,.F.);
#8028 = ADVANCED_FACE('',(#8029),#7825,.T.);
#8029 = FACE_BOUND('',#8030,.F.);
#8030 = EDGE_LOOP('',(#8031,#8056,#8084,#8105,#8106,#8107,#8130,#8158));
#8031 = ORIENTED_EDGE('',*,*,#8032,.T.);
#8032 = EDGE_CURVE('',#8033,#8035,#8037,.T.);
#8033 = VERTEX_POINT('',#8034);
#8034 = CARTESIAN_POINT('',(3.5,5.86,2.03));
#8035 = VERTEX_POINT('',#8036);
#8036 = CARTESIAN_POINT('',(3.5,5.86,-2.03));
#8037 = SURFACE_CURVE('',#8038,(#8042,#8049),.PCURVE_S1.);
#8038 = LINE('',#8039,#8040);
#8039 = CARTESIAN_POINT('',(3.5,5.86,2.03));
#8040 = VECTOR('',#8041,1.);
#8041 = DIRECTION('',(0.,0.,-1.));
#8042 = PCURVE('',#7825,#8043);
#8043 = DEFINITIONAL_REPRESENTATION('',(#8044),#8048);
#8044 = LINE('',#8045,#8046);
#8045 = CARTESIAN_POINT('',(1.47,9.36));
#8046 = VECTOR('',#8047,1.);
#8047 = DIRECTION('',(1.,0.));
#8048 = ( GEOMETRIC_REPRESENTATION_CONTEXT(2) 
PARAMETRIC_REPRESENTATION_CONTEXT() REPRESENTATION_CONTEXT('2D SPACE',''
  ) );
#8049 = PCURVE('',#7939,#8050);
#8050 = DEFINITIONAL_REPRESENTATION('',(#8051),#8055);
#8051 = LINE('',#8052,#8053);
#8052 = CARTESIAN_POINT('',(2.03,3.5));
#8053 = VECTOR('',#8054,1.);
#8054 = DIRECTION('',(-1.,0.));
#8055 = ( GEOMETRIC_REPRESENTATION_CONTEXT(2) 
PARAMETRIC_REPRESENTATION_CONTEXT() REPRESENTATION_CONTEXT('2D SPACE',''
  ) );
#8056 = ORIENTED_EDGE('',*,*,#8057,.T.);
#8057 = EDGE_CURVE('',#8035,#8058,#8060,.T.);
#8058 = VERTEX_POINT('',#8059);
#8059 = CARTESIAN_POINT('',(3.5,6.36,-2.03));
#8060 = SURFACE_CURVE('',#8061,(#8065,#8072),.PCURVE_S1.);
#8061 = LINE('',#8062,#8063);
#8062 = CARTESIAN_POINT('',(3.5,5.86,-2.03));
#8063 = VECTOR('',#8064,1.);
#8064 = DIRECTION('',(0.,1.,0.));
#8065 = PCURVE('',#7825,#8066);
#8066 = DEFINITIONAL_REPRESENTATION('',(#8067),#8071);
#8067 = LINE('',#8068,#8069);
#8068 = CARTESIAN_POINT('',(5.53,9.36));
#8069 = VECTOR('',#8070,1.);
#8070 = DIRECTION('',(0.,1.));
#8071 = ( GEOMETRIC_REPRESENTATION_CONTEXT(2) 
PARAMETRIC_REPRESENTATION_CONTEXT() REPRESENTATION_CONTEXT('2D SPACE',''
  ) );
#8072 = PCURVE('',#8073,#8078);
#8073 = PLANE('',#8074);
#8074 = AXIS2_PLACEMENT_3D('',#8075,#8076,#8077);
#8075 = CARTESIAN_POINT('',(2.03,5.86,-2.03));
#8076 = DIRECTION('',(0.,0.,1.));
#8077 = DIRECTION('',(1.,0.,-0.));
#8078 = DEFINITIONAL_REPRESENTATION('',(#8079),#8083);
#8079 = LINE('',#8080,#8081);
#8080 = CARTESIAN_POINT('',(1.47,0.));
#8081 = VECTOR('',#8082,1.);
#8082 = DIRECTION('',(0.,1.));
#8083 = ( GEOMETRIC_REPRESENTATION_CONTEXT(2) 
PARAMETRIC_REPRESENTATION_CONTEXT() REPRESENTATION_CONTEXT('2D SPACE',''
  ) );
#8084 = ORIENTED_EDGE('',*,*,#8085,.T.);
#8085 = EDGE_CURVE('',#8058,#7845,#8086,.T.);
#8086 = SURFACE_CURVE('',#8087,(#8091,#8098),.PCURVE_S1.);
#8087 = LINE('',#8088,#8089);
#8088 = CARTESIAN_POINT('',(3.5,6.36,-2.03));
#8089 = VECTOR('',#8090,1.);
#8090 = DIRECTION('',(0.,0.,-1.));
#8091 = PCURVE('',#7825,#8092);
#8092 = DEFINITIONAL_REPRESENTATION('',(#8093),#8097);
#8093 = LINE('',#8094,#8095);
#8094 = CARTESIAN_POINT('',(5.53,9.86));
#8095 = VECTOR('',#8096,1.);
#8096 = DIRECTION('',(1.,0.));
#8097 = ( GEOMETRIC_REPRESENTATION_CONTEXT(2) 
PARAMETRIC_REPRESENTATION_CONTEXT() REPRESENTATION_CONTEXT('2D SPACE',''
  ) );
#8098 = PCURVE('',#7883,#8099);
#8099 = DEFINITIONAL_REPRESENTATION('',(#8100),#8104);
#8100 = LINE('',#8101,#8102);
#8101 = CARTESIAN_POINT('',(3.5,2.03));
#8102 = VECTOR('',#8103,1.);
#8103 = DIRECTION('',(0.,1.));
#8104 = ( GEOMETRIC_REPRESENTATION_CONTEXT(2) 
PARAMETRIC_REPRESENTATION_CONTEXT() REPRESENTATION_CONTEXT('2D SPACE',''
  ) );
#8105 = ORIENTED_EDGE('',*,*,#7844,.T.);
#8106 = ORIENTED_EDGE('',*,*,#7811,.F.);
#8107 = ORIENTED_EDGE('',*,*,#8108,.F.);
#8108 = EDGE_CURVE('',#8109,#7784,#8111,.T.);
#8109 = VERTEX_POINT('',#8110);
#8110 = CARTESIAN_POINT('',(3.5,6.36,3.5));
#8111 = SURFACE_CURVE('',#8112,(#8116,#8123),.PCURVE_S1.);
#8112 = LINE('',#8113,#8114);
#8113 = CARTESIAN_POINT('',(3.5,6.36,3.5));
#8114 = VECTOR('',#8115,1.);
#8115 = DIRECTION('',(0.,-1.,0.));
#8116 = PCURVE('',#7825,#8117);
#8117 = DEFINITIONAL_REPRESENTATION('',(#8118),#8122);
#8118 = LINE('',#8119,#8120);
#8119 = CARTESIAN_POINT('',(0.,9.86));
#8120 = VECTOR('',#8121,1.);
#8121 = DIRECTION('',(0.,-1.));
#8122 = ( GEOMETRIC_REPRESENTATION_CONTEXT(2) 
PARAMETRIC_REPRESENTATION_CONTEXT() REPRESENTATION_CONTEXT('2D SPACE',''
  ) );
#8123 = PCURVE('',#7799,#8124);
#8124 = DEFINITIONAL_REPRESENTATION('',(#8125),#8129);
#8125 = LINE('',#8126,#8127);
#8126 = CARTESIAN_POINT('',(7.,9.86));
#8127 = VECTOR('',#8128,1.);
#8128 = DIRECTION('',(0.,-1.));
#8129 = ( GEOMETRIC_REPRESENTATION_CONTEXT(2) 
PARAMETRIC_REPRESENTATION_CONTEXT() REPRESENTATION_CONTEXT('2D SPACE',''
  ) );
#8130 = ORIENTED_EDGE('',*,*,#8131,.T.);
#8131 = EDGE_CURVE('',#8109,#8132,#8134,.T.);
#8132 = VERTEX_POINT('',#8133);
#8133 = CARTESIAN_POINT('',(3.5,6.36,2.03));
#8134 = SURFACE_CURVE('',#8135,(#8139,#8146),.PCURVE_S1.);
#8135 = LINE('',#8136,#8137);
#8136 = CARTESIAN_POINT('',(3.5,6.36,3.5));
#8137 = VECTOR('',#8138,1.);
#8138 = DIRECTION('',(0.,0.,-1.));
#8139 = PCURVE('',#7825,#8140);
#8140 = DEFINITIONAL_REPRESENTATION('',(#8141),#8145);
#8141 = LINE('',#8142,#8143);
#8142 = CARTESIAN_POINT('',(0.,9.86));
#8143 = VECTOR('',#8144,1.);
#8144 = DIRECTION('',(1.,0.));
#8145 = ( GEOMETRIC_REPRESENTATION_CONTEXT(2) 
PARAMETRIC_REPRESENTATION_CONTEXT() REPRESENTATION_CONTEXT('2D SPACE',''
  ) );
#8146 = PCURVE('',#8147,#8152);
#8147 = PLANE('',#8148);
#8148 = AXIS2_PLACEMENT_3D('',#8149,#8150,#8151);
#8149 = CARTESIAN_POINT('',(0.,6.36,0.));
#8150 = DIRECTION('',(0.,1.,0.));
#8151 = DIRECTION('',(0.,-0.,1.));
#8152 = DEFINITIONAL_REPRESENTATION('',(#8153),#8157);
#8153 = LINE('',#8154,#8155);
#8154 = CARTESIAN_POINT('',(3.5,3.5));
#8155 = VECTOR('',#8156,1.);
#8156 = DIRECTION('',(-1.,0.));
#8157 = ( GEOMETRIC_REPRESENTATION_CONTEXT(2) 
PARAMETRIC_REPRESENTATION_CONTEXT() REPRESENTATION_CONTEXT('2D SPACE',''
  ) );
#8158 = ORIENTED_EDGE('',*,*,#8159,.F.);
#8159 = EDGE_CURVE('',#8033,#8132,#8160,.T.);
#8160 = SURFACE_CURVE('',#8161,(#8165,#8172),.PCURVE_S1.);
#8161 = LINE('',#8162,#8163);
#8162 = CARTESIAN_POINT('',(3.5,5.86,2.03));
#8163 = VECTOR('',#8164,1.);
#8164 = DIRECTION('',(0.,1.,0.));
#8165 = PCURVE('',#7825,#8166);
#8166 = DEFINITIONAL_REPRESENTATION('',(#8167),#8171);
#8167 = LINE('',#8168,#8169);
#8168 = CARTESIAN_POINT('',(1.47,9.36));
#8169 = VECTOR('',#8170,1.);
#8170 = DIRECTION('',(0.,1.));
#8171 = ( GEOMETRIC_REPRESENTATION_CONTEXT(2) 
PARAMETRIC_REPRESENTATION_CONTEXT() REPRESENTATION_CONTEXT('2D SPACE',''
  ) );
#8172 = PCURVE('',#8173,#8178);
#8173 = PLANE('',#8174);
#8174 = AXIS2_PLACEMENT_3D('',#8175,#8176,#8177);
#8175 = CARTESIAN_POINT('',(3.5,5.86,2.03));
#8176 = DIRECTION('',(0.,0.,-1.));
#8177 = DIRECTION('',(-1.,0.,0.));
#8178 = DEFINITIONAL_REPRESENTATION('',(#8179),#8183);
#8179 = LINE('',#8180,#8181);
#8180 = CARTESIAN_POINT('',(0.,0.));
#8181 = VECTOR('',#8182,1.);
#8182 = DIRECTION('',(0.,1.));
#8183 = ( GEOMETRIC_REPRESENTATION_CONTEXT(2) 
PARAMETRIC_REPRESENTATION_CONTEXT() REPRESENTATION_CONTEXT('2D SPACE',''
  ) );
#8184 = ADVANCED_FACE('',(#8185,#8435),#7939,.T.);
#8185 = FACE_BOUND('',#8186,.F.);
#8186 = EDGE_LOOP('',(#8187,#8210,#8231,#8232,#8255,#8283,#8306,#8334,
    #8362,#8385,#8413,#8434));
#8187 = ORIENTED_EDGE('',*,*,#8188,.T.);
#8188 = EDGE_CURVE('',#7896,#8189,#8191,.T.);
#8189 = VERTEX_POINT('',#8190);
#8190 = CARTESIAN_POINT('',(2.03,5.86,-2.03));
#8191 = SURFACE_CURVE('',#8192,(#8196,#8203),.PCURVE_S1.);
#8192 = LINE('',#8193,#8194);
#8193 = CARTESIAN_POINT('',(2.03,5.86,-3.5));
#8194 = VECTOR('',#8195,1.);
#8195 = DIRECTION('',(0.,0.,1.));
#8196 = PCURVE('',#7939,#8197);
#8197 = DEFINITIONAL_REPRESENTATION('',(#8198),#8202);
#8198 = LINE('',#8199,#8200);
#8199 = CARTESIAN_POINT('',(-3.5,2.03));
#8200 = VECTOR('',#8201,1.);
#8201 = DIRECTION('',(1.,0.));
#8202 = ( GEOMETRIC_REPRESENTATION_CONTEXT(2) 
PARAMETRIC_REPRESENTATION_CONTEXT() REPRESENTATION_CONTEXT('2D SPACE',''
  ) );
#8203 = PCURVE('',#7911,#8204);
#8204 = DEFINITIONAL_REPRESENTATION('',(#8205),#8209);
#8205 = LINE('',#8206,#8207);
#8206 = CARTESIAN_POINT('',(0.,0.));
#8207 = VECTOR('',#8208,1.);
#8208 = DIRECTION('',(1.,0.));
#8209 = ( GEOMETRIC_REPRESENTATION_CONTEXT(2) 
PARAMETRIC_REPRESENTATION_CONTEXT() REPRESENTATION_CONTEXT('2D SPACE',''
  ) );
#8210 = ORIENTED_EDGE('',*,*,#8211,.F.);
#8211 = EDGE_CURVE('',#8035,#8189,#8212,.T.);
#8212 = SURFACE_CURVE('',#8213,(#8217,#8224),.PCURVE_S1.);
#8213 = LINE('',#8214,#8215);
#8214 = CARTESIAN_POINT('',(3.5,5.86,-2.03));
#8215 = VECTOR('',#8216,1.);
#8216 = DIRECTION('',(-1.,0.,0.));
#8217 = PCURVE('',#7939,#8218);
#8218 = DEFINITIONAL_REPRESENTATION('',(#8219),#8223);
#8219 = LINE('',#8220,#8221);
#8220 = CARTESIAN_POINT('',(-2.03,3.5));
#8221 = VECTOR('',#8222,1.);
#8222 = DIRECTION('',(0.,-1.));
#8223 = ( GEOMETRIC_REPRESENTATION_CONTEXT(2) 
PARAMETRIC_REPRESENTATION_CONTEXT() REPRESENTATION_CONTEXT('2D SPACE',''
  ) );
#8224 = PCURVE('',#8073,#8225);
#8225 = DEFINITIONAL_REPRESENTATION('',(#8226),#8230);
#8226 = LINE('',#8227,#8228);
#8227 = CARTESIAN_POINT('',(1.47,0.));
#8228 = VECTOR('',#8229,1.);
#8229 = DIRECTION('',(-1.,0.));
#8230 = ( GEOMETRIC_REPRESENTATION_CONTEXT(2) 
PARAMETRIC_REPRESENTATION_CONTEXT() REPRESENTATION_CONTEXT('2D SPACE',''
  ) );
#8231 = ORIENTED_EDGE('',*,*,#8032,.F.);
#8232 = ORIENTED_EDGE('',*,*,#8233,.T.);
#8233 = EDGE_CURVE('',#8033,#8234,#8236,.T.);
#8234 = VERTEX_POINT('',#8235);
#8235 = CARTESIAN_POINT('',(2.03,5.86,2.03));
#8236 = SURFACE_CURVE('',#8237,(#8241,#8248),.PCURVE_S1.);
#8237 = LINE('',#8238,#8239);
#8238 = CARTESIAN_POINT('',(3.5,5.86,2.03));
#8239 = VECTOR('',#8240,1.);
#8240 = DIRECTION('',(-1.,0.,0.));
#8241 = PCURVE('',#7939,#8242);
#8242 = DEFINITIONAL_REPRESENTATION('',(#8243),#8247);
#8243 = LINE('',#8244,#8245);
#8244 = CARTESIAN_POINT('',(2.03,3.5));
#8245 = VECTOR('',#8246,1.);
#8246 = DIRECTION('',(0.,-1.));
#8247 = ( GEOMETRIC_REPRESENTATION_CONTEXT(2) 
PARAMETRIC_REPRESENTATION_CONTEXT() REPRESENTATION_CONTEXT('2D SPACE',''
  ) );
#8248 = PCURVE('',#8173,#8249);
#8249 = DEFINITIONAL_REPRESENTATION('',(#8250),#8254);
#8250 = LINE('',#8251,#8252);
#8251 = CARTESIAN_POINT('',(0.,0.));
#8252 = VECTOR('',#8253,1.);
#8253 = DIRECTION('',(1.,0.));
#8254 = ( GEOMETRIC_REPRESENTATION_CONTEXT(2) 
PARAMETRIC_REPRESENTATION_CONTEXT() REPRESENTATION_CONTEXT('2D SPACE',''
  ) );
#8255 = ORIENTED_EDGE('',*,*,#8256,.F.);
#8256 = EDGE_CURVE('',#8257,#8234,#8259,.T.);
#8257 = VERTEX_POINT('',#8258);
#8258 = CARTESIAN_POINT('',(2.03,5.86,3.5));
#8259 = SURFACE_CURVE('',#8260,(#8264,#8271),.PCURVE_S1.);
#8260 = LINE('',#8261,#8262);
#8261 = CARTESIAN_POINT('',(2.03,5.86,3.5));
#8262 = VECTOR('',#8263,1.);
#8263 = DIRECTION('',(0.,0.,-1.));
#8264 = PCURVE('',#7939,#8265);
#8265 = DEFINITIONAL_REPRESENTATION('',(#8266),#8270);
#8266 = LINE('',#8267,#8268);
#8267 = CARTESIAN_POINT('',(3.5,2.03));
#8268 = VECTOR('',#8269,1.);
#8269 = DIRECTION('',(-1.,0.));
#8270 = ( GEOMETRIC_REPRESENTATION_CONTEXT(2) 
PARAMETRIC_REPRESENTATION_CONTEXT() REPRESENTATION_CONTEXT('2D SPACE',''
  ) );
#8271 = PCURVE('',#8272,#8277);
#8272 = PLANE('',#8273);
#8273 = AXIS2_PLACEMENT_3D('',#8274,#8275,#8276);
#8274 = CARTESIAN_POINT('',(2.03,5.86,2.03));
#8275 = DIRECTION('',(-1.,0.,0.));
#8276 = DIRECTION('',(0.,0.,1.));
#8277 = DEFINITIONAL_REPRESENTATION('',(#8278),#8282);
#8278 = LINE('',#8279,#8280);
#8279 = CARTESIAN_POINT('',(1.47,0.));
#8280 = VECTOR('',#8281,1.);
#8281 = DIRECTION('',(-1.,0.));
#8282 = ( GEOMETRIC_REPRESENTATION_CONTEXT(2) 
PARAMETRIC_REPRESENTATION_CONTEXT() REPRESENTATION_CONTEXT('2D SPACE',''
  ) );
#8283 = ORIENTED_EDGE('',*,*,#8284,.F.);
#8284 = EDGE_CURVE('',#8285,#8257,#8287,.T.);
#8285 = VERTEX_POINT('',#8286);
#8286 = CARTESIAN_POINT('',(-2.03,5.86,3.5));
#8287 = SURFACE_CURVE('',#8288,(#8292,#8299),.PCURVE_S1.);
#8288 = LINE('',#8289,#8290);
#8289 = CARTESIAN_POINT('',(-2.03,5.86,3.5));
#8290 = VECTOR('',#8291,1.);
#8291 = DIRECTION('',(1.,0.,0.));
#8292 = PCURVE('',#7939,#8293);
#8293 = DEFINITIONAL_REPRESENTATION('',(#8294),#8298);
#8294 = LINE('',#8295,#8296);
#8295 = CARTESIAN_POINT('',(3.5,-2.03));
#8296 = VECTOR('',#8297,1.);
#8297 = DIRECTION('',(0.,1.));
#8298 = ( GEOMETRIC_REPRESENTATION_CONTEXT(2) 
PARAMETRIC_REPRESENTATION_CONTEXT() REPRESENTATION_CONTEXT('2D SPACE',''
  ) );
#8299 = PCURVE('',#7799,#8300);
#8300 = DEFINITIONAL_REPRESENTATION('',(#8301),#8305);
#8301 = LINE('',#8302,#8303);
#8302 = CARTESIAN_POINT('',(1.47,9.36));
#8303 = VECTOR('',#8304,1.);
#8304 = DIRECTION('',(1.,0.));
#8305 = ( GEOMETRIC_REPRESENTATION_CONTEXT(2) 
PARAMETRIC_REPRESENTATION_CONTEXT() REPRESENTATION_CONTEXT('2D SPACE',''
  ) );
#8306 = ORIENTED_EDGE('',*,*,#8307,.T.);
#8307 = EDGE_CURVE('',#8285,#8308,#8310,.T.);
#8308 = VERTEX_POINT('',#8309);
#8309 = CARTESIAN_POINT('',(-2.03,5.86,2.03));
#8310 = SURFACE_CURVE('',#8311,(#8315,#8322),.PCURVE_S1.);
#8311 = LINE('',#8312,#8313);
#8312 = CARTESIAN_POINT('',(-2.03,5.86,3.5));
#8313 = VECTOR('',#8314,1.);
#8314 = DIRECTION('',(0.,0.,-1.));
#8315 = PCURVE('',#7939,#8316);
#8316 = DEFINITIONAL_REPRESENTATION('',(#8317),#8321);
#8317 = LINE('',#8318,#8319);
#8318 = CARTESIAN_POINT('',(3.5,-2.03));
#8319 = VECTOR('',#8320,1.);
#8320 = DIRECTION('',(-1.,0.));
#8321 = ( GEOMETRIC_REPRESENTATION_CONTEXT(2) 
PARAMETRIC_REPRESENTATION_CONTEXT() REPRESENTATION_CONTEXT('2D SPACE',''
  ) );
#8322 = PCURVE('',#8323,#8328);
#8323 = PLANE('',#8324);
#8324 = AXIS2_PLACEMENT_3D('',#8325,#8326,#8327);
#8325 = CARTESIAN_POINT('',(-2.03,5.86,3.5));
#8326 = DIRECTION('',(1.,0.,0.));
#8327 = DIRECTION('',(0.,0.,-1.));
#8328 = DEFINITIONAL_REPRESENTATION('',(#8329),#8333);
#8329 = LINE('',#8330,#8331);
#8330 = CARTESIAN_POINT('',(0.,0.));
#8331 = VECTOR('',#8332,1.);
#8332 = DIRECTION('',(1.,0.));
#8333 = ( GEOMETRIC_REPRESENTATION_CONTEXT(2) 
PARAMETRIC_REPRESENTATION_CONTEXT() REPRESENTATION_CONTEXT('2D SPACE',''
  ) );
#8334 = ORIENTED_EDGE('',*,*,#8335,.F.);
#8335 = EDGE_CURVE('',#8336,#8308,#8338,.T.);
#8336 = VERTEX_POINT('',#8337);
#8337 = CARTESIAN_POINT('',(-3.5,5.86,2.03));
#8338 = SURFACE_CURVE('',#8339,(#8343,#8350),.PCURVE_S1.);
#8339 = LINE('',#8340,#8341);
#8340 = CARTESIAN_POINT('',(-3.5,5.86,2.03));
#8341 = VECTOR('',#8342,1.);
#8342 = DIRECTION('',(1.,0.,0.));
#8343 = PCURVE('',#7939,#8344);
#8344 = DEFINITIONAL_REPRESENTATION('',(#8345),#8349);
#8345 = LINE('',#8346,#8347);
#8346 = CARTESIAN_POINT('',(2.03,-3.5));
#8347 = VECTOR('',#8348,1.);
#8348 = DIRECTION('',(0.,1.));
#8349 = ( GEOMETRIC_REPRESENTATION_CONTEXT(2) 
PARAMETRIC_REPRESENTATION_CONTEXT() REPRESENTATION_CONTEXT('2D SPACE',''
  ) );
#8350 = PCURVE('',#8351,#8356);
#8351 = PLANE('',#8352);
#8352 = AXIS2_PLACEMENT_3D('',#8353,#8354,#8355);
#8353 = CARTESIAN_POINT('',(-2.03,5.86,2.03));
#8354 = DIRECTION('',(0.,0.,-1.));
#8355 = DIRECTION('',(-1.,0.,0.));
#8356 = DEFINITIONAL_REPRESENTATION('',(#8357),#8361);
#8357 = LINE('',#8358,#8359);
#8358 = CARTESIAN_POINT('',(1.47,0.));
#8359 = VECTOR('',#8360,1.);
#8360 = DIRECTION('',(-1.,0.));
#8361 = ( GEOMETRIC_REPRESENTATION_CONTEXT(2) 
PARAMETRIC_REPRESENTATION_CONTEXT() REPRESENTATION_CONTEXT('2D SPACE',''
  ) );
#8362 = ORIENTED_EDGE('',*,*,#8363,.F.);
#8363 = EDGE_CURVE('',#8364,#8336,#8366,.T.);
#8364 = VERTEX_POINT('',#8365);
#8365 = CARTESIAN_POINT('',(-3.5,5.86,-2.03));
#8366 = SURFACE_CURVE('',#8367,(#8371,#8378),.PCURVE_S1.);
#8367 = LINE('',#8368,#8369);
#8368 = CARTESIAN_POINT('',(-3.5,5.86,-2.03));
#8369 = VECTOR('',#8370,1.);
#8370 = DIRECTION('',(0.,0.,1.));
#8371 = PCURVE('',#7939,#8372);
#8372 = DEFINITIONAL_REPRESENTATION('',(#8373),#8377);
#8373 = LINE('',#8374,#8375);
#8374 = CARTESIAN_POINT('',(-2.03,-3.5));
#8375 = VECTOR('',#8376,1.);
#8376 = DIRECTION('',(1.,0.));
#8377 = ( GEOMETRIC_REPRESENTATION_CONTEXT(2) 
PARAMETRIC_REPRESENTATION_CONTEXT() REPRESENTATION_CONTEXT('2D SPACE',''
  ) );
#8378 = PCURVE('',#7771,#8379);
#8379 = DEFINITIONAL_REPRESENTATION('',(#8380),#8384);
#8380 = LINE('',#8381,#8382);
#8381 = CARTESIAN_POINT('',(1.47,9.36));
#8382 = VECTOR('',#8383,1.);
#8383 = DIRECTION('',(1.,0.));
#8384 = ( GEOMETRIC_REPRESENTATION_CONTEXT(2) 
PARAMETRIC_REPRESENTATION_CONTEXT() REPRESENTATION_CONTEXT('2D SPACE',''
  ) );
#8385 = ORIENTED_EDGE('',*,*,#8386,.T.);
#8386 = EDGE_CURVE('',#8364,#8387,#8389,.T.);
#8387 = VERTEX_POINT('',#8388);
#8388 = CARTESIAN_POINT('',(-2.03,5.86,-2.03));
#8389 = SURFACE_CURVE('',#8390,(#8394,#8401),.PCURVE_S1.);
#8390 = LINE('',#8391,#8392);
#8391 = CARTESIAN_POINT('',(-3.5,5.86,-2.03));
#8392 = VECTOR('',#8393,1.);
#8393 = DIRECTION('',(1.,0.,0.));
#8394 = PCURVE('',#7939,#8395);
#8395 = DEFINITIONAL_REPRESENTATION('',(#8396),#8400);
#8396 = LINE('',#8397,#8398);
#8397 = CARTESIAN_POINT('',(-2.03,-3.5));
#8398 = VECTOR('',#8399,1.);
#8399 = DIRECTION('',(0.,1.));
#8400 = ( GEOMETRIC_REPRESENTATION_CONTEXT(2) 
PARAMETRIC_REPRESENTATION_CONTEXT() REPRESENTATION_CONTEXT('2D SPACE',''
  ) );
#8401 = PCURVE('',#8402,#8407);
#8402 = PLANE('',#8403);
#8403 = AXIS2_PLACEMENT_3D('',#8404,#8405,#8406);
#8404 = CARTESIAN_POINT('',(-3.5,5.86,-2.03));
#8405 = DIRECTION('',(0.,0.,1.));
#8406 = DIRECTION('',(1.,0.,-0.));
#8407 = DEFINITIONAL_REPRESENTATION('',(#8408),#8412);
#8408 = LINE('',#8409,#8410);
#8409 = CARTESIAN_POINT('',(0.,0.));
#8410 = VECTOR('',#8411,1.);
#8411 = DIRECTION('',(1.,0.));
#8412 = ( GEOMETRIC_REPRESENTATION_CONTEXT(2) 
PARAMETRIC_REPRESENTATION_CONTEXT() REPRESENTATION_CONTEXT('2D SPACE',''
  ) );
#8413 = ORIENTED_EDGE('',*,*,#8414,.F.);
#8414 = EDGE_CURVE('',#7924,#8387,#8415,.T.);
#8415 = SURFACE_CURVE('',#8416,(#8420,#8427),.PCURVE_S1.);
#8416 = LINE('',#8417,#8418);
#8417 = CARTESIAN_POINT('',(-2.03,5.86,-3.5));
#8418 = VECTOR('',#8419,1.);
#8419 = DIRECTION('',(0.,0.,1.));
#8420 = PCURVE('',#7939,#8421);
#8421 = DEFINITIONAL_REPRESENTATION('',(#8422),#8426);
#8422 = LINE('',#8423,#8424);
#8423 = CARTESIAN_POINT('',(-3.5,-2.03));
#8424 = VECTOR('',#8425,1.);
#8425 = DIRECTION('',(1.,0.));
#8426 = ( GEOMETRIC_REPRESENTATION_CONTEXT(2) 
PARAMETRIC_REPRESENTATION_CONTEXT() REPRESENTATION_CONTEXT('2D SPACE',''
  ) );
#8427 = PCURVE('',#7967,#8428);
#8428 = DEFINITIONAL_REPRESENTATION('',(#8429),#8433);
#8429 = LINE('',#8430,#8431);
#8430 = CARTESIAN_POINT('',(1.47,0.));
#8431 = VECTOR('',#8432,1.);
#8432 = DIRECTION('',(-1.,0.));
#8433 = ( GEOMETRIC_REPRESENTATION_CONTEXT(2) 
PARAMETRIC_REPRESENTATION_CONTEXT() REPRESENTATION_CONTEXT('2D SPACE',''
  ) );
#8434 = ORIENTED_EDGE('',*,*,#7923,.F.);
#8435 = FACE_BOUND('',#8436,.F.);
#8436 = EDGE_LOOP('',(#8437,#8468));
#8437 = ORIENTED_EDGE('',*,*,#8438,.T.);
#8438 = EDGE_CURVE('',#8439,#8441,#8443,.T.);
#8439 = VERTEX_POINT('',#8440);
#8440 = CARTESIAN_POINT('',(0.635,5.86,0.));
#8441 = VERTEX_POINT('',#8442);
#8442 = CARTESIAN_POINT('',(-0.635,5.86,0.));
#8443 = SURFACE_CURVE('',#8444,(#8449,#8456),.PCURVE_S1.);
#8444 = CIRCLE('',#8445,0.635);
#8445 = AXIS2_PLACEMENT_3D('',#8446,#8447,#8448);
#8446 = CARTESIAN_POINT('',(0.,5.86,0.));
#8447 = DIRECTION('',(-0.,1.,0.));
#8448 = DIRECTION('',(1.,0.,0.));
#8449 = PCURVE('',#7939,#8450);
#8450 = DEFINITIONAL_REPRESENTATION('',(#8451),#8455);
#8451 = CIRCLE('',#8452,0.635);
#8452 = AXIS2_PLACEMENT_2D('',#8453,#8454);
#8453 = CARTESIAN_POINT('',(0.,0.));
#8454 = DIRECTION('',(0.,1.));
#8455 = ( GEOMETRIC_REPRESENTATION_CONTEXT(2) 
PARAMETRIC_REPRESENTATION_CONTEXT() REPRESENTATION_CONTEXT('2D SPACE',''
  ) );
#8456 = PCURVE('',#8457,#8462);
#8457 = CYLINDRICAL_SURFACE('',#8458,0.635);
#8458 = AXIS2_PLACEMENT_3D('',#8459,#8460,#8461);
#8459 = CARTESIAN_POINT('',(0.,1.49,0.));
#8460 = DIRECTION('',(0.,1.,0.));
#8461 = DIRECTION('',(1.,0.,0.));
#8462 = DEFINITIONAL_REPRESENTATION('',(#8463),#8467);
#8463 = LINE('',#8464,#8465);
#8464 = CARTESIAN_POINT('',(0.,4.37));
#8465 = VECTOR('',#8466,1.);
#8466 = DIRECTION('',(1.,0.));
#8467 = ( GEOMETRIC_REPRESENTATION_CONTEXT(2) 
PARAMETRIC_REPRESENTATION_CONTEXT() REPRESENTATION_CONTEXT('2D SPACE',''
  ) );
#8468 = ORIENTED_EDGE('',*,*,#8469,.T.);
#8469 = EDGE_CURVE('',#8441,#8439,#8470,.T.);
#8470 = SURFACE_CURVE('',#8471,(#8476,#8483),.PCURVE_S1.);
#8471 = CIRCLE('',#8472,0.635);
#8472 = AXIS2_PLACEMENT_3D('',#8473,#8474,#8475);
#8473 = CARTESIAN_POINT('',(0.,5.86,0.));
#8474 = DIRECTION('',(0.,1.,0.));
#8475 = DIRECTION('',(-1.,0.,0.));
#8476 = PCURVE('',#7939,#8477);
#8477 = DEFINITIONAL_REPRESENTATION('',(#8478),#8482);
#8478 = CIRCLE('',#8479,0.635);
#8479 = AXIS2_PLACEMENT_2D('',#8480,#8481);
#8480 = CARTESIAN_POINT('',(0.,0.));
#8481 = DIRECTION('',(0.,-1.));
#8482 = ( GEOMETRIC_REPRESENTATION_CONTEXT(2) 
PARAMETRIC_REPRESENTATION_CONTEXT() REPRESENTATION_CONTEXT('2D SPACE',''
  ) );
#8483 = PCURVE('',#8484,#8489);
#8484 = CYLINDRICAL_SURFACE('',#8485,0.635);
#8485 = AXIS2_PLACEMENT_3D('',#8486,#8487,#8488);
#8486 = CARTESIAN_POINT('',(0.,1.49,0.));
#8487 = DIRECTION('',(0.,1.,0.));
#8488 = DIRECTION('',(1.,0.,0.));
#8489 = DEFINITIONAL_REPRESENTATION('',(#8490),#8494);
#8490 = LINE('',#8491,#8492);
#8491 = CARTESIAN_POINT('',(3.14159265359,4.37));
#8492 = VECTOR('',#8493,1.);
#8493 = DIRECTION('',(1.,0.));
#8494 = ( GEOMETRIC_REPRESENTATION_CONTEXT(2) 
PARAMETRIC_REPRESENTATION_CONTEXT() REPRESENTATION_CONTEXT('2D SPACE',''
  ) );
#8495 = ADVANCED_FACE('',(#8496),#7911,.T.);
#8496 = FACE_BOUND('',#8497,.F.);
#8497 = EDGE_LOOP('',(#8498,#8521,#8549,#8577,#8598,#8599));
#8498 = ORIENTED_EDGE('',*,*,#8499,.T.);
#8499 = EDGE_CURVE('',#7868,#8500,#8502,.T.);
#8500 = VERTEX_POINT('',#8501);
#8501 = CARTESIAN_POINT('',(2.03,6.36,-3.05));
#8502 = SURFACE_CURVE('',#8503,(#8507,#8514),.PCURVE_S1.);
#8503 = LINE('',#8504,#8505);
#8504 = CARTESIAN_POINT('',(2.03,6.36,-3.5));
#8505 = VECTOR('',#8506,1.);
#8506 = DIRECTION('',(0.,0.,1.));
#8507 = PCURVE('',#7911,#8508);
#8508 = DEFINITIONAL_REPRESENTATION('',(#8509),#8513);
#8509 = LINE('',#8510,#8511);
#8510 = CARTESIAN_POINT('',(0.,0.5));
#8511 = VECTOR('',#8512,1.);
#8512 = DIRECTION('',(1.,0.));
#8513 = ( GEOMETRIC_REPRESENTATION_CONTEXT(2) 
PARAMETRIC_REPRESENTATION_CONTEXT() REPRESENTATION_CONTEXT('2D SPACE',''
  ) );
#8514 = PCURVE('',#7883,#8515);
#8515 = DEFINITIONAL_REPRESENTATION('',(#8516),#8520);
#8516 = LINE('',#8517,#8518);
#8517 = CARTESIAN_POINT('',(2.03,3.5));
#8518 = VECTOR('',#8519,1.);
#8519 = DIRECTION('',(0.,-1.));
#8520 = ( GEOMETRIC_REPRESENTATION_CONTEXT(2) 
PARAMETRIC_REPRESENTATION_CONTEXT() REPRESENTATION_CONTEXT('2D SPACE',''
  ) );
#8521 = ORIENTED_EDGE('',*,*,#8522,.T.);
#8522 = EDGE_CURVE('',#8500,#8523,#8525,.T.);
#8523 = VERTEX_POINT('',#8524);
#8524 = CARTESIAN_POINT('',(2.03,10.3,-3.05));
#8525 = SURFACE_CURVE('',#8526,(#8530,#8537),.PCURVE_S1.);
#8526 = LINE('',#8527,#8528);
#8527 = CARTESIAN_POINT('',(2.03,6.36,-3.05));
#8528 = VECTOR('',#8529,1.);
#8529 = DIRECTION('',(0.,1.,0.));
#8530 = PCURVE('',#7911,#8531);
#8531 = DEFINITIONAL_REPRESENTATION('',(#8532),#8536);
#8532 = LINE('',#8533,#8534);
#8533 = CARTESIAN_POINT('',(0.45,0.5));
#8534 = VECTOR('',#8535,1.);
#8535 = DIRECTION('',(0.,1.));
#8536 = ( GEOMETRIC_REPRESENTATION_CONTEXT(2) 
PARAMETRIC_REPRESENTATION_CONTEXT() REPRESENTATION_CONTEXT('2D SPACE',''
  ) );
#8537 = PCURVE('',#8538,#8543);
#8538 = PLANE('',#8539);
#8539 = AXIS2_PLACEMENT_3D('',#8540,#8541,#8542);
#8540 = CARTESIAN_POINT('',(3.05,6.36,-3.05));
#8541 = DIRECTION('',(0.,0.,-1.));
#8542 = DIRECTION('',(-1.,0.,0.));
#8543 = DEFINITIONAL_REPRESENTATION('',(#8544),#8548);
#8544 = LINE('',#8545,#8546);
#8545 = CARTESIAN_POINT('',(1.02,0.));
#8546 = VECTOR('',#8547,1.);
#8547 = DIRECTION('',(0.,1.));
#8548 = ( GEOMETRIC_REPRESENTATION_CONTEXT(2) 
PARAMETRIC_REPRESENTATION_CONTEXT() REPRESENTATION_CONTEXT('2D SPACE',''
  ) );
#8549 = ORIENTED_EDGE('',*,*,#8550,.T.);
#8550 = EDGE_CURVE('',#8523,#8551,#8553,.T.);
#8551 = VERTEX_POINT('',#8552);
#8552 = CARTESIAN_POINT('',(2.03,10.3,-2.03));
#8553 = SURFACE_CURVE('',#8554,(#8558,#8565),.PCURVE_S1.);
#8554 = LINE('',#8555,#8556);
#8555 = CARTESIAN_POINT('',(2.03,10.3,-3.05));
#8556 = VECTOR('',#8557,1.);
#8557 = DIRECTION('',(0.,0.,1.));
#8558 = PCURVE('',#7911,#8559);
#8559 = DEFINITIONAL_REPRESENTATION('',(#8560),#8564);
#8560 = LINE('',#8561,#8562);
#8561 = CARTESIAN_POINT('',(0.45,4.44));
#8562 = VECTOR('',#8563,1.);
#8563 = DIRECTION('',(1.,0.));
#8564 = ( GEOMETRIC_REPRESENTATION_CONTEXT(2) 
PARAMETRIC_REPRESENTATION_CONTEXT() REPRESENTATION_CONTEXT('2D SPACE',''
  ) );
#8565 = PCURVE('',#8566,#8571);
#8566 = PLANE('',#8567);
#8567 = AXIS2_PLACEMENT_3D('',#8568,#8569,#8570);
#8568 = CARTESIAN_POINT('',(0.,10.3,0.));
#8569 = DIRECTION('',(0.,1.,0.));
#8570 = DIRECTION('',(1.,0.,0.));
#8571 = DEFINITIONAL_REPRESENTATION('',(#8572),#8576);
#8572 = LINE('',#8573,#8574);
#8573 = CARTESIAN_POINT('',(2.03,3.05));
#8574 = VECTOR('',#8575,1.);
#8575 = DIRECTION('',(0.,-1.));
#8576 = ( GEOMETRIC_REPRESENTATION_CONTEXT(2) 
PARAMETRIC_REPRESENTATION_CONTEXT() REPRESENTATION_CONTEXT('2D SPACE',''
  ) );
#8577 = ORIENTED_EDGE('',*,*,#8578,.T.);
#8578 = EDGE_CURVE('',#8551,#8189,#8579,.T.);
#8579 = SURFACE_CURVE('',#8580,(#8584,#8591),.PCURVE_S1.);
#8580 = LINE('',#8581,#8582);
#8581 = CARTESIAN_POINT('',(2.03,10.3,-2.03));
#8582 = VECTOR('',#8583,1.);
#8583 = DIRECTION('',(0.,-1.,0.));
#8584 = PCURVE('',#7911,#8585);
#8585 = DEFINITIONAL_REPRESENTATION('',(#8586),#8590);
#8586 = LINE('',#8587,#8588);
#8587 = CARTESIAN_POINT('',(1.47,4.44));
#8588 = VECTOR('',#8589,1.);
#8589 = DIRECTION('',(0.,-1.));
#8590 = ( GEOMETRIC_REPRESENTATION_CONTEXT(2) 
PARAMETRIC_REPRESENTATION_CONTEXT() REPRESENTATION_CONTEXT('2D SPACE',''
  ) );
#8591 = PCURVE('',#8073,#8592);
#8592 = DEFINITIONAL_REPRESENTATION('',(#8593),#8597);
#8593 = LINE('',#8594,#8595);
#8594 = CARTESIAN_POINT('',(0.,4.44));
#8595 = VECTOR('',#8596,1.);
#8596 = DIRECTION('',(0.,-1.));
#8597 = ( GEOMETRIC_REPRESENTATION_CONTEXT(2) 
PARAMETRIC_REPRESENTATION_CONTEXT() REPRESENTATION_CONTEXT('2D SPACE',''
  ) );
#8598 = ORIENTED_EDGE('',*,*,#8188,.F.);
#8599 = ORIENTED_EDGE('',*,*,#7895,.T.);
#8600 = ADVANCED_FACE('',(#8601),#7883,.T.);
#8601 = FACE_BOUND('',#8602,.F.);
#8602 = EDGE_LOOP('',(#8603,#8633,#8654,#8655,#8656,#8657));
#8603 = ORIENTED_EDGE('',*,*,#8604,.T.);
#8604 = EDGE_CURVE('',#8605,#8607,#8609,.T.);
#8605 = VERTEX_POINT('',#8606);
#8606 = CARTESIAN_POINT('',(3.05,6.36,-2.03));
#8607 = VERTEX_POINT('',#8608);
#8608 = CARTESIAN_POINT('',(3.05,6.36,-3.05));
#8609 = SURFACE_CURVE('',#8610,(#8614,#8621),.PCURVE_S1.);
#8610 = LINE('',#8611,#8612);
#8611 = CARTESIAN_POINT('',(3.05,6.36,-2.03));
#8612 = VECTOR('',#8613,1.);
#8613 = DIRECTION('',(0.,0.,-1.));
#8614 = PCURVE('',#7883,#8615);
#8615 = DEFINITIONAL_REPRESENTATION('',(#8616),#8620);
#8616 = LINE('',#8617,#8618);
#8617 = CARTESIAN_POINT('',(3.05,2.03));
#8618 = VECTOR('',#8619,1.);
#8619 = DIRECTION('',(0.,1.));
#8620 = ( GEOMETRIC_REPRESENTATION_CONTEXT(2) 
PARAMETRIC_REPRESENTATION_CONTEXT() REPRESENTATION_CONTEXT('2D SPACE',''
  ) );
#8621 = PCURVE('',#8622,#8627);
#8622 = PLANE('',#8623);
#8623 = AXIS2_PLACEMENT_3D('',#8624,#8625,#8626);
#8624 = CARTESIAN_POINT('',(3.05,6.36,-2.03));
#8625 = DIRECTION('',(1.,0.,0.));
#8626 = DIRECTION('',(0.,0.,-1.));
#8627 = DEFINITIONAL_REPRESENTATION('',(#8628),#8632);
#8628 = LINE('',#8629,#8630);
#8629 = CARTESIAN_POINT('',(0.,0.));
#8630 = VECTOR('',#8631,1.);
#8631 = DIRECTION('',(1.,0.));
#8632 = ( GEOMETRIC_REPRESENTATION_CONTEXT(2) 
PARAMETRIC_REPRESENTATION_CONTEXT() REPRESENTATION_CONTEXT('2D SPACE',''
  ) );
#8633 = ORIENTED_EDGE('',*,*,#8634,.F.);
#8634 = EDGE_CURVE('',#8500,#8607,#8635,.T.);
#8635 = SURFACE_CURVE('',#8636,(#8640,#8647),.PCURVE_S1.);
#8636 = LINE('',#8637,#8638);
#8637 = CARTESIAN_POINT('',(2.03,6.36,-3.05));
#8638 = VECTOR('',#8639,1.);
#8639 = DIRECTION('',(1.,0.,0.));
#8640 = PCURVE('',#7883,#8641);
#8641 = DEFINITIONAL_REPRESENTATION('',(#8642),#8646);
#8642 = LINE('',#8643,#8644);
#8643 = CARTESIAN_POINT('',(2.03,3.05));
#8644 = VECTOR('',#8645,1.);
#8645 = DIRECTION('',(1.,0.));
#8646 = ( GEOMETRIC_REPRESENTATION_CONTEXT(2) 
PARAMETRIC_REPRESENTATION_CONTEXT() REPRESENTATION_CONTEXT('2D SPACE',''
  ) );
#8647 = PCURVE('',#8538,#8648);
#8648 = DEFINITIONAL_REPRESENTATION('',(#8649),#8653);
#8649 = LINE('',#8650,#8651);
#8650 = CARTESIAN_POINT('',(1.02,0.));
#8651 = VECTOR('',#8652,1.);
#8652 = DIRECTION('',(-1.,0.));
#8653 = ( GEOMETRIC_REPRESENTATION_CONTEXT(2) 
PARAMETRIC_REPRESENTATION_CONTEXT() REPRESENTATION_CONTEXT('2D SPACE',''
  ) );
#8654 = ORIENTED_EDGE('',*,*,#8499,.F.);
#8655 = ORIENTED_EDGE('',*,*,#7867,.F.);
#8656 = ORIENTED_EDGE('',*,*,#8085,.F.);
#8657 = ORIENTED_EDGE('',*,*,#8658,.F.);
#8658 = EDGE_CURVE('',#8605,#8058,#8659,.T.);
#8659 = SURFACE_CURVE('',#8660,(#8664,#8671),.PCURVE_S1.);
#8660 = LINE('',#8661,#8662);
#8661 = CARTESIAN_POINT('',(3.05,6.36,-2.03));
#8662 = VECTOR('',#8663,1.);
#8663 = DIRECTION('',(1.,0.,0.));
#8664 = PCURVE('',#7883,#8665);
#8665 = DEFINITIONAL_REPRESENTATION('',(#8666),#8670);
#8666 = LINE('',#8667,#8668);
#8667 = CARTESIAN_POINT('',(3.05,2.03));
#8668 = VECTOR('',#8669,1.);
#8669 = DIRECTION('',(1.,0.));
#8670 = ( GEOMETRIC_REPRESENTATION_CONTEXT(2) 
PARAMETRIC_REPRESENTATION_CONTEXT() REPRESENTATION_CONTEXT('2D SPACE',''
  ) );
#8671 = PCURVE('',#8073,#8672);
#8672 = DEFINITIONAL_REPRESENTATION('',(#8673),#8677);
#8673 = LINE('',#8674,#8675);
#8674 = CARTESIAN_POINT('',(1.02,0.5));
#8675 = VECTOR('',#8676,1.);
#8676 = DIRECTION('',(1.,0.));
#8677 = ( GEOMETRIC_REPRESENTATION_CONTEXT(2) 
PARAMETRIC_REPRESENTATION_CONTEXT() REPRESENTATION_CONTEXT('2D SPACE',''
  ) );
#8678 = ADVANCED_FACE('',(#8679),#8622,.T.);
#8679 = FACE_BOUND('',#8680,.F.);
#8680 = EDGE_LOOP('',(#8681,#8682,#8705,#8728));
#8681 = ORIENTED_EDGE('',*,*,#8604,.F.);
#8682 = ORIENTED_EDGE('',*,*,#8683,.T.);
#8683 = EDGE_CURVE('',#8605,#8684,#8686,.T.);
#8684 = VERTEX_POINT('',#8685);
#8685 = CARTESIAN_POINT('',(3.05,10.3,-2.03));
#8686 = SURFACE_CURVE('',#8687,(#8691,#8698),.PCURVE_S1.);
#8687 = LINE('',#8688,#8689);
#8688 = CARTESIAN_POINT('',(3.05,6.36,-2.03));
#8689 = VECTOR('',#8690,1.);
#8690 = DIRECTION('',(0.,1.,0.));
#8691 = PCURVE('',#8622,#8692);
#8692 = DEFINITIONAL_REPRESENTATION('',(#8693),#8697);
#8693 = LINE('',#8694,#8695);
#8694 = CARTESIAN_POINT('',(0.,0.));
#8695 = VECTOR('',#8696,1.);
#8696 = DIRECTION('',(0.,1.));
#8697 = ( GEOMETRIC_REPRESENTATION_CONTEXT(2) 
PARAMETRIC_REPRESENTATION_CONTEXT() REPRESENTATION_CONTEXT('2D SPACE',''
  ) );
#8698 = PCURVE('',#8073,#8699);
#8699 = DEFINITIONAL_REPRESENTATION('',(#8700),#8704);
#8700 = LINE('',#8701,#8702);
#8701 = CARTESIAN_POINT('',(1.02,0.5));
#8702 = VECTOR('',#8703,1.);
#8703 = DIRECTION('',(0.,1.));
#8704 = ( GEOMETRIC_REPRESENTATION_CONTEXT(2) 
PARAMETRIC_REPRESENTATION_CONTEXT() REPRESENTATION_CONTEXT('2D SPACE',''
  ) );
#8705 = ORIENTED_EDGE('',*,*,#8706,.T.);
#8706 = EDGE_CURVE('',#8684,#8707,#8709,.T.);
#8707 = VERTEX_POINT('',#8708);
#8708 = CARTESIAN_POINT('',(3.05,10.3,-3.05));
#8709 = SURFACE_CURVE('',#8710,(#8714,#8721),.PCURVE_S1.);
#8710 = LINE('',#8711,#8712);
#8711 = CARTESIAN_POINT('',(3.05,10.3,-2.03));
#8712 = VECTOR('',#8713,1.);
#8713 = DIRECTION('',(0.,0.,-1.));
#8714 = PCURVE('',#8622,#8715);
#8715 = DEFINITIONAL_REPRESENTATION('',(#8716),#8720);
#8716 = LINE('',#8717,#8718);
#8717 = CARTESIAN_POINT('',(0.,3.94));
#8718 = VECTOR('',#8719,1.);
#8719 = DIRECTION('',(1.,0.));
#8720 = ( GEOMETRIC_REPRESENTATION_CONTEXT(2) 
PARAMETRIC_REPRESENTATION_CONTEXT() REPRESENTATION_CONTEXT('2D SPACE',''
  ) );
#8721 = PCURVE('',#8566,#8722);
#8722 = DEFINITIONAL_REPRESENTATION('',(#8723),#8727);
#8723 = LINE('',#8724,#8725);
#8724 = CARTESIAN_POINT('',(3.05,2.03));
#8725 = VECTOR('',#8726,1.);
#8726 = DIRECTION('',(0.,1.));
#8727 = ( GEOMETRIC_REPRESENTATION_CONTEXT(2) 
PARAMETRIC_REPRESENTATION_CONTEXT() REPRESENTATION_CONTEXT('2D SPACE',''
  ) );
#8728 = ORIENTED_EDGE('',*,*,#8729,.F.);
#8729 = EDGE_CURVE('',#8607,#8707,#8730,.T.);
#8730 = SURFACE_CURVE('',#8731,(#8735,#8742),.PCURVE_S1.);
#8731 = LINE('',#8732,#8733);
#8732 = CARTESIAN_POINT('',(3.05,6.36,-3.05));
#8733 = VECTOR('',#8734,1.);
#8734 = DIRECTION('',(0.,1.,0.));
#8735 = PCURVE('',#8622,#8736);
#8736 = DEFINITIONAL_REPRESENTATION('',(#8737),#8741);
#8737 = LINE('',#8738,#8739);
#8738 = CARTESIAN_POINT('',(1.02,0.));
#8739 = VECTOR('',#8740,1.);
#8740 = DIRECTION('',(0.,1.));
#8741 = ( GEOMETRIC_REPRESENTATION_CONTEXT(2) 
PARAMETRIC_REPRESENTATION_CONTEXT() REPRESENTATION_CONTEXT('2D SPACE',''
  ) );
#8742 = PCURVE('',#8538,#8743);
#8743 = DEFINITIONAL_REPRESENTATION('',(#8744),#8748);
#8744 = LINE('',#8745,#8746);
#8745 = CARTESIAN_POINT('',(0.,0.));
#8746 = VECTOR('',#8747,1.);
#8747 = DIRECTION('',(0.,1.));
#8748 = ( GEOMETRIC_REPRESENTATION_CONTEXT(2) 
PARAMETRIC_REPRESENTATION_CONTEXT() REPRESENTATION_CONTEXT('2D SPACE',''
  ) );
#8749 = ADVANCED_FACE('',(#8750),#8073,.T.);
#8750 = FACE_BOUND('',#8751,.F.);
#8751 = EDGE_LOOP('',(#8752,#8753,#8774,#8775,#8776,#8777));
#8752 = ORIENTED_EDGE('',*,*,#8578,.F.);
#8753 = ORIENTED_EDGE('',*,*,#8754,.T.);
#8754 = EDGE_CURVE('',#8551,#8684,#8755,.T.);
#8755 = SURFACE_CURVE('',#8756,(#8760,#8767),.PCURVE_S1.);
#8756 = LINE('',#8757,#8758);
#8757 = CARTESIAN_POINT('',(2.03,10.3,-2.03));
#8758 = VECTOR('',#8759,1.);
#8759 = DIRECTION('',(1.,0.,0.));
#8760 = PCURVE('',#8073,#8761);
#8761 = DEFINITIONAL_REPRESENTATION('',(#8762),#8766);
#8762 = LINE('',#8763,#8764);
#8763 = CARTESIAN_POINT('',(0.,4.44));
#8764 = VECTOR('',#8765,1.);
#8765 = DIRECTION('',(1.,0.));
#8766 = ( GEOMETRIC_REPRESENTATION_CONTEXT(2) 
PARAMETRIC_REPRESENTATION_CONTEXT() REPRESENTATION_CONTEXT('2D SPACE',''
  ) );
#8767 = PCURVE('',#8566,#8768);
#8768 = DEFINITIONAL_REPRESENTATION('',(#8769),#8773);
#8769 = LINE('',#8770,#8771);
#8770 = CARTESIAN_POINT('',(2.03,2.03));
#8771 = VECTOR('',#8772,1.);
#8772 = DIRECTION('',(1.,0.));
#8773 = ( GEOMETRIC_REPRESENTATION_CONTEXT(2) 
PARAMETRIC_REPRESENTATION_CONTEXT() REPRESENTATION_CONTEXT('2D SPACE',''
  ) );
#8774 = ORIENTED_EDGE('',*,*,#8683,.F.);
#8775 = ORIENTED_EDGE('',*,*,#8658,.T.);
#8776 = ORIENTED_EDGE('',*,*,#8057,.F.);
#8777 = ORIENTED_EDGE('',*,*,#8211,.T.);
#8778 = ADVANCED_FACE('',(#8779),#8566,.T.);
#8779 = FACE_BOUND('',#8780,.F.);
#8780 = EDGE_LOOP('',(#8781,#8782,#8783,#8804));
#8781 = ORIENTED_EDGE('',*,*,#8754,.F.);
#8782 = ORIENTED_EDGE('',*,*,#8550,.F.);
#8783 = ORIENTED_EDGE('',*,*,#8784,.F.);
#8784 = EDGE_CURVE('',#8707,#8523,#8785,.T.);
#8785 = SURFACE_CURVE('',#8786,(#8790,#8797),.PCURVE_S1.);
#8786 = LINE('',#8787,#8788);
#8787 = CARTESIAN_POINT('',(3.05,10.3,-3.05));
#8788 = VECTOR('',#8789,1.);
#8789 = DIRECTION('',(-1.,0.,0.));
#8790 = PCURVE('',#8566,#8791);
#8791 = DEFINITIONAL_REPRESENTATION('',(#8792),#8796);
#8792 = LINE('',#8793,#8794);
#8793 = CARTESIAN_POINT('',(3.05,3.05));
#8794 = VECTOR('',#8795,1.);
#8795 = DIRECTION('',(-1.,0.));
#8796 = ( GEOMETRIC_REPRESENTATION_CONTEXT(2) 
PARAMETRIC_REPRESENTATION_CONTEXT() REPRESENTATION_CONTEXT('2D SPACE',''
  ) );
#8797 = PCURVE('',#8538,#8798);
#8798 = DEFINITIONAL_REPRESENTATION('',(#8799),#8803);
#8799 = LINE('',#8800,#8801);
#8800 = CARTESIAN_POINT('',(0.,3.94));
#8801 = VECTOR('',#8802,1.);
#8802 = DIRECTION('',(1.,0.));
#8803 = ( GEOMETRIC_REPRESENTATION_CONTEXT(2) 
PARAMETRIC_REPRESENTATION_CONTEXT() REPRESENTATION_CONTEXT('2D SPACE',''
  ) );
#8804 = ORIENTED_EDGE('',*,*,#8706,.F.);
#8805 = ADVANCED_FACE('',(#8806),#8538,.T.);
#8806 = FACE_BOUND('',#8807,.F.);
#8807 = EDGE_LOOP('',(#8808,#8809,#8810,#8811));
#8808 = ORIENTED_EDGE('',*,*,#8634,.T.);
#8809 = ORIENTED_EDGE('',*,*,#8729,.T.);
#8810 = ORIENTED_EDGE('',*,*,#8784,.T.);
#8811 = ORIENTED_EDGE('',*,*,#8522,.F.);
#8812 = ADVANCED_FACE('',(#8813),#8173,.T.);
#8813 = FACE_BOUND('',#8814,.F.);
#8814 = EDGE_LOOP('',(#8815,#8838,#8866,#8894,#8915,#8916));
#8815 = ORIENTED_EDGE('',*,*,#8816,.T.);
#8816 = EDGE_CURVE('',#8132,#8817,#8819,.T.);
#8817 = VERTEX_POINT('',#8818);
#8818 = CARTESIAN_POINT('',(3.05,6.36,2.03));
#8819 = SURFACE_CURVE('',#8820,(#8824,#8831),.PCURVE_S1.);
#8820 = LINE('',#8821,#8822);
#8821 = CARTESIAN_POINT('',(3.5,6.36,2.03));
#8822 = VECTOR('',#8823,1.);
#8823 = DIRECTION('',(-1.,0.,0.));
#8824 = PCURVE('',#8173,#8825);
#8825 = DEFINITIONAL_REPRESENTATION('',(#8826),#8830);
#8826 = LINE('',#8827,#8828);
#8827 = CARTESIAN_POINT('',(0.,0.5));
#8828 = VECTOR('',#8829,1.);
#8829 = DIRECTION('',(1.,0.));
#8830 = ( GEOMETRIC_REPRESENTATION_CONTEXT(2) 
PARAMETRIC_REPRESENTATION_CONTEXT() REPRESENTATION_CONTEXT('2D SPACE',''
  ) );
#8831 = PCURVE('',#8147,#8832);
#8832 = DEFINITIONAL_REPRESENTATION('',(#8833),#8837);
#8833 = LINE('',#8834,#8835);
#8834 = CARTESIAN_POINT('',(2.03,3.5));
#8835 = VECTOR('',#8836,1.);
#8836 = DIRECTION('',(0.,-1.));
#8837 = ( GEOMETRIC_REPRESENTATION_CONTEXT(2) 
PARAMETRIC_REPRESENTATION_CONTEXT() REPRESENTATION_CONTEXT('2D SPACE',''
  ) );
#8838 = ORIENTED_EDGE('',*,*,#8839,.T.);
#8839 = EDGE_CURVE('',#8817,#8840,#8842,.T.);
#8840 = VERTEX_POINT('',#8841);
#8841 = CARTESIAN_POINT('',(3.05,10.3,2.03));
#8842 = SURFACE_CURVE('',#8843,(#8847,#8854),.PCURVE_S1.);
#8843 = LINE('',#8844,#8845);
#8844 = CARTESIAN_POINT('',(3.05,6.36,2.03));
#8845 = VECTOR('',#8846,1.);
#8846 = DIRECTION('',(0.,1.,0.));
#8847 = PCURVE('',#8173,#8848);
#8848 = DEFINITIONAL_REPRESENTATION('',(#8849),#8853);
#8849 = LINE('',#8850,#8851);
#8850 = CARTESIAN_POINT('',(0.45,0.5));
#8851 = VECTOR('',#8852,1.);
#8852 = DIRECTION('',(0.,1.));
#8853 = ( GEOMETRIC_REPRESENTATION_CONTEXT(2) 
PARAMETRIC_REPRESENTATION_CONTEXT() REPRESENTATION_CONTEXT('2D SPACE',''
  ) );
#8854 = PCURVE('',#8855,#8860);
#8855 = PLANE('',#8856);
#8856 = AXIS2_PLACEMENT_3D('',#8857,#8858,#8859);
#8857 = CARTESIAN_POINT('',(3.05,6.36,3.05));
#8858 = DIRECTION('',(1.,0.,0.));
#8859 = DIRECTION('',(0.,0.,-1.));
#8860 = DEFINITIONAL_REPRESENTATION('',(#8861),#8865);
#8861 = LINE('',#8862,#8863);
#8862 = CARTESIAN_POINT('',(1.02,0.));
#8863 = VECTOR('',#8864,1.);
#8864 = DIRECTION('',(0.,1.));
#8865 = ( GEOMETRIC_REPRESENTATION_CONTEXT(2) 
PARAMETRIC_REPRESENTATION_CONTEXT() REPRESENTATION_CONTEXT('2D SPACE',''
  ) );
#8866 = ORIENTED_EDGE('',*,*,#8867,.T.);
#8867 = EDGE_CURVE('',#8840,#8868,#8870,.T.);
#8868 = VERTEX_POINT('',#8869);
#8869 = CARTESIAN_POINT('',(2.03,10.3,2.03));
#8870 = SURFACE_CURVE('',#8871,(#8875,#8882),.PCURVE_S1.);
#8871 = LINE('',#8872,#8873);
#8872 = CARTESIAN_POINT('',(3.05,10.3,2.03));
#8873 = VECTOR('',#8874,1.);
#8874 = DIRECTION('',(-1.,0.,0.));
#8875 = PCURVE('',#8173,#8876);
#8876 = DEFINITIONAL_REPRESENTATION('',(#8877),#8881);
#8877 = LINE('',#8878,#8879);
#8878 = CARTESIAN_POINT('',(0.45,4.44));
#8879 = VECTOR('',#8880,1.);
#8880 = DIRECTION('',(1.,0.));
#8881 = ( GEOMETRIC_REPRESENTATION_CONTEXT(2) 
PARAMETRIC_REPRESENTATION_CONTEXT() REPRESENTATION_CONTEXT('2D SPACE',''
  ) );
#8882 = PCURVE('',#8883,#8888);
#8883 = PLANE('',#8884);
#8884 = AXIS2_PLACEMENT_3D('',#8885,#8886,#8887);
#8885 = CARTESIAN_POINT('',(0.,10.3,0.));
#8886 = DIRECTION('',(0.,1.,0.));
#8887 = DIRECTION('',(0.,-0.,1.));
#8888 = DEFINITIONAL_REPRESENTATION('',(#8889),#8893);
#8889 = LINE('',#8890,#8891);
#8890 = CARTESIAN_POINT('',(2.03,3.05));
#8891 = VECTOR('',#8892,1.);
#8892 = DIRECTION('',(0.,-1.));
#8893 = ( GEOMETRIC_REPRESENTATION_CONTEXT(2) 
PARAMETRIC_REPRESENTATION_CONTEXT() REPRESENTATION_CONTEXT('2D SPACE',''
  ) );
#8894 = ORIENTED_EDGE('',*,*,#8895,.T.);
#8895 = EDGE_CURVE('',#8868,#8234,#8896,.T.);
#8896 = SURFACE_CURVE('',#8897,(#8901,#8908),.PCURVE_S1.);
#8897 = LINE('',#8898,#8899);
#8898 = CARTESIAN_POINT('',(2.03,10.3,2.03));
#8899 = VECTOR('',#8900,1.);
#8900 = DIRECTION('',(0.,-1.,0.));
#8901 = PCURVE('',#8173,#8902);
#8902 = DEFINITIONAL_REPRESENTATION('',(#8903),#8907);
#8903 = LINE('',#8904,#8905);
#8904 = CARTESIAN_POINT('',(1.47,4.44));
#8905 = VECTOR('',#8906,1.);
#8906 = DIRECTION('',(0.,-1.));
#8907 = ( GEOMETRIC_REPRESENTATION_CONTEXT(2) 
PARAMETRIC_REPRESENTATION_CONTEXT() REPRESENTATION_CONTEXT('2D SPACE',''
  ) );
#8908 = PCURVE('',#8272,#8909);
#8909 = DEFINITIONAL_REPRESENTATION('',(#8910),#8914);
#8910 = LINE('',#8911,#8912);
#8911 = CARTESIAN_POINT('',(0.,4.44));
#8912 = VECTOR('',#8913,1.);
#8913 = DIRECTION('',(0.,-1.));
#8914 = ( GEOMETRIC_REPRESENTATION_CONTEXT(2) 
PARAMETRIC_REPRESENTATION_CONTEXT() REPRESENTATION_CONTEXT('2D SPACE',''
  ) );
#8915 = ORIENTED_EDGE('',*,*,#8233,.F.);
#8916 = ORIENTED_EDGE('',*,*,#8159,.T.);
#8917 = ADVANCED_FACE('',(#8918),#8147,.T.);
#8918 = FACE_BOUND('',#8919,.F.);
#8919 = EDGE_LOOP('',(#8920,#8950,#8971,#8972,#8973,#8996));
#8920 = ORIENTED_EDGE('',*,*,#8921,.T.);
#8921 = EDGE_CURVE('',#8922,#8924,#8926,.T.);
#8922 = VERTEX_POINT('',#8923);
#8923 = CARTESIAN_POINT('',(2.03,6.36,3.05));
#8924 = VERTEX_POINT('',#8925);
#8925 = CARTESIAN_POINT('',(3.05,6.36,3.05));
#8926 = SURFACE_CURVE('',#8927,(#8931,#8938),.PCURVE_S1.);
#8927 = LINE('',#8928,#8929);
#8928 = CARTESIAN_POINT('',(2.03,6.36,3.05));
#8929 = VECTOR('',#8930,1.);
#8930 = DIRECTION('',(1.,0.,0.));
#8931 = PCURVE('',#8147,#8932);
#8932 = DEFINITIONAL_REPRESENTATION('',(#8933),#8937);
#8933 = LINE('',#8934,#8935);
#8934 = CARTESIAN_POINT('',(3.05,2.03));
#8935 = VECTOR('',#8936,1.);
#8936 = DIRECTION('',(0.,1.));
#8937 = ( GEOMETRIC_REPRESENTATION_CONTEXT(2) 
PARAMETRIC_REPRESENTATION_CONTEXT() REPRESENTATION_CONTEXT('2D SPACE',''
  ) );
#8938 = PCURVE('',#8939,#8944);
#8939 = PLANE('',#8940);
#8940 = AXIS2_PLACEMENT_3D('',#8941,#8942,#8943);
#8941 = CARTESIAN_POINT('',(2.03,6.36,3.05));
#8942 = DIRECTION('',(0.,0.,1.));
#8943 = DIRECTION('',(1.,0.,-0.));
#8944 = DEFINITIONAL_REPRESENTATION('',(#8945),#8949);
#8945 = LINE('',#8946,#8947);
#8946 = CARTESIAN_POINT('',(0.,0.));
#8947 = VECTOR('',#8948,1.);
#8948 = DIRECTION('',(1.,0.));
#8949 = ( GEOMETRIC_REPRESENTATION_CONTEXT(2) 
PARAMETRIC_REPRESENTATION_CONTEXT() REPRESENTATION_CONTEXT('2D SPACE',''
  ) );
#8950 = ORIENTED_EDGE('',*,*,#8951,.F.);
#8951 = EDGE_CURVE('',#8817,#8924,#8952,.T.);
#8952 = SURFACE_CURVE('',#8953,(#8957,#8964),.PCURVE_S1.);
#8953 = LINE('',#8954,#8955);
#8954 = CARTESIAN_POINT('',(3.05,6.36,2.03));
#8955 = VECTOR('',#8956,1.);
#8956 = DIRECTION('',(0.,0.,1.));
#8957 = PCURVE('',#8147,#8958);
#8958 = DEFINITIONAL_REPRESENTATION('',(#8959),#8963);
#8959 = LINE('',#8960,#8961);
#8960 = CARTESIAN_POINT('',(2.03,3.05));
#8961 = VECTOR('',#8962,1.);
#8962 = DIRECTION('',(1.,0.));
#8963 = ( GEOMETRIC_REPRESENTATION_CONTEXT(2) 
PARAMETRIC_REPRESENTATION_CONTEXT() REPRESENTATION_CONTEXT('2D SPACE',''
  ) );
#8964 = PCURVE('',#8855,#8965);
#8965 = DEFINITIONAL_REPRESENTATION('',(#8966),#8970);
#8966 = LINE('',#8967,#8968);
#8967 = CARTESIAN_POINT('',(1.02,0.));
#8968 = VECTOR('',#8969,1.);
#8969 = DIRECTION('',(-1.,0.));
#8970 = ( GEOMETRIC_REPRESENTATION_CONTEXT(2) 
PARAMETRIC_REPRESENTATION_CONTEXT() REPRESENTATION_CONTEXT('2D SPACE',''
  ) );
#8971 = ORIENTED_EDGE('',*,*,#8816,.F.);
#8972 = ORIENTED_EDGE('',*,*,#8131,.F.);
#8973 = ORIENTED_EDGE('',*,*,#8974,.F.);
#8974 = EDGE_CURVE('',#8975,#8109,#8977,.T.);
#8975 = VERTEX_POINT('',#8976);
#8976 = CARTESIAN_POINT('',(2.03,6.36,3.5));
#8977 = SURFACE_CURVE('',#8978,(#8982,#8989),.PCURVE_S1.);
#8978 = LINE('',#8979,#8980);
#8979 = CARTESIAN_POINT('',(2.03,6.36,3.5));
#8980 = VECTOR('',#8981,1.);
#8981 = DIRECTION('',(1.,0.,0.));
#8982 = PCURVE('',#8147,#8983);
#8983 = DEFINITIONAL_REPRESENTATION('',(#8984),#8988);
#8984 = LINE('',#8985,#8986);
#8985 = CARTESIAN_POINT('',(3.5,2.03));
#8986 = VECTOR('',#8987,1.);
#8987 = DIRECTION('',(0.,1.));
#8988 = ( GEOMETRIC_REPRESENTATION_CONTEXT(2) 
PARAMETRIC_REPRESENTATION_CONTEXT() REPRESENTATION_CONTEXT('2D SPACE',''
  ) );
#8989 = PCURVE('',#7799,#8990);
#8990 = DEFINITIONAL_REPRESENTATION('',(#8991),#8995);
#8991 = LINE('',#8992,#8993);
#8992 = CARTESIAN_POINT('',(5.53,9.86));
#8993 = VECTOR('',#8994,1.);
#8994 = DIRECTION('',(1.,0.));
#8995 = ( GEOMETRIC_REPRESENTATION_CONTEXT(2) 
PARAMETRIC_REPRESENTATION_CONTEXT() REPRESENTATION_CONTEXT('2D SPACE',''
  ) );
#8996 = ORIENTED_EDGE('',*,*,#8997,.F.);
#8997 = EDGE_CURVE('',#8922,#8975,#8998,.T.);
#8998 = SURFACE_CURVE('',#8999,(#9003,#9010),.PCURVE_S1.);
#8999 = LINE('',#9000,#9001);
#9000 = CARTESIAN_POINT('',(2.03,6.36,3.05));
#9001 = VECTOR('',#9002,1.);
#9002 = DIRECTION('',(0.,0.,1.));
#9003 = PCURVE('',#8147,#9004);
#9004 = DEFINITIONAL_REPRESENTATION('',(#9005),#9009);
#9005 = LINE('',#9006,#9007);
#9006 = CARTESIAN_POINT('',(3.05,2.03));
#9007 = VECTOR('',#9008,1.);
#9008 = DIRECTION('',(1.,0.));
#9009 = ( GEOMETRIC_REPRESENTATION_CONTEXT(2) 
PARAMETRIC_REPRESENTATION_CONTEXT() REPRESENTATION_CONTEXT('2D SPACE',''
  ) );
#9010 = PCURVE('',#8272,#9011);
#9011 = DEFINITIONAL_REPRESENTATION('',(#9012),#9016);
#9012 = LINE('',#9013,#9014);
#9013 = CARTESIAN_POINT('',(1.02,0.5));
#9014 = VECTOR('',#9015,1.);
#9015 = DIRECTION('',(1.,0.));
#9016 = ( GEOMETRIC_REPRESENTATION_CONTEXT(2) 
PARAMETRIC_REPRESENTATION_CONTEXT() REPRESENTATION_CONTEXT('2D SPACE',''
  ) );
#9017 = ADVANCED_FACE('',(#9018),#8939,.T.);
#9018 = FACE_BOUND('',#9019,.F.);
#9019 = EDGE_LOOP('',(#9020,#9021,#9044,#9067));
#9020 = ORIENTED_EDGE('',*,*,#8921,.F.);
#9021 = ORIENTED_EDGE('',*,*,#9022,.T.);
#9022 = EDGE_CURVE('',#8922,#9023,#9025,.T.);
#9023 = VERTEX_POINT('',#9024);
#9024 = CARTESIAN_POINT('',(2.03,10.3,3.05));
#9025 = SURFACE_CURVE('',#9026,(#9030,#9037),.PCURVE_S1.);
#9026 = LINE('',#9027,#9028);
#9027 = CARTESIAN_POINT('',(2.03,6.36,3.05));
#9028 = VECTOR('',#9029,1.);
#9029 = DIRECTION('',(0.,1.,0.));
#9030 = PCURVE('',#8939,#9031);
#9031 = DEFINITIONAL_REPRESENTATION('',(#9032),#9036);
#9032 = LINE('',#9033,#9034);
#9033 = CARTESIAN_POINT('',(0.,0.));
#9034 = VECTOR('',#9035,1.);
#9035 = DIRECTION('',(0.,1.));
#9036 = ( GEOMETRIC_REPRESENTATION_CONTEXT(2) 
PARAMETRIC_REPRESENTATION_CONTEXT() REPRESENTATION_CONTEXT('2D SPACE',''
  ) );
#9037 = PCURVE('',#8272,#9038);
#9038 = DEFINITIONAL_REPRESENTATION('',(#9039),#9043);
#9039 = LINE('',#9040,#9041);
#9040 = CARTESIAN_POINT('',(1.02,0.5));
#9041 = VECTOR('',#9042,1.);
#9042 = DIRECTION('',(0.,1.));
#9043 = ( GEOMETRIC_REPRESENTATION_CONTEXT(2) 
PARAMETRIC_REPRESENTATION_CONTEXT() REPRESENTATION_CONTEXT('2D SPACE',''
  ) );
#9044 = ORIENTED_EDGE('',*,*,#9045,.T.);
#9045 = EDGE_CURVE('',#9023,#9046,#9048,.T.);
#9046 = VERTEX_POINT('',#9047);
#9047 = CARTESIAN_POINT('',(3.05,10.3,3.05));
#9048 = SURFACE_CURVE('',#9049,(#9053,#9060),.PCURVE_S1.);
#9049 = LINE('',#9050,#9051);
#9050 = CARTESIAN_POINT('',(2.03,10.3,3.05));
#9051 = VECTOR('',#9052,1.);
#9052 = DIRECTION('',(1.,0.,0.));
#9053 = PCURVE('',#8939,#9054);
#9054 = DEFINITIONAL_REPRESENTATION('',(#9055),#9059);
#9055 = LINE('',#9056,#9057);
#9056 = CARTESIAN_POINT('',(0.,3.94));
#9057 = VECTOR('',#9058,1.);
#9058 = DIRECTION('',(1.,0.));
#9059 = ( GEOMETRIC_REPRESENTATION_CONTEXT(2) 
PARAMETRIC_REPRESENTATION_CONTEXT() REPRESENTATION_CONTEXT('2D SPACE',''
  ) );
#9060 = PCURVE('',#8883,#9061);
#9061 = DEFINITIONAL_REPRESENTATION('',(#9062),#9066);
#9062 = LINE('',#9063,#9064);
#9063 = CARTESIAN_POINT('',(3.05,2.03));
#9064 = VECTOR('',#9065,1.);
#9065 = DIRECTION('',(0.,1.));
#9066 = ( GEOMETRIC_REPRESENTATION_CONTEXT(2) 
PARAMETRIC_REPRESENTATION_CONTEXT() REPRESENTATION_CONTEXT('2D SPACE',''
  ) );
#9067 = ORIENTED_EDGE('',*,*,#9068,.F.);
#9068 = EDGE_CURVE('',#8924,#9046,#9069,.T.);
#9069 = SURFACE_CURVE('',#9070,(#9074,#9081),.PCURVE_S1.);
#9070 = LINE('',#9071,#9072);
#9071 = CARTESIAN_POINT('',(3.05,6.36,3.05));
#9072 = VECTOR('',#9073,1.);
#9073 = DIRECTION('',(0.,1.,0.));
#9074 = PCURVE('',#8939,#9075);
#9075 = DEFINITIONAL_REPRESENTATION('',(#9076),#9080);
#9076 = LINE('',#9077,#9078);
#9077 = CARTESIAN_POINT('',(1.02,0.));
#9078 = VECTOR('',#9079,1.);
#9079 = DIRECTION('',(0.,1.));
#9080 = ( GEOMETRIC_REPRESENTATION_CONTEXT(2) 
PARAMETRIC_REPRESENTATION_CONTEXT() REPRESENTATION_CONTEXT('2D SPACE',''
  ) );
#9081 = PCURVE('',#8855,#9082);
#9082 = DEFINITIONAL_REPRESENTATION('',(#9083),#9087);
#9083 = LINE('',#9084,#9085);
#9084 = CARTESIAN_POINT('',(0.,0.));
#9085 = VECTOR('',#9086,1.);
#9086 = DIRECTION('',(0.,1.));
#9087 = ( GEOMETRIC_REPRESENTATION_CONTEXT(2) 
PARAMETRIC_REPRESENTATION_CONTEXT() REPRESENTATION_CONTEXT('2D SPACE',''
  ) );
#9088 = ADVANCED_FACE('',(#9089),#8272,.T.);
#9089 = FACE_BOUND('',#9090,.F.);
#9090 = EDGE_LOOP('',(#9091,#9092,#9113,#9114,#9115,#9136));
#9091 = ORIENTED_EDGE('',*,*,#8895,.F.);
#9092 = ORIENTED_EDGE('',*,*,#9093,.T.);
#9093 = EDGE_CURVE('',#8868,#9023,#9094,.T.);
#9094 = SURFACE_CURVE('',#9095,(#9099,#9106),.PCURVE_S1.);
#9095 = LINE('',#9096,#9097);
#9096 = CARTESIAN_POINT('',(2.03,10.3,2.03));
#9097 = VECTOR('',#9098,1.);
#9098 = DIRECTION('',(0.,0.,1.));
#9099 = PCURVE('',#8272,#9100);
#9100 = DEFINITIONAL_REPRESENTATION('',(#9101),#9105);
#9101 = LINE('',#9102,#9103);
#9102 = CARTESIAN_POINT('',(0.,4.44));
#9103 = VECTOR('',#9104,1.);
#9104 = DIRECTION('',(1.,0.));
#9105 = ( GEOMETRIC_REPRESENTATION_CONTEXT(2) 
PARAMETRIC_REPRESENTATION_CONTEXT() REPRESENTATION_CONTEXT('2D SPACE',''
  ) );
#9106 = PCURVE('',#8883,#9107);
#9107 = DEFINITIONAL_REPRESENTATION('',(#9108),#9112);
#9108 = LINE('',#9109,#9110);
#9109 = CARTESIAN_POINT('',(2.03,2.03));
#9110 = VECTOR('',#9111,1.);
#9111 = DIRECTION('',(1.,0.));
#9112 = ( GEOMETRIC_REPRESENTATION_CONTEXT(2) 
PARAMETRIC_REPRESENTATION_CONTEXT() REPRESENTATION_CONTEXT('2D SPACE',''
  ) );
#9113 = ORIENTED_EDGE('',*,*,#9022,.F.);
#9114 = ORIENTED_EDGE('',*,*,#8997,.T.);
#9115 = ORIENTED_EDGE('',*,*,#9116,.F.);
#9116 = EDGE_CURVE('',#8257,#8975,#9117,.T.);
#9117 = SURFACE_CURVE('',#9118,(#9122,#9129),.PCURVE_S1.);
#9118 = LINE('',#9119,#9120);
#9119 = CARTESIAN_POINT('',(2.03,5.86,3.5));
#9120 = VECTOR('',#9121,1.);
#9121 = DIRECTION('',(0.,1.,0.));
#9122 = PCURVE('',#8272,#9123);
#9123 = DEFINITIONAL_REPRESENTATION('',(#9124),#9128);
#9124 = LINE('',#9125,#9126);
#9125 = CARTESIAN_POINT('',(1.47,0.));
#9126 = VECTOR('',#9127,1.);
#9127 = DIRECTION('',(0.,1.));
#9128 = ( GEOMETRIC_REPRESENTATION_CONTEXT(2) 
PARAMETRIC_REPRESENTATION_CONTEXT() REPRESENTATION_CONTEXT('2D SPACE',''
  ) );
#9129 = PCURVE('',#7799,#9130);
#9130 = DEFINITIONAL_REPRESENTATION('',(#9131),#9135);
#9131 = LINE('',#9132,#9133);
#9132 = CARTESIAN_POINT('',(5.53,9.36));
#9133 = VECTOR('',#9134,1.);
#9134 = DIRECTION('',(0.,1.));
#9135 = ( GEOMETRIC_REPRESENTATION_CONTEXT(2) 
PARAMETRIC_REPRESENTATION_CONTEXT() REPRESENTATION_CONTEXT('2D SPACE',''
  ) );
#9136 = ORIENTED_EDGE('',*,*,#8256,.T.);
#9137 = ADVANCED_FACE('',(#9138),#8883,.T.);
#9138 = FACE_BOUND('',#9139,.F.);
#9139 = EDGE_LOOP('',(#9140,#9141,#9142,#9163));
#9140 = ORIENTED_EDGE('',*,*,#9093,.F.);
#9141 = ORIENTED_EDGE('',*,*,#8867,.F.);
#9142 = ORIENTED_EDGE('',*,*,#9143,.F.);
#9143 = EDGE_CURVE('',#9046,#8840,#9144,.T.);
#9144 = SURFACE_CURVE('',#9145,(#9149,#9156),.PCURVE_S1.);
#9145 = LINE('',#9146,#9147);
#9146 = CARTESIAN_POINT('',(3.05,10.3,3.05));
#9147 = VECTOR('',#9148,1.);
#9148 = DIRECTION('',(0.,0.,-1.));
#9149 = PCURVE('',#8883,#9150);
#9150 = DEFINITIONAL_REPRESENTATION('',(#9151),#9155);
#9151 = LINE('',#9152,#9153);
#9152 = CARTESIAN_POINT('',(3.05,3.05));
#9153 = VECTOR('',#9154,1.);
#9154 = DIRECTION('',(-1.,0.));
#9155 = ( GEOMETRIC_REPRESENTATION_CONTEXT(2) 
PARAMETRIC_REPRESENTATION_CONTEXT() REPRESENTATION_CONTEXT('2D SPACE',''
  ) );
#9156 = PCURVE('',#8855,#9157);
#9157 = DEFINITIONAL_REPRESENTATION('',(#9158),#9162);
#9158 = LINE('',#9159,#9160);
#9159 = CARTESIAN_POINT('',(0.,3.94));
#9160 = VECTOR('',#9161,1.);
#9161 = DIRECTION('',(1.,0.));
#9162 = ( GEOMETRIC_REPRESENTATION_CONTEXT(2) 
PARAMETRIC_REPRESENTATION_CONTEXT() REPRESENTATION_CONTEXT('2D SPACE',''
  ) );
#9163 = ORIENTED_EDGE('',*,*,#9045,.F.);
#9164 = ADVANCED_FACE('',(#9165),#8855,.T.);
#9165 = FACE_BOUND('',#9166,.F.);
#9166 = EDGE_LOOP('',(#9167,#9168,#9169,#9170));
#9167 = ORIENTED_EDGE('',*,*,#8951,.T.);
#9168 = ORIENTED_EDGE('',*,*,#9068,.T.);
#9169 = ORIENTED_EDGE('',*,*,#9143,.T.);
#9170 = ORIENTED_EDGE('',*,*,#8839,.F.);
#9171 = ADVANCED_FACE('',(#9172),#7799,.T.);
#9172 = FACE_BOUND('',#9173,.F.);
#9173 = EDGE_LOOP('',(#9174,#9197,#9225,#9246,#9247,#9248,#9249,#9250));
#9174 = ORIENTED_EDGE('',*,*,#9175,.F.);
#9175 = EDGE_CURVE('',#9176,#7756,#9178,.T.);
#9176 = VERTEX_POINT('',#9177);
#9177 = CARTESIAN_POINT('',(-3.5,6.36,3.5));
#9178 = SURFACE_CURVE('',#9179,(#9183,#9190),.PCURVE_S1.);
#9179 = LINE('',#9180,#9181);
#9180 = CARTESIAN_POINT('',(-3.5,6.36,3.5));
#9181 = VECTOR('',#9182,1.);
#9182 = DIRECTION('',(0.,-1.,0.));
#9183 = PCURVE('',#7799,#9184);
#9184 = DEFINITIONAL_REPRESENTATION('',(#9185),#9189);
#9185 = LINE('',#9186,#9187);
#9186 = CARTESIAN_POINT('',(0.,9.86));
#9187 = VECTOR('',#9188,1.);
#9188 = DIRECTION('',(0.,-1.));
#9189 = ( GEOMETRIC_REPRESENTATION_CONTEXT(2) 
PARAMETRIC_REPRESENTATION_CONTEXT() REPRESENTATION_CONTEXT('2D SPACE',''
  ) );
#9190 = PCURVE('',#7771,#9191);
#9191 = DEFINITIONAL_REPRESENTATION('',(#9192),#9196);
#9192 = LINE('',#9193,#9194);
#9193 = CARTESIAN_POINT('',(7.,9.86));
#9194 = VECTOR('',#9195,1.);
#9195 = DIRECTION('',(0.,-1.));
#9196 = ( GEOMETRIC_REPRESENTATION_CONTEXT(2) 
PARAMETRIC_REPRESENTATION_CONTEXT() REPRESENTATION_CONTEXT('2D SPACE',''
  ) );
#9197 = ORIENTED_EDGE('',*,*,#9198,.T.);
#9198 = EDGE_CURVE('',#9176,#9199,#9201,.T.);
#9199 = VERTEX_POINT('',#9200);
#9200 = CARTESIAN_POINT('',(-2.03,6.36,3.5));
#9201 = SURFACE_CURVE('',#9202,(#9206,#9213),.PCURVE_S1.);
#9202 = LINE('',#9203,#9204);
#9203 = CARTESIAN_POINT('',(-3.5,6.36,3.5));
#9204 = VECTOR('',#9205,1.);
#9205 = DIRECTION('',(1.,0.,0.));
#9206 = PCURVE('',#7799,#9207);
#9207 = DEFINITIONAL_REPRESENTATION('',(#9208),#9212);
#9208 = LINE('',#9209,#9210);
#9209 = CARTESIAN_POINT('',(0.,9.86));
#9210 = VECTOR('',#9211,1.);
#9211 = DIRECTION('',(1.,0.));
#9212 = ( GEOMETRIC_REPRESENTATION_CONTEXT(2) 
PARAMETRIC_REPRESENTATION_CONTEXT() REPRESENTATION_CONTEXT('2D SPACE',''
  ) );
#9213 = PCURVE('',#9214,#9219);
#9214 = PLANE('',#9215);
#9215 = AXIS2_PLACEMENT_3D('',#9216,#9217,#9218);
#9216 = CARTESIAN_POINT('',(0.,6.36,0.));
#9217 = DIRECTION('',(0.,1.,0.));
#9218 = DIRECTION('',(-1.,0.,0.));
#9219 = DEFINITIONAL_REPRESENTATION('',(#9220),#9224);
#9220 = LINE('',#9221,#9222);
#9221 = CARTESIAN_POINT('',(3.5,3.5));
#9222 = VECTOR('',#9223,1.);
#9223 = DIRECTION('',(-1.,0.));
#9224 = ( GEOMETRIC_REPRESENTATION_CONTEXT(2) 
PARAMETRIC_REPRESENTATION_CONTEXT() REPRESENTATION_CONTEXT('2D SPACE',''
  ) );
#9225 = ORIENTED_EDGE('',*,*,#9226,.F.);
#9226 = EDGE_CURVE('',#8285,#9199,#9227,.T.);
#9227 = SURFACE_CURVE('',#9228,(#9232,#9239),.PCURVE_S1.);
#9228 = LINE('',#9229,#9230);
#9229 = CARTESIAN_POINT('',(-2.03,5.86,3.5));
#9230 = VECTOR('',#9231,1.);
#9231 = DIRECTION('',(0.,1.,0.));
#9232 = PCURVE('',#7799,#9233);
#9233 = DEFINITIONAL_REPRESENTATION('',(#9234),#9238);
#9234 = LINE('',#9235,#9236);
#9235 = CARTESIAN_POINT('',(1.47,9.36));
#9236 = VECTOR('',#9237,1.);
#9237 = DIRECTION('',(0.,1.));
#9238 = ( GEOMETRIC_REPRESENTATION_CONTEXT(2) 
PARAMETRIC_REPRESENTATION_CONTEXT() REPRESENTATION_CONTEXT('2D SPACE',''
  ) );
#9239 = PCURVE('',#8323,#9240);
#9240 = DEFINITIONAL_REPRESENTATION('',(#9241),#9245);
#9241 = LINE('',#9242,#9243);
#9242 = CARTESIAN_POINT('',(0.,0.));
#9243 = VECTOR('',#9244,1.);
#9244 = DIRECTION('',(0.,1.));
#9245 = ( GEOMETRIC_REPRESENTATION_CONTEXT(2) 
PARAMETRIC_REPRESENTATION_CONTEXT() REPRESENTATION_CONTEXT('2D SPACE',''
  ) );
#9246 = ORIENTED_EDGE('',*,*,#8284,.T.);
#9247 = ORIENTED_EDGE('',*,*,#9116,.T.);
#9248 = ORIENTED_EDGE('',*,*,#8974,.T.);
#9249 = ORIENTED_EDGE('',*,*,#8108,.T.);
#9250 = ORIENTED_EDGE('',*,*,#7783,.F.);
#9251 = ADVANCED_FACE('',(#9252),#7771,.T.);
#9252 = FACE_BOUND('',#9253,.F.);
#9253 = EDGE_LOOP('',(#9254,#9255,#9278,#9299,#9300,#9323,#9344,#9345));
#9254 = ORIENTED_EDGE('',*,*,#8007,.F.);
#9255 = ORIENTED_EDGE('',*,*,#9256,.T.);
#9256 = EDGE_CURVE('',#7980,#9257,#9259,.T.);
#9257 = VERTEX_POINT('',#9258);
#9258 = CARTESIAN_POINT('',(-3.5,6.36,-2.03));
#9259 = SURFACE_CURVE('',#9260,(#9264,#9271),.PCURVE_S1.);
#9260 = LINE('',#9261,#9262);
#9261 = CARTESIAN_POINT('',(-3.5,6.36,-3.5));
#9262 = VECTOR('',#9263,1.);
#9263 = DIRECTION('',(0.,0.,1.));
#9264 = PCURVE('',#7771,#9265);
#9265 = DEFINITIONAL_REPRESENTATION('',(#9266),#9270);
#9266 = LINE('',#9267,#9268);
#9267 = CARTESIAN_POINT('',(0.,9.86));
#9268 = VECTOR('',#9269,1.);
#9269 = DIRECTION('',(1.,0.));
#9270 = ( GEOMETRIC_REPRESENTATION_CONTEXT(2) 
PARAMETRIC_REPRESENTATION_CONTEXT() REPRESENTATION_CONTEXT('2D SPACE',''
  ) );
#9271 = PCURVE('',#7995,#9272);
#9272 = DEFINITIONAL_REPRESENTATION('',(#9273),#9277);
#9273 = LINE('',#9274,#9275);
#9274 = CARTESIAN_POINT('',(3.5,3.5));
#9275 = VECTOR('',#9276,1.);
#9276 = DIRECTION('',(-1.,0.));
#9277 = ( GEOMETRIC_REPRESENTATION_CONTEXT(2) 
PARAMETRIC_REPRESENTATION_CONTEXT() REPRESENTATION_CONTEXT('2D SPACE',''
  ) );
#9278 = ORIENTED_EDGE('',*,*,#9279,.F.);
#9279 = EDGE_CURVE('',#8364,#9257,#9280,.T.);
#9280 = SURFACE_CURVE('',#9281,(#9285,#9292),.PCURVE_S1.);
#9281 = LINE('',#9282,#9283);
#9282 = CARTESIAN_POINT('',(-3.5,5.86,-2.03));
#9283 = VECTOR('',#9284,1.);
#9284 = DIRECTION('',(0.,1.,0.));
#9285 = PCURVE('',#7771,#9286);
#9286 = DEFINITIONAL_REPRESENTATION('',(#9287),#9291);
#9287 = LINE('',#9288,#9289);
#9288 = CARTESIAN_POINT('',(1.47,9.36));
#9289 = VECTOR('',#9290,1.);
#9290 = DIRECTION('',(0.,1.));
#9291 = ( GEOMETRIC_REPRESENTATION_CONTEXT(2) 
PARAMETRIC_REPRESENTATION_CONTEXT() REPRESENTATION_CONTEXT('2D SPACE',''
  ) );
#9292 = PCURVE('',#8402,#9293);
#9293 = DEFINITIONAL_REPRESENTATION('',(#9294),#9298);
#9294 = LINE('',#9295,#9296);
#9295 = CARTESIAN_POINT('',(0.,0.));
#9296 = VECTOR('',#9297,1.);
#9297 = DIRECTION('',(0.,1.));
#9298 = ( GEOMETRIC_REPRESENTATION_CONTEXT(2) 
PARAMETRIC_REPRESENTATION_CONTEXT() REPRESENTATION_CONTEXT('2D SPACE',''
  ) );
#9299 = ORIENTED_EDGE('',*,*,#8363,.T.);
#9300 = ORIENTED_EDGE('',*,*,#9301,.T.);
#9301 = EDGE_CURVE('',#8336,#9302,#9304,.T.);
#9302 = VERTEX_POINT('',#9303);
#9303 = CARTESIAN_POINT('',(-3.5,6.36,2.03));
#9304 = SURFACE_CURVE('',#9305,(#9309,#9316),.PCURVE_S1.);
#9305 = LINE('',#9306,#9307);
#9306 = CARTESIAN_POINT('',(-3.5,5.86,2.03));
#9307 = VECTOR('',#9308,1.);
#9308 = DIRECTION('',(0.,1.,0.));
#9309 = PCURVE('',#7771,#9310);
#9310 = DEFINITIONAL_REPRESENTATION('',(#9311),#9315);
#9311 = LINE('',#9312,#9313);
#9312 = CARTESIAN_POINT('',(5.53,9.36));
#9313 = VECTOR('',#9314,1.);
#9314 = DIRECTION('',(0.,1.));
#9315 = ( GEOMETRIC_REPRESENTATION_CONTEXT(2) 
PARAMETRIC_REPRESENTATION_CONTEXT() REPRESENTATION_CONTEXT('2D SPACE',''
  ) );
#9316 = PCURVE('',#8351,#9317);
#9317 = DEFINITIONAL_REPRESENTATION('',(#9318),#9322);
#9318 = LINE('',#9319,#9320);
#9319 = CARTESIAN_POINT('',(1.47,0.));
#9320 = VECTOR('',#9321,1.);
#9321 = DIRECTION('',(0.,1.));
#9322 = ( GEOMETRIC_REPRESENTATION_CONTEXT(2) 
PARAMETRIC_REPRESENTATION_CONTEXT() REPRESENTATION_CONTEXT('2D SPACE',''
  ) );
#9323 = ORIENTED_EDGE('',*,*,#9324,.T.);
#9324 = EDGE_CURVE('',#9302,#9176,#9325,.T.);
#9325 = SURFACE_CURVE('',#9326,(#9330,#9337),.PCURVE_S1.);
#9326 = LINE('',#9327,#9328);
#9327 = CARTESIAN_POINT('',(-3.5,6.36,2.03));
#9328 = VECTOR('',#9329,1.);
#9329 = DIRECTION('',(0.,0.,1.));
#9330 = PCURVE('',#7771,#9331);
#9331 = DEFINITIONAL_REPRESENTATION('',(#9332),#9336);
#9332 = LINE('',#9333,#9334);
#9333 = CARTESIAN_POINT('',(5.53,9.86));
#9334 = VECTOR('',#9335,1.);
#9335 = DIRECTION('',(1.,0.));
#9336 = ( GEOMETRIC_REPRESENTATION_CONTEXT(2) 
PARAMETRIC_REPRESENTATION_CONTEXT() REPRESENTATION_CONTEXT('2D SPACE',''
  ) );
#9337 = PCURVE('',#9214,#9338);
#9338 = DEFINITIONAL_REPRESENTATION('',(#9339),#9343);
#9339 = LINE('',#9340,#9341);
#9340 = CARTESIAN_POINT('',(3.5,2.03));
#9341 = VECTOR('',#9342,1.);
#9342 = DIRECTION('',(0.,1.));
#9343 = ( GEOMETRIC_REPRESENTATION_CONTEXT(2) 
PARAMETRIC_REPRESENTATION_CONTEXT() REPRESENTATION_CONTEXT('2D SPACE',''
  ) );
#9344 = ORIENTED_EDGE('',*,*,#9175,.T.);
#9345 = ORIENTED_EDGE('',*,*,#7755,.F.);
#9346 = ADVANCED_FACE('',(#9347),#7995,.T.);
#9347 = FACE_BOUND('',#9348,.F.);
#9348 = EDGE_LOOP('',(#9349,#9379,#9407,#9428,#9429,#9430));
#9349 = ORIENTED_EDGE('',*,*,#9350,.T.);
#9350 = EDGE_CURVE('',#9351,#9353,#9355,.T.);
#9351 = VERTEX_POINT('',#9352);
#9352 = CARTESIAN_POINT('',(-2.03,6.36,-3.05));
#9353 = VERTEX_POINT('',#9354);
#9354 = CARTESIAN_POINT('',(-3.05,6.36,-3.05));
#9355 = SURFACE_CURVE('',#9356,(#9360,#9367),.PCURVE_S1.);
#9356 = LINE('',#9357,#9358);
#9357 = CARTESIAN_POINT('',(-2.03,6.36,-3.05));
#9358 = VECTOR('',#9359,1.);
#9359 = DIRECTION('',(-1.,0.,0.));
#9360 = PCURVE('',#7995,#9361);
#9361 = DEFINITIONAL_REPRESENTATION('',(#9362),#9366);
#9362 = LINE('',#9363,#9364);
#9363 = CARTESIAN_POINT('',(3.05,2.03));
#9364 = VECTOR('',#9365,1.);
#9365 = DIRECTION('',(0.,1.));
#9366 = ( GEOMETRIC_REPRESENTATION_CONTEXT(2) 
PARAMETRIC_REPRESENTATION_CONTEXT() REPRESENTATION_CONTEXT('2D SPACE',''
  ) );
#9367 = PCURVE('',#9368,#9373);
#9368 = PLANE('',#9369);
#9369 = AXIS2_PLACEMENT_3D('',#9370,#9371,#9372);
#9370 = CARTESIAN_POINT('',(-2.03,6.36,-3.05));
#9371 = DIRECTION('',(0.,0.,-1.));
#9372 = DIRECTION('',(-1.,0.,0.));
#9373 = DEFINITIONAL_REPRESENTATION('',(#9374),#9378);
#9374 = LINE('',#9375,#9376);
#9375 = CARTESIAN_POINT('',(0.,0.));
#9376 = VECTOR('',#9377,1.);
#9377 = DIRECTION('',(1.,0.));
#9378 = ( GEOMETRIC_REPRESENTATION_CONTEXT(2) 
PARAMETRIC_REPRESENTATION_CONTEXT() REPRESENTATION_CONTEXT('2D SPACE',''
  ) );
#9379 = ORIENTED_EDGE('',*,*,#9380,.F.);
#9380 = EDGE_CURVE('',#9381,#9353,#9383,.T.);
#9381 = VERTEX_POINT('',#9382);
#9382 = CARTESIAN_POINT('',(-3.05,6.36,-2.03));
#9383 = SURFACE_CURVE('',#9384,(#9388,#9395),.PCURVE_S1.);
#9384 = LINE('',#9385,#9386);
#9385 = CARTESIAN_POINT('',(-3.05,6.36,-2.03));
#9386 = VECTOR('',#9387,1.);
#9387 = DIRECTION('',(0.,0.,-1.));
#9388 = PCURVE('',#7995,#9389);
#9389 = DEFINITIONAL_REPRESENTATION('',(#9390),#9394);
#9390 = LINE('',#9391,#9392);
#9391 = CARTESIAN_POINT('',(2.03,3.05));
#9392 = VECTOR('',#9393,1.);
#9393 = DIRECTION('',(1.,0.));
#9394 = ( GEOMETRIC_REPRESENTATION_CONTEXT(2) 
PARAMETRIC_REPRESENTATION_CONTEXT() REPRESENTATION_CONTEXT('2D SPACE',''
  ) );
#9395 = PCURVE('',#9396,#9401);
#9396 = PLANE('',#9397);
#9397 = AXIS2_PLACEMENT_3D('',#9398,#9399,#9400);
#9398 = CARTESIAN_POINT('',(-3.05,6.36,-3.05));
#9399 = DIRECTION('',(-1.,0.,0.));
#9400 = DIRECTION('',(0.,0.,1.));
#9401 = DEFINITIONAL_REPRESENTATION('',(#9402),#9406);
#9402 = LINE('',#9403,#9404);
#9403 = CARTESIAN_POINT('',(1.02,0.));
#9404 = VECTOR('',#9405,1.);
#9405 = DIRECTION('',(-1.,0.));
#9406 = ( GEOMETRIC_REPRESENTATION_CONTEXT(2) 
PARAMETRIC_REPRESENTATION_CONTEXT() REPRESENTATION_CONTEXT('2D SPACE',''
  ) );
#9407 = ORIENTED_EDGE('',*,*,#9408,.F.);
#9408 = EDGE_CURVE('',#9257,#9381,#9409,.T.);
#9409 = SURFACE_CURVE('',#9410,(#9414,#9421),.PCURVE_S1.);
#9410 = LINE('',#9411,#9412);
#9411 = CARTESIAN_POINT('',(-3.5,6.36,-2.03));
#9412 = VECTOR('',#9413,1.);
#9413 = DIRECTION('',(1.,0.,0.));
#9414 = PCURVE('',#7995,#9415);
#9415 = DEFINITIONAL_REPRESENTATION('',(#9416),#9420);
#9416 = LINE('',#9417,#9418);
#9417 = CARTESIAN_POINT('',(2.03,3.5));
#9418 = VECTOR('',#9419,1.);
#9419 = DIRECTION('',(0.,-1.));
#9420 = ( GEOMETRIC_REPRESENTATION_CONTEXT(2) 
PARAMETRIC_REPRESENTATION_CONTEXT() REPRESENTATION_CONTEXT('2D SPACE',''
  ) );
#9421 = PCURVE('',#8402,#9422);
#9422 = DEFINITIONAL_REPRESENTATION('',(#9423),#9427);
#9423 = LINE('',#9424,#9425);
#9424 = CARTESIAN_POINT('',(0.,0.5));
#9425 = VECTOR('',#9426,1.);
#9426 = DIRECTION('',(1.,0.));
#9427 = ( GEOMETRIC_REPRESENTATION_CONTEXT(2) 
PARAMETRIC_REPRESENTATION_CONTEXT() REPRESENTATION_CONTEXT('2D SPACE',''
  ) );
#9428 = ORIENTED_EDGE('',*,*,#9256,.F.);
#9429 = ORIENTED_EDGE('',*,*,#7979,.F.);
#9430 = ORIENTED_EDGE('',*,*,#9431,.F.);
#9431 = EDGE_CURVE('',#9351,#7952,#9432,.T.);
#9432 = SURFACE_CURVE('',#9433,(#9437,#9444),.PCURVE_S1.);
#9433 = LINE('',#9434,#9435);
#9434 = CARTESIAN_POINT('',(-2.03,6.36,-3.05));
#9435 = VECTOR('',#9436,1.);
#9436 = DIRECTION('',(0.,0.,-1.));
#9437 = PCURVE('',#7995,#9438);
#9438 = DEFINITIONAL_REPRESENTATION('',(#9439),#9443);
#9439 = LINE('',#9440,#9441);
#9440 = CARTESIAN_POINT('',(3.05,2.03));
#9441 = VECTOR('',#9442,1.);
#9442 = DIRECTION('',(1.,0.));
#9443 = ( GEOMETRIC_REPRESENTATION_CONTEXT(2) 
PARAMETRIC_REPRESENTATION_CONTEXT() REPRESENTATION_CONTEXT('2D SPACE',''
  ) );
#9444 = PCURVE('',#7967,#9445);
#9445 = DEFINITIONAL_REPRESENTATION('',(#9446),#9450);
#9446 = LINE('',#9447,#9448);
#9447 = CARTESIAN_POINT('',(1.02,0.5));
#9448 = VECTOR('',#9449,1.);
#9449 = DIRECTION('',(1.,0.));
#9450 = ( GEOMETRIC_REPRESENTATION_CONTEXT(2) 
PARAMETRIC_REPRESENTATION_CONTEXT() REPRESENTATION_CONTEXT('2D SPACE',''
  ) );
#9451 = ADVANCED_FACE('',(#9452),#9368,.T.);
#9452 = FACE_BOUND('',#9453,.F.);
#9453 = EDGE_LOOP('',(#9454,#9455,#9478,#9506));
#9454 = ORIENTED_EDGE('',*,*,#9350,.F.);
#9455 = ORIENTED_EDGE('',*,*,#9456,.T.);
#9456 = EDGE_CURVE('',#9351,#9457,#9459,.T.);
#9457 = VERTEX_POINT('',#9458);
#9458 = CARTESIAN_POINT('',(-2.03,10.3,-3.05));
#9459 = SURFACE_CURVE('',#9460,(#9464,#9471),.PCURVE_S1.);
#9460 = LINE('',#9461,#9462);
#9461 = CARTESIAN_POINT('',(-2.03,6.36,-3.05));
#9462 = VECTOR('',#9463,1.);
#9463 = DIRECTION('',(0.,1.,0.));
#9464 = PCURVE('',#9368,#9465);
#9465 = DEFINITIONAL_REPRESENTATION('',(#9466),#9470);
#9466 = LINE('',#9467,#9468);
#9467 = CARTESIAN_POINT('',(0.,0.));
#9468 = VECTOR('',#9469,1.);
#9469 = DIRECTION('',(0.,1.));
#9470 = ( GEOMETRIC_REPRESENTATION_CONTEXT(2) 
PARAMETRIC_REPRESENTATION_CONTEXT() REPRESENTATION_CONTEXT('2D SPACE',''
  ) );
#9471 = PCURVE('',#7967,#9472);
#9472 = DEFINITIONAL_REPRESENTATION('',(#9473),#9477);
#9473 = LINE('',#9474,#9475);
#9474 = CARTESIAN_POINT('',(1.02,0.5));
#9475 = VECTOR('',#9476,1.);
#9476 = DIRECTION('',(0.,1.));
#9477 = ( GEOMETRIC_REPRESENTATION_CONTEXT(2) 
PARAMETRIC_REPRESENTATION_CONTEXT() REPRESENTATION_CONTEXT('2D SPACE',''
  ) );
#9478 = ORIENTED_EDGE('',*,*,#9479,.T.);
#9479 = EDGE_CURVE('',#9457,#9480,#9482,.T.);
#9480 = VERTEX_POINT('',#9481);
#9481 = CARTESIAN_POINT('',(-3.05,10.3,-3.05));
#9482 = SURFACE_CURVE('',#9483,(#9487,#9494),.PCURVE_S1.);
#9483 = LINE('',#9484,#9485);
#9484 = CARTESIAN_POINT('',(-2.03,10.3,-3.05));
#9485 = VECTOR('',#9486,1.);
#9486 = DIRECTION('',(-1.,0.,0.));
#9487 = PCURVE('',#9368,#9488);
#9488 = DEFINITIONAL_REPRESENTATION('',(#9489),#9493);
#9489 = LINE('',#9490,#9491);
#9490 = CARTESIAN_POINT('',(0.,3.94));
#9491 = VECTOR('',#9492,1.);
#9492 = DIRECTION('',(1.,0.));
#9493 = ( GEOMETRIC_REPRESENTATION_CONTEXT(2) 
PARAMETRIC_REPRESENTATION_CONTEXT() REPRESENTATION_CONTEXT('2D SPACE',''
  ) );
#9494 = PCURVE('',#9495,#9500);
#9495 = PLANE('',#9496);
#9496 = AXIS2_PLACEMENT_3D('',#9497,#9498,#9499);
#9497 = CARTESIAN_POINT('',(0.,10.3,0.));
#9498 = DIRECTION('',(0.,1.,0.));
#9499 = DIRECTION('',(0.,0.,-1.));
#9500 = DEFINITIONAL_REPRESENTATION('',(#9501),#9505);
#9501 = LINE('',#9502,#9503);
#9502 = CARTESIAN_POINT('',(3.05,2.03));
#9503 = VECTOR('',#9504,1.);
#9504 = DIRECTION('',(0.,1.));
#9505 = ( GEOMETRIC_REPRESENTATION_CONTEXT(2) 
PARAMETRIC_REPRESENTATION_CONTEXT() REPRESENTATION_CONTEXT('2D SPACE',''
  ) );
#9506 = ORIENTED_EDGE('',*,*,#9507,.F.);
#9507 = EDGE_CURVE('',#9353,#9480,#9508,.T.);
#9508 = SURFACE_CURVE('',#9509,(#9513,#9520),.PCURVE_S1.);
#9509 = LINE('',#9510,#9511);
#9510 = CARTESIAN_POINT('',(-3.05,6.36,-3.05));
#9511 = VECTOR('',#9512,1.);
#9512 = DIRECTION('',(0.,1.,0.));
#9513 = PCURVE('',#9368,#9514);
#9514 = DEFINITIONAL_REPRESENTATION('',(#9515),#9519);
#9515 = LINE('',#9516,#9517);
#9516 = CARTESIAN_POINT('',(1.02,0.));
#9517 = VECTOR('',#9518,1.);
#9518 = DIRECTION('',(0.,1.));
#9519 = ( GEOMETRIC_REPRESENTATION_CONTEXT(2) 
PARAMETRIC_REPRESENTATION_CONTEXT() REPRESENTATION_CONTEXT('2D SPACE',''
  ) );
#9520 = PCURVE('',#9396,#9521);
#9521 = DEFINITIONAL_REPRESENTATION('',(#9522),#9526);
#9522 = LINE('',#9523,#9524);
#9523 = CARTESIAN_POINT('',(0.,0.));
#9524 = VECTOR('',#9525,1.);
#9525 = DIRECTION('',(0.,1.));
#9526 = ( GEOMETRIC_REPRESENTATION_CONTEXT(2) 
PARAMETRIC_REPRESENTATION_CONTEXT() REPRESENTATION_CONTEXT('2D SPACE',''
  ) );
#9527 = ADVANCED_FACE('',(#9528),#7967,.T.);
#9528 = FACE_BOUND('',#9529,.F.);
#9529 = EDGE_LOOP('',(#9530,#9553,#9574,#9575,#9576,#9577));
#9530 = ORIENTED_EDGE('',*,*,#9531,.F.);
#9531 = EDGE_CURVE('',#9532,#8387,#9534,.T.);
#9532 = VERTEX_POINT('',#9533);
#9533 = CARTESIAN_POINT('',(-2.03,10.3,-2.03));
#9534 = SURFACE_CURVE('',#9535,(#9539,#9546),.PCURVE_S1.);
#9535 = LINE('',#9536,#9537);
#9536 = CARTESIAN_POINT('',(-2.03,10.3,-2.03));
#9537 = VECTOR('',#9538,1.);
#9538 = DIRECTION('',(0.,-1.,0.));
#9539 = PCURVE('',#7967,#9540);
#9540 = DEFINITIONAL_REPRESENTATION('',(#9541),#9545);
#9541 = LINE('',#9542,#9543);
#9542 = CARTESIAN_POINT('',(0.,4.44));
#9543 = VECTOR('',#9544,1.);
#9544 = DIRECTION('',(0.,-1.));
#9545 = ( GEOMETRIC_REPRESENTATION_CONTEXT(2) 
PARAMETRIC_REPRESENTATION_CONTEXT() REPRESENTATION_CONTEXT('2D SPACE',''
  ) );
#9546 = PCURVE('',#8402,#9547);
#9547 = DEFINITIONAL_REPRESENTATION('',(#9548),#9552);
#9548 = LINE('',#9549,#9550);
#9549 = CARTESIAN_POINT('',(1.47,4.44));
#9550 = VECTOR('',#9551,1.);
#9551 = DIRECTION('',(0.,-1.));
#9552 = ( GEOMETRIC_REPRESENTATION_CONTEXT(2) 
PARAMETRIC_REPRESENTATION_CONTEXT() REPRESENTATION_CONTEXT('2D SPACE',''
  ) );
#9553 = ORIENTED_EDGE('',*,*,#9554,.T.);
#9554 = EDGE_CURVE('',#9532,#9457,#9555,.T.);
#9555 = SURFACE_CURVE('',#9556,(#9560,#9567),.PCURVE_S1.);
#9556 = LINE('',#9557,#9558);
#9557 = CARTESIAN_POINT('',(-2.03,10.3,-2.03));
#9558 = VECTOR('',#9559,1.);
#9559 = DIRECTION('',(0.,0.,-1.));
#9560 = PCURVE('',#7967,#9561);
#9561 = DEFINITIONAL_REPRESENTATION('',(#9562),#9566);
#9562 = LINE('',#9563,#9564);
#9563 = CARTESIAN_POINT('',(0.,4.44));
#9564 = VECTOR('',#9565,1.);
#9565 = DIRECTION('',(1.,0.));
#9566 = ( GEOMETRIC_REPRESENTATION_CONTEXT(2) 
PARAMETRIC_REPRESENTATION_CONTEXT() REPRESENTATION_CONTEXT('2D SPACE',''
  ) );
#9567 = PCURVE('',#9495,#9568);
#9568 = DEFINITIONAL_REPRESENTATION('',(#9569),#9573);
#9569 = LINE('',#9570,#9571);
#9570 = CARTESIAN_POINT('',(2.03,2.03));
#9571 = VECTOR('',#9572,1.);
#9572 = DIRECTION('',(1.,0.));
#9573 = ( GEOMETRIC_REPRESENTATION_CONTEXT(2) 
PARAMETRIC_REPRESENTATION_CONTEXT() REPRESENTATION_CONTEXT('2D SPACE',''
  ) );
#9574 = ORIENTED_EDGE('',*,*,#9456,.F.);
#9575 = ORIENTED_EDGE('',*,*,#9431,.T.);
#9576 = ORIENTED_EDGE('',*,*,#7951,.F.);
#9577 = ORIENTED_EDGE('',*,*,#8414,.T.);
#9578 = ADVANCED_FACE('',(#9579),#8402,.T.);
#9579 = FACE_BOUND('',#9580,.F.);
#9580 = EDGE_LOOP('',(#9581,#9582,#9605,#9626,#9627,#9628));
#9581 = ORIENTED_EDGE('',*,*,#9408,.T.);
#9582 = ORIENTED_EDGE('',*,*,#9583,.T.);
#9583 = EDGE_CURVE('',#9381,#9584,#9586,.T.);
#9584 = VERTEX_POINT('',#9585);
#9585 = CARTESIAN_POINT('',(-3.05,10.3,-2.03));
#9586 = SURFACE_CURVE('',#9587,(#9591,#9598),.PCURVE_S1.);
#9587 = LINE('',#9588,#9589);
#9588 = CARTESIAN_POINT('',(-3.05,6.36,-2.03));
#9589 = VECTOR('',#9590,1.);
#9590 = DIRECTION('',(0.,1.,0.));
#9591 = PCURVE('',#8402,#9592);
#9592 = DEFINITIONAL_REPRESENTATION('',(#9593),#9597);
#9593 = LINE('',#9594,#9595);
#9594 = CARTESIAN_POINT('',(0.45,0.5));
#9595 = VECTOR('',#9596,1.);
#9596 = DIRECTION('',(0.,1.));
#9597 = ( GEOMETRIC_REPRESENTATION_CONTEXT(2) 
PARAMETRIC_REPRESENTATION_CONTEXT() REPRESENTATION_CONTEXT('2D SPACE',''
  ) );
#9598 = PCURVE('',#9396,#9599);
#9599 = DEFINITIONAL_REPRESENTATION('',(#9600),#9604);
#9600 = LINE('',#9601,#9602);
#9601 = CARTESIAN_POINT('',(1.02,0.));
#9602 = VECTOR('',#9603,1.);
#9603 = DIRECTION('',(0.,1.));
#9604 = ( GEOMETRIC_REPRESENTATION_CONTEXT(2) 
PARAMETRIC_REPRESENTATION_CONTEXT() REPRESENTATION_CONTEXT('2D SPACE',''
  ) );
#9605 = ORIENTED_EDGE('',*,*,#9606,.T.);
#9606 = EDGE_CURVE('',#9584,#9532,#9607,.T.);
#9607 = SURFACE_CURVE('',#9608,(#9612,#9619),.PCURVE_S1.);
#9608 = LINE('',#9609,#9610);
#9609 = CARTESIAN_POINT('',(-3.05,10.3,-2.03));
#9610 = VECTOR('',#9611,1.);
#9611 = DIRECTION('',(1.,0.,0.));
#9612 = PCURVE('',#8402,#9613);
#9613 = DEFINITIONAL_REPRESENTATION('',(#9614),#9618);
#9614 = LINE('',#9615,#9616);
#9615 = CARTESIAN_POINT('',(0.45,4.44));
#9616 = VECTOR('',#9617,1.);
#9617 = DIRECTION('',(1.,0.));
#9618 = ( GEOMETRIC_REPRESENTATION_CONTEXT(2) 
PARAMETRIC_REPRESENTATION_CONTEXT() REPRESENTATION_CONTEXT('2D SPACE',''
  ) );
#9619 = PCURVE('',#9495,#9620);
#9620 = DEFINITIONAL_REPRESENTATION('',(#9621),#9625);
#9621 = LINE('',#9622,#9623);
#9622 = CARTESIAN_POINT('',(2.03,3.05));
#9623 = VECTOR('',#9624,1.);
#9624 = DIRECTION('',(0.,-1.));
#9625 = ( GEOMETRIC_REPRESENTATION_CONTEXT(2) 
PARAMETRIC_REPRESENTATION_CONTEXT() REPRESENTATION_CONTEXT('2D SPACE',''
  ) );
#9626 = ORIENTED_EDGE('',*,*,#9531,.T.);
#9627 = ORIENTED_EDGE('',*,*,#8386,.F.);
#9628 = ORIENTED_EDGE('',*,*,#9279,.T.);
#9629 = ADVANCED_FACE('',(#9630),#9396,.T.);
#9630 = FACE_BOUND('',#9631,.F.);
#9631 = EDGE_LOOP('',(#9632,#9633,#9634,#9655));
#9632 = ORIENTED_EDGE('',*,*,#9380,.T.);
#9633 = ORIENTED_EDGE('',*,*,#9507,.T.);
#9634 = ORIENTED_EDGE('',*,*,#9635,.T.);
#9635 = EDGE_CURVE('',#9480,#9584,#9636,.T.);
#9636 = SURFACE_CURVE('',#9637,(#9641,#9648),.PCURVE_S1.);
#9637 = LINE('',#9638,#9639);
#9638 = CARTESIAN_POINT('',(-3.05,10.3,-3.05));
#9639 = VECTOR('',#9640,1.);
#9640 = DIRECTION('',(0.,0.,1.));
#9641 = PCURVE('',#9396,#9642);
#9642 = DEFINITIONAL_REPRESENTATION('',(#9643),#9647);
#9643 = LINE('',#9644,#9645);
#9644 = CARTESIAN_POINT('',(0.,3.94));
#9645 = VECTOR('',#9646,1.);
#9646 = DIRECTION('',(1.,0.));
#9647 = ( GEOMETRIC_REPRESENTATION_CONTEXT(2) 
PARAMETRIC_REPRESENTATION_CONTEXT() REPRESENTATION_CONTEXT('2D SPACE',''
  ) );
#9648 = PCURVE('',#9495,#9649);
#9649 = DEFINITIONAL_REPRESENTATION('',(#9650),#9654);
#9650 = LINE('',#9651,#9652);
#9651 = CARTESIAN_POINT('',(3.05,3.05));
#9652 = VECTOR('',#9653,1.);
#9653 = DIRECTION('',(-1.,0.));
#9654 = ( GEOMETRIC_REPRESENTATION_CONTEXT(2) 
PARAMETRIC_REPRESENTATION_CONTEXT() REPRESENTATION_CONTEXT('2D SPACE',''
  ) );
#9655 = ORIENTED_EDGE('',*,*,#9583,.F.);
#9656 = ADVANCED_FACE('',(#9657),#9495,.T.);
#9657 = FACE_BOUND('',#9658,.F.);
#9658 = EDGE_LOOP('',(#9659,#9660,#9661,#9662));
#9659 = ORIENTED_EDGE('',*,*,#9554,.F.);
#9660 = ORIENTED_EDGE('',*,*,#9606,.F.);
#9661 = ORIENTED_EDGE('',*,*,#9635,.F.);
#9662 = ORIENTED_EDGE('',*,*,#9479,.F.);
#9663 = ADVANCED_FACE('',(#9664),#8351,.T.);
#9664 = FACE_BOUND('',#9665,.F.);
#9665 = EDGE_LOOP('',(#9666,#9689,#9717,#9745,#9766,#9767));
#9666 = ORIENTED_EDGE('',*,*,#9667,.F.);
#9667 = EDGE_CURVE('',#9668,#8308,#9670,.T.);
#9668 = VERTEX_POINT('',#9669);
#9669 = CARTESIAN_POINT('',(-2.03,10.3,2.03));
#9670 = SURFACE_CURVE('',#9671,(#9675,#9682),.PCURVE_S1.);
#9671 = LINE('',#9672,#9673);
#9672 = CARTESIAN_POINT('',(-2.03,10.3,2.03));
#9673 = VECTOR('',#9674,1.);
#9674 = DIRECTION('',(0.,-1.,0.));
#9675 = PCURVE('',#8351,#9676);
#9676 = DEFINITIONAL_REPRESENTATION('',(#9677),#9681);
#9677 = LINE('',#9678,#9679);
#9678 = CARTESIAN_POINT('',(0.,4.44));
#9679 = VECTOR('',#9680,1.);
#9680 = DIRECTION('',(0.,-1.));
#9681 = ( GEOMETRIC_REPRESENTATION_CONTEXT(2) 
PARAMETRIC_REPRESENTATION_CONTEXT() REPRESENTATION_CONTEXT('2D SPACE',''
  ) );
#9682 = PCURVE('',#8323,#9683);
#9683 = DEFINITIONAL_REPRESENTATION('',(#9684),#9688);
#9684 = LINE('',#9685,#9686);
#9685 = CARTESIAN_POINT('',(1.47,4.44));
#9686 = VECTOR('',#9687,1.);
#9687 = DIRECTION('',(0.,-1.));
#9688 = ( GEOMETRIC_REPRESENTATION_CONTEXT(2) 
PARAMETRIC_REPRESENTATION_CONTEXT() REPRESENTATION_CONTEXT('2D SPACE',''
  ) );
#9689 = ORIENTED_EDGE('',*,*,#9690,.T.);
#9690 = EDGE_CURVE('',#9668,#9691,#9693,.T.);
#9691 = VERTEX_POINT('',#9692);
#9692 = CARTESIAN_POINT('',(-3.05,10.3,2.03));
#9693 = SURFACE_CURVE('',#9694,(#9698,#9705),.PCURVE_S1.);
#9694 = LINE('',#9695,#9696);
#9695 = CARTESIAN_POINT('',(-2.03,10.3,2.03));
#9696 = VECTOR('',#9697,1.);
#9697 = DIRECTION('',(-1.,0.,0.));
#9698 = PCURVE('',#8351,#9699);
#9699 = DEFINITIONAL_REPRESENTATION('',(#9700),#9704);
#9700 = LINE('',#9701,#9702);
#9701 = CARTESIAN_POINT('',(0.,4.44));
#9702 = VECTOR('',#9703,1.);
#9703 = DIRECTION('',(1.,0.));
#9704 = ( GEOMETRIC_REPRESENTATION_CONTEXT(2) 
PARAMETRIC_REPRESENTATION_CONTEXT() REPRESENTATION_CONTEXT('2D SPACE',''
  ) );
#9705 = PCURVE('',#9706,#9711);
#9706 = PLANE('',#9707);
#9707 = AXIS2_PLACEMENT_3D('',#9708,#9709,#9710);
#9708 = CARTESIAN_POINT('',(0.,10.3,0.));
#9709 = DIRECTION('',(0.,1.,0.));
#9710 = DIRECTION('',(-1.,0.,0.));
#9711 = DEFINITIONAL_REPRESENTATION('',(#9712),#9716);
#9712 = LINE('',#9713,#9714);
#9713 = CARTESIAN_POINT('',(2.03,2.03));
#9714 = VECTOR('',#9715,1.);
#9715 = DIRECTION('',(1.,0.));
#9716 = ( GEOMETRIC_REPRESENTATION_CONTEXT(2) 
PARAMETRIC_REPRESENTATION_CONTEXT() REPRESENTATION_CONTEXT('2D SPACE',''
  ) );
#9717 = ORIENTED_EDGE('',*,*,#9718,.F.);
#9718 = EDGE_CURVE('',#9719,#9691,#9721,.T.);
#9719 = VERTEX_POINT('',#9720);
#9720 = CARTESIAN_POINT('',(-3.05,6.36,2.03));
#9721 = SURFACE_CURVE('',#9722,(#9726,#9733),.PCURVE_S1.);
#9722 = LINE('',#9723,#9724);
#9723 = CARTESIAN_POINT('',(-3.05,6.36,2.03));
#9724 = VECTOR('',#9725,1.);
#9725 = DIRECTION('',(0.,1.,0.));
#9726 = PCURVE('',#8351,#9727);
#9727 = DEFINITIONAL_REPRESENTATION('',(#9728),#9732);
#9728 = LINE('',#9729,#9730);
#9729 = CARTESIAN_POINT('',(1.02,0.5));
#9730 = VECTOR('',#9731,1.);
#9731 = DIRECTION('',(0.,1.));
#9732 = ( GEOMETRIC_REPRESENTATION_CONTEXT(2) 
PARAMETRIC_REPRESENTATION_CONTEXT() REPRESENTATION_CONTEXT('2D SPACE',''
  ) );
#9733 = PCURVE('',#9734,#9739);
#9734 = PLANE('',#9735);
#9735 = AXIS2_PLACEMENT_3D('',#9736,#9737,#9738);
#9736 = CARTESIAN_POINT('',(-3.05,6.36,2.03));
#9737 = DIRECTION('',(-1.,0.,0.));
#9738 = DIRECTION('',(0.,0.,1.));
#9739 = DEFINITIONAL_REPRESENTATION('',(#9740),#9744);
#9740 = LINE('',#9741,#9742);
#9741 = CARTESIAN_POINT('',(0.,0.));
#9742 = VECTOR('',#9743,1.);
#9743 = DIRECTION('',(0.,1.));
#9744 = ( GEOMETRIC_REPRESENTATION_CONTEXT(2) 
PARAMETRIC_REPRESENTATION_CONTEXT() REPRESENTATION_CONTEXT('2D SPACE',''
  ) );
#9745 = ORIENTED_EDGE('',*,*,#9746,.T.);
#9746 = EDGE_CURVE('',#9719,#9302,#9747,.T.);
#9747 = SURFACE_CURVE('',#9748,(#9752,#9759),.PCURVE_S1.);
#9748 = LINE('',#9749,#9750);
#9749 = CARTESIAN_POINT('',(-3.05,6.36,2.03));
#9750 = VECTOR('',#9751,1.);
#9751 = DIRECTION('',(-1.,0.,0.));
#9752 = PCURVE('',#8351,#9753);
#9753 = DEFINITIONAL_REPRESENTATION('',(#9754),#9758);
#9754 = LINE('',#9755,#9756);
#9755 = CARTESIAN_POINT('',(1.02,0.5));
#9756 = VECTOR('',#9757,1.);
#9757 = DIRECTION('',(1.,0.));
#9758 = ( GEOMETRIC_REPRESENTATION_CONTEXT(2) 
PARAMETRIC_REPRESENTATION_CONTEXT() REPRESENTATION_CONTEXT('2D SPACE',''
  ) );
#9759 = PCURVE('',#9214,#9760);
#9760 = DEFINITIONAL_REPRESENTATION('',(#9761),#9765);
#9761 = LINE('',#9762,#9763);
#9762 = CARTESIAN_POINT('',(3.05,2.03));
#9763 = VECTOR('',#9764,1.);
#9764 = DIRECTION('',(1.,0.));
#9765 = ( GEOMETRIC_REPRESENTATION_CONTEXT(2) 
PARAMETRIC_REPRESENTATION_CONTEXT() REPRESENTATION_CONTEXT('2D SPACE',''
  ) );
#9766 = ORIENTED_EDGE('',*,*,#9301,.F.);
#9767 = ORIENTED_EDGE('',*,*,#8335,.T.);
#9768 = ADVANCED_FACE('',(#9769),#8323,.T.);
#9769 = FACE_BOUND('',#9770,.F.);
#9770 = EDGE_LOOP('',(#9771,#9794,#9822,#9843,#9844,#9845));
#9771 = ORIENTED_EDGE('',*,*,#9772,.T.);
#9772 = EDGE_CURVE('',#9199,#9773,#9775,.T.);
#9773 = VERTEX_POINT('',#9774);
#9774 = CARTESIAN_POINT('',(-2.03,6.36,3.05));
#9775 = SURFACE_CURVE('',#9776,(#9780,#9787),.PCURVE_S1.);
#9776 = LINE('',#9777,#9778);
#9777 = CARTESIAN_POINT('',(-2.03,6.36,3.5));
#9778 = VECTOR('',#9779,1.);
#9779 = DIRECTION('',(0.,0.,-1.));
#9780 = PCURVE('',#8323,#9781);
#9781 = DEFINITIONAL_REPRESENTATION('',(#9782),#9786);
#9782 = LINE('',#9783,#9784);
#9783 = CARTESIAN_POINT('',(0.,0.5));
#9784 = VECTOR('',#9785,1.);
#9785 = DIRECTION('',(1.,0.));
#9786 = ( GEOMETRIC_REPRESENTATION_CONTEXT(2) 
PARAMETRIC_REPRESENTATION_CONTEXT() REPRESENTATION_CONTEXT('2D SPACE',''
  ) );
#9787 = PCURVE('',#9214,#9788);
#9788 = DEFINITIONAL_REPRESENTATION('',(#9789),#9793);
#9789 = LINE('',#9790,#9791);
#9790 = CARTESIAN_POINT('',(2.03,3.5));
#9791 = VECTOR('',#9792,1.);
#9792 = DIRECTION('',(0.,-1.));
#9793 = ( GEOMETRIC_REPRESENTATION_CONTEXT(2) 
PARAMETRIC_REPRESENTATION_CONTEXT() REPRESENTATION_CONTEXT('2D SPACE',''
  ) );
#9794 = ORIENTED_EDGE('',*,*,#9795,.T.);
#9795 = EDGE_CURVE('',#9773,#9796,#9798,.T.);
#9796 = VERTEX_POINT('',#9797);
#9797 = CARTESIAN_POINT('',(-2.03,10.3,3.05));
#9798 = SURFACE_CURVE('',#9799,(#9803,#9810),.PCURVE_S1.);
#9799 = LINE('',#9800,#9801);
#9800 = CARTESIAN_POINT('',(-2.03,6.36,3.05));
#9801 = VECTOR('',#9802,1.);
#9802 = DIRECTION('',(0.,1.,0.));
#9803 = PCURVE('',#8323,#9804);
#9804 = DEFINITIONAL_REPRESENTATION('',(#9805),#9809);
#9805 = LINE('',#9806,#9807);
#9806 = CARTESIAN_POINT('',(0.45,0.5));
#9807 = VECTOR('',#9808,1.);
#9808 = DIRECTION('',(0.,1.));
#9809 = ( GEOMETRIC_REPRESENTATION_CONTEXT(2) 
PARAMETRIC_REPRESENTATION_CONTEXT() REPRESENTATION_CONTEXT('2D SPACE',''
  ) );
#9810 = PCURVE('',#9811,#9816);
#9811 = PLANE('',#9812);
#9812 = AXIS2_PLACEMENT_3D('',#9813,#9814,#9815);
#9813 = CARTESIAN_POINT('',(-3.05,6.36,3.05));
#9814 = DIRECTION('',(0.,0.,1.));
#9815 = DIRECTION('',(1.,0.,-0.));
#9816 = DEFINITIONAL_REPRESENTATION('',(#9817),#9821);
#9817 = LINE('',#9818,#9819);
#9818 = CARTESIAN_POINT('',(1.02,0.));
#9819 = VECTOR('',#9820,1.);
#9820 = DIRECTION('',(0.,1.));
#9821 = ( GEOMETRIC_REPRESENTATION_CONTEXT(2) 
PARAMETRIC_REPRESENTATION_CONTEXT() REPRESENTATION_CONTEXT('2D SPACE',''
  ) );
#9822 = ORIENTED_EDGE('',*,*,#9823,.T.);
#9823 = EDGE_CURVE('',#9796,#9668,#9824,.T.);
#9824 = SURFACE_CURVE('',#9825,(#9829,#9836),.PCURVE_S1.);
#9825 = LINE('',#9826,#9827);
#9826 = CARTESIAN_POINT('',(-2.03,10.3,3.05));
#9827 = VECTOR('',#9828,1.);
#9828 = DIRECTION('',(0.,0.,-1.));
#9829 = PCURVE('',#8323,#9830);
#9830 = DEFINITIONAL_REPRESENTATION('',(#9831),#9835);
#9831 = LINE('',#9832,#9833);
#9832 = CARTESIAN_POINT('',(0.45,4.44));
#9833 = VECTOR('',#9834,1.);
#9834 = DIRECTION('',(1.,0.));
#9835 = ( GEOMETRIC_REPRESENTATION_CONTEXT(2) 
PARAMETRIC_REPRESENTATION_CONTEXT() REPRESENTATION_CONTEXT('2D SPACE',''
  ) );
#9836 = PCURVE('',#9706,#9837);
#9837 = DEFINITIONAL_REPRESENTATION('',(#9838),#9842);
#9838 = LINE('',#9839,#9840);
#9839 = CARTESIAN_POINT('',(2.03,3.05));
#9840 = VECTOR('',#9841,1.);
#9841 = DIRECTION('',(0.,-1.));
#9842 = ( GEOMETRIC_REPRESENTATION_CONTEXT(2) 
PARAMETRIC_REPRESENTATION_CONTEXT() REPRESENTATION_CONTEXT('2D SPACE',''
  ) );
#9843 = ORIENTED_EDGE('',*,*,#9667,.T.);
#9844 = ORIENTED_EDGE('',*,*,#8307,.F.);
#9845 = ORIENTED_EDGE('',*,*,#9226,.T.);
#9846 = ADVANCED_FACE('',(#9847),#9214,.T.);
#9847 = FACE_BOUND('',#9848,.F.);
#9848 = EDGE_LOOP('',(#9849,#9872,#9893,#9894,#9895,#9896));
#9849 = ORIENTED_EDGE('',*,*,#9850,.T.);
#9850 = EDGE_CURVE('',#9719,#9851,#9853,.T.);
#9851 = VERTEX_POINT('',#9852);
#9852 = CARTESIAN_POINT('',(-3.05,6.36,3.05));
#9853 = SURFACE_CURVE('',#9854,(#9858,#9865),.PCURVE_S1.);
#9854 = LINE('',#9855,#9856);
#9855 = CARTESIAN_POINT('',(-3.05,6.36,2.03));
#9856 = VECTOR('',#9857,1.);
#9857 = DIRECTION('',(0.,0.,1.));
#9858 = PCURVE('',#9214,#9859);
#9859 = DEFINITIONAL_REPRESENTATION('',(#9860),#9864);
#9860 = LINE('',#9861,#9862);
#9861 = CARTESIAN_POINT('',(3.05,2.03));
#9862 = VECTOR('',#9863,1.);
#9863 = DIRECTION('',(0.,1.));
#9864 = ( GEOMETRIC_REPRESENTATION_CONTEXT(2) 
PARAMETRIC_REPRESENTATION_CONTEXT() REPRESENTATION_CONTEXT('2D SPACE',''
  ) );
#9865 = PCURVE('',#9734,#9866);
#9866 = DEFINITIONAL_REPRESENTATION('',(#9867),#9871);
#9867 = LINE('',#9868,#9869);
#9868 = CARTESIAN_POINT('',(0.,0.));
#9869 = VECTOR('',#9870,1.);
#9870 = DIRECTION('',(1.,0.));
#9871 = ( GEOMETRIC_REPRESENTATION_CONTEXT(2) 
PARAMETRIC_REPRESENTATION_CONTEXT() REPRESENTATION_CONTEXT('2D SPACE',''
  ) );
#9872 = ORIENTED_EDGE('',*,*,#9873,.F.);
#9873 = EDGE_CURVE('',#9773,#9851,#9874,.T.);
#9874 = SURFACE_CURVE('',#9875,(#9879,#9886),.PCURVE_S1.);
#9875 = LINE('',#9876,#9877);
#9876 = CARTESIAN_POINT('',(-2.03,6.36,3.05));
#9877 = VECTOR('',#9878,1.);
#9878 = DIRECTION('',(-1.,0.,0.));
#9879 = PCURVE('',#9214,#9880);
#9880 = DEFINITIONAL_REPRESENTATION('',(#9881),#9885);
#9881 = LINE('',#9882,#9883);
#9882 = CARTESIAN_POINT('',(2.03,3.05));
#9883 = VECTOR('',#9884,1.);
#9884 = DIRECTION('',(1.,0.));
#9885 = ( GEOMETRIC_REPRESENTATION_CONTEXT(2) 
PARAMETRIC_REPRESENTATION_CONTEXT() REPRESENTATION_CONTEXT('2D SPACE',''
  ) );
#9886 = PCURVE('',#9811,#9887);
#9887 = DEFINITIONAL_REPRESENTATION('',(#9888),#9892);
#9888 = LINE('',#9889,#9890);
#9889 = CARTESIAN_POINT('',(1.02,0.));
#9890 = VECTOR('',#9891,1.);
#9891 = DIRECTION('',(-1.,0.));
#9892 = ( GEOMETRIC_REPRESENTATION_CONTEXT(2) 
PARAMETRIC_REPRESENTATION_CONTEXT() REPRESENTATION_CONTEXT('2D SPACE',''
  ) );
#9893 = ORIENTED_EDGE('',*,*,#9772,.F.);
#9894 = ORIENTED_EDGE('',*,*,#9198,.F.);
#9895 = ORIENTED_EDGE('',*,*,#9324,.F.);
#9896 = ORIENTED_EDGE('',*,*,#9746,.F.);
#9897 = ADVANCED_FACE('',(#9898),#9734,.T.);
#9898 = FACE_BOUND('',#9899,.F.);
#9899 = EDGE_LOOP('',(#9900,#9901,#9902,#9925));
#9900 = ORIENTED_EDGE('',*,*,#9850,.F.);
#9901 = ORIENTED_EDGE('',*,*,#9718,.T.);
#9902 = ORIENTED_EDGE('',*,*,#9903,.T.);
#9903 = EDGE_CURVE('',#9691,#9904,#9906,.T.);
#9904 = VERTEX_POINT('',#9905);
#9905 = CARTESIAN_POINT('',(-3.05,10.3,3.05));
#9906 = SURFACE_CURVE('',#9907,(#9911,#9918),.PCURVE_S1.);
#9907 = LINE('',#9908,#9909);
#9908 = CARTESIAN_POINT('',(-3.05,10.3,2.03));
#9909 = VECTOR('',#9910,1.);
#9910 = DIRECTION('',(0.,0.,1.));
#9911 = PCURVE('',#9734,#9912);
#9912 = DEFINITIONAL_REPRESENTATION('',(#9913),#9917);
#9913 = LINE('',#9914,#9915);
#9914 = CARTESIAN_POINT('',(0.,3.94));
#9915 = VECTOR('',#9916,1.);
#9916 = DIRECTION('',(1.,0.));
#9917 = ( GEOMETRIC_REPRESENTATION_CONTEXT(2) 
PARAMETRIC_REPRESENTATION_CONTEXT() REPRESENTATION_CONTEXT('2D SPACE',''
  ) );
#9918 = PCURVE('',#9706,#9919);
#9919 = DEFINITIONAL_REPRESENTATION('',(#9920),#9924);
#9920 = LINE('',#9921,#9922);
#9921 = CARTESIAN_POINT('',(3.05,2.03));
#9922 = VECTOR('',#9923,1.);
#9923 = DIRECTION('',(0.,1.));
#9924 = ( GEOMETRIC_REPRESENTATION_CONTEXT(2) 
PARAMETRIC_REPRESENTATION_CONTEXT() REPRESENTATION_CONTEXT('2D SPACE',''
  ) );
#9925 = ORIENTED_EDGE('',*,*,#9926,.F.);
#9926 = EDGE_CURVE('',#9851,#9904,#9927,.T.);
#9927 = SURFACE_CURVE('',#9928,(#9932,#9939),.PCURVE_S1.);
#9928 = LINE('',#9929,#9930);
#9929 = CARTESIAN_POINT('',(-3.05,6.36,3.05));
#9930 = VECTOR('',#9931,1.);
#9931 = DIRECTION('',(0.,1.,0.));
#9932 = PCURVE('',#9734,#9933);
#9933 = DEFINITIONAL_REPRESENTATION('',(#9934),#9938);
#9934 = LINE('',#9935,#9936);
#9935 = CARTESIAN_POINT('',(1.02,0.));
#9936 = VECTOR('',#9937,1.);
#9937 = DIRECTION('',(0.,1.));
#9938 = ( GEOMETRIC_REPRESENTATION_CONTEXT(2) 
PARAMETRIC_REPRESENTATION_CONTEXT() REPRESENTATION_CONTEXT('2D SPACE',''
  ) );
#9939 = PCURVE('',#9811,#9940);
#9940 = DEFINITIONAL_REPRESENTATION('',(#9941),#9945);
#9941 = LINE('',#9942,#9943);
#9942 = CARTESIAN_POINT('',(0.,0.));
#9943 = VECTOR('',#9944,1.);
#9944 = DIRECTION('',(0.,1.));
#9945 = ( GEOMETRIC_REPRESENTATION_CONTEXT(2) 
PARAMETRIC_REPRESENTATION_CONTEXT() REPRESENTATION_CONTEXT('2D SPACE',''
  ) );
#9946 = ADVANCED_FACE('',(#9947),#9706,.T.);
#9947 = FACE_BOUND('',#9948,.F.);
#9948 = EDGE_LOOP('',(#9949,#9950,#9951,#9972));
#9949 = ORIENTED_EDGE('',*,*,#9690,.F.);
#9950 = ORIENTED_EDGE('',*,*,#9823,.F.);
#9951 = ORIENTED_EDGE('',*,*,#9952,.F.);
#9952 = EDGE_CURVE('',#9904,#9796,#9953,.T.);
#9953 = SURFACE_CURVE('',#9954,(#9958,#9965),.PCURVE_S1.);
#9954 = LINE('',#9955,#9956);
#9955 = CARTESIAN_POINT('',(-3.05,10.3,3.05));
#9956 = VECTOR('',#9957,1.);
#9957 = DIRECTION('',(1.,0.,0.));
#9958 = PCURVE('',#9706,#9959);
#9959 = DEFINITIONAL_REPRESENTATION('',(#9960),#9964);
#9960 = LINE('',#9961,#9962);
#9961 = CARTESIAN_POINT('',(3.05,3.05));
#9962 = VECTOR('',#9963,1.);
#9963 = DIRECTION('',(-1.,0.));
#9964 = ( GEOMETRIC_REPRESENTATION_CONTEXT(2) 
PARAMETRIC_REPRESENTATION_CONTEXT() REPRESENTATION_CONTEXT('2D SPACE',''
  ) );
#9965 = PCURVE('',#9811,#9966);
#9966 = DEFINITIONAL_REPRESENTATION('',(#9967),#9971);
#9967 = LINE('',#9968,#9969);
#9968 = CARTESIAN_POINT('',(0.,3.94));
#9969 = VECTOR('',#9970,1.);
#9970 = DIRECTION('',(1.,0.));
#9971 = ( GEOMETRIC_REPRESENTATION_CONTEXT(2) 
PARAMETRIC_REPRESENTATION_CONTEXT() REPRESENTATION_CONTEXT('2D SPACE',''
  ) );
#9972 = ORIENTED_EDGE('',*,*,#9903,.F.);
#9973 = ADVANCED_FACE('',(#9974),#9811,.T.);
#9974 = FACE_BOUND('',#9975,.F.);
#9975 = EDGE_LOOP('',(#9976,#9977,#9978,#9979));
#9976 = ORIENTED_EDGE('',*,*,#9873,.T.);
#9977 = ORIENTED_EDGE('',*,*,#9926,.T.);
#9978 = ORIENTED_EDGE('',*,*,#9952,.T.);
#9979 = ORIENTED_EDGE('',*,*,#9795,.F.);
#9980 = ADVANCED_FACE('',(#9981),#8457,.T.);
#9981 = FACE_BOUND('',#9982,.T.);
#9982 = EDGE_LOOP('',(#9983,#10006,#10035,#10100));
#9983 = ORIENTED_EDGE('',*,*,#9984,.T.);
#9984 = EDGE_CURVE('',#8441,#9985,#9987,.T.);
#9985 = VERTEX_POINT('',#9986);
#9986 = CARTESIAN_POINT('',(-0.635,9.899986838872,0.));
#9987 = SURFACE_CURVE('',#9988,(#9992,#9999),.PCURVE_S1.);
#9988 = LINE('',#9989,#9990);
#9989 = CARTESIAN_POINT('',(-0.635,5.86,0.));
#9990 = VECTOR('',#9991,1.);
#9991 = DIRECTION('',(8.14501702471E-07,1.,-1.835120268612E-10));
#9992 = PCURVE('',#8457,#9993);
#9993 = DEFINITIONAL_REPRESENTATION('',(#9994),#9998);
#9994 = LINE('',#9995,#9996);
#9995 = CARTESIAN_POINT('',(3.14159265359,4.37));
#9996 = VECTOR('',#9997,1.);
#9997 = DIRECTION('',(-2.889968313917E-10,1.));
#9998 = ( GEOMETRIC_REPRESENTATION_CONTEXT(2) 
PARAMETRIC_REPRESENTATION_CONTEXT() REPRESENTATION_CONTEXT('2D SPACE',''
  ) );
#9999 = PCURVE('',#8484,#10000);
#10000 = DEFINITIONAL_REPRESENTATION('',(#10001),#10005);
#10001 = LINE('',#10002,#10003);
#10002 = CARTESIAN_POINT('',(3.14159265359,4.37));
#10003 = VECTOR('',#10004,1.);
#10004 = DIRECTION('',(-2.889968313917E-10,1.));
#10005 = ( GEOMETRIC_REPRESENTATION_CONTEXT(2) 
PARAMETRIC_REPRESENTATION_CONTEXT() REPRESENTATION_CONTEXT('2D SPACE',''
  ) );
#10006 = ORIENTED_EDGE('',*,*,#10007,.F.);
#10007 = EDGE_CURVE('',#10008,#9985,#10010,.T.);
#10008 = VERTEX_POINT('',#10009);
#10009 = CARTESIAN_POINT('',(0.635,9.899986838872,0.));
#10010 = SURFACE_CURVE('',#10011,(#10016,#10023),.PCURVE_S1.);
#10011 = CIRCLE('',#10012,0.635);
#10012 = AXIS2_PLACEMENT_3D('',#10013,#10014,#10015);
#10013 = CARTESIAN_POINT('',(0.,9.899986838872,0.));
#10014 = DIRECTION('',(-0.,1.,0.));
#10015 = DIRECTION('',(1.,0.,0.));
#10016 = PCURVE('',#8457,#10017);
#10017 = DEFINITIONAL_REPRESENTATION('',(#10018),#10022);
#10018 = LINE('',#10019,#10020);
#10019 = CARTESIAN_POINT('',(0.,8.409986838872));
#10020 = VECTOR('',#10021,1.);
#10021 = DIRECTION('',(1.,0.));
#10022 = ( GEOMETRIC_REPRESENTATION_CONTEXT(2) 
PARAMETRIC_REPRESENTATION_CONTEXT() REPRESENTATION_CONTEXT('2D SPACE',''
  ) );
#10023 = PCURVE('',#10024,#10029);
#10024 = CONICAL_SURFACE('',#10025,0.534995592,0.785387800412);
#10025 = AXIS2_PLACEMENT_3D('',#10026,#10027,#10028);
#10026 = CARTESIAN_POINT('',(0.,9.999993319582,0.));
#10027 = DIRECTION('',(0.,-1.,0.));
#10028 = DIRECTION('',(0.,0.,-1.));
#10029 = DEFINITIONAL_REPRESENTATION('',(#10030),#10034);
#10030 = LINE('',#10031,#10032);
#10031 = CARTESIAN_POINT('',(1.570796326795,0.10000648071));
#10032 = VECTOR('',#10033,1.);
#10033 = DIRECTION('',(-1.,0.));
#10034 = ( GEOMETRIC_REPRESENTATION_CONTEXT(2) 
PARAMETRIC_REPRESENTATION_CONTEXT() REPRESENTATION_CONTEXT('2D SPACE',''
  ) );
#10035 = ORIENTED_EDGE('',*,*,#10036,.F.);
#10036 = EDGE_CURVE('',#8439,#10008,#10037,.T.);
#10037 = SURFACE_CURVE('',#10038,(#10042,#10071),.PCURVE_S1.);
#10038 = LINE('',#10039,#10040);
#10039 = CARTESIAN_POINT('',(0.635,5.86,0.));
#10040 = VECTOR('',#10041,1.);
#10041 = DIRECTION('',(-8.145017023611E-07,1.,1.835122667671E-10));
#10042 = PCURVE('',#8457,#10043);
#10043 = DEFINITIONAL_REPRESENTATION('',(#10044),#10070);
#10044 = B_SPLINE_CURVE_WITH_KNOTS('',3,(#10045,#10046,#10047,#10048,
    #10049,#10050,#10051,#10052,#10053,#10054,#10055,#10056,#10057,
    #10058,#10059,#10060,#10061,#10062,#10063,#10064,#10065,#10066,
    #10067,#10068,#10069),.UNSPECIFIED.,.F.,.F.,(4,1,1,1,1,1,1,1,1,1,1,1
    ,1,1,1,1,1,1,1,1,1,1,4),(0.,0.183635765403,0.367271530806,
    0.55090729621,0.734543061613,0.918178827016,1.101814592419,
    1.285450357822,1.469086123226,1.652721888629,1.836357654032,
    2.019993419435,2.203629184839,2.387264950242,2.570900715645,
    2.754536481048,2.938172246451,3.121808011855,3.305443777258,
    3.489079542661,3.672715308064,3.856351073467,4.039986838871),
  .QUASI_UNIFORM_KNOTS.);
#10045 = CARTESIAN_POINT('',(0.,4.37));
#10046 = CARTESIAN_POINT('',(-1.768896140675E-11,4.431211921801));
#10047 = CARTESIAN_POINT('',(-5.306866057708E-11,4.553635765403));
#10048 = CARTESIAN_POINT('',(-1.061426502247E-10,4.737271530806));
#10049 = CARTESIAN_POINT('',(-1.592077580881E-10,4.920907296209));
#10050 = CARTESIAN_POINT('',(-2.122817477357E-10,5.104543061613));
#10051 = CARTESIAN_POINT('',(-2.653504083128E-10,5.288178827016));
#10052 = CARTESIAN_POINT('',(-3.184190688899E-10,5.471814592419));
#10053 = CARTESIAN_POINT('',(-3.71492170359E-10,5.655450357822));
#10054 = CARTESIAN_POINT('',(-4.245581664009E-10,5.839086123225));
#10055 = CARTESIAN_POINT('',(-4.776303796916E-10,6.022721888628));
#10056 = CARTESIAN_POINT('',(-5.306999284471E-10,6.206357654032));
#10057 = CARTESIAN_POINT('',(-5.837712535595E-10,6.389993419435));
#10058 = CARTESIAN_POINT('',(-6.368399141365E-10,6.573629184838));
#10059 = CARTESIAN_POINT('',(-6.899121274273E-10,6.757264950241));
#10060 = CARTESIAN_POINT('',(-7.429816761828E-10,6.940900715644));
#10061 = CARTESIAN_POINT('',(-7.960521131167E-10,7.124536481047));
#10062 = CARTESIAN_POINT('',(-8.491243264075E-10,7.30817224645));
#10063 = CARTESIAN_POINT('',(-9.021929869846E-10,7.491808011854));
#10064 = CARTESIAN_POINT('',(-9.552634239185E-10,7.675443777257));
#10065 = CARTESIAN_POINT('',(-1.008332972674E-09,7.85907954266));
#10066 = CARTESIAN_POINT('',(-1.061404297786E-09,8.042715308063));
#10067 = CARTESIAN_POINT('',(-1.11447473472E-09,8.226351073466));
#10068 = CARTESIAN_POINT('',(-1.149855322069E-09,8.348774917068));
#10069 = CARTESIAN_POINT('',(-1.167545171654E-09,8.409986838869));
#10070 = ( GEOMETRIC_REPRESENTATION_CONTEXT(2) 
PARAMETRIC_REPRESENTATION_CONTEXT() REPRESENTATION_CONTEXT('2D SPACE',''
  ) );
#10071 = PCURVE('',#8484,#10072);
#10072 = DEFINITIONAL_REPRESENTATION('',(#10073),#10099);
#10073 = B_SPLINE_CURVE_WITH_KNOTS('',3,(#10074,#10075,#10076,#10077,
    #10078,#10079,#10080,#10081,#10082,#10083,#10084,#10085,#10086,
    #10087,#10088,#10089,#10090,#10091,#10092,#10093,#10094,#10095,
    #10096,#10097,#10098),.UNSPECIFIED.,.F.,.F.,(4,1,1,1,1,1,1,1,1,1,1,1
    ,1,1,1,1,1,1,1,1,1,1,4),(0.,0.183635765403,0.367271530806,
    0.55090729621,0.734543061613,0.918178827016,1.101814592419,
    1.285450357822,1.469086123226,1.652721888629,1.836357654032,
    2.019993419435,2.203629184839,2.387264950242,2.570900715645,
    2.754536481048,2.938172246451,3.121808011855,3.305443777258,
    3.489079542661,3.672715308064,3.856351073467,4.039986838871),
  .QUASI_UNIFORM_KNOTS.);
#10074 = CARTESIAN_POINT('',(6.28318530718,4.37));
#10075 = CARTESIAN_POINT('',(6.283185307162,4.431211921801));
#10076 = CARTESIAN_POINT('',(6.283185307127,4.553635765403));
#10077 = CARTESIAN_POINT('',(6.283185307073,4.737271530806));
#10078 = CARTESIAN_POINT('',(6.28318530702,4.920907296209));
#10079 = CARTESIAN_POINT('',(6.283185306967,5.104543061613));
#10080 = CARTESIAN_POINT('',(6.283185306914,5.288178827016));
#10081 = CARTESIAN_POINT('',(6.283185306861,5.471814592419));
#10082 = CARTESIAN_POINT('',(6.283185306808,5.655450357822));
#10083 = CARTESIAN_POINT('',(6.283185306755,5.839086123225));
#10084 = CARTESIAN_POINT('',(6.283185306702,6.022721888628));
#10085 = CARTESIAN_POINT('',(6.283185306649,6.206357654032));
#10086 = CARTESIAN_POINT('',(6.283185306596,6.389993419435));
#10087 = CARTESIAN_POINT('',(6.283185306543,6.573629184838));
#10088 = CARTESIAN_POINT('',(6.28318530649,6.757264950241));
#10089 = CARTESIAN_POINT('',(6.283185306437,6.940900715644));
#10090 = CARTESIAN_POINT('',(6.283185306384,7.124536481047));
#10091 = CARTESIAN_POINT('',(6.28318530633,7.30817224645));
#10092 = CARTESIAN_POINT('',(6.283185306277,7.491808011854));
#10093 = CARTESIAN_POINT('',(6.283185306224,7.675443777257));
#10094 = CARTESIAN_POINT('',(6.283185306171,7.85907954266));
#10095 = CARTESIAN_POINT('',(6.283185306118,8.042715308063));
#10096 = CARTESIAN_POINT('',(6.283185306065,8.226351073466));
#10097 = CARTESIAN_POINT('',(6.28318530603,8.348774917068));
#10098 = CARTESIAN_POINT('',(6.283185306012,8.409986838869));
#10099 = ( GEOMETRIC_REPRESENTATION_CONTEXT(2) 
PARAMETRIC_REPRESENTATION_CONTEXT() REPRESENTATION_CONTEXT('2D SPACE',''
  ) );
#10100 = ORIENTED_EDGE('',*,*,#8438,.T.);
#10101 = ADVANCED_FACE('',(#10102),#8484,.T.);
#10102 = FACE_BOUND('',#10103,.T.);
#10103 = EDGE_LOOP('',(#10104,#10105,#10132,#10133));
#10104 = ORIENTED_EDGE('',*,*,#10036,.T.);
#10105 = ORIENTED_EDGE('',*,*,#10106,.F.);
#10106 = EDGE_CURVE('',#9985,#10008,#10107,.T.);
#10107 = SURFACE_CURVE('',#10108,(#10113,#10120),.PCURVE_S1.);
#10108 = CIRCLE('',#10109,0.635);
#10109 = AXIS2_PLACEMENT_3D('',#10110,#10111,#10112);
#10110 = CARTESIAN_POINT('',(0.,9.899986838872,0.));
#10111 = DIRECTION('',(0.,1.,0.));
#10112 = DIRECTION('',(-1.,0.,0.));
#10113 = PCURVE('',#8484,#10114);
#10114 = DEFINITIONAL_REPRESENTATION('',(#10115),#10119);
#10115 = LINE('',#10116,#10117);
#10116 = CARTESIAN_POINT('',(3.14159265359,8.409986838872));
#10117 = VECTOR('',#10118,1.);
#10118 = DIRECTION('',(1.,0.));
#10119 = ( GEOMETRIC_REPRESENTATION_CONTEXT(2) 
PARAMETRIC_REPRESENTATION_CONTEXT() REPRESENTATION_CONTEXT('2D SPACE',''
  ) );
#10120 = PCURVE('',#10121,#10126);
#10121 = CONICAL_SURFACE('',#10122,0.534995592,0.785387800412);
#10122 = AXIS2_PLACEMENT_3D('',#10123,#10124,#10125);
#10123 = CARTESIAN_POINT('',(0.,9.999993319582,0.));
#10124 = DIRECTION('',(0.,-1.,0.));
#10125 = DIRECTION('',(0.,0.,-1.));
#10126 = DEFINITIONAL_REPRESENTATION('',(#10127),#10131);
#10127 = LINE('',#10128,#10129);
#10128 = CARTESIAN_POINT('',(4.712388980385,0.10000648071));
#10129 = VECTOR('',#10130,1.);
#10130 = DIRECTION('',(-1.,0.));
#10131 = ( GEOMETRIC_REPRESENTATION_CONTEXT(2) 
PARAMETRIC_REPRESENTATION_CONTEXT() REPRESENTATION_CONTEXT('2D SPACE',''
  ) );
#10132 = ORIENTED_EDGE('',*,*,#9984,.F.);
#10133 = ORIENTED_EDGE('',*,*,#8469,.T.);
#10134 = ADVANCED_FACE('',(#10135),#10121,.T.);
#10135 = FACE_BOUND('',#10136,.T.);
#10136 = EDGE_LOOP('',(#10137,#10160,#10161,#10184));
#10137 = ORIENTED_EDGE('',*,*,#10138,.T.);
#10138 = EDGE_CURVE('',#10139,#9985,#10141,.T.);
#10139 = VERTEX_POINT('',#10140);
#10140 = CARTESIAN_POINT('',(-0.434990984296,10.1,0.));
#10141 = SURFACE_CURVE('',#10142,(#10146,#10153),.PCURVE_S1.);
#10142 = LINE('',#10143,#10144);
#10143 = CARTESIAN_POINT('',(-0.434996994427,10.09999699504,
    -6.771725829684E-10));
#10144 = VECTOR('',#10145,1.);
#10145 = DIRECTION('',(-0.707105773622,-0.70710778875,
    -2.270331932785E-10));
#10146 = PCURVE('',#10121,#10147);
#10147 = DEFINITIONAL_REPRESENTATION('',(#10148),#10152);
#10148 = LINE('',#10149,#10150);
#10149 = CARTESIAN_POINT('',(4.712388981941,-0.100002172842));
#10150 = VECTOR('',#10151,1.);
#10151 = DIRECTION('',(-1.94590195264E-09,1.));
#10152 = ( GEOMETRIC_REPRESENTATION_CONTEXT(2) 
PARAMETRIC_REPRESENTATION_CONTEXT() REPRESENTATION_CONTEXT('2D SPACE',''
  ) );
#10153 = PCURVE('',#10024,#10154);
#10154 = DEFINITIONAL_REPRESENTATION('',(#10155),#10159);
#10155 = LINE('',#10156,#10157);
#10156 = CARTESIAN_POINT('',(-1.570796325238,-0.100002172842));
#10157 = VECTOR('',#10158,1.);
#10158 = DIRECTION('',(-1.94590195264E-09,1.));
#10159 = ( GEOMETRIC_REPRESENTATION_CONTEXT(2) 
PARAMETRIC_REPRESENTATION_CONTEXT() REPRESENTATION_CONTEXT('2D SPACE',''
  ) );
#10160 = ORIENTED_EDGE('',*,*,#10106,.T.);
#10161 = ORIENTED_EDGE('',*,*,#10162,.F.);
#10162 = EDGE_CURVE('',#10163,#10008,#10165,.T.);
#10163 = VERTEX_POINT('',#10164);
#10164 = CARTESIAN_POINT('',(0.434990984296,10.1,0.));
#10165 = SURFACE_CURVE('',#10166,(#10170,#10177),.PCURVE_S1.);
#10166 = LINE('',#10167,#10168);
#10167 = CARTESIAN_POINT('',(0.434996994427,10.09999699504,
    6.771749360099E-10));
#10168 = VECTOR('',#10169,1.);
#10169 = DIRECTION('',(0.707105773622,-0.70710778875,2.270333750197E-10)
  );
#10170 = PCURVE('',#10121,#10171);
#10171 = DEFINITIONAL_REPRESENTATION('',(#10172),#10176);
#10172 = LINE('',#10173,#10174);
#10173 = CARTESIAN_POINT('',(1.570796328352,-0.100002172842));
#10174 = VECTOR('',#10175,1.);
#10175 = DIRECTION('',(-1.94590972369E-09,1.));
#10176 = ( GEOMETRIC_REPRESENTATION_CONTEXT(2) 
PARAMETRIC_REPRESENTATION_CONTEXT() REPRESENTATION_CONTEXT('2D SPACE',''
  ) );
#10177 = PCURVE('',#10024,#10178);
#10178 = DEFINITIONAL_REPRESENTATION('',(#10179),#10183);
#10179 = LINE('',#10180,#10181);
#10180 = CARTESIAN_POINT('',(1.570796328352,-0.100002172842));
#10181 = VECTOR('',#10182,1.);
#10182 = DIRECTION('',(-1.94590972369E-09,1.));
#10183 = ( GEOMETRIC_REPRESENTATION_CONTEXT(2) 
PARAMETRIC_REPRESENTATION_CONTEXT() REPRESENTATION_CONTEXT('2D SPACE',''
  ) );
#10184 = ORIENTED_EDGE('',*,*,#10185,.F.);
#10185 = EDGE_CURVE('',#10139,#10163,#10186,.T.);
#10186 = SURFACE_CURVE('',#10187,(#10192,#10199),.PCURVE_S1.);
#10187 = CIRCLE('',#10188,0.434990984296);
#10188 = AXIS2_PLACEMENT_3D('',#10189,#10190,#10191);
#10189 = CARTESIAN_POINT('',(0.,10.1,0.));
#10190 = DIRECTION('',(0.,1.,0.));
#10191 = DIRECTION('',(-1.,0.,0.));
#10192 = PCURVE('',#10121,#10193);
#10193 = DEFINITIONAL_REPRESENTATION('',(#10194),#10198);
#10194 = LINE('',#10195,#10196);
#10195 = CARTESIAN_POINT('',(4.712388980385,-0.100006680418));
#10196 = VECTOR('',#10197,1.);
#10197 = DIRECTION('',(-1.,0.));
#10198 = ( GEOMETRIC_REPRESENTATION_CONTEXT(2) 
PARAMETRIC_REPRESENTATION_CONTEXT() REPRESENTATION_CONTEXT('2D SPACE',''
  ) );
#10199 = PCURVE('',#10200,#10205);
#10200 = PLANE('',#10201);
#10201 = AXIS2_PLACEMENT_3D('',#10202,#10203,#10204);
#10202 = CARTESIAN_POINT('',(0.,10.1,0.));
#10203 = DIRECTION('',(0.,1.,0.));
#10204 = DIRECTION('',(1.,0.,0.));
#10205 = DEFINITIONAL_REPRESENTATION('',(#10206),#10210);
#10206 = CIRCLE('',#10207,0.434990984296);
#10207 = AXIS2_PLACEMENT_2D('',#10208,#10209);
#10208 = CARTESIAN_POINT('',(0.,0.));
#10209 = DIRECTION('',(-1.,0.));
#10210 = ( GEOMETRIC_REPRESENTATION_CONTEXT(2) 
PARAMETRIC_REPRESENTATION_CONTEXT() REPRESENTATION_CONTEXT('2D SPACE',''
  ) );
#10211 = ADVANCED_FACE('',(#10212),#10200,.T.);
#10212 = FACE_BOUND('',#10213,.F.);
#10213 = EDGE_LOOP('',(#10214,#10236));
#10214 = ORIENTED_EDGE('',*,*,#10215,.F.);
#10215 = EDGE_CURVE('',#10163,#10139,#10216,.T.);
#10216 = SURFACE_CURVE('',#10217,(#10222,#10229),.PCURVE_S1.);
#10217 = CIRCLE('',#10218,0.434990984296);
#10218 = AXIS2_PLACEMENT_3D('',#10219,#10220,#10221);
#10219 = CARTESIAN_POINT('',(0.,10.1,0.));
#10220 = DIRECTION('',(-0.,1.,0.));
#10221 = DIRECTION('',(1.,0.,0.));
#10222 = PCURVE('',#10200,#10223);
#10223 = DEFINITIONAL_REPRESENTATION('',(#10224),#10228);
#10224 = CIRCLE('',#10225,0.434990984296);
#10225 = AXIS2_PLACEMENT_2D('',#10226,#10227);
#10226 = CARTESIAN_POINT('',(0.,0.));
#10227 = DIRECTION('',(1.,0.));
#10228 = ( GEOMETRIC_REPRESENTATION_CONTEXT(2) 
PARAMETRIC_REPRESENTATION_CONTEXT() REPRESENTATION_CONTEXT('2D SPACE',''
  ) );
#10229 = PCURVE('',#10024,#10230);
#10230 = DEFINITIONAL_REPRESENTATION('',(#10231),#10235);
#10231 = LINE('',#10232,#10233);
#10232 = CARTESIAN_POINT('',(1.570796326795,-0.100006680418));
#10233 = VECTOR('',#10234,1.);
#10234 = DIRECTION('',(-1.,0.));
#10235 = ( GEOMETRIC_REPRESENTATION_CONTEXT(2) 
PARAMETRIC_REPRESENTATION_CONTEXT() REPRESENTATION_CONTEXT('2D SPACE',''
  ) );
#10236 = ORIENTED_EDGE('',*,*,#10185,.F.);
#10237 = ADVANCED_FACE('',(#10238),#10024,.T.);
#10238 = FACE_BOUND('',#10239,.T.);
#10239 = EDGE_LOOP('',(#10240,#10241,#10242,#10243));
#10240 = ORIENTED_EDGE('',*,*,#10162,.T.);
#10241 = ORIENTED_EDGE('',*,*,#10007,.T.);
#10242 = ORIENTED_EDGE('',*,*,#10138,.F.);
#10243 = ORIENTED_EDGE('',*,*,#10215,.F.);
#10244 = ADVANCED_FACE('',(#10245),#6302,.T.);
#10245 = FACE_BOUND('',#10246,.T.);
#10246 = EDGE_LOOP('',(#10247,#10248,#10249,#10250));
#10247 = ORIENTED_EDGE('',*,*,#6395,.F.);
#10248 = ORIENTED_EDGE('',*,*,#6285,.T.);
#10249 = ORIENTED_EDGE('',*,*,#6371,.T.);
#10250 = ORIENTED_EDGE('',*,*,#6722,.F.);
#10251 = ADVANCED_FACE('',(#10252),#636,.T.);
#10252 = FACE_BOUND('',#10253,.T.);
#10253 = EDGE_LOOP('',(#10254,#10255,#10256,#10257));
#10254 = ORIENTED_EDGE('',*,*,#3030,.T.);
#10255 = ORIENTED_EDGE('',*,*,#780,.F.);
#10256 = ORIENTED_EDGE('',*,*,#617,.F.);
#10257 = ORIENTED_EDGE('',*,*,#758,.T.);
#10258 = ADVANCED_FACE('',(#10259),#182,.F.);
#10259 = FACE_BOUND('',#10260,.F.);
#10260 = EDGE_LOOP('',(#10261,#10296,#10317,#10318,#10341,#10374,#10402,
    #10435));
#10261 = ORIENTED_EDGE('',*,*,#10262,.F.);
#10262 = EDGE_CURVE('',#10263,#10265,#10267,.T.);
#10263 = VERTEX_POINT('',#10264);
#10264 = CARTESIAN_POINT('',(9.55,0.635,0.));
#10265 = VERTEX_POINT('',#10266);
#10266 = CARTESIAN_POINT('',(9.55,0.125,-0.622575296651));
#10267 = SURFACE_CURVE('',#10268,(#10273,#10280),.PCURVE_S1.);
#10268 = CIRCLE('',#10269,0.635);
#10269 = AXIS2_PLACEMENT_3D('',#10270,#10271,#10272);
#10270 = CARTESIAN_POINT('',(9.55,0.,0.));
#10271 = DIRECTION('',(-1.,0.,0.));
#10272 = DIRECTION('',(0.,1.,0.));
#10273 = PCURVE('',#182,#10274);
#10274 = DEFINITIONAL_REPRESENTATION('',(#10275),#10279);
#10275 = LINE('',#10276,#10277);
#10276 = CARTESIAN_POINT('',(0.,0.35));
#10277 = VECTOR('',#10278,1.);
#10278 = DIRECTION('',(1.,0.));
#10279 = ( GEOMETRIC_REPRESENTATION_CONTEXT(2) 
PARAMETRIC_REPRESENTATION_CONTEXT() REPRESENTATION_CONTEXT('2D SPACE',''
  ) );
#10280 = PCURVE('',#10281,#10286);
#10281 = PLANE('',#10282);
#10282 = AXIS2_PLACEMENT_3D('',#10283,#10284,#10285);
#10283 = CARTESIAN_POINT('',(9.55,0.,0.));
#10284 = DIRECTION('',(1.,0.,0.));
#10285 = DIRECTION('',(0.,-1.,0.));
#10286 = DEFINITIONAL_REPRESENTATION('',(#10287),#10295);
#10287 = ( BOUNDED_CURVE() B_SPLINE_CURVE(2,(#10288,#10289,#10290,#10291
    ,#10292,#10293,#10294),.UNSPECIFIED.,.T.,.F.) 
B_SPLINE_CURVE_WITH_KNOTS((1,2,2,2,2,1),(-2.094395102393,0.,
    2.094395102393,4.188790204786,6.28318530718,8.377580409573),
.UNSPECIFIED.) CURVE() GEOMETRIC_REPRESENTATION_ITEM() 
RATIONAL_B_SPLINE_CURVE((1.,0.5,1.,0.5,1.,0.5,1.)) REPRESENTATION_ITEM(
  '') );
#10288 = CARTESIAN_POINT('',(-0.635,0.));
#10289 = CARTESIAN_POINT('',(-0.635,1.099852262806));
#10290 = CARTESIAN_POINT('',(0.3175,0.549926131403));
#10291 = CARTESIAN_POINT('',(1.27,1.555301434917E-16));
#10292 = CARTESIAN_POINT('',(0.3175,-0.549926131403));
#10293 = CARTESIAN_POINT('',(-0.635,-1.099852262806));
#10294 = CARTESIAN_POINT('',(-0.635,0.));
#10295 = ( GEOMETRIC_REPRESENTATION_CONTEXT(2) 
PARAMETRIC_REPRESENTATION_CONTEXT() REPRESENTATION_CONTEXT('2D SPACE',''
  ) );
#10296 = ORIENTED_EDGE('',*,*,#10297,.T.);
#10297 = EDGE_CURVE('',#10263,#164,#10298,.T.);
#10298 = SURFACE_CURVE('',#10299,(#10303,#10310),.PCURVE_S1.);
#10299 = LINE('',#10300,#10301);
#10300 = CARTESIAN_POINT('',(9.55,0.635,0.));
#10301 = VECTOR('',#10302,1.);
#10302 = DIRECTION('',(1.,1.665334536938E-14,0.));
#10303 = PCURVE('',#182,#10304);
#10304 = DEFINITIONAL_REPRESENTATION('',(#10305),#10309);
#10305 = LINE('',#10306,#10307);
#10306 = CARTESIAN_POINT('',(0.,0.35));
#10307 = VECTOR('',#10308,1.);
#10308 = DIRECTION('',(0.,-1.));
#10309 = ( GEOMETRIC_REPRESENTATION_CONTEXT(2) 
PARAMETRIC_REPRESENTATION_CONTEXT() REPRESENTATION_CONTEXT('2D SPACE',''
  ) );
#10310 = PCURVE('',#213,#10311);
#10311 = DEFINITIONAL_REPRESENTATION('',(#10312),#10316);
#10312 = LINE('',#10313,#10314);
#10313 = CARTESIAN_POINT('',(6.28318530718,0.35));
#10314 = VECTOR('',#10315,1.);
#10315 = DIRECTION('',(0.,-1.));
#10316 = ( GEOMETRIC_REPRESENTATION_CONTEXT(2) 
PARAMETRIC_REPRESENTATION_CONTEXT() REPRESENTATION_CONTEXT('2D SPACE',''
  ) );
#10317 = ORIENTED_EDGE('',*,*,#163,.T.);
#10318 = ORIENTED_EDGE('',*,*,#10319,.F.);
#10319 = EDGE_CURVE('',#10320,#166,#10322,.T.);
#10320 = VERTEX_POINT('',#10321);
#10321 = CARTESIAN_POINT('',(9.55,-0.635,0.));
#10322 = SURFACE_CURVE('',#10323,(#10327,#10334),.PCURVE_S1.);
#10323 = LINE('',#10324,#10325);
#10324 = CARTESIAN_POINT('',(9.55,-0.635,0.));
#10325 = VECTOR('',#10326,1.);
#10326 = DIRECTION('',(1.,-1.110223024625E-14,0.));
#10327 = PCURVE('',#182,#10328);
#10328 = DEFINITIONAL_REPRESENTATION('',(#10329),#10333);
#10329 = LINE('',#10330,#10331);
#10330 = CARTESIAN_POINT('',(3.14159265359,0.35));
#10331 = VECTOR('',#10332,1.);
#10332 = DIRECTION('',(0.,-1.));
#10333 = ( GEOMETRIC_REPRESENTATION_CONTEXT(2) 
PARAMETRIC_REPRESENTATION_CONTEXT() REPRESENTATION_CONTEXT('2D SPACE',''
  ) );
#10334 = PCURVE('',#213,#10335);
#10335 = DEFINITIONAL_REPRESENTATION('',(#10336),#10340);
#10336 = LINE('',#10337,#10338);
#10337 = CARTESIAN_POINT('',(3.14159265359,0.35));
#10338 = VECTOR('',#10339,1.);
#10339 = DIRECTION('',(0.,-1.));
#10340 = ( GEOMETRIC_REPRESENTATION_CONTEXT(2) 
PARAMETRIC_REPRESENTATION_CONTEXT() REPRESENTATION_CONTEXT('2D SPACE',''
  ) );
#10341 = ORIENTED_EDGE('',*,*,#10342,.F.);
#10342 = EDGE_CURVE('',#10343,#10320,#10345,.T.);
#10343 = VERTEX_POINT('',#10344);
#10344 = CARTESIAN_POINT('',(9.55,-0.125,-0.622575296651));
#10345 = SURFACE_CURVE('',#10346,(#10351,#10358),.PCURVE_S1.);
#10346 = CIRCLE('',#10347,0.635);
#10347 = AXIS2_PLACEMENT_3D('',#10348,#10349,#10350);
#10348 = CARTESIAN_POINT('',(9.55,0.,0.));
#10349 = DIRECTION('',(-1.,0.,0.));
#10350 = DIRECTION('',(-0.,-0.196850393701,-0.980433538033));
#10351 = PCURVE('',#182,#10352);
#10352 = DEFINITIONAL_REPRESENTATION('',(#10353),#10357);
#10353 = LINE('',#10354,#10355);
#10354 = CARTESIAN_POINT('',(1.768940742541,0.35));
#10355 = VECTOR('',#10356,1.);
#10356 = DIRECTION('',(1.,0.));
#10357 = ( GEOMETRIC_REPRESENTATION_CONTEXT(2) 
PARAMETRIC_REPRESENTATION_CONTEXT() REPRESENTATION_CONTEXT('2D SPACE',''
  ) );
#10358 = PCURVE('',#10359,#10364);
#10359 = PLANE('',#10360);
#10360 = AXIS2_PLACEMENT_3D('',#10361,#10362,#10363);
#10361 = CARTESIAN_POINT('',(9.55,0.,0.));
#10362 = DIRECTION('',(1.,0.,0.));
#10363 = DIRECTION('',(0.,-1.,0.));
#10364 = DEFINITIONAL_REPRESENTATION('',(#10365),#10373);
#10365 = ( BOUNDED_CURVE() B_SPLINE_CURVE(2,(#10366,#10367,#10368,#10369
    ,#10370,#10371,#10372),.UNSPECIFIED.,.T.,.F.) 
B_SPLINE_CURVE_WITH_KNOTS((1,2,2,2,2,1),(-2.094395102393,0.,
    2.094395102393,4.188790204786,6.28318530718,8.377580409573),
.UNSPECIFIED.) CURVE() GEOMETRIC_REPRESENTATION_ITEM() 
RATIONAL_B_SPLINE_CURVE((1.,0.5,1.,0.5,1.,0.5,1.)) REPRESENTATION_ITEM(
  '') );
#10366 = CARTESIAN_POINT('',(0.125,0.622575296651));
#10367 = CARTESIAN_POINT('',(1.203332045337,0.406068945705));
#10368 = CARTESIAN_POINT('',(0.476666022668,-0.419540823799));
#10369 = CARTESIAN_POINT('',(-0.25,-1.245150593302));
#10370 = CARTESIAN_POINT('',(-0.601666022668,-0.203034472852));
#10371 = CARTESIAN_POINT('',(-0.953332045337,0.839081647597));
#10372 = CARTESIAN_POINT('',(0.125,0.622575296651));
#10373 = ( GEOMETRIC_REPRESENTATION_CONTEXT(2) 
PARAMETRIC_REPRESENTATION_CONTEXT() REPRESENTATION_CONTEXT('2D SPACE',''
  ) );
#10374 = ORIENTED_EDGE('',*,*,#10375,.T.);
#10375 = EDGE_CURVE('',#10343,#10376,#10378,.T.);
#10376 = VERTEX_POINT('',#10377);
#10377 = CARTESIAN_POINT('',(7.35,-0.125,-0.622575296651));
#10378 = SURFACE_CURVE('',#10379,(#10383,#10390),.PCURVE_S1.);
#10379 = LINE('',#10380,#10381);
#10380 = CARTESIAN_POINT('',(9.55,-0.125,-0.622575296651));
#10381 = VECTOR('',#10382,1.);
#10382 = DIRECTION('',(-1.,0.,0.));
#10383 = PCURVE('',#182,#10384);
#10384 = DEFINITIONAL_REPRESENTATION('',(#10385),#10389);
#10385 = LINE('',#10386,#10387);
#10386 = CARTESIAN_POINT('',(1.768940742541,0.35));
#10387 = VECTOR('',#10388,1.);
#10388 = DIRECTION('',(0.,1.));
#10389 = ( GEOMETRIC_REPRESENTATION_CONTEXT(2) 
PARAMETRIC_REPRESENTATION_CONTEXT() REPRESENTATION_CONTEXT('2D SPACE',''
  ) );
#10390 = PCURVE('',#10391,#10396);
#10391 = PLANE('',#10392);
#10392 = AXIS2_PLACEMENT_3D('',#10393,#10394,#10395);
#10393 = CARTESIAN_POINT('',(9.55,-0.125,1.062521542268));
#10394 = DIRECTION('',(0.,-1.,0.));
#10395 = DIRECTION('',(0.,0.,-1.));
#10396 = DEFINITIONAL_REPRESENTATION('',(#10397),#10401);
#10397 = LINE('',#10398,#10399);
#10398 = CARTESIAN_POINT('',(1.685096838919,0.));
#10399 = VECTOR('',#10400,1.);
#10400 = DIRECTION('',(0.,-1.));
#10401 = ( GEOMETRIC_REPRESENTATION_CONTEXT(2) 
PARAMETRIC_REPRESENTATION_CONTEXT() REPRESENTATION_CONTEXT('2D SPACE',''
  ) );
#10402 = ORIENTED_EDGE('',*,*,#10403,.F.);
#10403 = EDGE_CURVE('',#10404,#10376,#10406,.T.);
#10404 = VERTEX_POINT('',#10405);
#10405 = CARTESIAN_POINT('',(7.35,0.125,-0.622575296651));
#10406 = SURFACE_CURVE('',#10407,(#10412,#10419),.PCURVE_S1.);
#10407 = CIRCLE('',#10408,0.635);
#10408 = AXIS2_PLACEMENT_3D('',#10409,#10410,#10411);
#10409 = CARTESIAN_POINT('',(7.35,0.,0.));
#10410 = DIRECTION('',(-1.,0.,0.));
#10411 = DIRECTION('',(0.,0.196850393701,-0.980433538033));
#10412 = PCURVE('',#182,#10413);
#10413 = DEFINITIONAL_REPRESENTATION('',(#10414),#10418);
#10414 = LINE('',#10415,#10416);
#10415 = CARTESIAN_POINT('',(1.372651911049,2.55));
#10416 = VECTOR('',#10417,1.);
#10417 = DIRECTION('',(1.,0.));
#10418 = ( GEOMETRIC_REPRESENTATION_CONTEXT(2) 
PARAMETRIC_REPRESENTATION_CONTEXT() REPRESENTATION_CONTEXT('2D SPACE',''
  ) );
#10419 = PCURVE('',#10420,#10425);
#10420 = PLANE('',#10421);
#10421 = AXIS2_PLACEMENT_3D('',#10422,#10423,#10424);
#10422 = CARTESIAN_POINT('',(7.35,0.,0.));
#10423 = DIRECTION('',(1.,0.,0.));
#10424 = DIRECTION('',(0.,0.,-1.));
#10425 = DEFINITIONAL_REPRESENTATION('',(#10426),#10434);
#10426 = ( BOUNDED_CURVE() B_SPLINE_CURVE(2,(#10427,#10428,#10429,#10430
    ,#10431,#10432,#10433),.UNSPECIFIED.,.T.,.F.) 
B_SPLINE_CURVE_WITH_KNOTS((1,2,2,2,2,1),(-2.094395102393,0.,
    2.094395102393,4.188790204786,6.28318530718,8.377580409573),
.UNSPECIFIED.) CURVE() GEOMETRIC_REPRESENTATION_ITEM() 
RATIONAL_B_SPLINE_CURVE((1.,0.5,1.,0.5,1.,0.5,1.)) REPRESENTATION_ITEM(
  '') );
#10427 = CARTESIAN_POINT('',(0.622575296651,0.125));
#10428 = CARTESIAN_POINT('',(0.839081647597,-0.953332045337));
#10429 = CARTESIAN_POINT('',(-0.203034472852,-0.601666022668));
#10430 = CARTESIAN_POINT('',(-1.245150593302,-0.25));
#10431 = CARTESIAN_POINT('',(-0.419540823799,0.476666022668));
#10432 = CARTESIAN_POINT('',(0.406068945705,1.203332045337));
#10433 = CARTESIAN_POINT('',(0.622575296651,0.125));
#10434 = ( GEOMETRIC_REPRESENTATION_CONTEXT(2) 
PARAMETRIC_REPRESENTATION_CONTEXT() REPRESENTATION_CONTEXT('2D SPACE',''
  ) );
#10435 = ORIENTED_EDGE('',*,*,#10436,.F.);
#10436 = EDGE_CURVE('',#10265,#10404,#10437,.T.);
#10437 = SURFACE_CURVE('',#10438,(#10442,#10449),.PCURVE_S1.);
#10438 = LINE('',#10439,#10440);
#10439 = CARTESIAN_POINT('',(9.55,0.125,-0.622575296651));
#10440 = VECTOR('',#10441,1.);
#10441 = DIRECTION('',(-1.,0.,0.));
#10442 = PCURVE('',#182,#10443);
#10443 = DEFINITIONAL_REPRESENTATION('',(#10444),#10448);
#10444 = LINE('',#10445,#10446);
#10445 = CARTESIAN_POINT('',(1.372651911049,0.35));
#10446 = VECTOR('',#10447,1.);
#10447 = DIRECTION('',(0.,1.));
#10448 = ( GEOMETRIC_REPRESENTATION_CONTEXT(2) 
PARAMETRIC_REPRESENTATION_CONTEXT() REPRESENTATION_CONTEXT('2D SPACE',''
  ) );
#10449 = PCURVE('',#10450,#10455);
#10450 = PLANE('',#10451);
#10451 = AXIS2_PLACEMENT_3D('',#10452,#10453,#10454);
#10452 = CARTESIAN_POINT('',(9.55,0.125,-1.017990689519));
#10453 = DIRECTION('',(0.,1.,0.));
#10454 = DIRECTION('',(0.,-0.,1.));
#10455 = DEFINITIONAL_REPRESENTATION('',(#10456),#10460);
#10456 = LINE('',#10457,#10458);
#10457 = CARTESIAN_POINT('',(0.395415392868,0.));
#10458 = VECTOR('',#10459,1.);
#10459 = DIRECTION('',(0.,-1.));
#10460 = ( GEOMETRIC_REPRESENTATION_CONTEXT(2) 
PARAMETRIC_REPRESENTATION_CONTEXT() REPRESENTATION_CONTEXT('2D SPACE',''
  ) );
#10461 = ADVANCED_FACE('',(#10462),#10281,.T.);
#10462 = FACE_BOUND('',#10463,.F.);
#10463 = EDGE_LOOP('',(#10464,#10465,#10488,#10521,#10549));
#10464 = ORIENTED_EDGE('',*,*,#10262,.T.);
#10465 = ORIENTED_EDGE('',*,*,#10466,.F.);
#10466 = EDGE_CURVE('',#10467,#10265,#10469,.T.);
#10467 = VERTEX_POINT('',#10468);
#10468 = CARTESIAN_POINT('',(9.55,0.125,-0.58729000931));
#10469 = SURFACE_CURVE('',#10470,(#10474,#10481),.PCURVE_S1.);
#10470 = LINE('',#10471,#10472);
#10471 = CARTESIAN_POINT('',(9.55,0.125,-0.58729000931));
#10472 = VECTOR('',#10473,1.);
#10473 = DIRECTION('',(1.006854115838E-13,0.,-1.));
#10474 = PCURVE('',#10281,#10475);
#10475 = DEFINITIONAL_REPRESENTATION('',(#10476),#10480);
#10476 = LINE('',#10477,#10478);
#10477 = CARTESIAN_POINT('',(-0.125,0.58729000931));
#10478 = VECTOR('',#10479,1.);
#10479 = DIRECTION('',(0.,1.));
#10480 = ( GEOMETRIC_REPRESENTATION_CONTEXT(2) 
PARAMETRIC_REPRESENTATION_CONTEXT() REPRESENTATION_CONTEXT('2D SPACE',''
  ) );
#10481 = PCURVE('',#10450,#10482);
#10482 = DEFINITIONAL_REPRESENTATION('',(#10483),#10487);
#10483 = LINE('',#10484,#10485);
#10484 = CARTESIAN_POINT('',(0.430700680209,0.));
#10485 = VECTOR('',#10486,1.);
#10486 = DIRECTION('',(-1.,1.006854115838E-13));
#10487 = ( GEOMETRIC_REPRESENTATION_CONTEXT(2) 
PARAMETRIC_REPRESENTATION_CONTEXT() REPRESENTATION_CONTEXT('2D SPACE',''
  ) );
#10488 = ORIENTED_EDGE('',*,*,#10489,.F.);
#10489 = EDGE_CURVE('',#10490,#10467,#10492,.T.);
#10490 = VERTEX_POINT('',#10491);
#10491 = CARTESIAN_POINT('',(9.55,0.125,0.58729000931));
#10492 = SURFACE_CURVE('',#10493,(#10498,#10509),.PCURVE_S1.);
#10493 = CIRCLE('',#10494,0.600445297288);
#10494 = AXIS2_PLACEMENT_3D('',#10495,#10496,#10497);
#10495 = CARTESIAN_POINT('',(9.55,0.,0.));
#10496 = DIRECTION('',(-1.,0.,0.));
#10497 = DIRECTION('',(0.,0.208178830885,0.97809078023));
#10498 = PCURVE('',#10281,#10499);
#10499 = DEFINITIONAL_REPRESENTATION('',(#10500),#10508);
#10500 = ( BOUNDED_CURVE() B_SPLINE_CURVE(2,(#10501,#10502,#10503,#10504
    ,#10505,#10506,#10507),.UNSPECIFIED.,.T.,.F.) 
B_SPLINE_CURVE_WITH_KNOTS((1,2,2,2,2,1),(-2.094395102393,0.,
    2.094395102393,4.188790204786,6.28318530718,8.377580409573),
.UNSPECIFIED.) CURVE() GEOMETRIC_REPRESENTATION_ITEM() 
RATIONAL_B_SPLINE_CURVE((1.,0.5,1.,0.5,1.,0.5,1.)) REPRESENTATION_ITEM(
  '') );
#10501 = CARTESIAN_POINT('',(-0.125,-0.58729000931));
#10502 = CARTESIAN_POINT('',(-1.142216134902,-0.370783658364));
#10503 = CARTESIAN_POINT('',(-0.446108067451,0.401898180128));
#10504 = CARTESIAN_POINT('',(0.25,1.174580018619));
#10505 = CARTESIAN_POINT('',(0.571108067451,0.185391829182));
#10506 = CARTESIAN_POINT('',(0.892216134902,-0.803796360256));
#10507 = CARTESIAN_POINT('',(-0.125,-0.58729000931));
#10508 = ( GEOMETRIC_REPRESENTATION_CONTEXT(2) 
PARAMETRIC_REPRESENTATION_CONTEXT() REPRESENTATION_CONTEXT('2D SPACE',''
  ) );
#10509 = PCURVE('',#10510,#10515);
#10510 = CONICAL_SURFACE('',#10511,0.542715148764,0.523580922899);
#10511 = AXIS2_PLACEMENT_3D('',#10512,#10513,#10514);
#10512 = CARTESIAN_POINT('',(9.450004326946,0.,0.));
#10513 = DIRECTION('',(1.,0.,0.));
#10514 = DIRECTION('',(-0.,1.,0.));
#10515 = DEFINITIONAL_REPRESENTATION('',(#10516),#10520);
#10516 = LINE('',#10517,#10518);
#10517 = CARTESIAN_POINT('',(7.644269007669,9.99956730541E-02));
#10518 = VECTOR('',#10519,1.);
#10519 = DIRECTION('',(-1.,-1.766039908001E-17));
#10520 = ( GEOMETRIC_REPRESENTATION_CONTEXT(2) 
PARAMETRIC_REPRESENTATION_CONTEXT() REPRESENTATION_CONTEXT('2D SPACE',''
  ) );
#10521 = ORIENTED_EDGE('',*,*,#10522,.F.);
#10522 = EDGE_CURVE('',#10523,#10490,#10525,.T.);
#10523 = VERTEX_POINT('',#10524);
#10524 = CARTESIAN_POINT('',(9.55,0.125,0.622575296651));
#10525 = SURFACE_CURVE('',#10526,(#10530,#10537),.PCURVE_S1.);
#10526 = LINE('',#10527,#10528);
#10527 = CARTESIAN_POINT('',(9.55,0.125,0.622575296651));
#10528 = VECTOR('',#10529,1.);
#10529 = DIRECTION('',(-1.006854115838E-13,0.,-1.));
#10530 = PCURVE('',#10281,#10531);
#10531 = DEFINITIONAL_REPRESENTATION('',(#10532),#10536);
#10532 = LINE('',#10533,#10534);
#10533 = CARTESIAN_POINT('',(-0.125,-0.622575296651));
#10534 = VECTOR('',#10535,1.);
#10535 = DIRECTION('',(0.,1.));
#10536 = ( GEOMETRIC_REPRESENTATION_CONTEXT(2) 
PARAMETRIC_REPRESENTATION_CONTEXT() REPRESENTATION_CONTEXT('2D SPACE',''
  ) );
#10537 = PCURVE('',#10538,#10543);
#10538 = PLANE('',#10539);
#10539 = AXIS2_PLACEMENT_3D('',#10540,#10541,#10542);
#10540 = CARTESIAN_POINT('',(9.55,0.125,-1.017990689519));
#10541 = DIRECTION('',(0.,1.,0.));
#10542 = DIRECTION('',(0.,-0.,1.));
#10543 = DEFINITIONAL_REPRESENTATION('',(#10544),#10548);
#10544 = LINE('',#10545,#10546);
#10545 = CARTESIAN_POINT('',(1.64056598617,0.));
#10546 = VECTOR('',#10547,1.);
#10547 = DIRECTION('',(-1.,-1.006854115838E-13));
#10548 = ( GEOMETRIC_REPRESENTATION_CONTEXT(2) 
PARAMETRIC_REPRESENTATION_CONTEXT() REPRESENTATION_CONTEXT('2D SPACE',''
  ) );
#10549 = ORIENTED_EDGE('',*,*,#10550,.T.);
#10550 = EDGE_CURVE('',#10523,#10263,#10551,.T.);
#10551 = SURFACE_CURVE('',#10552,(#10557,#10568),.PCURVE_S1.);
#10552 = CIRCLE('',#10553,0.635);
#10553 = AXIS2_PLACEMENT_3D('',#10554,#10555,#10556);
#10554 = CARTESIAN_POINT('',(9.55,0.,0.));
#10555 = DIRECTION('',(-1.,0.,0.));
#10556 = DIRECTION('',(0.,0.196850393701,0.980433538033));
#10557 = PCURVE('',#10281,#10558);
#10558 = DEFINITIONAL_REPRESENTATION('',(#10559),#10567);
#10559 = ( BOUNDED_CURVE() B_SPLINE_CURVE(2,(#10560,#10561,#10562,#10563
    ,#10564,#10565,#10566),.UNSPECIFIED.,.T.,.F.) 
B_SPLINE_CURVE_WITH_KNOTS((1,2,2,2,2,1),(-2.094395102393,0.,
    2.094395102393,4.188790204786,6.28318530718,8.377580409573),
.UNSPECIFIED.) CURVE() GEOMETRIC_REPRESENTATION_ITEM() 
RATIONAL_B_SPLINE_CURVE((1.,0.5,1.,0.5,1.,0.5,1.)) REPRESENTATION_ITEM(
  '') );
#10560 = CARTESIAN_POINT('',(-0.125,-0.622575296651));
#10561 = CARTESIAN_POINT('',(-1.203332045337,-0.406068945705));
#10562 = CARTESIAN_POINT('',(-0.476666022668,0.419540823799));
#10563 = CARTESIAN_POINT('',(0.25,1.245150593302));
#10564 = CARTESIAN_POINT('',(0.601666022668,0.203034472852));
#10565 = CARTESIAN_POINT('',(0.953332045337,-0.839081647597));
#10566 = CARTESIAN_POINT('',(-0.125,-0.622575296651));
#10567 = ( GEOMETRIC_REPRESENTATION_CONTEXT(2) 
PARAMETRIC_REPRESENTATION_CONTEXT() REPRESENTATION_CONTEXT('2D SPACE',''
  ) );
#10568 = PCURVE('',#213,#10569);
#10569 = DEFINITIONAL_REPRESENTATION('',(#10570),#10574);
#10570 = LINE('',#10571,#10572);
#10571 = CARTESIAN_POINT('',(4.910533396131,0.35));
#10572 = VECTOR('',#10573,1.);
#10573 = DIRECTION('',(1.,0.));
#10574 = ( GEOMETRIC_REPRESENTATION_CONTEXT(2) 
PARAMETRIC_REPRESENTATION_CONTEXT() REPRESENTATION_CONTEXT('2D SPACE',''
  ) );
#10575 = ADVANCED_FACE('',(#10576),#10450,.F.);
#10576 = FACE_BOUND('',#10577,.F.);
#10577 = EDGE_LOOP('',(#10578,#10579,#10602,#10630,#10679));
#10578 = ORIENTED_EDGE('',*,*,#10436,.T.);
#10579 = ORIENTED_EDGE('',*,*,#10580,.T.);
#10580 = EDGE_CURVE('',#10404,#10581,#10583,.T.);
#10581 = VERTEX_POINT('',#10582);
#10582 = CARTESIAN_POINT('',(7.35,0.125,-0.468614980554));
#10583 = SURFACE_CURVE('',#10584,(#10588,#10595),.PCURVE_S1.);
#10584 = LINE('',#10585,#10586);
#10585 = CARTESIAN_POINT('',(7.35,0.125,-0.622575296651));
#10586 = VECTOR('',#10587,1.);
#10587 = DIRECTION('',(-1.730663671429E-14,0.,1.));
#10588 = PCURVE('',#10450,#10589);
#10589 = DEFINITIONAL_REPRESENTATION('',(#10590),#10594);
#10590 = LINE('',#10591,#10592);
#10591 = CARTESIAN_POINT('',(0.395415392868,-2.2));
#10592 = VECTOR('',#10593,1.);
#10593 = DIRECTION('',(1.,-1.730663671429E-14));
#10594 = ( GEOMETRIC_REPRESENTATION_CONTEXT(2) 
PARAMETRIC_REPRESENTATION_CONTEXT() REPRESENTATION_CONTEXT('2D SPACE',''
  ) );
#10595 = PCURVE('',#10420,#10596);
#10596 = DEFINITIONAL_REPRESENTATION('',(#10597),#10601);
#10597 = LINE('',#10598,#10599);
#10598 = CARTESIAN_POINT('',(0.622575296651,0.125));
#10599 = VECTOR('',#10600,1.);
#10600 = DIRECTION('',(-1.,0.));
#10601 = ( GEOMETRIC_REPRESENTATION_CONTEXT(2) 
PARAMETRIC_REPRESENTATION_CONTEXT() REPRESENTATION_CONTEXT('2D SPACE',''
  ) );
#10602 = ORIENTED_EDGE('',*,*,#10603,.T.);
#10603 = EDGE_CURVE('',#10581,#10604,#10606,.T.);
#10604 = VERTEX_POINT('',#10605);
#10605 = CARTESIAN_POINT('',(9.350034635307,0.125,-0.468614980554));
#10606 = SURFACE_CURVE('',#10607,(#10611,#10618),.PCURVE_S1.);
#10607 = LINE('',#10608,#10609);
#10608 = CARTESIAN_POINT('',(7.35,0.125,-0.468614980554));
#10609 = VECTOR('',#10610,1.);
#10610 = DIRECTION('',(1.,0.,0.));
#10611 = PCURVE('',#10450,#10612);
#10612 = DEFINITIONAL_REPRESENTATION('',(#10613),#10617);
#10613 = LINE('',#10614,#10615);
#10614 = CARTESIAN_POINT('',(0.549375708965,-2.2));
#10615 = VECTOR('',#10616,1.);
#10616 = DIRECTION('',(0.,1.));
#10617 = ( GEOMETRIC_REPRESENTATION_CONTEXT(2) 
PARAMETRIC_REPRESENTATION_CONTEXT() REPRESENTATION_CONTEXT('2D SPACE',''
  ) );
#10618 = PCURVE('',#10619,#10624);
#10619 = CYLINDRICAL_SURFACE('',#10620,0.485);
#10620 = AXIS2_PLACEMENT_3D('',#10621,#10622,#10623);
#10621 = CARTESIAN_POINT('',(2.62,0.,0.));
#10622 = DIRECTION('',(1.,0.,0.));
#10623 = DIRECTION('',(0.,-1.,0.));
#10624 = DEFINITIONAL_REPRESENTATION('',(#10625),#10629);
#10625 = LINE('',#10626,#10627);
#10626 = CARTESIAN_POINT('',(1.831470449405,4.73));
#10627 = VECTOR('',#10628,1.);
#10628 = DIRECTION('',(0.,1.));
#10629 = ( GEOMETRIC_REPRESENTATION_CONTEXT(2) 
PARAMETRIC_REPRESENTATION_CONTEXT() REPRESENTATION_CONTEXT('2D SPACE',''
  ) );
#10630 = ORIENTED_EDGE('',*,*,#10631,.F.);
#10631 = EDGE_CURVE('',#10467,#10604,#10632,.T.);
#10632 = SURFACE_CURVE('',#10633,(#10640,#10650),.PCURVE_S1.);
#10633 = B_SPLINE_CURVE_WITH_KNOTS('',3,(#10634,#10635,#10636,#10637,
    #10638,#10639),.UNSPECIFIED.,.F.,.F.,(4,1,1,4),(0.,0.333333333333,
    0.666666666667,1.),.UNSPECIFIED.);
#10634 = CARTESIAN_POINT('',(9.55,0.125,-0.58729000931));
#10635 = CARTESIAN_POINT('',(9.526842197733,0.125,-0.573620918045));
#10636 = CARTESIAN_POINT('',(9.481149675168,0.125,-0.546609268653));
#10637 = CARTESIAN_POINT('',(9.414456966541,0.125,-0.507039734646));
#10638 = CARTESIAN_POINT('',(9.3712943065,0.125,-0.481317901079));
#10639 = CARTESIAN_POINT('',(9.350034635307,0.125,-0.468614980554));
#10640 = PCURVE('',#10450,#10641);
#10641 = DEFINITIONAL_REPRESENTATION('',(#10642),#10649);
#10642 = B_SPLINE_CURVE_WITH_KNOTS('',3,(#10643,#10644,#10645,#10646,
    #10647,#10648),.UNSPECIFIED.,.F.,.F.,(4,1,1,4),(0.,0.333333333333,
    0.666666666667,1.),.UNSPECIFIED.);
#10643 = CARTESIAN_POINT('',(0.430700680209,0.));
#10644 = CARTESIAN_POINT('',(0.444369771474,-2.3157802267E-02));
#10645 = CARTESIAN_POINT('',(0.471381420866,-6.8850324832E-02));
#10646 = CARTESIAN_POINT('',(0.510950954873,-0.135543033459));
#10647 = CARTESIAN_POINT('',(0.53667278844,-0.1787056935));
#10648 = CARTESIAN_POINT('',(0.549375708965,-0.199965364693));
#10649 = ( GEOMETRIC_REPRESENTATION_CONTEXT(2) 
PARAMETRIC_REPRESENTATION_CONTEXT() REPRESENTATION_CONTEXT('2D SPACE',''
  ) );
#10650 = PCURVE('',#10510,#10651);
#10651 = DEFINITIONAL_REPRESENTATION('',(#10652),#10678);
#10652 = B_SPLINE_CURVE_WITH_KNOTS('',3,(#10653,#10654,#10655,#10656,
    #10657,#10658,#10659,#10660,#10661,#10662,#10663,#10664,#10665,
    #10666,#10667,#10668,#10669,#10670,#10671,#10672,#10673,#10674,
    #10675,#10676,#10677),.UNSPECIFIED.,.F.,.F.,(4,1,1,1,1,1,1,1,1,1,1,1
    ,1,1,1,1,1,1,1,1,1,1,4),(0.,4.545454545455E-02,9.090909090909E-02,
    0.136363636364,0.181818181818,0.227272727273,0.272727272727,
    0.318181818182,0.363636363636,0.409090909091,0.454545454545,0.5,
    0.545454545455,0.590909090909,0.636363636364,0.681818181818,
    0.727272727273,0.772727272727,0.818181818182,0.863636363636,
    0.909090909091,0.954545454545,1.),.QUASI_UNIFORM_KNOTS.);
#10653 = CARTESIAN_POINT('',(4.922101606691,9.999567305408E-02));
#10654 = CARTESIAN_POINT('',(4.922747859427,9.683779097266E-02));
#10655 = CARTESIAN_POINT('',(4.924050027007,9.053361379825E-02));
#10656 = CARTESIAN_POINT('',(4.926032927904,8.111204894652E-02));
#10657 = CARTESIAN_POINT('',(4.928046133928,7.172512479132E-02));
#10658 = CARTESIAN_POINT('',(4.930090327267,6.237278167192E-02));
#10659 = CARTESIAN_POINT('',(4.932166208201,5.305496127881E-02));
#10660 = CARTESIAN_POINT('',(4.934274499128,4.377160287646E-02));
#10661 = CARTESIAN_POINT('',(4.936415941352,3.452265774714E-02));
#10662 = CARTESIAN_POINT('',(4.938591308479,2.530803533201E-02));
#10663 = CARTESIAN_POINT('',(4.940801339529,1.612789761637E-02));
#10664 = CARTESIAN_POINT('',(4.943046765164,6.982526178519E-03));
#10665 = CARTESIAN_POINT('',(4.945328341608,-2.1278254675E-03));
#10666 = CARTESIAN_POINT('',(4.947646843152,-1.120289605751E-02));
#10667 = CARTESIAN_POINT('',(4.950003064198,-2.024242372588E-02));
#10668 = CARTESIAN_POINT('',(4.952397822061,-2.924615311225E-02));
#10669 = CARTESIAN_POINT('',(4.954831947318,-3.821379966906E-02));
#10670 = CARTESIAN_POINT('',(4.957306326673,-4.714519682061E-02));
#10671 = CARTESIAN_POINT('',(4.959821947675,-5.604042817624E-02));
#10672 = CARTESIAN_POINT('',(4.962379817236,-6.489953404253E-02));
#10673 = CARTESIAN_POINT('',(4.9649809776,-7.372256511901E-02));
#10674 = CARTESIAN_POINT('',(4.967626504832,-8.250956802476E-02));
#10675 = CARTESIAN_POINT('',(4.970317506476,-9.126058925749E-02));
#10676 = CARTESIAN_POINT('',(4.972142595741,-9.707064547293E-02));
#10677 = CARTESIAN_POINT('',(4.973063102994,-9.996969163888E-02));
#10678 = ( GEOMETRIC_REPRESENTATION_CONTEXT(2) 
PARAMETRIC_REPRESENTATION_CONTEXT() REPRESENTATION_CONTEXT('2D SPACE',''
  ) );
#10679 = ORIENTED_EDGE('',*,*,#10466,.T.);
#10680 = ADVANCED_FACE('',(#10681),#10420,.T.);
#10681 = FACE_BOUND('',#10682,.F.);
#10682 = EDGE_LOOP('',(#10683,#10684,#10707,#10729));
#10683 = ORIENTED_EDGE('',*,*,#10403,.T.);
#10684 = ORIENTED_EDGE('',*,*,#10685,.F.);
#10685 = EDGE_CURVE('',#10686,#10376,#10688,.T.);
#10686 = VERTEX_POINT('',#10687);
#10687 = CARTESIAN_POINT('',(7.35,-0.125,-0.468614980554));
#10688 = SURFACE_CURVE('',#10689,(#10693,#10700),.PCURVE_S1.);
#10689 = LINE('',#10690,#10691);
#10690 = CARTESIAN_POINT('',(7.35,-0.125,-0.468614980554));
#10691 = VECTOR('',#10692,1.);
#10692 = DIRECTION('',(1.730663671429E-14,0.,-1.));
#10693 = PCURVE('',#10420,#10694);
#10694 = DEFINITIONAL_REPRESENTATION('',(#10695),#10699);
#10695 = LINE('',#10696,#10697);
#10696 = CARTESIAN_POINT('',(0.468614980554,-0.125));
#10697 = VECTOR('',#10698,1.);
#10698 = DIRECTION('',(1.,0.));
#10699 = ( GEOMETRIC_REPRESENTATION_CONTEXT(2) 
PARAMETRIC_REPRESENTATION_CONTEXT() REPRESENTATION_CONTEXT('2D SPACE',''
  ) );
#10700 = PCURVE('',#10391,#10701);
#10701 = DEFINITIONAL_REPRESENTATION('',(#10702),#10706);
#10702 = LINE('',#10703,#10704);
#10703 = CARTESIAN_POINT('',(1.531136522822,-2.2));
#10704 = VECTOR('',#10705,1.);
#10705 = DIRECTION('',(1.,1.730663671429E-14));
#10706 = ( GEOMETRIC_REPRESENTATION_CONTEXT(2) 
PARAMETRIC_REPRESENTATION_CONTEXT() REPRESENTATION_CONTEXT('2D SPACE',''
  ) );
#10707 = ORIENTED_EDGE('',*,*,#10708,.T.);
#10708 = EDGE_CURVE('',#10686,#10581,#10709,.T.);
#10709 = SURFACE_CURVE('',#10710,(#10715,#10722),.PCURVE_S1.);
#10710 = CIRCLE('',#10711,0.485);
#10711 = AXIS2_PLACEMENT_3D('',#10712,#10713,#10714);
#10712 = CARTESIAN_POINT('',(7.35,0.,0.));
#10713 = DIRECTION('',(1.,0.,0.));
#10714 = DIRECTION('',(0.,-0.257731958763,-0.966216454751));
#10715 = PCURVE('',#10420,#10716);
#10716 = DEFINITIONAL_REPRESENTATION('',(#10717),#10721);
#10717 = CIRCLE('',#10718,0.485);
#10718 = AXIS2_PLACEMENT_2D('',#10719,#10720);
#10719 = CARTESIAN_POINT('',(0.,0.));
#10720 = DIRECTION('',(0.966216454751,-0.257731958763));
#10721 = ( GEOMETRIC_REPRESENTATION_CONTEXT(2) 
PARAMETRIC_REPRESENTATION_CONTEXT() REPRESENTATION_CONTEXT('2D SPACE',''
  ) );
#10722 = PCURVE('',#10619,#10723);
#10723 = DEFINITIONAL_REPRESENTATION('',(#10724),#10728);
#10724 = LINE('',#10725,#10726);
#10725 = CARTESIAN_POINT('',(1.310122204185,4.73));
#10726 = VECTOR('',#10727,1.);
#10727 = DIRECTION('',(1.,0.));
#10728 = ( GEOMETRIC_REPRESENTATION_CONTEXT(2) 
PARAMETRIC_REPRESENTATION_CONTEXT() REPRESENTATION_CONTEXT('2D SPACE',''
  ) );
#10729 = ORIENTED_EDGE('',*,*,#10580,.F.);
#10730 = ADVANCED_FACE('',(#10731),#10391,.F.);
#10731 = FACE_BOUND('',#10732,.F.);
#10732 = EDGE_LOOP('',(#10733,#10734,#10757,#10813,#10834));
#10733 = ORIENTED_EDGE('',*,*,#10375,.F.);
#10734 = ORIENTED_EDGE('',*,*,#10735,.F.);
#10735 = EDGE_CURVE('',#10736,#10343,#10738,.T.);
#10736 = VERTEX_POINT('',#10737);
#10737 = CARTESIAN_POINT('',(9.55,-0.125,-0.58729000931));
#10738 = SURFACE_CURVE('',#10739,(#10743,#10750),.PCURVE_S1.);
#10739 = LINE('',#10740,#10741);
#10740 = CARTESIAN_POINT('',(9.55,-0.125,-0.58729000931));
#10741 = VECTOR('',#10742,1.);
#10742 = DIRECTION('',(1.006854115838E-13,0.,-1.));
#10743 = PCURVE('',#10391,#10744);
#10744 = DEFINITIONAL_REPRESENTATION('',(#10745),#10749);
#10745 = LINE('',#10746,#10747);
#10746 = CARTESIAN_POINT('',(1.649811551578,0.));
#10747 = VECTOR('',#10748,1.);
#10748 = DIRECTION('',(1.,1.006854115838E-13));
#10749 = ( GEOMETRIC_REPRESENTATION_CONTEXT(2) 
PARAMETRIC_REPRESENTATION_CONTEXT() REPRESENTATION_CONTEXT('2D SPACE',''
  ) );
#10750 = PCURVE('',#10359,#10751);
#10751 = DEFINITIONAL_REPRESENTATION('',(#10752),#10756);
#10752 = LINE('',#10753,#10754);
#10753 = CARTESIAN_POINT('',(0.125,0.58729000931));
#10754 = VECTOR('',#10755,1.);
#10755 = DIRECTION('',(0.,1.));
#10756 = ( GEOMETRIC_REPRESENTATION_CONTEXT(2) 
PARAMETRIC_REPRESENTATION_CONTEXT() REPRESENTATION_CONTEXT('2D SPACE',''
  ) );
#10757 = ORIENTED_EDGE('',*,*,#10758,.F.);
#10758 = EDGE_CURVE('',#10759,#10736,#10761,.T.);
#10759 = VERTEX_POINT('',#10760);
#10760 = CARTESIAN_POINT('',(9.350034635307,-0.125,-0.468614980554));
#10761 = SURFACE_CURVE('',#10762,(#10769,#10779),.PCURVE_S1.);
#10762 = B_SPLINE_CURVE_WITH_KNOTS('',3,(#10763,#10764,#10765,#10766,
    #10767,#10768),.UNSPECIFIED.,.F.,.F.,(4,1,1,4),(0.,0.333333333333,
    0.666666666667,1.),.UNSPECIFIED.);
#10763 = CARTESIAN_POINT('',(9.350034635307,-0.125,-0.468614980554));
#10764 = CARTESIAN_POINT('',(9.371247584084,-0.125,-0.481289983849));
#10765 = CARTESIAN_POINT('',(9.41434781085,-0.125,-0.506974801611));
#10766 = CARTESIAN_POINT('',(9.481039552187,-0.125,-0.546544093971));
#10767 = CARTESIAN_POINT('',(9.526794965446,-0.125,-0.573593038784));
#10768 = CARTESIAN_POINT('',(9.55,-0.125,-0.58729000931));
#10769 = PCURVE('',#10391,#10770);
#10770 = DEFINITIONAL_REPRESENTATION('',(#10771),#10778);
#10771 = B_SPLINE_CURVE_WITH_KNOTS('',3,(#10772,#10773,#10774,#10775,
    #10776,#10777),.UNSPECIFIED.,.F.,.F.,(4,1,1,4),(0.,0.333333333333,
    0.666666666667,1.),.UNSPECIFIED.);
#10772 = CARTESIAN_POINT('',(1.531136522822,-0.199965364693));
#10773 = CARTESIAN_POINT('',(1.543811526117,-0.178752415916));
#10774 = CARTESIAN_POINT('',(1.569496343879,-0.13565218915));
#10775 = CARTESIAN_POINT('',(1.609065636239,-6.8960447813E-02));
#10776 = CARTESIAN_POINT('',(1.636114581052,-2.3205034554E-02));
#10777 = CARTESIAN_POINT('',(1.649811551578,0.));
#10778 = ( GEOMETRIC_REPRESENTATION_CONTEXT(2) 
PARAMETRIC_REPRESENTATION_CONTEXT() REPRESENTATION_CONTEXT('2D SPACE',''
  ) );
#10779 = PCURVE('',#10780,#10785);
#10780 = CONICAL_SURFACE('',#10781,0.542715148764,0.523580922899);
#10781 = AXIS2_PLACEMENT_3D('',#10782,#10783,#10784);
#10782 = CARTESIAN_POINT('',(9.450004326946,0.,0.));
#10783 = DIRECTION('',(1.,0.,0.));
#10784 = DIRECTION('',(-0.,1.,0.));
#10785 = DEFINITIONAL_REPRESENTATION('',(#10786),#10812);
#10786 = B_SPLINE_CURVE_WITH_KNOTS('',3,(#10787,#10788,#10789,#10790,
    #10791,#10792,#10793,#10794,#10795,#10796,#10797,#10798,#10799,
    #10800,#10801,#10802,#10803,#10804,#10805,#10806,#10807,#10808,
    #10809,#10810,#10811),.UNSPECIFIED.,.F.,.F.,(4,1,1,1,1,1,1,1,1,1,1,1
    ,1,1,1,1,1,1,1,1,1,1,4),(0.,4.545454545455E-02,9.090909090909E-02,
    0.136363636364,0.181818181818,0.227272727273,0.272727272727,
    0.318181818182,0.363636363636,0.409090909091,0.454545454545,0.5,
    0.545454545455,0.590909090909,0.636363636364,0.681818181818,
    0.727272727273,0.772727272727,0.818181818182,0.863636363636,
    0.909090909091,0.954545454545,1.),.QUASI_UNIFORM_KNOTS.);
#10787 = CARTESIAN_POINT('',(4.451714857775,-9.996969163888E-02));
#10788 = CARTESIAN_POINT('',(4.452633342211,-9.707701671698E-02));
#10789 = CARTESIAN_POINT('',(4.454454654757,-9.127912640408E-02));
#10790 = CARTESIAN_POINT('',(4.457140755485,-8.254462503102E-02));
#10791 = CARTESIAN_POINT('',(4.459782102522,-7.37724137267E-02));
#10792 = CARTESIAN_POINT('',(4.462379762992,-6.496244682228E-02));
#10793 = CARTESIAN_POINT('',(4.46493477439,-5.611467855985E-02));
#10794 = CARTESIAN_POINT('',(4.46744814238,-4.722905923535E-02));
#10795 = CARTESIAN_POINT('',(4.469920839219,-3.830554930547E-02));
#10796 = CARTESIAN_POINT('',(4.472353819244,-2.934406703731E-02));
#10797 = CARTESIAN_POINT('',(4.474747939489,-2.03447746326E-02));
#10798 = CARTESIAN_POINT('',(4.477104003159,-1.130794932888E-02));
#10799 = CARTESIAN_POINT('',(4.479422801305,-2.23383993025E-03));
#10800 = CARTESIAN_POINT('',(4.481705103388,6.877298396908E-03));
#10801 = CARTESIAN_POINT('',(4.48395165995,1.60252110537E-02));
#10802 = CARTESIAN_POINT('',(4.486163204577,2.520965097898E-02));
#10803 = CARTESIAN_POINT('',(4.488340446537,3.443034373595E-02));
#10804 = CARTESIAN_POINT('',(4.490484103846,4.368713146043E-02));
#10805 = CARTESIAN_POINT('',(4.492594928836,5.298010247252E-02));
#10806 = CARTESIAN_POINT('',(4.494673642828,6.230930428948E-02));
#10807 = CARTESIAN_POINT('',(4.49672094916,7.16747961323E-02));
#10808 = CARTESIAN_POINT('',(4.498737530045,8.107663484536E-02));
#10809 = CARTESIAN_POINT('',(4.500724050416,9.051487858074E-02));
#10810 = CARTESIAN_POINT('',(4.502028783328,9.683135020435E-02));
#10811 = CARTESIAN_POINT('',(4.502676354079,9.999567305408E-02));
#10812 = ( GEOMETRIC_REPRESENTATION_CONTEXT(2) 
PARAMETRIC_REPRESENTATION_CONTEXT() REPRESENTATION_CONTEXT('2D SPACE',''
  ) );
#10813 = ORIENTED_EDGE('',*,*,#10814,.F.);
#10814 = EDGE_CURVE('',#10686,#10759,#10815,.T.);
#10815 = SURFACE_CURVE('',#10816,(#10820,#10827),.PCURVE_S1.);
#10816 = LINE('',#10817,#10818);
#10817 = CARTESIAN_POINT('',(7.35,-0.125,-0.468614980554));
#10818 = VECTOR('',#10819,1.);
#10819 = DIRECTION('',(1.,0.,0.));
#10820 = PCURVE('',#10391,#10821);
#10821 = DEFINITIONAL_REPRESENTATION('',(#10822),#10826);
#10822 = LINE('',#10823,#10824);
#10823 = CARTESIAN_POINT('',(1.531136522822,-2.2));
#10824 = VECTOR('',#10825,1.);
#10825 = DIRECTION('',(0.,1.));
#10826 = ( GEOMETRIC_REPRESENTATION_CONTEXT(2) 
PARAMETRIC_REPRESENTATION_CONTEXT() REPRESENTATION_CONTEXT('2D SPACE',''
  ) );
#10827 = PCURVE('',#10619,#10828);
#10828 = DEFINITIONAL_REPRESENTATION('',(#10829),#10833);
#10829 = LINE('',#10830,#10831);
#10830 = CARTESIAN_POINT('',(1.310122204185,4.73));
#10831 = VECTOR('',#10832,1.);
#10832 = DIRECTION('',(0.,1.));
#10833 = ( GEOMETRIC_REPRESENTATION_CONTEXT(2) 
PARAMETRIC_REPRESENTATION_CONTEXT() REPRESENTATION_CONTEXT('2D SPACE',''
  ) );
#10834 = ORIENTED_EDGE('',*,*,#10685,.T.);
#10835 = ADVANCED_FACE('',(#10836),#10359,.T.);
#10836 = FACE_BOUND('',#10837,.F.);
#10837 = EDGE_LOOP('',(#10838,#10839,#10867,#10895,#10921));
#10838 = ORIENTED_EDGE('',*,*,#10342,.T.);
#10839 = ORIENTED_EDGE('',*,*,#10840,.T.);
#10840 = EDGE_CURVE('',#10320,#10841,#10843,.T.);
#10841 = VERTEX_POINT('',#10842);
#10842 = CARTESIAN_POINT('',(9.55,-0.125,0.622575296651));
#10843 = SURFACE_CURVE('',#10844,(#10849,#10860),.PCURVE_S1.);
#10844 = CIRCLE('',#10845,0.635);
#10845 = AXIS2_PLACEMENT_3D('',#10846,#10847,#10848);
#10846 = CARTESIAN_POINT('',(9.55,0.,0.));
#10847 = DIRECTION('',(-1.,0.,0.));
#10848 = DIRECTION('',(0.,-1.,0.));
#10849 = PCURVE('',#10359,#10850);
#10850 = DEFINITIONAL_REPRESENTATION('',(#10851),#10859);
#10851 = ( BOUNDED_CURVE() B_SPLINE_CURVE(2,(#10852,#10853,#10854,#10855
    ,#10856,#10857,#10858),.UNSPECIFIED.,.T.,.F.) 
B_SPLINE_CURVE_WITH_KNOTS((1,2,2,2,2,1),(-2.094395102393,0.,
    2.094395102393,4.188790204786,6.28318530718,8.377580409573),
.UNSPECIFIED.) CURVE() GEOMETRIC_REPRESENTATION_ITEM() 
RATIONAL_B_SPLINE_CURVE((1.,0.5,1.,0.5,1.,0.5,1.)) REPRESENTATION_ITEM(
  '') );
#10852 = CARTESIAN_POINT('',(0.635,0.));
#10853 = CARTESIAN_POINT('',(0.635,-1.099852262806));
#10854 = CARTESIAN_POINT('',(-0.3175,-0.549926131403));
#10855 = CARTESIAN_POINT('',(-1.27,-1.555301434917E-16));
#10856 = CARTESIAN_POINT('',(-0.3175,0.549926131403));
#10857 = CARTESIAN_POINT('',(0.635,1.099852262806));
#10858 = CARTESIAN_POINT('',(0.635,0.));
#10859 = ( GEOMETRIC_REPRESENTATION_CONTEXT(2) 
PARAMETRIC_REPRESENTATION_CONTEXT() REPRESENTATION_CONTEXT('2D SPACE',''
  ) );
#10860 = PCURVE('',#213,#10861);
#10861 = DEFINITIONAL_REPRESENTATION('',(#10862),#10866);
#10862 = LINE('',#10863,#10864);
#10863 = CARTESIAN_POINT('',(3.14159265359,0.35));
#10864 = VECTOR('',#10865,1.);
#10865 = DIRECTION('',(1.,0.));
#10866 = ( GEOMETRIC_REPRESENTATION_CONTEXT(2) 
PARAMETRIC_REPRESENTATION_CONTEXT() REPRESENTATION_CONTEXT('2D SPACE',''
  ) );
#10867 = ORIENTED_EDGE('',*,*,#10868,.T.);
#10868 = EDGE_CURVE('',#10841,#10869,#10871,.T.);
#10869 = VERTEX_POINT('',#10870);
#10870 = CARTESIAN_POINT('',(9.55,-0.125,0.58729000931));
#10871 = SURFACE_CURVE('',#10872,(#10876,#10883),.PCURVE_S1.);
#10872 = LINE('',#10873,#10874);
#10873 = CARTESIAN_POINT('',(9.55,-0.125,0.622575296651));
#10874 = VECTOR('',#10875,1.);
#10875 = DIRECTION('',(-1.006854115838E-13,0.,-1.));
#10876 = PCURVE('',#10359,#10877);
#10877 = DEFINITIONAL_REPRESENTATION('',(#10878),#10882);
#10878 = LINE('',#10879,#10880);
#10879 = CARTESIAN_POINT('',(0.125,-0.622575296651));
#10880 = VECTOR('',#10881,1.);
#10881 = DIRECTION('',(0.,1.));
#10882 = ( GEOMETRIC_REPRESENTATION_CONTEXT(2) 
PARAMETRIC_REPRESENTATION_CONTEXT() REPRESENTATION_CONTEXT('2D SPACE',''
  ) );
#10883 = PCURVE('',#10884,#10889);
#10884 = PLANE('',#10885);
#10885 = AXIS2_PLACEMENT_3D('',#10886,#10887,#10888);
#10886 = CARTESIAN_POINT('',(9.55,-0.125,1.062521542268));
#10887 = DIRECTION('',(0.,-1.,0.));
#10888 = DIRECTION('',(0.,0.,-1.));
#10889 = DEFINITIONAL_REPRESENTATION('',(#10890),#10894);
#10890 = LINE('',#10891,#10892);
#10891 = CARTESIAN_POINT('',(0.439946245617,0.));
#10892 = VECTOR('',#10893,1.);
#10893 = DIRECTION('',(1.,-1.006854115838E-13));
#10894 = ( GEOMETRIC_REPRESENTATION_CONTEXT(2) 
PARAMETRIC_REPRESENTATION_CONTEXT() REPRESENTATION_CONTEXT('2D SPACE',''
  ) );
#10895 = ORIENTED_EDGE('',*,*,#10896,.F.);
#10896 = EDGE_CURVE('',#10736,#10869,#10897,.T.);
#10897 = SURFACE_CURVE('',#10898,(#10903,#10914),.PCURVE_S1.);
#10898 = CIRCLE('',#10899,0.600445297288);
#10899 = AXIS2_PLACEMENT_3D('',#10900,#10901,#10902);
#10900 = CARTESIAN_POINT('',(9.55,0.,0.));
#10901 = DIRECTION('',(-1.,0.,0.));
#10902 = DIRECTION('',(-0.,-0.208178830885,-0.97809078023));
#10903 = PCURVE('',#10359,#10904);
#10904 = DEFINITIONAL_REPRESENTATION('',(#10905),#10913);
#10905 = ( BOUNDED_CURVE() B_SPLINE_CURVE(2,(#10906,#10907,#10908,#10909
    ,#10910,#10911,#10912),.UNSPECIFIED.,.T.,.F.) 
B_SPLINE_CURVE_WITH_KNOTS((1,2,2,2,2,1),(-2.094395102393,0.,
    2.094395102393,4.188790204786,6.28318530718,8.377580409573),
.UNSPECIFIED.) CURVE() GEOMETRIC_REPRESENTATION_ITEM() 
RATIONAL_B_SPLINE_CURVE((1.,0.5,1.,0.5,1.,0.5,1.)) REPRESENTATION_ITEM(
  '') );
#10906 = CARTESIAN_POINT('',(0.125,0.58729000931));
#10907 = CARTESIAN_POINT('',(1.142216134902,0.370783658364));
#10908 = CARTESIAN_POINT('',(0.446108067451,-0.401898180128));
#10909 = CARTESIAN_POINT('',(-0.25,-1.174580018619));
#10910 = CARTESIAN_POINT('',(-0.571108067451,-0.185391829182));
#10911 = CARTESIAN_POINT('',(-0.892216134902,0.803796360256));
#10912 = CARTESIAN_POINT('',(0.125,0.58729000931));
#10913 = ( GEOMETRIC_REPRESENTATION_CONTEXT(2) 
PARAMETRIC_REPRESENTATION_CONTEXT() REPRESENTATION_CONTEXT('2D SPACE',''
  ) );
#10914 = PCURVE('',#10780,#10915);
#10915 = DEFINITIONAL_REPRESENTATION('',(#10916),#10920);
#10916 = LINE('',#10917,#10918);
#10917 = CARTESIAN_POINT('',(4.502676354079,9.99956730541E-02));
#10918 = VECTOR('',#10919,1.);
#10919 = DIRECTION('',(-1.,0.));
#10920 = ( GEOMETRIC_REPRESENTATION_CONTEXT(2) 
PARAMETRIC_REPRESENTATION_CONTEXT() REPRESENTATION_CONTEXT('2D SPACE',''
  ) );
#10921 = ORIENTED_EDGE('',*,*,#10735,.T.);
#10922 = ADVANCED_FACE('',(#10923),#213,.F.);
#10923 = FACE_BOUND('',#10924,.F.);
#10924 = EDGE_LOOP('',(#10925,#10926,#10927,#10928,#10929,#10930,#10953,
    #10986));
#10925 = ORIENTED_EDGE('',*,*,#10840,.F.);
#10926 = ORIENTED_EDGE('',*,*,#10319,.T.);
#10927 = ORIENTED_EDGE('',*,*,#194,.F.);
#10928 = ORIENTED_EDGE('',*,*,#10297,.F.);
#10929 = ORIENTED_EDGE('',*,*,#10550,.F.);
#10930 = ORIENTED_EDGE('',*,*,#10931,.T.);
#10931 = EDGE_CURVE('',#10523,#10932,#10934,.T.);
#10932 = VERTEX_POINT('',#10933);
#10933 = CARTESIAN_POINT('',(7.35,0.125,0.622575296651));
#10934 = SURFACE_CURVE('',#10935,(#10939,#10946),.PCURVE_S1.);
#10935 = LINE('',#10936,#10937);
#10936 = CARTESIAN_POINT('',(9.55,0.125,0.622575296651));
#10937 = VECTOR('',#10938,1.);
#10938 = DIRECTION('',(-1.,0.,0.));
#10939 = PCURVE('',#213,#10940);
#10940 = DEFINITIONAL_REPRESENTATION('',(#10941),#10945);
#10941 = LINE('',#10942,#10943);
#10942 = CARTESIAN_POINT('',(4.910533396131,0.35));
#10943 = VECTOR('',#10944,1.);
#10944 = DIRECTION('',(0.,1.));
#10945 = ( GEOMETRIC_REPRESENTATION_CONTEXT(2) 
PARAMETRIC_REPRESENTATION_CONTEXT() REPRESENTATION_CONTEXT('2D SPACE',''
  ) );
#10946 = PCURVE('',#10538,#10947);
#10947 = DEFINITIONAL_REPRESENTATION('',(#10948),#10952);
#10948 = LINE('',#10949,#10950);
#10949 = CARTESIAN_POINT('',(1.64056598617,0.));
#10950 = VECTOR('',#10951,1.);
#10951 = DIRECTION('',(0.,-1.));
#10952 = ( GEOMETRIC_REPRESENTATION_CONTEXT(2) 
PARAMETRIC_REPRESENTATION_CONTEXT() REPRESENTATION_CONTEXT('2D SPACE',''
  ) );
#10953 = ORIENTED_EDGE('',*,*,#10954,.F.);
#10954 = EDGE_CURVE('',#10955,#10932,#10957,.T.);
#10955 = VERTEX_POINT('',#10956);
#10956 = CARTESIAN_POINT('',(7.35,-0.125,0.622575296651));
#10957 = SURFACE_CURVE('',#10958,(#10963,#10970),.PCURVE_S1.);
#10958 = CIRCLE('',#10959,0.635);
#10959 = AXIS2_PLACEMENT_3D('',#10960,#10961,#10962);
#10960 = CARTESIAN_POINT('',(7.35,0.,0.));
#10961 = DIRECTION('',(-1.,0.,0.));
#10962 = DIRECTION('',(0.,-0.196850393701,0.980433538033));
#10963 = PCURVE('',#213,#10964);
#10964 = DEFINITIONAL_REPRESENTATION('',(#10965),#10969);
#10965 = LINE('',#10966,#10967);
#10966 = CARTESIAN_POINT('',(4.514244564639,2.55));
#10967 = VECTOR('',#10968,1.);
#10968 = DIRECTION('',(1.,0.));
#10969 = ( GEOMETRIC_REPRESENTATION_CONTEXT(2) 
PARAMETRIC_REPRESENTATION_CONTEXT() REPRESENTATION_CONTEXT('2D SPACE',''
  ) );
#10970 = PCURVE('',#10971,#10976);
#10971 = PLANE('',#10972);
#10972 = AXIS2_PLACEMENT_3D('',#10973,#10974,#10975);
#10973 = CARTESIAN_POINT('',(7.35,0.,0.));
#10974 = DIRECTION('',(1.,0.,0.));
#10975 = DIRECTION('',(0.,0.,-1.));
#10976 = DEFINITIONAL_REPRESENTATION('',(#10977),#10985);
#10977 = ( BOUNDED_CURVE() B_SPLINE_CURVE(2,(#10978,#10979,#10980,#10981
    ,#10982,#10983,#10984),.UNSPECIFIED.,.T.,.F.) 
B_SPLINE_CURVE_WITH_KNOTS((1,2,2,2,2,1),(-2.094395102393,0.,
    2.094395102393,4.188790204786,6.28318530718,8.377580409573),
.UNSPECIFIED.) CURVE() GEOMETRIC_REPRESENTATION_ITEM() 
RATIONAL_B_SPLINE_CURVE((1.,0.5,1.,0.5,1.,0.5,1.)) REPRESENTATION_ITEM(
  '') );
#10978 = CARTESIAN_POINT('',(-0.622575296651,-0.125));
#10979 = CARTESIAN_POINT('',(-0.839081647597,0.953332045337));
#10980 = CARTESIAN_POINT('',(0.203034472852,0.601666022668));
#10981 = CARTESIAN_POINT('',(1.245150593302,0.25));
#10982 = CARTESIAN_POINT('',(0.419540823799,-0.476666022668));
#10983 = CARTESIAN_POINT('',(-0.406068945705,-1.203332045337));
#10984 = CARTESIAN_POINT('',(-0.622575296651,-0.125));
#10985 = ( GEOMETRIC_REPRESENTATION_CONTEXT(2) 
PARAMETRIC_REPRESENTATION_CONTEXT() REPRESENTATION_CONTEXT('2D SPACE',''
  ) );
#10986 = ORIENTED_EDGE('',*,*,#10987,.F.);
#10987 = EDGE_CURVE('',#10841,#10955,#10988,.T.);
#10988 = SURFACE_CURVE('',#10989,(#10993,#11000),.PCURVE_S1.);
#10989 = LINE('',#10990,#10991);
#10990 = CARTESIAN_POINT('',(9.55,-0.125,0.622575296651));
#10991 = VECTOR('',#10992,1.);
#10992 = DIRECTION('',(-1.,0.,0.));
#10993 = PCURVE('',#213,#10994);
#10994 = DEFINITIONAL_REPRESENTATION('',(#10995),#10999);
#10995 = LINE('',#10996,#10997);
#10996 = CARTESIAN_POINT('',(4.514244564639,0.35));
#10997 = VECTOR('',#10998,1.);
#10998 = DIRECTION('',(0.,1.));
#10999 = ( GEOMETRIC_REPRESENTATION_CONTEXT(2) 
PARAMETRIC_REPRESENTATION_CONTEXT() REPRESENTATION_CONTEXT('2D SPACE',''
  ) );
#11000 = PCURVE('',#10884,#11001);
#11001 = DEFINITIONAL_REPRESENTATION('',(#11002),#11006);
#11002 = LINE('',#11003,#11004);
#11003 = CARTESIAN_POINT('',(0.439946245617,0.));
#11004 = VECTOR('',#11005,1.);
#11005 = DIRECTION('',(0.,-1.));
#11006 = ( GEOMETRIC_REPRESENTATION_CONTEXT(2) 
PARAMETRIC_REPRESENTATION_CONTEXT() REPRESENTATION_CONTEXT('2D SPACE',''
  ) );
#11007 = ADVANCED_FACE('',(#11008),#10538,.F.);
#11008 = FACE_BOUND('',#11009,.F.);
#11009 = EDGE_LOOP('',(#11010,#11011,#11012,#11063,#11091));
#11010 = ORIENTED_EDGE('',*,*,#10931,.F.);
#11011 = ORIENTED_EDGE('',*,*,#10522,.T.);
#11012 = ORIENTED_EDGE('',*,*,#11013,.F.);
#11013 = EDGE_CURVE('',#11014,#10490,#11016,.T.);
#11014 = VERTEX_POINT('',#11015);
#11015 = CARTESIAN_POINT('',(9.350034635307,0.125,0.468614980554));
#11016 = SURFACE_CURVE('',#11017,(#11024,#11034),.PCURVE_S1.);
#11017 = B_SPLINE_CURVE_WITH_KNOTS('',3,(#11018,#11019,#11020,#11021,
    #11022,#11023),.UNSPECIFIED.,.F.,.F.,(4,1,1,4),(0.,0.333333333333,
    0.666666666667,1.),.UNSPECIFIED.);
#11018 = CARTESIAN_POINT('',(9.350034635307,0.125,0.468614980554));
#11019 = CARTESIAN_POINT('',(9.371247584084,0.125,0.481289983849));
#11020 = CARTESIAN_POINT('',(9.41434781085,0.125,0.506974801611));
#11021 = CARTESIAN_POINT('',(9.481039552187,0.125,0.546544093971));
#11022 = CARTESIAN_POINT('',(9.526794965446,0.125,0.573593038784));
#11023 = CARTESIAN_POINT('',(9.55,0.125,0.58729000931));
#11024 = PCURVE('',#10538,#11025);
#11025 = DEFINITIONAL_REPRESENTATION('',(#11026),#11033);
#11026 = B_SPLINE_CURVE_WITH_KNOTS('',3,(#11027,#11028,#11029,#11030,
    #11031,#11032),.UNSPECIFIED.,.F.,.F.,(4,1,1,4),(0.,0.333333333333,
    0.666666666667,1.),.UNSPECIFIED.);
#11027 = CARTESIAN_POINT('',(1.486605670073,-0.199965364693));
#11028 = CARTESIAN_POINT('',(1.499280673368,-0.178752415916));
#11029 = CARTESIAN_POINT('',(1.52496549113,-0.13565218915));
#11030 = CARTESIAN_POINT('',(1.56453478349,-6.8960447813E-02));
#11031 = CARTESIAN_POINT('',(1.591583728303,-2.3205034554E-02));
#11032 = CARTESIAN_POINT('',(1.605280698829,0.));
#11033 = ( GEOMETRIC_REPRESENTATION_CONTEXT(2) 
PARAMETRIC_REPRESENTATION_CONTEXT() REPRESENTATION_CONTEXT('2D SPACE',''
  ) );
#11034 = PCURVE('',#10510,#11035);
#11035 = DEFINITIONAL_REPRESENTATION('',(#11036),#11062);
#11036 = B_SPLINE_CURVE_WITH_KNOTS('',3,(#11037,#11038,#11039,#11040,
    #11041,#11042,#11043,#11044,#11045,#11046,#11047,#11048,#11049,
    #11050,#11051,#11052,#11053,#11054,#11055,#11056,#11057,#11058,
    #11059,#11060,#11061),.UNSPECIFIED.,.F.,.F.,(4,1,1,1,1,1,1,1,1,1,1,1
    ,1,1,1,1,1,1,1,1,1,1,4),(0.,4.545454545455E-02,9.090909090909E-02,
    0.136363636364,0.181818181818,0.227272727273,0.272727272727,
    0.318181818182,0.363636363636,0.409090909091,0.454545454545,0.5,
    0.545454545455,0.590909090909,0.636363636364,0.681818181818,
    0.727272727273,0.772727272727,0.818181818182,0.863636363636,
    0.909090909091,0.954545454545,1.),.QUASI_UNIFORM_KNOTS.);
#11037 = CARTESIAN_POINT('',(7.593307511365,-9.996969163888E-02));
#11038 = CARTESIAN_POINT('',(7.594225995801,-9.707701671698E-02));
#11039 = CARTESIAN_POINT('',(7.596047308346,-9.127912640408E-02));
#11040 = CARTESIAN_POINT('',(7.598733409075,-8.254462503102E-02));
#11041 = CARTESIAN_POINT('',(7.601374756111,-7.37724137267E-02));
#11042 = CARTESIAN_POINT('',(7.603972416582,-6.496244682228E-02));
#11043 = CARTESIAN_POINT('',(7.606527427979,-5.611467855985E-02));
#11044 = CARTESIAN_POINT('',(7.60904079597,-4.722905923535E-02));
#11045 = CARTESIAN_POINT('',(7.611513492809,-3.830554930547E-02));
#11046 = CARTESIAN_POINT('',(7.613946472834,-2.934406703731E-02));
#11047 = CARTESIAN_POINT('',(7.616340593079,-2.03447746326E-02));
#11048 = CARTESIAN_POINT('',(7.618696656749,-1.130794932888E-02));
#11049 = CARTESIAN_POINT('',(7.621015454895,-2.23383993025E-03));
#11050 = CARTESIAN_POINT('',(7.623297756977,6.877298396908E-03));
#11051 = CARTESIAN_POINT('',(7.62554431354,1.60252110537E-02));
#11052 = CARTESIAN_POINT('',(7.627755858167,2.520965097898E-02));
#11053 = CARTESIAN_POINT('',(7.629933100126,3.443034373595E-02));
#11054 = CARTESIAN_POINT('',(7.632076757436,4.368713146043E-02));
#11055 = CARTESIAN_POINT('',(7.634187582426,5.298010247252E-02));
#11056 = CARTESIAN_POINT('',(7.636266296417,6.230930428948E-02));
#11057 = CARTESIAN_POINT('',(7.63831360275,7.16747961323E-02));
#11058 = CARTESIAN_POINT('',(7.640330183634,8.107663484536E-02));
#11059 = CARTESIAN_POINT('',(7.642316704006,9.051487858074E-02));
#11060 = CARTESIAN_POINT('',(7.643621436917,9.683135020435E-02));
#11061 = CARTESIAN_POINT('',(7.644269007669,9.999567305408E-02));
#11062 = ( GEOMETRIC_REPRESENTATION_CONTEXT(2) 
PARAMETRIC_REPRESENTATION_CONTEXT() REPRESENTATION_CONTEXT('2D SPACE',''
  ) );
#11063 = ORIENTED_EDGE('',*,*,#11064,.F.);
#11064 = EDGE_CURVE('',#11065,#11014,#11067,.T.);
#11065 = VERTEX_POINT('',#11066);
#11066 = CARTESIAN_POINT('',(7.35,0.125,0.468614980554));
#11067 = SURFACE_CURVE('',#11068,(#11072,#11079),.PCURVE_S1.);
#11068 = LINE('',#11069,#11070);
#11069 = CARTESIAN_POINT('',(7.35,0.125,0.468614980554));
#11070 = VECTOR('',#11071,1.);
#11071 = DIRECTION('',(1.,0.,0.));
#11072 = PCURVE('',#10538,#11073);
#11073 = DEFINITIONAL_REPRESENTATION('',(#11074),#11078);
#11074 = LINE('',#11075,#11076);
#11075 = CARTESIAN_POINT('',(1.486605670073,-2.2));
#11076 = VECTOR('',#11077,1.);
#11077 = DIRECTION('',(0.,1.));
#11078 = ( GEOMETRIC_REPRESENTATION_CONTEXT(2) 
PARAMETRIC_REPRESENTATION_CONTEXT() REPRESENTATION_CONTEXT('2D SPACE',''
  ) );
#11079 = PCURVE('',#11080,#11085);
#11080 = CYLINDRICAL_SURFACE('',#11081,0.485);
#11081 = AXIS2_PLACEMENT_3D('',#11082,#11083,#11084);
#11082 = CARTESIAN_POINT('',(2.62,0.,0.));
#11083 = DIRECTION('',(1.,0.,0.));
#11084 = DIRECTION('',(0.,-1.,0.));
#11085 = DEFINITIONAL_REPRESENTATION('',(#11086),#11090);
#11086 = LINE('',#11087,#11088);
#11087 = CARTESIAN_POINT('',(4.451714857775,4.73));
#11088 = VECTOR('',#11089,1.);
#11089 = DIRECTION('',(0.,1.));
#11090 = ( GEOMETRIC_REPRESENTATION_CONTEXT(2) 
PARAMETRIC_REPRESENTATION_CONTEXT() REPRESENTATION_CONTEXT('2D SPACE',''
  ) );
#11091 = ORIENTED_EDGE('',*,*,#11092,.T.);
#11092 = EDGE_CURVE('',#11065,#10932,#11093,.T.);
#11093 = SURFACE_CURVE('',#11094,(#11098,#11105),.PCURVE_S1.);
#11094 = LINE('',#11095,#11096);
#11095 = CARTESIAN_POINT('',(7.35,0.125,0.468614980554));
#11096 = VECTOR('',#11097,1.);
#11097 = DIRECTION('',(1.730663671429E-14,0.,1.));
#11098 = PCURVE('',#10538,#11099);
#11099 = DEFINITIONAL_REPRESENTATION('',(#11100),#11104);
#11100 = LINE('',#11101,#11102);
#11101 = CARTESIAN_POINT('',(1.486605670073,-2.2));
#11102 = VECTOR('',#11103,1.);
#11103 = DIRECTION('',(1.,1.730663671429E-14));
#11104 = ( GEOMETRIC_REPRESENTATION_CONTEXT(2) 
PARAMETRIC_REPRESENTATION_CONTEXT() REPRESENTATION_CONTEXT('2D SPACE',''
  ) );
#11105 = PCURVE('',#10971,#11106);
#11106 = DEFINITIONAL_REPRESENTATION('',(#11107),#11111);
#11107 = LINE('',#11108,#11109);
#11108 = CARTESIAN_POINT('',(-0.468614980554,0.125));
#11109 = VECTOR('',#11110,1.);
#11110 = DIRECTION('',(-1.,0.));
#11111 = ( GEOMETRIC_REPRESENTATION_CONTEXT(2) 
PARAMETRIC_REPRESENTATION_CONTEXT() REPRESENTATION_CONTEXT('2D SPACE',''
  ) );
#11112 = ADVANCED_FACE('',(#11113),#10510,.F.);
#11113 = FACE_BOUND('',#11114,.F.);
#11114 = EDGE_LOOP('',(#11115,#11139,#11161,#11162,#11163));
#11115 = ORIENTED_EDGE('',*,*,#11116,.F.);
#11116 = EDGE_CURVE('',#11117,#10604,#11119,.T.);
#11117 = VERTEX_POINT('',#11118);
#11118 = CARTESIAN_POINT('',(9.35000288463,0.484995000079,
    -6.254723761939E-07));
#11119 = SURFACE_CURVE('',#11120,(#11125,#11132),.PCURVE_S1.);
#11120 = CIRCLE('',#11121,0.485);
#11121 = AXIS2_PLACEMENT_3D('',#11122,#11123,#11124);
#11122 = CARTESIAN_POINT('',(9.350034635307,0.,0.));
#11123 = DIRECTION('',(-1.,0.,0.));
#11124 = DIRECTION('',(0.,1.,0.));
#11125 = PCURVE('',#10510,#11126);
#11126 = DEFINITIONAL_REPRESENTATION('',(#11127),#11131);
#11127 = LINE('',#11128,#11129);
#11128 = CARTESIAN_POINT('',(6.28318530718,-9.996969163888E-02));
#11129 = VECTOR('',#11130,1.);
#11130 = DIRECTION('',(-1.,0.));
#11131 = ( GEOMETRIC_REPRESENTATION_CONTEXT(2) 
PARAMETRIC_REPRESENTATION_CONTEXT() REPRESENTATION_CONTEXT('2D SPACE',''
  ) );
#11132 = PCURVE('',#10619,#11133);
#11133 = DEFINITIONAL_REPRESENTATION('',(#11134),#11138);
#11134 = LINE('',#11135,#11136);
#11135 = CARTESIAN_POINT('',(3.14159265359,6.730034635307));
#11136 = VECTOR('',#11137,1.);
#11137 = DIRECTION('',(-1.,0.));
#11138 = ( GEOMETRIC_REPRESENTATION_CONTEXT(2) 
PARAMETRIC_REPRESENTATION_CONTEXT() REPRESENTATION_CONTEXT('2D SPACE',''
  ) );
#11139 = ORIENTED_EDGE('',*,*,#11140,.F.);
#11140 = EDGE_CURVE('',#11014,#11117,#11141,.T.);
#11141 = SURFACE_CURVE('',#11142,(#11147,#11154),.PCURVE_S1.);
#11142 = CIRCLE('',#11143,0.485);
#11143 = AXIS2_PLACEMENT_3D('',#11144,#11145,#11146);
#11144 = CARTESIAN_POINT('',(9.350034635307,0.,0.));
#11145 = DIRECTION('',(-1.,0.,0.));
#11146 = DIRECTION('',(0.,0.257731958763,0.966216454751));
#11147 = PCURVE('',#10510,#11148);
#11148 = DEFINITIONAL_REPRESENTATION('',(#11149),#11153);
#11149 = LINE('',#11150,#11151);
#11150 = CARTESIAN_POINT('',(7.593307511365,-9.996969163889E-02));
#11151 = VECTOR('',#11152,1.);
#11152 = DIRECTION('',(-1.,0.));
#11153 = ( GEOMETRIC_REPRESENTATION_CONTEXT(2) 
PARAMETRIC_REPRESENTATION_CONTEXT() REPRESENTATION_CONTEXT('2D SPACE',''
  ) );
#11154 = PCURVE('',#11080,#11155);
#11155 = DEFINITIONAL_REPRESENTATION('',(#11156),#11160);
#11156 = LINE('',#11157,#11158);
#11157 = CARTESIAN_POINT('',(4.451714857775,6.730034635307));
#11158 = VECTOR('',#11159,1.);
#11159 = DIRECTION('',(-1.,0.));
#11160 = ( GEOMETRIC_REPRESENTATION_CONTEXT(2) 
PARAMETRIC_REPRESENTATION_CONTEXT() REPRESENTATION_CONTEXT('2D SPACE',''
  ) );
#11161 = ORIENTED_EDGE('',*,*,#11013,.T.);
#11162 = ORIENTED_EDGE('',*,*,#10489,.T.);
#11163 = ORIENTED_EDGE('',*,*,#10631,.T.);
#11164 = ADVANCED_FACE('',(#11165),#10619,.F.);
#11165 = FACE_BOUND('',#11166,.F.);
#11166 = EDGE_LOOP('',(#11167,#11168,#11169,#11193,#11216,#11245,#11266,
    #11267));
#11167 = ORIENTED_EDGE('',*,*,#10708,.F.);
#11168 = ORIENTED_EDGE('',*,*,#10814,.T.);
#11169 = ORIENTED_EDGE('',*,*,#11170,.T.);
#11170 = EDGE_CURVE('',#10759,#11171,#11173,.T.);
#11171 = VERTEX_POINT('',#11172);
#11172 = CARTESIAN_POINT('',(9.35000288463,-0.484995000079,
    6.254748577629E-07));
#11173 = SURFACE_CURVE('',#11174,(#11179,#11186),.PCURVE_S1.);
#11174 = CIRCLE('',#11175,0.485);
#11175 = AXIS2_PLACEMENT_3D('',#11176,#11177,#11178);
#11176 = CARTESIAN_POINT('',(9.350034635307,0.,0.));
#11177 = DIRECTION('',(-1.,0.,0.));
#11178 = DIRECTION('',(-0.,-0.257731958763,-0.966216454751));
#11179 = PCURVE('',#10619,#11180);
#11180 = DEFINITIONAL_REPRESENTATION('',(#11181),#11185);
#11181 = LINE('',#11182,#11183);
#11182 = CARTESIAN_POINT('',(1.310122204185,6.730034635307));
#11183 = VECTOR('',#11184,1.);
#11184 = DIRECTION('',(-1.,0.));
#11185 = ( GEOMETRIC_REPRESENTATION_CONTEXT(2) 
PARAMETRIC_REPRESENTATION_CONTEXT() REPRESENTATION_CONTEXT('2D SPACE',''
  ) );
#11186 = PCURVE('',#10780,#11187);
#11187 = DEFINITIONAL_REPRESENTATION('',(#11188),#11192);
#11188 = LINE('',#11189,#11190);
#11189 = CARTESIAN_POINT('',(4.451714857775,-9.996969163889E-02));
#11190 = VECTOR('',#11191,1.);
#11191 = DIRECTION('',(-1.,3.669468022672E-17));
#11192 = ( GEOMETRIC_REPRESENTATION_CONTEXT(2) 
PARAMETRIC_REPRESENTATION_CONTEXT() REPRESENTATION_CONTEXT('2D SPACE',''
  ) );
#11193 = ORIENTED_EDGE('',*,*,#11194,.F.);
#11194 = EDGE_CURVE('',#11195,#11171,#11197,.T.);
#11195 = VERTEX_POINT('',#11196);
#11196 = CARTESIAN_POINT('',(6.35,-0.485,0.));
#11197 = SURFACE_CURVE('',#11198,(#11202,#11209),.PCURVE_S1.);
#11198 = LINE('',#11199,#11200);
#11199 = CARTESIAN_POINT('',(6.35,-0.485,0.));
#11200 = VECTOR('',#11201,1.);
#11201 = DIRECTION('',(0.999999999999,1.666638687729E-06,
    2.0849141882E-07));
#11202 = PCURVE('',#10619,#11203);
#11203 = DEFINITIONAL_REPRESENTATION('',(#11204),#11208);
#11204 = LINE('',#11205,#11206);
#11205 = CARTESIAN_POINT('',(0.,3.73));
#11206 = VECTOR('',#11207,1.);
#11207 = DIRECTION('',(-4.298836456649E-07,1.));
#11208 = ( GEOMETRIC_REPRESENTATION_CONTEXT(2) 
PARAMETRIC_REPRESENTATION_CONTEXT() REPRESENTATION_CONTEXT('2D SPACE',''
  ) );
#11209 = PCURVE('',#11080,#11210);
#11210 = DEFINITIONAL_REPRESENTATION('',(#11211),#11215);
#11211 = LINE('',#11212,#11213);
#11212 = CARTESIAN_POINT('',(6.28318530718,3.73));
#11213 = VECTOR('',#11214,1.);
#11214 = DIRECTION('',(-4.298836456649E-07,1.));
#11215 = ( GEOMETRIC_REPRESENTATION_CONTEXT(2) 
PARAMETRIC_REPRESENTATION_CONTEXT() REPRESENTATION_CONTEXT('2D SPACE',''
  ) );
#11216 = ORIENTED_EDGE('',*,*,#11217,.F.);
#11217 = EDGE_CURVE('',#11218,#11195,#11220,.T.);
#11218 = VERTEX_POINT('',#11219);
#11219 = CARTESIAN_POINT('',(6.35,0.485,0.));
#11220 = SURFACE_CURVE('',#11221,(#11226,#11233),.PCURVE_S1.);
#11221 = CIRCLE('',#11222,0.485);
#11222 = AXIS2_PLACEMENT_3D('',#11223,#11224,#11225);
#11223 = CARTESIAN_POINT('',(6.35,0.,0.));
#11224 = DIRECTION('',(-1.,0.,0.));
#11225 = DIRECTION('',(0.,1.,0.));
#11226 = PCURVE('',#10619,#11227);
#11227 = DEFINITIONAL_REPRESENTATION('',(#11228),#11232);
#11228 = LINE('',#11229,#11230);
#11229 = CARTESIAN_POINT('',(3.14159265359,3.73));
#11230 = VECTOR('',#11231,1.);
#11231 = DIRECTION('',(-1.,0.));
#11232 = ( GEOMETRIC_REPRESENTATION_CONTEXT(2) 
PARAMETRIC_REPRESENTATION_CONTEXT() REPRESENTATION_CONTEXT('2D SPACE',''
  ) );
#11233 = PCURVE('',#11234,#11239);
#11234 = CONICAL_SURFACE('',#11235,0.24735,1.047197551196);
#11235 = AXIS2_PLACEMENT_3D('',#11236,#11237,#11238);
#11236 = CARTESIAN_POINT('',(6.212792708527,0.,0.));
#11237 = DIRECTION('',(1.,0.,0.));
#11238 = DIRECTION('',(0.,-1.,0.));
#11239 = DEFINITIONAL_REPRESENTATION('',(#11240),#11244);
#11240 = LINE('',#11241,#11242);
#11241 = CARTESIAN_POINT('',(3.14159265359,0.137207291473));
#11242 = VECTOR('',#11243,1.);
#11243 = DIRECTION('',(-1.,0.));
#11244 = ( GEOMETRIC_REPRESENTATION_CONTEXT(2) 
PARAMETRIC_REPRESENTATION_CONTEXT() REPRESENTATION_CONTEXT('2D SPACE',''
  ) );
#11245 = ORIENTED_EDGE('',*,*,#11246,.T.);
#11246 = EDGE_CURVE('',#11218,#11117,#11247,.T.);
#11247 = SURFACE_CURVE('',#11248,(#11252,#11259),.PCURVE_S1.);
#11248 = LINE('',#11249,#11250);
#11249 = CARTESIAN_POINT('',(6.35,0.485,0.));
#11250 = VECTOR('',#11251,1.);
#11251 = DIRECTION('',(0.999999999999,-1.666638687766E-06,
    -2.084905916312E-07));
#11252 = PCURVE('',#10619,#11253);
#11253 = DEFINITIONAL_REPRESENTATION('',(#11254),#11258);
#11254 = LINE('',#11255,#11256);
#11255 = CARTESIAN_POINT('',(3.14159265359,3.73));
#11256 = VECTOR('',#11257,1.);
#11257 = DIRECTION('',(-4.298819402159E-07,1.));
#11258 = ( GEOMETRIC_REPRESENTATION_CONTEXT(2) 
PARAMETRIC_REPRESENTATION_CONTEXT() REPRESENTATION_CONTEXT('2D SPACE',''
  ) );
#11259 = PCURVE('',#11080,#11260);
#11260 = DEFINITIONAL_REPRESENTATION('',(#11261),#11265);
#11261 = LINE('',#11262,#11263);
#11262 = CARTESIAN_POINT('',(3.14159265359,3.73));
#11263 = VECTOR('',#11264,1.);
#11264 = DIRECTION('',(-4.298819402159E-07,1.));
#11265 = ( GEOMETRIC_REPRESENTATION_CONTEXT(2) 
PARAMETRIC_REPRESENTATION_CONTEXT() REPRESENTATION_CONTEXT('2D SPACE',''
  ) );
#11266 = ORIENTED_EDGE('',*,*,#11116,.T.);
#11267 = ORIENTED_EDGE('',*,*,#10603,.F.);
#11268 = ADVANCED_FACE('',(#11269),#10780,.F.);
#11269 = FACE_BOUND('',#11270,.F.);
#11270 = EDGE_LOOP('',(#11271,#11272,#11323,#11345,#11346));
#11271 = ORIENTED_EDGE('',*,*,#10896,.T.);
#11272 = ORIENTED_EDGE('',*,*,#11273,.T.);
#11273 = EDGE_CURVE('',#10869,#11274,#11276,.T.);
#11274 = VERTEX_POINT('',#11275);
#11275 = CARTESIAN_POINT('',(9.350034635307,-0.125,0.468614980554));
#11276 = SURFACE_CURVE('',#11277,(#11284,#11313),.PCURVE_S1.);
#11277 = B_SPLINE_CURVE_WITH_KNOTS('',3,(#11278,#11279,#11280,#11281,
    #11282,#11283),.UNSPECIFIED.,.F.,.F.,(4,1,1,4),(0.,0.333333333333,
    0.666666666667,1.),.UNSPECIFIED.);
#11278 = CARTESIAN_POINT('',(9.55,-0.125,0.58729000931));
#11279 = CARTESIAN_POINT('',(9.526842197733,-0.125,0.573620918045));
#11280 = CARTESIAN_POINT('',(9.481149675168,-0.125,0.546609268653));
#11281 = CARTESIAN_POINT('',(9.414456966541,-0.125,0.507039734646));
#11282 = CARTESIAN_POINT('',(9.3712943065,-0.125,0.481317901079));
#11283 = CARTESIAN_POINT('',(9.350034635307,-0.125,0.468614980554));
#11284 = PCURVE('',#10780,#11285);
#11285 = DEFINITIONAL_REPRESENTATION('',(#11286),#11312);
#11286 = B_SPLINE_CURVE_WITH_KNOTS('',3,(#11287,#11288,#11289,#11290,
    #11291,#11292,#11293,#11294,#11295,#11296,#11297,#11298,#11299,
    #11300,#11301,#11302,#11303,#11304,#11305,#11306,#11307,#11308,
    #11309,#11310,#11311),.UNSPECIFIED.,.F.,.F.,(4,1,1,1,1,1,1,1,1,1,1,1
    ,1,1,1,1,1,1,1,1,1,1,4),(0.,4.545454545455E-02,9.090909090909E-02,
    0.136363636364,0.181818181818,0.227272727273,0.272727272727,
    0.318181818182,0.363636363636,0.409090909091,0.454545454545,0.5,
    0.545454545455,0.590909090909,0.636363636364,0.681818181818,
    0.727272727273,0.772727272727,0.818181818182,0.863636363636,
    0.909090909091,0.954545454545,1.),.QUASI_UNIFORM_KNOTS.);
#11287 = CARTESIAN_POINT('',(1.780508953101,9.999567305408E-02));
#11288 = CARTESIAN_POINT('',(1.781155205837,9.683779097266E-02));
#11289 = CARTESIAN_POINT('',(1.782457373418,9.053361379825E-02));
#11290 = CARTESIAN_POINT('',(1.784440274315,8.111204894652E-02));
#11291 = CARTESIAN_POINT('',(1.786453480338,7.172512479132E-02));
#11292 = CARTESIAN_POINT('',(1.788497673677,6.237278167192E-02));
#11293 = CARTESIAN_POINT('',(1.790573554612,5.305496127881E-02));
#11294 = CARTESIAN_POINT('',(1.792681845538,4.377160287646E-02));
#11295 = CARTESIAN_POINT('',(1.794823287762,3.452265774714E-02));
#11296 = CARTESIAN_POINT('',(1.796998654889,2.530803533201E-02));
#11297 = CARTESIAN_POINT('',(1.799208685939,1.612789761637E-02));
#11298 = CARTESIAN_POINT('',(1.801454111574,6.982526178519E-03));
#11299 = CARTESIAN_POINT('',(1.803735688018,-2.1278254675E-03));
#11300 = CARTESIAN_POINT('',(1.806054189562,-1.120289605751E-02));
#11301 = CARTESIAN_POINT('',(1.808410410608,-2.024242372588E-02));
#11302 = CARTESIAN_POINT('',(1.810805168471,-2.924615311225E-02));
#11303 = CARTESIAN_POINT('',(1.813239293728,-3.821379966906E-02));
#11304 = CARTESIAN_POINT('',(1.815713673083,-4.714519682061E-02));
#11305 = CARTESIAN_POINT('',(1.818229294085,-5.604042817624E-02));
#11306 = CARTESIAN_POINT('',(1.820787163646,-6.489953404253E-02));
#11307 = CARTESIAN_POINT('',(1.82338832401,-7.372256511901E-02));
#11308 = CARTESIAN_POINT('',(1.826033851243,-8.250956802476E-02));
#11309 = CARTESIAN_POINT('',(1.828724852886,-9.126058925749E-02));
#11310 = CARTESIAN_POINT('',(1.830549942151,-9.707064547293E-02));
#11311 = CARTESIAN_POINT('',(1.831470449405,-9.996969163888E-02));
#11312 = ( GEOMETRIC_REPRESENTATION_CONTEXT(2) 
PARAMETRIC_REPRESENTATION_CONTEXT() REPRESENTATION_CONTEXT('2D SPACE',''
  ) );
#11313 = PCURVE('',#10884,#11314);
#11314 = DEFINITIONAL_REPRESENTATION('',(#11315),#11322);
#11315 = B_SPLINE_CURVE_WITH_KNOTS('',3,(#11316,#11317,#11318,#11319,
    #11320,#11321),.UNSPECIFIED.,.F.,.F.,(4,1,1,4),(0.,0.333333333333,
    0.666666666667,1.),.UNSPECIFIED.);
#11316 = CARTESIAN_POINT('',(0.475231532958,0.));
#11317 = CARTESIAN_POINT('',(0.488900624223,-2.3157802267E-02));
#11318 = CARTESIAN_POINT('',(0.515912273615,-6.8850324832E-02));
#11319 = CARTESIAN_POINT('',(0.555481807622,-0.135543033459));
#11320 = CARTESIAN_POINT('',(0.581203641189,-0.1787056935));
#11321 = CARTESIAN_POINT('',(0.593906561714,-0.199965364693));
#11322 = ( GEOMETRIC_REPRESENTATION_CONTEXT(2) 
PARAMETRIC_REPRESENTATION_CONTEXT() REPRESENTATION_CONTEXT('2D SPACE',''
  ) );
#11323 = ORIENTED_EDGE('',*,*,#11324,.F.);
#11324 = EDGE_CURVE('',#11171,#11274,#11325,.T.);
#11325 = SURFACE_CURVE('',#11326,(#11331,#11338),.PCURVE_S1.);
#11326 = CIRCLE('',#11327,0.485);
#11327 = AXIS2_PLACEMENT_3D('',#11328,#11329,#11330);
#11328 = CARTESIAN_POINT('',(9.350034635307,0.,0.));
#11329 = DIRECTION('',(-1.,0.,0.));
#11330 = DIRECTION('',(0.,-1.,0.));
#11331 = PCURVE('',#10780,#11332);
#11332 = DEFINITIONAL_REPRESENTATION('',(#11333),#11337);
#11333 = LINE('',#11334,#11335);
#11334 = CARTESIAN_POINT('',(3.14159265359,-9.996969163888E-02));
#11335 = VECTOR('',#11336,1.);
#11336 = DIRECTION('',(-1.,-1.834737623474E-17));
#11337 = ( GEOMETRIC_REPRESENTATION_CONTEXT(2) 
PARAMETRIC_REPRESENTATION_CONTEXT() REPRESENTATION_CONTEXT('2D SPACE',''
  ) );
#11338 = PCURVE('',#11080,#11339);
#11339 = DEFINITIONAL_REPRESENTATION('',(#11340),#11344);
#11340 = LINE('',#11341,#11342);
#11341 = CARTESIAN_POINT('',(6.28318530718,6.730034635307));
#11342 = VECTOR('',#11343,1.);
#11343 = DIRECTION('',(-1.,0.));
#11344 = ( GEOMETRIC_REPRESENTATION_CONTEXT(2) 
PARAMETRIC_REPRESENTATION_CONTEXT() REPRESENTATION_CONTEXT('2D SPACE',''
  ) );
#11345 = ORIENTED_EDGE('',*,*,#11170,.F.);
#11346 = ORIENTED_EDGE('',*,*,#10758,.T.);
#11347 = ADVANCED_FACE('',(#11348),#10884,.F.);
#11348 = FACE_BOUND('',#11349,.F.);
#11349 = EDGE_LOOP('',(#11350,#11351,#11374,#11395,#11396));
#11350 = ORIENTED_EDGE('',*,*,#10987,.T.);
#11351 = ORIENTED_EDGE('',*,*,#11352,.T.);
#11352 = EDGE_CURVE('',#10955,#11353,#11355,.T.);
#11353 = VERTEX_POINT('',#11354);
#11354 = CARTESIAN_POINT('',(7.35,-0.125,0.468614980554));
#11355 = SURFACE_CURVE('',#11356,(#11360,#11367),.PCURVE_S1.);
#11356 = LINE('',#11357,#11358);
#11357 = CARTESIAN_POINT('',(7.35,-0.125,0.622575296651));
#11358 = VECTOR('',#11359,1.);
#11359 = DIRECTION('',(-1.730663671429E-14,0.,-1.));
#11360 = PCURVE('',#10884,#11361);
#11361 = DEFINITIONAL_REPRESENTATION('',(#11362),#11366);
#11362 = LINE('',#11363,#11364);
#11363 = CARTESIAN_POINT('',(0.439946245617,-2.2));
#11364 = VECTOR('',#11365,1.);
#11365 = DIRECTION('',(1.,-1.730663671429E-14));
#11366 = ( GEOMETRIC_REPRESENTATION_CONTEXT(2) 
PARAMETRIC_REPRESENTATION_CONTEXT() REPRESENTATION_CONTEXT('2D SPACE',''
  ) );
#11367 = PCURVE('',#10971,#11368);
#11368 = DEFINITIONAL_REPRESENTATION('',(#11369),#11373);
#11369 = LINE('',#11370,#11371);
#11370 = CARTESIAN_POINT('',(-0.622575296651,-0.125));
#11371 = VECTOR('',#11372,1.);
#11372 = DIRECTION('',(1.,0.));
#11373 = ( GEOMETRIC_REPRESENTATION_CONTEXT(2) 
PARAMETRIC_REPRESENTATION_CONTEXT() REPRESENTATION_CONTEXT('2D SPACE',''
  ) );
#11374 = ORIENTED_EDGE('',*,*,#11375,.T.);
#11375 = EDGE_CURVE('',#11353,#11274,#11376,.T.);
#11376 = SURFACE_CURVE('',#11377,(#11381,#11388),.PCURVE_S1.);
#11377 = LINE('',#11378,#11379);
#11378 = CARTESIAN_POINT('',(7.35,-0.125,0.468614980554));
#11379 = VECTOR('',#11380,1.);
#11380 = DIRECTION('',(1.,0.,0.));
#11381 = PCURVE('',#10884,#11382);
#11382 = DEFINITIONAL_REPRESENTATION('',(#11383),#11387);
#11383 = LINE('',#11384,#11385);
#11384 = CARTESIAN_POINT('',(0.593906561714,-2.2));
#11385 = VECTOR('',#11386,1.);
#11386 = DIRECTION('',(0.,1.));
#11387 = ( GEOMETRIC_REPRESENTATION_CONTEXT(2) 
PARAMETRIC_REPRESENTATION_CONTEXT() REPRESENTATION_CONTEXT('2D SPACE',''
  ) );
#11388 = PCURVE('',#11080,#11389);
#11389 = DEFINITIONAL_REPRESENTATION('',(#11390),#11394);
#11390 = LINE('',#11391,#11392);
#11391 = CARTESIAN_POINT('',(4.973063102994,4.73));
#11392 = VECTOR('',#11393,1.);
#11393 = DIRECTION('',(0.,1.));
#11394 = ( GEOMETRIC_REPRESENTATION_CONTEXT(2) 
PARAMETRIC_REPRESENTATION_CONTEXT() REPRESENTATION_CONTEXT('2D SPACE',''
  ) );
#11395 = ORIENTED_EDGE('',*,*,#11273,.F.);
#11396 = ORIENTED_EDGE('',*,*,#10868,.F.);
#11397 = ADVANCED_FACE('',(#11398),#10971,.T.);
#11398 = FACE_BOUND('',#11399,.F.);
#11399 = EDGE_LOOP('',(#11400,#11401,#11402,#11424));
#11400 = ORIENTED_EDGE('',*,*,#10954,.T.);
#11401 = ORIENTED_EDGE('',*,*,#11092,.F.);
#11402 = ORIENTED_EDGE('',*,*,#11403,.T.);
#11403 = EDGE_CURVE('',#11065,#11353,#11404,.T.);
#11404 = SURFACE_CURVE('',#11405,(#11410,#11417),.PCURVE_S1.);
#11405 = CIRCLE('',#11406,0.485);
#11406 = AXIS2_PLACEMENT_3D('',#11407,#11408,#11409);
#11407 = CARTESIAN_POINT('',(7.35,0.,0.));
#11408 = DIRECTION('',(1.,0.,0.));
#11409 = DIRECTION('',(-0.,0.257731958763,0.966216454751));
#11410 = PCURVE('',#10971,#11411);
#11411 = DEFINITIONAL_REPRESENTATION('',(#11412),#11416);
#11412 = CIRCLE('',#11413,0.485);
#11413 = AXIS2_PLACEMENT_2D('',#11414,#11415);
#11414 = CARTESIAN_POINT('',(0.,0.));
#11415 = DIRECTION('',(-0.966216454751,0.257731958763));
#11416 = ( GEOMETRIC_REPRESENTATION_CONTEXT(2) 
PARAMETRIC_REPRESENTATION_CONTEXT() REPRESENTATION_CONTEXT('2D SPACE',''
  ) );
#11417 = PCURVE('',#11080,#11418);
#11418 = DEFINITIONAL_REPRESENTATION('',(#11419),#11423);
#11419 = LINE('',#11420,#11421);
#11420 = CARTESIAN_POINT('',(4.451714857775,4.73));
#11421 = VECTOR('',#11422,1.);
#11422 = DIRECTION('',(1.,0.));
#11423 = ( GEOMETRIC_REPRESENTATION_CONTEXT(2) 
PARAMETRIC_REPRESENTATION_CONTEXT() REPRESENTATION_CONTEXT('2D SPACE',''
  ) );
#11424 = ORIENTED_EDGE('',*,*,#11352,.F.);
#11425 = ADVANCED_FACE('',(#11426),#11080,.F.);
#11426 = FACE_BOUND('',#11427,.F.);
#11427 = EDGE_LOOP('',(#11428,#11429,#11430,#11431,#11432,#11459,#11460,
    #11461));
#11428 = ORIENTED_EDGE('',*,*,#11403,.F.);
#11429 = ORIENTED_EDGE('',*,*,#11064,.T.);
#11430 = ORIENTED_EDGE('',*,*,#11140,.T.);
#11431 = ORIENTED_EDGE('',*,*,#11246,.F.);
#11432 = ORIENTED_EDGE('',*,*,#11433,.T.);
#11433 = EDGE_CURVE('',#11218,#11195,#11434,.T.);
#11434 = SURFACE_CURVE('',#11435,(#11440,#11447),.PCURVE_S1.);
#11435 = CIRCLE('',#11436,0.485);
#11436 = AXIS2_PLACEMENT_3D('',#11437,#11438,#11439);
#11437 = CARTESIAN_POINT('',(6.35,0.,0.));
#11438 = DIRECTION('',(1.,0.,0.));
#11439 = DIRECTION('',(-0.,1.,0.));
#11440 = PCURVE('',#11080,#11441);
#11441 = DEFINITIONAL_REPRESENTATION('',(#11442),#11446);
#11442 = LINE('',#11443,#11444);
#11443 = CARTESIAN_POINT('',(3.14159265359,3.73));
#11444 = VECTOR('',#11445,1.);
#11445 = DIRECTION('',(1.,0.));
#11446 = ( GEOMETRIC_REPRESENTATION_CONTEXT(2) 
PARAMETRIC_REPRESENTATION_CONTEXT() REPRESENTATION_CONTEXT('2D SPACE',''
  ) );
#11447 = PCURVE('',#11448,#11453);
#11448 = CONICAL_SURFACE('',#11449,0.24735,1.047197551196);
#11449 = AXIS2_PLACEMENT_3D('',#11450,#11451,#11452);
#11450 = CARTESIAN_POINT('',(6.212792708527,0.,0.));
#11451 = DIRECTION('',(1.,0.,0.));
#11452 = DIRECTION('',(0.,-1.,0.));
#11453 = DEFINITIONAL_REPRESENTATION('',(#11454),#11458);
#11454 = LINE('',#11455,#11456);
#11455 = CARTESIAN_POINT('',(3.14159265359,0.137207291473));
#11456 = VECTOR('',#11457,1.);
#11457 = DIRECTION('',(1.,0.));
#11458 = ( GEOMETRIC_REPRESENTATION_CONTEXT(2) 
PARAMETRIC_REPRESENTATION_CONTEXT() REPRESENTATION_CONTEXT('2D SPACE',''
  ) );
#11459 = ORIENTED_EDGE('',*,*,#11194,.T.);
#11460 = ORIENTED_EDGE('',*,*,#11324,.T.);
#11461 = ORIENTED_EDGE('',*,*,#11375,.F.);
#11462 = ADVANCED_FACE('',(#11463),#11448,.F.);
#11463 = FACE_BOUND('',#11464,.F.);
#11464 = EDGE_LOOP('',(#11465,#11532,#11553));
#11465 = ORIENTED_EDGE('',*,*,#11466,.F.);
#11466 = EDGE_CURVE('',#11467,#11218,#11469,.T.);
#11467 = VERTEX_POINT('',#11468);
#11468 = CARTESIAN_POINT('',(6.069985119443,0.,0.));
#11469 = SURFACE_CURVE('',#11470,(#11474,#11503),.PCURVE_S1.);
#11470 = LINE('',#11471,#11472);
#11471 = CARTESIAN_POINT('',(6.069985119443,0.,0.));
#11472 = VECTOR('',#11473,1.);
#11473 = DIRECTION('',(0.5,0.866025403784,0.));
#11474 = PCURVE('',#11448,#11475);
#11475 = DEFINITIONAL_REPRESENTATION('',(#11476),#11502);
#11476 = B_SPLINE_CURVE_WITH_KNOTS('',3,(#11477,#11478,#11479,#11480,
    #11481,#11482,#11483,#11484,#11485,#11486,#11487,#11488,#11489,
    #11490,#11491,#11492,#11493,#11494,#11495,#11496,#11497,#11498,
    #11499,#11500,#11501),.UNSPECIFIED.,.F.,.F.,(4,1,1,1,1,1,1,1,1,1,1,1
    ,1,1,1,1,1,1,1,1,1,1,4),(0.,2.545589823245E-02,5.09117964649E-02,
    7.636769469736E-02,0.10182359293,0.127279491162,0.152735389395,
    0.178191287627,0.20364718586,0.229103084092,0.254558982325,
    0.280014880557,0.305470778789,0.330926677022,0.356382575254,
    0.381838473487,0.407294371719,0.432750269952,0.458206168184,
    0.483662066417,0.509117964649,0.534573862881,0.560029761114),
  .QUASI_UNIFORM_KNOTS.);
#11477 = CARTESIAN_POINT('',(3.14159265359,-0.142807589084));
#11478 = CARTESIAN_POINT('',(3.14159265359,-0.138564939379));
#11479 = CARTESIAN_POINT('',(3.14159265359,-0.130079639968));
#11480 = CARTESIAN_POINT('',(3.14159265359,-0.117351690852));
#11481 = CARTESIAN_POINT('',(3.14159265359,-0.104623741735));
#11482 = CARTESIAN_POINT('',(3.14159265359,-9.189579261917E-02));
#11483 = CARTESIAN_POINT('',(3.14159265359,-7.916784350294E-02));
#11484 = CARTESIAN_POINT('',(3.14159265359,-6.643989438671E-02));
#11485 = CARTESIAN_POINT('',(3.14159265359,-5.371194527048E-02));
#11486 = CARTESIAN_POINT('',(3.14159265359,-4.098399615424E-02));
#11487 = CARTESIAN_POINT('',(3.14159265359,-2.825604703801E-02));
#11488 = CARTESIAN_POINT('',(3.14159265359,-1.552809792178E-02));
#11489 = CARTESIAN_POINT('',(3.14159265359,-2.800148805553E-03));
#11490 = CARTESIAN_POINT('',(3.14159265359,9.927800310677E-03));
#11491 = CARTESIAN_POINT('',(3.14159265359,2.265574942691E-02));
#11492 = CARTESIAN_POINT('',(3.14159265359,3.538369854314E-02));
#11493 = CARTESIAN_POINT('',(3.14159265359,4.811164765937E-02));
#11494 = CARTESIAN_POINT('',(3.14159265359,6.08395967756E-02));
#11495 = CARTESIAN_POINT('',(3.14159265359,7.356754589183E-02));
#11496 = CARTESIAN_POINT('',(3.14159265359,8.629549500806E-02));
#11497 = CARTESIAN_POINT('',(3.14159265359,9.902344412429E-02));
#11498 = CARTESIAN_POINT('',(3.14159265359,0.111751393241));
#11499 = CARTESIAN_POINT('',(3.14159265359,0.124479342357));
#11500 = CARTESIAN_POINT('',(3.14159265359,0.132964641768));
#11501 = CARTESIAN_POINT('',(3.14159265359,0.137207291473));
#11502 = ( GEOMETRIC_REPRESENTATION_CONTEXT(2) 
PARAMETRIC_REPRESENTATION_CONTEXT() REPRESENTATION_CONTEXT('2D SPACE',''
  ) );
#11503 = PCURVE('',#11234,#11504);
#11504 = DEFINITIONAL_REPRESENTATION('',(#11505),#11531);
#11505 = B_SPLINE_CURVE_WITH_KNOTS('',3,(#11506,#11507,#11508,#11509,
    #11510,#11511,#11512,#11513,#11514,#11515,#11516,#11517,#11518,
    #11519,#11520,#11521,#11522,#11523,#11524,#11525,#11526,#11527,
    #11528,#11529,#11530),.UNSPECIFIED.,.F.,.F.,(4,1,1,1,1,1,1,1,1,1,1,1
    ,1,1,1,1,1,1,1,1,1,1,4),(0.,2.545589823245E-02,5.09117964649E-02,
    7.636769469736E-02,0.10182359293,0.127279491162,0.152735389395,
    0.178191287627,0.20364718586,0.229103084092,0.254558982325,
    0.280014880557,0.305470778789,0.330926677022,0.356382575254,
    0.381838473487,0.407294371719,0.432750269952,0.458206168184,
    0.483662066417,0.509117964649,0.534573862881,0.560029761114),
  .QUASI_UNIFORM_KNOTS.);
#11506 = CARTESIAN_POINT('',(3.14159265359,-0.142807589084));
#11507 = CARTESIAN_POINT('',(3.14159265359,-0.138564939379));
#11508 = CARTESIAN_POINT('',(3.14159265359,-0.130079639968));
#11509 = CARTESIAN_POINT('',(3.14159265359,-0.117351690852));
#11510 = CARTESIAN_POINT('',(3.14159265359,-0.104623741735));
#11511 = CARTESIAN_POINT('',(3.14159265359,-9.189579261917E-02));
#11512 = CARTESIAN_POINT('',(3.14159265359,-7.916784350294E-02));
#11513 = CARTESIAN_POINT('',(3.14159265359,-6.643989438671E-02));
#11514 = CARTESIAN_POINT('',(3.14159265359,-5.371194527048E-02));
#11515 = CARTESIAN_POINT('',(3.14159265359,-4.098399615424E-02));
#11516 = CARTESIAN_POINT('',(3.14159265359,-2.825604703801E-02));
#11517 = CARTESIAN_POINT('',(3.14159265359,-1.552809792178E-02));
#11518 = CARTESIAN_POINT('',(3.14159265359,-2.800148805553E-03));
#11519 = CARTESIAN_POINT('',(3.14159265359,9.927800310677E-03));
#11520 = CARTESIAN_POINT('',(3.14159265359,2.265574942691E-02));
#11521 = CARTESIAN_POINT('',(3.14159265359,3.538369854314E-02));
#11522 = CARTESIAN_POINT('',(3.14159265359,4.811164765937E-02));
#11523 = CARTESIAN_POINT('',(3.14159265359,6.08395967756E-02));
#11524 = CARTESIAN_POINT('',(3.14159265359,7.356754589183E-02));
#11525 = CARTESIAN_POINT('',(3.14159265359,8.629549500806E-02));
#11526 = CARTESIAN_POINT('',(3.14159265359,9.902344412429E-02));
#11527 = CARTESIAN_POINT('',(3.14159265359,0.111751393241));
#11528 = CARTESIAN_POINT('',(3.14159265359,0.124479342357));
#11529 = CARTESIAN_POINT('',(3.14159265359,0.132964641768));
#11530 = CARTESIAN_POINT('',(3.14159265359,0.137207291473));
#11531 = ( GEOMETRIC_REPRESENTATION_CONTEXT(2) 
PARAMETRIC_REPRESENTATION_CONTEXT() REPRESENTATION_CONTEXT('2D SPACE',''
  ) );
#11532 = ORIENTED_EDGE('',*,*,#11533,.T.);
#11533 = EDGE_CURVE('',#11467,#11195,#11534,.T.);
#11534 = SURFACE_CURVE('',#11535,(#11539,#11546),.PCURVE_S1.);
#11535 = LINE('',#11536,#11537);
#11536 = CARTESIAN_POINT('',(6.069985119443,0.,0.));
#11537 = VECTOR('',#11538,1.);
#11538 = DIRECTION('',(0.5,-0.866025403784,0.));
#11539 = PCURVE('',#11448,#11540);
#11540 = DEFINITIONAL_REPRESENTATION('',(#11541),#11545);
#11541 = LINE('',#11542,#11543);
#11542 = CARTESIAN_POINT('',(6.28318530718,-0.142807589084));
#11543 = VECTOR('',#11544,1.);
#11544 = DIRECTION('',(0.,1.));
#11545 = ( GEOMETRIC_REPRESENTATION_CONTEXT(2) 
PARAMETRIC_REPRESENTATION_CONTEXT() REPRESENTATION_CONTEXT('2D SPACE',''
  ) );
#11546 = PCURVE('',#11234,#11547);
#11547 = DEFINITIONAL_REPRESENTATION('',(#11548),#11552);
#11548 = LINE('',#11549,#11550);
#11549 = CARTESIAN_POINT('',(0.,-0.142807589084));
#11550 = VECTOR('',#11551,1.);
#11551 = DIRECTION('',(0.,1.));
#11552 = ( GEOMETRIC_REPRESENTATION_CONTEXT(2) 
PARAMETRIC_REPRESENTATION_CONTEXT() REPRESENTATION_CONTEXT('2D SPACE',''
  ) );
#11553 = ORIENTED_EDGE('',*,*,#11433,.F.);
#11554 = ADVANCED_FACE('',(#11555),#11234,.F.);
#11555 = FACE_BOUND('',#11556,.F.);
#11556 = EDGE_LOOP('',(#11557,#11558,#11559));
#11557 = ORIENTED_EDGE('',*,*,#11466,.T.);
#11558 = ORIENTED_EDGE('',*,*,#11217,.T.);
#11559 = ORIENTED_EDGE('',*,*,#11533,.F.);
#11560 = ( GEOMETRIC_REPRESENTATION_CONTEXT(3) 
GLOBAL_UNCERTAINTY_ASSIGNED_CONTEXT((#11564)) 
GLOBAL_UNIT_ASSIGNED_CONTEXT((#11561,#11562,#11563)) 
REPRESENTATION_CONTEXT('Context #1',
  '3D Context with UNIT and UNCERTAINTY') );
#11561 = ( LENGTH_UNIT() NAMED_UNIT(*) SI_UNIT(.MILLI.,.METRE.) );
#11562 = ( NAMED_UNIT(*) PLANE_ANGLE_UNIT() SI_UNIT($,.RADIAN.) );
#11563 = ( NAMED_UNIT(*) SI_UNIT($,.STERADIAN.) SOLID_ANGLE_UNIT() );
#11564 = UNCERTAINTY_MEASURE_WITH_UNIT(LENGTH_MEASURE(1.E-05),#11561,
  'distance_accuracy_value','confusion accuracy');
#11565 = PRODUCT_RELATED_PRODUCT_CATEGORY('part',$,(#7));
#11566 = MECHANICAL_DESIGN_GEOMETRIC_PRESENTATION_REPRESENTATION('',(
    #11567),#11560);
#11567 = STYLED_ITEM('color',(#11568),#15);
#11568 = PRESENTATION_STYLE_ASSIGNMENT((#11569,#11575));
#11569 = SURFACE_STYLE_USAGE(.BOTH.,#11570);
#11570 = SURFACE_SIDE_STYLE('',(#11571));
#11571 = SURFACE_STYLE_FILL_AREA(#11572);
#11572 = FILL_AREA_STYLE('',(#11573));
#11573 = FILL_AREA_STYLE_COLOUR('',#11574);
#11574 = COLOUR_RGB('',1.,1.,0.498039215105);
#11575 = CURVE_STYLE('',#11576,POSITIVE_LENGTH_MEASURE(0.1),#11577);
#11576 = DRAUGHTING_PRE_DEFINED_CURVE_FONT('continuous');
#11577 = COLOUR_RGB('',9.803921802644E-02,9.803921802644E-02,
  9.803921802644E-02);
ENDSEC;
END-ISO-10303-21;
